1 21 385 535 353 97 618 19 31 41 103 34 27
2 21 1293 337 461 622 975 42 50 149 200 33 27
3 21 288 144 143 182 324 145 97 1091 20 33 27
4 21 94 586 88 119 173 19 27 26 44 33 27
5 21 485 939 778 221 476 371 219 406 103 33 27
6 21 144 220 138 62 1024 19 24 19 5 33 27
7 21 138 867 346 590 440 449 670 1926 58 33 27
8 21 250 362 395 190 410 21 32 258 78 33 27
9 21 187 124 348 120 178 22 104 228 15 33 27
10 21 483 732 653 267 529 22 27 71 21 33 27
11 21 125 174 120 189 600 33 23 805 120 33 27
12 22 365 906 501 446 190 44 38 273 122 34 27
13 21 71 816 179 180 191 45 58 27 84 33 27
14 21 2005 2005 2005 1287 2005 1224 1399 2005 560 33 27
15 21 894 1487 559 688 880 636 156 121 108 33 27
16 21 164 228 154 85 178 27 87 524 103 33 27
17 21 2005 2005 2005 1648 2005 2005 1762 2005 877 33 27
18 21 785 1212 126 184 295 499 356 499 121 33 27
19 21 246 158 354 432 213 499 138 56 5 33 27
20 21 916 586 749 478 141 2006 2006 2006 236 31 26
21 21 2005 2005 2005 2005 2005 2005 2005 2005 901 33 27
22 21 109 617 337 108 734 141 30 25 9 33 27
23 21 428 437 142 270 760 228 46 26 181 33 27
24 21 753 1769 187 204 1115 26 37 37 161 33 27
25 21 162 728 117 127 253 24 24 42 76 33 27
26 21 88 161 297 223 887 19 32 127 53 33 27
27 21 2005 2005 2005 499 1565 2005 1968 936 261 33 27
28 22 613 1695 220 322 1282 2005 2005 1260 62 33 27
29 21 146 143 96 114 158 16 27 23 28 33 27
30 21 307 659 472 173 131 60 1 28 26 33 27
31 21 515 359 146 773 559 728 535 434 85 33 27
32 21 172 535 441 459 789 591 49 305 74 33 27
33 21 362 482 648 244 694 77 338 25 33 33 27
34 21 167 1379 178 223 1036 103 67 783 20 33 27
35 21 113 179 515 70 953 22 29 24 10 33 27
36 21 417 342 169 337 369 27 43 36 20 33 27
37 21 195 524 494 199 180 24 34 231 7 33 27
38 22 690 927 409 1156 631 62 1 797 98 33 27
39 21 341 1809 163 126 735 22 48 184 366 33 27
40 21 435 149 291 236 663 102 25 614 57 33 27
41 21 151 936 477 133 93 1003 53 192 11 33 27
42 21 533 714 174 395 340 209 35 19 9 33 27
43 21 140 363 193 142 166 22 49 26 42 33 27
44 21 240 287 331 157 260 25 41 29 39 33 27
45 22 801 1170 1644 1248 974 244 1002 1484 327 33 27
46 22 1196 2005 1516 854 1037 486 278 252 166 33 27
47 21 2005 2005 2005 1135 1968 2005 2005 2005 169 33 27
48 22 197 221 202 235 682 28 39 35 23 33 27
49 21 214 226 137 130 84 120 81 26 19 33 27
50 21 284 805 596 260 1719 22 40 21 71 33 27
51 22 332 379 332 89 404 26 1 27 49 33 27
52 21 451 686 1246 263 523 819 285 54 22 33 27
53 21 248 201 223 85 594 205 52 1106 172 33 27
54 22 201 196 417 247 171 679 233 254 24 33 27
55 22 249 366 104 187 257 27 32 31 21 33 27
56 21 212 183 125 247 510 23 143 68 37 33 27
57 21 114 264 185 228 586 22 40 39 14 33 27
58 22 1453 1856 2006 1978 2006 981 1046 893 172 33 27
59 21 417 1081 354 249 1245 24 30 29 68 33 27
60 21 811 571 250 293 651 57 511 711 203 33 27
61 21 1037 327 296 726 315 59 110 49 248 33 27
62 21 2006 2006 2006 766 1214 601 582 1805 406 34 27
63 21 130 302 128 197 247 43 28 24 64 33 27
64 21 694 2006 773 275 910 782 2007 675 265 33 27
65 21 345 293 1382 694 287 155 390 169 85 33 27
66 21 296 1603 469 401 638 49 395 98 74 33 27
67 21 143 1163 258 291 90 420 190 573 181 33 27
68 21 140 499 1364 182 129 782 241 25 18 33 27
69 21 106 234 258 243 1189 27 261 730 14 33 27
70 21 839 1285 305 280 497 330 46 22 42 33 27
71 21 1208 1379 2006 576 1186 2006 2006 2006 76 33 27
72 21 147 595 475 105 438 24 39 24 15 33 27
73 21 2006 2006 969 1150 2006 1449 592 2006 424 33 27
74 21 223 426 143 119 221 26 42 33 45 33 27
75 21 343 172 180 203 286 16 20 30 21 33 27
76 21 417 805 1558 165 86 255 431 106 28 33 27
77 21 1529 2006 1331 96 140 36 89 30 223 33 27
78 21 282 2006 139 300 449 28 41 24 22 33 27
79 21 566 474 931 340 777 20 98 27 46 33 27
80 21 1146 639 1183 546 440 1171 957 2007 34 33 27
81 22 1185 2006 1053 380 790 278 529 1158 356 33 27
82 21 782 2006 1425 636 938 500 169 1539 161 33 27
83 21 264 136 514 94 207 114 592 177 19 33 27
84 22 1212 2006 2006 1429 2006 2006 2006 2006 143 33 27
85 22 276 1846 616 838 1085 28 36 276 90 33 27
86 21 675 1212 546 133 344 25 292 45 16 33 27
87 21 406 241 134 110 389 159 21 26 23 33 27
88 22 1128 2006 1260 458 2006 457 326 577 322 34 27
89 21 192 533 339 129 57 30 25 216 12 33 27
90 22 140 435 95 124 161 125 18 19 72 33 27
91 21 1096 2006 696 152 1133 512 142 1172 33 33 27
92 22 100 155 312 2007 574 1497 188 340 28 33 27
93 21 129 711 293 254 240 295 39 60 55 33 27
94 22 1750 2006 2006 279 2006 2006 1979 2006 570 33 27
95 22 1454 2006 2006 1975 1286 897 1112 2007 420 33 27
96 21 207 2006 464 149 821 155 61 53 52 33 27
97 21 467 764 179 85 139 111 160 31 16 33 27
98 22 196 296 512 229 114 789 974 1571 68 33 27
99 22 455 1397 736 68 780 426 77 238 151 33 27
100 21 283 200 277 138 280 582 118 30 105 33 27
101 22 596 958 402 794 1397 24 42 29 14 33 27
102 22 170 697 212 77 453 27 25 25 27 33 27
103 21 1501 2006 309 396 791 185 59 124 58 33 27
104 21 151 308 512 215 721 29 34 31 21 33 27
105 22 627 907 1518 434 112 39 135 30 35 33 27
106 22 377 650 413 107 191 41 30 63 39 33 27
107 22 138 621 342 181 113 26 37 26 17 33 27
108 21 107 2007 301 168 171 26 56 39 18 33 27
109 21 199 616 338 197 466 534 252 22 90 34 27
110 21 1375 2007 1578 1469 2007 249 174 131 219 34 27
111 21 916 2007 591 444 1082 25 69 24 31 34 27
112 22 865 1034 597 309 949 1862 186 88 98 33 27
113 22 238 263 274 116 128 74 85 56 11 33 27
114 21 347 288 850 294 338 221 61 37 71 33 27
115 22 262 598 216 626 735 306 41 336 9 33 27
116 22 464 171 170 53 78 963 448 2007 36 33 27
117 22 131 494 115 102 209 29 32 26 23 33 27
118 22 190 1500 644 230 399 1859 1121 747 22 33 27
119 22 225 139 1023 196 414 344 102 23 54 33 27
120 21 2006 2006 2006 2006 2006 2007 2007 2007 1292 33 27
121 22 227 166 173 129 150 247 43 148 23 33 27
122 22 451 2006 665 352 594 210 215 342 83 33 27
123 22 177 264 102 112 1533 111 30 36 139 33 27
124 22 193 847 475 97 586 111 39 28 115 33 27
125 22 640 810 457 380 120 24 67 18 97 33 27
126 22 1177 1170 295 118 520 675 354 1960 81 34 27
127 22 611 443 924 613 495 224 515 1875 302 33 27
128 22 344 491 643 206 775 117 283 264 149 33 27
129 22 127 634 256 107 187 49 117 150 28 33 27
130 22 656 199 297 110 554 23 56 24 106 33 27
131 22 243 170 182 177 680 33 26 17 14 33 27
132 22 706 182 581 1404 195 2007 1521 2007 204 33 27
133 22 134 596 89 124 458 35 29 25 30 33 27
134 22 304 713 275 76 122 226 312 823 22 33 27
135 22 120 1622 674 139 293 442 604 39 29 33 27
136 22 326 280 368 455 1397 261 222 46 32 33 27
137 22 278 1097 760 88 768 26 45 31 20 33 27
138 22 368 866 171 469 976 77 32 29 243 33 27
139 21 337 791 1897 131 608 160 36 27 143 33 27
140 21 171 753 1098 166 246 23 49 32 4 33 27
141 21 379 1554 2006 873 1356 262 189 558 155 33 27
142 22 449 226 339 253 122 183 168 793 19 33 27
143 21 360 252 197 173 411 26 24 60 24 33 27
144 22 992 896 1563 512 1937 746 328 827 84 33 27
145 22 116 983 206 102 194 20 32 29 16 33 27
146 21 269 292 121 280 142 20 21 25 12 33 27
147 21 135 492 100 137 119 68 28 40 2 33 27
148 22 363 209 309 209 253 24 32 1655 19 33 27
149 22 716 2005 698 266 479 50 46 53 160 33 27
150 21 447 379 145 218 314 24 614 536 110 33 27
151 22 473 271 926 281 436 25 70 25 24 33 27
152 22 863 1268 211 85 517 597 64 1121 289 33 27
153 21 191 1551 122 262 287 34 47 34 19 33 27
154 22 696 2006 856 428 930 270 561 842 124 33 27
155 21 215 335 189 64 128 305 243 27 14 33 27
156 22 298 2005 899 325 951 531 440 1105 88 33 27
157 22 2005 1936 567 146 515 168 572 180 84 33 27
158 21 347 734 224 738 1896 39 416 150 179 33 27
159 21 1538 2005 981 277 1945 63 178 63 495 33 27
160 21 147 167 1312 133 140 661 1 1857 31 33 27
161 21 666 384 1140 502 440 1413 286 2006 64 33 27
162 21 903 658 420 388 2005 341 524 134 131 33 27
163 21 869 567 490 282 617 237 31 27 189 33 27
164 21 135 514 187 141 105 25 22 25 20 33 27
165 21 198 247 120 104 637 462 27 78 17 33 27
166 22 1668 2005 1709 538 2005 218 146 473 177 33 27
167 21 114 157 216 165 96 81 89 89 24 33 27
168 21 236 328 207 566 196 581 218 51 10 33 27
169 22 597 2005 558 331 1134 145 135 43 44 34 27
170 22 755 1436 696 884 474 582 652 718 1 33 27
171 21 188 703 149 190 196 31 214 479 122 33 27
172 21 229 447 289 363 818 1632 692 331 19 33 27
173 21 208 2005 156 108 115 32 34 49 60 33 27
174 21 238 215 248 90 249 22 26 25 12 33 27
175 21 199 1150 1401 382 186 1279 427 524 174 33 27
176 21 295 762 459 480 554 44 50 26 83 33 27
177 21 164 468 514 497 472 20 35 30 28 33 27
178 21 368 1755 658 159 1337 93 50 36 82 33 27
179 21 169 148 128 79 519 19 18 23 17 33 27
180 21 384 212 128 107 124 1364 839 590 92 33 27
181 21 79 469 180 76 200 26 37 45 116 33 27
182 21 531 455 648 320 238 198 38 20 90 33 27
183 21 1598 1700 250 360 987 324 251 55 820 33 27
184 21 453 675 835 244 146 548 401 989 30 33 27
185 22 866 657 276 203 578 735 229 722 154 33 27
186 21 249 1271 1027 653 639 21 56 451 29 33 27
187 21 128 167 521 103 38 42 28 32 71 33 27
188 22 174 1745 410 346 965 24 242 30 86 33 27
189 21 349 2005 265 84 661 301 60 28 80 33 27
190 21 531 1068 172 415 1019 296 41 23 129 33 27
191 21 473 2005 171 132 179 112 37 255 185 33 27
192 22 1130 1961 2005 512 741 116 52 445 77 33 27
193 21 128 444 140 302 180 61 122 45 72 33 27
194 21 951 2005 2005 1220 2005 915 544 572 304 33 27
195 21 89 343 287 76 269 23 29 28 50 33 27
196 21 502 409 973 1238 1932 643 585 334 60 33 27
197 21 350 464 64 107 205 26 22 261 25 33 27
198 21 872 955 366 428 390 265 174 853 54 33 27
199 21 236 510 616 371 581 435 148 467 12 33 27
200 22 999 1965 1002 2006 1108 2006 1777 2006 55 33 27
201 21 712 482 386 314 1095 97 46 101 50 33 27
202 21 1449 2005 462 205 663 137 739 938 25 33 27
203 21 1331 2005 727 640 2005 1563 766 1000 135 33 27
204 21 1157 2005 499 322 810 144 67 45 557 33 27
205 22 1268 1701 2005 1261 2005 2005 940 2005 198 33 27
206 21 211 1114 156 122 705 249 69 899 76 33 27
207 21 819 1017 362 172 1182 126 90 254 99 33 27
208 21 471 551 1624 340 779 2005 2005 2007 63 33 27
209 21 100 167 1148 997 263 916 789 1534 142 33 27
210 22 846 1418 1106 223 322 311 302 933 146 34 27
211 21 2005 1335 236 337 463 452 91 309 668 33 27
212 21 391 609 393 330 170 33 628 2005 23 33 27
213 21 257 1533 143 164 510 27 30 27 4 33 27
214 21 88 430 158 177 107 1072 568 265 13 33 27
215 21 2005 2005 2005 1780 2005 1635 2005 1771 388 33 27
216 21 195 185 107 204 347 376 56 66 10 33 27
217 21 217 327 121 106 175 28 29 29 12 33 27
218 21 874 2005 1262 341 2005 432 479 1548 223 33 27
219 21 120 207 506 137 14 22 30 185 22 33 27
220 21 232 107 148 89 405 20 22 25 1 33 27
221 21 2005 2005 2005 1724 2005 2005 770 631 162 33 27
222 21 731 486 151 318 225 531 822 346 127 33 27
223 21 422 1203 433 259 432 112 39 529 237 33 27
224 21 254 181 387 142 231 25 29 21 174 33 27
225 21 2005 2005 1040 520 1755 171 524 2005 120 33 27
226 21 215 202 295 370 522 30 35 40 9 33 27
227 21 322 563 188 298 498 19 309 25 8 33 27
228 21 367 300 137 103 361 482 212 195 24 33 27
229 21 717 582 455 1776 580 350 1097 1223 176 33 27
230 21 2005 2005 2005 1508 1748 2005 2005 2005 772 33 27
231 21 490 295 529 224 812 2005 385 121 83 33 27
232 21 329 237 300 654 294 469 435 1119 1 33 27
233 21 1698 2005 2005 517 1707 359 106 86 416 33 27
234 21 120 1367 252 79 267 35 35 29 5 33 27
235 21 663 232 478 1538 543 1996 504 176 68 33 27
236 21 115 379 189 539 172 23 24 30 35 33 27
237 21 151 232 83 86 499 26 105 26 5 33 27
238 21 1114 1419 1080 822 1632 49 46 45 107 33 27
239 21 702 2005 624 603 2005 304 51 32 49 33 27
240 21 303 506 122 226 101 228 173 269 27 33 27
241 21 107 1109 309 81 229 38 33 28 135 33 27
242 21 110 171 360 360 201 46 186 25 34 33 27
243 21 2005 2005 1479 1506 1799 2005 2005 2005 111 33 27
244 21 111 370 667 144 165 173 126 55 35 33 27
245 21 180 445 419 119 194 27 32 30 106 33 27
246 21 460 2005 1280 387 1620 1159 108 419 93 33 27
247 21 117 506 1051 67 362 2005 2005 2005 67 33 27
248 21 138 222 188 117 280 77 27 26 20 33 27
249 21 331 318 344 195 305 100 40 25 33 33 27
250 21 593 2005 511 211 919 249 58 121 66 33 27
251 21 2005 2005 2005 1021 2005 878 1 1285 190 33 27
252 21 212 205 418 452 571 197 215 41 24 33 27
253 21 615 310 214 98 300 160 32 26 97 33 27
254 21 175 324 231 145 377 19 24 29 1 33 27
255 21 451 659 268 254 1979 58 35 22 106 33 27
256 21 122 671 555 247 49 32 149 493 9 33 27
257 21 296 1483 1332 426 513 549 43 36 157 33 27
258 21 988 1710 912 557 824 37 120 877 91 33 27
259 21 1083 2005 936 347 987 30 137 285 76 33 27
260 21 93 315 385 261 585 182 29 367 35 33 27
261 21 2005 1502 973 770 957 646 1193 1204 259 33 27
262 21 1911 2005 1947 849 2005 528 373 627 108 33 27
263 21 499 1175 281 163 171 42 57 317 136 33 27
264 21 1292 2005 2005 793 721 1098 432 346 216 33 27
265 21 229 330 1120 77 186 32 38 48 29 33 27
266 21 1458 2005 2005 558 2005 70 74 699 216 33 26
267 21 451 1126 539 260 162 46 99 32 105 33 27
268 21 474 194 217 414 500 161 80 465 200 33 27
269 21 678 862 279 618 1740 55 45 2007 246 33 27
270 21 124 1094 641 156 200 20 32 2005 18 33 27
271 21 143 143 149 84 642 123 27 33 83 33 27
272 21 187 362 375 124 56 791 403 1614 27 33 27
273 21 2005 1340 913 1539 1871 465 208 277 210 33 27
274 21 175 368 199 331 659 69 1 35 25 33 27
275 21 177 425 563 106 487 178 324 27 18 33 27
276 21 757 521 399 584 739 26 56 100 48 33 27
277 22 1973 1672 807 130 744 2005 2005 2005 269 33 27
278 21 248 189 113 209 490 22 28 19 38 33 27
279 22 317 545 208 220 252 27 1 32 61 33 27
280 21 147 590 131 148 856 24 58 26 10 33 27
281 21 169 564 261 183 110 2005 38 24 145 33 27
282 21 690 675 2005 271 1037 1340 714 2005 117 33 27
283 21 1072 651 1021 399 688 115 37 33 59 33 27
284 21 1427 1011 1531 796 1400 34 493 363 188 33 27
285 21 932 2005 396 607 1455 60 118 982 144 33 27
286 21 80 229 166 294 901 56 110 24 3 33 27
287 21 566 378 1127 405 596 786 141 224 16 33 27
288 21 181 643 117 304 414 68 38 31 33 33 27
289 21 250 463 119 374 275 23 29 24 6 33 27
290 21 186 1729 474 478 356 19 43 30 67 33 27
291 21 434 2004 103 69 149 33 56 40 306 33 27
292 21 150 1080 454 280 740 155 45 47 41 33 27
293 21 301 857 470 160 30 106 42 138 14 33 27
294 21 1321 2005 1160 870 1657 158 198 740 246 33 27
295 21 193 217 306 136 63 72 1 31 4 33 27
296 21 105 628 247 107 247 24 35 22 98 33 27
297 21 505 498 217 119 265 23 40 31 34 33 27
298 21 491 362 112 158 235 106 32 81 240 33 27
299 21 617 189 588 1261 1944 565 177 48 321 33 27
300 21 1354 2005 2005 869 1249 171 159 483 427 33 27
301 21 315 591 171 138 530 20 52 321 23 33 27
302 21 649 2004 232 417 2005 26 505 261 263 33 27
303 21 287 1002 126 82 55 30 40 43 113 33 27
304 21 451 1068 149 227 1217 376 157 35 55 33 27
305 21 255 1358 393 62 288 52 72 93 9 33 27
306 21 510 805 358 122 478 320 322 764 19 33 27
307 21 455 414 447 128 617 221 257 264 5 33 27
308 21 239 326 150 442 176 34 47 37 27 33 27
309 21 225 124 129 306 147 24 39 28 73 33 27
310 21 479 643 606 333 317 238 289 64 184 33 27
311 21 200 396 816 381 270 2005 1795 2005 56 33 27
312 21 252 139 128 111 204 22 33 35 18 33 27
313 21 273 787 775 382 154 698 496 841 38 33 27
314 21 309 579 400 172 186 292 205 1521 38 33 27
315 21 776 1093 1197 98 203 429 108 111 42 33 27
316 21 2005 2005 2005 1608 1802 2005 1257 1241 198 33 27
317 21 145 1162 268 158 230 23 40 71 69 33 27
318 21 369 1137 229 61 794 24 34 53 129 33 27
319 21 1314 1896 2005 685 567 1046 1246 2005 297 33 27
320 21 644 943 91 288 825 175 195 36 36 33 27
321 21 161 368 582 345 553 236 1 58 68 33 27
322 21 150 597 356 488 300 249 44 139 25 33 27
323 21 162 481 234 216 261 30 25 21 21 33 27
324 21 284 490 298 86 358 27 254 305 22 32 26
325 21 221 271 237 178 578 74 56 39 18 33 27
326 21 994 2005 1299 393 366 49 423 569 294 33 27
327 21 208 134 765 428 123 2005 2007 2007 1 33 27
328 22 341 625 549 182 669 114 144 80 25 33 27
329 21 401 550 1444 421 184 907 876 2005 74 33 27
330 21 932 584 120 114 237 99 58 39 96 33 27
331 21 553 793 778 576 1215 384 104 43 381 33 27
332 21 368 720 202 1440 220 2005 2005 2005 21 33 27
333 21 411 438 438 106 132 26 25 28 84 33 27
334 21 376 616 197 216 95 489 838 1635 43 33 27
335 21 342 949 352 674 506 27 27 58 49 33 27
336 21 203 128 159 693 69 372 34 28 100 33 27
337 21 744 440 900 1501 2005 464 132 142 514 33 27
338 21 248 1947 234 159 265 1784 202 72 167 33 27
339 21 697 173 109 84 793 23 32 33 4 33 27
340 21 418 134 425 1416 197 40 28 178 11 33 27
341 21 107 360 219 164 136 25 46 27 67 33 27
342 21 512 509 196 287 89 125 41 30 34 33 27
343 21 523 540 443 656 1802 34 127 533 98 33 27
344 21 307 176 233 414 820 21 1 430 26 33 27
345 21 406 181 627 278 15 93 40 37 34 33 27
346 21 2005 2005 2005 638 2005 51 106 172 381 33 27
347 21 2005 2005 2005 1013 2005 664 1606 2005 392 33 27
348 21 454 1491 951 244 317 306 241 1136 31 33 27
349 21 770 474 384 113 861 49 40 27 66 33 27
350 21 458 528 145 418 643 72 40 389 76 33 27
351 21 2001 2001 2001 2001 2001 2001 2001 2001 344 33 27
352 21 572 826 2005 198 773 537 93 207 96 33 27
353 21 221 897 233 96 783 24 29 25 49 33 27
354 21 156 1303 343 182 238 21 22 27 79 33 27
355 21 186 306 117 196 356 30 20 17 25 33 27
356 21 296 1682 246 375 1458 2005 1637 2005 11 33 27
357 21 185 265 100 324 1242 24 36 32 60 33 27
358 21 993 2005 1304 323 761 1292 806 2005 241 33 27
359 21 238 215 166 126 241 21 28 28 14 33 27
360 21 430 375 241 133 152 25 28 32 4 33 27
361 21 143 545 129 79 175 22 121 31 26 33 27
362 21 146 298 272 183 140 123 80 56 11 33 27
363 21 448 147 121 254 520 32 21 36 17 33 27
364 21 123 896 213 117 166 23 31 23 48 33 27
365 21 138 188 220 250 188 157 293 24 21 33 27
366 21 318 438 381 166 134 399 373 21 9 33 27
367 21 193 432 167 186 583 29 32 26 51 33 27
368 21 1532 2005 559 1260 491 1222 205 143 105 33 27
369 21 895 320 173 245 690 48 68 323 80 33 27
370 21 1160 2005 1940 504 2005 71 505 1035 5 33 27
371 21 2005 2005 2005 1034 2005 1063 1471 732 819 33 27
372 21 249 208 125 83 204 22 27 29 47 33 27
373 21 152 204 257 272 411 143 57 47 115 33 27
374 21 199 266 108 76 619 27 494 36 58 33 27
375 21 496 1417 434 452 1139 94 183 113 102 33 27
376 21 262 622 114 156 614 24 43 147 46 33 27
377 21 108 175 180 134 573 20 24 22 22 33 27
378 21 270 1019 494 282 161 422 162 604 25 33 27
379 21 475 229 194 571 1016 24 149 303 69 33 27
380 21 120 147 166 646 567 32 29 30 23 33 27
381 21 517 451 1495 510 1034 1580 92 76 45 33 27
382 21 376 476 882 728 852 34 197 562 65 33 27
383 21 215 161 165 133 2004 26 27 25 68 33 27
384 21 215 1122 181 235 1049 231 32 30 84 33 27
385 21 111 1149 838 250 2005 375 325 191 95 33 27
386 21 1630 2004 689 598 2004 473 210 661 130 33 27
387 21 230 292 114 346 515 21 182 28 16 33 27
388 21 338 896 176 222 450 23 32 41 50 33 27
389 21 694 994 593 212 1035 67 37 25 13 33 27
390 21 379 210 119 276 296 26 27 26 1 33 27
391 21 117 227 127 137 149 24 1 32 111 33 27
392 21 1509 1071 1504 1025 1359 380 483 508 485 33 27
393 21 101 547 1274 626 265 971 485 300 22 33 27
394 21 130 335 722 190 533 161 35 30 27 33 27
395 21 107 252 277 158 307 498 70 423 36 33 27
396 21 186 524 148 379 596 554 150 373 25 33 27
397 21 249 365 258 242 1004 27 69 26 98 33 27
398 21 423 896 144 265 401 21 30 21 114 33 27
399 21 1413 2004 293 444 2004 257 355 1941 164 33 27
400 21 120 450 1365 101 179 442 450 2005 26 33 27
401 21 200 899 654 143 434 89 26 35 45 33 27
402 21 712 634 401 376 1075 323 577 323 80 33 27
403 21 133 485 231 62 461 21 1 137 26 33 27
404 21 787 2005 607 190 941 782 338 183 271 33 27
405 21 88 275 234 143 172 19 1 17 28 33 27
406 21 90 295 317 325 186 25 35 27 34 33 27
407 21 701 2005 1816 1479 2005 138 185 972 303 33 27
408 21 240 1881 334 280 1612 24 38 82 37 33 27
409 21 271 1700 886 384 1543 442 51 25 97 33 27
410 21 260 523 179 298 168 23 22 23 21 33 27
411 21 166 2004 240 97 1331 28 295 37 34 33 27
412 21 98 412 227 364 729 24 113 236 29 33 27
413 21 1481 353 995 775 2004 1588 225 356 183 33 27
414 21 780 423 338 231 287 505 195 1584 18 33 27
415 21 593 260 513 599 592 775 261 376 32 33 27
416 21 119 310 193 425 601 40 36 29 18 33 27
417 21 118 111 528 541 127 27 31 32 39 33 27
418 21 358 404 2005 503 315 2005 2005 2005 32 33 27
419 21 899 1037 363 340 1370 56 63 288 17 33 27
420 21 1362 1504 655 407 1062 189 96 851 301 33 27
421 21 365 480 366 285 171 20 1 33 21 33 27
422 21 207 166 171 91 251 276 42 340 32 33 27
423 21 297 969 438 291 647 189 33 74 26 33 27
424 21 271 991 681 769 1057 296 663 890 62 33 27
425 21 2001 2001 2001 1834 2001 2002 2002 2002 369 33 27
426 21 293 338 701 302 35 413 74 27 43 33 27
427 21 1352 1050 1215 601 2005 41 133 645 133 33 27
428 21 187 382 96 380 81 1213 323 388 5 33 27
429 21 116 337 219 438 432 37 34 31 118 33 27
430 21 190 1232 366 259 283 286 53 86 4 33 27
431 21 181 242 570 441 252 921 31 39 26 33 27
432 21 337 862 430 396 477 249 253 209 209 33 27
433 21 333 399 231 231 221 755 692 2005 11 33 27
434 21 385 1380 206 67 87 59 46 26 35 33 27
435 21 148 223 753 246 116 110 47 20 26 33 27
436 21 207 762 239 218 811 1586 198 69 1 33 27
437 21 259 1263 165 233 322 1479 424 317 111 33 27
438 21 1241 1145 1232 331 2005 179 171 185 161 33 27
439 21 395 624 124 232 637 24 42 33 140 33 27
440 21 927 1357 201 395 1075 76 320 42 54 33 27
441 21 963 2004 1608 1275 2004 374 94 262 105 33 27
442 21 239 509 229 135 588 37 45 115 1 33 27
443 21 283 181 289 153 233 193 61 62 1 33 27
444 21 554 868 1657 385 65 1207 949 1053 129 33 27
445 21 85 945 308 437 835 625 318 331 3 33 27
446 21 145 973 361 1098 151 383 303 72 39 33 27
447 21 267 344 202 103 73 21 32 16 27 33 27
448 21 1133 1192 765 647 703 760 655 2006 121 33 27
449 21 430 1365 2005 724 73 2005 2005 2005 16 33 27
450 21 276 723 496 390 1726 461 197 201 166 33 27
451 21 188 1532 519 100 584 254 48 28 24 33 27
452 21 846 675 155 578 390 183 24 205 259 33 27
453 21 109 634 322 135 328 25 30 21 13 33 27
454 21 139 1221 547 552 719 63 262 429 46 33 27
455 21 637 1157 316 333 1007 333 46 27 90 33 27
456 21 211 169 278 375 317 96 115 27 12 33 27
457 21 136 346 727 372 1430 201 32 118 319 33 27
458 21 618 289 647 720 83 902 127 29 97 33 27
459 21 103 751 265 166 220 23 1 234 97 33 27
460 21 228 258 173 224 76 60 43 1093 166 33 27
461 21 1105 2005 1178 444 2005 713 797 831 134 33 27
462 21 264 742 129 142 550 22 1 69 91 33 27
463 21 130 195 268 110 100 20 34 32 15 33 27
464 21 144 755 187 149 865 189 39 38 163 33 27
465 21 157 190 737 386 681 42 35 474 22 33 27
466 21 258 414 268 119 994 43 23 28 11 33 27
467 21 514 338 270 146 1240 243 79 28 50 33 27
468 21 2005 2005 2005 1981 2005 2005 2005 2005 449 33 27
469 21 235 227 263 112 340 24 56 29 37 33 27
470 21 556 1519 1078 123 1468 778 975 2007 107 33 27
471 21 425 2004 476 256 928 48 162 32 73 33 27
472 21 243 1923 132 108 301 225 481 57 24 33 27
473 21 308 372 531 456 271 826 344 1501 29 33 27
474 21 468 1946 391 103 557 24 41 61 9 33 27
475 21 580 167 269 85 126 56 55 17 28 33 27
476 21 695 946 170 598 1100 228 25 29 99 33 27
477 21 813 1311 1178 295 170 258 367 826 165 33 27
478 21 528 427 507 109 2005 27 33 30 152 33 27
479 21 1361 344 641 326 766 815 546 1659 342 33 27
480 21 615 2004 281 221 1765 146 67 70 268 33 27
481 21 502 1550 264 384 804 467 388 668 138 33 27
482 21 719 756 250 252 760 29 42 129 114 33 27
483 21 436 815 1656 791 434 1313 652 1562 150 33 27
484 21 251 541 132 138 499 328 216 29 241 33 27
485 21 712 2004 1446 184 769 260 58 27 144 33 27
486 21 323 1166 590 262 333 1079 264 27 41 33 27
487 21 402 1151 472 127 1603 335 115 258 180 33 27
488 21 1021 1796 2005 483 527 824 667 352 433 33 27
489 21 248 540 500 379 143 19 27 29 82 33 27
490 21 1523 489 472 266 541 349 421 397 124 33 27
491 21 1392 1366 980 2004 2004 2005 1189 2005 293 33 27
492 21 702 826 698 544 1279 444 195 25 153 33 27
493 21 93 951 199 134 340 72 236 29 29 33 27
494 21 981 249 113 84 181 671 51 32 70 33 27
495 21 169 2004 165 152 310 193 39 35 38 33 27
496 21 317 180 1015 363 243 50 49 521 282 33 27
497 21 173 326 307 208 284 21 27 30 11 33 27
498 21 275 2004 184 178 564 47 38 366 12 33 27
499 21 516 1220 272 271 110 32 467 417 1 33 27
500 21 255 410 99 121 158 22 23 22 21 33 27
501 21 308 1815 197 300 2004 1061 172 84 17 33 27
502 21 526 1034 239 210 1 500 607 228 78 33 27
503 21 103 803 155 110 848 26 1 32 66 33 27
504 21 212 839 150 107 317 578 26 1497 44 33 27
505 21 116 263 321 277 297 20 26 129 12 33 27
506 21 183 1449 1292 399 265 1773 816 2005 166 33 27
507 21 949 1591 739 525 272 162 146 40 72 33 27
508 21 152 1989 167 124 211 77 49 186 38 33 27
509 21 964 2004 816 1068 1499 98 45 185 128 33 27
510 21 141 981 200 56 21 22 33 24 33 33 27
511 21 157 978 214 156 614 57 24 23 78 33 27
512 21 280 244 142 77 359 361 341 537 127 33 27
513 21 1009 2002 574 1464 2005 695 238 667 292 33 27
514 21 131 281 202 134 145 24 30 31 6 33 27
515 21 175 640 194 349 357 26 32 13 50 33 27
516 21 2005 338 419 925 669 2005 1982 1116 243 33 27
517 21 753 1748 381 1388 158 2005 1203 1362 302 33 27
518 21 109 170 99 147 173 30 269 41 27 33 27
519 21 914 2005 484 91 845 1404 793 1861 261 33 27
520 21 1349 720 1051 1529 2004 2005 2005 2005 466 32 26
521 21 412 343 132 152 444 23 42 31 82 33 27
522 21 835 746 1108 379 693 2003 2003 2003 146 33 27
523 21 96 496 322 224 1062 19 251 918 3 33 27
524 21 1015 692 437 82 1148 259 165 325 40 33 27
525 21 871 1468 1627 424 450 1239 51 406 140 33 27
526 21 293 977 232 86 668 26 35 25 5 33 27
527 22 1781 1938 2004 855 808 573 219 961 97 33 27
528 21 859 889 267 315 181 438 42 1642 29 33 27
529 21 332 183 143 85 140 18 19 24 15 33 27
530 21 2005 2005 2005 302 166 601 1331 1994 610 33 27
531 21 153 1937 556 79 351 36 55 185 27 33 27
532 21 250 348 158 112 62 163 312 27 18 33 27
533 21 105 309 261 145 264 22 36 31 118 33 27
534 21 132 198 162 106 324 358 183 129 73 33 27
535 21 1804 2004 402 93 636 86 310 83 38 33 27
536 21 2005 460 2005 1209 562 2005 2005 2005 388 33 27
537 21 223 636 589 396 298 190 365 547 80 33 27
538 21 773 929 1593 404 327 779 881 1329 190 33 27
539 21 461 1972 466 1554 2004 187 174 34 105 33 27
540 21 200 815 854 764 857 1034 30 92 80 33 27
541 21 132 825 432 206 359 249 140 352 31 33 27
542 21 212 522 629 215 298 571 251 864 8 33 27
543 21 167 343 410 277 1664 28 226 27 145 33 27
544 21 164 423 320 448 369 430 43 41 16 33 27
545 21 1349 771 509 222 947 56 1 821 114 33 27
546 21 202 578 297 76 355 23 42 26 36 33 27
547 21 449 1195 327 628 968 270 29 42 16 33 27
548 21 175 225 766 151 352 66 37 131 24 33 27
549 21 404 161 506 213 401 91 48 42 63 33 27
550 21 190 1279 1651 139 264 28 44 261 113 33 27
551 21 749 1048 294 368 2004 31 97 26 32 33 27
552 21 144 230 570 165 202 311 332 32 97 33 27
553 21 283 247 328 75 762 25 37 31 141 33 27
554 21 377 548 249 256 711 385 1 461 32 33 27
555 21 1095 232 426 492 2004 2004 279 199 376 33 27
556 21 2005 1889 2005 2005 2005 1891 843 1068 601 33 27
557 21 281 434 99 397 207 159 22 38 26 33 27
558 21 399 2004 501 312 1057 774 625 71 15 33 27
559 22 113 576 301 64 63 20 25 29 14 32 26
560 21 374 1159 1318 250 201 297 75 20 90 33 27
561 21 494 686 244 118 1611 913 283 26 61 33 27
562 21 1354 2005 2005 466 365 478 107 69 29 33 27
563 21 330 2004 422 560 254 35 185 249 33 33 27
564 21 369 853 221 136 472 26 39 28 7 33 27
565 21 1109 1673 860 339 494 1415 2005 2005 54 33 27
566 21 107 241 209 200 103 22 36 39 20 33 27
567 21 298 731 824 450 192 582 354 393 89 33 27
568 21 924 916 754 684 2004 113 50 74 122 33 27
569 21 2005 2005 2005 2005 2005 1315 1059 1775 716 33 27
570 21 201 493 295 222 86 21 170 28 9 33 27
571 21 437 1311 640 93 257 45 258 169 118 33 27
572 21 228 173 499 383 653 32 27 30 4 33 27
573 21 156 467 195 152 234 23 22 87 20 33 27
574 21 294 520 310 430 900 42 327 713 19 33 27
575 21 288 1264 297 282 1121 726 72 55 21 33 27
576 22 564 1301 130 205 242 419 65 245 38 33 27
577 21 1110 302 157 366 1145 919 341 594 203 33 27
578 22 409 194 2005 230 393 456 491 969 51 33 27
579 21 508 1204 357 261 1262 199 41 22 257 33 27
580 21 2005 2005 2005 1828 2005 1173 426 1169 1064 33 27
581 21 406 396 271 189 294 21 33 22 167 33 27
582 21 116 787 283 147 433 75 31 24 269 33 27
583 21 837 2004 629 466 1938 264 255 27 178 33 27
584 21 1124 467 942 234 159 2005 1928 2005 26 33 27
585 21 107 477 108 159 568 285 107 173 22 33 27
586 21 255 527 334 267 336 22 210 456 20 33 27
587 21 473 1329 345 369 2003 139 69 87 57 33 27
588 21 124 768 521 720 131 152 71 90 20 33 27
589 21 2005 2005 1170 1210 2005 299 419 494 354 33 27
590 22 379 1514 700 171 563 370 83 48 145 34 27
591 21 137 741 404 610 164 29 99 518 32 33 27
592 21 2005 2005 2005 2005 1485 2005 2005 2005 317 32 26
593 21 444 597 311 122 994 223 30 23 34 33 27
594 21 1936 2005 2005 971 1010 1516 1551 2005 521 33 27
595 21 231 209 303 313 669 34 97 172 17 33 27
596 21 987 2005 281 581 630 105 387 792 238 33 27
597 21 114 426 784 79 34 153 135 165 22 33 27
598 21 580 2004 277 555 670 357 366 66 27 33 27
599 21 508 170 947 2005 198 125 606 2005 29 33 27
600 21 207 1269 378 207 415 23 32 27 22 33 27
601 21 371 278 137 857 767 20 36 30 81 33 27
602 21 467 1120 151 693 877 85 37 28 78 33 27
603 21 337 1134 99 201 1537 187 273 64 17 33 27
604 21 280 322 277 260 1949 21 28 25 25 33 27
605 21 698 143 291 97 97 32 29 30 112 33 27
606 22 1089 1127 2004 796 1153 2005 2005 2005 321 33 27
607 21 2005 1680 1049 1067 958 2005 2005 2005 1168 33 27
608 21 210 326 177 239 352 249 106 28 61 33 27
609 21 405 652 323 194 481 49 29 382 10 33 27
610 21 112 126 80 65 148 73 29 25 14 33 27
611 21 368 549 96 141 117 24 34 27 28 33 27
612 21 207 402 78 136 350 77 23 1849 1 33 27
613 21 836 1144 1271 1513 1520 57 102 40 169 33 27
614 21 503 341 385 70 414 179 32 21 78 33 27
615 21 935 220 2004 994 806 2005 1329 2005 110 33 27
616 21 491 2004 615 229 809 379 138 94 3 33 27
617 21 2005 2005 1404 2005 1212 1650 1532 2005 124 33 27
618 21 113 274 210 129 66 22 20 31 8 33 27
619 21 2001 2001 2001 2001 2001 2001 471 742 777 33 27
620 21 2001 2001 2001 1610 2001 2001 2001 2001 520 33 27
621 21 247 168 220 391 565 333 30 22 63 33 27
622 21 523 436 380 180 131 29 165 26 30 33 27
623 21 1178 2003 2003 809 2003 698 560 77 80 33 27
624 21 2004 1891 982 633 576 2004 1586 2004 407 33 27
625 21 523 1334 188 222 517 28 38 191 39 33 27
626 21 336 229 349 314 974 25 40 30 23 33 27
627 21 278 2004 589 136 232 356 36 27 1 33 27
628 21 1020 1382 639 809 2004 55 1 129 173 33 27
629 21 1589 434 112 82 674 26 38 2005 103 33 27
630 21 113 179 104 277 159 27 25 30 87 33 27
631 21 207 138 127 337 256 28 33 176 30 33 27
632 21 226 916 312 226 537 23 211 210 23 32 26
633 21 327 191 91 129 157 23 45 27 19 33 27
634 21 863 875 226 115 192 23 101 97 182 33 27
635 21 1090 262 93 392 1276 63 45 227 123 33 27
636 21 180 737 650 310 1338 27 40 51 31 33 27
637 21 430 129 133 118 385 1000 604 80 3 33 27
638 21 262 916 179 513 494 25 29 493 41 33 27
639 21 784 432 166 192 105 32 247 25 6 33 27
640 21 203 1001 397 86 331 23 31 196 32 33 27
641 21 408 1474 146 150 256 670 270 2005 43 33 27
642 21 84 262 205 124 305 19 33 26 18 33 27
643 21 96 145 84 141 1078 738 240 40 14 32 26
644 21 342 829 73 160 233 25 25 25 28 33 27
645 21 1213 627 365 354 532 460 448 586 276 33 27
646 21 230 386 404 151 732 373 21 445 175 33 27
647 21 931 1265 428 861 370 110 68 42 77 33 27
648 21 260 550 237 195 185 201 38 25 27 33 27
649 21 230 289 363 169 120 18 21 211 10 33 27
650 20 1999 1999 1999 1999 1999 1999 1999 1999 1999 32 26
651 21 1740 1780 2005 1885 1986 2005 1080 2005 154 33 27
652 21 830 1415 835 937 1683 613 54 43 110 33 27
653 21 688 2004 909 340 911 297 73 354 129 33 27
654 21 350 643 108 180 1040 20 36 27 150 33 27
655 21 751 561 160 377 943 170 36 47 76 33 27
656 21 2005 1821 291 485 526 1387 980 158 803 33 27
657 21 195 1290 395 237 234 23 320 573 1 33 27
658 21 235 220 197 378 609 361 54 181 12 33 27
659 21 158 405 132 157 304 35 32 38 29 33 27
660 21 247 211 293 187 234 110 27 57 189 33 27
661 21 756 753 240 837 99 160 162 63 180 33 27
662 21 196 498 112 114 408 196 48 29 31 33 27
663 21 540 601 297 98 425 46 39 38 29 33 27
664 21 2005 1640 1563 2005 2005 397 423 1555 491 33 27
665 21 245 1938 296 192 839 53 266 140 12 33 27
666 21 701 353 198 92 382 23 34 36 85 33 27
667 21 483 381 141 72 740 34 671 191 41 33 27
668 21 1251 1592 322 683 1725 379 616 1306 56 33 27
669 21 2001 1894 2001 2002 2002 2002 2002 2002 469 33 27
670 21 303 631 122 230 134 17 1 36 70 33 27
671 21 211 155 118 205 612 23 22 51 20 33 27
672 21 702 777 2004 869 384 1778 364 2005 66 33 27
673 21 883 2004 754 169 1820 920 1211 1970 181 33 27
674 21 446 368 405 211 114 31 34 195 15 33 27
675 21 1036 974 280 522 2004 364 148 60 117 33 27
676 21 359 455 215 146 300 920 971 578 30 33 27
677 21 185 177 2004 505 417 189 111 51 12 33 27
678 21 177 396 561 165 315 28 182 546 40 33 27
679 21 380 161 638 310 969 86 227 1289 131 33 27
680 21 801 2004 951 337 475 1343 582 1520 315 33 27
681 21 501 1260 744 473 697 298 107 135 11 33 27
682 21 421 621 355 527 197 669 123 159 19 33 27
683 21 462 740 619 1477 1343 736 504 1776 76 33 27
684 21 801 2004 1396 191 1518 607 379 1384 197 33 27
685 21 308 171 596 566 944 146 193 561 63 33 27
686 21 376 281 116 191 717 25 30 29 27 33 27
687 21 213 380 271 836 656 47 677 2004 148 33 27
688 21 1358 716 151 360 383 862 322 417 247 33 27
689 21 393 133 442 190 82 22 217 30 201 33 27
690 21 210 137 803 452 192 1508 1161 1984 98 33 27
691 21 641 803 283 319 608 144 77 66 97 33 27
692 21 1230 2004 1863 924 2004 387 264 110 425 33 27
693 21 2004 1774 1103 625 1187 2005 2005 2005 700 33 26
694 21 162 251 565 358 1666 130 34 25 19 33 27
695 21 421 826 720 158 471 33 31 33 56 33 27
696 21 121 194 146 344 178 28 33 214 62 33 27
697 21 108 418 350 126 475 35 33 53 41 33 27
698 21 419 751 330 374 912 527 261 2005 10 33 27
699 21 271 122 399 1022 123 2005 2005 2005 76 33 27
700 21 122 905 175 234 121 32 36 60 18 33 27
701 21 1705 746 706 1856 1470 2005 400 727 195 33 27
702 21 148 433 115 100 232 25 503 60 78 33 27
703 21 178 1078 169 83 779 42 45 60 9 33 27
704 21 256 584 301 92 189 54 42 31 37 33 27
705 21 331 826 415 383 227 75 46 119 114 33 27
706 21 199 336 180 61 113 150 254 29 110 33 27
707 21 275 641 294 584 173 56 305 131 64 33 27
708 21 1007 433 144 333 341 32 329 28 392 33 27
709 21 494 556 609 195 207 1710 964 383 191 33 27
710 21 128 552 185 367 308 852 789 2005 20 33 27
711 21 1922 2004 2004 1492 1343 2005 2005 2005 219 33 27
712 21 1284 1513 1678 1141 786 2005 856 331 176 33 27
713 21 302 363 230 97 888 29 46 1527 66 33 27
714 21 1021 333 104 98 129 21 46 26 170 33 27
715 21 396 259 299 77 38 22 30 78 18 33 27
716 21 620 145 1568 286 337 309 338 69 39 33 27
717 21 236 461 164 376 415 42 39 26 27 33 27
718 21 892 1956 623 426 1346 29 1 44 63 33 27
719 21 516 655 263 219 249 677 460 227 120 33 27
720 21 257 158 95 234 155 25 30 30 84 33 27
721 21 199 202 154 179 163 22 32 26 8 33 27
722 21 410 2004 1019 151 380 26 39 33 24 33 27
723 21 133 253 131 164 109 23 24 427 25 33 27
724 21 162 486 441 114 322 73 224 31 4 33 27
725 21 1132 2004 482 150 730 235 1 540 137 33 27
726 21 129 661 319 198 494 400 414 247 32 33 27
727 21 281 2004 548 306 422 28 47 29 38 33 27
728 21 544 663 279 217 349 22 135 616 134 33 27
729 21 219 174 204 110 415 25 35 24 36 33 27
730 21 353 357 534 92 338 26 30 41 19 33 27
731 21 338 1339 98 248 299 429 251 159 63 33 27
732 21 565 1057 111 877 1577 26 33 69 55 33 27
733 21 560 886 1164 397 815 1002 1205 675 200 33 27
734 21 682 985 655 231 352 54 42 102 27 33 27
735 21 1766 2004 2004 1443 2004 705 559 703 281 33 27
736 21 1175 637 1119 913 1189 2005 1266 2005 105 33 27
737 21 1202 895 394 608 1470 545 593 2005 25 33 27
738 21 789 581 261 87 150 690 1035 1113 12 33 27
739 21 199 228 194 89 56 24 30 33 31 33 27
740 21 111 927 925 127 165 2005 2005 2005 128 33 27
741 21 391 298 138 100 699 279 155 2005 37 33 27
742 21 186 217 482 134 268 46 41 22 14 33 27
743 21 621 1463 669 212 638 145 44 24 60 33 27
744 21 555 346 528 250 1096 106 22 27 44 33 27
745 21 374 314 85 166 833 1256 1 34 25 33 27
746 21 794 602 816 96 340 75 54 1309 237 33 27
747 21 194 470 308 257 730 23 35 22 26 33 27
748 21 465 1271 1349 163 593 940 287 959 104 33 27
749 21 154 354 345 233 185 209 279 91 26 33 27
750 21 1081 340 1141 194 2004 366 91 285 63 33 27
751 21 100 349 509 301 559 307 875 1258 2 33 27
752 21 402 296 134 370 281 291 41 27 100 33 27
753 21 2004 2004 992 390 2004 414 251 1139 225 33 27
754 21 457 159 131 262 212 75 114 28 2 33 27
755 21 1033 2004 518 81 810 32 219 25 309 33 27
756 21 291 446 466 256 157 32 24 30 20 33 27
757 21 322 190 121 107 441 719 165 35 10 33 27
758 21 379 466 334 113 257 16 26 18 98 33 27
759 21 383 818 998 117 1158 25 54 737 21 33 27
760 21 177 2004 1300 1164 2004 797 848 843 11 33 27
761 21 491 627 669 1606 2004 254 229 2005 1 33 27
762 21 306 1133 258 99 161 60 27 36 5 33 27
763 21 98 201 359 74 299 22 29 22 20 33 27
764 21 459 417 563 330 420 42 175 47 329 33 27
765 21 111 647 754 179 255 25 28 29 93 33 27
766 21 723 200 865 480 205 708 805 2005 23 33 27
767 21 127 422 638 92 563 1410 1093 2005 76 33 27
768 21 271 726 422 407 504 34 37 1742 33 33 27
769 21 198 346 264 411 638 53 74 128 10 33 27
770 21 559 1456 221 377 2004 153 37 21 164 33 27
771 21 347 1159 469 345 1231 227 337 182 67 33 27
772 21 1052 1783 1487 1083 1309 759 392 1435 28 33 27
773 21 256 905 277 438 421 51 25 32 1 33 27
774 21 1080 2004 1009 841 2004 73 70 56 244 33 27
775 21 343 505 427 179 555 263 42 52 11 33 27
776 21 177 1144 89 155 1328 104 39 73 102 33 27
777 21 1248 1706 712 152 837 17 39 44 64 33 27
778 21 2001 2001 2001 2001 2001 2001 2001 2001 1723 33 27
779 21 305 998 421 519 245 198 315 35 358 33 27
780 21 412 626 1606 465 170 900 468 1218 16 33 27
781 21 291 959 671 174 107 816 43 130 68 33 27
782 21 120 511 280 127 322 31 28 25 10 33 27
783 21 113 778 381 279 253 26 29 37 13 33 27
784 21 187 520 747 159 216 288 25 24 253 33 27
785 21 484 708 134 80 300 21 47 109 32 33 27
786 21 136 271 312 245 1385 401 40 27 30 33 27
787 21 126 212 188 255 372 396 21 58 23 33 27
788 21 138 732 674 242 422 326 790 774 3 33 27
789 21 1092 687 2005 80 218 151 1608 1246 364 33 27
790 21 1179 1559 2005 507 1144 34 236 213 238 33 27
791 21 700 508 151 177 2004 149 44 1051 65 33 27
792 21 101 386 446 185 336 208 34 42 1 33 27
793 21 802 1650 827 82 234 136 378 33 159 33 27
794 21 1385 2004 623 359 1517 38 88 29 21 33 27
795 21 175 2004 73 83 439 82 40 21 9 33 27
796 21 2004 2004 708 1461 2004 2005 1544 395 176 33 27
797 21 382 2005 398 258 117 868 159 1154 137 33 27
798 21 512 828 495 714 721 116 474 1919 46 33 27
799 21 549 765 997 390 379 344 262 589 93 33 27
800 21 225 168 215 118 374 245 215 339 1 33 27
801 21 538 650 828 595 1907 24 40 323 14 32 27
802 21 2004 2004 1799 239 2004 2005 864 713 180 33 27
803 21 248 1197 1315 91 210 169 154 246 13 33 27
804 21 846 2004 806 715 1056 446 142 192 142 33 27
805 21 221 179 314 81 684 33 30 90 64 33 27
806 21 139 312 244 280 186 25 22 170 15 33 27
807 21 427 202 630 115 456 185 34 39 31 33 27
808 21 169 1811 590 227 617 41 48 32 81 33 27
809 21 856 1794 442 391 2004 32 130 22 90 33 27
810 21 129 185 168 84 255 42 63 35 51 33 27
811 21 267 239 407 158 177 27 25 26 11 33 27
812 21 1938 2004 2004 1312 2004 1033 754 1343 167 33 27
813 21 598 233 95 1901 395 827 549 838 40 33 27
814 21 1264 609 1509 821 969 599 104 37 395 33 27
815 21 756 2004 628 317 1432 25 44 28 99 33 27
816 21 627 629 185 263 1006 68 34 48 90 33 27
817 21 273 543 661 376 267 193 34 29 17 33 27
818 21 101 375 275 816 248 1156 702 815 56 33 27
819 21 864 1432 337 298 2003 125 105 49 200 33 27
820 21 158 579 965 131 282 141 69 321 105 33 27
821 21 2004 441 146 112 3 17 34 39 26 33 27
822 21 233 1943 533 179 2004 409 637 567 26 33 27
823 21 768 1195 260 408 750 155 47 656 71 33 27
824 21 182 304 822 81 323 924 371 1061 33 33 27
825 21 178 436 703 656 379 24 40 177 36 33 27
826 21 235 1151 426 329 929 34 33 27 31 33 27
827 21 91 467 235 140 282 20 26 37 27 33 27
828 21 1417 2004 256 119 593 664 429 61 225 33 27
829 21 182 1051 509 94 673 249 107 65 85 33 27
830 21 768 1107 1272 528 901 23 45 177 13 33 27
831 21 1007 1320 447 178 2004 24 40 25 183 33 27
832 21 2005 2005 2005 1148 2005 2005 1942 1759 313 33 27
833 21 1927 804 415 1770 1113 476 840 2005 159 33 27
834 21 391 1049 787 244 627 324 171 1505 107 33 27
835 21 130 556 405 262 550 72 205 258 34 33 27
836 21 510 734 298 143 117 259 326 43 52 33 27
837 21 275 774 1075 373 554 232 201 422 176 33 27
838 21 1504 977 172 205 673 941 54 256 95 33 27
839 21 132 131 126 76 82 21 31 22 28 33 27
840 21 524 1366 373 504 1107 156 53 42 21 33 27
841 21 356 863 239 221 455 26 32 393 58 33 27
842 21 263 645 444 300 465 31 48 213 23 33 27
843 21 260 315 181 92 217 71 40 348 13 33 27
844 21 844 1687 1202 323 2005 333 44 34 41 33 27
845 21 947 2004 692 275 829 196 242 1478 383 33 27
846 21 402 293 404 277 565 64 49 862 14 32 27
847 21 320 309 231 118 441 377 286 80 25 33 27
848 21 375 585 180 128 186 22 32 27 13 33 27
849 21 101 457 322 58 262 23 23 48 19 33 27
850 21 246 196 184 99 531 60 33 26 153 33 27
851 27 2001 2001 2001 1917 2001 2001 2001 2001 383 41 34
852 21 371 449 1172 264 409 232 458 124 60 33 27
853 21 144 164 188 145 954 21 25 37 23 33 27
854 21 628 2004 459 799 2004 224 245 24 249 33 27
855 21 199 1753 344 145 550 639 488 665 140 33 27
856 21 195 406 198 244 693 33 206 44 1 32 27
857 21 1006 334 2005 367 1039 702 370 2005 106 33 27
858 21 1877 977 1283 227 855 2004 2004 2004 360 33 27
859 21 746 295 213 457 161 2005 2005 2005 28 33 27
860 21 441 657 416 305 1872 31 41 27 26 33 27
861 21 476 240 608 194 68 320 202 347 39 33 27
862 21 337 2004 145 133 808 20 58 30 28 33 27
863 21 1172 241 427 1510 591 116 179 243 280 33 27
864 21 318 435 167 583 1185 334 69 29 34 33 27
865 21 139 699 1160 228 511 28 28 29 10 33 27
866 21 134 201 331 123 214 23 31 23 241 33 27
867 21 1218 745 982 376 1341 1935 678 121 18 33 27
868 21 1427 1641 1563 571 1128 118 224 448 231 33 27
869 21 257 1594 168 86 509 719 278 413 14 33 27
870 21 146 184 100 89 88 21 28 31 17 33 27
871 21 1072 1900 294 256 682 21 96 280 123 33 27
872 21 235 428 834 400 423 110 69 2005 72 33 27
873 21 138 878 289 79 243 29 37 28 8 33 27
874 21 185 368 265 161 261 1935 1348 2005 104 33 27
875 21 335 199 470 300 164 299 23 1122 8 33 27
876 21 2005 2005 2005 653 1093 2005 2005 2005 472 33 27
877 21 700 824 422 165 800 563 289 797 201 33 27
878 21 482 601 327 247 283 33 36 25 64 33 27
879 21 517 1129 446 792 1977 2005 395 34 17 33 27
880 21 231 388 294 62 329 146 226 140 24 33 27
881 21 224 1472 123 197 309 866 744 31 138 33 27
882 21 1352 1427 571 1685 461 75 103 49 253 33 27
883 21 2005 2005 2005 1305 2005 2005 1436 2005 904 33 27
884 21 165 963 442 270 789 144 100 42 73 33 27
885 21 711 2004 1530 411 2004 658 63 438 186 33 27
886 21 1183 1803 323 981 2004 431 251 654 65 33 27
887 21 1385 2004 1199 610 2004 70 193 304 58 33 27
888 21 507 789 140 183 95 23 32 24 66 33 27
889 21 288 577 919 412 859 1147 339 283 63 33 27
890 21 85 312 130 357 224 152 210 86 74 33 27
891 21 141 426 382 456 813 54 28 106 27 33 27
892 21 166 1060 577 450 1150 26 40 778 359 33 27
893 21 274 713 836 301 708 981 375 650 94 33 27
894 21 195 187 70 104 106 426 96 27 66 33 27
895 21 881 905 606 437 1219 39 82 158 71 33 27
896 21 268 277 1044 400 1485 493 267 313 105 33 27
897 21 356 493 416 330 321 2005 2005 2005 991 33 27
898 21 521 218 148 137 254 75 34 98 8 33 27
899 21 326 2004 591 143 521 74 79 342 31 33 27
900 21 2005 2005 2005 1341 2005 92 190 128 227 33 27
901 21 140 563 259 284 175 22 19 26 16 33 27
902 21 304 1142 219 124 1609 27 79 421 89 33 27
903 21 268 1141 528 621 296 228 301 26 71 33 27
904 21 449 1244 288 153 1014 192 37 28 68 33 27
905 21 552 335 393 341 35 69 104 99 265 33 27
906 21 140 914 354 312 327 248 67 158 95 33 27
907 21 376 1557 197 435 1151 316 132 43 98 33 27
908 21 1752 373 130 141 1976 1567 1284 2005 82 33 27
909 21 208 432 226 77 349 205 1 734 44 33 27
910 21 1149 534 408 207 66 2005 2005 2005 58 33 27
911 21 164 588 705 264 670 320 243 355 47 33 27
912 21 277 119 1000 227 132 33 33 25 30 33 27
913 21 215 315 278 132 358 612 504 704 99 33 27
914 21 379 544 326 586 1084 238 31 188 248 33 27
915 21 327 287 1597 93 251 31 72 27 72 33 27
916 21 2004 2004 1645 1349 2004 136 117 259 219 33 27
917 21 786 1654 457 1050 2004 707 168 610 215 33 27
918 21 954 947 1331 155 232 2005 2005 2005 148 33 26
919 21 114 326 272 133 370 391 75 529 52 33 27
920 21 257 655 415 936 1085 380 24 25 1 33 27
921 21 562 271 1378 306 311 288 64 320 176 33 27
922 21 115 335 326 81 198 29 40 128 28 33 27
923 21 1071 829 2005 521 803 506 471 876 144 33 27
924 21 475 184 196 166 574 23 52 29 124 33 27
925 21 324 222 605 193 268 21 1 230 53 33 27
926 21 1433 875 1221 133 1047 149 153 1147 238 33 27
927 21 154 2004 195 128 454 134 78 71 7 33 27
928 21 182 556 153 156 404 36 49 162 19 33 27
929 21 473 2004 424 90 277 368 219 1160 49 33 27
930 21 114 1615 1154 566 177 393 42 944 128 33 27
931 21 2004 1409 1792 2005 2005 1659 1482 2005 254 33 27
932 20 1994 1994 1994 1995 1995 1995 1995 1995 1995 33 27
933 21 261 2004 103 291 1089 193 93 30 97 33 27
934 21 235 148 1283 87 219 2005 1764 1631 39 33 27
935 21 141 946 494 182 291 129 325 433 3 33 27
936 21 599 147 325 430 451 377 531 1091 12 33 27
937 21 254 961 449 127 132 200 87 403 12 33 27
938 21 293 1628 766 123 727 219 178 585 7 33 27
939 21 646 2004 637 291 617 39 74 535 164 33 27
940 21 335 162 504 422 1094 21 80 27 4 33 27
941 21 1203 2004 384 453 1484 2005 929 1097 89 33 27
942 21 1504 2004 1276 1556 2004 725 388 1001 140 33 27
943 21 517 1165 438 363 1977 69 40 150 143 33 27
944 21 155 135 196 190 35 21 38 30 23 33 27
945 21 567 482 209 384 557 89 42 40 65 33 27
946 21 421 611 484 499 286 25 273 44 23 33 27
947 21 255 336 576 87 370 22 52 21 26 33 27
948 21 1520 396 321 1336 1044 69 23 434 163 33 27
949 21 1381 2004 626 1041 2004 317 300 559 531 33 27
950 21 390 555 232 218 1171 469 242 373 14 33 27
951 21 351 189 382 124 1 23 41 24 33 33 27
952 21 1195 1175 1128 354 942 97 544 2005 20 33 27
953 21 393 546 155 220 367 2004 535 340 5 33 27
954 21 769 803 730 132 201 26 44 44 161 33 27
955 21 879 234 279 1260 2004 100 45 28 326 33 27
956 21 478 666 274 231 418 23 37 113 32 33 27
957 21 412 792 835 372 1988 82 56 745 97 33 27
958 21 2005 2005 2005 2005 2005 1688 479 2005 724 33 27
959 21 315 295 218 152 811 26 25 30 14 33 27
960 21 556 589 159 251 1175 463 32 98 37 33 27
961 21 650 315 823 364 117 183 76 1316 13 33 27
962 21 349 293 170 125 748 29 67 32 18 33 27
963 21 630 763 895 550 1530 645 468 124 144 33 27
964 21 550 814 271 116 1987 436 294 2005 27 33 27
965 21 1023 887 251 1489 2004 60 113 44 107 33 27
966 21 231 371 242 253 127 24 32 31 14 33 27
967 21 196 241 308 182 168 70 29 1475 24 33 27
968 21 673 1582 1982 289 270 273 305 403 51 33 27
969 21 138 270 147 101 143 213 165 406 26 33 27
970 21 310 1817 312 291 260 213 59 96 119 33 27
971 21 265 465 2004 153 632 520 130 2005 15 33 27
972 21 833 600 2004 268 1220 1768 320 545 156 33 27
973 21 146 414 211 186 552 379 125 16 16 33 27
974 21 288 339 244 163 56 28 37 35 99 33 27
975 21 346 2004 1008 187 427 87 1 118 27 33 27
976 21 1999 1999 1999 2001 2000 2000 2000 2000 1059 33 27
977 21 167 676 212 72 182 28 37 39 25 33 27
978 21 394 1129 222 321 543 314 138 26 104 33 27
979 21 1479 2004 350 373 1564 764 782 971 18 33 27
980 21 777 2004 847 554 2004 379 174 74 24 33 27
981 21 218 428 232 221 394 440 189 70 13 33 27
982 21 272 474 277 168 211 21 33 21 14 33 27
983 21 139 531 144 155 424 344 38 24 25 33 27
984 21 2005 348 893 83 138 1292 1641 2005 65 33 27
985 21 386 266 221 147 287 27 35 231 141 33 27
986 21 578 791 255 81 636 24 38 27 75 33 27
987 21 412 1786 246 405 668 77 55 645 102 33 27
988 21 331 157 196 164 344 295 65 192 68 33 27
989 21 1613 1890 1401 1629 1120 2005 2005 2005 321 33 27
990 22 233 210 331 81 93 1710 2005 2005 55 33 27
991 21 236 233 162 299 417 38 43 67 107 33 27
992 21 741 252 353 63 383 20 1 27 36 33 27
993 21 1621 2003 2003 1297 2004 1353 597 2004 343 33 27
994 21 911 2004 692 372 1272 215 479 985 88 33 27
995 21 2001 2001 2001 1578 2001 2001 2001 2001 1657 33 27
996 21 2004 2004 836 188 1973 551 351 1524 528 33 27
997 21 988 736 1673 125 141 2005 2005 2005 29 33 27
998 21 307 1434 915 479 172 2005 925 2005 50 33 27
999 21 1187 2004 483 371 553 52 60 618 186 33 27
1000 21 429 604 361 233 904 26 30 28 48 33 27
1001 22 145 165 596 344 270 24 30 27 35 34 27
1002 21 70 1117 96 69 385 25 38 29 23 33 27
1003 21 223 1119 607 718 1205 2005 2005 228 82 33 27
1004 21 680 2004 711 184 1809 106 767 2005 10 33 27
1005 21 98 410 106 124 152 19 24 30 10 33 27
1006 21 125 795 450 211 327 29 132 37 38 33 27
1007 21 614 414 431 91 454 53 36 253 99 33 27
1008 21 94 1425 366 501 991 25 27 28 6 33 27
1009 21 270 453 482 647 68 150 392 77 32 33 27
1010 21 165 720 127 114 474 34 29 38 1 33 27
1011 21 94 648 168 279 280 19 178 93 29 33 27
1012 21 358 1185 304 69 150 22 43 265 37 33 27
1013 21 1248 1607 309 387 559 163 100 205 235 33 27
1014 21 185 1050 227 100 902 785 49 31 30 33 27
1015 21 491 2004 537 326 1747 1679 786 863 173 33 27
1016 21 455 636 2004 316 9 2005 2005 2005 5 33 27
1017 21 815 433 841 276 773 222 441 748 71 33 27
1018 21 272 186 584 123 840 32 40 25 7 33 27
1019 21 443 2004 1517 487 1407 53 214 26 104 33 27
1020 21 358 297 101 418 611 87 718 2005 112 33 27
1021 21 166 405 321 405 344 22 33 405 1 33 27
1022 21 383 367 178 452 625 685 53 24 118 33 27
1023 21 625 794 519 581 1537 446 116 551 6 33 27
1024 21 253 644 318 199 896 45 71 26 24 33 27
1025 21 78 759 281 240 346 64 29 20 19 33 27
1026 21 185 247 726 140 84 36 60 70 25 33 27
1027 21 323 262 123 102 1342 22 124 25 65 33 27
1028 21 1138 2004 599 616 2004 461 403 1019 134 33 27
1029 21 1024 2004 696 525 2004 523 408 592 92 33 27
1030 21 168 125 150 141 208 20 21 18 3 33 27
1031 21 762 2004 654 746 2004 27 148 73 152 33 27
1032 21 449 924 421 174 677 25 185 144 118 33 27
1033 21 619 704 145 492 993 787 496 320 93 33 27
1034 21 1093 1749 765 891 2005 529 1081 1109 145 33 27
1035 21 530 1510 474 351 266 342 43 21 128 33 27
1036 21 383 563 287 247 1204 215 871 603 140 33 27
1037 21 2004 1404 1105 2004 2004 2005 1550 1345 464 33 27
1038 21 272 734 716 151 1054 31 39 23 100 33 27
1039 21 482 235 165 405 245 432 486 111 57 33 27
1040 22 2004 2004 2004 401 1258 2005 609 2005 375 33 27
1041 21 784 599 132 257 135 162 31 267 240 33 27
1042 21 374 393 175 103 467 905 523 28 30 33 27
1043 21 1568 1739 1858 2004 954 2005 2005 2005 47 33 27
1044 21 744 1485 688 565 486 204 45 431 339 33 27
1045 21 229 526 353 345 98 346 22 361 7 33 27
1046 21 125 230 413 88 503 20 29 25 11 33 27
1047 21 264 540 121 388 892 21 32 31 14 33 27
1048 21 748 758 561 578 706 465 460 1005 39 33 27
1049 21 107 312 190 157 501 160 40 34 32 33 27
1050 21 194 220 112 110 135 48 554 2005 32 33 27
1051 21 133 160 639 294 369 33 37 39 88 33 27
1052 21 1142 815 442 1424 860 1873 1757 2005 105 33 27
1053 21 103 390 175 161 216 30 30 27 22 33 27
1054 21 1695 2004 1908 1122 2004 437 346 1148 422 33 27
1055 21 865 649 1684 1642 796 665 415 451 329 33 27
1056 21 253 547 176 84 1710 20 30 29 20 33 27
1057 21 473 1253 1218 513 70 488 204 54 64 33 27
1058 21 200 1009 352 357 292 1701 138 248 94 33 27
1059 21 121 380 255 1203 194 18 63 32 12 33 27
1060 21 817 1036 736 296 298 2005 208 29 43 33 27
1061 21 292 832 545 407 209 22 27 49 106 33 27
1062 21 190 327 494 235 305 284 47 32 21 33 27
1063 20 1994 1994 1994 1994 1994 1995 1995 1995 1995 33 27
1064 21 110 154 167 140 81 23 32 27 6 33 27
1065 21 470 2004 641 300 922 70 75 799 29 33 27
1066 21 722 682 915 219 796 193 35 36 135 33 27
1067 21 162 1829 1324 297 1621 125 158 1469 67 33 27
1068 21 2004 123 1664 202 2004 300 429 358 587 33 27
1069 21 427 225 244 185 316 23 117 28 33 33 27
1070 28 1999 1999 1999 1534 1999 1999 1623 1999 445 43 36
1071 21 254 583 312 97 135 50 31 149 24 33 27
1072 21 147 217 130 142 74 24 65 27 40 33 27
1073 21 114 157 558 122 244 143 49 28 102 33 27
1074 21 310 283 422 111 534 550 53 73 19 33 27
1075 21 354 1933 465 297 1083 390 612 1320 9 33 27
1076 21 370 1525 1829 189 138 365 582 63 20 33 27
1077 21 1399 2005 527 655 263 513 1 1485 101 33 27
1078 21 166 679 270 253 195 170 209 793 79 33 27
1079 21 1007 475 601 211 652 2005 1848 2005 123 33 26
1080 21 253 484 104 165 581 20 1 466 91 33 27
1081 21 170 214 311 258 753 25 40 341 18 33 27
1082 21 744 233 757 168 227 26 29 29 103 33 27
1083 21 139 404 122 72 221 546 743 452 12 33 27
1084 21 1999 1999 1999 1923 2001 2000 2000 2000 2000 33 27
1085 21 406 1000 334 207 159 147 60 27 2 33 27
1086 21 636 141 673 445 660 70 372 33 43 33 27
1087 21 199 321 136 88 174 23 30 25 31 33 27
1088 21 441 1085 730 427 591 372 277 92 67 33 27
1089 21 608 892 389 312 555 197 59 26 152 33 27
1090 21 132 178 307 148 172 26 33 27 41 33 27
1091 21 429 1187 387 362 780 23 57 268 192 33 27
1092 21 250 137 289 394 237 37 23 21 139 33 27
1093 21 352 491 322 187 286 23 35 24 40 33 27
1094 21 349 360 480 371 891 854 23 24 17 33 27
1095 21 1337 1399 1205 983 2004 1096 242 66 309 33 27
1096 21 127 839 137 185 107 24 31 29 24 33 27
1097 21 183 421 850 360 325 26 33 27 10 33 27
1098 21 745 1814 1372 341 1 65 299 2005 120 33 27
1099 21 621 431 283 236 2004 41 103 239 138 33 27
1100 21 2005 2005 2005 1858 2005 1308 984 236 943 33 27
1101 21 1043 1340 319 886 1862 170 35 29 164 33 27
1102 21 246 754 104 122 492 29 317 993 31 33 27
1103 21 194 620 146 260 459 24 100 479 32 33 27
1104 21 525 1138 1234 1680 1386 373 40 27 136 33 27
1105 21 266 2004 476 176 164 2004 210 222 502 33 27
1106 21 2001 2001 2001 2001 2001 2001 2001 2001 795 33 27
1107 21 875 2004 637 373 1176 79 161 28 131 33 27
1108 21 678 740 295 173 640 82 459 883 119 34 27
1109 21 177 438 1041 182 172 142 1188 369 26 33 27
1110 21 834 2004 1092 454 966 532 270 1810 123 33 27
1111 21 413 834 335 138 640 28 30 54 59 33 27
1112 21 564 1901 1204 757 386 353 41 529 79 33 27
1113 21 107 312 386 795 570 22 32 41 43 33 27
1114 21 1387 709 1588 403 161 40 1 76 241 33 27
1115 21 453 550 195 642 300 54 30 32 26 33 27
1116 22 115 1123 606 69 247 24 37 25 14 33 27
1117 21 124 442 99 394 375 23 48 56 85 33 27
1118 21 1482 844 242 1050 256 259 48 460 149 33 27
1119 21 391 496 148 103 1223 1095 158 647 17 33 27
1120 21 1003 2004 662 416 522 19 69 76 22 33 27
1121 21 189 439 387 107 133 301 33 44 25 33 27
1122 21 150 784 579 206 44 183 66 389 75 33 27
1123 21 223 215 213 80 296 19 1 30 112 33 27
1124 21 2005 2005 2005 311 279 347 235 37 146 33 27
1125 21 285 1624 200 248 340 29 33 30 24 33 27
1126 21 189 505 272 69 396 199 41 30 19 33 27
1127 21 127 371 378 229 1635 81 57 283 118 33 27
1128 21 787 163 375 423 306 269 295 86 1 33 27
1129 21 424 1403 429 211 2004 678 205 30 68 33 27
1130 21 250 287 173 86 640 23 29 24 80 33 27
1131 21 1006 1363 610 430 1110 414 387 69 126 33 27
1132 21 127 263 377 145 381 25 31 30 58 33 27
1133 21 260 809 286 223 250 148 28 44 32 33 27
1134 21 544 1016 492 659 1320 982 612 27 171 33 27
1135 21 105 694 186 98 313 441 313 613 24 33 27
1136 21 662 326 436 136 1011 25 32 28 9 33 27
1137 21 329 1209 205 492 525 22 29 242 128 33 27
1138 21 181 192 163 166 86 22 24 21 1 33 27
1139 21 631 708 303 315 1348 269 91 22 46 33 27
1140 21 395 691 102 237 291 22 28 188 29 33 27
1141 21 100 128 174 147 584 21 33 105 11 33 27
1142 21 180 521 185 214 1635 22 33 30 33 33 27
1143 21 97 673 163 249 379 30 22 28 2 33 27
1144 21 494 623 144 358 442 151 125 68 58 33 27
1145 21 266 310 1261 225 348 613 354 84 35 33 27
1146 22 216 466 468 147 122 105 1 277 107 33 27
1147 21 333 1135 353 325 495 229 300 56 24 33 27
1148 21 243 345 661 269 493 1265 838 347 68 33 27
1149 21 232 1007 279 306 317 29 37 35 86 33 27
1150 21 633 390 369 220 1023 1128 893 877 42 33 27
1151 21 103 410 147 96 696 22 29 26 62 33 27
1152 20 1999 1999 1999 1999 1999 2000 2000 2000 2000 32 26
1153 21 84 656 110 104 141 25 160 22 23 33 27
1154 21 116 2004 443 307 272 25 37 26 14 33 27
1155 21 242 526 295 622 207 163 201 30 61 33 27
1156 21 493 363 252 379 168 156 147 30 29 33 27
1157 21 378 901 863 724 895 338 36 73 79 33 27
1158 21 215 182 431 253 333 19 1 56 7 33 27
1159 21 691 571 216 845 868 71 34 55 67 33 27
1160 21 110 341 146 314 206 31 42 134 65 33 27
1161 21 528 1687 668 460 964 22 69 128 24 33 27
1162 20 2001 2001 2001 2001 2001 2001 1757 2001 2001 33 27
1163 21 256 484 189 85 624 84 208 23 32 33 27
1164 21 209 2004 216 233 110 29 23 39 1 33 27
1165 21 699 535 694 1257 1108 930 2007 2005 82 33 27
1166 21 432 702 338 323 1257 34 39 15 35 33 27
1167 21 384 136 148 105 362 174 26 523 65 33 27
1168 21 2005 2005 2005 1763 2005 1823 2005 2005 1175 33 27
1169 21 266 244 464 69 73 22 32 28 5 33 27
1170 21 272 1105 762 399 1082 459 312 29 150 33 27
1171 21 1160 225 2005 552 622 2005 2005 2007 205 33 27
1172 21 251 116 170 102 977 29 31 37 5 33 27
1173 21 976 419 385 103 419 479 38 62 387 33 27
1174 21 210 218 816 277 158 274 28 35 83 33 27
1175 21 461 670 401 277 1032 342 257 594 52 33 27
1176 21 1787 1289 1652 836 1545 2005 1498 1616 175 33 27
1177 21 172 109 1883 144 62 20 603 78 28 33 27
1178 21 415 664 455 66 1096 558 27 48 235 33 27
1179 21 550 1577 833 396 667 23 58 136 32 33 27
1180 21 644 2005 415 191 536 263 43 207 83 33 27
1181 21 114 625 98 118 56 77 113 32 23 33 27
1182 21 378 173 359 418 1432 35 31 43 174 33 27
1183 21 198 617 750 104 272 929 247 287 74 33 27
1184 21 237 482 147 213 59 278 28 24 21 33 27
1185 21 634 2005 433 334 1679 199 269 261 129 33 27
1186 21 495 680 851 374 394 194 65 261 322 33 27
1187 21 203 308 124 407 202 31 30 32 80 33 27
1188 21 295 1076 139 376 488 2005 983 64 396 33 27
1189 21 987 559 524 719 314 1874 766 2007 93 33 27
1190 21 350 235 422 83 428 29 29 419 21 33 27
1191 21 530 378 442 632 258 119 166 36 32 33 27
1192 21 571 1876 797 623 105 1038 169 1634 20 33 27
1193 21 371 1820 647 1410 897 650 236 1008 161 33 27
1194 21 286 839 476 265 467 25 35 28 7 33 27
1195 21 173 157 126 106 158 24 29 451 22 33 27
1196 21 194 245 1758 186 288 423 1189 2005 74 33 27
1197 21 237 470 941 109 175 229 113 103 55 33 27
1198 21 190 1354 279 227 803 27 39 220 10 33 27
1199 22 1556 1955 548 313 1533 2005 2005 2005 236 33 27
1200 21 120 137 105 338 99 105 120 1145 36 33 27
1201 21 1009 1865 903 269 1158 38 334 518 41 33 27
1202 21 1313 1659 2005 545 523 1501 442 807 77 33 27
1203 21 257 812 830 279 179 249 148 278 74 33 27
1204 21 2005 2005 2005 2005 2005 2005 2005 2005 2005 33 27
1205 21 491 342 205 87 136 20 37 24 32 33 27
1206 21 540 792 301 657 439 61 24 397 11 33 27
1207 21 2005 2005 1973 1125 2005 1463 781 2005 430 33 27
1208 22 458 329 120 229 156 67 31 26 32 33 27
1209 21 2005 2005 2005 2005 2005 2005 2005 2005 1065 33 27
1210 21 106 197 285 97 151 249 152 25 100 33 27
1211 21 106 474 340 246 1107 91 32 37 12 33 27
1212 21 153 585 263 84 368 387 33 28 100 33 27
1213 22 545 359 195 390 1037 402 81 92 21 33 27
1214 21 304 282 687 321 402 39 529 257 34 33 27
1215 21 109 1047 193 166 618 26 36 25 15 33 27
1216 21 255 353 112 184 372 27 1 30 18 33 27
1217 21 2005 702 95 216 471 148 348 535 276 33 27
1218 21 106 2005 146 143 334 40 36 49 32 33 27
1219 21 199 267 207 715 388 82 32 38 77 33 27
1220 21 142 326 123 84 87 22 38 27 22 33 27
1221 21 485 2005 761 266 454 637 53 705 264 33 27
1222 22 216 450 544 683 388 81 44 77 14 33 27
1223 21 249 629 529 222 479 25 27 30 20 33 27
1224 22 660 928 1406 415 885 631 247 393 60 33 27
1225 21 1516 2005 1727 1688 2005 362 389 372 346 33 27
1226 21 253 246 194 110 392 25 27 26 23 33 27
1227 21 439 143 253 301 665 1316 185 420 56 33 27
1228 21 517 351 223 205 236 131 43 25 58 33 27
1229 21 268 442 440 291 319 33 32 280 115 33 27
1230 21 149 1215 134 75 397 39 49 30 130 33 27
1231 21 478 919 587 171 522 1075 335 355 131 33 27
1232 21 546 397 146 257 475 22 67 239 12 33 27
1233 21 1071 798 354 102 466 501 94 670 24 33 27
1234 21 118 405 196 180 73 152 24 40 11 33 27
1235 21 157 156 729 445 303 383 206 915 126 33 27
1236 21 100 519 337 151 638 30 128 207 65 33 27
1237 21 219 470 630 208 58 93 91 127 27 33 27
1238 21 914 492 379 560 392 2007 2007 2007 78 33 27
1239 21 739 1910 885 446 429 23 1 771 27 33 27
1240 21 2005 2005 2005 1704 2005 2005 2005 2005 2005 33 27
1241 21 392 1300 240 157 357 163 98 256 102 33 27
1242 21 916 225 172 510 503 169 118 49 156 33 27
1243 22 1021 1346 208 292 494 930 2006 2006 150 33 27
1244 21 200 197 119 92 280 34 30 277 30 33 27
1245 21 413 1111 774 109 428 298 35 54 133 33 27
1246 21 480 520 191 246 1028 96 374 163 60 33 27
1247 21 94 377 307 392 399 29 32 56 15 33 27
1248 21 100 825 922 261 1168 27 49 27 184 33 27
1249 21 106 191 191 89 366 86 123 31 21 33 27
1250 21 624 2005 780 455 2005 804 319 1787 172 33 27
1251 21 132 1505 144 268 387 29 35 43 17 33 27
1252 21 260 403 132 190 366 22 226 26 42 33 27
1253 21 858 2005 1009 689 2005 547 818 765 289 33 26
1254 22 996 1082 1269 945 2005 299 90 702 263 33 27
1255 21 190 743 272 117 327 985 1010 2007 37 33 27
1256 21 232 173 216 143 165 25 38 29 17 33 27
1257 21 99 804 497 429 149 21 33 18 31 33 27
1258 21 225 688 749 176 111 50 36 28 26 33 27
1259 21 564 1119 269 133 652 22 25 25 1 33 27
1260 21 417 670 221 91 94 26 34 114 209 33 27
1261 21 468 491 426 1692 751 280 221 558 185 33 27
1262 21 769 1085 1120 413 474 190 114 82 17 33 27
1263 21 409 401 99 370 1123 198 28 52 106 33 27
1264 22 280 494 420 225 586 893 311 1256 21 33 27
1265 22 1071 1520 1732 666 2005 145 422 1688 330 33 27
1266 21 263 357 96 262 899 25 29 25 164 33 27
1267 22 2005 2005 2005 1781 1606 421 320 1621 283 33 27
1268 21 456 1069 110 102 35 80 35 198 27 33 27
1269 21 224 297 292 98 178 148 31 23 20 33 27
1270 21 249 713 893 191 512 459 453 888 33 33 27
1271 21 391 1625 465 271 100 56 1 174 136 33 27
1272 21 909 1994 1456 286 506 65 465 701 114 33 27
1273 21 413 777 154 219 175 27 28 25 79 33 27
1274 21 176 1009 196 118 107 936 606 1892 26 33 27
1275 21 1406 1002 341 655 2005 41 45 40 115 33 27
1276 21 71 353 84 444 57 18 23 24 11 33 27
1277 21 2005 369 924 367 589 2005 437 161 262 33 27
1278 22 1139 476 969 1557 597 1263 348 2007 267 33 27
1279 21 232 351 537 287 173 18 30 55 9 33 27
1280 21 250 361 163 74 264 489 148 77 29 33 27
1281 21 532 642 132 177 545 221 34 22 116 33 27
1282 21 157 113 101 472 341 34 68 106 83 33 27
1283 21 80 671 153 194 268 226 119 23 16 33 27
1284 21 278 157 127 90 115 22 26 26 4 33 27
1285 21 116 817 658 249 181 22 29 44 10 33 27
1286 21 260 338 1186 493 421 55 1 208 279 33 27
1287 21 848 1152 498 688 2004 1857 591 75 176 33 27
1288 21 666 897 1072 720 2004 354 181 60 17 33 27
1289 21 602 1692 1772 719 1236 335 40 29 151 33 27
1290 21 2005 2005 2005 2005 2005 1040 890 1310 600 33 27
1291 21 301 258 283 172 314 25 30 27 108 33 27
1292 21 2005 2005 2005 1030 2005 587 348 348 349 33 27
1293 21 104 1301 92 110 665 28 1 33 28 33 27
1294 21 381 1922 812 243 646 697 57 444 70 33 27
1295 21 810 711 270 140 533 36 62 131 21 33 27
1296 21 922 520 393 152 471 22 25 25 56 33 27
1297 21 305 254 488 157 685 70 160 353 170 33 27
1298 21 2005 2005 2005 2005 2005 2005 1266 1101 274 33 27
1299 21 270 357 490 199 453 285 576 33 25 33 27
1300 21 384 443 1246 221 202 243 23 49 10 33 27
1301 21 1423 958 1598 670 527 2007 1907 2007 93 33 27
1302 21 671 2005 243 110 252 62 61 24 16 33 27
1303 21 304 678 937 237 290 237 28 431 13 33 27
1304 21 188 265 881 204 564 109 597 97 25 33 27
1305 21 772 128 333 135 577 27 107 204 26 33 27
1306 21 279 1818 395 73 960 33 38 34 46 33 27
1307 21 108 460 103 73 468 32 39 909 29 33 27
1308 21 1080 953 202 835 147 46 578 759 30 33 27
1309 22 796 513 2005 187 424 2005 2005 2005 67 33 27
1310 22 157 182 98 120 207 21 23 47 96 33 27
1311 21 632 497 447 356 1372 1185 93 29 69 33 27
1312 21 296 841 143 392 1216 91 45 38 194 33 27
1313 21 427 987 636 370 1099 24 26 36 8 33 27
1314 21 264 217 286 84 269 31 168 553 31 33 27
1315 21 186 476 246 282 510 25 42 837 88 33 27
1316 22 355 627 319 296 404 187 366 327 49 33 27
1317 22 232 622 976 198 793 367 30 192 8 33 27
1318 21 566 410 383 124 498 2005 977 1379 13 33 27
1319 21 608 1537 201 347 559 706 73 293 61 33 27
1320 21 595 602 1223 171 186 912 432 508 46 33 27
1321 21 164 327 228 1411 528 23 51 78 32 33 27
1322 21 423 154 98 163 135 28 35 31 18 33 27
1323 21 134 165 181 319 160 26 26 31 46 33 27
1324 21 374 740 98 234 114 23 44 23 20 33 27
1325 21 193 291 298 82 231 22 28 25 65 33 27
1326 21 1267 160 146 546 557 589 83 70 189 33 27
1327 21 197 212 369 130 258 22 29 20 15 33 27
1328 21 771 316 489 307 191 58 136 32 21 33 27
1329 21 2005 2005 2005 2005 1653 2005 2005 2005 607 33 27
1330 21 403 544 183 356 689 268 1 61 216 33 27
1331 21 189 766 281 326 758 33 42 19 21 33 27
1332 21 112 879 193 85 561 23 33 25 22 33 27
1333 21 958 2005 1733 791 1411 32 59 339 236 33 27
1334 22 552 784 470 168 191 1276 247 800 153 33 27
1335 21 1406 2005 1253 888 2005 398 600 1161 145 33 27
1336 21 99 231 93 155 203 22 27 45 13 33 27
1337 21 89 329 224 88 230 18 23 23 49 33 27
1338 21 134 544 255 178 148 22 33 24 8 33 27
1339 21 104 1885 1268 115 271 687 767 2006 106 33 27
1340 21 980 425 197 173 501 283 293 30 120 33 27
1341 21 231 202 78 424 69 26 30 30 21 33 27
1342 21 286 629 297 515 538 34 29 516 25 33 27
1343 21 432 1008 701 497 362 36 44 83 294 33 27
1344 21 402 452 422 317 199 289 76 45 17 33 27
1345 21 113 160 132 323 132 63 20 70 10 33 27
1346 21 2005 2005 2005 2005 2005 2005 2005 2005 1810 33 27
1347 21 619 170 195 180 273 22 87 861 14 33 27
1348 22 473 1201 557 152 1254 40 54 30 65 33 27
1349 21 564 1070 370 149 359 189 90 110 220 33 27
1350 21 445 260 346 304 364 27 35 74 14 33 27
1351 21 1119 2005 1789 435 1938 42 404 174 301 33 27
1352 21 1150 2005 530 439 1138 118 99 516 243 33 27
1353 21 320 234 112 90 254 20 27 24 22 33 27
1354 21 291 1218 149 464 1534 113 253 19 221 33 27
1355 21 571 170 347 102 745 22 45 22 149 33 27
1356 21 692 392 287 75 626 444 229 225 35 33 27
1357 21 238 1114 300 178 533 28 173 27 17 33 27
1358 21 168 410 125 111 337 26 37 479 24 33 27
1359 22 404 448 144 178 950 291 463 269 85 33 27
1360 22 1817 1318 1182 248 868 2007 2007 2007 250 33 27
1361 21 319 2005 562 754 1671 210 124 256 119 33 27
1362 21 103 968 617 491 252 22 40 69 34 33 27
1363 21 2005 2005 1201 776 2005 396 1201 1185 217 33 27
1364 22 125 208 188 108 265 53 34 26 28 33 27
1365 21 350 261 371 220 127 27 40 29 60 33 27
1366 21 486 489 702 307 440 25 31 34 16 33 27
1367 21 89 296 1053 305 947 487 678 2005 20 33 27
1368 21 336 867 887 1380 1246 119 113 507 187 33 27
1369 21 173 160 381 174 166 24 25 27 4 33 27
1370 21 159 210 646 141 207 24 26 28 26 33 27
1371 21 1142 530 461 226 487 29 65 885 225 33 27
1372 21 652 2005 307 494 513 407 50 212 19 33 27
1373 21 358 507 1655 388 104 1197 257 392 26 33 26
1374 21 119 340 690 148 135 28 1 36 21 33 27
1375 21 174 1333 1349 81 1572 1049 471 2005 62 33 27
1376 21 256 744 521 98 131 27 43 27 32 33 27
1377 21 449 232 394 1881 756 1211 501 1568 166 33 27
1378 21 192 525 382 211 415 86 50 303 31 33 27
1379 21 215 291 100 98 461 30 25 59 1 33 27
1380 33 2005 2005 2005 2005 2005 2005 2005 2005 1831 49 42
1381 21 259 698 208 208 221 23 26 25 81 33 27
1382 21 167 162 322 156 102 42 52 42 9 33 27
1383 21 215 2005 331 267 1168 735 674 1807 17 33 27
1384 21 128 435 150 131 210 93 69 113 65 33 27
1385 21 401 435 171 565 1605 17 34 65 116 33 27
1386 21 447 204 167 346 726 265 649 1313 32 33 27
1387 21 631 140 843 563 298 1054 191 403 171 33 27
1388 21 90 819 999 104 207 90 87 1873 29 33 27
1389 21 361 300 525 70 172 713 164 34 17 33 27
1390 21 564 951 476 91 1766 31 28 145 221 33 27
1391 21 2005 2005 1396 2005 2005 810 1275 1375 541 33 27
1392 22 122 312 211 360 300 171 1 39 20 33 27
1393 21 653 341 479 639 1013 34 44 261 19 33 27
1394 21 131 356 385 778 130 49 34 62 74 33 27
1395 21 1013 545 751 225 288 1516 818 2007 122 33 27
1396 21 546 2005 738 342 551 22 65 21 236 33 27
1397 21 776 1376 389 162 1022 259 11 24 83 33 27
1398 22 406 1233 221 88 735 55 122 143 150 33 27
1399 22 785 419 621 163 676 1870 2006 2007 165 33 27
1400 21 570 1165 413 79 235 49 47 34 178 33 27
1401 21 88 745 168 652 452 36 28 26 8 33 27
1402 21 708 518 338 373 340 187 170 72 36 33 27
1403 21 1411 1598 2005 1420 491 2005 1300 2005 133 33 27
1404 21 1019 922 678 2006 1633 2006 2006 2006 52 33 27
1405 22 76 194 128 282 218 29 21 29 17 33 27
1406 21 223 275 508 781 783 25 192 112 10 33 27
1407 22 1524 281 616 259 174 458 599 979 13 33 27
1408 21 227 419 153 114 147 46 57 672 68 33 27
1409 21 288 892 1158 70 174 198 105 20 33 33 27
1410 21 2005 923 1040 219 1092 1094 996 2005 1683 33 27
1411 21 99 1016 345 242 164 46 25 29 16 33 27
1412 21 865 447 443 115 927 154 1 43 219 33 27
1413 21 329 301 112 214 536 34 34 32 28 33 27
1414 21 102 362 102 200 325 118 21 134 88 33 27
1415 21 226 365 141 247 271 19 31 676 42 33 27
1416 21 1347 2005 569 204 1605 50 288 45 115 33 27
1417 21 1367 762 401 1561 775 1097 1030 2006 278 33 27
1418 21 557 190 323 132 354 24 34 35 41 33 27
1419 21 593 860 588 705 1542 67 34 23 35 33 27
1420 21 1227 1464 1443 1295 1214 2006 2007 2007 238 33 27
1421 21 800 805 561 212 620 164 179 30 21 33 27
1422 21 437 600 290 239 114 780 230 2007 82 33 27
1423 22 1125 769 844 1350 1387 29 93 222 101 33 27
1424 21 123 1592 237 246 1188 18 1 31 26 33 27
1425 21 639 1420 917 940 1464 312 621 420 240 33 27
1426 21 201 2005 480 114 316 126 37 23 60 33 27
1427 21 100 127 423 87 341 1244 377 47 12 33 27
1428 21 1063 399 529 288 855 47 71 487 361 33 27
1429 22 794 955 341 462 569 729 38 526 41 33 27
1430 21 766 391 727 804 1585 32 373 338 119 33 27
1431 21 224 1208 295 203 520 46 43 30 132 33 27
1432 21 247 575 183 108 5 878 33 200 39 33 27
1433 21 120 572 209 239 237 309 35 53 1 33 27
1434 21 484 547 1701 761 430 264 477 327 122 33 27
1435 21 774 303 2005 813 577 2007 2007 2007 107 33 27
1436 21 507 445 479 458 648 2006 2006 1951 21 33 27
1437 22 565 1045 379 184 608 70 44 44 275 33 27
1438 21 1395 2005 856 268 368 868 457 29 75 33 27
1439 22 419 525 893 163 827 39 30 25 108 33 27
1440 22 266 164 278 479 1242 521 765 1165 127 33 27
1441 21 197 711 485 388 554 198 296 259 25 33 27
1442 21 2005 2005 2005 2005 2005 2005 2005 2005 1745 32 26
1443 22 580 394 595 112 12 33 41 21 27 33 27
1444 21 152 299 145 165 327 34 242 243 53 33 27
1445 21 565 1071 361 102 554 220 53 26 33 33 27
1446 22 228 714 711 253 302 70 29 31 10 33 27
1447 21 703 583 311 321 516 303 335 170 139 33 27
1448 21 182 137 483 371 159 162 141 312 10 33 27
1449 21 275 818 571 1319 207 334 674 517 1 33 27
1450 21 256 533 339 68 179 1286 2007 611 74 33 27
1451 21 467 1420 624 308 60 26 160 319 28 33 27
1452 22 2005 2005 539 1166 838 2005 1578 873 356 33 27
1453 21 248 278 936 76 146 1328 196 487 111 33 27
1454 21 186 547 817 268 711 346 194 1228 4 33 27
1455 21 247 402 2005 996 236 444 119 607 179 33 27
1456 21 182 1766 369 513 362 97 37 31 37 33 27
1457 21 1168 1177 149 256 1046 108 65 26 101 33 27
1458 21 711 651 111 724 852 287 80 413 191 33 27
1459 21 110 1519 299 634 519 24 71 24 83 33 27
1460 21 592 721 101 561 180 2005 1675 2005 57 33 27
1461 21 186 613 398 490 1650 23 37 91 98 33 27
1462 21 274 715 453 226 502 34 38 64 18 33 27
1463 21 426 333 153 418 92 1655 655 588 171 33 27
1464 22 281 567 626 147 229 41 80 20 58 33 27
1465 21 107 161 1302 365 135 231 73 1300 26 33 27
1466 22 284 611 1468 598 288 2007 2007 2007 30 33 27
1467 22 2005 2005 765 112 1617 354 465 391 171 33 27
1468 21 848 1288 2005 412 517 316 210 625 264 33 27
1469 22 312 368 220 233 402 18 26 309 64 33 27
1470 21 614 1126 634 525 43 63 298 509 149 33 27
1471 22 1447 1413 547 729 600 2005 2005 2007 81 33 27
1472 21 563 2005 206 85 270 19 47 25 62 33 27
1473 21 154 1726 246 187 856 33 161 391 92 33 27
1474 21 687 465 322 161 127 22 19 87 164 33 27
1475 21 112 1035 145 80 254 173 39 27 145 33 27
1476 21 574 195 2005 318 399 632 549 123 167 33 27
1477 21 285 226 638 202 191 237 96 405 31 33 27
1478 21 158 1135 226 62 142 29 31 34 34 33 27
1479 21 2005 2005 2005 1792 2005 2005 1082 350 1202 33 27
1480 21 347 437 131 114 245 26 21 23 12 33 27
1481 22 859 403 727 261 237 628 30 63 144 33 27
1482 21 194 171 610 2005 501 490 83 780 19 33 27
1483 21 127 180 107 257 193 22 27 29 20 33 27
1484 21 196 118 223 201 378 29 208 385 40 33 27
1485 21 193 780 227 123 172 67 118 76 134 33 27
1486 21 214 675 532 159 385 57 39 28 22 33 27
1487 21 289 724 357 112 2004 34 119 20 62 33 27
1488 21 1856 2005 2005 599 1950 1969 2005 1272 185 33 27
1489 22 787 2005 674 520 826 766 1087 924 61 33 27
1490 21 111 177 329 95 39 72 65 546 101 33 27
1491 21 1427 2005 2005 1418 2005 1951 166 102 263 33 27
1492 21 205 509 217 176 1479 41 58 35 14 33 27
1493 22 966 1546 2005 2005 1360 201 78 305 222 33 27
1494 21 532 853 1478 802 289 372 378 54 55 33 27
1495 21 578 577 158 134 290 20 35 269 103 33 27
1496 21 883 229 357 86 1546 672 478 40 169 33 27
1497 21 553 1400 324 715 1078 417 709 1762 26 33 27
1498 22 233 2005 1128 496 316 232 345 525 34 33 27
1499 21 560 547 297 139 328 47 53 27 38 33 27
1500 21 480 163 174 87 251 413 173 25 187 33 27
1501 21 227 886 362 259 1114 55 40 29 52 33 27
1502 21 140 405 114 214 350 247 75 60 152 33 27
1503 22 1402 2005 177 197 790 142 50 619 85 33 27
1504 21 111 223 157 180 1124 33 17 41 31 33 27
1505 22 573 1006 483 428 302 2006 1352 2006 4 33 27
1506 21 1007 279 402 246 746 71 423 120 73 33 27
1507 21 571 1091 340 732 1312 977 221 43 119 33 27
1508 21 724 225 2005 1257 155 362 750 2007 29 33 27
1509 21 1721 947 2005 1110 112 935 711 2005 136 33 27
1510 21 594 2005 675 88 673 43 48 672 153 33 27
1511 22 2005 2005 2005 2005 2005 2005 1328 2005 116 34 27
1512 21 1050 391 672 1487 2005 27 327 548 100 33 27
1513 21 2005 2005 2005 2005 2005 2005 2005 2005 638 33 27
1514 21 1269 2005 1366 472 1541 104 174 531 323 33 27
1515 21 655 2005 726 445 977 1006 526 699 45 33 27
1516 22 115 180 175 84 148 23 280 23 9 33 27
1517 21 288 583 411 441 202 24 31 37 75 33 27
1518 21 120 748 143 224 378 404 32 68 25 33 27
1519 21 149 706 275 171 284 25 26 31 5 33 27
1520 22 139 152 174 159 152 41 25 29 4 33 27
1521 22 123 286 134 106 294 34 80 395 15 33 27
1522 21 515 925 550 583 1331 201 69 79 63 33 27
1523 21 138 199 93 68 206 42 29 56 12 33 27
1524 21 1632 151 172 496 187 290 214 121 160 33 27
1525 21 1413 356 300 186 658 66 44 51 31 33 27
1526 21 188 502 490 231 326 1493 729 1608 4 33 27
1527 22 842 1304 1732 903 836 511 67 25 120 33 27
1528 22 629 974 2005 203 153 827 560 2005 117 33 27
1529 21 1827 1158 154 207 521 40 44 49 59 33 27
1530 21 507 564 222 136 127 41 50 2005 148 33 27
1531 21 257 405 149 70 633 33 46 38 15 33 27
1532 21 361 174 170 80 317 24 191 298 22 33 27
1533 21 71 1249 363 174 765 32 29 90 30 33 27
1534 21 779 2005 1417 321 646 368 164 1065 154 33 27
1535 21 139 373 312 524 291 26 31 21 111 33 27
1536 22 476 183 972 633 173 432 41 591 189 33 27
1537 21 297 453 199 76 505 386 466 1278 136 33 27
1538 21 419 2005 2005 483 1351 881 51 75 140 33 27
1539 21 467 306 280 359 405 118 42 23 222 33 27
1540 22 239 608 256 112 352 47 26 62 66 33 27
1541 21 383 618 351 454 600 26 29 35 59 33 27
1542 21 837 930 740 908 677 1509 731 1565 184 33 27
1543 21 1435 1823 1312 979 2007 218 739 1167 398 33 27
1544 21 131 361 245 71 313 28 22 50 27 33 27
1545 21 250 1034 97 88 254 22 29 20 20 33 27
1546 22 1256 1090 983 432 237 2005 2007 2007 200 33 27
1547 21 361 249 136 68 274 581 476 2005 35 33 27
1548 21 341 420 125 103 417 24 87 49 73 33 27
1549 21 402 357 556 91 272 91 234 1246 12 33 27
1550 21 236 692 160 169 1196 69 49 146 31 33 27
1551 21 932 2005 1551 284 365 394 139 63 70 33 27
1552 21 303 642 303 312 291 23 30 82 12 33 27
1553 21 588 811 723 788 145 331 764 321 53 33 27
1554 21 325 1284 1171 85 70 1006 505 471 29 33 27
1555 21 363 224 617 1009 921 629 800 2007 337 33 27
1556 22 156 316 177 199 730 83 19 35 25 33 27
1557 21 1607 523 768 672 2004 66 132 104 192 33 27
1558 22 296 1089 219 76 387 70 244 657 234 33 27
1559 21 178 198 681 309 133 34 32 41 25 33 27
1560 22 379 416 247 238 483 199 27 26 29 34 27
1561 22 103 245 497 129 225 1557 1337 2007 1 33 27
1562 21 527 141 610 180 285 82 59 74 11 33 27
1563 22 1748 1327 2005 2005 2005 1130 1672 264 176 33 27
1564 21 134 822 1279 618 919 59 57 90 43 33 27
1565 21 145 625 154 119 343 24 32 23 15 33 27
1566 21 1237 2004 622 696 2005 111 56 84 128 33 27
1567 22 115 989 173 85 104 412 124 31 52 33 27
1568 21 1551 2004 629 401 2004 1489 171 58 293 33 27
1569 21 674 850 853 829 1113 25 605 2007 43 33 27
1570 21 1217 2006 844 782 1167 447 159 32 587 33 27
1571 21 803 234 577 1681 524 34 40 89 321 33 27
1572 21 546 1177 235 276 789 24 36 153 37 33 27
1573 21 300 2005 2005 428 731 294 477 1289 134 33 27
1574 21 2005 2005 2005 382 428 2005 2005 2005 210 33 27
1575 22 678 868 601 962 515 2005 1441 342 244 33 27
1576 21 759 561 1051 1258 1228 2006 2006 2006 231 30 25
1577 21 234 187 156 85 169 33 22 360 30 33 27
1578 21 2005 2005 2005 1327 2005 1928 988 818 514 33 27
1579 21 124 249 209 211 463 22 23 29 1 33 27
1580 21 311 876 433 431 896 21 33 23 25 33 27
1581 21 780 338 1483 150 81 1889 2007 855 224 33 27
1582 22 155 278 143 130 249 21 42 25 99 33 27
1583 21 2005 2005 2005 1103 2005 2005 726 2005 549 33 27
1584 21 393 533 1799 453 161 419 538 1864 125 33 27
1585 21 895 2005 2005 355 1169 138 177 112 46 33 27
1586 21 304 316 500 96 170 18 22 23 127 33 27
1587 21 2005 2005 2005 1932 2005 2005 779 2005 1955 33 27
1588 21 196 532 138 169 148 435 526 387 25 33 27
1589 22 1306 919 1426 1823 1624 2006 1468 705 287 33 27
1590 21 676 704 594 198 434 109 81 177 360 33 27
1591 21 247 248 631 135 311 38 206 41 63 33 27
1592 21 455 292 391 438 243 706 708 1294 25 33 27
1593 21 655 1603 694 242 1850 525 236 614 156 33 27
1594 22 611 1500 749 557 212 73 27 46 8 33 27
1595 21 93 118 164 80 113 23 26 34 13 33 27
1596 22 1472 1273 908 1795 2006 461 1442 1527 269 33 27
1597 21 121 473 195 161 607 19 30 30 45 33 27
1598 22 660 478 252 628 320 2005 1296 2007 47 33 27
1599 21 134 458 414 857 340 141 77 112 22 33 27
1600 21 2005 1573 2005 850 1094 2005 1372 1076 317 33 27
1601 22 669 2001 2001 1013 770 769 215 1560 152 33 27
1602 21 475 2005 409 432 626 370 277 546 30 33 27
1603 21 243 184 422 188 289 25 56 1076 98 33 27
1604 21 201 474 260 182 288 275 546 844 122 33 27
1605 21 189 1190 216 234 194 200 193 25 267 33 27
1606 21 2002 2005 1689 1299 2005 367 86 507 167 33 27
1607 22 2005 2005 960 828 2005 156 1 1471 278 33 27
1608 21 496 630 802 151 238 579 13 78 111 33 27
1609 21 989 719 393 1190 1031 1560 944 440 127 33 27
1610 21 524 1591 368 345 306 625 595 2005 47 33 27
1611 22 273 595 273 158 459 327 63 42 61 33 27
1612 21 283 795 2005 352 414 134 61 28 39 33 27
1613 22 279 237 114 353 277 25 42 535 28 33 27
1614 21 368 2005 213 846 1071 63 91 406 12 33 27
1615 22 959 1247 1717 1560 1729 2005 2005 2005 114 33 27
1616 21 2005 2005 1286 1543 2005 1075 851 1267 109 33 27
1617 21 389 791 94 112 330 27 260 301 101 33 27
1618 22 192 685 161 112 398 25 35 26 1 33 27
1619 21 360 563 631 1553 403 162 193 444 108 33 27
1620 21 578 482 534 325 192 23 67 36 13 33 27
1621 21 93 542 224 86 177 18 29 26 2 33 27
1622 21 101 168 228 265 254 22 28 26 19 33 27
1623 21 150 470 274 90 917 23 415 681 39 33 27
1624 21 1035 2005 1666 683 1431 278 243 691 201 33 27
1625 21 181 1015 320 116 775 342 207 852 91 33 27
1626 21 194 372 449 198 197 32 33 29 24 33 27
1627 21 1941 1429 572 810 2005 144 1146 1091 245 33 27
1628 22 669 1885 389 393 2005 2005 1786 2007 122 33 27
1629 21 2005 2005 1325 756 2005 1631 705 798 876 33 27
1630 22 263 1695 265 244 515 49 37 34 51 33 27
1631 21 605 356 326 275 586 46 49 801 11 33 27
1632 21 149 138 385 197 258 23 23 28 45 33 27
1633 21 843 155 1104 370 129 2005 2005 2005 156 33 27
1634 22 298 353 470 118 196 21 107 37 24 33 27
1635 21 365 185 143 157 249 24 27 29 40 33 27
1636 21 873 2005 607 192 167 2005 1374 2005 107 33 27
1637 22 660 1102 2005 301 245 1227 2007 1784 146 33 27
1638 21 128 112 126 132 465 24 34 27 13 33 27
1639 21 1265 704 1230 658 1063 2005 888 845 135 33 27
1640 21 222 637 267 182 445 47 26 42 20 33 27
1641 22 338 694 1022 541 230 466 67 94 22 33 27
1642 21 283 142 522 162 260 223 46 365 127 33 27
1643 21 815 2002 740 294 2002 97 63 41 13 33 27
1644 21 801 466 408 603 1152 36 65 40 58 33 27
1645 21 251 292 720 95 232 304 56 342 40 33 27
1646 21 802 655 1842 460 726 672 526 307 203 33 27
1647 21 213 338 166 131 230 50 285 133 51 33 27
1648 21 371 259 220 109 282 28 233 174 45 33 27
1649 21 343 184 120 270 679 25 29 233 28 33 27
1650 21 240 171 144 112 76 266 32 416 4 33 27
1651 21 1027 1599 822 734 1231 291 200 73 30 33 27
1652 21 133 246 210 320 189 35 33 63 68 33 27
1653 22 259 1168 274 385 530 162 31 164 21 33 27
1654 21 505 1719 1343 282 1022 1885 1734 1780 91 33 27
1655 21 99 288 182 86 385 29 12 62 92 33 27
1656 21 168 349 125 84 94 25 31 27 14 33 27
1657 21 1823 2004 1923 644 1576 432 2005 2005 214 34 27
1658 21 631 1775 876 279 1826 2005 2005 2005 25 32 26
1659 21 385 145 329 678 164 730 149 226 2 33 27
1660 21 184 188 147 441 251 225 407 960 62 33 27
1661 21 162 362 158 89 301 635 233 24 23 33 27
1662 21 633 1351 689 709 687 183 69 764 72 33 27
1663 21 771 345 254 219 79 28 42 29 9 33 27
1664 21 223 1089 211 332 394 390 465 65 111 33 27
1665 21 1032 866 694 646 826 87 478 407 112 33 27
1666 21 116 1391 168 54 292 25 58 37 22 33 27
1667 21 178 308 202 93 146 24 26 31 20 33 27
1668 21 557 2005 842 299 96 1096 93 47 43 33 27
1669 21 837 610 499 400 507 53 30 502 9 33 27
1670 21 1004 1519 331 134 1064 26 178 52 28 33 27
1671 21 781 1544 1237 277 220 630 145 375 119 33 27
1672 21 501 274 249 100 318 59 34 27 134 33 27
1673 22 125 143 96 523 1020 902 1260 270 23 33 27
1674 21 459 421 481 390 331 1293 964 1716 34 33 27
1675 21 237 931 297 300 312 344 232 890 43 33 26
1676 21 1369 282 193 253 1032 31 35 27 1 33 27
1677 22 452 906 555 196 388 1306 812 1469 236 33 27
1678 22 760 2005 2005 650 629 496 821 2005 268 33 27
1679 21 161 390 321 236 77 418 135 33 28 33 27
1680 21 464 435 139 356 1140 33 37 546 358 33 27
1681 21 183 319 649 64 179 252 42 30 49 33 27
1682 22 446 487 241 282 493 520 87 83 251 33 27
1683 21 1259 579 931 1007 2005 320 127 470 182 33 27
1684 21 349 593 369 628 2004 34 29 1004 104 33 27
1685 21 572 2005 1021 278 505 25 37 22 123 33 27
1686 21 414 957 117 209 247 222 485 785 15 33 27
1687 21 387 1455 317 89 295 479 469 2005 1 33 27
1688 21 1462 881 2005 419 560 2005 2005 2005 361 33 27
1689 21 1030 2005 2005 1418 918 215 222 993 71 33 27
1690 21 1133 1881 622 444 833 212 128 78 260 33 27
1691 21 97 191 263 199 198 35 42 25 16 33 27
1692 21 396 595 1699 289 525 31 27 37 25 33 26
1693 21 223 879 359 121 486 121 48 280 13 33 27
1694 21 240 403 121 232 696 263 250 93 71 33 27
1695 21 344 154 529 585 194 31 123 605 147 33 27
1696 22 842 1041 376 118 429 39 230 91 110 33 27
1697 22 837 389 652 816 1568 1405 2005 2005 121 33 27
1698 22 918 1256 878 132 444 464 847 148 22 33 27
1699 21 187 307 202 115 1014 29 366 16 153 33 27
1700 21 2001 2001 2001 2001 2001 2001 2001 2001 1687 32 26
1701 21 772 1760 1401 249 1226 181 51 38 159 33 27
1702 21 234 1356 1582 270 515 534 496 559 48 33 27
1703 21 101 377 1203 466 441 213 31 67 219 33 27
1704 21 475 1752 511 488 338 26 59 49 65 33 27
1705 21 809 704 735 138 251 982 215 68 33 33 27
1706 21 166 267 273 174 137 2005 1201 799 43 33 27
1707 21 583 462 116 370 679 25 25 40 225 33 27
1708 21 162 875 184 215 973 62 210 164 30 33 27
1709 21 141 263 138 111 213 22 29 26 27 33 27
1710 21 2001 2001 2001 2001 2001 2001 2001 2001 1396 33 27
1711 21 129 1665 930 245 203 45 42 26 32 33 27
1712 21 212 295 427 134 278 42 1 36 100 33 27
1713 21 183 743 214 198 993 22 39 38 163 33 27
1714 22 238 432 479 149 326 31 37 31 15 33 27
1715 21 1213 824 237 1225 1603 629 313 741 116 33 27
1716 20 2000 2001 1999 2000 2000 2000 2000 2000 2000 32 26
1717 21 349 146 138 86 113 21 34 22 24 33 27
1718 21 220 2004 1508 323 855 311 52 714 192 33 27
1719 21 165 1006 2005 1425 729 283 303 1079 49 33 27
1720 21 190 462 282 402 294 166 86 814 38 33 27
1721 21 249 333 414 76 142 411 122 507 97 33 27
1722 21 403 891 791 154 244 323 547 286 133 33 27
1723 22 174 400 532 228 160 281 39 30 57 33 27
1724 22 1072 2004 561 596 2004 1019 988 657 63 33 27
1725 22 525 313 172 343 922 474 395 167 20 33 27
1726 21 773 1378 620 252 705 945 325 1411 56 33 27
1727 22 436 2004 797 326 176 23 1 24 31 33 27
1728 21 244 310 177 339 284 14 34 25 76 33 27
1729 21 329 2005 520 433 1931 361 45 44 139 33 27
1730 21 478 467 945 691 678 24 46 26 10 33 27
1731 21 105 1043 874 762 601 397 389 692 125 33 27
1732 21 472 309 373 169 89 21 35 32 24 33 27
1733 21 247 239 649 61 434 2005 2005 2005 23 33 27
1734 21 385 118 212 221 142 49 74 486 22 33 27
1735 21 2005 2005 2005 948 2005 2005 1692 2005 616 33 27
1736 21 619 2005 441 221 1461 649 642 1588 27 33 27
1737 21 331 515 109 261 1008 20 180 36 5 33 27
1738 22 1545 2005 177 151 1693 111 96 1325 28 33 27
1739 21 2004 2004 1671 496 2004 162 164 474 237 33 27
1740 21 171 758 172 73 1032 271 106 98 53 33 27
1741 21 197 482 167 78 335 22 27 30 1 33 27
1742 22 1126 507 423 707 1592 426 486 30 301 33 27
1743 21 546 2004 385 398 314 42 207 280 32 33 27
1744 21 138 430 257 213 1301 307 30 908 19 33 27
1745 21 226 491 89 339 138 22 22 26 56 33 27
1746 21 300 1277 309 137 134 842 37 134 89 33 27
1747 22 636 1275 493 165 644 38 37 244 128 33 27
1748 21 268 688 434 248 366 1217 733 54 96 33 27
1749 21 291 404 108 79 142 25 33 30 27 33 27
1750 21 107 262 107 166 1047 272 8 37 29 33 27
1751 21 157 434 304 74 125 32 40 36 93 33 27
1752 21 162 322 212 160 141 22 220 27 87 33 27
1753 21 214 480 102 340 148 30 26 32 63 33 27
1754 21 153 626 158 147 148 27 32 45 17 33 27
1755 22 202 144 349 96 386 20 1 50 7 33 27
1756 21 1476 2004 186 189 1043 567 195 46 84 33 27
1757 21 170 916 1123 646 581 747 238 1339 62 33 27
1758 22 984 2005 2005 388 503 2005 1118 1451 180 33 27
1759 21 188 2005 2005 456 567 2005 2005 2005 112 33 27
1760 21 2004 1670 1926 2004 2004 2005 955 2005 431 33 27
1761 22 388 150 94 147 387 152 587 307 25 33 27
1762 21 202 222 284 148 38 21 33 35 28 33 27
1763 21 109 304 121 271 21 27 27 63 20 33 27
1764 21 393 230 379 350 292 25 28 42 95 33 27
1765 22 321 896 2004 366 1 2005 2005 2005 38 33 27
1766 21 225 146 252 151 194 516 33 149 36 33 27
1767 21 564 1116 795 579 383 372 437 23 33 33 27
1768 21 142 358 419 136 456 24 26 34 60 33 27
1769 21 378 155 285 84 582 37 123 31 20 33 27
1770 21 601 2004 811 296 830 52 56 118 133 33 27
1771 22 1778 2004 998 467 2004 626 312 483 102 33 27
1772 21 97 339 296 148 388 66 132 279 3 33 27
1773 21 233 675 175 142 97 28 38 22 9 33 27
1774 21 239 732 235 64 927 452 338 679 115 33 27
1775 21 251 393 255 237 758 257 303 83 22 33 27
1776 21 621 1232 621 82 197 512 497 617 219 33 27
1777 21 104 1088 554 420 134 840 137 27 10 33 27
1778 22 153 1114 224 361 230 21 44 46 38 34 27
1779 22 461 909 113 233 529 2005 2005 2005 70 32 26
1780 21 907 395 495 626 153 56 26 26 15 33 27
1781 21 599 1091 805 114 834 262 68 39 32 33 27
1782 21 777 2004 497 241 156 535 169 66 66 33 27
1783 21 298 440 301 528 425 73 35 64 1 33 27
1784 21 635 676 905 1161 1342 1119 175 267 205 33 27
1785 21 285 997 448 82 475 68 34 155 91 33 27
1786 21 270 835 1032 742 986 1135 951 262 60 33 27
1787 21 1015 2004 1667 522 989 86 99 112 224 33 27
1788 21 2005 752 443 151 431 92 416 1021 236 33 27
1789 21 298 418 212 88 343 150 137 314 22 33 27
1790 21 525 176 820 121 227 126 298 81 10 33 27
1791 21 1325 2004 96 137 2004 346 1 183 180 33 27
1792 21 1897 2004 508 588 2005 299 365 181 674 33 27
1793 21 282 230 245 340 519 210 26 33 50 33 27
1794 21 316 212 78 431 1072 22 43 26 12 33 27
1795 21 335 780 746 173 415 22 36 28 21 33 27
1796 21 258 267 269 386 907 142 125 25 24 33 27
1797 21 130 224 98 157 299 39 229 631 18 33 27
1798 21 838 484 866 216 1094 144 69 261 17 33 27
1799 21 570 1752 303 269 1132 202 92 26 63 33 27
1800 22 227 258 878 100 958 528 749 2005 32 33 27
1801 21 221 634 268 180 193 221 32 27 163 33 27
1802 21 2005 2005 2005 953 2005 1012 778 2005 1120 33 27
1803 21 470 2002 955 235 1026 334 85 1030 20 33 27
1804 22 306 271 532 294 2004 332 39 1048 41 33 27
1805 21 373 256 534 190 584 177 24 37 23 33 27
1806 22 537 352 959 182 327 437 126 738 19 33 27
1807 21 608 178 220 84 116 308 679 2005 231 33 27
1808 22 621 2004 276 390 2004 453 52 708 17 33 27
1809 22 321 312 120 72 447 577 666 1961 17 33 27
1810 21 492 199 565 902 798 2005 2005 2005 82 32 26
1811 21 144 646 370 142 415 25 167 30 89 33 27
1812 21 445 260 352 398 549 151 53 23 50 33 27
1813 21 454 181 1861 325 496 1420 2005 2005 11 33 27
1814 21 229 185 303 145 266 20 25 23 4 33 27
1815 21 1172 1701 1508 186 494 320 183 762 163 33 27
1816 22 249 312 102 231 508 140 511 579 63 33 27
1817 21 346 2004 415 88 786 502 849 264 39 33 27
1818 22 239 423 388 189 105 2005 1337 2005 20 33 27
1819 21 652 2005 857 610 1449 107 300 465 96 33 27
1820 21 286 503 412 200 242 305 118 206 22 33 27
1821 21 104 221 693 452 178 27 181 451 22 33 27
1822 21 536 292 300 425 310 2005 2005 2005 189 33 27
1823 22 934 705 440 943 148 124 178 27 74 33 27
1824 21 361 269 632 138 707 54 166 358 16 33 27
1825 21 818 1947 445 228 1656 1037 1236 2005 94 33 27
1826 22 232 276 144 187 1668 329 241 78 63 33 27
1827 21 974 298 266 211 199 58 40 32 246 33 27
1828 21 237 741 443 70 838 23 35 112 35 33 27
1829 22 384 626 296 218 856 24 44 70 105 33 27
1830 21 207 2004 231 268 362 27 199 69 9 33 27
1831 22 1128 2004 635 352 1815 471 515 88 267 33 27
1832 21 261 951 666 171 245 43 272 1429 97 33 27
1833 22 436 805 356 2005 168 1023 1177 1059 39 33 27
1834 21 2005 713 1844 435 747 328 292 942 849 33 27
1835 22 554 306 226 703 453 67 35 101 154 33 27
1836 21 380 326 255 547 632 231 373 491 133 33 27
1837 32 1999 1999 1999 1999 1999 1999 1999 1999 1999 48 41
1838 21 313 418 112 224 516 715 361 2003 74 33 27
1839 21 114 222 2004 184 653 369 62 145 49 33 27
1840 21 461 762 289 279 113 28 27 48 11 33 27
1841 21 1216 722 513 244 525 27 142 26 99 33 27
1842 21 498 642 1766 609 355 2005 2005 2005 183 33 27
1843 21 220 2004 130 104 334 24 32 532 118 33 27
1844 21 383 2004 149 239 1268 21 34 223 102 33 27
1845 21 150 802 223 137 234 22 28 50 3 33 27
1846 21 939 2004 1224 1148 1269 259 40 336 130 33 27
1847 22 120 233 285 83 246 26 37 104 13 33 27
1848 21 179 261 436 300 836 20 51 77 20 33 27
1849 21 380 272 106 294 174 21 27 17 1 33 27
1850 22 169 418 779 102 339 199 26 425 16 33 27
1851 22 719 971 123 471 252 196 60 45 126 33 27
1852 21 879 550 612 871 511 275 170 1257 169 33 27
1853 21 240 1446 203 198 682 25 40 31 19 33 27
1854 21 623 679 492 301 735 17 29 22 94 33 27
1855 22 254 823 727 272 506 22 27 23 32 33 27
1856 21 515 135 254 132 383 114 33 36 23 33 27
1857 21 2005 2005 2005 1807 2005 1375 1413 1185 836 33 27
1858 22 2005 2005 2005 1814 1151 1450 1660 2005 116 33 27
1859 21 194 118 298 196 222 68 1 28 12 33 27
1860 21 357 127 228 211 235 38 22 28 12 32 26
1861 21 181 339 1184 287 129 531 59 141 33 33 27
1862 22 1695 2004 1262 196 481 1064 2005 2005 391 33 27
1863 21 314 325 372 822 430 242 206 704 69 33 27
1864 21 1629 312 687 353 524 2005 2005 2005 444 33 27
1865 22 1135 2004 1295 576 1362 686 256 626 208 33 27
1866 21 425 187 494 179 336 599 44 92 7 33 27
1867 21 125 423 104 476 522 30 50 277 35 33 27
1868 21 93 456 883 319 346 483 403 95 25 33 27
1869 21 214 179 152 471 734 397 223 236 87 33 27
1870 22 165 284 249 205 124 26 34 58 23 33 27
1871 22 149 334 148 308 324 26 1 36 21 33 27
1872 21 189 948 744 257 1019 31 53 24 28 33 27
1873 22 431 510 453 334 615 448 166 79 40 33 27
1874 21 82 380 508 261 264 64 192 25 55 33 27
1875 22 804 2005 2005 529 1364 2005 1354 1631 176 33 27
1876 22 233 225 340 127 144 24 25 24 23 33 27
1877 21 310 212 715 406 176 241 117 189 300 33 27
1878 22 992 251 389 2004 621 836 660 262 242 33 27
1879 22 176 186 214 154 531 125 76 21 1 33 27
1880 21 102 184 147 149 121 20 29 35 22 33 27
1881 21 301 302 395 73 267 235 34 340 172 33 27
1882 21 2004 2004 2004 1009 2004 453 400 882 634 33 27
1883 21 384 737 168 124 350 230 287 30 74 33 27
1884 21 691 578 256 137 191 24 30 31 114 33 27
1885 22 156 480 300 221 173 506 40 37 134 33 27
1886 21 373 392 422 132 122 231 43 376 90 33 27
1887 21 320 614 227 218 650 303 33 873 28 33 27
1888 22 232 292 176 259 204 25 53 297 72 33 27
1889 21 188 159 327 177 163 28 76 298 14 33 27
1890 21 272 128 277 275 340 2004 373 1893 18 33 27
1891 21 509 1247 237 88 650 19 45 21 45 33 27
1892 22 305 431 207 151 910 53 1 28 137 33 27
1893 22 449 307 672 292 93 234 143 73 105 33 27
1894 22 457 820 357 237 929 165 130 1080 78 33 27
1895 22 916 557 559 2005 219 2005 1834 2005 122 33 27
1896 21 399 699 78 219 163 30 32 25 1 33 27
1897 21 2005 2005 1725 1132 2005 428 451 2005 424 33 27
1898 21 720 290 260 440 404 438 108 283 199 33 27
1899 21 152 205 309 231 318 24 29 25 1 33 27
1900 21 1428 395 377 338 1657 376 102 27 155 33 27
1901 21 181 179 349 119 114 220 57 28 29 33 27
1902 22 1194 740 465 610 385 655 389 813 264 33 27
1903 22 786 2003 186 384 1815 832 822 2005 352 33 27
1904 21 810 1711 369 450 2004 48 176 33 133 33 27
1905 20 1995 1994 1994 1995 1995 1995 1995 1995 1995 32 26
1906 21 366 495 265 295 848 191 204 501 94 33 27
1907 21 561 792 839 221 478 82 190 430 47 33 27
1908 22 241 1163 1591 71 517 75 31 46 59 33 27
1909 22 279 509 402 100 630 244 65 170 84 33 27
1910 21 657 324 498 255 361 556 1033 1430 93 33 27
1911 22 713 2004 199 716 2004 1400 748 105 91 33 27
1912 21 285 714 616 88 245 255 99 53 28 33 27
1913 21 234 591 369 115 406 20 120 199 19 33 27
1914 21 632 2004 161 144 2004 31 47 330 9 33 27
1915 22 318 1189 615 426 88 321 304 83 65 33 27
1916 22 330 1579 145 160 807 24 60 286 63 33 27
1917 21 340 629 175 153 666 29 63 30 217 33 27
1918 21 470 684 130 242 291 28 35 57 90 33 27
1919 21 532 546 572 568 567 71 136 27 101 33 27
1920 22 220 172 127 118 609 33 27 25 43 33 27
1921 22 601 993 827 161 146 1399 586 1416 16 33 27
1922 21 126 378 905 243 242 95 35 24 143 33 27
1923 21 1395 2004 2004 1378 699 1776 838 2005 60 33 27
1924 22 210 306 352 87 461 245 393 1808 55 33 27
1925 21 162 365 336 336 362 326 98 55 15 33 27
1926 22 509 2004 1426 317 1106 221 347 668 148 33 27
1927 22 130 827 263 159 323 20 28 24 6 33 27
1928 22 545 841 426 145 525 281 155 1044 21 33 27
1929 22 427 784 116 140 195 352 30 25 57 33 27
1930 22 175 511 424 82 1 18 24 52 4 33 27
1931 22 2005 1006 451 286 646 1053 1025 1974 175 33 27
1932 21 460 2004 379 416 264 64 155 55 254 33 27
1933 21 290 204 694 150 667 324 116 116 82 33 27
1934 22 1067 1512 1940 2004 2004 108 436 454 231 33 27
1935 22 243 2001 699 194 230 32 178 1115 32 33 27
1936 21 305 182 347 114 134 559 32 45 9 33 27
1937 22 579 2004 467 166 1149 59 461 24 19 33 27
1938 22 509 484 203 196 119 179 126 387 20 33 27
1939 22 156 179 622 190 141 191 77 119 94 33 27
1940 22 360 261 290 232 443 21 28 23 25 33 27
1941 21 2004 1317 647 2004 2004 2004 2005 2005 211 33 27
1942 22 139 114 143 102 22 25 19 27 18 33 27
1943 21 282 389 176 190 1024 261 203 209 99 33 27
1944 22 132 222 409 114 394 27 19 26 19 33 27
1945 22 779 1026 2004 159 641 2005 2005 2005 71 33 27
1946 22 375 2004 117 197 1064 25 41 27 157 33 27
1947 22 372 1553 940 472 1566 452 32 194 18 33 27
1948 21 916 1740 566 1094 1922 241 210 1016 49 33 27
1949 21 2004 1979 313 582 1953 24 123 31 536 33 27
1950 21 352 1024 356 181 916 63 349 565 26 33 27
1951 21 591 2004 810 360 699 56 53 802 49 33 27
1952 22 1602 2004 2004 1018 809 2005 2005 2005 308 33 27
1953 22 96 290 173 218 140 53 26 30 17 33 27
1954 22 109 497 309 84 265 29 39 27 4 33 27
1955 21 2001 2001 2001 1605 2001 1091 2003 2003 514 33 27
1956 21 130 1054 100 106 349 2004 663 73 27 33 27
1957 21 196 380 408 254 251 25 29 27 33 33 27
1958 22 333 294 430 265 292 79 128 350 49 33 27
1959 22 148 889 2005 137 652 2005 1592 941 54 33 27
1960 21 240 400 354 291 2003 25 27 28 17 33 27
1961 22 214 417 469 258 488 100 26 24 45 33 27
1962 22 473 481 115 237 104 2005 622 1847 133 34 27
1963 21 153 854 113 205 596 44 32 30 62 33 27
1964 22 207 1560 210 151 339 269 170 364 68 33 27
1965 22 455 870 2004 255 199 2005 2005 2005 24 33 27
1966 22 137 271 125 99 137 22 31 29 108 33 27
1967 22 1801 2004 1187 464 602 2005 1467 2005 630 33 27
1968 22 960 1422 1324 786 1578 459 257 1435 121 33 27
1969 22 305 260 201 76 265 21 44 21 168 33 27
1970 22 655 1053 1023 203 447 318 168 316 219 33 27
1971 22 704 267 1996 1192 1251 1996 1001 1996 260 33 27
1972 22 134 471 329 145 191 43 19 26 25 33 27
1973 21 117 242 220 297 350 25 32 30 29 33 27
1974 22 1134 2004 2004 807 591 501 535 2005 291 33 27
1975 22 626 598 283 181 1003 24 40 69 396 33 27
1976 21 1994 1994 1994 1994 1994 1994 1994 1994 1599 33 27
1977 21 653 2004 383 211 1438 27 50 98 1 33 27
1978 22 318 382 210 170 361 24 155 557 50 33 27
1979 22 151 302 953 139 152 26 33 150 54 33 27
1980 22 101 370 138 100 144 22 20 46 71 33 27
1981 22 190 341 425 120 289 214 231 37 48 33 27
1982 22 331 487 183 197 373 477 36 59 1 33 27
1983 22 125 538 223 213 174 22 103 33 10 33 27
1984 21 696 2003 1081 624 2004 2004 2004 2004 33 33 27
1985 22 799 1078 419 63 1800 1380 1987 2005 135 33 27
1986 22 96 389 560 157 772 20 1 27 95 33 27
1987 22 2005 1400 2005 1478 1209 756 1034 2005 327 33 27
1988 21 255 446 440 426 517 536 285 1274 75 33 27
1989 22 377 982 749 209 85 77 138 987 31 33 27
1990 22 273 562 359 279 439 40 231 106 21 33 27
1991 22 159 472 106 401 250 22 37 279 12 33 27
1992 21 462 232 123 268 1222 24 32 34 30 33 27
1993 21 188 567 309 118 89 23 30 24 91 33 27
1994 21 709 683 96 494 568 22 22 24 78 33 27
1995 22 538 1149 536 170 181 518 37 863 43 33 27
1996 21 476 1663 542 66 524 183 32 26 16 33 27
1997 22 380 503 361 236 315 2005 1828 2005 40 33 27
1998 21 412 206 165 206 198 19 36 33 70 33 27
1999 22 150 443 118 193 673 21 28 15 23 33 27
2000 21 399 331 404 110 193 364 107 28 28 33 27
2001 22 1503 834 2005 1238 374 562 586 840 404 33 27
2002 21 351 219 199 168 612 514 385 343 66 33 27
2003 22 835 1595 1195 901 1594 925 436 2005 32 33 27
2004 22 214 397 180 188 613 25 232 525 13 33 27
2005 21 457 354 278 300 546 28 35 36 71 33 27
2006 21 599 1702 856 215 890 23 34 26 13 33 27
2007 21 433 1161 548 129 273 588 211 691 49 33 27
2008 22 157 171 232 279 297 173 26 158 46 33 27
2009 21 243 1930 727 190 517 31 42 34 162 33 27
2010 22 245 274 452 215 319 78 57 390 35 33 27
2011 22 127 904 261 331 502 180 280 1135 90 33 27
2012 22 452 1129 330 142 719 452 240 370 49 33 27
2013 21 86 858 141 147 232 25 29 31 60 33 27
2014 22 95 620 262 163 224 28 38 21 15 33 27
2015 22 634 2004 866 620 1292 86 457 1267 43 33 27
2016 22 234 1499 210 142 637 31 31 25 23 33 27
2017 21 345 722 278 402 264 43 44 805 17 33 27
2018 21 172 1010 307 191 160 20 38 25 32 33 27
2019 22 479 555 358 277 184 92 41 20 156 33 27
2020 21 1347 1057 402 435 454 81 33 171 2 33 27
2021 22 241 260 131 319 314 30 58 23 90 33 27
2022 22 199 627 128 457 263 155 58 959 34 33 27
2023 22 1012 1875 230 591 830 93 326 1701 29 33 27
2024 22 1105 2005 2005 1782 1083 1982 716 508 119 33 27
2025 21 330 273 316 137 224 473 531 211 64 33 27
2026 22 261 142 133 85 588 26 513 55 153 33 27
2027 22 1215 1314 1843 330 942 323 76 54 255 33 27
2028 21 368 2004 248 276 31 451 203 21 6 33 27
2029 21 260 129 500 712 272 51 200 32 74 33 27
2030 21 191 417 1049 149 120 196 76 264 23 33 27
2031 21 187 150 305 106 102 26 27 23 27 33 27
2032 22 2004 2004 2004 455 1418 2005 1279 1293 384 33 27
2033 22 407 268 217 388 186 711 673 2005 125 33 27
2034 21 143 479 252 234 173 330 38 399 25 33 27
2035 22 420 169 352 149 293 70 76 53 10 33 27
2036 22 1568 1265 1638 794 1331 2005 923 2005 88 33 27
2037 22 476 1519 201 200 1577 188 151 94 263 33 27
2038 21 850 374 415 642 52 491 475 2004 34 33 27
2039 22 311 352 127 197 452 26 26 28 33 33 27
2040 21 403 2004 439 221 459 848 435 655 21 33 27
2041 22 215 152 356 95 30 23 27 27 30 33 27
2042 22 127 137 275 94 148 26 42 24 24 33 27
2043 21 268 1592 158 150 62 29 28 413 6 33 27
2044 22 147 1137 335 170 1315 29 35 24 34 33 27
2045 21 1358 2003 2003 513 2004 2004 741 693 170 33 27
2046 21 736 2003 1754 482 1361 57 100 406 31 33 27
2047 22 392 289 804 287 651 22 335 1494 61 33 27
2048 21 160 674 158 186 367 21 31 30 19 33 27
2049 21 1994 1994 1994 1995 1995 1995 1995 1995 1995 33 27
2050 21 243 759 213 198 1025 33 33 24 25 33 27
2051 21 261 1822 102 263 720 20 29 74 76 33 27
2052 22 406 356 332 143 190 27 27 45 10 33 27
2053 21 95 332 367 90 31 221 210 511 23 33 27
2054 22 460 246 195 596 168 114 27 309 139 33 27
2055 21 127 875 205 102 173 238 264 43 58 33 27
2056 21 1161 233 519 228 393 299 86 201 95 33 27
2057 21 2003 2003 1032 302 2003 28 1 241 144 33 27
2058 22 361 1554 913 210 1296 128 40 29 83 33 27
2059 22 196 309 782 145 199 21 256 91 46 33 27
2060 22 289 726 133 282 448 371 114 28 73 33 27
2061 22 120 228 130 117 350 23 28 27 83 33 27
2062 22 912 712 1967 317 813 1551 1173 2005 21 33 27
2063 22 420 2003 403 151 1051 33 41 69 25 33 27
2064 21 337 1489 1345 462 818 58 1 61 90 33 26
2065 22 541 300 515 293 748 153 269 212 35 33 27
2066 22 1337 771 699 110 456 222 201 353 37 34 27
2067 22 543 2004 1465 266 540 2005 1947 2005 23 33 27
2068 21 314 423 855 158 433 50 23 132 12 33 27
2069 22 429 303 126 89 113 21 22 26 55 33 27
2070 22 1798 1828 761 696 2003 1252 862 1266 275 33 27
2071 22 116 1770 339 456 1215 27 107 240 114 33 27
2072 22 554 1115 767 127 279 21 45 24 21 33 27
2073 22 591 370 1317 259 401 57 88 288 62 33 27
2074 22 2005 2005 2005 1436 1099 1419 964 1000 269 33 27
2075 22 1283 1127 1121 264 1710 571 358 1776 292 33 27
2076 22 234 234 84 510 277 57 117 152 24 33 27
2077 21 809 1692 714 469 1264 19 193 26 96 33 27
2078 21 138 159 169 320 377 530 138 131 140 33 27
2079 22 410 1233 474 434 246 1213 39 78 161 33 27
2080 21 305 616 271 426 555 41 64 26 34 33 27
2081 21 485 1318 516 780 435 100 161 782 119 33 27
2082 22 343 337 257 102 173 27 41 312 22 33 27
2083 22 213 232 162 77 221 50 34 65 44 33 27
2084 22 291 626 271 268 624 364 95 64 112 33 27
2085 22 146 550 266 84 787 172 47 41 19 33 27
2086 22 306 488 110 158 348 33 24 133 16 33 27
2087 22 567 1025 196 201 127 66 39 66 56 33 27
2088 22 176 131 178 102 250 38 150 1424 21 33 27
2089 22 1612 1758 1708 1766 2004 2004 879 1056 338 33 27
2090 21 162 500 102 143 447 25 41 92 36 33 27
2091 22 221 979 1237 348 203 246 142 977 4 33 27
2092 21 87 302 145 215 143 26 25 27 51 33 27
2093 22 88 342 257 135 166 39 42 38 16 33 27
2094 22 623 223 494 155 236 22 24 21 2 33 27
2095 22 100 1232 385 314 205 52 1 50 20 33 27
2096 22 349 213 389 160 100 29 61 684 70 33 27
2097 22 737 1240 935 884 725 280 196 43 121 33 27
2098 22 498 377 281 171 507 586 148 21 65 33 27
2099 21 114 510 144 399 1274 38 43 30 26 33 27
2100 22 531 210 149 140 122 61 42 19 31 33 27
2101 22 188 1594 886 177 409 54 52 411 112 33 27
2102 22 193 450 931 219 228 308 93 20 33 33 27
2103 22 346 613 139 313 633 354 209 38 49 33 27
2104 22 331 241 276 860 337 180 127 176 109 33 27
2105 22 951 1103 2004 389 528 1376 1554 1093 104 33 27
2106 22 118 288 90 136 1053 2004 1451 752 51 33 27
2107 21 431 2003 340 69 1111 696 210 30 73 33 27
2108 22 906 861 871 247 183 30 35 56 65 33 27
2109 21 299 2003 187 151 292 81 58 38 55 33 27
2110 22 112 393 168 203 140 24 32 25 17 33 27
2111 22 2004 2004 1288 909 1400 985 725 1702 731 34 27
2112 22 923 2003 531 523 1226 23 1 57 91 33 27
2113 21 2001 2001 2001 2001 2001 995 1504 2001 937 34 27
2114 22 370 875 144 435 1350 26 124 35 43 33 27
2115 22 732 649 602 908 181 531 871 976 25 33 27
2116 22 111 972 918 391 200 243 66 74 23 33 27
2117 22 138 197 133 192 547 25 33 33 51 33 27
2118 22 314 1903 312 287 401 328 194 21 168 33 27
2119 21 474 859 139 187 614 585 149 20 44 33 27
2120 22 212 829 373 473 329 34 37 23 43 33 27
2121 21 199 643 223 144 585 18 57 26 85 33 27
2122 22 664 226 152 109 817 82 1 36 9 33 27
2123 21 161 175 141 1064 611 2004 2004 2004 2 33 27
2124 22 1440 711 1273 678 976 631 44 225 72 34 27
2125 22 595 563 419 590 1096 61 36 28 93 33 27
2126 22 242 261 158 91 426 348 55 23 34 34 27
2127 21 2005 2005 2005 813 1797 1537 1374 2005 327 33 27
2128 22 2001 2001 1759 882 2001 2001 866 2001 234 33 27
2129 22 442 263 133 406 75 25 1 29 168 33 27
2130 22 212 271 562 127 216 231 56 27 164 33 27
2131 22 269 129 469 525 315 479 342 21 19 33 27
2132 22 645 1386 855 572 1418 370 479 688 159 33 27
2133 22 260 496 621 123 194 22 35 27 155 33 27
2134 22 842 2003 1057 437 2003 266 488 170 137 33 27
2135 22 624 705 1221 481 795 287 66 69 33 33 27
2136 22 234 266 411 239 181 2004 71 79 70 33 27
2137 22 204 158 92 72 1985 84 32 29 27 33 27
2138 22 846 308 902 505 369 2004 1230 2004 125 33 27
2139 22 115 164 341 108 424 24 20 29 47 33 27
2140 22 86 334 79 149 359 22 23 210 11 33 27
2141 22 619 777 1377 432 207 518 59 404 11 33 27
2142 22 785 1398 335 841 984 100 40 26 149 33 27
2143 22 472 996 235 75 54 177 61 807 148 33 27
2144 21 827 435 2004 644 258 1341 451 332 93 33 27
2145 21 1005 201 484 189 877 448 28 43 50 33 27
2146 22 230 448 310 103 289 36 31 561 61 33 27
2147 22 486 728 382 377 149 25 55 31 118 33 27
2148 22 1130 2004 1130 664 1289 129 107 717 318 33 27
2149 22 125 755 171 103 209 116 34 49 12 33 27
2150 22 598 316 309 113 166 21 33 26 46 33 27
2151 21 2000 2000 2001 2000 2000 2000 1948 2000 919 33 27
2152 22 1999 1999 1999 1735 2000 2000 2000 2000 190 33 27
2153 22 929 1209 1098 836 548 2005 790 1614 158 33 27
2154 22 752 589 354 336 871 931 1073 2004 32 33 27
2155 22 640 2003 880 676 1716 50 362 1017 103 34 27
2156 22 2004 1469 2004 799 554 2005 2005 2005 229 32 26
2157 22 147 892 317 136 148 151 52 41 28 33 27
2158 22 125 248 121 282 188 21 25 28 12 33 27
2159 22 1072 754 250 340 308 26 32 20 44 33 27
2160 22 264 742 117 369 227 27 34 25 14 33 27
2161 22 513 352 2003 242 355 185 560 299 62 33 27
2162 22 409 356 349 266 883 20 34 457 189 33 27
2163 22 95 214 181 247 214 25 26 28 17 33 27
2164 22 1023 2003 142 93 614 351 49 170 81 33 27
2165 22 1245 276 2004 507 1979 1875 1272 2005 39 33 27
2166 22 449 1087 348 116 378 27 33 26 137 33 27
2167 22 366 358 842 628 116 330 79 537 74 33 27
2168 22 147 554 685 107 76 23 32 26 130 33 27
2169 22 497 1569 571 128 581 579 213 805 379 33 27
2170 22 377 454 1131 162 149 253 45 377 8 33 27
2171 22 151 676 188 138 105 399 91 275 21 33 27
2172 22 167 366 808 315 346 274 1 1250 31 33 27
2173 22 649 458 442 830 1048 23 40 35 186 33 27
2174 22 330 1964 267 261 193 37 40 291 186 33 27
2175 22 537 326 814 256 246 448 330 384 79 33 27
2176 22 326 2003 266 318 509 120 41 227 51 34 27
2177 22 969 1400 949 282 380 1796 1231 1051 23 33 27
2178 22 401 502 545 140 127 2003 710 806 97 33 27
2179 22 362 885 1150 367 376 34 34 39 339 33 27
2180 22 260 187 344 132 342 20 276 23 1 33 27
2181 22 914 933 772 538 530 797 273 655 115 34 27
2182 22 201 391 1164 243 558 69 73 1202 33 33 27
2183 22 292 327 137 129 430 2004 2004 2004 1 33 27
2184 22 527 324 615 219 367 513 97 221 51 33 27
2185 22 734 290 243 219 96 723 237 230 82 33 27
2186 21 201 1017 290 179 518 420 34 39 22 33 27
2187 22 397 178 438 321 246 205 28 28 31 33 27
2188 21 255 1067 348 633 454 37 31 52 70 33 27
2189 22 473 2003 1401 376 182 327 95 676 20 33 27
2190 21 1999 1999 1999 1999 2001 2000 1080 2000 1118 34 27
2191 22 1009 1907 1256 680 1978 22 60 1353 85 33 27
2192 22 217 1356 128 249 270 34 215 322 22 33 27
2193 21 1999 1999 1999 1950 1999 1999 1999 1999 1999 33 27
2194 22 355 1228 267 291 2003 98 282 503 130 33 27
2195 21 228 171 316 416 457 31 30 25 35 33 27
2196 21 491 401 217 246 74 24 29 337 13 33 27
2197 22 794 691 880 1377 1879 532 324 1257 114 34 27
2198 22 131 273 138 90 38 25 31 31 33 33 27
2199 22 177 2003 376 137 406 74 31 58 38 33 27
2200 22 1072 328 669 107 1056 23 441 25 110 33 27
2201 22 310 412 1458 138 82 20 37 23 167 33 27
2202 22 1192 1254 390 298 480 125 27 232 221 33 27
2203 22 2001 2001 2001 1271 2001 727 559 955 175 34 27
2204 22 188 673 400 108 394 21 26 86 13 33 27
2205 22 152 717 154 93 137 21 213 22 31 33 27
2206 22 116 165 409 80 288 22 27 27 13 33 27
2207 22 879 2004 1310 399 1028 601 52 177 75 33 27
2208 22 101 218 114 101 126 23 30 21 22 33 27
2209 22 389 1590 743 444 2003 398 140 642 45 34 27
2210 22 612 2003 1636 402 593 2003 761 1999 247 34 27
2211 22 204 436 487 487 585 99 344 55 11 33 27
2212 22 1070 266 2004 649 216 620 197 573 119 33 27
2213 22 289 464 349 193 205 871 222 645 63 33 27
2214 22 610 392 197 104 372 30 51 22 81 33 27
2215 22 537 2003 368 435 843 25 61 260 161 34 27
2216 22 177 791 803 110 350 18 69 25 69 33 27
2217 22 993 1069 936 879 1145 76 195 518 203 33 27
2218 21 1477 1870 2004 1211 1798 1594 935 1302 259 33 27
2219 22 307 226 1565 766 755 589 169 569 104 34 27
2220 22 216 1610 115 194 458 420 33 38 10 33 27
2221 22 84 953 374 100 959 21 134 32 106 33 27
2222 22 134 461 110 240 110 124 24 34 31 33 27
2223 22 485 376 544 213 308 735 115 68 52 33 27
2224 22 187 237 176 487 166 287 291 230 45 33 27
2225 22 288 1984 94 156 153 29 41 40 52 33 27
2226 22 1488 342 333 795 842 79 35 509 60 33 27
2227 22 1532 1386 1155 1530 2002 470 684 1523 207 33 27
2228 22 88 370 244 95 408 29 28 20 93 34 27
2229 22 1503 2003 231 184 201 187 63 40 16 33 27
2230 22 1137 1263 329 244 1166 199 45 624 172 33 27
2231 22 297 232 474 160 239 23 29 63 64 33 27
2232 22 2003 1397 2003 1023 444 2003 2005 2005 312 33 27
2233 22 419 856 294 187 563 22 25 20 63 33 27
2234 22 732 654 898 282 143 2004 2004 2004 102 33 27
2235 22 346 181 148 105 245 495 277 2004 100 33 27
2236 22 965 2003 1104 1464 2003 586 179 961 89 34 27
2237 22 571 950 658 498 226 877 39 42 44 33 27
2238 21 2001 2001 2001 2001 2001 2001 1290 1046 315 34 27
2239 22 1004 1309 97 302 920 214 518 123 200 33 27
2240 22 80 884 1175 144 393 390 92 484 11 33 27
2241 22 628 516 1460 177 331 182 926 785 33 33 27
2242 22 1634 1597 1016 1180 885 322 385 1427 288 34 27
2243 22 518 459 199 383 241 32 24 33 57 33 27
2244 22 232 436 258 310 466 712 527 283 90 33 27
2245 21 108 442 209 88 240 185 20 26 25 33 27
2246 22 504 126 366 161 691 405 150 80 68 33 27
2247 22 272 745 427 282 588 38 31 45 26 33 27
2248 22 84 409 203 195 306 140 33 27 12 33 27
2249 22 155 219 263 166 243 47 65 82 24 33 27
2250 22 174 584 129 111 602 49 39 31 53 33 27
2251 21 551 2003 592 75 349 24 63 21 12 33 27
2252 22 271 1446 150 349 458 970 218 185 209 33 27
2253 22 993 2003 1942 512 1598 141 493 2003 258 34 27
2254 22 320 380 403 397 139 322 658 232 39 33 27
2255 22 475 2003 587 480 672 154 350 203 118 33 27
2256 22 114 665 157 165 949 146 35 25 21 33 27
2257 22 1098 878 153 273 177 22 35 27 21 33 27
2258 22 654 1331 1881 306 187 639 992 2004 79 33 27
2259 22 582 2003 1389 481 1165 33 77 81 115 33 27
2260 21 314 517 1021 152 102 1262 1572 2004 37 33 27
2261 22 208 677 202 113 151 22 27 24 1 33 27
2262 22 522 1123 450 269 636 79 77 172 248 33 27
2263 22 350 250 837 181 816 196 465 882 105 33 27
2264 21 801 900 769 71 243 31 61 51 269 33 27
2265 22 144 497 162 171 415 262 55 42 33 33 27
2266 22 180 341 440 418 197 37 121 29 43 33 27
2267 22 972 540 1005 419 819 395 688 2004 67 33 27
2268 22 155 1365 256 232 674 202 75 22 74 34 27
2269 21 187 858 410 231 509 162 212 86 7 33 27
2270 22 121 352 369 381 138 193 130 336 27 33 27
2271 22 446 438 329 575 1045 155 238 162 100 33 27
2272 22 144 466 89 111 202 23 35 31 71 34 27
2273 22 314 512 983 1268 1619 266 96 32 118 33 27
2274 22 2004 2004 1981 2004 1131 625 2005 1687 123 33 27
2275 22 1484 335 522 116 157 230 418 55 25 33 27
2276 22 94 304 244 205 356 55 41 19 53 33 27
2277 22 305 297 403 195 298 146 28 24 72 33 27
2278 22 335 1700 1209 190 312 60 250 31 46 33 27
2279 22 2001 2001 2001 751 1676 1075 981 2002 420 34 27
2280 22 367 448 130 453 1048 30 24 42 104 33 27
2281 22 852 1026 604 818 2003 137 707 688 65 33 27
2282 22 158 556 133 172 56 20 24 37 29 33 27
2283 22 423 555 87 190 286 71 83 22 87 34 27
2284 22 134 203 709 362 154 226 608 843 34 33 27
2285 22 356 196 94 390 647 227 1328 1845 15 33 27
2286 22 401 367 1938 359 321 545 664 689 180 33 27
2287 22 1343 1284 1649 1522 652 2004 900 2004 278 33 27
2288 22 427 567 509 114 485 29 36 86 180 33 27
2289 22 1831 2003 1949 1467 2003 706 287 597 136 33 27
2290 22 848 806 2003 864 930 2003 1742 2003 288 33 27
2291 21 188 1104 280 174 249 2005 2004 2004 99 33 27
2292 22 326 606 352 365 586 86 39 29 39 33 27
2293 21 321 524 645 248 261 41 31 82 6 33 27
2294 22 427 293 164 148 784 285 35 28 172 33 27
2295 22 373 159 415 309 291 288 260 298 12 33 27
2296 22 154 373 436 225 236 76 35 48 37 34 27
2297 22 1124 2003 451 705 2003 443 415 123 36 34 27
2298 22 376 1032 110 134 373 196 191 37 10 33 27
2299 22 159 456 606 262 263 1932 606 231 26 33 27
2300 22 285 608 235 287 904 46 73 31 21 33 27
2301 22 145 196 159 99 318 21 24 487 2 33 27
2302 22 1992 1129 695 1015 2004 385 266 159 229 34 27
2303 22 574 1832 414 404 571 494 511 1036 86 34 27
2304 22 368 881 188 76 419 85 34 59 28 33 27
2305 22 244 493 172 145 558 305 164 25 37 33 27
2306 22 286 203 560 113 347 23 1 33 9 33 27
2307 22 891 1380 223 153 1629 652 138 182 161 33 27
2308 22 2004 1807 1067 294 1393 1022 451 1663 580 34 27
2309 22 103 674 75 261 272 22 33 31 142 34 27
2310 22 747 1792 513 187 877 504 75 35 293 34 27
2311 22 385 220 708 373 1697 125 35 16 9 33 27
2312 22 1277 941 757 1889 1183 480 277 2004 52 34 27
2313 22 603 584 346 109 147 29 344 723 29 33 27
2314 22 2001 2001 2001 941 2001 1380 454 891 591 34 27
2315 22 168 1174 216 404 396 231 81 22 39 33 27
2316 22 758 876 2001 1369 2002 2002 2002 2002 37 33 27
2317 22 237 458 327 144 125 27 35 70 34 33 27
2318 22 133 538 1047 693 1002 1330 1453 2004 29 33 27
2319 22 367 1559 169 216 434 22 1 33 99 33 27
2320 22 884 891 2003 301 747 1256 235 706 252 34 27
2321 22 396 380 210 499 119 23 40 34 6 33 27
2322 22 1535 1208 1425 301 170 2003 2005 2005 18 33 27
2323 22 2003 2003 1367 1439 2003 1013 787 421 332 34 27
2324 22 784 1365 812 280 484 39 195 695 147 33 27
2325 22 985 207 268 195 406 63 29 27 3 33 27
2326 21 253 448 303 127 307 64 49 30 38 33 27
2327 22 316 902 449 184 359 362 964 375 31 34 27
2328 22 938 1989 932 361 2003 366 130 152 339 33 27
2329 22 192 170 147 123 110 23 35 28 39 33 27
2330 22 181 1410 439 642 429 1821 76 1817 12 33 27
2331 22 366 1013 1391 437 729 46 179 30 147 33 27
2332 22 104 169 124 62 719 34 231 392 39 33 27
2333 22 578 559 375 317 84 1586 1263 2004 181 33 27
2334 22 335 1680 166 95 1007 83 256 42 96 34 27
2335 22 511 1024 471 420 445 36 30 23 18 33 27
2336 22 413 626 627 671 874 1010 1359 2005 46 33 27
2337 22 689 205 159 167 335 18 65 19 141 33 27
2338 22 389 859 262 658 142 115 201 780 32 34 27
2339 22 850 1744 568 393 2003 283 46 62 110 33 27
2340 22 969 2003 245 1288 1564 309 313 43 175 34 27
2341 22 252 1437 195 235 638 28 172 114 25 33 27
2342 22 296 611 130 65 490 28 41 27 32 33 27
2343 22 2002 1738 2002 457 2002 195 86 30 142 34 27
2344 22 207 808 976 667 880 828 369 190 6 33 27
2345 21 1999 1999 1999 1999 1999 1999 1669 1999 881 33 27
2346 22 338 441 127 447 605 113 631 781 61 33 27
2347 22 216 2003 127 201 547 19 30 123 221 33 27
2348 22 335 250 216 175 1079 427 35 122 101 34 27
2349 22 224 273 1000 530 722 1341 2004 1294 24 33 27
2350 22 200 340 126 138 196 24 37 29 24 33 27
2351 22 393 503 1022 730 738 1594 510 1155 21 33 27
2352 22 307 180 162 117 92 24 30 28 31 33 27
2353 22 525 307 1153 236 442 22 305 30 120 33 27
2354 22 193 407 906 87 265 769 126 200 138 34 27
2355 22 830 806 201 106 143 216 47 136 46 33 27
2356 22 294 825 543 221 374 240 229 1171 4 33 27
2357 22 354 281 329 642 562 68 27 64 3 33 27
2358 22 293 439 316 178 801 20 35 140 22 33 27
2359 22 163 803 201 99 178 38 40 57 48 33 27
2360 22 583 312 642 330 199 92 1 315 161 33 27
2361 22 171 556 477 155 493 284 41 55 42 33 27
2362 22 327 1321 115 143 147 22 84 1312 13 33 27
2363 22 78 278 224 265 437 24 30 199 15 33 27
2364 22 941 415 1415 309 1024 39 7 839 15 33 27
2365 22 591 658 346 132 454 164 50 43 84 33 27
2366 22 842 629 189 155 351 282 394 704 74 33 27
2367 22 160 302 252 176 762 196 392 29 28 33 27
2368 22 351 1439 472 672 109 265 136 96 116 33 27
2369 22 478 1628 688 622 1016 281 82 35 23 33 27
2370 22 1366 2003 1020 517 2003 651 191 632 230 34 27
2371 22 286 359 165 87 159 26 43 33 12 33 27
2372 22 137 374 154 123 106 175 514 686 36 34 27
2373 22 510 906 2003 151 219 157 98 406 16 33 27
2374 22 526 2003 1223 686 2003 998 377 826 252 34 27
2375 22 603 2003 1103 463 979 147 372 45 144 34 27
2376 22 200 1126 1183 123 308 1012 860 34 124 33 27
2377 22 574 364 353 154 384 29 39 23 115 33 27
2378 21 1999 1999 1683 1956 1999 1999 1999 1999 1301 33 27
2379 22 101 998 179 68 911 410 264 25 172 34 27
2380 22 100 331 309 81 379 258 177 102 40 33 27
2381 22 159 517 142 152 328 30 71 53 37 33 27
2382 22 98 546 403 90 558 23 25 28 19 33 27
2383 21 1184 1295 324 423 195 655 260 271 49 33 27
2384 21 102 277 147 147 518 159 48 29 19 33 27
2385 22 263 343 276 446 589 24 35 22 17 33 27
2386 22 740 229 1484 89 167 535 180 111 45 33 27
2387 22 198 444 304 206 217 22 39 414 24 33 27
2388 22 2003 2003 1338 1435 2004 1780 1535 1478 1346 34 27
2389 22 557 747 537 565 418 49 35 124 108 34 27
2390 22 761 1138 136 487 1416 1709 1634 1088 155 33 27
2391 22 1602 1180 251 348 982 305 154 1276 151 33 27
2392 22 118 195 159 155 153 146 249 692 28 33 27
2393 22 561 1986 444 281 777 774 735 374 67 33 27
2394 22 2001 2001 2001 1768 2001 311 379 252 394 34 27
2395 22 114 333 83 65 160 21 36 33 14 33 27
2396 22 556 951 1050 229 380 238 175 29 152 34 27
2397 22 119 327 70 104 135 69 47 944 11 33 27
2398 22 2001 2001 498 337 1734 44 408 599 741 33 27
2399 22 634 846 606 296 1252 147 39 27 84 34 27
2400 21 184 822 120 79 254 17 563 2005 23 33 27
2401 22 1012 378 368 139 213 1638 813 470 66 33 27
2402 22 204 726 526 134 463 1713 2005 460 29 33 27
2403 22 428 315 112 116 67 22 29 34 16 33 27
2404 22 702 115 721 342 1457 201 104 88 98 33 27
2405 22 1602 2003 673 247 454 107 438 80 17 33 27
2406 22 194 259 166 145 546 24 104 244 78 33 27
2407 22 77 737 274 459 404 102 54 86 22 33 27
2408 22 395 174 1819 319 209 841 986 1415 89 33 27
2409 22 113 959 253 225 216 23 28 481 18 33 27
2410 21 1999 1999 1999 1817 1999 1999 1999 1999 1831 33 27
2411 21 1461 2003 1661 778 549 2003 1769 1286 172 34 27
2412 22 459 253 286 477 189 310 43 155 22 33 27
2413 22 571 327 194 160 119 44 32 582 58 33 27
2414 21 2001 2001 2001 815 2001 1720 1470 713 178 34 27
2415 22 399 459 145 102 442 26 55 182 757 34 27
2416 22 493 2003 1597 177 710 775 525 388 174 33 27
2417 22 1148 188 335 619 371 2003 1088 2003 117 33 27
2418 22 474 1326 712 558 987 248 42 150 18 33 27
2419 22 106 569 101 204 201 1193 1038 731 83 34 27
2420 22 1354 2003 1222 695 873 214 108 658 200 33 27
2421 22 106 237 235 105 314 18 165 28 19 33 27
2422 22 285 592 116 220 208 247 37 116 44 34 27
2423 22 158 237 157 213 177 56 189 59 10 33 27
2424 22 231 454 131 232 268 26 31 28 40 33 27
2425 22 656 269 266 242 1175 296 340 296 36 33 27
2426 22 109 198 237 71 359 27 41 289 23 33 27
2427 22 1108 2003 468 237 1594 689 895 66 39 34 27
2428 22 688 769 459 404 2003 634 237 2005 62 34 27
2429 22 516 1614 545 416 706 211 31 23 81 33 27
2430 21 1702 2001 2001 790 2001 161 573 45 270 34 27
2431 22 369 804 582 499 1359 25 259 29 9 33 27
2432 22 156 470 358 194 486 24 44 31 68 33 27
2433 22 128 273 113 113 170 18 17 31 19 33 27
2434 22 449 1018 191 56 484 53 43 31 166 33 27
2435 22 589 448 635 818 473 197 120 2005 18 33 27
2436 22 1927 1633 113 726 2003 345 56 145 184 34 27
2437 22 776 413 535 199 307 304 42 438 128 34 27
2438 22 889 390 239 194 241 329 35 403 23 33 27
2439 22 1470 636 183 288 520 90 35 20 131 34 27
2440 22 569 362 647 110 438 30 42 76 6 33 27
2441 22 189 325 155 97 1320 253 51 26 84 33 27
2442 22 331 268 253 77 166 186 192 33 27 33 27
2443 22 205 1432 346 141 275 208 39 20 55 33 27
2444 22 918 1646 438 725 1854 27 248 39 90 33 27
2445 22 607 543 1378 55 588 435 91 575 36 33 27
2446 22 86 88 194 84 71 22 26 27 7 33 27
2447 22 548 304 157 360 648 23 34 242 26 33 27
2448 22 267 352 132 217 508 24 27 27 60 33 27
2449 22 85 298 527 58 412 990 1165 558 21 33 27
2450 22 2003 1681 658 1424 2003 654 1207 2003 289 34 27
2451 22 1711 2003 1261 1630 2003 1266 982 251 342 34 27
2452 22 1045 1490 1086 749 2003 30 65 103 147 34 27
2453 22 619 1296 2003 695 2003 102 244 140 267 34 27
2454 22 252 1020 830 172 727 53 258 248 21 33 27
2455 22 932 1202 1275 152 1252 341 127 29 302 33 27
2456 22 765 209 124 195 779 22 32 29 108 33 27
2457 22 191 383 177 69 449 31 27 26 61 33 27
2458 22 783 834 822 767 754 331 246 481 67 33 27
2459 22 103 1213 81 104 241 26 37 509 23 33 27
2460 21 978 780 519 454 2003 235 58 1210 65 34 27
2461 22 837 646 1132 208 265 686 273 977 44 33 27
2462 22 230 262 1749 323 145 24 48 23 26 33 27
2463 22 407 2003 828 138 915 147 117 929 72 33 27
2464 22 2003 410 202 109 1266 42 63 187 533 33 27
2465 22 1583 2001 2001 781 2002 169 376 1156 448 34 27
2466 22 164 392 119 404 114 24 29 242 21 33 27
2467 22 618 1496 513 93 626 201 43 52 85 34 27
2468 22 1021 2003 685 459 512 497 393 247 113 34 27
2469 22 476 304 290 146 778 22 49 23 49 34 27
2470 22 636 1389 519 106 747 227 74 34 122 34 27
2471 21 2003 2003 1377 1608 2003 1252 858 1640 1259 34 27
2472 22 2003 2003 1502 1596 2003 896 1291 1773 389 34 27
2473 22 149 318 165 384 263 42 637 402 169 33 27
2474 22 91 808 155 142 185 295 65 47 21 33 27
2475 22 92 231 359 172 165 29 110 240 30 33 27
2476 22 952 835 689 409 163 28 452 1059 24 33 27
2477 22 624 200 1682 373 387 697 240 949 196 33 27
2478 22 316 1548 516 118 238 266 312 24 118 34 27
2479 22 664 121 532 84 320 111 37 668 276 33 27
2480 21 1861 2001 2001 472 2001 655 217 1431 442 34 27
2481 22 155 413 203 518 191 311 601 123 93 33 27
2482 22 115 111 225 87 293 19 21 29 13 33 27
2483 22 174 303 384 105 408 631 410 1311 22 33 27
2484 21 352 160 348 663 1243 191 40 388 21 33 27
2485 22 156 216 113 380 114 162 93 1033 5 33 27
2486 22 89 809 134 142 730 132 38 233 22 33 27
2487 21 1994 1994 1994 1994 1994 1994 1994 1994 1994 33 27
2488 22 538 1120 216 213 182 601 493 542 173 33 27
2489 22 545 1642 1118 279 820 49 73 500 118 33 27
2490 22 309 1023 82 128 503 23 49 76 35 34 27
2491 22 834 581 316 319 1234 54 56 261 83 34 27
2492 22 859 374 1861 597 372 1585 1099 1417 231 33 27
2493 22 170 2003 224 178 180 22 36 24 283 33 27
2494 22 251 198 239 74 572 26 32 98 32 34 27
2495 22 620 1617 485 111 70 499 360 599 16 33 27
2496 22 210 309 271 308 431 22 356 29 196 33 27
2497 22 1999 1999 1999 606 1999 1999 1640 1999 304 34 27
2498 22 488 509 894 131 1730 96 54 146 107 34 27
2499 22 409 206 203 168 260 24 1 37 85 33 27
2500 22 540 224 253 119 443 2003 976 1025 95 33 27
2501 22 363 305 308 169 146 290 48 195 26 33 27
2502 22 113 96 234 116 257 24 36 22 20 33 27
2503 22 854 1300 990 784 2003 292 346 188 111 33 27
2504 22 1231 2003 872 523 2003 639 235 1608 121 34 27
2505 22 160 696 442 403 146 36 43 28 19 33 27
2506 22 109 137 344 83 318 96 116 253 10 33 27
2507 22 586 250 197 346 373 313 87 296 26 33 27
2508 22 994 870 135 126 252 1017 264 77 245 34 27
2509 22 616 1236 731 450 668 428 308 335 83 33 27
2510 22 176 1964 732 223 518 31 1 39 109 33 27
2511 22 659 272 1315 272 47 1696 1747 1480 70 33 27
2512 22 1651 526 644 131 195 355 356 405 12 33 27
2513 22 551 779 685 390 719 78 206 586 63 34 27
2514 22 675 2003 182 564 593 168 187 229 27 33 27
2515 22 99 303 457 97 153 29 44 20 147 34 27
2516 22 850 2003 679 483 1789 57 81 136 39 34 27
2517 22 359 801 573 431 227 1147 1446 964 59 34 27
2518 22 125 596 161 190 1097 21 50 47 47 34 27
2519 22 387 1489 183 97 114 20 32 31 169 33 27
2520 21 1005 2003 761 591 1817 848 458 556 134 34 27
2521 22 312 283 999 374 861 306 31 152 11 33 27
2522 22 853 1127 889 602 902 304 46 1479 279 34 27
2523 21 1378 2001 888 676 2001 327 243 385 193 34 27
2524 22 2003 744 1424 980 719 292 132 117 130 33 27
2525 22 225 303 817 628 790 831 161 193 102 34 27
2526 22 345 1085 116 187 80 23 38 24 106 34 27
2527 21 263 745 752 82 439 26 146 30 25 33 27
2528 22 331 610 311 400 610 69 82 27 54 34 27
2529 22 694 2003 257 229 166 617 67 32 61 34 27
2530 22 861 2003 814 99 1035 40 72 27 125 34 27
2531 22 581 1314 1286 222 11 408 528 113 34 33 27
2532 22 135 789 265 115 471 253 1 25 25 33 27
2533 21 594 397 457 954 252 1386 338 1115 178 33 27
2534 22 177 181 196 234 296 24 30 32 23 33 27
2535 22 406 1268 435 377 1612 19 109 233 38 33 27
2536 22 104 327 246 111 197 18 48 29 79 34 27
2537 22 130 351 81 87 221 25 28 28 21 33 27
2538 22 153 451 350 113 139 311 157 29 12 33 27
2539 22 568 324 480 361 362 795 906 1327 27 33 27
2540 22 614 338 445 213 380 68 37 475 380 33 27
2541 22 259 1457 136 408 324 40 41 28 50 34 27
2542 22 520 227 189 124 208 886 614 1174 31 33 27
2543 22 364 1780 140 394 430 94 37 36 21 33 27
2544 22 203 298 599 122 395 37 102 862 21 33 27
2545 22 286 560 320 415 254 20 26 24 36 34 27
2546 22 151 198 150 448 368 52 31 57 25 33 27
2547 22 2001 2001 2001 595 1286 495 188 1559 193 34 27
2548 22 390 613 177 289 431 1894 840 1175 93 33 27
2549 22 222 189 127 74 87 35 172 144 24 33 27
2550 22 539 932 614 248 415 41 42 266 22 33 27
2551 21 1994 1994 1994 1994 1994 1994 1994 1994 1994 33 27
2552 22 515 2001 275 262 2001 36 1 41 140 33 27
2553 22 175 1081 881 81 91 701 186 310 10 33 27
2554 22 558 168 129 244 828 26 34 42 291 33 27
2555 22 747 2003 1148 755 2003 790 736 156 108 34 27
2556 22 196 222 307 151 98 22 25 29 16 33 27
2557 22 866 577 317 127 1969 184 96 486 175 34 27
2558 22 549 602 235 354 621 34 29 28 46 33 27
2559 22 482 2003 632 149 374 123 203 753 117 33 27
2560 22 121 771 273 415 184 18 12 36 19 33 27
2561 22 149 743 339 106 287 29 37 23 84 33 27
2562 21 2001 2001 2001 1947 2001 970 1036 2001 716 34 27
2563 22 109 494 97 155 264 28 281 30 50 33 27
2564 21 1979 1979 1979 723 1979 1979 1979 1979 600 34 27
2565 21 386 1328 709 501 623 436 98 163 93 34 27
2566 22 392 645 1412 511 364 243 149 70 97 34 27
2567 22 303 155 88 151 573 219 204 301 88 33 27
2568 22 715 556 153 91 2003 58 42 24 127 34 27
2569 22 198 335 129 72 496 195 19 279 9 33 27
2570 22 556 1033 1555 360 607 1359 359 642 76 33 27
2571 22 116 189 98 90 1601 57 45 30 33 34 27
2572 22 1583 2003 711 402 1287 294 1 463 165 33 27
2573 22 506 2003 587 191 1353 399 49 74 78 34 27
2574 22 296 170 514 429 118 367 451 667 33 33 27
2575 22 378 633 153 774 1243 162 83 103 61 34 27
2576 22 535 327 487 59 80 402 159 25 37 34 27
2577 22 661 199 301 264 1368 906 145 1461 216 34 27
2578 22 628 906 273 166 1714 94 41 54 42 33 27
2579 22 1182 425 210 156 420 26 199 366 64 34 27
2580 22 418 135 198 126 455 32 76 69 84 34 27
2581 22 375 582 409 88 361 225 193 22 91 33 27
2582 22 245 611 233 104 399 19 33 24 102 33 27
2583 22 175 200 161 244 95 23 31 63 19 33 27
2584 22 261 1409 584 248 435 69 39 38 119 33 27
2585 22 2003 148 234 213 195 312 175 1279 57 34 27
2586 21 215 205 152 126 143 54 25 28 7 33 27
2587 22 395 569 160 561 95 419 129 167 134 33 27
2588 22 1000 998 985 284 291 1174 216 1364 90 33 27
2589 22 126 504 259 251 274 167 33 91 47 33 27
2590 22 1106 2003 950 122 2003 626 682 1386 191 34 27
2591 22 126 420 159 103 141 23 31 31 51 33 27
2592 22 629 630 436 1802 753 126 427 635 131 34 27
2593 22 102 276 161 97 175 24 28 28 81 34 27
2594 22 482 509 227 316 1805 128 31 26 60 34 27
2595 21 1999 1999 1999 1465 1617 2001 2001 2000 205 32 27
2596 22 708 748 484 384 1528 23 42 24 19 33 27
2597 22 645 2003 538 316 1684 340 310 70 22 33 27
2598 22 249 220 544 106 370 368 299 1312 101 33 27
2599 22 234 857 1671 72 181 723 248 756 34 34 27
2600 22 863 1220 686 144 389 392 331 71 74 34 27
2601 22 102 849 192 136 95 21 22 22 51 34 27
2602 22 380 1037 629 757 1785 171 114 292 10 33 27
2603 22 2001 1999 1999 2000 2000 552 474 917 67 34 27
2604 21 2001 2001 2001 598 192 2001 2001 2001 188 33 27
2605 22 555 2001 325 278 2001 116 608 1125 125 33 27
2606 21 340 524 418 340 413 35 43 439 36 33 27
2607 22 518 815 1152 728 380 185 73 2005 268 33 27
2608 22 857 1175 658 660 1174 97 109 98 183 34 27
2609 21 188 895 425 214 660 61 59 546 91 34 27
2610 22 1586 2003 1250 1631 2003 1378 481 1645 222 34 27
2611 22 1749 1486 498 720 2003 2003 1103 2003 126 34 27
2612 22 336 433 280 206 394 69 27 78 18 33 27
2613 22 378 339 698 330 336 190 106 271 42 33 27
2614 22 596 383 99 372 200 88 35 30 86 33 27
2615 22 308 276 310 189 179 937 36 107 24 33 27
2616 22 380 412 377 299 481 25 57 108 111 34 27
2617 22 135 662 233 112 294 25 20 35 22 33 27
2618 22 820 2003 794 598 2003 813 313 35 121 34 27
2619 22 221 299 167 261 548 24 514 715 38 33 27
2620 22 316 180 843 99 160 26 26 449 18 33 27
2621 22 371 2003 716 573 1995 322 89 1286 21 33 27
2622 22 686 796 211 76 404 97 537 170 100 33 27
2623 22 434 1332 2003 161 487 1451 1072 2003 105 33 27
2624 22 301 399 152 78 275 28 33 26 71 33 27
2625 22 133 293 114 118 326 25 34 25 31 34 27
2626 22 964 1436 1081 483 1027 49 169 679 367 33 27
2627 21 112 248 234 295 333 27 41 60 20 33 27
2628 22 273 1817 224 133 528 27 322 28 93 34 27
2629 22 387 382 206 174 40 43 271 1181 21 33 27
2630 22 331 1309 456 283 253 516 175 2005 28 33 27
2631 21 1994 1994 1994 1994 1994 1994 1994 1994 1740 33 27
2632 22 149 743 103 149 236 189 269 905 41 33 27
2633 22 769 354 958 195 852 1372 761 53 111 34 27
2634 21 1496 1503 724 225 603 29 46 54 35 34 27
2635 22 552 2003 688 951 1882 776 424 2003 99 33 27
2636 22 194 180 213 181 402 85 224 33 24 33 27
2637 22 846 885 748 400 2003 25 39 38 156 34 27
2638 22 327 1485 328 113 275 150 96 183 55 33 27
2639 22 739 173 313 678 271 280 129 29 29 33 27
2640 12 1994 1994 1994 1994 1994 1994 1994 1994 1994 24 20
2641 22 497 455 202 155 837 503 50 31 17 33 27
2642 22 174 319 419 231 181 30 35 111 97 33 27
2643 22 917 1720 1281 1266 811 376 467 843 190 34 27
2644 22 866 2003 282 185 170 137 97 50 185 34 27
2645 22 316 1306 186 185 209 55 6 25 58 34 27
2646 22 130 704 90 193 290 28 40 32 33 34 27
2647 21 139 2003 407 476 238 23 37 20 66 34 27
2648 22 1058 500 116 218 2003 27 178 2003 32 34 27
2649 22 664 1312 582 271 1429 99 46 25 60 34 27
2650 22 1994 1994 1994 1994 1994 1994 1994 1994 351 34 27
2651 22 232 2003 765 170 426 192 62 201 12 33 27
2652 22 352 714 359 291 518 162 187 302 76 34 27
2653 22 1633 2001 1102 1200 2003 262 357 174 316 34 27
2654 21 2001 2001 2001 2001 2001 447 692 1762 1275 34 27
2655 21 103 305 135 417 777 27 27 33 104 33 27
2656 22 142 627 1611 117 371 654 432 2005 21 33 27
2657 22 263 512 939 464 1038 1759 1509 877 25 33 27
2658 22 419 392 232 164 457 24 38 26 34 34 27
2659 22 160 770 309 310 604 116 43 290 34 33 27
2660 22 199 2003 150 336 613 33 38 243 57 34 27
2661 22 274 173 505 833 329 679 427 460 17 33 27
2662 22 1585 768 1066 684 746 2003 2003 2003 82 34 27
2663 22 156 1022 394 200 357 55 102 56 25 33 27
2664 22 445 610 735 347 509 2003 2003 2003 127 33 27
2665 22 759 2003 1050 185 974 863 210 369 181 34 27
2666 22 489 710 547 314 281 397 38 31 37 34 27
2667 22 514 2003 1095 188 518 66 36 36 28 34 27
2668 22 1983 1050 1983 1983 1983 895 846 779 512 34 27
2669 22 141 148 159 150 72 19 120 31 26 33 27
2670 22 862 1328 1034 205 954 162 129 55 107 34 27
2671 22 1198 915 1077 633 162 1012 1589 715 248 34 27
2672 22 297 526 943 300 349 736 185 1342 23 33 27
2673 22 290 454 247 117 136 220 194 1801 6 33 27
2674 22 958 870 1292 567 327 1533 215 573 302 34 27
2675 22 1280 2001 515 757 2001 582 401 1415 170 34 27
2676 21 202 336 348 152 292 49 32 193 9 33 27
2677 22 909 2003 829 769 619 1507 416 2003 37 33 27
2678 22 423 1838 828 377 275 731 518 1029 55 34 27
2679 22 181 129 417 261 111 19 26 27 12 33 27
2680 22 977 1337 151 251 1513 28 90 170 160 34 27
2681 22 586 432 624 257 315 22 42 115 105 33 27
2682 28 1994 1994 1994 1994 1994 1995 1880 1995 496 41 34
2683 22 1483 1201 1023 992 1689 717 47 47 238 34 27
2684 22 73 493 532 186 886 20 25 24 16 33 27
2685 22 1298 840 800 148 2003 423 129 2003 181 33 27
2686 22 393 384 140 100 1414 232 167 149 15 33 27
2687 22 601 2003 132 370 1168 31 1 284 153 33 27
2688 22 140 1091 350 297 436 27 43 22 136 34 27
2689 22 213 206 448 353 80 55 32 31 18 33 27
2690 22 314 269 385 135 235 95 24 23 34 33 27
2691 22 442 209 88 93 163 695 250 87 95 33 27
2692 22 388 1169 654 658 650 492 528 806 22 33 27
2693 21 65 654 289 255 633 34 29 271 9 33 27
2694 22 486 161 237 72 943 30 54 97 26 33 27
2695 22 901 2001 634 80 399 109 142 471 106 34 27
2696 21 151 164 95 101 443 192 36 29 17 33 27
2697 22 723 485 515 670 283 874 727 574 57 33 27
2698 21 1994 1994 1994 1994 1994 1994 1994 1994 1566 33 27
2699 22 246 286 289 325 169 50 739 693 61 34 27
2700 22 415 334 267 248 360 21 92 892 85 33 27
2701 22 150 179 213 119 393 75 147 35 127 33 27
2702 22 757 1569 347 279 342 2003 1760 1685 117 33 27
2703 22 1081 2003 1801 594 1336 1350 146 1195 112 34 27
2704 22 163 978 1298 66 766 347 22 1224 15 33 27
2705 22 190 1016 299 96 362 90 138 28 38 34 27
2706 22 751 714 600 527 1353 298 561 452 136 34 27
2707 22 257 275 478 520 480 25 34 33 44 33 27
2708 22 524 499 277 203 239 2003 2003 2003 99 33 27
2709 22 808 375 820 343 461 2003 1778 2003 89 33 27
2710 22 469 1434 723 635 542 29 34 309 92 34 27
2711 22 193 258 221 127 148 896 31 25 48 34 27
2712 22 143 564 280 111 861 23 28 25 30 34 27
2713 22 735 877 911 455 900 2004 1916 1231 173 34 27
2714 22 324 385 348 424 749 319 539 683 65 34 27
2715 22 466 981 385 307 344 73 590 379 52 34 27
2716 22 222 463 319 118 779 158 54 1042 16 33 27
2717 22 233 675 337 557 309 1307 323 520 31 34 27
2718 22 131 348 700 390 660 85 258 353 57 33 27
2719 22 342 676 102 86 483 160 33 47 8 33 27
2720 22 308 133 385 205 274 31 91 24 53 33 27
2721 22 388 536 364 412 101 37 30 23 162 34 27
2722 22 219 893 321 341 1804 23 1 25 210 34 27
2723 22 346 710 1374 99 357 874 770 2005 28 33 27
2724 22 581 132 585 280 237 23 96 667 8 33 27
2725 21 227 546 309 125 418 56 36 25 82 34 27
2726 22 115 803 94 172 310 304 294 412 25 33 27
2727 22 589 464 91 355 40 28 26 46 113 34 27
2728 22 242 316 281 192 806 2003 1430 2003 113 33 27
2729 22 233 198 407 128 541 23 32 530 52 33 27
2730 22 416 1088 603 308 1258 358 294 616 46 33 27
2731 22 1003 2003 470 101 578 276 171 369 134 34 27
2732 22 753 534 440 240 267 115 257 71 133 33 27
2733 22 162 725 189 105 391 389 360 27 48 34 27
2734 22 136 209 339 280 28 731 532 460 116 33 27
2735 22 190 195 678 139 213 305 149 34 27 33 27
2736 22 1011 2001 277 396 2001 546 711 411 118 33 27
2737 22 1303 2003 992 1355 2003 941 610 999 163 34 27
2738 22 504 362 774 236 206 812 187 2005 166 33 27
2739 21 683 604 431 567 2003 56 163 193 129 33 27
2740 22 599 295 238 830 35 39 40 23 1 33 27
2741 22 93 1549 152 260 362 605 423 967 36 33 27
2742 22 133 151 172 86 479 100 1 32 9 33 27
2743 22 674 839 1280 405 431 2003 1111 1168 27 33 27
2744 22 542 1182 472 262 1108 71 81 294 63 34 27
2745 22 205 497 95 194 133 26 42 33 27 34 27
2746 22 320 492 331 199 296 294 634 357 137 34 27
2747 22 1830 2001 2001 1051 1570 2001 2001 2001 77 33 27
2748 22 1456 716 258 229 2003 724 955 444 240 34 27
2749 22 133 186 328 426 342 27 155 147 43 34 27
2750 22 241 2003 201 362 856 22 31 27 30 34 27
2751 22 92 472 142 254 219 121 27 22 23 33 27
2752 22 208 289 183 383 380 22 80 62 33 34 27
2753 22 100 682 125 372 180 42 50 25 9 33 27
2754 22 154 789 799 174 163 434 191 86 34 33 27
2755 22 932 386 846 910 466 251 36 980 39 33 27
2756 22 579 544 173 203 839 172 59 27 116 34 27
2757 22 147 195 1159 272 185 477 257 509 76 34 27
2758 22 106 306 128 194 147 219 260 51 18 33 27
2759 22 307 168 187 344 238 195 167 59 42 34 27
2760 22 148 867 583 191 223 37 239 564 23 33 27
2761 22 1142 1846 1654 1293 1481 313 494 90 115 34 27
2762 22 2001 2001 2001 1800 2001 1722 252 1909 389 34 27
2763 22 1044 1609 157 722 1327 23 34 304 72 33 27
2764 22 152 1178 409 210 163 36 38 694 32 34 27
2765 22 559 692 259 248 1 1784 1330 2005 88 33 27
2766 22 106 270 292 130 175 23 38 31 25 33 27
2767 22 459 250 177 575 165 24 25 30 24 33 27
2768 22 170 322 695 114 147 25 23 23 80 33 27
2769 22 194 303 476 129 458 24 25 89 12 33 27
2770 22 137 1001 422 364 97 1176 229 20 53 33 27
2771 22 241 1735 376 233 1078 684 660 2003 72 34 27
2772 22 729 773 1470 1164 1166 288 209 33 137 33 27
2773 22 175 379 324 268 239 68 54 475 177 33 27
2774 22 1975 2002 2002 1611 939 2002 853 990 400 34 27
2775 22 130 1261 218 263 155 21 63 457 22 33 27
2776 22 957 2001 595 1596 324 2002 1985 2002 146 34 27
2777 22 171 811 223 105 299 19 37 22 122 34 27
2778 22 462 1243 782 580 664 982 229 982 69 33 27
2779 22 621 778 416 111 910 29 42 24 52 34 27
2780 22 778 1268 414 184 607 794 556 367 144 34 27
2781 22 295 778 338 169 542 273 42 39 38 34 27
2782 22 251 377 221 1194 158 57 35 154 11 33 27
2783 22 297 137 211 303 716 375 180 406 37 34 27
2784 22 164 229 469 294 103 501 613 1301 61 34 27
2785 22 736 1209 660 763 1426 511 45 429 147 34 27
2786 22 1342 1180 2003 1001 1562 2003 2003 2003 215 33 27
2787 22 1564 1813 2003 628 586 1140 1432 1059 160 34 27
2788 22 480 193 218 83 483 20 28 29 40 33 27
2789 22 583 1385 1068 1678 1510 300 87 47 76 34 27
2790 22 2001 2001 1338 1457 2001 1627 669 2003 966 34 27
2791 22 264 643 181 207 126 24 45 30 33 34 27
2792 22 475 2003 300 128 278 224 156 1255 10 33 27
2793 22 148 322 737 228 249 134 1 421 24 33 27
2794 22 485 1792 319 375 421 162 144 1009 80 34 27
2795 22 664 1188 555 802 371 306 111 21 55 33 27
2796 22 645 700 662 130 487 552 850 400 214 34 27
2797 22 199 239 221 177 308 25 35 72 80 34 27
2798 22 1117 1727 1309 390 598 1169 587 76 295 34 27
2799 22 227 1086 269 416 159 39 578 521 59 33 27
2800 22 306 959 330 195 152 25 33 81 59 33 27
2801 22 522 509 158 462 448 280 378 288 51 33 27
2802 22 488 739 270 244 729 2003 33 25 61 33 27
2803 22 273 171 190 363 228 25 1 34 33 33 27
2804 22 1421 2001 2001 1594 2001 2001 864 2001 517 34 27
2805 22 100 222 434 325 223 766 639 350 205 34 27
2806 22 153 412 185 404 1030 28 35 27 11 33 27
2807 22 179 553 365 87 876 21 26 26 3 33 27
2808 22 99 860 256 186 207 19 104 37 8 33 27
2809 22 803 2003 743 255 1681 70 354 513 89 34 27
2810 22 1994 1994 1994 1994 1994 1994 1994 1994 409 34 27
2811 22 1459 1445 2003 766 761 923 241 2001 62 34 27
2812 22 1649 2001 1776 430 2001 411 746 290 318 34 28
2813 22 300 1022 252 278 318 28 35 42 12 33 27
2814 22 329 712 714 122 518 339 49 418 97 33 27
2815 22 241 715 431 101 427 25 33 26 35 34 27
2816 22 115 234 105 158 152 2003 2003 2003 15 33 27
2817 22 252 652 100 73 508 24 248 18 103 34 27
2818 22 737 1179 2003 276 570 180 164 1774 99 33 27
2819 22 261 609 960 85 318 466 190 299 58 34 27
2820 22 226 287 544 140 428 2003 2003 2003 12 33 27
2821 22 263 268 568 73 1223 291 226 17 25 33 27
2822 22 540 589 220 90 536 698 58 1205 91 34 27
2823 22 1575 1372 911 107 665 142 481 743 282 33 27
2824 22 313 332 226 92 263 418 157 29 18 33 27
2825 22 198 375 168 69 77 43 42 31 60 34 27
2826 22 722 1163 2001 209 334 2002 2002 2002 36 33 27
2827 22 180 163 177 102 354 1133 215 1335 176 34 27
2828 22 435 2003 425 322 1055 229 60 783 13 33 27
2829 22 377 722 326 220 572 26 114 51 132 33 27
2830 22 1396 996 2003 1826 1447 1291 983 2003 203 33 27
2831 22 373 294 139 333 629 22 22 699 11 33 27
2832 22 177 327 523 190 138 27 31 26 99 34 27
2833 22 392 521 151 83 889 151 33 19 15 33 27
2834 22 131 532 121 221 409 31 32 35 20 33 27
2835 22 374 1108 1272 308 376 583 1 43 64 34 28
2836 22 586 1691 195 524 440 49 113 305 75 34 27
2837 22 739 449 478 737 2003 21 48 24 374 33 27
2838 22 669 230 362 212 479 226 190 25 72 33 27
2839 22 621 861 385 488 477 25 35 29 21 33 27
2840 22 719 2003 229 497 121 152 369 896 265 33 27
2841 22 203 392 398 224 371 23 219 304 65 33 27
2842 22 1700 2001 2001 830 550 346 1714 393 263 34 27
2843 22 300 765 255 76 286 23 31 368 10 33 27
2844 22 197 257 408 180 162 126 219 557 38 34 27
2845 22 186 545 159 173 299 20 26 28 3 33 27
2846 22 383 484 678 429 514 32 47 28 22 33 27
2847 22 749 2003 326 198 619 187 126 51 95 34 27
2848 22 220 735 254 333 177 109 44 26 185 34 27
2849 22 213 662 390 170 455 26 1 33 20 33 27
2850 22 146 1097 672 105 652 438 645 2003 24 33 27
2851 22 142 546 304 376 424 178 40 36 32 33 27
2852 22 294 521 412 101 170 48 37 29 78 34 27
2853 22 219 455 663 127 215 65 66 32 53 34 27
2854 22 388 265 416 126 313 72 153 557 5 33 27
2855 22 1198 670 323 193 1429 364 71 22 130 34 27
2856 22 1111 2003 1985 287 975 1663 1432 1785 150 34 27
2857 22 123 788 206 184 1082 108 164 75 20 33 27
2858 21 94 177 112 133 522 368 47 495 53 34 27
2859 22 427 464 232 653 871 149 228 181 25 33 27
2860 22 235 2003 351 92 1864 232 1 430 118 33 27
2861 22 175 213 209 140 121 21 57 31 14 33 27
2862 22 896 1161 300 743 1221 401 172 423 328 34 27
2863 21 174 278 1171 69 178 26 37 1740 68 33 27
2864 22 731 119 221 82 123 44 66 25 25 33 27
2865 22 669 1104 196 142 197 51 36 25 145 34 27
2866 22 303 491 904 359 1 43 155 38 39 34 27
2867 22 90 427 124 109 410 26 120 1491 15 33 27
2868 22 185 531 350 88 58 240 157 56 11 33 27
2869 22 555 536 171 546 252 23 36 33 26 33 27
2870 22 341 105 246 131 286 26 36 77 29 34 27
2871 22 154 245 428 201 129 30 30 96 69 34 27
2872 22 329 540 211 222 177 79 295 311 24 33 27
2873 22 803 1803 1151 395 1045 185 918 946 124 34 27
2874 22 1239 928 892 264 2003 39 58 26 203 34 27
2875 22 383 703 445 381 333 162 174 579 222 34 27
2876 22 264 728 313 135 252 185 145 815 16 33 27
2877 22 100 1025 620 479 769 309 31 26 254 34 27
2878 22 2003 1535 345 320 1066 360 1262 1133 276 33 27
2879 22 837 842 495 337 478 164 48 660 120 34 27
2880 22 294 1450 713 469 404 104 136 204 27 33 27
2881 21 253 859 370 967 687 82 31 33 18 33 27
2882 30 1994 1994 1994 1994 1994 1994 1994 1994 465 45 38
2883 22 245 335 125 204 1138 34 30 28 30 34 27
2884 22 110 466 499 254 113 285 121 432 67 34 27
2885 22 256 2003 519 82 213 496 37 69 58 34 27
2886 22 228 306 144 682 407 35 33 172 33 34 27
2887 22 394 414 135 196 361 98 37 33 33 33 27
2888 22 1237 2003 559 557 2003 1454 498 503 244 34 27
2889 22 1999 1999 1999 1717 1999 291 721 1999 575 33 27
2890 22 1116 386 161 149 233 270 539 2003 195 33 27
2891 22 206 193 120 330 531 537 296 73 17 33 27
2892 22 384 716 262 169 1307 193 140 187 25 33 27
2893 22 104 292 349 135 410 186 25 28 27 33 27
2894 22 186 1313 326 80 354 28 274 478 15 33 27
2895 22 510 257 649 311 1268 185 29 283 113 33 27
2896 22 1527 2003 1372 250 962 1354 292 1720 350 33 27
2897 22 284 179 290 91 136 1432 898 975 10 33 27
2898 22 337 240 243 237 966 22 1 28 32 33 27
2899 22 141 190 877 249 352 1409 715 330 43 34 27
2900 22 125 266 217 179 197 161 43 31 154 34 27
2901 22 321 471 126 157 777 404 46 25 11 33 27
2902 22 290 1404 184 170 361 22 31 392 8 33 27
2903 22 521 1071 549 131 1327 2003 2003 2003 58 33 27
2904 22 1032 1297 370 2002 2002 211 592 2002 16 33 27
2905 21 351 1337 479 695 730 196 150 627 173 34 27
2906 22 796 273 385 261 553 248 141 135 66 34 27
2907 22 158 455 197 379 153 30 58 33 30 33 27
2908 22 826 361 1460 639 337 379 44 27 87 33 27
2909 22 186 127 195 124 591 24 30 28 27 33 27
2910 22 1322 2003 984 268 1421 631 272 54 212 34 27
2911 22 212 399 127 108 331 21 58 39 20 33 27
2912 22 112 362 152 95 128 2003 2003 2003 84 34 27
2913 22 182 114 422 540 1022 175 227 2003 32 34 27
2914 21 386 1254 192 78 571 29 29 184 55 33 27
2915 22 87 173 92 179 289 24 26 23 10 33 27
2916 22 752 2003 631 277 672 437 241 426 86 34 27
2917 22 125 307 457 84 122 51 88 20 21 33 27
2918 22 461 684 711 613 373 68 459 275 20 33 27
2919 22 255 657 205 265 347 118 45 24 74 34 27
2920 22 124 1098 1086 272 253 59 51 398 11 33 27
2921 22 197 383 180 173 599 353 335 133 38 34 27
2922 22 529 1201 1241 2003 720 727 348 106 93 34 27
2923 22 525 122 240 193 291 20 50 46 117 33 27
2924 22 164 211 287 139 115 23 28 336 24 33 27
2925 22 344 2003 348 637 947 30 42 34 26 33 27
2926 22 2003 1597 2003 391 827 986 160 221 394 34 27
2927 22 858 2003 892 232 243 362 459 2003 195 34 27
2928 21 907 1143 177 303 374 614 186 29 31 34 27
2929 22 203 248 660 67 132 21 33 28 23 33 27
2930 22 1020 2003 251 1229 2003 375 291 148 307 34 27
2931 22 348 177 118 78 86 75 23 24 18 33 27
2932 22 84 277 263 1163 558 1036 209 47 16 33 27
2933 22 300 299 983 182 155 1132 202 610 52 33 27
2934 22 556 810 140 245 2003 22 1 95 30 33 27
2935 22 284 495 191 169 112 39 49 28 158 34 27
2936 22 346 314 485 184 9 41 70 643 96 33 27
2937 22 651 1458 515 141 613 52 61 28 22 33 27
2938 22 760 1178 1019 795 1333 1622 1695 2004 54 33 27
2939 22 1100 2003 484 608 698 464 158 935 177 34 27
2940 22 675 607 709 386 268 680 164 301 202 34 27
2941 22 103 622 356 180 820 31 34 173 7 33 27
2942 22 447 546 461 478 1004 21 234 299 61 34 27
2943 22 902 826 594 312 232 1325 1025 1488 198 34 27
2944 22 2001 2001 325 295 727 871 735 2003 364 34 27
2945 22 328 881 439 136 128 365 23 504 58 33 27
2946 22 133 343 200 183 221 20 33 29 1 33 27
2947 22 1040 206 480 384 1924 88 68 1660 76 33 27
2948 21 1155 1101 106 274 2003 223 411 1230 44 33 27
2949 22 111 904 171 79 175 24 30 29 21 33 27
2950 22 363 716 237 138 181 978 286 52 97 34 27
2951 22 253 432 419 732 376 345 33 1799 144 34 27
2952 22 163 289 135 85 322 17 20 28 44 34 27
2953 22 277 902 866 78 511 136 45 38 15 33 28
2954 22 218 145 245 138 193 24 31 26 9 33 27
2955 22 104 830 616 287 592 39 18 82 20 33 27
2956 22 440 502 854 122 232 507 272 747 20 33 27
2957 22 554 805 563 268 808 23 42 26 192 34 27
2958 22 394 715 136 86 139 92 52 1478 62 33 27
2959 22 505 262 232 123 566 169 40 326 18 33 27
2960 22 165 601 810 160 281 364 124 28 19 33 27
2961 22 116 1832 206 96 678 30 89 28 29 33 27
2962 22 248 169 149 285 513 26 42 31 16 33 27
2963 22 958 2002 247 537 2002 195 56 32 431 34 27
2964 22 323 925 319 144 521 31 126 734 93 34 27
2965 22 642 164 363 142 391 253 72 718 25 33 27
2966 22 266 258 300 115 186 23 277 45 40 34 27
2967 22 282 1030 317 212 1401 26 36 83 20 33 27
2968 22 107 262 388 585 136 22 25 28 37 33 27
2969 22 503 2003 1213 163 833 433 554 2002 43 33 27
2970 22 649 1652 1238 356 275 1685 1009 2002 22 33 27
2971 22 312 428 827 204 101 1376 1606 2005 50 33 27
2972 22 620 733 1190 2003 1567 295 128 836 385 34 27
2973 22 704 635 180 123 176 383 105 37 64 34 27
2974 22 1009 1121 930 252 705 1076 592 955 79 33 27
2975 22 163 148 256 103 137 26 25 26 22 34 28
2976 22 569 235 117 133 307 255 36 738 84 33 27
2977 22 1614 1017 2003 424 533 2003 1843 2003 338 33 27
2978 22 99 320 139 130 381 506 507 214 27 33 27
2979 22 97 527 581 117 67 20 34 36 19 33 27
2980 21 756 1529 193 522 1524 41 45 26 61 33 27
2981 22 2003 219 1392 1245 257 1068 1243 1427 134 34 27
2982 22 293 583 286 879 312 654 286 206 117 34 27
2983 22 1431 1192 1013 376 1768 250 108 1430 201 34 27
2984 22 683 683 115 1271 155 784 229 51 1 33 27
2985 22 116 109 299 176 80 50 33 23 26 33 27
2986 22 458 503 156 185 1069 26 33 23 103 34 27
2987 22 246 417 260 91 105 55 63 47 112 33 27
2988 22 706 746 94 790 1122 397 234 153 42 34 27
2989 22 111 429 232 69 246 36 35 34 75 33 27
2990 22 418 277 267 454 855 60 32 102 26 33 27
2991 22 228 586 190 184 565 55 30 51 9 33 27
2992 22 718 1547 594 1740 542 434 376 815 51 34 27
2993 22 315 2003 94 83 185 750 227 351 24 33 27
2994 22 497 292 2003 273 161 2003 551 304 36 34 27
2995 22 483 2003 757 434 1398 1266 573 159 69 34 27
2996 22 953 2003 2003 1466 1142 632 167 1454 129 34 27
2997 22 344 1624 179 332 808 1046 730 1159 84 33 27
2998 22 195 328 647 170 164 1138 1242 1847 26 33 27
2999 21 2001 2001 2001 1671 2001 1406 352 2001 890 33 27
3000 22 1284 2001 951 370 2001 266 242 1188 346 34 27
3001 22 531 481 959 125 888 156 218 996 177 33 27
3002 22 271 155 219 111 70 31 36 850 36 34 27
3003 21 1999 1999 1999 1828 1999 1999 1185 1786 530 34 27
3004 22 84 126 124 92 324 26 31 49 27 33 27
3005 22 102 188 115 77 270 46 55 24 58 34 27
3006 22 133 415 465 107 373 24 26 45 64 34 27
3007 22 1021 2003 1063 351 565 54 227 242 383 34 27
3008 22 368 212 101 110 132 28 50 31 55 34 27
3009 22 121 234 342 70 93 149 51 47 47 33 27
3010 22 220 824 1915 332 692 283 874 1083 119 33 27
3011 22 419 2003 604 312 781 18 37 32 15 33 27
3012 22 902 515 416 1121 877 427 43 97 13 33 27
3013 22 169 747 152 92 671 100 53 58 140 33 27
3014 22 696 2001 2001 900 292 592 591 2003 198 34 27
3015 22 191 1593 982 511 1201 1001 254 2005 129 34 27
3016 22 124 935 412 123 737 23 221 113 78 34 27
3017 22 458 2003 667 140 477 37 97 28 43 34 27
3018 22 265 257 372 84 446 333 35 32 11 33 27
3019 22 140 263 135 311 1760 133 163 30 69 34 27
3020 22 1538 846 2003 600 711 1740 489 636 32 34 27
3021 22 310 343 281 278 84 22 45 61 189 34 27
3022 22 599 374 870 134 297 23 38 44 30 34 27
3023 22 735 802 228 144 2003 24 54 54 13 33 27
3024 21 1994 1994 1994 1994 1994 1994 458 1994 585 34 27
3025 22 796 2003 977 347 835 165 243 527 69 34 27
3026 22 401 951 206 73 1078 35 47 33 29 34 27
3027 22 677 581 109 87 514 30 37 118 274 34 27
3028 22 1931 575 806 424 311 471 439 1212 247 34 27
3029 22 827 2003 484 465 989 31 115 24 160 34 27
3030 22 929 2003 1083 568 194 740 253 30 170 33 27
3031 22 586 1611 694 421 622 295 312 323 194 34 27
3032 22 426 187 230 234 23 188 111 462 22 33 27
3033 22 256 956 214 82 169 156 40 228 74 34 27
3034 22 374 467 565 662 491 239 95 124 72 34 27
3035 22 581 833 184 207 83 309 53 27 278 33 27
3036 22 384 1770 377 607 542 325 154 321 23 33 27
3037 22 292 589 2003 381 165 30 39 45 52 34 27
3038 22 1761 1796 1439 1569 1263 2003 2003 2003 372 34 27
3039 22 734 872 233 303 932 120 32 29 21 33 27
3040 22 423 721 394 369 1631 306 2003 1700 52 34 27
3041 22 110 171 127 76 1013 26 92 26 17 33 27
3042 22 142 127 87 149 11 24 5 30 82 34 27
3043 22 153 974 487 121 107 19 58 17 25 33 27
3044 22 329 499 231 72 202 26 133 27 84 33 27
3045 22 782 460 636 560 629 211 390 209 90 33 27
3046 22 392 320 416 672 393 328 145 565 62 33 27
3047 22 81 169 243 160 494 219 30 1081 9 33 27
3048 22 255 407 376 185 230 24 30 24 16 33 27
3049 22 121 420 283 167 1063 30 29 24 15 33 27
3050 22 421 480 1177 414 941 1699 1079 1860 89 34 27
3051 22 223 855 2003 78 141 63 401 59 117 34 27
3052 22 316 906 187 460 390 266 53 28 71 34 27
3053 22 723 275 354 138 194 179 125 39 31 33 27
3054 22 573 2003 1302 680 1058 349 164 314 238 34 27
3055 22 322 308 495 223 56 624 394 2003 41 33 27
3056 22 638 2003 158 462 933 23 49 53 179 34 27
3057 22 191 539 152 110 286 25 25 33 28 34 27
3058 21 893 2001 2001 961 1155 2001 1573 873 323 34 27
3059 22 108 180 139 87 163 19 39 23 71 33 27
3060 22 90 662 240 173 355 327 64 370 19 33 27
3061 22 312 591 567 406 419 362 38 94 24 33 27
3062 22 877 670 194 182 183 319 309 2003 59 33 27
3063 22 148 142 283 201 240 515 420 380 17 33 27
3064 22 1057 216 566 391 323 691 516 162 348 33 27
3065 22 219 146 109 124 411 24 25 32 24 33 27
3066 22 160 548 117 156 277 28 29 30 31 33 27
3067 22 235 580 416 448 131 55 62 31 77 34 27
3068 22 577 457 318 107 140 27 159 1199 128 33 27
3069 22 599 1260 613 387 666 450 53 36 103 34 27
3070 22 109 520 96 111 103 38 70 27 23 33 27
3071 22 519 508 294 276 94 40 40 107 116 33 27
3072 22 112 170 313 56 608 22 103 899 131 34 27
3073 22 301 122 334 123 170 22 34 23 26 33 27
3074 22 124 146 145 256 329 609 40 126 50 34 27
3075 22 1257 1304 486 242 814 26 30 64 82 34 27
3076 22 941 1248 1680 1454 1294 203 377 2005 423 33 27
3077 22 290 1124 240 69 332 25 41 24 41 34 27
3078 22 526 1354 680 274 236 807 192 153 135 34 27
3079 22 978 289 554 704 2003 365 176 44 179 34 27
3080 22 151 218 66 99 70 34 38 27 32 34 27
3081 22 527 1549 756 397 767 46 39 96 105 33 27
3082 22 88 864 192 174 585 248 34 1113 159 33 27
3083 21 169 254 210 78 396 34 6 29 27 33 27
3084 22 311 636 1007 127 431 379 92 734 164 34 27
3085 22 123 180 315 82 165 155 113 35 23 33 27
3086 22 666 733 516 123 343 23 33 450 70 33 27
3087 22 677 152 772 234 193 193 11 224 84 34 27
3088 22 455 272 235 250 1086 318 48 45 67 33 27
3089 22 226 1678 715 205 760 41 48 30 154 34 27
3090 22 122 502 190 123 214 19 193 113 1 33 27
3091 22 127 241 127 85 47 2003 366 583 15 33 27
3092 22 265 379 1472 301 377 44 28 42 96 33 27
3093 22 188 160 567 635 300 20 20 26 3 33 27
3094 22 390 397 129 98 132 24 304 43 75 33 27
3095 22 2001 2001 2001 1363 286 193 339 368 277 34 27
3096 21 2001 2001 2001 1679 2001 1006 594 408 132 34 27
3097 22 98 313 264 354 164 21 38 512 152 33 27
3098 21 1994 1994 1994 1994 1994 1994 1994 1994 1994 33 27
3099 22 159 150 600 316 502 1569 524 611 99 33 27
3100 22 308 275 227 184 370 26 209 1058 9 33 27
3101 22 387 540 200 263 566 23 155 85 104 34 27
3102 22 756 1128 300 183 525 146 23 27 87 33 27
3103 22 122 730 553 341 1233 406 34 56 16 33 27
3104 22 526 512 163 2003 1086 342 586 573 53 34 27
3105 22 1560 2001 790 693 2001 59 158 184 228 34 27
3106 22 1111 1513 369 352 727 22 137 212 91 34 27
3107 22 451 552 2003 135 109 2003 1410 2003 27 33 27
3108 22 639 475 2003 869 516 2003 1652 2003 221 34 27
3109 22 456 864 278 194 319 959 47 235 46 34 27
3110 22 164 632 561 116 452 56 40 174 6 33 27
3111 21 1994 1994 1994 1661 1994 1995 1995 1995 1995 33 27
3112 22 696 828 157 392 1773 197 115 89 48 34 27
3113 22 495 2003 148 1344 977 322 195 31 60 33 27
3114 22 229 756 105 186 142 41 29 28 31 33 27
3115 22 232 770 113 134 102 447 318 99 33 34 27
3116 22 2000 2000 2001 1448 2000 1013 515 2000 507 34 27
3117 21 286 403 273 181 1103 25 28 32 16 33 27
3118 22 101 193 429 89 183 23 29 23 25 33 27
3119 22 732 2001 200 149 2001 22 199 176 31 34 27
3120 22 120 1260 172 97 225 24 39 23 13 33 27
3121 22 252 248 839 216 325 545 221 90 21 33 27
3122 22 485 2003 377 106 610 232 106 793 147 33 27
3123 22 709 1073 144 400 1074 938 763 288 16 33 27
3124 22 1477 2001 2001 1514 869 1108 654 2002 230 34 27
3125 22 198 321 368 202 544 21 131 41 173 34 27
3126 22 273 561 831 507 278 945 537 1713 22 33 27
3127 22 267 274 274 115 545 73 211 30 12 33 27
3128 22 115 132 187 629 130 2003 1262 2003 27 33 27
3129 22 864 1942 770 665 508 407 42 289 112 34 27
3130 22 261 1257 289 115 1425 23 35 22 85 34 27
3131 22 612 242 250 277 443 212 50 71 82 34 27
3132 22 600 1013 626 368 1691 225 40 366 42 34 27
3133 22 196 255 434 227 264 566 200 206 33 34 27
3134 22 169 207 456 186 735 32 309 224 15 33 27
3135 22 327 717 508 371 421 72 37 29 77 34 27
3136 22 369 578 156 132 599 128 290 26 18 33 27
3137 22 391 671 204 208 1084 284 84 37 52 34 27
3138 22 1999 1999 1999 1999 1746 1999 1765 1999 151 34 27
3139 22 177 390 556 123 737 34 34 117 78 34 27
3140 22 443 554 1015 291 1271 38 288 661 14 33 27
3141 22 463 989 752 335 1212 473 41 370 126 34 27
3142 22 1999 1999 1999 1590 1999 1329 2001 1999 1019 34 27
3143 22 319 2003 921 414 1208 47 390 602 53 34 27
3144 22 1115 2003 1353 1066 1306 778 299 166 301 34 27
3145 22 250 508 393 311 210 27 1690 400 15 33 27
3146 22 248 438 1028 109 261 683 185 407 32 33 27
3147 22 1184 2003 612 124 656 1047 862 2003 140 34 27
3148 22 342 133 224 76 103 25 32 25 55 34 27
3149 22 541 348 757 311 111 1191 172 188 75 34 27
3150 22 943 2003 809 1680 2002 295 58 125 293 34 27
3151 22 495 463 263 93 372 863 48 25 16 33 27
3152 22 143 1824 187 227 701 27 35 24 29 33 27
3153 22 1022 1883 380 381 286 851 497 1648 260 34 27
3154 22 1050 2001 2001 1331 842 2002 1234 2002 108 34 27
3155 22 288 1219 239 120 248 21 32 24 87 34 27
3156 22 170 874 147 77 198 27 37 69 26 33 27
3157 22 1999 1155 1999 1999 1999 1999 1999 1999 470 34 27
3158 22 154 242 177 104 284 19 20 269 2 33 27
3159 21 2003 2003 1193 1489 2003 878 462 1325 1346 34 27
3160 22 2001 1504 2001 2001 2001 2001 976 1937 411 34 27
3161 22 2001 2001 2001 1565 931 2001 2001 2001 441 33 27
3162 22 487 362 199 178 808 190 441 395 147 34 27
3163 22 918 725 2003 1503 645 2003 1428 2003 90 34 27
3164 22 192 343 295 223 161 83 63 96 78 34 27
3165 22 1467 1019 317 372 463 1097 345 127 85 34 27
3166 22 755 1002 822 185 1666 130 39 47 200 34 27
3167 22 367 691 686 1510 344 254 27 573 25 33 27
3168 22 656 1231 632 303 296 2003 1369 2003 45 34 27
3169 22 600 741 609 538 735 21 40 193 92 33 27
3170 22 477 508 162 543 1073 253 178 82 17 33 27
3171 22 2001 304 914 1839 2001 2001 2001 2001 150 34 27
3172 22 1999 1999 1999 1999 1999 1579 1525 1999 548 34 27
3173 22 236 1514 315 172 799 747 613 78 93 34 27
3174 22 1821 2001 1319 561 1321 494 435 326 339 34 27
3175 22 522 211 565 328 575 460 26 24 38 34 27
3176 22 239 444 68 417 340 19 31 33 21 33 27
3177 22 358 405 155 146 665 160 157 27 145 33 27
3178 22 549 171 88 65 143 38 37 35 25 33 27
3179 22 369 450 769 487 1300 221 107 77 81 34 27
3180 22 107 308 1258 85 306 21 36 25 26 33 27
3181 22 111 680 89 111 323 105 54 25 66 34 27
3182 22 2001 2001 1555 2001 2001 1089 440 1323 556 34 27
3183 22 1085 202 383 1070 1248 2003 2003 2003 140 33 27
3184 22 114 900 678 433 460 651 46 260 32 34 27
3185 22 129 364 158 217 342 92 19 28 15 33 27
3186 22 117 825 84 134 225 24 25 33 23 33 27
3187 22 2003 1147 1176 1326 2003 2003 602 2003 980 33 27
3188 22 319 1207 448 160 501 301 286 1114 104 34 27
3189 22 357 1034 1114 116 468 301 1604 2003 107 34 27
3190 22 2001 2001 1975 1091 2001 757 251 1751 525 34 27
3191 22 405 1662 384 689 629 1119 537 1759 164 34 27
3192 22 716 2003 301 252 225 110 41 26 22 33 27
3193 22 873 2002 1589 306 2002 233 301 1459 56 34 27
3194 22 319 194 167 101 149 122 32 26 18 33 27
3195 22 95 133 513 164 845 23 34 19 34 34 27
3196 22 248 940 1003 207 860 287 234 67 169 33 27
3197 22 192 199 878 91 212 26 46 418 26 33 27
3198 22 772 1898 1146 304 417 1135 472 1120 134 34 27
3199 22 135 444 384 106 640 46 103 65 19 33 27
3200 22 744 816 492 695 747 473 388 1279 148 33 27
3201 22 105 129 145 126 700 21 78 95 12 33 27
3202 22 217 276 180 182 219 335 156 27 63 34 27
3203 22 1126 2002 1632 426 807 2003 2003 1035 138 34 27
3204 22 557 1256 736 751 910 592 928 950 13 33 27
3205 22 344 242 113 92 332 22 28 86 6 33 27
3206 21 1994 1994 1994 1994 1994 1994 1994 1994 1406 34 27
3207 22 111 460 487 158 214 24 32 299 25 33 27
3208 22 2003 2003 724 96 1305 1945 700 2003 59 34 27
3209 22 319 1490 764 162 307 596 997 619 120 34 27
3210 22 258 146 156 144 103 82 21 30 75 34 27
3211 22 1517 1867 1576 1051 554 1340 1300 970 160 34 27
3212 22 212 179 416 393 140 22 31 27 20 33 27
3213 22 370 499 186 320 420 366 585 914 160 34 27
3214 22 736 560 1224 499 837 924 84 302 16 33 27
3215 22 294 635 233 153 146 54 30 1936 175 33 27
3216 22 1317 1804 1038 210 2003 329 55 247 32 34 27
3217 22 364 298 1071 161 980 77 48 90 24 33 27
3218 22 744 1281 471 316 771 369 60 199 57 34 27
3219 22 1057 2003 1907 395 540 545 380 1410 297 34 27
3220 22 413 194 333 333 311 31 319 36 46 34 27
3221 21 2001 2001 2001 1548 2001 559 252 695 399 34 27
3222 22 676 697 746 235 205 35 28 31 119 33 27
3223 22 293 312 186 268 406 112 174 32 36 33 27
3224 22 163 378 421 120 73 28 1 29 19 33 27
3225 22 107 210 178 418 734 25 33 27 96 34 27
3226 22 84 377 466 140 180 83 150 770 10 33 27
3227 22 2001 2001 1074 242 386 86 88 536 556 34 27
3228 22 1323 616 278 154 1415 211 37 24 133 34 27
3229 22 260 338 689 87 422 55 72 132 180 33 27
3230 22 1171 738 553 1162 199 2003 1801 2003 193 34 27
3231 22 772 2001 928 192 2001 237 520 884 133 34 27
3232 22 366 1878 195 339 464 93 144 156 36 34 27
3233 22 196 209 151 273 171 50 227 1048 39 34 27
3234 22 525 224 669 434 397 354 385 87 28 33 27
3235 22 1166 1760 711 585 761 464 276 1088 112 34 27
3236 22 1033 313 168 217 227 22 44 27 29 34 27
3237 22 318 272 164 135 156 50 37 28 20 33 27
3238 22 686 196 123 237 141 109 87 306 85 34 27
3239 22 266 443 235 77 172 730 34 344 50 34 27
3240 22 258 1506 635 119 284 33 22 127 28 33 27
3241 22 241 176 301 139 138 1594 2003 2003 18 33 27
3242 22 638 2003 986 700 696 685 44 253 228 34 27
3243 22 643 667 765 1200 367 41 367 1264 12 33 27
3244 22 216 164 156 285 211 23 265 26 70 34 27
3245 21 1038 2003 1181 327 1590 385 64 209 229 34 27
3246 22 124 294 156 280 455 19 23 33 60 33 27
3247 22 475 2003 206 235 1046 212 61 92 75 33 27
3248 22 2003 2003 1470 1475 1593 1426 1710 2003 588 34 27
3249 22 1141 388 451 271 181 37 43 29 169 34 27
3250 22 1999 1999 1999 1140 562 2000 2000 2000 695 33 27
3251 22 100 257 127 101 75 177 265 38 16 33 27
3252 22 549 431 2001 142 176 2001 2003 2003 35 33 27
3253 22 302 238 1249 250 945 55 179 369 12 33 27
3254 22 95 371 83 160 74 21 23 126 13 33 27
3255 22 130 853 561 148 141 20 36 51 47 34 27
3256 22 80 369 142 215 362 26 53 30 27 33 27
3257 22 403 1179 923 421 1283 318 35 140 199 34 27
3258 22 163 320 490 211 415 749 752 2005 31 33 27
3259 22 115 281 145 109 147 26 184 170 145 34 27
3260 22 263 723 143 359 1926 153 75 27 106 34 27
3261 22 116 779 436 194 244 120 30 122 18 33 27
3262 22 208 582 493 323 582 27 26 26 13 33 27
3263 22 271 1182 179 314 219 940 277 785 23 33 27
3264 22 2003 1904 1381 570 847 2003 1285 2003 496 33 27
3265 22 300 638 375 118 346 281 39 2005 11 33 27
3266 22 473 590 217 93 95 35 266 265 78 34 27
3267 22 788 308 295 332 2003 293 237 165 109 34 27
3268 22 753 1100 197 128 290 39 38 51 45 34 27
3269 22 399 1161 693 725 179 799 167 45 85 34 27
3270 22 260 768 251 250 528 28 141 23 25 33 27
3271 22 127 497 158 202 466 276 160 397 25 33 27
3272 22 1569 1346 1732 1349 270 815 497 410 181 34 27
3273 22 615 949 388 422 135 23 104 25 39 34 27
3274 22 693 498 229 154 281 63 186 284 64 34 27
3275 22 303 1355 280 254 127 166 43 724 34 33 27
3276 22 170 272 447 304 453 98 25 24 56 34 27
3277 22 388 685 172 285 155 23 37 228 139 34 27
3278 22 435 124 422 398 110 325 39 291 19 33 27
3279 22 586 2003 615 98 856 50 56 42 148 34 27
3280 22 650 848 1799 314 735 83 180 757 97 33 27
3281 22 372 495 959 229 1216 410 441 393 201 34 27
3282 22 849 993 146 555 1112 59 215 205 186 34 27
3283 22 629 1299 1360 1835 1029 377 629 1223 35 34 27
3284 22 138 803 264 153 827 61 36 181 54 33 27
3285 22 145 334 166 94 231 22 32 53 26 33 27
3286 22 208 870 125 74 143 25 25 29 75 34 27
3287 22 554 246 724 1501 691 294 43 39 66 33 27
3288 22 269 419 599 155 557 22 27 659 31 33 27
3289 22 243 562 403 177 54 65 159 90 18 33 27
3290 22 176 351 95 274 80 24 108 23 34 34 27
3291 22 1999 1999 1999 840 1923 2000 2000 2000 666 33 27
3292 22 413 1552 560 559 1073 114 38 896 26 33 27
3293 22 316 1867 1292 505 1169 281 400 67 33 34 27
3294 22 640 2003 159 253 268 196 33 38 129 34 27
3295 22 276 448 80 129 134 26 27 24 14 33 27
3296 22 324 556 101 130 286 34 34 39 132 34 27
3297 22 2003 1595 234 461 103 769 1008 1103 417 34 27
3298 22 116 810 195 417 99 29 45 26 47 34 28
3299 22 1646 886 1116 902 821 119 246 130 171 34 27
3300 22 267 236 139 112 340 25 28 29 16 33 27
3301 21 593 2003 901 625 1889 831 75 118 113 34 27
3302 22 1334 2003 732 402 1286 240 44 277 274 34 28
3303 22 198 256 214 163 506 22 22 29 393 34 27
3304 22 2003 2003 249 365 1433 526 724 2003 425 34 27
3305 22 1536 2003 1122 230 1154 835 1542 1397 279 34 27
3306 22 601 2001 942 255 1539 2002 2002 2002 141 33 27
3307 22 517 852 1014 326 933 140 321 195 3 33 27
3308 22 197 1137 182 104 167 21 53 34 31 33 27
3309 22 671 1523 784 228 281 33 44 137 29 33 27
3310 22 368 1419 1031 126 672 283 123 34 28 33 27
3311 22 566 1045 134 267 427 33 32 2003 135 33 27
3312 22 1362 2003 971 693 1022 46 259 246 138 34 27
3313 22 108 2003 668 285 141 26 254 200 12 33 27
3314 22 716 629 404 129 249 411 224 33 124 34 27
3315 22 628 1051 1543 1589 806 2003 2003 2003 223 33 27
3316 22 266 2003 105 114 398 57 323 37 89 34 27
3317 22 810 1574 1184 744 820 630 344 249 164 33 27
3318 22 234 391 591 289 690 269 123 386 99 34 27
3319 22 130 307 95 109 237 19 36 432 15 33 27
3320 22 172 441 814 177 726 20 21 28 14 33 27
3321 22 569 2003 1794 650 750 1149 418 1727 126 34 27
3322 22 242 331 934 633 829 642 109 24 151 34 27
3323 22 796 306 76 111 362 24 44 261 173 33 27
3324 22 234 681 253 72 195 109 154 33 35 34 27
3325 22 219 287 198 637 790 16 34 89 11 33 27
3326 22 988 1622 813 728 505 96 93 31 144 34 27
3327 22 138 415 245 83 322 747 1028 2003 65 33 27
3328 22 342 1290 198 230 59 2003 2003 2003 24 33 27
3329 22 727 1567 479 164 1156 350 37 48 22 33 27
3330 22 1208 343 378 1140 703 1053 49 161 209 34 27
3331 22 99 171 482 622 288 789 47 385 36 34 27
3332 22 551 568 203 126 158 71 45 1375 287 34 27
3333 22 228 441 222 110 163 22 46 41 25 33 27
3334 22 90 1441 612 194 461 197 306 66 24 33 27
3335 22 292 1203 139 376 373 42 30 31 37 33 27
3336 22 784 2003 1256 556 919 923 362 791 86 34 27
3337 22 732 587 110 97 204 58 41 32 32 34 27
3338 22 195 1949 128 115 294 27 27 31 19 33 27
3339 22 377 626 2003 472 135 808 371 1845 62 33 27
3340 22 206 163 350 133 393 178 114 218 15 33 27
3341 22 326 230 159 416 2003 23 33 24 264 34 27
3342 22 324 773 210 89 657 35 450 29 103 34 27
3343 22 331 647 266 261 601 76 29 26 50 34 27
3344 22 332 780 182 203 883 29 38 27 12 33 27
3345 22 2002 2002 734 354 2002 1664 1389 1581 516 34 27
3346 22 1488 1131 535 608 1997 45 90 606 146 34 27
3347 22 122 999 194 179 593 499 355 22 46 34 27
3348 22 471 138 652 135 584 136 1 70 20 33 27
3349 22 304 221 635 211 496 24 39 22 31 34 27
3350 22 2003 2003 1137 554 1328 1786 1708 1198 607 34 27
3351 22 161 530 534 94 202 1245 327 1657 134 34 27
3352 22 1550 750 2003 341 157 2003 2003 2003 242 33 27
3353 22 275 1499 571 614 926 2003 1566 989 130 34 27
3354 22 259 182 480 122 75 62 20 29 12 33 27
3355 22 265 259 393 217 516 20 36 244 21 33 27
3356 22 160 576 674 1274 1651 1948 470 1671 20 33 27
3357 22 2003 999 944 593 995 2002 2002 2002 253 34 27
3358 21 1994 1994 1994 1994 1994 1994 1994 1994 1463 33 27
3359 22 133 1569 1509 228 429 37 47 49 63 33 27
3360 22 495 268 111 646 1283 510 241 48 23 33 27
3361 22 341 216 326 229 150 196 31 651 15 33 27
3362 22 970 729 1242 1592 376 2004 366 348 76 34 27
3363 22 274 212 135 86 142 21 29 29 14 33 27
3364 22 1002 418 184 100 919 23 81 21 18 33 27
3365 22 495 751 828 471 716 28 47 19 110 34 27
3366 22 240 854 399 110 458 29 93 31 80 34 27
3367 22 104 1351 169 266 217 31 26 50 19 33 27
3368 22 832 1021 453 316 697 221 37 41 79 34 27
3369 22 298 950 498 260 510 201 89 470 181 34 27
3370 22 167 315 126 97 129 58 22 224 14 33 27
3371 22 204 1693 430 525 2003 470 246 28 65 34 27
3372 22 233 2003 425 480 1075 31 37 344 22 33 27
3373 22 212 392 187 601 578 391 22 28 25 33 27
3374 22 296 450 590 1003 2003 272 107 215 104 34 27
3375 22 942 2001 1718 1045 2001 1984 320 358 426 34 27
3376 22 268 695 273 132 204 213 32 35 262 34 27
3377 22 644 754 1051 275 510 347 95 41 26 33 27
3378 22 485 815 1647 376 343 891 388 683 75 34 27
3379 22 284 246 824 226 140 23 54 24 21 33 27
3380 22 183 1196 373 286 526 42 672 2003 53 33 27
3381 22 772 585 387 188 748 25 40 27 56 33 27
3382 22 913 507 2003 715 575 2003 2003 2003 48 33 27
3383 22 207 725 342 251 197 179 32 40 35 34 27
3384 22 349 2003 378 78 565 32 112 26 136 34 27
3385 22 1494 2001 1587 1353 2001 2001 2001 2001 272 34 27
3386 22 981 985 1592 454 436 2003 1334 976 58 34 27
3387 22 524 167 165 205 507 399 345 19 74 34 27
3388 22 2003 1834 519 116 712 117 753 380 248 34 27
3389 22 555 257 428 128 434 16 1 33 11 33 27
3390 22 90 380 269 143 22 702 247 131 29 33 27
3391 22 231 540 692 73 729 36 201 2003 313 34 27
3392 22 365 328 183 67 161 30 22 465 27 33 27
3393 22 175 1059 130 83 132 46 25 343 25 33 27
3394 22 86 194 483 128 160 33 22 18 25 33 27
3395 22 265 233 384 411 406 27 290 39 96 34 27
3396 22 142 1900 149 588 547 70 70 268 240 34 27
3397 22 502 532 487 302 538 567 641 285 132 34 27
3398 22 608 173 102 295 864 297 134 19 29 33 27
3399 22 400 306 248 200 259 620 723 2003 81 33 27
3400 22 210 382 322 208 335 26 33 22 53 33 27
3401 22 363 619 258 213 977 60 77 28 56 34 27
3402 21 1994 1994 1994 1994 1994 1995 774 1995 1321 34 27
3403 22 667 1309 1351 1197 2003 326 651 2007 300 34 27
3404 22 1400 2003 2003 1425 1463 184 125 445 343 34 27
3405 22 101 236 123 314 144 21 20 23 10 33 27
3406 22 280 310 194 229 541 18 22 27 60 34 27
3407 22 105 657 1676 92 620 72 43 617 138 34 27
3408 21 2001 2001 2001 1236 2001 1602 805 1193 411 34 27
3409 22 1999 1999 1999 1999 1000 1999 1999 1999 258 33 27
3410 22 903 140 790 795 679 2003 1442 639 7 33 27
3411 22 844 548 409 264 522 567 712 89 69 33 27
3412 22 836 1200 2001 872 1822 2001 2003 2003 83 33 27
3413 22 418 1124 582 149 226 230 112 300 9 33 27
3414 22 136 206 302 330 207 63 396 43 19 33 27
3415 22 612 913 429 208 1687 102 71 91 53 34 27
3416 22 340 154 506 78 212 43 180 397 34 33 27
3417 21 2001 2001 2001 1772 1432 2001 2001 2001 87 32 26
3418 22 148 321 179 126 817 28 32 29 16 33 27
3419 22 398 356 339 83 443 24 24 28 65 34 27
3420 22 202 153 122 75 251 24 28 30 26 33 27
3421 22 307 274 160 202 125 198 41 59 28 33 27
3422 22 211 1325 265 92 875 209 36 26 53 34 27
3423 22 262 359 117 171 380 39 26 23 28 34 28
3424 22 1375 674 789 1815 1926 766 305 1395 146 34 27
3425 22 738 980 294 871 1134 414 136 1203 148 33 27
3426 22 191 511 180 88 202 29 76 25 25 34 27
3427 22 1234 2001 1072 634 2001 303 419 235 187 34 27
3428 22 185 401 813 213 198 723 1004 869 143 33 27
3429 22 126 126 143 140 756 185 63 20 49 34 27
3430 22 761 748 542 593 268 975 365 234 60 34 27
3431 22 232 187 153 340 660 23 62 26 109 34 27
3432 21 459 810 357 559 661 307 150 27 193 34 27
3433 22 826 235 111 254 1031 208 228 835 34 34 27
3434 22 887 1999 1255 525 409 1680 2000 2001 96 34 27
3435 22 209 378 828 1733 344 442 190 1102 119 34 27
3436 22 140 624 174 97 404 27 38 26 79 34 27
3437 22 112 450 138 129 197 674 258 30 68 33 27
3438 22 161 681 438 151 887 35 33 27 95 33 27
3439 22 451 2001 1808 618 2001 556 629 553 198 34 27
3440 21 1824 2003 628 267 1541 703 909 2003 277 33 27
3441 22 1092 720 268 2003 155 941 118 2003 87 33 27
3442 22 156 241 97 265 222 26 37 23 25 33 27
3443 22 338 525 186 85 488 20 23 127 30 33 27
3444 22 1270 661 504 234 307 163 40 79 71 33 27
3445 22 742 2003 146 259 1128 26 44 42 192 34 27
3446 22 719 338 151 132 1282 32 220 481 174 33 27
3447 22 121 709 97 165 241 420 33 24 127 34 27
3448 22 303 233 170 67 241 22 28 30 14 33 27
3449 22 340 197 96 203 365 367 142 327 18 33 27
3450 22 134 1910 277 131 130 211 120 354 11 33 27
3451 21 1999 1999 1999 1999 1999 1008 516 1191 382 34 27
3452 22 193 663 140 79 1412 226 27 25 17 33 27
3453 22 149 1363 439 413 717 64 145 904 10 33 27
3454 22 474 1279 426 552 261 21 23 767 73 34 27
3455 22 236 1802 149 277 212 45 94 57 29 33 27
3456 22 1407 2003 863 527 635 291 101 487 549 34 27
3457 22 344 352 472 187 152 1016 589 984 23 33 27
3458 22 857 854 691 289 557 782 68 292 125 33 27
3459 22 831 442 745 1235 447 2004 2004 1723 188 34 27
3460 22 544 229 573 246 277 25 27 25 94 34 27
3461 21 317 385 868 124 547 20 34 29 30 33 27
3462 22 468 594 419 1587 1582 29 1 59 340 33 27
3463 22 419 361 111 212 382 23 155 48 28 33 27
3464 22 94 369 106 114 378 31 26 26 27 33 27
3465 22 493 316 301 241 458 57 44 26 30 34 27
3466 22 258 430 387 214 184 394 11 273 15 33 27
3467 22 216 557 632 202 220 70 30 28 80 33 27
3468 22 627 548 306 524 818 610 594 1621 91 33 27
3469 22 1336 2003 1047 954 987 64 62 70 65 34 27
3470 22 153 1582 250 124 401 25 35 59 12 33 27
3471 22 642 196 194 85 26 15 34 21 24 33 27
3472 22 1999 1999 1700 1999 1999 1999 749 1999 514 34 27
3473 22 118 117 140 280 180 27 27 25 27 33 27
3474 22 448 1027 2001 419 315 2001 2003 2003 34 34 27
3475 22 453 2001 1635 709 2001 275 228 118 88 34 27
3476 22 131 766 249 90 123 282 11 81 157 34 27
3477 22 824 679 1141 1663 605 2003 2003 2003 185 34 27
3478 22 131 1433 695 238 2003 195 138 194 12 33 27
3479 22 161 444 556 102 532 226 705 111 62 33 27
3480 22 583 1502 2003 231 421 509 55 177 37 33 27
3481 22 209 1262 524 101 272 216 34 22 150 34 27
3482 22 204 567 265 354 1255 39 60 32 38 34 27
3483 22 1639 1999 1999 1999 1999 1999 1062 1999 844 34 27
3484 21 543 2001 550 342 1533 65 39 28 81 34 27
3485 22 1999 1999 1999 1311 1542 2000 2000 2000 251 33 27
3486 22 510 124 614 642 1066 26 30 26 230 34 27
3487 22 496 505 869 255 469 2003 2003 2003 82 33 27
3488 22 364 547 366 273 704 222 76 39 81 34 27
3489 22 162 325 344 186 317 533 1604 2003 23 33 27
3490 22 385 1783 269 118 463 92 32 29 76 34 27
3491 22 157 584 358 82 398 20 1 25 87 33 27
3492 22 359 275 212 86 513 970 783 1681 23 33 27
3493 22 277 2002 581 102 653 1474 1458 2002 90 33 27
3494 22 476 211 186 101 197 26 34 26 23 33 27
3495 22 353 393 311 375 948 515 214 54 67 34 27
3496 22 1487 997 2001 685 1521 2001 2003 2003 197 33 27
3497 22 84 1087 483 96 474 290 309 946 85 33 27
3498 22 718 2001 341 316 2001 408 317 28 53 34 27
3499 22 513 339 472 81 191 46 28 24 85 34 27
3500 22 810 1802 593 268 718 615 329 29 27 33 27
3501 22 224 179 293 144 133 23 30 26 33 34 27
3502 22 343 503 147 72 282 28 44 42 16 33 27
3503 22 620 263 682 430 222 320 344 1038 157 33 27
3504 22 690 2001 1074 341 946 28 33 84 60 34 27
3505 22 216 437 472 350 387 284 298 512 18 33 27
3506 22 909 1029 665 123 194 85 53 101 76 34 27
3507 22 340 228 188 1496 820 223 71 530 133 34 27
3508 22 98 671 603 148 70 292 461 429 21 33 27
3509 22 415 212 597 140 457 105 577 271 13 33 27
3510 22 237 662 394 139 711 464 41 28 33 33 27
3511 22 454 1030 252 338 736 34 219 718 207 34 27
3512 22 1428 1398 1275 336 450 2003 2003 2003 17 33 27
3513 22 188 320 118 116 974 602 27 28 15 33 27
3514 22 166 528 384 335 803 241 216 25 142 33 27
3515 22 671 969 1481 355 961 1115 364 172 63 34 27
3516 22 773 1020 365 560 682 48 46 68 219 34 27
3517 22 161 194 272 145 355 23 33 58 21 33 27
3518 22 332 261 424 201 200 68 429 128 35 33 27
3519 22 352 2001 630 597 759 29 50 30 90 33 27
3520 22 1667 191 149 74 277 145 58 40 105 34 27
3521 22 219 846 103 98 107 23 28 21 13 33 27
3522 22 125 820 224 83 182 23 26 35 9 33 27
3523 22 1337 2003 1044 387 1926 1341 525 1198 148 34 27
3524 22 602 269 209 307 321 103 32 106 38 34 27
3525 22 1148 2001 863 470 2001 326 123 363 115 34 27
3526 22 107 296 496 101 200 24 1 31 95 33 27
3527 22 188 535 190 86 319 245 284 128 21 33 27
3528 22 320 1119 878 286 1812 70 104 311 35 33 27
3529 22 473 140 87 175 142 109 25 26 20 33 27
3530 22 748 360 354 86 316 352 54 42 69 33 27
3531 22 411 499 528 381 4 911 808 53 7 33 27
3532 22 100 624 477 283 112 628 294 35 47 33 27
3533 22 808 1309 527 288 544 270 407 165 73 34 27
3534 22 213 428 306 110 303 23 39 36 22 33 27
3535 22 279 500 193 79 201 304 44 30 26 33 27
3536 22 97 302 260 311 90 90 695 184 229 33 27
3537 22 2001 2001 1426 865 2001 607 118 222 272 34 27
3538 22 1318 1544 366 422 211 33 289 49 71 34 27
3539 22 534 1074 715 448 305 221 47 304 198 34 27
3540 22 1999 1999 1999 1807 1218 1999 1999 1999 52 33 27
3541 22 448 733 236 189 2003 265 243 25 73 34 27
3542 22 171 2002 261 346 1742 187 95 616 62 33 27
3543 22 371 374 350 492 564 174 446 869 184 33 27
3544 22 240 1331 229 320 633 27 37 367 11 33 27
3545 22 398 651 466 573 158 22 32 47 268 33 27
3546 21 1994 1994 1994 1994 1994 1994 1994 1994 1207 33 27
3547 22 311 720 192 93 240 953 60 1062 89 33 27
3548 22 217 308 1255 153 210 120 195 1322 20 33 27
3549 22 197 1940 536 95 676 630 23 31 86 33 27
3550 22 950 371 917 686 929 714 201 376 76 33 27
3551 22 200 902 108 104 105 26 37 31 79 33 27
3552 22 446 725 323 600 756 318 164 43 10 33 27
3553 22 165 903 148 203 249 1709 476 1894 23 33 27
3554 22 247 831 419 149 498 307 730 569 83 33 27
3555 22 1245 2003 1383 392 682 332 105 63 46 34 27
3556 22 335 198 485 250 167 1159 456 329 30 33 27
3557 22 796 506 776 288 272 377 203 127 9 33 27
3558 22 528 644 1012 634 600 124 367 581 196 33 27
3559 22 328 454 467 187 345 971 297 1540 10 33 27
3560 22 497 185 697 505 345 609 117 254 14 33 27
3561 22 203 221 448 425 183 588 592 1568 74 33 27
3562 22 977 1189 2001 309 572 2001 1411 2001 120 33 27
3563 22 428 184 584 140 158 22 98 44 64 33 27
3564 22 196 509 88 180 852 21 36 28 44 33 27
3565 22 174 596 133 286 622 24 25 28 63 33 27
3566 22 623 131 366 349 237 39 22 23 42 33 27
3567 22 473 2001 1206 447 1290 274 115 425 28 33 27
3568 22 178 366 357 175 18 37 314 1627 16 33 27
3569 22 1344 1456 2001 1844 1358 2001 2001 2001 280 33 27
3570 22 217 125 301 129 1082 20 24 158 10 33 27
3571 22 684 1179 1776 431 1110 1957 880 2003 11 33 27
3572 22 354 987 497 188 311 22 109 386 31 33 27
3573 22 1467 2001 2001 923 1403 1237 1921 2001 135 34 27
3574 22 168 131 166 290 526 31 22 28 18 33 27
3575 22 144 600 148 192 180 133 37 31 21 33 27
3576 22 1999 1999 647 556 1999 1261 481 2001 353 33 27
3577 22 239 387 218 116 506 25 44 19 22 33 27
3578 22 943 267 1038 143 841 27 37 24 11 33 27
3579 22 121 645 574 333 180 24 27 163 4 33 27
3580 21 143 1190 229 151 908 200 65 313 62 33 27
3581 22 720 1469 2001 393 800 2001 1030 2001 56 33 27
3582 22 952 1607 615 671 1821 62 96 89 107 33 27
3583 22 352 807 562 336 582 37 296 162 56 33 27
3584 22 496 567 732 841 711 303 143 1576 157 33 27
3585 22 155 713 426 221 131 159 52 402 74 33 27
3586 22 533 1002 510 626 2003 220 46 30 162 34 27
3587 22 1539 1251 447 312 425 670 567 737 312 34 27
3588 22 488 2001 499 471 169 275 310 621 28 33 27
3589 22 911 1557 913 360 1123 2001 2003 2003 391 33 27
3590 22 1603 234 686 1173 2002 78 356 2002 393 33 27
3591 22 227 510 406 484 473 120 239 165 53 33 27
3592 22 493 603 340 315 272 24 33 98 97 34 27
3593 22 149 572 158 95 290 217 41 23 27 33 27
3594 22 77 208 938 75 534 119 70 37 16 33 27
3595 22 184 305 719 153 781 23 571 250 93 33 27
3596 22 170 656 218 204 804 192 42 26 34 34 27
3597 22 164 330 748 203 81 56 43 28 30 33 27
3598 22 382 491 298 603 1265 1308 1410 2003 29 33 27
3599 21 216 413 336 190 182 396 53 53 33 34 27
3600 22 412 445 380 402 313 59 47 54 21 33 27
3601 22 261 251 241 123 925 18 23 27 36 33 27
3602 22 692 2001 2001 296 602 1548 228 847 43 33 27
3603 21 112 270 282 96 1217 21 96 22 9 33 27
3604 22 292 1591 189 163 702 23 35 27 20 33 27
3605 22 99 452 187 193 305 26 25 32 31 33 27
3606 22 200 455 363 245 402 84 45 29 19 33 27
3607 22 163 260 147 102 59 75 35 136 18 33 27
3608 21 1168 2001 616 311 667 74 55 34 185 34 27
3609 22 162 546 142 520 572 2002 2002 2002 56 33 27
3610 22 302 478 232 306 875 19 29 270 25 33 27
3611 22 218 821 2001 374 96 748 126 348 59 34 27
3612 22 527 227 215 452 528 23 34 28 28 33 27
3613 22 289 792 440 616 553 235 220 37 29 33 27
3614 22 127 237 144 296 478 59 41 120 68 34 27
3615 22 213 217 91 94 123 50 36 21 54 33 27
3616 22 742 839 439 233 1246 451 77 791 300 33 27
3617 22 1151 1298 1147 561 529 455 207 975 202 33 27
3618 22 260 713 351 384 278 86 39 43 152 33 27
3619 22 196 813 665 469 416 30 39 51 31 33 27
3620 22 1999 1999 1999 1999 1719 1526 1517 1999 325 34 27
3621 22 513 2001 1458 638 1650 45 76 68 199 34 27
3622 22 168 271 118 911 1034 703 112 1129 64 33 27
3623 22 268 2001 288 476 389 24 79 32 49 34 27
3624 22 106 478 289 177 324 217 23 49 50 33 27
3625 21 142 1348 305 173 203 30 51 30 9 33 27
3626 22 117 270 890 108 364 269 71 64 40 33 27
3627 22 462 911 1104 93 569 31 75 59 19 33 27
3628 22 266 334 210 115 126 276 23 55 91 33 27
3629 21 437 482 244 353 199 34 31 25 15 33 27
3630 22 151 1369 431 276 674 16 32 24 52 34 27
3631 21 240 409 126 86 289 178 294 337 49 33 27
3632 22 271 156 620 180 188 262 72 105 63 33 27
3633 22 598 505 1182 1034 1136 1563 966 613 56 33 27
3634 22 244 272 168 306 240 48 3 110 18 33 27
3635 22 1105 2001 919 1252 2001 464 58 296 248 34 27
3636 22 110 390 2001 121 212 2001 2001 2001 17 33 27
3637 22 711 153 173 151 920 93 37 224 61 33 27
3638 21 2001 2001 1094 966 2001 377 327 314 233 34 27
3639 22 263 236 363 120 164 38 113 265 19 33 27
3640 22 441 445 170 313 360 343 187 350 138 33 27
3641 22 842 844 781 272 194 2002 2002 2002 259 33 27
3642 21 188 1342 513 273 310 286 292 490 100 33 27
3643 22 299 834 123 212 2001 157 221 78 132 33 27
3644 22 80 221 299 168 392 337 35 44 19 33 27
3645 21 378 790 812 153 80 317 36 23 56 33 27
3646 22 123 1972 336 225 515 476 105 168 51 34 27
3647 22 824 1143 660 331 1058 1574 204 244 145 33 27
3648 22 609 342 1337 543 350 323 396 1250 71 33 27
3649 22 102 221 260 234 170 22 24 357 15 33 27
3650 22 436 977 1061 825 427 272 38 287 6 33 27
3651 22 1092 399 989 950 578 52 111 1357 223 33 27
3652 22 325 1744 164 474 1162 282 103 27 333 33 27
3653 22 98 200 1577 359 380 2003 2002 2002 27 33 27
3654 22 266 1016 272 373 326 33 54 31 19 33 27
3655 21 214 689 121 88 147 22 33 24 102 33 27
3656 22 456 302 119 90 49 134 404 2002 54 33 27
3657 22 411 1391 379 114 690 43 32 45 22 33 27
3658 22 325 384 84 522 257 395 439 414 28 33 27
3659 22 282 534 348 277 1164 201 239 267 36 33 27
3660 22 271 639 793 263 291 22 32 922 55 33 27
3661 22 736 442 1579 2003 509 851 325 1075 63 33 27
3662 22 547 741 219 582 241 74 189 103 124 33 27
3663 22 295 847 823 379 836 272 27 288 20 33 27
3664 22 617 413 162 195 100 26 1 304 62 33 27
3665 22 112 117 270 569 333 145 62 25 146 33 27
3666 22 198 749 369 194 560 22 19 30 85 33 27
3667 22 309 381 196 536 1880 22 43 30 35 33 27
3668 22 315 1384 915 286 719 1267 327 551 109 33 27
3669 21 163 385 82 112 1314 25 52 76 98 33 27
3670 21 335 2001 368 100 818 20 95 31 143 33 27
3671 22 828 1679 958 472 206 28 43 2003 155 33 27
3672 22 338 906 312 256 200 31 129 112 22 33 27
3673 21 1135 1389 1490 641 1310 1260 401 2003 252 33 27
3674 22 883 2001 2001 762 1548 2001 1193 2001 18 33 27
3675 22 133 474 115 183 224 1541 710 1713 43 33 27
3676 22 719 654 503 115 1115 21 497 561 77 33 27
3677 21 1378 2001 2001 1624 2001 680 1158 2001 783 33 27
3678 22 388 508 516 344 232 25 52 42 65 33 27
3679 22 482 1266 627 465 529 28 32 55 28 33 27
3680 21 477 1495 192 126 370 445 572 1063 13 33 27
3681 22 579 344 186 553 431 243 34 47 57 33 27
3682 22 557 825 1024 615 894 268 264 1192 126 33 27
3683 22 1994 1429 1994 1994 1994 1995 1995 1995 1060 33 27
3684 22 457 761 205 248 501 246 80 200 46 34 27
3685 22 184 700 112 108 467 24 1 32 10 33 27
3686 22 106 226 422 172 120 242 39 24 61 34 27
3687 22 740 395 323 70 2001 18 48 32 323 33 27
3688 21 389 186 366 433 1042 62 259 224 109 33 27
3689 21 224 707 488 179 843 27 30 40 15 33 27
3690 22 241 742 428 409 431 374 274 128 30 33 27
3691 22 1410 1591 898 344 1146 69 57 171 109 33 27
3692 22 157 476 218 96 1464 33 27 2002 22 33 27
3693 22 454 490 88 107 796 138 1 77 47 33 27
3694 22 275 287 163 372 148 83 35 23 16 33 27
3695 22 609 1764 714 378 593 24 36 31 121 34 27
3696 22 1858 2001 2001 1822 1844 781 467 1553 268 34 27
3697 21 1994 1994 1994 1459 1994 1994 1994 1994 667 33 27
3698 22 135 126 215 151 260 34 28 44 77 33 27
3699 22 711 1166 446 199 310 209 31 28 66 33 27
3700 22 119 358 190 93 414 231 406 1041 23 33 27
3701 22 195 684 654 130 143 23 23 143 50 34 27
3702 22 361 783 2001 393 426 140 546 2003 36 33 27
3703 22 710 248 287 528 159 61 289 1788 78 33 27
3704 21 511 383 1135 85 506 120 514 698 113 33 27
3705 21 1648 2001 501 570 2001 34 172 212 153 33 27
3706 22 636 609 667 679 364 27 1034 538 6 33 27
3707 22 1375 1866 1589 657 580 770 220 830 186 34 27
3708 22 912 1868 275 296 1012 216 565 921 119 33 27
3709 21 277 2001 243 347 520 23 35 37 17 33 27
3710 22 616 2001 1046 107 676 92 339 34 137 33 27
3711 22 561 2001 1213 356 955 232 92 23 210 33 27
3712 22 292 1374 257 902 896 22 66 390 36 33 27
3713 22 232 227 94 72 407 735 469 321 24 33 27
3714 22 653 2003 1307 1493 1452 1181 1037 1347 74 34 27
3715 21 134 435 872 356 269 969 65 168 24 33 27
3716 21 334 356 212 178 169 24 27 32 265 33 27
3717 22 502 700 956 59 386 35 62 493 130 33 27
3718 22 1999 1999 1072 630 1993 519 179 586 420 33 27
3719 22 563 421 510 137 806 322 164 25 111 33 27
3720 21 400 323 308 287 124 907 435 116 14 33 27
3721 21 349 1703 136 212 151 99 46 31 34 33 27
3722 21 125 302 494 604 173 345 31 159 24 33 27
3723 22 1015 1625 501 301 2001 20 43 64 263 33 27
3724 22 252 529 909 474 111 29 36 30 57 33 27
3725 22 225 369 633 434 201 1348 345 1980 46 33 27
3726 22 202 279 729 77 109 20 30 299 36 33 27
3727 22 575 1104 279 134 275 246 110 43 77 33 27
3728 22 112 235 174 80 332 25 58 31 6 33 27
3729 22 1015 255 931 158 409 1287 788 2003 20 33 27
3730 22 261 357 529 200 470 26 31 20 93 34 27
3731 22 918 353 357 1647 1081 487 236 233 25 33 27
3732 22 354 468 1016 91 72 34 423 1416 5 33 27
3733 21 114 523 128 84 302 47 23 40 12 33 27
3734 21 828 1049 141 576 2001 24 40 30 10 33 27
3735 22 1999 1999 1999 1895 1935 1999 1164 1999 470 34 27
3736 22 876 325 499 585 1388 479 71 461 24 33 27
3737 22 297 1694 2002 479 326 1649 1700 1062 31 33 27
3738 21 209 915 270 268 2001 173 163 55 23 33 27
3739 21 792 435 273 275 444 500 682 2002 181 33 27
3740 22 374 2001 1145 347 953 426 333 301 109 33 27
3741 22 300 279 433 117 313 25 28 363 125 33 27
3742 22 103 627 401 465 164 397 35 29 35 34 27
3743 22 1800 2000 669 492 2000 2000 1248 2000 133 34 27
3744 22 478 491 191 317 345 112 20 32 145 33 27
3745 21 174 869 581 150 1184 29 24 25 7 33 27
3746 21 114 396 582 164 352 216 35 28 12 33 27
3747 21 145 546 151 87 144 26 42 1296 37 33 27
3748 22 941 958 671 508 520 23 175 813 315 33 27
3749 22 176 418 263 112 380 22 30 27 14 33 27
3750 22 1079 2001 2001 623 753 523 126 601 212 33 27
3751 22 266 225 343 100 288 31 75 633 14 33 27
3752 21 629 538 739 1428 636 190 273 267 19 33 27
3753 21 199 1527 809 73 514 671 351 307 57 33 27
3754 22 1777 1773 349 257 714 118 102 38 422 33 27
3755 22 606 1149 447 359 929 144 237 1139 278 33 27
3756 22 99 488 324 145 240 85 439 441 32 33 27
3757 21 1994 1994 1994 1994 1994 1994 1416 1994 1493 33 27
3758 22 1756 1362 853 285 672 31 211 54 46 33 27
3759 22 172 185 747 222 416 1188 1119 1693 5 33 27
3760 21 257 330 127 77 390 40 32 20 53 33 27
3761 21 152 525 759 134 83 34 33 27 30 33 27
3762 22 224 360 129 1249 70 1216 697 236 26 33 27
3763 22 196 474 1277 142 575 92 68 756 197 33 27
3764 22 1999 1999 1999 1412 1999 1587 874 798 332 33 27
3765 22 1403 1648 235 200 326 86 38 29 36 33 27
3766 22 256 1409 257 168 487 31 42 95 22 33 27
3767 21 213 2001 336 226 275 57 178 155 28 33 27
3768 22 456 1554 1080 370 929 50 188 831 145 33 27
3769 22 399 1026 524 493 2000 704 60 791 122 33 27
3770 21 149 547 841 189 52 92 25 29 22 33 27
3771 22 446 490 271 156 357 26 46 22 103 33 27
3772 22 173 1557 771 586 1438 163 51 24 25 33 27
3773 22 1999 1999 1999 1999 1523 1999 605 1219 187 34 27
3774 22 887 705 115 238 432 516 38 20 171 33 27
3775 22 175 432 172 258 426 154 22 26 25 33 27
3776 22 416 262 308 749 369 1472 1882 354 34 33 27
3777 22 239 159 477 261 668 1066 172 248 25 33 27
3778 22 209 884 406 372 974 1096 823 197 69 34 27
3779 22 524 781 108 399 785 23 39 660 74 34 27
3780 21 249 235 196 115 619 180 50 273 62 33 27
3781 22 1050 1261 2001 430 607 30 72 31 119 34 27
3782 22 284 471 200 466 85 136 180 610 61 33 27
3783 22 182 269 116 131 152 86 31 22 28 33 27
3784 22 221 729 178 215 256 24 23 25 4 33 27
3785 22 892 130 368 499 566 76 71 225 140 33 27
3786 22 400 651 239 210 334 26 30 35 11 33 27
3787 22 213 325 983 157 286 66 265 1282 18 33 27
3788 21 150 166 122 65 131 23 20 115 55 33 27
3789 21 1999 1999 1999 1591 1999 1999 1139 1302 691 33 27
3790 22 584 642 1204 1278 1204 2002 1484 2002 25 33 27
3791 22 380 540 186 197 188 24 34 25 140 33 27
3792 21 245 2001 463 155 305 98 92 117 26 33 27
3793 22 344 513 604 273 279 122 30 101 39 33 27
3794 22 568 348 792 307 814 267 37 19 17 33 27
3795 22 125 275 334 514 159 38 191 226 14 33 27
3796 22 1587 649 2001 1244 724 2001 2001 2001 103 33 27
3797 21 265 1427 187 115 264 38 33 482 68 33 27
3798 21 374 325 81 186 233 183 24 26 96 33 27
3799 22 548 575 407 277 308 342 194 69 117 33 27
3800 21 624 698 273 175 1841 259 77 2001 88 33 27
3801 22 2001 2001 1178 123 438 147 368 325 73 33 27
3802 22 1037 2001 159 269 777 27 50 41 43 33 27
3803 22 449 1815 598 187 574 21 64 28 28 33 27
3804 21 527 2001 130 190 831 299 35 369 16 33 27
3805 22 94 131 502 151 406 183 333 25 75 34 27
3806 22 287 915 474 301 343 51 35 26 13 33 27
3807 22 129 442 590 203 970 25 30 43 19 33 27
3808 22 206 347 308 428 141 35 220 19 27 33 27
3809 22 401 456 323 505 232 29 344 574 27 33 27
3810 22 302 861 618 88 362 32 286 330 220 33 27
3811 22 228 1662 295 93 890 180 33 31 32 33 27
3812 21 223 732 467 662 416 24 276 236 10 33 27
3813 21 1312 162 310 415 303 25 62 50 42 33 27
3814 22 325 1459 669 151 327 135 205 116 30 33 27
3815 22 462 444 282 644 695 1059 119 440 146 33 27
3816 22 239 1444 116 125 440 32 29 29 9 33 27
3817 22 167 382 225 99 593 26 23 28 15 33 27
3818 22 584 373 1603 212 98 490 297 1568 251 33 27
3819 22 1488 735 585 293 392 26 1 50 121 33 27
3820 22 247 365 378 139 85 23 292 649 111 33 27
3821 22 240 540 493 158 358 36 30 29 49 34 27
3822 21 132 905 312 146 225 29 38 31 37 33 27
3823 21 196 2001 446 85 672 157 34 40 76 33 27
3824 22 463 502 319 291 405 546 225 228 10 33 27
3825 22 294 129 228 158 460 205 35 29 32 33 27
3826 22 208 264 348 69 850 193 97 461 45 33 27
3827 22 385 485 135 391 224 25 70 24 121 33 27
3828 21 133 438 518 95 361 29 22 788 20 33 27
3829 21 86 324 157 422 279 2002 403 837 6 33 27
3830 21 111 330 1043 94 183 110 208 1258 63 33 27
3831 22 316 849 166 167 489 24 110 59 69 33 27
3832 22 391 445 108 380 616 22 60 23 85 33 27
3833 22 366 325 462 184 401 32 146 37 146 33 27
3834 22 566 275 508 1324 522 44 35 497 200 33 27
3835 22 355 785 208 88 747 45 31 50 60 34 27
3836 22 371 456 396 99 96 20 137 81 22 33 27
3837 22 93 174 130 84 459 692 38 522 10 33 27
3838 22 305 867 261 230 1033 51 37 28 53 33 27
3839 21 73 99 330 100 159 129 32 32 7 33 27
3840 21 370 404 552 411 354 1363 106 447 30 33 27
3841 22 1105 2001 1346 274 1054 269 1 51 169 33 27
3842 22 681 657 871 113 77 905 302 38 147 33 27
3843 21 836 426 424 205 451 964 871 1187 17 33 27
3844 21 177 181 327 105 434 26 27 24 100 33 27
3845 22 217 669 228 85 1369 236 36 64 73 33 27
3846 22 1524 2001 2001 1112 1119 1420 1217 1998 213 33 27
3847 21 165 491 235 98 387 28 28 320 8 33 27
3848 21 321 240 270 344 1784 28 29 33 60 33 27
3849 22 386 432 950 1106 683 160 147 279 206 33 27
3850 22 615 1630 169 71 508 94 56 39 15 33 27
3851 22 230 257 327 133 216 77 24 272 30 33 27
3852 22 507 188 540 2001 738 38 117 417 88 33 27
3853 22 235 966 223 174 176 24 36 31 37 33 27
3854 21 1994 1994 1994 1994 1994 341 1336 1994 360 34 27
3855 22 1285 1166 522 332 145 407 513 1494 145 33 27
3856 22 593 2001 592 575 382 36 54 566 15 33 27
3857 22 107 431 248 223 144 19 27 38 9 33 27
3858 22 664 1788 2001 275 739 369 110 530 184 33 27
3859 22 609 1211 1562 493 291 965 919 1208 167 33 27
3860 22 2001 812 838 536 432 2001 797 179 1 33 27
3861 22 457 1493 254 491 393 445 242 528 37 33 27
3862 21 390 376 411 124 189 20 24 123 19 33 27
3863 22 1999 1999 1498 590 1999 1999 1839 1999 731 34 27
3864 22 456 674 333 665 1056 978 183 780 167 33 27
3865 22 1510 1999 1220 851 1999 1999 1999 1999 409 33 27
3866 22 331 168 418 248 518 101 54 1965 204 33 27
3867 22 636 2001 729 312 1304 54 71 32 135 33 27
3868 22 323 339 184 279 502 114 37 37 7 33 27
3869 22 413 1064 545 230 1667 27 30 42 21 33 27
3870 21 777 2001 1225 294 679 31 361 391 66 33 27
3871 22 363 274 372 378 415 26 61 42 30 33 27
3872 22 156 1227 282 106 542 470 81 181 4 33 27
3873 22 584 275 87 86 141 29 34 25 242 34 27
3874 22 180 262 144 167 17 259 41 28 20 33 27
3875 21 124 384 222 95 232 375 218 461 15 33 27
3876 22 1066 1095 406 674 2001 1026 1869 2003 178 33 27
3877 22 264 472 227 240 66 27 116 46 179 33 27
3878 22 389 508 1436 388 206 934 467 204 30 33 27
3879 22 400 266 231 181 291 1654 569 572 64 33 27
3880 22 713 630 195 182 806 151 124 690 66 33 27
3881 22 929 2001 622 639 1536 1752 247 815 187 34 27
3882 22 443 1212 2001 199 2001 307 211 33 212 33 27
3883 22 417 314 344 184 63 63 47 272 24 33 27
3884 22 652 459 139 68 363 157 32 129 42 33 27
3885 22 1129 799 805 857 1008 1245 2001 2001 125 33 27
3886 22 493 1425 996 879 1113 869 326 45 180 33 27
3887 22 141 638 137 93 522 23 28 25 15 33 27
3888 22 191 812 325 86 933 169 28 28 31 33 27
3889 22 317 2001 856 306 140 40 43 599 102 33 27
3890 22 297 853 812 245 609 30 39 75 161 33 27
3891 22 1994 1994 1994 1994 1994 1106 1184 1909 407 33 27
3892 22 782 1459 1387 227 505 423 135 197 61 34 27
3893 22 681 545 719 157 334 447 111 34 223 33 27
3894 22 370 210 98 179 843 21 31 21 29 34 27
3895 22 2003 600 395 1099 490 1533 896 1226 142 33 27
3896 21 326 172 159 222 273 22 104 334 65 33 27
3897 22 364 270 218 102 962 30 53 21 6 33 27
3898 21 419 407 592 74 1723 45 35 445 33 33 27
3899 22 229 1786 361 569 996 671 332 25 50 33 27
3900 22 432 710 160 403 352 37 1 44 34 33 27
3901 22 206 206 119 312 330 30 829 66 19 33 27
3902 22 548 2001 727 349 1411 88 43 42 29 33 27
3903 21 1048 1999 1999 815 1999 1999 1098 1999 206 33 27
3904 22 584 1401 350 251 984 180 356 24 182 33 27
3905 22 1216 1436 604 1161 213 1217 503 555 288 34 27
3906 22 1139 1351 860 568 1851 140 823 152 22 33 27
3907 22 1272 2001 784 309 2001 262 53 42 11 33 27
3908 22 356 2001 284 341 119 19 39 652 117 33 27
3909 21 1999 1999 1999 1462 1999 841 651 235 80 34 27
3910 22 453 1239 444 99 390 75 44 532 32 33 27
3911 22 139 152 351 61 40 465 85 28 26 33 27
3912 21 144 2001 395 308 53 86 57 737 60 33 27
3913 22 309 470 660 634 1589 348 31 99 105 33 27
3914 22 125 197 170 169 195 28 48 89 20 33 27
3915 22 171 555 434 95 444 548 56 25 92 33 27
3916 21 908 1985 264 821 1985 664 435 387 605 34 27
3917 21 956 2001 1536 616 1484 2001 2001 2001 162 33 27
3918 22 428 1502 197 91 2001 27 41 21 36 33 27
3919 21 91 671 104 897 478 47 25 30 5 33 27
3920 22 229 439 232 117 564 54 196 853 26 33 27
3921 22 110 167 307 1094 246 21 110 515 69 33 27
3922 22 167 171 262 116 163 32 42 32 10 33 27
3923 22 361 451 213 146 365 297 284 410 65 33 27
3924 22 159 278 180 131 372 25 196 216 28 33 27
3925 21 612 909 526 62 87 2003 955 1310 90 33 27
3926 22 394 838 267 86 651 609 33 23 9 33 27
3927 22 845 152 585 868 274 33 115 37 33 33 27
3928 21 693 816 635 565 187 290 309 793 159 33 27
3929 21 285 214 145 315 428 59 390 26 33 34 27
3930 22 156 227 119 252 67 35 34 31 18 33 27
3931 22 625 1269 129 134 292 25 185 38 10 33 27
3932 22 322 477 163 85 230 19 26 25 15 33 27
3933 21 239 221 130 307 304 83 134 34 59 33 27
3934 22 292 598 123 316 233 603 11 300 303 33 27
3935 22 720 1168 416 342 267 375 270 117 125 33 27
3936 22 128 100 288 92 271 27 36 38 43 33 27
3937 22 169 259 198 93 158 22 35 27 32 33 27
3938 22 1878 822 862 1439 1564 1699 126 536 172 33 27
3939 22 292 529 303 348 696 33 133 1575 83 33 27
3940 22 243 441 313 260 229 28 114 165 20 33 27
3941 22 579 951 2001 1128 410 1113 1087 2002 177 33 27
3942 22 649 1507 423 267 209 1443 976 817 22 33 27
3943 21 84 822 319 123 63 21 32 38 19 33 27
3944 22 426 1420 464 375 999 16 1 537 110 33 27
3945 21 328 323 1108 185 688 68 261 49 132 33 27
3946 21 749 2001 182 84 917 24 61 154 143 33 27
3947 22 466 1062 605 88 773 30 37 30 38 33 27
3948 22 112 264 229 99 341 24 35 26 29 33 27
3949 22 541 476 190 295 2001 374 168 371 35 33 27
3950 21 175 659 438 91 101 231 39 44 24 33 27
3951 22 377 645 919 475 427 228 65 927 1 33 27
3952 22 375 621 466 923 438 2001 2003 2003 47 33 27
3953 21 637 588 860 153 75 36 154 77 24 33 27
3954 21 652 2001 1518 426 645 36 31 40 78 33 27
3955 21 405 2001 673 327 642 125 41 72 65 34 27
3956 22 433 1450 522 192 851 713 341 495 78 33 27
3957 21 1385 1999 1999 1281 1999 1999 639 1999 427 33 27
3958 22 793 1059 1037 832 529 376 281 271 87 34 27
3959 22 474 442 353 517 295 24 53 27 92 34 27
3960 22 811 324 769 1670 279 2002 184 664 441 33 27
3961 22 283 380 229 554 2003 1148 1247 1488 36 33 27
3962 22 1037 2001 1690 102 1061 2001 859 2001 226 33 27
3963 22 558 212 415 208 523 21 28 20 107 34 27
3964 22 598 408 979 480 310 1132 77 584 110 33 27
3965 22 426 232 685 727 129 551 63 53 151 33 27
3966 21 1994 1994 1994 1936 1994 1994 1994 1994 604 32 26
3967 22 808 1974 1756 792 933 76 55 394 272 33 27
3968 22 148 187 215 109 120 627 170 2001 27 33 27
3969 21 572 1160 317 905 196 45 49 29 36 33 27
3970 21 1999 1999 1999 1809 1999 665 599 1065 201 34 27
3971 22 226 229 80 237 318 20 72 29 10 33 27
3972 21 275 1131 1945 319 591 187 707 585 94 33 27
3973 22 144 389 235 153 441 22 31 229 28 33 27
3974 22 369 539 247 95 494 32 31 26 26 33 27
3975 22 1498 1850 2001 1490 1205 2001 2001 2001 426 33 27
3976 22 592 219 744 97 152 2002 2002 2002 11 32 27
3977 21 952 475 247 762 895 76 112 547 77 33 27
3978 21 233 776 443 211 212 488 202 525 4 33 27
3979 22 889 670 932 983 123 156 351 1265 40 33 27
3980 22 1220 1753 2001 433 742 2001 539 1447 315 33 27
3981 21 1999 1999 1538 1999 1999 921 1068 1999 680 33 27
3982 22 208 810 301 373 615 29 176 26 25 33 27
3983 22 230 376 77 81 295 39 90 372 64 33 27
3984 22 341 687 439 237 447 344 106 273 59 33 27
3985 22 382 664 336 127 66 74 41 61 56 33 27
3986 22 244 692 140 97 1117 38 30 119 58 33 27
3987 21 1994 1994 1994 1104 1994 1994 1994 1994 534 33 27
3988 22 79 231 173 175 281 43 30 28 29 33 27
3989 22 280 653 699 163 243 27 37 41 27 33 27
3990 21 362 452 122 233 1068 622 139 29 67 33 27
3991 22 95 939 173 144 307 400 1 20 21 33 27
3992 22 2003 652 1152 1194 662 664 649 277 411 33 27
3993 22 1999 1999 1109 993 1999 1999 1999 1063 364 34 27
3994 22 233 158 247 70 180 40 34 33 18 33 27
3995 22 311 346 103 564 106 93 53 26 107 33 27
3996 21 1999 1999 1999 1365 1999 195 1318 322 183 33 27
3997 22 225 164 116 301 314 20 24 53 12 33 27
3998 21 652 332 682 271 189 466 157 784 270 33 27
3999 22 334 478 217 114 300 767 917 102 20 33 27
4000 21 639 2001 507 129 186 59 233 30 61 33 27
4001 22 165 244 82 181 1566 24 28 56 25 33 27
4002 22 359 1991 747 179 1237 611 45 34 137 33 27
4003 22 105 191 307 144 327 32 51 35 32 33 27
4004 22 113 847 228 314 320 220 522 831 211 33 27
4005 22 253 620 651 480 252 173 31 910 105 33 27
4006 22 226 189 474 220 130 32 18 27 9 33 27
4007 22 161 164 187 147 318 37 23 44 27 33 27
4008 22 450 711 550 350 441 202 52 32 132 33 27
4009 22 1890 1999 1999 1314 1999 1999 1853 487 247 33 27
4010 22 519 2001 1224 428 670 313 182 25 57 34 27
4011 22 98 171 202 205 344 32 38 77 34 33 27
4012 22 318 462 494 119 402 94 31 25 103 34 27
4013 21 98 369 185 127 570 25 32 25 21 33 27
4014 22 1090 347 364 147 654 246 769 2003 79 33 27
4015 22 379 214 1240 304 420 39 133 37 17 33 27
4016 21 184 201 118 1123 1223 454 287 936 20 33 27
4017 22 582 759 685 609 1036 625 320 354 111 33 27
4018 22 328 214 233 116 1 24 38 1721 25 33 27
4019 22 276 213 209 101 508 24 24 24 26 33 27
4020 21 353 2001 297 263 2001 462 50 259 87 33 27
4021 21 93 215 277 71 760 23 40 27 5 33 27
4022 22 507 1374 668 485 270 378 237 67 90 34 27
4023 21 318 1688 317 95 944 139 79 218 73 33 27
4024 22 418 345 756 183 511 130 252 2002 30 33 27
4025 22 499 484 2002 286 293 276 165 859 190 33 27
4026 22 2001 375 303 256 1520 1313 734 300 413 34 27
4027 22 245 433 194 172 101 189 28 19 67 33 27
4028 22 416 258 123 1031 752 2002 2002 1178 139 33 27
4029 22 226 638 155 270 274 26 28 24 89 33 27
4030 22 882 869 1015 483 509 56 201 28 197 33 27
4031 22 582 482 925 1127 291 1602 2002 2002 67 33 27
4032 22 102 320 116 135 145 23 23 24 24 33 27
4033 22 1097 2001 1573 414 612 381 437 606 84 33 27
4034 22 376 181 1901 159 163 91 75 184 12 33 27
4035 21 1180 2001 833 740 2001 814 326 63 100 33 27
4036 22 951 1923 447 675 1670 54 39 89 115 33 27
4037 22 172 171 150 225 149 27 26 19 27 33 27
4038 21 302 339 389 84 256 340 24 229 122 33 27
4039 22 163 403 135 226 69 59 34 46 7 33 27
4040 22 617 491 505 232 1182 33 63 87 37 33 27
4041 22 197 383 220 158 353 21 21 299 16 33 27
4042 22 471 411 446 700 2001 44 39 43 127 33 27
4043 22 1762 1998 1033 410 1999 577 430 529 167 34 27
4044 22 1991 1707 1958 1474 2002 2002 154 2002 374 33 27
4045 22 137 706 232 88 323 19 36 25 11 33 27
4046 22 124 1139 126 197 351 20 42 23 84 33 27
4047 22 280 137 202 174 460 26 208 32 40 33 27
4048 22 128 140 1935 119 49 1339 1913 2003 22 33 27
4049 22 171 313 274 102 711 30 35 43 40 33 27
4050 22 758 507 133 295 825 668 1994 663 40 33 27
4051 22 525 485 653 443 263 876 548 1391 62 33 27
4052 22 113 480 95 82 341 30 203 1319 62 33 27
4053 22 416 1827 892 238 498 879 98 202 247 33 27
4054 22 482 197 621 652 1098 112 47 57 109 33 27
4055 22 1413 317 1530 66 163 2002 2002 2002 84 33 27
4056 21 853 297 317 206 254 1002 70 493 162 33 27
4057 22 262 634 558 190 847 21 30 139 21 33 27
4058 21 1401 939 642 441 2003 842 1067 1106 134 34 27
4059 22 173 1170 337 132 404 744 470 357 85 33 27
4060 22 1202 1420 2001 956 1589 2001 331 504 221 33 27
4061 21 292 179 255 191 102 29 33 28 141 33 27
4062 22 174 274 490 84 163 521 153 31 96 33 27
4063 22 225 557 226 162 495 149 195 25 72 34 27
4064 22 639 371 221 401 499 137 98 222 120 33 27
4065 21 1600 2001 451 355 2001 1537 400 650 93 34 27
4066 22 484 701 160 304 342 26 26 30 29 33 27
4067 22 490 997 519 467 86 194 47 305 9 33 27
4068 22 219 383 239 218 109 25 268 47 22 33 27
4069 22 1468 2002 425 393 590 474 62 870 297 34 27
4070 22 451 2001 1348 394 1306 1887 961 2001 168 33 27
4071 22 304 365 463 134 372 41 1 177 15 33 27
4072 21 1473 2001 1066 1149 2001 329 980 175 177 34 27
4073 22 136 490 178 115 562 348 44 203 30 33 27
4074 22 704 388 653 470 208 639 240 2002 74 34 27
4075 22 352 682 337 131 752 105 32 23 46 33 27
4076 22 124 110 273 327 322 137 47 309 8 33 27
4077 22 791 349 240 375 598 55 38 56 4 33 27
4078 22 297 238 89 170 414 249 36 1104 34 33 27
4079 22 241 134 90 147 395 20 21 985 16 33 27
4080 22 513 813 340 200 137 29 40 57 76 33 27
4081 21 167 877 160 256 87 93 44 198 35 33 27
4082 22 619 1712 1314 448 310 30 72 167 53 33 27
4083 21 377 859 964 124 720 408 121 104 10 33 27
4084 22 192 815 395 165 549 81 26 48 20 33 27
4085 22 938 399 140 374 57 718 2002 2002 37 34 27
4086 21 682 381 1517 1282 258 325 62 264 39 33 27
4087 22 283 261 128 93 172 155 121 41 263 33 27
4088 22 117 255 1193 125 116 2002 2002 2002 11 33 27
4089 22 88 777 205 127 66 133 52 35 30 34 27
4090 21 478 1155 307 375 195 26 41 50 95 33 27
4091 21 527 504 646 142 2001 865 119 59 86 33 27
4092 22 550 428 428 476 811 19 33 358 278 33 27
4093 21 1994 1994 1994 1994 1994 1994 1994 1994 1994 33 27
4094 21 73 141 95 75 131 34 31 29 52 33 27
4095 22 526 300 233 106 117 23 22 28 10 33 27
4096 21 243 1239 465 158 500 24 155 300 1 33 27
4097 22 295 608 373 65 119 25 46 155 29 33 27
4098 22 2003 1465 980 580 975 569 1291 2003 313 34 27
4099 22 986 1983 956 592 1588 478 350 698 86 33 27
4100 21 136 194 128 268 404 22 33 25 25 33 27
4101 22 311 377 102 194 240 22 27 20 43 33 27
4102 22 404 1726 227 61 230 22 30 27 53 33 27
4103 21 1999 1999 1999 1453 1361 662 1860 2000 647 33 27
4104 22 814 788 1398 840 600 2003 513 734 102 33 27
4105 22 1232 1447 1793 723 2001 590 1050 506 23 33 27
4106 21 154 810 590 145 151 378 288 338 22 33 27
4107 21 1007 1443 1008 812 341 710 157 32 101 33 27
4108 22 184 392 177 249 412 23 87 416 32 33 27
4109 21 350 741 244 403 220 33 31 237 125 33 27
4110 22 444 1412 762 360 1228 130 71 285 44 34 27
4111 22 228 279 813 178 88 2002 1243 2002 29 33 27
4112 22 412 1642 473 302 1237 67 1 220 53 33 27
4113 21 477 474 445 196 146 108 153 617 74 33 27
4114 21 296 1339 365 416 1112 149 33 26 22 33 27
4115 21 935 2001 1441 831 864 65 43 293 130 33 27
4116 22 505 144 123 78 371 26 37 25 51 33 27
4117 21 108 164 310 167 386 23 29 26 41 33 27
4118 21 592 742 351 195 982 36 42 28 123 33 27
4119 22 1726 2001 736 1178 2001 1004 129 639 61 34 27
4120 22 115 512 243 97 275 120 39 88 35 33 27
4121 21 163 2001 369 88 161 417 171 484 25 33 27
4122 22 68 178 126 128 197 37 130 25 33 33 27
4123 22 303 1280 414 179 1111 227 24 253 47 33 27
4124 22 535 768 747 177 220 771 50 704 38 33 27
4125 22 85 291 115 239 112 18 1 251 16 33 27
4126 22 131 736 267 158 478 182 1 25 59 33 27
4127 21 121 380 1611 81 201 647 571 366 23 33 27
4128 22 263 193 100 265 494 26 28 24 44 33 27
4129 22 513 527 423 272 343 180 65 21 210 33 27
4130 22 1983 2001 1240 259 2001 513 145 192 157 34 27
4131 22 355 453 130 244 234 23 32 30 89 33 27
4132 22 271 589 338 84 548 24 33 227 21 33 27
4133 22 659 608 164 678 487 19 32 42 81 34 27
4134 21 1994 1994 1994 1994 1994 1994 1994 1994 415 33 27
4135 22 361 1375 336 589 778 20 347 18 27 33 27
4136 22 588 670 486 420 668 22 321 195 279 33 27
4137 22 389 459 84 528 1078 223 42 73 79 33 27
4138 22 709 220 232 587 337 39 86 435 35 33 27
4139 22 287 1009 460 590 2003 410 1 841 193 33 27
4140 22 695 1611 1138 159 194 27 39 23 27 34 27
4141 21 134 140 118 273 472 64 19 27 12 33 27
4142 22 167 1506 526 293 660 37 119 378 72 33 27
4143 22 651 1154 2001 437 1417 2001 2001 2001 139 33 27
4144 22 444 149 80 432 359 27 33 28 84 33 27
4145 21 1999 1999 1999 1476 1739 1999 1192 1999 603 33 27
4146 22 103 370 144 88 202 17 307 1277 82 33 27
4147 22 778 450 806 263 543 621 161 158 85 33 27
4148 22 718 1175 391 188 1086 113 31 100 26 33 27
4149 22 370 139 427 204 522 2002 1356 2002 53 34 27
4150 21 244 619 136 79 188 386 168 21 91 33 27
4151 22 212 1714 220 267 1030 767 103 324 85 33 27
4152 21 204 373 475 77 181 233 30 403 68 33 27
4153 21 370 204 105 73 96 23 20 24 10 33 27
4154 22 448 1536 327 280 331 566 204 849 240 33 27
4155 22 515 865 289 188 712 77 139 211 24 33 27
4156 22 1055 776 1043 638 628 925 467 1554 14 33 27
4157 21 246 1186 416 74 520 57 1 72 32 33 27
4158 22 272 535 703 159 539 41 25 25 109 33 27
4159 28 1994 1994 1994 1994 1994 1994 1994 1994 325 41 35
4160 22 242 439 774 203 242 1025 589 1204 92 33 27
4161 22 297 1156 143 112 277 30 446 184 29 33 27
4162 21 400 1254 534 482 837 24 55 808 140 33 27
4163 22 1671 2001 899 699 1232 108 59 72 131 34 27
4164 22 415 285 116 350 224 27 35 24 215 33 27
4165 22 218 178 303 79 165 27 57 100 28 33 27
4166 22 135 163 96 142 178 22 148 98 12 33 27
4167 22 358 370 175 321 437 21 54 34 25 33 27
4168 21 135 344 148 97 307 24 27 30 12 33 27
4169 21 261 466 253 453 96 645 291 242 44 33 27
4170 21 116 398 303 274 232 24 31 207 99 33 27
4171 22 596 259 249 323 1141 20 1 347 104 33 27
4172 22 1339 2001 801 944 2001 25 208 949 135 34 27
4173 22 478 336 974 110 384 549 222 129 54 33 27
4174 22 234 690 180 98 94 29 35 1950 48 33 27
4175 22 1645 1387 493 718 2003 381 460 139 438 33 27
4176 21 418 598 379 578 424 27 102 241 71 33 27
4177 22 1046 1037 287 86 1124 178 85 822 72 33 27
4178 22 138 526 252 126 821 22 28 28 25 33 27
4179 21 374 975 249 243 262 634 93 441 14 33 27
4180 22 389 720 548 71 724 309 151 404 110 34 27
4181 22 612 2001 571 233 773 27 259 29 99 33 27
4182 22 167 1315 186 196 165 34 33 112 69 33 27
4183 22 606 260 123 313 611 33 38 29 26 33 27
4184 21 628 1321 464 830 1050 473 436 606 114 33 27
4185 22 278 776 1131 176 272 1137 542 599 34 33 27
4186 22 694 534 210 539 479 1149 381 2003 11 33 27
4187 21 232 818 176 156 266 23 40 58 33 33 27
4188 22 69 131 166 727 51 24 32 25 49 33 27
4189 22 2001 2001 323 453 448 1804 918 475 268 33 27
4190 21 221 2001 517 249 644 40 35 47 29 33 27
4191 22 320 467 186 317 1229 19 33 102 31 33 27
4192 21 1962 1286 954 153 363 532 674 146 68 33 27
4193 21 179 438 379 101 36 24 28 28 57 33 27
4194 22 686 2001 684 462 1087 470 82 43 2 33 27
4195 22 308 143 134 262 722 240 32 38 42 33 27
4196 22 422 336 495 989 2003 1162 1303 1284 28 33 27
4197 22 652 2001 357 198 287 197 53 231 29 33 27
4198 22 160 299 292 131 283 33 28 29 19 33 27
4199 21 384 2001 690 237 2001 29 67 397 69 33 27
4200 22 1134 2001 1826 337 438 359 435 1819 122 33 27
4201 22 1994 1994 1994 1994 1994 1994 1586 1994 538 33 27
4202 21 1232 544 170 545 2001 715 71 659 140 34 27
4203 22 268 426 302 130 148 23 93 784 68 33 27
4204 22 290 358 166 343 1304 23 48 99 31 33 27
4205 22 183 1561 490 71 572 93 1 34 15 33 27
4206 22 481 537 877 391 230 2001 2003 2003 14 33 27
4207 22 141 1133 316 169 719 21 47 31 19 33 27
4208 22 152 163 139 207 527 214 31 29 23 33 27
4209 22 173 167 408 176 426 26 35 28 88 33 27
4210 22 247 454 176 100 545 102 36 28 14 33 27
4211 22 335 187 276 177 179 313 125 50 27 33 27
4212 22 581 1085 670 348 761 406 455 543 124 33 27
4213 22 247 378 189 259 253 765 177 486 100 33 27
4214 22 267 888 904 100 846 25 108 99 17 33 27
4215 22 99 1243 183 108 297 24 38 56 6 33 27
4216 21 1830 1539 1999 1999 1999 1999 1999 1999 121 33 27
4217 22 286 323 204 197 369 24 36 83 48 33 27
4218 22 1004 1082 1643 400 944 208 36 1193 49 34 27
4219 21 168 337 383 234 261 39 140 210 75 33 27
4220 22 680 586 336 114 678 25 76 29 98 33 27
4221 22 609 126 186 98 319 92 78 37 1 33 27
4222 22 218 707 1957 286 577 779 183 852 22 33 27
4223 21 1274 646 1126 452 724 2001 2003 2003 103 33 27
4224 22 359 445 297 191 946 105 44 26 30 34 27
4225 22 274 189 112 96 482 20 23 23 27 33 27
4226 22 211 333 221 229 936 35 38 49 35 33 27
4227 21 100 276 369 194 411 25 49 28 70 33 27
4228 22 142 535 287 288 196 200 24 59 36 33 27
4229 21 198 525 185 179 747 26 1 33 32 33 27
4230 22 191 145 196 731 151 33 122 54 25 33 27
4231 22 424 783 143 131 163 17 51 27 29 33 27
4232 22 915 393 1965 533 1412 101 243 507 149 34 27
4233 21 147 439 327 142 197 24 33 19 10 33 27
4234 21 100 548 189 73 124 42 74 26 11 33 27
4235 21 1994 1994 1994 1994 1994 1994 1430 1994 1588 34 27
4236 22 622 647 320 142 193 21 28 20 2 33 27
4237 22 225 505 267 257 605 87 29 21 29 33 27
4238 22 129 134 153 380 402 58 27 52 10 33 27
4239 22 1120 458 424 179 425 513 143 52 5 33 27
4240 22 319 1848 604 201 1343 126 321 35 19 33 27
4241 22 1039 1041 1428 259 238 773 395 121 239 33 27
4242 22 463 1182 826 583 468 1266 144 533 89 33 27
4243 21 1999 1999 1999 1022 1999 1437 1353 1999 1029 33 27
4244 22 118 444 563 79 98 21 27 26 16 33 27
4245 22 235 470 728 81 339 27 37 272 72 33 27
4246 22 139 187 143 78 214 23 216 1050 51 33 27
4247 21 555 277 153 65 177 528 45 49 30 33 27
4248 21 2001 2001 2001 608 687 593 372 1617 119 33 27
4249 22 520 338 2001 445 244 390 385 33 58 33 27
4250 22 451 1325 1494 403 844 280 416 190 149 34 27
4251 22 466 1290 399 131 732 1834 1438 2003 57 33 27
4252 21 297 2003 422 458 1210 286 143 369 61 33 27
4253 21 1994 1994 1994 1994 1994 1994 1994 1994 1707 33 27
4254 22 230 1533 886 177 880 249 1 197 135 33 27
4255 21 350 644 180 164 290 17 4 46 18 33 27
4256 21 130 769 132 168 461 385 269 392 32 33 27
4257 22 357 322 430 90 163 432 107 1239 9 33 27
4258 22 177 796 542 116 433 178 35 26 7 33 27
4259 22 155 1074 373 121 227 20 21 36 29 33 27
4260 22 532 467 245 347 732 299 170 630 112 33 27
4261 22 963 2001 972 536 2001 130 71 74 108 33 27
4262 22 243 661 598 402 481 53 24 147 44 33 27
4263 21 683 774 1485 839 1135 230 123 869 61 33 27
4264 22 1112 1318 722 756 2001 879 216 1988 152 34 27
4265 22 106 135 117 551 716 22 29 26 26 33 27
4266 22 728 2001 352 190 661 37 116 83 55 33 27
4267 22 1088 1184 2001 1063 1701 20 67 1000 42 33 27
4268 22 186 762 458 238 444 23 31 271 30 33 27
4269 22 100 170 186 397 290 22 39 22 32 34 27
4270 22 1999 1158 1999 1922 744 1999 1999 1999 425 33 27
4271 22 771 671 472 263 333 98 298 258 82 33 27
4272 22 814 672 1563 949 441 425 334 950 38 33 27
4273 22 573 245 219 405 1184 701 231 253 56 33 27
4274 22 229 495 276 161 832 43 26 38 9 33 27
4275 21 2001 2001 2001 837 1865 460 380 60 137 34 27
4276 22 208 168 109 122 519 297 40 34 45 33 27
4277 22 385 1527 600 439 2002 867 687 281 85 33 27
4278 21 2001 1727 2001 1100 1123 1843 1151 2001 928 34 27
4279 21 277 387 178 82 870 18 38 29 27 33 27
4280 22 277 708 615 539 262 26 33 149 223 34 27
4281 22 2001 469 543 517 1 1695 2003 2003 26 33 27
4282 22 515 330 217 400 233 26 33 26 25 33 27
4283 21 430 457 367 220 367 16 20 26 27 33 27
4284 22 240 1173 612 261 851 32 50 493 20 33 27
4285 22 1221 1231 599 686 1152 28 1 132 116 33 27
4286 21 986 763 870 217 1774 24 35 93 53 34 27
4287 21 1999 1999 1999 1963 1999 582 125 331 314 34 27
4288 22 212 834 418 464 227 35 36 39 42 33 27
4289 22 266 210 608 179 446 27 58 33 106 33 27
4290 22 241 141 476 508 189 109 41 46 109 33 27
4291 21 640 990 797 460 1067 1535 232 165 140 33 27
4292 22 189 918 171 183 1230 341 1 38 61 33 27
4293 22 756 569 225 103 401 211 151 351 98 33 27
4294 22 1697 2001 871 705 1022 2001 1336 1191 284 34 27
4295 21 168 184 130 195 146 166 35 23 41 33 27
4296 22 111 326 515 114 96 206 40 35 27 33 27
4297 21 1513 2001 1536 989 2001 619 90 399 557 33 27
4298 22 140 304 105 194 106 206 31 33 20 33 27
4299 22 259 251 296 296 757 22 18 24 119 33 27
4300 22 292 839 170 737 580 721 68 31 14 33 27
4301 21 1994 1994 1994 1994 1994 1994 1994 1994 700 34 27
4302 21 240 195 165 134 161 22 122 614 16 33 27
4303 22 667 1040 2001 448 484 2001 675 733 184 33 27
4304 21 192 258 451 396 534 21 28 19 14 33 27
4305 22 903 1397 1346 326 328 2002 1725 323 258 33 27
4306 21 230 665 590 367 441 157 274 94 236 33 27
4307 22 219 316 140 69 299 23 39 21 38 33 27
4308 22 92 398 173 102 53 21 36 29 36 33 27
4309 22 450 603 1426 394 257 211 117 52 23 33 27
4310 21 139 217 439 681 1172 294 301 810 79 33 27
4311 22 175 164 342 77 316 21 39 69 37 33 27
4312 22 440 2001 325 263 1372 25 341 40 5 33 27
4313 22 431 492 183 758 2001 35 36 223 184 34 27
4314 22 307 598 332 313 613 48 42 240 34 33 27
4315 22 298 318 277 109 226 23 46 47 16 33 27
4316 22 459 605 756 669 702 533 283 641 8 33 27
4317 22 228 1592 1209 168 147 508 702 371 35 33 27
4318 22 105 410 211 215 1 646 731 1666 18 33 27
4319 21 142 222 226 394 230 43 37 28 18 33 27
4320 22 307 2001 303 93 1275 181 84 564 198 33 27
4321 22 251 402 473 302 520 22 28 26 41 33 27
4322 22 208 229 137 101 206 51 2002 1318 26 33 27
4323 22 503 1263 293 564 152 161 34 21 126 33 27
4324 22 404 1104 1335 290 436 18 1 29 17 33 27
4325 22 193 365 77 107 252 36 24 490 62 33 27
4326 22 635 293 155 221 211 33 38 40 63 34 27
4327 22 280 353 171 357 735 26 240 31 15 33 27
4328 22 1077 2001 1567 291 380 929 425 652 132 34 27
4329 22 210 1110 2001 445 171 830 607 2003 161 33 27
4330 21 169 439 318 153 346 41 1057 2003 27 33 27
4331 22 657 1071 1261 446 333 55 191 512 62 33 27
4332 22 522 210 703 293 247 1616 713 23 106 33 27
4333 22 364 952 151 248 754 37 1 61 25 33 27
4334 22 271 133 560 348 278 102 29 1641 3 33 27
4335 22 285 905 517 462 359 78 79 1341 12 33 27
4336 21 432 714 609 128 191 589 108 277 31 33 27
4337 22 381 487 459 231 463 32 33 44 127 33 27
4338 22 513 583 289 990 191 36 175 172 38 33 27
4339 21 358 194 260 300 207 30 213 25 20 33 27
4340 22 98 604 465 299 311 30 37 33 35 33 27
4341 21 153 158 194 108 303 65 35 24 25 33 27
4342 21 690 2001 1952 121 353 433 235 92 171 33 27
4343 22 350 642 314 301 242 298 139 630 21 33 27
4344 22 171 149 91 279 734 24 28 30 138 33 27
4345 22 451 1836 433 138 1356 292 119 1402 21 33 27
4346 22 1415 1584 1211 492 150 118 296 679 77 33 27
4347 22 175 603 309 91 139 22 32 29 71 33 27
4348 22 244 949 435 251 336 26 47 20 19 33 27
4349 22 194 259 139 93 180 102 24 51 22 33 27
4350 22 1133 2001 1258 405 1408 49 181 86 197 34 27
4351 22 297 283 174 113 404 86 42 151 60 33 27
4352 31 1994 1994 1994 1994 1994 1994 1121 1994 992 47 40
4353 22 204 786 166 112 570 277 31 650 28 33 27
4354 22 193 196 132 140 123 20 32 26 60 33 27
4355 22 1821 2000 1882 2000 2000 1812 1192 2000 296 33 27
4356 21 173 2001 465 168 532 432 179 298 11 33 27
4357 22 308 1063 238 456 349 1704 1169 1951 21 33 27
4358 22 1159 894 247 654 1044 940 1273 2003 139 33 27
4359 21 686 2001 874 119 622 159 57 26 119 34 27
4360 22 136 562 877 161 169 104 254 1434 22 33 27
4361 21 275 879 493 522 170 185 22 177 34 33 27
4362 22 244 727 263 177 432 26 31 32 68 33 27
4363 22 465 1665 142 697 1367 54 35 370 322 33 27
4364 22 302 446 215 100 716 258 41 132 42 33 27
4365 21 675 1189 692 1016 1175 24 67 46 109 34 27
4366 22 1999 928 1827 1591 2000 2000 963 2000 566 33 27
4367 22 816 481 659 789 612 703 96 2003 101 33 27
4368 22 832 1020 762 141 489 60 72 2002 20 33 27
4369 22 468 1132 163 123 720 216 1 41 20 33 27
4370 21 95 396 427 179 225 21 42 727 65 33 27
4371 22 618 218 348 138 395 26 31 81 17 33 27
4372 22 314 274 415 116 177 21 23 27 16 33 27
4373 22 231 1704 2001 169 49 2001 2001 2001 18 33 27
4374 22 226 1619 400 210 531 92 290 175 33 33 27
4375 22 218 145 268 460 135 25 33 27 15 33 27
4376 22 1180 1228 2001 360 1877 152 1 1162 291 33 27
4377 22 162 162 509 208 250 21 32 178 12 33 27
4378 22 275 418 296 559 97 17 30 23 13 33 27
4379 22 160 510 206 512 511 1047 352 251 50 33 27
4380 21 1999 1999 1999 1231 1999 872 1212 1999 583 34 27
4381 22 2001 1065 2001 1590 1541 1714 1586 2001 305 33 27
4382 22 1140 165 493 137 304 74 102 966 164 33 27
4383 21 1999 1999 1813 1728 1999 1999 1999 1999 843 33 27
4384 22 370 603 585 254 167 396 236 637 115 33 27
4385 22 578 1132 1680 450 272 853 609 415 123 33 27
4386 22 267 871 114 279 263 258 16 63 15 33 27
4387 22 553 2001 913 537 464 2001 283 39 3 33 27
4388 21 145 1308 158 85 300 21 27 26 111 34 27
4389 22 441 490 474 335 769 289 75 208 66 34 27
4390 22 407 252 285 90 750 22 40 28 28 33 27
4391 21 496 254 101 97 274 26 38 31 60 33 27
4392 22 88 153 269 176 368 19 32 29 93 33 27
4393 22 528 488 707 95 191 1630 982 2003 88 34 27
4394 22 140 138 246 292 137 92 1 33 33 33 27
4395 22 1994 1994 1994 727 1994 1994 1994 1994 1422 33 27
4396 22 1122 210 1664 2003 982 619 46 847 471 33 27
4397 21 1994 1994 1994 1685 1994 1994 1994 1994 290 33 27
4398 22 277 124 536 408 173 594 1166 2003 15 33 27
4399 22 305 654 604 292 770 627 402 2002 56 33 27
4400 22 382 916 1107 127 240 133 71 209 28 33 27
4401 21 1994 1994 1994 1994 1994 1994 1561 1994 1406 34 27
4402 22 177 652 338 271 294 20 28 651 18 33 27
4403 21 379 483 430 558 501 29 47 28 25 33 27
4404 22 510 680 463 110 503 22 31 23 31 34 27
4405 22 121 231 352 74 387 48 236 33 21 33 27
4406 21 177 1152 536 262 775 628 25 22 70 33 27
4407 21 365 1893 178 120 213 116 39 47 83 33 27
4408 22 226 358 614 129 369 920 856 1821 71 33 27
4409 22 252 278 459 337 253 21 33 25 75 34 27
4410 22 242 503 255 210 931 30 41 304 92 33 27
4411 21 418 270 319 147 80 211 110 283 21 33 27
4412 21 362 978 687 114 411 756 30 24 19 33 27
4413 22 296 524 258 160 164 447 1 226 65 33 27
4414 22 108 263 194 339 181 561 97 668 60 33 27
4415 22 223 350 108 147 50 22 29 61 35 33 27
4416 22 505 2001 732 147 300 30 70 26 131 34 27
4417 21 1533 940 698 527 350 984 465 69 187 34 27
4418 22 714 308 705 114 390 1045 136 608 123 33 27
4419 22 731 650 1122 1014 766 1774 922 154 154 33 27
4420 22 478 715 469 169 253 249 245 186 78 34 27
4421 22 437 458 683 116 100 25 61 127 21 33 27
4422 22 139 901 455 207 672 424 315 139 92 33 27
4423 22 601 605 173 248 545 41 47 82 115 33 27
4424 21 487 710 1108 1170 849 449 437 962 27 33 27
4425 21 260 202 266 84 333 22 29 29 69 33 27
4426 22 452 465 254 458 1295 37 32 53 98 34 27
4427 22 297 316 187 323 474 364 1 28 15 33 27
4428 22 393 246 167 81 144 36 68 370 38 33 27
4429 22 211 365 626 520 279 170 26 63 127 33 27
4430 22 257 365 646 76 231 49 105 76 16 33 27
4431 22 209 701 318 99 346 175 33 321 33 33 27
4432 22 1522 909 880 314 1829 785 686 874 341 34 27
4433 22 885 639 388 135 433 492 47 20 30 33 27
4434 22 525 430 1263 588 1212 376 577 55 31 33 27
4435 22 428 495 89 355 217 1677 316 30 87 33 27
4436 22 888 2001 153 424 158 657 365 1507 67 33 27
4437 22 1390 1844 1148 1186 712 261 145 133 65 33 27
4438 22 128 359 191 73 17 283 551 177 123 33 27
4439 22 382 1323 837 189 2001 168 38 24 27 33 27
4440 21 1999 1999 1999 1693 1999 1571 668 954 200 34 27
4441 22 360 222 211 209 237 26 30 38 13 33 27
4442 22 427 496 359 447 772 206 343 285 116 34 27
4443 22 614 950 122 191 1375 19 18 498 45 34 27
4444 22 341 871 629 368 486 1094 1054 708 57 33 27
4445 21 246 1056 766 89 904 17 145 103 17 33 27
4446 21 129 308 196 95 244 380 182 48 147 33 27
4447 22 290 1313 283 546 488 396 223 22 126 34 27
4448 22 424 1389 898 516 319 216 183 1078 199 34 27
4449 21 511 280 591 213 499 169 49 54 78 33 27
4450 21 437 448 227 1137 820 21 105 22 124 33 27
4451 21 1295 2001 999 351 910 648 297 36 129 33 27
4452 22 94 287 145 384 203 261 31 26 51 33 27
4453 21 744 614 2001 260 314 2001 2001 2001 164 32 26
4454 22 207 513 468 100 153 31 100 143 14 33 27
4455 21 552 756 280 340 218 219 194 832 71 33 27
4456 21 1994 1994 1994 1994 1994 1994 1994 1994 1417 33 27
4457 22 133 291 654 135 2001 24 338 229 23 33 27
4458 22 115 287 514 257 289 47 37 36 2 33 27
4459 22 430 221 449 351 132 57 71 22 64 33 27
4460 22 509 702 562 417 2001 30 80 68 178 34 27
4461 21 158 366 325 378 336 17 21 28 66 33 27
4462 22 646 718 529 209 367 244 398 1742 79 33 27
4463 22 964 446 1104 162 121 271 47 37 203 33 27
4464 22 425 1393 439 509 900 375 197 345 23 33 27
4465 22 378 775 1110 995 1074 796 365 850 76 33 27
4466 22 121 174 126 292 195 23 34 30 26 33 27
4467 22 508 920 590 222 1346 77 32 243 11 33 27
4468 22 487 480 262 176 403 290 54 1862 29 33 27
4469 21 840 577 1023 501 797 677 99 170 103 33 27
4470 21 124 355 323 673 794 23 21 25 8 33 27
4471 21 150 725 174 100 687 66 33 30 93 33 27
4472 21 643 256 477 416 681 138 41 304 52 33 27
4473 22 283 835 380 162 190 19 29 28 53 33 27
4474 22 491 302 537 130 1 27 35 38 45 33 27
4475 22 738 659 2001 150 671 928 859 1654 123 33 27
4476 21 1999 1999 1432 1235 1999 1696 877 1999 424 33 27
4477 21 1999 1999 1999 664 1999 1999 796 1999 536 33 27
4478 22 302 800 1399 613 974 716 229 789 145 33 27
4479 22 111 911 432 166 352 485 173 28 27 33 27
4480 22 427 736 222 125 1468 40 34 35 37 34 27
4481 22 70 437 126 153 297 24 27 40 9 33 27
4482 22 167 171 733 74 181 32 32 46 12 33 27
4483 21 894 2001 838 103 433 305 305 2001 339 33 27
4484 22 401 929 122 167 290 56 1 30 21 33 27
4485 22 95 209 323 99 66 27 19 54 19 33 27
4486 22 223 216 481 219 254 2002 2002 2002 16 33 27
4487 21 1621 2001 1471 676 1223 780 617 2001 77 33 27
4488 31 1994 1994 1994 1994 1994 1994 1994 1994 1377 46 39
4489 22 288 150 375 484 478 189 41 309 83 33 27
4490 22 441 954 161 380 401 49 84 21 29 33 27
4491 21 102 793 238 81 381 20 33 54 32 33 27
4492 22 516 533 679 238 847 181 329 1537 103 33 27
4493 21 163 341 227 272 66 26 30 396 61 33 27
4494 22 1089 1996 284 680 1996 55 249 706 120 33 27
4495 22 392 452 770 315 92 1142 141 1511 102 33 27
4496 21 166 526 378 182 400 23 38 24 17 33 27
4497 22 564 1321 207 189 272 568 50 39 65 33 27
4498 21 854 2001 1178 619 2001 385 137 137 373 34 27
4499 22 668 319 456 762 228 553 182 1626 55 34 27
4500 21 1703 2001 891 487 2001 307 567 1021 203 33 27
4501 22 102 173 158 110 145 224 29 34 114 33 27
4502 22 238 532 353 239 127 357 62 312 9 33 27
4503 22 303 538 556 105 315 226 38 43 17 33 27
4504 22 788 1126 839 175 1381 311 123 134 196 33 27
4505 22 655 2001 418 344 572 230 433 695 175 34 27
4506 22 203 151 170 130 88 26 36 21 27 33 27
4507 22 355 187 371 293 312 522 297 30 40 33 27
4508 21 148 245 151 87 795 25 34 29 61 33 27
4509 22 176 232 142 74 269 24 26 37 79 33 27
4510 21 1164 1999 445 465 1646 63 49 29 260 33 27
4511 22 489 835 664 268 360 93 34 426 74 33 27
4512 22 429 175 163 465 571 28 22 781 8 33 27
4513 22 323 192 339 669 1208 376 144 28 242 33 27
4514 22 873 904 1732 489 554 284 138 275 206 33 27
4515 22 967 1437 564 198 624 667 196 432 115 33 27
4516 22 148 232 74 81 450 52 177 645 20 33 27
4517 21 122 176 100 112 132 99 23 49 109 33 27
4518 22 1093 1377 1134 711 661 197 59 24 56 34 27
4519 21 105 809 123 236 462 438 75 24 115 33 27
4520 22 253 434 245 104 528 30 26 19 32 33 27
4521 21 105 265 418 260 203 19 33 19 24 33 27
4522 22 807 1052 104 141 174 32 28 24 24 33 27
4523 22 1507 1645 2001 1250 2001 1234 645 1119 146 34 27
4524 22 459 923 1714 246 322 2001 1099 2000 68 33 27
4525 21 78 177 279 107 315 27 18 303 2 33 27
4526 21 278 577 131 134 510 23 19 41 113 33 27
4527 22 269 133 163 108 782 22 51 73 27 33 27
4528 22 996 868 2001 793 816 267 58 208 82 33 27
4529 22 1115 2001 796 1040 2001 336 182 224 166 33 27
4530 22 1369 2002 1551 1322 1452 2002 559 702 325 33 27
4531 22 379 209 220 116 33 164 104 17 3 33 27
4532 22 165 404 366 233 148 606 34 24 24 33 27
4533 22 575 394 601 236 239 2003 372 1868 31 33 27
4534 22 1999 1999 1999 892 1515 1999 1999 1999 287 33 27
4535 21 410 2001 313 352 1034 349 224 193 16 33 27
4536 22 266 415 692 126 226 22 30 121 25 33 27
4537 22 112 376 400 206 1504 32 28 89 20 33 27
4538 22 2001 662 1627 1981 596 2001 1955 2001 563 33 27
4539 22 1336 520 2001 1381 1524 2001 2001 2001 151 33 27
4540 21 1958 2001 1340 395 1234 2001 863 869 495 34 27
4541 22 160 349 503 92 478 21 42 35 28 33 27
4542 22 570 1264 329 123 383 170 43 33 46 33 27
4543 21 2001 200 730 187 1418 197 54 227 409 33 27
4544 22 740 2001 446 332 1584 1139 370 933 12 33 27
4545 21 129 320 886 216 204 69 1 55 45 33 27
4546 22 321 1093 205 142 359 49 36 28 29 33 27
4547 22 389 161 129 187 110 19 451 980 86 33 27
4548 22 1028 2001 658 1142 2001 776 559 48 325 34 27
4549 22 392 687 228 107 504 34 35 38 72 33 27
4550 21 95 252 378 172 176 22 32 29 7 33 27
4551 21 148 994 285 174 926 40 36 76 16 33 27
4552 22 119 559 145 176 24 41 33 31 17 33 27
4553 21 1999 1999 1999 764 1835 1999 1816 1999 1109 33 27
4554 22 275 266 468 272 383 26 38 36 98 33 27
4555 22 634 1979 1187 292 643 1046 532 579 66 33 27
4556 22 264 244 527 170 818 115 585 610 50 33 27
4557 22 164 890 661 367 513 363 102 445 122 33 27
4558 22 115 125 380 135 171 222 198 19 17 33 27
4559 22 309 651 368 111 125 24 31 79 18 33 27
4560 21 491 1054 81 118 336 17 24 16 16 33 27
4561 22 789 2001 277 239 864 75 289 1219 111 34 27
4562 22 296 462 165 165 1031 332 31 46 15 33 27
4563 22 442 123 235 192 330 238 552 1086 78 33 27
4564 22 661 212 330 160 1352 27 30 229 26 33 27
4565 22 679 298 676 300 346 69 31 31 26 33 27
4566 22 319 169 637 465 154 23 33 103 87 33 27
4567 22 376 378 806 249 1421 90 77 29 11 33 27
4568 22 586 2001 535 96 1166 1805 433 375 98 34 27
4569 22 301 386 202 425 346 23 28 26 100 34 27
4570 21 165 164 663 248 249 105 130 110 75 33 27
4571 22 1846 361 1546 206 854 2001 2003 2003 263 33 27
4572 22 211 299 100 261 477 64 26 453 20 33 27
4573 22 317 901 183 598 605 22 29 35 8 33 27
4574 22 690 334 883 1024 1544 1325 582 435 250 33 27
4575 22 779 1665 767 354 1082 528 206 248 75 33 27
4576 21 251 814 252 127 199 26 30 24 24 33 27
4577 21 892 151 243 317 306 139 215 893 64 33 27
4578 22 390 493 534 119 718 26 184 244 107 33 27
4579 21 195 347 771 141 845 118 24 38 48 33 27
4580 21 1618 1208 2001 1374 606 2001 2001 2001 363 33 27
4581 22 2001 2001 2001 996 1787 600 797 1254 247 33 27
4582 22 466 1461 1272 164 717 350 143 447 175 33 27
4583 22 264 272 196 291 308 23 31 50 79 33 27
4584 22 553 1122 540 132 244 102 136 27 124 33 27
4585 21 195 264 406 291 202 29 39 67 124 33 27
4586 21 90 205 86 179 1772 33 28 216 25 33 27
4587 22 408 240 995 251 106 228 79 63 71 33 27
4588 22 234 1672 632 247 587 464 38 60 20 33 27
4589 22 687 743 809 601 512 50 40 1261 156 33 27
4590 21 155 727 201 94 158 19 33 27 15 33 27
4591 22 654 239 210 372 789 301 34 23 80 33 27
4592 21 1091 2001 975 215 1249 229 632 295 106 34 27
4593 22 518 845 757 355 2001 22 37 635 36 33 27
4594 22 214 1666 1098 313 90 71 31 113 41 33 27
4595 22 749 514 121 179 544 21 39 28 20 33 27
4596 22 1161 873 2001 1032 1089 346 229 2001 251 33 27
4597 22 1999 1435 1633 1999 1998 1999 909 1999 178 33 27
4598 21 422 904 312 408 173 50 34 18 23 33 27
4599 22 772 2001 198 76 529 44 38 36 288 33 27
4600 22 85 223 587 92 411 32 1 66 24 33 27
4601 21 331 721 733 992 888 2001 2003 2003 96 33 27
4602 22 316 982 166 142 1219 56 42 36 176 34 27
4603 22 126 210 569 332 521 20 17 24 22 33 27
4604 22 482 1692 142 136 222 100 62 350 166 34 27
4605 22 564 284 258 156 603 33 45 31 42 33 27
4606 22 205 239 552 111 387 81 88 1907 44 33 27
4607 22 1523 1999 1999 596 1999 1512 1808 1999 252 34 27
4608 21 740 1098 782 951 1325 133 38 198 155 34 27
4609 21 467 549 865 468 301 22 25 76 78 33 27
4610 21 1996 341 232 546 2001 30 80 35 84 34 27
4611 22 763 1347 1446 962 1250 1370 641 2003 246 33 27
4612 22 233 200 504 133 300 21 26 31 11 33 27
4613 22 330 372 113 392 371 32 49 77 73 33 27
4614 22 826 1640 531 1083 890 76 47 49 407 34 27
4615 22 1150 720 1053 1203 2001 949 1354 2002 152 33 27
4616 22 975 619 1270 489 120 2002 2002 2002 150 33 27
4617 21 605 2001 641 980 1254 68 31 186 55 33 27
4618 22 416 1068 240 1687 256 847 504 284 129 33 27
4619 22 715 2001 1096 671 1302 432 424 1514 102 33 27
4620 21 1994 1994 1994 1994 1994 1994 1994 1994 1417 33 27
4621 22 759 2001 417 333 761 693 69 343 136 33 27
4622 21 154 783 505 160 184 19 37 202 62 33 27
4623 22 345 105 143 103 627 29 30 27 35 33 27
4624 22 99 206 233 320 579 324 38 202 29 33 27
4625 22 829 1950 387 134 296 28 32 474 57 33 27
4626 21 303 376 102 268 636 22 33 26 23 33 27
4627 21 467 893 179 113 1895 22 56 81 26 33 27
4628 21 317 1177 578 71 1143 191 34 311 84 33 27
4629 20 1994 1994 1994 1994 1994 1994 1994 1994 1994 32 26
4630 22 928 326 885 306 1176 2001 2001 2001 196 33 27
4631 22 622 1022 618 552 2002 625 447 257 131 33 27
4632 21 715 465 507 244 370 39 92 105 1 33 27
4633 22 157 684 111 270 862 22 31 47 22 33 27
4634 22 147 125 548 369 552 2002 989 579 29 33 27
4635 21 514 402 163 151 735 104 34 135 61 33 27
4636 22 1196 385 1107 654 314 961 1099 2003 104 33 27
4637 22 222 135 682 111 325 211 28 28 16 33 27
4638 22 102 489 222 973 263 34 30 948 49 33 27
4639 22 169 221 175 297 392 1486 928 261 7 33 27
4640 21 284 633 427 608 414 2002 2002 2002 34 33 27
4641 21 2001 414 910 769 746 2001 2001 2001 1482 33 27
4642 21 680 182 355 94 1517 338 28 30 17 33 27
4643 21 1565 2001 2001 568 794 444 62 72 213 33 27
4644 22 95 355 653 688 84 2001 2001 2003 15 33 27
4645 22 107 336 629 202 1044 289 344 16 79 33 27
4646 22 829 170 123 316 342 50 249 358 170 33 27
4647 22 109 354 128 170 80 21 27 437 2 33 27
4648 22 551 1478 178 469 503 161 78 539 124 34 27
4649 21 110 1328 527 80 306 235 42 188 2 33 27
4650 21 133 1110 476 502 219 333 168 47 6 33 27
4651 22 130 247 336 75 259 219 183 31 48 33 27
4652 22 92 276 115 110 119 36 18 69 25 33 27
4653 22 179 327 226 143 398 29 37 70 33 33 27
4654 22 230 363 382 169 311 264 40 66 50 33 27
4655 21 1909 1305 2001 649 785 2001 2001 2001 409 32 26
4656 22 558 915 182 262 260 683 44 252 72 33 27
4657 22 227 384 131 363 58 25 27 23 73 33 27
4658 21 166 1364 720 73 188 303 666 536 36 33 27
4659 21 179 564 130 182 191 195 30 25 148 33 27
4660 22 674 386 469 125 929 21 38 34 100 33 27
4661 22 553 189 270 681 1756 28 29 21 76 34 27
4662 22 310 1096 442 118 419 92 33 2002 30 33 27
4663 21 363 750 95 58 1641 2002 625 23 366 34 27
4664 22 211 396 351 144 619 23 35 30 15 33 27
4665 22 685 1001 1123 207 1335 730 636 531 71 33 27
4666 22 388 871 360 217 231 119 1 236 103 33 27
4667 22 306 191 134 131 221 23 37 20 28 33 27
4668 22 169 214 307 98 341 629 75 347 64 33 27
4669 22 1514 810 371 104 343 121 693 1110 178 33 27
4670 21 253 242 128 299 201 136 24 26 4 33 27
4671 21 665 1447 1389 305 837 282 126 28 134 34 27
4672 22 1437 439 374 271 1483 26 95 184 234 33 27
4673 22 468 152 456 95 318 348 221 29 42 33 27
4674 21 1999 1999 1999 1278 1999 1196 772 1999 767 33 27
4675 22 102 876 368 153 303 20 25 109 14 33 27
4676 22 292 590 293 85 284 24 36 28 21 33 27
4677 21 1994 1994 1994 1994 1994 1994 1994 1994 1994 33 27
4678 21 178 832 624 966 385 1027 101 42 17 33 27
4679 22 435 619 240 347 1042 260 1 337 33 33 27
4680 22 157 476 134 149 359 522 84 664 14 33 27
4681 22 178 183 406 72 100 27 124 32 25 33 27
4682 22 1016 350 349 136 413 76 221 30 2 33 27
4683 22 1651 343 460 796 594 76 50 848 213 33 27
4684 22 260 375 801 147 324 2002 1102 2002 16 33 27
4685 22 564 768 980 142 347 2001 2003 2003 199 33 27
4686 22 719 240 1017 112 814 274 80 70 84 33 27
4687 22 1391 1813 1978 1835 2003 507 272 1200 231 34 27
4688 22 107 326 141 199 549 253 402 299 7 33 27
4689 21 236 141 515 221 163 21 25 23 139 33 27
4690 22 646 693 428 71 172 65 246 25 85 33 27
4691 22 524 255 1189 427 186 2002 2002 1891 15 33 27
4692 22 846 1414 1070 617 1581 51 176 64 172 33 27
4693 22 160 150 463 972 695 21 169 271 12 33 27
4694 22 233 429 1119 273 231 324 378 925 70 33 27
4695 22 604 332 392 613 1446 311 333 37 264 33 27
4696 22 464 556 165 236 736 302 34 30 73 33 27
4697 21 241 230 199 225 466 25 36 22 79 34 27
4698 21 2001 2001 2001 287 1886 1157 832 981 385 34 27
4699 22 945 2001 536 403 333 81 248 147 261 33 27
4700 22 1409 1713 2001 551 957 1198 2001 2001 313 33 27
4701 22 302 2001 1122 155 269 496 563 139 67 33 27
4702 22 209 746 390 159 10 24 70 28 19 33 27
4703 22 1192 705 1351 1360 355 2002 380 462 57 34 27
4704 22 2001 2001 1514 1603 2001 604 267 1563 487 34 27
4705 21 400 2001 528 722 1297 37 406 644 189 34 27
4706 22 185 816 339 146 203 100 30 24 1 33 27
4707 21 196 646 309 414 253 25 32 555 25 33 27
4708 21 361 1454 650 349 522 281 326 27 72 33 27
4709 22 149 469 611 108 63 369 28 24 24 33 27
4710 22 632 1999 1080 842 1999 257 100 67 17 33 27
4711 22 264 364 632 523 283 32 489 968 155 33 27
4712 22 193 164 162 364 449 164 108 31 24 33 27
4713 22 233 844 369 616 631 132 975 26 40 33 27
4714 22 262 239 185 206 392 74 18 1274 1 33 27
4715 22 460 173 562 492 605 114 276 122 66 33 27
4716 22 567 395 441 614 207 426 273 21 143 33 27
4717 21 399 339 332 445 383 43 27 32 72 33 27
4718 22 1125 1122 1252 392 423 50 56 121 108 34 27
4719 22 696 470 273 460 268 497 169 589 107 33 27
4720 22 1994 1994 1994 1994 1994 643 354 1994 623 33 27
4721 22 878 641 2001 302 468 2001 2001 2001 98 33 27
4722 22 307 1460 670 366 1742 334 213 191 108 33 27
4723 22 102 231 174 128 128 35 28 191 14 33 27
4724 22 1957 2001 715 816 2001 411 325 1015 394 34 27
4725 21 130 673 100 137 227 57 116 44 101 33 27
4726 21 189 968 185 296 326 29 36 51 183 33 27
4727 21 578 2001 143 246 1032 22 69 27 26 33 27
4728 22 427 980 727 1185 1431 360 176 59 57 33 27
4729 22 358 252 391 113 215 25 339 235 11 33 27
4730 22 488 1746 520 308 682 37 38 18 26 33 27
4731 22 666 2001 500 147 1419 505 229 336 141 33 27
4732 22 403 952 720 416 1049 25 39 24 23 33 27
4733 22 1732 1242 2001 1473 847 2001 2001 2001 363 33 27
4734 22 107 257 86 107 689 25 30 27 78 33 27
4735 22 90 512 611 99 741 23 43 27 69 33 27
4736 21 1029 792 462 600 1340 253 60 50 56 33 27
4737 22 273 340 506 144 376 31 56 23 35 34 27
4738 22 193 909 472 260 733 64 30 28 56 33 27
4739 22 165 405 171 235 122 172 314 294 10 33 27
4740 22 834 377 171 184 2001 84 55 57 20 33 27
4741 21 381 2001 421 469 885 26 228 297 13 33 27
4742 22 1999 1999 1999 563 561 1512 1999 1999 356 33 27
4743 22 1662 697 345 525 2001 92 54 26 127 34 28
4744 21 734 346 480 275 148 1695 751 1524 53 33 27
4745 22 164 281 320 92 217 19 28 24 23 33 27
4746 22 472 491 520 290 164 1633 2002 2002 207 33 27
4747 21 416 416 282 175 182 27 32 21 36 33 27
4748 22 216 246 293 107 465 143 182 293 50 33 27
4749 22 293 777 653 1398 987 641 426 994 28 33 27
4750 21 588 1058 1738 360 469 92 236 52 107 33 27
4751 21 249 892 274 92 79 30 32 24 220 34 27
4752 22 1845 2001 1422 717 2001 291 172 2001 176 34 27
4753 22 199 539 284 260 268 2002 44 69 31 33 27
4754 21 130 139 616 615 864 40 257 986 24 33 27
4755 22 418 1284 97 254 184 21 34 32 23 33 27
4756 22 102 274 288 385 120 737 193 215 52 33 27
4757 21 115 544 98 102 1219 31 410 64 23 33 27
4758 22 1244 523 275 187 906 26 107 141 57 33 27
4759 22 212 462 176 111 246 21 36 871 17 33 27
4760 21 744 452 553 179 678 1976 333 167 102 33 27
4761 22 770 399 621 196 451 37 178 190 26 33 27
4762 22 1100 2001 432 431 1417 243 60 860 44 33 27
4763 22 316 671 699 528 276 62 233 290 105 33 27
4764 22 1110 2001 1152 504 1807 34 40 48 105 33 27
4765 21 93 167 244 380 565 2001 2003 2003 20 33 27
4766 22 630 266 419 1089 842 270 124 2003 112 33 27
4767 22 152 317 161 173 443 116 37 25 23 33 27
4768 22 1524 1948 944 744 2001 2001 2001 2001 182 33 27
4769 22 861 2001 1125 236 391 200 53 53 145 33 27
4770 22 246 1762 997 170 774 51 49 62 70 34 27
4771 21 231 197 247 171 654 646 260 837 93 33 27
4772 22 170 460 104 149 432 26 64 814 84 34 27
4773 21 215 697 148 130 198 220 90 28 13 33 27
4774 22 269 927 422 184 820 42 42 66 27 33 27
4775 22 410 455 2003 699 159 1035 730 378 129 34 27
4776 21 344 313 130 262 547 2001 2001 2001 69 33 27
4777 21 423 1160 272 318 1504 418 31 24 52 33 27
4778 22 359 1016 130 508 937 25 47 85 22 33 27
4779 21 243 569 345 138 106 19 1 26 16 33 27
4780 22 554 2003 1510 591 235 856 269 303 14 33 27
4781 22 1299 1962 2001 325 438 111 41 827 419 33 27
4782 22 129 424 645 74 442 161 27 34 13 33 27
4783 22 435 493 268 187 567 24 93 111 21 33 27
4784 22 109 128 1536 65 190 24 171 125 69 34 27
4785 22 93 205 469 98 467 26 30 27 14 33 27
4786 22 380 917 484 105 672 219 35 29 22 33 27
4787 22 231 1214 182 67 95 292 27 721 25 33 27
4788 21 168 990 625 283 797 480 28 76 23 33 27
4789 21 1994 1994 1994 1730 1994 1994 1994 1994 1607 33 27
4790 22 101 260 154 90 211 23 55 2002 13 33 27
4791 22 671 516 975 466 144 77 27 42 14 33 27
4792 22 1243 762 243 719 2001 355 272 31 78 33 27
4793 22 543 823 1091 564 257 789 491 1598 29 33 27
4794 22 601 465 627 349 165 24 226 30 146 33 27
4795 22 136 652 130 152 1039 30 29 239 77 34 27
4796 22 559 339 745 548 455 70 159 499 29 33 27
4797 21 267 666 591 189 155 242 25 21 12 33 27
4798 22 76 320 164 191 17 22 26 26 26 33 27
4799 22 826 243 1050 1325 789 65 42 27 9 33 27
4800 22 193 314 262 92 313 24 33 196 23 33 27
4801 22 1521 1312 1276 2001 2001 200 419 684 432 33 27
4802 21 136 266 92 75 357 23 30 26 61 34 27
4803 22 499 1275 451 591 377 26 87 426 64 33 27
4804 22 360 679 477 1132 1654 255 372 24 62 34 27
4805 22 515 2001 1029 613 767 604 79 116 80 34 27
4806 21 2001 1611 1438 1637 2001 1713 1993 2001 384 33 27
4807 21 214 393 402 262 651 27 33 27 48 33 27
4808 22 241 522 204 108 402 414 113 350 17 33 27
4809 21 118 440 207 591 151 21 29 29 18 33 27
4810 22 1438 623 2002 1045 846 596 971 2002 54 33 27
4811 22 974 1110 1232 442 933 70 248 473 74 33 27
4812 22 91 411 359 118 129 24 48 31 27 33 27
4813 22 365 170 425 99 243 621 573 1360 23 33 27
4814 22 550 648 465 219 126 220 36 247 19 33 27
4815 21 115 1283 688 152 486 19 10 471 19 33 27
4816 22 106 316 251 74 161 146 1077 2002 99 33 27
4817 22 1368 2001 1818 1929 889 2001 2001 2001 171 34 27
4818 22 555 717 1026 406 1110 24 104 35 77 34 27
4819 22 768 825 423 429 2002 329 223 169 138 33 27
4820 22 185 178 168 210 1343 603 632 372 19 33 27
4821 22 354 470 169 141 259 26 31 30 36 33 27
4822 22 476 2001 661 322 1027 938 671 2001 139 33 27
4823 22 306 309 2001 757 83 2001 1665 347 389 33 27
4824 21 107 161 435 91 129 25 64 32 18 33 27
4825 22 699 155 371 135 636 24 23 308 6 33 27
4826 21 931 1009 529 169 250 282 1 83 48 33 27
4827 22 730 1471 514 211 1877 157 86 25 59 33 27
4828 22 289 616 486 945 1503 65 23 25 85 33 27
4829 22 2001 2001 1011 200 1839 1619 270 161 84 34 27
4830 22 154 2001 374 139 617 51 127 593 30 33 27
4831 22 1994 1994 1994 1994 1994 1994 1994 1994 578 33 27
4832 22 269 1161 460 173 542 36 29 27 77 33 27
4833 22 616 1050 134 314 410 23 106 26 233 33 27
4834 22 576 1379 969 238 631 136 129 174 143 33 27
4835 22 536 430 223 109 1014 200 43 175 32 33 27
4836 22 344 217 207 144 171 24 34 55 32 33 27
4837 21 889 567 2002 760 1248 1375 991 2002 391 33 27
4838 22 738 669 1695 1093 1497 256 523 2003 135 34 27
4839 22 104 489 279 214 164 20 410 542 25 33 27
4840 21 611 423 434 531 1636 570 466 415 64 34 27
4841 22 168 391 183 156 291 30 240 929 13 33 27
4842 22 257 271 489 97 110 64 49 126 134 34 27
4843 22 1333 556 1080 319 443 2002 2002 2002 39 33 27
4844 21 481 365 729 253 540 35 59 441 21 33 27
4845 22 663 1528 783 580 385 46 51 558 88 33 27
4846 22 113 361 111 104 566 25 26 26 25 33 27
4847 22 680 845 327 347 49 19 39 38 19 33 27
4848 21 135 1085 335 127 194 18 25 44 3 33 27
4849 22 229 967 334 82 503 24 163 31 13 33 27
4850 22 879 2001 2001 550 894 1629 660 1142 401 34 27
4851 21 112 2001 1135 109 167 183 389 334 75 33 27
4852 22 296 362 449 112 66 183 33 232 24 33 27
4853 21 108 329 410 214 190 26 30 30 22 33 27
4854 22 106 235 876 137 175 21 55 21 53 33 27
4855 22 571 2001 1907 780 466 1153 2001 2001 52 33 27
4856 21 1314 1998 1914 331 1225 779 676 1998 274 33 27
4857 22 178 439 99 90 55 23 30 52 59 33 27
4858 22 545 921 936 156 747 283 489 387 113 33 27
4859 21 120 2001 156 229 496 533 66 362 345 33 27
4860 22 211 347 192 172 458 371 1265 2002 49 34 27
4861 22 899 413 128 509 599 593 154 524 76 34 27
4862 22 466 798 134 701 2003 761 159 73 233 33 27
4863 21 1053 1813 125 98 195 23 42 27 11 33 27
4864 22 654 811 354 387 1381 152 79 233 60 33 27
4865 22 1185 388 445 279 853 407 194 369 25 33 27
4866 22 696 172 1096 872 531 2003 2003 1191 189 33 27
4867 22 156 164 342 565 736 68 322 448 35 33 27
4868 22 212 564 714 1068 379 360 1 38 59 34 27
4869 22 220 597 110 95 353 98 99 29 135 33 27
4870 22 368 354 262 154 405 26 38 39 51 33 27
4871 22 405 271 178 69 264 73 38 27 24 33 27
4872 22 484 570 110 953 466 232 102 138 182 34 27
4873 22 782 489 2003 555 283 1529 497 403 75 33 27
4874 22 307 854 264 217 1073 22 36 229 107 33 27
4875 22 271 327 619 245 264 348 587 862 24 33 27
4876 22 277 621 128 300 391 28 511 1094 80 33 27
4877 21 545 797 252 465 1351 32 35 2002 78 33 27
4878 21 450 1082 320 169 1132 25 27 122 27 33 27
4879 22 685 337 857 161 214 24 31 30 36 33 27
4880 22 404 879 527 97 146 27 35 26 61 33 27
4881 22 595 456 570 157 341 186 137 294 74 33 27
4882 22 510 597 232 164 319 25 25 45 80 33 27
4883 22 383 908 254 89 223 128 47 26 123 33 27
4884 22 527 542 129 352 301 38 37 21 64 33 27
4885 22 479 310 566 118 402 23 39 30 115 33 27
4886 22 579 2001 762 304 1080 183 174 648 64 34 27
4887 22 446 1009 1684 630 563 24 62 200 135 33 27
4888 22 1562 1555 1326 1626 987 473 1242 2003 99 33 27
4889 22 258 243 353 261 648 332 128 30 12 33 27
4890 22 673 221 256 172 1349 32 289 882 36 33 27
4891 22 122 180 155 69 231 22 30 35 50 34 27
4892 22 382 279 646 90 173 2001 2003 2003 22 32 27
4893 22 2001 2001 1605 1837 2001 796 946 401 276 34 27
4894 22 105 195 393 146 404 59 29 2002 22 33 27
4895 22 173 250 201 171 105 21 38 33 25 33 27
4896 21 110 566 238 134 239 74 440 450 68 33 27
4897 22 128 168 169 212 648 71 21 348 21 33 27
4898 22 426 376 115 468 243 28 86 23 44 33 27
4899 21 399 409 481 289 179 2001 2001 2001 37 33 27
4900 22 1999 1999 1999 1999 1673 1999 1905 1999 499 33 27
4901 21 147 2001 186 150 111 20 40 22 28 33 27
4902 22 489 292 968 916 465 60 164 698 147 33 27
4903 22 757 2001 904 215 1425 382 96 157 88 34 27
4904 22 2001 1275 1163 1312 2001 621 463 991 34 34 27
4905 22 387 141 120 935 667 212 53 41 26 33 27
4906 22 148 423 453 268 317 54 31 30 19 33 27
4907 22 198 460 587 203 177 2002 575 2002 17 33 27
4908 22 509 2001 556 290 836 194 176 76 119 34 27
4909 22 257 700 285 104 905 414 519 1194 21 33 27
4910 22 786 804 1261 537 258 2002 763 261 126 33 27
4911 21 2001 2001 594 131 1710 280 110 54 320 34 27
4912 22 496 691 1376 252 516 20 38 28 21 33 27
4913 22 168 260 211 416 223 31 40 37 16 33 27
4914 22 135 196 100 193 148 23 29 34 102 33 27
4915 22 511 665 1063 263 234 33 38 30 26 33 27
4916 22 1435 700 454 1540 1621 731 361 1418 56 34 27
4917 22 1999 1999 1999 1694 1999 1365 1021 644 204 34 27
4918 22 229 582 242 149 651 21 41 30 16 33 27
4919 22 118 383 407 119 270 25 136 1366 14 33 27
4920 22 130 212 215 121 228 307 67 34 115 33 27
4921 22 165 549 592 128 560 182 192 148 97 33 27
4922 21 1984 1984 1666 797 1984 1005 431 1316 315 33 27
4923 22 1995 2001 1454 904 2001 362 436 800 237 34 27
4924 21 226 263 134 309 585 25 27 27 65 33 27
4925 22 257 677 1129 192 433 144 509 2003 70 33 27
4926 21 1782 185 417 841 1030 1212 334 2003 262 33 27
4927 21 844 391 266 415 1525 2002 589 358 71 33 27
4928 22 719 1819 345 411 280 363 205 690 32 33 27
4929 22 663 201 559 234 238 153 326 1871 27 33 27
4930 22 196 968 362 470 564 24 22 27 10 33 27
4931 21 189 458 247 198 341 939 41 23 92 34 27
4932 22 108 397 137 100 112 26 37 29 38 34 27
4933 22 527 1902 591 316 1015 118 35 43 187 33 27
4934 22 239 446 157 82 410 30 49 584 12 33 27
4935 22 782 456 653 289 548 43 215 489 190 33 27
4936 22 1100 836 123 133 42 54 203 273 3 34 27
4937 22 554 582 2001 185 257 25 59 665 15 33 27
4938 22 1999 1999 1887 430 1999 1999 1906 1999 403 33 27
4939 22 400 298 295 331 392 218 1 74 37 33 27
4940 28 1573 2001 1295 999 2001 51 428 920 230 42 35
4941 22 130 996 437 293 200 194 159 581 38 33 27
4942 22 150 219 327 97 205 67 110 350 23 33 27
4943 22 280 437 200 224 329 23 36 22 46 33 27
4944 21 1999 1999 1999 515 1637 1269 371 1999 250 33 27
4945 21 357 1928 87 255 174 27 266 29 170 33 27
4946 21 210 2001 374 322 1136 2001 935 2001 121 33 27
4947 22 907 2003 201 871 409 1175 1448 1535 28 33 27
4948 22 83 483 300 164 186 24 36 21 27 33 27
4949 22 737 1103 98 319 312 25 71 23 178 33 27
4950 22 121 550 320 162 54 483 359 466 18 33 27
4951 22 233 246 207 109 230 39 96 29 14 33 27
4952 22 678 853 765 472 819 2002 2002 539 68 33 27
4953 22 235 208 167 189 453 55 84 22 118 33 27
4954 22 658 880 1571 391 673 1176 566 1168 92 34 27
4955 22 533 434 458 1000 431 218 1 30 66 33 27
4956 22 474 622 931 107 220 357 68 72 92 33 27
4957 22 229 381 188 303 237 25 23 357 1 33 27
4958 22 158 141 193 73 152 42 288 1649 41 33 27
4959 22 538 1020 529 119 192 489 143 308 19 33 27
4960 22 350 2001 441 166 832 165 46 454 114 33 27
4961 21 114 924 237 138 161 27 50 498 73 33 27
4962 21 287 2001 967 150 176 180 602 139 9 33 27
4963 22 200 548 72 169 258 229 30 850 17 33 27
4964 22 259 1099 598 132 132 92 41 83 12 33 27
4965 22 377 435 310 386 7 167 73 835 42 34 27
4966 22 1545 2001 2001 584 1950 23 58 762 175 33 27
4967 21 206 640 1693 376 86 187 197 48 8 33 27
4968 22 508 348 616 348 227 104 229 409 18 33 27
4969 22 1994 1994 1994 1994 1994 1994 1994 1994 893 34 27
4970 22 276 1372 351 331 827 934 370 670 90 34 27
4971 22 561 477 631 336 522 230 211 856 44 33 27
4972 21 1994 1994 1994 1994 1994 1994 1994 1994 560 33 27
4973 22 536 1035 1039 211 916 543 741 2003 301 33 27
4974 21 1637 1491 1509 2001 637 2001 2001 2001 252 32 26
4975 22 174 445 744 458 1196 1260 958 696 74 33 27
4976 22 92 356 208 146 200 20 29 394 12 33 27
4977 22 253 256 226 425 137 23 183 28 18 33 27
4978 22 110 144 117 92 293 16 1 81 26 33 27
4979 22 273 437 177 180 106 25 807 24 19 33 27
4980 22 174 746 179 371 187 497 137 27 57 33 27
4981 21 190 181 91 70 71 20 10 27 10 33 27
4982 21 1999 1999 1999 1051 1980 1999 1999 1999 1999 33 27
4983 22 2001 2001 1647 1011 2001 1142 961 1108 294 34 27
4984 22 140 733 1457 509 693 311 214 954 18 33 27
4985 22 241 129 336 125 206 19 10 23 14 33 27
4986 22 193 306 297 316 61 26 33 113 38 34 27
4987 22 869 872 818 185 513 37 29 23 46 33 27
4988 21 1409 2001 859 646 2001 131 178 129 341 34 27
4989 22 431 256 239 99 243 74 24 424 53 34 27
4990 22 506 1086 340 484 482 518 1190 1106 45 33 27
4991 22 134 924 446 225 604 26 39 30 25 33 27
4992 22 357 1533 652 172 248 30 36 25 192 33 27
4993 22 147 1406 1201 257 101 41 53 28 83 33 27
4994 22 129 423 444 432 259 169 30 34 107 34 27
4995 22 911 889 574 366 645 69 113 31 173 34 27
4996 22 416 515 246 183 837 37 66 142 43 33 27
4997 22 290 491 1082 236 93 50 330 24 63 33 27
4998 22 600 210 363 102 383 2003 1643 2003 77 33 27
4999 22 916 1789 1147 1525 844 1121 1031 1096 251 33 27
5000 22 795 773 663 263 174 25 36 22 103 33 27
