1 22 64 36 30 30 42 27 27 29 38 35 28
2 22 149 13 18 26 32 26 39 31 19 34 28
3 22 111 32 19 33 1 27 32 23 28 34 28
4 22 169 23 10 30 16 23 24 25 19 34 28
5 22 48 26 41 23 1 28 29 33 32 34 28
6 22 120 28 14 32 1 26 24 35 28 34 28
7 22 89 18 29 18 25 22 27 30 27 34 28
8 22 110 36 30 22 95 30 26 33 28 34 28
9 22 183 32 39 28 1 31 27 27 30 34 28
10 22 336 28 24 29 1 26 33 32 17 34 28
11 22 93 36 27 35 41 18 24 24 3 34 28
12 22 153 29 26 25 36 20 29 30 37 34 28
13 22 127 48 32 43 90 24 30 27 72 35 28
14 22 90 23 7 36 30 20 18 24 9 34 28
15 22 150 43 21 27 75 17 36 30 29 34 28
16 22 114 41 25 30 19 20 32 31 21 34 28
17 22 107 45 22 37 59 22 25 31 20 34 28
18 22 93 32 33 21 38 29 35 28 29 34 28
19 22 82 21 9 29 10 21 18 29 4 34 28
20 22 93 20 31 28 1 24 27 27 104 34 28
21 22 189 35 15 33 20 20 32 34 37 34 28
22 22 81 14 30 30 56 25 25 23 75 34 28
23 22 179 52 20 35 67 20 33 40 38 35 28
24 22 267 31 16 40 1 24 33 31 24 34 28
25 22 185 47 14 37 67 16 17 25 26 34 28
26 22 191 19 31 16 12 23 27 28 26 34 28
27 22 1 5 22 23 1 18 22 21 1 34 28
28 22 95 32 27 38 1 25 28 29 50 34 28
29 22 97 17 19 28 21 24 23 30 10 34 28
30 22 116 19 11 27 53 22 25 20 12 34 28
31 22 206 35 18 33 1 24 22 26 14 34 28
32 22 99 26 20 22 1 23 16 33 26 34 28
33 22 155 35 14 26 75 33 27 26 27 34 28
34 22 87 27 25 27 11 25 39 21 23 34 28
35 22 86 42 38 31 24 22 23 26 23 34 28
36 22 147 31 29 33 16 19 25 23 14 34 28
37 22 61 26 13 36 1 24 28 24 18 34 28
38 22 57 13 23 28 1 22 24 25 16 34 28
39 22 84 36 45 26 15 22 24 31 39 34 28
40 22 75 28 24 40 86 19 19 24 1 34 28
41 22 112 40 39 35 1 24 23 32 28 34 28
42 22 108 29 18 34 1 22 29 30 2 34 28
43 22 103 31 26 38 28 19 36 28 14 34 28
44 22 111 32 35 24 28 27 30 28 22 34 28
45 22 122 32 20 33 31 21 25 28 11 34 28
46 22 144 37 27 34 69 28 31 28 21 34 28
47 22 76 28 33 18 4 23 35 25 39 34 28
48 22 294 22 23 21 53 26 31 28 26 34 28
49 22 114 38 31 34 1 22 28 23 22 34 28
50 22 119 33 25 27 96 19 1 33 62 34 28
51 22 43 26 33 25 1 25 22 28 25 34 28
52 22 539 28 16 37 30 20 24 26 1 34 28
53 22 106 19 30 13 1 30 33 29 43 34 28
54 22 85 25 32 18 1 21 35 27 39 34 28
55 22 159 29 19 27 4 22 21 30 19 34 28
56 22 1 24 29 36 5 18 25 27 1 34 28
57 22 61 46 36 35 56 26 41 29 31 35 28
58 22 197 40 36 31 56 24 38 27 43 34 28
59 22 193 49 14 41 37 23 29 33 24 34 28
60 21 1 30 41 28 58 24 17 32 20 34 28
61 22 115 30 23 28 29 28 27 29 23 34 28
62 22 67 41 25 38 1 20 34 27 23 34 28
63 22 79 22 33 91 78 25 21 18 29 34 28
64 22 97 32 20 36 1 24 23 30 6 34 28
65 22 160 35 16 42 1 24 24 32 15 34 28
66 22 156 38 35 35 31 18 7 35 21 34 28
67 22 96 31 27 27 75 21 25 23 13 34 28
68 22 91 26 15 39 57 30 31 24 3 34 28
69 22 222 19 17 32 1 17 32 25 179 34 28
70 22 251 24 15 30 1 22 28 21 78 35 28
71 22 163 39 19 46 21 24 30 25 14 34 28
72 22 248 21 19 21 51 19 25 27 19 34 28
73 22 223 26 22 25 53 23 30 28 23 34 28
74 22 1 20 45 20 78 26 28 19 22 34 28
75 22 63 32 35 25 1 25 37 21 30 34 28
76 22 46 38 30 39 1 23 28 31 21 34 28
77 22 1 23 31 34 1 23 16 28 1 34 28
78 22 94 29 32 36 37 20 23 28 15 34 28
79 22 223 23 19 27 57 26 30 33 15 34 28
80 22 130 51 29 35 112 27 18 29 22 34 28
81 22 109 38 27 29 11 24 32 26 24 34 28
82 22 151 30 23 34 1 21 26 31 16 34 28
83 22 161 30 29 23 48 21 31 26 31 35 28
84 22 219 42 39 30 69 27 31 30 24 34 28
85 22 69 39 35 24 111 19 29 25 27 34 28
86 22 127 43 36 31 38 23 31 28 21 34 28
87 22 82 37 25 33 22 25 37 24 11 34 28
88 22 57 36 32 28 23 22 24 26 29 34 28
89 22 139 22 20 30 50 29 17 25 8 34 28
90 22 125 38 16 35 57 21 22 26 29 34 28
91 22 57 13 25 20 13 26 31 23 7 34 28
92 22 224 33 20 29 8 25 34 28 22 34 28
93 22 64 16 20 26 3 25 27 18 9 34 28
94 22 60 37 23 32 1 19 22 24 10 34 28
95 22 52 26 19 35 18 24 26 35 17 34 28
96 22 1 30 42 30 1 23 1 22 14 34 28
97 22 118 44 22 36 67 25 28 28 32 35 28
98 22 105 46 35 35 1 18 43 34 37 35 28
99 22 112 35 20 35 1 22 25 25 1 34 28
100 22 87 42 29 31 41 26 16 17 26 34 28
101 22 114 25 37 32 1 24 29 29 30 34 28
102 22 89 20 23 32 1 18 18 22 12 34 28
103 22 170 26 31 27 1 21 37 22 71 34 28
104 22 127 22 35 25 1 23 21 28 28 34 28
105 22 239 36 29 34 48 19 26 26 22 34 28
106 22 82 29 26 36 71 27 26 25 9 34 28
107 22 82 25 26 28 1 20 31 24 31 34 28
108 22 58 37 31 34 29 25 16 26 23 34 28
109 22 134 36 17 49 1 23 28 30 11 34 28
110 22 78 41 37 25 125 26 28 28 32 34 28
111 22 34 14 23 27 1 23 43 22 13 34 28
112 22 70 23 22 22 9 25 30 28 31 34 28
113 22 209 26 21 28 73 25 25 29 4 34 28
114 22 91 23 26 31 1 25 29 31 21 34 28
115 22 120 21 12 34 1 25 31 27 47 34 28
116 22 88 26 24 25 1 29 28 30 14 34 28
117 21 1 31 49 20 85 27 3 27 23 34 28
118 22 126 34 15 29 64 27 24 25 28 34 28
119 22 1 20 31 20 42 26 19 23 16 34 28
120 22 201 22 35 8 1 25 31 31 22 34 28
121 22 106 41 25 25 73 27 29 25 40 34 28
122 22 206 26 33 29 1 27 34 27 28 34 28
123 22 105 24 32 22 31 20 25 23 28 34 28
124 22 1 3 26 30 1 22 37 23 1 34 28
125 22 130 40 22 28 63 23 30 39 32 35 28
126 22 212 45 22 41 109 25 28 30 12 34 28
127 22 92 19 33 22 74 25 1 26 15 34 28
128 22 101 26 12 37 7 24 27 31 1 34 28
129 22 290 42 23 34 53 21 31 30 27 34 28
130 22 156 59 30 45 48 22 24 27 20 34 28
131 22 77 29 31 29 1 26 31 23 27 34 28
132 22 1 17 35 23 1 19 24 31 5 34 28
133 22 95 30 25 29 13 21 26 31 70 34 28
134 22 165 40 42 27 28 21 37 26 31 34 28
135 22 143 26 27 30 56 25 25 31 18 34 28
136 22 70 20 23 31 17 23 2 31 8 34 28
137 22 99 23 24 32 1 24 26 32 3 34 28
138 22 189 41 29 36 37 28 33 26 12 34 28
139 22 157 44 36 28 74 16 24 30 36 35 28
140 22 61 31 28 33 34 23 28 20 27 34 28
141 22 83 25 20 26 31 21 35 26 74 34 28
142 22 96 20 4 36 1 18 24 23 6 34 28
143 22 167 44 29 39 58 22 31 23 27 34 28
144 22 130 33 29 26 4 22 35 26 26 34 28
145 22 62 35 33 27 64 27 28 25 26 34 28
146 22 127 35 35 30 69 22 24 31 65 35 28
147 22 135 23 23 27 27 23 35 25 24 34 28
148 22 94 23 18 24 45 25 28 28 22 34 28
149 22 76 44 43 30 50 24 36 31 33 35 28
150 22 87 22 17 29 54 26 29 28 12 34 28
151 22 1 19 30 25 26 22 48 30 17 34 28
152 22 93 34 7 36 30 26 25 27 8 34 28
153 22 115 29 33 27 1 20 32 32 27 34 28
154 22 46 29 38 27 27 24 23 34 20 34 28
155 22 1 15 32 25 1 24 26 29 7 34 28
156 22 98 44 26 27 51 19 13 28 28 34 28
157 22 139 48 32 30 21 18 28 30 30 34 28
158 22 52 35 37 31 59 26 28 22 16 34 28
159 22 208 19 16 36 9 17 27 28 8 34 28
160 22 114 16 24 27 1 26 24 19 13 34 28
161 22 116 25 23 29 81 19 34 31 10 34 28
162 22 89 35 30 25 32 26 30 31 28 34 28
163 22 126 25 15 31 26 24 29 32 11 34 28
164 22 81 17 31 20 27 22 24 30 79 34 28
165 22 412 29 32 25 45 27 32 26 27 34 28
166 22 240 41 31 42 1 22 1 42 71 34 28
167 22 158 41 44 35 61 32 28 27 24 34 28
168 22 1 3 28 25 36 24 34 32 7 34 28
169 22 77 43 42 27 2 22 26 31 28 34 28
170 22 103 34 28 33 48 23 20 30 12 34 28
171 22 142 42 17 37 29 18 29 24 31 34 28
172 22 125 24 31 30 1 27 29 35 18 34 28
173 22 101 22 26 29 81 18 13 26 11 34 28
174 22 128 38 27 27 63 19 36 35 29 34 28
175 22 206 27 29 30 6 24 32 27 11 34 28
176 22 76 48 25 53 117 27 36 31 12 34 28
177 22 126 27 37 26 1 23 24 16 19 34 28
178 22 268 40 27 36 41 25 33 29 27 35 28
179 22 60 29 29 31 10 22 32 28 15 34 28
180 22 145 32 29 30 49 26 30 24 21 34 28
181 22 68 27 24 33 24 28 1 35 10 34 28
182 22 13 35 42 35 36 24 28 20 12 34 28
183 22 160 34 30 27 1 19 24 33 54 35 28
184 22 143 27 14 31 8 28 34 27 22 34 28
185 22 96 41 20 41 26 23 30 38 22 34 28
186 22 225 21 24 31 55 21 31 27 17 34 28
187 22 110 37 27 27 1 26 22 31 27 34 28
188 22 1 20 28 36 1 22 40 28 2 34 28
189 22 134 39 19 40 57 21 27 32 18 34 28
190 22 155 36 12 33 31 23 27 23 18 34 28
191 22 91 33 7 39 1 27 27 26 8 34 28
192 22 268 26 17 36 30 25 29 31 9 34 28
193 22 150 26 18 30 1 23 19 26 19 34 28
194 22 388 24 33 22 1 24 31 20 31 34 28
195 22 68 37 41 34 79 19 29 34 16 34 28
196 22 54 27 38 25 32 25 30 20 30 35 28
197 22 58 22 22 17 18 23 30 32 34 34 28
198 22 127 31 26 31 51 23 23 25 20 34 28
199 22 133 24 10 35 1 25 20 28 23 34 28
200 22 146 40 41 28 24 24 30 30 30 34 28
201 22 154 44 30 29 34 22 23 28 19 34 28
202 22 123 36 24 36 91 24 28 31 17 34 28
203 22 123 35 34 32 1 22 31 29 72 34 28
204 22 98 33 30 31 52 23 31 27 27 34 28
205 22 144 26 20 29 36 22 30 27 21 34 28
206 22 116 24 20 32 18 26 23 26 13 34 28
207 22 109 33 19 30 26 19 33 18 26 34 28
208 22 151 37 35 24 29 22 32 29 33 35 28
209 22 129 51 36 31 61 27 25 35 123 34 28
210 22 97 51 38 36 1 27 1 29 18 34 28
211 22 80 17 28 23 40 22 31 24 12 34 28
212 22 282 23 35 22 1 25 27 28 29 34 28
213 22 49 23 25 23 58 23 32 31 29 34 28
214 22 81 26 18 26 34 24 35 37 22 34 28
215 22 75 35 33 29 24 22 42 27 23 34 28
216 22 258 37 21 45 1 23 27 27 5 34 28
217 22 279 46 24 27 43 23 25 26 36 34 28
218 22 158 61 37 34 71 21 27 33 39 35 28
219 22 1 15 32 26 29 25 30 25 7 34 28
220 22 96 25 22 30 1 23 33 25 21 34 28
221 22 51 15 25 22 1 22 17 22 20 34 28
222 22 190 38 22 26 21 26 29 29 38 35 28
223 22 488 29 19 35 1 23 27 16 24 34 28
224 22 288 21 24 27 15 25 1 24 8 34 28
225 22 86 31 29 26 1 26 26 27 23 34 28
226 22 147 41 24 32 90 23 26 33 24 34 28
227 22 109 36 29 27 24 25 34 31 30 34 28
228 22 33 5 28 23 16 23 26 22 11 34 28
229 23 94 31 34 26 1 24 33 23 33 35 29
230 22 90 23 24 25 13 27 24 27 15 34 28
231 22 122 14 21 24 1 23 1 23 47 34 28
232 22 145 38 23 35 1 25 30 28 20 34 28
233 22 105 19 29 18 30 24 24 21 45 34 28
234 22 99 45 36 27 62 21 35 33 36 34 28
235 22 139 26 34 22 37 22 32 29 21 34 28
236 21 1 6 29 15 61 25 27 30 17 33 27
237 22 143 31 29 33 21 22 22 27 13 34 28
238 22 97 45 39 30 97 23 32 27 31 35 28
239 22 206 32 40 20 1 24 27 21 37 35 28
240 22 171 35 28 33 1 25 30 31 11 34 28
241 22 57 17 14 34 11 19 24 31 10 34 28
242 22 28 26 36 23 24 24 22 29 18 34 28
243 22 85 35 22 35 1 26 20 27 21 34 28
244 22 93 39 22 29 71 23 29 30 28 34 28
245 22 84 33 30 38 1 25 30 29 24 34 28
246 22 122 41 35 28 71 27 20 22 20 34 28
247 22 1 20 19 30 71 26 25 31 7 34 28
248 22 232 33 20 39 3 25 21 27 19 34 28
249 22 15 21 27 19 62 27 29 33 22 34 28
250 22 48 32 27 25 1 22 40 25 31 34 28
251 22 114 33 20 25 3 22 33 23 58 35 28
252 22 127 23 22 29 68 21 26 25 14 34 28
253 22 105 25 31 27 1 24 32 30 25 34 28
254 22 80 26 28 13 6 25 22 25 21 34 28
255 22 107 52 31 43 1 21 24 23 20 34 28
256 22 74 25 25 17 29 17 31 27 22 34 28
257 22 37 29 41 15 72 26 33 25 24 34 28
258 22 119 39 25 32 29 27 29 33 24 34 28
259 22 67 18 28 28 1 28 29 30 20 34 28
260 22 101 28 29 37 53 28 22 29 11 34 28
261 22 65 42 28 40 1 21 35 34 14 34 28
262 22 188 44 31 34 1 24 34 26 38 35 28
263 22 76 17 24 28 19 23 28 30 22 34 28
264 22 111 46 27 37 77 28 28 20 22 34 28
265 22 134 35 32 29 64 36 32 33 18 34 28
266 22 70 35 20 38 88 24 23 25 12 34 28
267 22 133 29 18 38 79 18 17 29 1 34 28
268 22 60 15 16 25 24 21 24 29 12 34 28
269 22 61 38 28 29 46 22 27 34 27 34 28
270 22 80 30 39 17 1 23 32 24 35 34 28
271 22 53 16 19 27 20 24 21 20 20 34 28
272 22 244 32 29 29 1 28 29 27 16 34 28
273 22 110 34 18 36 114 23 23 25 1 34 28
274 22 110 29 29 30 28 25 25 25 12 34 28
275 22 103 32 30 35 26 25 1 32 11 34 28
276 22 88 55 43 40 75 23 26 33 36 35 28
277 22 149 43 34 40 106 23 21 23 10 34 28
278 22 81 36 12 40 45 21 24 35 22 34 28
279 22 116 24 31 18 6 30 33 29 39 34 28
280 22 80 35 25 37 43 27 26 26 19 34 28
281 22 176 25 24 23 18 23 26 29 32 34 28
282 22 1 25 35 28 34 26 31 31 7 34 28
283 22 190 22 25 31 11 24 30 24 35 34 28
284 22 155 31 31 21 1 24 36 25 35 34 28
285 22 60 19 24 30 1 19 26 23 12 34 28
286 22 96 25 15 29 1 23 26 27 30 34 28
287 22 69 35 36 27 39 26 31 29 32 35 28
288 22 114 48 14 47 63 16 26 29 15 34 28
289 22 136 50 30 40 71 28 14 29 20 34 28
290 22 311 17 16 34 1 25 24 24 1 34 28
291 22 78 22 21 30 1 20 28 30 8 34 28
292 22 178 29 20 25 52 19 14 29 22 34 28
293 22 119 30 19 33 2 20 24 27 27 34 28
294 22 79 18 34 10 15 25 26 29 39 34 28
295 22 139 36 25 31 65 25 31 31 27 34 28
296 22 64 40 42 28 1 24 33 25 32 35 28
297 22 68 35 30 33 48 20 27 29 17 34 28
298 22 136 43 18 34 87 23 32 28 29 34 28
299 22 107 20 34 22 1 25 35 32 82 34 28
300 22 120 29 24 32 16 20 28 39 94 34 28
301 22 102 39 30 28 61 22 32 29 28 34 28
302 22 155 58 25 34 45 21 17 30 40 34 28
303 22 288 40 31 31 37 17 24 32 22 34 28
304 22 1 7 22 24 1 26 25 17 10 33 28
305 22 101 38 28 26 35 23 31 27 36 34 28
306 22 156 21 31 22 28 26 28 33 29 34 28
307 22 179 31 26 23 1 23 39 19 22 34 28
308 22 171 28 18 40 16 16 37 26 15 34 28
309 22 87 20 25 23 1 19 28 29 29 34 28
310 22 131 46 32 33 40 22 26 34 28 34 28
311 22 70 35 39 25 71 24 31 18 31 34 28
312 22 60 26 25 30 1 21 25 26 11 34 28
313 22 198 24 28 22 1 27 24 27 100 34 28
314 22 153 37 8 33 3 18 24 19 76 34 28
315 22 67 30 20 34 41 26 29 23 21 34 28
316 22 132 42 18 39 1 30 30 19 24 34 28
317 22 61 37 44 23 1 22 35 26 44 35 28
318 22 241 42 21 43 3 25 24 28 71 34 28
319 22 96 37 24 30 60 28 23 36 85 34 28
320 22 80 36 30 34 41 20 33 25 27 34 28
321 22 59 31 36 27 62 27 26 25 30 34 28
322 22 108 25 24 34 24 26 28 28 14 34 28
323 22 28 15 30 23 1 22 27 24 12 34 28
324 22 227 31 12 31 36 22 39 26 26 34 28
325 22 88 34 14 39 49 16 29 29 18 34 28
326 22 139 28 33 25 1 21 31 28 113 34 28
327 22 230 24 15 29 10 18 32 33 12 34 28
328 22 92 22 27 28 1 28 13 28 16 34 28
329 22 1 9 21 25 34 21 24 26 3 34 28
330 22 58 31 35 28 1 28 31 27 62 35 28
331 22 141 25 23 28 45 24 31 21 23 34 28
332 22 117 25 13 35 38 21 23 26 5 34 28
333 22 128 34 19 37 2 21 19 29 1 34 28
334 22 125 48 21 40 1 22 25 22 19 34 28
335 22 77 32 29 28 56 24 17 33 9 34 28
336 22 126 27 19 39 5 25 1 25 1 34 28
337 22 105 29 39 29 31 25 26 23 17 34 28
338 22 103 37 35 37 69 25 17 26 10 34 28
339 22 32 19 20 30 1 27 6 29 8 34 28
340 22 96 32 21 26 26 20 30 19 25 34 28
341 22 136 36 25 28 79 25 20 29 8 34 28
342 22 85 30 23 28 46 22 33 25 25 34 28
343 22 128 39 38 25 56 24 27 23 26 34 28
344 22 121 26 16 37 45 24 27 27 1 34 28
345 22 126 38 31 26 33 29 29 28 38 34 28
346 22 86 32 33 36 13 25 35 33 12 34 28
347 22 76 22 20 26 116 22 25 34 11 34 28
348 22 99 44 20 39 40 24 25 30 11 34 28
349 22 347 41 36 27 1 24 29 32 43 35 28
350 22 165 31 9 41 19 23 23 25 32 34 28
351 22 70 13 14 29 69 21 20 29 2 34 28
352 22 95 39 17 33 1 23 19 21 36 34 28
353 22 337 39 34 26 30 25 25 29 38 34 28
354 22 119 30 16 36 1 27 25 21 1 34 28
355 22 1 9 36 17 28 22 21 24 14 34 28
356 22 172 49 23 37 82 19 17 22 16 34 28
357 22 82 37 28 33 1 23 32 21 29 34 28
358 22 133 24 29 22 12 22 23 20 23 34 28
359 22 73 26 33 25 1 20 26 29 15 34 28
360 22 257 16 22 27 40 17 40 30 19 34 28
361 22 270 48 37 33 79 17 21 28 17 34 28
362 22 84 33 18 33 1 22 23 31 37 34 28
363 22 56 35 36 32 74 23 16 29 13 34 28
364 22 98 26 19 35 1 25 34 26 7 34 28
365 22 406 31 13 36 90 29 17 27 1 34 28
366 22 1 23 33 35 1 21 23 28 1 34 28
367 22 279 30 32 26 1 18 36 28 225 34 28
368 22 137 34 28 35 1 29 28 30 22 34 28
369 22 111 50 35 37 1 24 25 26 20 34 28
370 22 104 40 23 34 38 18 51 33 25 34 28
371 22 95 34 26 32 1 20 21 24 28 34 28
372 22 155 32 23 30 72 23 31 22 28 34 28
373 22 414 28 35 23 69 25 28 27 10 34 28
374 22 171 8 16 30 1 27 26 34 3 34 28
375 22 149 33 22 33 30 21 27 30 17 34 28
376 22 181 21 29 24 1 23 28 17 23 34 28
377 22 122 43 32 29 1 23 20 27 20 34 28
378 22 217 36 27 32 64 23 22 34 39 35 28
379 22 157 34 21 34 55 20 19 24 8 34 28
380 22 69 40 31 37 34 23 29 31 21 34 28
381 22 109 37 26 30 43 26 29 19 33 34 28
382 22 186 34 20 36 76 25 19 27 4 34 28
383 22 95 23 24 31 21 25 1 26 5 34 28
384 22 173 32 30 33 49 29 30 20 21 34 28
385 22 150 24 25 22 42 24 23 25 14 34 28
386 22 125 32 27 32 66 21 28 29 17 34 28
387 22 1 18 29 21 40 26 20 22 40 34 28
388 22 74 27 28 22 1 26 31 22 29 34 28
389 22 98 39 34 32 43 21 22 28 24 34 28
390 22 154 32 19 31 8 23 35 26 49 34 28
391 22 176 22 31 16 8 27 35 23 40 34 28
392 22 62 9 7 28 17 25 28 25 3 34 28
393 22 351 27 12 36 8 21 38 21 19 34 28
394 22 135 31 33 18 1 25 30 24 34 34 28
395 22 121 21 25 24 57 25 28 28 16 34 28
396 22 141 23 13 34 14 22 16 22 103 34 28
397 22 70 24 35 34 1 25 1 29 10 34 28
398 22 84 40 27 30 64 16 20 30 24 34 28
399 22 124 30 33 27 1 27 38 26 30 34 28
400 22 67 32 27 35 47 29 26 30 14 34 28
401 22 92 29 25 20 17 22 23 23 32 35 28
402 22 19 4 26 21 1 22 23 29 50 34 28
403 22 361 31 18 29 48 25 39 28 16 34 28
404 22 349 41 20 41 1 26 31 26 14 34 28
405 22 101 53 40 35 68 25 25 29 28 34 28
406 22 53 27 35 26 47 23 16 33 27 34 28
407 22 148 43 27 41 64 25 22 33 10 34 28
408 22 96 22 17 34 19 21 14 25 1 34 28
409 22 167 32 34 31 9 21 29 30 14 34 28
410 22 87 37 14 43 72 18 21 26 10 34 28
411 22 177 41 28 40 1 20 32 32 27 34 28
412 22 139 41 8 34 1 28 21 28 23 34 28
413 22 394 12 30 17 102 24 22 33 16 34 28
414 22 130 31 18 35 11 24 36 27 80 34 28
415 22 150 33 13 31 1 20 25 24 22 34 28
416 22 42 20 32 19 10 22 12 35 28 34 28
417 22 198 38 37 23 41 30 25 28 21 34 28
418 22 85 35 27 31 42 26 40 26 32 34 28
419 22 61 20 27 23 53 19 29 32 12 34 28
420 22 65 20 31 28 13 22 27 29 14 34 28
421 22 196 31 35 23 1 24 35 24 31 35 28
422 22 168 27 33 18 1 30 33 20 34 34 28
423 22 129 35 33 24 5 26 27 22 39 34 28
424 22 108 35 16 35 58 23 30 33 47 35 28
425 22 90 37 29 35 1 27 34 28 71 35 28
426 22 136 41 35 30 21 24 30 23 22 34 28
427 22 178 53 45 24 37 24 23 32 39 34 28
428 22 96 37 38 36 6 19 26 22 18 34 28
429 22 398 39 26 35 48 26 34 24 22 34 28
430 22 58 31 31 26 64 19 20 26 21 34 28
431 22 156 28 20 30 56 19 28 25 16 34 28
432 22 80 29 27 30 8 24 15 31 16 34 28
433 22 183 33 24 30 1 26 27 30 16 34 28
434 22 127 35 35 33 107 26 26 28 22 34 28
435 22 65 45 31 40 1 22 27 29 14 34 28
436 22 66 17 33 30 1 28 18 23 18 34 28
437 22 69 33 28 23 45 22 23 25 12 34 28
438 22 94 181 22 28 1 23 27 27 12 34 28
439 22 116 13 20 28 1 27 20 26 21 34 28
440 22 107 34 33 27 75 26 29 26 35 34 28
441 22 169 37 28 32 25 26 23 28 17 34 28
442 22 150 36 37 30 1 19 42 28 15 34 28
443 22 1292 40 32 36 1 25 38 29 18 34 28
444 22 86 26 19 30 27 15 21 26 16 34 28
445 22 93 17 26 31 1 25 34 25 8 34 28
446 22 18 24 37 30 6 22 30 21 14 34 28
447 22 284 33 43 27 13 25 26 28 175 35 28
448 22 137 25 19 16 30 17 20 27 24 34 28
449 22 122 34 16 32 1 23 40 21 30 34 28
450 22 83 27 35 20 1 19 35 22 28 34 28
451 22 171 36 35 28 1 22 28 28 27 34 28
452 22 224 37 28 30 55 18 29 23 31 34 28
453 22 57 24 28 27 26 22 29 27 23 34 28
454 22 80 44 21 42 110 22 29 31 10 34 28
455 22 70 35 34 23 61 26 27 22 26 34 28
456 22 1 13 31 24 1 17 8 31 1 34 28
457 22 154 40 25 33 85 21 28 28 10 34 28
458 22 202 36 19 26 66 23 27 35 26 34 28
459 22 51 40 37 36 119 21 21 26 11 34 28
460 22 71 44 35 35 53 28 33 28 33 35 28
461 22 179 21 10 35 11 26 24 28 8 34 28
462 22 82 43 32 34 1 23 27 26 15 34 28
463 22 102 27 31 26 4 19 32 26 27 34 28
464 22 189 53 35 34 68 23 25 27 24 34 28
465 22 135 13 21 30 1 19 24 25 10 34 28
466 22 102 22 29 20 28 26 27 26 30 34 28
467 22 95 37 43 23 22 29 29 16 27 34 28
468 22 92 21 34 24 8 25 34 19 20 34 28
469 22 118 32 28 31 1 24 32 30 23 34 28
470 22 157 38 39 28 4 23 28 26 24 35 28
471 22 95 36 24 24 52 25 28 31 26 34 28
472 22 86 32 27 38 1 22 16 32 22 34 28
473 22 78 47 33 30 114 26 28 30 23 34 28
474 22 75 36 32 34 68 18 30 27 19 34 28
475 22 1 24 38 18 1 20 23 23 11 33 28
476 22 103 26 27 26 1 22 24 20 27 34 28
477 22 133 30 20 23 24 24 42 23 30 34 28
478 22 124 37 25 30 54 24 17 27 21 34 28
479 22 107 18 27 26 17 24 27 29 16 34 28
480 22 155 37 32 27 24 29 34 28 29 34 28
481 22 138 29 19 28 11 26 29 26 36 34 28
482 22 110 26 24 33 1 25 18 27 1 34 28
483 22 124 26 22 29 60 22 26 20 19 34 28
484 22 129 34 33 35 1 19 21 24 14 34 28
485 22 55 27 31 28 1 21 30 26 28 34 28
486 22 133 41 32 39 19 25 37 25 19 34 28
487 22 26 21 17 32 26 23 23 31 3 34 28
488 22 238 13 22 14 1 21 35 23 23 34 28
489 22 166 29 31 26 40 20 26 29 12 34 28
490 22 191 21 23 25 41 27 33 30 25 34 28
491 22 110 23 19 27 53 21 26 22 15 34 28
492 22 56 31 38 29 1 25 36 29 18 34 28
493 22 148 37 24 35 95 27 22 25 20 34 28
494 22 38 19 16 29 25 23 27 23 6 34 28
495 22 107 35 36 25 24 21 34 30 27 34 28
496 22 197 25 18 28 24 21 29 22 26 34 28
497 22 140 50 30 31 46 22 33 28 32 35 28
498 22 65 21 30 10 28 22 29 24 23 34 28
499 22 57 29 34 25 15 23 29 27 30 34 28
500 22 164 37 43 24 33 22 30 25 32 35 28
501 22 91 32 23 28 30 21 29 26 23 34 28
502 22 211 7 1 39 1 20 28 30 8 34 28
503 22 143 34 17 39 1 17 37 31 14 34 28
504 22 234 39 26 33 1 30 28 24 21 34 28
505 22 66 51 45 29 1 24 32 21 36 35 28
506 22 78 36 38 34 36 28 27 32 23 34 28
507 22 125 34 19 35 53 18 153 23 19 34 28
508 22 113 41 21 34 26 26 26 22 22 34 28
509 22 92 26 15 38 1 25 25 27 19 34 28
510 22 92 29 37 21 17 24 33 28 32 35 28
511 22 97 26 12 44 47 22 21 29 3 34 28
512 22 231 30 26 35 19 21 24 28 166 34 28
513 22 161 30 19 26 1 23 29 37 30 34 28
514 22 81 45 32 29 57 23 23 30 31 34 28
515 22 129 39 2 42 1 26 30 24 30 34 28
516 22 144 30 19 29 17 28 23 27 22 34 28
517 22 156 30 15 37 1 20 26 28 14 34 28
518 22 76 28 28 29 1 24 20 26 25 34 28
519 22 62 24 35 26 60 28 24 28 21 34 28
520 22 152 36 28 33 1 22 28 30 17 34 28
521 22 48 25 37 23 38 25 29 34 15 34 28
522 22 76 37 28 27 41 23 26 29 32 34 28
523 22 1 16 36 25 11 26 25 18 4 34 28
524 22 183 29 22 26 34 22 28 25 28 34 28
525 22 45 38 41 27 115 27 26 32 26 34 28
526 22 108 36 28 29 37 23 29 28 31 35 28
527 22 53 27 36 25 32 24 30 28 22 34 28
528 22 134 30 11 37 24 26 31 27 5 34 28
529 22 77 30 34 24 1 25 25 28 25 34 28
530 22 76 30 20 29 65 24 27 23 6 34 28
531 22 125 46 26 39 56 23 33 33 15 34 28
532 22 50 29 34 22 76 22 35 29 25 34 28
533 22 91 30 20 35 20 24 25 30 20 34 28
534 22 103 36 24 30 1 29 26 28 22 34 28
535 22 76 36 40 29 1 29 30 32 35 34 28
536 22 220 31 32 26 1 29 30 28 23 34 28
537 22 31 37 32 33 64 22 29 18 77 34 28
538 22 218 33 18 35 24 25 29 37 22 34 28
539 22 96 39 23 41 4 23 19 27 66 34 28
540 22 131 22 26 26 50 24 28 29 19 34 28
541 22 108 18 19 28 1 18 28 25 3 34 28
542 22 165 19 24 25 35 26 30 17 20 34 28
543 22 135 25 20 25 1 25 20 24 8 34 28
544 22 304 31 31 28 72 29 34 17 15 34 28
545 22 115 24 35 21 1 22 32 29 33 34 28
546 22 117 33 22 28 63 16 24 31 26 34 28
547 22 1 18 24 27 73 28 28 32 1 34 28
548 22 83 24 15 32 60 27 34 23 9 34 28
549 22 157 226 37 30 48 22 13 20 19 34 28
550 22 302 41 16 39 85 28 16 23 5 34 28
551 22 20 29 28 31 69 21 22 29 9 34 28
552 22 146 47 35 34 1 17 28 41 30 34 28
553 22 99 33 44 26 1 24 34 30 89 34 28
554 22 1002 42 42 31 9 26 27 34 28 34 28
555 22 92 25 26 32 36 25 44 32 77 34 28
556 22 66 37 30 19 40 24 20 28 38 35 28
557 22 121 14 23 21 2 30 36 23 18 34 28
558 22 139 33 15 30 25 25 26 15 19 34 28
559 22 97 30 28 40 1 23 33 32 48 34 28
560 22 144 39 24 36 68 20 31 31 15 34 28
561 22 78 36 29 28 1 31 28 29 33 35 28
562 22 97 17 136 30 32 22 20 30 3 34 28
563 22 1 14 31 20 1 24 1 26 13 34 28
564 22 55 15 7 29 56 27 19 32 1 34 28
565 22 60 39 26 33 90 21 37 34 26 34 28
566 22 132 29 20 32 1 20 25 27 24 34 28
567 22 1 25 27 39 42 24 20 19 2 34 28
568 22 154 12 25 24 60 22 22 28 6 34 28
569 22 169 40 16 42 70 20 29 32 91 35 28
570 22 109 36 21 34 58 22 27 32 75 34 28
571 23 45 24 33 30 1 23 20 30 19 34 29
572 22 124 47 32 32 121 23 22 25 23 34 28
573 22 89 33 37 25 55 25 31 24 29 35 28
574 22 91 45 30 28 42 26 46 21 30 34 28
575 22 73 33 36 23 24 24 29 29 31 35 28
576 22 176 44 25 38 105 25 20 29 20 34 28
577 22 150 27 20 29 1 23 20 15 63 34 28
578 22 37 25 35 22 1 25 20 25 17 34 28
579 22 91 42 32 31 8 26 28 22 31 35 28
580 22 88 23 30 24 1 21 29 31 27 34 28
581 22 114 25 26 23 1 21 34 25 39 34 28
582 22 75 23 24 24 38 23 17 28 17 34 28
583 22 265 38 25 35 11 23 29 24 20 34 28
584 22 155 25 25 29 41 24 30 24 16 34 28
585 22 233 22 28 23 1 19 27 27 32 34 28
586 22 359 45 30 35 28 24 27 26 27 34 28
587 22 88 30 32 31 37 21 27 25 14 34 28
588 22 119 30 13 30 1 18 45 19 24 34 28
589 22 271 25 24 22 29 27 25 22 10 34 28
590 22 155 34 30 32 1 15 23 23 14 34 28
591 22 65 41 31 32 50 25 26 31 4 34 28
592 22 129 38 22 34 1 22 25 31 25 34 28
593 23 282 27 34 22 9 25 33 21 29 35 28
594 22 181 29 31 23 25 24 32 24 30 34 28
595 22 181 35 26 31 39 22 27 26 8 34 28
596 22 1 6 23 33 1 22 2 36 6 34 28
597 22 94 30 20 44 2 26 35 24 14 34 28
598 22 163 34 13 40 52 22 27 28 1 34 28
599 22 124 36 22 36 59 19 23 24 21 34 28
600 22 116 48 25 39 44 27 15 19 29 34 28
601 22 156 27 16 38 1 24 26 20 70 35 28
602 22 45 32 41 32 1 27 12 23 17 34 28
603 22 146 33 18 31 1 21 22 32 29 34 28
604 22 125 38 20 35 23 25 19 24 12 34 28
605 22 338 30 25 28 8 26 32 22 92 34 28
606 22 68 27 22 34 35 23 20 28 10 34 28
607 22 117 34 21 37 1 23 25 27 22 34 28
608 22 79 35 17 41 91 21 22 32 2 34 28
609 22 81 14 12 14 1 24 29 24 20 34 28
610 22 80 31 33 28 12 24 31 33 34 35 28
611 22 95 36 31 23 79 28 32 18 36 35 28
612 22 86 23 15 30 56 21 30 28 4 34 28
613 22 82 53 50 29 1 26 39 33 44 35 28
614 22 61 20 18 26 10 21 23 34 23 34 28
615 22 56 33 30 36 1 21 28 29 27 34 28
616 22 111 35 15 34 1 27 20 32 28 34 28
617 22 323 45 34 34 28 25 38 32 30 35 28
618 22 162 43 33 34 54 19 27 22 33 35 28
619 22 142 30 19 26 36 26 30 28 27 34 28
620 22 96 30 32 30 1 27 37 34 134 35 28
621 22 100 35 26 40 75 21 28 23 5 34 28
622 22 109 22 9 41 1 25 29 31 8 34 28
623 22 84 21 33 18 6 24 26 28 37 35 28
624 22 133 28 19 32 1 23 28 24 28 34 28
625 22 100 37 34 36 59 23 39 28 16 34 28
626 22 158 30 15 34 17 21 21 24 24 34 28
627 22 266 29 15 30 28 18 20 30 99 35 28
628 22 77 35 35 24 23 26 22 29 33 34 28
629 22 276 22 18 28 20 23 28 32 1 34 28
630 22 132 18 27 17 7 24 31 30 34 35 28
631 22 113 48 23 37 94 22 25 25 17 34 28
632 22 267 25 2 35 1 27 48 22 24 34 28
633 22 127 44 29 32 48 30 18 22 21 34 28
634 22 144 28 17 29 4 26 26 19 24 34 28
635 22 211 27 27 31 36 22 23 26 3 34 28
636 22 96 18 24 30 71 20 22 25 11 35 29
637 22 151 48 21 38 8 25 32 27 65 35 28
638 22 162 35 27 28 1 23 32 27 22 34 28
639 22 140 35 22 29 102 27 28 22 79 35 28
640 22 127 28 10 28 8 22 29 25 82 34 28
641 22 58 23 24 22 33 30 20 31 18 34 28
642 22 23 17 25 25 42 21 37 21 10 34 28
643 22 115 31 21 26 13 27 19 28 26 34 28
644 22 73 36 30 28 33 22 30 24 17 34 28
645 22 115 29 21 31 12 22 29 29 22 34 28
646 22 64 24 17 33 55 20 23 29 11 34 28
647 22 124 37 29 35 105 22 26 27 19 34 28
648 22 168 39 37 29 51 20 27 26 33 35 28
649 22 89 21 24 30 10 22 26 25 16 34 28
650 22 117 33 14 39 1 21 27 29 58 35 28
651 22 96 48 37 30 16 22 31 28 35 35 28
652 22 144 39 24 34 1 20 23 29 30 34 28
653 22 1 28 52 20 52 25 30 30 24 34 28
654 22 107 28 34 27 74 29 25 29 6 34 28
655 22 129 39 41 37 10 20 29 30 12 34 28
656 22 159 36 35 30 64 21 38 22 20 34 28
657 22 73 32 34 30 1 24 31 32 25 34 28
658 22 78 17 38 18 9 25 31 30 26 34 28
659 22 65 22 18 33 1 16 24 23 1 34 28
660 22 168 40 13 43 17 23 23 30 1 34 28
661 22 55 35 42 25 70 24 17 23 23 34 28
662 22 171 22 28 22 49 25 32 26 83 35 28
663 22 170 32 9 39 55 24 28 22 2 34 28
664 22 166 38 18 26 60 24 25 27 28 34 28
665 22 108 33 38 27 60 24 32 29 30 35 28
666 22 1 24 35 23 56 21 26 29 15 34 28
667 22 64 42 46 24 11 21 31 28 31 35 28
668 22 72 31 21 30 20 30 39 29 21 34 28
669 22 434 47 16 37 45 25 24 30 31 35 28
670 23 106 37 24 31 9 21 26 30 27 34 28
671 22 153 32 19 37 42 21 21 24 99 35 28
672 22 156 39 27 32 119 23 28 31 21 34 28
673 22 130 35 37 25 1 20 33 30 31 35 28
674 22 49 29 45 23 35 26 32 36 31 34 28
675 22 171 36 11 40 1 20 26 33 8 34 28
676 22 82 19 20 15 5 26 34 28 38 35 28
677 22 30 9 19 33 1 22 25 22 54 34 28
678 22 127 35 9 38 17 15 18 31 23 34 28
679 22 79 44 27 35 33 18 24 22 3 34 28
680 23 132 54 32 38 52 22 40 20 37 35 29
681 22 238 28 32 28 1 26 32 32 31 34 28
682 22 137 42 24 38 55 27 1 23 16 34 28
683 22 130 16 10 27 1 23 23 22 1 34 28
684 22 175 36 25 25 70 27 35 27 40 34 28
685 22 174 29 29 17 50 25 30 31 34 34 28
686 22 53 18 30 21 40 18 1 23 11 34 28
687 22 78 32 26 26 27 22 22 23 19 34 28
688 22 136 51 29 38 84 28 28 21 26 34 28
689 22 188 44 11 39 55 20 28 33 21 34 28
690 22 2 25 47 20 24 22 24 29 15 34 28
691 22 56 36 18 39 1 26 21 34 1 34 28
692 22 77 39 37 25 51 24 28 31 33 35 28
693 22 66 19 31 17 12 22 29 19 25 34 28
694 22 160 42 35 33 47 23 30 28 31 35 28
695 22 263 20 11 33 1 21 24 28 9 34 28
696 22 105 36 37 35 38 23 29 26 16 34 28
697 22 111 26 10 37 1 22 23 32 20 34 28
698 22 56 27 41 24 1 20 23 21 24 34 28
699 22 227 33 9 41 32 22 23 26 1 34 28
700 22 135 30 36 23 22 23 29 16 35 35 28
701 22 210 34 29 30 1 27 35 26 37 34 28
702 22 138 31 24 24 51 18 23 22 10 34 28
703 22 131 36 26 29 1 26 40 30 28 34 28
704 22 116 31 29 31 1 21 32 28 29 34 28
705 22 98 28 15 28 65 23 18 31 18 34 28
706 22 126 44 24 33 79 17 26 29 28 34 28
707 22 161 19 16 29 1 21 29 20 18 34 28
708 22 27 24 29 34 114 27 19 29 59 34 28
709 22 205 40 21 30 1 20 29 26 25 35 29
710 22 59 12 24 28 4 24 30 23 15 34 28
711 22 68 34 18 34 1 22 25 29 29 34 28
712 22 185 39 33 32 81 20 34 35 23 34 28
713 22 136 39 28 29 1 20 22 29 16 34 28
714 22 80 21 31 23 40 22 27 28 94 35 28
715 22 207 20 8 39 1 25 23 44 1 34 28
716 22 190 32 24 34 77 28 30 34 24 34 28
717 22 91 32 17 36 12 23 26 42 25 34 28
718 22 110 44 12 43 52 26 37 27 25 34 28
719 22 134 30 25 31 8 21 29 28 16 34 28
720 22 126 37 33 28 51 19 27 20 16 34 28
721 22 188 19 36 30 1 27 21 27 13 34 28
722 22 101 52 22 46 73 20 39 27 22 34 28
723 22 65 26 30 23 1 30 33 27 37 34 28
724 22 122 29 32 22 6 24 28 26 68 35 28
725 22 187 31 29 18 26 25 23 28 31 34 28
726 22 250 39 25 34 88 28 20 28 9 34 28
727 22 1 11 21 24 43 24 21 24 10 34 28
728 22 95 43 31 30 75 25 30 32 26 34 28
729 22 116 29 33 31 1 27 30 24 17 34 28
730 22 63 1 18 27 5 22 33 28 19 34 28
731 22 165 25 30 26 41 27 24 26 12 34 28
732 22 117 33 20 40 8 19 30 29 16 34 28
733 22 117 29 6 40 1 23 23 26 24 34 28
734 22 120 25 31 25 75 21 21 26 14 34 28
735 22 68 31 29 27 1 22 22 33 19 34 28
736 22 82 40 42 25 56 24 29 22 42 35 28
737 22 77 29 24 38 1 23 38 33 109 34 28
738 22 67 28 29 15 17 25 31 28 16 34 28
739 22 101 23 24 24 1 24 31 22 19 34 28
740 22 153 34 31 29 31 26 20 27 13 34 28
741 22 88 39 23 43 64 20 27 27 1 34 28
742 22 75 5 23 23 1 28 14 31 52 34 28
743 22 179 34 33 22 21 22 26 26 23 34 28
744 22 29 20 37 28 70 24 28 30 11 34 28
745 22 160 45 20 33 24 23 28 30 24 34 28
746 22 74 24 21 27 26 23 20 21 14 34 28
747 22 53 15 31 31 1 28 26 29 18 34 28
748 22 387 16 34 14 26 24 25 26 20 34 28
749 22 1 30 37 30 1 22 25 35 15 34 28
750 22 80 25 19 24 33 25 19 22 10 34 28
751 22 152 44 33 28 61 25 26 30 33 35 28
752 22 66 32 19 39 38 24 25 29 6 34 28
753 22 260 38 34 27 21 25 30 24 28 34 28
754 22 52 23 23 29 31 21 29 30 18 34 28
755 22 88 32 39 20 61 28 30 30 38 35 28
756 22 100 38 37 26 38 26 30 19 36 35 28
757 22 340 35 34 24 26 22 41 20 30 35 28
758 22 105 25 11 34 65 28 22 31 4 34 28
759 22 93 28 35 22 1 22 38 23 31 34 28
760 22 205 30 19 39 28 27 25 32 5 34 28
761 22 184 15 15 27 16 23 23 23 7 34 28
762 22 1 41 55 28 102 29 24 31 24 34 28
763 22 99 32 37 28 1 25 34 21 34 35 28
764 22 195 22 13 30 22 23 23 28 133 34 28
765 22 49 30 31 22 66 27 20 30 29 34 28
766 22 5 7 32 23 1 18 24 24 13 34 28
767 22 98 38 19 32 40 25 41 18 22 34 28
768 22 55 19 21 25 34 25 24 23 12 34 28
769 22 70 23 11 31 19 23 36 25 3 34 28
770 22 60 37 20 35 34 19 19 27 31 34 28
771 22 310 10 11 39 5 24 34 26 9 34 28
772 22 164 24 31 24 37 21 35 31 31 34 28
773 22 169 48 31 25 12 26 17 32 36 34 28
774 22 81 38 22 41 1 21 30 35 23 34 28
775 22 22 36 38 40 1 23 39 25 7 34 28
776 22 139 35 29 31 65 24 35 30 20 34 28
777 22 192 34 26 34 48 25 34 27 15 34 28
778 22 245 38 39 30 14 23 37 28 29 34 28
779 22 55 22 34 20 45 22 37 26 32 35 28
780 22 91 36 32 32 26 24 31 32 21 34 28
781 22 162 26 33 18 13 28 28 25 24 34 28
782 22 117 24 12 34 18 23 27 28 4 34 28
783 22 138 16 23 29 1 27 27 25 12 34 28
784 22 109 31 16 35 43 19 18 25 4 34 28
785 22 51 27 31 27 59 16 15 26 16 34 28
786 22 114 23 17 39 1 18 31 26 9 34 28
787 23 208 24 14 33 1 28 27 25 13 34 28
788 22 174 35 21 40 22 26 34 26 14 34 28
789 22 128 50 20 44 30 23 27 25 29 35 28
790 22 12 22 42 29 1 25 28 30 18 34 28
791 22 96 36 31 33 1 20 28 30 17 34 28
792 22 119 29 37 21 22 22 30 29 33 34 28
793 22 121 39 29 31 63 23 17 34 139 34 28
794 22 134 54 26 42 1 20 27 34 34 34 28
795 22 88 22 35 23 1 27 26 35 14 34 28
796 22 136 46 23 37 97 21 23 27 14 34 28
797 22 338 48 21 32 1 22 21 24 26 34 28
798 22 68 39 29 39 1 23 26 28 15 34 28
799 22 128 35 19 35 4 19 19 32 25 34 28
800 22 115 51 29 41 1 28 1 43 24 34 28
801 22 145 29 10 33 37 19 23 28 18 34 28
802 22 1 21 41 19 63 17 28 26 10 34 28
803 22 203 39 23 32 85 19 21 19 22 34 28
804 22 210 27 23 30 25 21 31 29 10 34 28
805 22 162 49 30 29 104 26 42 28 35 35 28
806 22 317 26 19 36 101 22 33 22 11 34 28
807 22 122 28 36 34 1 26 1 26 10 34 28
808 22 1 32 46 27 82 20 31 31 13 34 28
809 22 152 43 21 36 1 19 30 24 17 34 28
810 22 46 20 25 32 1 21 25 20 16 34 28
811 22 135 29 13 38 93 25 25 27 10 34 28
812 22 89 30 10 35 1 29 16 29 31 34 28
813 22 81 19 35 23 1 28 24 22 23 34 28
814 22 168 36 19 32 6 21 28 33 17 34 28
815 22 1 22 41 23 58 26 30 27 12 34 28
816 22 208 24 10 28 2 21 32 23 21 34 28
817 22 72 32 36 28 1 23 26 21 31 35 28
818 22 244 27 31 23 1 27 34 32 30 34 28
819 22 135 23 17 32 1 28 28 29 10 34 28
820 22 68 24 24 29 57 21 32 34 14 34 28
821 22 567 25 33 32 63 26 30 28 15 34 28
822 22 1383 54 28 35 88 22 37 34 41 35 28
823 22 77 24 32 21 33 25 34 28 23 34 28
824 22 111 21 28 26 37 25 27 26 21 34 28
825 22 54 29 35 34 1 25 18 25 13 34 28
826 22 111 47 31 41 24 23 26 28 16 34 28
827 22 135 50 27 31 99 21 28 31 35 35 28
828 22 140 21 28 24 1 24 36 21 28 34 28
829 22 210 25 17 33 40 21 24 34 16 34 28
830 22 368 35 26 32 39 20 28 29 24 34 28
831 22 89 32 28 25 3 25 15 21 15 34 28
832 22 40 9 21 21 3 27 21 21 14 34 28
833 22 191 46 35 30 47 24 31 18 22 34 28
834 22 82 25 39 22 1 26 36 33 23 34 28
835 22 89 29 19 27 48 21 30 23 19 34 28
836 22 102 34 40 25 26 22 28 22 24 34 28
837 22 77 40 30 22 81 20 27 21 29 34 28
838 22 9 26 30 20 8 28 25 19 10 34 28
839 22 140 38 18 25 17 24 25 20 70 34 28
840 22 70 32 22 34 1 20 34 31 32 34 28
841 22 128 16 27 22 8 26 32 25 19 34 28
842 22 125 36 37 33 88 19 28 36 22 34 28
843 22 29 23 37 26 1 27 27 28 12 34 28
844 22 84 23 14 35 8 18 23 29 43 34 28
845 22 234 43 25 40 76 20 32 30 26 34 28
846 22 143 12 28 27 19 19 22 23 16 34 28
847 22 164 20 5 29 14 23 23 24 12 34 28
848 22 78 32 19 33 62 27 29 33 17 34 28
849 22 40 29 35 34 16 24 27 27 8 34 28
850 22 121 21 27 27 77 20 36 19 71 34 28
851 22 89 18 29 21 1 19 28 31 29 34 28
852 22 374 35 20 33 1 21 21 19 25 34 28
853 22 365 24 36 20 48 20 33 34 36 34 28
854 21 1 1 26 17 7 24 24 19 1 33 27
855 22 144 27 33 20 8 26 35 27 28 34 28
856 22 83 31 20 28 60 26 30 28 13 34 28
857 22 87 26 25 23 47 25 29 26 30 34 28
858 22 245 30 7 31 1 23 25 31 27 34 28
859 22 78 36 35 24 1 21 27 32 31 34 28
860 22 127 30 37 22 17 27 36 22 18 34 28
861 22 143 32 37 19 25 27 25 30 37 34 28
862 22 81 22 26 28 63 27 37 29 65 34 28
863 22 73 38 29 37 87 19 32 33 23 34 28
864 22 104 29 17 36 52 22 21 25 1 34 28
865 22 80 18 28 19 15 24 27 25 18 34 28
866 22 136 31 24 38 69 27 28 28 12 34 28
867 22 79 38 36 34 55 27 30 31 21 34 28
868 22 353 34 16 31 18 26 31 23 29 34 28
869 22 248 34 26 31 32 25 28 28 28 34 28
870 22 94 46 28 35 97 22 28 33 24 34 28
871 22 82 24 34 21 50 24 24 26 21 34 28
872 22 178 22 37 25 16 22 21 20 12 34 28
873 22 113 36 20 38 18 22 25 30 24 34 28
874 22 268 49 25 35 97 22 35 30 40 35 28
875 22 189 34 27 25 45 26 22 33 35 34 28
876 22 72 17 22 12 54 23 27 35 28 34 28
877 22 68 26 20 28 1 22 23 28 8 34 28
878 22 144 42 41 26 37 25 30 25 34 34 28
879 22 194 21 15 32 1 23 42 25 29 34 28
880 22 96 29 34 30 1 18 1 27 7 34 28
881 22 147 34 29 19 2 24 34 33 34 34 28
882 22 227 26 24 24 67 19 24 25 18 34 28
883 40 125 41 39 61 1 44 53 38 18 58 50
884 22 111 15 22 24 1 21 26 30 63 34 28
885 22 66 33 41 16 42 25 28 30 24 34 28
886 22 88 25 16 31 13 24 25 43 18 34 28
887 22 73 25 37 22 40 17 9 32 23 34 28
888 22 59 3 19 25 1 27 21 24 9 34 28
889 22 98 33 36 19 25 26 32 26 24 34 28
890 22 51 26 16 36 1 22 29 25 10 34 28
891 22 504 23 26 34 1 24 24 25 14 34 28
892 22 259 36 26 31 70 26 26 30 24 34 28
893 22 103 34 38 30 35 25 23 18 22 34 28
894 22 339 24 13 24 31 23 35 38 22 34 28
895 22 90 39 42 30 1 25 1 30 19 34 28
896 22 67 34 36 31 45 21 21 25 14 34 28
897 22 176 18 17 27 50 19 29 20 78 34 28
898 22 162 42 18 34 11 29 23 28 55 34 28
899 22 93 11 16 27 1 22 28 27 9 34 28
900 22 86 33 28 35 1 22 1 34 17 34 28
901 22 100 32 27 23 11 23 36 30 32 34 28
902 22 113 30 10 26 1 24 22 30 31 35 28
903 22 147 46 33 38 68 24 29 26 27 34 28
904 22 186 21 19 28 11 22 33 29 11 34 28
905 22 91 39 29 34 46 28 34 28 26 34 28
906 22 62 28 32 28 46 24 27 29 17 34 28
907 22 116 31 18 36 1 26 26 32 16 34 28
908 22 123 18 22 29 1 28 28 30 16 34 28
909 22 1 30 27 31 33 18 28 24 8 34 28
910 22 208 36 40 25 1 21 23 18 139 35 28
911 22 153 30 28 32 74 25 26 20 15 34 28
912 22 200 35 17 27 13 20 29 21 21 34 28
913 22 75 35 25 37 1 25 18 23 23 34 28
914 22 169 39 24 40 1 30 25 29 29 34 28
915 22 137 29 31 30 1 28 26 25 22 34 28
916 22 253 38 23 34 21 25 37 30 29 34 28
917 22 324 31 27 25 47 24 35 27 31 34 28
918 22 51 29 28 33 1 23 21 31 21 34 28
919 22 201 22 24 24 19 26 31 29 30 34 28
920 22 342 26 29 29 1 26 32 30 29 34 28
921 22 107 33 16 37 1 23 22 28 72 34 28
922 22 260 36 18 32 60 29 33 22 31 34 28
923 22 113 41 23 32 75 20 30 31 20 34 28
924 22 109 21 9 28 15 23 25 27 78 34 28
925 22 125 42 29 33 22 24 46 29 25 34 28
926 22 64 29 42 22 27 18 33 31 16 34 28
927 22 206 12 27 21 7 23 25 29 8 34 28
928 22 183 39 27 26 11 23 16 25 27 34 28
929 22 93 24 28 24 64 32 34 26 65 34 28
930 22 72 25 16 29 1 20 41 30 20 34 28
931 22 249 36 19 33 1 23 30 27 36 34 28
932 22 124 38 28 36 1 25 31 26 17 34 28
933 22 151 41 26 31 46 27 27 29 68 34 28
934 22 96 26 23 32 35 21 33 30 17 34 28
935 22 64 31 23 28 22 25 38 27 23 34 28
936 22 194 26 32 27 5 19 25 29 26 34 28
937 22 50 26 31 24 29 23 31 30 19 34 28
938 22 134 26 29 23 1 26 27 28 36 34 28
939 22 46 25 24 35 1 21 29 20 21 34 28
940 22 52 11 16 28 9 23 39 28 6 34 28
941 22 49 31 27 36 17 23 32 28 12 34 28
942 22 81 33 33 27 64 21 29 26 21 34 28
943 22 124 22 31 29 5 28 1 29 16 34 28
944 22 292 23 37 27 16 20 23 25 57 34 28
945 22 151 48 26 38 21 20 23 27 25 34 28
946 22 53 32 38 24 18 22 28 18 19 34 28
947 22 103 33 27 25 77 24 29 30 13 34 28
948 22 71 27 35 25 51 24 31 26 42 34 28
949 22 121 33 23 35 46 18 18 24 1 34 28
950 22 201 29 19 35 58 21 30 24 5 34 28
951 22 81 32 31 26 47 22 24 25 19 34 28
952 22 159 35 38 22 43 22 35 30 40 34 28
953 22 78 17 18 31 1 25 24 31 43 34 28
954 22 127 36 22 35 52 22 28 19 10 34 28
955 22 127 36 38 26 1 26 29 27 39 35 28
956 22 110 37 21 37 28 24 23 28 8 35 28
957 22 1 19 39 28 18 22 21 18 58 34 28
958 22 138 64 23 42 103 19 37 32 29 34 28
959 22 115 31 17 32 49 20 30 28 12 34 28
960 22 209 43 21 34 7 23 29 30 30 34 28
961 22 38 30 32 22 69 23 23 24 98 34 28
962 22 156 32 25 30 19 19 29 34 23 34 28
963 22 82 34 31 30 31 24 31 31 27 34 28
964 22 205 26 23 29 35 21 28 28 16 34 28
965 22 116 42 30 32 12 25 26 29 20 34 28
966 22 117 37 36 38 44 25 31 29 5 34 28
967 22 189 36 29 31 1 22 32 26 25 34 28
968 22 155 42 20 31 1 22 32 22 33 34 28
969 22 143 35 17 30 36 21 15 26 9 34 28
970 22 1 11 33 17 75 28 1 35 7 34 28
971 22 164 38 24 43 1 22 30 30 1 34 29
972 22 110 44 28 28 37 24 28 29 33 35 28
973 22 99 30 26 32 1 22 19 21 12 34 28
974 22 64 36 36 27 1 25 32 27 26 34 28
975 22 88 33 22 28 1 24 36 23 18 34 28
976 22 180 46 25 31 87 25 22 38 39 34 28
977 22 99 43 24 46 44 19 33 28 20 34 28
978 22 83 22 25 29 19 25 1 25 14 34 28
979 22 607 32 21 29 31 24 36 27 26 34 28
980 22 168 26 19 30 1 19 33 29 20 34 28
981 22 94 33 21 30 51 24 21 36 17 34 28
982 22 81 40 31 25 3 20 21 30 31 35 28
983 22 112 37 35 22 27 29 29 32 84 35 28
984 22 160 20 27 30 1 17 44 26 39 34 28
985 22 123 31 24 27 51 27 33 26 16 34 28
986 22 143 39 38 31 44 21 23 28 31 34 28
987 22 81 33 12 40 63 18 16 27 5 34 28
988 22 82 21 28 40 1 20 25 24 5 34 28
989 22 306 24 26 25 31 22 27 29 10 34 28
990 22 1 16 44 28 1 20 37 35 12 34 28
991 22 124 45 37 34 52 21 23 28 23 34 28
992 22 1 10 34 27 27 23 40 29 21 34 28
993 22 182 46 26 36 70 20 14 28 13 34 28
994 22 59 23 27 33 1 26 31 27 10 34 28
995 22 83 29 29 35 18 21 18 40 13 34 28
996 22 209 44 35 33 97 22 23 30 21 35 29
997 22 122 11 17 26 1 21 24 32 29 34 28
998 22 116 24 22 32 33 25 23 27 52 34 28
999 22 163 48 41 30 87 25 19 32 32 35 28
1000 22 67 21 21 28 4 23 22 25 4 34 28
1001 22 88 40 19 43 23 21 30 26 10 34 28
1002 22 201 30 28 27 73 20 27 27 2 34 28
1003 22 41 33 20 38 107 27 18 29 2 34 28
1004 22 152 25 27 32 1 23 26 21 24 34 28
1005 22 162 35 28 34 25 23 20 29 24 34 28
1006 22 71 38 37 28 76 30 41 23 21 34 28
1007 22 73 40 34 27 67 22 1 34 23 34 28
1008 22 1 10 19 25 2 22 22 20 1 34 28
1009 22 118 33 15 35 34 22 13 20 70 34 28
1010 22 201 33 25 29 55 19 24 29 22 34 28
1011 21 1 33 42 35 17 19 27 26 5 34 28
1012 22 133 28 18 40 11 20 36 23 1 34 28
1013 22 102 44 36 27 26 24 41 28 88 35 28
1014 22 106 24 21 28 3 20 29 21 22 34 28
1015 22 97 38 28 33 113 27 28 33 14 34 28
1016 22 168 28 13 36 1 25 38 28 25 34 28
1017 22 148 35 24 37 1 22 5 25 10 34 28
1018 22 1 14 29 26 42 20 12 32 8 34 28
1019 22 198 39 19 34 17 25 22 27 23 34 28
1020 22 117 16 8 35 17 24 30 33 42 34 28
1021 22 41 6 21 16 1 24 28 21 22 34 28
1022 22 113 32 35 27 7 22 35 26 27 34 28
1023 22 89 24 23 31 25 28 12 31 76 34 28
1024 22 141 45 29 33 31 21 25 21 17 34 28
1025 22 84 23 14 29 1 25 30 31 21 34 28
1026 22 74 28 32 29 99 42 58 33 19 34 28
1027 22 20 19 28 29 23 18 21 21 1 34 28
1028 22 220 34 7 31 7 21 27 29 22 34 28
1029 22 143 30 28 27 60 25 38 27 29 34 28
1030 22 63 28 20 38 1 25 30 25 15 34 28
1031 22 518 34 36 35 1 21 26 27 16 34 28
1032 22 200 35 31 26 52 22 20 23 19 34 28
1033 22 92 31 18 32 27 24 26 26 1 34 28
1034 22 111 41 25 42 126 23 32 25 12 34 28
1035 22 183 43 37 30 53 21 34 31 28 34 28
1036 22 88 31 34 28 55 23 31 28 63 35 28
1037 22 163 34 33 30 1 21 42 31 38 35 28
1038 22 154 38 12 39 1 23 13 20 24 34 28
1039 22 99 32 22 33 60 25 31 32 41 34 28
1040 22 99 37 37 26 42 25 38 31 32 34 28
1041 22 117 35 36 19 37 25 33 32 37 34 28
1042 22 125 31 21 36 1 22 24 22 13 34 28
1043 22 74 29 19 32 125 26 36 27 9 34 28
1044 22 80 27 18 39 67 25 19 30 6 34 28
1045 22 102 18 16 34 14 21 16 25 1 34 28
1046 22 106 32 27 25 7 22 30 32 37 35 28
1047 22 106 19 24 28 28 25 30 36 62 34 28
1048 22 882 34 24 19 32 22 38 20 23 34 28
1049 22 475 36 26 33 36 21 30 32 29 34 28
1050 22 97 32 31 28 50 20 22 26 10 34 28
1051 22 127 29 37 27 20 19 25 32 13 34 28
1052 22 196 18 24 24 15 24 31 29 28 34 28
1053 22 271 21 27 31 1 23 28 25 12 34 28
1054 22 108 29 27 31 1 19 32 26 19 34 28
1055 22 110 20 30 21 1 26 31 28 30 34 28
1056 22 81 34 23 34 1 30 19 27 24 34 28
1057 22 113 20 11 30 46 15 25 28 21 34 28
1058 22 213 17 37 23 62 28 19 26 19 34 28
1059 22 138 46 15 39 49 20 29 27 62 35 28
1060 22 118 48 24 43 46 25 32 34 30 34 28
1061 22 200 25 15 33 14 20 28 30 109 34 28
1062 22 741 16 25 24 8 26 29 29 21 34 28
1063 22 100 29 24 27 21 21 31 23 18 34 28
1064 22 76 29 23 39 33 20 25 35 15 34 28
1065 22 86 32 26 28 1 24 32 30 30 34 28
1066 22 41 34 52 28 44 21 31 24 17 34 28
1067 22 102 36 36 37 33 19 28 29 13 34 28
1068 22 144 31 17 34 1 17 43 22 67 34 28
1069 22 150 30 25 27 17 26 27 27 33 35 28
1070 22 98 23 17 36 1 23 32 25 6 34 28
1071 22 128 22 13 29 12 21 20 27 5 34 28
1072 22 70 28 22 29 26 24 24 32 10 34 28
1073 22 104 44 32 24 31 21 18 32 29 34 28
1074 22 63 32 37 30 74 25 24 32 23 34 28
1075 22 140 46 20 34 54 28 38 37 26 34 28
1076 22 49 22 38 30 1 20 21 39 11 34 28
1077 22 60 31 28 31 70 22 34 32 22 34 28
1078 22 61 33 38 23 7 23 27 24 27 34 28
1079 22 83 33 28 32 12 22 33 29 19 34 28
1080 22 13 21 33 25 9 27 30 29 73 34 28
1081 22 246 26 25 24 69 23 19 37 23 34 28
1082 22 1 1 28 24 1 21 28 25 6 34 28
1083 22 205 22 24 32 1 25 21 28 9 34 28
1084 22 90 37 34 25 65 31 30 31 30 34 28
1085 22 110 50 34 39 16 26 16 23 7 34 28
1086 22 186 48 33 32 33 25 21 36 27 34 28
1087 22 70 33 25 32 22 23 25 24 12 34 28
1088 22 195 41 29 25 52 23 28 29 28 34 28
1089 22 57 30 22 33 44 19 24 23 6 34 28
1090 22 64 31 24 35 46 27 20 26 6 34 28
1091 22 265 27 30 22 6 21 32 31 95 34 28
1092 22 157 23 22 16 1 26 21 20 22 34 28
1093 22 117 30 21 30 19 26 19 11 21 34 28
1094 22 1 14 31 25 38 16 21 23 7 34 28
1095 22 141 35 26 35 68 24 26 28 14 34 28
1096 22 86 36 26 35 123 26 23 33 5 34 28
1097 22 146 26 8 38 5 23 26 35 12 34 28
1098 22 110 16 21 21 51 28 20 28 15 34 28
1099 22 113 44 21 35 41 22 29 33 28 34 28
1100 22 55 29 39 31 1 22 1 32 15 34 28
1101 22 235 13 29 16 33 22 28 22 18 34 28
1102 22 123 36 44 27 66 21 29 26 34 35 28
1103 22 137 40 40 21 50 25 36 25 37 35 28
1104 22 68 26 20 32 1 23 24 32 13 34 28
1105 22 112 36 26 32 33 18 21 29 17 34 28
1106 22 87 44 25 34 96 24 31 29 29 34 28
1107 22 141 16 21 24 4 23 24 34 61 34 28
1108 22 239 31 19 24 55 29 32 35 37 35 28
1109 22 94 13 22 37 1 27 22 25 1 34 28
1110 22 1 13 29 25 1 25 27 30 43 34 28
1111 22 65 31 27 33 15 20 27 27 10 34 28
1112 22 143 33 35 34 1 24 38 28 30 34 28
1113 22 72 50 37 28 68 23 21 26 42 35 28
1114 22 134 46 29 36 34 20 25 26 16 34 28
1115 22 117 16 18 24 1 25 26 24 30 34 28
1116 22 1 18 34 25 19 20 15 17 1 34 28
1117 22 42 23 25 36 54 26 28 28 14 34 28
1118 22 246 19 21 19 45 23 29 20 26 34 28
1119 22 46 31 30 37 5 23 27 32 19 34 28
1120 22 78 17 24 18 1 21 28 33 30 34 28
1121 22 324 19 20 30 33 28 33 21 18 34 28
1122 22 106 27 32 22 1 28 34 20 34 34 28
1123 22 78 23 25 31 63 19 3 30 16 34 28
1124 22 66 34 22 40 49 23 31 28 23 34 28
1125 22 152 22 28 16 26 25 1 27 18 34 28
1126 22 49 29 34 26 1 29 27 28 23 34 28
1127 22 105 23 34 21 35 21 30 23 32 34 28
1128 22 98 42 32 33 60 22 32 30 25 34 28
1129 22 86 31 30 27 14 22 20 31 24 34 28
1130 22 118 42 30 42 48 26 19 25 19 34 28
1131 22 150 27 21 24 56 26 29 23 27 34 28
1132 22 140 21 35 21 1 23 31 34 33 34 28
1133 22 132 29 28 22 15 19 30 27 30 34 28
1134 22 80 40 28 39 16 21 37 30 23 34 28
1135 22 89 40 42 34 39 21 27 31 79 35 28
1136 22 124 19 28 17 38 24 41 28 26 34 28
1137 22 62 12 19 10 7 21 33 19 26 34 28
1138 22 242 14 14 20 19 25 33 21 24 34 28
1139 22 100 40 23 30 39 22 18 26 22 34 28
1140 22 88 32 36 37 1 28 28 28 8 34 28
1141 22 127 32 31 26 1 23 28 23 68 35 28
1142 22 258 40 32 36 35 25 31 26 17 34 28
1143 22 143 45 24 40 67 24 22 28 18 34 28
1144 22 202 21 23 29 1 20 25 18 24 34 28
1145 22 83 30 37 33 1 20 22 31 9 34 28
1146 22 156 32 18 32 47 25 29 35 16 34 28
1147 22 170 32 30 19 9 24 23 25 14 34 28
1148 22 131 40 33 30 25 26 29 31 17 34 28
1149 22 177 26 31 24 42 19 29 16 24 34 28
1150 22 115 25 22 24 1 27 32 25 25 34 28
1151 22 113 19 30 12 1 15 24 26 56 34 28
1152 22 103 41 24 29 1 19 30 27 28 34 28
1153 22 188 13 21 28 12 23 34 19 10 34 28
1154 22 112 29 21 26 20 26 20 28 28 34 28
1155 22 140 26 32 22 23 21 28 25 78 34 28
1156 22 92 46 28 32 109 26 21 25 24 34 28
1157 22 74 22 36 15 7 26 26 20 31 35 28
1158 22 267 32 26 34 1 20 25 41 25 34 28
1159 22 73 20 35 21 1 21 40 31 21 34 28
1160 22 1 17 25 24 50 25 21 31 8 34 28
1161 22 222 40 21 32 1 22 25 32 24 34 28
1162 22 257 38 39 23 36 26 26 29 32 34 28
1163 22 60 23 18 32 93 21 26 31 13 34 28
1164 22 157 42 24 39 44 23 24 29 18 34 28
1165 22 79 38 39 21 57 26 37 27 34 35 28
1166 22 167 31 27 20 18 20 25 31 30 34 28
1167 22 78 28 29 36 37 23 33 103 14 34 28
1168 22 79 38 37 26 62 23 24 31 18 34 28
1169 22 82 27 14 35 1 21 26 26 17 34 28
1170 22 88 25 23 27 73 24 26 26 68 35 28
1171 22 131 43 32 37 1 25 24 32 22 34 28
1172 22 133 27 19 36 26 26 32 18 13 34 28
1173 22 215 19 28 19 16 23 26 20 21 34 28
1174 22 175 21 29 26 1 23 36 24 27 34 28
1175 22 158 55 43 31 84 25 4 33 29 35 28
1176 22 149 38 29 26 64 25 21 30 19 34 28
1177 22 159 52 25 33 61 22 31 24 76 35 28
1178 22 279 23 23 31 1 20 26 29 9 34 28
1179 22 117 38 31 26 1 23 26 35 25 34 28
1180 22 73 23 25 28 38 24 23 34 23 34 28
1181 22 84 24 15 29 52 23 29 31 18 34 28
1182 22 76 37 38 32 1 20 23 22 26 34 28
1183 22 63 18 45 21 12 21 25 20 26 34 28
1184 22 106 32 29 36 1 25 35 22 11 34 28
1185 22 82 27 21 38 1 24 29 28 9 34 28
1186 22 205 38 20 32 79 34 28 27 14 34 28
1187 22 120 40 14 41 1 27 23 31 36 34 28
1188 22 73 40 17 40 36 24 21 29 11 34 28
1189 22 118 33 13 40 1 23 23 32 42 35 28
1190 22 83 45 38 32 1 23 35 27 31 34 28
1191 22 104 25 16 32 36 25 26 32 27 34 28
1192 22 108 18 13 32 2 23 22 31 8 34 28
1193 22 118 28 27 33 1 23 30 24 21 34 28
1194 22 85 20 28 24 1 18 27 22 28 34 28
1195 22 91 21 31 19 29 27 22 27 26 34 28
1196 22 183 57 44 42 2 17 26 31 27 34 28
1197 22 117 33 18 32 47 26 26 26 13 34 28
1198 22 1 22 28 29 1 20 24 19 10 34 28
1199 22 73 34 39 23 48 27 24 29 23 34 28
1200 22 1 15 32 32 4 27 20 26 74 34 28
1201 22 1 36 33 31 112 30 32 24 13 34 28
1202 22 65 19 23 23 5 24 39 28 26 34 28
1203 22 75 27 29 28 75 25 29 32 20 34 28
1204 22 104 13 13 26 1 29 23 21 56 34 28
1205 22 98 27 11 36 1 21 19 27 11 34 28
1206 22 169 32 25 32 98 25 1 38 29 34 28
1207 22 93 24 21 19 37 26 30 24 20 34 28
1208 22 92 23 22 32 1 19 23 21 55 34 28
1209 22 219 58 28 29 86 18 16 28 39 34 28
1210 22 45 17 18 31 20 17 27 30 12 34 28
1211 22 56 20 18 29 22 27 33 31 16 34 28
1212 22 134 20 19 26 1 22 27 22 22 34 28
1213 22 275 23 19 24 91 28 30 35 25 34 28
1214 22 112 37 18 40 79 21 27 21 8 34 28
1215 22 89 25 19 29 1 25 27 31 19 34 28
1216 22 223 36 20 32 1 21 25 15 15 34 28
1217 22 271 18 28 27 1 23 28 19 15 34 28
1218 22 60 13 32 12 52 25 35 25 15 34 28
1219 21 1 27 43 19 52 20 28 18 16 34 28
1220 22 141 27 27 30 5 28 35 33 18 34 28
1221 22 154 31 24 29 1 24 27 28 25 34 28
1222 22 10 28 34 25 69 23 33 26 20 34 28
1223 22 93 29 14 43 42 21 20 26 4 34 28
1224 22 96 23 27 21 1 28 28 29 24 34 28
1225 22 142 12 11 27 1 23 28 26 7 34 28
1226 22 81 33 28 32 1 21 31 31 24 34 28
1227 22 87 30 10 29 48 27 31 26 19 34 28
1228 22 84 35 39 34 1 21 26 25 17 34 28
1229 22 161 29 14 32 28 21 19 26 9 34 28
1230 22 110 29 21 32 31 23 29 37 17 34 28
1231 22 65 33 26 40 26 24 29 31 11 34 28
1232 22 91 24 37 25 1 23 29 28 125 34 28
1233 22 130 31 31 19 1 22 25 28 17 34 28
1234 22 77 34 23 35 45 20 1 31 22 34 28
1235 22 44 37 41 24 30 23 30 22 24 34 28
1236 22 155 35 20 38 1 21 26 29 27 34 28
1237 22 95 37 15 39 47 20 25 30 13 34 28
1238 22 51 22 36 17 61 25 27 29 21 34 28
1239 22 344 26 34 20 16 22 33 33 34 34 28
1240 22 129 32 17 20 38 26 24 31 28 34 28
1241 22 129 29 25 23 56 25 25 26 27 34 28
1242 22 164 24 49 39 27 24 18 30 17 34 28
1243 22 110 30 43 20 41 24 24 32 23 34 28
1244 22 193 34 33 24 42 21 1 34 17 34 28
1245 22 88 24 28 31 7 26 32 26 18 34 28
1246 22 219 27 9 28 18 24 35 15 21 34 28
1247 22 91 28 31 24 9 26 28 23 25 34 28
1248 22 107 34 18 39 14 17 28 25 11 34 28
1249 22 121 38 27 31 1 23 29 24 26 34 28
1250 22 161 31 17 29 1 21 7 26 22 34 28
1251 22 148 26 30 26 1 19 28 27 18 34 28
1252 31 152 36 22 42 1 30 35 38 41 46 39
1253 22 67 35 25 39 36 22 28 34 6 34 28
1254 22 232 37 26 32 47 18 19 25 162 34 28
1255 22 267 51 18 35 70 19 28 27 34 34 28
1256 22 89 20 32 36 1 21 1 34 14 34 28
1257 22 149 27 29 24 12 21 30 28 33 34 28
1258 22 75 25 27 29 1 19 30 18 20 34 28
1259 22 99 34 21 29 37 21 26 26 25 34 28
1260 22 276 24 37 17 73 24 24 26 22 34 28
1261 22 212 32 35 27 34 21 33 23 15 34 28
1262 22 52 25 25 26 50 24 24 26 11 34 28
1263 22 73 24 19 32 24 23 25 35 12 34 28
1264 22 136 41 28 27 64 19 1 31 23 34 28
1265 22 160 35 16 30 1 20 22 26 22 34 28
1266 22 108 11 15 33 39 29 21 25 9 34 28
1267 22 528 47 26 35 70 20 33 38 23 34 28
1268 22 143 17 21 31 28 16 18 26 6 34 28
1269 22 137 32 31 28 74 22 30 20 9 34 28
1270 22 82 36 37 25 5 22 32 29 32 34 28
1271 22 102 26 33 26 17 25 43 20 17 34 28
1272 22 87 28 34 28 1 24 29 28 76 34 28
1273 22 149 44 29 28 1 25 34 30 39 35 28
1274 22 1 35 50 25 26 26 18 23 13 34 28
1275 22 104 14 13 27 7 18 35 20 9 34 28
1276 22 167 48 20 31 84 19 28 38 190 34 28
1277 21 1 29 37 32 1 21 44 21 10 34 28
1278 22 138 41 27 36 10 20 24 26 16 34 28
1279 22 193 22 27 31 41 25 21 27 17 34 28
1280 22 175 30 11 38 32 16 28 30 11 34 28
1281 22 72 39 21 41 91 18 30 27 9 34 28
1282 22 128 26 33 25 13 20 29 26 34 34 28
1283 22 74 46 26 44 119 27 29 31 10 34 28
1284 22 196 28 19 25 28 26 23 28 26 34 28
1285 22 118 28 22 32 1 24 23 25 133 34 28
1286 22 88 18 37 22 1 24 24 26 25 34 28
1287 22 74 21 21 29 1 27 31 23 25 34 28
1288 22 237 38 32 25 31 25 24 27 19 34 28
1289 22 41 22 34 24 91 23 26 25 15 34 28
1290 22 144 39 25 26 82 21 30 24 29 34 28
1291 22 82 25 17 31 45 24 25 25 20 34 28
1292 22 99 32 18 26 28 21 27 27 23 34 28
1293 22 102 30 28 38 21 19 28 23 9 34 28
1294 22 102 24 13 25 33 25 31 28 22 34 28
1295 22 233 41 17 43 40 19 33 29 20 34 28
1296 22 210 47 27 38 41 21 9 33 31 34 28
1297 22 1 9 37 22 52 23 31 22 5 34 28
1298 22 208 35 20 26 19 24 26 23 34 35 28
1299 22 26 30 40 31 58 23 22 28 14 34 28
1300 22 128 25 27 25 1 27 28 27 14 34 28
1301 21 1 15 39 19 16 23 22 24 6 34 27
1302 22 113 30 30 15 62 27 29 26 32 35 28
1303 22 35 4 17 21 2 23 44 26 10 34 28
1304 22 148 30 29 21 26 25 24 28 29 34 28
1305 22 144 32 22 30 1 24 28 29 26 34 28
1306 22 127 37 34 26 9 23 27 28 32 35 28
1307 22 159 32 13 28 1 25 22 27 30 34 28
1308 22 181 25 14 31 23 23 25 27 14 34 28
1309 22 116 44 33 37 13 28 30 28 13 34 28
1310 22 99 27 1 36 2 25 12 26 24 34 28
1311 28 374 31 31 34 2 23 1 39 168 42 35
1312 22 264 30 15 34 41 22 23 23 13 34 28
1313 22 194 34 33 26 1 24 21 27 36 35 28
1314 22 84 32 29 23 55 27 19 33 69 35 28
1315 22 98 41 14 51 51 18 20 24 7 34 28
1316 22 63 28 27 31 1 16 33 33 18 34 29
1317 22 88 18 19 32 1 27 29 23 18 34 28
1318 22 65 32 28 33 14 22 27 24 15 34 28
1319 22 86 26 26 23 1 25 41 25 21 34 28
1320 22 192 30 28 22 31 23 31 23 35 34 28
1321 22 143 35 41 27 1 19 29 34 38 34 28
1322 22 212 21 21 20 1 25 38 24 28 34 28
1323 22 86 29 24 26 1 26 28 25 33 35 28
1324 22 276 31 10 35 16 21 41 22 20 34 28
1325 22 253 29 16 41 46 18 22 28 1 34 28
1326 22 128 26 36 18 1 25 31 28 39 34 28
1327 22 82 24 32 35 1 22 35 25 15 34 28
1328 22 1 1 26 29 1 24 30 31 1 34 28
1329 22 214 30 23 35 4 28 27 27 61 35 28
1330 22 92 43 22 44 78 20 24 114 17 34 28
1331 22 97 31 22 37 46 18 25 32 25 34 28
1332 22 69 23 23 31 1 24 28 27 24 34 28
1333 22 158 48 15 40 88 17 34 32 23 34 28
1334 22 1 5 32 24 46 23 20 25 3 34 28
1335 22 113 26 26 27 18 25 26 32 99 34 28
1336 22 84 27 33 29 2 22 31 27 19 34 28
1337 22 92 31 1 36 1 26 20 30 18 34 28
1338 22 121 25 23 24 64 26 22 18 17 34 28
1339 22 116 32 26 25 39 23 25 30 35 34 28
1340 22 64 37 35 34 50 24 32 32 32 34 28
1341 22 102 32 27 26 81 25 38 30 102 34 28
1342 22 154 25 33 17 9 21 31 22 90 34 28
1343 22 82 20 17 24 1 23 39 30 19 34 28
1344 22 173 37 13 33 3 20 27 31 22 34 28
1345 21 1 15 30 30 28 23 25 26 7 34 28
1346 22 448 34 14 36 1 23 29 23 17 34 28
1347 22 117 19 22 21 47 24 37 29 18 34 28
1348 22 173 39 30 29 66 26 31 32 34 35 28
1349 22 140 23 21 30 62 22 21 31 19 34 28
1350 22 1 17 37 30 14 22 26 25 2 34 28
1351 22 108 39 28 30 1 21 30 33 61 35 28
1352 22 106 38 26 34 1 22 18 28 21 34 28
1353 22 177 29 16 39 66 22 13 27 7 34 28
1354 22 158 20 15 27 1 22 27 22 19 33 27
1355 22 110 28 16 27 104 27 28 22 6 34 28
1356 22 132 41 43 29 1 22 34 30 39 35 28
1357 22 101 35 35 21 38 26 29 24 36 35 28
1358 22 79 23 16 25 1 22 26 30 29 34 28
1359 22 89 25 24 34 1 21 19 29 55 34 28
1360 22 1 14 38 26 1 20 23 29 13 34 28
1361 22 122 28 32 23 34 25 22 30 20 34 28
1362 22 146 56 33 43 87 17 28 29 23 34 28
1363 22 164 47 25 31 93 25 18 23 17 34 28
1364 22 254 33 14 39 41 26 18 30 15 34 28
1365 22 234 36 27 29 1 23 31 26 31 34 28
1366 22 251 15 14 35 1 21 27 27 10 34 28
1367 22 268 32 26 31 11 20 29 19 61 34 28
1368 22 1 9 23 21 69 22 21 23 4 34 28
1369 22 222 40 19 34 30 26 24 31 173 35 28
1370 22 144 27 25 31 69 22 25 22 13 34 28
1371 22 236 19 36 18 62 25 24 25 21 34 28
1372 22 125 39 26 33 36 26 28 29 25 34 28
1373 22 120 39 22 40 31 21 316 26 1 34 28
1374 22 77 23 23 25 1 24 22 29 25 34 28
1375 22 45 27 26 28 36 23 24 30 6 34 28
1376 22 166 36 35 33 70 22 22 34 11 34 28
1377 22 187 31 35 23 1 27 36 30 40 34 28
1378 22 85 29 26 28 1 20 22 23 13 34 28
1379 22 148 46 20 40 31 20 24 21 30 34 28
1380 22 221 34 38 19 45 24 38 28 44 34 28
1381 22 117 47 38 33 79 20 30 26 25 34 28
1382 22 126 46 30 27 16 24 30 32 35 34 28
1383 22 89 35 37 21 43 26 34 28 39 34 28
1384 22 67 36 40 22 53 27 37 28 32 35 28
1385 22 112 24 42 18 31 26 30 33 20 34 28
1386 22 239 16 24 21 1 29 43 23 37 34 28
1387 22 105 55 17 48 86 25 39 32 30 34 28
1388 22 146 25 19 36 77 21 27 26 62 34 28
1389 22 137 37 20 42 77 23 24 24 1 34 28
1390 22 86 33 31 28 24 24 30 24 20 34 28
1391 22 83 22 24 16 23 26 25 27 18 34 28
1392 22 1 10 33 25 20 24 16 26 7 34 28
1393 22 79 39 30 32 49 30 26 30 33 35 28
1394 22 76 27 34 25 17 28 23 27 56 34 28
1395 22 123 37 25 34 1 24 24 23 18 34 28
1396 22 104 31 24 29 5 21 32 33 29 34 28
1397 22 83 30 37 18 16 26 29 25 31 34 28
1398 22 305 30 15 35 1 25 33 32 31 34 28
1399 22 59 27 34 26 98 22 23 29 16 34 28
1400 22 44 18 22 29 18 27 21 21 4 34 28
1401 22 67 14 21 28 1 23 16 32 11 34 28
1402 22 116 28 36 26 1 23 33 29 39 34 28
1403 22 120 23 16 25 1 21 29 24 14 34 28
1404 22 129 40 30 26 53 28 20 28 23 34 28
1405 22 26 27 38 23 34 21 27 27 14 34 28
1406 22 105 39 21 46 86 24 28 31 1 34 28
1407 22 144 38 20 35 1 23 29 19 25 34 28
1408 22 394 26 36 25 1 27 36 32 36 34 28
1409 22 246 25 25 27 1 22 31 29 26 34 28
1410 22 111 16 23 29 1 22 20 25 5 34 28
1411 22 102 20 14 25 1 26 26 26 9 34 28
1412 22 251 31 33 28 56 27 34 25 11 34 28
1413 22 81 29 20 34 1 22 28 25 7 34 28
1414 22 129 30 28 26 88 29 27 21 58 34 28
1415 22 148 40 10 37 1 22 31 20 14 34 28
1416 22 89 29 14 33 53 20 27 29 15 34 28
1417 22 102 26 31 24 38 25 35 32 28 34 28
1418 22 150 25 35 18 23 27 23 28 28 34 28
1419 22 72 31 18 34 1 23 27 30 15 34 28
1420 22 53 22 24 24 54 26 44 25 9 34 28
1421 22 104 31 12 48 1 22 17 21 12 34 28
1422 22 90 30 35 16 30 24 36 22 40 34 28
1423 22 95 27 31 30 15 23 29 26 27 34 28
1424 22 169 28 22 34 1 18 26 32 2 34 28
1425 22 101 25 23 32 14 20 14 23 17 34 28
1426 22 75 24 20 30 1 24 30 27 24 34 28
1427 22 113 37 26 35 26 22 28 21 10 34 28
1428 22 122 25 17 27 66 26 20 21 20 34 28
1429 22 289 48 41 38 67 23 32 25 31 35 28
1430 22 202 33 17 31 5 24 40 24 31 35 28
1431 22 111 45 23 36 55 20 40 26 19 34 28
1432 22 177 20 18 19 1 26 25 24 28 34 28
1433 22 251 21 32 28 23 26 22 39 65 34 28
1434 22 142 47 36 36 117 31 32 21 20 34 28
1435 22 138 25 28 21 39 28 33 34 25 34 28
1436 22 81 34 34 27 1 22 30 27 45 35 28
1437 22 242 19 30 31 29 26 29 24 10 34 28
1438 22 55 19 26 23 30 20 25 30 22 34 28
1439 22 100 27 36 18 1 23 37 23 41 34 28
1440 22 120 36 36 29 2 21 30 24 21 34 28
1441 22 131 34 14 30 36 22 26 21 69 35 28
1442 22 111 45 35 28 60 26 25 28 31 34 28
1443 22 149 52 21 40 1 18 42 30 36 35 28
1444 22 76 32 26 28 67 26 29 30 24 34 28
1445 22 68 29 25 37 1 26 36 26 19 34 28
1446 22 84 41 36 22 22 22 18 29 36 34 28
1447 22 122 46 24 39 1 21 1 29 13 34 28
1448 22 291 29 40 29 1 20 27 26 7 34 28
1449 22 137 27 22 33 10 22 27 24 55 34 28
1450 22 75 41 34 36 78 21 26 27 22 34 28
1451 22 80 31 20 37 1 22 24 19 7 34 28
1452 22 156 34 21 28 70 23 34 27 14 34 28
1453 22 108 24 21 25 25 25 30 28 23 34 28
1454 22 140 33 27 33 45 21 1 25 30 34 28
1455 22 152 26 35 25 36 24 24 32 18 34 28
1456 22 121 33 6 45 1 19 26 23 4 34 28
1457 22 93 29 32 25 36 16 36 26 22 34 28
1458 22 92 37 25 35 1 28 25 27 22 34 28
1459 22 169 19 25 22 1 23 23 26 10 34 28
1460 22 128 34 27 35 41 24 20 21 3 34 28
1461 22 224 31 18 39 14 26 22 31 5 34 29
1462 22 211 32 35 22 42 22 32 25 35 35 28
1463 22 92 36 24 44 1 20 18 25 7 34 28
1464 22 115 36 23 31 45 24 31 23 87 35 28
1465 22 162 17 13 33 2 23 26 23 1 34 28
1466 22 94 40 28 31 85 25 34 26 31 35 28
1467 22 210 27 18 36 6 18 29 15 8 34 28
1468 22 126 28 29 21 50 20 21 28 24 34 28
1469 22 104 35 21 34 66 33 18 25 19 34 28
1470 22 62 30 31 37 1 25 27 27 10 34 28
1471 22 276 31 23 35 1 24 36 21 22 34 28
1472 22 200 34 26 28 1 26 32 30 34 35 28
1473 22 1 19 35 31 2 27 40 24 13 34 28
1474 22 105 27 15 35 55 22 26 28 11 34 28
1475 22 109 16 10 32 23 18 21 31 1 34 28
1476 22 69 13 17 33 1 21 4 27 6 34 28
1477 22 112 40 32 23 48 27 19 28 33 35 28
1478 22 297 50 19 40 99 19 13 26 15 34 28
1479 22 213 29 17 36 53 25 22 20 10 34 28
1480 22 161 23 24 27 1 23 1 37 19 34 28
1481 22 77 47 37 31 38 21 27 23 29 34 28
1482 22 56 33 32 27 7 23 37 31 37 35 28
1483 22 246 30 35 17 22 23 30 25 42 35 28
1484 22 151 28 34 23 54 27 31 31 35 34 28
1485 22 233 14 5 32 1 25 31 25 2 34 28
1486 22 18 27 43 24 31 24 36 30 26 34 28
1487 22 273 30 31 36 10 22 24 22 3 34 28
1488 22 83 37 27 25 12 21 30 25 22 34 28
1489 22 44 13 27 21 1 24 29 34 24 34 28
1490 22 191 53 18 37 100 22 29 26 36 35 28
1491 22 151 39 27 20 66 19 24 32 25 34 28
1492 22 102 28 23 28 1 21 38 29 85 34 28
1493 22 262 23 18 30 19 19 22 25 9 34 28
1494 22 68 24 20 20 16 24 29 24 35 34 28
1495 22 301 21 26 24 1 28 45 29 28 34 28
1496 22 122 27 21 23 73 27 23 31 27 34 28
1497 22 91 30 13 31 105 22 18 32 58 34 28
1498 22 87 11 11 31 1 24 31 30 26 34 28
1499 22 187 52 27 36 99 24 36 32 21 34 28
1500 22 47 25 41 19 28 25 28 30 39 35 28
1501 22 1 28 30 30 56 21 22 27 6 34 28
1502 22 117 26 23 25 43 27 26 25 26 34 28
1503 22 157 41 20 37 68 22 32 22 14 34 28
1504 22 82 25 25 22 3 28 23 22 26 34 28
1505 22 1 22 36 23 1 22 21 24 2 34 28
1506 22 60 34 13 39 98 21 19 29 5 34 28
1507 22 173 25 33 32 1 30 17 26 10 34 28
1508 22 58 32 20 26 1 28 24 19 18 34 28
1509 22 98 37 42 19 46 22 21 33 32 35 28
1510 22 90 27 36 30 1 20 33 29 35 34 28
1511 22 143 30 1 39 1 22 25 30 30 34 28
1512 22 196 30 25 30 1 28 34 29 28 34 28
1513 22 139 36 16 41 1 27 15 27 1 34 28
1514 22 67 30 30 34 55 20 36 32 24 34 28
1515 22 1 11 24 17 20 28 14 25 12 34 28
1516 22 170 33 16 41 100 20 23 28 6 34 28
1517 22 149 38 29 34 1 18 19 25 20 34 28
1518 22 128 31 19 38 1 19 24 30 21 34 28
1519 22 76 27 34 17 1 21 27 26 36 34 28
1520 22 125 35 33 28 68 25 38 18 29 34 28
1521 22 56 28 42 28 42 21 32 26 15 34 28
1522 22 109 28 20 36 17 24 18 30 65 34 28
1523 22 109 24 20 37 1 25 19 26 17 34 28
1524 22 77 38 33 29 26 27 23 24 15 35 29
1525 22 144 38 30 37 1 25 25 24 22 34 28
1526 22 54 34 33 33 30 21 30 32 27 34 28
1527 22 123 23 15 32 29 25 24 30 8 34 28
1528 22 188 36 36 27 1 22 41 30 33 34 28
1529 22 120 26 20 34 63 29 28 37 11 34 28
1530 22 104 37 33 29 78 20 39 37 31 35 28
1531 22 112 30 8 30 31 18 27 28 14 34 28
1532 22 108 27 25 30 1 23 29 27 35 34 28
1533 22 226 14 12 27 1 25 26 32 17 34 28
1534 22 269 27 24 28 42 21 23 24 23 34 28
1535 22 46 30 24 28 39 25 21 31 16 34 28
1536 22 194 16 12 21 1 23 32 23 22 34 28
1537 22 64 18 24 27 1 23 32 21 24 34 28
1538 22 57 21 20 26 52 20 21 37 19 34 28
1539 22 138 26 36 23 26 21 32 23 22 34 28
1540 22 52 23 27 26 1 22 26 30 13 34 28
1541 22 123 9 15 27 1 20 24 31 6 34 28
1542 22 142 13 17 23 54 27 33 18 26 34 28
1543 22 118 31 25 28 27 24 41 29 56 35 28
1544 22 86 42 33 31 85 21 1 37 28 34 28
1545 22 93 44 40 35 1 27 35 25 21 34 28
1546 22 169 36 26 31 61 19 20 23 30 35 28
1547 22 230 49 23 32 43 26 31 32 36 35 28
1548 22 174 31 28 32 55 26 30 27 11 34 28
1549 22 74 26 19 33 1 24 32 25 19 34 28
1550 22 172 25 25 32 15 22 28 31 24 34 28
1551 22 83 27 20 33 63 25 29 28 10 34 28
1552 22 196 39 31 33 63 18 33 21 29 34 28
1553 22 79 20 33 22 43 19 31 33 26 34 28
1554 22 140 19 33 23 52 22 26 23 22 34 28
1555 22 383 27 22 44 1 18 32 23 73 34 28
1556 22 138 35 40 24 1 23 40 27 31 35 28
1557 22 170 43 26 36 1 20 38 21 26 34 28
1558 22 124 43 41 22 93 21 31 32 37 34 28
1559 22 202 50 14 38 47 23 18 29 31 35 28
1560 22 250 36 28 24 25 19 24 24 24 34 28
1561 22 242 22 20 28 11 19 31 33 26 34 28
1562 22 311 41 37 36 58 25 35 30 27 34 28
1563 22 101 30 25 29 14 15 29 28 22 34 28
1564 22 137 44 26 39 14 22 28 36 18 34 28
1565 22 95 36 33 31 1 24 30 20 20 34 28
1566 22 124 28 21 35 6 22 37 23 9 34 28
1567 22 281 38 17 37 62 22 23 29 9 34 28
1568 22 90 36 14 29 3 23 31 28 39 35 28
1569 22 82 47 33 33 113 21 26 24 21 34 28
1570 22 75 39 40 28 1 21 34 24 31 35 28
1571 22 43 26 27 33 63 26 20 33 20 34 28
1572 22 1 14 36 16 43 27 20 22 7 34 28
1573 22 183 37 26 40 1 28 22 31 20 34 28
1574 22 43 20 30 24 45 24 37 27 16 34 28
1575 22 61 31 29 26 41 21 19 23 26 34 28
1576 22 163 14 31 24 1 20 18 27 6 34 28
1577 22 1 18 32 21 51 26 33 27 7 34 28
1578 22 121 39 13 38 20 21 18 32 25 34 28
1579 22 269 25 16 29 32 19 26 29 22 34 28
1580 22 159 28 20 30 81 21 21 27 12 34 28
1581 22 124 40 30 35 1 24 27 27 25 34 28
1582 22 72 23 20 33 39 23 20 27 30 35 28
1583 22 44 25 28 23 30 25 20 27 15 34 28
1584 22 92 29 20 31 1 16 28 31 19 34 28
1585 22 68 38 43 27 77 25 32 31 15 34 28
1586 22 236 66 26 38 104 20 39 19 64 34 28
1587 22 109 42 30 38 32 22 35 31 21 34 28
1588 22 322 24 11 40 1 20 24 22 14 34 28
1589 22 268 39 30 26 54 23 29 29 25 34 28
1590 22 96 42 34 37 11 23 29 20 20 34 28
1591 22 80 22 32 25 1 27 27 32 25 34 28
1592 22 39 29 36 24 1 27 12 28 27 34 28
1593 22 79 17 25 17 61 27 24 21 22 34 28
1594 22 87 18 22 32 32 19 22 27 4 34 28
1595 22 85 29 25 27 13 26 24 23 21 34 28
1596 22 201 46 31 36 1 26 31 28 26 34 28
1597 22 208 21 21 33 1 24 33 30 12 34 28
1598 22 104 31 19 31 3 17 26 24 18 34 28
1599 22 1 32 41 28 92 24 35 23 14 34 28
1600 22 150 28 27 27 47 20 25 30 63 34 28
1601 22 86 21 22 13 15 21 22 30 17 34 28
1602 22 175 30 27 27 1 24 23 31 24 34 28
1603 22 167 38 20 34 1 29 35 25 71 35 28
1604 22 192 30 14 31 62 25 29 29 73 34 28
1605 22 75 18 44 11 30 25 27 30 20 34 28
1606 22 219 19 24 30 33 30 37 31 17 34 28
1607 22 93 21 35 19 1 25 32 24 28 34 28
1608 22 168 33 16 30 64 20 21 26 21 34 28
1609 22 207 29 27 31 15 21 34 23 16 34 28
1610 22 249 36 24 46 26 21 38 38 100 35 28
1611 22 133 42 38 31 93 24 37 33 18 34 28
1612 22 117 22 21 25 1 28 24 19 25 34 28
1613 22 75 36 30 32 54 27 37 33 31 35 29
1614 22 1 28 47 34 101 18 25 34 18 34 28
1615 22 130 13 10 24 1 24 33 23 50 34 28
1616 22 67 22 28 24 1 19 26 26 9 34 28
1617 22 59 23 35 23 1 23 38 24 25 34 28
1618 22 275 15 15 27 9 26 28 25 21 34 28
1619 22 127 25 31 25 1 23 37 28 25 34 28
1620 22 135 35 14 43 12 23 28 20 94 35 28
1621 22 396 42 25 39 87 22 31 26 16 34 28
1622 22 73 31 30 23 2 26 24 32 23 34 28
1623 22 46 16 22 33 1 25 14 27 17 34 28
1624 22 81 28 31 24 114 28 30 28 21 34 28
1625 22 72 44 32 29 20 28 34 22 30 35 28
1626 22 88 28 23 29 46 22 18 25 10 34 28
1627 22 66 26 20 34 44 22 27 26 16 34 28
1628 22 101 44 32 33 53 20 28 25 28 34 28
1629 22 47 30 29 33 1 21 23 27 18 34 28
1630 22 216 38 23 24 16 26 1 24 62 34 28
1631 22 73 20 30 24 88 24 28 33 24 34 28
1632 22 117 23 26 21 28 29 32 20 30 34 28
1633 22 196 19 38 20 1 21 32 18 19 34 28
1634 22 149 29 13 33 39 25 26 25 58 35 29
1635 22 68 20 39 15 71 29 35 21 31 34 28
1636 22 190 30 20 26 63 23 20 29 31 35 28
1637 22 66 44 28 36 10 22 26 28 18 34 28
1638 22 60 32 22 35 52 20 40 24 11 34 28
1639 22 189 28 38 29 30 21 1 22 19 34 28
1640 22 92 14 21 26 1 31 36 22 20 34 28
1641 22 138 48 32 35 93 27 30 24 28 34 28
1642 22 115 37 21 37 43 23 18 24 1 34 28
1643 22 404 20 23 21 37 25 24 23 23 34 28
1644 22 1 14 30 23 78 25 39 26 2 34 28
1645 22 1 18 34 32 25 22 27 19 9 34 28
1646 22 41 21 32 23 1 26 35 27 31 34 28
1647 22 14 15 25 16 20 25 27 33 12 34 28
1648 22 68 32 40 22 36 23 26 23 23 34 28
1649 22 80 37 34 31 49 21 31 20 19 34 28
1650 22 174 24 27 22 67 21 24 29 25 34 28
1651 22 198 29 45 25 1 23 26 21 28 34 28
1652 22 78 41 24 32 39 23 26 31 23 34 28
1653 22 106 25 33 21 44 24 1 32 19 34 28
1654 22 90 29 25 34 36 21 24 30 10 34 28
1655 22 55 21 25 31 61 21 20 28 11 34 28
1656 22 1 5 23 24 16 23 26 31 9 34 28
1657 22 115 29 30 29 42 24 43 24 18 34 28
1658 22 91 27 35 19 1 22 30 27 31 34 28
1659 22 64 33 25 33 99 19 26 22 8 34 28
1660 22 124 45 31 32 21 24 30 36 22 34 28
1661 22 22 15 22 28 55 25 25 30 14 34 28
1662 22 122 22 14 30 17 28 28 25 13 34 28
1663 22 72 31 20 32 29 19 31 23 7 34 28
1664 22 91 28 10 37 316 20 21 32 7 34 28
1665 22 106 42 27 34 41 23 20 24 79 35 28
1666 22 107 32 30 34 1 24 23 30 10 34 28
1667 22 92 51 29 38 40 23 25 20 20 34 28
1668 22 171 29 20 27 56 21 20 33 33 34 28
1669 22 129 46 23 37 24 22 31 26 17 34 28
1670 22 129 41 19 37 74 25 25 28 22 34 28
1671 22 144 49 24 36 1 21 21 27 25 34 28
1672 22 133 34 26 21 29 30 30 24 26 34 28
1673 22 94 24 30 26 4 24 1 42 23 34 28
1674 22 183 30 46 18 102 28 17 24 19 34 28
1675 22 69 30 44 23 96 25 1 31 15 34 28
1676 22 141 34 30 28 55 26 37 28 35 35 28
1677 22 156 35 38 33 41 24 1 30 20 34 28
1678 21 1 1 32 18 1 18 25 25 2 33 27
1679 22 90 28 23 26 68 22 26 35 23 34 28
1680 22 116 13 25 28 27 17 47 28 13 34 28
1681 22 310 46 16 25 74 26 30 32 33 34 28
1682 22 155 25 12 42 22 21 21 26 1 34 28
1683 22 80 34 15 39 45 24 26 15 13 34 28
1684 22 293 20 13 28 59 24 30 24 17 34 28
1685 22 79 13 22 23 1 26 33 21 11 34 28
1686 22 142 52 21 41 101 23 17 29 15 34 28
1687 22 134 30 29 29 1 26 36 29 26 34 28
1688 22 199 29 24 35 54 27 20 24 9 34 28
1689 22 79 31 28 31 1 25 29 22 60 35 28
1690 22 86 22 27 21 1 25 28 32 31 34 28
1691 22 129 19 19 35 30 25 24 25 6 34 28
1692 22 80 31 32 37 1 19 33 29 19 34 28
1693 22 50 19 26 30 9 26 31 26 8 34 28
1694 22 104 37 41 22 81 23 25 26 29 34 28
1695 22 158 31 30 29 8 26 21 26 30 34 28
1696 22 74 37 29 32 81 22 25 32 29 34 28
1697 22 87 33 36 16 39 26 32 21 30 35 28
1698 22 130 24 25 28 50 23 34 27 61 34 28
1699 22 74 25 35 26 1 24 27 25 25 34 28
1700 22 96 22 23 38 70 21 23 29 10 34 28
1701 22 128 40 20 41 39 19 30 30 19 34 28
1702 22 108 49 39 33 1 26 42 30 35 35 28
1703 22 128 27 33 22 39 21 29 27 20 34 28
1704 22 4 14 22 28 1 22 17 19 1 34 28
1705 22 1 15 43 21 34 26 26 29 15 34 28
1706 22 98 47 22 36 1 24 39 26 27 34 28
1707 22 72 46 32 37 1 25 36 24 31 34 28
1708 22 146 27 63 33 1 21 28 19 13 34 28
1709 22 99 37 18 40 49 21 23 28 4 34 28
1710 22 174 29 36 21 25 25 33 26 80 34 28
1711 22 45 31 34 24 71 19 33 25 28 34 28
1712 22 291 31 15 30 1 22 29 23 18 34 28
1713 22 105 35 19 35 49 17 25 23 16 34 28
1714 22 139 34 29 33 1 19 33 29 30 34 28
1715 22 69 26 28 30 1 20 33 28 22 34 28
1716 22 73 36 44 26 1 21 27 29 34 35 28
1717 22 151 26 21 28 38 22 20 29 10 34 28
1718 22 101 30 20 29 53 21 21 24 13 34 28
1719 22 116 40 43 26 79 23 30 25 88 35 28
1720 22 118 16 29 16 31 25 29 32 24 34 28
1721 22 63 27 25 29 1 24 32 28 27 34 28
1722 22 126 42 30 37 63 19 25 28 9 34 28
1723 22 56 35 35 27 68 21 29 26 21 34 28
1724 22 133 37 13 30 2 26 24 25 22 34 28
1725 22 1 16 35 24 88 28 29 26 12 34 28
1726 22 44 28 36 37 1 25 33 30 26 34 28
1727 22 62 46 28 39 95 27 28 32 28 34 28
1728 22 79 36 31 17 1 26 41 31 42 35 28
1729 22 196 32 27 29 27 24 30 18 11 34 28
1730 22 180 24 40 21 1 21 1 33 71 34 28
1731 22 138 30 37 31 1 27 34 25 30 34 28
1732 22 146 23 18 37 14 21 24 23 1 34 28
1733 22 77 36 30 26 58 21 1 36 21 34 28
1734 22 108 32 26 36 105 23 33 29 13 34 28
1735 22 46 36 40 27 92 27 27 26 11 34 28
1736 22 238 34 36 27 47 22 37 29 16 34 28
1737 22 97 10 25 24 31 26 25 26 13 34 28
1738 22 170 49 24 52 44 21 23 29 8 34 28
1739 22 25 25 11 40 1 21 24 29 1 34 28
1740 22 28 1 62 32 85 26 30 31 3 34 28
1741 22 170 47 45 32 47 24 26 25 32 34 28
1742 22 120 40 29 33 66 26 28 24 29 34 28
1743 22 249 27 16 32 1 31 36 30 73 34 28
1744 22 42 29 22 24 20 26 29 26 21 34 28
1745 22 67 35 34 28 8 20 31 41 27 34 28
1746 22 59 18 32 27 1 22 28 36 7 34 28
1747 22 160 25 20 29 44 21 26 21 7 34 28
1748 22 131 19 15 29 12 24 26 28 6 34 28
1749 22 400 20 28 23 1 19 28 32 46 34 28
1750 22 94 21 13 32 34 26 29 30 1 34 28
1751 22 46 29 25 32 1 22 18 28 19 34 28
1752 22 69 32 30 28 1 25 29 23 28 34 28
1753 22 132 35 27 37 43 19 23 29 61 35 28
1754 22 242 46 41 36 60 19 15 28 17 34 28
1755 22 75 36 21 30 65 21 14 25 16 34 28
1756 22 115 44 21 36 44 26 23 37 30 35 28
1757 22 220 37 33 33 1 21 27 22 25 34 28
1758 22 68 30 31 31 84 22 25 26 27 34 28
1759 22 54 39 33 39 45 24 25 31 10 34 28
1760 22 95 39 45 27 29 26 27 27 24 34 28
1761 22 58 30 17 40 120 29 26 32 13 34 28
1762 22 1 15 39 20 57 29 46 24 17 34 28
1763 22 136 41 30 36 1 24 30 28 29 34 28
1764 22 34 21 35 15 28 27 28 34 36 34 28
1765 22 92 31 41 27 1 25 1 34 19 34 28
1766 22 47 22 26 24 37 23 30 30 30 34 28
1767 22 147 37 26 32 29 22 27 22 12 34 28
1768 22 117 44 21 37 1 23 20 24 32 34 28
1769 22 54 28 35 14 1 22 29 23 24 34 28
1770 22 47 23 21 33 10 25 29 31 14 34 28
1771 22 198 16 27 27 13 21 7 26 2 34 28
1772 22 96 30 25 31 1 22 29 25 16 34 28
1773 22 168 27 12 20 1 28 19 24 36 34 28
1774 22 75 26 31 26 27 27 23 18 20 34 28
1775 22 26 23 36 22 62 21 27 33 26 34 28
1776 22 100 25 31 26 1 20 30 29 26 34 28
1777 22 208 52 35 43 1 25 27 20 25 34 28
1778 22 104 40 25 37 51 21 32 26 6 34 28
1779 22 213 25 34 27 51 25 32 22 98 35 28
1780 22 67 35 32 25 50 26 29 35 40 35 28
1781 22 168 26 31 36 28 17 27 23 9 34 28
1782 22 60 15 27 23 28 26 23 30 27 34 28
1783 22 102 42 29 35 45 28 22 31 23 34 28
1784 22 71 20 24 25 17 21 11 26 8 34 28
1785 30 688 40 44 28 72 38 26 34 41 44 37
1786 22 91 39 38 31 53 17 27 26 20 34 28
1787 22 48 25 20 36 1 23 24 26 13 34 28
1788 22 134 16 16 29 1 25 24 30 20 34 28
1789 22 161 29 7 38 1 26 17 22 1 34 28
1790 22 93 30 17 37 42 20 24 32 1 34 28
1791 22 137 40 28 39 1 17 20 28 6 34 28
1792 22 82 45 41 29 60 25 33 32 37 35 28
1793 22 171 16 28 17 1 24 33 19 35 34 28
1794 22 86 30 20 27 98 24 30 29 12 34 28
1795 22 121 32 29 30 1 21 21 22 19 34 28
1796 22 220 28 36 15 18 25 35 25 36 35 28
1797 22 231 25 24 28 32 25 27 26 15 34 28
1798 22 95 40 30 30 76 27 30 21 16 34 28
1799 22 31 14 28 22 23 22 14 25 31 34 28
1800 22 80 30 32 39 1 20 26 25 16 34 28
1801 22 231 42 16 40 1 19 35 27 20 34 28
1802 22 1 14 37 27 39 22 28 30 1 34 28
1803 22 179 33 17 41 29 27 24 18 1 34 28
1804 22 94 38 42 28 22 25 27 37 34 35 28
1805 22 196 37 27 42 11 20 21 29 17 34 28
1806 22 49 19 27 15 21 23 30 35 27 34 28
1807 22 169 43 35 31 26 20 24 28 24 34 28
1808 22 141 27 32 21 43 23 1 30 6 34 28
1809 22 75 23 41 17 1 24 33 26 33 34 28
1810 22 123 40 22 36 28 27 26 24 13 34 28
1811 22 141 25 19 24 78 24 23 26 17 34 28
1812 22 130 39 33 31 1 29 30 28 33 34 28
1813 22 81 43 35 37 99 24 24 21 13 34 28
1814 22 92 27 33 33 1 27 37 32 27 34 29
1815 22 261 37 20 37 27 21 29 25 14 34 28
1816 22 177 30 13 38 36 19 21 23 1 34 28
1817 22 1 14 27 27 33 26 22 26 1 34 28
1818 22 94 43 21 40 1 25 36 29 33 35 28
1819 22 88 38 32 29 1 23 38 28 24 34 28
1820 22 93 28 37 25 1 24 41 25 38 35 28
1821 22 58 13 25 22 1 29 25 24 19 34 28
1822 22 95 23 34 19 19 21 23 32 75 35 28
1823 22 71 15 24 26 1 28 33 25 6 34 28
1824 22 123 43 27 34 21 25 24 29 34 34 28
1825 22 116 41 36 29 38 23 29 28 33 35 28
1826 22 159 36 27 32 37 23 30 32 34 34 28
1827 22 146 29 33 27 24 28 29 25 25 34 28
1828 22 90 16 19 24 1 18 32 30 27 34 28
1829 22 165 27 11 38 33 25 26 27 2 34 28
1830 22 130 19 15 29 1 20 1 30 17 34 28
1831 22 140 33 20 26 60 20 28 24 21 34 28
1832 22 61 41 27 36 47 21 37 27 31 34 28
1833 22 89 39 24 32 1 22 30 27 32 35 28
1834 22 60 26 24 28 8 23 24 18 7 34 28
1835 22 94 15 20 29 1 17 31 24 17 34 28
1836 22 143 31 33 28 1 24 34 32 38 34 28
1837 22 69 23 19 22 26 23 37 20 22 34 28
1838 22 89 39 39 29 62 22 29 35 26 34 28
1839 22 55 28 31 34 30 27 36 33 15 34 28
1840 22 289 27 29 21 52 23 33 27 34 34 28
1841 22 68 31 37 20 18 27 37 25 36 35 28
1842 22 187 45 15 31 50 27 26 32 25 34 28
1843 22 103 36 25 32 1 20 37 33 70 35 28
1844 22 120 27 13 32 39 22 26 22 5 34 28
1845 22 277 35 33 38 41 18 28 22 29 34 28
1846 22 118 34 35 23 88 20 24 28 25 34 28
1847 22 132 42 21 47 1 25 27 23 1 34 28
1848 22 154 28 28 34 27 24 22 33 80 34 28
1849 22 87 36 33 24 78 23 27 27 28 34 28
1850 22 119 27 33 17 2 16 25 27 43 34 28
1851 22 74 35 35 30 6 24 33 28 24 34 28
1852 22 60 31 32 25 36 21 25 52 20 34 28
1853 22 59 37 32 32 1 22 16 30 19 34 28
1854 22 162 44 40 33 88 23 31 30 23 34 28
1855 22 90 33 29 30 1 21 29 17 20 34 28
1856 22 127 25 25 20 20 21 28 26 21 34 28
1857 22 84 34 32 29 1 22 29 25 31 35 28
1858 22 115 31 15 35 41 24 27 29 58 35 28
1859 22 79 15 21 36 1 24 21 27 2 34 28
1860 22 72 9 33 15 4 24 23 28 22 34 28
1861 22 208 32 25 34 92 22 27 22 54 35 28
1862 22 60 26 21 31 43 28 34 37 19 34 28
1863 22 45 21 23 29 1 22 27 22 4 34 28
1864 22 1753 30 9 45 24 25 32 46 11 34 28
1865 22 141 39 37 27 24 18 28 33 29 34 28
1866 22 83 35 16 47 14 22 32 27 15 34 28
1867 22 89 34 24 39 42 24 32 26 7 34 28
1868 22 127 24 32 26 1 20 27 30 26 34 28
1869 22 100 24 25 25 1 22 33 20 24 34 28
1870 22 90 23 29 27 9 22 25 27 10 34 28
1871 22 408 38 36 35 63 18 34 34 9 34 28
1872 22 222 40 6 38 67 24 29 26 27 34 28
1873 22 1 9 36 25 1 22 23 17 1 34 28
1874 22 110 40 25 34 69 29 25 32 24 34 28
1875 22 48 28 34 30 35 25 35 33 12 34 28
1876 22 174 18 1 34 1 15 31 27 12 34 28
1877 22 113 41 23 38 22 23 19 28 23 34 28
1878 22 375 35 16 25 12 21 26 31 33 34 28
1879 22 93 27 28 29 27 22 35 25 32 34 28
1880 22 85 23 24 33 23 24 27 27 11 34 28
1881 22 146 26 32 25 1 24 32 32 34 34 28
1882 22 27 30 47 31 29 20 22 21 21 34 28
1883 22 162 23 15 26 1 24 39 31 18 34 28
1884 22 89 37 35 24 15 22 27 28 31 35 28
1885 22 92 36 35 26 1 20 23 23 25 34 28
1886 22 190 35 26 32 93 21 41 29 33 35 28
1887 22 240 32 17 37 45 22 14 29 8 34 28
1888 22 126 23 31 24 1 21 34 23 27 34 28
1889 22 109 51 43 32 1 32 32 43 38 35 28
1890 22 167 27 29 24 1 22 28 21 11 34 28
1891 22 1 19 34 29 1 31 23 27 8 34 28
1892 22 215 38 29 31 55 25 28 31 33 34 28
1893 22 40 25 36 23 1 24 27 22 28 34 28
1894 22 100 43 41 32 1 22 26 34 73 35 28
1895 22 86 41 36 33 39 22 32 21 28 34 28
1896 22 172 24 21 31 12 20 23 23 4 34 28
1897 22 150 20 16 32 15 23 30 29 16 34 28
1898 22 119 34 31 25 1 26 29 23 36 34 28
1899 22 188 20 24 16 11 24 30 19 25 34 28
1900 22 143 33 22 36 1 20 25 28 18 34 28
1901 22 58 19 25 27 19 21 17 27 1 34 28
1902 22 96 42 20 37 75 23 15 21 27 34 28
1903 22 123 29 28 30 29 26 33 29 20 34 28
1904 22 98 43 39 29 1 25 35 29 38 35 28
1905 22 151 36 25 40 1 16 25 26 10 34 28
1906 22 218 31 19 42 52 19 33 29 14 34 28
1907 22 247 36 23 32 48 20 27 29 7 34 28
1908 22 117 25 11 36 1 22 21 26 3 34 28
1909 22 70 41 30 32 29 21 23 26 19 34 28
1910 22 1 28 46 24 45 18 28 25 6 34 28
1911 22 90 35 32 26 90 30 32 23 27 34 28
1912 22 184 35 39 20 20 26 35 23 36 35 28
1913 22 144 40 23 33 81 21 30 27 15 34 28
1914 22 94 24 23 20 13 18 39 25 33 35 28
1915 22 77 18 16 27 18 25 20 32 8 34 28
1916 22 69 31 33 26 45 25 37 30 29 35 28
1917 22 161 41 21 42 99 27 27 33 6 34 28
1918 22 68 30 34 23 35 25 32 25 29 34 28
1919 22 47 23 21 29 1 23 26 28 4 34 28
1920 22 150 27 13 36 32 24 30 26 26 34 28
1921 22 143 44 29 35 71 27 31 33 22 34 28
1922 22 63 16 11 33 1 22 23 28 4 34 28
1923 22 1 7 21 22 1 25 38 24 6 34 28
1924 22 155 21 27 21 49 23 34 33 27 34 28
1925 22 82 31 34 25 65 29 33 34 32 35 28
1926 22 41 30 36 27 28 24 28 26 24 34 28
1927 22 150 36 34 25 19 25 32 27 30 34 28
1928 22 179 31 39 17 37 26 27 26 26 34 28
1929 22 73 33 24 22 20 22 30 37 24 34 28
1930 22 198 41 27 38 1 20 25 28 14 34 28
1931 22 68 38 36 25 39 26 18 32 19 34 28
1932 22 63 28 19 26 1 30 28 30 27 34 28
1933 22 78 25 34 25 4 29 22 27 21 34 28
1934 22 51 19 26 21 19 25 28 16 18 34 28
1935 22 64 36 43 23 53 26 29 23 27 34 28
1936 22 125 25 12 36 8 27 23 28 3 34 28
1937 22 119 51 21 40 53 21 21 23 32 35 28
1938 22 151 40 19 37 1 21 24 31 9 34 28
1939 22 165 26 34 29 1 18 20 20 10 34 28
1940 22 83 25 27 29 12 22 28 23 17 34 28
1941 22 105 41 24 29 74 25 26 28 17 34 28
1942 22 184 25 18 32 38 23 19 30 24 34 28
1943 22 181 45 23 41 1 20 25 29 16 34 28
1944 22 68 32 23 29 81 26 25 24 27 34 28
1945 22 122 31 23 34 72 27 28 23 6 34 28
1946 22 123 39 26 42 1 24 26 32 13 34 28
1947 22 76 30 33 27 64 24 34 25 17 34 28
1948 22 69 34 51 23 40 22 20 25 23 34 28
1949 22 132 37 13 36 71 22 32 33 11 34 28
1950 22 107 39 31 35 56 28 29 28 16 34 28
1951 22 127 48 19 34 1 19 27 26 33 35 28
1952 22 396 46 50 24 26 21 29 27 94 34 28
1953 22 276 31 14 40 52 22 20 23 16 34 28
1954 22 185 35 19 39 48 17 24 27 10 34 28
1955 22 47 26 19 30 4 26 24 32 7 34 28
1956 22 90 28 30 30 7 25 31 24 23 34 28
1957 22 84 40 28 31 3 27 22 31 29 35 28
1958 22 80 15 24 33 52 24 19 28 14 34 28
1959 22 100 24 18 11 14 19 14 30 73 35 28
1960 22 207 32 12 25 56 22 30 24 62 34 28
1961 22 90 41 20 42 27 24 28 21 22 34 28
1962 22 32 10 23 23 1 25 35 27 17 34 28
1963 22 85 36 38 26 39 29 20 30 18 34 28
1964 22 63 17 11 36 13 26 29 31 10 34 28
1965 22 167 34 21 33 1 19 23 27 23 34 28
1966 22 180 28 27 41 1 24 25 29 21 34 28
1967 22 90 40 20 39 74 23 20 25 70 35 28
1968 22 64 26 36 18 27 24 19 21 32 34 28
1969 22 312 29 28 19 66 24 40 24 96 34 28
1970 22 67 24 32 25 3 27 20 29 26 34 28
1971 22 1 14 37 17 1 30 28 25 9 34 28
1972 22 6 24 40 32 25 22 23 25 10 34 28
1973 22 72 31 19 35 24 25 23 28 16 34 28
1974 22 55 30 38 26 1 23 24 31 23 34 28
1975 22 125 47 18 47 102 23 33 28 13 34 28
1976 22 321 27 14 27 43 24 30 31 24 34 28
1977 22 62 43 35 22 45 25 33 24 22 34 28
1978 22 6 21 39 25 13 21 19 24 16 34 28
1979 22 313 40 17 43 1 21 36 33 18 34 28
1980 22 74 19 35 24 26 20 31 28 22 34 28
1981 22 1 27 52 23 61 22 1 33 8 34 28
1982 22 102 40 24 26 48 26 29 31 38 35 28
1983 22 100 29 18 25 15 27 26 27 27 34 28
1984 22 1 36 41 37 100 23 12 30 17 34 28
1985 22 45 29 37 28 19 24 20 22 20 34 28
1986 22 155 28 28 16 50 21 17 27 37 35 28
1987 22 81 11 1 34 14 22 17 30 5 34 28
1988 22 141 24 13 34 27 23 29 30 9 34 28
1989 22 80 28 30 20 31 25 31 35 35 34 28
1990 22 64 23 24 26 44 26 12 26 10 34 28
1991 22 1 27 30 35 11 24 31 27 6 34 28
1992 22 71 28 17 41 72 24 24 31 12 34 28
1993 22 160 24 34 23 10 24 40 33 22 34 28
1994 22 121 22 28 25 23 22 8 26 23 34 28
1995 22 56 18 15 37 7 23 34 25 8 34 28
1996 22 181 40 38 38 15 25 24 34 15 34 28
1997 22 102 30 37 23 38 25 23 25 27 34 28
1998 22 118 34 20 25 77 23 38 27 27 34 28
1999 22 216 43 39 22 9 19 29 32 39 35 28
2000 22 106 35 32 32 30 21 26 31 36 35 28
2001 22 134 53 30 37 57 20 23 32 22 34 28
2002 22 67 43 30 38 68 26 19 29 18 34 28
2003 22 41 23 39 23 14 28 22 23 19 34 28
2004 22 1 6 26 19 12 29 22 30 9 34 28
2005 22 64 35 22 32 25 28 29 23 18 34 28
2006 22 105 28 41 23 105 24 34 29 14 34 28
2007 22 6 32 32 38 1 21 24 31 5 34 28
2008 22 1 23 36 29 49 25 24 18 10 34 28
2009 22 93 20 10 25 17 17 25 22 11 34 28
2010 22 277 34 25 31 17 24 30 34 27 34 28
2011 22 94 46 44 28 45 25 31 29 34 35 28
2012 22 78 32 34 30 1 24 29 27 25 34 28
2013 22 210 41 40 31 1 26 31 32 34 35 28
2014 22 165 42 35 31 1 21 29 30 68 35 28
2015 22 85 24 38 19 1 20 40 28 32 34 28
2016 22 49 23 25 36 1 20 18 29 9 34 28
2017 22 103 24 26 21 64 24 31 23 26 34 28
2018 22 176 27 15 31 1 22 22 24 19 34 28
2019 22 114 18 14 30 1 25 30 28 17 34 28
2020 22 136 43 43 26 23 25 28 29 35 34 28
2021 22 105 34 20 34 59 24 31 31 20 34 28
2022 22 68 28 31 19 1 31 26 24 23 34 28
2023 22 1 10 38 22 16 22 24 36 8 34 28
2024 22 77 23 25 29 1 26 22 24 15 34 28
2025 22 191 43 49 28 162 21 27 31 26 34 28
2026 22 179 25 16 33 1 25 35 26 25 34 28
2027 22 197 45 20 39 83 23 26 24 20 34 28
2028 22 162 36 31 23 21 28 21 28 27 34 28
2029 22 141 46 31 33 66 31 14 35 33 34 28
2030 22 165 43 34 28 1 20 31 33 29 34 28
2031 22 99 32 43 31 36 21 23 22 16 34 28
2032 22 198 21 9 34 35 22 31 27 1 34 28
2033 22 109 21 33 16 1 25 26 25 31 35 28
2034 22 126 33 37 14 36 24 26 33 34 35 28
2035 22 221 37 40 29 53 25 25 21 23 34 28
2036 22 1 22 38 22 47 30 33 29 15 34 28
2037 22 111 36 31 30 47 21 1 28 20 34 28
2038 22 114 26 31 30 31 23 32 20 12 34 28
2039 22 228 22 29 26 76 23 33 27 14 34 28
2040 22 1 7 27 19 1 29 26 34 17 34 28
2041 22 120 21 32 17 22 27 31 28 30 34 28
2042 22 317 23 32 24 1 24 28 29 26 34 28
2043 22 154 24 16 28 1 27 23 28 25 34 28
2044 22 180 36 18 34 1 31 32 25 17 34 28
2045 22 213 27 27 30 9 22 18 26 6 34 28
2046 22 181 25 22 23 57 30 27 30 24 34 28
2047 22 114 39 33 36 79 25 25 26 42 35 28
2048 22 81 31 10 31 65 22 22 27 14 34 28
2049 22 89 39 23 32 47 24 35 31 25 34 28
2050 22 87 51 45 35 45 23 21 22 27 34 28
2051 22 176 38 32 32 80 25 21 26 18 34 28
2052 22 321 41 22 35 1 17 28 37 21 34 28
2053 22 68 21 33 25 47 25 1 17 14 34 28
2054 22 141 21 28 20 1 19 27 28 28 34 28
2055 22 84 32 36 24 29 20 14 29 159 35 28
2056 22 309 33 23 38 10 23 30 24 22 34 28
2057 22 183 28 29 23 105 25 27 31 67 34 28
2058 22 85 33 35 31 1 17 25 24 15 34 28
2059 22 137 28 14 30 40 21 24 22 87 34 28
2060 22 171 35 23 33 1 28 16 21 30 34 28
2061 22 133 55 33 34 9 28 37 21 30 35 28
2062 22 110 26 23 32 2 45 20 28 74 34 28
2063 22 40 19 38 23 18 22 31 23 29 34 28
2064 22 104 20 15 28 1 21 18 24 20 34 28
2065 22 1 25 29 32 54 23 24 23 2 34 28
2066 22 16 24 34 22 39 18 22 30 14 34 28
2067 22 388 34 41 18 54 28 42 31 38 34 28
2068 22 73 22 23 31 41 22 38 26 34 34 28
2069 22 427 39 29 29 35 21 28 31 36 34 28
2070 22 93 39 28 34 1 21 23 20 31 34 28
2071 22 161 32 25 32 1 27 32 25 27 34 28
2072 22 123 11 12 33 1 21 22 31 19 34 28
2073 22 101 32 40 20 1 25 29 26 37 34 28
2074 22 157 47 17 44 1 22 23 28 29 34 28
2075 22 163 35 19 38 1 22 21 26 2 34 28
2076 22 200 22 26 26 51 25 29 24 12 34 28
2077 22 252 30 36 25 41 26 21 25 18 34 28
2078 22 164 47 24 35 73 26 33 23 75 35 28
2079 22 58 33 33 23 109 30 27 22 30 35 28
2080 22 188 35 25 36 13 19 32 28 19 34 28
2081 22 133 31 39 36 1 24 26 29 34 35 28
2082 22 91 32 17 32 1 24 20 25 17 34 28
2083 22 198 23 14 35 3 21 28 31 17 34 28
2084 22 73 23 28 28 25 27 34 25 24 34 28
2085 22 152 34 23 23 1 20 21 27 35 35 28
2086 22 167 19 25 24 63 30 1 31 17 34 28
2087 22 83 40 19 40 40 25 28 26 22 34 28
2088 22 89 45 34 35 121 22 24 21 13 34 28
2089 22 110 28 16 37 24 24 20 31 1 34 28
2090 22 46 23 26 31 39 21 34 22 1 34 28
2091 22 474 48 35 31 56 19 29 21 30 34 28
2092 22 189 21 31 31 1 23 15 21 9 34 28
2093 22 100 26 11 38 1 20 25 28 1 34 28
2094 22 141 49 17 44 1 20 29 37 18 34 28
2095 22 65 24 22 30 4 26 30 36 7 34 28
2096 22 64 19 26 24 33 27 15 26 11 34 28
2097 22 99 21 17 32 8 22 26 27 1 34 28
2098 22 188 34 21 40 31 23 33 26 20 34 28
2099 22 76 37 48 22 65 22 24 27 25 34 28
2100 22 25 11 28 25 1 21 34 28 15 34 28
2101 22 138 31 35 24 51 23 21 28 35 35 28
2102 22 271 28 21 35 21 25 24 26 29 34 28
2103 22 71 35 26 36 14 21 20 22 23 34 28
2104 22 129 54 28 41 75 25 28 24 85 35 28
2105 22 94 31 26 24 6 26 29 30 70 34 28
2106 22 106 32 37 22 48 33 32 33 46 35 28
2107 22 175 34 17 24 51 20 24 26 31 34 28
2108 22 139 31 31 26 57 21 35 25 51 35 28
2109 22 698 20 23 28 161 25 25 24 316 34 28
2110 22 63 34 30 31 60 23 20 34 34 35 28
2111 22 107 22 19 32 47 22 16 17 5 34 28
2112 22 87 30 26 25 1 25 31 28 34 34 28
2113 22 160 35 47 27 18 22 35 39 34 34 28
2114 22 75 31 33 30 23 29 23 28 21 34 28
2115 22 67 24 25 31 1 19 24 26 13 34 28
2116 22 164 26 27 31 103 21 31 26 8 34 28
2117 23 79 34 33 26 33 22 26 23 21 34 29
2118 22 119 26 19 33 45 21 21 30 40 34 28
2119 22 479 41 41 28 59 25 34 31 38 34 28
2120 22 149 30 30 28 1 22 21 29 23 34 28
2121 22 79 33 11 30 41 23 15 29 9 34 28
2122 22 93 24 26 18 1 26 31 25 36 34 28
2123 22 109 24 23 28 61 20 10 23 5 34 28
2124 22 161 36 19 31 1 26 48 24 66 35 28
2125 22 153 39 19 41 7 18 22 29 7 34 28
2126 22 73 25 20 33 1 28 30 25 19 34 28
2127 22 109 43 18 37 1 19 29 30 30 34 28
2128 22 115 33 29 28 80 20 25 26 25 34 28
2129 22 126 49 12 36 82 23 18 26 26 34 28
2130 22 94 39 25 36 1 22 26 28 26 34 28
2131 22 1 15 27 30 1 25 20 27 9 34 28
2132 22 99 29 41 16 1 24 37 27 37 35 28
2133 22 1 20 31 26 78 24 23 31 7 34 28
2134 22 106 29 31 24 33 21 24 26 14 34 28
2135 22 111 47 34 36 79 23 1 32 19 34 28
2136 22 97 17 25 20 26 27 28 31 18 34 28
2137 22 80 34 24 25 47 29 36 31 31 35 28
2138 22 108 25 29 32 1 25 27 30 19 34 28
2139 22 106 52 49 30 1 19 34 30 42 35 28
2140 22 131 15 26 20 1 28 25 22 15 34 28
2141 22 54 32 24 29 25 23 36 25 25 34 28
2142 22 112 27 27 32 23 18 20 26 32 35 28
2143 22 86 35 34 25 81 24 29 28 29 34 28
2144 22 76 24 23 22 1 24 28 28 27 34 28
2145 22 119 31 32 39 1 23 27 37 17 34 28
2146 22 176 40 30 33 1 16 34 22 33 35 28
2147 22 122 34 32 28 13 24 32 28 24 34 28
2148 22 189 19 13 30 20 23 23 31 1 34 28
2149 22 144 22 34 24 35 26 31 29 24 34 28
2150 22 93 45 32 35 72 22 17 31 13 34 28
2151 22 88 24 27 27 36 24 28 33 24 34 28
2152 22 147 13 14 35 23 27 20 25 86 35 28
2153 22 135 35 30 24 24 25 25 31 37 35 29
2154 22 112 50 14 40 58 25 28 21 19 34 28
2155 22 190 53 27 33 61 26 29 35 41 35 28
2156 22 124 36 25 27 22 24 26 26 22 34 28
2157 22 251 38 5 27 44 23 21 24 19 34 28
2158 22 31 21 28 23 30 23 25 27 11 34 28
2159 22 50 12 13 34 1 22 32 32 12 34 28
2160 22 244 40 33 34 114 25 25 28 6 34 28
2161 22 321 46 33 33 15 25 34 30 23 34 28
2162 22 113 31 15 36 1 20 18 29 14 34 28
2163 22 130 49 37 35 28 24 25 31 32 35 28
2164 22 77 13 25 13 1 22 38 30 22 34 28
2165 22 170 23 21 30 49 24 26 27 90 34 28
2166 22 50 37 50 18 74 28 38 26 33 35 28
2167 22 90 38 12 38 110 28 21 30 21 34 28
2168 22 84 29 30 38 62 21 28 24 10 34 28
2169 22 78 33 40 20 24 28 25 29 24 34 28
2170 22 173 26 26 18 14 27 28 25 85 34 28
2171 22 166 23 4 36 1 22 22 22 6 34 28
2172 22 92 46 28 34 123 19 26 28 10 34 28
2173 22 104 28 20 31 37 21 21 32 4 34 28
2174 22 87 31 26 22 65 22 20 33 24 34 28
2175 22 90 41 34 40 1 21 30 29 24 34 28
2176 22 162 41 28 33 72 24 26 24 24 34 28
2177 22 93 33 33 27 15 21 25 24 33 35 28
2178 22 98 39 27 31 36 29 17 25 5 34 28
2179 22 154 31 29 17 51 24 25 28 11 34 28
2180 22 149 32 12 40 1 22 27 29 10 34 28
2181 22 62 35 42 25 20 25 32 29 21 34 28
2182 22 89 27 37 26 19 22 39 23 25 34 28
2183 22 1 1 22 19 1 22 1 29 1 34 28
2184 22 122 28 14 41 9 28 27 32 10 34 28
2185 22 108 16 20 36 1 25 30 19 13 34 28
2186 22 148 20 21 20 15 22 30 32 27 34 28
2187 22 131 31 30 24 1 21 31 22 21 34 28
2188 22 67 29 30 29 14 23 29 28 138 34 28
2189 22 1 26 29 27 103 26 25 634 7 34 28
2190 22 62 32 32 30 1 23 25 23 27 34 28
2191 22 99 44 26 30 47 21 31 23 26 34 28
2192 22 95 45 33 33 17 25 34 25 29 35 28
2193 22 5 19 30 31 1 24 30 22 2 34 28
2194 22 40 22 36 27 50 23 27 20 16 34 28
2195 22 113 35 29 32 12 23 33 28 13 34 28
2196 22 113 36 31 30 7 21 6 33 91 35 28
2197 22 238 29 13 35 19 19 31 28 11 34 28
2198 22 70 33 34 22 62 25 27 29 32 35 28
2199 22 199 26 17 31 1 20 1 31 21 34 28
2200 23 84 23 27 20 1 19 32 25 23 34 29
2201 22 210 39 32 29 10 24 29 26 24 34 28
2202 22 86 26 10 38 50 24 26 32 1 34 28
2203 22 183 42 30 25 82 27 20 25 28 35 29
2204 22 355 54 32 32 41 22 1 33 25 34 28
2205 22 182 15 24 19 29 24 27 30 8 34 28
2206 22 99 16 17 29 1 25 30 26 29 34 28
2207 22 52 20 28 29 17 24 27 26 11 34 28
2208 22 46 19 42 23 60 31 32 28 23 34 28
2209 22 88 36 30 25 1 26 32 24 28 34 28
2210 22 55 22 18 31 30 26 25 19 13 34 28
2211 22 55 21 22 32 20 23 20 29 9 34 28
2212 22 52 24 19 24 21 25 22 34 25 34 28
2213 22 1 16 25 29 2 26 31 33 7 34 28
2214 22 122 33 30 31 1 25 26 28 23 34 28
2215 22 97 47 32 45 1 21 26 23 19 34 28
2216 22 225 36 35 28 1 22 27 23 26 34 28
2217 22 97 25 25 32 24 19 31 27 25 34 28
2218 22 111 18 25 24 43 25 17 29 18 34 28
2219 22 154 57 30 42 1 22 27 31 27 34 28
2220 22 143 19 21 31 1 30 28 18 48 34 28
2221 22 150 36 24 35 1 22 25 23 12 34 28
2222 22 145 31 18 28 37 26 24 30 21 34 28
2223 22 194 35 42 24 80 16 21 28 25 34 28
2224 22 120 33 39 25 1 26 34 26 36 35 28
2225 22 228 37 25 41 1 23 26 30 25 34 28
2226 22 70 12 16 36 7 25 25 28 18 34 28
2227 22 106 28 28 21 11 21 29 18 26 34 28
2228 22 228 22 28 20 20 22 35 28 31 34 28
2229 22 1 5 30 22 1 24 23 26 15 34 28
2230 22 190 35 8 35 1 23 34 26 28 34 28
2231 22 157 33 33 27 1 18 25 30 13 34 28
2232 22 126 28 31 28 18 26 18 25 13 34 28
2233 22 98 24 34 32 1 29 21 35 13 34 28
2234 22 71 30 24 41 1 34 38 25 19 34 28
2235 22 141 35 19 35 11 24 32 30 108 35 28
2236 22 138 33 22 33 24 21 38 28 25 34 28
2237 22 102 38 50 24 58 22 27 31 31 35 28
2238 22 157 30 31 24 1 23 30 25 31 35 28
2239 22 60 34 18 40 63 23 34 28 6 34 28
2240 22 159 21 14 36 1 25 25 29 12 34 28
2241 22 99 33 27 28 58 26 29 35 31 35 28
2242 22 60 26 38 26 1 23 1 29 20 34 28
2243 22 113 33 29 25 42 25 26 25 21 34 28
2244 22 135 43 46 24 1 21 31 29 36 35 28
2245 22 172 42 24 41 107 28 21 29 14 34 28
2246 22 61 13 10 26 1 26 34 29 12 34 28
2247 22 1 13 34 31 1 23 24 25 51 34 28
2248 22 160 40 13 33 1 24 30 30 25 35 29
2249 22 17 9 28 24 1 21 27 20 14 34 28
2250 22 105 35 27 30 41 24 28 36 26 34 28
2251 22 66 14 22 28 37 24 30 31 16 34 28
2252 22 52 31 38 23 1 24 23 23 24 34 28
2253 22 144 32 28 27 11 22 35 23 20 34 28
2254 22 111 38 28 37 54 31 25 31 79 35 28
2255 22 167 22 15 32 42 26 23 27 100 34 28
2256 22 79 27 32 27 14 22 30 27 19 34 28
2257 22 328 32 12 42 20 22 30 30 11 34 28
2258 22 95 36 15 36 29 21 26 24 16 34 28
2259 22 216 21 17 23 9 17 33 26 26 34 28
2260 22 161 21 7 37 1 22 23 29 8 34 28
2261 22 117 37 30 30 54 24 10 30 25 34 28
2262 22 216 36 35 26 30 26 1 32 21 34 28
2263 22 55 40 41 42 19 20 29 28 13 34 28
2264 22 112 36 37 35 1 25 22 23 18 34 28
2265 22 250 39 24 32 1 24 17 19 17 34 28
2266 22 98 20 18 31 6 20 14 29 16 34 28
2267 22 1 8 39 27 15 21 1 30 5 34 28
2268 22 119 19 22 36 1 19 34 20 9 34 28
2269 22 81 32 21 32 25 24 28 25 14 34 28
2270 22 70 42 33 29 74 25 27 27 22 34 28
2271 22 83 39 36 34 21 25 30 24 19 34 28
2272 22 52 28 29 32 1 20 26 27 27 34 28
2273 22 105 42 28 33 55 23 1 27 27 34 28
2274 22 129 37 37 28 44 22 40 25 83 35 28
2275 22 119 44 25 35 38 27 33 26 24 34 28
2276 22 193 35 22 34 1 22 27 23 22 34 28
2277 22 72 24 8 39 1 25 24 29 9 34 28
2278 22 1 29 38 28 1 24 31 23 19 34 28
2279 22 100 32 28 36 1 22 26 28 12 34 28
2280 22 164 27 22 24 1 26 27 26 16 34 28
2281 22 137 16 18 25 1 20 33 22 12 34 28
2282 22 160 53 31 33 25 27 31 34 30 34 28
2283 22 260 31 29 24 32 20 37 28 20 34 28
2284 22 50 41 37 31 31 28 29 24 18 34 28
2285 22 1 25 51 28 91 27 30 29 13 34 28
2286 22 429 12 23 18 1 21 27 22 11 34 28
2287 22 110 23 29 28 44 23 23 20 13 34 28
2288 22 160 49 42 40 1 24 30 24 21 34 28
2289 22 97 32 23 35 1 20 28 27 15 34 28
2290 22 220 36 28 30 90 24 25 29 20 34 28
2291 22 72 25 18 21 25 23 27 25 28 34 28
2292 22 82 28 14 34 42 23 25 26 14 34 28
2293 22 123 24 25 19 1 23 24 22 27 34 28
2294 22 92 37 27 36 32 21 22 33 20 34 28
2295 22 247 39 30 28 52 21 34 22 29 34 28
2296 22 100 28 15 34 11 24 21 29 9 34 28
2297 22 254 22 21 22 8 22 25 28 22 34 28
2298 22 183 26 2 41 1 22 25 21 14 34 28
2299 22 102 20 34 25 23 23 31 24 10 34 28
2300 22 133 39 18 31 63 19 16 27 26 34 28
2301 22 229 29 33 28 1 22 25 26 156 34 28
2302 22 176 17 24 28 1 20 25 27 16 34 28
2303 22 207 31 20 44 1 23 24 29 19 34 28
2304 22 132 32 10 34 1 27 30 25 9 34 28
2305 22 109 35 21 34 38 26 27 28 19 34 28
2306 22 7 35 41 29 45 25 34 33 14 34 28
2307 22 98 24 20 42 1 21 34 29 14 34 28
2308 22 50 23 28 26 7 25 29 35 23 34 28
2309 22 172 28 33 24 1 22 23 27 28 34 28
2310 22 178 25 33 28 21 21 38 26 24 34 28
2311 22 117 42 13 45 1 19 32 33 32 35 28
2312 22 76 43 41 23 1 28 31 27 30 34 28
2313 22 80 27 19 26 67 20 29 26 18 34 28
2314 22 174 25 7 36 32 29 21 29 75 35 28
2315 22 144 416 274 20 2 24 27 24 25 34 28
2316 22 83 45 37 20 79 22 24 25 38 35 29
2317 22 195 26 43 17 1 25 35 26 32 34 28
2318 22 261 39 28 30 44 19 33 28 35 35 28
2319 22 145 25 26 19 27 28 28 21 17 34 28
2320 22 97 38 24 33 10 28 38 34 26 34 28
2321 22 104 18 19 31 42 26 35 21 72 34 28
2322 22 110 30 38 32 60 22 37 23 20 34 28
2323 22 113 43 31 31 80 21 9 31 28 34 28
2324 22 36 20 27 21 40 24 30 29 31 35 28
2325 22 71 33 24 27 116 23 24 27 23 34 28
2326 22 325 34 27 23 89 22 23 30 31 35 28
2327 22 139 12 27 26 5 24 25 30 60 35 28
2328 22 472 33 18 32 68 22 34 33 23 34 28
2329 22 101 18 26 28 33 23 31 21 15 34 28
2330 22 211 26 32 31 1 19 27 27 22 34 28
2331 22 53 35 36 27 12 18 31 30 22 34 28
2332 22 143 45 26 22 71 26 27 30 37 35 28
2333 22 70 30 21 31 80 23 28 28 17 34 28
2334 22 49 27 30 25 22 22 22 23 14 34 28
2335 22 102 39 30 27 25 18 15 27 17 34 28
2336 22 93 14 23 8 19 16 29 28 18 34 28
2337 22 258 20 27 31 1 20 31 25 13 34 28
2338 22 84 24 25 33 1 24 26 25 93 34 28
2339 22 225 49 43 26 61 26 30 24 33 35 28
2340 22 120 36 23 42 1 18 22 25 16 34 28
2341 22 222 21 22 23 42 17 18 28 12 34 28
2342 22 82 33 29 28 6 24 32 16 9 34 28
2343 22 125 18 31 22 1 23 26 24 21 34 28
2344 22 151 32 23 33 77 21 30 25 17 34 28
2345 22 149 54 29 37 44 20 28 29 36 35 28
2346 22 86 26 30 21 14 29 33 30 30 34 28
2347 22 426 40 22 42 1 28 30 36 21 34 28
2348 22 105 37 43 26 65 27 28 28 28 34 28
2349 22 196 27 33 20 35 22 29 25 34 35 28
2350 22 339 29 28 31 67 22 29 32 19 34 28
2351 22 68 23 29 27 1 21 24 28 18 34 28
2352 22 68 18 35 29 10 27 1 28 9 34 28
2353 22 94 49 26 41 1 22 17 26 17 34 28
2354 22 217 41 32 37 1 21 25 30 27 34 28
2355 22 164 28 30 19 1 24 31 26 75 34 28
2356 22 123 37 26 37 47 19 17 28 17 34 28
2357 22 137 34 8 41 1 19 1 26 26 34 28
2358 22 130 29 15 36 47 20 23 23 5 34 28
2359 22 43 23 29 34 1 23 33 25 6 34 28
2360 22 182 32 21 36 66 27 26 34 20 34 28
2361 22 117 11 21 23 1 26 34 26 19 34 28
2362 22 117 34 27 35 65 24 19 24 14 34 28
2363 22 71 27 34 22 8 21 22 18 17 34 28
2364 22 110 47 51 30 45 25 35 25 82 35 28
2365 22 68 32 27 36 39 24 28 23 7 34 28
2366 22 56 21 19 30 20 24 33 17 13 34 28
2367 22 142 36 35 30 1 26 32 32 25 34 28
2368 22 93 23 34 23 22 29 42 22 15 34 28
2369 22 1 17 43 15 80 19 31 20 17 34 28
2370 22 89 49 35 30 4 19 39 26 36 34 28
2371 22 175 24 15 31 35 25 27 22 20 34 28
2372 22 58 24 31 24 1 23 30 33 67 34 28
2373 22 72 37 26 32 1 27 39 27 25 34 28
2374 22 69 28 17 33 25 22 22 24 14 34 28
2375 22 98 36 17 28 5 22 32 18 26 34 28
2376 22 110 38 35 26 26 23 29 29 33 35 28
2377 22 178 30 20 29 56 25 13 25 22 34 28
2378 22 80 43 23 50 1 21 28 28 11 34 28
2379 22 209 50 34 41 30 23 30 27 27 34 28
2380 22 194 19 38 30 1 23 31 28 7 34 28
2381 22 185 45 34 44 95 25 28 26 8 34 28
2382 22 135 47 28 35 94 23 22 22 16 34 28
2383 22 100 37 30 36 60 19 37 19 27 34 28
2384 22 96 24 30 24 1 35 25 24 64 34 28
2385 22 78 31 35 30 47 22 38 29 22 34 29
2386 23 210 28 19 32 1 23 22 24 116 35 28
2387 22 89 35 19 39 52 22 18 33 3 34 28
2388 22 1 22 37 28 12 25 25 29 11 34 28
2389 22 220 36 31 35 56 17 29 31 10 34 28
2390 22 69 32 22 27 37 22 12 39 23 34 28
2391 22 80 17 35 18 1 22 31 20 60 34 28
2392 22 90 34 40 23 53 28 19 27 23 34 28
2393 22 137 26 12 40 1 28 22 26 4 34 28
2394 22 81 40 33 27 43 23 5 25 31 35 28
2395 22 355 41 16 38 1 23 35 26 14 34 28
2396 22 135 32 17 31 54 28 44 27 32 34 28
2397 22 59 14 26 34 1 23 40 23 8 34 28
2398 22 111 41 21 46 1 20 1 36 82 35 28
2399 22 230 31 42 24 2 25 25 26 22 35 29
2400 22 166 31 23 28 60 26 234 25 25 34 28
2401 22 108 50 30 45 16 25 34 27 19 34 28
2402 22 3 27 39 32 29 24 20 25 10 34 28
2403 22 283 27 33 31 51 26 23 29 8 34 28
2404 22 229 24 13 32 1 24 28 19 18 34 28
2405 22 82 19 29 13 2 22 23 30 28 34 28
2406 22 125 20 20 29 20 25 30 31 11 34 28
2407 22 230 35 37 21 76 24 28 25 34 35 28
2408 22 111 36 39 28 69 27 42 24 20 34 28
2409 22 125 27 23 33 71 24 20 27 14 34 28
2410 22 56 34 35 25 45 22 37 32 32 35 28
2411 22 163 26 23 37 49 19 21 24 1 34 28
2412 22 57 30 36 33 1 18 28 29 24 34 28
2413 22 103 9 18 22 59 26 35 27 71 34 28
2414 22 239 35 35 28 74 23 25 33 25 34 28
2415 22 1 16 26 31 1 25 26 30 16 34 28
2416 22 80 33 37 21 17 27 29 33 28 35 28
2417 22 130 20 24 22 1 24 28 29 50 34 28
2418 22 30 28 40 28 61 25 31 33 70 34 28
2419 22 119 32 30 30 31 20 28 25 20 34 28
2420 22 1 26 39 26 63 23 43 25 25 34 28
2421 22 210 31 26 37 10 19 22 17 6 34 28
2422 22 70 29 16 27 31 23 19 25 2 34 28
2423 22 490 24 29 29 2 26 29 28 16 34 28
2424 22 65 31 35 32 1 28 31 29 25 34 28
2425 22 130 34 20 25 50 24 31 33 24 34 28
2426 22 232 37 28 29 31 25 29 19 24 34 28
2427 22 52 30 34 26 1 24 31 31 29 34 28
2428 22 59 35 36 27 19 24 25 33 28 34 28
2429 22 118 24 30 28 53 23 24 27 24 34 28
2430 22 77 34 27 29 45 23 24 24 25 34 28
2431 22 201 11 15 29 1 22 27 28 107 34 28
2432 22 83 34 23 30 25 22 26 29 19 34 28
2433 22 101 60 31 42 107 18 22 30 27 34 28
2434 22 125 33 17 40 1 20 25 36 11 34 28
2435 22 290 43 19 47 1 21 28 27 1 34 28
2436 22 97 6 17 16 1 26 26 23 25 34 28
2437 22 91 42 31 27 35 21 28 26 26 34 28
2438 22 124 45 38 25 1 27 35 31 40 35 28
2439 22 157 34 25 33 76 24 31 24 154 35 28
2440 22 126 24 29 24 52 23 29 34 35 34 28
2441 22 119 54 31 36 51 29 40 25 34 35 28
2442 22 90 22 27 16 33 26 40 23 24 34 28
2443 22 187 29 17 25 43 22 38 31 123 34 28
2444 22 1 6 21 30 1 25 42 22 2 34 28
2445 22 81 31 27 34 22 22 32 22 12 34 28
2446 22 165 25 36 14 26 23 33 29 40 34 28
2447 21 1 23 36 28 52 24 41 29 12 34 28
2448 22 257 41 25 31 6 29 32 32 26 34 28
2449 22 216 24 28 22 2 22 32 23 22 34 28
2450 22 149 37 15 31 14 22 26 28 64 35 28
2451 22 190 33 18 38 1 23 29 29 79 35 28
2452 22 86 20 24 24 34 22 29 29 16 34 28
2453 22 154 28 17 33 20 25 23 25 1 34 28
2454 22 50 28 41 21 63 20 34 27 29 34 28
2455 22 286 32 41 30 61 21 27 28 22 34 28
2456 22 545 13 18 27 8 24 32 18 3 34 28
2457 22 121 29 14 28 19 27 28 25 17 34 28
2458 22 219 27 29 18 24 21 47 28 40 35 28
2459 22 101 36 26 28 72 23 36 27 18 34 28
2460 22 110 32 36 35 58 30 25 25 24 34 28
2461 22 1 35 46 32 112 22 25 33 22 34 28
2462 22 68 31 24 28 129 21 24 31 9 34 28
2463 22 194 39 43 23 1 20 37 30 36 35 28
2464 22 99 33 21 28 79 22 19 26 55 34 28
2465 22 86 24 7 32 8 19 24 26 23 34 28
2466 22 99 37 30 24 66 22 32 32 21 34 28
2467 22 327 41 24 32 35 25 37 24 33 35 28
2468 22 157 36 32 33 60 24 24 26 12 34 28
2469 22 102 27 32 20 1 26 31 24 35 34 28
2470 22 44 22 22 25 21 25 34 22 23 34 28
2471 22 79 27 31 31 6 26 39 28 20 34 28
2472 22 64 35 25 39 32 25 35 35 17 34 28
2473 22 72 40 33 25 65 24 32 103 42 35 28
2474 22 178 20 10 32 1 21 22 18 17 34 28
2475 22 105 35 19 41 54 22 31 28 60 34 28
2476 22 170 22 22 23 29 28 27 23 18 34 28
2477 22 144 41 29 40 6 22 37 28 24 34 28
2478 22 86 32 32 28 12 20 28 31 45 34 28
2479 22 78 20 17 29 55 26 32 21 7 34 28
2480 22 145 50 36 33 110 23 32 20 21 34 28
2481 22 142 44 27 35 82 25 25 22 15 34 28
2482 22 99 31 37 20 58 21 33 31 43 35 28
2483 22 164 31 24 34 9 25 15 31 23 34 28
2484 22 216 25 30 25 1 20 18 34 26 34 28
2485 22 102 32 15 27 9 23 26 17 10 34 28
2486 22 110 21 24 20 1 22 37 32 41 34 28
2487 22 97 21 27 23 1 21 25 29 18 34 28
2488 22 67 25 20 28 44 24 36 26 22 34 28
2489 22 9 5 45 11 1 19 1 34 7 34 28
2490 22 135 427 32 169 135 25 39 35 75 35 28
2491 22 588 37 29 36 1 22 36 30 20 34 29
2492 22 333 1 13 23 1 22 26 28 1 34 28
2493 22 102 30 23 36 38 20 30 26 10 34 28
2494 22 62 25 8 30 8 25 28 27 20 34 28
2495 22 157 26 32 27 1 25 37 25 34 34 28
2496 22 180 21 17 27 1 21 27 21 26 34 28
2497 22 110 45 23 31 13 25 24 30 29 34 28
2498 22 60 24 17 34 13 33 23 30 15 34 28
2499 22 182 36 39 27 61 24 37 24 30 35 28
2500 22 111 30 26 23 94 24 18 25 16 34 28
2501 22 136 28 20 38 60 25 24 35 16 34 28
2502 22 127 30 16 41 1 26 28 26 37 35 28
2503 22 140 24 7 40 40 23 25 23 4 34 28
2504 22 56 8 6 22 4 23 31 28 14 34 28
2505 22 234 40 24 26 29 24 18 28 27 34 28
2506 22 113 28 39 28 21 24 26 26 13 34 28
2507 22 73 17 17 29 1 29 25 27 22 34 28
2508 22 118 30 32 31 31 23 35 30 21 34 28
2509 22 674 33 36 22 28 26 38 27 41 35 28
2510 22 85 38 30 36 1 23 33 24 18 34 28
2511 23 113 37 14 41 54 25 26 25 3 34 28
2512 22 101 26 32 28 31 20 27 27 3 34 28
2513 22 80 36 17 39 93 17 21 29 5 34 28
2514 22 138 26 28 83 1 23 25 35 11 34 28
2515 22 115 30 23 30 91 27 27 26 13 34 28
2516 22 117 36 20 40 4 23 29 28 3 34 28
2517 22 162 26 19 31 47 29 27 25 17 34 28
2518 22 104 18 7 39 1 25 24 27 6 34 28
2519 22 247 27 24 35 24 25 23 30 8 34 28
2520 22 215 27 25 25 43 26 33 40 20 34 28
2521 22 54 25 17 42 1 23 33 22 14 34 28
2522 22 62 16 21 29 1 22 28 22 25 34 28
2523 22 145 34 9 37 14 27 24 30 22 34 28
2524 23 97 33 28 36 61 22 30 26 9 35 29
2525 22 124 30 38 16 1 22 36 24 35 35 28
2526 22 169 34 7 35 48 24 16 27 8 34 28
2527 22 206 35 31 21 1 19 27 31 22 34 28
2528 22 111 25 35 18 1 21 32 19 35 34 28
2529 22 132 27 21 37 18 17 26 30 7 34 28
2530 22 122 31 24 26 9 25 27 17 23 34 28
2531 22 83 42 43 30 43 25 24 34 23 34 28
2532 22 112 32 36 25 38 21 26 23 94 35 28
2533 22 118 35 31 30 6 23 33 20 72 35 28
2534 22 97 31 26 34 23 20 15 35 6 34 28
2535 22 102 36 27 34 39 21 1 24 15 34 28
2536 22 149 35 35 30 1 22 28 32 36 35 28
2537 22 96 43 41 29 57 21 34 26 35 34 28
2538 22 52 14 15 30 1 21 23 34 11 34 28
2539 22 112 24 33 33 18 27 36 25 14 34 28
2540 22 115 29 34 33 44 29 31 32 23 34 28
2541 22 5 27 31 28 1 18 24 19 9 34 28
2542 22 117 32 37 28 1 20 30 27 14 34 28
2543 23 103 31 35 35 1 24 4 30 8 34 28
2544 22 125 23 25 29 29 23 34 33 19 34 28
2545 22 264 33 16 34 1 22 1 20 23 34 28
2546 22 194 21 19 23 27 20 25 28 51 34 28
2547 22 133 38 25 35 62 29 28 27 16 34 28
2548 22 223 36 21 30 52 21 35 30 30 34 28
2549 22 404 26 14 39 1 23 30 22 1 34 28
2550 22 131 34 37 33 45 18 21 27 20 34 28
2551 22 105 12 17 19 41 27 33 25 12 34 28
2552 22 131 49 27 32 119 21 21 31 32 35 28
2553 22 142 28 27 29 1 26 31 29 18 34 28
2554 22 1 14 33 19 1 26 19 25 8 34 28
2555 22 104 15 26 22 15 22 16 13 13 34 28
2556 22 195 32 22 30 12 24 19 21 15 34 28
2557 22 92 16 24 15 16 29 26 29 28 34 28
2558 22 79 32 15 36 17 24 18 26 8 34 28
2559 22 80 35 37 29 1 21 38 23 33 35 28
2560 22 38 17 24 32 1 23 27 27 4 34 28
2561 22 97 24 28 19 4 21 28 23 21 34 28
2562 22 223 32 37 20 43 22 36 26 37 35 28
2563 22 127 35 33 34 31 20 27 26 10 34 28
2564 22 109 35 24 41 20 25 31 32 8 34 28
2565 22 129 38 8 40 1 24 40 22 31 35 28
2566 22 99 35 25 23 8 26 26 29 60 34 28
2567 22 101 13 26 19 26 30 27 21 24 34 28
2568 22 106 55 26 31 66 20 27 23 19 34 28
2569 22 85 38 27 32 71 22 35 26 28 34 28
2570 22 59 36 36 31 1 28 27 29 21 34 28
2571 22 127 36 35 24 7 25 23 33 29 34 28
2572 23 95 33 37 20 26 19 24 40 30 35 29
2573 22 108 25 12 33 1 16 22 30 21 34 28
2574 22 94 24 15 40 1 23 26 23 2 34 28
2575 22 75 44 40 30 22 24 31 30 22 34 28
2576 22 78 39 34 37 33 25 26 35 21 34 28
2577 22 91 25 19 20 33 26 31 27 34 34 28
2578 22 204 25 28 27 64 25 27 23 7 34 28
2579 22 196 46 25 39 60 24 24 29 21 34 28
2580 22 95 34 39 25 1 28 31 21 27 34 28
2581 22 98 41 39 34 1 17 37 33 29 34 28
2582 22 160 33 26 31 51 24 22 28 400 35 28
2583 23 81 37 37 25 64 25 30 34 25 35 29
2584 22 91 25 34 22 1 24 28 30 57 34 28
2585 22 73 32 23 35 41 21 31 19 21 34 28
2586 22 114 2 12 33 1 32 39 20 4 34 28
2587 22 268 37 35 36 1 23 30 24 113 35 28
2588 22 60 21 10 35 30 24 22 26 2 34 28
2589 22 303 19 37 15 32 26 33 28 22 34 28
2590 22 179 35 21 28 26 21 20 22 19 34 28
2591 22 18 34 49 18 84 29 29 24 28 34 28
2592 22 57 28 29 22 1 27 20 30 25 34 28
2593 22 131 27 29 26 1 22 13 25 18 34 28
2594 22 88 22 21 32 48 19 27 18 11 34 28
2595 22 281 47 35 34 39 19 7 37 30 35 28
2596 22 89 31 22 37 4 21 29 33 14 34 28
2597 22 550 30 25 43 2 19 35 30 11 34 28
2598 22 59 24 32 27 1 23 25 21 23 34 28
2599 22 130 44 26 36 67 25 34 26 61 34 28
2600 22 73 34 30 33 43 27 33 28 25 34 28
2601 22 114 41 38 31 1 25 28 27 23 34 28
2602 22 133 34 24 26 27 20 32 28 37 34 28
2603 22 277 26 17 28 56 25 28 28 14 34 28
2604 22 78 47 29 35 99 25 32 37 27 34 28
2605 22 53 12 21 24 1 24 18 22 17 34 28
2606 22 84 52 34 40 95 29 32 29 44 35 28
2607 22 77 36 41 25 77 26 35 31 28 34 28
2608 22 51 25 20 35 1 25 27 33 6 34 28
2609 22 123 16 8 19 15 35 25 25 13 34 28
2610 22 60 38 30 24 78 28 41 19 25 34 28
2611 22 134 48 44 25 99 26 26 32 37 35 28
2612 22 134 40 30 32 7 21 23 26 18 34 28
2613 22 37 25 29 30 11 26 35 28 14 34 28
2614 22 133 19 14 38 1 22 27 29 5 34 28
2615 22 183 29 15 34 20 21 28 31 29 34 28
2616 22 125 39 22 45 22 23 21 25 17 34 28
2617 22 104 31 32 27 1 19 26 25 27 34 28
2618 22 104 41 30 28 49 21 28 28 32 35 28
2619 22 109 27 20 32 1 28 26 21 23 34 28
2620 22 138 36 37 16 7 22 36 26 34 35 28
2621 22 53 14 31 8 22 23 34 27 22 34 28
2622 22 87 17 28 22 14 24 32 22 16 34 28
2623 22 95 27 38 27 30 27 25 31 27 34 28
2624 22 50 32 32 33 74 24 36 27 24 34 28
2625 22 264 24 24 30 1 19 25 28 20 34 28
2626 22 220 58 20 45 92 21 29 26 77 35 28
2627 22 70 18 26 22 1 27 18 36 20 34 28
2628 22 143 18 21 26 1 24 16 26 22 34 28
2629 22 77 29 33 27 1 20 32 32 65 34 28
2630 22 63 31 39 28 1 23 31 18 15 34 28
2631 22 79 39 25 36 81 23 29 29 22 34 28
2632 22 89 35 27 28 8 23 32 24 21 34 28
2633 22 78 25 14 34 38 22 34 30 7 34 28
2634 22 64 21 38 29 1 29 33 25 22 34 28
2635 22 1 28 43 21 11 28 32 23 26 34 28
2636 22 130 32 21 33 51 21 20 26 7 34 28
2637 22 76 31 37 26 31 22 18 29 15 34 28
2638 22 271 270 77 38 26 20 38 28 27 34 28
2639 22 51 21 36 25 5 27 1 32 15 34 28
2640 22 163 33 17 35 12 21 25 20 11 34 28
2641 22 80 26 36 27 1 28 24 26 23 34 28
2642 22 83 28 40 23 18 21 31 21 24 34 28
2643 22 105 25 22 31 18 21 27 27 6 34 28
2644 22 71 31 27 33 44 28 27 31 10 34 28
2645 22 96 34 30 24 27 23 34 27 35 35 28
2646 22 105 23 20 33 10 20 20 30 19 34 28
2647 22 254 27 21 28 1 27 27 28 18 34 28
2648 22 107 42 43 28 10 21 32 18 34 34 28
2649 22 201 41 35 33 3 27 32 29 25 34 28
2650 22 75 35 37 26 40 25 28 27 33 35 28
2651 22 143 42 20 45 1 23 22 25 19 34 28
2652 22 64 45 28 34 51 22 27 20 12 34 28
2653 22 111 52 43 36 1 19 38 33 38 35 28
2654 22 176 22 26 28 67 21 30 26 151 35 28
2655 22 126 21 17 26 1 26 25 25 19 34 28
2656 22 68 21 26 33 8 23 22 23 6 34 28
2657 22 131 26 20 33 3 24 33 25 21 34 28
2658 22 50 8 27 17 1 22 28 28 23 34 28
2659 22 228 32 21 31 5 26 25 19 16 34 28
2660 22 62 12 10 32 1 22 24 26 2 34 28
2661 22 233 29 15 41 1 23 25 24 3 34 28
2662 22 115 37 17 35 1 27 30 27 17 34 28
2663 22 134 31 7 31 1 25 28 31 24 34 28
2664 22 67 38 32 33 55 18 27 29 11 34 28
2665 22 63 4 85 23 1 27 32 23 22 34 28
2666 22 39 23 35 25 4 24 32 29 28 34 28
2667 22 172 38 35 34 66 22 25 27 20 34 28
2668 22 72 31 34 25 62 23 32 28 32 35 28
2669 22 488 26 24 29 3 18 36 20 25 34 28
2670 22 130 17 26 23 33 25 35 25 16 34 28
2671 22 161 36 33 23 31 24 15 27 23 34 28
2672 22 115 27 27 26 115 24 29 29 11 34 28
2673 22 238 46 23 35 112 21 26 29 25 34 28
2674 22 388 31 17 36 2 24 22 18 1 34 28
2675 22 166 25 17 29 51 24 27 25 4 34 28
2676 22 121 42 29 45 1 24 36 29 47 34 28
2677 22 62 18 14 29 1 26 22 32 21 34 28
2678 22 121 24 17 26 21 24 19 21 16 34 28
2679 22 42 31 34 20 60 24 19 25 17 34 28
2680 22 117 34 36 34 1 21 6 29 27 34 28
2681 22 61 31 39 33 1 19 22 28 34 35 28
2682 22 62 22 21 33 1 15 18 29 1 34 28
2683 22 61 30 16 39 1 24 19 27 4 34 28
2684 22 154 51 20 39 72 21 28 24 67 35 28
2685 22 70 19 25 25 6 23 24 27 13 34 28
2686 22 75 25 25 37 25 26 22 25 9 34 28
2687 22 129 17 9 32 1 23 37 23 15 34 28
2688 22 73 30 22 33 14 23 26 28 8 34 28
2689 22 122 32 32 20 8 24 38 29 34 35 28
2690 22 89 22 30 23 21 23 18 29 16 34 28
2691 22 70 22 20 35 1 18 24 31 1 34 28
2692 22 180 26 12 34 1 24 26 27 30 34 28
2693 22 161 47 46 30 46 24 30 40 73 34 28
2694 22 169 47 27 34 75 29 32 27 31 35 28
2695 22 93 27 53 12 43 28 39 28 39 34 28
2696 22 86 10 20 19 1 25 41 26 20 34 28
2697 22 79 25 32 31 1 16 32 27 25 34 28
2698 22 43 13 22 24 1 22 26 28 11 34 28
2699 22 167 59 22 43 12 21 30 27 30 34 28
2700 22 97 26 16 30 18 24 23 22 13 34 28
2701 22 241 36 41 24 66 20 40 30 22 34 28
2702 22 102 51 24 48 59 20 22 26 7 34 28
2703 22 628 35 30 24 1 25 31 25 36 35 28
2704 22 103 39 18 38 8 26 20 34 26 34 28
2705 22 1 7 27 22 35 25 46 26 8 34 28
2706 22 142 38 39 22 14 25 38 30 37 35 28
2707 22 82 28 17 36 12 21 24 32 3 34 28
2708 22 153 43 18 44 1 23 19 15 10 34 28
2709 22 151 44 12 43 39 19 24 28 11 34 28
2710 22 79 22 16 33 39 23 22 25 4 34 28
2711 22 73 27 33 23 1 19 28 31 36 34 28
2712 22 59 13 32 14 1 25 25 27 26 34 28
2713 22 91 22 23 16 1 20 34 22 53 34 28
2714 22 63 24 35 18 20 25 28 21 20 34 28
2715 22 278 33 22 30 53 23 25 34 12 34 28
2716 22 449 25 19 29 54 27 26 30 100 34 28
2717 22 80 32 29 22 30 20 33 30 26 34 28
2718 22 100 31 38 27 1 24 28 28 34 34 28
2719 22 81 29 27 30 3 24 32 26 11 34 28
2720 22 114 23 13 37 55 21 23 27 1 34 28
2721 22 120 42 41 23 66 25 32 30 44 35 28
2722 22 75 37 44 21 57 26 31 23 43 35 28
2723 22 243 31 19 34 1 22 20 29 44 35 28
2724 22 108 17 13 34 1 19 17 24 1 34 28
2725 22 104 30 23 32 1 20 23 27 21 34 28
2726 22 76 40 32 40 32 20 12 21 6 34 28
2727 22 271 32 19 22 62 28 42 30 27 34 28
2728 22 75 34 20 38 1 22 19 26 8 34 28
2729 22 68 22 32 29 22 27 1 29 11 34 28
2730 22 16 24 43 22 10 23 23 35 19 34 28
2731 22 103 31 9 27 45 26 5 25 32 34 28
2732 22 34 1 23 30 1 30 35 24 11 34 28
2733 22 81 24 27 28 1 20 37 30 32 34 28
2734 22 204 44 30 29 58 28 25 35 26 34 28
2735 22 400 35 20 42 67 20 31 19 8 34 28
2736 22 107 36 34 25 10 23 28 29 35 35 28
2737 22 122 28 20 39 1 17 28 39 176 34 28
2738 22 1 26 39 28 25 26 28 26 16 34 28
2739 22 140 37 20 34 58 23 29 31 6 34 28
2740 22 161 34 33 24 35 25 38 28 32 34 28
2741 22 128 43 26 28 115 25 29 25 96 35 28
2742 22 237 52 21 34 46 24 30 31 35 34 28
2743 22 77 35 39 24 1 22 26 27 32 34 28
2744 23 161 38 27 45 1 25 25 24 7 35 29
2745 22 113 40 35 28 54 26 23 26 18 34 28
2746 22 253 44 27 26 69 18 46 34 29 34 28
2747 22 197 34 28 28 49 22 31 33 30 34 28
2748 22 224 36 18 37 1 21 19 25 26 34 28
2749 22 117 36 17 45 1 15 17 28 1 34 28
2750 22 105 39 40 37 70 22 32 29 10 34 28
2751 22 163 48 24 26 1 22 30 27 31 34 28
2752 22 227 23 33 33 35 25 24 32 24 34 28
2753 22 108 29 21 28 21 24 23 26 21 34 28
2754 22 357 30 41 29 109 25 31 27 23 34 28
2755 22 100 33 30 38 92 23 27 28 7 34 28
2756 22 58 19 31 28 1 19 33 24 21 34 28
2757 22 155 41 25 29 38 22 25 32 33 35 28
2758 22 86 39 26 31 65 22 22 34 36 35 28
2759 22 95 46 32 31 20 20 34 24 32 34 28
2760 22 50 44 52 22 1 25 37 26 36 34 28
2761 22 113 34 32 28 55 25 43 28 21 34 28
2762 22 67 15 26 19 43 18 29 28 27 34 28
2763 22 123 33 24 37 1 24 25 23 10 34 28
2764 22 113 20 14 29 25 24 29 31 16 34 28
2765 22 65 46 34 27 56 27 24 29 22 34 28
2766 22 115 44 36 41 1 28 34 30 30 34 28
2767 22 183 36 44 23 1 24 30 31 41 35 28
2768 22 539 33 30 33 1 26 32 23 15 34 28
2769 22 121 32 17 41 1 21 27 25 6 34 28
2770 22 40 19 24 25 1 23 24 31 15 34 28
2771 22 49 26 23 29 43 26 25 24 14 34 28
2772 22 122 34 25 26 14 22 26 13 32 35 28
2773 22 105 44 39 28 1 22 43 25 41 34 28
2774 22 41 29 44 13 13 26 40 24 42 34 28
2775 22 74 51 29 34 90 17 25 31 25 34 28
2776 22 118 34 14 38 1 25 29 32 22 34 28
2777 22 60 28 34 24 1 25 27 27 30 34 28
2778 22 113 25 37 31 13 21 36 31 48 34 28
2779 22 78 26 23 33 1 23 26 35 9 34 28
2780 22 98 23 13 35 52 22 22 26 1 34 28
2781 22 53 30 36 21 29 24 27 31 32 34 28
2782 22 134 27 35 27 1 20 30 35 33 34 28
2783 22 149 39 35 29 43 19 27 32 141 35 28
2784 22 110 36 30 31 36 25 46 26 30 35 28
2785 22 216 35 14 44 1 22 28 22 1 34 28
2786 22 134 25 28 21 15 19 38 22 34 34 28
2787 22 86 26 29 30 1 23 25 26 10 34 28
2788 22 141 31 4 36 1 22 27 31 28 34 28
2789 22 119 26 34 38 1 19 30 20 10 34 28
2790 22 66 31 34 27 1 26 34 19 8 34 28
2791 22 137 41 46 22 25 25 38 24 45 34 28
2792 22 239 32 29 19 8 27 22 29 39 34 28
2793 22 85 21 9 36 3 19 25 31 1 34 28
2794 22 67 40 31 43 69 17 28 26 12 34 28
2795 22 109 41 38 31 1 24 26 26 39 34 28
2796 22 81 178 27 29 10 25 16 32 32 34 28
2797 22 176 37 25 35 1 20 26 26 27 34 28
2798 22 101 26 30 23 8 27 41 27 32 35 29
2799 22 209 39 34 22 49 27 36 28 45 35 28
2800 22 70 39 27 33 103 21 27 24 10 34 28
2801 22 144 36 22 37 1 26 29 27 30 34 28
2802 22 115 31 17 37 1 22 15 23 45 34 28
2803 22 1 16 37 19 25 25 30 34 15 34 28
2804 22 99 31 32 27 12 25 18 26 15 34 28
2805 22 43 13 28 16 12 20 29 22 25 34 28
2806 22 124 35 39 24 37 23 42 28 28 34 28
2807 22 102 41 30 31 29 26 28 25 23 34 28
2808 22 102 22 26 25 46 22 27 24 10 34 28
2809 22 59 35 30 36 47 25 38 24 17 34 28
2810 22 115 48 29 32 66 22 31 29 17 34 28
2811 22 63 34 25 37 58 23 33 27 20 34 28
2812 22 196 28 8 38 20 25 26 22 15 34 28
2813 22 1 7 33 23 10 22 22 25 10 34 28
2814 22 135 55 33 38 1 25 30 28 43 34 28
2815 22 148 52 38 26 87 25 25 21 26 34 28
2816 22 108 32 15 38 34 20 25 29 13 34 28
2817 22 82 27 30 32 1 21 20 23 7 34 28
2818 22 94 31 22 30 65 22 20 24 16 34 28
2819 22 80 3 17 22 1 25 28 23 10 34 28
2820 22 231 41 26 37 70 23 19 31 9 34 28
2821 22 390 30 32 36 13 22 30 31 28 34 28
2822 22 167 24 27 30 17 20 28 31 53 34 28
2823 22 103 34 29 39 55 21 22 30 1 34 28
2824 22 74 46 43 28 108 19 28 22 22 34 28
2825 22 69 31 11 46 14 20 27 28 11 34 28
2826 22 222 28 33 16 54 22 31 21 35 35 28
2827 22 130 45 20 33 110 23 1 27 18 34 28
2828 22 79 29 13 39 8 20 24 21 1 34 28
2829 22 159 32 30 27 59 23 29 28 18 34 28
2830 22 73 19 24 14 10 21 55 24 32 34 28
2831 22 151 35 26 24 88 25 30 30 18 34 28
2832 22 46 36 45 20 54 24 31 23 33 35 28
2833 22 162 20 26 21 16 21 25 30 24 34 28
2834 22 460 22 28 21 11 24 33 22 20 34 28
2835 22 125 34 29 37 1 18 29 27 15 34 28
2836 22 135 42 19 39 28 25 31 34 16 34 28
2837 22 125 34 31 20 42 20 34 26 34 34 28
2838 22 386 35 17 36 6 24 29 25 126 34 28
2839 22 1 13 20 27 51 20 17 29 4 34 28
2840 22 111 27 26 22 27 23 43 27 20 34 28
2841 22 163 32 16 27 33 28 17 27 24 34 28
2842 22 83 27 27 21 1 25 24 34 37 34 28
2843 22 91 27 31 21 9 22 31 27 39 34 28
2844 22 83 26 28 28 1 24 41 24 23 34 28
2845 22 235 26 26 29 1 23 27 18 13 34 28
2846 22 64 37 30 24 35 21 31 28 21 34 28
2847 22 76 29 13 37 1 20 24 26 20 34 28
2848 22 132 45 26 41 29 25 50 28 30 34 28
2849 22 77 35 26 24 53 25 19 20 5 34 28
2850 22 164 36 15 30 1 22 28 27 25 34 28
2851 22 229 22 2 31 16 25 15 17 23 34 28
2852 22 201 34 33 29 39 21 31 27 24 34 28
2853 22 114 22 19 21 30 22 23 28 26 34 28
2854 22 67 22 24 25 26 29 23 19 12 34 28
2855 22 256 41 35 32 30 30 29 27 29 34 28
2856 22 158 39 35 32 91 27 26 27 26 34 28
2857 22 82 38 27 33 25 23 19 22 24 34 28
2858 22 311 27 26 27 15 24 33 25 24 34 28
2859 22 61 27 30 32 1 23 22 28 10 34 28
2860 22 267 45 28 33 102 24 30 32 27 34 28
2861 22 87 25 33 17 54 23 19 21 70 34 28
2862 22 100 27 43 21 1 24 26 26 15 34 28
2863 22 204 34 29 34 1 22 28 31 80 35 28
2864 22 90 31 26 28 64 24 30 32 13 34 28
2865 22 269 53 23 27 107 22 10 29 29 34 28
2866 22 142 48 28 30 1 19 23 19 39 34 28
2867 22 335 44 28 45 1 18 37 27 24 34 28
2868 22 86 37 23 29 1 21 26 32 36 34 28
2869 21 1 19 36 24 50 24 35 27 7 34 28
2870 22 89 22 5 34 1 20 28 29 19 34 28
2871 22 67 35 30 36 17 26 38 39 18 34 28
2872 22 165 29 31 21 48 24 31 26 29 34 28
2873 22 221 23 17 26 5 27 26 25 23 34 28
2874 22 1 8 31 22 6 24 34 24 14 33 27
2875 22 190 30 28 25 1 27 1 29 23 34 28
2876 22 72 37 23 38 134 25 24 33 16 34 28
2877 22 108 30 23 31 34 24 17 16 5 34 28
2878 22 93 44 27 30 18 26 37 21 26 34 28
2879 22 105 36 20 32 113 19 22 21 1 34 28
2880 22 179 19 22 27 1 20 28 18 14 34 28
2881 22 80 33 26 32 117 24 31 30 13 34 28
2882 22 70 27 23 30 4 26 34 31 36 34 28
2883 22 205 34 30 25 14 27 37 22 30 34 28
2884 22 123 12 23 14 24 27 38 24 17 34 28
2885 22 126 22 17 28 36 22 22 31 5 34 28
2886 22 166 27 25 31 97 21 19 24 10 34 28
2887 22 205 29 37 28 1 18 40 29 24 34 28
2888 22 114 23 25 31 1 23 29 19 12 34 28
2889 22 127 22 20 20 13 25 28 22 28 34 28
2890 22 22 32 43 33 93 24 2 32 7 34 28
2891 22 27 22 31 21 41 29 23 26 23 34 28
2892 22 98 33 25 23 13 25 23 27 26 34 28
2893 22 74 21 30 23 59 24 1 31 11 34 28
2894 22 167 35 11 31 11 23 38 29 27 34 28
2895 22 132 36 35 32 126 25 31 26 20 34 28
2896 22 23 7 31 20 3 23 34 27 16 34 28
2897 22 93 49 27 35 25 21 40 26 33 35 28
2898 22 59 21 31 22 24 20 31 32 28 34 28
2899 22 75 26 24 30 20 21 22 26 10 34 28
2900 22 87 23 10 46 19 28 29 34 1 34 28
2901 22 166 49 26 40 1 22 26 29 27 34 28
2902 22 69 28 28 30 1 22 34 23 15 34 28
2903 22 1 20 46 26 4 26 1 31 15 34 28
2904 22 77 25 32 24 48 25 24 30 25 34 28
2905 22 198 38 23 32 42 27 32 31 17 34 28
2906 22 166 43 34 34 51 23 23 26 25 34 28
2907 22 1 30 41 24 40 26 36 28 8 34 28
2908 22 141 33 22 39 26 22 26 24 22 34 28
2909 22 1 8 30 20 33 28 29 27 19 34 28
2910 22 99 33 30 35 1 22 35 30 27 34 28
2911 22 162 26 24 26 9 25 27 20 18 34 28
2912 22 60 15 17 30 1 22 27 26 10 34 28
2913 22 278 41 35 34 73 26 33 16 21 34 28
2914 22 361 40 35 26 46 18 27 31 32 35 28
2915 22 93 18 26 20 27 20 31 26 35 34 28
2916 22 74 25 33 22 50 26 16 22 13 34 28
2917 22 174 34 27 29 47 25 31 24 24 34 28
2918 22 89 30 26 27 1 21 35 24 19 34 28
2919 22 138 27 15 36 42 22 29 33 12 34 28
2920 22 243 24 32 25 48 25 37 21 28 34 28
2921 22 144 29 35 25 1 22 31 24 18 34 28
2922 22 165 34 27 29 1 24 27 33 25 34 28
2923 22 75 27 15 30 1 26 31 21 15 34 28
2924 22 150 46 32 37 62 23 28 24 23 34 28
2925 22 87 10 14 31 1 20 22 25 53 34 27
2926 22 180 33 35 21 33 28 34 20 32 34 28
2927 22 132 30 13 37 1 24 19 24 1 34 28
2928 22 1 22 42 24 58 25 21 28 9 34 28
2929 22 139 20 14 33 1 25 24 30 25 34 28
2930 22 114 28 28 34 1 20 22 31 81 34 28
2931 22 125 24 23 39 1 26 1 33 9 34 28
2932 22 130 24 18 24 32 25 20 28 14 34 28
2933 22 144 36 31 28 28 25 22 26 8 34 28
2934 22 1 6 19 26 1 22 31 24 7 34 28
2935 22 74 30 32 29 106 20 25 29 18 34 28
2936 22 80 22 28 21 32 26 35 26 32 34 28
2937 22 1 26 44 22 7 16 22 21 11 34 28
2938 22 103 28 24 37 1 22 21 26 12 34 28
2939 22 202 31 9 35 1 26 39 27 26 34 28
2940 22 1 9 22 27 1 22 47 22 7 34 28
2941 22 430 38 32 24 19 21 32 26 21 34 28
2942 22 122 19 22 25 12 21 30 23 12 34 28
2943 22 124 22 24 23 1 24 20 22 15 34 28
2944 22 323 32 35 28 68 27 33 32 21 34 28
2945 22 301 41 30 30 86 20 33 26 26 34 28
2946 22 80 19 24 28 7 25 28 28 22 34 28
2947 22 151 23 22 26 1 23 33 21 21 34 28
2948 22 138 42 23 41 83 21 22 25 8 34 28
2949 22 135 36 10 30 38 20 28 34 25 34 28
2950 22 119 20 11 28 1 26 22 30 14 34 28
2951 22 80 30 23 21 54 18 23 28 10 34 28
2952 22 107 35 40 22 58 20 28 37 38 35 28
2953 22 341 39 32 32 1 20 39 22 29 34 28
2954 22 131 38 37 29 69 22 32 24 19 34 28
2955 22 86 47 29 36 66 23 30 24 26 34 28
2956 22 99 34 36 31 26 26 25 22 22 34 28
2957 22 164 38 27 34 92 20 33 36 29 34 28
2958 22 189 43 30 34 53 22 28 32 26 34 28
2959 22 110 37 45 28 45 22 29 23 29 34 28
2960 22 677 47 15 42 1 26 39 22 21 34 28
2961 22 124 17 19 28 7 21 1 31 16 34 28
2962 22 62 40 26 40 114 19 27 30 14 34 28
2963 22 79 31 12 36 1 23 15 27 20 34 28
2964 22 173 45 26 32 100 20 24 31 69 34 28
2965 22 71 30 34 27 2 24 35 27 29 34 28
2966 22 133 39 22 32 109 23 19 29 18 34 28
2967 22 71 33 24 36 1 19 25 26 12 34 28
2968 22 127 25 26 31 17 20 29 27 13 34 28
2969 22 108 19 31 35 1 19 25 41 7 34 28
2970 22 121 58 30 39 55 20 25 35 29 34 28
2971 22 122 44 28 36 31 25 22 25 26 34 28
2972 22 69 23 29 28 49 24 28 25 15 34 28
2973 22 97 16 25 21 1 22 28 25 25 34 28
2974 22 138 42 22 42 84 23 23 28 12 34 28
2975 22 89 32 34 30 94 21 360 33 27 34 28
2976 22 93 36 17 34 45 25 19 25 26 34 28
2977 22 384 33 35 29 46 22 31 26 26 34 28
2978 22 257 37 29 36 47 26 38 24 25 34 28
2979 22 164 24 20 24 38 22 27 16 13 34 28
2980 22 213 22 21 28 1 17 28 20 11 34 28
2981 22 88 37 23 40 108 19 25 30 9 34 28
2982 22 92 29 20 34 1 20 21 25 17 34 28
2983 22 68 16 19 32 1 21 37 25 10 34 28
2984 22 73 31 10 43 86 23 29 31 9 34 28
2985 22 169 26 13 34 54 19 30 33 6 34 28
2986 22 63 32 26 32 1 24 34 20 29 34 28
2987 22 404 27 28 30 1 22 38 35 28 34 28
2988 22 191 31 34 31 1 17 30 21 24 34 28
2989 22 169 25 38 16 1 25 38 25 29 34 28
2990 22 75 20 26 26 47 19 34 28 12 34 28
2991 22 174 40 24 25 31 24 35 26 31 34 28
2992 22 180 39 27 36 22 25 26 28 17 34 28
2993 22 225 19 21 25 34 29 24 28 13 34 28
2994 22 121 28 16 30 59 29 27 27 10 34 28
2995 22 224 34 30 32 9 26 28 24 28 34 28
2996 22 36 24 29 26 102 25 39 27 16 35 29
2997 22 138 38 17 41 49 23 32 30 9 34 28
2998 22 160 26 23 25 82 24 27 22 12 34 28
2999 22 377 50 28 37 1 28 20 28 79 34 28
3000 22 152 38 30 35 71 25 29 32 17 34 28
3001 22 143 32 30 38 1 17 27 30 26 34 28
3002 22 174 22 18 26 1 23 34 19 17 34 28
3003 22 146 27 19 32 35 29 28 34 16 34 28
3004 22 808 35 43 31 1 23 31 24 26 34 28
3005 22 111 29 21 32 5 26 36 31 26 34 28
3006 22 125 26 38 23 38 22 24 17 17 34 28
3007 22 858 35 28 27 43 22 38 19 15 34 28
3008 22 62 22 23 29 1 20 29 31 20 34 28
3009 22 131 32 11 42 18 28 24 32 60 34 28
3010 22 97 39 33 30 52 25 31 33 22 34 28
3011 22 104 36 33 29 69 17 22 24 18 34 28
3012 22 68 32 31 25 46 24 25 23 11 34 28
3013 22 180 41 17 34 1 29 31 30 27 34 28
3014 22 94 44 28 37 52 24 22 26 26 34 28
3015 22 96 39 15 33 5 24 21 25 30 35 28
3016 22 133 38 39 30 80 25 23 29 70 34 28
3017 22 131 38 28 38 97 21 35 31 22 34 28
3018 22 129 37 26 30 61 25 33 33 67 34 28
3019 22 84 26 19 34 1 24 31 22 16 34 28
3020 22 113 52 27 43 1 24 34 36 26 34 28
3021 22 160 39 15 38 45 22 30 29 12 34 28
3022 22 199 43 33 39 106 22 18 34 61 34 28
3023 21 1 20 41 20 35 23 23 23 16 34 28
3024 22 108 29 26 29 1 22 33 25 25 34 28
3025 22 102 23 27 31 1 20 32 21 18 34 28
3026 22 116 36 19 36 53 19 37 27 23 34 28
3027 22 90 23 24 30 1 19 23 28 11 34 28
3028 22 234 26 26 26 12 28 29 22 36 34 28
3029 22 168 34 24 43 1 21 39 30 19 34 28
3030 22 113 41 32 35 1 20 32 31 32 35 28
3031 22 154 26 34 25 1 19 36 21 25 34 28
3032 22 64 19 15 30 1 27 23 27 14 34 28
3033 22 108 20 24 28 33 25 20 31 25 34 28
3034 22 119 44 23 36 67 19 33 25 14 34 28
3035 22 84 23 16 26 1 25 1 22 20 34 28
3036 22 233 28 119 57 169 27 39 29 25 34 28
3037 22 143 28 16 30 10 20 27 29 96 35 28
3038 22 413 31 20 29 63 26 32 38 23 34 28
3039 22 199 27 30 13 30 20 41 28 35 34 28
3040 22 163 19 25 19 5 24 38 28 26 34 28
3041 22 149 27 28 30 1 18 31 25 27 34 28
3042 22 78 18 19 36 2 25 27 34 17 34 28
3043 22 104 37 36 27 1 23 34 27 39 35 28
3044 22 82 34 21 37 1 26 26 29 4 34 28
3045 22 138 23 30 17 25 28 27 29 22 34 28
3046 22 213 27 12 43 43 29 34 27 22 34 28
3047 22 166 25 33 23 23 21 34 23 25 34 28
3048 22 160 33 24 26 18 24 26 25 31 35 28
3049 22 101 37 21 41 55 22 35 29 41 34 28
3050 22 85 30 30 22 26 25 35 20 25 34 28
3051 22 66 19 31 10 19 23 24 30 31 34 28
3052 22 143 25 28 25 1 23 34 28 118 34 28
3053 22 74 30 24 23 7 24 28 25 17 34 28
3054 22 232 32 32 24 1 25 40 29 30 34 28
3055 22 15 18 30 16 31 27 21 27 14 34 28
3056 22 31 3 24 28 1 20 23 24 2 34 28
3057 22 157 31 37 29 49 20 35 25 57 35 28
3058 22 105 34 39 31 56 20 19 24 10 34 28
3059 22 146 29 37 25 1 28 29 33 29 34 28
3060 22 1 16 41 19 15 24 27 31 18 34 28
3061 22 82 31 16 35 72 24 21 34 16 34 28
3062 22 676 20 30 13 1 21 37 29 38 34 28
3063 22 84 28 33 22 55 27 23 24 23 34 28
3064 22 56 27 23 28 26 32 37 25 28 34 28
3065 22 1 18 39 19 16 25 34 30 77 34 28
3066 22 68 27 33 28 33 21 25 28 64 34 28
3067 22 92 22 25 27 58 25 29 29 24 34 28
3068 22 109 31 27 24 4 25 13 31 29 34 28
3069 22 173 34 13 40 1 21 30 28 9 34 28
3070 22 108 32 27 29 9 27 26 21 24 34 28
3071 22 126 43 38 24 62 30 21 26 32 34 28
3072 22 157 23 19 29 1 19 24 30 13 34 28
3073 22 143 37 34 28 1 25 29 27 30 34 28
3074 22 81 28 29 28 53 27 25 25 13 34 28
3075 22 88 20 17 31 48 21 32 24 55 34 28
3076 22 57 35 35 27 74 18 32 28 17 34 28
3077 22 228 20 22 23 71 22 28 23 7 34 28
3078 22 310 20 24 25 1 26 39 24 28 34 28
3079 22 235 32 19 36 1 22 21 28 91 34 28
3080 22 83 16 12 37 34 24 27 27 1 34 28
3081 22 1 26 39 25 55 28 33 23 13 34 28
3082 22 273 33 15 37 1 20 29 33 25 34 28
3083 22 418 19 7 39 24 23 24 21 159 35 28
3084 22 91 19 21 29 6 26 25 25 14 34 28
3085 22 47 31 31 35 1 25 31 20 9 34 28
3086 22 69 10 25 23 1 19 31 32 25 34 28
3087 22 137 26 27 25 1 26 31 23 32 34 28
3088 22 204 17 24 30 42 24 32 21 1 34 28
3089 22 94 37 31 30 53 24 28 39 18 34 28
3090 22 137 25 28 22 67 24 1 18 21 34 28
3091 22 118 28 40 17 30 21 26 39 29 34 28
3092 22 169 33 36 25 21 24 28 28 19 34 28
3093 22 84 38 33 34 122 29 27 23 16 34 28
3094 22 321 41 20 30 81 26 38 25 38 34 28
3095 22 97 26 16 25 19 23 18 29 25 34 28
3096 22 73 26 27 39 1 23 20 22 7 34 28
3097 22 172 31 21 31 114 21 21 22 9 34 28
3098 22 286 39 43 33 62 22 37 28 31 34 28
3099 22 229 24 31 23 35 24 27 22 23 34 28
3100 22 1 28 33 33 54 17 26 27 4 34 28
3101 22 69 29 17 32 42 25 19 25 5 34 28
3102 22 179 50 16 37 23 18 24 30 74 34 28
3103 22 42 21 29 23 28 23 30 27 23 34 28
3104 22 134 30 36 22 5 24 26 27 72 35 28
3105 22 136 24 11 29 49 17 28 22 3 34 28
3106 22 156 19 7 29 20 24 30 25 18 34 28
3107 22 63 16 20 20 33 19 23 20 7 34 28
3108 22 150 38 44 22 25 20 34 35 43 34 28
3109 22 95 38 43 29 104 21 30 32 56 34 28
3110 22 82 28 29 35 42 26 17 28 1 34 28
3111 22 144 44 8 41 1 20 25 23 22 34 28
3112 22 93 37 18 29 1 20 22 29 23 34 28
3113 22 146 36 21 35 60 19 37 25 20 34 28
3114 22 178 14 22 26 1 25 24 24 17 34 28
3115 22 167 43 35 26 1 26 29 27 38 34 28
3116 22 85 36 33 28 11 25 32 34 38 35 28
3117 22 115 47 18 44 118 19 23 28 2 34 28
3118 22 94 31 38 23 63 34 29 27 29 34 28
3119 22 100 42 38 29 6 23 33 22 36 35 28
3120 22 94 34 39 26 84 23 33 30 32 34 28
3121 22 124 22 32 16 5 21 32 23 37 34 28
3122 22 70 31 27 36 61 25 30 28 14 34 28
3123 22 113 38 28 27 51 26 24 33 33 34 28
3124 22 90 36 16 42 90 22 36 22 11 34 28
3125 22 95 28 32 24 15 26 45 24 34 34 28
3126 22 1 14 29 26 1 19 1 31 1 34 28
3127 22 37 28 37 22 34 22 25 33 25 34 28
3128 22 182 45 24 42 1 24 29 34 12 34 28
3129 22 115 51 28 31 20 21 34 26 36 35 28
3130 22 152 26 21 25 1 28 34 23 32 35 28
3131 22 187 48 38 31 1 23 34 28 86 35 28
3132 22 159 47 34 33 19 19 28 31 24 34 28
3133 22 122 45 36 39 95 21 27 24 20 34 28
3134 22 248 36 29 37 44 27 22 32 18 34 28
3135 22 485 35 29 29 28 26 31 30 18 34 28
3136 22 67 28 29 33 1 18 24 28 12 34 28
3137 22 65 23 25 24 30 25 25 30 33 34 28
3138 22 168 28 30 28 43 25 31 30 31 34 28
3139 22 217 18 17 28 1 23 37 31 27 34 28
3140 22 81 37 28 33 9 26 23 25 31 34 28
3141 22 62 32 29 35 29 25 17 29 17 34 28
3142 22 61 25 30 26 14 21 25 35 23 34 28
3143 22 116 41 22 36 82 20 16 25 17 34 28
3144 22 132 34 31 29 25 27 33 22 87 34 28
3145 22 137 37 29 29 1 25 34 35 33 35 28
3146 22 153 24 18 28 54 25 24 25 10 34 28
3147 22 81 28 23 35 51 23 30 24 26 34 28
3148 22 136 35 31 30 19 23 27 34 19 34 28
3149 22 148 33 19 24 1 24 21 29 22 34 28
3150 22 105 34 22 26 29 27 31 17 8 34 28
3151 22 166 35 34 35 66 27 29 34 18 34 28
3152 22 112 43 25 33 1 25 23 31 31 34 28
3153 22 126 36 24 38 1 20 1 24 7 34 28
3154 22 185 39 31 34 1 20 29 19 38 34 28
3155 22 126 30 35 18 1 26 38 23 22 34 28
3156 22 202 44 21 37 86 25 24 29 14 34 28
3157 22 111 28 16 27 3 22 38 27 32 34 28
3158 22 279 39 11 40 37 25 24 32 1 34 28
3159 22 111 32 29 32 17 26 18 26 17 34 28
3160 22 116 36 24 36 30 22 26 34 13 34 28
3161 22 220 33 31 30 33 28 34 29 90 35 28
3162 22 70 10 14 32 1 27 29 25 12 34 28
3163 22 63 30 33 27 63 29 28 28 31 34 28
3164 22 143 45 19 35 115 20 18 24 10 34 28
3165 22 104 29 29 25 54 23 18 27 16 34 28
3166 22 142 43 32 25 40 21 32 22 28 34 28
3167 22 63 32 36 24 33 26 26 25 12 34 28
3168 22 60 27 25 31 15 23 12 26 17 34 28
3169 22 114 31 29 35 52 25 28 31 15 34 28
3170 22 195 35 20 31 27 19 25 33 27 34 28
3171 22 74 10 21 29 1 28 36 25 13 34 28
3172 22 44 24 25 35 20 25 21 28 10 34 28
3173 22 1 35 45 28 55 25 28 23 21 34 28
3174 22 110 56 30 33 87 22 25 35 34 35 28
3175 22 117 29 25 26 32 28 21 24 23 34 28
3176 22 133 45 32 40 1 23 31 20 16 34 28
3177 22 95 23 33 17 17 27 34 32 39 34 28
3178 21 1 22 39 27 74 30 18 24 83 34 28
3179 22 110 39 21 29 69 19 41 32 28 34 28
3180 22 87 20 27 19 1 25 28 23 73 34 28
3181 22 210 35 17 34 80 21 33 30 7 34 28
3182 22 57 23 29 23 8 21 39 29 31 34 28
3183 22 84 38 42 21 60 25 28 27 44 35 28
3184 22 159 43 28 35 84 20 20 26 3 34 28
3185 22 160 28 39 13 16 23 35 23 41 34 28
3186 22 122 20 23 29 6 19 40 22 90 34 28
3187 22 144 37 35 21 84 26 25 21 28 34 28
3188 22 83 22 28 27 32 30 20 24 18 34 28
3189 22 129 22 33 30 1 25 28 23 8 34 28
3190 22 169 27 15 32 1 23 22 25 13 34 28
3191 22 152 20 13 35 1 25 22 27 1 34 28
3192 22 76 31 38 26 54 24 20 28 9 34 28
3193 22 26 18 35 28 2 17 1 31 19 34 28
3194 22 126 22 17 30 1 22 37 25 22 34 28
3195 22 47 17 35 19 21 24 2 33 16 34 28
3196 22 81 36 31 29 63 25 35 23 22 34 28
3197 22 12 22 34 32 1 28 28 30 9 34 28
3198 22 140 31 28 24 23 25 31 24 31 34 28
3199 22 75 36 25 31 21 22 35 25 31 34 28
3200 22 66 16 26 25 4 28 16 24 20 34 28
3201 22 83 42 19 34 67 19 40 31 21 34 28
3202 22 125 30 18 34 58 26 27 25 5 34 28
3203 22 86 20 30 32 1 14 24 25 7 34 28
3204 22 160 48 29 38 117 26 29 34 16 34 28
3205 22 172 29 29 26 47 26 27 36 76 34 28
3206 22 194 31 34 37 1 23 35 31 21 34 28
3207 22 72 26 15 36 12 27 23 29 23 34 28
3208 22 48 30 42 15 72 27 25 28 33 34 28
3209 22 73 28 18 33 1 21 31 27 13 34 28
3210 22 145 32 14 42 8 21 27 31 1 34 28
3211 22 83 38 31 32 1 24 33 33 24 34 28
3212 22 298 38 31 34 45 23 30 24 127 35 28
3213 22 116 38 34 30 91 23 23 28 24 34 28
3214 22 68 28 20 29 20 22 27 34 51 34 28
3215 22 85 12 24 27 17 18 29 24 7 34 28
3216 22 74 25 17 41 46 26 24 27 1 34 28
3217 22 137 34 25 31 50 20 28 28 25 34 28
3218 22 70 22 16 38 1 22 37 27 1 34 28
3219 22 146 36 41 17 45 23 32 32 98 35 28
3220 22 70 31 28 34 24 27 32 25 20 34 28
3221 22 82 32 36 30 1 20 28 21 18 34 28
3222 22 1 28 37 28 84 22 24 23 1 34 28
3223 22 117 17 20 28 1 21 22 18 12 34 28
3224 22 13 13 26 22 1 28 24 25 18 34 28
3225 22 93 30 19 31 46 21 20 25 29 34 28
3226 22 107 29 29 37 1 17 24 28 11 34 28
3227 22 86 27 16 33 84 20 28 31 6 34 28
3228 22 134 36 39 27 19 28 33 32 46 35 28
3229 22 58 28 24 32 1 21 31 33 34 34 28
3230 22 535 41 45 36 43 26 28 41 29 34 28
3231 22 145 32 33 25 1 26 34 24 33 35 28
3232 22 82 27 20 34 1 21 16 30 16 34 28
3233 22 64 26 17 36 1 22 24 31 10 34 28
3234 22 149 37 20 32 48 20 24 32 17 34 28
3235 22 66 30 39 24 1 27 38 22 41 35 28
3236 22 75 25 13 34 8 26 20 33 9 34 28
3237 22 90 20 9 25 9 19 27 25 22 34 28
3238 22 84 39 20 33 33 27 11 27 25 34 28
3239 22 127 452 27 33 87 19 25 30 28 34 28
3240 22 122 24 32 24 45 26 40 31 23 34 28
3241 22 139 24 12 34 46 26 20 24 6 34 28
3242 22 237 40 32 21 8 30 25 29 35 35 28
3243 22 84 40 23 36 57 21 21 34 19 34 28
3244 22 199 33 33 25 87 19 1 40 32 34 28
3245 22 113 26 33 22 21 25 25 26 19 34 28
3246 22 121 34 39 29 93 26 26 24 23 34 28
3247 22 80 30 37 22 91 18 31 34 29 34 28
3248 22 143 33 16 38 1 23 25 30 3 34 28
3249 22 118 25 32 26 1 24 30 26 29 34 28
3250 22 70 31 38 28 53 24 34 25 24 34 28
3251 22 254 20 19 37 1 21 21 29 1 34 28
3252 22 113 34 28 37 6 29 37 25 51 35 28
3253 22 65 37 34 31 30 28 31 28 30 34 28
3254 22 196 35 15 34 1 20 31 27 70 35 28
3255 22 117 34 29 33 1 25 33 29 22 34 28
3256 22 121 24 24 32 1 25 26 25 12 34 28
3257 22 86 26 34 19 39 22 25 24 34 35 28
3258 22 146 24 29 28 1 26 36 21 26 34 28
3259 22 193 27 29 21 46 24 34 35 35 35 28
3260 22 1 36 40 37 58 24 26 28 11 34 28
3261 22 89 51 37 36 64 20 1 35 39 34 28
3262 22 100 30 15 34 34 24 26 22 1 34 28
3263 22 158 45 26 35 61 21 28 29 70 35 28
3264 22 55 29 35 24 16 24 20 27 11 34 28
3265 22 200 37 16 41 1 23 26 32 8 34 28
3266 22 74 23 31 29 1 17 27 24 13 34 28
3267 22 139 20 28 29 32 25 31 29 45 34 28
3268 22 177 43 26 40 1 15 23 30 17 34 28
3269 22 141 42 24 42 83 22 20 30 67 34 28
3270 22 53 11 19 29 1 23 17 23 11 34 28
3271 22 105 35 30 30 12 24 24 33 13 34 28
3272 22 160 50 31 45 1 25 22 19 20 34 28
3273 22 165 30 30 31 1 22 27 28 29 34 28
3274 22 229 35 31 33 85 24 28 25 11 34 28
3275 22 130 29 32 19 48 25 29 23 31 35 28
3276 22 120 31 9 37 1 20 31 28 7 34 28
3277 22 126 53 21 41 59 20 25 33 20 34 28
3278 22 303 45 28 40 1 22 27 22 28 34 28
3279 22 177 51 23 39 65 22 26 27 25 34 28
3280 22 4 22 33 33 1 25 24 26 23 34 28
3281 22 153 33 15 40 28 31 21 30 107 34 28
3282 22 70 45 37 38 22 22 27 36 16 34 28
3283 22 84 41 34 42 2 18 26 38 19 34 28
3284 22 112 33 24 29 70 27 26 29 14 34 28
3285 22 116 21 27 22 28 21 23 29 16 34 28
3286 22 119 23 17 28 45 23 28 32 72 34 28
3287 22 119 27 21 20 24 23 1 25 26 34 28
3288 22 121 25 30 23 85 25 31 17 21 34 28
3289 22 71 31 31 38 7 26 25 27 11 34 28
3290 22 82 38 33 19 1 20 27 26 21 34 28
3291 22 45 24 32 16 58 30 32 14 23 34 28
3292 22 101 30 22 22 47 25 33 42 23 34 28
3293 22 119 38 38 31 1 20 35 23 29 34 28
3294 22 133 33 31 37 12 20 28 25 8 34 28
3295 22 204 34 19 35 1 20 37 14 22 34 28
3296 22 118 38 26 29 26 25 37 29 122 34 28
3297 22 476 35 29 33 39 19 27 30 10 34 28
3298 22 456 23 10 28 23 26 26 29 28 34 28
3299 22 52 13 29 16 1 23 29 29 21 34 28
3300 22 54 25 26 27 1 18 27 28 18 34 28
3301 22 128 16 25 27 1 24 23 24 11 34 28
3302 22 63 38 31 25 20 17 17 28 27 34 28
3303 22 488 40 46 20 47 23 29 38 43 35 28
3304 22 106 37 38 37 1 25 41 20 26 34 28
3305 22 72 35 35 23 24 28 37 30 28 34 28
3306 22 255 41 22 36 1 26 28 24 26 34 28
3307 22 163 26 28 26 45 16 17 25 28 34 28
3308 22 258 42 15 37 40 25 21 19 26 34 28
3309 22 147 37 18 34 52 30 27 23 22 34 28
3310 22 94 27 18 29 68 19 30 30 14 34 28
3311 22 160 27 35 29 1 18 21 23 18 34 28
3312 22 86 41 21 40 1 21 28 20 28 34 28
3313 22 133 26 20 36 31 26 30 27 9 34 28
3314 22 99 50 40 27 97 24 32 33 31 35 28
3315 22 126 37 36 33 1 19 34 25 29 34 28
3316 22 9 15 18 21 23 24 19 26 10 34 28
3317 22 62 23 24 22 14 24 25 23 21 34 28
3318 22 79 19 28 25 1 19 16 30 12 34 28
3319 22 109 31 29 37 24 19 34 27 11 34 28
3320 22 108 26 15 37 48 27 27 27 10 34 28
3321 22 1326 29 34 29 1 24 40 91 19 34 28
3322 22 202 26 19 28 15 20 14 34 15 34 28
3323 22 122 27 24 27 41 21 26 27 15 34 28
3324 22 1 22 46 19 83 22 24 32 22 34 28
3325 22 119 25 29 25 76 23 17 30 17 34 28
3326 22 78 37 28 33 1 21 1 32 36 34 28
3327 22 95 38 34 26 1 20 2 30 28 34 28
3328 22 112 18 20 34 4 23 31 36 69 34 28
3329 22 67 35 25 35 69 22 27 26 16 34 28
3330 22 91 44 27 37 50 20 29 35 26 34 28
3331 22 87 22 27 24 29 24 22 26 29 34 28
3332 22 42 32 39 27 49 24 37 38 23 34 28
3333 22 75 19 23 32 1 24 30 18 12 34 28
3334 22 170 33 35 35 25 24 24 32 15 34 28
3335 22 101 27 19 27 1 21 28 25 21 34 28
3336 22 189 22 19 28 10 18 27 25 8 34 28
3337 22 126 31 28 31 29 24 35 26 27 34 28
3338 22 65 54 39 41 50 20 32 29 27 34 28
3339 22 156 26 17 34 1 21 25 29 22 34 28
3340 22 183 37 23 40 1 26 31 28 12 34 28
3341 22 166 45 28 35 56 21 36 19 26 34 28
3342 22 102 25 27 32 13 23 38 29 10 34 28
3343 22 155 26 33 28 8 26 26 18 10 34 28
3344 22 83 39 32 35 84 25 31 33 21 34 28
3345 22 60 31 28 30 77 29 35 23 17 34 28
3346 22 113 33 22 27 11 18 20 26 22 34 28
3347 22 125 37 35 23 53 26 26 17 29 34 28
3348 22 130 19 21 28 23 21 47 24 13 34 28
3349 22 87 36 31 34 56 23 28 23 16 34 28
3350 22 120 16 13 38 1 19 22 31 7 34 28
3351 22 57 26 26 23 61 22 25 34 16 34 28
3352 22 76 33 37 27 1 20 31 27 32 34 28
3353 22 223 43 27 30 134 24 24 27 21 34 28
3354 22 1 13 37 30 28 18 21 27 9 34 28
3355 22 104 29 29 24 26 24 25 28 36 34 28
3356 22 71 35 24 35 72 21 23 31 20 34 28
3357 22 88 27 24 31 30 23 24 22 20 34 28
3358 22 140 33 28 31 1 18 27 29 25 34 28
3359 22 55 25 38 12 5 21 34 26 33 34 28
3360 22 148 36 31 26 32 18 19 21 25 34 28
3361 22 146 32 30 23 25 27 28 34 23 34 28
3362 22 363 36 36 23 2 20 30 23 34 35 28
3363 22 142 43 23 33 4 15 22 34 28 34 28
3364 22 149 24 23 25 20 24 24 26 28 34 28
3365 22 288 15 6 27 33 21 31 22 15 34 28
3366 22 68 18 19 29 16 21 26 25 13 34 28
3367 22 98 35 23 34 1 25 28 27 28 34 28
3368 22 90 33 36 19 27 27 27 27 30 35 28
3369 22 166 40 23 39 46 24 28 21 24 34 28
3370 22 70 44 31 36 49 29 28 25 31 35 28
3371 22 125 26 25 31 30 23 29 24 16 34 28
3372 22 175 11 17 29 1 25 30 30 6 34 28
3373 22 88 27 24 33 1 22 34 22 22 34 28
3374 22 130 27 30 25 7 29 33 28 25 34 28
3375 22 187 30 32 25 49 24 26 32 23 34 28
3376 22 12 23 39 26 70 21 33 26 16 34 28
3377 22 121 40 25 35 64 25 25 27 17 34 28
3378 22 110 31 34 29 1 22 32 21 19 34 28
3379 22 106 34 20 36 69 20 20 22 7 34 28
3380 22 71 26 8 34 82 23 21 28 5 34 28
3381 22 221 26 23 23 16 22 31 23 21 34 28
3382 22 56 26 35 23 1 18 27 19 28 34 28
3383 22 105 40 15 35 44 24 33 35 28 34 28
3384 22 159 31 34 20 37 27 35 26 30 35 28
3385 22 156 29 35 25 69 25 1 31 26 34 28
3386 22 250 24 21 37 19 24 25 22 1 34 28
3387 22 96 31 12 32 1 22 27 24 21 34 28
3388 22 89 24 23 31 23 20 15 26 17 34 28
3389 22 156 16 15 36 1 22 22 28 19 34 28
3390 22 104 24 11 34 27 26 14 24 12 34 28
3391 22 97 39 39 25 3 26 39 23 37 35 28
3392 22 273 27 24 35 1 21 35 27 30 34 28
3393 22 74 28 29 24 100 26 24 24 10 34 28
3394 22 101 18 16 32 1 24 27 23 12 34 28
3395 22 141 33 25 28 1 23 41 25 84 35 28
3396 22 73 38 29 26 1 26 33 36 37 34 28
3397 22 1 15 27 20 59 18 26 24 5 34 28
3398 22 95 26 31 23 1 22 27 28 64 34 28
3399 22 88 42 29 34 1 22 21 28 24 34 28
3400 22 1 21 28 36 1 14 31 20 1 34 28
3401 22 97 28 32 28 1 22 31 28 29 34 28
3402 22 64 26 29 22 38 26 37 29 15 34 28
3403 22 184 31 23 27 75 25 22 27 125 34 28
3404 22 57 23 24 23 28 24 28 31 21 34 28
3405 22 32 29 27 39 1 25 42 24 3 34 28
3406 22 296 39 24 34 51 22 32 31 30 34 28
3407 22 55 36 41 23 1 26 32 31 31 35 28
3408 22 1 16 24 29 15 25 15 35 13 34 28
3409 22 1 15 34 22 38 21 21 20 11 34 28
3410 22 154 30 23 27 23 19 26 31 31 34 28
3411 22 79 16 34 26 1 20 38 23 29 34 28
3412 22 128 30 32 33 1 25 28 18 14 34 28
3413 22 106 30 22 39 1 21 24 23 81 34 28
3414 22 83 36 23 36 21 21 24 34 12 34 28
3415 22 115 16 24 29 1 25 1 25 16 34 28
3416 22 80 36 25 37 53 19 38 25 19 34 28
3417 22 52 20 27 29 21 22 25 28 10 34 28
3418 22 118 29 31 22 26 22 32 33 28 34 28
3419 22 115 28 22 37 1 17 22 26 17 34 28
3420 22 11 20 31 33 15 25 24 23 1 34 28
3421 22 114 18 27 19 38 22 18 29 56 34 28
3422 22 121 26 9 35 7 20 27 20 92 35 28
3423 22 355 47 24 42 46 21 31 31 18 34 28
3424 22 68 22 17 14 26 25 20 30 25 34 28
3425 22 116 27 30 39 1 23 29 31 15 34 28
3426 22 134 30 17 36 1 22 21 32 30 34 28
3427 22 86 29 41 19 50 25 31 27 32 35 28
3428 22 248 43 19 38 66 23 25 24 21 34 28
3429 22 115 30 37 22 1 23 26 29 86 35 28
3430 22 142 27 25 37 1 23 30 34 17 34 28
3431 22 119 45 32 37 29 22 16 25 13 34 28
3432 22 169 22 25 19 12 23 22 21 17 34 28
3433 22 116 32 23 24 8 26 34 30 26 34 28
3434 22 189 32 22 27 1 21 19 27 31 34 28
3435 22 169 37 41 29 69 27 30 30 28 34 28
3436 22 113 28 28 21 28 27 22 33 14 34 28
3437 22 66 13 25 25 16 22 29 27 15 34 28
3438 22 44 31 27 32 28 22 23 23 5 34 28
3439 22 115 43 44 25 38 29 34 25 38 35 28
3440 22 116 34 28 34 65 18 36 33 15 34 28
3441 22 136 25 13 27 1 25 32 25 28 34 28
3442 22 166 18 23 24 1 25 27 17 14 34 28
3443 22 127 40 25 25 35 18 23 30 34 35 28
3444 22 151 22 17 33 121 19 29 28 1 34 28
3445 22 320 25 18 22 1 18 1 35 20 34 28
3446 22 113 31 18 34 65 24 23 29 1 34 28
3447 22 156 27 16 29 94 24 22 23 11 34 28
3448 22 93 32 40 28 1 25 37 31 73 34 28
3449 22 125 35 4 40 14 24 24 27 24 34 28
3450 22 112 54 31 42 71 23 27 28 29 34 28
3451 22 107 29 36 26 1 22 31 28 30 34 28
3452 22 65 35 31 28 17 25 23 34 20 34 28
3453 22 218 22 19 29 23 22 28 23 8 34 28
3454 22 83 29 21 39 1 19 25 27 1 34 28
3455 22 134 20 28 26 13 19 38 23 23 34 28
3456 22 133 18 12 30 35 18 25 19 75 35 28
3457 22 140 38 13 27 34 26 41 22 84 35 28
3458 22 11 6 31 26 1 20 28 19 6 34 28
3459 22 86 21 27 28 1 26 29 24 27 34 28
3460 22 212 39 36 34 1 21 33 23 22 34 28
3461 22 109 39 31 29 75 17 36 34 32 35 28
3462 22 155 30 25 37 73 22 22 24 1 34 28
3463 22 64 25 16 36 40 23 29 32 5 34 28
3464 22 301 35 23 31 40 28 22 20 128 34 28
3465 22 118 48 17 43 51 20 25 22 18 34 28
3466 22 71 21 29 19 60 25 21 30 23 34 28
3467 22 82 31 44 21 2 27 28 25 78 35 28
3468 22 86 32 31 21 1 25 38 26 36 34 28
3469 22 85 55 48 26 96 29 28 18 40 34 28
3470 22 66 43 34 34 37 25 38 31 27 34 28
3471 22 200 26 9 36 22 20 30 20 1 34 28
3472 22 80 35 33 28 46 24 30 31 36 34 28
3473 22 48 26 27 31 53 25 29 28 12 34 28
3474 22 207 29 33 22 30 24 31 24 29 34 28
3475 22 80 30 37 29 1 22 26 27 11 34 28
3476 22 1 28 38 26 32 20 28 33 7 34 28
3477 22 99 23 33 13 1 27 37 30 41 34 28
3478 22 185 30 17 36 1 23 23 28 21 34 28
3479 22 287 34 43 28 15 23 18 32 29 34 28
3480 22 225 29 39 28 1 22 34 26 21 34 28
3481 22 123 36 24 40 29 23 31 24 55 34 28
3482 22 512 34 16 39 69 25 17 30 15 34 28
3483 22 292 47 28 41 1 22 35 28 27 34 28
3484 22 82 26 27 26 49 21 13 29 6 34 28
3485 22 61 26 23 37 1 20 19 25 6 34 28
3486 22 65 39 32 32 1 26 37 32 40 35 28
3487 22 91 36 33 32 1 28 27 26 20 34 28
3488 22 115 39 25 36 1 21 42 24 34 34 28
3489 22 154 28 34 28 1 25 34 31 25 34 28
3490 22 120 23 19 30 1 23 27 20 5 34 28
3491 22 115 33 32 17 10 24 23 21 25 34 28
3492 22 173 26 19 34 1 27 34 23 22 34 28
3493 22 93 37 31 20 36 23 18 28 32 35 28
3494 22 137 26 15 33 3 24 25 28 70 34 28
3495 22 82 22 22 31 28 21 17 22 2 34 28
3496 22 278 22 19 25 1 23 25 25 24 34 28
3497 22 69 28 32 29 1 14 38 28 32 34 28
3498 22 115 50 31 31 56 21 29 34 42 35 28
3499 22 1 2 29 26 1 20 26 29 52 34 28
3500 23 145 30 14 34 33 25 21 28 12 34 28
3501 22 64 31 43 21 64 25 35 29 23 34 28
3502 22 55 21 31 19 27 27 35 28 36 34 28
3503 22 180 38 23 32 1 29 24 28 34 34 28
3504 22 135 27 24 44 1 20 26 31 1 34 28
3505 22 133 28 31 33 1 26 37 24 13 34 28
3506 22 168 50 39 33 102 19 24 34 40 35 28
3507 22 247 29 21 34 3 23 20 23 3 34 28
3508 22 78 40 27 34 46 20 28 32 31 34 28
3509 22 176 41 34 28 41 24 30 37 35 35 28
3510 22 121 39 23 40 59 24 19 24 9 34 28
3511 22 187 33 37 22 44 30 33 33 43 35 28
3512 22 118 22 12 36 129 22 32 29 1 34 28
3513 22 52 28 35 33 1 27 27 27 16 34 28
3514 22 77 23 21 30 1 22 27 29 20 34 28
3515 22 99 34 30 26 50 24 33 30 37 35 28
3516 22 165 43 28 31 84 27 22 26 28 34 28
3517 22 161 27 34 19 15 25 33 24 37 35 28
3518 22 172 26 31 31 46 25 26 21 27 34 28
3519 22 122 21 28 32 10 22 32 29 8 34 28
3520 22 71 42 43 24 1 23 30 26 32 34 28
3521 22 15 22 25 23 13 23 25 26 1 34 28
3522 22 188 50 32 36 1 27 29 34 27 34 28
3523 22 40 37 25 42 1 26 14 28 1 34 28
3524 22 133 39 24 33 57 25 22 21 24 34 28
3525 22 89 23 28 26 32 15 28 18 11 34 28
3526 22 1 20 38 25 6 23 28 27 10 34 28
3527 22 77 21 34 19 1 24 25 29 23 34 28
3528 22 92 44 25 31 55 23 10 34 27 34 28
3529 22 82 42 29 40 65 26 25 29 17 34 28
3530 22 76 25 26 27 1 24 35 22 39 34 28
3531 22 1 29 38 23 40 20 36 28 60 34 28
3532 22 188 33 36 21 22 24 39 25 27 34 28
3533 22 55 32 40 29 65 22 27 32 14 34 28
3534 22 125 27 21 30 37 20 32 24 20 34 28
3535 22 91 32 29 31 6 22 22 28 8 34 28
3536 22 142 30 24 30 27 31 34 25 26 34 28
3537 22 105 38 26 24 49 27 18 31 33 34 28
3538 22 157 36 22 29 1 26 35 21 27 34 28
3539 22 109 38 36 26 1 18 29 25 38 35 28
3540 22 138 56 42 45 64 24 1 35 23 34 28
3541 22 108 32 32 33 90 25 36 24 18 34 28
3542 22 230 32 37 26 24 25 35 32 41 35 28
3543 22 110 32 18 38 88 21 20 27 7 34 28
3544 22 65 22 18 37 1 20 27 29 7 34 28
3545 21 1 17 25 27 17 25 28 20 65 34 28
3546 22 172 37 39 33 1 27 23 23 20 34 28
3547 22 183 20 27 15 21 27 29 24 27 34 28
3548 22 69 35 19 40 81 24 23 27 1 34 28
3549 22 80 37 22 38 43 23 24 26 16 34 28
3550 22 97 48 45 40 45 25 50 23 62 35 28
3551 22 147 23 14 26 55 28 27 23 9 34 28
3552 22 169 46 22 33 29 23 31 27 37 34 28
3553 22 123 27 36 27 62 24 25 28 14 34 28
3554 22 10 20 24 29 37 23 31 32 3 34 28
3555 22 123 20 17 23 59 25 33 27 10 34 28
3556 22 117 23 19 32 1 23 18 27 50 34 28
3557 22 107 32 34 27 43 21 28 26 31 34 28
3558 22 170 34 28 35 71 24 32 27 17 34 28
3559 22 70 27 27 22 10 27 26 23 22 34 28
3560 22 129 28 39 16 8 26 37 26 39 34 28
3561 23 160 26 12 34 1 25 28 26 23 34 28
3562 22 75 30 33 31 1 23 20 25 16 34 28
3563 22 143 29 20 24 39 29 26 31 25 34 28
3564 22 53 22 15 29 45 24 26 23 13 34 28
3565 22 90 34 32 29 26 22 25 24 23 34 28
3566 22 141 29 32 22 1 20 33 26 26 34 28
3567 22 73 29 27 24 82 21 32 28 58 34 28
3568 22 546 32 27 40 1 18 10 33 24 34 28
3569 22 111 43 27 38 76 20 29 19 19 34 28
3570 22 118 41 32 37 50 22 34 27 31 35 28
3571 22 109 29 14 40 18 21 32 26 15 34 28
3572 22 107 32 24 32 111 24 26 25 15 34 28
3573 22 160 28 20 21 62 28 27 27 23 34 28
3574 22 299 31 14 29 49 22 29 27 11 34 28
3575 22 405 39 12 47 49 23 35 36 13 34 28
3576 22 60 25 33 22 1 26 40 27 34 34 28
3577 22 288 25 31 18 66 25 24 26 24 34 28
3578 22 87 30 22 34 30 22 19 24 18 34 28
3579 22 196 29 21 32 1 26 24 18 12 34 28
3580 22 50 24 35 25 51 25 28 30 15 34 28
3581 22 132 48 18 31 55 26 23 24 31 35 28
3582 22 127 19 3 36 6 24 21 23 1 34 28
3583 22 133 26 17 29 19 26 29 30 13 34 28
3584 22 139 29 33 23 1 27 29 29 24 34 28
3585 22 247 39 21 42 62 18 30 29 6 34 28
3586 22 38 23 27 20 47 25 27 27 17 34 28
3587 22 102 40 16 45 23 27 18 26 96 35 28
3588 22 73 31 26 26 50 22 32 18 29 34 28
3589 22 91 29 35 21 1 25 37 25 36 35 28
3590 22 71 25 36 15 6 20 27 29 27 34 28
3591 22 136 24 18 15 1 19 25 26 33 35 28
3592 22 207 37 40 30 1 23 51 23 25 34 28
3593 22 253 32 22 26 65 22 28 23 13 34 28
3594 22 120 28 27 28 1 23 27 27 28 34 28
3595 22 253 31 36 29 78 25 22 23 24 34 28
3596 22 258 24 29 24 1 21 23 25 94 34 28
3597 22 53 15 26 22 6 24 24 31 19 34 28
3598 22 88 51 40 42 88 26 33 30 20 34 28
3599 22 83 37 27 33 11 26 1 30 17 34 28
3600 22 88 33 19 29 72 24 22 27 21 34 28
3601 22 105 30 19 33 1 27 40 24 19 34 28
3602 22 290 18 20 27 9 21 35 27 11 34 28
3603 22 63 32 41 19 14 27 30 19 27 34 28
3604 22 149 20 16 23 53 24 26 37 128 34 28
3605 22 1 21 47 27 34 24 33 29 11 34 28
3606 22 284 32 32 33 27 26 18 28 15 34 28
3607 22 64 25 28 24 1 23 28 26 19 34 28
3608 22 89 27 32 20 24 24 31 20 36 34 28
3609 22 112 30 9 30 44 24 26 34 53 34 28
3610 22 75 31 37 24 1 18 37 25 30 34 28
3611 22 71 34 35 26 1 29 30 27 33 35 28
3612 22 97 28 13 35 29 23 28 29 13 34 28
3613 22 60 29 24 22 61 21 32 24 21 34 28
3614 22 228 46 44 36 1 21 33 30 24 34 28
3615 22 66 19 22 20 1 19 30 19 29 34 28
3616 22 191 38 25 28 13 21 115 27 23 34 28
3617 22 252 16 21 31 47 25 29 23 9 34 28
3618 22 71 24 35 12 30 24 18 29 20 34 28
3619 22 489 45 29 36 65 26 25 19 32 35 28
3620 22 232 34 23 36 1 24 27 32 30 34 28
3621 22 113 30 16 32 57 24 22 31 7 34 28
3622 22 152 33 33 30 1 25 28 27 20 34 28
3623 22 98 29 20 41 1 26 24 30 12 34 28
3624 22 147 38 25 34 1 21 24 30 15 34 28
3625 22 124 40 36 37 26 24 24 24 18 34 28
3626 22 97 23 21 30 54 27 33 24 9 34 28
3627 22 131 47 21 36 48 27 27 25 29 34 28
3628 22 105 25 31 23 8 28 28 26 15 34 28
3629 22 74 25 21 25 28 21 27 26 21 34 28
3630 22 163 37 29 36 1 24 24 27 19 34 28
3631 22 125 33 17 25 31 30 22 34 24 34 28
3632 22 156 51 21 38 78 23 40 33 26 34 28
3633 22 101 36 22 30 64 19 25 51 28 34 28
3634 22 130 29 20 19 20 22 14 23 26 34 28
3635 22 66 33 28 34 93 21 26 29 17 34 28
3636 22 146 46 40 32 72 24 30 27 26 34 28
3637 22 161 47 34 32 110 22 29 31 18 34 28
3638 22 194 26 32 18 22 24 28 22 25 34 28
3639 22 138 18 19 35 1 25 37 30 18 34 28
3640 22 96 38 39 29 29 26 33 21 23 34 28
3641 22 120 34 20 37 1 20 22 20 20 34 28
3642 22 189 25 29 17 15 24 36 26 27 34 28
3643 22 266 47 25 43 25 18 24 25 20 34 28
3644 22 101 33 12 32 15 30 30 24 31 34 28
3645 22 295 27 31 51 1 17 26 30 1 34 28
3646 22 145 36 25 37 116 24 38 28 18 34 28
3647 22 185 29 24 33 1 25 17 27 14 34 28
3648 22 127 38 44 29 63 27 20 32 17 34 28
3649 22 194 39 22 42 57 18 22 25 11 34 28
3650 22 52 32 28 40 1 24 33 24 12 34 28
3651 22 80 38 24 29 15 21 25 30 30 34 28
3652 22 79 21 9 33 19 19 29 25 1 34 28
3653 22 191 51 39 38 1 23 30 31 35 34 28
3654 22 118 39 24 30 19 28 40 26 33 35 28
3655 22 70 47 31 41 128 22 28 26 15 34 28
3656 22 116 26 35 36 6 21 23 31 17 34 28
3657 22 45 34 29 38 64 26 20 32 16 34 28
3658 22 66 35 37 30 1 23 34 24 28 34 28
3659 22 96 27 23 24 1 22 20 35 32 34 28
3660 22 156 22 22 34 1 23 27 28 127 34 28
3661 22 63 27 31 30 1 19 25 22 26 34 28
3662 22 108 22 10 30 83 26 30 29 14 34 28
3663 22 70 38 22 37 65 22 23 33 15 34 28
3664 22 70 30 20 31 1 23 32 35 13 34 28
3665 22 97 31 26 34 35 25 38 26 14 34 28
3666 22 135 43 17 36 12 22 24 31 113 35 28
3667 22 150 39 27 37 26 24 21 30 26 34 28
3668 22 86 15 29 25 1 25 39 27 20 34 28
3669 22 1 7 33 16 3 21 19 26 10 34 28
3670 22 85 48 32 32 127 20 26 30 17 34 28
3671 22 92 25 27 26 43 25 25 31 25 34 28
3672 22 126 35 34 22 34 27 5 31 14 34 28
3673 22 100 34 23 34 1 22 29 31 15 34 28
3674 22 122 41 26 40 13 18 27 28 12 34 28
3675 22 109 20 30 21 57 27 31 33 60 34 28
3676 22 77 28 15 29 43 25 30 25 26 34 28
3677 22 347 40 18 40 1 20 1 26 19 34 28
3678 22 143 37 29 35 36 25 30 23 16 34 28
3679 22 29 23 29 27 56 26 28 31 19 34 28
3680 22 184 24 13 25 38 24 40 35 24 34 28
3681 22 87 33 35 32 1 18 27 24 19 34 28
3682 22 114 31 29 30 102 19 22 33 7 34 28
3683 22 80 36 28 26 7 26 24 30 26 34 28
3684 22 129 42 35 29 64 24 23 24 28 34 28
3685 22 211 40 10 39 1 19 23 27 20 34 28
3686 22 1 12 29 10 23 24 23 26 3 34 28
3687 22 75 30 31 34 1 23 30 65 23 34 28
3688 22 203 30 39 16 10 23 30 24 32 34 28
3689 22 74 37 28 34 1 14 31 28 23 34 28
3690 22 131 35 26 27 59 24 28 24 10 34 28
3691 22 222 31 18 42 34 17 27 22 1 34 28
3692 22 44 27 37 20 61 24 12 30 30 34 28
3693 22 146 28 17 33 72 21 29 27 5 34 28
3694 22 47 27 35 27 1 24 1 26 10 34 28
3695 22 118 24 24 25 36 30 19 28 20 34 28
3696 22 1 11 28 26 9 19 25 22 5 34 28
3697 22 86 27 35 25 18 28 33 26 52 34 28
3698 22 94 41 35 32 43 22 1 35 28 34 28
3699 22 59 27 29 31 1 23 31 38 24 34 28
3700 22 124 35 28 34 1 24 38 34 24 34 28
3701 22 90 26 27 23 1 28 34 29 33 34 28
3702 22 245 33 18 49 1 19 26 35 1 34 28
3703 22 117 26 37 19 4 24 30 28 32 34 28
3704 22 392 37 18 31 6 23 30 21 25 34 28
3705 22 135 44 31 42 46 23 33 24 26 34 28
3706 22 53 33 20 37 15 19 32 26 15 34 28
3707 22 75 18 21 27 1 25 14 23 15 34 28
3708 22 112 33 26 28 1 21 30 25 30 34 28
3709 22 110 27 14 30 19 24 26 21 11 34 28
3710 22 1 29 36 33 1 22 16 21 1 34 28
3711 22 1 15 30 18 72 22 28 19 56 34 28
3712 22 51 19 21 20 43 22 25 37 22 34 28
3713 22 119 23 30 18 1 28 39 30 40 34 28
3714 22 99 28 26 35 78 20 28 28 62 34 28
3715 22 85 36 36 31 38 23 25 26 14 34 28
3716 22 10 26 36 32 104 20 33 34 9 34 28
3717 22 123 30 25 28 20 24 25 29 26 34 29
3718 22 68 40 26 36 1 18 29 28 20 34 28
3719 22 128 34 19 34 37 27 28 28 58 35 28
3720 22 161 41 29 27 31 21 22 18 26 34 28
3721 22 60 33 29 36 58 21 25 34 25 34 28
3722 22 328 43 19 34 55 25 29 28 37 35 28
3723 22 137 27 13 34 45 24 21 30 10 34 28
3724 22 96 33 12 33 88 22 26 36 15 34 28
3725 22 110 22 23 27 7 22 35 28 28 34 28
3726 22 74 38 29 26 3 23 20 31 30 34 28
3727 22 139 29 29 30 1 26 44 32 24 34 28
3728 22 1 9 34 17 41 26 27 21 18 34 28
3729 22 130 29 35 15 20 29 33 30 136 34 28
3730 22 35 24 37 20 10 23 35 26 32 34 28
3731 22 343 26 34 35 57 21 39 27 11 34 28
3732 22 142 43 18 39 1 24 36 19 77 34 28
3733 22 142 41 32 24 10 28 24 39 38 34 28
3734 22 189 27 1 42 1 25 15 24 8 34 28
3735 22 209 32 35 25 21 30 38 22 36 34 28
3736 22 63 19 11 34 9 22 26 30 1 34 28
3737 22 99 42 33 37 77 19 23 29 18 34 28
3738 22 98 39 37 36 106 24 27 25 4 34 28
3739 22 83 38 30 30 66 25 25 32 29 34 28
3740 22 31 25 33 26 22 27 26 32 9 34 28
3741 22 114 38 28 31 30 27 27 25 27 34 28
3742 22 86 25 38 21 8 33 25 27 19 34 28
3743 22 56 32 30 26 2 27 24 31 31 34 28
3744 22 115 30 30 24 6 22 24 25 30 34 28
3745 22 58 25 29 32 1 22 28 25 12 34 28
3746 22 144 33 29 33 71 20 37 35 30 34 28
3747 22 136 32 33 27 41 26 28 36 40 34 28
3748 22 209 42 27 32 68 22 28 31 19 34 28
3749 22 300 33 31 31 1 24 41 34 21 34 28
3750 22 181 30 23 30 19 21 21 29 18 34 28
3751 22 104 30 24 36 1 19 23 28 106 34 28
3752 22 176 47 43 28 78 32 24 31 19 34 28
3753 22 118 48 15 38 73 27 23 31 27 34 28
3754 22 109 34 25 35 53 15 30 35 10 34 28
3755 22 77 45 41 32 55 18 26 25 33 35 28
3756 22 1 21 34 27 35 23 19 25 9 34 28
3757 22 127 21 20 24 1 20 28 31 28 34 28
3758 22 173 31 33 30 44 26 36 29 28 34 28
3759 22 93 27 19 33 40 26 35 28 6 34 28
3760 22 81 31 25 28 86 24 11 32 23 34 28
3761 22 91 298 25 35 1 26 23 35 10 34 28
3762 22 75 21 29 28 1 28 31 24 23 34 28
3763 22 141 22 34 18 20 23 24 28 18 34 28
3764 22 116 34 32 29 1 24 28 31 40 35 28
3765 22 94 28 36 25 13 25 30 33 24 34 28
3766 22 146 36 23 27 66 22 28 26 91 34 28
3767 22 90 27 35 14 23 24 34 23 90 34 28
3768 22 58 31 34 22 10 27 1 26 16 33 28
3769 22 130 45 29 31 70 21 33 26 34 35 28
3770 22 133 29 20 32 34 21 29 25 6 34 28
3771 22 188 34 32 32 1 19 25 22 26 34 28
3772 22 149 47 34 34 56 21 9 28 15 34 28
3773 22 146 27 23 29 44 22 27 24 13 34 28
3774 22 112 17 28 22 18 21 33 28 10 34 28
3775 22 143 24 10 35 1 24 26 25 1 34 28
3776 22 120 31 41 18 5 23 30 26 37 35 28
3777 22 20 26 35 30 49 27 31 27 20 34 28
3778 22 319 37 43 28 11 26 42 30 34 35 28
3779 22 138 45 26 33 1 27 38 30 36 34 28
3780 22 75 24 18 32 14 22 18 26 4 34 28
3781 22 48 36 36 25 101 23 33 36 38 34 28
3782 22 72 25 7 34 3 21 19 18 3 34 28
3783 22 268 36 20 38 73 23 22 12 10 34 28
3784 22 85 46 31 42 125 24 17 31 6 34 28
3785 22 160 32 35 29 60 21 18 23 20 34 28
3786 22 102 26 20 31 1 29 25 28 27 34 28
3787 22 139 52 30 30 32 23 36 34 35 35 28
3788 22 127 15 22 27 1 19 21 21 17 34 28
3789 22 385 38 36 35 2 20 34 27 8 34 28
3790 22 290 282 31 32 36 25 25 32 25 34 28
3791 22 126 27 18 36 49 18 29 26 8 34 28
3792 22 89 22 29 20 1 25 33 29 13 34 28
3793 22 95 26 29 25 2 23 34 29 30 34 28
3794 22 111 34 11 33 14 21 28 28 20 34 28
3795 22 106 37 23 23 39 26 39 37 35 35 28
3796 22 64 21 15 32 66 23 15 25 5 34 28
3797 22 248 38 20 39 39 27 26 32 16 34 28
3798 22 83 6 25 33 1 23 37 19 10 34 28
3799 22 146 35 25 20 7 17 35 24 37 34 28
3800 21 1 17 22 30 28 25 1 42 7 34 28
3801 22 82 33 30 34 51 24 23 25 18 34 28
3802 22 122 16 25 27 1 24 27 18 36 34 28
3803 22 118 37 19 40 95 23 29 28 1 34 28
3804 22 109 20 16 30 12 26 48 26 18 34 28
3805 22 446 23 28 23 1 26 32 32 22 34 28
3806 22 104 36 27 26 41 24 29 16 28 34 28
3807 22 76 24 27 30 1 25 34 25 35 35 28
3808 22 198 37 27 33 35 25 24 28 16 34 29
3809 22 218 27 33 21 2 25 37 26 32 35 28
3810 22 123 30 35 30 22 28 28 25 21 34 28
3811 22 119 36 22 34 10 24 1 34 21 34 28
3812 22 157 47 28 34 131 19 23 26 1 34 28
3813 22 130 28 24 23 1 21 29 27 86 34 28
3814 22 54 24 37 25 57 26 31 28 25 34 28
3815 21 110 14 25 22 1 22 30 25 27 32 26
3816 22 138 17 25 24 17 26 26 16 21 34 28
3817 22 285 19 30 25 1 21 35 39 14 34 28
3818 22 148 32 21 40 29 24 24 30 15 34 28
3819 22 115 35 22 28 79 24 29 24 66 35 28
3820 22 88 18 16 27 1 24 20 22 9 34 28
3821 22 109 41 37 31 51 22 35 31 27 34 28
3822 22 113 27 31 28 1 25 24 24 23 34 28
3823 22 319 38 21 38 1 24 30 33 22 34 28
3824 22 106 33 32 30 1 23 25 28 23 34 28
3825 22 106 36 29 20 16 20 20 24 26 34 28
3826 22 215 51 28 40 3 21 15 26 11 34 28
3827 22 130 28 28 34 1 20 25 31 13 34 28
3828 22 87 9 23 13 1 26 23 28 17 34 28
3829 22 62 20 30 26 1 23 20 25 18 34 28
3830 22 66 33 34 30 1 25 37 23 15 34 28
3831 22 119 19 16 22 25 26 20 28 19 34 28
3832 22 151 37 11 32 9 20 25 25 10 34 28
3833 22 82 56 42 32 85 25 29 25 28 34 28
3834 22 139 40 36 30 78 20 33 35 30 34 28
3835 23 60 23 11 33 7 26 22 25 4 35 28
3836 22 86 27 17 32 1 23 23 34 32 34 28
3837 22 171 45 29 34 55 27 25 27 24 34 28
3838 22 177 14 23 27 56 24 42 17 39 34 28
3839 22 99 14 24 26 1 24 1 27 5 34 28
3840 22 70 36 25 31 99 20 24 29 2 34 28
3841 22 124 27 33 20 1 25 25 30 30 34 28
3842 22 182 20 15 29 1 21 20 26 17 34 28
3843 22 273 35 27 28 20 25 27 30 29 34 28
3844 22 144 28 16 32 42 25 16 22 17 34 28
3845 22 146 34 30 26 1 22 10 26 27 34 28
3846 22 61 33 43 18 41 23 40 25 40 34 28
3847 22 97 32 32 29 74 20 21 29 15 34 28
3848 22 118 29 12 35 1 21 9 25 24 34 28
3849 22 162 29 21 21 24 24 40 27 36 34 28
3850 22 87 38 22 31 113 23 38 24 23 34 28
3851 22 54 26 27 31 8 24 32 26 22 34 28
3852 22 76 20 17 20 13 23 29 28 31 34 28
3853 22 155 41 23 40 47 25 35 32 2 34 28
3854 22 103 41 20 42 1 27 20 28 70 34 28
3855 22 97 38 21 48 46 18 32 25 1 34 28
3856 22 103 62 44 32 109 26 19 28 109 35 28
3857 22 63 27 20 34 52 26 23 25 7 34 28
3858 22 326 30 12 40 38 19 24 27 96 34 28
3859 22 70 30 19 36 96 26 30 28 5 34 28
3860 22 195 43 39 31 1 26 42 22 32 34 28
3861 22 67 25 31 21 1 26 31 25 30 34 28
3862 22 178 33 30 39 1 21 17 24 11 34 28
3863 22 86 13 28 30 1 24 26 30 12 34 28
3864 22 151 22 5 31 1 23 25 32 20 34 28
3865 22 145 41 25 33 23 22 13 32 19 34 28
3866 22 148 45 22 35 68 25 22 28 78 35 28
3867 22 98 51 32 34 87 32 15 30 97 34 28
3868 22 62 29 33 25 37 27 24 33 17 34 28
3869 22 210 40 20 40 77 23 22 28 1 34 28
3870 22 189 21 23 24 3 23 27 34 14 34 28
3871 22 143 33 20 26 45 22 37 32 19 34 28
3872 22 214 19 11 31 29 22 17 27 3 34 28
3873 22 85 24 16 27 28 20 21 25 25 34 28
3874 22 76 38 34 30 57 21 32 34 19 34 28
3875 22 124 32 27 28 36 22 25 26 25 34 28
3876 22 87 28 15 35 39 24 26 24 10 34 28
3877 22 196 28 28 30 1 23 20 27 9 34 28
3878 22 340 41 30 32 53 25 32 35 24 34 28
3879 22 58 35 34 27 58 28 38 33 18 34 28
3880 22 193 22 32 26 46 24 33 29 27 34 28
3881 22 136 36 21 34 1 26 32 29 24 34 28
3882 22 96 42 26 31 59 22 21 27 28 34 28
3883 22 48 13 21 15 33 24 35 22 19 34 28
3884 22 185 29 35 29 1 22 38 27 31 34 28
3885 22 109 33 9 32 64 23 28 23 29 34 28
3886 22 1 14 34 24 41 25 23 24 19 34 28
3887 22 144 41 31 32 1 26 26 26 27 34 28
3888 22 155 26 10 27 4 26 48 32 24 34 28
3889 22 94 34 20 31 52 20 18 31 18 34 28
3890 22 135 37 39 20 12 23 34 29 36 35 28
3891 22 152 31 4 30 12 23 7 28 62 35 28
3892 22 76 32 39 21 1 20 33 28 33 34 28
3893 22 120 25 30 29 7 26 34 31 18 34 28
3894 22 108 39 3 40 1 30 21 25 23 34 28
3895 22 52 32 30 38 1 17 23 28 19 34 28
3896 22 92 48 31 36 38 24 34 20 12 34 28
3897 22 125 25 29 30 46 22 1 35 18 34 28
3898 22 164 33 36 30 33 22 27 26 26 34 28
3899 22 261 45 43 42 13 22 36 28 20 34 28
3900 22 137 21 9 34 1 18 25 24 18 34 28
3901 22 81 33 34 30 8 24 25 28 24 34 28
3902 22 105 39 23 27 9 17 18 30 52 34 28
3903 22 126 38 34 29 73 20 32 29 32 34 28
3904 22 82 19 17 36 1 24 23 25 7 34 28
3905 22 235 27 24 30 1 16 16 36 28 34 28
3906 22 115 45 14 36 36 30 28 32 29 34 28
3907 22 130 41 29 28 58 26 33 26 29 34 28
3908 22 139 38 10 35 1 18 40 25 30 34 28
3909 22 73 23 28 30 1 24 23 25 16 33 28
3910 22 52 22 24 23 73 26 27 27 18 34 28
3911 22 154 33 30 32 1 20 29 30 26 34 28
3912 22 81 32 30 75 33 27 29 33 24 34 28
3913 22 56 36 30 30 7 20 20 28 21 34 28
3914 22 223 47 42 22 65 27 30 29 34 34 28
3915 22 116 49 36 31 44 23 31 27 21 34 28
3916 22 59 15 21 21 1 30 35 32 18 34 28
3917 22 143 29 24 39 1 25 30 31 28 34 28
3918 22 70 28 28 28 13 28 30 22 3 34 28
3919 22 142 19 24 29 1 23 27 28 10 34 28
3920 22 153 30 26 26 9 20 25 18 23 34 28
3921 22 123 32 37 26 36 24 28 24 29 34 28
3922 22 80 20 29 29 18 23 1 29 17 34 28
3923 22 135 53 32 39 52 25 45 34 37 34 28
3924 22 90 31 35 37 1 22 31 27 16 34 28
3925 22 83 29 34 19 49 20 24 30 29 34 28
3926 22 197 41 18 33 123 20 22 28 21 34 28
3927 22 137 9 8 21 1 18 23 25 4 34 28
3928 22 76 38 35 28 12 19 25 32 36 34 28
3929 22 223 36 24 34 57 24 27 31 80 35 28
3930 22 158 37 20 38 52 21 24 27 8 34 28
3931 22 68 28 35 25 1 19 22 20 19 34 28
3932 22 152 41 34 28 79 25 27 34 36 34 28
3933 22 81 30 20 31 1 29 24 27 7 34 28
3934 22 179 44 37 28 92 22 38 33 24 34 28
3935 22 124 28 24 27 35 21 30 33 26 34 28
3936 22 80 46 25 45 100 25 23 25 20 34 28
3937 22 3 22 26 32 1 20 28 27 11 34 28
3938 22 175 37 11 28 72 22 22 25 19 34 28
3939 22 133 33 18 45 25 25 27 31 3 34 28
3940 22 76 24 26 31 1 23 24 35 45 34 28
3941 22 129 17 26 15 15 23 23 31 21 34 28
3942 22 166 45 21 29 94 22 27 39 70 35 28
3943 22 74 28 23 36 47 18 28 42 17 34 28
3944 22 92 29 16 41 19 22 37 28 7 34 28
3945 22 118 44 29 41 1 25 28 36 23 34 28
3946 22 1 16 39 21 1 23 35 19 13 34 28
3947 22 165 36 34 33 1 21 38 24 16 34 28
3948 22 105 45 48 33 1 20 28 28 25 34 28
3949 22 107 36 28 34 30 24 31 26 202 35 28
3950 22 80 22 35 21 22 21 21 23 23 34 28
3951 22 131 36 25 29 48 26 33 28 26 34 28
3952 22 122 22 16 33 1 21 24 32 19 34 28
3953 22 183 36 24 31 33 23 30 25 17 34 28
3954 22 251 30 17 37 18 25 29 31 13 34 28
3955 22 165 30 34 31 1 29 32 25 30 34 28
3956 22 65 34 36 31 96 20 31 28 10 34 28
3957 22 137 28 36 23 1 26 38 25 78 34 28
3958 22 125 30 37 23 1 23 32 31 33 35 28
3959 22 113 47 31 33 96 24 25 34 24 34 28
3960 22 114 13 26 27 1 20 27 25 87 34 28
3961 22 49 30 35 33 41 22 33 36 23 34 28
3962 22 77 29 17 30 9 24 27 34 21 34 28
3963 22 71 28 14 28 31 21 25 24 22 34 28
3964 22 110 22 4 39 5 24 32 28 9 34 28
3965 22 130 10 25 26 1 18 21 21 6 34 28
3966 22 112 19 31 16 26 26 40 36 29 34 28
3967 22 103 31 24 34 1 19 22 21 25 34 28
3968 22 104 30 28 25 1 27 28 30 31 34 28
3969 22 50 24 25 33 1 21 29 26 16 34 28
3970 22 403 35 28 23 12 24 28 31 28 34 28
3971 22 237 37 20 36 1 21 28 21 17 34 28
3972 22 285 18 25 19 41 21 26 33 24 34 28
3973 22 77 33 19 29 15 23 32 29 26 34 28
3974 22 189 27 13 27 47 26 27 31 47 34 28
3975 22 77 30 19 35 27 26 28 28 20 34 28
3976 22 165 39 30 31 44 21 38 28 35 35 28
3977 22 185 22 12 41 16 23 29 32 6 34 28
3978 22 71 24 33 32 16 30 28 23 14 34 28
3979 22 152 22 25 21 1 24 30 23 30 34 28
3980 22 113 41 24 34 64 20 21 29 27 34 28
3981 22 230 31 28 30 78 21 18 25 11 34 28
3982 22 258 41 18 49 1 26 18 18 15 34 28
3983 22 94 28 27 31 47 21 39 24 15 34 28
3984 22 99 35 24 35 45 23 17 22 13 34 28
3985 22 154 42 23 34 1 20 22 31 17 34 28
3986 22 130 40 26 36 97 24 21 33 74 34 28
3987 22 107 27 38 28 39 23 41 24 27 34 28
3988 22 1 17 30 28 1 24 21 23 11 34 28
3989 22 165 27 23 24 88 23 30 25 20 34 28
3990 22 180 25 29 28 19 25 28 29 36 34 28
3991 22 336 32 21 30 98 25 26 28 11 34 28
3992 22 596 33 30 34 70 23 41 21 8 34 28
3993 22 159 39 36 28 24 24 37 30 37 35 28
3994 22 103 36 38 28 1 19 30 22 112 34 28
3995 22 78 30 33 36 1 22 35 27 19 34 28
3996 22 71 24 33 14 56 27 36 27 26 34 28
3997 22 157 38 36 24 42 24 33 27 35 35 28
3998 22 36 21 26 24 8 20 42 30 11 34 28
3999 22 139 29 18 31 40 24 34 27 26 34 28
4000 22 78 27 33 22 1 23 31 28 36 34 28
4001 22 259 13 15 28 1 21 30 25 21 34 28
4002 22 439 18 42 25 44 23 1 31 12 34 28
4003 22 77 26 22 35 5 20 34 29 10 34 28
4004 22 119 17 26 27 15 23 27 34 19 34 28
4005 22 74 27 25 31 44 23 1 27 5 34 28
4006 22 62 32 36 33 1 26 31 31 29 34 28
4007 22 110 19 25 24 1 25 28 26 10 34 28
4008 22 91 16 24 29 1 26 27 26 18 34 28
4009 22 151 31 18 27 35 20 22 27 83 35 28
4010 22 176 36 32 28 20 24 25 30 14 34 28
4011 22 122 27 46 14 21 26 26 31 30 35 28
4012 22 83 27 29 17 34 24 34 26 24 34 28
4013 22 158 29 25 30 27 29 32 24 19 34 28
4014 22 116 38 17 41 12 21 29 25 3 34 28
4015 22 185 39 30 31 89 20 29 37 115 35 28
4016 22 285 38 18 44 21 26 29 34 12 34 28
4017 22 33 25 25 21 41 25 33 20 12 34 28
4018 22 94 48 37 19 33 23 19 25 39 35 28
4019 22 57 37 33 28 25 26 27 25 25 34 28
4020 22 126 33 7 37 16 25 36 30 17 34 28
4021 22 106 22 26 30 1 26 33 25 60 34 28
4022 22 80 33 25 48 1 22 21 29 17 34 28
4023 22 60 44 43 20 45 27 32 29 39 35 28
4024 22 60 45 41 31 112 23 25 27 28 35 28
4025 22 139 27 23 29 67 26 23 25 10 34 28
4026 22 186 30 13 36 1 23 24 26 26 34 28
4027 22 91 10 20 20 1 26 22 21 17 34 28
4028 22 191 43 23 33 64 23 36 31 88 34 28
4029 22 29 28 38 21 48 26 21 24 13 34 28
4030 22 154 29 31 27 41 26 40 24 13 34 28
4031 22 60 35 28 38 20 24 22 26 11 34 28
4032 22 223 35 23 35 1 19 14 34 27 34 28
4033 22 80 36 26 32 70 25 33 24 19 34 28
4034 22 81 36 26 33 1 20 24 31 27 34 28
4035 22 306 42 27 35 48 27 26 32 12 34 28
4036 22 91 20 12 30 16 21 21 25 7 34 28
4037 22 137 28 17 32 62 22 26 26 18 34 28
4038 22 156 38 20 30 1 20 28 30 29 34 28
4039 22 65 18 19 25 21 23 27 25 20 34 28
4040 22 110 28 31 23 8 22 32 26 65 34 28
4041 22 1 22 39 24 99 27 27 25 10 34 28
4042 22 91 30 31 32 1 21 22 32 13 34 28
4043 22 86 42 25 27 9 27 30 27 24 34 28
4044 22 64 21 30 20 77 26 29 21 24 34 28
4045 22 100 34 26 36 69 22 28 32 14 34 28
4046 22 110 39 16 34 16 23 24 30 23 34 28
4047 22 230 30 17 25 48 24 27 28 21 34 28
4048 22 161 51 28 37 108 25 29 32 24 34 28
4049 22 150 31 20 38 22 20 26 27 19 34 28
4050 22 123 33 36 28 90 25 33 18 18 34 28
4051 22 107 37 27 31 47 16 15 26 20 34 28
4052 22 111 17 16 29 14 23 28 27 28 34 28
4053 22 102 32 34 23 18 22 27 19 20 34 28
4054 22 85 41 40 26 42 26 25 28 21 34 28
4055 22 122 36 27 28 29 24 25 33 68 35 28
4056 22 114 29 16 36 48 23 23 30 15 34 28
4057 22 62 36 32 36 63 21 34 29 18 34 28
4058 22 57 24 18 23 29 22 25 30 23 34 28
4059 22 103 34 18 35 61 24 29 30 25 34 28
4060 22 126 30 31 24 55 24 9 23 18 34 28
4061 22 77 34 32 30 19 27 21 19 17 34 28
4062 22 94 35 40 25 1 23 32 43 35 35 28
4063 22 81 32 19 26 41 23 28 32 15 34 28
4064 22 79 30 39 18 39 27 22 32 26 34 28
4065 22 75 25 20 26 28 27 13 26 25 34 28
4066 22 120 36 29 24 39 22 32 29 29 34 28
4067 22 163 24 13 27 75 24 20 28 7 34 28
4068 22 115 18 27 28 1 23 11 29 8 34 28
4069 22 130 32 35 24 1 25 31 36 38 34 28
4070 22 160 27 32 25 28 25 35 24 34 34 28
4071 22 90 25 21 33 31 23 24 35 13 34 28
4072 22 57 20 36 26 16 23 26 26 89 35 28
4073 22 75 39 27 32 24 25 37 29 25 34 28
4074 22 116 26 19 25 26 25 18 33 18 34 28
4075 22 52 32 27 27 45 26 26 32 13 34 28
4076 22 105 10 20 27 9 22 22 33 9 34 28
4077 22 90 25 29 22 62 26 35 26 21 34 28
4078 22 388 33 20 27 59 23 15 28 16 34 28
4079 22 105 35 35 30 1 19 1 32 25 34 28
4080 22 144 36 28 26 49 24 23 36 33 34 28
4081 22 153 28 46 18 40 21 30 28 75 34 28
4082 22 134 25 21 35 19 23 23 33 4 34 28
4083 22 114 18 2 32 1 21 20 28 5 34 28
4084 22 129 26 26 30 28 18 5 37 28 34 28
4085 22 147 34 28 29 42 20 10 29 103 34 28
4086 22 449 40 34 30 1 20 36 24 56 35 28
4087 22 114 40 32 33 80 24 31 23 18 34 28
4088 22 161 36 31 28 1 19 27 29 37 34 28
4089 22 169 30 24 25 29 28 26 31 36 34 28
4090 22 103 42 25 30 90 17 33 30 23 34 28
4091 22 165 21 25 23 32 25 28 30 20 34 28
4092 22 94 49 38 33 28 23 21 22 32 35 28
4093 22 31 22 43 26 5 20 18 26 16 34 28
4094 22 129 22 32 26 1 19 22 27 13 34 28
4095 22 82 34 26 31 53 22 31 25 17 34 28
4096 22 123 22 28 28 1 27 30 29 18 34 28
4097 22 155 40 21 41 1 20 25 19 22 34 28
4098 22 152 41 34 38 1 24 26 29 13 34 28
4099 22 69 15 26 18 1 26 41 28 21 34 28
4100 22 270 36 14 37 22 18 21 25 12 34 28
4101 22 55 39 35 33 1 22 16 30 16 34 28
4102 22 149 32 37 23 46 26 32 32 30 34 28
4103 22 96 31 35 23 25 28 25 777 16 34 28
4104 22 115 37 17 42 35 20 17 34 45 34 28
4105 22 56 27 35 25 1 25 35 25 31 34 28
4106 22 118 39 32 31 1 23 34 24 26 34 28
4107 22 1 28 36 30 69 27 28 25 10 34 28
4108 22 107 44 16 33 84 25 30 26 26 34 28
4109 22 92 28 40 21 11 29 26 24 25 34 28
4110 22 97 26 22 17 1 24 33 22 21 34 28
4111 22 96 26 23 34 33 29 39 21 12 34 28
4112 22 156 32 22 26 110 23 32 29 20 34 28
4113 22 348 31 19 31 1 18 35 23 29 34 28
4114 22 65 28 34 28 9 24 29 18 63 34 28
4115 22 112 30 24 29 1 22 21 25 19 34 28
4116 22 52 32 37 38 1 24 34 24 30 34 28
4117 22 264 41 26 32 1 20 27 22 69 35 28
4118 22 30 20 31 21 71 27 24 33 13 34 28
4119 22 98 26 20 30 20 19 23 29 8 34 28
4120 22 123 34 24 27 9 19 27 20 18 34 28
4121 22 344 32 18 29 21 27 44 20 31 34 28
4122 22 59 32 32 34 60 25 22 25 9 34 28
4123 22 148 52 25 37 1 24 35 35 29 34 28
4124 22 116 39 40 28 36 26 29 27 25 34 28
4125 22 190 27 20 31 1 19 29 31 13 34 28
4126 22 98 29 32 20 1 22 28 131 32 35 28
4127 22 59 37 33 38 1 26 25 30 19 34 28
4128 22 20 18 25 30 35 23 29 22 7 34 28
4129 22 174 26 25 31 20 20 18 27 8 34 28
4130 22 201 42 28 36 37 20 22 19 21 34 28
4131 22 207 27 13 32 1 27 28 24 27 34 28
4132 22 91 24 16 31 8 23 18 29 1 34 28
4133 22 115 22 21 35 14 21 29 31 9 34 28
4134 22 251 29 30 24 78 27 35 24 23 34 28
4135 22 139 27 32 28 36 24 1 27 1 34 28
4136 22 104 35 26 34 4 22 26 28 16 34 28
4137 22 144 27 17 32 51 21 29 28 18 34 28
4138 22 104 32 16 34 3 23 36 28 34 35 28
4139 22 94 33 35 26 1 22 29 27 31 35 28
4140 22 237 29 20 34 98 24 26 27 45 35 28
4141 22 260 49 35 34 72 18 34 30 37 35 28
4142 22 85 21 28 27 1 27 37 22 33 34 28
4143 22 203 42 33 22 5 27 25 27 41 35 28
4144 22 80 39 21 30 68 21 25 32 33 34 28
4145 22 75 30 27 26 31 24 34 26 19 34 28
4146 22 1 24 28 29 5 23 11 30 1 34 28
4147 22 91 37 35 29 11 18 26 30 33 35 28
4148 22 129 33 25 39 1 20 23 28 8 34 28
4149 22 71 25 20 19 9 23 27 28 35 34 28
4150 22 92 17 22 29 50 23 27 31 8 34 28
4151 22 73 31 35 28 40 26 18 24 11 34 28
4152 31 209 39 57 35 90 35 61 42 57 46 39
4153 22 105 31 37 36 61 28 37 29 100 35 28
4154 22 146 39 32 33 53 23 29 26 24 34 28
4155 22 145 26 23 34 69 24 25 34 1 34 28
4156 22 89 31 13 47 1 24 17 28 8 34 28
4157 22 97 30 19 26 55 24 31 30 27 35 28
4158 22 161 39 15 43 1 19 21 30 12 34 28
4159 22 70 40 33 28 10 21 20 24 26 34 28
4160 22 132 32 37 26 18 26 38 30 26 34 28
4161 22 111 21 14 32 44 26 36 30 13 34 29
4162 22 108 46 45 29 33 17 36 29 34 35 28
4163 22 1 24 28 25 57 29 32 24 4 34 28
4164 22 176 29 35 25 101 31 1 41 75 34 28
4165 22 62 27 18 38 33 24 16 30 1 34 28
4166 22 69 28 32 20 61 27 43 21 11 34 28
4167 22 98 33 30 28 11 25 19 25 16 34 28
4168 22 83 29 30 32 52 26 25 30 12 34 28
4169 22 51 26 27 28 91 28 24 28 16 34 28
4170 22 101 30 16 34 8 22 27 32 22 34 28
4171 22 168 41 25 37 89 24 27 27 1 34 28
4172 22 143 29 33 27 1 23 31 29 35 34 28
4173 22 114 24 14 34 39 22 21 25 6 34 28
4174 22 100 39 27 31 92 23 31 27 9 34 28
4175 22 109 43 33 34 53 25 21 32 79 35 28
4176 22 94 37 25 24 76 30 26 31 24 34 28
4177 22 122 32 22 31 1 17 29 28 22 34 28
4178 22 194 38 27 21 90 22 25 26 38 35 28
4179 22 63 36 37 23 1 24 29 42 36 35 28
4180 22 134 27 27 29 32 29 30 34 30 34 28
4181 22 264 37 11 36 20 28 33 19 21 34 28
4182 22 124 37 25 34 89 21 29 24 9 34 28
4183 22 100 26 22 35 1 22 34 23 20 34 28
4184 22 117 32 23 25 66 29 31 29 2 34 28
4185 22 47 26 17 39 9 24 29 32 18 34 28
4186 22 97 44 19 39 91 24 29 33 11 34 28
4187 22 59 20 19 32 20 23 20 30 1 34 28
4188 22 166 28 13 26 25 23 1 30 21 34 28
4189 22 156 37 21 38 60 27 19 26 4 34 28
4190 22 163 34 38 25 67 15 26 19 24 34 28
4191 22 45 22 23 27 81 24 47 28 24 34 28
4192 22 165 33 27 30 57 21 26 25 19 34 28
4193 22 211 26 34 24 1 27 36 23 86 34 28
4194 22 110 28 27 29 9 21 27 26 28 34 28
4195 22 106 20 26 27 3 20 21 20 7 34 28
4196 22 117 36 27 37 1 22 23 23 20 34 28
4197 22 57 16 25 19 55 26 34 30 27 34 28
4198 22 115 32 24 34 55 23 25 31 7 34 28
4199 22 134 30 8 40 1 21 26 22 2 34 28
4200 22 191 18 19 31 1 22 28 24 13 34 28
4201 22 95 34 32 24 33 25 18 28 26 34 28
4202 22 214 34 40 23 38 24 35 29 28 34 28
4203 22 51 21 22 26 39 22 34 26 14 34 28
4204 22 313 33 22 31 67 28 32 33 16 34 28
4205 22 86 22 30 31 1 21 34 18 20 34 28
4206 22 136 39 18 41 122 29 32 30 8 35 28
4207 22 71 39 34 28 55 23 27 28 31 34 28
4208 22 278 30 19 29 72 28 25 28 16 34 28
4209 22 166 26 34 18 1 28 21 29 33 34 28
4210 22 234 32 36 28 50 20 28 36 34 35 28
4211 22 142 25 20 29 1 25 24 26 28 34 28
4212 22 33 16 27 29 46 26 46 26 15 34 28
4213 22 124 24 23 22 12 26 32 19 27 34 28
4214 22 86 26 28 29 10 24 34 24 28 34 28
4215 22 98 28 25 29 1 28 27 30 24 34 29
4216 22 457 31 28 28 26 26 20 27 19 34 28
4217 22 101 17 23 32 5 26 1 38 10 34 28
4218 22 93 30 21 36 1 20 25 35 92 34 28
4219 22 77 42 25 38 53 30 31 40 23 34 28
4220 22 85 22 28 34 1 24 38 18 7 34 28
4221 22 113 24 29 29 33 22 1 23 10 34 28
4222 22 161 39 23 38 24 21 25 24 30 34 28
4223 22 132 34 22 40 64 23 32 27 12 34 28
4224 22 130 46 31 30 85 20 25 28 48 35 28
4225 22 175 27 35 25 1 27 28 19 15 34 28
4226 22 96 31 27 25 10 38 30 27 22 34 28
4227 22 147 34 38 30 42 21 30 33 11 34 28
4228 22 93 35 32 28 34 25 33 25 29 34 28
4229 22 73 29 27 24 1 27 31 27 31 34 28
4230 22 262 19 21 29 1 21 26 31 24 34 28
4231 22 15 12 22 21 20 25 31 36 9 34 28
4232 22 64 25 31 25 37 24 23 33 14 34 28
4233 22 79 36 37 32 46 54 55 65 18 34 28
4234 22 252 20 19 33 1 23 24 27 8 34 28
4235 22 22 17 28 25 46 21 27 34 19 34 28
4236 22 99 29 34 22 1 20 24 22 29 34 28
4237 22 115 25 25 26 65 24 21 25 135 34 28
4238 22 170 29 25 27 101 22 33 32 12 34 28
4239 22 163 25 30 27 31 27 24 28 18 34 28
4240 22 83 38 38 30 57 20 31 31 21 34 28
4241 22 103 28 14 25 19 26 20 34 18 34 28
4242 22 134 35 44 25 37 20 27 28 24 34 28
4243 23 82 40 39 31 71 28 29 31 17 34 28
4244 22 165 38 21 33 15 23 45 32 31 34 28
4245 22 373 26 30 26 1 19 33 25 21 34 28
4246 22 115 46 27 31 116 23 18 22 27 34 28
4247 22 139 25 26 25 21 21 20 25 9 34 28
4248 22 137 28 13 31 59 23 28 24 15 34 28
4249 22 121 27 28 25 54 23 24 28 18 34 28
4250 22 1 23 47 21 69 21 20 24 17 34 28
4251 22 153 40 25 33 1 20 28 27 27 34 28
4252 22 280 21 14 27 63 25 25 29 12 34 28
4253 22 115 25 21 21 56 22 26 19 22 34 28
4254 22 104 51 50 31 1 21 31 36 31 34 28
4255 22 153 16 29 15 1 26 34 30 27 34 28
4256 22 322 17 32 21 1 27 33 24 18 34 28
4257 22 92 22 22 22 59 19 33 20 22 34 28
4258 22 80 35 27 34 75 24 24 26 11 34 28
4259 22 83 22 10 29 5 20 29 26 17 34 28
4260 22 86 20 24 35 1 21 34 25 12 34 28
4261 22 60 18 23 25 2 24 31 27 12 34 28
4262 22 117 28 12 38 91 20 28 32 6 34 28
4263 22 187 44 32 40 111 22 2 37 19 34 28
4264 22 120 37 35 34 1 17 24 24 53 34 28
4265 22 212 45 35 31 101 22 23 31 26 34 28
4266 22 227 25 31 27 8 25 37 22 22 34 28
4267 22 112 22 23 26 13 23 28 28 25 34 28
4268 22 113 31 21 32 1 20 20 28 18 34 28
4269 22 95 31 12 34 60 21 29 28 17 34 28
4270 22 93 21 31 23 1 27 25 23 20 34 28
4271 22 86 34 30 27 35 27 27 30 25 34 28
4272 22 30 32 39 28 57 22 26 26 19 34 28
4273 22 86 28 31 20 1 24 28 29 18 34 28
4274 22 27 35 46 25 20 26 27 20 26 34 28
4275 22 59 34 30 28 26 26 28 29 21 34 28
4276 22 132 28 29 25 35 25 26 27 16 34 28
4277 22 170 44 32 29 41 24 33 33 27 34 28
4278 22 180 39 25 37 1 15 1 31 18 34 28
4279 22 86 30 35 27 52 24 33 23 15 34 28
4280 22 129 34 38 27 1 20 25 34 31 34 28
4281 22 286 48 40 38 1 25 32 25 31 34 28
4282 22 141 31 17 26 1 23 34 31 25 34 28
4283 22 144 37 18 38 21 29 19 34 90 34 28
4284 22 139 23 21 28 1 23 23 29 22 34 28
4285 22 405 40 42 36 20 24 19 31 20 34 28
4286 22 142 43 27 36 51 24 24 34 16 34 28
4287 22 123 36 28 26 11 26 23 31 56 35 28
4288 22 108 42 29 28 59 21 21 27 25 34 28
4289 22 186 20 21 22 19 26 26 28 33 35 28
4290 22 166 26 38 21 1 24 33 26 29 34 28
4291 22 74 45 43 29 1 26 31 31 34 34 28
4292 22 254 45 24 28 29 26 31 28 40 35 28
4293 22 188 29 6 33 1 27 28 30 15 34 28
4294 22 66 22 24 29 1 20 33 31 36 34 28
4295 22 131 35 4 40 1 20 1 33 17 34 28
4296 22 79 44 35 32 34 26 32 34 34 35 28
4297 22 131 40 26 31 45 23 27 30 19 34 28
4298 22 140 24 24 28 1 24 35 26 13 34 28
4299 22 121 22 20 25 75 18 21 28 17 34 28
4300 22 270 30 38 25 1 24 36 27 27 34 28
4301 22 193 29 26 32 1 25 32 27 25 34 28
4302 22 104 17 24 16 20 25 31 24 22 34 28
4303 22 74 40 28 35 20 27 6 27 29 34 28
4304 22 77 22 29 27 1 19 29 23 16 34 28
4305 22 311 38 16 40 48 22 24 31 12 34 28
4306 22 207 47 37 41 13 22 31 21 57 34 28
4307 22 655 34 30 31 10 23 1 28 24 34 28
4308 22 128 35 25 29 1 26 28 26 28 34 28
4309 22 65 33 37 28 1 26 31 27 36 35 28
4310 22 94 36 38 30 60 20 42 23 12 34 28
4311 22 89 47 46 29 51 20 31 27 42 35 28
4312 22 54 25 25 32 36 19 23 28 14 34 28
4313 22 163 42 42 31 51 25 29 17 28 34 28
4314 22 97 42 32 28 67 26 28 28 31 35 28
4315 22 62 28 26 30 54 23 20 20 5 34 28
4316 22 51 21 24 17 1 31 36 29 31 34 28
4317 22 67 21 27 19 4 18 29 29 28 34 28
4318 22 93 19 28 26 1 29 31 26 40 34 28
4319 22 127 40 7 35 1 22 46 27 35 34 28
4320 22 169 36 34 30 41 22 30 30 35 35 28
4321 22 47 23 25 32 12 22 26 27 26 34 28
4322 22 108 41 22 45 24 24 29 26 117 34 28
4323 22 129 38 21 38 1 25 30 29 55 34 28
4324 22 81 27 21 31 24 16 25 30 14 34 28
4325 22 61 10 12 23 1 24 20 21 17 34 28
4326 22 296 24 32 20 40 19 35 27 29 34 28
4327 22 79 29 32 21 24 18 35 31 23 34 28
4328 22 55 36 25 36 1 27 19 23 21 34 28
4329 22 108 35 17 32 86 21 2 30 24 34 28
4330 22 133 14 13 25 9 24 27 29 7 34 28
4331 22 143 22 25 15 33 21 23 27 29 34 28
4332 22 400 45 38 41 1 22 37 26 19 34 28
4333 22 112 44 36 34 60 23 28 33 20 34 28
4334 22 98 43 30 38 1 24 27 31 17 34 28
4335 22 262 29 7 30 22 21 23 30 32 34 28
4336 22 95 32 40 30 10 25 27 36 20 34 28
4337 22 116 26 33 20 1 27 35 27 36 34 28
4338 22 71 32 34 27 3 25 39 26 33 35 28
4339 22 107 23 4 37 1 20 29 24 6 34 28
4340 22 150 46 26 41 86 16 28 29 21 34 28
4341 22 115 33 28 32 1 25 36 26 34 35 28
4342 22 75 19 25 33 38 21 26 35 8 34 28
4343 22 196 16 24 31 1 24 27 26 17 34 28
4344 22 59 36 39 26 15 29 39 29 27 34 28
4345 22 96 35 19 31 17 33 1 31 20 34 28
4346 22 71 26 28 30 16 25 19 23 11 34 28
4347 22 121 35 41 29 1 25 25 31 23 34 28
4348 22 211 40 26 31 57 22 30 27 24 34 28
4349 22 97 24 28 23 1 23 26 29 18 34 28
4350 22 103 16 25 23 1 26 34 21 16 34 28
4351 22 79 40 38 31 34 23 32 26 28 34 28
4352 22 176 27 18 25 39 21 16 27 33 34 28
4353 22 97 29 31 30 51 19 28 27 13 34 28
4354 22 83 33 19 32 47 29 31 29 24 34 28
4355 22 204 38 22 37 24 18 29 25 21 34 28
4356 22 159 33 33 21 35 26 32 26 36 35 28
4357 22 173 26 36 21 1 23 36 27 41 34 28
4358 22 136 47 18 34 54 23 25 32 33 35 28
4359 22 114 48 28 42 111 24 23 22 12 34 28
4360 22 187 35 32 36 71 22 27 27 10 34 28
4361 22 206 44 18 37 32 21 39 35 29 34 28
4362 22 104 39 21 33 89 20 19 26 5 34 28
4363 22 120 18 22 33 1 19 17 30 5 34 28
4364 22 56 20 34 33 1 20 20 31 9 34 28
4365 22 53 24 33 23 48 27 23 27 21 34 28
4366 22 59 40 31 27 45 24 30 25 32 34 28
4367 22 275 43 28 35 11 19 18 23 27 34 28
4368 22 84 39 33 33 50 29 30 33 12 34 28
4369 22 170 29 28 29 1 26 28 23 18 34 28
4370 22 1 7 39 19 1 23 11 23 16 34 28
4371 22 189 43 21 28 14 39 28 27 34 34 28
4372 22 87 46 34 30 1 23 15 34 33 34 28
4373 22 77 31 30 30 1 21 37 32 29 34 28
4374 22 146 22 19 26 9 23 34 26 21 34 28
4375 22 79 38 31 34 91 22 26 33 16 34 28
4376 22 100 24 15 23 46 25 29 25 105 35 28
4377 22 221 33 30 31 11 23 34 32 26 34 28
4378 22 1 32 37 36 34 30 34 25 12 34 28
4379 22 110 32 30 25 70 22 41 36 27 34 28
4380 22 91 22 29 15 52 27 30 24 31 35 28
4381 22 189 21 21 29 7 22 23 27 87 34 28
4382 22 1 23 41 27 59 27 1 32 10 34 28
4383 22 418 28 16 28 1 24 42 28 32 34 28
4384 22 155 38 32 29 25 19 24 28 74 34 28
4385 22 149 16 15 26 14 27 21 29 6 34 28
4386 22 145 23 22 30 1 24 35 32 23 34 28
4387 22 161 20 27 28 34 25 30 22 99 34 28
4388 22 131 24 33 27 1 22 36 35 17 34 28
4389 22 283 29 20 31 1 23 30 27 4 34 28
4390 22 114 38 31 32 67 28 23 24 66 35 28
4391 22 101 29 30 28 67 23 27 26 25 34 28
4392 22 97 21 31 27 38 26 11 22 19 34 28
4393 22 112 32 34 32 11 20 28 31 9 34 28
4394 22 91 30 19 36 1 24 23 27 35 34 28
4395 22 81 45 26 37 32 24 23 30 19 34 28
4396 22 91 32 36 31 13 23 40 31 25 34 28
4397 22 120 20 22 32 1 24 22 28 7 34 28
4398 22 107 27 25 34 1 24 1 28 14 34 28
4399 22 122 15 6 35 4 21 29 26 1 34 28
4400 22 50 23 18 32 13 24 16 25 4 34 28
4401 22 136 39 29 35 97 23 28 30 9 34 28
4402 22 121 33 35 23 1 31 26 32 35 34 28
4403 22 80 37 21 28 33 23 29 27 34 34 28
4404 22 102 36 35 29 30 22 31 24 34 35 28
4405 22 123 25 21 26 39 23 20 23 13 34 28
4406 22 160 30 7 36 32 21 23 27 9 34 28
4407 22 84 41 26 35 49 26 26 21 13 34 28
4408 22 149 43 18 34 30 24 34 19 23 34 28
4409 22 188 49 27 36 1 22 38 29 37 35 28
4410 22 91 32 25 24 29 26 27 26 24 34 28
4411 22 117 30 29 34 49 24 26 27 16 34 28
4412 22 154 35 31 35 1 23 39 26 37 35 28
4413 22 215 35 37 25 47 20 23 27 31 35 28
4414 22 125 39 37 30 1 19 1 33 27 34 28
4415 22 192 29 36 35 1 24 32 31 23 34 28
4416 22 75 38 26 35 1 18 30 26 26 34 28
4417 22 126 19 31 30 1 27 23 25 9 34 28
4418 22 174 34 2 36 1 16 48 21 18 34 28
4419 22 44 18 31 22 1 31 26 25 28 34 28
4420 22 81 13 15 30 6 22 24 22 1 34 27
4421 22 124 39 41 29 95 25 23 24 17 34 28
4422 22 204 16 30 24 2 24 31 205 21 34 28
4423 22 46 23 36 11 27 20 26 27 43 35 28
4424 22 73 35 43 19 39 24 30 32 39 34 28
4425 22 155 39 41 30 87 22 24 37 31 34 28
4426 22 87 35 42 26 69 25 27 29 17 34 28
4427 22 148 36 34 30 1 28 42 30 30 35 28
4428 22 125 40 35 29 1 20 1 34 31 34 28
4429 22 262 24 32 24 26 25 23 31 16 34 28
4430 22 170 15 24 33 13 24 30 29 7 34 28
4431 22 60 26 37 21 1 30 42 25 24 34 28
4432 22 252 32 30 26 22 22 22 20 26 34 28
4433 22 119 42 37 32 96 22 36 35 39 35 28
4434 22 121 33 22 33 44 19 23 24 12 34 28
4435 22 127 22 30 34 2 24 24 36 13 34 28
4436 22 1 8 31 29 1 25 37 31 12 34 28
4437 22 84 32 39 15 61 23 26 27 45 35 28
4438 22 72 35 41 28 52 25 36 34 32 35 28
4439 22 112 33 18 32 69 27 33 36 26 34 28
4440 22 89 39 33 27 56 25 24 30 36 35 28
4441 22 145 32 26 31 44 23 25 26 4 34 28
4442 22 131 31 20 34 1 23 30 25 32 34 28
4443 22 112 17 24 28 13 28 28 18 2 34 28
4444 22 712 39 20 43 1 21 42 32 15 34 28
4445 22 93 23 29 30 27 23 28 32 21 34 28
4446 22 79 21 31 24 17 24 5 32 17 34 28
4447 22 126 29 18 33 7 21 24 30 18 34 28
4448 22 155 27 34 21 21 26 13 25 23 34 28
4449 22 69 28 19 33 1 23 30 36 22 34 28
4450 22 165 30 36 30 1 24 36 19 16 34 28
4451 22 82 30 31 29 1 25 26 30 122 34 28
4452 22 467 37 28 30 48 35 26 29 24 34 28
4453 22 197 37 37 25 1 25 27 23 32 35 28
4454 22 243 38 38 26 1 20 29 30 23 34 28
4455 22 166 28 13 45 1 25 24 32 1 34 28
4456 22 161 41 36 28 6 29 39 25 31 34 28
4457 22 95 20 14 33 1 17 24 21 9 34 28
4458 22 342 35 21 32 1 20 22 27 1 34 28
4459 22 124 37 14 27 85 23 27 25 34 35 28
4460 22 101 17 27 33 40 23 15 27 9 34 28
4461 22 134 39 15 38 1 25 41 25 33 34 28
4462 22 44 35 39 25 1 24 38 23 34 34 28
4463 22 130 25 14 35 50 24 25 34 5 34 28
4464 22 36 27 37 35 27 27 27 30 6 34 28
4465 22 133 20 8 37 1 24 24 25 89 34 28
4466 22 107 33 25 28 1 23 22 27 30 34 28
4467 22 84 28 23 35 60 23 25 35 5 34 28
4468 22 179 25 21 35 10 24 28 31 4 34 28
4469 22 136 38 41 28 10 23 29 26 25 34 28
4470 22 2 26 45 33 15 23 22 23 15 34 28
4471 22 136 29 33 27 15 23 24 19 14 34 28
4472 22 111 32 20 33 97 22 29 31 7 34 28
4473 22 94 36 26 38 46 22 21 25 8 34 28
4474 22 74 32 32 32 61 26 37 33 27 34 28
4475 22 144 45 33 32 1 20 33 28 39 35 28
4476 22 141 37 24 26 22 23 26 28 20 34 28
4477 22 135 25 32 11 3 26 34 28 74 35 28
4478 22 79 32 25 35 26 21 32 23 24 34 28
4479 22 124 41 28 40 1 22 13 25 22 34 28
4480 22 157 37 30 32 1 21 4 38 18 34 28
4481 22 102 26 33 20 58 25 34 20 22 34 28
4482 22 98 24 33 18 1 25 31 20 31 34 28
4483 22 97 32 38 31 1 20 26 32 16 34 28
4484 22 67 40 31 33 26 23 22 20 10 34 28
4485 22 71 19 19 32 64 21 29 30 11 34 28
4486 22 88 22 20 26 1 26 33 24 6 34 28
4487 22 95 16 30 14 12 24 38 24 29 34 28
4488 22 71 22 21 13 55 25 20 24 30 34 28
4489 22 172 45 15 42 1 17 20 23 83 35 28
4490 22 114 26 30 31 1 25 39 27 26 34 28
4491 22 1 28 41 22 46 24 25 28 8 34 28
4492 22 219 41 44 27 46 24 21 32 33 35 28
4493 22 116 23 15 25 70 24 28 23 47 35 28
4494 22 22 7 28 20 36 24 21 24 19 34 28
4495 22 1 3 26 19 1 23 21 29 4 34 28
4496 22 173 31 17 38 69 28 23 26 4 34 28
4497 22 1 8 32 19 1 26 19 26 8 34 28
4498 22 133 36 28 38 106 25 43 29 56 35 28
4499 22 149 40 37 28 100 20 30 36 22 34 28
4500 28 277 55 48 33 75 28 38 43 39 42 35
4501 22 93 36 40 29 99 24 38 31 42 35 28
4502 22 244 46 12 39 18 25 27 28 29 34 28
4503 22 117 36 24 28 17 27 33 23 63 34 28
4504 22 90 29 33 28 18 288 179 21 12 34 28
4505 22 331 31 39 17 48 27 26 25 35 34 28
4506 22 99 37 24 36 1 20 28 28 16 34 28
4507 22 110 34 38 26 30 22 17 18 18 34 28
4508 22 102 18 13 21 32 17 28 22 24 34 28
4509 22 138 26 12 35 7 22 23 29 6 34 28
4510 22 324 31 38 28 45 24 22 28 24 34 28
4511 22 114 27 15 38 110 21 20 26 6 34 28
4512 22 89 28 31 28 1 22 23 35 10 34 28
4513 22 357 20 22 31 1 30 27 26 19 34 28
4514 22 302 33 26 25 46 21 29 35 34 34 28
4515 22 112 26 31 26 1 26 32 25 37 35 28
4516 22 144 32 38 23 101 20 29 25 15 34 28
4517 22 119 47 26 43 88 23 27 30 1 34 28
4518 22 167 33 30 30 33 23 19 26 22 34 28
4519 22 73 31 28 30 20 25 29 36 10 34 28
4520 22 124 41 19 28 14 21 14 27 84 34 28
4521 22 57 35 47 22 26 23 34 24 30 35 28
4522 22 210 31 36 29 1 21 16 32 16 34 28
4523 22 56 35 34 29 31 27 30 27 22 34 28
4524 22 297 34 20 40 33 25 33 27 2 34 28
4525 22 194 31 24 36 56 24 32 26 21 34 28
4526 22 85 25 25 30 44 22 29 31 22 34 28
4527 22 90 21 11 32 10 27 28 28 19 34 28
4528 22 144 27 21 28 3 23 25 22 16 34 28
4529 22 204 54 31 37 104 26 22 32 88 34 28
4530 22 194 31 37 21 9 22 42 26 149 34 28
4531 22 88 39 29 30 41 23 19 27 26 34 28
4532 22 61 34 36 29 25 22 24 22 22 34 28
4533 22 108 31 26 23 18 25 34 21 32 35 28
4534 22 88 2 7 18 1 26 18 26 16 34 28
4535 22 319 45 36 28 65 23 45 27 60 35 28
4536 22 125 42 19 40 10 22 28 28 11 34 28
4537 22 76 32 25 33 16 21 25 31 10 34 28
4538 22 108 43 31 31 68 20 29 35 29 34 28
4539 22 136 35 32 28 33 24 31 22 48 35 28
4540 22 76 16 22 26 11 25 23 24 12 34 28
4541 22 66 32 37 24 1 21 27 26 25 34 28
4542 22 390 29 17 35 42 23 27 30 58 35 28
4543 22 113 41 39 27 1 20 32 28 34 35 28
4544 22 63 15 12 27 36 23 26 28 6 34 28
4545 22 85 21 14 34 20 21 19 26 12 34 28
4546 22 222 54 23 37 15 22 22 30 37 35 28
4547 22 140 11 25 15 21 20 43 22 14 34 28
4548 22 92 36 24 29 45 20 20 20 18 34 28
4549 22 152 42 41 29 1 20 28 395 79 35 28
4550 22 86 36 38 27 1 24 34 25 27 34 28
4551 22 59 34 25 37 1 22 19 23 18 34 28
4552 22 145 37 29 31 54 20 30 32 67 35 28
4553 22 70 20 33 24 47 22 22 24 15 34 28
4554 22 96 22 32 13 1 23 28 23 32 34 28
4555 22 72 36 33 30 1 25 38 33 24 34 28
4556 22 75 38 43 22 1 27 36 28 34 34 28
4557 22 68 23 34 25 1 26 30 23 11 34 28
4558 22 87 19 10 29 65 25 27 31 15 34 28
4559 22 104 6 20 29 9 21 1 27 5 34 28
4560 22 92 38 32 37 39 28 1 24 12 34 28
4561 22 92 42 28 40 1 16 25 32 20 34 28
4562 22 62 32 22 29 27 23 21 26 14 34 28
4563 22 13 28 32 34 7 26 30 32 117 34 28
4564 22 131 51 26 38 8 26 26 27 27 34 28
4565 22 59 23 13 35 1 20 28 30 19 34 28
4566 22 113 32 15 30 41 21 31 29 17 34 28
4567 22 79 43 40 29 91 23 34 24 28 34 28
4568 22 156 45 36 32 35 26 42 23 27 34 28
4569 22 97 21 16 27 1 25 21 25 15 34 28
4570 22 128 27 32 19 50 26 33 28 101 35 28
4571 22 64 26 38 31 34 27 35 31 14 34 28
4572 22 47 20 40 16 22 23 28 24 26 34 28
4573 22 58 24 34 13 31 20 32 22 34 34 28
4574 22 91 21 23 26 1 20 34 32 24 34 28
4575 22 84 17 40 19 16 19 23 36 57 35 28
4576 22 188 40 34 36 25 24 32 31 81 35 28
4577 22 79 24 14 32 1 20 25 27 22 34 28
4578 22 113 29 27 30 18 23 25 27 98 35 28
4579 22 123 30 22 34 1 20 35 21 20 34 28
4580 22 76 35 40 16 38 22 29 22 34 35 28
4581 22 74 41 30 32 49 20 28 24 18 34 28
4582 22 87 22 27 23 26 22 18 26 12 34 28
4583 22 110 45 30 33 11 27 27 35 36 35 28
4584 22 135 42 25 34 1 20 15 36 18 34 28
4585 22 41 24 46 32 1 24 1 36 13 34 28
4586 22 110 19 34 22 4 22 21 39 16 34 28
4587 22 94 54 31 36 1 26 31 32 42 35 28
4588 22 199 31 17 34 36 27 26 24 20 34 28
4589 22 55 33 40 22 27 23 29 19 25 34 28
4590 22 82 33 31 34 1 24 37 30 22 34 28
4591 22 111 21 27 19 32 18 32 25 14 34 28
4592 22 289 34 18 39 1 19 26 31 10 34 28
4593 22 62 18 17 28 1 27 8 23 29 34 28
4594 22 49 22 33 16 3 23 26 18 28 34 28
4595 22 73 40 27 31 113 27 25 28 28 34 28
4596 22 72 30 37 25 79 20 25 25 12 34 28
4597 22 130 34 26 33 58 24 32 22 20 34 28
4598 22 51 32 38 24 70 25 29 29 31 35 28
4599 22 110 37 30 28 36 25 34 27 24 34 28
4600 22 74 21 26 32 23 25 21 26 11 34 28
4601 22 73 38 34 31 2 24 20 30 27 34 28
4602 22 208 32 18 36 78 22 36 30 11 34 28
4603 22 44 27 33 35 1 19 22 29 17 34 28
4604 22 95 34 29 35 130 22 27 31 73 34 28
4605 22 62 36 41 29 1 22 32 24 28 34 28
4606 22 291 19 25 20 22 22 19 21 192 34 28
4607 22 102 36 23 32 35 29 22 28 20 34 28
4608 22 227 40 19 37 1 24 30 25 20 34 28
4609 22 94 40 39 33 93 19 15 41 16 34 28
4610 23 183 25 20 35 1 27 32 27 18 34 28
4611 22 127 32 27 34 11 24 29 32 16 34 28
4612 22 118 26 21 26 15 20 25 31 26 34 28
4613 22 289 31 17 36 44 21 31 28 183 35 28
4614 22 163 35 30 28 13 25 32 30 30 34 28
4615 22 70 23 29 20 37 21 19 22 16 34 28
4616 22 50 28 30 25 19 23 23 32 15 34 28
4617 22 240 24 26 27 1 19 30 30 21 34 28
4618 22 95 18 24 28 1 24 36 26 89 34 28
4619 22 101 35 25 33 51 27 32 18 14 34 28
4620 22 292 37 19 42 97 29 26 33 17 34 28
4621 22 99 34 22 27 20 19 35 28 29 34 28
4622 22 67 27 36 26 1 21 32 26 23 34 28
4623 22 149 44 19 47 6 25 17 29 13 34 28
4624 22 85 28 35 24 25 20 32 26 27 34 28
4625 22 112 31 29 25 36 26 32 28 17 34 28
4626 22 253 33 22 34 28 23 26 29 15 34 28
4627 22 77 33 24 28 41 25 31 23 15 34 28
4628 22 53 3 27 22 1 21 17 22 40 34 28
4629 22 16 38 40 31 41 23 38 23 13 34 28
4630 22 68 30 30 24 44 20 33 33 27 34 28
4631 22 93 21 23 23 17 22 30 27 19 34 28
4632 22 128 42 22 35 1 20 26 27 29 34 28
4633 22 145 28 31 25 26 18 37 25 25 34 28
4634 22 192 36 26 30 27 27 26 33 66 34 28
4635 22 130 23 24 32 56 27 37 25 13 34 28
4636 22 131 39 28 33 21 35 25 30 13 34 28
4637 22 121 21 20 29 1 24 30 25 17 34 28
4638 21 1 17 26 26 22 25 24 28 8 34 28
4639 22 102 36 30 36 1 23 41 33 31 34 28
4640 22 90 48 31 39 1 17 22 25 28 34 28
4641 22 255 29 36 25 1 25 32 33 31 34 28
4642 22 42 20 24 17 29 27 22 28 21 34 28
4643 22 123 35 31 29 4 23 25 36 25 34 28
4644 22 136 40 22 35 50 25 32 30 25 34 28
4645 22 192 30 23 40 1 27 33 28 24 34 28
4646 22 160 25 20 34 34 25 23 22 15 34 28
4647 22 105 28 24 28 1 23 28 32 23 34 28
4648 22 118 56 34 37 50 23 1 32 25 34 28
4649 22 113 39 40 20 99 24 37 34 27 34 28
4650 22 61 33 29 25 45 23 26 24 24 34 28
4651 22 113 28 30 27 15 23 29 21 14 34 28
4652 22 237 44 25 37 82 20 25 18 15 34 28
4653 22 135 26 14 31 35 25 26 28 10 34 28
4654 22 161 30 16 34 33 17 1 40 22 34 28
4655 22 91 34 31 26 24 21 28 31 24 34 28
4656 22 189 23 27 28 1 26 27 23 18 34 28
4657 22 308 19 33 22 12 21 32 33 26 34 28
4658 22 133 35 17 34 19 21 24 24 45 34 28
4659 22 245 20 16 26 33 21 21 21 23 34 28
4660 22 121 23 29 19 30 24 32 26 25 34 28
4661 22 178 27 9 31 42 22 21 28 15 34 28
4662 22 100 26 15 36 32 21 16 31 9 34 28
4663 22 140 35 16 30 34 23 18 29 22 34 28
4664 22 84 37 22 29 84 23 32 28 29 34 28
4665 22 56 30 37 21 41 23 40 27 23 34 28
4666 22 100 29 26 36 1 28 82 28 23 34 28
4667 22 144 29 35 28 45 22 39 25 94 34 28
4668 22 368 39 30 19 75 22 30 31 28 34 28
4669 22 328 42 19 39 26 23 23 28 19 34 28
4670 22 106 26 29 20 25 18 23 30 26 34 28
4671 22 145 36 34 30 48 23 27 27 22 34 28
4672 22 93 24 30 24 32 23 29 30 21 34 28
4673 22 84 19 28 24 28 19 9 26 9 34 28
4674 22 198 20 18 32 18 22 18 27 9 34 28
4675 22 57 25 24 31 1 19 30 24 15 34 28
4676 22 86 22 17 30 1 25 28 25 7 34 28
4677 22 191 47 29 35 1 26 28 28 36 34 28
4678 22 183 31 35 31 17 22 24 30 20 34 28
4679 22 89 39 33 31 50 20 24 28 89 34 28
4680 22 92 17 20 30 1 21 25 23 16 34 28
4681 22 88 39 27 30 11 21 38 29 27 34 28
4682 22 59 18 26 26 1 25 33 30 25 34 28
4683 22 148 31 16 33 2 22 27 24 14 34 28
4684 22 59 22 27 25 3 22 22 31 18 34 28
4685 22 301 31 13 38 50 20 22 36 91 34 28
4686 22 91 35 24 29 81 19 24 30 7 34 28
4687 22 87 21 33 22 29 22 2 31 14 34 28
4688 22 164 54 33 35 83 20 22 36 45 34 28
4689 22 109 25 14 38 11 22 37 29 3 34 28
4690 22 95 22 33 29 44 20 32 31 9 34 28
4691 22 132 35 15 37 30 26 19 38 16 34 28
4692 22 106 30 34 26 68 30 36 28 31 34 28
4693 22 181 28 17 31 18 28 36 26 20 34 28
4694 22 221 33 25 31 1 22 26 25 20 34 28
4695 22 63 25 17 24 69 24 18 29 16 34 28
4696 22 107 30 28 32 3 22 35 32 18 34 28
4697 22 44 23 31 28 1 24 34 25 30 34 28
4698 22 110 39 16 37 54 22 34 25 20 34 28
4699 22 98 38 41 36 66 23 28 27 25 34 28
4700 22 72 31 19 36 1 25 19 30 18 34 28
4701 22 102 32 30 30 41 23 24 31 29 34 28
4702 22 115 41 19 31 21 23 36 25 21 34 28
4703 22 118 27 21 22 23 23 22 34 27 34 28
4704 22 168 24 25 28 60 31 29 26 22 34 28
4705 22 181 34 21 29 15 20 26 23 22 34 28
4706 22 102 36 23 41 68 28 20 29 24 34 28
4707 22 431 31 24 35 1 20 25 27 11 34 28
4708 22 209 25 23 34 43 22 27 27 12 34 28
4709 22 117 19 15 25 1 26 22 25 6 34 28
4710 22 110 25 30 31 1 24 32 28 24 34 28
4711 22 59 31 36 22 1 24 30 35 39 34 28
4712 22 87 22 24 31 1 20 27 22 9 34 28
4713 22 150 34 26 39 21 27 20 26 9 34 28
4714 22 132 33 35 22 2 28 35 24 35 34 28
4715 22 245 25 29 28 25 22 20 26 4 34 28
4716 22 109 39 34 32 50 23 24 31 24 34 28
4717 22 265 43 46 30 64 23 41 35 22 34 28
4718 22 111 19 21 19 1 18 30 30 36 34 28
4719 22 68 27 27 27 14 29 30 27 30 34 28
4720 22 80 35 29 28 1 22 24 32 25 34 28
4721 22 59 22 15 38 15 25 27 25 5 34 28
4722 22 174 38 25 29 53 24 28 24 21 34 28
4723 22 98 8 16 25 1 18 1 34 10 34 28
4724 22 206 39 17 34 74 18 31 32 73 34 28
4725 22 110 27 26 26 1 25 23 26 31 34 28
4726 22 123 30 25 29 1 18 34 24 27 34 28
4727 22 1 18 34 30 27 20 21 34 7 34 28
4728 22 128 33 20 31 29 19 29 30 20 34 28
4729 22 123 37 27 32 46 26 24 24 21 34 28
4730 39 198 24 19 43 61 40 56 53 22 57 49
4731 22 126 39 38 21 55 22 33 26 37 35 28
4732 22 95 36 39 27 54 23 22 22 28 34 28
4733 22 111 34 26 34 1 17 24 33 24 34 28
4734 22 21 9 26 27 17 21 33 25 10 34 28
4735 22 94 27 32 28 1 23 31 30 16 34 28
4736 22 92 43 33 29 58 20 23 34 16 34 28
4737 22 148 36 26 34 1 25 19 33 32 34 28
4738 22 107 36 29 30 140 21 31 32 6 34 28
4739 22 87 40 24 33 86 25 25 23 20 34 28
4740 22 88 38 21 35 28 16 24 28 13 34 28
4741 22 60 27 31 20 33 22 20 33 13 34 28
4742 22 156 35 21 29 54 22 32 27 20 34 28
4743 22 122 23 13 38 14 19 26 31 6 34 28
4744 22 128 39 23 29 81 20 26 31 10 34 28
4745 22 41 19 17 30 1 17 27 30 1 34 28
4746 22 107 33 18 37 22 22 1 38 19 34 28
4747 22 68 31 36 23 16 29 31 33 24 34 28
4748 22 65 28 28 27 10 27 15 31 23 34 28
4749 22 121 33 25 33 25 21 27 26 33 34 28
4750 22 111 28 23 38 40 25 30 26 7 34 28
4751 22 70 27 35 23 1 28 31 30 36 34 28
4752 22 76 28 33 32 1 18 28 28 14 34 28
4753 22 146 34 33 34 69 22 32 24 15 34 28
4754 22 257 52 19 32 39 24 25 33 37 34 28
4755 22 127 22 24 25 1 25 29 33 22 34 28
4756 22 82 41 42 33 7 26 31 26 31 34 28
4757 22 147 50 10 50 54 24 23 30 17 34 28
4758 22 110 12 8 32 1 24 40 23 7 34 28
4759 22 90 41 26 35 39 20 22 24 17 34 28
4760 22 154 32 25 28 34 27 32 24 29 34 28
4761 22 90 31 45 14 27 26 27 24 47 34 28
4762 22 160 29 31 27 9 16 6 26 41 34 28
4763 22 90 34 41 24 1 27 37 31 43 34 28
4764 22 74 23 24 30 51 26 32 30 26 34 28
4765 22 106 27 25 32 14 28 29 32 20 34 28
4766 22 53 21 30 22 1 24 27 21 22 34 28
4767 22 185 39 31 38 75 22 24 32 8 34 28
4768 22 233 41 26 36 82 25 28 31 20 34 28
4769 22 138 25 22 31 8 20 11 33 18 34 28
4770 22 86 26 33 24 7 23 35 27 59 34 28
4771 22 78 41 43 27 29 19 30 25 26 34 28
4772 22 122 28 18 42 101 24 23 25 1 34 28
4773 22 189 31 30 27 45 19 31 221 27 34 28
4774 22 92 27 16 26 11 19 4 26 31 34 28
4775 22 81 28 20 29 17 25 33 22 21 34 28
4776 22 79 21 12 42 1 24 32 25 1 34 28
4777 22 72 49 40 34 84 14 28 24 27 34 28
4778 22 208 29 37 19 20 22 30 25 27 34 28
4779 22 136 27 22 33 52 23 22 32 2 34 28
4780 22 275 45 42 27 54 21 33 26 58 34 28
4781 22 151 26 18 30 1 23 30 23 25 34 28
4782 22 65 21 27 27 8 24 33 28 84 34 28
4783 22 157 34 20 30 73 23 32 26 11 34 28
4784 22 478 33 26 35 1 22 25 18 16 34 28
4785 22 141 20 15 42 1 17 23 25 7 34 28
4786 22 489 40 39 26 22 26 24 27 30 34 28
4787 22 199 43 29 31 1 22 30 34 31 34 28
4788 22 102 53 31 33 125 25 38 27 30 34 28
4789 22 76 27 39 28 38 26 35 30 22 34 28
4790 22 103 23 14 30 8 28 22 21 10 34 28
4791 22 137 32 18 33 91 23 35 28 14 34 28
4792 22 69 30 23 38 53 20 33 35 10 34 28
4793 22 124 28 19 30 1 22 20 23 1 34 28
4794 22 96 20 23 19 27 24 21 36 79 34 28
4795 22 124 21 14 30 48 22 36 26 17 34 28
4796 22 177 39 10 44 1 20 23 23 19 34 28
4797 22 81 34 43 30 1 27 10 33 24 34 28
4798 22 217 30 15 27 32 24 22 24 25 34 28
4799 22 78 22 22 31 54 20 24 28 7 34 28
4800 22 172 26 17 32 9 21 31 31 10 34 28
4801 22 114 36 18 39 33 23 23 20 11 34 28
4802 22 176 44 32 33 75 21 25 29 21 34 28
4803 22 97 23 37 28 49 22 1 36 46 34 28
4804 22 103 48 32 30 44 26 25 25 18 34 28
4805 22 40 18 29 25 1 21 21 30 2 34 28
4806 22 146 43 44 27 1 25 35 30 34 34 28
4807 22 133 45 33 33 7 18 34 27 30 34 28
4808 22 148 18 32 14 1 26 35 28 67 34 28
4809 22 84 19 29 20 1 26 35 26 78 34 28
4810 22 213 39 20 36 29 21 13 28 1 34 28
4811 22 111 28 29 29 48 21 32 26 12 34 28
4812 22 108 20 17 32 21 23 12 24 10 34 28
4813 22 145 26 31 33 1 23 26 28 21 34 28
4814 22 49 27 27 29 40 24 30 27 18 34 28
4815 22 52 18 25 27 1 20 27 30 23 34 28
4816 22 95 22 34 24 1 28 21 28 10 34 28
4817 22 116 27 30 37 13 22 37 32 69 34 28
4818 22 132 74 21 39 20 22 22 25 29 34 28
4819 22 122 35 29 35 88 24 34 37 11 34 28
4820 22 105 30 39 26 39 19 12 23 21 34 28
4821 22 82 16 22 21 30 25 35 29 22 34 28
4822 22 114 30 21 33 1 19 1 36 69 34 28
4823 22 157 33 22 36 82 17 30 30 15 34 28
4824 22 96 30 36 31 98 24 29 32 51 34 28
4825 22 159 37 28 29 39 26 31 19 15 34 28
4826 22 87 36 22 38 1 18 1 31 22 34 28
4827 22 185 43 25 32 39 23 1 29 37 34 28
4828 22 96 38 27 28 20 20 27 32 35 34 28
4829 22 738 30 34 36 1 25 27 28 11 34 28
4830 22 69 46 31 42 1 27 24 21 15 34 28
4831 22 53 40 46 22 61 23 38 22 33 35 28
4832 22 130 33 20 38 1 20 22 23 19 34 28
4833 22 232 28 30 19 56 21 19 28 135 35 28
4834 22 359 34 21 33 1 24 37 24 27 34 28
4835 22 84 21 28 24 9 26 31 26 26 34 28
4836 22 94 28 35 15 43 26 28 26 31 34 28
4837 22 154 45 45 30 1 25 37 25 31 34 28
4838 22 1 16 41 27 19 23 34 27 14 34 28
4839 22 71 38 35 31 29 27 25 27 15 34 28
4840 22 170 29 20 31 49 21 1 35 17 34 28
4841 22 83 29 17 33 1 20 33 16 21 34 28
4842 22 156 12 22 20 48 22 19 29 17 34 28
4843 22 261 31 32 31 1 19 32 28 28 34 28
4844 22 110 24 31 25 19 28 32 39 27 34 28
4845 22 93 41 33 25 41 25 36 23 30 35 28
4846 22 175 41 37 38 71 21 22 27 8 34 28
4847 22 77 28 18 34 76 23 23 35 9 34 28
4848 22 209 30 25 32 62 22 33 26 21 34 28
4849 22 242 31 13 29 87 19 36 30 12 34 28
4850 22 124 37 32 26 16 22 27 29 28 34 28
4851 22 105 41 30 34 1 23 16 140 26 34 28
4852 22 71 34 24 33 38 23 27 31 14 34 28
4853 22 42 28 32 35 63 23 1 31 11 34 28
4854 22 182 41 44 25 1 25 37 32 34 34 28
4855 22 75 24 32 27 1 20 25 23 22 34 28
4856 22 211 26 23 20 76 22 30 22 28 34 28
4857 22 119 29 23 24 27 25 28 19 19 34 28
4858 22 101 34 27 34 66 19 27 28 16 34 28
4859 22 217 31 40 31 60 27 24 34 12 34 28
4860 22 105 24 14 31 3 25 25 29 25 34 28
4861 22 154 22 18 42 1 23 33 27 14 34 28
4862 22 56 27 30 29 5 26 7 29 22 34 28
4863 22 137 49 35 25 94 21 50 30 32 35 28
4864 22 122 31 28 29 1 29 24 31 19 34 28
4865 22 196 26 31 24 38 27 7 26 24 34 28
4866 22 137 37 37 26 53 28 26 27 16 34 28
4867 22 189 30 17 36 23 20 25 24 21 34 28
4868 22 29 11 26 31 1 20 34 36 13 34 28
4869 22 40 13 30 17 42 23 18 19 30 34 28
4870 22 51 19 36 21 44 21 27 28 26 34 28
4871 23 105 28 29 39 93 19 13 27 7 34 28
4872 22 119 46 29 42 27 22 34 32 22 34 28
4873 22 112 40 30 30 3 23 21 28 34 35 28
4874 22 99 49 32 30 49 27 14 29 35 34 28
4875 22 136 37 27 31 29 17 34 18 29 34 28
4876 22 146 38 8 37 59 23 28 28 14 34 28
4877 22 208 35 40 24 64 22 28 32 34 34 28
4878 22 167 18 34 24 22 27 30 23 14 34 28
4879 22 145 32 29 25 21 24 19 29 88 34 28
4880 22 82 11 1 40 1 19 27 29 1 34 28
4881 22 81 41 33 30 1 21 28 19 25 34 28
4882 22 111 53 24 32 84 19 34 23 26 34 28
4883 22 58 28 20 24 55 26 24 29 15 34 29
4884 22 103 27 30 34 41 20 25 20 15 34 28
4885 22 68 32 25 38 41 18 28 32 21 34 28
4886 22 193 23 29 30 1 24 29 21 16 34 28
4887 22 128 46 29 33 83 25 33 30 20 34 28
4888 22 145 19 20 20 12 19 26 21 91 35 28
4889 22 90 30 40 30 73 22 27 28 47 34 28
4890 22 141 31 16 37 80 25 25 29 46 34 28
4891 22 48 19 28 25 51 19 1 30 14 34 28
4892 22 156 50 43 29 61 24 25 30 77 35 28
4893 22 94 26 23 26 22 26 18 25 20 34 28
4894 22 128 33 21 33 72 22 29 27 17 34 28
4895 22 263 32 27 24 72 27 30 25 18 34 28
4896 22 96 16 15 28 37 27 32 28 18 34 28
4897 22 231 23 19 31 56 18 28 25 18 34 28
4898 22 161 30 24 27 1 21 21 27 29 34 28
4899 22 189 35 22 33 35 24 28 33 21 34 28
4900 22 113 36 16 34 1 22 30 30 24 34 28
4901 22 94 34 32 28 1 25 7 31 27 35 28
4902 22 99 18 22 24 1 23 42 23 8 34 28
4903 22 98 29 16 33 7 24 12 34 20 34 28
4904 22 117 55 28 43 71 22 25 29 19 34 28
4905 22 109 24 27 33 1 30 29 33 26 34 28
4906 22 99 23 8 32 33 24 23 24 80 34 28
4907 22 136 48 30 40 1 21 31 26 76 35 28
4908 22 1 23 40 29 5 21 23 27 9 34 28
4909 22 176 27 16 24 2 24 33 19 33 35 28
4910 22 23 30 37 33 66 26 25 32 7 34 28
4911 22 121 35 13 42 1 23 27 32 10 34 28
4912 22 156 54 49 30 88 22 23 31 25 34 28
4913 22 269 25 13 35 31 24 33 33 20 34 28
4914 22 205 20 5 34 39 21 30 31 6 34 28
4915 22 228 25 33 27 1 21 34 18 26 34 28
4916 22 176 29 14 25 56 26 25 34 18 34 28
4917 22 74 30 25 37 1 23 30 25 15 34 28
4918 22 274 38 26 23 20 26 21 25 16 34 28
4919 22 28 30 27 32 35 26 24 28 16 34 28
4920 22 68 21 24 23 27 24 20 21 12 34 28
4921 22 132 37 21 40 20 25 39 25 27 34 28
4922 22 70 36 12 42 49 23 29 31 6 34 28
4923 22 93 21 29 22 1 26 31 20 26 34 28
4924 22 94 28 17 28 49 22 29 34 15 34 28
4925 22 140 34 19 31 13 22 1 35 21 34 28
4926 22 75 31 25 32 1 25 31 30 18 34 28
4927 22 103 34 25 34 4 23 39 24 31 35 28
4928 22 82 25 31 21 52 20 46 14 12 34 28
4929 22 149 35 22 31 5 20 30 25 23 34 28
4930 22 138 48 17 41 18 22 39 23 14 34 28
4931 22 157 36 37 29 50 26 29 29 26 34 28
4932 22 159 16 30 15 1 25 31 27 29 34 28
4933 22 279 32 16 29 49 21 28 32 32 34 28
4934 22 61 22 16 29 1 27 23 29 14 34 28
4935 22 72 39 40 33 1 19 30 25 21 34 28
4936 22 650 23 24 34 26 20 23 29 5 34 28
4937 22 62 37 41 31 1 21 37 35 25 34 28
4938 22 17 22 32 27 1 25 26 27 22 34 28
4939 22 162 35 24 31 16 21 27 26 21 34 28
4940 22 78 36 37 32 1 23 24 28 103 35 28
4941 22 155 22 24 31 1 25 24 21 18 34 28
4942 22 121 44 31 41 97 19 31 23 8 34 28
4943 22 77 28 26 28 10 20 24 25 17 34 28
4944 22 149 29 25 32 15 23 26 31 23 34 28
4945 22 76 27 37 16 7 27 27 82 33 34 28
4946 22 77 27 19 30 1 23 29 29 23 34 28
4947 22 134 32 41 17 21 25 32 25 35 35 28
4948 22 130 25 9 34 57 23 33 27 6 34 28
4949 22 201 14 16 28 7 23 24 27 2 34 28
4950 22 91 31 32 29 1 23 28 36 26 34 28
4951 22 333 35 23 39 1 22 30 28 21 34 28
4952 22 88 24 29 20 44 25 22 31 29 34 28
4953 22 153 36 28 34 1 24 33 31 24 34 28
4954 22 109 42 36 29 63 23 21 24 21 34 28
4955 22 115 32 21 21 92 24 28 27 28 34 28
4956 22 87 31 34 28 62 22 8 24 15 34 28
4957 22 92 16 9 37 1 18 27 33 6 34 28
4958 22 1 16 39 15 86 26 30 26 9 34 28
4959 22 59 26 26 30 1 20 19 24 13 34 28
4960 22 98 26 11 37 22 17 19 27 6 34 28
4961 22 62 18 27 13 6 22 27 32 29 35 28
4962 22 80 33 36 20 11 23 32 30 30 35 28
4963 22 115 44 32 37 95 22 28 27 13 34 28
4964 22 101 28 17 24 1 24 34 28 13 34 28
4965 22 274 29 36 23 1 25 28 25 32 35 28
4966 22 127 38 24 40 100 23 18 22 5 34 28
4967 22 125 37 20 31 1 23 30 32 34 34 28
4968 22 38 22 18 30 24 26 33 30 10 34 28
4969 22 161 46 23 35 92 22 34 27 32 35 28
4970 22 19 29 37 37 1 26 25 23 16 34 28
4971 22 97 45 18 38 29 24 19 28 15 34 28
4972 22 1 14 35 20 27 22 25 34 12 34 28
4973 22 245 26 22 27 56 23 25 26 18 34 28
4974 22 210 41 24 31 35 20 24 29 32 35 28
4975 22 82 38 25 37 64 22 25 23 17 34 28
4976 22 112 26 31 21 32 25 27 25 27 34 28
4977 22 149 20 21 34 7 23 26 19 8 34 28
4978 22 52 30 36 29 1 22 36 31 23 34 28
4979 22 114 15 19 27 1 25 19 26 12 34 28
4980 22 286 17 26 21 7 28 31 27 21 34 28
4981 22 104 34 28 34 72 26 32 30 37 34 28
4982 22 247 46 35 33 95 23 25 29 28 34 28
4983 22 62 2 22 27 1 20 42 16 2 34 28
4984 22 102 41 27 34 127 23 30 32 22 34 28
4985 22 152 28 21 30 16 22 26 24 2 34 28
4986 22 74 31 37 28 13 26 32 25 22 34 28
4987 22 215 34 26 26 55 27 43 28 30 34 28
4988 22 314 36 28 38 39 22 34 29 15 34 28
4989 22 93 51 19 47 41 27 38 36 21 34 28
4990 22 1 31 45 31 1 24 23 20 4 34 28
4991 22 317 19 4 34 12 17 24 28 6 34 28
4992 22 81 30 22 35 1 21 31 27 21 34 28
4993 22 94 27 29 30 36 20 24 28 6 34 28
4994 22 208 54 25 34 47 21 36 30 32 35 28
4995 22 67 24 21 47 1 26 1 28 5 34 28
4996 22 62 29 31 30 1 20 30 32 28 34 28
4997 22 91 18 26 29 1 24 1 37 18 34 28
4998 22 108 26 18 33 4 20 25 27 1 34 28
4999 22 86 36 31 24 23 21 1 27 37 34 28
5000 22 204 44 28 37 57 23 1 25 19 34 28
5001 22 62 27 19 29 79 26 25 20 20 34 28
5002 22 89 18 17 24 25 22 19 31 27 34 28
5003 22 226 43 23 30 86 27 20 28 32 35 28
5004 22 81 20 22 32 1 21 37 25 14 34 28
5005 22 135 35 24 32 32 23 25 28 18 34 28
5006 22 86 27 8 34 2 24 16 25 2 34 28
5007 22 251 32 19 37 17 19 24 29 12 34 28
5008 22 71 38 32 31 68 25 33 28 13 34 28
5009 22 252 50 30 37 8 21 44 35 30 34 28
5010 22 190 33 27 25 5 20 30 29 31 34 28
5011 22 137 30 35 24 36 26 5 33 22 34 28
5012 22 66 19 21 18 10 21 24 29 56 34 28
5013 22 91 11 30 13 25 19 30 25 27 34 28
5014 22 118 51 41 31 56 25 27 30 30 35 28
5015 22 160 28 34 25 1 22 34 26 32 34 28
5016 22 99 22 11 34 1 21 33 25 5 34 28
5017 22 286 42 32 31 15 22 33 32 30 34 28
5018 22 112 42 20 40 129 22 28 29 7 34 28
5019 22 317 41 27 33 96 24 28 27 23 34 28
5020 22 119 29 22 29 33 19 26 26 24 34 28
5021 22 83 46 27 37 79 23 34 27 27 34 28
5022 22 83 42 34 25 53 27 27 29 30 35 28
5023 22 111 30 37 28 1 21 46 28 27 34 28
5024 22 306 23 11 35 1 26 22 30 10 34 28
5025 22 312 22 27 27 42 24 31 28 11 34 28
5026 22 581 39 21 40 88 20 29 27 10 34 28
5027 22 348 55 31 41 1 22 34 34 39 35 28
5028 22 135 28 19 24 75 22 22 27 19 34 28
5029 22 141 20 22 26 1 23 14 23 18 34 28
5030 22 121 29 15 45 12 16 25 32 1 34 28
5031 22 81 28 29 26 29 23 18 15 29 34 28
5032 22 103 16 10 33 1 22 21 29 7 34 28
5033 22 255 31 23 30 1 22 25 31 30 34 28
5034 22 51 27 31 30 1 25 36 28 24 34 28
5035 22 161 44 33 37 55 19 31 33 23 34 28
5036 22 1 13 40 32 1 23 30 30 17 34 28
5037 22 244 25 19 25 1 19 32 28 32 34 28
5038 22 125 27 19 39 63 24 21 34 1 34 28
5039 22 123 40 22 33 62 20 20 23 25 34 28
5040 22 170 26 14 27 98 22 25 31 13 34 28
5041 22 131 23 20 23 51 20 21 26 12 34 28
5042 22 55 39 30 34 39 27 18 35 19 34 28
5043 22 132 32 32 106 3 23 23 28 53 35 28
5044 22 82 38 44 31 1 22 28 38 30 35 28
5045 22 131 45 26 31 114 19 24 36 27 34 28
5046 22 77 32 24 29 1 27 23 19 14 34 28
5047 22 74 31 21 35 70 25 26 29 1 34 28
5048 22 176 33 16 44 69 19 19 28 1 34 28
5049 22 266 23 34 22 1 24 23 38 251 34 28
5050 22 113 56 28 33 76 18 39 30 39 34 28
5051 22 162 30 26 36 25 25 31 25 5 34 28
5052 22 135 38 37 25 60 23 23 26 16 34 28
5053 22 36 19 30 12 20 26 25 25 23 34 28
5054 22 213 48 26 37 79 24 25 27 17 34 28
5055 22 81 30 24 31 79 26 21 29 18 34 28
5056 22 71 39 39 30 63 23 24 32 10 34 28
5057 22 52 24 46 23 31 23 34 31 93 35 28
5058 22 127 33 25 33 5 26 27 29 22 34 28
5059 22 107 39 40 30 1 30 37 39 36 35 29
5060 22 122 19 30 19 18 25 30 34 28 34 28
5061 22 135 42 35 32 9 20 33 21 18 34 28
5062 22 73 29 37 20 19 24 29 23 25 34 28
5063 22 99 13 11 28 1 20 28 27 58 35 28
5064 22 174 53 38 40 1 22 29 25 26 34 28
5065 22 1 13 23 20 33 20 36 29 11 34 28
5066 22 221 35 26 26 10 23 28 34 38 35 28
5067 22 81 18 27 22 30 26 30 27 22 34 28
5068 22 61 24 11 36 1 25 29 33 9 34 28
5069 22 124 9 10 23 1 28 24 20 14 34 28
5070 22 273 35 16 32 25 21 9 33 33 34 28
5071 22 54 24 30 25 1 20 32 27 35 34 28
5072 22 453 49 28 38 99 25 22 28 21 34 28
5073 22 93 24 13 36 9 18 17 27 1 34 28
5074 22 120 26 19 32 16 25 34 28 1 34 28
5075 22 126 41 16 26 1 28 34 21 21 34 28
5076 22 107 27 12 39 25 19 23 24 1 34 28
5077 22 313 36 19 21 1 19 33 29 31 34 28
5078 22 77 39 25 34 1 23 15 24 13 34 28
5079 22 117 30 36 25 3 25 35 29 34 34 28
5080 22 115 25 17 20 12 23 18 21 1 34 28
5081 22 81 28 31 38 26 22 42 37 23 34 28
5082 22 82 23 29 29 43 26 22 31 18 34 28
5083 22 62 25 23 32 1 21 28 25 15 34 28
5084 22 101 29 32 24 46 26 36 29 43 35 28
5085 23 128 35 33 31 64 21 20 29 16 34 28
5086 22 100 27 30 28 50 22 30 24 17 34 28
5087 22 115 27 36 18 1 20 32 26 38 34 28
5088 22 88 32 20 35 1 24 16 25 11 34 28
5089 22 305 29 24 23 12 23 40 31 37 34 28
5090 22 142 18 29 15 45 21 18 28 12 34 28
5091 22 88 22 28 30 1 28 34 30 19 34 28
5092 22 92 48 33 31 73 26 26 36 29 35 28
5093 22 156 22 20 26 1 27 27 25 22 34 28
5094 22 91 35 26 43 46 24 32 35 12 34 28
5095 22 49 32 27 31 30 24 18 34 13 34 28
5096 22 509 35 23 23 60 20 24 23 1 34 28
5097 22 126 47 27 30 48 16 21 27 65 34 28
5098 22 250 33 39 16 26 30 29 34 35 35 28
5099 22 125 47 7 38 113 19 25 33 25 34 28
5100 22 186 35 21 26 95 27 53 29 25 34 28
5101 22 170 25 28 34 57 22 1 38 5 34 28
5102 22 92 43 38 40 10 25 25 21 18 34 28
5103 22 154 47 20 32 1 22 28 27 30 34 28
5104 22 95 32 29 27 5 20 39 25 27 34 28
5105 22 241 39 30 33 24 25 38 27 74 35 28
5106 22 156 28 8 30 8 26 26 22 39 35 28
5107 22 34 12 20 24 21 21 20 31 15 34 28
5108 22 127 34 41 24 77 28 23 31 18 34 28
5109 22 61 21 15 36 44 24 26 29 5 34 28
5110 22 255 29 17 36 55 23 22 23 6 34 28
5111 22 96 43 35 35 28 20 26 34 30 35 28
5112 22 1 22 46 25 1 26 19 21 18 33 28
5113 22 357 36 36 24 50 24 34 28 35 35 28
5114 22 112 19 25 37 1 27 26 23 1 34 28
5115 22 99 26 19 35 41 19 24 27 4 34 28
5116 22 108 15 16 29 31 20 32 22 18 34 28
5117 22 147 42 28 33 64 21 30 33 34 35 28
5118 22 57 19 9 36 21 20 31 27 1 34 28
5119 22 254 28 17 27 10 18 21 25 30 34 28
5120 22 63 34 42 32 1 20 1 24 11 34 28
5121 22 101 21 23 29 1 20 12 35 18 34 28
5122 22 38 29 37 21 40 23 35 27 57 34 28
5123 22 105 49 43 26 16 20 32 28 28 34 28
5124 22 111 28 19 34 21 28 30 29 22 34 28
5125 22 91 31 26 37 55 21 26 23 11 34 28
5126 22 153 27 27 34 1 27 35 21 20 34 28
5127 22 223 31 27 28 1 25 28 32 21 34 28
5128 22 62 29 36 23 35 28 35 33 39 35 29
5129 22 71 24 42 29 106 23 9 34 11 34 28
5130 22 97 36 29 27 70 23 35 30 23 34 28
5131 22 204 35 17 35 65 20 16 31 11 34 28
5132 22 66 44 40 41 1 23 35 36 44 35 28
5133 22 1 14 35 27 6 20 22 34 6 34 28
5134 22 268 24 27 34 1 24 22 33 114 34 28
5135 22 192 39 25 35 77 22 31 29 40 35 28
5136 22 69 29 33 22 31 27 28 21 22 34 28
5137 22 118 23 30 21 59 22 28 34 64 35 28
5138 22 135 20 18 29 11 27 24 26 21 34 28
5139 22 113 23 21 21 36 17 24 29 22 34 28
5140 22 89 21 21 34 32 30 40 29 20 34 28
5141 22 122 134 32 24 1 16 28 26 22 34 28
5142 22 118 35 24 33 20 27 34 21 27 34 28
5143 22 67 34 33 32 1 25 31 27 24 34 28
5144 22 61 27 28 31 1 23 22 32 17 34 28
5145 22 116 27 22 29 46 17 24 24 116 34 28
5146 22 85 24 35 20 15 23 46 19 32 34 28
5147 22 104 48 35 33 1 23 35 33 33 35 28
5148 22 226 41 38 34 10 26 28 35 25 34 28
5149 22 161 35 24 26 91 24 19 25 26 34 28
5150 22 58 28 24 26 45 25 29 28 9 34 28
5151 22 200 30 35 22 28 23 25 28 46 35 28
5152 22 73 17 24 23 31 25 26 22 7 34 28
5153 22 146 39 21 38 86 26 14 21 64 34 28
5154 22 80 23 13 29 7 21 28 24 12 34 28
5155 22 114 32 18 40 28 27 23 23 8 34 28
5156 22 124 18 17 24 1 20 22 27 1 34 28
5157 22 70 27 29 19 33 25 17 21 24 34 28
5158 22 1 10 29 19 44 31 38 23 12 34 28
5159 22 78 25 32 26 9 23 15 35 20 34 28
5160 22 108 41 23 41 75 31 23 31 24 34 28
5161 22 148 40 25 33 94 23 17 26 25 34 28
5162 22 89 50 19 43 85 25 24 25 14 34 28
5163 22 143 37 21 28 28 19 45 24 92 34 28
5164 22 146 28 12 39 17 22 23 31 4 34 28
5165 22 118 29 18 32 1 24 27 24 18 34 28
5166 22 127 30 33 33 58 21 20 26 25 34 28
5167 22 171 36 31 31 44 22 1 43 21 34 28
5168 22 141 31 25 30 26 23 27 31 23 34 28
5169 22 69 33 17 37 1 24 30 18 15 34 28
5170 22 179 32 43 14 28 30 26 25 30 34 28
5171 22 94 15 20 28 1 21 37 29 12 34 28
5172 22 127 34 26 34 11 24 33 37 13 34 28
5173 22 73 27 16 33 69 25 29 26 11 34 28
5174 22 96 30 18 38 48 23 26 27 4 34 28
5175 22 80 43 40 30 61 22 22 26 16 34 28
5176 22 103 23 15 30 20 14 24 21 18 34 28
5177 22 52 39 41 20 60 24 19 26 29 34 28
5178 22 133 24 22 30 43 24 22 28 14 34 28
5179 22 105 25 12 39 1 19 22 30 32 34 28
5180 22 135 5 14 27 6 20 18 25 9 34 28
5181 22 137 39 27 30 13 25 23 33 102 35 28
5182 22 56 21 20 27 28 24 24 26 18 34 28
5183 22 1 9 34 14 28 30 25 23 15 34 28
5184 22 99 18 20 31 1 18 34 29 9 34 28
5185 22 73 30 17 30 1 22 26 34 16 34 28
5186 22 263 27 26 32 20 24 32 28 111 34 28
5187 22 173 29 29 35 16 22 18 24 3 34 28
5188 22 48 14 28 15 1 21 26 26 29 34 28
5189 22 36 24 40 24 17 20 29 30 30 34 28
5190 22 222 35 33 33 3 25 33 32 25 34 28
5191 22 80 27 13 26 22 23 26 22 23 34 28
5192 22 263 20 3 33 21 20 34 22 9 34 28
5193 22 125 30 27 41 1 20 21 28 11 34 28
5194 22 1 6 32 21 1 20 26 29 6 34 28
5195 22 107 33 26 30 107 23 30 30 13 34 28
5196 22 106 28 24 36 1 26 18 31 16 34 28
5197 22 114 47 36 37 15 24 41 25 11 34 28
5198 22 58 16 26 28 1 23 33 21 9 34 28
5199 22 233 29 33 24 7 22 26 34 18 34 28
5200 22 80 21 17 31 1 21 29 30 21 34 28
5201 22 51 16 15 30 43 24 27 25 11 34 28
5202 22 59 22 30 26 1 25 25 26 20 34 28
5203 22 78 23 16 35 21 23 26 29 8 34 28
5204 22 113 20 18 27 55 18 20 25 12 34 28
5205 22 182 45 18 36 43 20 19 25 95 35 28
5206 22 80 17 26 16 30 21 34 27 27 34 28
5207 22 89 28 19 36 57 23 18 28 21 34 28
5208 22 417 30 8 40 1 19 27 34 29 34 28
5209 22 176 32 20 36 29 28 20 29 14 34 28
5210 22 100 16 15 26 1 25 40 23 16 34 28
5211 22 134 20 15 30 1 19 22 22 10 34 28
5212 22 154 29 29 33 7 22 21 20 18 34 28
5213 22 151 41 27 43 68 21 26 29 17 34 28
5214 22 45 27 25 34 5 27 12 24 20 34 28
5215 22 89 31 3 37 88 27 26 27 10 34 28
5216 22 157 34 40 21 47 28 13 27 18 34 28
5217 22 117 41 18 44 1 19 26 33 9 34 28
5218 22 106 26 7 35 51 21 28 37 15 34 28
5219 22 92 40 34 33 42 21 34 20 19 34 28
5220 22 129 29 29 19 1 25 33 24 29 34 28
5221 22 94 39 32 36 28 25 33 28 18 34 28
5222 22 164 28 11 36 1 27 27 25 6 34 28
5223 22 53 24 35 25 59 28 19 24 12 34 28
5224 22 40 28 32 28 11 41 21 33 22 34 28
5225 22 172 11 16 27 1 21 27 31 15 34 28
5226 22 243 39 14 41 105 27 34 27 12 34 28
5227 22 89 33 28 37 1 21 31 20 23 34 28
5228 22 146 39 36 27 13 24 36 25 33 35 28
5229 22 163 22 30 24 1 21 20 25 16 34 28
5230 22 159 40 36 24 84 22 24 28 22 34 28
5231 22 111 17 12 35 6 23 28 20 7 34 28
5232 22 182 25 32 24 58 28 30 32 21 34 28
5233 22 182 18 8 28 1 25 14 26 25 34 28
5234 22 22 28 42 30 1 21 32 28 17 34 28
5235 22 121 40 30 34 26 19 27 29 27 34 28
5236 22 175 21 22 25 60 25 14 23 21 34 28
5237 22 117 26 11 32 1 19 27 22 19 34 28
5238 22 216 39 19 42 42 21 33 30 11 34 28
5239 22 39 37 43 21 1 26 27 33 32 35 28
5240 22 77 24 22 22 67 23 21 27 27 34 28
5241 22 148 14 30 25 1 23 19 20 12 34 28
5242 22 353 21 16 29 1 26 32 33 15 34 28
5243 22 253 32 12 35 1 21 23 29 24 34 28
5244 22 114 37 38 31 31 29 27 30 19 34 28
5245 22 149 24 14 30 6 22 27 31 58 34 28
5246 22 114 41 45 23 33 21 31 20 72 35 28
5247 22 122 23 31 20 14 24 29 27 20 34 28
5248 22 90 45 33 40 59 23 28 37 69 34 28
5249 22 80 28 31 17 36 26 32 30 35 34 28
5250 22 143 32 24 32 1 22 29 30 30 34 28
5251 22 105 20 21 26 1 21 30 29 18 34 28
5252 22 57 23 26 30 1 24 30 34 22 34 28
5253 22 114 27 19 35 74 25 32 33 14 34 28
5254 22 135 28 29 30 73 19 27 29 10 34 28
5255 22 94 19 32 18 1 22 32 27 28 34 28
5256 22 216 33 25 30 64 21 37 37 24 34 28
5257 22 81 51 43 36 119 21 28 30 15 34 28
5258 22 1 17 44 27 1 18 24 32 7 34 28
5259 22 102 47 28 40 92 28 26 30 14 34 28
5260 22 89 37 20 31 61 27 24 26 22 34 29
5261 22 206 28 5 32 1 23 26 24 20 34 28
5262 22 102 41 41 32 46 26 31 34 30 34 28
5263 22 91 33 15 27 52 27 27 33 23 34 28
5264 22 164 39 22 35 1 25 24 28 32 34 28
5265 22 164 36 37 30 1 32 33 27 32 35 28
5266 22 254 48 42 31 13 20 31 34 32 35 28
5267 22 67 32 31 32 65 23 28 31 22 34 28
5268 22 124 38 24 29 23 21 29 23 28 35 29
5269 22 141 33 12 27 52 21 31 34 20 34 28
5270 22 221 26 24 26 47 28 35 22 25 34 28
5271 22 76 30 28 29 1 25 35 26 19 34 28
5272 22 26 30 38 28 44 21 29 27 17 34 28
5273 22 171 42 6 48 1 19 23 34 25 34 28
5274 22 138 32 30 28 94 22 26 33 16 34 28
5275 22 134 25 26 24 45 23 26 22 22 34 28
5276 22 287 11 25 24 1 29 30 31 15 34 28
5277 22 250 34 30 29 1 41 37 26 32 34 28
5278 22 92 16 23 20 12 20 23 21 6 34 28
5279 22 74 40 38 35 1 26 29 29 14 34 28
5280 22 168 26 17 32 49 18 24 21 19 34 28
5281 22 144 36 14 36 1 25 30 33 107 34 28
5282 22 49 4 12 22 8 23 20 27 11 34 28
5283 22 87 11 20 24 1 21 1 24 9 34 28
5284 22 390 29 21 43 1 20 1 34 8 34 28
5285 22 91 34 37 27 52 25 28 22 29 34 28
5286 22 95 11 23 24 73 26 34 23 13 34 28
5287 22 192 28 17 34 1 21 22 32 27 34 28
5288 22 67 27 29 20 70 19 26 25 20 34 28
5289 22 116 29 36 33 1 18 24 26 16 34 28
5290 22 93 47 25 41 77 22 24 26 19 34 28
5291 22 380 46 26 28 6 21 28 29 39 34 28
5292 22 85 34 31 23 38 25 19 22 28 34 28
5293 22 119 39 25 37 52 25 26 29 17 34 28
5294 22 136 42 28 28 1 25 32 22 27 34 28
5295 22 104 35 20 34 21 20 28 26 53 35 28
5296 22 75 25 27 22 93 15 23 35 15 34 28
5297 22 60 30 19 38 1 23 23 27 1 34 28
5298 22 225 30 22 32 9 22 26 30 26 34 28
5299 22 55 23 30 34 1 17 18 26 5 34 28
5300 22 87 37 32 34 92 24 30 29 14 34 28
5301 22 74 32 33 35 50 18 34 24 16 34 28
5302 22 303 39 20 30 1 26 33 34 36 34 28
5303 22 154 45 34 36 70 20 20 30 23 34 28
5304 22 84 31 39 24 41 22 25 27 28 34 28
5305 22 100 28 22 25 83 28 19 25 18 34 28
5306 22 1 36 42 27 61 20 32 32 11 34 28
5307 22 91 43 32 37 18 27 26 32 29 34 28
5308 22 123 26 34 29 1 26 36 34 20 34 28
5309 22 107 37 26 41 13 22 43 27 18 34 28
5310 22 97 30 25 29 1 20 30 21 17 34 28
5311 22 94 46 28 37 1 20 32 30 25 34 28
5312 22 71 33 38 26 86 22 30 30 72 35 28
5313 22 98 30 41 25 20 23 31 28 15 34 28
5314 22 164 20 22 31 1 29 33 22 11 34 28
5315 22 112 39 38 35 1 21 27 30 16 34 28
5316 22 154 28 18 32 1 17 30 32 15 34 28
5317 22 116 39 25 41 110 22 22 23 7 34 28
5318 22 29 24 43 21 12 24 28 31 13 34 28
5319 22 229 37 31 26 7 21 35 35 39 34 28
5320 22 123 23 9 26 27 21 29 29 17 34 28
5321 22 186 31 18 31 66 21 27 21 18 34 28
5322 22 94 45 31 28 62 28 26 27 30 35 28
5323 22 101 40 26 26 35 24 36 29 36 35 28
5324 22 91 31 35 24 48 28 25 21 26 34 28
5325 22 109 23 12 23 9 29 27 26 25 34 28
5326 22 112 37 22 34 78 22 19 31 14 34 28
5327 22 108 36 39 25 49 22 40 36 35 34 28
5328 22 107 39 27 38 56 23 31 26 15 34 28
5329 22 88 16 16 24 40 26 41 29 17 34 28
5330 22 66 21 32 22 22 25 37 35 20 34 28
5331 22 100 26 24 30 62 23 32 34 50 34 28
5332 22 289 22 17 27 2 27 24 23 8 34 28
5333 22 134 38 16 42 5 15 14 29 17 34 28
5334 22 176 18 13 25 1 21 37 25 29 34 28
5335 22 41 27 34 30 1 22 11 25 8 34 28
5336 22 130 35 16 39 1 17 23 19 72 34 28
5337 22 352 37 21 30 96 20 27 32 18 34 28
5338 22 190 30 18 30 27 23 21 28 22 34 28
5339 22 27 26 33 21 29 23 21 23 12 34 28
5340 22 214 37 27 40 53 27 29 34 22 34 28
5341 22 155 33 29 23 10 20 31 26 26 34 28
5342 22 167 13 18 21 1 23 25 24 20 34 28
5343 22 102 40 22 32 30 23 29 30 21 34 28
5344 22 158 33 18 34 1 20 28 31 22 34 28
5345 22 131 36 30 33 81 22 25 31 58 35 28
5346 22 65 28 39 20 18 28 34 28 40 35 28
5347 22 191 20 27 27 9 23 38 30 14 34 28
5348 22 167 34 20 36 1 24 24 31 18 34 28
5349 22 173 43 23 44 1 20 24 28 15 34 28
5350 22 255 20 22 32 1 22 22 36 14 34 28
5351 22 138 40 36 29 67 27 26 29 60 34 28
5352 22 93 37 40 30 6 24 37 35 27 34 28
5353 22 91 40 22 40 1 27 25 29 15 34 28
5354 22 1 18 37 23 42 17 23 29 6 34 28
5355 22 167 19 36 18 14 30 33 23 22 34 28
5356 22 51 26 29 27 41 23 30 28 7 34 28
5357 22 117 19 28 23 4 21 29 27 14 34 28
5358 22 237 29 24 22 1 21 27 25 34 34 28
5359 22 74 21 14 37 1 24 24 33 2 34 28
5360 22 197 34 19 40 1 27 24 31 13 34 28
5361 22 81 29 34 26 49 21 1 32 18 34 28
5362 22 110 44 27 35 1 27 30 30 33 34 28
5363 22 99 17 1 27 20 21 27 23 4 34 28
5364 22 1 370 40 50 7 24 31 46 10 34 28
5365 22 69 26 23 28 27 22 33 31 12 34 28
5366 22 107 30 25 28 1 21 24 21 60 34 28
5367 22 114 15 30 28 1 24 22 31 39 34 28
5368 22 130 34 21 30 1 21 39 29 31 34 28
5369 22 227 41 47 21 45 21 31 22 45 35 28
5370 22 104 34 17 36 1 21 18 30 117 35 28
5371 22 148 24 6 32 1 25 26 28 16 34 28
5372 22 185 27 36 19 44 24 6 31 26 34 28
5373 22 301 22 31 32 1 24 23 20 11 34 28
5374 22 197 24 24 24 1 26 16 30 29 34 28
5375 22 130 45 34 37 7 24 24 18 26 34 28
5376 22 235 23 26 25 35 21 24 26 13 34 28
5377 22 112 45 21 38 1 27 35 29 31 34 28
5378 22 208 22 28 17 49 27 29 26 23 34 28
5379 22 84 22 6 27 32 19 21 23 6 34 28
5380 22 91 34 12 31 42 20 26 35 21 34 28
5381 22 59 23 24 29 32 20 23 39 10 34 28
5382 22 9 18 39 20 29 23 25 25 18 34 28
5383 22 176 34 35 23 105 25 1 31 16 34 28
5384 23 173 35 22 34 30 22 23 26 9 35 29
5385 22 1 5 31 15 12 23 20 30 11 34 28
5386 22 90 36 32 30 14 21 32 28 20 34 28
5387 22 131 41 17 38 50 24 21 26 9 34 28
5388 22 80 43 24 29 76 20 26 32 36 35 28
5389 22 96 20 34 24 1 23 32 26 20 34 28
5390 22 65 33 21 28 1 23 25 28 25 34 28
5391 22 157 36 30 26 28 17 24 26 30 34 28
5392 22 100 38 28 30 25 26 21 27 19 34 28
5393 22 112 37 23 32 41 19 24 31 14 34 28
5394 22 185 42 30 34 87 25 24 31 36 35 28
5395 22 98 41 27 33 76 23 32 28 19 34 28
5396 22 75 29 27 29 43 23 26 29 21 34 28
5397 22 88 36 35 37 1 20 29 25 5 34 28
5398 22 136 31 21 43 34 22 26 28 4 34 28
5399 22 171 27 26 30 23 25 23 23 19 34 28
5400 22 123 44 40 40 1 24 31 40 31 35 28
5401 22 105 42 28 29 20 23 27 24 30 34 28
5402 22 215 36 21 38 1 22 16 23 4 34 28
5403 22 202 27 35 27 50 25 30 34 36 35 28
5404 22 198 44 28 39 91 25 27 29 13 34 28
5405 22 166 18 25 21 23 22 30 29 16 34 28
5406 22 113 51 31 37 78 26 34 32 30 35 28
5407 22 83 33 17 31 36 23 22 32 23 34 28
5408 22 59 11 18 26 60 22 18 25 10 34 28
5409 22 45 15 19 27 30 20 28 25 12 34 28
5410 22 160 44 20 29 57 25 45 18 68 34 28
5411 22 108 26 24 27 8 27 16 25 15 34 28
5412 22 187 28 40 19 1 24 37 30 37 34 28
5413 22 146 33 23 30 1 27 30 31 28 34 28
5414 22 172 26 24 24 1 26 39 39 22 34 28
5415 22 37 34 44 28 45 24 20 28 32 35 28
5416 22 161 33 20 39 47 22 28 32 15 34 28
5417 22 100 48 33 37 104 24 26 26 22 34 28
5418 22 79 18 23 22 10 23 26 20 19 34 28
5419 22 149 37 35 19 22 26 25 23 39 35 28
5420 22 151 33 10 33 52 20 35 31 23 34 28
5421 22 136 39 14 37 39 20 24 29 25 34 28
5422 22 78 28 24 25 10 23 1 30 24 34 28
5423 22 34 21 26 28 1 27 24 28 15 34 28
5424 22 67 33 27 29 43 21 30 22 10 34 28
5425 22 68 31 34 30 1 27 43 28 23 34 28
5426 22 247 26 24 34 1 26 30 24 20 34 28
5427 22 78 30 36 25 1 27 32 22 37 34 28
5428 22 94 25 13 27 29 20 24 27 8 34 28
5429 22 82 40 22 37 136 23 23 29 3 34 28
5430 22 95 27 22 29 138 18 27 21 9 34 28
5431 22 128 34 12 33 1 22 20 30 34 34 28
5432 22 55 34 38 32 43 25 35 30 18 34 28
5433 22 37 27 39 29 55 18 28 29 4 34 28
5434 22 85 44 25 37 46 27 22 30 15 34 28
5435 22 71 22 18 28 8 25 27 27 21 34 28
5436 22 127 21 28 20 1 24 37 49 91 34 28
5437 22 332 35 9 39 74 19 31 30 1 34 28
5438 22 102 24 16 36 14 20 27 22 1 34 28
5439 22 172 32 28 35 15 18 24 35 13 34 28
5440 22 217 33 32 35 43 24 15 20 88 35 28
5441 22 72 30 37 28 66 28 28 30 19 34 28
5442 22 570 29 24 31 4 22 22 24 24 34 28
5443 23 149 40 29 38 124 17 28 29 11 34 28
5444 22 71 44 31 45 61 19 34 27 1 34 28
5445 22 94 25 31 23 5 25 31 27 37 34 28
5446 22 86 28 19 28 1 20 22 27 20 34 28
5447 22 449 67 35 32 100 19 29 28 34 35 28
5448 22 90 46 29 36 55 22 23 29 15 34 28
5449 22 103 30 15 27 60 24 24 29 8 34 28
5450 22 103 32 19 28 80 18 1 32 17 34 28
5451 22 91 26 17 25 30 27 1 32 24 34 28
5452 22 1 15 28 13 14 26 23 25 12 34 28
5453 22 98 34 34 22 20 25 30 27 35 35 28
5454 22 200 23 20 32 31 23 20 30 9 34 28
5455 22 95 21 29 29 51 31 31 22 23 34 28
5456 22 166 17 19 30 11 23 31 23 19 34 28
5457 22 85 24 27 19 5 20 35 27 31 35 28
5458 22 73 20 31 26 1 21 30 33 22 34 28
5459 22 166 36 21 28 10 21 52 32 29 34 28
5460 22 310 34 47 28 1 29 37 24 23 34 28
5461 22 184 23 16 30 20 20 28 31 8 34 28
5462 22 71 23 35 24 1 20 31 28 78 34 28
5463 22 200 19 12 26 30 22 21 27 10 34 28
5464 22 124 28 20 27 1 24 27 25 14 34 28
5465 22 231 46 35 31 41 25 31 27 32 35 28
5466 22 281 34 18 35 64 21 20 30 81 35 28
5467 22 105 52 50 26 30 22 34 29 42 34 28
5468 22 107 33 9 35 1 26 16 24 15 34 28
5469 22 354 32 27 24 4 22 33 26 32 35 28
5470 22 73 24 13 34 57 27 22 29 1 34 28
5471 22 100 35 17 33 1 23 28 33 19 34 28
5472 22 120 28 26 26 56 19 22 20 14 34 28
5473 22 139 34 31 25 43 15 28 30 35 35 28
5474 22 133 20 15 31 26 19 19 27 4 34 28
5475 22 153 34 52 30 1 20 26 29 92 34 28
5476 22 1 36 50 25 54 24 14 25 7 34 28
5477 22 89 43 33 34 1 21 31 26 22 34 28
5478 22 71 20 14 37 1 21 20 26 1 34 28
5479 22 118 35 40 24 1 24 32 24 39 35 28
5480 22 94 40 31 30 74 19 11 32 33 34 28
5481 22 520 34 3 35 58 25 31 30 25 34 28
5482 22 119 32 25 33 37 26 25 27 58 35 28
5483 22 467 45 41 35 1 19 24 29 80 35 28
5484 22 89 31 17 35 50 23 22 31 9 34 28
5485 22 195 35 13 31 23 20 15 30 36 34 28
5486 22 1 23 33 26 1 26 32 30 38 34 28
5487 22 254 34 36 29 20 21 32 28 9 34 28
5488 22 184 34 22 38 19 22 33 23 3 34 28
5489 22 95 41 19 26 49 26 30 28 34 34 28
5490 22 102 37 32 34 55 26 24 28 61 35 29
5491 22 60 25 34 28 1 25 31 31 22 34 28
5492 22 94 35 33 21 46 25 23 27 26 34 28
5493 22 2 29 38 35 32 23 25 34 18 34 28
5494 22 141 33 34 27 73 29 25 29 33 35 28
5495 22 53 24 21 31 93 23 19 26 5 34 28
5496 22 59 40 38 27 73 29 20 24 17 34 28
5497 22 56 35 38 22 8 17 40 36 40 35 28
5498 22 222 34 19 25 11 32 24 15 14 34 28
5499 22 173 24 25 29 1 20 31 22 17 34 28
5500 22 145 19 13 26 1 485 25 29 22 34 28
5501 22 118 6 26 20 6 20 26 34 13 34 28
5502 22 141 35 40 22 24 23 26 28 32 34 28
5503 22 87 28 28 36 1 26 34 24 24 34 28
5504 22 152 20 26 22 29 25 28 33 31 34 28
5505 22 90 22 28 26 1 25 29 28 13 34 28
5506 22 188 32 13 41 1 24 23 30 11 34 28
5507 22 225 20 25 25 8 27 29 28 14 34 28
5508 22 133 31 16 32 6 26 28 30 20 34 28
5509 22 66 29 28 25 67 23 22 24 13 34 28
5510 22 145 36 17 36 24 22 34 27 21 34 28
5511 22 100 20 18 36 1 24 23 27 1 34 28
5512 22 52 20 22 23 48 24 10 36 24 34 28
5513 22 114 40 12 37 50 24 28 28 32 34 28
5514 22 70 25 14 38 35 27 24 30 13 34 28
5515 22 100 46 36 42 1 26 27 28 19 34 28
5516 22 83 13 13 34 6 26 28 25 7 34 28
5517 22 91 38 26 39 26 23 28 29 24 34 28
5518 22 94 41 31 36 115 25 28 29 22 34 28
5519 22 134 24 29 22 11 21 36 24 18 34 28
5520 22 65 25 16 42 26 21 29 27 2 34 28
5521 22 90 20 25 33 1 354 12 27 7 34 28
5522 22 146 26 32 31 5 21 9 35 17 34 28
5523 22 116 23 35 18 1 24 23 29 34 34 28
5524 22 176 40 34 34 26 22 38 32 34 35 28
5525 22 130 25 27 22 75 24 31 27 30 34 28
5526 22 69 14 24 25 1 21 25 27 18 34 28
5527 22 10 24 36 17 68 26 35 31 24 34 28
5528 22 227 40 40 33 1 26 30 21 31 34 28
5529 22 119 20 29 21 1 19 30 28 72 34 28
5530 22 178 14 14 34 1 23 33 26 80 35 28
5531 22 234 27 26 18 1 27 27 21 25 34 28
5532 22 197 45 47 29 50 27 21 20 125 35 28
5533 22 120 23 25 18 25 19 26 27 28 34 28
5534 22 185 11 9 27 1 25 41 24 15 34 28
5535 22 151 36 22 30 59 18 32 28 21 34 28
5536 22 142 26 18 37 58 24 32 30 6 34 28
5537 22 74 23 33 23 52 25 24 27 7 34 28
5538 22 166 4 16 31 1 16 23 27 3 34 28
5539 22 91 29 33 28 38 24 25 19 3 34 28
5540 22 118 29 25 21 29 24 28 22 25 34 28
5541 22 1 22 31 31 1 21 22 28 3 34 28
5542 22 396 24 23 33 1 20 34 25 11 34 28
5543 22 110 30 18 37 43 21 38 34 22 34 28
5544 22 209 36 16 36 72 22 37 23 95 34 28
5545 22 169 23 29 24 1 26 39 29 32 34 28
5546 22 159 24 27 24 37 26 15 30 34 34 28
5547 22 62 40 27 37 1 24 32 31 11 34 28
5548 22 164 31 11 37 6 23 17 29 28 34 28
5549 22 79 13 6 34 1 16 19 24 14 34 28
5550 22 161 23 31 23 10 25 18 25 12 34 28
5551 22 269 20 25 25 24 23 40 23 143 34 28
5552 22 92 31 38 22 7 28 31 24 40 34 28
5553 22 112 42 44 28 59 24 22 34 25 34 28
5554 22 111 33 26 24 85 29 19 24 33 35 28
5555 22 116 33 20 33 1 24 35 28 24 34 28
5556 22 42 13 18 30 41 23 23 30 1 34 28
5557 22 105 32 12 34 40 24 15 31 5 34 28
5558 22 139 36 30 28 38 23 35 28 33 34 28
5559 22 65 18 26 20 1 21 15 24 60 34 28
5560 22 141 40 29 37 69 21 30 23 10 34 28
5561 22 135 18 9 35 27 22 21 26 1 34 28
5562 22 178 43 24 44 51 25 30 26 1 34 28
5563 22 99 26 26 26 35 22 1 32 17 34 28
5564 22 106 37 29 29 49 21 18 26 22 34 28
5565 22 83 31 23 30 16 21 19 24 25 34 28
5566 22 69 37 28 41 92 27 30 39 12 34 28
5567 22 176 40 24 41 38 24 29 352 13 34 28
5568 22 217 23 23 34 1 19 25 31 13 34 28
5569 22 149 25 20 31 1 22 26 25 13 34 28
5570 22 1 19 40 16 50 28 32 24 15 34 28
5571 22 91 29 31 35 36 21 23 25 14 34 28
5572 22 110 26 34 32 1 23 31 33 61 34 28
5573 22 199 32 20 26 43 23 19 22 31 35 28
5574 22 116 31 43 21 1 21 29 26 37 34 28
5575 22 110 24 2 31 1 28 26 26 21 34 28
5576 22 78 29 32 28 42 27 41 32 30 35 28
5577 22 115 29 18 26 46 19 18 30 16 34 28
5578 22 276 38 39 21 28 26 33 26 38 35 28
5579 22 213 37 15 37 87 22 36 31 12 34 28
5580 22 70 48 40 40 87 21 24 23 13 34 28
5581 22 105 35 37 27 15 33 27 29 30 35 28
5582 22 62 33 32 30 45 23 33 25 31 34 28
5583 22 171 38 18 38 2 29 30 14 2 34 28
5584 22 219 48 42 26 26 27 28 21 37 35 28
5585 22 211 48 26 43 25 20 30 24 5 34 28
5586 22 1 28 34 33 1 22 22 21 5 34 28
5587 22 72 33 25 34 55 23 19 26 12 34 28
5588 22 148 32 20 32 10 22 29 21 17 34 28
5589 22 107 25 26 23 60 21 33 30 50 34 28
5590 22 1 10 35 22 12 23 28 17 12 34 28
5591 22 106 28 23 28 1 21 30 27 27 34 28
5592 22 594 23 32 32 30 24 37 30 8 34 28
5593 22 170 34 18 34 1 19 20 33 18 34 28
5594 22 185 48 27 29 52 21 29 29 34 35 28
5595 22 176 26 31 20 30 26 31 24 71 35 28
5596 22 95 25 19 22 4 26 34 37 125 34 28
5597 22 102 14 28 19 20 27 26 31 23 34 28
5598 22 98 31 20 37 24 23 29 29 16 34 28
5599 22 317 53 27 37 1 20 36 27 37 35 28
5600 22 68 36 38 23 42 25 33 23 42 35 28
5601 22 101 48 40 25 111 23 29 33 97 35 28
5602 22 155 35 40 29 1 24 28 35 27 34 28
5603 22 82 29 29 36 64 22 20 31 18 34 28
5604 22 56 33 36 34 52 30 25 28 18 34 28
5605 22 69 30 22 32 1 25 33 37 36 35 28
5606 22 147 32 15 29 22 22 22 15 12 34 28
5607 22 218 37 32 29 37 23 22 32 34 35 28
5608 22 1 17 37 26 1 19 28 17 1 34 28
5609 22 178 23 29 25 39 21 1 31 16 34 28
5610 22 120 27 18 28 29 23 33 25 90 35 28
5611 22 182 34 31 33 43 24 26 25 28 34 28
5612 22 180 29 22 26 61 24 30 19 15 34 28
5613 22 104 18 26 33 1 24 32 28 41 34 28
5614 22 81 22 27 28 12 23 21 26 14 34 28
5615 22 1 13 30 26 1 28 24 14 10 34 28
5616 22 158 38 31 30 76 27 32 21 10 34 28
5617 22 96 26 22 37 34 19 34 23 14 34 28
5618 22 105 39 28 32 1 24 1 37 28 34 28
5619 22 249 39 32 30 47 28 27 33 28 34 28
5620 22 109 15 27 24 1 21 28 19 23 34 28
5621 22 130 41 13 38 32 25 24 27 14 34 28
5622 22 214 24 17 40 31 23 35 28 13 34 28
5623 22 115 39 27 25 14 26 33 30 32 35 28
5624 22 124 27 24 32 1 22 30 26 10 34 28
5625 22 129 44 36 33 64 18 24 29 20 34 28
5626 22 71 14 20 28 1 21 18 37 8 34 28
5627 22 145 33 24 19 82 25 21 23 26 34 28
5628 22 100 25 17 30 1 20 26 29 10 34 28
5629 22 210 49 25 37 21 27 21 26 19 34 28
5630 22 111 40 44 34 44 26 32 33 30 34 28
5631 22 59 28 31 24 1 25 26 23 32 34 28
5632 22 79 27 23 29 34 20 26 27 19 34 28
5633 22 87 23 27 26 6 24 31 25 20 34 28
5634 22 129 35 36 23 3 21 31 28 33 35 28
5635 22 85 37 25 34 1 22 32 34 16 34 28
5636 22 137 38 39 28 60 28 33 26 31 35 29
5637 22 113 32 23 36 1 27 25 24 86 34 28
5638 22 78 38 35 36 77 23 18 28 19 34 28
5639 22 182 47 39 32 1 24 23 21 27 34 28
5640 22 228 27 31 23 46 19 1 23 13 34 28
5641 22 119 41 17 43 69 20 18 29 16 34 28
5642 22 1 1 27 17 1 26 25 24 7 34 28
5643 22 80 49 39 43 50 15 29 30 27 34 28
5644 23 124 43 9 45 5 22 28 29 9 34 28
5645 22 89 19 6 33 14 30 21 26 20 34 28
5646 22 48 40 35 23 48 32 22 27 22 34 28
5647 22 108 52 45 28 15 24 27 30 36 35 28
5648 22 76 22 32 28 32 17 25 28 23 34 28
5649 22 77 29 20 33 1 23 27 19 6 34 28
5650 22 79 34 26 33 45 30 24 33 12 34 28
5651 22 85 27 32 31 59 21 28 23 18 34 28
5652 22 197 37 13 36 13 18 25 29 56 34 28
5653 22 112 37 20 44 67 29 30 28 14 34 28
5654 22 93 32 29 26 52 24 17 33 27 34 28
5655 22 75 25 17 28 1 23 20 30 19 34 28
5656 22 111 44 19 33 32 20 6 28 18 34 28
5657 22 109 32 24 34 80 22 19 26 64 34 28
5658 22 120 26 23 35 1 23 14 34 71 34 28
5659 22 626 32 22 30 84 25 33 27 20 34 28
5660 22 110 16 17 35 50 26 28 30 51 34 28
5661 22 1 25 50 34 56 21 1 34 7 34 28
5662 22 84 34 21 36 27 23 32 21 19 34 28
5663 22 135 30 39 26 46 22 30 29 14 34 28
5664 22 78 24 19 31 18 22 25 31 16 34 28
5665 22 83 19 35 16 29 28 26 21 19 34 28
5666 22 108 45 35 30 105 26 27 28 23 34 28
5667 22 219 28 25 34 16 33 30 31 15 34 28
5668 22 187 32 17 30 19 20 27 25 20 34 28
5669 22 92 32 23 27 74 26 25 38 14 34 28
5670 22 115 23 21 29 5 24 22 33 14 34 28
5671 22 108 40 31 27 68 27 35 34 27 34 28
5672 22 145 28 22 32 38 22 31 29 24 34 28
5673 22 132 42 19 28 1 23 17 23 96 35 28
5674 22 98 32 28 29 55 25 23 32 25 34 28
5675 22 54 25 25 31 1 25 31 32 9 34 28
5676 22 146 35 5 39 1 27 17 26 18 34 28
5677 22 105 37 21 36 42 23 25 30 13 34 28
5678 22 265 14 38 21 63 22 27 24 14 34 28
5679 22 124 24 39 24 1 25 1 31 24 34 28
5680 23 111 36 34 33 1 23 33 24 16 35 28
5681 22 127 20 16 25 57 22 21 31 46 34 28
5682 22 68 41 36 26 63 26 22 33 31 35 28
5683 22 60 34 36 28 43 23 24 34 16 34 28
5684 22 84 23 29 34 1 19 26 25 21 34 28
5685 22 74 21 32 27 34 25 3 26 19 34 28
5686 22 71 27 25 29 56 29 33 28 30 34 28
5687 22 169 37 37 29 25 22 35 24 31 34 28
5688 22 123 23 22 19 1 21 40 35 29 34 28
5689 22 215 45 25 33 29 22 27 28 25 34 28
5690 22 70 32 30 26 49 28 29 26 19 34 28
5691 22 283 25 24 29 84 25 32 23 20 34 28
5692 22 96 22 18 37 36 23 29 20 7 34 28
5693 22 133 22 27 24 1 27 28 26 22 34 28
5694 22 147 28 16 30 49 18 27 29 9 34 28
5695 22 83 37 16 35 3 19 28 33 15 34 28
5696 22 122 28 30 19 67 31 26 28 22 34 28
5697 22 30 20 29 27 14 21 35 34 18 34 28
5698 22 345 20 11 28 24 22 27 19 10 34 28
5699 22 71 32 26 32 47 20 25 29 19 34 28
5700 22 40 30 37 32 19 21 30 30 8 34 28
5701 22 104 29 29 25 59 26 26 31 49 35 28
5702 22 216 28 36 24 1 24 31 21 27 34 28
5703 22 127 33 29 33 9 24 34 26 24 34 28
5704 22 113 45 23 39 108 25 1 33 18 34 28
5705 22 107 40 36 22 89 23 22 21 71 35 28
5706 22 47 22 29 22 10 25 34 26 18 34 28
5707 22 96 31 34 25 83 22 20 28 21 34 28
5708 22 48 33 26 30 10 26 19 24 11 34 28
5709 22 261 28 23 29 18 21 26 36 25 34 28
5710 22 77 24 18 35 18 26 28 23 9 34 28
5711 22 135 37 42 22 23 27 34 17 32 35 28
5712 22 144 25 30 27 1 17 27 26 17 34 28
5713 22 79 35 29 36 12 20 26 32 21 34 28
5714 22 107 26 34 23 4 24 29 22 25 34 28
5715 22 13 24 31 30 34 30 19 32 1 34 28
5716 22 67 32 34 30 1 29 36 28 22 34 28
5717 22 217 21 3 34 1 27 16 14 10 34 28
5718 22 160 16 28 24 3 25 30 29 30 35 28
5719 22 215 38 21 33 40 23 31 31 21 34 28
5720 22 186 23 16 22 39 28 28 23 23 34 28
5721 22 57 23 26 29 3 23 24 28 20 34 28
5722 22 209 29 11 35 93 23 31 26 13 34 28
5723 22 228 37 33 34 1 28 26 22 34 35 28
5724 22 127 34 33 31 22 18 24 26 18 34 28
5725 22 135 40 23 32 46 20 28 30 27 34 28
5726 22 136 30 23 24 1 25 27 26 31 34 28
5727 22 94 21 34 19 35 27 33 25 25 34 28
5728 22 215 24 25 27 1 26 26 34 27 34 28
5729 22 132 37 28 34 1 22 30 27 16 34 28
5730 22 215 28 28 14 4 25 1 27 25 34 28
5731 22 61 33 34 29 1 25 36 25 21 34 28
5732 22 115 20 18 34 1 22 24 27 11 34 28
5733 22 69 38 34 33 58 24 29 24 17 34 28
5734 22 707 26 28 31 14 26 40 30 18 34 28
5735 22 185 41 2 40 43 25 32 28 18 34 28
5736 22 121 53 33 36 1 19 26 26 21 34 28
5737 22 137 20 33 19 51 28 40 26 29 34 28
5738 22 559 23 31 26 5 19 35 24 34 34 28
5739 22 131 20 16 30 1 20 27 27 22 34 28
5740 22 1 1 25 20 1 22 33 22 8 34 28
5741 22 114 29 27 39 1 24 13 26 19 34 28
5742 22 75 38 24 32 84 23 34 27 16 34 28
5743 22 115 40 10 40 39 26 28 31 27 34 28
5744 22 75 34 22 27 16 22 39 33 27 34 28
5745 22 95 41 25 37 6 19 28 27 24 34 28
5746 22 226 28 27 28 25 23 26 20 74 34 28
5747 22 105 23 19 34 14 23 27 28 14 34 28
5748 22 89 31 31 30 1 25 31 29 29 34 28
5749 22 53 18 13 29 59 20 27 29 15 34 28
5750 22 202 23 22 28 1 27 24 23 21 34 28
5751 22 272 22 13 36 28 19 18 23 1 34 28
5752 22 59 41 41 31 1 26 24 22 27 34 28
5753 22 136 35 37 24 1 28 33 26 35 34 28
5754 22 139 32 25 31 1 33 32 26 23 34 28
5755 22 81 30 21 41 1 21 30 30 24 34 28
5756 22 136 30 19 33 71 26 25 25 22 34 28
5757 22 61 29 17 37 1 25 24 23 11 34 28
5758 22 207 17 29 28 71 23 21 32 13 34 28
5759 22 1 30 30 36 1 21 27 24 2 34 28
5760 22 88 27 15 34 51 21 21 25 51 35 28
5761 22 70 16 33 21 1 22 22 21 19 34 28
5762 22 85 23 9 37 9 19 27 28 11 34 28
5763 22 1 7 31 23 1 25 31 27 11 34 28
5764 22 58 23 30 28 1 24 25 33 13 34 28
5765 22 107 25 28 26 1 26 25 30 70 35 28
5766 22 258 42 35 34 100 23 29 32 26 34 28
5767 22 81 29 11 32 25 21 22 24 25 34 28
5768 22 124 54 28 39 90 25 19 36 42 34 28
5769 22 112 31 21 28 71 29 17 27 23 34 28
5770 22 76 25 25 26 25 27 22 25 24 34 28
5771 22 189 45 34 32 25 23 36 31 97 35 28
5772 22 223 37 27 34 12 20 26 24 32 35 28
5773 22 112 30 34 29 85 24 28 26 18 34 28
5774 22 336 31 16 31 14 20 32 31 30 34 28
5775 22 94 52 27 35 103 26 23 37 35 35 28
5776 22 299 34 26 20 70 20 19 22 22 34 28
5777 22 80 43 43 23 95 26 37 28 20 34 28
5778 22 137 40 32 25 72 21 22 20 32 35 28
5779 22 163 36 19 39 1 22 28 21 12 34 28
5780 22 59 28 30 30 1 22 33 25 29 34 28
5781 22 188 37 32 28 1 25 30 31 31 35 28
5782 22 256 26 40 22 1 21 33 30 36 34 28
5783 22 178 45 43 28 23 24 43 34 41 35 28
5784 22 94 41 20 36 18 24 21 21 31 35 28
5785 22 132 32 20 33 6 23 17 24 9 34 28
5786 22 113 34 14 29 1 27 28 31 27 34 28
5787 22 87 32 31 36 54 20 26 48 40 35 28
5788 22 301 27 25 29 3 21 27 22 22 34 28
5789 22 151 32 15 35 18 23 16 24 10 34 28
5790 22 89 36 22 41 1 22 33 29 26 34 28
5791 22 75 29 32 30 24 19 1 32 20 34 28
5792 22 77 35 31 35 1 21 24 31 21 34 28
5793 22 96 35 28 23 46 23 21 28 19 34 28
5794 22 18 15 38 17 20 28 48 28 23 34 28
5795 22 48 33 30 30 63 29 28 35 31 35 28
5796 22 213 35 27 28 53 20 22 24 6 34 28
5797 22 67 25 21 27 6 22 30 28 14 34 28
5798 22 211 20 21 27 41 22 1 34 13 34 28
5799 22 105 20 4 34 1 24 32 29 79 34 28
5800 22 136 40 34 27 60 22 34 34 35 35 28
5801 22 139 32 20 34 45 21 19 25 23 34 28
5802 22 90 15 26 29 1 21 1 32 16 34 28
5803 22 81 27 24 27 26 23 25 28 51 34 28
5804 22 49 23 31 24 1 25 30 26 24 34 28
5805 22 154 42 28 40 11 17 13 35 19 34 28
5806 22 1 25 37 26 60 24 28 33 12 34 28
5807 22 115 35 29 21 37 24 25 26 34 35 28
5808 22 59 27 25 29 14 25 18 28 27 34 28
5809 22 70 30 36 29 60 29 24 20 26 34 28
5810 22 57 23 21 34 1 27 27 25 7 34 28
5811 22 108 45 38 31 61 19 33 35 29 34 28
5812 22 251 28 43 27 47 30 34 34 30 35 28
5813 22 585 30 25 33 1 19 37 20 16 34 28
5814 22 64 26 33 16 6 23 28 21 27 34 28
5815 22 200 31 38 25 35 22 20 27 26 34 28
5816 22 650 46 27 42 110 21 23 26 14 34 28
5817 22 96 13 13 24 1 23 18 28 21 34 28
5818 22 73 40 37 29 71 17 32 33 27 34 28
5819 22 173 37 42 32 5 20 18 26 24 34 28
5820 22 119 21 14 21 22 22 23 26 26 34 28
5821 22 232 27 22 36 1 19 26 29 9 34 28
5822 22 88 24 23 29 13 23 21 31 24 34 28
5823 22 217 29 20 30 40 18 33 28 6 34 28
5824 22 70 15 11 22 25 20 18 25 17 34 28
5825 22 98 22 23 28 1 26 24 30 17 34 28
5826 22 85 21 19 35 1 19 26 18 2 34 28
5827 22 67 38 30 32 47 21 30 25 19 34 28
5828 22 17 28 43 34 1 26 26 27 10 34 28
5829 22 52 34 46 13 81 26 36 26 36 35 28
5830 22 133 32 11 29 24 20 13 22 29 34 28
5831 22 1177 37 25 28 1 21 32 30 30 34 28
5832 22 1 12 26 29 37 24 17 26 4 34 28
5833 22 101 34 36 28 1 25 33 34 24 34 28
5834 22 456 31 40 18 24 21 40 31 38 34 28
5835 22 87 30 29 32 74 25 20 30 12 34 28
5836 22 101 36 25 46 1 19 3 29 8 34 28
5837 22 80 20 14 35 6 22 33 29 8 34 28
5838 22 84 24 11 37 1 21 35 25 10 34 28
5839 22 131 34 9 21 10 25 27 24 64 35 28
5840 22 94 17 19 28 1 23 37 21 16 34 28
5841 22 67 25 37 23 3 31 32 29 36 35 28
5842 22 75 16 29 19 1 23 30 24 27 34 28
5843 22 154 31 16 32 15 25 33 19 24 34 28
5844 22 114 34 27 34 46 21 26 30 8 34 28
5845 22 101 24 19 26 8 15 22 20 13 34 28
5846 22 107 29 15 34 24 21 26 26 19 34 28
5847 22 147 34 32 33 52 18 24 26 5 34 28
5848 22 101 21 28 23 45 28 24 32 100 34 28
5849 22 35 9 25 20 1 18 31 28 15 34 28
5850 22 139 20 20 24 1 24 26 34 67 34 28
5851 22 81 36 31 35 1 20 37 19 21 34 28
5852 22 186 32 33 31 66 30 33 17 8 34 28
5853 22 53 18 27 25 31 23 21 31 10 34 28
5854 22 88 29 26 23 64 18 29 33 27 34 28
5855 22 55 27 28 30 1 28 29 23 24 34 28
5856 22 52 25 15 36 65 22 26 26 1 34 28
5857 22 88 37 30 29 24 26 28 25 28 34 28
5858 22 48 26 35 35 32 20 27 27 12 34 28
5859 22 179 38 37 34 1 24 31 30 25 34 28
5860 22 110 25 15 38 25 23 25 26 12 34 28
5861 22 85 39 31 37 1 24 38 31 38 35 28
5862 22 73 38 24 42 37 23 27 24 17 34 28
5863 22 234 46 22 47 48 20 25 24 5 34 28
5864 22 73 25 28 33 14 20 4 36 10 34 28
5865 22 140 28 18 23 11 21 36 29 20 34 28
5866 22 64 22 26 30 10 23 22 34 17 34 28
5867 22 104 159 189 35 22 203 139 120 29 34 28
5868 22 84 29 24 35 47 23 24 28 13 34 28
5869 22 115 26 36 25 1 21 34 22 33 34 28
5870 22 135 22 16 36 1 26 31 29 1 34 28
5871 22 204 34 33 30 1 21 1 35 27 34 28
5872 22 117 41 36 28 1 27 30 31 32 34 28
5873 22 148 32 23 26 25 23 31 28 17 34 28
5874 22 77 27 34 30 1 24 40 24 28 34 28
5875 22 57 27 34 31 18 27 41 26 18 34 28
5876 22 1 4 19 26 16 15 19 24 2 34 28
5877 21 1 1 26 15 1 19 27 29 10 34 28
5878 22 25 1 18 29 1 27 36 32 15 34 28
5879 22 141 31 10 44 1 25 25 38 16 34 28
5880 22 189 27 28 17 54 22 28 23 30 34 28
5881 22 209 45 27 38 13 24 32 30 13 34 28
5882 22 147 41 27 32 44 25 17 30 19 34 28
5883 22 75 33 28 26 40 25 39 27 30 35 28
5884 22 97 23 22 26 23 25 26 27 3 34 28
5885 22 154 32 25 38 1 24 37 29 29 34 28
5886 22 140 32 22 39 23 25 21 36 1 34 28
5887 22 56 26 34 32 1 20 1 27 17 34 28
5888 22 50 22 23 38 1 26 2 26 1 34 28
5889 22 74 27 26 28 1 25 23 27 27 34 28
5890 22 102 32 47 18 13 25 38 18 97 35 28
5891 22 169 43 27 38 80 19 20 22 13 34 28
5892 22 113 31 31 28 2 18 24 23 23 34 28
5893 22 125 13 27 19 13 23 26 25 18 34 28
5894 22 238 35 36 28 66 23 28 32 31 34 28
5895 22 63 49 41 27 141 17 24 37 22 34 28
5896 22 159 29 19 35 75 25 19 26 12 34 28
5897 22 77 30 24 25 78 26 26 19 15 34 28
5898 22 111 40 30 39 1 17 33 18 16 34 28
5899 22 1 14 34 23 1 27 26 28 15 34 28
5900 22 76 21 27 29 1 24 1 38 9 34 28
5901 22 89 32 21 30 1 23 34 30 16 34 28
5902 22 167 23 12 38 1 17 20 25 1 34 28
5903 22 60 22 37 16 11 25 40 25 27 34 28
5904 22 99 20 18 22 1 22 20 30 25 34 28
5905 22 506 26 19 34 44 23 32 29 13 34 28
5906 22 401 25 17 31 53 24 29 26 1 34 28
5907 22 151 34 15 37 48 22 22 28 35 35 28
5908 22 1 7 30 25 1 25 27 22 11 34 28
5909 22 54 27 36 29 1 23 13 28 17 34 28
5910 22 106 39 22 34 46 26 22 29 14 34 28
5911 22 261 34 21 32 1 25 30 22 20 34 28
5912 22 65 17 16 27 64 20 19 23 3 34 28
5913 22 125 37 30 38 48 20 27 22 28 34 28
5914 22 91 25 23 30 7 22 30 27 13 34 28
5915 22 96 40 31 30 73 27 33 28 23 34 28
5916 22 143 14 11 25 25 21 22 29 5 34 28
5917 22 109 32 40 29 1 25 29 25 32 35 28
5918 22 138 37 26 25 1 26 31 27 35 35 28
5919 22 116 33 39 33 1 25 28 30 30 35 28
5920 22 109 33 22 27 40 24 27 21 18 34 28
5921 23 96 19 27 25 33 22 32 25 23 35 28
5922 22 122 35 15 37 67 23 21 35 7 34 28
5923 22 114 27 20 28 38 20 42 32 29 34 28
5924 22 1 23 25 25 8 17 22 26 1 34 28
5925 22 80 40 31 35 112 26 29 31 21 34 28
5926 22 185 37 35 26 52 24 27 28 26 34 28
5927 22 103 25 17 25 19 26 35 26 53 35 28
5928 22 44 8 22 29 1 22 16 23 8 34 28
5929 22 89 40 27 30 9 21 18 33 24 34 28
5930 22 318 38 33 25 54 23 48 28 22 34 28
5931 22 203 36 22 40 55 23 36 31 22 34 28
5932 22 100 31 26 34 1 26 32 26 11 34 28
5933 22 109 25 19 27 40 25 34 27 22 34 28
5934 22 58 17 26 15 14 28 34 21 8 34 28
5935 22 152 24 17 34 41 23 32 28 9 34 28
5936 22 26 24 38 26 77 23 25 22 16 34 28
5937 22 121 28 17 33 17 21 19 21 21 34 28
5938 22 224 39 33 30 14 20 28 32 9 34 28
5939 22 78 15 23 30 1 16 41 29 6 34 28
5940 22 96 49 28 38 66 20 26 22 16 34 28
5941 22 1 10 28 59 42 28 31 27 17 34 28
5942 22 96 36 40 20 29 27 34 25 38 35 28
5943 22 77 34 29 24 51 23 30 35 23 34 28
5944 22 131 38 26 36 1 23 29 30 18 34 28
5945 22 232 49 32 37 119 21 18 29 6 34 28
5946 22 163 31 29 24 69 22 28 27 25 34 28
5947 22 100 42 16 37 1 23 17 24 20 34 28
5948 22 141 35 14 34 77 25 12 15 1 34 28
5949 22 89 39 23 37 42 23 24 33 6 34 28
5950 22 94 31 35 28 45 23 26 22 29 34 28
5951 22 100 38 17 33 15 24 16 25 27 34 28
5952 22 320 45 32 36 69 21 22 25 17 34 28
5953 23 152 33 6 36 1 20 23 26 16 35 29
5954 22 107 21 24 20 81 24 20 36 56 35 28
5955 22 194 35 18 29 55 25 20 25 9 34 28
5956 22 144 30 28 28 12 25 34 22 27 34 28
5957 22 28 30 40 33 1 24 33 28 19 34 28
5958 22 126 28 37 19 27 21 36 28 33 34 28
5959 22 563 12 27 17 4 27 27 19 204 34 28
5960 22 64 28 16 38 1 21 24 22 6 34 28
5961 22 246 43 40 22 45 24 39 28 44 35 28
5962 22 97 43 22 37 54 23 27 24 7 34 28
5963 22 166 38 34 28 21 23 14 20 29 34 28
5964 22 74 23 10 25 4 29 24 26 19 34 28
5965 22 67 28 36 33 1 24 31 23 8 34 28
5966 22 119 33 33 26 1 21 26 29 35 35 28
5967 22 112 23 24 28 1 26 28 31 21 34 28
5968 22 67 26 22 24 43 26 27 25 13 34 28
5969 22 205 15 21 31 1 25 24 25 9 34 28
5970 22 95 37 30 36 44 27 26 23 7 34 28
5971 22 137 25 29 33 1 20 32 20 15 34 28
5972 22 1 17 34 23 43 25 23 25 10 34 28
5973 22 99 30 23 28 1 20 24 21 29 34 28
5974 22 167 30 26 33 1 18 36 26 19 34 28
5975 22 159 38 20 38 101 22 23 28 9 34 28
5976 22 213 41 17 32 35 23 17 29 16 34 28
5977 22 65 20 21 19 10 19 31 30 32 34 28
5978 22 104 37 39 24 71 22 34 34 39 35 28
5979 22 146 25 29 27 1 25 28 27 25 34 28
5980 22 113 24 29 30 33 23 17 19 17 34 28
5981 22 132 31 22 31 1 20 29 34 28 34 28
5982 22 82 45 31 35 110 24 22 29 13 34 28
5983 22 249 36 31 28 44 22 30 30 16 34 28
5984 22 129 26 19 30 86 19 28 25 10 34 28
5985 22 64 23 11 36 82 23 24 23 14 34 28
5986 22 77 39 44 23 44 27 32 27 38 34 28
5987 22 209 27 27 31 48 23 31 26 218 34 28
5988 22 245 29 28 30 62 20 17 25 9 34 28
5989 22 203 36 39 27 1 22 32 29 38 34 28
5990 22 147 14 25 31 1 26 16 20 11 34 28
5991 22 60 35 33 26 53 22 23 24 9 34 28
5992 22 1 16 30 27 28 23 2 34 3 34 28
5993 22 98 43 23 38 89 29 17 26 8 34 28
5994 22 81 26 28 33 74 28 38 25 16 34 28
5995 21 1 22 31 28 56 31 31 23 9 34 28
5996 22 90 14 28 16 70 27 30 21 24 34 28
5997 22 115 34 17 40 17 25 22 21 64 35 28
5998 22 114 31 26 33 27 22 34 33 14 34 28
5999 22 136 35 19 43 17 22 23 26 5 34 28
6000 22 131 25 17 33 1 28 27 31 20 34 28
6001 22 69 34 28 33 1 20 24 25 16 34 28
6002 22 73 18 10 28 26 21 26 32 5 34 28
6003 22 244 24 24 27 1 27 33 29 89 34 28
6004 22 182 32 21 31 1 24 39 25 27 34 28
6005 22 94 17 19 17 3 27 18 25 98 34 28
6006 22 128 24 16 27 1 25 33 24 23 34 28
6007 22 126 26 38 20 9 26 33 25 32 34 28
6008 22 91 38 37 35 101 24 30 27 20 34 28
6009 22 109 31 16 40 1 24 25 31 1 34 28
6010 22 103 21 26 24 1 20 26 21 73 34 28
6011 22 156 37 30 29 65 24 2 41 21 34 28
6012 22 154 34 37 31 32 21 14 25 8 34 28
6013 22 29 28 42 27 18 29 24 24 107 34 28
6014 22 214 18 32 16 8 23 27 22 19 34 28
6015 22 127 20 26 28 1 24 23 23 16 34 28
6016 22 65 18 17 27 1 22 37 26 24 34 28
6017 22 1 24 25 30 61 21 26 24 1 34 28
6018 22 1 16 41 21 1 25 32 23 14 34 28
6019 22 225 29 38 27 62 24 20 28 19 34 28
6020 22 105 42 26 33 1 22 25 25 31 34 28
6021 22 228 21 24 29 1 21 31 23 23 34 28
6022 22 157 30 16 32 67 25 30 28 8 34 28
6023 22 175 35 17 36 45 24 20 29 12 34 28
6024 22 95 3 16 30 1 21 13 27 15 34 28
6025 22 74 38 27 36 63 21 35 28 8 34 28
6026 22 207 37 25 38 74 26 30 29 102 34 28
6027 22 148 46 19 44 56 21 24 34 14 34 28
6028 22 220 34 28 35 47 21 27 27 23 34 28
6029 22 97 27 24 26 1 26 33 26 30 34 28
6030 22 52 22 31 22 33 27 37 21 16 34 28
6031 22 55 42 37 28 108 27 17 22 29 34 28
6032 22 96 38 33 37 74 22 23 29 10 34 28
6033 22 99 41 27 33 91 27 22 27 26 34 28
6034 22 116 16 7 31 46 20 34 30 9 34 28
6035 22 6 6 25 19 1 26 22 22 11 34 28
6036 22 60 17 18 39 37 22 26 24 8 34 28
6037 22 138 31 25 26 48 26 24 26 21 34 28
6038 22 134 35 22 25 37 25 24 27 33 35 28
6039 22 99 40 32 36 1 22 27 26 17 34 28
6040 22 127 40 23 31 47 24 26 26 24 34 28
6041 22 117 15 23 25 1 23 29 26 13 34 28
6042 22 250 30 26 34 28 27 32 33 23 34 28
6043 22 119 22 30 22 1 20 44 25 30 34 28
6044 22 78 33 21 31 8 26 28 26 13 34 28
6045 22 124 38 37 26 1 27 28 29 102 35 28
6046 22 59 44 33 39 71 24 22 22 13 34 28
6047 22 108 27 13 37 13 27 38 30 11 34 28
6048 22 237 21 14 31 1 25 33 35 24 34 28
6049 22 210 39 1 43 41 24 32 27 30 35 28
6050 22 83 30 24 23 2 25 38 28 30 34 28
6051 22 67 23 39 24 1 21 23 40 34 34 28
6052 22 98 41 20 38 48 27 22 27 24 34 28
6053 22 76 38 36 34 40 19 21 30 19 34 28
6054 22 185 42 10 50 112 26 29 27 24 34 28
6055 22 98 12 29 24 1 22 30 23 12 34 28
6056 22 138 31 29 28 14 24 28 25 12 34 28
6057 22 97 32 27 23 18 24 31 29 22 34 28
6058 22 209 20 9 35 6 20 31 25 7 34 28
6059 22 152 41 28 35 136 23 23 26 28 34 28
6060 22 88 41 29 32 53 25 28 28 22 34 28
6061 22 127 24 26 23 18 24 40 28 26 34 28
6062 22 120 26 25 31 18 25 36 32 17 34 28
6063 22 1 10 29 20 7 24 25 27 9 34 28
6064 22 148 33 38 26 43 21 26 29 20 34 28
6065 22 134 24 41 24 21 26 25 26 29 34 28
6066 22 98 49 17 40 1 25 27 28 27 34 28
6067 22 117 26 28 24 82 23 1 40 9 34 28
6068 22 359 27 30 21 43 24 34 28 28 34 28
6069 22 76 26 19 36 7 22 29 266 4 34 28
6070 22 110 39 47 23 43 26 32 36 37 34 28
6071 22 141 30 30 21 96 24 31 31 21 34 28
6072 22 89 34 20 34 56 22 26 23 11 34 28
6073 22 121 29 17 31 34 31 33 24 24 34 28
6074 22 57 21 24 32 1 24 20 23 15 34 28
6075 22 103 14 10 27 25 22 27 30 73 34 28
6076 22 132 20 24 26 1 21 34 31 30 34 28
6077 22 129 55 40 36 58 26 23 37 36 35 28
6078 22 103 22 13 23 1 20 32 36 38 34 28
6079 22 111 32 19 31 50 23 25 25 12 34 28
6080 22 131 47 27 43 66 23 30 30 9 34 28
6081 22 95 39 38 31 66 24 27 23 20 34 28
6082 22 151 23 14 36 1 22 28 27 17 34 28
6083 22 131 33 32 32 1 21 9 34 57 35 28
6084 22 183 35 46 17 70 20 27 34 27 34 28
6085 22 101 43 24 38 36 20 35 31 71 35 29
6086 22 98 26 27 33 16 21 26 33 12 34 28
6087 22 106 17 10 33 1 20 27 29 5 34 28
6088 22 123 14 7 30 1 21 29 21 20 34 28
6089 22 125 13 17 23 10 24 31 25 13 34 28
6090 22 90 35 21 26 50 27 19 27 13 34 28
6091 22 140 33 20 37 12 18 29 39 15 34 28
6092 22 745 24 30 25 23 28 34 26 98 34 28
6093 22 75 41 33 30 105 30 22 29 24 34 28
6094 22 97 34 18 34 52 22 29 27 10 34 28
6095 22 192 55 19 43 18 24 15 20 26 34 28
6096 22 106 40 28 43 1 27 13 32 22 34 28
6097 22 98 28 25 32 18 26 43 28 20 34 28
6098 23 218 43 26 36 32 22 25 26 18 35 29
6099 22 129 29 16 45 1 23 31 28 10 34 28
6100 22 100 22 12 34 10 24 30 24 5 34 28
6101 22 124 20 25 14 1 20 27 26 29 34 28
6102 22 175 31 21 33 66 27 24 25 12 34 28
6103 22 102 19 19 36 1 23 33 22 20 34 28
6104 22 121 13 13 25 1 27 27 27 9 34 28
6105 22 282 36 29 26 34 26 26 18 24 34 28
6106 22 96 16 4 38 1 29 32 27 6 34 28
6107 22 137 15 23 34 1 24 1 31 19 34 28
6108 22 116 25 30 23 6 21 27 31 18 34 28
6109 22 83 45 30 35 1 21 31 24 26 34 28
6110 22 63 40 44 27 66 24 22 25 23 34 28
6111 22 79 25 34 19 3 27 27 35 27 34 28
6112 22 1 14 38 16 50 23 27 21 14 34 28
6113 22 80 25 34 17 40 26 31 23 18 34 28
6114 22 259 33 27 40 27 25 26 30 16 34 28
6115 22 185 29 24 34 1 24 28 20 9 34 28
6116 22 1 20 30 28 1 25 26 27 6 34 28
6117 22 215 34 27 34 1 23 33 31 52 35 28
6118 22 122 35 35 36 26 25 4 28 1 34 28
6119 22 206 24 23 36 46 25 22 30 5 34 28
6120 22 150 32 29 28 72 23 24 34 27 34 28
6121 22 107 23 37 25 14 31 31 27 24 34 28
6122 22 171 21 8 40 1 16 21 28 5 34 28
6123 22 27 32 36 32 113 20 33 27 7 34 28
6124 22 72 33 16 44 33 18 32 23 1 34 28
6125 22 152 38 21 37 90 23 31 22 14 34 28
6126 22 96 40 35 29 25 26 28 31 24 34 28
6127 22 131 29 31 31 1 23 32 28 26 34 28
6128 22 74 30 22 29 16 24 25 27 18 34 28
6129 22 99 43 20 37 1 20 23 24 22 34 28
6130 22 237 33 20 31 42 21 27 30 24 34 28
6131 22 69 28 26 33 22 18 28 32 18 34 28
6132 22 61 26 26 31 38 25 29 28 14 34 28
6133 22 289 23 35 21 37 23 29 28 100 35 28
6134 22 223 26 25 31 41 26 15 28 11 34 28
6135 22 25 19 43 18 37 25 31 18 29 34 28
6136 22 70 22 30 29 1 27 22 26 27 34 28
6137 22 75 28 12 30 11 24 19 28 13 34 28
6138 22 86 35 35 30 1 22 33 33 32 35 28
6139 22 374 33 12 29 40 20 23 30 33 35 28
6140 22 87 22 29 16 5 25 27 29 14 34 28
6141 22 79 8 15 19 1 25 27 21 12 34 28
6142 22 46 21 36 27 54 18 35 26 16 34 28
6143 22 180 38 18 33 83 26 30 29 63 35 28
6144 22 117 23 17 33 6 24 29 30 52 34 28
6145 22 106 39 42 22 1 27 40 25 36 34 28
6146 22 131 25 28 23 57 22 31 26 17 34 28
6147 22 106 38 47 25 84 26 24 30 27 34 28
6148 22 78 32 12 42 63 23 27 28 1 34 28
6149 22 280 40 29 31 9 22 28 31 26 34 28
6150 22 113 30 19 29 2 24 26 28 12 34 28
6151 22 143 37 13 37 30 21 28 35 29 35 28
6152 22 333 36 4 42 45 24 29 33 15 34 28
6153 22 48 26 37 26 54 20 33 21 10 34 28
6154 22 102 36 40 26 1 23 26 42 27 34 28
6155 22 133 43 29 38 1 22 26 33 25 34 28
6156 22 100 42 23 37 19 21 16 29 23 34 28
6157 22 85 34 29 31 20 28 19 18 9 34 28
6158 22 123 30 21 34 26 23 21 24 12 34 28
6159 22 98 33 20 36 87 17 28 27 19 34 28
6160 22 126 35 26 31 16 21 26 32 26 34 28
6161 22 87 40 25 30 25 22 30 29 31 34 28
6162 22 143 37 24 34 78 21 29 26 17 34 28
6163 22 130 36 23 31 50 23 36 22 26 34 28
6164 22 64 35 25 38 39 24 23 30 12 34 28
6165 22 107 43 18 40 1 26 20 25 15 34 28
6166 22 59 30 34 28 1 23 20 22 13 34 28
6167 22 148 41 23 30 56 21 38 22 25 34 28
6168 22 250 30 23 30 1 25 31 30 29 35 28
6169 22 126 25 24 23 85 19 24 29 18 34 28
6170 22 58 29 31 29 1 27 24 28 16 34 28
6171 22 107 38 36 32 56 22 23 19 6 34 28
6172 22 204 41 35 26 54 24 34 31 30 34 28
6173 22 50 25 32 33 63 25 1 22 9 34 28
6174 22 185 23 19 34 1 26 33 31 14 34 28
6175 22 145 30 24 30 1 30 24 35 99 34 28
6176 22 1 20 37 33 15 25 24 25 19 34 28
6177 22 88 23 19 43 1 23 20 25 1 34 28
6178 22 167 44 17 28 1 23 18 31 34 35 28
6179 22 131 23 31 27 1 24 28 33 18 34 28
6180 22 122 30 28 25 28 19 27 26 25 34 28
6181 22 86 40 35 31 16 24 30 33 40 35 28
6182 22 206 36 31 28 1 26 30 28 36 35 28
6183 22 1 5 16 29 1 23 32 29 3 34 28
6184 22 66 27 24 29 41 25 26 22 15 34 28
6185 22 10 18 21 29 5 21 14 24 10 34 28
6186 22 133 16 34 21 24 24 25 29 62 34 28
6187 22 97 22 6 40 1 26 26 26 5 34 28
6188 22 82 40 35 29 37 23 28 30 35 35 28
6189 23 163 25 27 31 52 24 19 24 47 35 29
6190 22 1 23 37 30 1 21 24 20 18 34 28
6191 22 103 38 32 30 1 27 28 25 32 35 28
6192 22 144 35 1 37 1 22 34 32 48 35 28
6193 22 141 49 31 33 18 25 28 33 30 35 28
6194 22 65 17 26 22 20 22 23 29 79 34 28
6195 22 54 27 36 20 65 25 31 24 14 34 28
6196 22 361 29 24 32 34 22 28 26 18 34 28
6197 22 173 39 15 29 55 26 19 30 31 34 28
6198 22 109 39 37 26 56 20 28 26 28 34 28
6199 22 425 22 20 33 1 22 33 21 18 34 28
6200 22 82 31 34 27 55 26 19 28 21 34 28
6201 22 129 20 17 26 57 24 32 21 8 34 28
6202 22 63 27 32 21 27 23 12 29 27 34 28
6203 22 163 38 37 23 32 25 43 19 36 35 28
6204 22 147 36 35 27 41 24 30 27 29 35 28
6205 22 100 39 43 27 47 25 23 27 94 35 28
6206 22 60 40 43 24 1 25 36 29 28 34 28
6207 22 665 31 22 24 26 28 32 27 23 34 28
6208 22 54 8 26 20 4 26 25 21 2 34 28
6209 22 244 25 22 20 22 24 28 29 16 34 28
6210 22 74 37 44 22 23 26 32 31 67 34 28
6211 22 195 36 34 26 1 22 34 26 119 35 28
6212 22 207 31 25 30 1 23 33 35 25 34 28
6213 22 133 44 31 30 20 25 25 30 36 35 28
6214 22 100 25 29 28 1 23 34 27 31 34 28
6215 22 58 29 34 24 80 19 28 28 13 34 28
6216 22 179 26 28 33 82 24 30 24 23 34 28
6217 22 161 41 37 32 67 20 25 33 21 34 28
6218 22 76 21 27 28 7 27 32 26 26 34 28
6219 22 109 41 30 39 85 21 18 24 6 34 28
6220 22 101 30 27 33 59 20 19 21 19 34 28
6221 22 154 22 20 26 51 24 27 28 12 34 28
6222 22 68 29 44 28 45 22 14 34 16 34 28
6223 22 60 19 21 35 1 24 34 29 51 35 28
6224 22 209 31 20 25 32 23 20 22 24 34 28
6225 22 115 37 24 31 54 21 25 28 23 34 28
6226 22 1 23 37 40 1 19 28 23 9 34 28
6227 22 124 27 32 21 37 21 24 27 27 34 28
6228 22 116 24 20 29 17 25 30 27 1 34 28
6229 22 173 39 12 30 1 20 33 19 32 35 28
6230 22 129 38 31 31 1 24 36 33 29 34 28
6231 22 152 31 19 31 19 19 34 26 12 34 28
6232 22 119 39 20 32 15 19 32 28 27 34 28
6233 22 25 17 30 31 1 24 35 27 16 34 28
6234 22 262 35 37 24 1 26 39 26 30 35 28
6235 22 135 23 20 22 1 23 35 29 28 34 28
6236 22 98 29 27 24 4 22 24 24 27 34 28
6237 22 120 36 38 32 39 25 30 38 37 35 28
6238 22 188 42 44 34 1 23 32 32 38 35 28
6239 22 117 32 27 31 34 21 28 30 22 34 28
6240 22 93 32 32 28 48 22 31 26 24 34 28
6241 22 218 42 22 44 102 19 34 34 2 34 28
6242 22 155 30 24 24 3 23 33 26 25 34 28
6243 22 206 45 31 34 70 23 23 28 20 34 28
6244 22 93 33 19 31 28 29 16 30 23 34 28
6245 22 190 28 20 27 58 22 23 33 4 34 28
6246 22 128 31 19 30 29 23 30 30 18 34 28
6247 22 96 31 16 35 29 28 29 22 15 34 28
6248 22 1 21 30 33 1 23 20 23 2 34 28
6249 22 80 36 23 31 1 24 41 26 26 34 28
6250 22 98 33 36 27 1 22 35 28 34 34 28
6251 22 80 22 29 32 25 23 37 34 45 34 28
6252 22 120 22 30 31 84 23 28 27 12 34 28
6253 22 1 43 48 34 9 26 29 28 8 34 28
6254 22 129 38 27 35 74 23 24 26 8 34 28
6255 22 306 30 35 20 10 21 32 20 29 34 28
6256 22 49 20 21 33 28 20 27 28 5 34 28
6257 22 179 31 31 25 8 21 22 26 22 34 28
6258 22 101 43 34 22 31 24 21 28 67 34 28
6259 22 59 22 10 35 58 22 25 30 6 34 28
6260 22 84 21 18 20 7 17 23 27 21 34 28
6261 22 260 18 23 30 1 20 26 27 25 34 28
6262 22 79 29 22 39 23 28 30 27 116 35 28
6263 22 105 28 23 30 27 25 36 27 11 34 28
6264 22 107 41 27 27 56 19 18 21 13 34 28
6265 22 109 31 19 29 38 22 16 27 2 34 28
6266 22 149 26 30 26 52 21 15 30 20 34 28
6267 22 102 45 33 34 1 23 1 32 33 34 28
6268 22 159 22 24 28 66 24 29 23 8 34 28
6269 22 219 38 23 35 65 24 29 26 7 34 28
6270 22 92 34 35 30 14 27 33 30 38 35 28
6271 22 12 22 32 20 51 23 40 16 20 34 28
6272 22 73 29 20 42 1 22 34 21 9 34 28
6273 22 79 27 22 29 22 20 20 19 5 34 28
6274 22 138 31 28 31 30 19 28 31 70 35 28
6275 22 122 25 30 29 2 20 30 31 36 34 28
6276 22 87 31 36 18 72 25 36 19 28 34 28
6277 22 247 34 37 26 1 26 36 25 37 35 28
6278 22 125 31 25 33 1 22 18 25 10 34 28
6279 23 60 26 26 32 31 22 29 29 23 34 28
6280 22 133 27 24 27 4 23 1 32 8 34 28
6281 22 87 20 18 32 35 24 35 27 9 34 28
6282 22 30 25 38 25 76 21 13 31 18 34 28
6283 22 106 21 31 17 8 22 28 25 24 34 28
6284 22 174 22 41 10 11 27 32 36 34 34 28
6285 22 86 30 29 25 1 26 26 29 33 35 28
6286 22 105 32 14 28 1 23 25 26 25 34 28
6287 22 92 33 26 34 109 20 10 23 15 34 28
6288 22 114 47 19 44 1 24 31 35 26 34 28
6289 22 96 33 8 40 61 21 34 26 8 34 28
6290 22 222 27 28 20 1 19 32 22 31 34 28
6291 22 59 30 31 33 1 29 24 29 26 34 28
6292 22 52 26 23 36 93 27 20 30 3 34 28
6293 22 421 18 13 37 1 24 24 28 16 34 28
6294 22 77 19 23 27 5 21 30 30 20 34 28
6295 22 39 25 30 24 80 25 34 34 30 34 28
6296 22 125 40 21 32 58 30 22 26 12 34 28
6297 22 179 23 21 28 1 25 33 26 25 34 28
6298 22 65 37 33 33 17 29 25 19 7 34 28
6299 22 192 27 164 26 65 24 40 25 28 34 28
6300 22 104 25 34 24 63 26 26 27 31 34 28
6301 22 148 41 26 35 47 25 24 30 29 34 28
6302 22 67 32 36 22 64 22 28 33 23 34 28
6303 22 217 43 20 30 14 26 31 26 28 34 28
6304 22 206 37 33 27 1 24 30 26 29 34 28
6305 22 109 31 20 37 24 20 31 27 10 34 28
6306 22 207 24 34 30 18 23 41 19 15 34 28
6307 23 73 20 32 23 1 20 31 29 84 35 29
6308 22 78 30 36 32 58 18 27 27 18 34 28
6309 22 56 19 19 27 31 24 30 32 7 34 28
6310 22 56 7 14 23 1 24 28 32 21 34 28
6311 22 100 41 32 29 43 22 32 30 33 34 28
6312 22 53 20 30 21 37 24 22 30 31 34 28
6313 23 99 40 23 36 1 22 17 24 25 34 28
6314 22 82 47 31 39 17 21 40 24 28 34 28
6315 22 174 32 20 36 20 27 22 28 12 34 28
6316 22 168 47 45 26 43 24 37 30 41 35 28
6317 22 810 41 31 34 26 28 26 23 11 34 28
6318 22 128 32 24 26 19 18 23 31 8 34 28
6319 22 73 32 27 37 88 22 23 24 26 34 28
6320 22 342 41 31 30 62 21 26 27 9 34 28
6321 22 1 21 37 23 56 23 27 20 5 34 28
6322 22 68 31 29 29 1 28 34 26 16 34 28
6323 22 71 38 45 33 1 26 27 21 15 34 28
6324 22 110 22 30 27 6 22 28 23 11 34 28
6325 22 131 27 33 32 42 25 25 27 16 34 28
6326 22 1 23 36 26 29 26 36 25 13 34 28
6327 22 148 32 36 23 90 27 32 29 119 35 28
6328 22 132 25 33 25 24 27 31 31 32 34 28
6329 22 309 20 29 29 1 22 34 29 22 34 28
6330 22 547 26 11 35 1 19 25 30 6 34 28
6331 22 198 22 23 21 1 28 37 32 27 34 28
6332 22 104 20 31 23 2 31 23 34 20 34 28
6333 22 54 16 19 21 23 26 20 26 13 34 28
6334 22 104 27 13 37 40 22 29 33 4 34 28
6335 22 100 23 35 30 1 23 26 21 6 34 28
6336 22 126 35 31 25 30 20 34 28 30 34 28
6337 22 131 25 22 29 68 24 36 28 20 34 28
6338 22 74 42 46 27 47 23 35 26 35 35 28
6339 22 223 40 24 41 16 23 26 28 18 34 28
6340 22 97 43 39 34 64 28 20 28 14 34 28
6341 22 128 32 19 32 1 18 21 26 53 34 28
6342 22 92 26 29 28 1 23 36 24 23 34 28
6343 21 188 21 21 31 1 24 33 32 17 32 26
6344 22 1 23 45 22 85 23 28 26 19 34 28
6345 22 81 25 18 23 16 24 26 20 13 34 28
6346 22 120 21 24 22 17 29 27 603 16 34 28
6347 22 126 18 13 25 1 20 30 26 22 34 28
6348 22 102 38 27 32 55 25 27 32 28 34 28
6349 22 114 41 29 35 50 25 18 29 24 34 28
6350 22 3 31 36 31 1 19 45 21 11 34 28
6351 22 96 48 40 28 111 28 27 29 36 35 28
6352 22 62 33 26 26 65 24 29 24 18 34 28
6353 23 56 32 27 28 13 26 36 34 26 35 29
6354 22 139 21 10 34 2 23 28 37 47 35 28
6355 22 155 25 23 28 1 19 25 30 21 34 28
6356 22 242 19 20 29 19 25 30 27 18 34 28
6357 22 27 31 37 26 1 23 27 34 14 34 28
6358 22 100 40 23 33 23 22 29 34 24 34 28
6359 22 146 32 37 28 57 25 25 25 22 34 28
6360 22 65 25 17 38 11 22 31 33 4 34 28
6361 22 85 31 30 31 11 24 24 29 42 34 28
6362 22 71 31 32 28 1 24 28 24 21 35 29
6363 22 158 29 23 28 1 17 16 34 24 34 28
6364 22 203 37 34 32 57 19 36 28 25 34 28
6365 22 109 26 23 27 39 21 12 24 14 34 28
6366 22 570 53 20 44 51 19 26 25 23 34 28
6367 22 136 32 25 34 1 26 26 24 54 35 28
6368 22 155 28 25 32 76 27 23 21 10 34 28
6369 21 1 1 41 21 7 21 30 27 4 34 28
6370 22 25 23 43 15 46 23 25 21 32 35 28
6371 22 102 34 26 34 7 24 1 30 74 35 28
6372 22 114 32 32 28 1 21 30 22 30 35 28
6373 22 160 29 28 29 1 27 27 23 44 34 28
6374 22 116 31 26 28 25 24 32 33 22 34 28
6375 22 90 22 24 23 41 24 29 30 19 34 28
6376 22 73 40 27 40 58 22 21 26 12 34 28
6377 22 82 28 27 22 16 19 35 15 29 34 28
6378 22 93 40 18 40 1 22 22 23 6 34 28
6379 22 180 28 22 23 68 22 24 14 17 34 28
6380 22 108 39 34 34 110 24 24 27 16 34 28
6381 22 63 34 28 29 1 23 22 30 24 34 28
6382 22 82 18 10 39 17 25 24 27 5 34 28
6383 22 81 32 20 37 47 22 38 31 14 34 28
6384 22 33 36 41 27 43 24 27 19 32 35 28
6385 22 72 27 15 32 1 27 17 26 8 34 28
6386 22 93 36 14 35 1 21 24 26 23 34 28
6387 22 112 29 26 36 71 25 22 26 76 35 28
6388 22 66 34 41 18 26 23 31 28 28 34 28
6389 22 139 28 27 19 4 19 35 39 39 34 28
6390 22 76 41 31 40 1 16 31 34 18 34 28
6391 22 157 40 24 37 127 23 24 38 17 34 28
6392 22 188 38 19 31 39 27 27 30 32 35 28
6393 22 139 27 22 37 27 25 32 29 87 34 28
6394 22 68 39 36 25 58 25 34 23 32 35 28
6395 22 87 48 12 43 1 20 41 29 31 34 28
6396 22 136 31 31 26 49 20 29 25 29 34 28
6397 22 88 22 26 28 43 33 23 22 40 34 28
6398 22 101 27 21 31 58 26 28 27 10 34 28
6399 22 73 29 32 29 79 22 30 28 10 34 28
6400 22 87 27 36 27 1 21 26 25 24 34 28
6401 22 180 36 24 43 46 19 32 27 12 34 28
6402 22 203 34 35 32 54 27 32 19 60 35 28
6403 22 62 30 20 35 1 24 26 27 14 34 28
6404 22 99 34 22 37 76 31 32 36 13 34 28
6405 22 197 42 38 34 14 24 32 31 30 34 28
6406 22 171 32 31 37 82 23 20 33 17 34 28
6407 22 87 16 21 32 1 24 24 32 17 34 28
6408 22 115 22 23 24 4 20 21 30 21 34 28
6409 22 182 39 23 36 68 21 36 22 103 35 28
6410 22 101 38 19 31 7 24 8 37 26 34 28
6411 22 90 40 38 35 51 27 31 27 34 35 28
6412 22 66 23 24 33 5 26 29 24 1 34 28
6413 22 95 29 23 36 105 24 29 22 14 34 28
6414 22 122 36 19 38 1 23 24 8 2 34 28
6415 22 103 28 29 30 12 20 36 23 13 34 28
6416 22 154 19 16 22 14 21 32 28 16 34 28
6417 22 58 17 22 33 1 23 26 30 13 34 28
6418 22 111 39 30 37 35 25 22 27 27 34 28
6419 22 151 42 32 23 29 19 8 139 36 35 28
6420 22 44 29 34 27 61 22 28 31 14 34 28
6421 22 1 6 35 20 1 22 26 30 15 34 28
6422 22 205 30 13 39 1 25 36 30 31 35 28
6423 22 158 39 24 34 43 14 29 27 28 34 28
6424 22 141 50 43 36 1 25 27 25 30 34 28
6425 22 161 32 1 41 1 24 24 28 6 34 28
6426 22 87 28 37 20 1 21 29 33 33 34 28
6427 22 1056 47 32 35 46 23 30 25 30 34 28
6428 22 81 35 27 34 51 18 29 26 16 34 28
6429 22 31 21 36 27 57 26 27 21 14 34 28
6430 22 59 24 33 22 77 23 31 30 29 34 28
6431 22 214 30 40 25 45 26 38 32 82 34 28
6432 22 140 31 27 27 23 19 29 22 25 34 28
6433 22 92 28 40 13 13 32 29 23 34 35 28
6434 22 102 33 30 35 68 18 25 34 16 34 28
6435 22 89 43 34 31 1 24 32 32 35 35 29
6436 22 202 35 18 39 83 22 27 32 12 34 28
6437 22 31 22 34 20 77 24 22 26 19 34 28
6438 22 65 26 32 28 2 22 40 28 13 34 28
6439 22 203 31 14 31 19 21 26 25 18 34 28
6440 22 77 25 13 30 42 25 20 33 20 34 28
6441 22 69 35 40 26 72 23 40 34 28 34 28
6442 22 98 47 32 35 27 26 31 32 25 34 28
6443 22 92 23 14 34 32 23 19 30 7 34 28
6444 22 127 42 24 42 110 22 21 28 13 34 28
6445 22 226 35 29 30 45 20 33 23 23 34 28
6446 22 296 33 26 31 31 18 33 34 12 34 28
6447 22 105 37 32 37 59 27 28 26 18 34 28
6448 22 104 34 26 26 1 25 28 26 31 34 28
6449 22 120 29 25 35 1 23 25 30 90 34 28
6450 22 102 33 19 33 1 25 39 21 46 34 28
6451 22 1 13 26 25 29 27 1 29 82 34 28
6452 22 29 14 26 21 32 27 37 21 60 34 28
6453 22 78 24 24 27 39 23 31 19 15 34 28
6454 22 108 39 43 31 1 24 16 24 21 34 28
6455 22 1 9 39 12 3 22 21 25 15 34 28
6456 22 233 43 13 36 34 24 27 29 19 34 28
6457 22 54 24 38 29 45 25 26 24 1 34 28
6458 22 124 23 31 19 3 26 32 36 29 34 28
6459 22 85 23 12 37 84 18 22 28 5 34 28
6460 22 188 42 32 40 28 22 26 24 26 34 28
6461 22 124 45 26 40 1 21 34 27 31 34 28
6462 22 70 37 41 19 1 18 33 29 37 35 28
6463 22 72 42 41 23 72 27 26 28 31 35 28
6464 22 67 22 29 22 23 30 21 26 17 34 28
6465 22 94 25 34 32 13 27 27 34 10 34 28
6466 22 379 43 24 44 1 21 27 27 26 34 28
6467 22 89 24 20 25 1 19 25 30 27 34 28
6468 22 208 55 36 35 55 27 32 31 37 35 28
6469 22 232 53 22 36 54 29 32 28 40 35 28
6470 22 76 32 32 25 1 25 18 22 26 34 28
6471 22 76 32 20 31 1 24 25 28 12 34 28
6472 22 142 30 25 30 1 30 39 31 21 34 28
6473 22 38 25 23 29 55 26 27 31 18 34 28
6474 22 103 32 40 32 48 26 25 23 21 34 28
6475 22 57 28 36 25 48 24 32 28 28 34 28
6476 22 191 25 30 21 65 22 25 22 15 34 28
6477 22 129 31 20 33 37 21 32 25 1 34 28
6478 22 63 20 26 24 32 27 30 23 18 34 28
6479 22 138 30 33 20 38 24 26 25 18 34 28
6480 22 260 35 19 29 35 28 25 26 34 35 28
6481 22 199 30 26 26 41 19 24 26 21 34 28
6482 22 108 31 15 37 1 22 18 21 7 34 28
6483 22 206 35 25 32 1 25 24 23 10 34 28
6484 22 115 30 19 36 10 21 25 29 27 34 28
6485 22 63 21 17 29 66 24 24 27 14 34 28
6486 22 87 35 20 40 76 24 28 27 3 34 28
6487 22 1 15 33 25 1 27 16 28 1 34 28
6488 22 1 33 43 27 1 25 33 30 17 34 28
6489 22 21 13 34 22 31 25 32 29 6 34 28
6490 22 83 41 31 32 19 26 32 20 26 34 28
6491 22 63 33 45 22 59 26 30 24 30 35 28
6492 22 80 33 24 31 59 19 25 28 6 34 28
6493 22 87 35 21 28 53 23 31 31 26 34 28
6494 22 109 26 33 19 33 26 36 38 33 35 28
6495 22 83 38 25 36 42 29 16 25 19 34 28
6496 22 392 44 17 42 1 18 1 23 23 34 28
6497 22 171 41 35 27 2 28 34 26 34 34 28
6498 22 164 35 27 32 55 27 30 30 18 34 28
6499 22 137 35 20 28 22 22 32 28 34 35 28
6500 22 55 30 37 30 36 24 38 22 17 34 28
6501 22 135 39 37 24 57 21 36 25 39 35 28
6502 22 127 36 12 37 1 22 28 29 31 34 28
6503 22 49 1 24 21 1 24 25 31 21 34 28
6504 22 66 22 23 29 1 24 24 22 25 34 28
6505 22 80 38 33 17 92 22 27 33 32 35 28
6506 22 178 39 36 30 14 26 33 34 34 35 28
6507 22 148 51 23 42 78 23 32 31 19 34 28
6508 22 80 21 26 29 21 25 24 33 16 34 28
6509 22 80 26 17 29 26 24 28 24 13 34 28
6510 22 93 22 35 24 25 17 22 31 11 34 28
6511 22 100 23 22 24 1 22 32 28 37 34 28
6512 22 163 45 21 35 74 21 13 19 19 34 28
6513 22 156 34 25 35 103 18 27 26 2 34 28
6514 22 29 32 43 28 16 21 28 29 14 34 28
6515 22 26 27 32 37 1 23 20 27 12 34 28
6516 22 301 32 21 39 32 19 25 31 6 34 28
6517 22 225 28 18 28 23 19 24 18 108 34 28
6518 22 102 34 20 31 4 20 26 22 7 34 28
6519 22 106 37 15 38 12 23 30 28 19 34 28
6520 22 362 26 18 34 21 21 20 25 3 34 28
6521 22 272 31 24 32 1 23 20 28 14 34 28
6522 22 68 17 21 35 30 25 26 34 3 34 28
6523 22 97 42 32 28 53 21 29 31 24 34 28
6524 22 155 44 23 34 1 26 28 25 34 35 28
6525 22 217 26 24 28 12 22 28 23 24 34 28
6526 22 53 34 42 25 23 30 37 23 28 34 28
6527 22 150 44 27 30 50 22 26 28 83 35 28
6528 23 64 38 41 27 43 24 33 30 24 35 29
6529 22 1 10 37 18 41 26 26 24 52 34 28
6530 22 288 31 28 34 53 19 28 29 11 34 28
6531 22 105 40 30 27 33 30 22 31 29 34 28
6532 22 62 28 40 23 69 23 22 20 17 34 28
6533 22 234 42 13 43 1 21 33 35 7 34 28
6534 22 86 42 30 37 1 28 30 30 25 34 28
6535 22 141 24 36 26 29 25 34 25 13 34 28
6536 22 208 20 33 19 26 30 18 27 29 34 28
6537 22 233 41 23 42 1 26 27 28 8 34 28
6538 22 25 15 28 22 58 20 27 28 20 34 28
6539 22 161 29 31 22 34 27 36 30 21 34 28
6540 22 66 27 21 33 70 23 22 30 7 34 28
6541 22 110 26 27 18 15 30 32 38 41 35 28
6542 22 65 24 34 23 1 29 32 21 15 34 28
6543 22 192 30 31 23 1 31 32 26 32 35 28
6544 22 76 37 34 34 57 24 36 36 24 34 28
6545 22 145 30 21 30 2 19 29 28 13 34 28
6546 22 75 25 31 29 97 24 18 34 56 34 28
6547 22 74 38 38 36 50 24 26 30 21 34 28
6548 22 338 26 25 34 1 26 29 24 19 34 28
6549 22 66 27 24 34 6 21 31 29 57 34 28
6550 22 129 21 33 27 2 22 25 28 84 34 28
6551 22 149 30 24 36 1 17 24 25 1 34 28
6552 22 243 35 30 29 75 23 21 24 8 34 28
6553 22 206 34 37 25 26 21 24 25 21 34 28
6554 22 235 30 30 25 37 26 31 23 17 34 28
6555 22 1 9 32 21 1 23 32 21 52 34 28
6556 22 147 23 34 24 94 25 25 31 20 34 28
6557 22 89 33 38 22 54 21 30 28 23 34 28
6558 22 125 36 14 24 96 26 24 29 24 34 28
6559 22 37 24 32 15 29 22 37 25 16 34 28
6560 22 101 20 17 30 1 23 20 25 1 34 28
6561 22 40 33 34 27 20 22 34 32 19 34 28
6562 22 143 30 38 15 1 27 46 24 45 35 28
6563 22 122 29 16 35 18 19 30 31 53 35 28
6564 22 137 50 15 33 14 22 17 23 18 34 28
6565 22 85 45 30 46 64 22 26 38 10 34 28
6566 22 113 22 23 25 1 23 33 26 57 34 28
6567 22 128 40 23 35 59 20 19 29 17 34 28
6568 22 118 33 37 27 84 24 26 25 18 34 28
6569 22 112 42 33 40 20 19 20 27 25 34 28
6570 22 98 31 29 33 62 20 27 24 2 34 28
6571 22 69 25 22 29 1 28 28 24 16 34 28
6572 22 63 21 16 34 56 18 26 25 3 34 28
6573 22 1 17 24 28 10 17 17 28 1 34 28
6574 22 68 22 24 24 71 22 23 24 10 34 28
6575 22 133 24 18 35 1 27 37 30 14 34 28
6576 22 52 31 25 34 81 24 26 26 15 34 28
6577 22 99 26 21 35 63 22 27 29 16 34 29
6578 22 58 24 20 28 1 21 26 25 23 34 28
6579 22 69 28 37 27 16 27 1 61 23 34 28
6580 22 1 19 23 37 1 16 38 23 1 34 28
6581 22 68 32 16 42 107 20 26 27 1 34 28
6582 22 74 32 24 33 20 22 23 27 17 34 28
6583 22 141 37 34 33 1 23 35 25 31 35 28
6584 22 131 37 35 30 1 19 1 36 24 34 28
6585 22 351 33 26 29 10 23 19 25 23 34 28
6586 22 72 28 28 21 1 24 37 25 35 34 28
6587 22 122 49 29 38 71 25 31 31 18 34 28
6588 22 96 34 41 33 1 24 30 22 80 35 28
6589 22 75 28 35 17 12 24 36 28 43 35 28
6590 22 195 26 13 32 28 28 17 19 1 34 28
6591 22 104 40 33 31 49 27 28 39 27 34 28
6592 22 193 32 40 24 1 27 29 23 35 35 28
6593 22 88 27 21 33 2 20 14 37 22 34 28
6594 22 428 29 32 26 81 26 31 30 30 34 28
6595 22 97 51 31 40 52 22 30 33 24 34 28
6596 22 89 21 21 20 1 23 24 20 22 33 28
6597 22 80 17 25 13 1 24 15 34 14 34 28
6598 22 114 34 25 32 2 20 27 28 65 34 28
6599 22 294 38 25 34 52 29 24 21 52 35 28
6600 22 246 27 17 38 21 23 35 27 2 34 28
6601 22 120 32 29 19 81 23 25 19 20 34 28
6602 22 143 27 18 36 6 17 24 25 14 34 28
6603 22 34 15 29 21 34 27 33 19 19 34 28
6604 22 55 24 36 23 51 20 11 18 109 34 28
6605 22 73 35 43 24 17 23 27 24 34 35 28
6606 22 113 52 20 37 57 20 30 22 23 34 28
6607 22 127 54 30 36 83 22 24 29 27 34 28
6608 22 107 41 14 35 42 27 26 26 21 34 28
6609 22 99 20 40 14 39 25 27 16 16 34 28
6610 22 58 35 36 24 54 26 40 32 39 35 28
6611 22 163 24 20 30 2 20 33 20 27 34 28
6612 22 142 32 28 25 20 21 30 23 29 34 28
6613 22 223 46 44 27 1 25 38 30 41 34 28
6614 22 194 37 9 45 18 24 22 27 51 35 28
6615 22 47 29 40 17 29 24 35 24 27 34 28
6616 22 85 28 21 34 38 23 36 24 7 34 28
6617 22 91 25 20 32 23 18 19 28 13 34 28
6618 22 58 17 32 19 11 26 33 24 37 35 28
6619 22 74 31 26 33 60 22 21 29 18 34 28
6620 22 104 36 25 36 1 25 28 20 29 34 28
6621 22 245 27 30 25 30 28 30 25 135 34 28
6622 22 174 36 25 36 37 27 21 31 10 34 28
6623 22 71 41 33 37 1 19 24 29 31 34 28
6624 22 106 29 22 30 72 24 29 29 25 34 28
6625 22 219 46 26 45 124 21 30 28 1 34 28
6626 22 170 8 20 18 19 22 23 27 86 34 28
6627 22 69 40 34 34 69 25 32 25 31 34 28
6628 22 251 39 31 28 4 23 20 21 94 35 28
6629 22 109 37 23 40 83 31 23 23 14 34 28
6630 22 70 33 34 28 1 24 36 24 34 35 28
6631 22 160 35 34 24 1 22 38 23 32 35 28
6632 22 132 31 19 37 45 24 29 30 22 34 28
6633 22 175 36 26 20 42 22 31 27 20 34 28
6634 22 64 28 27 30 22 24 28 30 10 34 28
6635 22 169 28 5 39 1 27 24 26 52 34 28
6636 22 78 10 23 19 1 25 1 21 13 34 28
6637 22 200 33 30 29 1 24 34 22 8 34 28
6638 22 143 31 38 19 27 24 26 22 26 34 28
6639 22 92 14 15 25 26 23 28 29 14 34 28
6640 22 87 29 22 36 35 20 23 24 12 34 28
6641 22 90 37 21 26 52 23 25 27 37 35 28
6642 22 212 29 33 25 1 20 42 34 21 34 28
6643 22 146 39 21 33 83 27 25 30 11 34 28
6644 22 206 42 25 45 51 17 35 24 18 34 28
6645 22 177 38 22 30 1 23 37 29 31 34 28
6646 22 224 31 19 30 65 25 32 26 71 34 28
6647 22 91 49 23 44 98 19 27 35 18 34 28
6648 22 94 21 32 27 45 21 32 27 12 34 28
6649 22 119 29 23 32 14 20 25 30 13 34 28
6650 22 132 41 35 30 47 25 27 33 23 34 28
6651 22 74 30 22 33 7 22 14 20 11 34 28
6652 22 1 13 40 29 1 18 19 33 16 34 28
6653 22 233 9 31 36 1 28 33 27 11 34 28
6654 22 142 39 29 38 64 28 24 29 10 34 28
6655 22 81 36 20 27 82 22 46 18 22 34 28
6656 22 94 41 29 40 1 29 25 30 21 34 28
6657 22 298 38 33 34 1 23 29 25 29 34 28
6658 22 209 40 14 35 6 21 37 28 31 35 28
6659 22 213 45 39 29 1 26 30 22 29 34 28
6660 22 117 32 35 24 3 23 27 21 27 34 28
6661 22 116 13 17 36 1 16 21 27 76 35 28
6662 22 112 25 30 22 1 24 30 24 60 34 28
6663 22 124 39 39 20 39 27 24 32 22 34 28
6664 22 78 33 27 28 34 28 30 25 33 35 28
6665 23 127 30 16 30 35 27 30 26 57 35 28
6666 22 190 27 35 22 33 15 22 22 30 34 28
6667 22 98 30 17 28 1 23 24 32 24 34 28
6668 22 103 23 5 36 40 20 24 30 9 34 28
6669 22 61 27 32 30 9 23 32 24 31 35 28
6670 22 64 30 24 37 29 25 37 26 23 34 28
6671 22 113 30 16 33 18 24 15 23 12 34 28
6672 22 94 37 42 28 3 27 29 22 27 34 28
6673 23 36 29 39 22 31 25 40 30 19 34 29
6674 22 184 34 43 23 39 22 29 34 34 35 28
6675 22 140 37 28 41 93 25 30 23 10 34 28
6676 22 222 32 39 29 48 23 32 28 90 35 28
6677 22 61 27 22 30 3 26 19 31 26 34 28
6678 22 1 27 45 18 72 27 24 20 23 34 28
6679 22 43 8 25 17 27 28 22 19 8 34 28
6680 22 135 32 38 24 57 28 25 20 15 34 28
6681 22 128 28 36 27 91 26 23 22 20 34 28
6682 22 89 45 43 32 1 25 26 25 31 35 28
6683 22 145 31 18 36 1 19 27 32 13 34 28
6684 22 1 26 37 35 1 25 29 21 5 34 28
6685 22 83 21 34 29 1 22 20 24 18 34 28
6686 22 119 50 35 34 55 25 34 29 29 34 28
6687 22 92 24 30 26 1 26 30 27 20 34 28
6688 22 159 44 29 42 108 19 23 27 31 35 28
6689 23 156 36 23 29 23 28 27 33 28 35 29
6690 22 746 26 12 33 1 29 33 37 13 34 28
6691 22 97 27 23 36 5 25 35 27 75 34 28
6692 22 108 32 22 34 52 24 34 33 16 34 28
6693 22 115 17 10 32 19 24 23 24 8 34 28
6694 22 179 24 32 24 1 25 23 25 30 34 28
6695 22 58 28 33 23 70 25 27 38 31 34 28
6696 22 115 33 17 39 30 22 25 32 11 34 28
6697 22 129 22 25 29 1 23 39 52 17 34 28
6698 22 60 23 28 20 28 23 30 28 26 34 28
6699 22 100 43 36 27 83 24 18 24 32 35 28
6700 22 134 35 5 39 79 21 28 23 17 34 28
6701 22 103 33 23 33 17 27 21 31 16 34 28
6702 22 177 41 15 36 1 25 29 29 32 34 28
6703 22 76 18 11 26 71 23 21 30 13 34 28
6704 22 168 28 14 29 5 26 24 28 28 34 28
6705 22 140 44 35 27 65 20 22 24 57 35 28
6706 22 35 3 16 23 1 18 32 20 5 34 28
6707 22 250 36 37 32 42 21 25 25 104 35 28
6708 22 55 28 33 24 49 21 29 22 25 34 28
6709 22 70 37 37 25 47 23 1 40 44 35 28
6710 22 132 20 27 30 20 25 44 33 20 34 28
6711 22 109 42 29 33 40 25 39 34 32 35 28
6712 22 61 26 31 26 42 26 26 31 20 34 28
6713 22 104 34 23 36 1 22 36 21 10 34 28
6714 22 186 36 40 33 1 22 38 25 103 34 28
6715 22 111 24 32 22 23 23 15 39 23 34 28
6716 22 27 10 30 19 17 18 27 32 9 34 28
6717 22 93 40 15 33 40 27 30 32 34 35 28
6718 22 91 45 26 37 72 26 30 33 16 34 29
6719 22 159 31 27 26 37 21 23 25 14 34 28
6720 22 69 26 30 25 25 25 26 25 16 34 28
6721 22 118 31 21 26 25 24 29 24 13 34 28
6722 22 94 35 29 36 52 27 27 31 20 34 28
6723 22 71 35 26 39 50 24 26 31 12 34 28
6724 22 104 30 21 38 1 18 26 30 14 34 28
6725 22 1 22 44 21 9 26 25 25 11 34 28
6726 22 109 38 24 31 69 26 26 29 15 34 28
6727 22 91 37 18 35 70 29 36 35 27 34 28
6728 22 79 24 26 26 1 26 26 18 18 34 28
6729 22 105 26 18 34 98 18 27 21 10 34 28
6730 22 195 27 32 22 39 23 32 19 25 34 28
6731 22 246 35 29 23 1 20 24 33 25 34 28
6732 22 262 15 24 21 14 25 30 20 20 34 28
6733 22 151 31 41 26 41 29 40 24 23 34 28
6734 22 202 35 13 30 100 23 49 25 23 34 28
6735 22 158 33 25 34 48 28 23 28 20 34 28
6736 22 1 3 25 16 37 25 37 30 18 34 28
6737 22 135 35 16 33 91 24 30 24 22 34 28
6738 22 246 35 26 27 11 20 27 37 35 35 28
6739 22 166 51 21 27 10 20 46 20 34 35 28
6740 22 82 32 23 29 33 20 26 31 20 34 28
6741 22 109 27 25 35 1 19 13 28 15 34 28
6742 22 177 30 31 25 48 25 29 23 29 34 28
6743 22 197 31 24 30 37 22 24 28 15 34 28
6744 22 220 22 24 27 81 19 21 27 8 34 28
6745 22 1 6 33 25 1 21 12 36 7 34 28
6746 22 158 40 27 39 116 29 31 27 59 35 28
6747 22 80 36 35 31 38 18 12 25 31 35 28
6748 22 39 12 31 14 5 23 37 24 27 34 28
6749 22 83 27 32 27 73 22 25 28 14 34 28
6750 22 139 31 32 35 80 23 25 31 82 35 28
6751 23 228 33 20 35 21 26 35 27 24 35 29
6752 22 194 34 25 38 1 19 29 37 7 34 28
6753 22 120 31 19 32 20 26 35 29 23 34 28
6754 22 67 25 28 32 1 27 27 30 21 34 28
6755 22 77 23 22 28 4 25 34 25 10 34 28
6756 22 62 27 28 31 53 24 27 25 11 34 28
6757 22 54 33 27 36 6 24 28 22 17 34 28
6758 22 99 38 19 42 71 23 27 16 4 34 28
6759 22 93 22 20 22 1 26 26 30 29 34 28
6760 22 56 27 22 24 1 23 28 21 18 34 28
6761 22 242 49 18 43 89 20 21 33 18 34 28
6762 22 102 32 18 32 46 20 19 32 12 34 28
6763 22 127 36 40 30 54 24 25 23 17 34 28
6764 22 186 25 4 34 13 21 15 28 7 34 28
6765 22 232 31 14 37 53 23 29 25 10 34 28
6766 22 129 16 22 22 1 24 27 29 15 34 28
6767 22 300 44 27 37 50 230 31 24 127 35 28
6768 22 158 31 39 25 95 23 40 32 24 34 28
6769 22 97 20 42 8 22 28 23 24 21 34 28
6770 22 150 55 32 37 85 19 19 26 26 34 28
6771 22 147 34 28 26 20 22 33 35 32 35 28
6772 22 83 29 36 23 1 26 33 27 33 34 28
6773 22 68 24 27 20 1 24 26 27 33 35 28
6774 22 240 45 33 23 37 27 30 26 28 35 28
6775 22 283 25 36 25 33 25 33 36 24 34 28
6776 22 82 17 21 26 39 25 36 29 19 34 28
6777 22 266 37 26 36 48 22 25 28 13 34 28
6778 22 163 38 28 31 68 18 21 23 61 35 28
6779 22 92 29 44 17 1 25 30 29 29 34 28
6780 22 65 31 28 32 73 23 27 29 20 34 28
6781 22 163 40 29 33 1 22 32 34 28 34 28
6782 22 161 46 27 37 31 22 29 28 29 34 28
6783 22 1 25 34 36 95 24 32 22 3 34 28
6784 22 276 18 13 32 1 21 24 28 8 34 28
6785 22 66 39 42 31 77 26 19 26 17 34 28
6786 22 98 26 22 27 2 22 29 28 18 34 28
6787 22 77 31 25 29 101 20 27 31 22 34 28
6788 22 61 17 29 26 1 19 28 21 18 34 28
6789 22 95 33 10 43 29 21 24 26 1 34 28
6790 22 138 34 13 37 1 11 30 22 68 35 28
6791 22 75 30 36 39 38 22 1 40 57 35 28
6792 22 148 31 16 25 5 24 35 20 20 34 28
6793 22 97 27 34 16 9 28 28 30 29 34 28
6794 22 226 45 30 32 56 21 25 25 31 35 28
6795 22 84 34 33 35 1 25 31 28 25 34 28
6796 22 132 33 17 34 53 19 24 31 11 34 28
6797 22 214 27 27 28 1 24 31 30 29 34 28
6798 22 69 28 23 36 1 25 23 30 17 34 28
6799 22 145 31 30 32 89 24 28 24 14 34 28
6800 22 188 37 17 29 61 23 26 28 25 34 28
6801 22 64 25 25 28 26 22 20 23 8 34 28
6802 22 110 25 19 30 13 22 19 20 6 34 28
6803 22 153 17 21 22 1 25 31 26 16 34 28
6804 22 101 34 21 25 11 24 32 27 28 34 28
6805 22 133 27 23 30 1 21 22 25 67 35 28
6806 22 248 32 21 30 77 26 31 38 12 34 28
6807 22 164 41 24 35 55 23 33 28 20 34 28
6808 22 64 21 22 28 42 24 30 32 18 34 28
6809 22 122 27 24 27 1 27 31 35 31 35 28
6810 22 251 21 24 23 9 24 27 26 18 34 28
6811 22 8 22 34 24 56 24 26 46 22 34 28
6812 22 242 34 28 36 1 21 36 26 14 34 28
6813 22 119 26 22 29 1 30 24 27 91 34 28
6814 22 110 40 19 39 1 22 28 30 41 34 28
6815 22 260 53 33 39 43 22 5 41 32 35 28
6816 22 141 27 27 32 69 27 25 31 21 34 28
6817 22 72 32 23 31 1 23 30 27 22 34 28
6818 22 209 41 29 36 30 27 21 26 17 34 28
6819 22 382 19 23 26 1 27 24 24 11 34 28
6820 22 137 50 30 32 74 22 33 30 28 34 28
6821 22 46 27 42 13 26 22 30 21 28 34 28
6822 22 118 29 18 34 1 17 21 29 10 34 28
6823 22 102 24 26 25 1 25 31 27 19 34 28
6824 22 90 41 35 35 1 23 36 24 32 35 28
6825 22 140 27 26 24 1 25 31 23 35 34 28
6826 22 187 31 25 26 24 20 26 27 17 34 28
6827 22 144 42 41 34 1 22 21 34 20 34 28
6828 22 125 45 26 45 1 21 32 33 20 34 28
6829 22 96 29 33 25 19 25 1 32 20 34 28
6830 22 128 33 29 23 11 25 29 30 30 35 28
6831 22 159 38 25 40 43 23 29 27 23 34 28
6832 22 32 34 48 33 71 24 28 30 19 34 28
6833 22 172 46 39 34 78 21 20 31 30 35 28
6834 22 84 42 39 40 8 23 1 39 14 34 28
6835 23 196 26 29 32 68 21 27 28 11 34 28
6836 22 123 34 33 25 13 19 28 31 36 35 28
6837 22 223 31 25 27 37 24 20 31 11 34 28
6838 22 69 19 22 31 1 20 23 29 10 34 28
6839 22 127 27 39 27 38 23 31 29 23 34 28
6840 22 101 31 23 33 70 26 25 27 1 34 28
6841 22 19 18 24 26 1 26 12 34 12 34 28
6842 22 91 37 47 26 39 21 39 29 124 35 28
6843 22 90 37 36 31 42 28 23 26 17 34 28
6844 22 136 15 27 26 5 23 41 17 11 34 28
6845 22 255 26 22 33 3 25 39 26 21 34 28
6846 22 52 33 46 29 1 23 34 25 29 34 28
6847 22 181 44 15 41 64 20 24 32 10 34 28
6848 22 136 32 28 22 39 26 35 24 41 35 28
6849 22 103 30 32 32 1 30 40 25 17 34 28
6850 22 100 29 15 35 26 23 21 28 43 34 28
6851 22 173 23 34 27 1 25 33 17 18 34 28
6852 22 114 43 37 42 71 19 34 33 14 34 28
6853 22 76 22 13 39 52 22 15 23 1 34 28
6854 22 91 40 22 38 36 23 26 24 17 34 28
6855 22 117 43 26 35 3 19 32 25 9 34 28
6856 22 109 32 18 32 3 24 23 22 24 34 28
6857 22 94 34 28 29 1 17 25 20 27 34 28
6858 22 120 34 24 33 1 21 12 30 70 35 29
6859 22 103 21 24 27 6 23 33 30 22 34 28
6860 22 85 35 28 26 29 25 32 30 40 35 28
6861 22 94 33 31 26 9 23 32 26 35 35 28
6862 22 84 25 27 24 10 25 29 27 19 34 28
6863 22 255 36 27 31 1 18 34 35 19 34 28
6864 22 244 27 16 31 42 26 28 23 3 34 28
6865 22 56 21 23 23 1 29 1 25 30 34 28
6866 22 213 38 28 36 47 23 1 35 29 34 28
6867 22 105 36 22 40 37 26 20 36 15 34 28
6868 22 76 35 11 39 11 24 22 23 1 34 28
6869 22 93 34 19 33 1 24 28 23 10 34 28
6870 22 167 21 11 33 7 20 23 25 6 34 28
6871 22 78 23 17 30 17 21 16 32 26 34 28
6872 22 58 29 30 31 7 23 28 27 21 34 28
6873 22 84 39 15 43 74 21 32 31 1 34 28
6874 22 147 48 36 36 1 23 1 34 20 34 28
6875 22 251 40 20 33 64 19 19 34 20 34 28
6876 22 87 18 23 26 13 21 14 20 6 34 28
6877 22 279 30 32 24 47 22 29 25 27 34 28
6878 22 193 37 21 36 1 26 33 31 22 34 28
6879 22 273 30 18 28 1 23 28 25 23 34 28
6880 22 254 32 36 30 8 27 24 30 63 35 28
6881 22 116 15 35 29 26 23 26 33 13 34 28
6882 22 117 36 30 31 73 23 28 24 9 34 28
6883 22 112 35 19 39 61 19 16 26 1 34 28
6884 22 111 33 29 31 7 21 1 27 13 34 28
6885 22 99 31 21 29 47 22 25 31 11 34 28
6886 22 93 40 21 41 6 24 32 27 17 34 28
6887 22 261 44 19 44 83 19 17 23 3 34 28
6888 22 205 43 25 33 1 20 26 35 26 34 28
6889 22 93 29 21 38 1 23 26 20 8 34 28
6890 22 92 34 38 26 1 25 27 20 33 35 28
6891 22 228 31 28 29 33 27 39 26 75 35 28
6892 22 87 24 32 25 1 19 36 36 27 34 28
6893 22 154 40 32 34 16 21 42 29 151 35 28
6894 22 177 31 27 24 17 25 24 27 69 35 28
6895 22 174 32 23 34 87 22 29 28 102 35 28
6896 22 120 35 27 40 29 21 26 27 20 34 28
6897 22 1 16 26 33 21 21 39 32 1 34 28
6898 22 129 28 23 22 16 23 27 30 19 34 28
6899 22 56 34 32 28 75 24 22 26 1 34 28
6900 22 76 39 27 35 14 20 27 23 16 34 28
6901 22 360 31 31 31 18 24 17 27 5 34 28
6902 22 191 29 28 30 6 26 29 27 26 34 28
6903 22 64 29 30 28 71 22 23 19 2 34 28
6904 22 84 28 17 37 1 23 31 24 22 34 28
6905 22 105 34 19 36 46 20 1 36 18 34 28
6906 22 93 30 13 29 27 22 23 23 29 34 28
6907 22 64 17 29 21 13 21 30 21 25 34 28
6908 22 185 33 23 39 81 19 25 31 5 34 28
6909 22 113 34 40 25 23 28 26 41 28 34 28
6910 22 357 30 23 34 87 21 21 30 12 34 28
6911 22 266 29 34 31 6 25 27 27 13 34 28
6912 22 231 31 29 25 1 31 36 23 34 34 28
6913 22 84 29 38 23 28 23 33 28 25 34 28
6914 22 134 36 36 29 1 26 38 28 40 35 28
6915 22 138 38 43 26 1 21 30 27 85 35 28
6916 22 187 25 9 31 1 19 21 37 36 35 28
6917 22 193 33 25 29 1 22 33 23 23 34 28
6918 22 60 26 32 27 35 22 34 31 20 34 28
6919 22 110 42 23 30 58 22 23 23 34 34 28
6920 22 52 29 30 30 48 27 31 29 28 34 28
6921 22 121 41 23 41 98 19 29 29 22 34 28
6922 22 164 27 18 30 39 27 16 34 6 34 28
6923 22 205 27 25 25 1 22 30 27 33 34 28
6924 22 318 33 27 33 47 24 27 20 32 35 28
6925 22 111 39 26 22 41 20 31 25 39 35 28
6926 22 128 39 15 39 37 26 25 29 36 35 28
6927 22 220 30 29 27 13 23 29 28 26 34 28
6928 22 45 30 33 29 107 20 30 28 9 34 28
6929 22 122 33 16 40 56 21 28 20 2 34 28
6930 22 134 40 34 38 1 24 30 29 26 34 28
6931 22 110 41 25 33 83 21 22 27 9 34 28
6932 22 73 24 6 34 24 23 36 32 10 34 28
6933 22 124 32 42 22 22 25 32 28 116 34 28
6934 22 200 30 30 34 1 23 45 29 22 34 29
6935 22 1 23 44 29 52 21 25 27 1 34 28
6936 22 147 44 25 32 40 21 22 20 27 34 28
6937 22 82 30 26 24 1 24 30 29 29 34 28
6938 22 65 22 18 26 104 27 23 31 19 34 28
6939 22 1 19 27 34 1 24 26 29 1 34 28
6940 22 177 22 29 28 15 29 30 33 22 34 28
6941 22 1 20 29 25 48 26 17 21 1 34 28
6942 22 123 28 12 37 29 27 32 34 7 34 28
6943 22 100 37 23 36 1 18 28 30 25 34 28
6944 22 76 26 30 34 13 25 1 37 6 34 28
6945 22 216 33 25 36 39 26 19 33 11 34 28
6946 22 126 34 31 28 15 23 25 32 27 34 28
6947 22 84 40 29 32 111 30 32 32 101 35 28
6948 22 162 45 16 30 2 22 40 18 18 34 28
6949 22 92 44 22 37 118 24 35 31 29 34 28
6950 22 197 31 10 28 77 24 20 30 5 34 29
6951 22 223 33 25 25 87 24 25 23 29 34 28
6952 22 57 31 22 37 38 20 15 24 7 34 28
6953 22 168 24 20 35 1 23 33 30 13 34 28
6954 22 84 34 33 33 39 22 21 22 14 34 28
6955 22 164 45 34 43 79 21 17 23 2 34 28
6956 22 143 35 23 35 57 24 29 27 2 34 28
6957 22 71 35 46 24 44 22 22 28 26 34 28
6958 22 126 33 29 30 94 23 24 26 21 34 28
6959 22 44 19 29 26 33 27 27 23 22 34 28
6960 22 155 29 12 21 64 27 38 29 20 34 28
6961 22 97 33 34 24 1 23 25 29 37 35 28
6962 22 199 40 34 26 54 25 27 28 114 35 28
6963 22 185 20 14 26 17 19 20 28 75 35 28
6964 22 106 28 29 22 26 29 35 29 34 34 28
6965 22 143 34 31 34 1 23 28 28 20 34 28
6966 22 1 32 46 24 109 26 22 22 9 34 28
6967 22 197 23 18 25 44 23 25 19 1 34 28
6968 22 226 24 26 21 41 26 33 30 23 34 28
6969 22 115 49 38 37 49 25 23 27 21 34 28
6970 22 125 17 22 30 1 23 34 29 18 34 28
6971 22 89 49 35 39 101 20 33 24 16 34 28
6972 22 340 32 22 31 54 23 27 30 77 35 28
6973 22 105 32 20 38 8 22 22 31 9 34 28
6974 22 100 55 37 40 94 19 30 31 29 35 28
6975 22 75 49 41 32 1 31 26 25 29 35 28
6976 22 112 59 18 50 73 23 22 23 16 34 28
6977 22 105 34 43 26 1 18 35 23 22 34 28
6978 22 209 30 25 26 22 22 34 32 36 34 28
6979 22 133 42 22 32 85 25 24 25 18 34 28
6980 22 100 32 18 37 1 24 33 22 21 34 28
6981 22 136 47 36 37 6 20 26 24 10 34 28
6982 22 46 14 22 24 8 25 38 30 5 34 28
6983 22 67 28 27 21 22 26 41 30 30 34 28
6984 22 100 36 38 29 1 23 29 28 33 35 29
6985 22 104 39 24 36 11 26 27 34 26 34 28
6986 22 73 21 27 27 1 25 20 24 11 34 28
6987 22 83 39 40 35 1 25 32 32 29 34 28
6988 22 107 44 21 37 55 23 24 32 30 35 28
6989 22 131 39 27 35 94 18 31 33 23 34 28
6990 22 78 31 35 20 1 26 31 27 25 34 28
6991 22 119 39 34 39 50 15 27 26 74 35 28
6992 22 138 59 24 50 55 27 31 33 21 34 28
6993 22 121 27 27 24 19 23 27 23 21 34 28
6994 22 70 37 34 34 27 25 28 25 33 35 28
6995 22 75 25 35 26 6 21 27 27 32 34 28
6996 22 63 33 33 33 56 32 30 32 27 34 28
6997 23 198 44 41 39 6 20 24 27 19 35 28
6998 22 144 39 34 31 86 20 34 29 17 34 28
6999 22 26 21 31 26 1 28 30 33 25 34 28
7000 22 90 40 29 37 66 21 23 28 6 34 28
7001 22 135 30 26 30 1 25 27 29 16 34 28
7002 22 59 43 40 26 102 22 23 37 28 34 28
7003 22 79 33 14 38 1 23 26 28 20 34 28
7004 22 230 37 32 35 33 18 25 22 28 34 28
7005 22 128 38 32 30 1 22 24 31 27 34 28
7006 22 134 25 26 18 1 24 20 52 23 34 28
7007 22 71 34 29 34 37 23 24 27 8 34 28
7008 22 156 36 19 41 1 18 36 30 95 34 28
7009 22 1 13 19 28 32 23 24 20 1 34 28
7010 22 113 38 32 28 78 24 17 24 14 35 28
7011 22 455 24 23 30 1 22 38 25 27 34 28
7012 22 119 27 33 25 65 24 23 26 18 34 28
7013 22 180 38 31 48 65 19 19 28 18 34 28
7014 22 147 14 24 25 1 24 25 27 6 34 28
7015 22 193 26 13 34 1 24 40 25 33 34 28
7016 22 44 31 29 41 1 23 24 28 13 34 28
7017 22 1 18 27 26 17 19 34 26 10 34 28
7018 22 188 39 18 36 84 21 37 32 15 34 28
7019 22 57 17 27 24 1 24 30 26 11 34 28
7020 22 203 14 1 36 7 25 22 30 1 34 28
7021 22 146 25 16 34 1 22 51 29 25 34 28
7022 22 114 27 19 34 54 24 24 33 9 34 28
7023 22 122 47 39 35 39 26 29 28 28 34 28
7024 22 142 16 28 22 14 19 1 26 24 34 28
7025 22 142 34 23 30 120 29 25 27 18 34 28
7026 22 111 37 27 23 2 23 40 20 29 34 28
7027 22 110 46 25 41 1 28 23 30 25 34 28
7028 22 93 38 23 34 4 20 32 28 26 34 28
7029 22 262 52 23 40 33 23 33 33 30 34 28
7030 22 181 33 13 31 90 22 36 33 12 34 28
7031 23 51 34 34 36 1 23 27 29 26 35 28
7032 22 61 21 30 32 1 16 25 22 24 34 28
7033 22 201 37 38 27 47 22 36 24 26 34 28
7034 22 122 35 1 38 1 26 26 26 60 35 28
7035 22 113 32 42 23 48 23 31 29 28 34 28
7036 22 124 34 15 38 1 21 3 23 9 34 28
7037 22 128 34 23 33 16 23 26 25 20 34 28
7038 22 84 14 1 38 6 18 25 33 1 34 28
7039 22 87 26 31 37 1 22 34 26 21 34 28
7040 22 102 34 23 29 68 24 32 31 32 35 28
7041 22 124 28 14 28 1 20 20 26 6 34 28
7042 22 102 25 7 37 15 24 29 33 1 34 28
7043 22 156 32 16 24 75 25 22 34 29 34 28
7044 22 91 40 36 33 54 33 40 31 31 35 28
7045 22 168 33 16 32 36 25 23 31 11 34 28
7046 22 371 39 21 28 83 22 1 34 27 34 28
7047 22 126 46 35 33 1 26 25 23 27 34 28
7048 22 121 25 38 25 19 23 27 22 43 34 28
7049 22 160 31 22 35 1 17 25 30 26 34 28
7050 22 130 29 39 30 1 25 27 27 31 35 28
7051 22 69 28 12 37 59 23 25 26 9 34 28
7052 22 90 16 23 16 1 23 34 28 67 34 28
7053 22 1 17 32 13 58 24 29 21 11 34 28
7054 22 67 29 23 30 1 18 24 21 21 34 28
7055 22 150 37 30 24 96 20 26 24 19 34 28
7056 22 76 33 21 25 125 28 24 28 18 34 28
7057 22 99 14 23 29 1 21 23 24 8 34 28
7058 22 174 30 12 43 1 25 34 33 6 34 28
7059 22 275 61 9 83 1 22 25 24 2 34 28
7060 22 70 32 43 27 21 25 27 24 94 35 28
7061 22 195 27 30 20 29 20 27 24 24 34 28
7062 22 168 9 9 27 23 28 32 24 261 34 28
7063 22 282 51 19 40 1 21 24 37 31 35 28
7064 22 94 23 19 24 1 24 17 27 20 34 28
7065 22 185 26 25 29 30 24 30 38 22 34 28
7066 22 331 32 25 29 64 20 29 30 86 34 28
7067 22 116 36 35 26 66 19 24 27 84 35 29
7068 22 109 31 26 28 1 22 30 21 30 34 28
7069 22 261 39 24 39 68 24 30 23 19 34 28
7070 22 48 16 19 19 45 21 35 39 22 34 28
7071 22 151 41 43 26 45 23 36 20 29 34 28
7072 22 171 19 32 22 1 25 26 23 32 35 28
7073 22 131 24 32 34 1 18 24 27 6 34 28
7074 22 59 25 26 38 1 27 28 31 9 34 28
7075 22 193 24 13 35 14 24 17 21 11 34 28
7076 22 219 18 24 19 25 26 48 31 14 34 28
7077 22 192 36 22 27 29 27 20 30 22 34 28
7078 22 171 42 16 37 1 26 21 24 17 34 28
7079 22 89 31 30 33 1 22 37 27 26 34 28
7080 22 133 22 18 28 27 29 23 36 27 34 28
7081 22 123 22 24 30 57 20 22 26 8 34 28
7082 22 136 29 11 43 1 21 26 22 10 34 28
7083 22 62 31 23 40 14 23 20 22 8 34 28
7084 22 265 16 23 20 3 28 23 28 16 34 28
7085 22 55 15 16 29 13 26 26 22 5 34 28
7086 22 162 36 31 38 1 26 32 30 260 35 28
7087 22 310 24 16 35 1 20 27 26 12 34 28
7088 22 173 31 21 30 1 20 23 19 120 35 28
7089 22 108 34 33 29 43 27 33 29 16 34 28
7090 22 195 46 50 22 36 26 31 20 35 35 28
7091 22 86 35 29 30 93 24 19 23 14 34 28
7092 22 68 29 33 19 1 25 32 24 24 34 28
7093 22 185 26 23 24 10 26 30 27 22 34 28
7094 22 108 40 19 44 75 21 26 28 4 34 28
7095 22 103 27 35 26 1 23 25 24 23 34 28
7096 22 68 31 32 26 67 23 33 30 22 34 28
7097 22 122 40 31 30 25 27 27 24 24 34 28
7098 22 159 21 14 28 3 20 34 35 23 34 28
7099 22 100 31 38 25 1 23 24 23 26 34 28
7100 22 177 8 32 25 1 22 30 31 10 34 28
7101 22 141 28 23 36 123 20 27 24 9 34 28
7102 22 132 38 28 30 13 23 24 32 30 34 28
7103 22 65 25 19 24 1 21 27 26 19 34 28
7104 22 140 33 40 21 41 26 27 26 33 35 28
7105 22 78 30 21 35 8 19 20 32 22 34 28
7106 22 132 26 15 32 31 27 31 31 8 34 28
7107 22 120 23 30 16 48 24 27 34 29 34 28
7108 22 176 14 10 35 1 19 32 25 1 34 28
7109 22 63 16 20 23 16 28 15 20 11 34 28
7110 22 54 24 28 22 50 25 21 27 15 34 28
7111 22 86 29 29 27 29 26 35 26 25 34 28
7112 22 113 32 28 30 1 22 31 25 20 34 28
7113 22 100 19 19 30 24 16 25 23 6 34 28
7114 22 120 22 19 27 1 24 33 32 29 34 28
7115 22 115 27 22 23 64 21 32 25 9 34 28
7116 22 101 30 26 33 34 23 20 28 11 34 28
7117 22 52 33 25 31 23 24 27 26 13 35 28
7118 22 162 37 43 24 1 23 37 30 36 34 28
7119 22 50 25 39 26 76 23 21 26 16 34 28
7120 22 1 24 43 22 52 24 30 22 15 34 28
7121 22 174 38 15 41 55 21 25 26 52 34 28
7122 22 115 35 22 32 67 23 33 31 24 34 28
7123 22 185 26 31 25 26 20 1 31 17 34 28
7124 22 217 30 21 30 2 25 31 18 104 35 28
7125 22 243 49 14 38 21 21 50 22 26 34 28
7126 22 163 38 31 30 70 27 37 29 25 34 28
7127 22 185 22 21 26 43 20 28 34 15 34 28
7128 22 159 49 28 30 66 25 26 29 36 35 28
7129 22 102 31 32 25 40 27 23 25 26 34 28
7130 22 73 29 33 26 1 26 25 26 27 34 28
7131 22 99 31 31 32 37 20 1 29 9 34 28
7132 22 99 22 11 26 5 20 30 35 16 34 28
7133 22 77 39 26 29 97 21 20 36 29 34 28
7134 22 262 23 21 34 1 21 23 26 7 34 28
7135 22 57 27 21 30 1 27 24 25 24 34 28
7136 22 147 34 22 40 68 26 30 31 21 34 28
7137 22 100 41 29 33 6 22 23 28 27 34 28
7138 22 217 28 28 34 60 21 22 33 9 34 28
7139 22 95 36 26 35 1 25 8 39 26 34 28
7140 22 156 42 22 36 26 22 31 29 17 34 28
7141 22 99 29 30 27 23 29 35 31 16 34 28
7142 22 221 41 21 31 54 27 26 23 25 34 28
7143 22 79 49 23 44 138 21 26 29 5 34 28
7144 22 177 32 25 28 1 30 37 28 23 34 28
7145 22 262 43 44 26 50 27 29 26 37 35 28
7146 22 108 32 33 29 112 26 36 25 21 34 28
7147 22 126 45 45 31 25 23 35 29 92 34 28
7148 22 117 44 27 39 65 22 28 23 14 34 28
7149 22 318 27 45 25 10 22 36 21 26 34 28
7150 22 86 41 33 33 52 27 32 26 26 34 28
7151 22 316 25 24 32 15 25 27 25 16 34 28
7152 22 284 22 21 27 44 22 36 25 25 34 28
7153 22 136 25 30 27 1 24 21 31 21 34 28
7154 22 95 36 18 39 1 21 21 22 20 34 28
7155 22 84 34 18 40 1 16 21 27 15 34 28
7156 22 171 34 6 28 1 21 26 25 20 34 28
7157 22 41 24 30 18 44 20 30 25 15 34 28
7158 22 72 33 33 31 49 22 23 32 10 34 28
7159 22 28 14 29 26 51 19 19 26 22 34 28
7160 22 40 25 35 31 1 20 41 26 18 34 28
7161 22 171 37 31 27 8 22 6 37 122 34 28
7162 22 139 45 21 37 73 21 24 27 24 34 28
7163 22 157 46 26 35 1 27 24 27 29 34 28
7164 22 102 40 25 33 8 19 33 25 29 34 28
7165 22 166 29 9 40 62 21 19 26 2 34 28
7166 22 92 34 25 26 30 25 25 28 23 34 28
7167 22 109 39 39 23 1 23 33 26 43 35 28
7168 22 361 51 33 26 15 23 24 25 25 34 28
7169 22 48 36 44 24 1 24 25 38 27 34 28
7170 22 172 33 21 36 65 21 28 25 3 34 28
7171 22 233 34 17 43 41 18 20 26 1 34 28
7172 22 126 28 36 22 33 24 29 29 64 35 28
7173 22 95 24 17 34 16 25 20 28 10 34 28
7174 22 141 11 13 34 1 22 25 24 21 34 28
7175 22 100 28 32 18 53 24 14 28 24 34 28
7176 22 203 20 30 21 41 21 35 24 24 34 28
7177 22 198 47 30 32 1 20 24 31 35 35 28
7178 22 104 23 12 35 1 21 24 24 11 34 28
7179 22 94 23 20 29 36 24 28 31 53 34 28
7180 22 111 29 19 26 8 29 41 31 17 34 28
7181 22 164 43 29 33 1 29 25 29 90 35 28
7182 22 79 17 25 33 1 25 25 21 5 34 28
7183 22 77 35 46 16 76 23 35 27 41 35 28
7184 22 148 27 24 25 84 17 19 31 23 34 28
7185 22 132 46 27 32 87 19 28 27 112 35 28
7186 22 98 42 26 27 83 21 38 33 35 35 28
7187 22 274 35 21 41 100 24 25 27 1 34 28
7188 22 202 37 24 30 17 24 32 37 33 35 28
7189 22 1 25 30 35 24 23 1 26 1 34 28
7190 22 107 48 35 40 61 17 27 37 25 34 28
7191 22 1 23 39 31 1 22 30 25 14 34 28
7192 22 40 22 23 36 24 22 25 27 10 34 28
7193 22 65 26 18 29 1 31 21 14 14 34 28
7194 22 44 22 32 28 1 27 34 30 21 34 28
7195 22 51 23 34 30 1 25 32 27 17 34 28
7196 22 188 26 21 27 35 24 27 21 6 34 28
7197 22 104 23 25 29 66 24 23 29 10 34 28
7198 22 77 37 35 27 74 23 33 30 35 35 28
7199 22 40 22 30 24 12 26 31 28 17 34 28
7200 22 150 47 29 35 85 23 23 30 20 34 28
7201 22 458 35 1 41 1 21 51 19 26 34 28
7202 22 228 33 25 27 66 20 28 27 27 34 28
7203 22 53 31 36 28 1 24 25 30 28 34 28
7204 22 81 18 40 15 68 21 30 30 22 34 28
7205 22 168 30 24 26 58 17 21 31 3 34 28
7206 22 1 24 35 30 5 27 31 24 7 34 28
7207 22 84 34 37 24 119 23 21 33 14 34 28
7208 22 136 45 40 35 1 13 29 27 35 35 28
7209 22 163 41 32 22 1 21 24 25 32 35 28
7210 22 63 31 28 22 5 21 24 37 37 35 28
7211 22 118 37 24 30 47 17 21 24 21 34 28
7212 22 203 41 29 35 1 19 21 21 20 34 28
7213 22 83 25 34 22 6 22 33 29 29 34 28
7214 22 1 10 37 19 63 22 1 26 5 34 28
7215 22 112 43 15 32 67 20 38 17 31 34 28
7216 22 124 26 20 31 77 21 28 27 84 34 28
7217 22 75 43 27 40 57 20 33 26 14 34 28
7218 22 62 17 21 21 1 26 21 23 24 34 28
7219 22 121 38 31 33 1 22 30 26 78 35 28
7220 22 119 45 30 39 50 21 28 23 11 34 28
7221 22 1 19 41 29 3 20 22 30 12 34 28
7222 22 125 26 33 25 26 25 18 25 102 34 28
7223 22 60 24 31 21 28 26 33 23 35 34 28
7224 22 247 20 25 18 72 24 36 32 40 34 28
7225 22 145 31 30 30 29 22 31 34 23 34 28
7226 22 112 35 20 34 1 22 29 35 21 34 28
7227 22 514 42 33 27 11 25 33 37 40 35 28
7228 22 75 38 29 37 92 22 26 25 20 34 28
7229 22 70 30 44 21 1 27 33 33 87 35 28
7230 22 1 13 38 18 61 25 28 28 12 34 28
7231 22 135 26 28 24 79 33 44 29 29 34 28
7232 22 199 29 16 40 1 20 29 27 1 34 28
7233 22 173 35 29 33 88 21 22 33 4 34 28
7234 22 94 14 27 16 24 26 32 22 102 34 28
7235 22 101 29 25 26 24 18 27 24 20 34 28
7236 22 50 33 35 35 1 21 19 26 17 34 28
7237 22 97 40 32 36 52 24 35 25 14 34 28
7238 22 307 32 19 24 78 20 26 26 28 34 28
7239 22 82 38 19 36 105 23 19 28 10 34 28
7240 22 305 26 26 25 1 23 28 29 38 35 28
7241 22 194 44 23 42 117 21 27 31 10 34 28
7242 22 1 23 42 19 4 27 10 32 21 34 28
7243 22 91 29 26 38 35 24 27 31 19 34 28
7244 22 16 31 30 28 85 23 40 29 8 34 28
7245 22 1 21 39 26 30 27 29 25 19 34 28
7246 22 8 10 19 28 14 23 27 27 10 34 28
7247 22 87 37 30 37 14 22 1 36 15 34 28
7248 22 78 28 25 32 59 25 27 30 15 34 28
7249 22 1 19 37 26 44 22 33 30 5 34 28
7250 22 21 20 41 26 44 21 36 26 98 34 28
7251 22 418 33 10 32 108 23 30 33 16 35 29
7252 22 106 45 19 45 1 17 23 31 7 34 28
7253 22 204 27 1 35 1 22 34 22 23 34 28
7254 22 44 14 21 22 1 26 32 27 23 34 28
7255 22 128 24 23 18 9 23 15 27 15 34 28
7256 22 47 21 32 17 47 24 36 31 30 35 28
7257 22 169 40 34 31 54 25 25 22 30 34 28
7258 22 88 33 27 23 64 21 36 28 21 34 28
7259 22 135 48 30 34 76 23 36 25 23 34 28
7260 22 71 20 26 28 1 19 23 30 22 34 28
7261 22 108 42 24 32 83 21 19 28 17 34 28
7262 22 185 13 23 20 9 25 29 27 18 34 28
7263 22 107 44 27 36 97 24 26 32 12 34 28
7264 22 172 28 28 30 84 24 34 24 98 35 28
7265 22 75 27 33 32 27 27 24 27 7 34 28
7266 22 184 38 28 36 1 17 31 33 29 34 28
7267 22 188 27 22 29 42 23 21 23 5 34 28
7268 22 1 6 17 20 1 24 35 13 6 34 28
7269 22 157 42 29 31 65 20 25 30 20 34 28
7270 22 918 38 26 41 42 21 38 32 19 34 28
7271 22 100 46 21 36 17 24 20 23 27 34 28
7272 22 161 35 28 28 57 23 26 27 26 34 28
7273 22 353 19 17 25 49 19 39 26 28 34 28
7274 22 145 25 30 24 53 27 31 30 27 34 28
7275 22 112 34 29 29 43 27 25 26 23 34 28
7276 22 92 32 24 30 75 32 28 24 19 34 28
7277 22 29 22 23 34 36 25 28 28 1 34 28
7278 22 67 27 25 30 17 23 36 32 33 35 28
7279 22 1 11 40 19 1 23 24 22 13 34 28
7280 22 70 32 13 42 61 23 32 33 1 34 28
7281 22 69 28 27 28 47 26 31 29 4 34 28
7282 22 63 52 45 32 78 26 24 26 34 35 28
7283 22 85 44 28 35 104 23 30 22 13 34 28
7284 22 104 40 19 30 6 20 25 32 39 35 28
7285 22 104 22 22 24 63 23 25 23 13 34 28
7286 22 62 25 35 33 1 26 34 31 18 34 28
7287 22 327 33 34 30 60 26 41 41 27 34 28
7288 22 55 40 40 30 52 15 21 30 22 34 28
7289 22 205 39 33 29 1 21 31 27 24 34 28
7290 22 116 36 30 39 75 22 33 26 50 35 28
7291 22 192 30 22 26 1 20 27 26 34 35 28
7292 22 89 39 31 24 70 30 32 32 40 35 28
7293 22 101 28 22 30 40 31 20 26 18 34 28
7294 22 172 32 39 25 27 26 30 24 67 35 28
7295 22 105 27 16 37 1 25 24 29 27 34 28
7296 22 144 38 27 33 17 26 31 23 24 34 28
7297 22 101 15 8 34 5 26 25 26 6 34 28
7298 22 29 25 37 27 43 30 25 32 20 34 28
7299 22 77 34 36 30 36 24 32 26 16 34 28
7300 22 116 35 34 20 30 23 22 28 70 35 28
7301 22 244 45 21 33 15 20 25 31 32 35 28
7302 22 198 17 13 32 1 19 24 19 1 34 28
7303 22 69 32 20 34 60 24 25 23 6 34 28
7304 22 154 45 40 27 1 23 36 29 78 35 28
7305 22 121 19 20 28 1 23 30 27 17 34 28
7306 22 60 34 34 32 47 25 20 27 8 34 28
7307 22 103 36 29 31 63 21 25 30 61 35 28
7308 22 28 12 27 29 1 25 19 28 7 34 28
7309 22 191 27 27 26 7 20 31 31 24 34 28
7310 22 146 38 24 33 1 20 25 37 19 34 28
7311 22 95 31 15 39 21 24 29 28 25 34 28
7312 22 97 28 11 37 30 24 25 23 12 34 28
7313 22 92 32 33 26 37 19 29 26 18 34 28
7314 22 201 41 19 39 1 27 33 32 24 34 28
7315 22 131 39 41 28 1 20 35 25 36 35 28
7316 22 78 38 30 29 21 18 30 22 19 34 28
7317 22 114 51 23 40 104 23 27 36 13 34 28
7318 22 145 30 21 26 56 25 24 28 108 34 28
7319 22 81 29 32 25 4 23 2 29 16 34 28
7320 22 1 10 25 12 30 23 21 29 12 34 28
7321 22 264 34 25 40 4 18 30 21 8 34 28
7322 22 64 34 22 43 1 25 32 38 3 34 28
7323 22 104 33 29 23 1 20 39 27 20 34 28
7324 22 133 31 31 33 1 25 1 29 28 34 28
7325 22 197 31 15 38 48 24 24 25 3 34 28
7326 22 116 31 20 42 5 26 32 30 12 34 28
7327 22 296 24 21 28 23 27 22 24 25 34 28
7328 22 85 33 36 27 104 25 31 25 17 34 28
7329 22 58 30 32 19 50 28 21 28 24 34 28
7330 22 55 26 36 28 67 25 26 15 16 34 28
7331 22 227 23 26 24 24 28 24 28 19 34 28
7332 22 91 30 22 24 30 23 3 32 64 34 28
7333 22 1 25 33 37 41 24 17 27 1 34 28
7334 22 96 22 17 29 29 26 29 22 18 34 28
7335 23 320 36 19 30 1 25 18 22 23 35 29
7336 22 101 24 23 23 8 20 18 26 21 34 28
7337 22 53 37 43 21 40 25 28 31 19 34 28
7338 22 200 20 32 27 1 25 20 31 24 34 28
7339 22 146 36 17 27 44 26 30 18 27 34 28
7340 22 80 37 43 32 1 31 31 22 31 34 28
7341 22 86 23 15 36 1 24 1 31 33 34 28
7342 22 29 17 36 21 13 29 31 28 14 34 28
7343 22 108 40 33 39 61 24 19 33 22 34 28
7344 22 142 30 28 26 1 24 33 20 21 34 28
7345 22 128 20 12 34 19 21 23 29 1 34 28
7346 22 132 25 21 32 1 26 38 29 18 34 28
7347 22 86 34 31 26 86 23 40 21 34 35 28
7348 22 53 18 31 16 1 22 36 26 31 35 28
7349 22 143 30 38 23 36 29 27 28 18 34 28
7350 22 118 24 21 29 7 24 25 24 95 35 28
7351 22 114 37 32 36 1 23 1 31 16 34 28
7352 22 112 36 25 36 20 22 26 29 10 34 28
7353 22 292 34 6 30 83 27 33 35 29 35 28
7354 22 124 53 33 39 27 28 33 30 19 34 28
7355 22 123 36 26 29 27 21 33 27 22 34 28
7356 22 53 18 13 33 26 25 31 39 20 34 28
7357 22 83 50 30 38 76 25 31 23 25 34 28
7358 22 104 30 39 26 43 25 21 32 23 34 28
7359 22 142 21 29 24 1 24 33 27 28 34 28
7360 22 87 38 33 32 51 22 32 23 20 34 28
7361 22 130 40 42 30 1 18 32 22 36 35 28
7362 22 166 33 26 33 98 24 30 31 31 34 28
7363 22 156 40 42 29 1 24 29 38 26 34 28
7364 22 65 25 28 22 17 25 34 26 31 34 28
7365 22 102 34 38 30 1 21 31 32 29 34 28
7366 22 81 31 26 30 1 23 30 30 19 34 28
7367 22 120 33 17 35 54 21 24 28 9 34 28
7368 22 75 26 33 24 1 20 27 24 27 34 28
7369 22 163 25 30 32 39 22 13 22 12 34 28
7370 22 82 33 19 30 10 23 26 34 24 34 28
7371 22 89 48 35 31 83 18 27 29 26 34 28
7372 22 301 52 24 38 101 22 38 31 93 35 28
7373 22 133 22 10 35 34 21 26 25 9 34 28
7374 22 4 20 37 22 27 20 30 29 16 34 28
7375 22 238 52 35 40 81 22 1 35 26 34 28
7376 22 318 29 25 30 1 21 33 30 188 34 28
7377 22 100 41 39 30 28 19 20 23 23 34 28
7378 22 149 45 26 34 43 29 30 28 23 34 28
7379 22 176 47 24 36 78 22 43 31 28 34 28
7380 22 169 26 33 31 59 22 29 34 22 34 28
7381 22 87 35 22 39 1 18 29 32 24 34 28
7382 22 49 18 22 26 44 21 34 26 11 34 28
7383 22 187 27 23 32 1 21 29 25 7 34 28
7384 22 1 19 42 24 1 26 26 26 10 34 28
7385 22 119 45 41 35 29 24 30 30 28 34 28
7386 22 92 25 29 19 18 23 36 23 22 34 28
7387 22 102 43 24 37 1 23 19 26 40 35 28
7388 22 109 20 18 26 45 18 26 24 27 34 28
7389 22 29 29 34 28 53 24 22 32 16 34 28
7390 22 78 34 34 33 70 27 35 21 15 34 28
7391 22 160 24 9 39 1 23 18 26 6 34 28
7392 22 263 43 23 29 62 26 29 26 33 35 28
7393 22 91 36 28 32 17 22 13 23 74 35 28
7394 22 133 29 30 29 60 23 40 29 18 34 28
7395 22 174 48 36 29 104 30 36 25 30 34 28
7396 22 113 25 27 30 1 30 18 19 12 34 28
7397 22 3 26 30 27 44 25 29 27 22 34 28
7398 22 36 21 42 17 1 29 28 23 31 35 28
7399 22 69 29 18 33 40 24 20 25 8 34 28
7400 22 57 24 31 27 1 21 36 29 26 34 28
7401 22 344 21 23 12 1 23 21 23 22 34 28
7402 22 111 46 35 35 22 29 20 28 25 34 28
7403 22 64 27 36 29 1 23 36 26 23 34 28
7404 22 145 36 31 28 34 26 29 27 26 34 28
7405 22 60 10 19 29 1 22 20 23 6 34 28
7406 22 50 26 36 28 3 28 25 27 25 34 28
7407 22 74 44 40 27 55 21 27 28 35 34 28
7408 22 84 40 28 29 45 22 30 25 28 34 28
7409 22 200 34 23 33 2 27 28 25 29 34 28
7410 22 87 42 32 29 50 25 29 26 28 34 28
7411 22 174 23 10 35 10 20 11 32 11 34 28
7412 22 145 14 33 27 1 18 27 27 14 34 28
7413 22 128 44 32 29 1 26 32 26 28 34 28
7414 22 56 16 17 24 1 20 31 27 22 34 28
7415 22 368 34 23 30 76 21 31 24 19 34 28
7416 22 277 38 25 36 24 20 34 29 23 34 28
7417 22 53 18 42 21 31 22 29 27 20 34 28
7418 22 126 24 13 31 21 21 29 32 61 34 28
7419 22 88 23 33 28 36 23 1 28 9 34 28
7420 22 55 33 28 24 8 27 28 26 27 34 28
7421 22 165 36 18 36 98 26 12 31 48 35 28
7422 22 85 17 18 33 1 20 28 30 1 34 28
7423 22 105 25 27 26 36 27 36 25 16 34 28
7424 22 113 30 23 30 4 30 26 25 22 34 28
7425 22 147 31 14 28 85 22 20 26 18 34 28
7426 22 78 34 33 35 1 24 29 27 16 34 28
7427 22 148 38 34 31 49 23 33 24 39 35 28
7428 22 69 19 15 35 7 24 27 28 19 34 28
7429 22 83 30 33 27 1 22 29 25 32 35 28
7430 22 135 46 29 34 74 26 36 26 37 35 28
7431 22 142 47 29 35 82 29 32 23 21 34 28
7432 22 61 21 14 32 11 22 39 30 14 34 28
7433 23 162 51 24 31 44 28 25 29 36 35 29
7434 22 152 46 44 32 16 24 27 27 34 35 28
7435 22 134 30 28 34 1 24 28 27 21 34 28
7436 22 1 24 39 25 1 21 45 31 10 34 28
7437 22 362 58 39 41 11 20 37 27 26 34 28
7438 22 24 20 28 23 25 25 30 32 20 34 28
7439 22 65 26 20 28 29 22 29 29 18 34 28
7440 22 455 30 31 30 11 22 29 25 20 34 28
7441 22 130 47 32 30 1 24 27 25 27 34 28
7442 22 100 38 15 30 1 25 25 29 19 34 28
7443 22 111 30 19 28 66 22 34 26 16 34 28
7444 22 51 41 40 29 48 25 25 34 27 34 28
7445 22 101 28 41 24 23 59 40 29 30 35 28
7446 22 94 32 25 38 16 19 24 30 12 34 28
7447 22 180 17 26 18 1 24 30 29 30 34 28
7448 22 141 23 26 31 1 30 23 29 12 34 28
7449 22 273 56 24 39 85 22 30 31 34 35 28
7450 22 206 43 40 29 51 30 32 21 33 35 28
7451 22 89 23 14 31 25 19 27 31 16 34 28
7452 22 126 33 20 36 28 18 17 24 110 35 28
7453 22 1 11 34 24 1 21 29 21 10 34 28
7454 22 173 37 35 30 20 24 34 27 67 35 28
7455 22 72 38 27 29 53 25 29 30 15 34 28
7456 22 70 32 21 34 59 17 26 32 10 34 28
7457 22 54 28 35 26 84 23 8 28 18 34 28
7458 22 114 39 24 33 110 25 22 24 22 34 28
7459 22 71 36 33 26 1 24 31 26 19 34 28
7460 22 186 45 20 38 1 25 38 23 37 35 28
7461 22 204 12 33 25 31 27 36 23 19 34 28
7462 22 256 30 27 22 20 28 31 30 23 34 28
7463 22 324 31 20 33 1 18 32 26 17 34 28
7464 22 224 10 15 15 18 20 22 25 9 34 28
7465 22 136 43 26 36 49 27 23 27 19 34 28
7466 22 191 35 36 31 84 24 34 26 13 34 28
7467 22 94 22 30 23 1 23 24 25 77 35 28
7468 22 330 40 21 34 23 23 29 33 26 34 28
7469 22 49 15 22 30 1 21 25 24 7 34 28
7470 22 137 40 22 35 77 19 27 27 22 34 28
7471 22 167 28 32 30 1 23 30 31 17 34 28
7472 22 114 15 32 19 1 26 28 23 20 34 28
7473 22 185 15 19 22 1 27 33 25 25 34 28
7474 22 104 28 28 32 32 25 21 24 19 34 28
7475 22 125 25 12 35 25 23 23 33 17 34 28
7476 22 107 37 34 28 65 31 34 22 111 35 28
7477 22 78 35 15 37 1 27 34 29 31 34 28
7478 22 85 41 35 33 1 24 32 23 22 34 28
7479 22 141 35 24 31 34 23 26 26 29 35 28
7480 22 82 39 30 28 12 22 33 21 27 34 28
7481 22 186 40 17 39 115 22 30 21 8 34 28
7482 22 73 38 42 31 1 19 19 31 19 34 28
7483 22 108 29 33 25 37 24 28 32 29 34 28
7484 22 120 39 30 34 49 22 35 29 13 34 28
7485 22 146 37 26 27 70 20 20 28 17 34 28
7486 22 75 47 46 30 81 24 30 24 36 35 28
7487 22 151 60 34 40 87 24 37 27 28 34 28
7488 22 76 12 6 31 1 23 33 22 9 34 28
7489 22 54 13 16 28 32 25 22 26 6 34 28
7490 22 231 37 29 35 95 18 31 29 7 34 28
7491 22 1051 21 25 16 46 24 34 26 31 34 28
7492 27 2003 19 21 35 24 22 54 35 12 41 35
7493 22 153 47 6 39 32 21 16 21 19 34 28
7494 22 114 25 27 20 1 27 26 35 34 35 28
7495 22 65 21 28 27 1 23 34 31 30 34 28
7496 22 31 22 29 31 17 25 18 25 11 34 28
7497 22 110 37 26 35 1 25 18 23 47 35 28
7498 22 114 28 25 26 2 22 19 32 24 34 28
7499 22 70 25 23 23 50 20 19 31 5 34 28
7500 22 113 30 29 31 1 23 23 30 18 34 28
7501 22 57 33 39 26 55 21 18 23 17 34 28
7502 22 84 28 17 31 19 23 21 22 18 34 28
7503 22 110 39 43 18 6 29 36 27 45 35 28
7504 22 115 42 30 37 112 23 25 276 15 34 28
7505 22 261 46 23 38 127 24 32 22 39 35 28
7506 22 128 38 43 31 63 27 35 28 22 34 28
7507 22 59 26 25 31 37 22 35 31 17 34 28
7508 22 96 36 23 31 23 19 23 40 22 34 28
7509 22 80 31 17 28 50 26 26 32 20 34 28
7510 23 56 20 25 29 25 20 1 34 14 34 28
7511 22 1 32 41 29 77 24 28 31 15 34 28
7512 22 90 35 37 32 1 24 26 33 89 35 28
7513 22 189 45 34 38 16 25 25 28 13 34 28
7514 22 161 43 43 32 27 18 34 30 75 35 28
7515 22 319 41 24 32 19 28 31 21 26 34 28
7516 22 93 35 21 24 67 25 31 23 28 34 28
7517 22 70 50 30 40 93 20 28 32 30 35 28
7518 22 172 21 25 34 10 28 37 32 14 34 28
7519 22 106 25 20 26 24 28 26 33 19 34 28
7520 22 138 17 23 33 1 28 25 31 13 34 28
7521 22 134 44 30 28 34 21 27 22 29 34 28
7522 22 169 35 31 21 32 22 31 34 42 35 28
7523 22 139 17 10 31 9 25 29 27 1 34 28
7524 22 1 18 27 34 1 20 34 27 3 34 28
7525 22 92 35 36 32 20 25 40 24 16 34 28
7526 22 100 20 16 36 46 23 25 23 1 34 28
7527 22 172 50 30 45 147 25 17 31 14 34 28
7528 22 135 34 33 32 1 17 17 23 74 35 28
7529 22 198 35 20 39 61 20 15 27 3 34 28
7530 22 142 34 41 30 1 23 35 28 34 35 28
7531 22 1 21 34 22 26 23 4 30 6 34 28
7532 22 237 26 14 25 38 21 28 28 23 34 28
7533 22 131 38 36 31 1 27 27 23 17 34 28
7534 22 135 44 42 32 49 28 26 29 21 34 28
7535 22 83 44 33 47 54 26 25 29 21 34 28
7536 22 139 36 38 35 1 22 32 334 28 34 28
7537 22 222 14 16 25 25 23 33 61 14 34 28
7538 22 90 33 21 30 24 28 18 30 1 34 28
7539 22 95 35 25 37 122 29 24 28 9 34 28
7540 22 90 40 24 29 95 25 30 28 26 34 28
7541 22 72 44 39 31 54 25 37 37 35 35 28
7542 22 142 31 23 33 62 26 19 24 1 34 28
7543 22 254 25 16 29 11 20 25 27 21 34 28
7544 22 237 36 31 28 43 23 29 36 41 34 28
7545 22 108 20 18 32 33 20 26 26 1 34 28
7546 22 184 46 23 43 89 22 23 27 1 34 28
7547 22 269 27 30 23 1 28 33 24 32 34 28
7548 22 171 23 28 23 16 23 33 19 23 34 28
7549 22 51 29 27 32 34 23 28 26 5 34 28
7550 22 85 38 27 33 49 21 28 27 17 34 28
7551 22 113 33 33 23 75 25 32 28 74 35 28
7552 22 153 44 24 35 44 21 33 23 35 35 28
7553 22 52 20 15 36 1 18 26 28 1 34 28
7554 31 244 42 52 24 41 38 25 32 44 47 40
7555 22 1 20 44 20 44 23 34 23 16 34 28
7556 22 195 36 30 32 20 22 1 37 22 34 28
7557 22 1 26 33 28 47 19 26 22 1 34 28
7558 22 109 34 37 19 36 25 28 25 34 35 28
7559 22 19 25 33 32 1 22 30 28 14 34 28
7560 22 53 28 31 27 35 23 17 29 19 34 28
7561 22 140 36 32 36 1 23 43 29 25 34 28
7562 22 120 28 20 31 1 24 31 22 16 34 28
7563 22 205 42 25 33 1 24 30 25 27 34 28
7564 22 220 28 20 24 22 24 21 15 25 34 28
7565 22 102 42 24 31 92 16 23 29 20 34 28
7566 22 97 26 21 28 1 25 28 27 75 34 28
7567 22 105 31 22 29 28 20 24 29 66 35 28
7568 22 46 21 31 31 15 23 26 29 1 34 28
7569 22 136 30 22 26 36 19 29 33 27 34 28
7570 22 62 32 43 39 63 23 1 31 6 34 28
7571 22 1 1 30 19 1 22 29 30 9 34 28
7572 22 45 19 23 29 38 24 1 31 7 34 28
7573 22 157 29 18 38 18 26 20 27 7 34 28
7574 22 117 36 32 23 22 24 27 25 29 34 28
7575 22 123 30 35 23 50 31 23 28 21 34 28
7576 22 157 21 21 29 1 26 22 31 12 34 28
7577 22 122 27 27 20 108 30 16 31 17 34 28
7578 22 99 29 23 30 1 26 13 28 28 34 28
7579 22 234 43 21 45 47 24 30 26 18 34 28
7580 22 99 31 28 27 33 25 13 32 160 35 28
7581 22 116 40 30 40 41 25 33 35 17 34 28
7582 22 82 28 37 15 20 29 28 23 89 35 28
7583 22 77 39 32 28 1 20 32 27 35 34 28
7584 22 132 27 28 27 99 29 26 35 20 34 28
7585 22 87 10 24 22 1 23 36 22 26 34 28
7586 22 342 25 23 24 31 25 1 35 30 34 28
7587 22 175 17 11 27 1 25 24 29 17 34 28
7588 22 80 32 36 19 69 19 25 32 26 34 28
7589 22 1 26 32 33 1 18 25 29 1 34 28
7590 22 123 32 19 37 88 22 22 30 1 34 28
7591 22 1 15 35 31 7 17 30 27 15 34 28
7592 22 231 41 18 32 80 21 24 31 11 34 28
7593 22 88 21 12 31 2 24 26 24 170 34 28
7594 22 86 38 38 31 1 23 32 32 24 34 28
7595 22 273 42 44 29 16 25 39 22 20 34 28
7596 22 76 42 39 33 1 23 39 26 43 35 28
7597 22 85 35 33 31 1 23 26 24 17 34 28
7598 22 103 45 49 27 46 22 27 25 44 35 28
7599 22 112 31 17 46 39 22 21 31 9 34 28
7600 22 222 28 41 25 51 27 29 36 28 34 28
7601 22 187 30 17 35 1 21 32 23 11 34 28
7602 22 74 31 27 34 78 22 25 30 9 34 28
7603 22 155 30 14 22 79 33 22 28 26 34 28
7604 22 66 19 18 33 8 24 26 24 17 34 28
7605 22 221 34 12 38 1 22 34 23 86 35 28
7606 22 104 33 20 32 47 25 30 26 19 34 28
7607 22 132 42 31 29 73 24 33 27 74 35 28
7608 22 1 4 34 24 1 23 31 21 20 34 28
7609 22 153 36 15 37 24 28 30 26 6 34 28
7610 22 82 28 32 18 39 25 37 24 56 35 28
7611 22 114 24 18 25 1 21 37 24 22 34 28
7612 22 578 35 36 27 1 22 32 28 34 35 29
7613 22 173 26 26 27 48 18 26 29 12 34 28
7614 22 285 35 20 36 57 21 26 28 19 34 28
7615 22 104 30 19 25 9 18 30 24 29 35 28
7616 22 124 44 28 33 17 21 46 35 190 35 28
7617 22 188 25 22 20 8 21 25 30 36 35 28
7618 22 91 21 31 26 1 27 32 33 29 35 28
7619 22 133 32 14 29 95 20 30 31 3 34 28
7620 22 79 34 29 35 73 25 22 26 5 34 28
7621 22 186 22 14 32 33 24 28 26 22 34 28
7622 22 157 33 26 26 55 25 22 14 92 35 28
7623 22 39 10 20 23 5 22 23 34 18 34 28
7624 22 149 28 19 25 31 24 28 26 21 34 28
7625 22 157 34 10 37 1 23 28 26 29 35 28
7626 22 80 35 27 33 68 26 24 22 14 34 28
7627 22 67 33 29 26 71 26 25 31 11 34 28
7628 22 64 36 30 34 1 24 28 20 25 34 28
7629 22 194 34 30 32 88 21 23 31 9 34 28
7630 22 132 28 36 24 102 26 17 25 13 34 28
7631 22 182 21 30 22 1 25 30 30 28 34 28
7632 22 103 33 18 28 114 24 19 23 48 35 28
7633 22 228 17 19 21 53 22 26 28 9 34 28
7634 22 210 27 21 29 1 22 36 28 26 34 28
7635 22 169 51 14 45 37 19 1 36 19 34 28
7636 22 1 1 19 18 32 18 21 29 1 34 28
7637 22 604 29 34 24 1 26 38 23 23 34 28
7638 22 124 28 30 31 76 21 29 24 18 34 28
7639 22 66 18 14 33 1 27 20 25 15 34 28
7640 22 97 33 25 29 1 21 32 42 23 34 28
7641 22 160 29 34 40 1 25 15 35 15 34 28
7642 22 156 19 28 22 1 23 25 22 61 34 28
7643 22 62 27 27 24 37 22 29 34 22 34 28
7644 22 103 42 29 36 1 25 26 25 14 34 28
7645 22 99 50 23 42 43 22 22 32 23 34 28
7646 22 114 32 35 32 92 22 19 23 5 34 28
7647 22 156 23 16 29 1 25 35 17 18 34 28
7648 22 133 26 23 32 1 24 30 26 31 34 28
7649 22 204 40 40 23 51 23 35 23 43 35 28
7650 22 86 25 28 29 24 23 17 25 15 34 28
7651 22 103 32 38 21 6 22 25 20 24 34 28
7652 22 53 27 32 26 1 22 31 26 33 35 28
7653 22 178 40 18 38 109 25 32 34 23 34 28
7654 22 105 30 26 29 49 22 23 25 19 34 28
7655 22 145 39 36 26 58 19 28 19 30 35 28
7656 22 106 27 28 20 45 27 29 30 38 35 28
7657 22 94 28 34 32 24 25 18 21 50 35 28
7658 22 120 24 27 28 48 25 28 30 37 34 28
7659 22 88 39 10 37 17 26 32 28 29 34 28
7660 22 102 41 28 34 14 22 27 17 18 34 28
7661 22 140 23 28 27 56 24 41 27 16 34 28
7662 22 109 31 30 24 18 26 27 23 27 34 28
7663 22 134 26 9 35 1 19 26 22 79 34 28
7664 22 129 37 23 31 37 26 30 28 9 34 28
7665 22 251 27 33 27 22 29 24 18 164 35 28
7666 22 187 44 27 30 77 27 32 24 35 34 28
7667 22 73 13 26 30 1 23 34 29 16 34 28
7668 22 80 34 37 31 1 20 30 20 28 34 28
7669 22 213 8 25 15 1 27 1 30 24 34 28
7670 22 244 35 19 32 105 22 26 37 20 34 28
7671 22 170 19 35 11 42 24 45 29 25 34 28
7672 22 1 11 27 18 40 30 16 18 12 34 28
7673 22 115 30 29 29 50 21 28 28 20 34 28
7674 22 181 21 37 19 1 22 24 21 24 34 28
7675 22 150 142 27 106 663 20 32 43 66 35 28
7676 22 77 36 23 32 60 23 29 31 26 34 28
7677 22 62 30 21 34 38 23 23 25 8 34 28
7678 22 154 29 24 30 41 21 29 22 18 34 28
7679 22 139 37 36 21 20 20 29 17 21 34 28
7680 22 148 41 28 45 34 30 24 23 18 34 28
7681 22 104 16 20 18 23 24 27 26 67 34 28
7682 22 117 28 34 25 1 22 29 30 32 35 28
7683 22 144 59 25 38 51 26 22 27 76 35 28
7684 22 205 49 27 36 105 18 20 33 13 34 28
7685 22 151 19 23 29 1 21 32 27 52 34 28
7686 22 98 24 18 23 52 23 36 23 23 34 28
7687 22 153 27 16 38 1 18 27 25 13 34 28
7688 22 122 37 32 35 10 27 31 20 25 34 28
7689 22 98 36 41 24 57 27 27 30 76 35 28
7690 22 1 15 29 30 1 27 18 24 9 34 28
7691 22 92 49 34 36 10 26 26 30 26 34 28
7692 22 113 34 41 24 34 24 26 25 22 34 28
7693 22 109 28 24 32 1 21 31 24 45 34 28
7694 22 125 38 22 29 35 22 19 29 20 34 28
7695 22 179 34 28 21 52 30 25 25 26 34 28
7696 22 66 33 27 40 55 21 31 26 12 34 28
7697 22 97 21 18 24 1 19 24 31 19 34 28
7698 22 126 39 34 33 7 16 30 23 24 34 28
7699 22 45 27 22 27 37 19 24 30 18 34 28
7700 22 80 36 44 27 81 24 151 30 20 34 28
7701 22 145 26 26 27 27 24 18 27 22 34 28
7702 22 108 32 26 30 20 28 25 29 65 35 28
7703 22 107 33 35 28 31 19 35 31 26 34 28
7704 22 78 29 22 33 1 24 29 28 100 35 29
7705 22 118 29 21 30 47 26 17 24 14 34 28
7706 22 123 36 34 26 47 20 31 30 70 35 28
7707 22 110 37 32 29 11 22 27 33 25 34 28
7708 22 72 24 15 30 8 21 27 34 18 34 28
7709 22 117 46 31 32 61 24 20 27 22 34 28
7710 22 62 36 35 33 102 24 28 27 22 34 28
7711 22 123 33 20 30 71 26 28 32 65 35 28
7712 22 106 23 27 33 5 26 28 26 9 34 28
7713 22 209 34 25 30 1 24 21 28 21 34 28
7714 22 145 48 42 32 61 18 28 32 35 35 28
7715 22 147 46 23 29 14 24 33 35 30 34 28
7716 22 136 25 26 21 1 24 26 21 20 34 28
7717 22 114 35 15 31 1 22 23 24 25 34 28
7718 22 73 37 26 36 14 19 22 27 20 34 28
7719 22 83 31 25 35 41 24 1 32 17 34 28
7720 22 352 16 24 24 31 23 31 28 5 34 28
7721 22 83 29 14 37 20 23 26 29 18 34 28
7722 22 105 35 18 39 38 21 22 18 9 34 28
7723 22 109 28 15 38 16 19 36 28 90 35 28
7724 22 87 26 31 20 26 18 22 27 19 34 28
7725 22 162 23 36 18 4 20 23 26 30 34 28
7726 22 112 28 25 25 1 23 33 30 25 34 28
7727 22 66 28 28 31 48 22 20 23 13 34 28
7728 22 119 25 28 27 10 25 33 276 23 34 28
7729 22 1 18 38 28 1 27 12 21 68 34 28
7730 22 69 35 28 34 64 26 33 24 23 34 28
7731 22 115 33 16 42 9 17 33 23 23 34 28
7732 22 133 39 23 27 105 22 42 24 25 34 28
7733 22 168 32 30 23 47 22 34 26 26 34 28
7734 22 35 22 37 21 17 22 42 29 11 34 28
7735 22 152 40 38 30 36 26 36 25 28 34 28
7736 22 127 31 20 38 1 20 22 28 15 34 28
7737 22 200 36 29 35 13 22 37 26 20 34 28
7738 22 38 10 18 28 16 25 29 28 8 34 28
7739 22 112 45 22 32 54 23 29 24 25 34 28
7740 22 157 32 17 35 69 16 38 25 17 34 28
7741 22 114 35 8 38 27 14 24 22 24 34 28
7742 22 201 41 33 39 41 23 31 55 17 34 28
7743 22 111 32 23 32 8 28 31 28 22 34 28
7744 22 102 40 18 31 30 27 29 35 27 34 28
7745 22 230 29 15 36 42 21 24 23 9 34 28
7746 22 97 36 31 31 1 17 22 30 22 34 28
7747 22 42 33 43 22 26 20 25 21 19 34 28
7748 22 83 31 21 33 34 24 32 31 15 34 28
7749 22 1 13 38 21 40 27 18 34 17 34 28
7750 22 95 29 23 28 6 26 25 30 28 34 28
7751 22 304 47 30 31 1 27 33 29 41 35 28
7752 22 103 36 43 23 15 20 26 33 25 34 28
7753 22 93 37 27 34 40 24 24 22 24 34 28
7754 22 191 39 28 31 47 22 32 29 28 34 28
7755 22 103 36 24 37 1 26 25 32 19 34 28
7756 22 50 23 26 32 39 22 28 30 16 34 28
7757 22 344 50 24 35 65 21 24 27 20 34 28
7758 22 183 28 25 28 1 24 39 26 75 35 28
7759 22 680 46 33 32 72 17 37 28 12 34 28
7760 22 130 29 24 37 34 19 19 30 9 34 28
7761 22 81 28 16 16 44 22 21 23 34 35 28
7762 22 108 25 30 28 13 22 28 27 22 34 28
7763 22 142 23 12 35 6 23 26 26 4 34 28
7764 22 130 31 28 40 1 21 34 18 14 34 28
7765 22 162 45 28 33 66 27 29 28 63 35 28
7766 22 72 31 21 30 45 22 20 21 20 34 28
7767 22 44 33 45 31 1 24 23 32 13 34 28
7768 22 88 33 34 22 1 27 30 28 34 35 28
7769 22 121 23 28 28 75 25 33 27 56 34 28
7770 22 65 29 31 23 129 22 28 27 21 34 28
7771 22 87 34 34 35 17 19 1 28 23 34 28
7772 22 86 36 43 27 25 23 32 25 21 34 28
7773 22 126 33 28 33 43 21 33 32 15 34 28
7774 22 61 24 10 42 5 25 19 26 2 34 28
7775 22 56 36 36 28 75 29 38 34 32 35 28
7776 22 56 18 23 31 1 21 26 25 8 34 28
7777 22 106 8 21 23 1 17 19 31 17 34 28
7778 22 170 37 17 43 66 25 26 24 12 34 28
7779 22 388 28 25 28 1 27 35 27 17 34 28
7780 22 274 27 10 36 34 21 17 30 9 34 28
7781 22 61 27 22 36 1 22 15 18 5 34 28
7782 22 50 31 39 21 1 29 22 21 32 35 28
7783 22 95 35 16 31 57 25 20 33 26 34 28
7784 22 276 42 36 31 48 20 42 28 27 34 28
7785 22 183 18 1 33 1 23 15 25 43 35 28
7786 22 127 41 28 40 59 20 31 29 18 34 28
7787 22 229 29 32 34 1 26 27 24 28 34 28
7788 23 124 21 28 25 7 18 26 28 15 34 28
7789 22 114 24 36 23 1 22 28 23 26 34 28
7790 22 263 30 28 25 1 27 29 23 25 34 28
7791 22 124 30 34 20 29 27 30 27 35 35 28
7792 22 110 37 36 32 5 23 20 34 108 35 28
7793 22 93 15 23 26 1 22 23 33 12 34 28
7794 22 43 21 29 32 1 21 23 28 11 34 28
7795 22 78 34 39 36 1 23 26 24 31 35 28
7796 22 165 54 26 38 92 24 22 31 87 34 28
7797 22 128 42 23 38 58 21 25 30 9 34 28
7798 22 89 32 34 26 36 18 30 36 19 34 28
7799 22 86 22 21 29 1 19 34 31 17 34 28
7800 22 117 29 13 37 9 24 26 22 1 34 28
7801 22 218 45 32 41 40 21 28 32 29 35 28
7802 22 135 27 24 26 1 27 23 24 14 34 28
7803 22 113 20 16 32 3 22 25 22 20 34 28
7804 22 100 34 17 43 56 21 30 23 6 34 28
7805 22 110 28 25 30 48 17 28 28 8 34 28
7806 22 160 32 18 34 1 17 28 26 83 35 28
7807 22 87 44 39 33 54 21 54 29 29 34 28
7808 22 1 33 38 25 99 24 26 24 9 34 28
7809 22 221 40 32 36 1 16 33 29 24 34 28
7810 22 104 39 41 25 1 24 35 24 30 35 28
7811 22 135 20 21 33 28 28 28 27 10 34 28
7812 22 111 51 30 42 1 14 27 25 23 34 28
7813 22 91 21 40 27 1 26 20 37 25 34 28
7814 22 134 46 34 25 64 24 33 30 81 34 28
7815 22 115 26 22 34 11 23 29 29 40 34 28
7816 22 97 28 19 32 45 26 22 22 1 34 28
7817 22 67 39 42 31 12 23 39 36 33 34 28
7818 22 47 41 36 32 53 20 24 27 14 34 28
7819 22 74 35 33 24 1 22 30 28 37 35 28
7820 22 54 31 34 26 31 26 27 18 30 34 28
7821 22 92 15 16 30 32 29 24 25 8 34 28
7822 22 84 32 25 38 1 22 27 26 13 34 28
7823 22 66 42 45 36 42 26 31 22 27 34 28
7824 22 189 21 19 36 62 21 28 32 1 34 28
7825 22 130 33 22 28 31 25 22 29 14 34 28
7826 22 1 15 28 25 18 26 20 32 9 34 28
7827 22 97 15 13 20 4 23 26 30 31 34 28
7828 22 182 29 4 39 1 19 24 28 15 34 28
7829 22 106 39 27 34 6 25 26 23 26 34 28
7830 22 216 10 19 31 63 20 1 29 112 34 28
7831 22 247 25 17 31 6 26 23 29 13 34 28
7832 22 101 86 483 29 64 26 34 30 8 34 28
7833 22 219 27 30 24 26 25 17 24 27 34 28
7834 22 85 26 35 29 34 22 32 29 30 34 28
7835 22 114 28 23 22 18 25 11 26 28 34 28
7836 22 161 48 27 36 3 22 21 24 28 34 28
7837 22 103 36 27 40 61 26 18 27 2 34 28
7838 22 78 16 26 27 27 24 27 35 82 34 28
7839 22 80 37 28 37 1 23 37 25 18 34 28
7840 22 52 7 22 31 1 18 18 28 1 34 28
7841 22 117 42 26 30 1 27 39 18 26 34 28
7842 22 104 29 13 33 31 17 26 35 13 34 28
7843 22 108 34 20 36 1 23 25 28 5 34 28
7844 22 168 29 23 27 1 25 33 31 34 35 28
7845 22 222 21 15 35 1 23 31 35 14 34 28
7846 22 240 20 26 23 1 27 37 25 28 34 28
7847 22 55 31 19 31 64 29 27 28 12 34 28
7848 22 158 33 28 28 51 26 24 25 130 35 28
7849 22 108 44 31 31 62 22 37 30 37 35 28
7850 22 131 21 19 32 1 21 27 31 10 34 28
7851 22 123 39 28 39 1 24 28 27 77 35 28
7852 22 94 28 33 22 33 22 29 35 25 34 28
7853 22 266 39 22 36 1 19 23 19 67 35 28
7854 22 127 29 32 25 17 24 23 26 13 34 28
7855 22 107 34 19 40 33 25 20 30 6 34 28
7856 22 109 33 16 38 10 23 23 29 43 35 28
7857 22 137 37 33 41 27 24 20 28 7 34 28
7858 22 85 31 23 27 27 24 24 29 26 34 28
7859 22 90 21 37 11 50 23 31 25 42 34 28
7860 22 146 39 21 28 86 21 1 30 55 35 28
7861 22 122 53 36 40 57 15 33 36 88 35 28
7862 22 84 31 38 25 1 32 30 26 39 34 28
7863 22 125 29 42 21 1 23 22 23 90 34 28
7864 22 174 31 25 27 28 26 23 29 14 34 28
7865 22 132 26 18 31 51 23 24 26 16 34 28
7866 22 83 47 29 42 80 22 27 31 12 34 28
7867 22 103 34 28 30 16 25 27 29 29 34 28
7868 22 96 31 30 31 26 31 29 26 24 34 28
7869 22 60 18 22 21 29 23 39 25 19 34 28
7870 22 159 35 37 27 26 25 35 31 33 35 29
7871 22 126 40 30 33 28 21 32 25 28 34 28
7872 22 134 39 20 33 29 23 20 24 10 34 28
7873 22 64 12 22 21 7 19 30 24 13 34 28
7874 22 72 35 29 34 86 24 24 28 19 34 28
7875 22 9 1 15 24 1 21 29 23 4 34 28
7876 22 364 40 30 33 36 25 27 28 36 35 28
7877 22 1 8 33 11 14 26 26 22 7 34 28
7878 22 102 22 29 34 73 26 27 29 5 34 28
7879 22 194 35 26 25 4 24 1 37 31 34 28
7880 22 124 11 14 23 1 22 46 21 19 34 28
7881 22 86 42 31 40 1 26 13 24 1 34 28
7882 22 292 27 22 36 16 24 28 24 10 34 28
7883 22 93 43 24 36 1 25 13 25 32 35 28
7884 22 150 26 32 28 1 25 31 27 38 34 28
7885 22 131 43 17 35 34 27 32 32 21 34 28
7886 32 162 31 37 42 1 33 51 37 33 47 40
7887 22 129 30 24 21 3 28 34 36 81 34 28
7888 22 182 37 23 40 86 20 28 34 1 34 28
7889 22 84 33 24 28 7 23 20 27 23 34 28
7890 22 66 30 20 37 10 23 20 24 7 34 28
7891 22 78 32 34 29 33 22 26 28 1 34 28
7892 22 147 19 21 27 1 28 28 27 22 34 28
7893 22 182 29 14 38 24 24 26 17 1 34 28
7894 22 135 53 29 39 74 22 34 33 18 34 28
7895 22 129 33 30 25 27 25 30 28 31 35 28
7896 22 76 28 38 34 11 25 7 29 29 35 28
7897 22 98 40 31 38 8 27 29 26 9 34 28
7898 22 157 34 10 39 1 23 21 31 5 34 28
7899 22 169 51 30 40 30 24 31 25 28 34 28
7900 22 158 26 24 33 35 28 28 37 9 34 28
7901 22 95 27 26 26 1 24 38 19 29 34 28
7902 22 84 37 42 25 1 23 38 28 41 35 28
7903 22 34 17 24 28 46 25 28 30 27 34 28
7904 22 125 39 31 26 27 25 32 28 24 34 28
7905 22 91 48 30 39 23 29 22 33 22 34 28
7906 22 100 26 24 27 21 21 27 32 26 34 28
7907 22 156 40 10 31 85 19 33 28 23 34 28
7908 22 3 17 34 25 26 23 34 24 16 34 28
7909 22 120 20 28 22 18 19 26 29 20 34 28
7910 22 1 13 33 18 36 29 23 28 16 34 28
7911 22 118 47 32 32 66 26 39 27 34 35 28
7912 22 21 27 31 26 96 28 23 26 12 34 28
7913 22 151 44 32 31 1 27 27 30 26 34 28
7914 22 1 19 30 28 77 23 27 27 17 34 28
7915 22 168 40 37 29 18 23 44 27 39 35 28
7916 22 78 22 44 20 39 20 30 24 31 34 28
7917 22 80 24 8 37 44 25 28 25 28 34 28
7918 22 135 26 9 37 1 22 25 25 4 34 28
7919 22 162 25 27 32 1 24 29 31 10 34 28
7920 22 107 39 34 24 34 23 31 23 36 35 28
7921 22 143 32 36 29 55 27 20 23 11 34 28
7922 22 151 38 29 33 28 26 29 26 21 34 28
7923 22 131 27 26 26 20 23 24 25 22 34 28
7924 22 83 53 48 39 94 21 33 28 36 35 28
7925 22 41 30 32 34 4 22 39 29 10 34 28
7926 22 272 49 36 35 54 21 20 32 28 34 28
7927 22 129 39 41 30 64 20 28 31 26 34 28
7928 22 312 37 25 26 77 22 32 22 26 34 28
7929 22 115 24 21 30 1 18 39 23 36 34 28
7930 22 159 32 34 27 1 21 36 33 34 35 28
7931 22 1 13 30 21 13 27 19 26 12 34 28
7932 22 46 16 35 21 1 23 30 26 13 34 28
7933 22 143 33 29 25 37 26 34 27 20 34 28
7934 22 140 49 31 37 69 23 32 31 28 34 28
7935 22 124 33 21 35 54 22 27 25 25 34 28
7936 22 73 24 19 33 1 25 28 25 8 34 28
7937 22 136 25 23 33 1 22 23 25 7 34 28
7938 22 219 46 33 37 67 23 27 24 19 34 28
7939 22 69 22 13 36 12 25 14 26 43 35 28
7940 22 86 43 39 38 52 18 3 26 51 34 28
7941 22 115 44 22 39 86 26 26 29 99 35 28
7942 22 366 34 25 31 71 25 33 26 9 34 28
7943 23 130 32 31 27 1 26 29 34 22 34 28
7944 22 102 51 28 40 56 27 21 27 30 35 28
7945 22 67 34 43 27 70 26 25 20 16 34 28
7946 22 93 21 24 29 1 21 15 22 15 34 28
7947 22 59 18 26 14 1 17 29 21 26 34 28
7948 22 14 18 21 26 54 23 29 28 6 34 28
7949 22 116 33 20 32 1 22 34 23 20 34 28
7950 22 1 9 37 18 1 20 26 23 10 34 28
7951 22 82 22 37 21 6 24 15 27 66 34 28
7952 22 1 4 21 26 1 16 23 30 2 34 28
7953 22 58 29 19 25 3 24 24 35 26 34 28
7954 22 84 25 10 34 4 23 28 22 17 34 28
7955 22 145 31 21 33 120 23 23 29 11 34 28
7956 22 121 33 37 23 20 25 31 23 30 35 28
7957 22 80 36 24 38 1 20 29 35 28 34 28
7958 22 93 12 22 29 37 18 18 27 3 34 28
7959 22 234 43 35 42 65 24 26 30 18 34 28
7960 22 136 39 21 33 67 23 27 33 19 34 28
7961 22 100 39 41 21 78 25 28 28 33 34 28
7962 22 126 20 32 20 1 21 42 23 31 34 28
7963 22 109 41 22 44 1 21 28 40 11 34 28
7964 22 152 21 16 28 17 23 13 29 22 34 28
7965 22 188 20 33 20 6 27 31 35 63 35 28
7966 22 67 30 16 30 9 26 19 25 28 34 28
7967 22 83 12 14 18 1 20 31 28 24 34 28
7968 22 1 20 48 25 52 22 29 24 12 34 28
7969 22 213 29 18 33 11 27 31 39 16 34 28
7970 22 131 35 36 25 27 26 38 25 27 34 28
7971 22 93 40 37 26 85 24 30 22 27 34 28
7972 22 244 36 17 39 30 24 22 32 13 34 28
7973 22 140 25 28 27 1 17 32 24 23 34 28
7974 22 60 27 30 32 1 28 30 28 23 34 28
7975 22 82 31 21 34 1 24 30 34 20 34 28
7976 22 158 34 1 46 1 23 31 29 27 34 28
7977 22 100 29 14 32 76 25 22 29 7 34 28
7978 22 102 31 27 31 34 19 32 37 25 34 28
7979 22 107 27 30 17 46 26 27 29 29 34 28
7980 22 77 30 15 40 55 21 28 28 10 34 28
7981 22 95 43 21 43 82 23 36 27 13 34 28
7982 22 140 34 31 18 59 25 20 30 33 35 28
7983 22 130 26 11 31 111 22 28 31 18 34 28
7984 22 83 35 22 32 25 31 19 28 56 35 28
7985 22 130 31 46 18 1 21 33 24 30 35 28
7986 22 89 30 26 23 14 23 27 38 25 34 28
7987 22 107 28 32 27 24 20 37 26 21 34 28
7988 22 268 56 37 37 14 19 29 33 36 35 28
7989 22 56 27 34 25 16 22 23 27 30 34 28
7990 22 142 58 34 37 75 16 38 34 38 35 28
7991 22 76 25 29 38 27 18 27 29 12 34 28
7992 22 74 27 38 29 1 21 23 28 28 34 28
7993 22 85 26 21 28 65 26 30 27 25 34 28
7994 22 230 29 27 31 1 24 30 23 27 34 28
7995 22 153 49 33 37 101 21 26 36 18 34 28
7996 22 69 35 24 33 47 22 22 29 24 34 28
7997 22 36 21 42 23 20 26 30 36 22 34 28
7998 22 67 30 19 35 118 28 26 25 19 34 28
7999 22 109 32 21 33 1 22 27 33 87 35 28
8000 22 143 51 40 32 62 23 33 26 24 34 28
8001 22 224 30 23 29 35 24 22 31 29 34 28
8002 22 125 35 29 31 18 24 23 22 28 34 28
8003 22 51 33 29 35 73 18 26 31 11 34 28
8004 22 192 25 15 35 1 22 30 23 20 34 28
8005 22 102 24 14 30 1 20 27 21 18 34 28
8006 22 69 25 18 34 30 26 29 25 14 34 28
8007 22 148 10 21 11 1 21 30 25 14 34 28
8008 22 112 32 35 28 95 23 31 28 24 34 28
8009 22 116 19 29 26 10 21 31 34 18 34 28
8010 22 132 39 26 32 39 18 20 24 24 34 28
8011 22 96 36 8 43 1 22 28 33 21 34 28
8012 22 117 31 21 30 1 19 23 28 25 34 28
8013 22 102 11 29 15 1 22 30 27 22 34 28
8014 22 121 40 25 37 1 21 26 27 26 34 28
8015 22 72 29 19 31 36 23 32 31 11 34 28
8016 22 88 32 25 42 1 22 1 36 16 34 28
8017 22 276 40 17 37 80 21 42 23 122 35 28
8018 22 83 25 17 21 21 20 20 24 22 34 28
8019 22 163 41 28 32 77 26 33 23 20 34 28
8020 22 384 36 31 19 63 21 23 23 25 34 28
8021 22 105 32 4 39 19 24 28 32 10 34 28
8022 22 234 31 25 27 1 23 24 22 24 34 28
8023 22 121 34 27 32 13 21 45 32 26 34 28
8024 22 88 20 21 33 9 20 26 22 11 34 28
8025 22 138 34 18 32 68 19 23 31 13 34 28
8026 22 85 28 42 15 80 21 24 26 27 34 28
8027 22 130 31 23 30 64 20 19 27 9 34 28
8028 22 136 44 33 35 12 22 35 34 140 35 28
8029 22 109 29 18 30 73 30 22 33 56 35 28
8030 22 98 31 32 30 1 23 22 28 27 34 28
8031 22 97 30 31 30 34 25 15 29 24 34 28
8032 22 1 23 47 16 55 27 25 28 20 34 28
8033 22 181 32 25 38 1 27 34 17 11 34 28
8034 22 102 25 4 23 24 29 26 29 36 34 28
8035 22 120 28 43 13 52 21 25 26 21 34 28
8036 22 109 38 6 38 40 28 30 27 30 35 28
8037 22 51 31 29 34 35 24 25 29 11 34 28
8038 22 127 23 22 28 64 18 27 25 10 34 28
8039 22 110 27 29 20 21 22 24 29 20 34 28
8040 22 117 19 23 25 23 21 24 25 21 34 28
8041 22 127 31 22 21 48 16 15 31 22 34 29
8042 22 306 29 15 26 29 22 21 25 13 34 28
8043 22 103 27 14 42 23 23 25 25 1 34 28
8044 22 15 24 41 32 62 20 32 27 50 34 28
8045 22 724 47 28 39 116 21 29 32 15 34 28
8046 22 69 35 24 26 58 27 31 38 25 34 28
8047 22 126 26 7 35 30 22 24 21 9 34 28
8048 22 57 28 40 21 1 25 38 23 22 34 28
8049 22 109 33 18 44 53 17 27 31 15 34 28
8050 22 104 37 28 33 63 22 23 27 10 34 28
8051 22 81 40 32 37 118 23 25 35 57 35 28
8052 22 1 18 28 29 1 25 30 27 7 34 28
8053 22 130 32 33 37 41 22 25 29 5 34 28
8054 22 112 28 34 19 1 26 31 25 30 34 28
8055 22 107 34 22 30 14 22 26 29 35 34 28
8056 22 202 43 32 30 85 21 21 27 33 35 28
8057 22 102 22 15 36 1 20 49 30 16 34 28
8058 22 1 14 28 18 36 26 28 19 16 34 28
8059 22 119 20 12 27 38 22 42 27 24 34 28
8060 22 102 26 23 32 9 25 24 28 9 34 28
8061 22 78 29 20 32 63 23 26 26 22 34 28
8062 22 137 31 26 33 62 24 17 27 22 34 28
8063 22 90 24 30 27 29 22 29 28 16 34 28
8064 22 74 28 30 23 57 29 29 28 23 34 28
8065 22 81 33 16 29 34 21 29 26 22 34 28
8066 22 151 38 16 32 1 24 34 35 37 35 28
8067 22 34 22 36 28 17 20 29 28 6 34 28
8068 22 55 24 28 26 1 25 1 24 15 34 28
8069 22 154 34 18 28 1 20 31 22 26 34 28
8070 22 70 9 33 19 1 24 32 21 22 34 28
8071 22 117 46 31 32 52 23 26 33 34 35 28
8072 22 177 21 26 18 1 23 26 28 29 34 28
8073 22 152 32 31 30 21 29 31 23 26 34 28
8074 22 151 42 21 34 91 18 25 33 11 34 28
8075 22 106 26 18 23 46 22 22 22 9 34 28
8076 22 208 38 12 38 1 26 22 25 25 34 28
8077 23 235 26 13 30 1 22 29 23 17 35 29
8078 22 106 32 20 30 10 19 11 24 18 34 28
8079 22 221 24 34 22 24 26 33 23 12 34 28
8080 22 87 30 30 35 2 20 21 29 10 34 28
8081 22 50 18 15 36 20 30 26 35 12 34 28
8082 22 69 30 23 37 1 24 20 22 3 34 28
8083 22 175 26 30 22 5 27 30 23 28 34 28
8084 22 93 23 5 35 1 19 25 21 6 34 28
8085 22 180 34 19 33 1 28 27 33 25 34 28
8086 22 100 43 30 38 1 15 28 23 46 34 28
8087 22 102 24 21 31 1 26 27 24 10 34 28
8088 22 269 17 27 27 21 26 24 19 1 34 28
8089 22 121 31 30 24 44 24 21 28 16 34 28
8090 22 136 25 9 38 72 24 20 21 1 34 28
8091 22 67 19 15 26 29 26 22 30 5 34 28
8092 22 193 40 35 28 82 24 31 27 36 34 28
8093 22 213 25 28 23 1 20 34 25 23 34 28
8094 22 286 26 32 20 12 21 30 26 28 34 28
8095 22 111 48 37 36 1 23 30 29 34 35 28
8096 22 77 35 27 26 27 26 21 32 32 34 28
8097 22 136 24 18 28 1 23 26 19 18 34 28
8098 22 102 28 33 31 45 24 46 20 10 34 28
8099 22 274 33 10 31 6 18 26 23 14 34 28
8100 22 223 32 23 38 1 20 32 29 23 34 28
8101 22 112 6 18 5 5 18 36 22 28 34 28
8102 22 374 29 28 23 61 23 25 20 24 34 28
8103 22 1 11 22 26 76 21 24 27 3 34 28
8104 22 27 21 32 13 51 26 42 29 24 34 28
8105 22 267 36 25 38 50 23 19 35 9 34 28
8106 22 65 25 18 27 37 27 26 24 11 34 28
8107 22 64 22 25 26 83 17 23 25 15 34 28
8108 22 187 18 22 21 20 25 30 30 16 34 28
8109 22 49 18 20 15 17 28 20 26 28 34 28
8110 22 178 46 35 35 77 24 29 29 17 34 28
8111 22 91 29 23 32 1 22 28 24 15 34 28
8112 22 123 48 19 29 140 25 35 21 24 34 28
8113 22 268 26 17 27 1 24 33 35 176 34 28
8114 22 191 26 34 22 50 24 34 29 34 34 28
8115 22 74 21 29 18 1 22 26 34 35 34 28
8116 22 248 39 25 31 37 22 32 28 20 34 28
8117 22 1 18 27 28 1 27 27 28 6 34 28
8118 22 188 42 42 28 1 24 32 28 34 35 28
8119 22 128 39 27 35 147 22 32 28 6 34 28
8120 22 59 44 30 36 70 22 33 28 30 35 28
8121 22 374 28 24 30 1 24 29 31 17 34 28
8122 22 168 25 35 25 34 21 26 26 20 34 28
8123 22 241 36 25 32 20 30 32 33 28 34 28
8124 22 157 31 25 39 23 27 34 30 18 34 28
8125 22 476 13 22 14 1 28 32 24 29 34 28
8126 22 128 21 28 20 1 26 28 32 26 34 28
8127 22 268 37 22 24 34 18 17 32 19 34 28
8128 22 153 45 33 37 23 23 26 24 18 34 28
8129 22 1 28 38 25 101 26 29 29 12 34 28
8130 22 93 27 24 25 1 25 27 27 33 34 28
8131 22 48 14 8 30 18 17 21 31 2 34 28
8132 22 77 18 39 25 1 26 1 19 20 34 28
8133 22 81 5 27 21 1 21 25 24 6 34 28
8134 22 113 8 16 19 1 26 28 27 13 34 28
8135 22 8 19 28 26 20 24 1 31 1 34 28
8136 22 30 23 36 22 19 21 17 28 24 34 28
8137 22 133 22 2 34 1 23 9 25 17 34 28
8138 22 31 7 16 13 1 26 24 25 9 34 28
8139 22 115 23 4 32 1 25 32 25 5 34 28
8140 22 129 24 12 41 26 21 20 20 54 34 28
8141 22 299 29 31 22 1 32 27 31 18 34 28
8142 22 75 33 26 29 58 20 24 29 15 34 28
8143 22 138 21 21 21 1 22 28 26 23 34 28
8144 22 92 49 40 37 1 22 28 35 26 34 28
8145 22 117 9 19 19 1 18 23 27 14 34 28
8146 22 232 21 23 29 54 23 22 23 4 34 28
8147 22 134 25 26 29 1 20 33 23 21 34 28
8148 22 130 35 19 37 43 22 12 33 24 34 28
8149 22 170 33 36 27 13 22 22 31 30 34 28
8150 22 129 23 28 17 95 24 23 26 22 34 28
8151 22 141 32 40 29 1 25 36 25 92 34 28
8152 22 110 16 18 31 13 19 26 23 1 34 28
8153 22 226 17 11 30 1 20 25 24 20 34 28
8154 22 70 43 34 34 80 22 29 35 30 34 28
8155 22 72 28 13 36 42 22 12 29 1 34 28
8156 22 187 24 34 25 66 25 35 33 22 34 28
8157 22 76 33 31 31 1 26 29 30 19 34 28
8158 22 109 14 18 28 33 22 26 32 2 34 28
8159 22 87 38 39 28 66 26 28 34 27 34 28
8160 22 139 50 27 42 97 24 17 25 19 34 28
8161 22 128 35 34 36 75 26 33 34 80 35 28
8162 22 93 30 32 21 26 22 25 28 41 35 28
8163 22 248 33 23 25 3 26 22 25 31 35 28
8164 22 218 17 10 34 15 19 20 27 1 34 28
8165 22 115 33 35 23 13 23 33 32 32 34 28
8166 22 78 33 23 18 18 27 31 29 35 35 28
8167 22 86 30 31 25 1 23 38 24 34 35 28
8168 22 114 44 38 37 50 22 30 24 108 35 28
8169 22 119 23 10 30 1 29 19 29 3 34 28
8170 22 109 38 35 25 1 17 37 27 34 35 28
8171 22 1 27 44 29 93 26 30 33 15 34 28
8172 22 105 35 40 29 1 28 37 25 37 35 28
8173 22 103 34 23 34 32 23 30 27 3 34 28
8174 22 109 35 26 34 8 19 20 28 16 34 28
8175 22 108 43 24 32 1 25 27 31 16 34 28
8176 22 175 27 4 36 75 18 22 28 1 34 28
8177 22 136 31 28 31 37 24 26 24 14 34 28
8178 22 76 35 30 34 141 25 20 36 24 34 28
8179 22 79 27 12 31 79 26 22 25 1 34 28
8180 22 77 30 25 32 1 17 19 23 13 34 28
8181 22 142 28 17 33 18 20 23 18 1 34 28
8182 22 172 45 27 34 57 27 20 34 31 34 28
8183 22 314 24 29 20 17 28 1 32 9 34 28
8184 22 115 30 34 38 1 26 35 28 9 34 28
8185 22 105 38 30 26 54 21 17 25 63 35 28
8186 22 108 35 28 36 1 20 21 27 23 34 28
8187 22 103 27 21 36 1 22 30 23 16 34 28
8188 22 122 23 18 27 1 25 39 19 31 34 28
8189 22 30 23 17 30 6 27 26 32 1 34 28
8190 22 184 15 16 27 18 23 22 36 11 34 28
8191 22 151 22 31 37 1 27 28 25 15 34 28
8192 22 170 37 19 36 72 19 26 33 18 34 28
8193 22 1 23 27 26 58 18 15 19 1 33 28
8194 22 126 44 24 38 26 22 18 27 3 34 28
8195 22 107 22 20 37 1 25 34 26 6 34 28
8196 22 94 31 39 24 97 20 29 19 47 35 28
8197 22 76 35 41 33 1 24 29 26 17 34 28
8198 22 140 53 37 41 40 24 23 32 23 34 28
8199 22 188 21 35 25 12 25 26 34 12 34 28
8200 22 216 34 39 27 106 28 24 29 20 34 28
8201 22 108 30 22 34 1 17 22 27 2 34 28
8202 22 194 23 25 20 17 24 32 28 40 35 28
8203 22 114 35 26 33 1 18 31 28 19 34 28
8204 22 1 21 39 27 11 27 31 26 13 34 28
8205 22 83 26 35 27 1 24 33 29 34 34 28
8206 22 262 14 30 25 1 20 34 26 10 34 28
8207 22 65 17 3 36 1 27 24 27 17 34 28
8208 22 95 27 16 27 1 19 29 29 26 34 28
8209 22 159 38 42 24 1 27 37 29 109 34 28
8210 22 112 41 32 41 1 21 19 27 7 34 28
8211 22 130 52 38 40 1 29 32 29 138 35 28
8212 22 108 47 19 40 99 18 26 32 38 35 28
8213 22 99 33 21 30 23 26 25 27 28 34 28
8214 22 314 28 31 25 62 23 22 22 15 34 28
8215 22 184 39 16 38 102 18 21 31 7 34 28
8216 22 101 38 18 37 56 26 35 31 27 34 28
8217 22 70 26 17 33 36 24 31 22 3 34 28
8218 22 32 5 18 24 1 29 29 27 19 34 28
8219 22 130 30 21 32 10 19 31 85 21 34 28
8220 22 100 19 14 34 15 22 18 24 8 34 28
8221 22 103 19 24 22 16 27 24 26 8 34 28
8222 22 102 36 28 28 1 24 26 32 29 34 28
8223 22 69 28 31 22 33 25 35 30 34 34 28
8224 22 44 12 24 33 1 22 31 20 3 34 28
8225 22 84 20 8 27 29 20 20 28 13 34 28
8226 22 128 33 25 26 67 23 27 26 34 35 28
8227 23 125 27 13 39 11 26 21 28 1 35 29
8228 22 342 21 9 37 1 18 20 26 10 34 28
8229 22 92 3 14 19 10 24 27 23 8 34 28
8230 22 124 31 35 27 37 32 35 34 21 34 28
8231 22 130 42 17 41 70 19 24 26 9 34 28
8232 22 127 33 27 38 126 27 28 30 21 34 28
8233 22 61 33 25 28 1 23 26 21 31 35 28
8234 22 195 33 28 30 1 22 32 31 38 34 28
8235 22 99 25 36 26 1 24 25 27 28 34 28
8236 22 1 23 38 22 27 26 23 27 11 34 28
8237 22 222 23 20 29 1 24 28 28 30 34 28
8238 22 60 23 29 25 1 24 32 26 34 34 28
8239 22 160 39 23 38 71 21 1 28 24 34 28
8240 22 129 36 21 35 1 19 29 22 25 34 28
8241 22 226 31 18 36 35 17 28 23 20 34 28
8242 22 60 22 28 25 31 19 11 19 13 34 28
8243 22 90 30 32 34 13 20 22 26 16 34 28
8244 22 77 18 18 37 1 22 32 28 4 34 28
8245 22 103 22 20 31 16 19 31 33 19 34 28
8246 22 31 7 9 19 36 21 24 32 10 34 28
8247 22 83 30 37 23 53 25 1 30 23 34 28
8248 22 233 21 16 32 86 21 27 27 1 34 28
8249 22 91 36 27 31 1 35 20 21 21 34 28
8250 22 118 26 23 23 1 22 25 19 15 34 28
8251 22 95 35 32 34 38 22 14 33 21 34 28
8252 22 197 32 32 30 22 27 28 26 10 34 28
8253 22 112 34 22 35 70 24 25 29 4 34 28
8254 22 190 33 27 25 44 30 24 23 23 34 28
8255 22 148 25 27 37 43 25 6 31 14 34 28
8256 22 76 38 32 26 82 21 28 28 30 34 28
8257 22 96 47 37 28 81 27 40 33 40 35 28
8258 22 87 25 18 32 1 17 25 20 17 34 28
8259 22 112 39 15 36 1 22 22 29 16 34 28
8260 22 248 41 22 37 20 19 23 22 18 34 28
8261 22 110 22 32 25 13 17 28 22 7 34 28
8262 22 123 27 19 29 24 18 23 20 20 34 28
8263 22 59 28 30 34 1 21 24 22 23 34 28
8264 22 96 36 23 32 3 18 8 29 15 34 28
8265 22 95 26 29 35 6 26 32 29 4 34 28
8266 23 74 30 22 32 64 24 19 36 24 34 28
8267 22 97 17 15 23 14 22 22 23 19 34 28
8268 22 112 36 28 33 1 20 23 25 66 35 28
8269 22 201 38 16 40 1 25 41 26 20 34 28
8270 22 5 19 30 22 8 30 34 24 14 34 28
8271 22 62 28 33 27 19 26 27 27 15 34 28
8272 22 102 49 47 35 115 22 26 26 29 35 28
8273 22 60 31 18 43 43 25 24 29 6 34 28
8274 22 63 26 37 24 105 21 28 25 24 34 28
8275 22 157 43 34 41 1 24 30 24 28 34 28
8276 22 51 27 21 31 44 24 29 28 16 34 28
8277 22 96 15 21 27 1 22 18 22 17 34 28
8278 22 71 14 26 22 14 24 20 22 10 34 28
8279 22 67 22 24 29 25 31 30 25 18 34 28
8280 22 74 28 34 24 23 25 23 326 15 34 28
8281 22 165 28 18 38 31 27 24 31 20 34 28
8282 22 81 29 33 26 1 25 24 28 25 34 28
8283 22 247 10 24 31 26 24 25 31 17 34 28
8284 22 339 11 14 16 12 20 23 30 19 34 28
8285 22 64 34 38 34 1 22 27 30 32 35 28
8286 22 1 25 131 27 1 23 31 30 120 34 28
8287 22 111 23 29 20 19 24 28 22 24 34 28
8288 22 207 42 21 31 1 20 28 27 34 35 28
8289 22 119 28 26 29 68 27 36 27 19 34 28
8290 22 139 40 33 32 12 22 30 27 29 34 28
8291 22 89 23 41 17 40 22 28 19 38 34 28
8292 22 199 30 15 33 8 20 22 25 25 34 28
8293 22 1 23 36 17 19 23 31 25 9 34 28
8294 22 143 10 10 29 1 27 28 33 13 34 28
8295 22 69 20 17 28 1 21 31 28 26 34 28
8296 22 123 20 14 27 22 25 26 26 34 35 28
8297 22 114 33 22 23 16 24 20 21 24 34 28
8298 22 110 26 26 26 73 21 29 31 105 35 28
8299 22 83 17 26 20 22 28 28 28 18 34 28
8300 22 107 36 33 31 1 25 21 28 20 34 28
8301 22 129 41 19 43 52 24 9 24 20 34 28
8302 22 81 31 27 33 23 18 25 20 18 34 28
8303 22 138 30 11 33 1 22 29 30 21 34 28
8304 22 119 26 35 27 1 24 24 23 69 34 28
8305 22 186 33 19 37 28 27 20 30 16 34 28
8306 22 116 30 2 31 1 24 48 28 21 34 28
8307 22 84 31 24 23 37 28 25 22 24 34 28
8308 22 122 40 48 30 66 24 12 18 11 34 28
8309 22 70 13 15 23 9 24 29 28 12 34 28
8310 22 175 20 30 11 49 25 26 27 19 34 28
8311 22 288 39 29 32 49 28 29 28 20 34 28
8312 22 5 12 33 17 76 25 23 24 11 34 28
8313 22 100 32 34 23 1 22 28 28 30 35 28
8314 23 88 38 33 33 41 20 16 40 20 34 28
8315 22 31 27 38 21 20 27 33 19 19 34 28
8316 22 166 37 14 40 107 22 16 37 8 34 28
8317 22 112 40 30 34 1 28 30 28 56 35 28
8318 22 266 22 24 25 47 23 1 27 17 34 28
8319 22 91 44 42 37 56 26 33 30 26 34 28
8320 22 124 27 21 26 9 15 1 31 25 34 28
8321 22 198 27 16 32 1 28 24 32 54 34 28
8322 22 80 30 10 44 1 22 20 26 2 34 28
8323 22 122 18 26 25 1 20 25 22 15 34 28
8324 22 89 30 31 23 29 19 27 22 28 34 28
8325 22 222 32 15 39 1 20 27 31 93 34 28
8326 22 57 28 33 24 1 23 42 27 16 34 28
8327 22 72 37 26 22 26 22 25 19 22 34 28
8328 22 71 33 39 26 36 21 23 28 32 35 28
8329 22 100 21 27 28 1 25 35 27 26 34 29
8330 22 192 15 30 18 16 23 28 20 27 34 28
8331 22 159 41 22 39 40 21 20 26 66 35 28
8332 22 140 41 32 30 58 22 28 28 33 35 28
8333 22 148 57 21 38 127 24 12 25 29 34 28
8334 22 95 24 25 27 17 21 31 17 61 34 28
8335 22 169 26 25 28 77 24 33 29 19 34 28
8336 22 1 29 37 33 19 24 34 26 13 34 28
8337 22 194 23 19 33 27 28 26 29 9 34 28
8338 22 87 37 26 28 64 26 34 29 19 34 28
8339 22 40 14 23 24 55 24 23 31 19 34 28
8340 22 237 39 25 32 127 21 38 32 19 34 28
8341 22 139 23 12 38 1 19 31 29 19 34 28
8342 22 69 35 22 38 125 21 29 33 8 34 28
8343 22 142 37 30 29 97 22 33 21 62 35 28
8344 22 106 27 33 30 1 25 24 28 11 34 28
8345 22 157 44 26 44 107 21 21 26 19 34 28
8346 22 118 45 44 36 36 19 24 30 21 34 28
8347 22 124 26 17 28 39 22 20 27 19 34 28
8348 22 95 45 20 33 101 21 40 33 32 35 28
8349 22 193 38 24 30 74 17 34 32 23 34 28
8350 22 155 33 18 41 1 21 26 33 33 34 28
8351 22 211 47 41 26 44 20 23 27 30 34 28
8352 23 115 40 30 32 1 23 35 26 25 34 28
8353 22 120 32 36 27 56 25 24 32 31 34 28
8354 22 157 41 14 34 17 23 24 32 22 34 28
8355 22 195 46 31 27 33 25 29 26 38 35 28
8356 22 118 40 27 27 57 28 25 32 30 35 28
8357 22 65 33 20 33 48 27 25 27 21 34 28
8358 22 149 25 39 22 102 24 28 23 14 34 28
8359 22 73 26 38 15 71 23 29 29 25 34 28
8360 22 165 30 23 25 1 570 29 22 24 34 28
8361 22 134 38 25 35 61 23 20 29 48 35 28
8362 22 223 21 27 23 23 20 41 29 17 34 28
8363 22 1 21 38 24 45 24 25 28 16 34 28
8364 22 129 19 29 14 59 26 26 27 25 34 28
8365 22 71 34 25 35 44 18 30 28 27 35 28
8366 22 103 41 21 34 1 24 23 34 31 35 28
8367 22 97 14 21 30 1 23 26 28 13 34 28
8368 22 140 49 41 40 98 21 30 25 24 34 28
8369 22 106 40 33 38 41 25 27 30 22 34 28
8370 22 206 38 41 24 1 21 26 24 32 35 28
8371 22 63 18 17 25 44 22 24 29 13 34 28
8372 22 110 26 16 26 46 24 26 30 25 34 28
8373 22 94 27 30 34 47 25 34 29 16 34 28
8374 22 155 12 16 24 13 22 31 22 10 34 28
8375 22 72 33 24 38 36 20 28 31 19 34 28
8376 22 106 31 29 25 33 24 27 29 16 34 28
8377 22 103 27 25 29 20 25 30 29 9 34 28
8378 22 52 10 16 16 39 22 28 23 13 34 28
8379 22 59 41 51 22 1 26 34 25 35 35 28
8380 22 68 33 41 20 6 24 37 31 37 35 28
8381 22 275 29 34 21 1 23 34 24 41 35 28
8382 22 95 21 1 39 1 25 22 25 10 34 28
8383 22 99 39 27 30 1 28 23 22 33 34 28
8384 22 53 33 24 30 72 27 20 33 31 35 28
8385 22 159 43 28 38 51 28 20 19 19 34 28
8386 22 113 41 24 36 99 23 14 33 30 34 28
8387 22 110 25 33 24 1 26 24 28 18 34 28
8388 22 1 23 34 27 34 23 23 21 9 34 28
8389 22 212 35 20 31 21 29 35 32 121 35 28
8390 22 80 40 19 29 1 21 33 32 20 34 28
8391 22 72 16 13 27 1 22 32 28 16 34 28
8392 22 1 12 28 27 34 26 19 24 49 34 28
8393 22 96 21 31 34 1 26 26 28 35 35 28
8394 22 150 45 33 25 62 24 25 29 29 34 28
8395 22 86 24 29 18 35 31 23 26 26 34 28
8396 22 1 6 38 23 1 21 23 23 1 34 28
8397 22 101 31 14 35 1 25 42 25 30 34 28
8398 22 216 49 38 38 42 25 29 22 33 35 28
8399 22 87 27 5 26 35 23 16 26 21 34 28
8400 22 493 37 33 22 50 21 21 37 18 34 28
8401 22 63 16 7 39 12 26 28 22 3 34 28
8402 22 76 23 27 12 30 26 26 26 20 34 28
8403 22 147 22 3 36 1 20 33 26 13 34 28
8404 22 113 34 31 42 79 24 5 24 43 35 28
8405 22 125 33 19 27 26 23 25 30 25 34 28
8406 22 43 24 28 32 20 25 28 26 8 34 28
8407 22 244 32 15 38 33 18 22 15 20 34 28
8408 22 153 25 33 32 1 24 31 26 13 34 28
8409 22 320 47 29 40 104 22 31 25 27 34 28
8410 22 181 36 20 40 56 27 33 32 20 34 28
8411 22 88 36 20 34 5 25 21 27 13 34 28
8412 22 1 1 34 18 1 25 26 21 20 34 28
8413 22 66 45 38 24 68 25 34 34 17 34 28
8414 22 217 34 20 33 1 23 32 33 18 34 28
8415 22 82 39 29 35 1 22 27 28 27 34 28
8416 22 127 35 15 31 1 19 23 29 24 34 28
8417 22 186 27 30 31 1 22 42 30 18 34 28
8418 22 105 35 25 35 61 22 26 22 3 34 28
8419 22 91 22 37 10 49 27 32 28 40 35 28
8420 22 50 19 19 35 1 19 27 24 1 34 28
8421 22 347 21 27 19 1 22 32 27 78 34 28
8422 22 112 37 29 29 1 28 32 27 27 34 28
8423 22 75 33 35 27 35 24 1 27 15 34 28
8424 22 122 24 13 31 4 22 26 27 23 34 28
8425 22 214 42 30 34 56 23 23 28 116 35 28
8426 22 41 22 32 20 29 25 31 26 27 35 29
8427 22 103 44 26 32 1 23 29 29 30 34 28
8428 22 129 22 18 32 1 24 35 29 12 34 28
8429 22 49 11 20 14 8 24 26 24 20 34 28
8430 22 72 33 25 25 54 23 22 25 31 34 28
8431 22 78 35 27 23 17 24 30 30 36 34 28
8432 22 377 32 22 24 1 24 35 28 77 34 28
8433 22 78 8 16 21 17 18 1 26 1 34 28
8434 22 105 26 33 10 8 29 28 25 31 34 28
8435 22 107 33 39 26 66 23 31 25 24 34 28
8436 22 13 26 43 24 60 20 26 31 17 34 28
8437 22 198 43 25 30 1 23 37 35 43 35 28
8438 22 85 35 30 30 38 28 26 32 16 34 28
8439 22 101 15 15 26 1 27 33 26 26 34 28
8440 22 85 17 17 30 34 24 1 29 6 34 28
8441 22 141 35 37 33 20 29 24 32 20 34 28
8442 22 213 49 26 39 1 28 39 25 30 34 28
8443 22 193 32 20 30 1 25 30 26 18 34 29
8444 22 155 42 25 36 40 19 18 29 32 34 28
8445 22 92 25 30 25 9 22 30 30 19 34 28
8446 22 279 37 20 27 33 21 28 36 26 34 28
8447 22 120 35 34 24 33 28 38 30 39 35 28
8448 22 89 32 27 29 17 23 23 21 12 34 28
8449 22 101 16 24 18 1 23 25 26 16 34 28
8450 22 162 15 35 23 16 24 21 27 20 34 28
8451 22 89 30 17 35 55 18 26 34 11 34 28
8452 22 238 36 28 29 22 22 38 27 27 34 28
8453 22 155 31 23 33 6 25 24 26 12 35 29
8454 22 226 49 27 46 101 19 24 23 6 34 28
8455 22 121 23 12 31 7 24 29 25 11 34 28
8456 22 65 38 28 41 1 18 21 24 16 34 28
8457 22 82 33 18 26 1 26 30 28 38 34 28
8458 22 177 21 15 30 6 20 38 26 26 34 28
8459 22 74 33 24 30 82 26 31 34 31 34 28
8460 22 106 33 15 33 59 22 31 24 15 34 28
8461 22 122 44 38 39 92 22 38 26 20 34 28
8462 22 66 36 38 24 28 23 28 26 25 34 28
8463 22 99 20 16 30 1 23 29 33 28 34 28
8464 22 96 35 26 36 13 24 35 27 19 34 28
8465 22 201 35 25 33 90 24 23 27 8 34 28
8466 22 103 42 22 33 75 22 29 28 19 34 28
8467 22 169 34 40 29 126 23 31 30 28 34 28
8468 22 57 23 18 27 1 23 32 26 16 34 28
8469 22 97 42 22 37 1 21 26 30 33 35 28
8470 22 280 41 38 35 1 24 1 32 7 34 28
8471 22 71 21 23 34 34 27 27 23 7 34 28
8472 22 106 46 41 34 1 27 31 25 20 34 28
8473 22 67 28 9 49 7 20 28 23 1 34 28
8474 22 81 21 33 26 1 23 28 39 33 34 28
8475 22 47 37 26 36 96 23 26 31 9 35 29
8476 22 1 9 25 28 1 20 27 25 10 34 28
8477 22 312 38 44 19 21 19 36 28 45 35 28
8478 22 148 37 29 32 50 21 26 24 4 34 28
8479 22 120 27 38 23 11 20 16 29 23 34 28
8480 22 74 40 24 29 26 19 26 34 23 34 28
8481 22 212 10 20 18 27 27 32 23 22 34 28
8482 22 127 38 28 31 111 16 25 33 25 34 28
8483 22 128 22 11 27 1 16 41 20 27 34 28
8484 22 100 20 12 29 25 26 21 25 1 34 28
8485 22 89 24 6 31 21 22 26 30 17 34 28
8486 22 55 31 23 35 4 20 30 26 18 34 28
8487 22 57 16 18 22 1 26 25 19 19 34 28
8488 22 155 48 24 37 36 20 27 29 109 35 28
8489 22 95 32 26 33 76 22 26 33 15 34 28
8490 22 9 40 44 38 66 20 32 30 14 34 28
8491 22 181 18 17 23 1 21 29 26 24 34 28
8492 22 134 42 39 32 59 23 32 26 13 34 28
8493 22 113 15 18 22 1 26 22 21 10 34 28
8494 22 112 29 22 32 29 21 22 31 13 34 28
8495 22 67 34 40 29 1 26 31 29 24 34 28
8496 22 94 26 34 20 1 25 39 26 38 34 28
8497 22 119 23 27 30 81 20 13 22 1 34 28
8498 22 41 30 34 30 58 20 1 23 8 34 28
8499 22 137 38 28 33 28 22 24 25 18 34 28
8500 22 1 10 26 43 75 26 6 17 6 34 28
8501 22 144 35 21 39 54 23 28 26 16 34 28
8502 22 91 34 25 35 7 26 21 28 22 34 28
8503 22 424 37 18 40 41 24 24 29 18 34 28
8504 22 142 29 11 40 1 25 31 24 20 34 28
8505 22 77 35 33 31 86 23 29 28 19 34 28
8506 22 125 36 30 33 2 17 24 22 14 34 28
8507 22 285 46 25 42 65 21 18 21 20 34 28
8508 22 92 21 6 28 8 22 23 31 15 34 28
8509 22 60 32 34 28 88 23 19 27 24 34 28
8510 22 196 28 28 26 3 23 1 31 30 34 28
8511 22 110 27 43 23 89 20 30 28 21 34 28
8512 22 192 41 36 32 3 21 26 24 57 35 28
8513 22 214 39 14 28 24 29 46 19 29 34 28
8514 22 159 47 27 40 28 25 33 28 10 34 28
8515 22 195 37 34 29 1 29 32 21 28 34 28
8516 22 105 21 25 17 1 25 38 27 28 34 28
8517 22 172 46 35 24 89 18 19 30 33 35 28
8518 22 74 13 20 19 29 23 26 22 23 34 28
8519 22 1 23 42 33 1 22 31 30 12 34 28
8520 22 80 21 10 41 1 26 34 26 1 34 28
8521 22 92 30 24 30 32 29 30 34 13 34 28
8522 22 121 46 37 44 34 24 21 20 13 34 28
8523 22 81 44 31 29 62 28 23 17 39 35 28
8524 22 126 48 14 42 1 25 33 21 13 34 28
8525 22 136 37 31 33 64 23 32 26 21 34 28
8526 22 88 22 1 23 27 28 21 21 15 34 28
8527 22 70 38 28 38 63 23 20 37 11 34 28
8528 22 145 39 29 20 29 23 29 25 25 34 28
8529 22 107 31 46 26 80 22 37 31 18 34 28
8530 22 86 15 17 23 1 26 18 24 17 34 28
8531 22 87 18 27 17 43 25 12 44 15 34 28
8532 22 140 23 34 28 1 19 28 25 21 34 28
8533 22 108 25 34 29 60 22 28 33 14 34 28
8534 22 109 34 37 27 1 28 23 29 27 34 28
8535 22 168 43 27 40 1 21 42 26 25 34 28
8536 22 44 11 27 18 31 23 22 28 11 34 28
8537 22 49 25 21 29 64 25 26 26 11 34 28
8538 22 82 25 24 31 1 24 27 28 31 35 28
8539 22 93 22 28 32 10 23 26 39 20 34 28
8540 22 79 24 9 31 20 20 23 27 8 34 28
8541 22 164 41 16 43 45 22 26 31 13 34 28
8542 22 58 19 28 25 1 21 28 28 21 34 28
8543 22 60 34 42 24 45 23 27 27 32 35 28
8544 22 58 22 23 27 29 25 26 32 13 34 28
8545 22 86 46 36 29 59 15 25 24 29 34 28
8546 22 70 9 23 16 2 31 21 34 19 34 28
8547 22 13 12 31 18 9 21 33 27 14 34 28
8548 22 108 28 25 28 1 20 4 26 11 34 28
8549 22 174 20 13 24 9 23 26 29 25 34 28
8550 22 126 14 9 31 1 24 23 17 3 34 28
8551 22 226 39 41 30 119 23 23 26 28 34 28
8552 22 120 18 21 35 1 23 21 28 13 34 28
8553 22 131 31 16 36 1 20 24 23 20 34 28
8554 22 59 25 17 33 71 26 26 29 11 34 28
8555 22 131 34 44 25 34 23 28 27 33 34 28
8556 22 79 39 32 28 52 24 19 31 24 34 28
8557 22 111 32 28 29 78 18 42 27 28 34 28
8558 22 1 23 42 25 71 23 21 29 6 34 28
8559 22 135 34 42 18 38 27 33 27 38 35 28
8560 22 62 15 18 23 12 21 32 28 24 34 28
8561 22 169 31 27 29 55 29 36 35 30 35 28
8562 22 147 34 6 37 1 25 29 32 85 35 28
8563 22 153 30 28 29 24 21 28 31 20 34 28
8564 22 168 28 20 36 15 24 28 30 14 34 28
8565 22 69 25 25 28 11 25 29 29 60 34 28
8566 22 1 17 33 23 35 20 1 29 1 34 28
8567 22 113 36 22 25 29 22 21 17 20 34 28
8568 22 293 18 16 24 33 26 28 28 25 34 28
8569 22 70 37 41 24 1 20 26 29 27 34 28
8570 22 83 60 42 31 133 22 21 38 42 35 28
8571 22 105 33 35 31 69 21 26 31 12 34 28
8572 22 78 35 28 41 11 16 44 24 21 34 28
8573 22 103 34 33 39 1 19 20 26 49 35 28
8574 22 229 23 21 40 1 15 21 23 126 34 28
8575 22 208 35 23 36 90 21 22 31 6 34 28
8576 22 154 34 20 28 51 24 32 30 36 35 28
8577 22 115 34 33 37 10 17 27 24 20 34 28
8578 22 1 15 21 30 1 24 30 27 6 34 28
8579 22 126 26 39 26 25 24 26 25 19 34 28
8580 22 100 38 26 30 48 26 20 30 27 34 28
8581 22 1 25 34 22 116 24 33 28 19 34 28
8582 22 119 25 21 32 92 18 21 30 14 34 28
8583 22 77 33 20 38 17 28 26 26 8 34 28
8584 22 123 15 28 26 14 33 23 25 20 34 28
8585 22 87 37 26 31 21 25 23 31 16 34 28
8586 22 305 23 32 19 4 25 30 28 15 34 28
8587 22 77 23 22 29 27 27 29 26 18 34 28
8588 22 1 12 32 27 1 24 29 27 12 34 28
8589 22 88 21 35 20 15 24 26 29 30 34 28
8590 22 119 33 41 30 33 23 14 30 16 34 28
8591 22 74 29 29 29 61 25 33 22 21 34 28
8592 22 134 34 16 28 35 27 24 28 14 34 28
8593 22 87 22 6 31 27 19 36 24 4 34 28
8594 22 54 30 42 24 1 21 38 24 37 35 28
8595 22 353 23 26 24 15 24 25 33 20 34 28
8596 22 154 37 39 25 1 26 30 28 34 35 28
8597 22 146 26 16 24 71 20 29 24 25 34 28
8598 22 75 29 30 30 67 22 36 31 50 35 28
8599 22 122 43 28 32 1 21 42 33 27 34 28
8600 22 158 46 41 34 1 23 24 29 28 34 28
8601 22 103 21 19 27 1 23 25 27 15 34 28
8602 22 17 16 26 26 47 25 21 28 5 34 28
8603 22 122 20 34 22 37 23 31 31 24 34 28
8604 22 73 27 21 35 40 23 22 24 17 34 28
8605 22 115 21 14 33 79 16 29 36 9 34 28
8606 22 83 34 31 26 30 22 21 27 25 34 28
8607 22 100 34 31 24 42 23 28 25 33 35 28
8608 22 95 30 24 34 108 23 30 27 18 34 28
8609 22 228 19 16 27 33 26 29 27 14 34 28
8610 22 131 15 19 32 1 25 31 31 20 34 28
8611 22 136 27 21 31 1 25 31 26 26 34 28
8612 22 131 23 32 23 54 24 27 31 23 34 28
8613 22 117 20 24 33 29 20 28 29 8 34 28
8614 22 92 24 36 28 9 22 36 22 16 34 28
8615 22 141 39 24 40 1 21 26 25 14 34 28
8616 22 125 41 26 37 46 21 19 25 57 35 28
8617 22 85 43 36 35 28 22 19 27 16 34 28
8618 22 91 30 32 25 50 25 34 30 76 34 28
8619 22 164 36 24 34 87 20 21 28 13 34 28
8620 22 74 21 34 25 15 25 21 32 31 35 28
8621 22 110 40 24 28 49 28 35 27 32 35 28
8622 22 18 23 30 32 85 26 31 33 19 34 28
8623 22 137 38 22 34 1 26 30 29 23 34 28
8624 22 124 26 19 30 45 20 28 27 81 35 28
8625 22 105 27 19 30 1 17 22 25 59 34 28
8626 22 125 34 32 33 29 24 32 32 26 34 28
8627 22 125 45 37 34 71 30 34 25 33 35 28
8628 22 190 24 30 23 1 24 18 24 30 34 28
8629 22 256 30 21 39 27 25 32 26 9 34 28
8630 22 225 37 38 33 71 24 32 31 29 34 28
8631 22 65 31 23 31 81 28 27 32 22 34 28
8632 22 389 1 27 24 1 24 37 30 11 34 28
8633 22 145 33 28 35 59 49 30 21 20 34 28
8634 22 122 14 10 25 1 24 23 30 14 34 28
8635 22 168 31 26 31 1 24 30 29 17 34 28
8636 22 127 34 29 30 84 22 23 26 20 34 28
8637 22 109 22 32 32 32 25 30 28 15 34 28
8638 22 67 33 39 25 51 24 30 28 20 34 28
8639 22 124 11 32 20 1 21 22 25 24 34 28
8640 22 166 39 26 32 22 25 24 30 32 35 28
8641 22 100 35 9 37 28 19 22 38 26 34 28
8642 22 95 26 10 36 36 21 26 31 10 34 28
8643 22 204 28 15 38 1 21 23 27 13 34 28
8644 22 88 24 23 31 1 22 33 25 11 34 28
8645 22 42 13 21 18 5 15 35 24 15 34 28
8646 22 64 30 25 27 38 23 33 29 25 34 28
8647 22 90 37 38 25 74 26 27 29 27 34 28
8648 22 131 42 27 35 20 22 25 24 97 35 28
8649 22 363 28 25 33 75 25 30 28 17 34 28
8650 22 79 25 34 18 1 30 31 31 84 34 28
8651 22 81 33 19 34 110 23 24 33 10 34 28
8652 22 170 27 37 27 1 22 31 20 22 34 28
8653 22 76 41 46 24 10 21 29 15 30 34 28
8654 22 751 27 21 33 1 24 30 26 46 34 28
8655 22 104 31 23 26 59 20 21 25 22 34 28
8656 22 111 39 22 28 1 21 20 28 15 34 28
8657 22 129 31 35 29 19 23 31 28 23 34 28
8658 22 102 27 32 30 11 22 255 30 26 34 28
8659 22 1 10 33 19 35 23 30 24 7 34 28
8660 22 82 39 35 36 44 26 38 25 17 34 28
8661 22 235 48 28 39 99 22 25 31 14 34 28
8662 22 49 18 18 30 1 22 34 31 15 34 28
8663 22 65 19 27 29 1 17 32 20 22 34 28
8664 22 156 10 19 15 45 25 31 30 21 34 28
8665 22 164 26 19 33 1 27 40 38 26 34 28
8666 22 92 29 41 26 1 16 23 29 25 34 28
8667 22 1 22 39 25 49 19 28 33 14 34 28
8668 22 226 13 23 21 1 22 32 29 71 34 28
8669 22 659 43 33 37 103 21 37 38 139 35 28
8670 22 230 29 33 26 1 25 30 24 63 34 28
8671 22 94 30 23 25 32 23 30 29 22 34 28
8672 22 42 32 29 30 1 28 22 28 16 34 28
8673 22 74 35 22 31 1 19 21 23 14 34 28
8674 22 71 28 17 35 69 23 30 30 12 34 28
8675 22 109 27 20 18 39 21 26 28 25 34 28
8676 22 80 35 45 17 1 23 28 27 22 34 28
8677 22 108 24 18 33 1 20 36 31 10 34 28
8678 22 97 28 16 26 1 20 29 20 17 34 28
8679 22 66 22 21 21 8 21 22 27 26 34 28
8680 22 214 30 16 35 37 21 26 28 13 34 28
8681 22 52 22 21 27 61 25 20 27 17 34 28
8682 22 139 51 18 42 8 23 20 25 32 35 28
8683 22 88 47 24 36 103 27 23 31 23 34 28
8684 22 146 32 22 27 52 21 25 29 60 35 28
8685 22 211 19 30 32 17 24 37 28 18 34 28
8686 22 109 29 29 18 28 24 32 32 36 35 28
8687 22 84 41 45 26 28 22 47 18 20 34 28
8688 22 78 24 34 21 1 24 40 30 28 34 28
8689 22 386 26 18 21 1 24 33 28 35 35 28
8690 22 59 18 20 25 59 28 28 23 16 34 28
8691 22 157 28 25 39 5 22 28 29 10 34 28
8692 22 195 31 28 22 45 25 32 21 17 34 28
8693 22 432 30 37 21 50 27 27 28 22 34 28
8694 22 56 33 34 34 15 22 28 30 15 34 28
8695 22 122 36 32 23 18 22 28 44 34 35 28
8696 23 93 25 23 33 31 23 25 20 1 34 28
8697 22 91 25 13 28 8 19 15 16 15 34 28
8698 22 186 18 30 20 1 20 29 33 20 34 28
8699 22 196 22 33 16 9 24 37 25 27 34 28
8700 22 62 16 18 19 7 24 10 29 28 34 28
8701 22 50 25 24 43 1 29 32 28 13 34 28
8702 22 49 38 50 22 28 24 24 32 30 35 28
8703 22 131 27 14 35 1 28 38 28 9 34 28
8704 22 102 48 31 40 3 24 35 25 28 34 28
8705 22 135 44 24 36 65 24 27 35 19 34 28
8706 22 89 46 27 36 61 26 40 39 34 35 28
8707 22 106 38 33 30 62 20 27 21 19 34 28
8708 22 6 29 39 29 1 24 32 25 9 34 28
8709 22 78 45 26 39 1 23 21 30 32 35 28
8710 22 226 39 26 36 1 23 26 27 22 34 28
8711 22 91 27 36 25 10 19 28 24 28 34 28
8712 22 1 7 36 24 1 28 19 30 16 34 28
8713 22 88 22 31 25 1 19 29 26 16 34 28
8714 22 66 21 33 24 1 26 25 26 30 35 28
8715 22 213 31 20 34 48 23 26 30 20 34 28
8716 22 86 41 45 28 60 23 40 25 25 34 28
8717 22 102 38 35 26 8 27 31 23 66 34 28
8718 22 74 36 33 30 53 28 24 34 19 34 28
8719 22 102 25 23 41 38 22 34 29 2 34 28
8720 22 63 43 28 33 40 22 35 33 31 35 28
8721 22 64 25 18 29 35 23 21 32 19 34 28
8722 22 15 6 33 26 1 22 28 30 8 34 28
8723 22 127 34 31 31 1 21 26 17 25 34 28
8724 22 191 32 28 31 42 24 24 20 13 34 28
8725 22 89 21 7 31 1 27 23 30 28 34 28
8726 22 76 30 35 28 23 26 33 32 18 34 28
8727 22 135 46 32 35 31 23 22 28 37 35 28
8728 22 66 19 41 15 46 26 32 34 31 35 28
8729 22 65 13 16 20 10 27 32 25 16 34 28
8730 22 65 27 28 30 36 27 22 25 12 34 28
8731 22 53 18 31 28 6 22 25 31 17 34 28
8732 22 130 37 24 32 59 27 27 30 19 34 28
8733 22 94 29 25 25 40 21 30 32 34 34 28
8734 22 88 31 28 29 48 23 26 29 21 34 28
8735 22 55 26 31 23 54 23 21 33 17 34 28
8736 22 109 40 40 37 71 22 27 25 17 34 28
8737 22 155 37 44 26 68 24 32 30 23 34 28
8738 22 167 28 35 23 1 25 26 27 44 34 28
8739 22 75 33 25 31 13 27 16 32 37 35 28
8740 22 105 20 33 23 1 29 33 28 32 35 28
8741 22 23 20 37 26 1 24 43 29 21 34 28
8742 22 132 24 25 28 1 18 26 24 14 34 28
8743 22 87 23 27 18 30 27 28 26 29 34 28
8744 22 96 28 27 28 27 13 22 30 14 34 28
8745 22 202 25 19 31 39 22 23 31 3 34 28
8746 22 82 40 25 24 27 19 24 26 19 34 28
8747 22 82 47 37 38 11 25 34 23 34 35 28
8748 22 36 18 20 29 1 25 20 25 9 34 28
8749 22 78 18 24 33 1 24 32 25 55 35 28
8750 22 149 44 38 32 1 17 1 36 35 34 28
8751 22 82 28 19 37 1 20 24 22 7 34 28
8752 22 97 24 30 22 16 21 25 28 19 34 28
8753 22 1 10 22 25 8 17 20 18 73 34 28
8754 22 39 35 45 31 70 28 34 26 21 34 28
8755 22 318 31 40 32 1 27 40 29 29 34 28
8756 22 76 29 30 24 86 25 35 28 27 34 28
8757 22 158 30 25 29 103 23 28 30 18 34 28
8758 22 85 22 24 25 44 21 27 28 20 34 28
8759 22 124 38 36 21 1 22 42 24 41 35 28
8760 22 126 27 27 34 23 20 1 26 9 34 28
8761 22 106 9 21 17 1 15 32 25 18 34 28
8762 22 233 32 38 20 34 25 36 23 35 35 28
8763 22 139 38 30 30 1 24 27 26 28 34 28
8764 22 71 32 33 25 69 25 23 27 67 35 28
8765 22 86 29 11 27 77 22 19 28 28 34 28
8766 22 117 33 38 22 29 18 18 26 19 34 28
8767 22 112 47 29 28 83 22 18 25 23 34 28
8768 22 238 46 19 28 1 14 22 30 31 34 28
8769 22 162 31 23 35 56 24 26 27 204 35 28
8770 22 88 27 32 29 29 26 28 27 27 34 28
8771 22 189 31 30 29 44 24 27 29 23 34 28
8772 22 143 38 27 29 76 24 28 27 26 34 28
8773 22 127 27 16 30 29 18 28 30 14 34 28
8774 22 151 30 24 26 72 27 35 29 74 34 28
8775 22 66 32 22 33 80 23 17 25 4 34 28
8776 22 57 33 21 38 40 18 22 30 2 34 28
8777 22 73 42 23 41 1 24 23 16 11 34 28
8778 22 136 17 21 31 51 28 31 31 17 34 28
8779 22 117 40 25 37 1 12 28 34 22 34 28
8780 22 83 30 37 19 46 22 20 28 22 34 28
8781 22 69 24 23 26 44 23 30 21 18 34 28
8782 22 212 12 21 30 1 24 24 31 7 34 28
8783 22 113 33 34 32 48 21 32 25 26 34 28
8784 22 118 34 24 30 1 24 14 27 27 34 28
8785 22 129 42 15 43 1 28 23 28 34 35 28
8786 22 165 28 27 30 43 25 37 35 30 34 28
8787 22 164 43 37 33 1 23 33 24 32 34 28
8788 22 145 25 16 29 1 22 15 29 18 34 28
8789 22 1363 39 35 39 61 33 46 25 15 34 28
8790 22 89 31 31 25 55 23 36 33 23 34 28
8791 22 1 17 26 23 51 28 25 27 6 34 28
8792 22 222 37 28 38 55 22 26 31 16 34 28
8793 22 57 22 27 27 53 23 26 32 10 34 28
8794 22 473 27 21 35 49 23 19 27 1 34 28
8795 22 157 26 30 20 22 25 30 19 27 34 28
8796 22 314 22 20 36 1 24 25 30 3 34 28
8797 22 113 39 33 32 82 26 25 15 47 35 28
8798 22 126 12 7 32 1 19 27 28 14 34 28
8799 22 49 33 43 26 57 25 36 26 17 34 28
8800 22 72 31 34 29 1 24 27 22 41 35 28
8801 22 114 34 19 35 37 28 38 28 12 34 28
8802 22 109 35 35 31 1 24 27 23 15 34 28
8803 22 404 40 27 31 28 22 27 36 24 34 28
8804 22 188 23 30 27 1 30 37 34 17 34 28
8805 22 121 40 23 41 31 23 30 25 14 34 29
8806 22 96 36 31 28 20 25 30 23 32 34 28
8807 22 70 23 17 28 7 25 20 34 26 33 27
8808 22 145 46 27 40 26 22 29 27 68 35 28
8809 22 165 46 32 34 1 21 35 30 43 35 28
8810 22 101 29 25 30 13 25 19 24 21 34 28
8811 22 87 29 30 21 40 22 30 25 31 34 28
8812 22 246 40 39 25 104 26 14 30 22 34 28
8813 22 117 33 18 36 73 22 27 26 3 34 28
8814 22 127 20 21 25 3 22 19 24 25 34 28
8815 22 171 18 11 35 1 21 36 18 9 34 28
8816 22 111 28 21 28 4 26 22 23 14 34 28
8817 22 391 22 23 26 16 29 29 32 14 34 28
8818 22 53 15 26 15 14 34 34 29 24 34 28
8819 22 24 9 32 25 1 21 25 26 13 34 28
8820 22 75 18 24 24 1 24 1 29 20 34 28
8821 22 113 27 33 24 1 25 37 36 33 34 28
8822 22 93 22 26 21 72 19 29 35 29 34 28
8823 22 90 29 37 14 1 25 29 26 40 35 28
8824 22 112 25 29 27 1 22 37 26 21 34 28
8825 22 141 27 30 23 15 20 36 18 31 34 28
8826 22 72 37 23 31 72 23 29 27 20 34 28
8827 22 107 39 38 30 75 27 41 28 20 34 28
8828 22 69 25 33 26 1 24 41 29 37 34 28
8829 22 200 26 19 33 19 23 29 30 64 34 28
8830 22 98 38 32 25 47 16 21 21 28 34 28
8831 22 261 36 26 36 16 20 33 27 2 34 28
8832 22 224 21 22 31 18 20 30 23 5 34 28
8833 22 107 40 1 43 11 26 26 33 25 34 28
8834 22 97 27 34 15 1 24 29 29 32 34 28
8835 22 113 33 33 24 9 22 27 20 29 34 28
8836 22 181 24 32 23 1 22 34 23 26 34 28
8837 22 134 41 21 31 28 23 22 26 31 34 28
8838 22 82 35 27 31 1 20 21 24 24 34 28
8839 22 82 34 30 31 1 24 23 27 27 34 28
8840 22 128 22 24 31 35 27 24 32 27 34 28
8841 22 149 42 26 39 45 19 27 26 21 34 28
8842 22 79 36 20 37 47 27 27 34 13 34 28
8843 22 1 22 35 24 20 25 24 27 10 34 28
8844 22 134 44 30 19 56 24 21 26 30 34 28
8845 22 102 25 16 32 1 25 32 22 15 34 28
8846 22 233 19 26 28 7 24 36 23 13 34 28
8847 22 193 36 33 25 39 23 3 32 23 34 28
8848 22 169 26 28 32 1 28 21 35 15 34 28
8849 22 72 37 24 36 1 26 21 20 26 34 28
8850 22 866 12 7 28 1 20 32 23 6 34 28
8851 22 111 26 23 31 37 28 37 26 22 34 28
8852 22 61 43 34 33 84 31 30 26 31 35 28
8853 22 77 28 40 26 101 25 22 29 23 34 28
8854 22 267 27 24 29 75 27 36 32 15 34 28
8855 22 86 23 33 22 1 22 40 29 34 34 28
8856 22 129 36 23 40 78 21 31 24 33 34 28
8857 22 196 29 21 25 1 27 26 30 17 34 28
8858 22 61 28 17 41 64 25 27 33 1 34 28
8859 22 123 37 41 22 1 27 39 30 40 35 28
8860 22 158 41 17 34 41 24 28 26 17 34 28
8861 22 141 35 14 42 1 20 20 27 17 34 28
8862 22 62 20 22 32 8 23 11 22 1 34 28
8863 22 143 34 26 33 1 23 31 32 19 34 28
8864 22 128 16 21 18 1 21 31 16 17 34 28
8865 22 107 32 5 37 1 20 18 22 17 34 28
8866 22 95 25 31 21 33 27 23 32 23 34 28
8867 22 141 39 33 27 34 23 27 31 17 34 28
8868 22 41 27 39 16 51 25 27 28 21 34 28
8869 22 79 41 28 25 21 24 22 21 19 34 28
8870 22 108 31 27 36 1 28 24 26 7 34 28
8871 22 89 30 14 38 1 23 31 27 25 34 28
8872 22 80 25 25 32 15 23 39 15 9 34 28
8873 22 110 30 22 28 3 26 25 25 24 34 28
8874 22 392 38 22 30 55 28 27 29 10 34 28
8875 22 47 25 31 25 49 24 35 26 15 34 28
8876 22 128 42 26 29 52 30 29 32 25 34 28
8877 22 50 17 28 22 2 27 38 28 25 34 28
8878 22 125 24 28 32 1 20 25 30 17 34 28
8879 22 68 26 31 25 42 20 33 20 23 34 28
8880 22 62 25 17 33 1 24 27 33 18 34 28
8881 22 122 22 12 37 16 22 28 20 3 34 28
8882 22 131 36 31 33 1 22 24 28 18 34 28
8883 22 143 11 31 25 1 24 38 27 82 35 28
8884 22 159 35 19 39 76 26 23 23 8 34 28
8885 22 89 42 23 38 1 23 28 29 31 34 28
8886 22 1 14 37 16 4 16 42 30 22 34 28
8887 22 137 28 25 32 18 24 29 31 18 35 29
8888 22 59 28 24 29 18 24 23 33 20 34 28
8889 22 67 34 36 26 82 27 32 35 26 34 28
8890 22 124 27 24 24 37 21 30 25 68 35 28
8891 22 90 22 29 22 1 19 34 32 33 34 28
8892 22 79 32 48 19 26 29 40 30 33 35 28
8893 22 74 35 22 29 40 21 39 23 23 34 28
8894 22 116 28 15 37 6 27 24 21 11 34 28
8895 22 131 42 34 28 41 24 31 25 102 35 28
8896 22 99 35 24 30 62 20 28 25 39 34 28
8897 22 124 52 20 45 1 26 25 21 29 34 28
8898 22 163 32 16 40 1 19 25 28 46 35 28
8899 22 119 30 31 29 14 23 21 20 17 34 28
8900 22 32 19 31 23 16 27 13 28 27 34 28
8901 22 53 28 29 26 43 17 30 26 17 34 28
8902 22 121 33 22 32 82 22 28 26 15 34 28
8903 22 187 40 38 27 26 25 19 26 37 34 28
8904 22 79 36 39 29 30 20 28 26 33 35 28
8905 22 125 24 18 29 1 21 27 30 20 34 28
8906 22 111 16 29 20 1 26 40 27 35 35 28
8907 22 90 29 17 39 70 25 18 24 33 34 28
8908 22 228 26 29 34 36 27 34 28 9 34 28
8909 22 137 34 31 27 73 23 32 27 100 34 28
8910 22 63 20 21 28 1 22 26 24 22 34 28
8911 22 82 30 35 34 33 20 35 31 24 34 28
8912 22 59 26 25 34 1 27 32 19 22 34 28
8913 22 101 28 30 26 1 24 34 29 29 34 28
8914 22 171 27 21 27 1 25 27 31 24 34 28
8915 22 58 39 26 41 132 22 33 35 8 34 28
8916 22 68 34 31 36 40 20 32 35 24 34 28
8917 22 155 36 39 35 34 25 36 30 22 34 28
8918 22 87 44 39 26 22 25 25 20 34 34 28
8919 22 88 46 30 31 47 21 27 29 29 34 28
8920 22 140 35 12 42 1 20 15 22 20 34 28
8921 22 1 8 34 10 36 23 22 29 18 34 28
8922 22 168 30 35 23 42 30 25 33 26 34 28
8923 22 147 33 31 33 1 25 24 21 17 34 28
8924 22 52 30 50 24 53 21 39 34 28 34 28
8925 22 299 34 42 19 10 23 32 30 38 35 28
8926 22 110 37 19 25 43 29 33 28 17 34 28
8927 22 89 38 33 31 66 24 20 29 118 35 28
8928 22 82 43 36 30 121 26 30 34 77 34 28
8929 22 56 31 26 31 24 21 26 26 13 34 28
8930 22 90 23 26 34 20 26 33 31 24 34 28
8931 22 417 25 13 26 47 23 19 18 6 34 28
8932 22 128 59 25 44 85 19 27 38 41 34 28
8933 22 85 18 20 28 8 23 24 32 10 34 28
8934 22 83 38 25 34 52 22 30 25 22 34 28
8935 22 70 28 20 35 1 21 27 27 16 34 28
8936 22 159 36 18 29 45 24 21 32 25 34 28
8937 22 99 53 33 47 55 19 32 29 50 35 28
8938 22 262 29 16 36 61 28 23 32 14 34 28
8939 22 176 37 40 25 22 22 30 29 32 35 28
8940 22 86 20 25 26 1 18 36 28 23 34 28
8941 22 188 26 20 33 1 28 31 24 10 34 28
8942 22 78 21 27 18 16 22 27 23 19 34 28
8943 22 146 32 20 26 53 21 15 28 65 34 28
8944 22 210 24 11 37 30 24 21 30 8 34 28
8945 22 69 34 34 33 51 25 29 30 15 34 28
8946 22 146 40 36 32 28 21 24 27 17 34 28
8947 22 502 43 35 35 53 19 21 33 24 34 28
8948 22 124 32 29 35 51 28 21 37 14 34 28
8949 22 60 26 16 29 46 21 37 30 21 34 28
8950 22 182 45 31 41 76 29 26 34 12 34 28
8951 22 61 37 28 37 63 20 23 32 2 34 28
8952 22 149 43 36 28 4 20 23 24 28 34 28
8953 22 245 31 35 31 71 24 16 26 18 34 28
8954 22 84 37 30 23 98 23 1 32 22 34 28
8955 22 275 23 27 24 9 19 34 26 34 34 28
8956 22 123 21 5 35 1 25 24 26 13 34 28
8957 22 48 30 30 23 41 27 29 26 28 34 28
8958 22 137 37 23 36 1 22 35 26 16 34 28
8959 22 52 22 22 32 24 21 25 26 19 34 28
8960 22 141 19 28 16 22 25 1 27 20 34 28
8961 22 173 39 23 31 23 24 28 28 35 35 28
8962 22 135 37 28 31 70 25 32 32 25 34 28
8963 22 313 21 24 29 31 23 24 29 11 34 28
8964 22 74 34 33 32 35 27 21 27 12 34 28
8965 22 111 29 32 29 13 25 29 29 23 34 28
8966 22 119 16 15 27 39 25 25 29 9 34 28
8967 22 159 35 32 28 16 20 18 24 23 34 28
8968 22 343 43 17 36 19 24 22 28 28 34 28
8969 22 109 31 21 35 1 19 29 26 16 34 28
8970 22 290 46 25 22 55 23 23 31 38 34 28
8971 22 101 29 27 34 1 22 33 24 21 34 28
8972 22 137 33 26 35 1 28 25 25 12 34 28
8973 22 118 31 36 26 47 20 20 27 16 34 28
8974 22 53 27 37 20 1 26 27 28 29 34 28
8975 22 182 33 29 29 72 23 29 34 59 34 28
8976 22 81 34 18 39 1 24 23 28 9 34 28
8977 22 55 33 23 39 85 23 26 25 13 34 28
8978 22 144 41 19 33 9 22 32 29 22 34 28
8979 22 132 16 24 15 14 23 35 33 30 34 28
8980 22 263 26 30 19 1 28 24 23 28 34 28
8981 22 60 29 24 38 1 23 33 35 19 34 28
8982 22 1065 798 1737 362 531 1078 89 98 75 35 28
8983 22 80 29 20 32 88 25 18 29 10 34 28
8984 22 128 29 34 33 1 18 8 26 17 34 28
8985 22 68 34 35 29 1 20 33 21 33 35 28
8986 22 8 25 29 40 1 30 21 34 10 34 28
8987 22 146 25 22 19 41 22 47 22 28 34 28
8988 22 1 21 45 24 1 28 30 22 19 34 28
8989 22 298 14 19 29 1 25 28 27 11 34 28
8990 22 58 29 19 33 27 19 14 41 23 34 28
8991 22 101 22 26 32 28 32 37 23 18 34 28
8992 22 81 28 22 37 14 22 27 21 6 34 28
8993 22 102 27 31 30 25 27 25 16 8 34 28
8994 22 127 43 22 34 47 18 25 30 26 34 28
8995 22 150 34 25 32 98 28 27 26 26 34 28
8996 22 146 41 32 28 34 20 30 29 31 35 28
8997 22 92 36 22 34 55 25 26 29 14 34 28
8998 22 63 45 35 37 77 19 29 31 24 34 28
8999 22 106 43 27 39 23 27 27 33 12 34 28
9000 22 69 33 18 39 55 27 20 27 13 34 28
9001 22 127 38 34 31 74 23 32 31 24 34 28
9002 22 165 31 42 16 45 22 27 25 86 35 28
9003 22 79 28 127 37 86 27 114 22 42 35 28
9004 22 69 35 27 38 49 23 31 32 16 34 28
9005 22 73 26 23 33 76 21 28 25 12 34 28
9006 22 108 20 26 36 1 20 27 37 11 34 28
9007 22 136 44 37 31 73 20 27 35 29 34 28
9008 22 1 19 41 28 1 27 74 16 5 34 28
9009 22 106 23 37 19 2 22 31 28 19 34 28
9010 22 137 35 34 26 1 22 39 35 31 34 28
9011 22 98 27 25 25 64 28 23 26 22 34 28
9012 22 135 41 29 29 63 26 32 33 31 35 28
9013 22 54 26 29 31 1 23 31 26 21 34 28
9014 22 164 42 14 43 1 19 28 29 5 34 28
9015 22 118 19 6 27 10 27 29 28 30 34 28
9016 22 172 33 29 23 38 23 28 26 20 34 28
9017 22 130 41 26 37 1 20 27 27 25 34 28
9018 22 123 20 13 37 14 28 28 28 10 34 28
9019 22 87 24 22 28 42 23 34 23 15 34 28
9020 22 230 27 18 35 1 24 22 31 7 34 28
9021 22 99 22 31 23 1 28 30 23 50 34 28
9022 22 170 41 32 40 28 21 25 30 54 34 28
9023 22 108 32 35 21 30 24 38 26 27 34 28
9024 22 199 36 31 31 48 19 29 23 28 34 28
9025 22 16 20 32 30 1 24 29 33 17 34 28
9026 22 323 34 21 28 6 27 27 30 58 34 28
9027 22 97 25 28 27 19 25 20 19 10 34 28
9028 22 90 32 27 30 52 20 34 25 16 34 28
9029 22 105 27 15 32 19 28 163 32 18 34 28
9030 22 66 24 32 24 1 22 33 27 26 34 28
9031 22 77 38 23 35 44 24 30 21 20 34 28
9032 22 103 37 15 37 1 20 23 23 28 34 28
9033 22 149 36 31 36 79 30 26 35 14 34 28
9034 22 51 27 20 37 1 25 36 21 5 34 28
9035 22 95 30 26 31 8 22 25 28 67 34 28
9036 22 117 30 34 25 53 28 33 28 23 34 28
9037 22 83 34 35 28 48 24 22 26 22 34 28
9038 22 138 27 27 27 9 23 31 22 17 34 28
9039 22 106 21 16 32 1 22 24 29 17 34 28
9040 22 114 28 28 32 110 24 17 21 9 34 28
9041 22 121 31 23 28 21 25 24 29 21 34 28
9042 22 85 30 12 40 32 28 36 23 11 34 28
9043 22 29 7 27 20 17 26 21 33 20 34 28
9044 22 223 35 36 31 64 24 27 27 20 34 28
9045 22 101 18 14 28 7 18 19 35 61 34 28
9046 22 1 15 22 18 19 23 36 26 13 34 28
9047 22 198 40 36 30 1 21 36 31 38 35 28
9048 22 130 35 15 32 11 21 24 27 28 34 28
9049 22 1 20 41 19 3 26 35 26 63 34 28
9050 22 151 31 28 26 79 22 19 28 18 34 28
9051 22 174 34 30 30 1 20 39 36 33 35 28
9052 22 169 34 39 22 29 25 34 29 39 35 28
9053 22 128 29 24 34 1 24 32 26 16 34 28
9054 22 103 36 19 33 105 21 37 28 17 34 28
9055 22 100 39 33 27 59 26 35 26 35 35 28
9056 22 118 42 32 25 76 20 35 21 29 34 28
9057 22 150 44 20 41 37 24 21 21 19 34 28
9058 22 63 35 24 25 72 24 29 31 18 34 28
9059 22 159 33 31 25 1 22 34 36 27 34 28
9060 22 46 22 34 16 1 22 33 23 30 34 28
9061 22 196 34 22 27 34 26 32 24 31 34 28
9062 22 150 24 24 31 85 17 25 23 8 34 28
9063 22 181 31 24 25 92 27 33 26 72 35 28
9064 22 144 40 20 30 69 26 1 33 31 34 28
9065 22 88 43 32 32 35 21 27 25 17 34 28
9066 22 82 31 34 26 1 26 22 27 30 34 28
9067 22 68 38 34 31 85 20 31 25 30 35 28
9068 22 51 21 25 30 87 26 24 22 15 34 28
9069 22 1 9 24 27 60 26 24 23 4 34 28
9070 22 70 23 28 26 1 26 19 31 18 34 28
9071 22 114 41 37 27 1 23 23 23 28 34 28
9072 22 134 37 42 24 1 24 32 24 30 34 28
9073 22 64 27 34 24 34 21 24 23 23 34 28
9074 22 145 15 17 28 18 23 26 23 12 34 28
9075 22 71 32 27 34 43 30 29 22 4 34 28
9076 22 93 24 13 27 27 25 32 30 25 34 28
9077 22 135 37 18 40 53 20 28 32 15 34 28
9078 22 130 42 35 30 91 21 43 32 14 34 28
9079 22 104 38 20 35 112 32 34 28 18 34 28
9080 22 74 38 28 35 38 21 26 26 15 34 28
9081 22 1 8 23 16 1 25 29 28 16 34 28
9082 22 81 33 31 36 1 20 34 25 9 34 28
9083 22 148 39 28 26 50 23 29 25 24 34 28
9084 22 67 33 30 41 1 23 30 32 23 34 28
9085 22 71 28 21 28 16 27 25 30 23 34 28
9086 22 114 27 21 33 37 23 1 31 9 34 28
9087 22 84 31 36 25 1 17 21 31 21 34 28
9088 22 378 24 29 28 1 27 26 24 33 34 28
9089 22 117 34 20 41 1 24 33 28 23 34 28
9090 22 145 30 20 32 2 21 23 28 25 34 28
9091 22 131 26 21 42 47 27 26 28 5 34 28
9092 22 71 27 17 38 10 24 16 28 19 34 28
9093 22 48 34 41 31 46 22 1 31 18 34 28
9094 22 16 17 41 25 1 23 22 28 10 34 28
9095 22 229 20 32 22 34 23 30 24 19 34 28
9096 22 111 24 29 17 1 27 30 42 39 34 28
9097 22 53 25 24 30 1 16 27 24 22 34 28
9098 22 110 34 23 37 40 16 22 20 76 34 28
9099 22 130 31 36 24 12 22 28 29 101 34 28
9100 22 271 46 33 35 1 23 30 27 39 34 28
9101 22 595 26 19 30 5 26 33 27 22 34 28
9102 22 94 39 41 38 57 24 27 27 14 34 28
9103 22 54 23 34 21 48 25 25 31 29 34 28
9104 22 74 32 24 35 2 20 27 32 27 34 28
9105 22 64 32 29 29 49 26 21 33 28 34 28
9106 22 132 35 18 32 1 22 22 29 27 34 28
9107 22 307 33 35 27 1 26 33 23 28 35 28
9108 22 106 33 28 39 21 21 27 22 55 34 28
9109 22 194 47 28 41 81 25 31 28 7 34 28
9110 22 204 22 20 23 61 24 21 20 18 34 28
9111 22 107 40 31 34 30 29 27 30 27 35 28
9112 22 149 22 34 14 22 29 34 20 30 34 28
9113 22 95 39 18 35 5 21 22 27 27 34 28
9114 22 67 36 43 34 83 25 41 30 24 34 28
9115 22 139 18 26 18 21 24 25 22 107 34 28
9116 22 392 22 33 22 1 24 32 27 32 34 28
9117 22 109 34 13 33 1 24 33 33 18 34 28
9118 22 1 8 42 14 1 19 25 28 53 34 28
9119 22 71 16 19 34 1 25 31 27 15 34 28
9120 22 31 21 30 32 1 20 19 26 7 34 28
9121 22 148 49 28 29 110 19 30 35 34 34 28
9122 22 84 23 32 21 9 22 25 25 31 35 28
9123 22 136 38 28 35 58 22 29 25 11 34 28
9124 22 123 48 38 32 74 21 34 36 28 34 28
9125 22 21 25 38 26 36 22 21 27 16 34 28
9126 22 105 16 3 30 17 23 28 16 57 34 28
9127 22 190 25 23 32 1 27 22 29 5 34 28
9128 22 147 32 36 34 60 25 44 30 12 34 28
9129 22 180 41 37 31 1 22 27 29 38 34 28
9130 22 64 36 31 31 35 22 22 30 28 34 28
9131 22 71 29 25 29 40 38 29 27 24 34 28
9132 22 167 32 38 24 1 23 42 29 42 34 28
9133 22 60 28 29 28 69 25 24 26 18 34 28
9134 22 103 26 38 11 8 24 32 25 20 34 28
9135 22 94 34 14 43 32 21 30 29 19 34 28
9136 22 196 38 16 33 104 20 27 22 20 34 28
9137 22 66 38 32 32 9 21 28 28 30 34 28
9138 22 57 18 15 29 45 28 29 25 32 35 28
9139 22 131 24 21 17 24 21 29 29 101 35 28
9140 22 156 22 20 23 40 22 11 28 21 34 28
9141 22 119 33 38 28 30 20 23 28 13 34 28
9142 22 101 40 23 27 34 25 31 27 17 34 28
9143 22 63 34 30 30 83 25 26 29 8 34 28
9144 22 80 13 30 12 36 24 22 21 17 34 28
9145 22 94 38 41 25 52 23 15 25 38 35 28
9146 22 101 35 30 25 72 28 35 35 33 35 28
9147 22 176 17 23 28 44 24 1 37 8 34 28
9148 22 291 34 18 30 1 25 29 26 13 34 28
9149 22 248 28 42 20 27 19 31 30 30 35 28
9150 22 96 30 17 28 37 16 1 31 9 34 28
9151 22 152 21 14 35 1 22 21 19 5 34 28
9152 22 136 42 54 24 1 29 31 32 26 34 28
9153 22 146 27 31 38 8 20 1 34 14 34 28
9154 22 332 29 26 28 1 21 29 26 31 34 28
9155 22 80 40 27 35 1 21 19 27 20 34 28
9156 22 82 20 13 33 29 25 19 25 7 34 28
9157 22 118 25 19 34 53 29 28 27 12 34 28
9158 22 241 24 1 38 1 25 26 34 10 34 28
9159 22 101 40 21 43 50 25 25 23 9 34 28
9160 22 267 32 20 27 31 25 20 26 10 34 28
9161 22 106 34 30 30 1 28 36 32 36 35 28
9162 22 129 20 26 27 10 23 26 30 15 34 28
9163 22 71 40 43 34 1 22 21 26 59 35 28
9164 22 51 36 38 36 1 25 43 24 18 34 28
9165 22 77 42 18 38 43 20 26 35 1 34 28
9166 22 92 19 31 17 1 22 21 22 19 34 28
9167 22 97 31 36 22 9 23 31 30 40 34 28
9168 22 59 35 26 23 51 21 23 25 12 34 28
9169 22 63 26 28 26 1 26 23 26 12 34 28
9170 22 100 23 23 30 1 19 20 31 12 34 28
9171 22 63 22 21 26 28 20 30 28 7 34 28
9172 22 139 33 29 39 1 21 31 34 22 34 28
9173 22 132 40 17 27 86 27 27 27 36 35 28
9174 22 142 22 31 31 1 27 30 27 18 34 28
9175 22 146 42 38 36 1 26 30 26 19 34 28
9176 22 129 29 20 27 33 25 25 23 13 34 28
9177 22 95 34 23 33 39 21 25 29 27 34 28
9178 22 172 48 31 39 77 24 27 26 77 35 28
9179 22 173 35 30 34 62 21 27 28 25 34 28
9180 22 55 23 23 22 19 28 37 24 22 34 28
9181 22 185 21 32 24 1 19 24 26 26 34 28
9182 22 104 42 32 29 5 25 1 24 32 34 28
9183 22 127 26 25 22 22 19 24 26 22 34 28
9184 22 82 49 35 37 57 20 27 30 23 34 28
9185 22 162 18 21 20 26 27 31 37 20 34 28
9186 22 116 32 33 24 1 25 37 23 37 35 28
9187 22 154 30 26 33 1 20 37 20 12 34 28
9188 22 106 36 33 29 1 21 28 22 30 34 28
9189 22 81 24 33 19 53 27 32 30 23 34 28
9190 22 110 28 10 30 22 23 27 26 34 35 28
9191 22 945 31 16 39 73 21 36 25 12 34 28
9192 22 324 34 26 34 120 24 30 33 10 34 28
9193 22 242 40 26 30 20 22 13 24 29 34 28
9194 22 190 21 17 32 1 24 20 27 8 34 28
9195 22 34 15 12 23 24 20 29 26 4 34 28
9196 22 87 37 22 43 68 25 26 25 1 34 28
9197 22 86 46 34 33 1 21 41 26 39 35 28
9198 22 189 19 27 20 17 25 31 24 31 34 28
9199 22 155 35 29 36 54 26 27 25 25 34 28
9200 22 103 31 16 37 1 25 24 25 16 34 28
9201 22 97 23 26 35 1 25 30 24 18 34 28
9202 22 51 34 33 31 1 18 38 37 28 34 28
9203 22 22 12 20 33 12 19 22 23 1 34 28
9204 22 228 43 23 31 64 25 13 32 19 34 28
9205 22 119 35 15 37 1 19 26 23 20 34 28
9206 22 169 38 24 36 17 23 30 24 15 34 28
9207 22 168 24 31 29 1 17 32 37 32 34 28
9208 22 116 37 35 35 1 17 2 28 11 34 28
9209 22 55 17 26 26 1 26 20 33 109 34 28
9210 22 181 45 30 41 90 23 22 30 9 34 28
9211 22 234 32 25 21 1 26 29 26 40 35 28
9212 22 30 21 22 29 1 19 24 25 7 34 28
9213 22 90 37 29 32 54 22 28 21 24 34 28
9214 22 39 30 44 29 1 16 18 31 28 34 28
9215 22 35 25 24 35 1 25 34 30 10 34 28
9216 22 267 38 26 31 61 22 28 26 5 34 28
9217 22 153 31 24 33 50 27 30 28 21 34 28
9218 22 22 24 28 32 1 20 22 35 14 34 28
9219 22 124 41 37 31 1 22 33 30 38 35 28
9220 22 161 29 41 18 46 28 41 24 45 35 28
9221 22 96 34 25 29 77 21 28 28 15 34 28
9222 22 89 39 28 35 35 20 26 29 24 34 28
9223 22 105 26 23 26 47 21 28 32 11 34 28
9224 22 111 19 14 32 3 25 29 29 10 34 28
9225 22 42 16 17 27 30 25 24 23 15 34 28
9226 22 292 44 29 31 17 27 37 31 36 35 28
9227 22 76 22 23 32 15 25 18 29 1 34 28
9228 22 88 23 12 32 13 22 19 31 32 34 28
9229 22 150 33 21 26 14 22 26 29 30 34 28
9230 22 264 46 45 35 79 24 22 38 31 35 28
9231 22 165 38 17 43 67 22 27 23 3 34 28
9232 22 69 28 23 26 38 28 30 29 13 34 28
9233 22 107 32 25 39 1 19 23 28 12 34 28
9234 22 115 21 22 35 43 23 19 29 8 34 28
9235 22 96 47 26 45 87 21 15 26 1 34 28
9236 22 211 63 22 40 95 23 20 18 28 34 28
9237 22 107 41 16 37 1 21 19 23 27 34 28
9238 22 1 26 27 33 10 22 22 27 3 34 28
9239 22 32 33 34 35 1 25 13 25 8 34 28
9240 22 114 28 34 22 40 23 35 29 36 34 28
9241 22 131 37 16 34 77 18 25 29 10 34 28
9242 22 116 32 34 27 1 19 33 31 37 34 28
9243 22 13 46 26 30 1 30 33 21 6 34 28
9244 22 60 27 27 33 1 23 30 33 19 34 28
9245 22 89 33 18 38 46 21 26 30 4 34 28
9246 22 141 31 17 35 53 26 23 19 2 34 28
9247 22 142 32 42 17 52 22 39 24 33 35 28
9248 22 136 33 25 34 16 22 22 25 13 34 28
9249 22 112 19 9 32 64 20 25 29 11 34 28
9250 22 131 45 12 33 4 26 38 21 28 34 28
9251 22 154 37 34 33 66 27 25 29 12 34 28
9252 22 94 42 32 32 73 26 28 26 32 34 28
9253 22 63 23 27 22 1 28 28 25 37 34 28
9254 22 1 26 30 31 1 25 28 23 5 34 28
9255 23 141 33 7 25 77 23 28 22 30 35 28
9256 22 72 33 21 25 22 25 23 24 15 34 28
9257 22 39 38 30 35 1 26 22 27 19 34 28
9258 22 77 22 30 26 40 28 28 35 16 34 28
9259 22 156 31 29 29 14 19 28 26 19 34 28
9260 22 66 32 34 25 36 25 1 28 17 34 28
9261 22 399 43 25 35 20 20 25 25 24 34 28
9262 22 101 23 28 34 1 20 29 29 18 34 28
9263 22 65 32 35 26 19 19 24 33 32 34 28
9264 22 580 47 32 27 64 23 30 20 50 34 28
9265 22 171 23 22 30 1 23 30 31 20 34 28
9266 22 106 31 47 24 12 19 33 25 40 34 28
9267 22 48 20 20 32 27 24 26 30 11 34 28
9268 22 217 37 41 24 35 25 25 26 27 34 28
9269 22 72 28 24 32 1 26 26 29 15 34 28
9270 22 200 35 27 44 110 24 20 24 5 34 28
9271 22 71 22 24 27 23 25 33 23 17 34 28
9272 22 1 20 43 17 79 25 9 29 20 34 28
9273 22 71 26 23 27 3 17 20 32 18 34 28
9274 22 89 23 29 21 34 23 31 23 29 34 28
9275 22 127 33 32 23 14 23 36 26 20 34 28
9276 22 88 25 25 15 11 22 18 28 29 34 28
9277 22 143 23 8 41 38 25 21 26 6 34 28
9278 22 123 33 20 39 1 19 29 32 12 34 28
9279 22 127 38 21 37 121 22 31 22 7 34 28
9280 22 97 29 30 29 1 24 36 23 17 34 28
9281 22 143 29 22 31 3 21 22 29 26 34 28
9282 22 424 32 31 29 30 27 33 27 32 34 28
9283 22 75 35 26 35 1 27 27 19 1 34 28
9284 22 68 40 30 30 1 22 26 27 36 34 28
9285 22 86 34 17 38 50 26 28 22 13 34 28
9286 22 159 26 24 25 19 25 32 19 11 34 28
9287 22 132 26 27 24 17 26 27 30 16 34 28
9288 21 1 22 35 33 1 20 5 40 1 33 27
9289 22 71 44 34 39 113 28 32 36 17 34 28
9290 22 96 35 27 33 1 23 32 27 51 34 28
9291 22 57 32 25 30 69 26 19 22 19 34 28
9292 22 68 16 28 29 1 26 29 17 18 34 28
9293 22 116 49 31 37 59 23 24 29 72 35 28
9294 22 82 33 25 31 38 22 28 30 11 34 28
9295 22 89 31 21 29 45 23 19 27 19 34 28
9296 22 414 44 25 42 72 22 25 30 21 34 28
9297 22 55 23 31 25 1 24 24 31 12 34 28
9298 22 111 32 33 31 55 23 33 34 15 34 28
9299 22 107 48 23 34 75 25 29 38 29 34 28
9300 22 146 44 26 30 29 22 29 31 30 34 28
9301 22 107 35 36 26 1 18 28 27 39 34 28
9302 22 168 19 29 23 1 20 24 28 19 34 28
9303 22 137 41 37 22 40 24 38 27 70 34 28
9304 22 65 36 22 34 31 22 17 29 21 34 28
9305 22 136 27 16 33 1 21 34 32 66 34 28
9306 22 50 30 40 29 57 27 38 24 13 34 28
9307 22 139 29 27 30 1 25 24 25 21 34 28
9308 22 4 30 46 31 1 19 23 27 22 34 28
9309 22 226 26 20 30 68 24 29 21 23 34 28
9310 22 120 34 25 34 1 23 29 28 18 34 28
9311 22 171 18 25 26 28 26 38 28 32 34 28
9312 22 96 30 31 33 1 20 27 25 16 34 28
9313 22 140 30 32 31 19 28 31 30 34 34 28
9314 22 113 37 29 35 24 21 32 27 77 34 28
9315 22 249 18 19 27 11 23 28 35 29 34 28
9316 22 206 40 23 33 1 22 24 29 14 34 28
9317 22 68 27 23 34 7 20 1 32 24 34 28
9318 22 71 26 38 22 1 19 29 33 26 34 28
9319 22 145 14 12 27 43 28 32 25 47 34 28
9320 22 40 19 26 23 1 27 27 27 17 34 28
9321 22 291 41 21 41 1 23 33 25 7 34 28
9322 22 110 28 27 25 86 23 30 27 15 34 28
9323 22 119 35 36 19 25 28 26 28 29 34 28
9324 22 95 20 26 23 1 21 40 32 22 34 28
9325 22 70 25 28 25 1 24 33 26 25 34 28
9326 22 92 32 25 27 54 20 33 28 21 34 28
9327 22 66 22 23 23 25 22 20 34 23 34 28
9328 22 166 31 13 35 1 20 31 32 59 34 28
9329 22 54 31 47 28 51 21 5 38 30 34 28
9330 22 151 34 26 33 50 24 29 38 26 34 28
9331 22 170 25 13 30 65 22 24 24 7 34 28
9332 22 128 27 31 24 8 20 32 21 63 34 28
9333 22 68 35 32 37 36 30 32 37 36 34 28
9334 22 231 19 33 38 1 23 30 27 3 34 28
9335 22 52 15 21 23 57 25 28 28 22 34 28
9336 22 62 27 34 23 15 25 28 28 26 34 28
9337 22 150 32 28 27 85 21 30 26 24 34 28
9338 22 112 34 10 35 49 23 33 27 20 34 28
9339 22 183 27 24 37 9 23 27 31 27 34 28
9340 22 66 22 14 35 23 23 24 29 12 34 28
9341 22 56 28 41 25 11 24 1 31 21 34 28
9342 22 94 27 30 35 5 21 19 36 22 34 28
9343 22 136 42 20 29 48 25 39 28 24 34 28
9344 22 65 21 26 24 12 23 35 21 19 34 28
9345 22 117 45 34 26 34 25 26 25 36 35 28
9346 22 215 18 25 9 1 24 34 24 26 34 28
9347 22 165 30 37 20 1 19 26 23 29 34 28
9348 22 103 24 18 32 9 21 28 23 13 34 28
9349 22 127 27 16 30 83 23 23 30 23 34 28
9350 22 74 40 27 38 45 25 35 27 25 34 28
9351 22 66 30 29 33 1 23 23 27 28 34 28
9352 22 222 25 11 33 20 24 26 24 131 34 28
9353 22 144 42 49 33 47 23 1 32 26 34 28
9354 22 95 31 29 28 1 18 32 33 31 34 28
9355 22 141 37 31 24 17 23 25 29 33 34 28
9356 22 178 26 26 30 1 22 24 28 38 34 28
9357 22 54 20 28 32 1 15 19 23 15 34 28
9358 22 156 14 14 23 1 26 24 22 22 34 28
9359 22 66 22 17 32 1 26 27 34 25 34 28
9360 22 90 45 33 30 111 24 27 25 23 34 28
9361 22 57 20 27 22 1 23 23 25 29 34 28
9362 22 21 27 38 24 96 24 25 30 20 34 28
9363 22 106 28 31 36 86 26 32 33 90 34 28
9364 22 90 29 22 34 86 25 23 22 13 34 28
9365 22 173 36 29 33 94 14 22 22 16 34 28
9366 22 299 22 28 23 26 25 25 18 16 34 28
9367 22 167 30 23 43 55 22 36 28 7 34 28
9368 22 116 39 25 32 32 22 26 33 20 34 28
9369 22 152 50 43 26 6 25 33 26 31 35 28
9370 22 83 25 31 28 71 18 17 28 17 34 28
9371 22 94 35 31 25 37 26 30 30 18 34 28
9372 22 105 16 16 30 2 21 23 32 20 34 28
9373 22 192 21 17 32 1 24 23 21 3 34 28
9374 22 139 15 14 30 55 23 33 26 11 34 28
9375 22 75 31 32 28 10 18 35 28 30 34 28
9376 22 275 25 13 27 19 24 27 26 108 34 28
9377 22 114 35 41 25 4 23 21 24 16 34 28
9378 22 75 28 17 29 53 19 20 24 24 34 28
9379 22 61 28 47 30 42 24 31 30 29 34 28
9380 22 64 24 27 28 1 21 18 34 15 34 28
9381 22 183 45 21 49 59 29 24 29 16 34 28
9382 22 94 37 25 29 30 22 30 25 23 34 28
9383 22 113 46 27 38 56 22 35 33 25 34 28
9384 22 66 42 26 39 41 23 23 33 8 34 28
9385 22 122 31 36 27 1 24 30 31 14 34 28
9386 22 98 16 23 21 31 18 29 23 26 34 28
9387 22 126 28 25 27 73 24 28 34 23 34 28
9388 22 1 16 30 29 1 25 29 26 7 34 28
9389 22 68 30 28 27 87 26 1 34 21 34 28
9390 22 1 27 36 36 1 24 22 25 5 34 28
9391 22 129 29 6 29 31 24 44 18 22 34 28
9392 22 127 32 41 27 69 24 31 28 12 34 28
9393 22 88 23 26 29 18 24 31 26 18 34 28
9394 22 54 36 33 29 1 24 26 30 25 34 28
9395 22 102 37 25 32 23 26 19 30 89 34 28
9396 22 822 46 21 30 14 27 31 28 28 34 28
9397 22 70 42 33 29 1 17 33 25 25 34 28
9398 22 105 23 7 31 1 22 28 26 20 34 28
9399 22 55 28 36 27 21 26 26 29 30 35 28
9400 22 84 28 14 38 1 20 31 32 12 34 28
9401 22 108 17 19 38 1 18 23 25 12 34 28
9402 22 206 16 15 27 35 22 29 28 131 34 28
9403 22 226 24 18 24 1 19 31 25 25 34 28
9404 22 73 27 26 32 1 28 24 26 19 34 28
9405 22 1 26 41 30 42 30 28 26 12 34 28
9406 22 120 52 36 38 1 21 22 34 33 35 28
9407 22 118 15 29 27 1 23 31 36 19 34 28
9408 22 91 40 20 38 33 19 41 26 11 34 28
9409 22 171 52 21 46 92 18 30 26 18 34 28
9410 22 74 40 38 33 51 26 35 35 30 34 28
9411 22 64 34 34 21 97 26 27 32 27 34 28
9412 22 95 38 22 38 4 22 28 25 17 34 28
9413 22 107 18 27 21 24 28 25 26 19 34 28
9414 22 134 41 16 42 74 24 28 33 10 34 28
9415 22 72 33 27 31 5 26 36 28 20 34 28
9416 22 196 19 31 15 46 25 34 22 29 34 28
9417 22 114 31 19 35 42 23 26 28 15 34 28
9418 22 103 26 26 30 16 22 16 25 14 34 28
9419 22 100 36 44 19 1 24 27 30 35 35 28
9420 22 79 26 31 15 62 29 20 25 28 34 28
9421 22 45 28 36 21 27 20 34 29 19 34 28
9422 22 93 42 20 32 76 25 39 31 37 34 28
9423 22 206 30 31 19 1 23 27 32 15 34 28
9424 22 148 25 37 35 64 20 25 28 11 34 28
9425 22 174 30 42 19 21 24 28 27 28 34 28
9426 22 67 38 45 25 76 25 5 28 21 34 28
9427 22 75 31 25 34 7 20 30 22 19 34 28
9428 22 126 18 23 29 1 25 32 34 21 34 28
9429 22 98 25 24 36 1 31 27 20 10 34 28
9430 22 237 30 24 24 48 22 30 29 29 34 28
9431 22 61 24 28 28 1 27 28 23 18 34 28
9432 22 104 28 30 21 66 24 10 22 15 34 28
9433 22 226 26 13 41 44 24 25 30 57 34 28
9434 22 83 28 36 18 27 25 32 30 64 34 28
9435 22 93 25 20 34 5 22 30 25 20 34 28
9436 22 92 29 35 22 95 27 21 36 24 34 28
9437 22 50 22 42 29 13 20 29 29 12 34 28
9438 22 174 44 27 35 1 21 21 26 24 34 28
9439 22 244 19 26 19 1 27 31 19 73 34 28
9440 22 101 34 49 33 1 20 21 31 71 34 28
9441 22 178 28 28 25 1 24 30 30 23 34 28
9442 22 39 31 35 29 1 29 31 36 21 34 28
9443 22 53 21 27 23 21 28 26 25 23 34 28
9444 22 61 31 21 39 27 18 22 27 12 34 28
9445 22 353 37 35 26 76 24 32 33 25 34 28
9446 22 116 41 46 27 1 26 34 22 33 35 28
9447 22 93 29 22 34 32 18 22 23 7 34 28
9448 22 163 33 20 33 12 25 28 25 68 35 28
9449 22 86 31 28 27 44 31 20 27 110 35 28
9450 22 92 37 42 34 17 24 31 27 69 34 28
9451 22 85 28 35 22 44 23 29 20 25 34 28
9452 22 268 40 30 40 52 19 23 28 10 34 28
9453 22 203 44 31 34 16 20 35 22 70 34 28
9454 22 296 44 26 43 1 27 37 42 31 34 28
9455 22 55 24 31 23 12 18 24 32 19 34 28
9456 22 100 36 40 25 58 24 30 24 27 34 28
9457 22 137 31 32 26 24 24 22 30 18 34 28
9458 22 306 50 32 37 1 23 26 23 27 34 28
9459 22 62 35 23 39 27 22 19 28 10 34 28
9460 22 285 32 15 41 10 27 21 21 4 34 28
9461 22 95 33 24 28 1 26 31 28 29 34 28
9462 22 220 34 38 32 1 24 33 21 22 34 28
9463 22 103 32 28 28 1 23 37 30 27 34 28
9464 22 70 24 15 32 12 24 30 31 16 34 28
9465 22 1 10 31 13 24 24 29 28 15 34 28
9466 22 110 21 23 26 14 20 21 32 11 34 28
9467 22 99 23 30 27 1 25 29 31 15 34 28
9468 22 1 4 23 21 1 23 1 24 14 33 28
9469 22 87 36 13 37 1 30 44 28 27 34 28
9470 22 105 38 34 32 29 22 27 32 28 34 28
9471 22 112 32 32 27 26 19 34 30 27 34 28
9472 22 90 15 12 24 39 26 20 29 13 34 28
9473 22 32 17 29 27 1 22 27 30 13 34 28
9474 22 146 40 23 32 43 28 32 17 7 34 28
9475 22 221 22 14 36 1 22 25 25 1 34 28
9476 22 51 24 33 26 1 24 29 27 26 34 28
9477 22 90 35 22 29 24 21 22 29 14 34 28
9478 22 60 26 30 33 64 23 31 24 10 34 28
9479 22 163 30 29 23 19 23 25 19 21 34 28
9480 22 95 24 19 29 1 24 24 23 10 34 28
9481 22 68 24 10 41 1 20 28 27 5 34 28
9482 22 55 31 25 39 1 26 35 31 15 34 28
9483 22 84 44 26 34 63 21 34 28 18 34 28
9484 22 226 52 22 34 55 23 32 27 33 35 28
9485 22 71 25 15 36 32 29 20 21 21 34 28
9486 22 77 37 40 30 49 22 29 31 69 34 28
9487 22 170 26 21 29 33 21 21 59 13 34 28
9488 22 100 27 3 29 22 20 24 30 28 34 28
9489 22 153 15 6 38 1 18 35 28 1 34 28
9490 22 64 23 26 27 1 20 37 35 26 34 28
9491 22 139 35 23 34 105 21 22 30 9 34 28
9492 22 127 40 20 34 44 26 25 30 16 34 28
9493 22 172 29 17 29 107 23 28 30 23 34 28
9494 22 404 13 29 26 1 26 1 25 3 34 28
9495 22 120 27 12 28 27 25 19 25 58 34 28
9496 22 1 22 41 33 74 26 31 30 12 34 28
9497 22 197 26 18 32 2 26 45 33 26 34 28
9498 22 629 28 9 32 34 25 20 27 20 34 28
9499 22 192 35 33 30 1 26 37 29 24 34 28
9500 22 316 38 11 40 45 23 21 36 20 34 28
9501 22 144 24 33 24 1 21 41 30 27 34 28
9502 22 70 25 20 26 7 24 34 26 24 34 28
9503 22 183 39 24 35 1 23 21 20 21 34 28
9504 22 105 33 26 28 99 20 17 27 19 34 28
9505 22 88 27 28 20 37 24 23 22 99 34 28
9506 22 78 33 26 29 1 26 26 32 33 34 28
9507 22 104 38 34 25 14 22 26 28 26 34 28
9508 22 1 28 41 31 1 27 24 28 17 34 28
9509 22 149 47 25 43 76 23 30 30 1 34 28
9510 22 127 34 32 32 54 29 19 25 20 34 28
9511 22 17 15 40 21 58 24 22 24 16 34 28
9512 22 69 26 30 24 9 24 30 27 25 34 28
9513 22 48 31 43 30 1 20 1 33 70 34 28
9514 22 100 39 29 34 1 23 39 26 57 35 28
9515 22 147 26 12 33 5 19 30 27 14 34 28
9516 22 82 44 27 32 68 17 30 30 27 34 28
9517 22 217 19 10 34 38 24 28 25 7 34 28
9518 22 77 19 25 22 26 26 2 27 15 34 28
9519 22 122 28 36 22 17 22 25 31 36 34 28
9520 22 136 29 29 33 1 23 23 24 16 34 28
9521 22 67 32 38 30 1 24 34 26 20 34 28
9522 22 69 38 30 42 47 22 24 29 6 34 28
9523 22 1 21 36 25 30 26 28 26 15 34 28
9524 22 189 44 40 28 65 24 16 27 14 34 28
9525 22 409 29 36 28 1 24 29 26 26 34 28
9526 22 168 26 27 31 2 22 38 25 20 34 28
9527 22 86 23 31 30 25 21 35 30 13 34 28
9528 22 105 35 29 33 53 24 21 19 6 34 28
9529 22 78 39 38 21 51 30 33 27 35 34 28
9530 22 104 42 15 45 1 16 15 25 1 34 28
9531 22 156 30 25 32 1 22 33 30 21 34 28
9532 22 73 30 29 34 16 28 26 28 30 34 28
9533 22 75 30 31 32 4 22 18 28 23 34 28
9534 22 89 35 18 43 1 23 23 26 7 34 28
9535 22 136 21 25 16 15 29 38 26 41 35 28
9536 22 169 41 27 28 53 24 20 28 6 34 28
9537 22 9 16 21 30 41 26 24 20 1 34 28
9538 22 210 27 31 15 15 27 34 31 42 34 28
9539 22 165 15 40 25 16 22 24 32 104 34 28
9540 22 121 35 19 35 65 19 35 30 6 34 28
9541 22 69 34 22 31 9 20 31 24 13 34 28
9542 22 45 13 22 27 1 24 28 34 17 34 28
9543 22 81 36 18 33 1 28 27 38 34 34 28
9544 22 337 41 31 32 30 26 34 26 30 35 28
9545 22 137 31 28 30 1 23 20 39 28 34 28
9546 22 36 38 36 33 1 23 37 28 17 34 28
9547 22 93 21 10 29 9 27 37 28 22 34 28
9548 22 134 47 24 31 43 22 36 21 24 34 28
9549 22 95 22 9 40 47 22 23 30 1 34 28
9550 22 124 26 31 31 76 25 27 28 18 34 28
9551 22 1 1 30 23 1 21 31 27 5 34 28
9552 22 157 47 38 34 52 22 26 36 33 35 28
9553 22 78 26 23 38 16 24 20 27 6 34 28
9554 22 74 34 27 36 37 23 32 29 28 34 28
9555 22 98 38 39 32 10 23 39 30 31 35 28
9556 22 78 22 22 32 50 21 22 27 2 34 28
9557 22 1 22 49 23 1 26 11 23 11 34 28
9558 22 61 23 24 26 1 23 20 29 21 34 28
9559 22 69 38 24 30 25 31 34 28 34 35 28
9560 22 214 34 28 32 64 18 20 27 5 35 28
9561 22 121 27 33 17 1 25 31 25 40 35 28
9562 22 178 40 36 27 41 25 26 24 29 34 28
9563 22 151 27 31 27 7 24 3 28 23 34 28
9564 22 96 47 39 26 66 22 36 29 45 35 28
9565 22 50 20 28 23 13 26 36 40 18 34 28
9566 22 100 34 18 42 49 25 27 24 15 34 28
9567 22 859 23 27 31 1 22 33 21 7 34 28
9568 38 175 20 31 44 25 41 59 40 15 55 48
9569 22 87 36 29 20 78 28 33 23 26 34 28
9570 22 103 19 22 33 46 21 28 32 10 34 28
9571 22 18 37 33 35 17 23 35 24 2 34 28
9572 22 146 51 33 34 123 23 25 30 64 35 28
9573 22 184 39 32 31 10 25 19 29 26 34 28
9574 22 97 30 21 34 12 23 26 29 16 34 28
9575 22 125 20 10 38 1 24 19 30 2 34 28
9576 22 229 61 25 41 93 21 23 26 37 35 28
9577 22 25 7 28 23 1 26 32 30 24 34 28
9578 22 97 28 29 25 18 24 23 30 6 34 28
9579 22 141 24 19 32 17 26 32 27 22 34 28
9580 22 105 32 28 32 99 25 35 27 22 34 28
9581 22 44 26 18 33 115 23 29 27 8 34 28
9582 22 103 44 26 32 30 24 26 27 34 34 28
9583 22 111 35 22 43 40 21 28 28 36 35 28
9584 22 78 29 21 32 1 19 26 23 15 34 28
9585 22 73 23 33 22 23 22 42 22 29 34 28
9586 22 121 32 40 15 42 26 30 25 44 34 28
9587 22 87 24 19 33 7 27 36 22 43 34 28
9588 22 144 30 26 31 1 25 42 23 21 34 28
9589 22 72 24 26 29 9 26 20 23 21 34 28
9590 22 300 27 32 33 54 18 23 27 5 34 28
9591 22 93 38 29 30 5 24 25 25 25 34 28
9592 22 149 42 32 31 46 24 31 25 30 35 28
9593 22 49 29 21 42 1 25 20 26 12 34 28
9594 22 1 11 36 29 74 25 13 31 16 34 28
9595 22 136 25 27 21 21 19 26 27 34 34 28
9596 22 193 28 20 42 1 21 28 33 10 34 28
9597 22 144 31 27 30 44 21 20 29 33 34 28
9598 22 197 39 24 27 45 23 26 19 35 34 28
9599 22 28 20 20 22 60 23 41 29 8 34 28
9600 22 96 42 32 43 21 19 26 28 20 34 28
9601 22 108 40 28 34 46 19 30 31 29 34 28
9602 22 473 43 25 26 18 23 28 19 23 34 28
9603 22 103 35 24 34 63 19 25 21 60 35 28
9604 22 268 35 32 34 26 28 29 24 22 34 28
9605 32 184 38 43 39 28 28 28 33 21 47 40
9606 22 142 21 23 23 49 49 27 16 26 34 28
9607 22 99 38 34 34 86 26 29 34 25 34 28
9608 22 129 40 21 38 61 21 23 27 10 34 28
9609 22 102 18 14 34 3 24 18 31 10 34 28
9610 22 1 14 32 21 6 22 41 24 14 34 28
9611 22 377 33 34 30 71 26 32 29 19 34 28
9612 22 129 28 25 18 39 27 27 22 32 34 28
9613 22 90 52 31 38 85 24 1 40 29 34 28
9614 22 125 44 25 31 1 23 13 30 30 34 28
9615 22 129 42 32 38 93 17 32 28 21 34 28
9616 22 46 23 27 29 1 24 25 28 15 34 28
9617 22 84 25 14 37 6 19 22 21 1 34 28
9618 22 35 11 29 23 1 19 31 30 33 34 28
9619 22 177 35 22 27 55 20 27 26 25 34 28
9620 22 251 48 46 37 67 22 27 34 22 34 28
9621 22 214 46 29 36 27 21 36 23 33 35 28
9622 22 157 14 6 35 1 21 31 28 8 34 28
9623 22 74 22 25 30 1 18 28 21 12 34 28
9624 22 131 33 27 28 17 21 24 32 35 34 28
9625 22 123 13 13 30 7 30 21 28 4 34 28
9626 22 98 45 45 33 17 22 32 27 34 34 28
9627 22 143 30 30 33 2 23 44 22 21 34 28
9628 22 124 28 13 33 26 22 22 24 10 34 28
9629 22 115 26 5 24 1 21 22 25 16 34 28
9630 22 90 19 16 20 12 22 33 27 34 34 28
9631 22 91 38 35 31 3 21 1 32 29 34 28
9632 22 127 34 21 27 1 18 26 26 74 35 28
9633 22 40 20 28 22 18 23 25 22 23 34 28
9634 22 145 17 18 25 1 24 23 29 30 34 28
9635 22 69 34 42 28 65 29 27 19 56 35 28
9636 21 1 28 43 21 66 27 29 27 91 34 28
9637 22 171 30 1 31 6 23 31 24 79 35 28
9638 22 181 39 34 37 1 18 21 23 19 34 28
9639 22 77 29 17 33 55 21 21 33 8 35 29
9640 22 128 23 27 31 4 27 18 34 15 34 28
9641 22 95 34 40 21 39 22 30 26 40 34 28
9642 22 83 12 12 32 1 24 28 23 21 34 28
9643 22 113 24 37 27 1 24 12 33 25 34 28
9644 22 84 33 25 28 66 26 25 29 26 34 28
9645 22 141 39 39 30 75 24 20 30 20 34 28
9646 22 115 40 28 32 39 23 21 24 10 34 28
9647 22 56 32 26 28 78 24 22 32 22 34 28
9648 22 98 30 22 30 32 22 31 21 12 34 28
9649 22 112 20 14 29 1 26 33 35 96 34 28
9650 22 45 14 27 23 47 22 30 25 13 34 28
9651 22 146 28 35 22 1 23 34 33 20 34 28
9652 22 102 32 24 29 83 18 30 21 17 34 28
9653 22 133 45 26 37 71 16 26 28 15 34 28
9654 22 119 34 25 34 10 25 28 24 27 34 28
9655 22 76 9 11 26 19 23 34 29 15 34 28
9656 22 1 16 28 28 2 28 28 21 1 34 28
9657 23 93 35 16 38 34 22 20 28 3 34 28
9658 22 52 27 26 35 6 22 31 33 21 34 28
9659 22 91 39 40 22 62 22 21 25 34 35 28
9660 22 107 45 33 26 72 21 27 24 27 34 28
9661 22 130 45 20 39 1 25 34 22 27 34 28
9662 22 67 32 30 31 1 25 27 28 28 34 28
9663 22 132 57 27 45 31 17 27 37 33 35 28
9664 22 124 36 17 34 1 20 32 31 19 34 28
9665 22 113 32 32 24 1 22 30 21 22 34 28
9666 22 102 41 34 24 97 23 38 24 28 34 28
9667 22 108 27 13 33 68 27 23 22 13 34 28
9668 22 99 11 14 28 1 24 28 28 11 34 28
9669 22 175 38 36 27 1 25 27 21 34 34 28
9670 22 154 22 6 31 51 26 32 30 18 34 28
9671 22 148 24 31 23 1 25 26 20 26 34 28
9672 22 201 43 24 37 40 22 19 26 24 34 28
9673 22 235 47 29 40 1 20 15 22 8 34 28
9674 22 94 20 28 25 1 30 1 28 24 34 28
9675 22 124 43 25 31 81 27 26 24 30 35 29
9676 22 147 13 35 21 1 21 30 25 20 34 28
9677 22 126 21 29 30 1 20 34 37 15 34 28
9678 22 125 32 29 30 8 24 18 21 26 34 28
9679 22 141 39 18 21 22 24 44 23 25 34 28
9680 22 46 18 19 30 49 24 30 27 9 34 28
9681 22 93 23 24 13 35 25 28 27 28 34 28
9682 22 286 40 35 33 7 24 27 31 24 34 28
9683 22 101 21 26 28 1 18 24 31 11 34 28
9684 22 78 18 26 24 17 24 42 22 11 34 28
9685 22 62 20 24 27 1 21 33 25 22 34 28
9686 22 38 38 39 35 100 23 24 34 10 34 28
9687 22 167 41 40 24 12 24 23 23 37 35 28
9688 22 70 30 36 27 15 22 29 20 59 35 28
9689 22 111 37 19 32 1 21 31 27 29 34 28
9690 22 91 28 11 39 1 18 24 26 6 34 28
9691 22 204 36 34 22 59 23 27 28 23 34 28
9692 22 64 40 33 36 1 16 26 25 11 34 28
9693 22 185 31 34 26 26 27 33 23 21 34 28
9694 22 179 33 21 28 22 23 30 29 35 34 28
9695 22 112 40 25 33 1 22 22 27 56 34 28
9696 22 186 29 30 32 1 18 22 21 4 34 28
9697 22 208 37 31 28 1 28 33 25 26 34 28
9698 22 486 34 38 27 11 18 41 37 28 34 28
9699 22 292 42 34 26 19 21 22 35 35 34 28
9700 22 123 28 17 33 55 24 20 17 5 34 28
9701 22 127 28 27 20 71 27 31 26 24 34 28
9702 22 162 21 1 39 16 23 28 37 9 34 28
9703 22 83 38 30 26 1 27 26 24 14 34 28
9704 22 121 42 30 37 28 20 19 28 26 34 28
9705 22 86 44 29 38 86 28 24 30 24 34 28
9706 22 218 24 30 27 24 23 15 28 13 34 28
9707 22 128 26 13 25 73 24 20 24 28 34 28
9708 22 93 23 27 29 38 24 23 27 392 34 28
9709 22 118 27 35 17 73 20 32 31 31 34 28
9710 22 67 50 40 41 154 26 29 26 20 34 28
9711 22 126 38 31 32 40 21 24 28 21 34 28
9712 22 47 24 20 31 55 26 31 27 20 34 28
9713 22 186 21 15 24 8 20 24 24 19 34 28
9714 22 80 30 21 29 31 24 28 28 13 34 28
9715 22 64 17 24 28 1 23 31 24 18 34 28
9716 22 168 49 36 36 84 27 23 38 21 34 28
9717 22 163 44 27 32 66 25 27 32 24 34 28
9718 22 125 21 29 26 1 24 39 30 41 35 28
9719 22 105 27 31 24 30 23 28 27 36 34 28
9720 22 280 42 31 36 68 31 32 27 26 34 28
9721 22 157 18 12 36 9 23 37 26 14 34 28
9722 22 90 43 36 29 14 27 31 28 37 34 28
9723 22 178 42 18 38 53 18 28 28 78 35 28
9724 22 1 16 25 26 25 22 31 23 7 34 28
9725 22 220 23 24 32 61 19 26 23 15 34 28
9726 22 73 32 26 31 52 22 35 31 31 34 28
9727 22 94 34 18 41 101 23 27 33 7 34 28
9728 22 89 36 33 26 65 23 22 27 26 34 28
9729 22 1 19 39 23 9 22 22 35 10 34 28
9730 22 127 19 11 32 1 21 20 33 20 34 28
9731 22 87 11 20 32 1 28 41 26 18 34 28
9732 22 101 36 27 31 42 20 27 30 23 34 28
9733 22 134 36 44 34 1 18 35 23 20 34 28
9734 22 84 22 29 23 1 29 27 30 72 34 28
9735 22 990 15 28 15 1 26 28 26 17 34 28
9736 22 104 20 17 32 1 25 25 35 19 34 28
9737 22 111 37 28 30 23 25 25 22 30 34 28
9738 22 125 39 41 27 36 23 30 26 55 34 28
9739 22 11 18 29 17 17 27 20 26 19 34 28
9740 22 69 37 34 32 1 17 28 27 15 34 28
9741 22 76 18 22 22 26 26 29 22 19 34 28
9742 22 63 33 49 26 71 25 25 27 30 35 28
9743 22 137 27 32 28 1 25 28 36 25 34 28
9744 22 352 25 19 31 1 22 27 23 30 34 28
9745 22 143 34 20 36 39 25 27 21 14 34 28
9746 22 94 37 19 35 41 24 36 31 25 34 28
9747 22 44 35 45 28 64 27 31 26 30 34 28
9748 22 66 38 27 31 45 24 29 34 21 34 28
9749 21 1 5 31 22 13 22 21 33 11 34 28
9750 22 101 43 39 37 1 22 51 27 16 34 28
9751 22 194 23 31 21 1 20 38 33 27 34 28
9752 22 126 45 36 29 70 25 36 32 30 34 28
9753 22 63 30 35 25 1 23 29 29 27 34 28
9754 22 84 33 24 21 6 21 26 33 27 34 28
9755 22 153 39 39 23 32 22 33 27 24 34 28
9756 22 123 44 35 32 65 27 21 25 29 34 28
9757 28 280 40 40 33 25 34 31 29 33 42 36
9758 22 195 41 30 33 1 20 28 31 17 34 28
9759 22 84 23 28 27 1 30 32 37 53 34 28
9760 22 97 36 16 41 58 23 11 25 8 34 28
9761 22 1 18 25 28 63 25 40 27 49 34 28
9762 22 120 35 27 35 34 23 27 24 12 34 28
9763 22 96 22 29 35 1 21 29 30 3 34 28
9764 22 114 33 19 40 1 20 25 30 4 34 28
9765 22 181 31 7 32 1 20 21 29 28 34 28
9766 22 56 24 35 24 1 26 30 28 22 34 28
9767 22 152 47 23 32 37 22 27 27 37 35 28
9768 22 87 32 24 28 26 26 30 26 66 34 28
9769 22 83 23 26 33 1 28 30 30 14 34 28
9770 22 1 11 32 17 65 27 35 28 10 34 28
9771 22 72 33 30 28 33 28 26 29 95 34 28
9772 22 113 29 11 39 24 26 31 31 6 34 28
9773 22 234 23 18 29 1 25 22 27 18 34 28
9774 22 58 37 26 37 1 22 21 28 18 34 28
9775 22 114 105 33 28 27 22 28 31 22 34 28
9776 22 113 20 20 19 30 28 34 20 4 34 28
9777 22 100 23 29 20 60 26 24 29 19 34 28
9778 22 10 19 30 25 1 23 22 25 15 34 28
9779 22 294 43 33 29 106 28 23 29 34 35 28
9780 22 90 14 14 26 12 25 26 20 1 34 28
9781 22 51 19 26 29 50 25 28 33 13 34 28
9782 22 467 35 32 28 58 23 35 22 17 34 28
9783 22 1 6 20 30 1 18 21 17 3 34 28
9784 22 113 18 17 35 1 22 1 28 17 34 28
9785 22 1 7 18 24 6 26 18 36 17 34 28
9786 22 71 30 16 42 1 25 28 26 1 34 28
9787 22 77 24 24 28 41 29 18 26 16 34 28
9788 22 132 29 19 29 59 24 26 30 16 34 28
9789 22 75 38 34 33 106 24 30 27 22 34 28
9790 22 63 11 18 26 1 26 28 30 28 34 28
9791 22 101 38 25 34 1 24 33 35 28 34 28
9792 22 327 28 29 30 124 15 27 27 16 34 28
9793 22 70 27 36 18 26 21 17 83 17 34 28
9794 22 134 34 35 35 68 22 33 30 11 34 28
9795 22 65 30 38 29 68 21 26 28 14 34 28
9796 22 213 32 15 43 32 23 32 33 13 34 28
9797 22 260 47 34 33 1 19 42 29 23 34 28
9798 22 78 35 33 30 1 24 38 29 32 35 28
9799 22 171 36 26 21 55 22 36 25 29 34 28
9800 22 107 39 16 39 1 20 38 29 11 34 28
9801 22 72 34 23 29 32 24 35 28 19 34 28
9802 22 217 31 8 32 1 22 22 26 16 34 28
9803 22 17 7 31 13 29 21 22 23 22 34 28
9804 22 119 20 4 29 1 26 33 23 21 34 28
9805 22 102 42 36 31 63 25 30 30 19 34 28
9806 22 147 40 10 32 16 23 32 27 34 35 28
9807 22 59 13 24 34 1 18 22 29 5 34 28
9808 22 55 21 27 23 59 24 17 16 16 34 28
9809 22 113 41 30 29 1 24 27 23 32 35 28
9810 22 65 27 27 22 1 25 23 25 32 34 28
9811 22 28 25 30 39 1 27 27 34 14 34 28
9812 22 91 37 19 37 1 20 29 31 19 34 28
9813 22 105 22 29 23 22 22 30 22 76 34 28
9814 22 216 33 43 29 44 28 1 35 20 34 28
9815 22 65 22 27 30 1 25 34 33 12 34 28
9816 22 115 29 38 27 21 22 17 21 18 34 28
9817 22 84 28 33 22 22 24 28 30 26 34 28
9818 22 91 34 18 23 24 20 30 26 27 34 28
9819 22 187 37 25 34 44 20 24 33 22 34 28
9820 22 109 27 17 22 1 19 26 27 28 34 28
9821 22 67 12 4 27 4 24 27 24 1 34 28
9822 22 210 39 15 35 87 20 32 28 23 34 28
9823 22 71 34 42 28 90 23 21 25 12 34 28
9824 22 169 47 22 41 125 26 34 35 19 34 28
9825 22 99 30 30 30 1 23 23 23 22 34 28
9826 22 74 37 17 43 14 21 9 34 21 34 28
9827 22 214 33 34 28 21 19 43 32 40 34 28
9828 22 1 5 6 25 13 23 17 27 1 34 28
9829 22 104 39 16 38 5 63 35 32 40 35 28
9830 22 61 19 29 21 5 24 14 29 19 34 28
9831 22 1 3 24 30 1 26 25 19 4 34 28
9832 22 150 31 27 25 2 25 30 25 29 34 28
9833 22 143 10 11 32 1 23 27 23 6 34 28
9834 22 159 32 23 24 79 27 20 29 28 34 28
9835 22 67 18 27 18 44 20 29 26 27 34 28
9836 22 209 46 23 49 1 15 27 30 17 34 28
9837 22 89 35 28 29 63 21 24 30 30 34 28
9838 22 11 26 34 34 1 24 30 21 13 34 28
9839 22 92 16 24 24 17 25 26 31 14 34 28
9840 22 57 28 17 36 68 19 26 24 1 34 28
9841 22 103 28 12 34 1 23 1 26 12 34 28
9842 22 136 40 22 32 71 21 28 26 19 34 28
9843 22 183 25 19 27 54 22 28 28 87 35 28
9844 22 120 37 26 33 85 18 26 32 28 34 28
9845 22 135 26 28 24 31 21 28 23 10 34 28
9846 22 99 15 9 28 34 21 25 24 1 34 28
9847 22 66 17 17 29 2 28 29 25 61 34 28
9848 22 80 35 37 24 31 22 30 26 33 35 28
9849 22 108 25 18 24 17 22 19 30 22 34 28
9850 22 373 27 12 31 1 28 26 29 19 34 28
9851 22 140 36 25 26 74 21 32 35 36 34 28
9852 22 70 38 44 24 76 24 27 32 31 34 28
9853 22 109 39 26 33 1 22 45 23 25 34 28
9854 22 70 32 30 24 17 26 32 30 32 35 28
9855 22 485 26 15 27 17 26 36 30 24 34 28
9856 22 138 45 45 30 69 21 38 27 32 34 28
9857 22 119 20 13 34 46 18 26 26 2 34 28
9858 22 396 38 18 28 9 20 26 24 125 35 28
9859 22 67 28 10 39 19 20 24 29 1 34 28
9860 22 52 28 29 27 7 23 26 34 33 35 28
9861 22 51 31 26 37 73 27 32 25 8 34 28
9862 22 155 34 32 24 41 21 26 22 28 34 28
9863 22 116 39 22 30 67 23 33 28 33 34 28
9864 22 93 41 26 40 1 19 28 35 18 34 28
9865 22 112 60 31 45 19 17 26 26 24 34 28
9866 22 64 28 26 32 27 23 28 23 10 34 29
9867 22 107 33 35 26 3 27 32 33 24 34 28
9868 22 113 39 29 28 14 25 27 29 30 34 28
9869 22 262 39 27 32 57 25 31 32 21 34 28
9870 22 161 48 20 44 84 24 34 29 6 34 28
9871 22 78 41 26 37 74 29 36 28 14 34 28
9872 22 62 29 24 33 3 23 1 31 21 34 28
9873 22 165 30 26 21 22 23 29 27 33 35 28
9874 22 118 29 21 34 1 23 29 26 135 35 28
9875 22 112 36 19 32 28 26 21 29 24 34 28
9876 22 143 27 20 25 11 19 15 23 55 34 28
9877 22 82 29 32 29 5 22 34 25 26 34 28
9878 22 33 22 38 8 1 26 27 29 29 34 28
9879 22 107 22 26 33 1 19 25 19 140 34 28
9880 22 67 16 20 27 2 21 25 28 21 34 28
9881 22 60 6 35 19 13 28 22 30 38 34 28
9882 22 141 41 9 36 56 20 36 17 19 34 28
9883 22 88 26 32 33 2 18 23 18 3 34 28
9884 22 56 30 23 34 21 20 17 26 7 34 28
9885 22 159 32 41 19 66 17 32 33 38 34 28
9886 22 95 26 30 33 13 28 38 23 22 34 28
9887 22 131 22 17 28 1 33 26 28 22 34 28
9888 22 66 34 23 32 1 25 26 27 25 34 28
9889 22 121 31 25 32 98 25 21 21 38 34 28
9890 22 121 51 34 41 1 20 23 35 40 34 28
9891 22 61 18 24 21 4 22 1 34 17 34 28
9892 22 126 46 36 37 121 23 29 21 14 34 28
9893 22 321 31 12 34 21 26 25 29 28 34 28
9894 22 147 18 18 26 1 23 24 30 21 34 28
9895 22 129 20 12 37 27 22 27 22 1 34 28
9896 22 616 40 36 28 6 19 41 24 34 35 28
9897 22 86 20 26 32 1 25 27 26 25 34 28
9898 22 129 38 40 25 1 21 38 34 41 34 28
9899 22 167 23 24 30 1 18 34 43 22 34 28
9900 22 157 40 27 38 1 20 29 28 39 34 28
9901 22 112 26 11 29 1 23 28 23 16 34 28
9902 22 47 29 37 29 1 25 37 22 21 34 28
9903 22 50 12 20 20 14 28 35 25 22 34 28
9904 22 144 32 42 23 24 18 27 34 23 34 28
9905 22 81 37 19 29 39 26 32 33 28 34 28
9906 22 76 40 26 34 75 23 28 22 25 34 28
9907 22 243 48 33 35 102 24 30 30 23 34 28
9908 22 209 49 18 39 56 22 27 33 26 34 28
9909 22 83 36 35 23 72 37 37 27 36 35 29
9910 22 137 34 35 33 1 27 35 32 31 35 28
9911 22 141 39 31 31 1 24 36 31 31 34 28
9912 22 271 42 28 27 64 24 31 32 32 34 28
9913 22 55 21 44 23 1 28 25 33 22 34 28
9914 22 74 14 26 25 1 27 14 27 22 34 28
9915 22 119 30 19 24 47 21 16 31 22 34 28
9916 22 118 24 32 19 1 23 22 24 35 34 28
9917 22 202 28 14 34 36 23 26 32 17 34 28
9918 22 85 27 18 36 9 17 21 25 2 34 28
9919 22 1 19 43 16 92 29 28 28 16 34 28
9920 22 72 33 30 28 8 27 23 27 27 34 28
9921 22 89 36 16 37 28 19 27 36 17 34 28
9922 22 114 30 24 38 1 17 30 22 77 34 28
9923 22 161 33 22 30 72 18 26 22 7 34 28
9924 22 62 31 24 37 65 21 28 31 9 34 28
9925 22 156 25 19 29 66 22 36 34 35 34 28
9926 22 1 11 33 21 1 21 32 23 18 34 28
9927 22 132 38 17 36 5 22 1 25 21 34 28
9928 22 43 23 37 26 13 30 23 19 24 34 28
9929 22 331 20 24 27 1 26 34 29 19 34 28
9930 22 42 24 35 23 9 24 32 28 32 34 28
9931 22 206 31 28 28 1 22 31 34 34 34 28
9932 22 62 28 19 37 1 20 22 1 1 34 28
9933 22 2004 30 19 35 5 22 45 30 13 34 28
9934 22 269 306 49 27 1 30 28 36 123 34 28
9935 22 179 27 24 29 6 23 31 24 13 34 28
9936 22 63 32 20 38 34 26 24 30 1 34 28
9937 22 199 24 23 25 83 27 28 24 4 34 28
9938 22 104 26 27 40 13 22 28 35 12 34 28
9939 22 131 40 12 38 26 23 3 28 45 34 28
9940 22 92 35 35 35 1 26 27 26 26 34 28
9941 22 153 36 20 40 1 23 1 35 11 34 28
9942 22 60 17 28 20 1 30 17 24 67 34 28
9943 22 1 12 28 20 52 25 23 22 3 34 28
9944 22 185 29 22 33 52 27 28 39 33 35 28
9945 22 233 32 17 36 82 25 27 26 1 34 28
9946 22 32 31 37 29 41 18 22 23 13 34 28
9947 22 103 49 37 37 58 22 24 30 16 34 28
9948 22 134 23 17 27 1 28 20 20 13 34 28
9949 22 144 51 31 39 17 24 23 29 28 34 28
9950 22 62 20 27 30 12 20 34 22 19 34 28
9951 22 185 44 8 38 114 26 26 28 30 35 28
9952 22 87 49 36 28 13 25 43 33 43 35 28
9953 22 113 32 28 35 1 26 38 25 12 34 28
9954 22 79 26 29 25 1 26 34 26 28 34 28
9955 22 71 23 27 20 51 23 23 20 18 34 28
9956 22 133 21 42 19 50 23 29 35 10 34 28
9957 22 173 43 30 34 95 20 28 22 8 34 28
9958 22 189 43 25 32 95 25 14 37 33 35 28
9959 22 79 23 23 28 6 24 26 19 11 34 28
9960 22 178 29 37 23 49 24 31 28 28 34 28
9961 22 149 33 14 42 98 23 25 27 1 34 28
9962 22 101 33 38 17 46 26 30 26 38 35 28
9963 22 124 29 29 35 57 23 30 32 21 34 28
9964 22 1 18 34 19 70 26 24 24 16 34 28
9965 22 111 37 39 22 16 24 28 30 41 35 28
9966 22 18 19 39 13 4 27 23 24 24 34 28
9967 22 85 22 19 26 1 25 28 30 19 34 28
9968 22 203 43 22 38 67 25 30 29 22 34 28
9969 22 66 27 34 30 1 27 37 24 21 34 28
9970 22 147 22 11 36 43 25 28 32 1 34 28
9971 22 47 23 24 44 1 27 30 33 2 34 28
9972 22 179 38 15 34 1 26 24 27 29 34 28
9973 22 275 29 24 35 1 23 27 29 14 34 28
9974 22 142 29 24 27 33 23 27 21 19 34 28
9975 22 167 38 28 24 80 24 1 30 42 34 28
9976 22 112 45 34 34 20 26 36 27 33 35 28
9977 22 63 26 33 22 50 30 28 27 34 34 28
9978 22 269 39 30 37 1 16 22 28 80 35 28
9979 22 110 30 14 45 1 19 22 31 14 34 28
9980 22 82 25 22 27 29 22 31 24 12 34 28
9981 22 164 22 26 27 6 23 29 32 14 34 28
9982 22 248 44 26 36 1 20 42 28 28 34 28
9983 22 57 25 28 27 72 19 33 35 19 34 28
9984 22 102 25 17 34 1 20 32 27 21 34 28
9985 21 1 15 39 26 1 24 8 23 13 34 28
9986 22 92 35 18 27 40 23 30 30 41 34 28
9987 22 73 44 33 31 91 28 29 27 32 35 28
9988 22 51 29 21 32 1 24 31 30 10 34 28
9989 22 118 35 24 21 70 20 33 24 30 34 28
9990 22 178 33 32 30 61 21 37 31 54 34 28
9991 22 73 25 26 23 19 23 37 26 32 34 28
9992 22 397 26 35 18 12 24 27 20 36 34 28
9993 22 39 18 40 26 1 20 21 32 27 34 28
9994 22 120 27 28 23 29 21 22 26 22 34 28
9995 22 102 24 22 34 1 23 22 31 29 34 28
9996 22 342 30 23 27 57 23 39 27 29 34 28
9997 22 63 28 33 16 14 22 17 26 32 35 28
9998 22 91 28 19 25 18 20 31 31 27 34 28
9999 22 96 27 23 38 1 25 26 29 11 34 28
10000 22 158 42 36 22 46 32 27 23 32 35 28
