1 21 32 200 23 35 58 20 22 23 32 33 27
2 21 32 163 28 26 1 24 40 26 18 33 27
3 22 31 180 26 40 88 21 24 23 1 33 27
4 22 29 191 38 18 10 24 35 31 29 33 27
5 22 30 174 31 25 1 27 29 27 27 33 27
6 21 30 190 41 23 69 26 25 32 27 33 27
7 21 32 159 41 22 1 26 38 28 45 33 27
8 22 27 169 37 26 58 17 17 32 1 32 27
9 22 26 354 32 24 40 24 1 30 15 33 27
10 21 34 639 24 34 73 26 26 34 16 33 27
11 22 33 534 20 23 55 24 27 27 16 33 27
12 21 28 161 23 20 1 20 16 25 6 33 27
13 21 35 167 22 26 44 24 30 26 35 33 27
14 22 29 142 37 22 1 22 44 29 35 33 27
15 22 33 223 1 40 1 22 24 29 7 33 27
16 21 34 99 15 29 38 20 28 22 39 33 27
17 22 28 163 15 36 18 20 23 28 1 32 26
18 21 33 728 26 20 1 19 36 27 47 33 27
19 22 33 379 30 27 12 22 43 26 36 33 27
20 21 29 487 26 24 30 20 27 21 1 33 27
21 21 28 436 22 34 49 25 22 24 1 33 27
22 22 33 295 15 31 1 26 20 27 1 33 27
23 21 28 480 27 33 26 20 19 31 1 32 27
24 21 23 167 29 23 69 18 30 23 1 32 27
25 21 37 321 29 35 86 26 30 19 28 33 27
26 21 25 777 22 39 1 24 33 19 1 33 27
27 21 37 103 14 31 71 24 28 34 21 33 27
28 21 33 926 33 28 84 21 49 31 33 33 27
29 21 30 215 29 28 1 22 37 23 37 33 27
30 21 29 377 18 31 49 26 26 29 1 33 27
31 21 32 171 22 24 1 21 31 21 35 33 27
32 22 34 289 27 26 96 18 29 28 24 33 27
33 21 31 171 16 29 61 19 26 17 16 33 27
34 21 30 92 30 24 1 20 32 26 38 33 27
35 21 33 161 25 22 1 24 41 28 50 33 27
36 21 33 159 17 33 14 16 21 21 7 33 27
37 21 30 480 18 25 1 16 18 19 24 33 27
38 21 37 276 29 30 1 21 36 29 33 33 27
39 21 37 1449 33 24 26 21 33 22 45 33 27
40 21 32 198 26 26 50 24 36 27 39 33 27
41 21 34 167 26 30 1 26 30 27 33 33 27
42 21 29 120 25 20 41 22 1 26 32 33 27
43 21 29 263 31 23 32 22 31 22 1 33 27
44 21 33 153 31 18 1 28 36 38 36 33 27
45 21 33 302 17 34 40 22 17 21 2 32 26
46 22 35 207 28 28 40 19 21 30 23 33 27
47 21 31 179 18 29 7 18 25 25 20 33 27
48 22 27 288 23 29 1 15 1 27 15 33 27
49 22 29 472 22 20 7 24 13 18 22 33 27
50 21 35 246 34 17 67 22 35 24 58 33 27
51 22 30 147 33 30 1 19 32 20 39 33 27
52 21 33 229 31 23 63 25 36 35 30 33 27
53 21 29 445 24 24 1 21 19 24 19 32 27
54 22 30 272 41 26 26 20 33 19 7 33 27
55 21 33 189 7 28 3 21 23 23 31 33 27
56 21 35 259 23 32 1 27 20 25 22 33 27
57 21 29 81 25 24 7 25 28 28 22 33 27
58 21 28 203 33 20 38 22 25 26 16 33 27
59 21 33 229 25 26 27 23 20 23 28 33 27
60 22 27 499 28 18 26 21 26 14 23 33 27
61 21 36 256 24 36 1 21 23 29 29 33 27
62 21 31 318 21 26 56 21 26 26 21 33 27
63 22 31 183 31 28 1 22 33 28 21 33 27
64 22 33 135 19 31 39 25 22 29 1 32 27
65 22 31 204 15 30 1 17 27 24 19 33 27
66 21 43 748 25 43 1 27 35 21 52 33 27
67 21 28 493 27 28 32 25 36 27 18 33 27
68 21 30 226 13 35 1 22 34 25 33 33 27
69 22 31 442 33 26 9 23 39 35 30 33 27
70 22 34 389 25 24 1 24 42 23 39 33 27
71 21 32 958 42 35 101 26 28 28 9 33 27
72 22 36 133 28 22 45 25 10 29 21 33 27
73 21 26 165 35 28 44 20 16 25 11 33 27
74 22 36 255 22 36 1 25 44 25 34 33 27
75 21 41 172 19 36 22 31 29 33 44 33 27
76 22 27 184 27 22 1 19 36 23 36 33 27
77 22 33 411 29 38 105 26 25 25 1 33 27
78 21 33 1934 19 31 1 25 46 29 25 33 27
79 21 33 279 27 33 18 31 22 30 7 33 27
80 21 29 165 26 29 10 20 45 20 10 32 27
81 22 32 269 35 20 47 21 29 29 29 33 27
82 21 31 292 21 24 40 20 21 27 19 33 27
83 21 29 175 30 24 117 22 29 27 2 33 27
84 21 30 295 27 22 62 22 31 28 15 33 27
85 22 32 630 22 32 37 22 25 31 1 32 27
86 21 33 142 26 39 1 23 28 28 28 33 27
87 22 31 173 41 28 33 26 25 30 15 33 27
88 21 20 98 24 25 1 23 47 27 1 33 27
89 21 32 468 31 13 27 27 34 25 47 33 27
90 21 32 275 42 31 106 19 23 25 1 32 27
91 22 33 100 24 25 29 21 10 31 13 33 27
92 21 28 157 24 26 65 16 24 19 4 33 27
93 22 34 308 34 31 43 25 38 22 16 33 27
94 21 31 83 33 22 51 25 27 30 41 33 27
95 21 31 266 33 23 1 26 38 28 48 33 27
96 22 36 386 22 33 1 20 33 27 32 33 27
97 21 36 389 19 44 1 20 1 24 20 32 27
98 21 34 157 23 35 1 18 25 17 22 33 27
99 22 37 397 33 39 32 19 26 24 19 33 27
100 21 40 365 34 38 1 25 25 31 52 33 27
101 22 22 378 31 22 2 21 17 25 1 33 27
102 22 36 202 23 34 1 26 21 26 35 33 27
103 21 33 233 31 29 1 24 35 20 44 33 27
104 22 35 577 12 30 13 21 21 24 27 33 27
105 21 29 276 21 32 7 26 24 29 1 33 27
106 21 35 498 27 25 1 22 34 23 54 33 27
107 22 33 241 18 37 48 22 25 28 16 33 27
108 21 28 173 25 17 19 25 48 20 5 33 27
109 22 28 201 16 31 24 24 20 27 1 32 27
110 21 33 233 33 35 19 17 23 25 14 33 27
111 22 36 274 31 37 113 20 23 27 1 33 27
112 21 33 228 20 26 18 30 21 26 35 33 27
113 22 35 370 34 22 1 23 33 31 51 33 27
114 21 32 314 35 22 10 22 35 29 31 33 27
115 22 35 169 21 41 80 23 23 27 1 33 27
116 22 33 102 38 19 33 24 39 27 41 33 27
117 21 33 368 33 24 81 21 37 28 33 33 27
118 21 25 213 35 24 14 22 18 25 1 33 27
119 21 23 254 19 16 6 20 18 22 9 33 27
120 21 32 369 23 27 17 20 1 28 20 33 27
121 22 28 399 21 37 89 19 20 28 1 32 27
122 21 27 351 21 29 66 25 27 23 5 33 27
123 22 31 279 28 28 1 20 28 23 16 33 27
124 22 36 338 27 31 72 23 19 26 8 33 27
125 21 36 161 17 41 31 23 21 29 33 33 27
126 22 36 406 26 30 29 16 25 20 31 33 27
127 21 31 268 31 28 80 18 17 29 1 33 27
128 21 36 143 25 32 69 31 20 37 36 33 27
129 22 30 197 21 33 23 24 31 28 1 33 27
130 21 29 85 26 21 1 21 35 23 31 33 27
131 21 21 158 32 24 1 21 48 28 9 32 26
132 21 28 147 27 26 22 22 30 26 19 33 27
133 22 28 92 19 34 35 21 27 22 1 33 27
134 21 30 263 21 25 71 24 21 24 7 33 27
135 22 29 199 30 25 24 21 35 25 32 33 27
136 21 29 154 17 24 27 21 43 20 15 33 27
137 22 25 167 24 28 26 19 1 28 1 32 27
138 22 27 161 27 26 48 28 28 31 12 33 27
139 21 32 145 20 33 1 25 20 27 22 33 27
140 22 34 104 35 33 21 20 31 21 21 33 27
141 22 32 362 28 24 34 21 28 29 35 33 27
142 22 34 169 29 35 1 23 31 23 34 33 27
143 22 34 251 22 40 52 24 30 23 15 33 27
144 22 38 191 27 29 66 28 37 32 40 33 27
145 21 24 383 19 23 4 22 19 26 11 33 27
146 22 32 240 13 31 9 20 20 25 24 33 27
147 21 37 179 18 36 1 23 46 31 20 33 27
148 21 35 519 34 26 18 24 28 26 28 33 27
149 21 29 93 27 34 42 23 16 22 10 33 27
150 22 30 139 19 31 1 23 1 33 13 33 27
151 22 35 170 32 28 67 23 26 30 26 33 27
152 21 37 162 36 29 58 27 19 31 24 33 27
153 22 34 249 36 27 1 27 34 31 39 33 27
154 22 31 97 28 30 11 24 29 25 36 33 27
155 22 20 171 21 24 1 19 27 25 7 33 27
156 22 32 107 25 26 31 18 30 21 26 33 27
157 22 34 173 20 35 94 21 18 28 7 33 27
158 21 27 130 22 21 1 19 25 25 15 33 27
159 21 32 639 26 25 50 23 29 23 12 33 27
160 22 34 281 31 32 1 20 30 27 22 33 27
161 22 34 179 25 38 93 20 22 25 1 33 27
162 22 34 241 29 33 29 19 21 30 8 33 27
163 22 36 155 31 35 105 24 25 33 13 33 27
164 21 34 268 20 36 36 25 29 27 19 33 27
165 21 34 372 34 26 1 22 40 25 25 33 27
166 22 37 154 26 31 1 19 26 24 36 33 27
167 21 30 186 6 35 15 24 27 29 20 33 27
168 22 36 221 29 36 1 28 39 30 32 33 27
169 22 32 199 17 33 66 26 29 28 15 33 27
170 22 36 192 37 38 1 25 29 31 36 33 27
171 22 32 223 18 29 61 22 31 25 18 33 27
172 22 28 101 28 24 25 23 19 24 14 33 27
173 21 30 257 28 26 6 20 26 20 15 33 27
174 21 30 318 29 19 24 28 32 25 29 33 27
175 21 24 99 18 25 22 24 24 29 15 33 27
176 21 34 273 21 30 15 23 33 27 43 33 27
177 21 30 461 35 22 1 20 24 26 26 33 27
178 21 33 155 35 31 49 23 39 19 24 33 27
179 21 33 133 12 39 47 20 27 28 18 33 27
180 22 35 182 24 39 52 17 27 22 9 33 27
181 22 44 191 23 37 70 20 21 31 36 33 27
182 21 28 563 23 29 1 22 38 26 11 33 27
183 22 31 145 23 21 27 22 37 19 18 33 27
184 22 31 286 19 41 1 19 31 28 1 33 27
185 22 34 133 29 30 1 20 20 19 24 33 27
186 22 40 215 25 37 1 20 30 23 41 33 27
187 22 39 212 32 33 42 24 28 26 27 33 27
188 21 33 216 35 16 64 27 26 26 28 33 27
189 22 28 133 37 24 67 24 44 24 12 33 27
190 22 32 508 21 31 38 23 34 19 29 33 27
191 22 34 177 35 23 29 21 32 27 44 33 27
192 21 30 186 29 27 20 22 31 25 20 33 27
193 21 28 443 32 17 18 24 31 25 15 33 27
194 21 29 289 22 34 47 22 26 32 12 33 27
195 21 32 268 27 36 67 18 31 26 19 33 27
196 22 35 195 34 30 76 27 30 28 28 33 27
197 22 34 92 20 29 3 27 19 30 33 33 27
198 22 33 1184 24 32 64 26 28 25 10 33 27
199 22 30 168 44 19 33 26 26 24 22 33 27
200 21 27 273 11 30 1 25 30 27 15 33 27
201 21 33 586 17 41 1 19 25 24 8 33 27
202 21 39 207 37 35 60 21 27 30 1 33 27
203 22 26 477 22 27 7 21 23 25 1 33 27
204 22 29 179 32 18 1 29 38 21 17 33 27
205 22 24 86 24 28 1 24 14 32 1 33 27
206 21 30 167 28 20 1 21 31 22 31 33 27
207 21 32 207 27 24 19 25 35 33 28 33 27
208 21 34 230 17 29 17 23 26 29 19 33 27
209 21 37 327 18 30 57 22 28 32 39 33 27
210 21 32 181 27 35 81 23 24 22 19 33 27
211 22 34 186 30 30 19 23 30 25 9 33 27
212 21 29 547 17 27 19 22 18 21 1 32 26
213 21 33 382 12 24 16 29 41 31 39 33 27
214 22 33 643 36 19 30 22 32 25 35 33 27
215 21 32 275 15 22 1 20 30 20 38 33 27
216 21 40 159 38 35 1 25 35 36 41 33 27
217 21 28 269 22 28 1 18 24 24 13 33 27
218 21 32 165 36 24 85 24 29 35 23 33 27
219 22 31 222 36 19 32 46 42 32 25 33 27
220 22 34 156 22 33 35 21 20 22 32 33 27
221 22 32 153 36 24 9 20 34 34 25 33 27
222 21 33 225 22 37 78 21 24 31 1 33 27
223 21 35 516 30 34 53 26 18 44 26 33 27
224 21 27 168 22 30 1 21 23 25 9 33 27
225 21 33 266 17 25 11 20 25 28 28 33 27
226 22 28 203 18 24 1 21 18 28 20 33 27
227 22 31 244 25 38 1 23 34 27 4 33 27
228 21 29 214 32 26 54 25 31 25 1 33 27
229 21 28 276 17 25 70 22 29 28 1 33 27
230 22 27 140 26 21 8 27 33 32 25 33 27
231 22 29 106 10 41 1 21 29 24 2 33 27
232 21 37 319 35 36 13 25 38 33 22 33 27
233 22 26 90 30 15 4 20 31 21 29 33 27
234 22 36 144 22 28 29 23 28 24 27 33 27
235 21 32 427 20 29 43 24 27 30 5 33 27
236 21 30 195 30 26 59 26 30 22 13 33 27
237 22 32 658 27 19 27 22 28 23 38 33 27
238 21 31 210 32 36 36 23 19 25 7 33 27
239 22 36 138 35 37 86 26 32 34 30 33 27
240 21 37 176 26 37 27 21 27 23 27 33 27
241 21 28 351 29 31 18 23 41 29 1 33 27
242 21 36 420 18 31 1 20 29 25 22 33 27
243 21 40 132 36 34 103 23 31 23 42 33 27
244 21 34 670 33 25 1 22 33 26 41 33 27
245 21 29 116 29 20 13 20 13 33 6 33 27
246 22 32 113 25 30 11 18 21 26 16 33 27
247 21 21 213 33 19 23 27 31 26 1 33 27
248 21 32 110 6 29 13 21 22 24 15 33 27
249 21 30 201 34 19 11 21 30 23 27 33 27
250 21 31 233 20 25 62 21 30 28 31 33 27
251 21 31 240 21 32 90 22 26 32 7 33 27
252 21 35 266 16 41 60 24 13 25 1 33 27
253 22 37 352 30 36 1 19 1 26 19 33 27
254 22 33 160 35 38 66 23 23 20 1 33 27
255 22 32 278 24 32 1 23 36 31 18 33 27
256 22 32 96 28 19 16 22 31 26 38 33 27
257 22 35 183 27 30 1 21 38 31 26 33 27
258 22 30 109 23 32 29 24 28 24 10 33 27
259 22 32 277 36 26 1 25 28 28 30 33 27
260 22 32 208 37 24 5 23 31 25 33 33 27
261 21 32 180 17 35 60 23 25 24 1 33 27
262 21 33 313 35 35 101 29 30 24 14 33 27
263 22 34 152 27 29 1 25 33 29 30 33 27
264 21 39 249 24 37 11 26 28 31 22 33 27
265 21 29 159 23 28 4 22 32 28 29 33 27
266 21 27 520 31 29 25 21 29 21 3 33 27
267 21 26 279 13 20 36 22 24 27 12 33 27
268 21 34 140 32 35 54 24 24 28 14 33 27
269 22 23 195 33 18 58 20 25 23 1 33 27
270 21 32 1173 37 16 25 21 34 29 20 33 27
271 21 31 207 24 35 68 22 25 27 7 33 27
272 21 25 341 18 29 1 23 27 20 1 33 27
273 22 34 376 21 28 39 21 21 21 16 33 27
274 21 27 575 22 26 57 26 31 27 3 33 27
275 21 31 388 29 35 58 26 26 34 3 33 27
276 22 29 171 34 22 8 29 18 24 15 33 27
277 22 32 232 23 26 48 25 26 33 5 33 27
278 21 34 236 39 27 40 23 28 29 23 33 27
279 22 30 116 17 25 1 26 31 29 27 33 27
280 22 35 387 25 35 64 25 21 28 3 33 27
281 21 32 264 16 30 98 24 31 22 16 33 27
282 21 29 409 32 24 34 22 39 22 23 33 27
283 22 36 195 23 38 12 24 29 26 17 33 27
284 21 35 133 17 33 3 24 15 24 22 33 27
285 21 27 271 25 21 14 24 34 26 1 32 27
286 21 31 221 30 33 1 18 19 22 14 33 27
287 22 23 111 24 28 1 17 15 17 1 33 27
288 22 31 259 35 27 82 22 19 29 10 33 27
289 21 32 199 36 21 41 24 24 40 35 33 27
290 21 29 756 44 31 1 18 23 26 3 33 27
291 21 30 184 25 30 13 16 15 25 22 33 27
292 21 32 201 27 35 48 23 25 23 1 33 27
293 21 32 148 28 29 62 24 20 26 1 33 27
294 21 37 239 16 37 1 20 20 25 33 33 27
295 21 33 140 23 32 18 22 20 29 12 33 27
296 22 36 197 22 33 91 23 20 32 7 33 27
297 21 34 294 26 16 1 23 31 24 40 33 27
298 22 33 207 32 22 7 25 34 28 36 33 27
299 21 34 242 26 28 8 19 29 23 31 33 27
300 21 32 383 20 34 1 22 18 22 10 33 27
301 22 32 88 20 34 1 19 14 26 8 33 27
302 22 34 197 23 35 84 22 29 35 37 33 27
303 22 31 334 23 25 68 31 32 21 18 33 27
304 21 32 549 35 21 31 23 35 25 44 33 27
305 22 34 221 14 47 1 23 14 27 25 33 27
306 21 32 533 14 38 15 20 26 25 34 33 27
307 21 30 1704 14 30 72 24 25 28 1 33 27
308 21 26 539 24 18 26 25 28 27 9 33 27
309 21 28 123 12 35 14 22 18 26 1 32 26
310 21 26 270 24 25 43 22 31 21 21 33 27
311 22 35 119 36 26 44 22 31 25 46 33 27
312 21 31 626 12 35 1 18 20 20 6 33 27
313 22 34 227 34 24 1 22 36 25 39 33 27
314 21 36 229 24 32 52 25 28 29 12 33 27
315 21 33 130 20 35 1 23 25 23 14 33 27
316 21 35 249 28 43 79 24 16 21 1 33 27
317 21 26 481 20 24 1 18 24 23 5 33 27
318 22 39 187 35 28 28 24 27 21 43 33 27
319 22 28 102 22 32 33 17 20 26 3 33 27
320 22 34 175 31 41 65 20 21 22 2 33 27
321 22 29 127 33 26 55 22 15 25 7 33 27
322 21 31 111 28 28 44 20 27 24 29 33 27
323 21 37 117 26 37 84 24 18 29 18 33 27
324 22 35 247 36 28 46 20 25 31 29 33 27
325 21 37 523 28 36 67 26 29 27 36 33 27
326 22 39 209 23 29 54 21 19 22 33 33 27
327 22 29 99 23 19 1 21 33 24 20 33 27
328 21 29 140 12 33 6 26 29 28 22 33 27
329 21 38 256 20 34 45 19 44 32 32 33 27
330 22 38 172 31 35 64 29 24 30 33 33 27
331 22 32 232 16 29 16 22 1 24 36 33 27
332 22 45 308 40 34 41 22 45 34 52 33 27
333 21 34 224 32 29 1 20 36 25 32 33 27
334 21 33 557 23 18 37 23 30 25 38 33 27
335 21 30 303 12 37 20 20 24 25 1 33 27
336 21 27 413 25 24 1 17 31 19 21 32 26
337 21 33 157 12 32 1 19 32 25 20 33 27
338 21 31 274 30 30 1 20 38 19 26 33 27
339 22 34 214 35 27 69 24 32 30 25 33 27
340 22 24 373 9 32 6 21 29 19 1 33 27
341 22 36 131 40 26 1 25 41 33 35 33 27
342 21 34 97 42 19 79 25 30 23 34 33 27
343 21 35 103 21 38 1 17 26 27 27 33 27
344 21 27 175 23 24 1 20 27 22 7 33 27
345 21 30 240 33 22 53 23 21 28 21 33 27
346 21 28 882 34 23 78 23 21 30 1 33 27
347 22 29 264 26 27 36 21 31 28 22 33 27
348 22 36 225 18 35 35 25 40 33 36 33 27
349 21 29 329 8 28 17 17 24 17 12 33 27
350 22 34 255 35 35 65 20 33 24 10 33 27
351 21 32 1521 35 23 64 23 44 22 45 33 27
352 22 33 326 21 33 6 25 27 30 20 33 27
353 21 29 181 27 28 1 22 10 28 1 33 27
354 21 35 236 25 40 61 22 23 24 1 32 27
355 22 33 168 35 22 44 27 34 27 40 33 27
356 21 32 433 33 19 46 18 37 29 30 33 27
357 22 35 171 14 36 24 19 25 25 24 33 27
358 21 27 180 25 20 1 22 34 34 40 33 27
359 21 30 351 34 28 36 22 18 33 1 33 27
360 21 36 299 36 31 17 23 29 25 44 33 27
361 22 33 161 25 36 62 19 20 26 1 33 27
362 22 34 691 24 36 23 26 22 30 1 33 27
363 22 36 315 32 32 83 26 29 27 27 33 27
364 22 36 162 23 31 31 23 24 26 30 33 27
365 21 29 143 22 31 38 19 19 30 5 33 27
366 21 32 176 35 18 65 30 38 32 47 33 27
367 22 31 128 15 34 17 24 39 27 24 33 27
368 22 30 161 29 26 60 20 27 28 1 33 27
369 22 31 138 20 38 61 22 13 25 1 32 27
370 22 41 330 31 40 1 20 18 23 40 33 27
371 21 31 96 16 25 13 21 24 23 12 33 27
372 22 29 459 26 20 69 19 1 35 5 33 27
373 22 35 249 23 37 38 25 31 32 8 33 27
374 22 27 179 28 25 1 22 34 20 28 33 27
375 21 30 202 33 22 1 23 32 30 44 33 27
376 21 33 217 33 32 44 22 35 30 18 33 27
377 22 33 361 36 30 74 25 37 29 31 33 27
378 22 34 165 36 26 38 24 49 20 38 33 27
379 21 27 334 45 18 77 24 1 33 23 33 27
380 22 33 290 36 23 1 24 28 22 39 33 27
381 21 34 183 34 20 29 27 57 27 26 33 27
382 21 28 104 15 34 1 22 18 25 1 33 27
383 21 30 338 26 29 1 28 18 31 1 33 27
384 22 30 276 28 25 38 20 28 24 26 33 27
385 21 25 479 34 29 32 20 24 25 8 33 27
386 22 33 277 27 26 35 22 42 29 25 33 27
387 22 31 239 12 28 53 18 23 23 16 33 27
388 22 36 463 44 25 14 21 36 26 47 33 27
389 21 36 571 35 39 22 21 21 24 11 33 27
390 22 32 241 25 27 30 19 28 21 35 33 27
391 22 34 310 24 31 64 19 18 34 9 33 27
392 21 29 271 18 30 7 26 18 22 15 33 27
393 22 33 269 22 39 1 15 1 32 1 33 27
394 21 27 123 31 18 29 23 16 35 9 33 27
395 21 31 2006 20 29 1 18 34 30 28 33 27
396 21 26 610 28 21 1 22 38 19 31 33 27
397 21 38 134 25 27 50 19 44 15 40 33 27
398 22 34 105 27 33 1 22 1 35 22 33 27
399 22 33 173 41 22 1 26 37 23 37 33 27
400 22 33 262 20 27 1 18 44 21 29 33 27
401 21 29 122 38 15 78 20 33 22 24 33 27
402 22 29 360 23 22 9 23 30 28 25 33 27
403 21 28 159 21 21 1 23 37 17 34 33 27
404 21 25 596 25 22 1 22 33 27 17 33 27
405 22 34 210 26 27 3 23 36 27 23 33 27
406 22 32 327 32 23 1 22 30 29 43 33 27
407 21 34 195 33 18 47 26 32 26 49 33 27
408 22 30 223 27 30 1 19 26 24 18 32 27
409 22 27 316 15 32 1 20 17 28 11 33 27
410 21 33 333 28 22 1 20 27 19 27 33 27
411 21 30 362 19 28 30 22 20 26 13 33 27
412 21 35 126 20 31 1 22 27 20 16 33 27
413 21 37 386 27 35 75 25 15 23 6 33 27
414 21 29 167 25 21 28 25 49 26 15 33 27
415 21 32 441 15 31 73 19 31 29 1 33 27
416 21 22 164 24 29 1 19 29 24 1 33 27
417 21 39 338 29 29 70 25 28 29 15 33 27
418 22 32 160 22 34 77 24 24 28 4 33 27
419 22 28 270 30 23 44 23 20 31 14 33 27
420 21 27 411 19 26 17 24 1 32 13 33 27
421 21 34 317 15 33 18 20 16 27 27 33 27
422 22 32 401 35 23 27 19 34 25 32 33 27
423 38 46 347 41 50 55 40 53 52 1 55 48
424 22 31 232 21 33 54 17 1 27 7 33 27
425 22 30 591 28 27 12 25 31 25 24 33 27
426 21 33 305 1 24 8 14 28 19 28 33 27
427 22 32 862 25 28 8 20 25 21 10 33 27
428 21 34 124 34 37 1 22 34 24 25 33 27
429 21 30 258 20 30 112 22 31 29 6 33 27
430 21 31 429 16 31 1 21 31 26 22 33 27
431 22 31 163 23 36 68 18 25 30 1 33 27
432 22 30 221 24 32 19 22 1 25 1 33 27
433 22 30 496 28 22 21 26 31 28 37 33 27
434 21 30 326 17 35 36 23 13 32 1 33 27
435 22 33 522 34 26 1 23 32 23 34 33 27
436 21 36 155 28 37 1 23 40 28 29 33 27
437 21 35 249 41 30 51 23 37 25 30 33 27
438 22 35 186 36 33 1 23 55 29 13 33 27
439 22 30 357 29 21 1 24 38 27 43 33 27
440 21 37 192 28 45 86 23 28 30 13 33 27
441 22 33 385 26 36 65 26 26 28 1 33 27
442 22 29 192 28 25 1 24 22 29 12 33 27
443 22 39 227 45 35 34 23 27 23 33 33 27
444 22 34 694 18 32 65 26 32 31 14 33 27
445 21 35 142 40 23 1 24 33 26 42 33 27
446 21 34 463 35 23 1 25 32 26 36 33 27
447 22 32 92 28 30 46 19 36 25 23 33 27
448 21 34 283 27 36 1 23 37 19 18 33 27
449 21 33 238 34 23 1 24 38 27 31 33 27
450 21 30 314 26 29 60 26 31 38 9 33 27
451 22 30 195 19 32 19 23 20 25 16 33 27
452 21 29 435 28 32 34 20 26 25 14 33 27
453 21 30 172 22 31 1 24 21 29 19 33 27
454 21 24 203 27 23 2 25 48 29 20 33 27
455 22 33 177 11 33 1 25 21 28 14 33 27
456 21 30 115 29 31 1 22 1 35 5 33 27
457 21 28 241 16 31 1 21 21 24 17 33 27
458 22 27 145 20 32 29 20 1 30 1 33 27
459 22 30 526 31 37 7 17 23 26 1 33 27
460 21 33 124 21 30 1 29 36 31 24 33 27
461 22 28 173 28 31 21 21 1 33 6 33 27
462 21 30 308 14 28 22 24 24 26 17 33 27
463 21 33 212 21 25 51 22 36 20 31 33 27
464 21 28 297 31 27 1 23 22 26 18 33 27
465 21 35 333 33 31 12 22 30 22 29 33 27
466 21 29 397 15 42 21 19 25 20 1 33 27
467 22 34 138 18 30 13 23 19 25 1 32 27
468 21 37 292 23 28 75 26 26 31 40 33 27
469 21 31 204 27 34 30 23 27 24 15 33 27
470 21 32 273 39 25 1 24 32 25 36 33 27
471 21 28 213 44 24 66 27 21 23 9 33 27
472 21 36 175 16 34 58 20 18 31 29 33 27
473 22 32 308 34 32 1 22 24 25 10 33 27
474 22 30 173 22 35 1 22 20 26 11 33 27
475 22 30 94 29 19 1 21 26 20 25 33 27
476 21 28 151 24 17 24 23 23 24 27 33 27
477 22 29 249 31 16 6 21 32 29 31 33 27
478 22 31 356 38 23 4 24 40 26 34 33 27
479 22 29 109 25 26 37 23 48 31 15 33 27
480 21 33 182 39 28 46 22 39 28 23 33 27
481 21 28 157 24 30 1 25 23 22 20 33 27
482 21 30 183 27 36 16 27 45 28 15 33 27
483 21 38 215 11 30 1 19 12 22 39 33 27
484 22 31 215 38 29 1 20 26 26 22 33 27
485 21 31 152 28 31 32 21 37 28 21 33 27
486 22 34 325 28 23 28 21 38 29 35 33 27
487 22 27 141 33 30 5 22 18 20 1 33 27
488 21 27 399 25 34 37 23 19 29 1 33 27
489 21 27 298 27 33 16 27 33 29 1 33 27
490 22 27 113 15 29 14 23 23 23 11 33 27
491 21 30 393 27 21 85 21 21 21 11 33 27
492 22 35 118 20 41 1 23 26 27 11 33 27
493 22 31 284 25 30 1 23 26 27 20 33 27
494 21 27 283 40 27 1 18 14 27 1 33 27
495 21 32 106 23 32 29 24 20 29 8 33 27
496 22 33 143 31 25 19 21 31 30 31 33 27
497 22 38 177 20 36 1 22 21 24 34 33 27
498 22 32 142 39 24 1 25 32 23 34 33 27
499 21 34 640 23 34 70 22 26 31 15 33 27
500 21 33 260 28 39 1 27 29 27 28 33 27
501 22 34 274 19 38 31 21 22 34 20 33 27
502 21 35 267 23 34 1 22 27 23 32 33 27
503 22 30 279 21 24 1 25 32 23 20 33 27
504 22 32 342 29 27 34 23 32 24 27 33 27
505 21 37 115 21 35 25 18 23 23 32 33 27
506 22 27 346 33 13 1 21 36 26 37 34 27
507 21 34 276 26 30 82 23 36 25 26 33 27
508 21 35 174 3 43 1 22 29 30 25 33 27
509 22 30 183 24 30 15 17 25 29 1 33 27
510 21 28 85 24 24 15 22 30 26 11 33 27
511 21 31 650 17 29 1 21 25 30 22 32 26
512 21 27 638 32 21 28 23 41 26 12 33 27
513 21 32 232 28 30 67 20 34 17 22 33 27
514 21 28 455 18 31 11 16 25 22 5 33 27
515 22 37 154 23 37 66 23 37 26 27 33 27
516 22 32 505 25 34 45 21 32 24 20 33 27
517 22 34 190 37 17 1 25 42 29 36 33 27
518 21 32 280 35 15 31 24 33 24 41 33 27
519 22 28 238 26 18 18 25 23 29 29 33 27
520 22 28 203 27 21 53 25 28 36 11 33 27
521 21 31 572 27 19 40 21 30 27 34 33 27
522 22 37 181 20 36 22 22 28 29 14 33 27
523 22 32 126 30 32 99 20 21 27 25 33 27
524 22 31 436 23 31 35 22 38 20 11 33 27
525 22 29 202 21 30 35 24 23 28 1 33 27
526 21 35 106 24 34 106 24 20 25 1 33 27
527 21 37 227 30 34 1 20 29 24 28 33 27
528 21 32 487 18 32 38 23 23 33 26 33 27
529 22 32 210 32 21 35 22 28 29 37 33 27
530 22 29 160 24 28 4 26 35 28 29 33 27
531 22 32 249 37 33 50 23 25 27 29 33 27
532 22 32 226 28 29 1 26 36 21 35 33 27
533 22 35 214 22 29 70 18 20 24 18 33 27
534 21 36 162 29 23 18 26 20 28 37 33 27
535 21 36 145 24 36 65 21 22 30 2 33 27
536 22 36 242 24 39 46 22 23 23 1 32 27
537 21 29 158 32 19 8 19 30 31 33 33 27
538 22 39 525 21 40 1 21 20 27 30 33 27
539 21 25 168 30 19 41 20 25 22 5 33 27
540 22 25 175 25 14 1 23 38 23 32 33 27
541 21 29 144 36 17 1 23 32 24 25 33 27
542 22 39 126 27 42 1 25 24 27 25 33 27
543 21 26 235 38 15 49 20 16 29 22 33 27
544 22 30 153 18 27 1 20 24 26 3 33 27
545 21 31 175 21 31 36 27 21 30 7 33 27
546 21 30 234 16 32 27 22 32 30 1 32 27
547 22 31 182 29 20 39 26 29 29 32 33 27
548 22 32 111 17 30 19 27 25 32 15 33 27
549 22 32 271 15 26 49 23 35 26 33 33 27
550 22 33 94 24 34 79 19 29 32 1 33 27
551 22 32 510 26 24 1 21 35 24 32 33 27
552 21 36 293 16 39 1 22 28 25 6 33 27
553 22 31 1155 20 31 1 17 27 25 7 33 27
554 21 25 297 26 33 5 18 1 29 17 33 27
555 22 34 163 24 30 1 21 1 25 35 33 27
556 22 30 122 24 20 7 19 22 23 29 33 27
557 22 39 763 27 30 31 28 22 23 29 33 27
558 21 34 230 38 32 36 24 39 23 35 33 27
559 21 32 307 21 35 1 19 19 31 38 33 27
560 21 32 360 30 27 44 19 31 31 31 33 27
561 22 29 435 34 20 86 22 24 29 7 33 27
562 22 29 232 23 25 49 21 30 29 19 33 27
563 22 31 309 34 26 28 27 31 29 13 33 27
564 21 42 186 11 40 39 25 35 29 44 33 27
565 21 24 140 10 33 11 21 20 23 1 33 27
566 21 33 258 32 19 12 23 29 29 41 33 27
567 21 32 156 27 30 42 20 29 26 20 33 27
568 22 37 105 17 37 62 19 1 24 30 33 27
569 21 29 256 11 31 50 19 24 28 1 33 27
570 21 29 186 31 29 59 24 1 27 9 33 27
571 21 31 404 20 32 68 23 27 24 1 33 27
572 22 27 151 29 17 13 20 24 26 9 33 27
573 22 30 240 21 23 1 25 27 26 28 33 27
574 22 34 157 30 31 74 21 43 31 25 33 27
575 21 38 328 23 35 62 22 20 25 31 33 27
576 21 30 241 26 28 1 29 34 33 26 33 27
577 21 24 145 25 26 59 20 22 25 1 33 27
578 22 33 172 34 28 1 24 38 31 39 33 27
579 21 33 355 28 30 43 19 44 18 1 33 27
580 22 33 233 26 33 57 22 19 30 15 33 27
581 22 24 384 27 21 1 23 1 25 14 33 27
582 21 29 157 19 25 29 24 23 25 14 33 27
583 21 27 156 27 25 1 18 48 11 12 33 27
584 21 30 99 26 28 21 26 26 25 23 33 27
585 21 47 470 23 40 1 24 24 23 40 33 27
586 22 31 108 17 38 4 20 28 22 2 33 27
587 21 37 545 16 36 40 23 29 32 22 33 27
588 22 31 216 26 38 1 18 26 26 8 33 27
589 22 31 97 26 27 1 25 33 23 37 33 27
590 21 29 158 19 25 45 22 20 17 4 33 27
591 22 34 228 23 36 14 23 25 23 24 33 27
592 21 31 165 19 37 1 23 23 22 29 33 27
593 22 32 754 11 28 32 17 26 27 36 33 27
594 21 26 555 36 30 15 16 26 25 13 33 27
595 22 32 138 23 25 11 24 33 30 31 33 27
596 22 28 355 35 26 1 21 32 24 30 33 27
597 21 34 136 12 21 2 21 28 20 46 33 27
598 22 37 91 22 27 45 20 28 25 48 33 27
599 22 28 263 20 19 15 20 25 23 23 33 27
600 21 27 226 33 24 26 24 31 25 9 33 27
601 22 30 105 37 25 1 23 33 29 31 33 27
602 22 28 258 33 30 58 23 27 27 18 33 27
603 22 33 317 27 26 45 23 27 22 28 33 27
604 22 37 198 44 34 40 23 41 27 35 33 27
605 21 39 162 11 40 1 17 21 25 34 33 27
606 21 29 174 21 24 51 20 32 31 11 33 27
607 21 24 138 22 19 1 21 33 28 14 33 27
608 21 25 133 28 21 1 20 18 22 1 33 27
609 21 29 148 32 22 46 19 28 28 34 33 27
610 21 24 163 23 30 1 22 17 27 1 32 27
611 22 38 295 15 44 16 22 21 25 16 33 27
612 22 24 183 28 29 1 19 22 24 1 32 27
613 21 31 281 35 27 73 21 24 29 21 33 27
614 22 34 168 21 35 34 18 27 22 29 33 27
615 21 25 291 28 30 1 18 30 29 5 33 27
616 21 25 270 35 30 1 25 23 30 1 33 27
617 22 37 104 40 21 69 26 37 32 49 33 27
618 22 26 172 29 25 49 25 31 27 17 33 27
619 22 29 148 28 18 44 19 1 32 17 33 27
620 22 33 458 26 26 68 22 27 31 6 33 27
621 22 23 493 27 25 30 18 33 21 1 32 27
622 22 24 139 30 27 73 20 22 26 5 33 27
623 21 22 103 38 13 23 22 37 24 6 33 27
624 21 32 100 17 25 1 21 30 21 35 33 27
625 22 32 305 28 32 1 20 35 22 22 33 27
626 21 31 152 22 23 1 18 41 22 38 33 27
627 21 37 155 33 33 49 24 33 23 35 33 27
628 21 37 595 27 46 102 23 23 26 1 33 27
629 21 33 403 30 34 46 24 1 33 13 33 27
630 21 33 280 29 32 43 25 26 30 9 33 27
631 21 33 520 19 34 64 21 28 32 11 33 27
632 22 30 377 23 26 33 19 33 22 20 33 27
633 21 34 161 31 27 34 27 32 31 19 33 27
634 21 36 172 23 26 74 23 23 27 25 33 27
635 22 36 169 26 27 24 22 33 26 38 33 27
636 22 24 141 26 11 7 18 36 26 24 33 27
637 21 32 329 30 26 41 24 45 36 35 33 27
638 22 33 481 20 30 62 20 23 28 15 33 27
639 21 29 90 13 32 39 30 13 24 3 33 27
640 21 24 188 23 20 1 18 25 18 10 33 27
641 21 27 102 31 30 60 17 21 25 1 33 27
642 21 32 169 26 27 1 20 17 21 20 33 27
643 21 39 449 32 29 59 28 25 32 39 33 27
644 21 25 169 18 37 71 21 19 25 1 33 27
645 21 33 391 27 29 17 23 26 26 19 33 27
646 21 20 730 15 21 26 18 22 28 1 33 27
647 22 34 744 32 38 40 19 48 23 33 33 27
648 22 32 166 24 31 41 26 28 32 22 33 27
649 21 30 316 28 33 1 20 32 31 9 33 27
650 21 35 554 22 35 1 20 25 16 17 33 27
651 22 30 209 25 43 7 28 27 32 2 33 27
652 21 27 140 34 19 64 22 24 25 1 33 27
653 22 31 203 24 37 1 23 25 26 1 33 27
654 22 24 217 33 32 22 24 19 26 1 32 27
655 21 31 200 21 24 1 24 25 25 35 33 27
656 22 36 234 21 24 1 24 19 27 45 33 27
657 22 29 208 24 32 58 18 29 25 1 32 27
658 22 36 207 32 26 1 21 41 27 41 33 27
659 21 26 274 27 28 18 19 12 22 2 33 27
660 21 33 135 29 37 43 21 22 31 9 33 27
661 22 32 261 26 30 10 18 30 24 14 33 27
662 22 39 192 26 43 39 25 18 32 25 33 27
663 21 32 177 31 32 11 20 22 28 13 33 27
664 22 30 165 21 34 1 23 21 29 14 33 27
665 22 27 136 32 15 25 20 23 26 15 33 27
666 21 32 406 26 27 35 21 34 22 21 33 27
667 21 26 155 32 23 35 19 28 20 25 33 27
668 22 38 142 25 35 1 20 1 38 29 33 27
669 22 27 251 17 27 7 25 25 26 1 33 27
670 22 29 121 28 27 109 18 1 28 1 33 27
671 21 36 166 27 29 1 23 26 24 41 33 27
672 21 32 384 31 31 34 23 22 33 29 33 27
673 21 28 646 43 27 79 24 48 23 13 33 27
674 22 31 119 27 36 1 24 16 28 24 33 27
675 21 32 391 23 26 1 24 32 24 42 33 27
676 22 36 129 17 35 72 24 24 26 13 33 27
677 22 34 266 27 33 57 23 23 28 1 33 27
678 21 31 240 38 28 1 26 24 19 15 33 27
679 21 34 531 20 32 1 22 16 28 1 32 27
680 21 24 201 18 27 21 18 22 29 1 33 27
681 22 37 392 20 41 1 27 26 25 5 33 27
682 22 26 141 27 22 1 23 33 31 23 33 27
683 21 32 168 31 24 85 24 31 29 17 33 27
684 22 29 415 28 22 49 23 33 26 25 33 27
685 21 28 225 15 31 15 22 23 26 1 33 26
686 22 30 298 26 23 1 23 39 22 31 33 27
687 22 36 156 19 35 51 20 27 26 26 33 27
688 21 32 144 25 32 16 23 17 32 16 33 27
689 22 27 315 32 23 8 26 1 36 29 33 27
690 21 33 165 34 24 1 20 32 24 45 33 27
691 22 29 399 21 19 25 23 52 21 18 33 27
692 22 35 300 34 23 6 26 37 27 48 33 27
693 21 37 151 22 32 1 18 35 19 42 33 27
694 21 26 308 25 30 53 22 1 28 9 33 27
695 22 35 185 35 28 1 25 33 30 33 33 27
696 22 33 111 25 34 1 21 24 29 19 33 27
697 21 36 301 26 32 51 24 26 27 14 33 27
698 22 30 197 18 24 4 23 27 26 24 33 27
699 21 31 282 27 22 72 23 23 22 13 33 27
700 21 32 206 19 28 28 23 12 32 11 33 27
701 22 31 245 13 34 45 27 33 27 6 33 27
702 22 30 130 24 32 1 21 20 24 30 33 27
703 21 35 161 92 32 43 21 19 20 34 33 27
704 21 31 409 18 35 1 21 28 33 14 33 27
705 22 35 779 25 31 36 24 20 28 1 33 27
706 22 33 211 22 31 1 21 21 19 8 33 27
707 22 30 457 16 18 1 19 30 22 4 33 27
708 21 37 103 17 29 41 19 30 25 38 33 27
709 21 35 252 32 25 13 24 32 32 41 33 27
710 22 31 249 37 24 29 20 28 29 42 33 27
711 21 29 161 30 30 47 26 29 26 9 33 27
712 22 28 145 25 25 1 28 34 34 9 33 27
713 21 20 571 32 21 67 20 1 26 1 33 27
714 21 30 139 36 29 14 24 1 26 3 33 27
715 21 30 172 15 30 6 22 22 26 1 33 27
716 22 30 177 41 31 83 24 15 36 28 33 27
717 22 37 253 32 31 1 25 36 26 48 33 27
718 21 24 256 22 31 37 23 18 33 8 33 27
719 21 30 194 24 14 11 17 29 22 18 33 27
720 21 33 443 37 31 89 15 25 28 10 33 27
721 22 34 137 21 40 11 24 25 22 28 33 27
722 21 29 497 30 18 1 26 30 24 33 33 27
723 21 38 318 45 28 13 24 33 29 41 33 27
724 21 28 213 32 29 1 27 29 28 18 33 27
725 21 30 171 21 30 53 23 37 27 17 33 27
726 22 38 342 26 33 99 26 19 29 38 33 27
727 21 32 183 34 35 63 26 31 23 26 33 27
728 22 36 175 29 32 1 25 23 25 15 33 27
729 21 35 145 30 32 39 30 26 35 30 33 27
730 22 22 255 37 21 22 23 25 33 1 32 27
731 22 36 422 36 24 74 23 20 26 34 34 27
732 21 32 102 12 31 18 17 19 21 9 33 27
733 21 24 309 24 20 15 20 32 22 15 33 27
734 22 37 168 21 26 56 23 19 22 39 33 27
735 21 31 169 20 26 39 23 39 23 40 33 27
736 21 38 137 41 26 21 20 29 21 44 33 27
737 21 31 318 32 26 52 25 35 22 36 33 27
738 21 35 241 16 46 43 23 26 21 25 33 27
739 21 37 456 24 26 50 20 22 28 25 33 27
740 22 40 235 28 35 47 28 36 25 42 33 27
741 22 32 88 31 27 90 22 51 21 34 33 27
742 22 36 240 20 25 91 21 25 23 32 33 27
743 21 34 314 24 29 3 21 27 25 28 33 27
744 22 35 216 19 37 1 17 32 20 29 33 27
745 21 31 479 16 37 11 20 17 21 12 33 27
746 22 30 135 24 22 1 29 28 32 28 33 27
747 21 31 196 26 32 1 16 21 17 25 33 27
748 21 34 327 37 27 5 25 32 23 47 33 27
749 21 34 224 20 40 52 24 18 27 13 33 27
750 22 34 242 21 32 72 24 24 24 18 33 27
751 21 32 187 32 22 1 22 34 26 34 33 27
752 21 28 566 34 26 65 20 25 21 6 33 27
753 21 28 182 26 23 19 22 27 27 5 33 27
754 21 31 355 19 33 24 22 21 27 11 33 27
755 21 30 282 29 19 1 23 18 33 16 32 26
756 22 31 242 24 28 66 19 22 22 18 33 27
757 22 34 215 24 42 96 22 31 29 1 33 27
758 22 33 221 21 21 22 19 1 31 27 33 27
759 21 34 361 18 29 11 26 55 26 40 33 27
760 21 31 182 23 26 34 20 15 22 19 33 27
761 22 34 115 35 26 73 20 35 27 20 33 27
762 21 29 90 23 25 2 23 21 25 13 33 27
763 21 31 171 27 23 9 26 32 22 26 33 27
764 22 30 596 13 36 20 22 23 31 1 33 27
765 22 31 181 27 24 43 17 32 16 7 33 27
766 22 28 100 31 23 8 25 48 32 15 33 27
767 21 34 203 10 31 1 22 20 25 27 33 27
768 21 31 218 24 24 68 22 28 24 10 33 27
769 21 35 172 28 35 1 22 28 34 24 33 27
770 21 33 115 18 35 1 24 31 32 4 33 27
771 21 31 407 19 32 99 24 27 30 1 33 27
772 22 31 164 16 35 83 21 31 27 1 32 27
773 21 32 236 43 31 24 22 36 23 9 33 27
774 22 37 196 29 34 1 24 31 28 34 33 27
775 22 37 219 33 30 28 29 50 30 38 33 27
776 21 34 93 16 35 40 19 19 29 4 33 27
777 21 30 176 28 24 1 19 33 21 34 33 27
778 21 34 188 27 34 1 28 33 32 30 33 27
779 21 31 189 23 24 39 24 25 23 9 33 27
780 22 26 231 142 34 29 34 26 33 20 33 27
781 21 28 407 20 26 23 23 32 28 14 33 27
782 22 33 168 30 36 46 25 29 23 13 33 27
783 21 29 107 30 29 17 24 26 30 7 33 27
784 21 29 171 16 31 14 24 21 27 9 33 27
785 22 35 124 25 38 81 20 26 22 2 33 27
786 21 30 309 33 26 1 19 35 29 39 33 27
787 21 30 300 30 27 37 21 24 26 33 33 27
788 21 31 263 35 26 1 20 33 23 33 33 27
789 22 40 294 26 33 32 26 42 37 29 33 27
790 21 32 318 21 35 54 26 25 29 9 33 27
791 21 34 150 14 30 1 22 21 29 18 33 27
792 21 32 450 29 26 1 23 27 26 19 33 27
793 22 32 167 37 32 1 27 36 22 7 33 27
794 21 32 427 23 28 1 16 10 21 12 33 27
795 21 30 320 31 30 52 27 34 19 15 33 27
796 21 33 163 34 29 24 16 25 27 40 33 27
797 21 36 205 34 35 64 22 28 25 24 33 27
798 22 32 300 31 25 2 20 27 32 23 33 27
799 21 32 340 35 39 85 23 26 28 4 33 27
800 22 32 140 29 23 60 22 21 32 17 33 27
801 22 29 213 12 19 1 22 26 22 26 33 27
802 21 40 285 27 37 1 22 25 26 27 33 27
803 21 36 476 37 32 45 16 1 19 23 33 27
804 22 36 413 30 30 1 23 26 27 27 33 27
805 22 26 145 20 17 19 22 40 18 16 33 27
806 22 30 161 17 29 35 21 26 28 12 33 27
807 22 27 142 13 22 36 22 26 27 1 33 27
808 21 29 200 16 28 41 24 16 22 1 33 27
809 21 36 403 35 32 64 27 25 28 25 33 27
810 21 26 302 31 20 6 21 29 23 9 33 27
811 21 29 279 16 31 28 20 23 19 1 33 27
812 21 31 270 38 16 22 23 27 27 36 33 27
813 22 27 87 27 35 56 23 30 22 9 33 27
814 22 30 172 39 28 1 22 32 24 31 33 27
815 22 35 175 20 39 104 26 24 26 1 33 27
816 21 27 155 9 33 1 25 16 27 1 33 27
817 22 39 222 35 29 1 21 19 30 29 33 27
818 21 26 171 26 26 1 23 28 25 2 33 27
819 22 29 191 40 25 36 26 32 28 13 33 27
820 22 31 192 22 31 60 22 32 19 2 33 27
821 22 37 444 23 32 46 29 21 26 20 33 27
822 22 31 220 20 34 84 23 33 29 1 33 27
823 21 27 369 38 16 1 26 1 30 22 33 27
824 22 29 250 29 19 1 21 26 21 27 33 27
825 21 33 166 24 30 87 21 36 23 11 33 27
826 22 28 122 14 32 10 17 18 29 1 33 27
827 21 32 1096 22 25 43 25 23 28 29 33 27
828 21 27 348 31 24 17 17 37 20 24 33 27
829 22 30 150 24 34 18 19 28 20 1 33 27
830 22 26 356 40 18 43 23 1 27 1 33 27
831 22 27 163 31 39 34 23 23 26 1 33 27
832 21 32 87 20 28 22 26 27 26 19 33 27
833 22 31 190 32 29 1 22 28 29 10 33 27
834 21 37 183 28 31 93 18 17 27 31 33 27
835 22 37 204 30 26 19 24 28 27 28 33 27
836 22 34 156 15 43 58 25 25 30 1 33 27
837 21 34 217 30 18 67 19 23 29 35 33 27
838 21 30 179 24 33 32 22 20 24 18 33 27
839 21 28 166 24 30 12 21 44 25 2 33 27
840 21 30 206 18 23 36 25 34 29 17 33 27
841 21 30 219 29 23 15 18 25 22 23 33 27
842 22 37 196 30 38 63 21 1 37 21 33 27
843 21 31 302 37 25 1 25 34 29 14 33 27
844 21 39 362 37 36 88 22 21 30 35 33 27
845 21 31 216 15 27 28 25 23 35 5 33 27
846 21 38 165 28 38 1 25 20 31 21 33 27
847 21 29 426 29 31 14 20 16 27 12 33 27
848 22 29 243 21 21 26 21 27 28 12 33 27
849 21 30 211 18 38 61 19 27 22 1 33 27
850 21 27 271 25 21 42 16 22 21 4 33 27
851 21 33 218 24 36 36 24 26 25 5 33 27
852 21 33 475 29 38 1 17 25 24 17 33 27
853 21 37 326 25 33 50 24 21 23 35 33 27
854 21 31 312 35 20 1 23 36 29 38 33 27
855 22 37 166 21 37 3 19 25 28 39 33 27
856 22 24 253 31 27 1 28 39 22 8 33 27
857 22 33 309 23 29 98 23 29 29 10 33 27
858 22 33 379 12 34 29 22 31 25 1 33 27
859 22 30 356 12 34 26 19 30 30 1 33 27
860 22 36 407 28 34 10 29 33 27 13 33 27
861 22 24 229 24 27 30 27 27 25 1 33 27
862 21 32 119 22 37 7 26 26 23 14 33 27
863 21 35 304 13 23 10 24 23 31 38 33 27
864 22 38 287 27 31 25 26 22 35 42 33 27
865 21 30 169 19 29 30 19 28 15 9 33 27
866 22 29 120 23 25 1 21 40 28 25 33 27
867 21 29 140 22 12 10 25 38 29 27 33 27
868 22 29 213 20 35 45 23 21 20 1 32 27
869 21 25 96 42 25 21 20 31 23 1 33 27
870 21 27 380 20 31 2 22 17 24 17 33 27
871 21 36 162 22 31 23 24 20 27 22 33 27
872 22 32 214 40 20 45 22 34 32 37 33 27
873 21 32 199 13 28 20 21 19 15 21 33 27
874 22 38 159 25 33 1 23 21 29 43 33 27
875 21 27 226 26 29 25 19 35 25 2 33 27
876 21 27 193 34 23 1 27 24 28 10 33 27
877 21 24 144 20 23 21 25 33 24 7 33 27
878 21 38 258 35 36 77 20 33 27 32 33 27
879 21 34 113 38 27 52 22 20 35 31 33 27
880 21 30 173 19 27 1 25 26 24 33 33 27
881 21 35 353 40 29 13 29 30 37 34 33 27
882 22 35 154 22 25 38 27 25 27 26 33 27
883 21 27 89 19 27 1 19 22 25 20 33 27
884 21 34 202 27 21 29 23 26 27 36 33 27
885 21 31 200 16 34 66 23 22 27 1 33 27
886 21 35 108 29 28 5 22 36 29 31 33 27
887 21 27 330 36 15 82 17 19 26 13 33 27
888 21 35 189 21 26 44 24 30 22 23 33 27
889 21 28 309 21 21 26 24 18 27 22 33 27
890 21 31 97 12 37 1 16 1 19 11 33 27
891 21 32 240 36 17 47 21 37 26 44 33 27
892 21 33 1101 22 36 1 23 25 25 1 33 27
893 21 30 572 27 25 18 24 20 36 30 33 27
894 22 33 608 27 27 39 17 1 36 11 33 27
895 21 28 1405 41 26 70 17 23 23 1 33 27
896 21 29 192 29 34 58 24 25 30 2 33 27
897 22 38 165 28 33 58 19 32 23 22 33 27
898 21 26 177 29 30 12 19 25 25 7 33 27
899 21 33 196 29 39 15 28 27 25 10 33 27
900 21 31 191 22 25 1 22 22 24 18 33 27
901 21 31 109 29 26 17 24 29 24 31 33 27
902 21 29 267 26 22 27 23 14 29 29 33 27
903 21 30 203 36 22 47 25 32 27 22 33 27
904 21 33 118 27 30 1 22 29 36 20 33 27
905 21 37 222 26 38 13 25 15 18 30 33 27
906 22 36 265 21 43 16 23 21 30 24 33 27
907 22 167 425 26 62 35 23 36 59 123 33 27
908 22 31 272 22 35 9 20 22 28 14 33 27
909 22 30 143 26 36 1 22 29 17 21 33 27
910 22 33 244 21 29 1 23 33 29 32 33 27
911 22 29 386 28 40 1 22 55 22 1 33 27
912 22 36 126 28 43 1 24 33 27 30 33 27
913 22 34 148 25 25 66 23 29 15 36 33 27
914 21 30 127 33 31 1 27 34 29 20 33 27
915 22 34 219 24 23 1 20 37 28 45 33 27
916 21 39 205 18 42 1 24 19 26 24 33 27
917 21 31 133 32 28 67 20 22 22 5 33 27
918 22 27 187 27 27 2 22 37 28 18 33 27
919 22 31 101 25 21 1 25 33 23 33 33 27
920 22 30 153 18 38 12 22 18 23 1 33 27
921 21 29 134 28 20 10 24 35 25 33 33 27
922 21 30 916 19 35 64 20 26 25 3 33 27
923 21 25 186 32 11 72 21 32 29 11 33 27
924 22 34 156 20 42 1 24 40 22 20 33 27
925 21 32 281 38 34 1 24 37 27 39 33 27
926 22 30 324 29 31 54 18 20 24 15 33 27
927 22 37 334 30 29 46 22 26 26 40 33 27
928 21 37 232 37 37 1 20 34 23 51 33 27
929 22 29 90 10 29 3 20 26 27 1 33 27
930 22 29 236 23 29 26 21 22 29 1 33 27
931 21 29 199 30 32 1 24 21 21 11 33 27
932 22 33 286 28 31 58 23 47 30 28 33 27
933 22 38 162 33 29 43 25 32 26 37 33 27
934 22 28 164 16 33 1 22 14 19 16 33 27
935 21 38 142 11 30 22 24 18 23 29 33 27
936 22 32 149 36 16 31 24 44 25 33 33 27
937 21 39 177 19 27 3 26 19 36 32 33 27
938 21 29 168 29 15 18 25 23 23 14 33 27
939 21 34 239 19 33 1 19 24 17 21 33 27
940 22 34 93 15 43 1 22 25 21 2 33 27
941 21 26 293 27 23 36 24 25 26 11 33 27
942 21 38 238 24 39 26 20 38 26 32 33 27
943 21 31 247 35 24 33 19 33 21 24 33 27
944 21 34 233 29 28 32 20 27 25 32 33 27
945 21 36 516 34 39 28 21 40 26 45 33 27
946 21 37 166 26 31 33 24 23 30 23 33 27
947 21 34 204 33 32 1 21 27 31 31 33 27
948 22 30 245 19 11 1 21 26 29 36 33 27
949 22 28 116 10 28 49 23 22 27 1 32 27
950 22 37 225 13 37 14 27 15 31 32 33 27
951 22 27 226 25 14 13 21 36 26 21 33 27
952 21 30 180 24 31 43 23 22 23 1 33 27
953 21 35 234 22 32 5 24 11 22 34 33 27
954 22 30 425 25 32 26 24 27 30 6 33 27
955 21 29 158 25 23 7 25 15 28 4 33 27
956 21 29 358 32 28 1 19 32 25 11 33 27
957 22 35 218 39 25 54 26 41 30 54 34 27
958 22 38 194 18 42 53 23 29 33 30 33 27
959 22 32 295 32 23 21 28 31 21 34 33 27
960 22 32 151 20 27 52 24 31 25 34 33 27
961 21 34 143 22 32 19 24 24 24 24 33 27
962 21 31 264 19 30 56 19 26 27 1 33 27
963 21 29 344 30 24 42 26 35 29 6 33 27
964 21 39 406 25 37 1 26 45 28 30 33 27
965 22 30 224 44 14 12 19 1 26 14 33 27
966 22 36 99 22 32 1 16 40 22 31 33 27
967 22 27 322 27 29 53 22 35 30 2 33 27
968 21 28 76 15 35 1 20 28 25 1 33 27
969 22 36 249 26 33 1 24 34 26 30 33 27
970 22 27 212 30 26 63 20 27 32 4 33 27
971 22 35 221 22 34 36 26 29 30 31 33 27
972 22 32 229 26 35 35 22 27 34 9 33 27
973 22 37 413 34 37 1 26 34 21 25 33 27
974 22 28 220 18 26 65 20 28 32 1 32 27
975 21 32 221 39 24 58 23 35 25 39 33 27
976 22 25 287 13 31 5 19 31 30 1 33 27
977 21 37 203 28 26 31 21 26 29 41 33 27
978 21 31 171 29 21 43 31 34 22 46 33 27
979 21 32 266 24 30 1 20 28 22 19 33 27
980 21 33 158 32 28 40 22 22 28 34 33 27
981 21 31 217 26 34 14 22 24 23 17 33 27
982 22 31 112 22 29 53 20 10 29 1 32 27
983 22 35 225 16 34 62 24 26 32 21 33 27
984 22 32 172 29 21 36 27 39 24 40 33 27
985 21 28 120 21 32 1 19 18 27 21 33 27
986 22 33 94 18 36 69 20 18 27 8 33 27
987 21 31 416 24 35 35 25 23 26 1 33 27
988 22 29 179 18 36 1 23 39 25 29 33 27
989 22 39 230 31 40 1 25 20 27 26 33 27
990 22 33 374 26 21 48 21 26 24 41 33 27
991 21 20 248 29 18 38 18 19 19 14 33 27
992 22 37 169 29 33 1 22 25 26 33 33 27
993 22 35 610 9 33 4 19 28 22 25 33 27
994 22 38 184 32 33 38 24 24 31 23 33 27
995 22 29 173 29 27 26 24 47 29 19 33 27
996 21 37 135 17 28 37 19 47 22 40 33 27
997 21 27 324 19 28 50 22 19 22 4 33 27
998 21 36 185 32 26 1 27 34 27 46 33 27
999 21 30 412 31 19 14 21 35 24 41 33 27
1000 21 29 149 32 14 11 23 29 28 44 33 27
1001 21 29 543 22 29 29 26 26 30 13 33 27
1002 21 40 173 16 35 109 21 27 18 32 33 27
1003 21 34 260 29 31 73 22 22 23 10 33 27
1004 21 30 94 29 32 33 21 31 16 13 33 27
1005 22 36 233 21 41 24 20 1 28 22 33 27
1006 21 34 388 41 23 12 22 33 29 45 33 27
1007 21 31 187 22 35 18 25 21 30 11 33 27
1008 21 30 129 24 27 1 21 24 29 32 33 27
1009 22 24 90 24 12 6 22 28 24 1 32 27
1010 22 28 264 28 21 51 23 23 22 14 33 27
1011 21 33 714 35 22 12 20 44 26 36 33 27
1012 22 32 209 25 29 14 22 30 23 27 33 27
1013 21 31 190 30 28 6 22 22 25 15 33 27
1014 21 33 417 31 26 37 23 39 34 35 33 27
1015 21 27 225 39 17 1 22 1 30 2 33 27
1016 21 31 177 37 11 17 23 34 23 47 33 27
1017 21 30 382 33 22 1 21 38 20 28 33 27
1018 22 28 267 23 34 1 18 42 28 13 33 27
1019 22 31 141 30 16 26 19 35 27 41 33 27
1020 21 36 303 28 36 1 18 57 22 27 33 27
1021 21 29 189 25 30 64 26 21 35 8 33 27
1022 21 35 108 25 37 22 20 28 26 30 33 27
1023 21 32 262 18 36 27 23 21 31 1 33 27
1024 22 32 305 42 26 1 20 35 30 34 33 27
1025 22 28 172 28 14 50 24 26 24 37 33 27
1026 22 40 289 14 36 59 22 15 31 32 33 27
1027 21 38 187 24 38 1 19 18 20 24 33 27
1028 22 44 262 26 37 13 24 26 36 44 33 27
1029 21 35 220 14 34 9 23 23 37 11 33 27
1030 22 40 473 6 25 29 24 51 23 53 33 27
1031 21 30 130 31 28 1 21 25 22 25 33 27
1032 21 31 148 22 35 1 19 27 14 13 33 27
1033 21 35 213 29 22 14 28 31 33 40 33 27
1034 22 36 257 26 29 1 21 31 26 31 33 27
1035 21 38 464 23 39 1 23 28 27 31 33 27
1036 22 31 279 26 22 58 25 31 22 34 33 27
1037 21 23 89 25 17 1 13 35 25 14 33 27
1038 22 29 158 21 27 66 24 21 22 9 33 27
1039 21 37 170 16 37 39 24 23 33 23 33 27
1040 22 28 233 21 38 37 21 32 29 15 33 27
1041 21 33 213 34 26 1 18 21 30 23 33 27
1042 21 38 255 18 36 1 20 25 26 12 33 27
1043 21 33 337 19 36 110 19 25 23 4 33 27
1044 21 30 159 20 32 1 19 22 26 15 33 27
1045 22 30 195 26 23 1 22 34 31 40 33 27
1046 21 28 88 21 23 1 16 1 29 1 33 27
1047 21 26 171 27 19 1 19 17 22 13 33 27
1048 21 30 131 21 18 7 19 39 29 23 33 27
1049 21 28 92 28 22 1 22 28 27 34 33 27
1050 22 34 271 29 32 29 25 20 22 19 33 27
1051 21 34 114 24 34 1 25 30 30 36 33 27
1052 21 39 173 25 36 1 22 26 24 25 33 27
1053 21 28 254 28 27 17 21 35 16 11 33 27
1054 22 32 136 22 27 1 20 26 26 24 33 27
1055 22 30 200 32 26 1 24 35 25 30 33 27
1056 21 33 271 29 28 67 21 24 20 16 33 27
1057 21 29 101 13 24 9 26 25 30 17 33 27
1058 22 35 328 31 30 1 21 33 27 31 33 27
1059 21 26 185 12 30 1 19 37 21 10 33 27
1060 21 32 154 34 24 39 26 27 29 25 33 27
1061 21 34 246 22 35 53 22 22 15 19 33 27
1062 21 36 871 28 29 1 24 28 26 37 33 27
1063 22 31 147 23 20 47 22 46 31 31 33 27
1064 21 33 148 23 36 52 23 28 32 4 33 27
1065 21 28 338 16 22 51 20 26 29 9 33 27
1066 21 36 478 34 29 19 24 30 26 28 33 27
1067 21 21 160 30 19 19 21 24 22 1 33 27
1068 22 34 155 27 34 23 24 19 21 19 33 27
1069 22 32 524 18 38 34 20 20 26 1 33 27
1070 21 30 192 29 36 1 23 21 28 6 33 27
1071 21 27 156 28 17 24 21 29 22 26 33 27
1072 21 33 221 31 26 1 23 28 21 43 33 27
1073 21 39 532 37 29 1 25 34 29 43 33 27
1074 22 33 139 28 31 48 18 1 20 18 33 27
1075 21 27 189 20 26 3 21 22 37 6 33 27
1076 21 27 117 23 22 1 23 29 21 29 33 27
1077 22 35 190 33 33 7 17 29 31 35 33 27
1078 22 32 228 18 30 74 23 23 25 2 33 27
1079 22 37 459 25 27 1 23 42 25 42 33 27
1080 21 33 141 37 25 42 23 32 25 28 33 27
1081 21 33 491 20 32 73 26 38 30 1 33 27
1082 21 20 147 30 21 53 24 41 17 5 33 27
1083 22 35 134 32 36 1 20 25 29 25 33 27
1084 21 31 309 17 29 8 25 24 31 13 33 27
1085 21 32 248 31 33 3 19 38 24 12 33 27
1086 22 30 145 17 29 26 20 27 28 9 33 27
1087 21 27 135 37 22 18 20 29 30 1 33 27
1088 22 32 621 26 31 33 26 26 34 17 33 27
1089 21 22 214 26 28 7 22 26 26 1 33 27
1090 21 34 197 31 33 32 27 26 29 31 33 27
1091 21 23 395 29 26 1 26 31 27 6 33 27
1092 21 36 164 29 42 43 21 25 22 23 33 27
1093 21 32 177 18 24 21 24 23 28 7 33 27
1094 22 35 147 29 26 1 24 40 17 33 33 27
1095 21 33 106 19 34 23 22 23 29 26 33 27
1096 21 34 534 25 35 1 21 21 26 21 33 27
1097 21 29 529 19 28 35 18 25 25 1 33 27
1098 22 35 236 33 23 67 27 39 25 45 33 27
1099 22 28 145 20 36 1 23 29 29 28 33 27
1100 22 35 131 28 16 91 26 22 28 38 33 27
1101 22 38 117 42 28 54 21 47 29 23 33 27
1102 21 32 202 26 31 3 23 22 21 31 33 27
1103 21 32 185 32 31 47 28 47 31 25 33 27
1104 21 28 148 7 33 17 19 24 27 1 33 27
1105 22 33 331 21 27 31 20 30 25 33 33 27
1106 22 35 173 30 44 48 24 8 25 20 33 27
1107 21 31 300 36 24 70 22 20 25 15 33 27
1108 21 31 211 34 17 16 25 30 23 38 33 27
1109 21 31 532 23 34 22 23 30 23 15 33 27
1110 21 30 167 20 33 6 25 25 25 6 33 27
1111 21 32 368 21 40 1 21 25 22 11 33 27
1112 21 33 245 27 18 14 23 31 23 47 33 27
1113 21 36 316 25 41 1 22 19 24 6 33 27
1114 21 32 235 20 28 64 24 28 24 18 33 27
1115 21 27 225 25 15 17 28 26 32 5 33 27
1116 22 27 180 28 16 37 22 26 30 18 33 27
1117 21 30 343 19 29 1 18 25 29 23 33 27
1118 21 32 196 30 24 1 25 19 25 34 33 27
1119 22 28 545 26 21 70 22 16 21 22 33 27
1120 21 36 258 31 23 58 28 20 27 20 33 27
1121 22 30 409 21 27 40 25 48 23 23 33 27
1122 22 88 1453 13 37 27 18 30 23 1 33 27
1123 21 37 205 24 29 31 23 19 30 20 33 27
1124 21 35 364 18 27 47 24 17 26 45 33 27
1125 21 30 152 19 27 52 23 12 21 19 33 27
1126 22 32 97 29 25 7 26 18 36 22 33 27
1127 21 28 222 27 29 52 22 32 25 9 33 27
1128 22 34 294 24 34 1 22 1 33 23 33 27
1129 21 22 227 25 27 1 22 24 24 4 33 27
1130 22 32 165 26 30 20 22 20 26 25 33 27
1131 21 26 238 27 16 43 22 24 28 20 33 27
1132 21 33 208 33 26 44 22 35 17 21 33 27
1133 21 28 245 23 33 23 24 25 26 4 33 27
1134 21 33 164 19 26 51 22 30 23 21 33 27
1135 21 36 280 23 40 66 27 28 29 13 33 27
1136 21 25 172 21 20 15 20 52 23 13 33 27
1137 21 31 199 15 28 20 21 29 22 9 33 27
1138 21 28 381 25 16 37 24 27 29 19 33 27
1139 21 32 178 23 31 1 20 31 20 33 33 27
1140 22 30 124 33 16 33 24 30 28 22 33 27
1141 21 33 207 39 31 1 24 26 29 18 33 27
1142 22 42 134 33 37 34 24 23 29 42 33 27
1143 22 33 241 34 28 25 18 1 33 1 33 27
1144 21 32 265 21 28 13 19 29 29 14 33 27
1145 21 26 451 30 21 37 22 26 40 1 33 27
1146 22 29 351 36 24 94 22 24 33 5 33 27
1147 21 32 175 15 19 20 20 13 26 15 33 27
1148 22 33 403 35 26 1 22 31 31 33 33 27
1149 22 32 388 27 29 67 24 27 29 23 33 27
1150 21 35 333 23 33 26 23 25 20 26 33 27
1151 21 31 144 39 25 32 20 29 20 28 33 27
1152 22 33 169 37 19 13 23 33 28 47 33 27
1153 22 36 460 25 34 44 23 28 27 16 33 27
1154 21 29 236 36 23 77 23 24 37 8 33 27
1155 21 31 560 31 26 17 28 35 29 17 33 27
1156 22 28 136 28 27 48 25 1 31 17 33 27
1157 22 34 331 30 27 19 24 30 32 44 34 27
1158 22 35 232 21 33 62 18 22 22 15 33 27
1159 21 37 165 14 27 20 24 35 23 35 33 27
1160 21 22 269 28 20 1 22 18 23 1 33 27
1161 22 29 453 23 23 106 26 27 32 5 33 27
1162 22 26 152 40 12 32 24 33 24 14 33 27
1163 21 39 194 14 36 1 23 19 31 37 33 27
1164 21 28 160 28 20 72 19 25 27 6 33 27
1165 22 35 549 11 28 6 23 39 31 37 33 27
1166 22 37 215 19 35 34 25 29 25 28 33 27
1167 22 32 106 19 28 21 20 1 30 36 33 27
1168 36 46 329 57 48 51 35 43 35 29 52 45
1169 22 27 303 22 32 1 27 31 31 9 33 27
1170 21 33 495 34 41 1 21 37 25 17 33 27
1171 22 27 373 31 34 60 19 1 27 1 33 27
1172 22 39 272 30 33 1 24 44 28 38 33 27
1173 22 36 248 18 30 1 22 24 27 42 33 27
1174 21 24 181 26 29 1 17 24 17 1 33 27
1175 21 30 144 18 18 25 24 18 26 21 33 27
1176 22 38 126 35 40 15 27 33 31 40 33 27
1177 22 31 266 32 27 19 21 17 140 2 33 27
1178 22 28 446 26 29 23 23 30 19 6 33 27
1179 21 28 630 15 39 49 22 28 25 10 33 27
1180 21 33 117 28 27 44 19 29 24 32 33 27
1181 21 29 154 23 29 3 18 33 19 12 33 27
1182 22 40 187 27 30 8 27 22 29 48 33 27
1183 21 37 175 22 38 1 29 37 27 21 33 27
1184 21 37 173 23 43 79 19 29 24 4 33 27
1185 22 27 278 33 27 1 22 16 22 5 33 27
1186 21 31 566 27 29 52 22 42 27 8 33 27
1187 22 27 78 25 20 3 20 42 28 22 33 27
1188 21 28 205 27 32 1 19 21 30 3 33 27
1189 22 31 351 32 36 1 20 23 26 1 33 27
1190 21 28 98 37 19 58 21 18 19 5 33 27
1191 22 31 200 27 35 37 26 22 25 1 33 27
1192 21 31 223 23 21 13 25 21 28 21 33 27
1193 21 24 515 23 28 35 22 39 26 12 33 27
1194 21 29 256 21 22 32 26 23 23 32 33 27
1195 22 33 248 21 37 54 24 29 26 1 33 27
1196 22 35 336 35 26 6 25 30 27 39 33 27
1197 21 33 123 23 30 51 24 17 32 2 33 27
1198 22 39 190 14 42 1 19 29 18 28 33 27
1199 21 31 459 30 27 1 20 37 33 27 33 27
1200 22 30 100 24 32 41 22 16 18 21 33 27
1201 21 30 278 30 25 69 21 30 28 32 33 27
1202 22 32 144 12 40 31 24 20 26 1 33 27
1203 21 34 211 22 28 40 24 20 27 20 33 27
1204 22 33 101 21 37 65 21 25 25 1 32 27
1205 21 30 97 26 22 1 24 32 26 38 33 27
1206 22 29 333 20 32 15 21 19 23 1 33 27
1207 21 28 263 26 14 62 27 32 25 29 33 27
1208 22 31 176 30 17 1 17 34 34 44 33 27
1209 22 41 130 23 28 42 19 29 23 37 33 27
1210 22 40 215 27 38 1 22 22 23 28 33 27
1211 22 36 146 23 38 62 22 21 18 1 32 26
1212 22 32 162 45 15 48 24 33 27 43 33 27
1213 22 31 314 25 29 9 23 30 24 21 33 27
1214 21 24 198 30 21 1 25 41 26 1 33 27
1215 22 31 140 18 35 1 22 26 29 17 33 27
1216 21 34 154 19 29 75 20 16 20 31 33 27
1217 22 25 146 24 31 1 19 25 15 3 33 27
1218 21 20 857 37 6 77 23 26 29 2 33 27
1219 22 31 225 19 32 1 22 27 25 22 33 27
1220 21 37 371 26 37 52 26 24 31 44 33 27
1221 22 34 637 27 37 1 20 24 20 21 33 27
1222 21 30 1343 19 33 1 21 26 26 17 33 27
1223 22 30 163 26 33 22 21 1 24 1 32 27
1224 22 35 257 22 24 62 20 18 17 29 33 27
1225 21 38 281 33 34 1 28 29 17 32 33 27
1226 22 29 388 33 30 1 21 24 23 1 33 27
1227 21 35 129 22 24 56 20 8 31 15 33 27
1228 21 31 236 28 26 1 23 41 29 25 33 27
1229 22 32 136 18 29 1 24 27 26 40 33 27
1230 22 30 515 27 33 75 22 18 29 1 33 27
1231 22 35 239 22 27 39 22 21 28 40 33 27
1232 21 27 181 24 36 1 24 32 23 5 33 27
1233 21 28 314 23 19 1 25 27 20 24 33 27
1234 22 24 149 27 28 106 21 29 24 3 33 27
1235 22 35 106 29 29 1 22 17 25 37 33 27
1236 22 31 191 12 38 68 26 18 22 15 33 27
1237 22 28 121 27 32 11 24 25 29 1 33 27
1238 22 30 193 36 35 51 17 22 19 1 33 27
1239 22 38 248 18 38 22 18 22 27 27 33 27
1240 21 28 151 28 23 15 23 44 23 16 33 27
1241 21 25 186 17 22 8 20 19 24 11 33 27
1242 21 26 360 29 21 26 18 26 17 19 33 27
1243 21 33 305 39 33 49 21 34 27 17 33 27
1244 22 30 277 20 32 11 22 28 22 7 33 27
1245 21 32 516 29 28 1 26 38 24 33 33 27
1246 22 41 220 18 35 1 21 37 31 33 33 27
1247 21 37 207 33 25 57 22 39 22 44 33 27
1248 22 38 293 31 24 8 21 27 32 36 33 27
1249 22 31 504 14 37 12 22 19 17 1 33 27
1250 22 31 163 23 23 1 23 1 30 14 33 27
1251 22 32 240 13 26 9 25 1 39 16 33 27
1252 22 35 195 19 31 30 21 1 24 16 33 27
1253 21 25 447 31 23 1 20 45 26 3 33 27
1254 22 32 128 32 28 33 21 17 32 11 33 27
1255 21 39 187 33 27 64 27 27 29 49 33 27
1256 22 29 206 28 24 35 23 28 27 3 33 27
1257 22 29 448 17 25 25 24 23 26 1 32 27
1258 21 27 623 23 25 41 22 21 24 11 33 27
1259 22 32 281 24 32 70 17 21 20 21 33 27
1260 22 40 271 23 30 44 21 41 22 55 33 27
1261 22 33 514 27 36 1 18 25 25 14 33 27
1262 21 36 273 26 28 14 29 27 29 18 33 27
1263 21 31 112 34 27 67 26 32 27 33 33 27
1264 21 29 159 17 28 15 24 21 30 25 33 27
1265 21 33 113 24 18 57 25 31 26 43 33 27
1266 22 29 126 21 33 75 21 33 30 1 33 27
1267 21 30 161 24 24 1 22 36 29 21 33 27
1268 22 25 219 34 10 1 22 26 20 37 33 27
1269 21 31 152 23 18 26 19 29 29 32 33 27
1270 21 33 134 33 23 44 20 28 29 33 33 27
1271 21 30 312 14 38 23 24 20 23 1 33 27
1272 21 29 192 30 24 32 23 11 26 22 33 27
1273 21 29 1326 28 18 1 22 39 28 34 33 27
1274 21 36 282 21 28 1 26 28 27 56 33 27
1275 21 28 337 20 36 54 16 37 18 1 33 27
1276 21 36 417 42 36 1 17 28 26 8 33 27
1277 22 37 661 37 24 50 28 42 23 49 33 27
1278 21 31 273 42 37 112 19 27 27 1 33 27
1279 21 27 197 31 13 1 20 38 27 34 33 27
1280 21 29 140 21 34 43 25 28 25 1 33 27
1281 22 30 152 18 31 1 24 40 31 21 33 27
1282 21 31 2006 16 37 93 18 46 28 1 32 26
1283 21 33 719 26 36 1 21 31 20 20 33 27
1284 21 23 177 26 23 1 18 19 25 1 33 27
1285 22 30 193 30 13 10 18 39 25 33 33 27
1286 21 42 412 18 35 72 20 21 22 39 33 27
1287 21 31 438 23 32 67 20 26 34 11 33 27
1288 21 37 799 29 26 31 21 28 28 34 33 27
1289 21 28 125 30 30 34 21 27 26 1 33 27
1290 21 30 263 17 26 39 23 19 35 22 33 27
1291 22 37 229 35 36 50 20 1 33 1 33 27
1292 22 31 195 22 36 1 24 21 29 1 33 27
1293 21 29 112 14 17 39 18 31 21 35 33 27
1294 21 29 122 26 39 1 19 26 27 2 33 27
1295 22 33 161 29 31 1 25 30 26 1 33 27
1296 22 35 151 27 23 73 23 28 26 34 33 27
1297 21 29 273 26 27 1 21 28 25 27 33 27
1298 22 30 629 35 20 67 23 31 33 28 33 27
1299 22 30 215 16 26 7 25 24 25 1 32 27
1300 21 32 246 24 22 27 26 21 29 24 33 27
1301 22 33 344 19 34 40 24 25 30 21 33 27
1302 21 23 172 7 26 6 23 43 26 13 33 27
1303 22 33 249 22 21 75 26 22 26 28 33 27
1304 22 31 285 26 32 59 31 36 23 21 33 27
1305 22 26 184 25 27 1 23 27 20 1 33 27
1306 22 31 102 25 33 1 23 22 23 27 33 27
1307 21 36 235 29 31 86 23 25 31 26 33 27
1308 21 33 485 15 25 32 24 29 27 25 33 27
1309 22 35 168 21 37 1 21 31 31 30 33 27
1310 21 34 138 29 26 53 22 19 25 17 33 27
1311 21 31 209 30 19 20 24 34 25 49 33 27
1312 21 36 170 28 33 76 24 13 19 22 33 27
1313 21 27 160 17 27 43 21 21 26 1 33 27
1314 21 33 260 27 32 1 16 34 25 30 33 27
1315 22 26 161 26 27 7 25 28 29 2 33 27
1316 21 28 178 30 29 1 23 22 34 6 33 27
1317 21 34 219 26 33 1 26 29 31 40 33 27
1318 21 31 237 35 33 32 26 29 20 7 32 26
1319 22 36 429 15 33 1 18 1 19 35 33 27
1320 21 31 239 35 25 68 18 34 28 17 33 27
1321 22 32 124 15 28 88 24 18 25 8 33 27
1322 21 35 156 24 29 8 22 29 28 36 33 27
1323 21 39 504 13 34 49 24 44 18 50 33 27
1324 22 30 128 21 32 46 21 25 30 1 33 27
1325 21 36 446 28 25 81 22 34 24 32 33 27
1326 21 39 245 33 34 81 24 34 28 54 33 27
1327 22 35 199 14 29 9 26 42 23 29 33 27
1328 21 26 338 33 26 32 26 37 34 1 33 27
1329 22 31 186 25 17 27 21 34 28 34 33 27
1330 22 33 280 21 37 34 29 23 32 8 33 27
1331 22 36 420 27 40 1 18 24 22 1 33 27
1332 21 34 668 18 33 27 24 26 25 7 33 27
1333 21 34 504 17 31 17 19 29 26 23 33 27
1334 21 34 102 26 27 23 25 27 35 14 33 27
1335 22 31 368 31 26 32 22 31 24 26 33 27
1336 22 32 100 28 24 97 19 44 25 15 33 27
1337 22 30 108 27 19 22 23 37 22 43 33 27
1338 21 31 348 14 35 1 22 21 29 18 33 27
1339 22 35 151 41 29 53 26 31 28 32 33 27
1340 21 34 307 23 21 20 26 17 26 31 33 27
1341 21 34 183 22 43 62 22 26 28 1 32 27
1342 21 30 101 25 25 1 23 31 28 29 33 27
1343 21 30 1576 13 31 11 20 37 29 22 33 27
1344 22 37 265 25 34 22 22 24 25 32 33 27
1345 21 29 101 32 18 1 24 31 21 32 33 27
1346 22 31 105 22 31 1 23 26 17 24 33 27
1347 21 25 203 15 29 15 26 26 29 7 33 27
1348 22 29 157 23 28 1 20 39 21 1 33 27
1349 22 31 379 28 33 77 25 38 30 15 33 27
1350 22 28 104 31 24 63 23 27 22 19 33 27
1351 22 34 186 30 35 1 21 27 28 30 33 27
1352 22 24 148 26 23 5 20 1 29 1 33 27
1353 22 29 145 18 25 50 20 36 25 4 33 27
1354 21 28 87 24 29 1 21 30 26 22 33 27
1355 21 29 143 21 28 39 23 21 21 14 33 27
1356 21 27 326 25 19 4 20 36 23 39 33 27
1357 22 28 475 23 25 38 23 26 30 11 33 27
1358 21 38 232 28 35 106 24 18 24 21 33 27
1359 22 36 204 40 22 89 22 30 17 33 33 27
1360 21 34 210 34 26 1 22 24 27 35 33 27
1361 21 30 396 38 29 47 21 18 31 3 33 27
1362 21 36 216 15 34 46 22 22 22 15 33 27
1363 22 31 122 22 35 93 22 20 28 6 33 27
1364 21 30 419 32 27 52 20 45 27 27 33 27
1365 21 24 249 37 23 1 20 29 17 14 33 27
1366 21 26 265 43 19 8 26 34 24 18 33 27
1367 21 37 258 39 24 33 22 32 21 32 33 27
1368 21 32 246 24 25 1 24 38 23 30 33 27
1369 22 27 169 42 29 23 20 27 29 16 33 27
1370 22 28 209 21 34 40 20 28 31 1 33 27
1371 21 29 262 26 20 12 25 33 22 36 33 27
1372 22 35 113 16 31 43 26 30 34 13 33 27
1373 22 31 347 19 36 3 24 27 25 1 33 27
1374 22 27 97 7 26 4 18 31 28 14 33 27
1375 21 29 119 20 37 1 18 22 18 11 33 27
1376 22 34 217 15 24 17 26 22 29 17 33 27
1377 21 24 151 33 25 13 18 25 27 1 32 27
1378 22 34 149 26 25 13 17 38 30 39 33 27
1379 22 30 214 36 30 51 22 37 25 10 33 27
1380 21 27 345 19 35 28 21 33 25 1 33 27
1381 22 34 277 27 36 1 24 1 29 27 33 27
1382 22 25 333 17 28 17 22 28 39 7 33 27
1383 21 26 258 37 28 3 20 16 32 9 33 27
1384 22 39 152 38 31 49 21 23 25 31 33 27
1385 21 32 533 34 34 1 27 38 24 25 33 27
1386 21 29 233 29 29 45 26 41 26 16 33 27
1387 21 28 214 24 29 3 19 27 33 6 33 27
1388 21 34 305 26 22 54 26 32 35 27 33 27
1389 21 33 345 22 32 20 21 22 25 13 33 27
1390 21 33 155 38 29 50 27 36 28 26 33 27
1391 22 33 228 27 37 49 22 21 29 17 33 27
1392 22 37 196 36 35 41 20 24 21 38 33 27
1393 22 33 125 20 25 6 22 16 20 15 33 27
1394 21 30 370 28 36 31 22 30 26 20 33 27
1395 22 38 350 20 32 50 26 24 28 41 33 27
1396 21 31 337 23 32 1 23 33 28 1 33 27
1397 21 32 141 38 24 55 28 24 25 18 33 27
1398 22 37 288 20 29 21 20 27 20 27 33 27
1399 21 37 224 39 28 64 30 19 30 24 33 27
1400 22 34 239 37 29 82 18 28 30 27 33 27
1401 21 34 415 26 33 1 19 33 33 20 33 27
1402 22 28 209 30 23 32 21 1 32 1 32 27
1403 21 28 322 37 17 28 21 31 27 35 33 27
1404 21 33 133 39 29 43 26 31 25 26 33 27
1405 22 34 297 27 28 68 25 22 23 21 33 27
1406 21 32 264 35 25 1 21 29 23 37 33 27
1407 22 32 709 34 31 1 24 36 24 15 33 27
1408 22 30 182 25 31 1 24 31 24 22 33 27
1409 21 30 172 25 32 1 23 34 23 17 33 27
1410 21 31 156 18 27 84 26 21 32 11 33 27
1411 22 30 151 24 25 44 24 30 25 24 33 27
1412 22 36 225 24 34 1 19 24 23 30 33 27
1413 21 29 551 26 25 60 24 34 21 14 33 27
1414 22 26 163 16 26 8 23 30 23 10 33 27
1415 21 36 161 19 34 37 24 29 29 22 33 27
1416 22 41 111 26 37 32 24 35 31 31 34 27
1417 22 29 195 20 29 35 20 20 25 8 33 27
1418 22 32 353 21 34 65 17 24 21 20 33 27
1419 21 27 138 22 29 1 23 27 20 16 33 27
1420 21 33 141 31 28 33 26 1 38 27 33 27
1421 21 29 191 27 34 74 25 28 35 4 33 27
1422 21 32 2006 40 21 28 20 41 27 37 33 27
1423 22 36 410 27 37 1 24 35 28 47 33 27
1424 22 30 247 22 26 46 18 38 22 21 33 27
1425 21 27 140 25 25 19 27 27 24 9 33 27
1426 21 35 176 21 41 1 23 30 28 24 33 27
1427 21 34 323 11 32 1 20 27 34 36 33 27
1428 21 34 234 29 25 30 17 28 32 29 33 27
1429 22 33 198 34 22 42 25 40 22 21 33 27
1430 21 33 332 21 29 46 25 28 32 12 33 27
1431 21 30 253 23 30 1 24 35 27 16 33 27
1432 21 32 144 31 32 1 20 31 29 22 33 27
1433 22 28 305 21 29 29 23 23 21 1 32 27
1434 22 27 151 32 23 1 19 18 30 1 32 27
1435 21 31 158 37 16 57 24 42 30 28 33 27
1436 22 27 197 17 27 1 18 23 26 29 33 27
1437 21 28 186 11 26 28 21 17 25 1 33 27
1438 21 33 440 30 25 63 20 37 26 27 33 27
1439 21 25 111 32 28 50 22 11 28 1 33 27
1440 22 25 463 14 23 39 19 25 23 1 33 27
1441 22 32 128 29 22 28 23 34 27 30 33 27
1442 22 31 474 13 38 45 23 27 29 1 32 27
1443 21 31 377 32 12 33 23 33 28 35 33 27
1444 22 35 203 15 39 77 22 22 27 25 33 27
1445 22 23 182 25 16 1 21 34 22 23 33 27
1446 22 29 183 15 25 1 21 28 29 30 33 27
1447 21 34 180 37 24 108 28 15 25 15 33 27
1448 22 33 108 30 25 14 21 21 25 28 33 27
1449 22 37 325 31 27 1 21 29 32 40 33 27
1450 21 38 473 29 37 1 27 34 29 26 33 27
1451 21 26 109 18 33 8 23 20 24 1 33 27
1452 22 33 226 20 33 66 26 31 35 13 33 27
1453 21 32 293 23 26 46 21 23 28 24 33 27
1454 21 34 179 30 34 1 24 24 34 16 33 27
1455 21 27 225 22 23 15 19 24 26 1 33 27
1456 21 29 168 32 33 31 21 23 25 7 33 27
1457 21 27 210 33 14 11 20 31 29 17 33 27
1458 21 33 114 26 26 31 25 33 31 25 33 27
1459 22 35 197 23 34 108 25 25 24 7 33 27
1460 21 27 97 33 17 20 19 27 26 26 33 27
1461 21 27 213 15 23 78 17 25 25 1 33 27
1462 21 34 170 25 36 125 22 21 28 1 33 27
1463 21 33 198 17 31 1 22 26 24 17 33 27
1464 21 32 117 24 41 68 24 25 28 1 33 27
1465 21 33 112 27 29 44 27 29 31 24 33 27
1466 21 29 1879 15 38 1 21 33 27 4 33 27
1467 22 30 198 23 18 27 25 12 22 12 33 27
1468 21 32 201 29 48 1 22 34 29 23 33 27
1469 22 39 125 17 35 15 23 36 26 44 33 27
1470 22 39 124 31 38 73 28 45 31 29 33 27
1471 21 41 422 30 33 73 23 38 29 35 33 27
1472 21 26 164 19 26 1 26 27 26 11 33 27
1473 21 27 415 22 30 71 22 20 18 12 33 27
1474 21 31 230 19 25 43 21 33 25 24 33 27
1475 22 27 151 33 21 24 18 1 29 1 33 27
1476 21 22 328 26 17 1 23 34 25 1 33 27
1477 22 36 288 22 49 69 19 21 26 1 33 27
1478 22 27 157 36 31 82 19 22 24 4 33 27
1479 22 38 370 18 37 3 22 25 27 38 33 27
1480 21 34 290 27 29 54 25 16 33 6 33 27
1481 21 32 147 32 27 96 18 28 25 19 33 27
1482 21 23 629 25 23 31 23 30 27 1 33 27
1483 22 31 154 14 27 48 24 27 26 18 33 27
1484 21 33 190 35 32 1 24 30 23 17 33 27
1485 21 28 205 30 21 29 19 28 18 27 33 27
1486 21 29 334 25 32 15 21 28 25 1 33 27
1487 22 30 231 13 26 35 21 32 26 9 33 27
1488 21 35 213 39 35 1 25 28 29 25 33 27
1489 22 33 383 19 31 49 24 19 23 1 33 27
1490 22 32 280 25 25 1 27 31 21 35 33 27
1491 22 28 323 14 32 1 21 18 26 1 33 27
1492 22 40 420 30 33 35 20 21 24 49 33 27
1493 21 35 125 38 29 42 18 32 23 36 33 27
1494 21 24 280 44 20 51 24 1 32 12 33 27
1495 22 33 205 23 31 1 21 35 29 17 33 27
1496 22 32 477 28 23 46 21 25 26 22 33 27
1497 21 32 181 23 22 72 20 18 18 33 33 27
1498 21 25 303 28 27 1 22 26 27 4 33 27
1499 22 26 93 27 30 18 25 28 36 1 33 27
1500 22 34 328 19 30 40 20 25 23 28 33 27
1501 21 33 187 33 23 57 23 31 26 36 33 27
1502 21 31 459 31 27 1 24 20 30 16 33 27
1503 22 36 110 26 24 1 23 19 32 39 33 27
1504 22 35 130 21 34 14 23 35 33 31 33 27
1505 22 32 212 21 39 1 21 30 26 18 33 27
1506 22 33 506 25 33 105 20 29 24 5 33 27
1507 21 31 533 24 20 20 25 37 28 52 33 27
1508 21 32 226 19 29 1 18 20 23 28 33 27
1509 22 30 206 26 27 19 19 40 23 23 33 27
1510 21 30 112 33 30 78 25 16 26 1 33 27
1511 22 31 208 33 27 49 25 33 27 34 33 27
1512 21 41 386 31 37 86 26 36 34 41 33 27
1513 22 35 166 28 36 64 19 24 18 20 33 27
1514 21 34 174 26 29 3 24 18 20 28 33 27
1515 22 34 173 27 33 1 20 25 23 29 33 27
1516 21 36 218 21 45 57 22 18 22 1 32 27
1517 22 29 203 23 11 7 28 27 28 21 33 27
1518 21 37 161 15 34 55 24 16 26 41 33 27
1519 21 24 205 20 30 44 23 48 26 4 33 27
1520 21 29 664 13 21 19 22 37 20 22 33 27
1521 21 34 201 34 29 122 20 22 36 5 33 27
1522 22 32 198 12 38 44 22 22 24 1 32 27
1523 22 28 275 12 36 18 19 25 24 1 32 27
1524 22 31 218 23 34 46 22 24 27 1 33 27
1525 21 36 377 28 31 99 22 24 20 28 33 27
1526 21 33 867 32 29 22 24 29 25 31 33 27
1527 21 40 308 27 34 1 25 31 34 39 33 27
1528 22 30 193 43 29 27 23 35 28 14 33 27
1529 22 38 953 15 31 1 27 34 29 51 33 27
1530 21 37 312 20 33 86 22 22 30 19 33 27
1531 21 35 273 20 32 1 20 36 26 9 33 27
1532 21 33 189 28 36 90 25 35 29 21 33 27
1533 22 37 413 28 35 83 26 45 25 24 33 27
1534 21 31 156 30 26 1 25 41 34 28 33 27
1535 22 34 481 24 25 23 29 49 30 31 33 27
1536 22 40 177 31 28 1 24 28 20 38 33 27
1537 22 30 197 36 16 2 29 36 29 51 33 27
1538 22 36 102 32 26 118 22 18 18 26 33 27
1539 22 28 173 31 21 1 24 27 23 26 33 27
1540 22 30 275 19 27 24 23 20 31 1 33 27
1541 21 29 147 28 17 34 23 30 26 32 33 27
1542 21 29 148 27 29 19 25 26 23 1 33 27
1543 21 30 153 31 18 26 24 26 26 36 33 27
1544 22 34 229 32 33 1 22 37 38 30 33 27
1545 22 31 219 35 24 63 24 25 24 16 33 27
1546 21 29 187 19 26 1 19 32 18 17 33 27
1547 22 34 108 31 33 1 27 30 26 25 33 27
1548 21 32 249 32 23 27 24 34 28 42 33 27
1549 21 39 171 29 38 1 23 24 26 33 33 27
1550 21 26 363 28 22 7 26 37 33 18 33 27
1551 21 28 122 19 26 1 19 23 32 19 33 27
1552 21 27 399 31 23 111 21 1 27 9 33 27
1553 22 33 299 38 20 1 21 38 19 46 33 27
1554 22 33 170 15 34 54 20 20 26 1 33 27
1555 22 30 106 26 35 1 22 25 22 3 33 27
1556 21 34 209 9 40 5 23 20 27 23 33 27
1557 22 32 129 19 38 1 22 18 24 1 32 27
1558 22 35 142 33 31 86 20 54 29 36 33 27
1559 21 30 260 22 33 47 20 39 26 14 33 27
1560 22 38 221 40 26 1 23 32 27 52 33 27
1561 21 23 286 13 26 1 20 34 22 8 33 27
1562 21 33 783 27 32 21 24 28 26 10 33 27
1563 21 21 231 34 16 1 20 29 24 9 33 27
1564 21 34 267 30 36 1 25 32 32 35 33 27
1565 21 25 462 23 22 29 28 37 25 16 33 27
1566 21 29 271 19 30 15 19 29 24 15 33 27
1567 21 37 362 15 18 36 21 1 28 47 33 27
1568 22 31 458 20 26 1 26 22 26 1 33 27
1569 21 29 428 14 27 39 19 19 27 1 32 27
1570 22 35 422 32 42 16 22 22 30 1 32 27
1571 22 33 160 35 37 1 24 15 28 14 33 27
1572 22 29 254 38 28 18 24 33 31 15 33 27
1573 21 36 202 26 32 78 20 35 26 19 33 27
1574 22 30 203 19 39 64 19 16 27 1 33 27
1575 21 30 155 28 28 18 25 32 31 24 33 27
1576 21 29 915 32 20 1 17 35 23 22 33 27
1577 21 32 179 17 37 37 25 24 22 1 32 27
1578 21 30 370 13 31 1 21 14 25 5 33 27
1579 21 35 190 41 31 48 27 28 27 21 33 27
1580 21 32 188 19 27 21 24 24 29 10 33 27
1581 22 33 250 42 16 34 23 31 27 41 33 27
1582 21 27 283 31 24 20 24 31 28 3 33 27
1583 21 28 175 17 28 14 22 22 28 15 33 27
1584 21 33 145 41 33 1 24 37 26 16 33 27
1585 22 34 162 31 32 38 22 28 25 16 33 27
1586 21 30 211 23 28 1 22 26 38 4 33 27
1587 21 33 170 32 31 59 19 26 24 20 33 27
1588 21 27 146 35 27 31 23 37 28 24 33 27
1589 21 30 100 36 21 15 18 34 18 18 33 27
1590 21 32 349 39 33 64 25 25 26 13 33 27
1591 21 33 207 43 26 72 32 31 38 23 33 27
1592 22 39 209 16 30 65 22 23 24 33 33 27
1593 21 31 121 38 20 64 30 40 28 25 33 27
1594 22 25 261 27 19 1 22 28 28 10 33 27
1595 21 30 186 28 24 18 17 27 27 21 33 27
1596 22 34 292 21 31 1 24 35 29 34 33 27
1597 22 33 523 31 33 28 24 35 26 28 33 27
1598 21 30 220 16 40 48 24 26 21 1 33 27
1599 21 31 211 26 14 30 25 39 26 39 33 27
1600 21 20 702 33 26 1 18 25 25 1 33 27
1601 21 29 466 36 40 48 22 22 24 1 33 27
1602 21 35 711 23 26 37 23 25 27 36 33 27
1603 21 35 166 18 32 15 24 23 36 18 33 27
1604 21 32 364 32 27 1 27 27 38 21 33 27
1605 21 29 150 33 32 1 23 38 23 22 33 27
1606 22 37 266 34 28 56 22 27 27 29 33 27
1607 21 29 163 15 27 18 24 23 26 17 33 27
1608 21 31 315 30 29 15 25 27 28 9 33 27
1609 21 36 238 37 37 1 21 38 24 40 33 27
1610 22 31 180 19 19 5 23 21 28 36 33 27
1611 22 35 609 33 29 1 20 34 21 39 33 27
1612 21 28 290 21 27 60 25 18 28 28 33 27
1613 22 35 100 20 27 11 29 31 25 10 33 27
1614 21 23 132 13 22 40 20 29 24 2 33 27
1615 21 27 126 32 16 58 22 37 21 8 33 27
1616 21 27 421 23 22 30 26 39 27 27 33 27
1617 22 30 173 27 22 1 25 35 26 39 33 27
1618 21 34 543 29 24 1 17 29 71 44 33 27
1619 21 28 582 34 18 3 24 34 24 37 33 27
1620 21 28 242 19 19 34 18 23 18 17 33 27
1621 22 34 141 25 33 81 22 38 29 1 33 27
1622 22 33 161 20 30 1 22 29 18 14 33 27
1623 21 37 182 43 28 1 20 34 27 37 33 27
1624 22 32 229 39 27 75 21 1 30 18 33 27
1625 21 34 173 22 35 71 21 26 23 20 33 27
1626 21 31 147 25 27 1 26 32 31 26 33 27
1627 21 33 715 33 31 72 26 28 33 12 33 27
1628 22 26 217 15 21 29 19 19 23 1 33 27
1629 22 31 775 17 35 52 21 41 18 10 33 27
1630 21 34 193 35 28 55 25 36 23 26 33 27
1631 21 26 182 27 27 4 17 31 27 1 33 27
1632 21 30 239 32 34 1 22 26 28 5 33 27
1633 21 34 180 21 26 19 24 40 27 32 33 27
1634 22 23 450 31 22 1 19 25 33 17 33 27
1635 21 31 220 28 27 26 20 33 26 29 33 27
1636 21 35 367 24 31 15 24 12 24 26 33 27
1637 22 32 178 22 31 1 18 31 26 30 33 27
1638 22 36 221 26 34 26 21 18 23 25 33 27
1639 21 30 348 36 28 1 18 1 24 13 33 27
1640 21 30 430 20 23 35 24 37 29 29 33 27
1641 21 28 266 18 16 8 23 26 24 34 33 27
1642 21 35 205 33 25 59 25 23 26 34 33 27
1643 21 32 489 16 31 60 23 34 25 2 33 27
1644 21 26 175 37 21 41 19 24 21 3 33 27
1645 22 35 413 31 35 8 19 26 27 4 33 27
1646 21 37 182 43 30 14 22 30 25 39 33 27
1647 21 35 101 37 37 83 23 13 30 2 33 27
1648 22 32 384 27 35 97 22 33 30 11 33 27
1649 22 30 503 15 28 31 23 23 24 17 33 27
1650 21 32 98 20 36 1 30 28 32 7 33 27
1651 22 31 417 25 30 100 28 34 27 14 33 27
1652 21 33 154 14 24 1 26 23 23 38 33 27
1653 21 32 120 34 23 1 19 25 22 36 33 27
1654 22 31 259 28 22 1 21 31 27 34 33 27
1655 22 31 121 30 29 6 21 28 24 21 33 27
1656 21 31 142 17 39 86 22 22 30 1 33 27
1657 22 31 226 27 27 56 18 20 26 1 33 27
1658 21 28 358 15 35 1 21 26 28 1 32 26
1659 21 36 163 28 20 16 22 32 25 35 33 27
1660 21 42 1094 38 42 40 24 24 31 15 33 27
1661 21 30 583 21 28 1 18 29 29 19 33 27
1662 22 35 530 36 28 1 22 30 20 38 33 27
1663 21 34 148 17 32 1 17 22 24 31 33 27
1664 21 31 206 28 25 8 20 32 25 23 33 27
1665 22 29 533 30 27 9 24 31 28 12 33 27
1666 22 35 887 28 29 23 23 28 25 20 33 27
1667 21 29 265 20 25 6 26 28 33 24 33 27
1668 21 31 386 18 31 4 20 25 27 22 33 27
1669 22 36 569 18 36 1 22 23 32 31 33 27
1670 21 29 183 29 21 32 27 30 22 14 33 27
1671 21 26 465 36 23 1 20 27 29 5 33 27
1672 21 36 198 34 29 78 22 27 24 16 33 27
1673 21 36 303 25 33 51 20 29 31 22 33 27
1674 22 34 597 19 33 18 22 19 28 19 33 27
1675 22 33 188 31 22 1 22 31 34 37 33 27
1676 21 37 125 27 31 70 26 26 34 37 33 27
1677 21 28 267 20 29 13 26 33 37 12 33 27
1678 22 29 95 27 25 20 22 38 24 25 33 27
1679 22 23 166 20 23 1 20 22 26 1 32 26
1680 21 32 145 27 27 40 21 24 32 8 33 27
1681 22 35 176 15 38 1 26 30 30 16 33 27
1682 21 29 686 18 13 9 21 40 20 25 33 27
1683 21 33 170 32 32 88 23 35 28 13 33 27
1684 21 35 156 18 33 35 25 33 35 10 33 27
1685 21 30 505 25 24 68 25 39 26 23 33 27
1686 22 29 318 26 22 67 20 35 15 1 33 27
1687 22 31 188 20 24 24 22 26 28 1 33 27
1688 22 27 224 13 32 1 20 32 28 24 33 27
1689 22 25 147 20 14 9 21 23 23 12 33 27
1690 21 26 383 24 25 29 20 32 22 12 33 27
1691 21 32 95 24 18 32 23 25 28 33 33 27
1692 21 30 528 18 37 43 27 27 24 1 33 27
1693 22 30 142 21 24 42 21 25 23 1 33 27
1694 22 31 224 32 21 1 24 36 23 30 33 27
1695 22 37 1387 28 31 1 22 1 40 32 33 27
1696 21 30 191 32 26 1 17 20 25 28 33 27
1697 21 26 148 23 25 4 24 23 28 17 33 27
1698 21 24 135 16 25 1 26 25 27 8 33 27
1699 21 35 155 23 26 1 28 37 31 27 33 27
1700 21 31 213 16 35 1 25 21 20 27 33 27
1701 22 34 164 19 36 1 21 20 30 2 33 27
1702 22 31 273 18 34 1 22 18 28 1 33 27
1703 22 31 203 10 23 11 20 32 31 16 33 27
1704 22 31 396 34 35 27 21 30 20 1 33 27
1705 22 31 166 20 33 1 23 29 28 21 33 27
1706 21 31 303 35 22 1 24 30 26 34 33 27
1707 22 38 257 27 27 8 18 26 25 38 33 27
1708 21 28 104 19 17 19 23 30 27 20 33 27
1709 21 33 140 27 30 96 23 24 22 12 33 27
1710 21 34 296 28 25 32 21 23 21 28 33 27
1711 21 29 364 31 35 1 19 26 23 11 33 27
1712 22 28 374 22 20 1 22 31 23 9 33 27
1713 21 24 436 34 15 24 24 30 26 1 33 27
1714 21 24 386 31 20 53 22 23 25 12 33 27
1715 22 33 296 28 28 8 25 31 23 27 33 27
1716 21 37 128 29 41 1 21 27 27 39 33 27
1717 21 36 266 28 40 1 23 29 29 22 33 27
1718 21 30 450 17 15 1 17 17 33 30 33 27
1719 21 32 309 23 32 66 18 33 21 14 33 27
1720 22 41 433 21 39 88 24 43 29 33 33 27
1721 21 31 191 28 30 42 23 22 25 9 33 27
1722 22 35 561 19 35 46 22 23 32 13 33 27
1723 22 25 373 22 11 1 19 31 25 11 33 27
1724 22 32 337 24 33 43 21 30 28 4 33 27
1725 21 28 174 25 31 1 17 20 10 13 32 26
1726 22 31 139 35 30 41 23 33 34 28 33 27
1727 22 35 278 28 17 1 18 20 25 24 33 27
1728 21 32 209 15 36 48 23 21 29 18 33 27
1729 22 34 140 30 26 1 22 35 30 34 33 27
1730 21 27 486 29 29 24 23 21 29 5 33 27
1731 21 31 327 23 28 49 26 21 26 5 33 27
1732 21 30 112 19 31 1 17 19 18 18 33 27
1733 22 26 93 25 25 1 20 23 23 19 33 27
1734 22 31 216 32 28 20 24 25 33 25 33 27
1735 21 32 364 14 39 83 23 25 24 1 33 27
1736 21 27 227 30 23 1 22 27 23 19 33 27
1737 22 35 521 36 31 67 22 33 19 17 33 27
1738 22 30 281 24 21 1 25 1 27 16 33 27
1739 22 28 232 30 25 38 20 29 24 13 33 27
1740 22 31 229 12 24 33 27 27 30 9 33 27
1741 21 32 285 17 29 40 28 28 31 10 33 27
1742 21 36 424 34 29 104 28 23 26 27 33 27
1743 21 34 240 25 31 47 22 25 28 20 33 27
1744 22 35 102 30 31 1 26 28 26 21 33 27
1745 22 27 378 25 19 51 22 33 28 11 33 27
1746 22 30 190 29 30 46 20 24 24 2 33 27
1747 21 27 178 47 12 48 21 31 22 14 33 27
1748 21 26 294 35 26 1 27 31 30 16 33 27
1749 21 30 274 31 31 30 20 1 30 20 33 27
1750 21 32 142 34 23 36 22 18 31 1 33 27
1751 21 35 822 27 29 45 22 27 22 28 33 27
1752 22 35 143 27 31 1 23 30 23 26 33 27
1753 21 34 291 33 25 42 25 27 25 43 33 27
1754 21 32 146 16 28 21 22 27 33 13 33 27
1755 22 40 225 13 28 88 28 21 36 44 33 27
1756 21 23 346 36 28 1 16 26 31 1 33 27
1757 21 27 99 29 30 38 23 18 30 8 33 27
1758 21 36 239 22 41 11 24 21 26 27 33 27
1759 22 30 190 30 29 12 22 35 28 2 33 27
1760 22 29 210 33 20 26 19 26 25 2 33 27
1761 22 37 184 12 37 1 26 15 28 25 33 27
1762 21 36 113 24 33 55 21 14 28 29 33 27
1763 21 36 151 28 38 70 20 20 24 12 33 27
1764 22 38 183 28 38 1 27 20 31 34 33 27
1765 22 29 247 29 23 20 21 21 39 24 33 27
1766 21 30 174 26 26 18 25 26 32 22 33 27
1767 22 33 151 26 34 49 25 34 26 1 33 27
1768 21 31 276 26 37 75 18 12 21 1 33 27
1769 22 39 365 22 22 63 24 8 38 50 33 27
1770 21 30 117 33 31 44 21 28 26 28 33 27
1771 22 32 460 31 30 1 19 31 25 26 33 27
1772 22 30 330 27 28 5 24 22 32 14 33 27
1773 21 27 335 25 23 1 16 36 18 15 33 27
1774 21 32 203 32 15 76 25 21 30 24 33 27
1775 21 27 159 20 25 1 22 20 22 20 32 26
1776 21 32 233 22 19 29 23 30 22 39 33 27
1777 22 33 295 26 36 47 22 24 22 1 33 27
1778 21 34 266 36 27 49 19 28 24 40 33 27
1779 21 32 188 33 27 39 19 34 29 38 33 27
1780 22 28 154 9 32 28 23 19 29 1 33 27
1781 22 36 180 32 33 77 25 28 30 30 33 27
1782 21 34 464 24 38 84 24 24 24 1 33 27
1783 21 29 338 32 26 1 23 46 26 28 33 27
1784 22 31 152 34 20 61 26 36 38 33 33 27
1785 21 28 142 14 32 41 22 23 18 2 33 27
1786 21 29 998 29 20 1 20 35 22 40 33 27
1787 22 31 683 15 41 22 23 23 20 1 33 27
1788 21 163 681 22 36 1 20 40 18 44 33 27
1789 21 32 246 33 25 69 24 39 27 12 33 27
1790 21 35 424 28 36 58 21 30 27 6 33 27
1791 22 30 329 27 24 22 25 36 28 37 33 27
1792 22 35 101 15 34 1 26 21 33 30 33 27
1793 21 31 185 38 19 34 26 33 32 43 33 27
1794 21 33 166 32 43 59 21 21 30 1 33 27
1795 22 30 216 23 28 29 23 38 24 22 33 27
1796 22 32 179 37 25 1 21 44 19 21 33 27
1797 21 29 442 15 30 19 23 31 28 26 33 27
1798 22 26 175 29 18 2 22 29 22 18 33 27
1799 21 27 300 24 23 4 16 23 24 6 33 27
1800 21 28 123 24 23 63 28 23 29 25 33 27
1801 21 32 260 33 33 72 22 30 26 21 33 27
1802 21 32 135 27 22 1 23 37 24 38 33 27
1803 21 30 164 20 33 1 27 28 30 11 33 27
1804 21 36 710 24 37 1 22 48 25 21 33 27
1805 22 33 209 25 31 40 21 26 26 15 33 27
1806 21 31 144 31 34 17 23 18 23 16 33 27
1807 21 29 324 26 26 1 18 25 26 29 33 27
1808 21 38 243 10 37 37 21 26 23 50 33 27
1809 21 25 302 24 27 34 22 40 25 6 33 27
1810 22 34 211 28 37 46 22 31 32 11 33 27
1811 21 25 149 24 24 1 18 1 28 16 32 27
1812 21 29 307 29 25 54 24 37 24 4 33 27
1813 22 29 254 20 29 5 22 21 23 14 33 27
1814 21 33 327 31 32 58 25 26 33 3 33 27
1815 22 33 165 14 40 9 20 18 27 1 32 27
1816 22 29 123 31 24 1 20 31 31 20 33 27
1817 21 36 119 26 41 35 22 14 30 23 33 27
1818 22 30 513 31 19 4 26 45 26 41 33 27
1819 22 26 438 16 35 21 25 31 27 1 33 27
1820 22 20 1928 28 17 12 23 34 27 1 33 27
1821 22 33 307 37 24 95 21 39 28 28 33 27
1822 21 19 89 23 21 1 23 20 24 1 32 27
1823 22 35 334 19 30 78 21 25 18 41 33 27
1824 21 27 151 33 21 5 29 44 30 20 33 27
1825 21 30 151 20 29 27 27 20 22 7 33 27
1826 21 31 262 27 19 35 29 28 32 37 33 27
1827 21 35 235 24 36 39 18 32 21 17 33 27
1828 22 29 199 40 27 28 23 27 36 1 33 27
1829 22 31 139 22 29 30 29 30 29 20 33 27
1830 22 28 196 26 25 27 26 32 21 20 33 27
1831 21 27 234 8 35 7 24 12 27 1 33 27
1832 21 33 175 24 29 51 26 15 28 22 33 27
1833 21 28 166 29 21 1 23 19 25 6 33 27
1834 22 33 296 26 24 72 22 34 21 32 33 27
1835 21 25 132 30 18 11 20 19 25 8 33 27
1836 21 38 219 29 25 29 24 31 26 41 33 27
1837 22 38 166 39 29 11 25 35 28 42 33 27
1838 21 30 364 19 21 1 23 30 28 38 33 27
1839 21 34 274 17 38 7 21 21 27 6 33 27
1840 22 30 791 34 23 4 21 39 27 34 33 27
1841 21 31 384 29 21 12 25 43 29 20 33 27
1842 22 33 194 20 30 1 22 18 27 34 33 27
1843 21 30 268 30 26 1 23 35 26 30 33 27
1844 21 36 378 34 26 69 26 36 34 42 33 27
1845 22 31 227 19 35 15 22 27 21 15 33 27
1846 21 31 207 25 21 5 22 24 24 33 33 27
1847 21 24 272 23 16 1 20 23 19 13 33 27
1848 21 37 304 28 33 64 23 32 22 32 33 27
1849 21 30 128 29 24 27 24 29 27 22 33 27
1850 22 32 307 26 37 9 28 29 36 3 33 27
1851 22 36 138 29 31 35 26 33 35 42 33 27
1852 22 29 210 27 19 44 14 23 20 15 33 27
1853 22 36 347 28 35 15 19 22 24 24 33 27
1854 22 33 161 17 36 59 24 25 26 16 33 27
1855 22 29 132 19 28 9 24 25 25 14 33 27
1856 21 31 193 30 19 35 24 24 22 41 33 27
1857 21 35 155 32 19 5 27 36 32 42 33 27
1858 22 34 155 27 34 56 23 37 33 20 33 27
1859 21 34 237 27 27 22 23 32 24 20 33 27
1860 21 39 191 34 26 35 22 19 28 33 33 27
1861 21 27 360 31 33 1 24 33 21 2 33 27
1862 22 28 179 17 21 8 21 33 24 6 33 27
1863 22 25 164 23 20 14 18 32 26 9 33 27
1864 21 35 281 29 19 46 29 27 26 41 33 27
1865 22 28 440 25 31 11 20 40 21 26 33 27
1866 21 28 410 15 25 33 19 17 22 13 33 27
1867 21 32 336 24 19 87 23 25 30 26 33 27
1868 21 32 129 37 28 1 20 31 31 32 33 27
1869 21 36 330 26 34 42 20 28 30 20 33 27
1870 22 30 473 33 27 74 27 29 29 6 33 27
1871 22 30 99 18 31 1 23 20 27 1 33 27
1872 21 26 218 25 18 35 25 23 36 21 33 27
1873 21 29 114 14 31 1 24 19 27 25 33 27
1874 21 26 197 19 24 8 20 21 28 1 33 27
1875 21 30 144 39 21 1 22 36 33 27 33 27
1876 21 30 191 26 30 1 23 18 29 2 33 27
1877 22 31 109 19 37 3 22 32 31 20 33 27
1878 21 34 218 25 34 1 21 24 33 20 33 27
1879 21 27 415 36 21 1 24 31 27 24 33 27
1880 21 27 318 9 34 23 23 16 23 1 32 27
1881 22 33 831 26 34 1 21 33 27 30 33 27
1882 22 27 300 25 24 49 22 27 21 24 33 27
1883 22 25 174 28 24 1 22 33 22 18 33 27
1884 21 32 148 30 16 1 24 37 26 44 33 27
1885 21 29 434 27 33 13 23 21 19 6 33 27
1886 21 29 208 29 24 23 23 30 27 30 33 27
1887 21 35 186 24 31 3 27 24 25 28 33 27
1888 21 32 492 31 19 1 25 36 24 44 33 27
1889 21 27 543 13 23 20 26 34 30 11 33 27
1890 22 29 94 22 24 32 24 27 28 30 33 27
1891 22 35 160 15 41 1 19 29 28 25 33 27
1892 22 33 193 24 35 56 21 16 28 8 33 27
1893 22 31 140 31 38 19 21 1 26 1 33 27
1894 22 35 243 31 36 56 23 24 33 34 33 27
1895 21 32 600 30 36 59 25 28 34 11 33 27
1896 21 27 151 11 31 3 25 20 32 1 33 27
1897 22 33 177 25 27 106 19 1 34 19 33 27
1898 21 32 99 34 29 62 21 18 27 7 33 27
1899 21 27 182 25 21 32 21 20 23 11 33 27
1900 22 28 410 23 36 63 24 22 21 7 33 27
1901 22 29 260 20 26 72 21 23 25 1 33 27
1902 22 29 123 32 27 57 23 26 23 28 33 27
1903 21 29 371 32 25 1 24 33 28 39 33 27
1904 21 32 110 16 36 5 30 16 31 13 33 27
1905 22 34 276 34 23 41 25 19 21 30 33 27
1906 21 30 76 12 29 77 18 22 29 1 33 27
1907 22 28 280 33 31 41 23 25 27 8 33 27
1908 22 32 282 23 31 92 19 21 25 1 33 27
1909 21 32 464 29 27 1 23 32 27 42 33 27
1910 21 31 302 31 29 71 24 16 28 10 33 27
1911 22 29 195 21 29 24 28 28 24 28 33 27
1912 21 32 417 26 37 1 23 17 29 12 33 27
1913 21 25 304 25 26 12 21 28 19 7 33 27
1914 22 24 149 25 26 1 22 27 30 3 33 27
1915 22 32 199 19 36 61 25 18 29 1 33 27
1916 21 32 304 31 30 36 25 16 28 24 33 27
1917 21 27 96 22 21 1 19 35 23 12 33 27
1918 22 29 420 28 27 1 18 30 20 1 32 27
1919 21 30 167 19 32 13 20 21 30 1 33 27
1920 21 25 147 30 12 95 22 8 21 1 32 27
1921 21 28 143 29 20 29 15 45 19 28 33 27
1922 21 33 319 31 28 22 22 36 26 24 33 27
1923 21 30 179 22 31 1 24 40 29 11 33 27
1924 21 25 192 34 21 53 20 34 22 25 33 27
1925 21 32 426 23 29 57 31 27 23 21 33 27
1926 21 33 110 32 28 49 22 33 24 26 33 27
1927 21 27 416 21 20 18 20 24 17 14 33 27
1928 21 24 467 18 20 18 26 28 32 21 33 27
1929 22 30 165 33 24 1 16 34 22 16 33 27
1930 22 29 85 19 26 1 22 27 28 8 33 27
1931 22 31 161 29 25 33 23 29 25 15 33 27
1932 22 36 513 22 36 50 21 23 23 15 33 27
1933 22 29 275 28 19 25 23 25 21 18 33 27
1934 22 37 359 34 24 68 22 34 34 31 33 27
1935 22 28 217 23 26 14 20 34 29 27 33 27
1936 21 27 232 23 30 27 24 44 18 15 33 27
1937 21 30 235 19 38 29 26 1 36 20 33 27
1938 21 33 126 23 31 35 25 32 27 30 33 27
1939 21 23 301 31 17 30 22 32 23 5 33 27
1940 21 30 666 29 32 1 18 30 20 2 33 27
1941 21 35 179 26 33 38 19 29 20 25 33 27
1942 21 29 666 31 33 25 25 23 19 11 33 27
1943 22 31 159 20 21 6 24 26 29 25 33 27
1944 21 30 105 27 21 13 20 18 23 30 33 27
1945 22 29 112 19 33 35 22 25 21 3 33 27
1946 22 32 137 30 22 1 22 24 25 28 33 27
1947 21 31 885 24 29 14 23 31 28 14 33 27
1948 21 26 265 40 25 32 24 34 22 1 33 27
1949 21 30 309 27 28 1 25 32 24 15 33 27
1950 22 35 245 32 25 64 22 26 24 30 33 27
1951 21 36 308 10 38 20 21 1 28 23 32 27
1952 22 31 242 26 31 79 23 21 22 9 33 27
1953 22 29 379 33 19 1 23 32 27 22 33 27
1954 21 31 236 35 18 32 21 25 25 40 33 27
1955 22 36 103 18 33 55 20 24 29 22 33 27
1956 22 33 127 40 33 72 18 25 28 15 33 27
1957 22 24 174 25 29 1 22 32 20 12 33 27
1958 22 32 160 26 20 37 26 25 28 29 33 27
1959 22 34 217 27 36 61 24 21 39 20 33 27
1960 22 29 176 10 28 48 20 28 28 1 33 27
1961 21 25 247 29 29 7 19 29 23 5 33 27
1962 22 33 157 38 21 60 23 30 24 40 33 27
1963 22 31 182 20 20 9 22 33 19 22 33 27
1964 21 28 277 19 22 1 25 35 17 37 33 27
1965 22 33 266 23 33 1 20 28 32 24 33 27
1966 22 33 122 28 32 1 24 19 34 31 33 27
1967 22 36 182 14 36 11 21 38 26 18 33 27
1968 21 34 105 30 28 1 23 34 27 34 33 27
1969 22 29 114 28 36 1 19 15 25 1 33 27
1970 21 28 114 23 19 23 21 35 23 7 33 27
1971 21 35 554 28 27 17 22 20 25 31 33 27
1972 21 30 289 22 26 1 21 29 25 35 33 27
1973 21 30 151 32 11 29 23 20 32 15 33 27
1974 21 30 160 28 30 1 16 24 18 16 33 27
1975 22 36 319 20 39 35 21 49 29 30 33 27
1976 21 25 150 38 22 26 19 33 22 7 33 27
1977 22 28 264 37 30 3 20 22 28 18 33 27
1978 21 30 175 22 25 17 20 27 24 15 33 27
1979 21 31 184 26 21 48 22 26 28 25 33 27
1980 21 32 494 16 36 1 24 24 29 21 33 27
1981 21 41 169 17 37 1 18 31 31 40 33 27
1982 21 30 152 13 29 94 27 27 30 3 33 27
1983 21 27 524 33 26 24 24 21 24 4 33 27
1984 21 30 202 37 24 43 22 34 24 33 33 27
1985 22 33 489 25 34 38 24 34 29 20 33 27
1986 21 32 137 46 27 32 19 20 22 12 33 27
1987 22 34 183 39 24 71 23 1 21 17 33 27
1988 21 32 169 27 23 17 20 24 16 31 33 27
1989 21 30 106 19 31 4 18 24 28 22 33 27
1990 21 32 242 18 18 37 22 15 27 31 33 27
1991 21 36 174 29 38 54 25 50 24 13 33 27
1992 21 33 135 24 35 33 22 24 34 15 33 27
1993 21 37 149 13 39 1 24 50 24 46 33 27
1994 21 30 153 22 27 3 22 39 30 28 33 27
1995 21 31 468 29 31 58 22 26 21 16 33 27
1996 22 32 211 24 22 1 26 26 39 41 33 27
1997 21 31 623 27 28 1 21 31 30 23 33 27
1998 22 32 107 31 33 53 21 34 26 18 33 27
1999 22 29 114 19 38 12 22 17 26 10 33 27
2000 22 35 258 36 25 1 21 30 19 40 33 27
2001 21 34 162 23 36 1 22 21 25 25 33 27
2002 22 24 264 35 38 1 24 30 27 1 33 27
2003 21 29 201 31 31 43 20 37 28 30 33 27
2004 21 31 545 25 35 1 23 38 34 6 33 27
2005 22 35 199 24 38 1 21 20 29 5 33 27
2006 22 31 951 33 28 11 23 23 18 17 33 27
2007 22 28 120 29 26 21 23 25 25 1 32 27
2008 21 36 120 32 28 2 22 31 27 30 33 27
2009 22 33 289 31 34 1 26 15 26 15 33 27
2010 21 28 178 32 16 2 21 37 27 35 33 27
2011 22 147 493 1458 695 438 2007 2007 2007 8 33 27
2012 22 28 98 27 30 20 23 26 26 23 33 27
2013 22 35 294 41 30 1 25 43 21 36 33 27
2014 21 33 325 34 32 1 22 28 28 30 33 27
2015 21 28 192 35 20 47 25 24 26 28 33 27
2016 22 26 126 33 21 1 17 1 30 1 32 27
2017 22 34 200 28 28 27 23 25 27 25 33 27
2018 21 32 185 35 21 43 21 29 25 37 33 27
2019 21 40 210 26 36 81 25 20 31 35 33 27
2020 21 31 217 15 36 99 24 32 25 1 33 27
2021 22 30 321 30 32 35 19 30 27 24 33 27
2022 22 36 110 36 26 51 23 35 33 46 33 27
2023 21 25 210 33 28 1 19 33 15 14 33 27
2024 22 30 189 30 25 1 22 25 26 30 33 27
2025 21 35 255 37 22 1 18 27 24 25 33 27
2026 22 31 173 198 24 34 20 32 28 38 33 27
2027 21 30 240 26 24 34 23 55 26 15 33 27
2028 22 28 172 35 23 1 24 1 32 10 33 27
2029 21 34 177 27 25 1 23 22 32 14 33 27
2030 22 33 203 24 39 56 23 35 24 1 33 27
2031 22 25 193 36 36 25 23 23 28 1 33 27
2032 21 32 265 38 24 60 19 42 22 31 33 27
2033 21 28 240 16 31 48 23 24 27 1 33 27
2034 22 42 201 33 36 25 20 26 31 32 33 27
2035 22 36 403 30 35 42 24 23 27 23 33 27
2036 22 35 275 37 30 1 21 35 25 33 33 27
2037 22 158 147 28 27 7 18 33 24 37 33 27
2038 22 34 136 34 33 83 22 34 20 1 33 27
2039 22 36 258 12 32 27 14 27 31 43 33 27
2040 21 34 185 20 37 69 19 30 26 5 33 27
2041 21 34 155 25 31 32 25 27 27 24 32 26
2042 21 32 220 34 15 53 21 35 21 40 33 27
2043 22 42 268 20 36 56 19 27 22 41 33 27
2044 21 37 313 29 37 72 24 24 27 25 33 27
2045 22 30 114 40 28 1 22 1 32 15 33 27
2046 22 26 184 32 20 22 22 30 23 26 33 27
2047 21 30 151 27 36 1 23 27 32 10 33 27
2048 21 35 582 29 20 87 25 23 24 30 33 27
2049 21 30 334 38 21 104 21 1 33 22 33 27
2050 22 33 258 16 24 1 20 38 29 25 33 27
2051 22 27 140 24 19 1 21 26 25 30 33 27
2052 22 33 222 32 34 1 29 45 23 8 33 27
2053 21 26 145 31 16 35 18 35 28 19 33 27
2054 22 35 243 37 31 1 22 1 26 30 33 27
2055 21 33 156 20 39 115 24 21 26 1 33 27
2056 21 33 108 28 32 1 23 36 37 41 33 27
2057 21 31 149 24 33 1 16 31 22 2 33 27
2058 21 34 259 21 26 19 24 15 31 23 33 27
2059 21 31 291 25 27 35 22 32 23 22 33 27
2060 21 29 491 38 27 80 23 24 28 11 33 27
2061 22 31 288 27 36 1 24 23 23 19 33 27
2062 22 27 236 28 29 1 23 28 22 19 33 27
2063 21 31 237 31 23 1 21 35 32 38 33 27
2064 22 30 418 28 21 31 19 51 25 30 33 27
2065 21 25 196 31 22 4 18 42 27 5 33 27
2066 21 28 91 30 26 2 24 55 26 18 33 27
2067 21 33 435 22 32 54 23 27 28 28 33 27
2068 21 34 312 24 32 63 22 53 24 30 33 27
2069 22 27 218 13 28 11 18 19 27 15 33 27
2070 21 36 156 36 30 1 23 32 26 32 33 27
2071 21 41 228 27 44 1 25 33 25 34 33 27
2072 21 32 164 25 23 8 30 21 30 31 33 27
2073 22 30 339 32 24 63 24 22 25 21 33 27
2074 21 25 718 33 29 57 19 27 28 6 33 27
2075 21 31 847 27 16 1 24 31 25 41 33 26
2076 21 27 272 28 23 21 19 1 28 2 33 27
2077 22 34 271 23 26 4 25 24 29 41 33 27
2078 22 29 252 32 21 53 24 46 24 15 33 27
2079 21 24 158 23 29 1 25 25 31 1 33 27
2080 22 28 221 12 38 1 19 18 25 1 33 27
2081 21 32 648 22 37 1 22 27 24 9 33 27
2082 21 29 827 30 28 63 24 33 27 2 33 27
2083 22 27 262 14 34 1 18 31 18 4 33 27
2084 21 31 343 34 28 58 23 1 31 17 33 27
2085 22 26 101 28 20 6 22 26 24 17 33 27
2086 21 39 206 23 34 4 17 38 23 40 33 27
2087 22 34 632 36 26 1 20 28 31 27 33 27
2088 22 31 196 41 19 62 25 32 28 29 33 27
2089 21 23 159 21 29 1 29 32 26 1 33 27
2090 22 33 266 31 29 11 25 43 29 19 33 27
2091 22 33 198 25 27 1 20 20 25 30 33 27
2092 22 35 146 15 35 9 23 1 33 40 33 27
2093 21 31 202 16 32 15 26 23 24 22 33 27
2094 21 30 274 33 22 26 21 20 23 17 32 26
2095 22 40 154 19 40 41 23 31 25 27 33 27
2096 22 29 123 30 29 39 24 21 21 1 33 27
2097 22 36 127 38 25 1 26 39 26 46 33 27
2098 21 31 227 34 33 8 19 28 27 6 33 27
2099 22 28 279 30 25 1 18 1 36 11 33 27
2100 21 26 198 22 25 1 21 30 22 25 33 27
2101 22 37 97 21 30 91 26 49 28 38 33 27
2102 21 31 299 29 35 16 25 24 25 1 33 27
2103 21 32 142 27 34 43 20 18 23 4 33 27
2104 22 30 181 13 34 1 25 20 27 19 33 27
2105 22 24 144 35 24 1 21 18 26 1 32 27
2106 21 32 223 29 38 14 20 23 29 9 33 27
2107 22 34 369 21 45 1 24 19 28 9 33 27
2108 22 30 230 20 28 1 24 43 20 13 33 27
2109 21 22 238 40 19 4 26 29 16 10 33 27
2110 21 29 198 31 27 1 21 51 32 20 33 27
2111 22 30 127 25 33 55 14 1 29 1 33 27
2112 22 36 182 28 40 1 25 45 25 16 33 27
2113 22 31 236 18 24 31 24 30 31 28 33 27
2114 21 29 238 25 35 30 25 27 33 3 33 27
2115 21 38 444 43 28 12 26 59 20 25 33 27
2116 21 25 653 38 21 1 27 35 27 12 33 27
2117 22 39 310 28 30 32 24 27 29 46 33 27
2118 21 23 215 35 20 57 22 23 33 1 32 27
2119 21 24 305 21 22 1 16 26 32 13 33 27
2120 21 34 167 21 26 20 25 23 24 18 33 27
2121 21 32 94 17 33 47 22 33 28 13 33 27
2122 22 29 105 26 27 27 20 17 26 1 32 27
2123 22 33 106 19 40 38 16 17 33 1 32 27
2124 22 36 174 18 30 58 21 52 19 38 33 27
2125 21 29 590 38 29 73 22 21 24 1 32 27
2126 22 26 193 20 36 1 22 19 26 1 33 27
2127 22 30 399 24 33 33 23 33 23 10 33 27
2128 22 32 213 27 35 4 21 34 25 6 33 27
2129 21 31 155 10 40 19 22 22 26 1 33 27
2130 22 34 179 35 33 27 22 30 37 22 33 27
2131 21 27 291 18 24 1 18 24 26 5 33 27
2132 21 34 162 23 30 12 20 19 25 13 33 27
2133 22 37 329 36 28 82 19 1 32 37 33 27
2134 22 32 169 29 28 78 23 32 27 20 33 27
2135 21 34 176 28 33 76 22 26 25 18 33 27
2136 21 25 92 31 18 23 27 23 30 22 33 27
2137 22 35 247 31 33 38 23 32 19 25 33 27
2138 22 35 189 22 31 26 24 31 17 18 33 27
2139 22 37 233 13 32 1 21 27 24 33 33 27
2140 22 30 305 13 37 1 19 18 23 15 33 27
2141 21 28 164 16 33 61 24 27 18 1 33 27
2142 22 31 103 19 34 81 23 23 28 1 32 27
2143 22 37 138 31 29 59 20 33 27 45 33 27
2144 22 34 150 27 33 1 18 24 23 27 33 27
2145 21 30 230 17 33 1 20 20 27 4 33 27
2146 22 30 316 31 21 19 26 31 27 36 33 27
2147 22 35 104 19 32 1 20 21 17 39 33 27
2148 21 29 475 22 28 27 23 35 21 9 33 27
2149 21 33 144 19 30 11 21 22 17 35 33 27
2150 21 34 163 40 25 58 22 36 25 34 33 27
2151 22 30 276 35 25 33 23 43 26 33 33 27
2152 22 31 186 29 24 93 23 27 22 30 33 27
2153 21 27 396 26 36 67 22 34 31 1 33 27
2154 22 34 1183 42 22 17 22 48 28 41 33 27
2155 22 35 223 31 33 1 23 30 20 34 33 27
2156 21 31 132 33 25 45 29 25 29 21 33 27
2157 22 28 289 25 38 1 24 26 34 1 33 27
2158 22 25 275 24 33 1 18 23 25 1 32 27
2159 21 31 268 23 25 1 28 31 27 26 33 27
2160 22 34 137 17 43 1 21 25 31 1 33 27
2161 21 30 171 8 33 5 23 20 30 13 33 27
2162 21 32 287 30 25 84 20 29 19 22 33 27
2163 22 31 245 31 20 10 22 37 31 30 33 27
2164 22 29 141 26 14 50 26 37 26 32 33 27
2165 22 34 213 19 30 28 22 25 29 18 33 27
2166 21 36 166 27 35 43 25 24 28 29 33 27
2167 21 33 197 40 22 1 20 31 25 31 33 27
2168 21 35 301 26 30 1 22 25 30 40 33 27
2169 22 35 302 24 30 13 20 1 32 24 33 27
2170 21 30 253 43 25 55 23 21 26 5 33 27
2171 22 32 101 22 26 48 24 21 26 1 33 27
2172 22 32 352 11 36 1 21 18 29 1 33 27
2173 21 30 112 30 34 1 25 15 29 17 33 27
2174 21 31 418 20 40 1 19 20 23 6 33 27
2175 22 28 217 30 30 70 23 20 26 1 32 27
2176 22 30 519 39 21 1 28 41 29 37 33 27
2177 21 29 144 30 29 48 23 34 25 26 33 27
2178 22 33 135 30 26 1 19 40 16 29 33 27
2179 22 31 211 34 29 1 24 38 14 30 33 27
2180 22 30 327 28 18 1 21 24 26 20 33 27
2181 22 32 254 29 13 17 24 30 26 48 33 27
2182 21 27 126 30 23 56 21 43 27 25 33 27
2183 21 34 194 31 35 124 20 22 22 1 33 27
2184 21 31 241 14 22 55 25 22 28 16 33 27
2185 22 32 308 29 23 49 21 29 27 27 33 27
2186 21 29 180 26 26 34 20 31 22 17 33 27
2187 22 31 153 15 39 1 21 24 29 1 33 27
2188 21 32 408 25 25 16 21 25 33 24 33 27
2189 21 40 152 28 25 67 27 36 29 41 33 27
2190 22 35 116 38 21 29 21 36 27 38 33 27
2191 22 39 372 23 37 1 22 27 22 27 33 27
2192 21 30 859 16 30 1 23 18 24 7 33 27
2193 22 29 111 23 28 1 22 28 25 17 33 27
2194 21 39 254 24 33 46 22 27 35 23 33 27
2195 22 36 219 27 35 1 21 42 26 44 33 27
2196 22 33 223 22 36 81 24 22 27 1 32 27
2197 22 31 270 34 20 50 23 28 29 30 33 27
2198 22 32 184 30 35 77 22 35 22 20 33 27
2199 22 38 153 10 30 10 19 17 22 31 33 27
2200 21 31 158 24 21 15 21 32 29 35 33 27
2201 22 38 270 7 42 1 20 23 26 17 33 27
2202 21 31 218 23 30 1 21 31 20 32 33 27
2203 22 30 337 14 30 75 22 22 29 13 33 27
2204 22 33 236 30 32 112 27 34 27 22 33 27
2205 21 31 252 27 27 16 23 20 29 17 33 27
2206 21 26 417 12 27 80 21 25 30 2 33 27
2207 21 29 214 30 17 4 23 29 27 26 33 27
2208 21 37 435 16 28 14 22 17 23 29 33 27
2209 22 29 227 29 33 28 24 19 26 1 33 27
2210 22 35 175 30 31 1 25 23 23 27 33 27
2211 21 34 230 31 31 39 27 23 26 16 33 27
2212 21 29 396 26 20 8 22 29 20 37 33 27
2213 21 32 184 35 36 45 25 25 31 8 33 27
2214 21 32 155 36 32 1 22 24 27 3 33 27
2215 22 34 187 30 27 63 24 29 24 31 33 27
2216 22 32 177 12 29 32 23 32 26 17 33 27
2217 21 33 259 14 33 1 22 17 28 18 33 27
2218 22 27 144 34 19 63 20 24 23 1 33 27
2219 22 32 115 36 25 9 26 39 24 25 33 27
2220 22 24 138 25 22 7 29 16 31 1 33 27
2221 21 36 182 29 39 63 27 24 32 15 32 26
2222 22 30 261 37 28 13 20 26 30 24 33 27
2223 21 23 285 20 26 1 18 16 22 2 33 27
2224 21 31 216 23 27 1 19 27 28 12 33 27
2225 22 31 186 29 25 1 24 34 31 31 33 27
2226 21 32 145 29 22 32 23 37 28 31 33 27
2227 21 26 327 25 24 1 22 36 31 11 33 27
2228 21 37 214 18 33 1 22 12 25 24 33 27
2229 21 29 109 30 31 1 21 32 30 19 33 27
2230 21 30 268 24 27 1 23 11 18 5 33 27
2231 21 35 396 32 35 1 24 30 26 20 33 27
2232 21 30 381 22 28 35 27 30 32 21 33 27
2233 21 28 224 19 33 48 25 24 29 1 33 27
2234 21 31 188 20 30 75 27 26 28 11 33 27
2235 22 32 475 23 27 57 23 17 27 19 33 27
2236 21 30 192 22 38 8 21 27 28 15 33 27
2237 22 29 178 21 25 9 20 24 26 11 33 27
2238 21 24 182 32 26 1 21 1 31 1 32 27
2239 22 31 176 15 34 1 25 37 25 39 33 27
2240 22 34 210 23 34 1 22 15 24 20 33 27
2241 21 30 269 23 38 1 19 1 28 22 33 27
2242 22 37 151 21 28 17 18 22 18 23 33 27
2243 22 37 190 22 44 32 20 15 29 8 33 27
2244 21 27 192 25 24 1 19 38 27 22 33 27
2245 22 31 222 24 29 36 22 29 29 13 33 27
2246 21 28 146 30 16 18 23 50 18 12 33 27
2247 21 40 317 32 36 66 22 18 26 41 33 27
2248 21 35 165 31 29 31 21 26 28 33 33 27
2249 21 29 177 29 26 1 20 25 25 32 33 27
2250 21 27 319 26 31 20 18 24 31 1 33 27
2251 22 33 108 40 27 64 21 32 26 25 33 27
2252 22 29 228 22 27 4 21 26 23 13 33 27
2253 22 24 396 10 24 11 23 29 28 1 33 27
2254 21 29 144 20 30 7 18 17 25 9 33 27
2255 22 31 112 27 28 1 25 30 28 25 33 27
2256 21 30 262 34 13 17 22 35 27 34 33 27
2257 21 27 284 19 31 1 23 27 21 1 33 27
2258 22 34 324 23 42 10 24 32 19 17 33 27
2259 21 30 262 15 35 1 18 24 31 1 33 27
2260 21 29 165 32 34 1 23 1 36 10 32 26
2261 22 33 182 25 34 10 23 19 29 1 32 27
2262 21 32 107 24 29 44 22 40 14 22 33 27
2263 21 28 179 24 32 1 25 28 23 3 33 27
2264 21 26 216 26 22 1 21 1 25 12 32 27
2265 21 33 192 31 25 1 19 1 34 34 33 27
2266 21 34 267 22 32 49 28 21 27 17 33 27
2267 21 30 224 32 31 1 21 52 19 1 33 27
2268 21 33 134 24 42 1 19 44 25 34 33 27
2269 21 26 173 22 30 1 18 31 23 1 33 27
2270 21 33 132 7 39 1 22 20 24 11 33 27
2271 22 31 103 17 29 1 25 24 29 16 33 27
2272 21 32 407 35 25 29 24 33 25 39 33 27
2273 21 32 545 29 26 13 21 27 30 21 33 27
2274 22 31 212 22 36 17 23 45 24 16 33 27
2275 22 38 255 9 28 65 27 32 30 36 33 27
2276 22 29 106 12 38 1 23 21 30 1 33 27
2277 22 29 114 29 29 104 22 22 31 6 33 27
2278 21 28 464 31 13 1 23 31 26 36 33 27
2279 21 27 419 22 23 1 22 23 30 25 33 27
2280 21 34 151 14 35 1 22 19 28 22 33 27
2281 21 27 170 30 28 1 22 28 23 6 33 27
2282 21 31 843 30 33 1 23 33 29 19 33 27
2283 22 34 211 10 33 1 23 31 28 42 33 27
2284 22 31 134 27 24 59 21 29 26 17 33 27
2285 21 33 342 22 22 1 21 24 29 9 33 27
2286 21 31 201 32 27 1 24 37 26 34 33 27
2287 22 36 178 23 37 1 20 28 22 22 33 27
2288 22 34 199 27 28 5 25 26 31 41 33 27
2289 21 30 163 25 31 28 23 25 28 1 33 27
2290 21 30 175 25 24 1 24 24 24 26 33 27
2291 21 36 432 35 30 57 25 28 21 31 33 27
2292 21 38 1097 19 27 34 26 25 28 36 33 27
2293 21 32 102 18 32 76 20 19 32 11 33 27
2294 22 29 296 16 33 1 24 22 28 1 33 27
2295 21 30 193 27 37 7 23 26 25 1 32 26
2296 22 31 411 22 29 27 24 23 26 26 33 27
2297 21 28 156 24 29 1 21 29 18 18 33 27
2298 22 42 115 16 37 84 23 27 31 32 34 27
2299 21 27 294 18 29 4 17 22 22 1 33 27
2300 22 31 238 22 29 1 18 32 29 14 33 27
2301 21 32 205 30 29 11 20 29 27 9 33 27
2302 21 25 597 25 17 1 21 30 24 6 33 27
2303 22 37 205 31 25 19 24 23 24 25 33 27
2304 21 31 109 35 26 1 19 35 28 34 33 27
2305 22 27 127 11 29 12 22 20 28 9 33 27
2306 21 29 239 31 25 20 22 25 19 20 33 27
2307 21 29 379 32 29 1 22 32 28 21 33 27
2308 22 36 162 24 35 13 23 25 28 28 33 27
2309 21 32 256 32 24 22 20 20 33 10 33 27
2310 22 35 378 33 28 1 22 35 24 38 33 27
2311 21 29 380 23 29 1 21 27 21 13 33 27
2312 22 26 153 24 23 1 26 28 24 19 33 27
2313 22 36 428 30 28 46 20 36 28 26 33 27
2314 22 31 123 34 30 1 21 1 25 2 33 27
2315 22 37 575 20 27 1 24 34 29 38 33 27
2316 21 28 230 22 28 7 24 26 32 1 33 27
2317 22 41 209 21 49 54 20 15 33 19 33 27
2318 21 27 192 28 29 1 20 1 31 1 33 27
2319 21 40 130 31 42 1 19 33 28 31 33 27
2320 22 33 307 34 32 1 19 36 21 25 33 27
2321 21 37 157 35 38 1 23 33 29 18 33 27
2322 21 32 123 11 31 13 26 31 29 12 33 27
2323 21 31 143 29 27 1 24 25 27 26 33 27
2324 21 28 215 44 18 40 22 30 24 8 33 27
2325 21 26 163 28 22 42 23 25 28 17 33 27
2326 21 27 423 35 19 28 25 36 32 9 33 27
2327 22 37 156 28 24 32 24 30 30 42 34 27
2328 21 32 659 27 30 1 21 29 25 26 33 27
2329 22 33 137 23 31 1 24 21 30 21 33 27
2330 22 29 285 32 29 4 24 37 22 17 33 27
2331 22 33 198 26 24 24 24 41 23 36 33 27
2332 21 35 175 29 28 74 25 25 30 17 33 27
2333 22 33 219 27 35 1 25 23 34 1 33 27
2334 22 33 293 33 20 21 19 35 25 43 33 27
2335 21 23 159 38 26 1 21 23 35 1 33 27
2336 21 31 224 30 27 52 20 33 29 1 32 26
2337 22 33 264 13 32 33 26 33 29 26 33 27
2338 21 26 201 32 21 1 24 28 29 13 33 27
2339 22 35 250 27 26 1 23 36 18 46 33 27
2340 22 33 351 31 34 1 21 21 30 23 33 27
2341 21 25 129 28 27 1 20 32 29 7 33 27
2342 22 33 325 21 32 35 24 23 29 10 33 27
2343 22 32 232 21 36 42 24 33 22 5 33 27
2344 22 33 193 23 39 49 24 28 33 1 33 27
2345 21 27 274 23 30 1 21 32 24 25 33 27
2346 21 34 390 43 26 1 21 32 28 43 33 27
2347 21 34 297 18 31 22 21 19 27 16 33 27
2348 21 29 269 26 25 1 22 29 26 28 33 27
2349 21 30 84 23 28 1 23 25 30 24 33 27
2350 21 37 413 33 29 1 21 19 32 30 33 27
2351 21 43 481 28 35 54 23 24 31 43 33 27
2352 21 28 177 40 19 44 24 28 20 16 33 27
2353 21 24 109 30 26 25 21 20 21 9 33 27
2354 21 33 169 25 33 65 23 21 24 7 33 27
2355 21 33 126 39 25 1 22 31 19 35 33 27
2356 21 28 107 29 27 1 24 29 27 9 33 27
2357 21 32 333 29 25 10 22 30 30 38 33 27
2358 22 32 305 29 25 31 20 37 27 31 33 27
2359 21 34 288 18 27 33 25 18 23 25 33 27
2360 21 26 209 30 16 22 22 30 22 23 33 27
2361 22 34 186 28 33 66 20 30 21 18 33 27
2362 21 28 169 25 27 8 26 46 32 26 33 27
2363 21 25 123 17 26 4 21 23 24 5 33 27
2364 22 40 178 37 41 111 23 27 28 28 33 27
2365 21 32 275 35 30 24 23 26 25 31 33 27
2366 22 34 144 32 28 1 25 33 29 37 33 27
2367 21 34 352 31 17 1 26 33 31 40 33 27
2368 21 25 199 22 27 2 22 37 25 1 33 27
2369 22 27 241 25 27 1 29 24 31 7 33 27
2370 21 31 330 23 33 9 22 27 29 18 33 27
2371 21 32 143 22 27 46 15 17 24 40 33 27
2372 22 29 281 12 30 1 26 26 30 27 33 27
2373 21 34 953 28 33 114 24 28 33 12 33 27
2374 22 34 93 32 28 1 26 37 31 37 33 27
2375 21 33 102 39 23 1 22 39 26 25 33 27
2376 21 31 371 37 20 39 24 25 29 38 33 27
2377 21 35 331 30 31 11 18 1 34 31 33 27
2378 22 33 402 22 30 1 25 37 24 39 34 27
2379 22 29 305 38 29 56 26 25 33 1 32 27
2380 21 33 242 13 38 1 24 32 30 11 33 27
2381 21 35 180 22 27 1 24 19 28 27 33 27
2382 21 34 149 35 29 59 20 32 26 41 33 27
2383 21 35 107 35 39 41 21 23 30 19 33 27
2384 22 29 171 35 27 25 24 33 28 25 33 27
2385 21 35 171 30 40 35 18 28 12 1 32 27
2386 21 29 234 31 22 71 25 20 32 11 33 27
2387 22 24 226 26 28 1 19 16 25 1 33 27
2388 22 30 201 21 31 1 28 27 28 7 33 27
2389 22 32 223 29 24 42 18 24 20 31 33 27
2390 22 34 258 30 32 63 22 14 23 1 33 27
2391 22 28 165 23 31 1 20 26 23 16 33 27
2392 21 32 146 34 23 1 17 34 28 45 33 27
2393 21 32 149 27 25 16 23 34 26 29 33 27
2394 22 32 152 29 34 27 24 31 23 16 33 27
2395 21 29 120 32 18 31 20 34 24 21 33 27
2396 22 30 142 10 30 1 17 17 18 25 33 27
2397 22 24 166 19 27 42 28 27 25 1 33 27
2398 22 32 94 20 35 30 20 19 17 21 33 27
2399 21 31 191 14 27 1 21 17 31 17 33 27
2400 22 38 374 18 34 51 25 31 25 31 33 27
2401 22 26 89 4 24 6 22 28 32 15 33 27
2402 21 34 181 14 38 52 14 14 23 1 32 27
2403 22 33 287 14 35 75 28 31 24 1 32 27
2404 22 30 610 20 14 7 26 32 23 35 33 27
2405 21 31 121 28 20 31 21 30 18 48 33 27
2406 22 29 288 24 26 4 22 21 23 6 33 27
2407 22 33 187 18 43 16 23 14 25 1 32 27
2408 22 32 103 31 20 13 22 32 26 26 33 27
2409 21 30 405 23 27 90 21 28 23 4 33 27
2410 21 25 156 8 33 15 19 27 24 1 33 27
2411 22 43 252 18 36 69 21 15 30 31 33 27
2412 22 33 194 24 30 1 26 24 23 6 33 27
2413 22 32 404 31 36 54 24 22 29 12 33 27
2414 21 28 474 28 23 48 21 39 28 3 33 27
2415 22 26 203 35 28 1 23 1 30 1 33 27
2416 22 34 151 19 25 24 23 24 17 24 33 27
2417 21 34 324 34 34 39 23 39 21 21 33 27
2418 21 28 179 24 17 20 26 32 27 37 33 27
2419 22 35 243 28 36 29 25 26 26 1 33 27
2420 21 30 304 26 25 5 17 28 23 23 33 27
2421 22 36 103 25 31 116 18 17 25 22 33 27
2422 22 28 110 25 33 1 19 24 21 6 33 27
2423 22 29 217 27 35 134 18 25 20 1 32 27
2424 21 29 508 28 24 1 24 30 26 37 33 27
2425 21 28 187 17 37 1 22 29 27 1 32 27
2426 22 33 154 34 25 9 26 38 29 37 33 27
2427 21 33 154 36 17 64 25 34 28 53 33 27
2428 22 33 245 28 34 40 18 37 25 21 33 27
2429 22 37 125 8 38 26 23 19 21 31 33 27
2430 21 28 213 27 28 47 20 25 26 5 33 27
2431 22 32 117 11 38 45 21 22 24 1 32 27
2432 21 23 168 20 25 23 24 1 35 1 33 27
2433 22 30 205 6 39 35 20 16 23 1 33 27
2434 22 41 638 25 35 83 23 29 29 44 33 27
2435 21 27 284 39 26 62 27 31 26 16 33 27
2436 22 41 188 13 51 29 22 23 34 29 33 27
2437 22 28 227 23 27 21 23 28 30 27 33 27
2438 22 34 161 37 29 41 22 36 21 36 33 27
2439 22 24 152 25 14 22 20 34 27 13 33 27
2440 22 25 195 22 24 1 20 26 23 12 33 27
2441 22 33 209 32 26 1 18 1 21 24 33 27
2442 22 33 312 27 32 68 22 32 20 12 33 27
2443 21 29 199 25 23 1 17 33 21 28 33 27
2444 22 34 2006 20 45 33 20 30 29 1 33 27
2445 22 31 155 26 37 8 24 33 26 18 33 27
2446 21 28 331 17 31 1 21 28 26 18 33 27
2447 22 29 244 12 39 41 22 28 31 7 33 27
2448 22 31 205 26 20 42 25 32 28 20 33 27
2449 22 38 207 27 34 30 21 33 26 33 33 27
2450 21 25 201 28 28 35 19 1 31 1 33 27
2451 21 31 395 13 37 72 26 15 24 1 33 27
2452 22 28 1019 32 24 1 19 26 34 13 33 27
2453 22 27 236 10 31 1 22 28 27 6 33 27
2454 21 35 199 34 29 1 18 31 25 41 33 27
2455 22 35 380 25 37 1 20 24 28 8 33 27
2456 22 30 267 23 20 36 28 33 22 1 33 27
2457 21 31 322 37 28 81 18 14 31 4 33 27
2458 21 24 120 22 27 27 20 24 24 1 33 27
2459 21 28 192 23 24 35 22 12 26 6 33 27
2460 21 35 420 23 33 1 23 35 27 43 33 27
2461 22 27 187 26 13 7 21 35 23 35 33 27
2462 21 41 283 31 37 4 23 28 28 39 33 27
2463 22 36 230 22 35 1 24 19 26 33 33 27
2464 22 31 212 22 33 79 25 24 23 1 33 27
2465 21 31 266 31 31 1 15 54 20 16 33 27
2466 22 30 139 20 36 71 19 25 26 3 33 27
2467 21 30 211 34 12 16 21 35 31 40 33 27
2468 21 28 260 46 18 36 24 39 22 26 33 27
2469 22 30 96 31 26 1 21 36 25 19 33 27
2470 21 33 454 27 28 66 20 22 24 27 33 27
2471 22 35 162 20 29 112 16 20 23 15 33 27
2472 22 27 131 16 32 1 18 16 25 1 33 27
2473 21 20 134 29 14 5 20 32 19 20 33 27
2474 21 28 467 34 28 50 23 21 31 13 33 27
2475 22 29 155 15 28 1 24 20 27 11 33 27
2476 22 27 231 26 24 52 22 1 20 1 33 27
2477 21 31 274 23 28 1 25 25 26 18 33 27
2478 21 32 391 30 32 34 18 21 29 13 33 27
2479 21 29 202 23 26 1 25 29 30 29 33 27
2480 22 28 171 19 33 28 21 23 25 1 33 27
2481 22 28 270 10 25 1 24 27 24 16 33 27
2482 21 30 459 34 26 1 24 36 16 36 33 27
2483 21 28 209 16 28 28 23 20 25 1 33 27
2484 21 26 426 28 28 57 15 26 21 11 33 27
2485 22 34 344 27 28 24 24 26 29 29 33 27
2486 21 28 134 25 25 1 21 17 23 1 33 27
2487 22 36 233 27 40 66 19 28 21 23 33 27
2488 22 29 92 21 21 1 22 27 25 38 33 27
2489 22 36 350 31 40 23 23 30 28 20 33 27
2490 22 29 174 15 30 8 19 16 24 1 33 27
2491 21 33 194 18 39 38 23 20 22 1 33 27
2492 22 31 216 28 28 1 20 28 25 6 33 27
2493 21 34 230 26 36 1 19 25 31 7 33 27
2494 21 30 144 27 23 24 20 32 30 41 33 27
2495 21 34 260 15 35 94 19 23 31 6 33 27
2496 21 30 198 28 22 1 20 24 26 33 33 27
2497 22 38 240 27 45 1 27 32 27 7 33 27
2498 22 30 106 29 25 66 26 14 27 20 33 27
2499 21 27 718 32 23 23 21 35 21 19 33 27
2500 21 31 212 32 28 98 22 27 25 20 33 27
2501 21 30 724 8 38 17 24 30 33 3 33 27
2502 22 28 185 493 25 65 18 28 22 3 33 27
2503 21 28 177 33 25 1 19 10 21 1 33 27
2504 21 31 243 32 26 1 22 38 16 38 33 27
2505 21 29 225 33 24 1 21 38 24 34 33 27
2506 22 31 233 22 27 1 18 25 19 17 33 27
2507 21 37 203 35 32 56 22 25 24 23 33 27
2508 22 28 268 19 35 42 22 38 29 1 33 27
2509 21 30 320 15 22 1 25 37 36 31 33 27
2510 22 33 203 19 35 74 42 28 30 1 32 27
2511 22 28 312 21 37 71 21 27 22 1 32 27
2512 21 26 246 33 22 38 26 26 25 21 33 27
2513 21 36 220 22 26 71 22 20 43 39 33 27
2514 21 28 483 21 28 2 23 35 31 28 33 27
2515 21 33 207 25 38 1 22 30 25 4 33 27
2516 21 32 202 29 33 1 17 38 18 27 33 27
2517 22 35 161 34 31 6 22 31 30 40 33 27
2518 36 49 437 46 37 25 41 36 38 46 52 45
2519 21 31 239 35 28 34 27 31 37 10 33 27
2520 21 33 205 29 20 6 21 33 23 36 33 27
2521 22 31 174 15 42 1 18 19 26 1 33 27
2522 21 26 317 22 27 1 24 48 19 7 33 27
2523 21 29 221 22 26 60 22 18 22 11 33 27
2524 21 34 370 38 30 39 20 24 21 11 33 27
2525 21 34 189 32 23 40 23 38 29 42 33 27
2526 22 30 943 22 31 3 24 42 23 13 33 27
2527 21 28 185 18 35 92 20 26 27 5 33 27
2528 21 35 216 17 32 24 25 45 31 35 33 27
2529 21 30 331 25 24 1 25 32 31 23 33 27
2530 21 32 222 14 33 95 25 23 29 8 33 27
2531 22 33 167 22 27 7 19 1 25 19 33 27
2532 22 29 153 37 28 23 25 32 28 22 33 27
2533 21 34 170 14 32 27 21 30 27 18 33 27
2534 21 28 231 21 21 27 21 29 33 4 33 27
2535 21 30 281 31 28 1 24 33 28 27 33 27
2536 21 36 316 22 24 1 26 25 27 30 33 27
2537 21 37 161 21 32 67 21 25 32 44 33 27
2538 21 31 177 21 30 64 25 23 26 1 33 27
2539 22 35 367 27 49 8 20 31 23 6 33 27
2540 21 34 407 25 24 78 19 24 22 26 33 27
2541 21 32 835 28 30 64 22 39 27 17 33 27
2542 22 26 153 23 30 5 20 25 21 1 33 27
2543 21 32 236 35 28 21 18 24 23 16 33 27
2544 21 27 184 18 18 16 19 20 22 7 33 27
2545 22 30 182 31 29 39 22 25 26 14 33 27
2546 22 38 126 24 43 1 23 13 27 30 33 27
2547 22 30 172 32 26 1 16 29 23 20 33 27
2548 21 30 228 27 27 22 22 28 22 29 33 27
2549 22 28 1478 21 20 46 21 30 18 25 33 27
2550 22 34 301 29 29 83 21 25 22 27 33 27
2551 21 33 294 32 23 34 25 30 25 22 33 27
2552 22 30 246 25 26 11 24 25 36 25 33 27
2553 22 30 241 27 32 8 21 20 24 1 33 27
2554 22 35 142 34 34 53 21 18 30 24 33 27
2555 22 29 694 35 33 65 17 1 19 1 33 27
2556 21 35 304 14 30 1 22 26 27 34 33 27
2557 22 33 338 18 33 1 23 26 25 32 33 27
2558 22 33 164 30 22 18 20 35 21 34 33 27
2559 21 27 330 28 25 63 21 27 19 7 33 27
2560 21 36 238 41 18 33 20 38 26 46 33 27
2561 22 38 290 23 34 19 19 24 24 30 33 27
2562 22 26 343 42 25 8 28 36 39 12 33 27
2563 22 33 95 25 34 50 22 32 18 15 33 27
2564 21 35 138 17 37 1 21 43 19 23 33 27
2565 21 31 299 19 37 50 23 18 25 1 33 27
2566 21 28 169 21 33 1 23 24 26 4 33 27
2567 22 24 264 23 23 1 20 31 26 5 33 27
2568 21 31 184 34 30 1 21 22 16 10 33 27
2569 21 28 547 15 27 25 26 28 28 10 33 27
2570 21 29 579 33 40 1 25 42 28 16 33 27
2571 22 28 195 19 31 17 23 25 31 1 33 27
2572 21 33 207 20 29 47 23 23 36 30 33 27
2573 22 34 172 8 37 1 23 31 21 19 33 27
2574 21 31 108 28 38 55 23 18 22 11 33 27
2575 21 28 190 32 21 22 27 53 29 18 33 27
2576 21 35 207 27 29 98 21 25 21 20 33 27
2577 21 33 219 26 31 13 23 24 33 25 33 27
2578 22 34 127 28 31 77 23 22 25 13 33 27
2579 21 29 205 31 24 72 24 1 32 18 33 27
2580 21 36 380 23 29 1 23 38 23 25 33 27
2581 21 33 114 34 35 1 24 24 29 26 33 27
2582 22 32 189 26 17 39 22 31 16 33 33 27
2583 22 36 261 21 42 55 20 22 31 12 33 27
2584 22 24 242 29 20 34 19 1 28 14 33 27
2585 22 36 316 12 40 90 20 21 21 25 33 27
2586 21 28 276 25 30 71 21 12 17 1 33 27
2587 21 27 122 17 18 35 25 19 22 15 33 27
2588 22 40 172 20 39 62 23 25 33 20 33 27
2589 22 37 141 28 33 53 23 30 31 27 33 27
2590 21 32 182 25 30 1 27 35 29 21 33 27
2591 21 29 161 35 20 25 25 31 25 11 33 27
2592 21 32 448 35 31 1 21 32 19 17 33 27
2593 21 33 213 23 18 52 20 25 27 34 33 27
2594 22 32 159 17 40 1 21 20 27 5 33 27
2595 21 31 242 12 32 8 22 24 28 18 33 27
2596 21 30 241 26 26 68 19 49 29 14 33 27
2597 22 29 100 13 35 48 16 26 26 1 33 27
2598 21 32 250 15 38 48 24 14 30 24 33 27
2599 21 33 224 43 25 13 26 29 27 34 33 27
2600 21 34 433 33 17 37 23 31 26 44 33 27
2601 22 26 541 28 26 1 20 36 23 17 33 27
2602 22 32 170 16 36 43 20 31 26 6 33 27
2603 21 33 140 31 27 35 22 23 26 23 33 27
2604 21 34 113 22 42 37 17 22 24 8 33 27
2605 22 33 186 25 29 9 21 25 25 26 33 27
2606 21 29 307 26 22 14 17 17 15 11 33 27
2607 21 35 195 32 18 1 24 33 23 41 33 27
2608 22 26 293 28 23 1 25 33 21 24 33 27
2609 21 33 172 27 34 59 24 26 25 3 33 27
2610 22 30 146 26 28 62 24 23 32 21 33 27
2611 22 32 372 25 32 47 22 39 29 23 33 27
2612 21 35 367 35 28 1 22 38 24 42 33 27
2613 21 27 430 34 27 13 19 29 26 21 33 27
2614 22 28 281 27 38 1 22 28 30 21 33 27
2615 22 39 218 34 31 53 22 28 29 24 33 27
2616 21 36 398 23 22 66 25 23 27 26 33 27
2617 21 31 503 28 29 56 21 18 24 18 33 27
2618 21 33 537 21 35 1 20 26 19 25 33 27
2619 21 36 280 16 31 1 19 21 27 35 33 27
2620 22 29 166 32 24 13 22 27 31 23 33 27
2621 21 29 204 20 32 23 23 26 31 8 33 27
2622 22 29 92 30 28 1 21 32 19 20 33 27
2623 21 27 171 32 20 23 20 33 25 17 33 27
2624 21 29 246 10 34 38 19 21 20 5 31 25
2625 22 31 340 31 27 1 23 24 24 13 33 27
2626 21 26 268 30 30 1 18 23 26 3 33 27
2627 22 27 84 22 29 1 22 27 30 25 33 27
2628 22 34 191 31 34 2 22 38 32 26 33 27
2629 21 34 250 27 23 22 25 31 19 27 33 27
2630 21 25 210 32 19 54 22 31 19 1 33 27
2631 22 38 240 27 36 72 31 27 27 30 33 27
2632 21 37 162 23 40 1 20 17 27 26 33 27
2633 21 34 564 21 33 90 24 25 27 1 33 27
2634 22 23 324 25 15 14 22 34 18 14 33 27
2635 21 33 613 18 31 17 22 26 34 1 33 27
2636 22 29 239 26 30 1 23 31 26 35 33 27
2637 22 37 107 31 25 54 21 30 27 40 33 27
2638 21 35 356 44 34 1 21 1 27 24 33 27
2639 21 25 217 40 17 41 24 24 27 22 33 27
2640 21 30 248 18 33 1 18 41 20 29 33 27
2641 22 31 150 19 34 66 26 20 25 1 32 27
2642 22 40 628 28 41 1 27 24 33 33 33 27
2643 21 29 314 31 24 1 18 30 27 16 33 27
2644 21 31 98 36 36 1 24 31 30 15 33 27
2645 22 38 257 30 34 50 24 1 35 24 33 27
2646 21 31 278 18 37 78 24 23 24 1 33 27
2647 22 29 214 32 28 1 21 33 18 17 33 27
2648 21 27 286 30 24 22 25 30 28 34 33 27
2649 21 30 166 19 35 31 23 15 27 2 33 27
2650 22 26 320 33 24 24 24 13 25 6 33 27
2651 21 28 313 33 27 22 22 24 27 1 33 27
2652 22 25 145 27 29 28 20 19 21 1 33 27
2653 22 29 151 34 24 21 21 51 27 14 33 27
2654 21 29 503 31 23 18 22 49 30 37 33 26
2655 22 30 181 20 32 38 20 17 22 1 32 27
2656 21 35 203 35 27 53 23 26 31 20 33 27
2657 22 31 163 18 25 1 19 19 24 26 33 27
2658 21 38 220 18 39 14 21 20 26 32 33 27
2659 22 39 200 28 39 38 18 20 35 34 33 27
2660 22 26 196 26 21 40 18 29 30 14 33 27
2661 22 42 110 19 36 11 24 42 18 23 33 27
2662 21 34 177 16 38 1 20 17 21 1 33 27
2663 21 24 533 37 22 1 26 26 30 13 33 27
2664 22 36 168 27 28 1 21 32 29 44 33 27
2665 21 37 105 36 26 26 26 25 34 28 33 27
2666 21 27 178 25 31 15 25 38 26 1 33 27
2667 21 32 191 33 37 42 18 25 26 1 33 27
2668 21 34 104 26 37 72 22 24 24 9 33 27
2669 22 31 189 29 25 4 24 37 24 35 34 27
2670 21 30 178 33 26 22 21 24 26 14 33 27
2671 21 33 151 23 21 1 21 26 23 29 33 27
2672 21 32 102 30 26 1 23 41 35 34 33 27
2673 21 31 206 33 30 33 24 32 28 17 33 27
2674 21 26 469 27 31 23 20 25 34 1 33 27
2675 21 31 281 44 19 58 28 43 21 35 33 27
2676 22 35 197 29 46 46 24 28 30 33 33 27
2677 22 37 161 24 19 24 19 34 21 33 33 27
2678 22 30 131 20 29 1 23 31 35 24 33 27
2679 21 31 178 17 36 66 22 21 30 3 33 27
2680 21 27 189 25 12 1 25 35 21 40 33 27
2681 21 28 365 21 21 8 24 42 25 22 33 27
2682 21 33 108 22 24 21 23 30 24 36 33 27
2683 22 36 204 37 27 1 20 30 27 43 33 27
2684 21 35 159 28 34 1 24 25 29 22 33 27
2685 21 27 359 21 29 27 20 26 24 5 33 27
2686 21 34 187 23 29 65 20 25 22 32 33 27
2687 21 33 211 17 39 63 23 24 29 1 33 27
2688 22 31 386 30 27 72 19 20 26 9 33 27
2689 22 32 158 23 27 11 20 28 28 22 33 27
2690 21 34 148 23 33 75 22 14 26 20 32 26
2691 22 32 103 34 32 48 17 42 23 16 33 27
2692 22 37 288 32 34 1 20 31 23 36 33 27
2693 21 34 495 20 23 10 25 30 33 56 33 27
2694 22 27 176 34 22 55 25 26 30 14 33 27
2695 22 33 273 24 37 75 21 20 27 1 33 27
2696 21 31 525 33 19 6 22 38 26 39 33 27
2697 21 27 119 19 27 1 24 20 26 9 33 27
2698 22 36 162 39 36 1 29 34 26 36 33 27
2699 21 34 231 20 28 33 21 27 25 26 33 27
2700 21 27 310 29 27 40 22 22 21 2 33 27
2701 22 32 183 28 32 1 23 25 21 28 33 27
2702 21 25 154 13 32 18 22 16 29 1 33 27
2703 22 24 399 23 29 12 25 27 26 1 33 27
2704 21 41 440 28 38 91 18 32 28 43 33 27
2705 21 41 177 21 29 71 37 21 28 52 33 27
2706 21 33 172 41 32 52 26 30 24 11 33 27
2707 21 28 119 45 17 61 22 29 24 28 33 27
2708 22 32 838 36 31 78 19 27 29 25 33 27
2709 21 29 395 24 24 17 24 29 26 9 33 27
2710 22 30 150 30 22 8 27 33 28 23 33 27
2711 22 31 100 24 23 46 20 27 27 25 33 27
2712 22 32 563 24 27 40 20 28 28 22 33 27
2713 21 34 207 25 28 58 19 27 24 26 33 27
2714 21 28 142 22 17 11 18 21 17 8 32 26
2715 21 31 389 33 21 12 26 38 24 49 33 27
2716 22 32 154 31 35 25 25 33 37 16 33 27
2717 21 31 428 21 20 75 21 28 29 23 33 27
2718 21 31 261 34 28 42 23 1 29 39 33 27
2719 21 28 133 31 26 39 26 49 28 26 33 27
2720 21 34 216 28 17 36 24 37 24 31 33 27
2721 21 31 402 26 27 5 24 20 27 7 33 27
2722 21 31 321 24 17 79 22 27 20 14 33 27
2723 21 30 255 24 29 7 22 24 30 18 33 27
2724 21 31 114 31 34 39 23 27 28 18 33 27
2725 22 29 203 12 31 1 27 22 20 1 33 27
2726 22 34 182 33 35 8 22 19 32 13 33 27
2727 22 35 215 20 43 30 22 25 21 1 33 27
2728 21 30 87 17 30 32 19 20 28 1 32 27
2729 22 35 291 26 29 27 24 28 28 30 33 27
2730 22 32 141 18 28 43 26 19 24 1 33 27
2731 21 26 125 22 21 34 21 18 22 5 33 27
2732 21 26 335 22 35 1 21 23 21 1 32 27
2733 21 30 219 24 13 1 19 36 26 43 33 27
2734 21 27 161 13 29 1 24 29 21 8 33 27
2735 22 33 157 15 40 1 20 27 26 1 32 27
2736 21 33 103 17 35 16 23 18 23 20 33 27
2737 21 36 142 26 36 1 26 25 26 16 33 27
2738 21 24 321 34 23 42 22 28 20 1 33 27
2739 21 29 224 24 24 22 23 21 27 13 33 27
2740 22 30 291 20 31 1 23 26 21 17 33 27
2741 21 37 184 38 32 17 26 33 28 45 33 27
2742 21 29 195 28 25 4 22 35 25 44 33 27
2743 22 27 328 28 34 83 18 31 22 1 32 27
2744 22 35 184 21 37 1 29 32 25 18 33 27
2745 21 29 251 37 25 17 21 26 25 17 33 27
2746 21 34 249 25 41 1 23 22 32 3 33 27
2747 21 29 118 27 18 1 28 26 22 38 33 27
2748 22 33 226 40 21 1 24 33 30 48 33 27
2749 21 28 218 35 26 1 31 1 25 17 33 27
2750 21 31 574 31 31 29 26 29 21 20 33 27
2751 22 32 544 25 39 32 24 24 24 26 33 27
2752 21 27 416 19 31 1 22 27 26 13 33 27
2753 21 32 515 17 34 1 22 19 28 17 33 27
2754 21 39 290 22 33 60 23 25 19 21 33 27
2755 22 30 153 26 19 46 23 25 28 1 33 27
2756 22 32 191 19 28 48 23 28 27 10 33 27
2757 21 29 306 31 33 74 26 25 26 5 33 27
2758 21 34 178 35 28 1 20 25 20 41 33 27
2759 21 35 214 23 37 1 27 21 32 10 33 27
2760 21 38 170 42 28 1 24 35 24 40 33 27
2761 22 32 179 30 38 1 27 39 32 17 33 27
2762 21 34 218 27 31 22 24 21 31 14 33 27
2763 21 30 118 36 21 21 28 28 27 20 33 27
2764 22 28 202 13 23 34 22 37 31 13 33 27
2765 21 33 669 16 30 48 20 33 21 15 33 27
2766 22 32 226 20 29 1 22 21 20 16 33 27
2767 22 28 243 25 26 6 23 46 24 1 33 27
2768 21 29 308 19 20 45 25 39 31 13 33 27
2769 21 32 142 29 25 52 20 25 22 5 33 27
2770 21 27 220 20 34 1 19 36 15 10 33 27
2771 21 30 307 35 29 1 18 26 24 24 33 27
2772 22 37 198 29 35 1 17 25 18 22 33 27
2773 21 32 98 31 24 1 23 28 20 7 33 27
2774 21 27 163 24 20 24 24 35 24 28 33 27
2775 21 33 148 26 39 71 19 30 31 17 33 27
2776 22 30 182 28 37 25 22 24 27 6 33 27
2777 22 28 147 18 14 1 29 27 32 7 33 27
2778 21 34 250 34 31 72 23 17 20 22 33 27
2779 21 21 209 32 19 1 17 27 20 1 33 27
2780 22 25 134 16 35 52 19 24 23 1 33 27
2781 21 27 280 21 29 1 23 28 28 10 33 27
2782 22 31 576 30 22 16 17 25 27 21 33 27
2783 22 30 267 40 37 51 21 1 36 1 33 27
2784 21 32 203 21 31 1 24 22 25 19 33 27
2785 22 38 155 14 26 73 27 23 30 29 33 27
2786 21 29 189 22 27 1 15 17 18 17 33 27
2787 22 38 220 25 32 94 25 17 27 23 33 27
2788 21 29 181 26 30 12 21 16 21 18 33 27
2789 22 31 326 21 28 30 21 26 26 22 33 27
2790 22 32 480 21 33 44 22 26 30 12 33 27
2791 22 30 608 24 39 70 23 25 30 6 33 27
2792 21 32 289 34 34 61 23 37 39 20 33 27
2793 22 35 204 24 36 43 21 28 26 1 33 27
2794 22 32 134 26 29 57 21 26 31 1 33 27
2795 21 26 154 20 20 1 20 24 17 1 33 27
2796 22 31 130 6 34 41 20 20 25 1 33 27
2797 21 26 151 24 25 88 26 56 18 3 33 27
2798 22 32 245 33 17 26 24 23 26 34 33 27
2799 21 34 187 27 33 6 19 28 26 7 33 27
2800 21 31 209 21 29 1 19 29 22 16 33 27
2801 21 29 220 13 34 79 24 24 25 10 33 27
2802 22 31 160 33 19 93 23 29 29 9 33 27
2803 21 29 350 16 32 59 23 33 29 1 33 27
2804 21 34 241 19 35 67 24 18 32 18 33 27
2805 21 30 170 26 25 1 24 30 27 34 33 27
2806 21 30 198 31 24 1 23 26 25 35 33 27
2807 22 32 168 35 28 26 17 27 19 34 33 27
2808 22 38 328 31 39 1 19 1 21 36 33 27
2809 21 28 151 28 25 34 16 34 21 4 33 27
2810 22 31 330 26 24 1 25 30 31 30 33 27
2811 21 39 153 16 41 32 19 24 29 34 33 27
2812 21 30 197 20 35 1 22 27 29 14 33 27
2813 22 34 134 23 32 1 26 20 39 11 33 27
2814 21 34 114 17 41 73 26 17 32 24 33 27
2815 21 30 157 22 22 32 22 29 27 28 33 27
2816 21 27 178 22 29 54 22 33 27 7 33 27
2817 22 35 214 20 32 18 24 30 29 29 33 27
2818 22 34 224 27 26 60 22 38 18 27 33 27
2819 22 27 374 14 31 32 24 22 34 1 33 27
2820 22 32 131 16 36 48 22 23 29 1 33 27
2821 21 35 182 31 36 77 22 27 20 32 33 27
2822 21 31 281 33 30 36 23 24 25 17 33 27
2823 21 28 320 22 36 25 21 24 34 1 33 27
2824 21 31 136 19 20 75 24 17 19 28 33 27
2825 21 29 321 26 36 34 26 51 30 23 33 27
2826 21 31 451 18 30 38 25 21 30 7 33 27
2827 21 27 220 29 27 30 23 23 28 1 33 27
2828 22 35 203 17 31 78 28 29 25 20 33 27
2829 22 32 119 10 34 1 20 18 25 17 33 27
2830 22 36 129 29 33 27 22 31 21 33 33 27
2831 21 33 283 34 29 97 26 37 29 31 33 27
2832 21 27 347 20 24 1 24 23 25 13 33 27
2833 21 33 111 9 29 15 21 24 34 11 33 27
2834 22 35 247 35 21 57 24 21 30 33 33 27
2835 21 31 495 30 20 1 24 35 22 23 33 27
2836 22 33 795 31 32 1 25 40 27 41 33 27
2837 21 32 258 25 34 59 23 33 28 4 33 27
2838 21 27 198 33 16 85 22 39 26 8 33 27
2839 21 30 247 24 28 1 24 29 44 44 33 27
2840 21 32 719 27 28 42 22 32 25 26 33 27
2841 22 30 940 31 24 85 20 22 22 3 33 27
2842 21 36 176 21 32 78 23 42 27 36 33 27
2843 21 23 469 36 22 11 25 24 31 1 33 27
2844 22 30 287 28 33 1 22 32 27 14 33 27
2845 21 29 292 19 22 1 19 30 27 25 33 27
2846 21 35 269 29 38 50 24 22 23 28 33 27
2847 22 27 567 11 29 44 19 15 20 1 33 27
2848 21 34 402 30 36 7 21 29 36 8 33 27
2849 21 35 201 28 30 23 25 25 26 28 33 27
2850 22 31 389 17 32 1 19 17 34 29 33 27
2851 22 35 156 23 27 98 21 26 19 31 34 27
2852 21 26 145 20 28 1 22 40 24 19 33 27
2853 21 30 169 37 28 1 20 37 23 30 33 27
2854 22 27 263 22 24 1 26 33 32 23 33 27
2855 21 34 194 20 38 1 24 30 26 11 33 27
2856 21 31 137 24 28 1 25 27 28 27 33 27
2857 21 29 195 34 24 1 18 26 27 33 33 27
2858 21 33 235 13 29 1 25 17 28 10 33 26
2859 22 32 168 32 24 34 27 25 26 32 33 27
2860 21 33 96 16 34 25 24 25 29 27 33 27
2861 22 38 143 37 34 78 24 23 23 20 33 27
2862 21 37 302 26 28 16 23 39 24 37 33 27
2863 21 30 103 38 20 15 26 33 33 20 33 27
2864 21 34 283 30 36 1 21 25 21 1 33 27
2865 21 29 605 14 36 28 18 24 29 1 33 27
2866 22 29 175 29 21 27 22 33 26 16 33 27
2867 21 28 349 25 21 53 22 20 28 7 33 26
2868 22 37 184 23 35 65 28 17 28 11 33 27
2869 22 33 131 23 34 54 23 30 25 1 33 27
2870 22 38 269 30 32 50 19 36 22 40 33 27
2871 22 26 203 23 28 1 22 26 28 1 33 27
2872 21 30 655 9 30 1 20 22 28 28 33 27
2873 22 26 128 20 25 6 25 27 21 1 33 27
2874 22 30 137 27 32 1 22 21 25 24 33 27
2875 21 29 510 19 37 1 22 28 24 4 33 27
2876 21 31 267 34 29 1 25 29 30 34 33 27
2877 21 31 131 18 32 16 22 15 25 13 33 27
2878 21 39 147 20 31 33 26 23 31 35 33 27
2879 21 25 749 35 14 62 21 51 28 17 33 27
2880 22 29 216 34 23 4 24 31 29 35 33 27
2881 21 29 286 15 30 23 24 23 28 1 33 27
2882 21 39 232 11 42 1 24 20 26 24 33 27
2883 21 27 90 24 32 1 17 26 23 16 33 27
2884 22 31 145 18 36 75 25 18 30 1 33 27
2885 21 32 152 12 27 25 16 1 25 15 33 27
2886 21 30 266 24 27 20 24 24 33 4 33 27
2887 21 28 249 24 32 21 26 30 20 1 33 27
2888 21 24 241 20 27 6 18 13 22 1 32 27
2889 21 35 105 31 29 27 21 25 27 26 33 27
2890 21 33 314 28 29 64 30 24 32 11 33 27
2891 21 29 372 21 34 48 26 18 26 20 33 27
2892 22 33 322 29 29 1 21 31 23 25 33 27
2893 22 26 139 26 22 1 19 25 26 1 33 27
2894 22 29 235 31 22 29 25 24 27 5 33 27
2895 35 56 488 33 44 48 46 35 58 66 51 44
2896 22 33 137 19 32 16 20 20 28 22 33 27
2897 21 26 403 20 28 1 21 29 24 6 33 27
2898 22 33 110 26 29 36 23 25 24 21 33 27
2899 21 29 168 33 21 33 23 1 29 16 33 27
2900 22 29 182 16 21 1 23 35 26 5 33 27
2901 22 34 109 26 26 2 22 29 24 28 33 27
2902 21 34 245 19 38 1 25 38 31 1 33 27
2903 21 30 591 21 40 69 21 32 23 3 33 27
2904 22 28 182 14 36 1 22 21 26 12 33 27
2905 21 33 393 18 33 93 24 24 25 1 33 27
2906 22 33 147 20 41 1 24 37 27 20 33 27
2907 21 35 117 27 36 10 24 28 27 17 33 27
2908 21 28 420 29 34 1 20 7 26 1 32 26
2909 21 33 220 22 37 11 22 23 26 1 33 27
2910 22 36 145 28 26 1 21 1 29 35 33 27
2911 21 32 255 23 32 51 23 24 28 1 33 27
2912 21 29 177 18 36 2 21 24 23 1 33 27
2913 21 33 262 31 29 58 24 36 23 23 33 27
2914 21 37 397 28 29 76 25 27 28 29 33 27
2915 21 26 243 30 21 1 20 26 22 17 33 27
2916 22 29 269 31 23 17 22 37 27 19 33 27
2917 22 31 113 33 25 27 23 1 31 37 33 27
2918 21 39 225 14 40 1 21 38 23 39 33 27
2919 21 32 118 33 27 73 21 36 28 20 33 27
2920 22 38 233 20 35 32 18 45 22 33 33 27
2921 21 31 214 1 31 1 22 24 31 22 32 26
2922 21 32 159 26 28 96 20 19 28 24 33 27
2923 22 29 197 23 23 6 27 36 21 25 33 27
2924 21 26 267 15 29 26 22 21 20 1 33 27
2925 21 34 360 17 31 1 22 28 24 20 33 27
2926 21 28 188 35 29 36 20 17 27 1 33 27
2927 22 24 131 16 28 4 21 35 22 1 33 27
2928 21 28 169 19 28 1 21 28 19 9 33 27
2929 22 26 473 9 30 1 23 21 21 1 33 27
2930 21 27 124 23 15 21 23 31 28 24 33 27
2931 21 27 407 24 30 1 25 21 25 1 33 27
2932 21 34 477 26 28 18 21 28 35 26 33 27
2933 22 33 176 44 34 64 25 36 19 12 33 27
2934 22 34 258 38 23 21 23 48 23 48 33 27
2935 21 40 139 18 21 29 24 23 28 45 33 27
2936 22 39 487 33 37 21 29 22 28 27 33 27
2937 22 36 162 36 39 47 22 35 26 30 33 27
2938 22 31 395 29 21 15 25 29 29 38 33 27
2939 21 31 168 22 38 1 18 31 24 7 33 27
2940 22 30 196 31 34 49 25 23 27 1 33 27
2941 21 32 321 17 38 37 19 18 25 1 33 27
2942 22 34 184 37 26 77 22 28 30 16 33 27
2943 21 39 334 28 31 92 24 20 36 13 33 27
2944 21 30 226 17 34 19 24 23 34 8 33 27
2945 22 28 171 22 8 3 20 26 21 34 33 27
2946 22 34 161 25 29 77 24 39 30 29 33 27
2947 22 30 335 32 25 3 18 28 28 29 33 27
2948 22 29 261 15 28 1 24 30 31 9 33 27
2949 22 30 349 34 18 39 24 44 31 44 33 27
2950 22 29 281 12 38 9 23 23 24 1 33 27
2951 21 28 93 26 29 33 23 20 27 2 33 27
2952 21 29 571 27 29 66 23 29 23 1 33 27
2953 22 37 519 27 44 1 22 37 30 19 33 27
2954 21 32 343 26 25 20 23 33 24 28 33 27
2955 21 33 178 31 27 39 25 22 25 27 33 27
2956 22 27 222 40 24 41 26 21 32 21 33 27
2957 22 31 223 21 34 72 17 21 28 1 33 27
2958 22 28 173 36 15 78 23 27 31 16 33 27
2959 21 35 223 27 27 1 25 29 22 22 33 27
2960 22 24 131 27 28 1 22 30 29 15 33 27
2961 22 34 171 23 40 53 25 22 29 3 33 27
2962 22 38 280 34 39 1 27 42 31 44 33 27
2963 21 30 192 28 36 13 23 24 26 2 33 27
2964 22 39 330 27 34 58 23 31 32 17 33 27
2965 22 35 148 26 36 1 23 1 36 17 33 27
2966 22 28 87 29 19 26 28 30 20 13 33 27
2967 22 31 213 28 30 28 19 35 18 16 33 27
2968 21 29 289 13 35 20 27 21 24 1 33 26
2969 21 28 495 18 25 9 22 23 21 18 33 27
2970 22 25 86 35 21 6 23 26 34 10 33 27
2971 21 28 424 14 32 63 20 19 28 1 33 27
2972 22 32 535 27 36 63 20 30 23 1 32 27
2973 22 32 189 24 36 51 26 21 24 2 33 27
2974 22 34 190 20 26 50 23 16 31 25 33 27
2975 22 32 281 32 27 39 20 28 32 14 33 27
2976 22 33 284 25 30 39 20 26 24 29 33 27
2977 21 34 631 33 33 55 27 39 36 29 33 27
2978 22 37 289 25 36 2 21 32 20 33 33 27
2979 22 34 125 39 21 75 27 38 22 37 33 27
2980 21 32 277 15 36 1 24 18 30 15 33 27
2981 22 29 159 30 28 34 22 20 23 15 33 27
2982 21 39 190 28 30 65 24 48 29 40 33 27
2983 22 40 295 32 38 1 23 28 22 42 33 27
2984 22 33 104 29 29 47 21 19 28 20 33 27
2985 22 34 158 28 30 1 23 36 25 40 33 27
2986 22 38 139 19 27 10 24 23 29 26 33 27
2987 21 30 292 28 29 33 22 26 22 14 33 27
2988 22 23 157 24 24 20 22 23 27 1 32 27
2989 21 27 163 28 25 21 23 30 30 4 33 27
2990 21 29 191 49 29 1 20 25 26 9 33 27
2991 22 27 192 34 26 15 26 30 23 19 33 27
2992 21 28 622 24 29 1 19 38 25 11 33 27
2993 21 34 250 11 41 1 23 17 24 7 33 27
2994 21 33 247 15 33 1 19 20 26 24 33 27
2995 22 36 210 18 35 46 20 21 35 6 33 27
2996 21 24 155 32 21 1 26 33 28 4 33 27
2997 22 43 152 16 29 1 21 28 31 44 33 27
2998 21 33 448 24 25 48 24 13 25 5 33 27
2999 21 32 298 35 28 58 21 29 26 29 33 27
3000 22 37 282 20 35 1 24 26 26 35 33 27
3001 21 30 250 14 33 34 20 23 26 1 33 27
3002 22 26 185 32 30 19 20 18 26 1 33 27
3003 21 35 572 22 39 1 20 30 44 22 33 27
3004 22 36 409 17 34 94 22 20 30 9 33 27
3005 22 35 324 26 37 26 24 25 29 17 33 27
3006 22 34 316 32 35 43 21 15 30 25 33 27
3007 21 40 270 21 36 51 24 26 25 36 33 27
3008 21 25 220 13 34 1 20 21 22 3 33 27
3009 22 26 421 27 28 8 21 35 30 10 33 27
3010 22 30 118 40 18 55 28 33 28 21 33 27
3011 22 24 105 32 25 1 24 21 30 1 33 27
3012 22 31 276 35 18 12 21 38 27 29 33 27
3013 22 39 222 23 27 32 20 33 22 38 33 27
3014 22 24 316 22 32 1 20 27 34 19 33 27
3015 21 28 160 25 40 1 21 16 33 1 32 27
3016 21 25 435 20 30 15 21 35 25 9 33 27
3017 22 33 142 30 20 1 23 34 27 50 33 27
3018 22 31 172 14 28 2 23 25 22 14 33 27
3019 22 32 360 26 21 1 21 27 25 28 33 27
3020 22 30 173 41 21 16 23 33 32 27 33 27
3021 21 34 230 20 34 29 25 17 25 14 33 27
3022 21 32 169 30 30 45 21 26 26 12 33 27
3023 21 32 111 20 31 20 25 20 29 1 33 27
3024 22 37 186 27 37 30 20 27 25 31 33 27
3025 21 33 384 20 33 55 22 30 26 6 33 27
3026 21 31 168 27 24 14 23 34 31 44 33 27
3027 21 35 283 38 24 4 23 35 26 51 33 27
3028 22 24 281 19 21 10 21 33 23 13 33 27
3029 21 27 107 41 20 24 16 16 25 8 33 27
3030 22 26 605 21 31 1 22 25 32 1 33 27
3031 22 31 352 18 27 66 21 23 23 1 33 27
3032 21 41 361 18 40 1 25 26 29 37 33 27
3033 21 38 226 44 25 92 22 27 24 41 33 27
3034 21 34 174 28 32 65 21 33 27 35 33 27
3035 21 26 156 24 18 74 25 25 32 15 33 27
3036 21 29 84 17 24 48 28 26 28 24 33 27
3037 21 35 412 21 28 41 25 42 22 47 33 27
3038 22 29 806 35 22 50 22 28 30 11 33 27
3039 21 30 209 29 29 1 29 33 22 29 33 27
3040 21 28 272 27 19 1 24 34 37 24 33 27
3041 21 28 167 7 37 1 19 32 24 1 33 27
3042 21 35 185 41 26 1 26 29 26 47 33 27
3043 22 36 191 30 34 44 19 19 18 22 33 27
3044 21 39 353 18 25 1 22 29 26 46 33 27
3045 22 24 117 25 25 45 17 16 23 1 33 27
3046 21 29 114 35 16 32 22 42 22 32 33 27
3047 22 30 350 26 23 45 22 25 29 1 33 27
3048 22 34 247 10 36 1 23 34 23 17 33 27
3049 21 38 234 29 32 32 23 32 31 36 33 27
3050 21 30 110 16 38 23 18 33 29 8 33 27
3051 21 32 211 31 26 6 23 22 32 20 33 27
3052 21 29 154 18 34 27 23 22 25 1 33 27
3053 21 34 171 29 27 1 25 32 16 38 33 27
3054 21 34 185 23 38 77 19 31 25 2 33 27
3055 21 27 144 15 29 1 21 44 28 6 33 27
3056 22 33 394 23 30 54 21 28 29 1 33 27
3057 21 30 405 37 21 61 23 23 26 17 33 27
3058 21 33 147 28 31 19 23 34 30 33 33 27
3059 21 28 195 24 28 8 25 40 28 18 33 27
3060 22 31 88 34 20 24 26 29 20 43 33 27
3061 22 39 190 26 30 1 23 33 23 51 33 27
3062 21 34 245 30 31 49 27 34 29 31 33 27
3063 21 31 229 30 28 83 18 25 21 24 33 27
3064 21 33 139 15 23 37 20 20 80 35 33 27
3065 21 32 144 28 19 26 21 23 28 36 33 27
3066 21 32 256 28 27 1 26 27 24 28 33 27
3067 21 28 165 11 34 9 20 23 28 1 33 27
3068 21 25 111 31 28 49 23 22 16 9 33 27
3069 21 28 173 20 26 1 24 21 27 19 33 27
3070 21 29 521 28 17 15 24 37 19 31 33 27
3071 22 34 165 25 35 74 27 27 25 23 33 27
3072 22 31 231 24 37 1 19 26 30 14 33 27
3073 21 33 112 31 25 58 26 25 24 29 33 27
3074 22 31 202 19 23 1 25 30 24 36 33 27
3075 22 37 360 33 35 70 19 33 18 27 33 27
3076 22 42 105 16 37 1 15 27 29 31 33 27
3077 21 29 162 31 19 15 22 37 26 35 33 27
3078 21 30 244 31 28 6 24 22 33 21 33 27
3079 21 28 106 43 21 36 26 14 36 9 33 27
3080 22 29 292 22 30 1 22 31 22 28 33 27
3081 22 30 97 25 39 95 22 22 25 1 32 27
3082 22 26 202 23 20 14 22 19 31 4 33 27
3083 22 32 137 27 26 1 21 38 23 33 33 27
3084 22 30 221 28 28 31 25 1 27 5 33 27
3085 21 33 1213 25 25 27 20 29 23 20 33 27
3086 22 36 341 44 24 29 23 32 24 38 33 27
3087 22 34 220 22 20 63 26 24 19 22 33 27
3088 21 30 97 35 32 65 23 19 29 5 33 27
3089 21 35 214 42 21 72 19 39 21 34 33 27
3090 21 30 160 18 31 1 23 35 30 17 33 27
3091 21 37 249 27 26 96 26 26 25 29 33 27
3092 22 31 510 22 26 1 22 20 57 16 33 27
3093 22 36 429 46 30 1 23 33 26 40 33 27
3094 21 31 182 17 34 1 21 17 25 10 33 27
3095 21 24 177 25 21 8 17 25 25 1 32 27
3096 22 32 91 30 22 21 20 40 22 30 33 27
3097 22 30 192 13 36 34 22 33 32 1 33 27
3098 21 28 363 37 27 63 20 34 20 1 33 27
3099 21 29 89 29 25 34 22 16 25 12 33 27
3100 21 30 160 21 28 14 19 24 17 9 33 27
3101 21 27 94 15 27 40 19 26 24 2 33 27
3102 22 28 165 11 23 56 19 23 25 3 33 27
3103 21 37 281 24 35 18 27 23 30 29 33 27
3104 21 42 111 19 40 1 23 46 29 32 33 27
3105 22 30 389 27 25 16 18 31 24 23 33 27
3106 22 26 175 35 26 36 20 26 30 11 33 27
3107 21 37 573 25 33 37 23 20 33 22 33 27
3108 21 29 863 22 21 29 27 33 26 19 33 27
3109 22 34 455 26 27 33 20 33 23 25 33 27
3110 21 32 414 27 33 1 20 33 22 22 33 27
3111 22 33 704 25 32 1 24 27 25 15 33 27
3112 21 45 195 28 35 115 29 22 24 46 33 27
3113 21 30 252 15 21 5 24 22 24 22 33 27
3114 21 30 225 36 20 2 22 31 26 18 33 27
3115 21 24 203 16 22 50 22 26 27 16 33 27
3116 21 28 105 32 26 17 21 17 24 20 33 27
3117 21 26 246 19 27 70 20 27 26 6 33 27
3118 22 28 463 37 31 1 20 1 21 11 33 27
3119 22 33 275 25 35 1 20 38 31 33 33 27
3120 22 34 287 26 35 74 22 31 33 29 33 27
3121 21 30 265 19 27 31 27 18 32 28 33 27
3122 21 29 379 32 29 1 22 30 25 14 33 27
3123 22 32 158 42 28 1 21 19 31 17 33 27
3124 21 31 280 24 32 4 24 27 28 26 33 27
3125 22 39 139 25 33 68 19 26 27 34 33 27
3126 21 39 136 29 31 48 22 27 30 28 33 27
3127 21 38 159 24 34 86 22 28 23 27 33 27
3128 21 30 320 15 38 1 17 27 26 10 33 27
3129 22 25 156 22 21 1 20 23 24 16 33 27
3130 22 35 494 34 32 61 21 33 31 25 33 27
3131 21 34 154 25 29 1 26 23 33 26 33 27
3132 21 29 207 24 27 27 21 31 22 11 33 27
3133 21 31 280 43 21 1 22 40 29 33 33 27
3134 21 29 178 23 33 51 18 1 24 13 33 27
3135 22 38 323 29 36 53 19 27 29 23 33 27
3136 22 34 107 34 27 27 26 29 33 21 33 27
3137 22 28 143 14 31 1 23 26 44 26 33 27
3138 22 27 106 42 14 31 21 20 21 10 33 27
3139 22 35 181 26 37 12 23 27 26 1 33 27
3140 21 35 153 26 29 86 24 28 25 22 33 27
3141 22 23 230 23 27 12 24 21 19 1 32 27
3142 22 33 351 32 34 13 23 31 26 1 33 27
3143 21 31 217 11 30 5 24 17 20 17 33 27
3144 22 27 150 22 28 51 23 30 25 7 33 27
3145 22 34 305 38 23 14 25 41 23 48 33 27
3146 22 32 202 28 20 42 23 26 26 27 33 27
3147 21 38 203 21 28 36 23 33 26 32 33 27
3148 21 33 127 16 35 57 23 19 29 2 33 27
3149 21 24 141 26 16 12 21 26 25 11 33 27
3150 21 29 153 32 20 20 23 34 16 30 33 27
3151 21 34 222 12 39 35 27 22 23 12 33 27
3152 21 30 189 27 38 52 23 26 29 1 33 27
3153 21 32 208 13 30 92 26 22 32 16 33 27
3154 21 29 305 17 27 50 21 27 16 10 33 27
3155 21 34 143 28 26 45 21 21 17 27 33 27
3156 22 31 175 20 33 43 25 19 26 10 33 27
3157 21 34 189 41 26 33 21 35 33 21 32 27
3158 21 24 140 17 15 54 18 17 17 9 33 27
3159 21 27 233 23 24 28 26 22 24 6 33 27
3160 21 27 119 31 28 1 22 26 23 1 33 27
3161 21 29 178 17 25 55 26 27 31 1 33 27
3162 21 33 216 23 14 12 23 31 29 38 33 27
3163 22 34 704 31 29 83 20 22 20 16 33 27
3164 22 29 159 24 22 1 21 26 33 22 33 27
3165 22 30 357 25 31 1 26 33 32 22 33 27
3166 22 29 131 29 25 1 24 32 27 24 33 27
3167 22 36 238 29 27 67 23 27 24 28 33 27
3168 22 28 169 29 39 11 15 1 23 1 33 27
3169 22 34 275 29 25 71 24 25 29 28 33 27
3170 21 23 132 18 23 16 19 39 25 9 33 27
3171 22 29 142 43 22 24 16 30 25 7 33 27
3172 22 38 273 42 23 63 24 29 23 42 33 27
3173 21 36 157 30 34 71 28 31 38 29 33 26
3174 22 26 129 15 21 1 18 26 24 26 33 27
3175 21 25 124 26 20 12 20 33 19 15 33 27
3176 21 39 279 29 31 1 17 23 24 34 33 27
3177 21 37 308 26 36 1 21 25 27 17 33 27
3178 21 32 301 27 29 54 23 26 30 8 33 27
3179 21 31 263 27 34 9 20 30 34 17 33 27
3180 22 37 189 22 34 106 26 29 21 12 33 27
3181 21 32 138 17 28 21 25 23 29 10 33 27
3182 22 27 219 23 26 1 21 28 23 16 33 27
3183 21 29 100 26 22 74 18 21 29 1 33 27
3184 21 35 333 31 30 23 21 34 24 21 33 27
3185 21 28 270 30 27 16 18 30 25 11 33 27
3186 21 27 169 31 23 67 26 32 28 16 33 27
3187 22 33 253 29 32 63 20 39 25 18 33 27
3188 21 27 148 39 25 70 27 24 36 1 33 27
3189 22 32 266 29 29 12 22 30 25 34 33 27
3190 22 29 190 27 27 1 24 30 31 32 33 27
3191 22 32 190 30 29 23 17 30 29 21 33 27
3192 22 34 256 27 30 82 19 25 22 22 33 27
3193 22 26 262 31 26 1 24 38 30 26 33 27
3194 21 33 380 22 28 4 24 19 29 22 33 27
3195 22 38 246 33 32 88 25 24 23 20 33 27
3196 22 36 192 32 28 63 25 31 25 39 33 27
3197 21 33 506 32 29 29 21 1 34 26 33 27
3198 22 29 259 27 23 13 22 19 20 17 33 27
3199 22 29 332 34 15 1 25 35 27 37 33 27
3200 21 33 194 27 26 30 25 29 33 14 33 27
3201 21 34 331 22 28 4 21 19 30 21 33 27
3202 22 30 140 20 22 44 23 20 30 18 33 27
3203 22 36 138 25 28 38 24 24 32 35 33 27
3204 22 34 376 20 36 1 26 31 32 36 33 27
3205 22 34 150 16 38 13 23 19 25 1 33 27
3206 22 38 110 38 31 70 23 29 29 35 33 27
3207 22 36 347 18 41 1 22 29 26 11 33 27
3208 21 32 149 30 36 1 24 17 36 3 33 27
3209 22 30 222 19 40 51 24 28 30 1 33 27
3210 22 28 375 26 33 1 25 28 25 1 33 27
3211 22 30 178 16 25 13 22 19 24 18 33 27
3212 22 35 251 15 32 1 21 15 26 38 33 27
3213 22 29 148 31 20 12 21 42 22 41 33 27
3214 22 28 99 21 25 29 20 17 24 3 33 27
3215 22 30 277 38 14 17 21 30 23 33 33 27
3216 21 33 135 24 38 31 20 25 30 6 33 27
3217 21 32 411 33 25 1 20 35 28 48 33 27
3218 21 28 344 34 24 50 23 19 27 8 33 27
3219 22 34 190 40 22 26 25 32 24 27 33 27
3220 22 33 81 27 21 7 23 24 29 47 33 27
3221 21 34 358 25 41 50 25 26 26 1 33 27
3222 21 35 218 17 46 47 23 27 29 10 33 27
3223 21 37 187 23 37 51 23 23 26 25 33 27
3224 21 32 195 26 31 1 23 23 26 28 33 27
3225 22 29 405 28 30 1 21 25 21 15 33 27
3226 21 29 144 22 32 28 25 28 28 1 33 27
3227 21 36 327 36 33 33 22 36 24 26 33 27
3228 22 32 254 30 32 1 21 25 25 22 33 27
3229 22 24 275 22 27 1 24 22 25 1 33 27
3230 22 33 130 30 29 1 19 26 23 19 33 27
3231 21 32 204 26 29 13 25 34 25 25 33 27
3232 21 31 176 23 26 38 26 36 25 30 33 27
3233 22 29 165 29 29 1 17 30 24 18 33 27
3234 22 29 213 23 28 75 36 34 23 1 33 27
3235 21 34 319 32 20 38 21 32 29 32 33 27
3236 21 30 114 13 38 25 25 26 25 1 33 27
3237 21 32 356 25 39 1 23 19 26 1 32 27
3238 22 39 189 32 29 23 26 35 31 36 33 27
3239 21 32 563 14 30 8 21 27 19 12 33 27
3240 22 38 287 34 32 58 28 39 34 38 33 27
3241 22 29 175 32 30 62 24 24 29 4 33 27
3242 21 42 106 27 32 58 24 23 25 39 33 27
3243 21 29 253 18 32 1 22 28 23 25 33 27
3244 22 35 104 24 33 1 17 24 27 24 33 27
3245 21 29 311 29 27 37 16 34 25 11 33 27
3246 22 33 164 20 31 38 24 27 28 16 33 27
3247 22 33 343 25 17 1 23 20 30 23 33 27
3248 22 36 115 18 42 1 23 26 31 1 33 27
3249 22 34 196 36 23 50 23 36 27 42 33 27
3250 39 62 391 42 58 49 49 88 45 38 56 49
3251 21 35 198 21 26 1 21 17 30 35 33 27
3252 21 32 320 24 32 28 18 31 21 30 33 27
3253 21 30 117 28 31 1 25 25 30 21 33 27
3254 21 30 205 32 26 43 29 17 27 8 33 27
3255 21 26 216 35 23 59 22 19 21 1 32 27
3256 21 32 200 28 34 18 22 27 35 13 33 27
3257 22 34 174 16 47 1 23 30 21 1 33 27
3258 21 31 274 22 28 19 20 23 23 17 33 27
3259 22 31 162 14 36 2 17 16 23 1 32 27
3260 22 32 192 22 30 60 22 17 33 1 32 27
3261 21 29 106 34 25 30 23 30 33 1 33 27
3262 21 33 237 10 27 1 23 21 30 22 33 27
3263 22 24 67 14 18 15 19 28 30 3 33 27
3264 21 39 349 28 50 62 23 26 29 1 33 27
3265 22 30 330 36 31 25 21 23 15 5 33 27
3266 21 26 135 21 25 17 24 15 30 1 33 27
3267 22 33 138 38 20 25 26 40 28 36 33 27
3268 21 26 365 22 30 26 23 17 25 1 33 27
3269 21 33 171 23 25 37 22 39 30 35 33 27
3270 21 30 260 24 24 84 21 25 27 3 33 27
3271 21 41 185 15 41 1 22 12 22 37 33 27
3272 22 30 108 23 29 1 24 30 35 1 33 27
3273 22 36 319 24 36 77 22 22 20 25 33 27
3274 21 29 157 31 22 1 23 31 24 42 33 27
3275 22 32 262 25 30 12 19 1 26 28 33 27
3276 22 28 296 17 22 11 20 28 28 9 33 27
3277 21 24 203 30 21 14 26 17 31 16 33 27
3278 22 33 435 31 33 1 23 26 25 17 33 27
3279 22 32 147 20 27 58 24 32 26 5 33 27
3280 22 32 142 15 29 107 21 23 31 3 33 27
3281 21 26 258 24 18 4 25 39 25 37 33 27
3282 21 39 439 32 43 28 20 20 24 18 33 27
3283 22 29 165 34 22 12 22 55 24 22 33 27
3284 21 34 159 15 27 36 21 22 25 17 33 27
3285 22 28 173 21 24 65 23 25 21 1 32 27
3286 21 32 148 27 26 1 22 33 22 36 33 27
3287 21 28 110 18 29 7 17 22 26 1 33 27
3288 21 32 159 27 34 1 22 23 22 13 33 27
3289 21 32 177 27 27 1 24 21 26 5 33 27
3290 21 25 477 24 26 1 22 24 22 15 33 27
3291 21 33 603 17 37 66 20 32 33 9 33 27
3292 21 32 612 26 24 1 27 36 27 49 33 27
3293 22 31 160 16 39 73 21 27 20 1 33 27
3294 21 30 93 34 19 6 20 16 24 18 33 27
3295 22 33 1869 30 19 78 19 28 27 19 33 27
3296 22 36 184 28 31 50 22 28 26 32 33 27
3297 21 34 200 29 28 30 26 36 24 42 33 27
3298 21 28 164 43 25 9 18 16 25 1 32 27
3299 21 34 169 19 23 36 19 17 23 11 33 27
3300 22 33 149 29 32 33 21 26 29 20 33 27
3301 22 33 151 25 27 1 23 24 26 22 33 27
3302 22 29 244 17 30 9 24 25 29 23 33 27
3303 21 32 334 30 24 52 24 28 29 30 33 27
3304 22 36 241 29 34 1 23 23 29 26 33 27
3305 22 37 210 26 41 71 25 37 25 27 33 27
3306 21 32 164 41 25 14 22 26 32 19 33 27
3307 21 40 155 26 37 1 20 22 27 34 33 27
3308 21 33 164 24 25 27 27 26 21 27 33 27
3309 21 35 242 24 36 63 23 37 23 1 33 27
3310 22 26 132 31 31 8 26 28 18 12 33 27
3311 21 24 209 34 21 57 22 23 28 4 33 27
3312 22 29 769 15 32 40 22 21 19 1 33 27
3313 22 32 259 23 27 93 25 28 22 19 33 27
3314 22 36 202 41 28 64 22 33 29 39 33 27
3315 21 33 261 27 37 139 23 26 31 1 33 27
3316 21 27 211 18 21 43 22 25 23 25 33 27
3317 21 39 303 26 30 63 23 24 29 1 33 27
3318 22 38 334 28 31 1 22 22 21 29 33 27
3319 21 35 226 28 27 17 20 28 29 35 33 27
3320 22 26 269 20 36 1 24 23 27 1 32 27
3321 21 34 269 15 29 42 19 14 15 23 33 27
3322 22 32 223 23 31 29 22 28 27 13 33 27
3323 21 27 154 25 22 1 21 34 29 34 33 27
3324 22 30 236 24 21 1 22 28 18 38 33 27
3325 22 31 176 31 29 27 20 36 26 24 33 27
3326 21 35 130 34 27 76 23 18 25 25 33 27
3327 22 32 201 27 29 1 26 24 30 9 33 27
3328 21 35 127 23 24 59 18 44 32 27 33 27
3329 21 30 348 29 27 16 18 32 17 10 33 27
3330 21 30 301 19 36 1 21 22 31 6 33 27
3331 22 33 221 28 37 61 23 32 28 15 33 27
3332 21 32 122 16 38 70 21 22 28 1 33 27
3333 21 28 270 30 17 1 25 35 23 40 33 27
3334 21 29 209 30 30 1 25 31 27 17 33 27
3335 21 35 427 26 30 59 26 1 33 26 33 27
3336 21 35 406 42 30 42 27 30 30 25 33 27
3337 22 37 343 26 31 85 23 40 23 28 33 27
3338 22 29 161 23 29 12 17 30 22 8 33 27
3339 21 28 297 28 19 18 24 36 23 30 33 27
3340 22 29 110 21 25 1 23 25 25 15 33 27
3341 21 30 236 18 28 15 29 20 29 1 33 27
3342 22 32 166 22 28 32 22 26 32 31 33 27
3343 21 39 249 26 33 28 44 19 32 42 33 27
3344 21 30 230 13 35 6 18 16 28 7 33 27
3345 21 33 444 24 22 49 25 35 27 36 33 27
3346 22 35 338 14 35 6 20 34 21 15 33 27
3347 21 29 171 31 19 25 23 26 20 26 33 27
3348 21 26 431 32 21 21 17 28 20 23 33 27
3349 21 30 178 24 25 49 25 38 26 16 33 27
3350 21 25 428 17 30 49 23 32 29 5 33 27
3351 21 34 406 33 33 71 20 29 31 15 33 27
3352 22 35 162 15 32 16 24 24 33 17 33 27
3353 21 35 284 30 26 1 25 38 21 45 33 27
3354 21 33 411 30 29 45 19 1 24 19 33 27
3355 22 33 148 25 39 24 22 32 34 16 33 27
3356 22 28 113 24 30 59 23 30 27 8 33 27
3357 22 34 140 41 30 63 24 1 30 28 33 27
3358 22 35 279 21 22 93 21 24 33 17 33 27
3359 22 32 109 31 26 30 21 26 26 22 33 27
3360 22 36 116 35 31 58 23 36 21 46 33 27
3361 21 26 757 17 26 1 18 26 23 17 33 27
3362 21 28 654 26 33 26 22 28 26 1 33 27
3363 22 32 110 14 23 43 27 21 35 32 33 27
3364 22 25 196 27 14 6 24 31 27 5 33 27
3365 21 27 257 28 26 9 13 26 27 11 33 27
3366 22 36 106 24 27 36 19 40 26 20 33 27
3367 21 32 295 16 37 1 21 21 25 19 33 27
3368 21 28 230 30 24 63 24 27 21 20 33 27
3369 22 34 153 20 39 1 22 24 29 7 33 27
3370 21 32 210 34 24 11 19 31 23 44 33 27
3371 21 30 155 34 22 1 24 35 25 38 33 27
3372 26 42 2006 30 30 68 27 27 31 30 39 32
3373 22 31 171 29 19 44 25 30 30 31 33 27
3374 22 31 144 19 30 49 20 17 36 1 33 27
3375 22 30 233 23 29 1 22 30 34 15 33 27
3376 22 28 92 21 30 36 23 24 24 1 33 27
3377 21 29 143 32 19 29 19 40 20 10 33 27
3378 22 35 232 30 101 70 22 33 19 22 33 27
3379 22 33 183 5 30 1 24 23 24 27 33 27
3380 21 36 520 21 33 16 22 49 31 33 33 27
3381 22 32 186 40 21 24 19 35 17 36 33 27
3382 22 28 129 28 41 40 24 27 27 1 32 27
3383 21 25 164 22 24 2 21 19 26 1 33 27
3384 21 34 133 25 28 7 28 26 30 15 33 27
3385 22 30 139 26 28 31 18 34 26 5 33 27
3386 21 25 763 20 25 1 20 37 19 11 33 27
3387 22 34 184 23 26 36 20 20 23 13 33 27
3388 21 30 164 29 20 43 29 28 23 26 33 27
3389 21 29 319 30 30 52 20 30 26 13 33 27
3390 22 29 227 33 23 49 23 28 26 21 33 27
3391 21 30 274 32 31 1 24 66 23 14 33 27
3392 21 28 715 25 30 1 26 26 26 1 33 27
3393 21 32 94 31 24 23 22 33 29 36 33 27
3394 22 31 172 27 27 8 23 23 31 18 33 27
3395 21 31 248 10 35 40 19 25 28 5 33 27
3396 21 30 160 19 30 18 20 17 25 2 33 27
3397 21 31 236 39 36 1 22 52 22 10 33 27
3398 21 27 164 30 26 58 23 27 31 10 33 27
3399 22 30 98 25 27 55 23 17 29 25 33 27
3400 21 35 402 21 43 125 24 24 27 10 33 27
3401 21 28 148 27 23 1 25 35 37 31 33 27
3402 22 31 258 14 39 39 23 21 24 5 33 27
3403 22 35 204 29 40 70 28 21 25 7 33 27
3404 22 33 146 23 33 1 21 32 22 18 33 27
3405 21 31 186 34 26 60 19 28 23 25 33 27
3406 22 31 961 25 38 1 22 1 21 25 33 27
3407 22 34 328 23 29 55 23 14 30 25 33 27
3408 21 26 849 28 19 1 24 34 20 16 33 27
3409 21 31 359 29 31 1 17 23 27 19 33 27
3410 21 30 178 35 21 15 21 28 25 28 33 27
3411 21 30 371 29 22 1 20 38 22 31 33 27
3412 21 33 241 25 28 65 22 23 26 11 33 27
3413 21 32 230 30 30 81 21 27 25 6 33 27
3414 21 34 220 15 39 77 26 23 27 8 33 27
3415 22 35 101 27 39 39 28 41 33 23 33 27
3416 21 35 189 25 37 1 22 27 28 30 33 27
3417 21 26 289 21 33 27 25 24 34 1 33 27
3418 22 38 498 21 35 45 26 44 34 42 33 27
3419 22 32 120 24 27 1 24 28 28 27 33 27
3420 22 34 156 27 29 80 24 24 25 22 33 27
3421 21 31 284 27 30 77 21 30 27 12 33 27
3422 21 24 759 25 34 1 21 20 18 14 33 27
3423 21 30 260 23 32 1 30 47 24 25 33 27
3424 22 31 106 28 30 58 23 21 19 27 33 27
3425 21 32 340 34 27 103 22 27 28 9 33 27
3426 22 30 699 36 29 53 23 30 25 4 33 27
3427 21 34 200 25 26 18 23 20 22 24 33 27
3428 21 29 348 24 27 17 22 24 28 6 33 27
3429 22 37 329 26 29 39 29 23 29 11 33 27
3430 22 33 175 162 21 64 27 25 31 22 33 27
3431 21 23 224 25 12 7 20 30 23 23 33 27
3432 22 31 204 33 30 77 22 36 22 1 33 27
3433 21 28 170 29 19 16 22 32 22 23 33 27
3434 21 28 164 17 19 32 24 26 33 14 33 27
3435 21 30 655 23 30 9 23 19 24 11 33 27
3436 21 34 173 19 38 1 22 33 26 12 33 27
3437 21 31 117 40 24 40 19 1 33 28 33 27
3438 21 35 169 28 29 1 18 30 23 18 33 27
3439 22 29 198 21 33 2 22 39 31 11 33 27
3440 22 34 187 36 34 1 18 36 24 38 33 27
3441 21 30 164 33 32 16 25 29 29 16 33 27
3442 22 32 178 19 26 39 21 40 21 18 33 27
3443 21 23 251 31 26 1 24 18 25 14 33 27
3444 22 28 178 20 30 46 25 25 22 1 32 26
3445 21 41 180 31 34 1 23 31 33 45 33 27
3446 21 30 302 34 29 50 24 29 20 15 33 27
3447 22 33 151 27 30 1 20 30 23 31 33 27
3448 22 30 182 22 28 2 23 21 29 20 33 27
3449 22 40 269 22 28 1 24 33 19 43 33 27
3450 22 36 231 23 34 33 25 28 36 38 33 27
3451 22 37 225 33 31 1 23 31 34 34 33 27
3452 22 33 187 19 36 40 20 23 28 2 33 27
3453 22 34 180 22 34 29 20 22 27 13 33 27
3454 22 32 322 32 28 1 24 28 26 30 33 27
3455 21 25 193 30 12 23 27 1 39 5 33 27
3456 21 27 145 13 32 24 20 27 21 1 33 27
3457 21 32 144 20 24 30 18 16 16 29 33 27
3458 22 31 520 21 33 1 26 35 27 23 33 27
3459 21 44 562 25 36 60 21 36 27 46 33 27
3460 22 29 142 16 24 5 22 29 24 20 33 27
3461 22 30 277 29 29 19 23 34 26 9 33 27
3462 21 33 150 21 34 68 21 17 28 1 33 27
3463 22 28 116 21 32 12 16 35 24 4 33 27
3464 22 32 154 17 33 8 23 29 33 6 33 27
3465 21 29 320 23 24 16 25 22 26 21 33 27
3466 22 33 242 21 27 8 25 35 20 10 33 27
3467 21 34 191 29 30 30 22 33 29 31 33 27
3468 21 28 193 19 30 1 16 18 24 13 32 26
3469 22 31 714 33 25 36 24 37 30 28 33 27
3470 22 35 167 30 24 20 26 26 27 27 33 27
3471 22 31 294 34 35 1 22 33 23 12 33 27
3472 21 28 140 15 34 1 20 19 18 9 33 27
3473 21 33 483 28 29 12 26 26 30 37 33 27
3474 21 39 236 35 31 18 18 45 23 46 33 27
3475 21 38 317 24 33 33 24 51 27 32 33 27
3476 21 29 132 28 25 1 24 31 21 30 33 27
3477 22 26 135 24 24 64 22 29 19 7 33 27
3478 21 35 232 17 34 32 24 19 35 27 33 27
3479 22 27 178 18 23 39 25 24 26 4 33 27
3480 22 35 203 26 28 28 23 41 27 28 33 27
3481 21 28 238 30 28 1 23 28 27 8 33 27
3482 21 33 303 19 37 1 24 17 24 15 33 27
3483 21 31 141 31 15 8 25 29 28 35 33 27
3484 22 35 174 20 31 1 22 22 22 29 33 27
3485 21 24 188 18 25 1 22 1 28 1 32 27
3486 21 34 950 32 36 39 23 24 25 6 33 27
3487 22 38 222 11 36 37 20 33 25 24 33 27
3488 22 36 310 27 30 29 21 34 23 20 33 27
3489 22 27 245 23 21 12 25 27 24 24 33 27
3490 22 29 108 23 37 9 22 25 20 1 33 27
3491 22 31 179 29 29 65 28 27 26 19 33 27
3492 22 35 1226 29 30 98 18 23 25 18 33 27
3493 21 20 122 28 21 3 25 18 23 10 33 27
3494 22 30 192 35 21 54 25 23 35 20 33 27
3495 21 33 217 20 36 2 29 38 34 20 33 27
3496 21 37 156 18 34 1 25 21 25 30 33 27
3497 21 27 417 25 25 1 19 19 27 1 33 27
3498 22 33 188 21 31 1 22 29 23 12 33 27
3499 21 30 163 14 36 15 22 22 27 7 33 27
3500 22 35 219 24 34 1 24 28 33 27 33 27
3501 22 33 199 18 26 10 20 19 23 9 33 27
3502 22 38 195 34 33 1 23 34 24 49 33 27
3503 21 34 150 17 30 1 28 26 20 25 33 27
3504 21 39 270 26 25 67 25 25 33 32 33 27
3505 22 38 254 26 38 87 26 13 24 1 33 27
3506 21 35 396 32 27 57 24 21 31 37 33 27
3507 22 32 181 24 21 7 24 28 24 17 33 27
3508 22 36 166 20 23 48 26 27 23 21 33 27
3509 21 32 211 31 21 1 23 42 27 49 33 27
3510 21 31 214 45 23 27 24 29 31 36 33 27
3511 22 27 178 27 21 52 27 39 26 23 33 27
3512 22 34 227 37 30 25 25 1 35 32 33 27
3513 22 37 131 39 32 21 22 29 25 47 33 27
3514 22 38 137 35 33 35 22 27 32 39 33 27
3515 22 33 262 31 32 1 21 1 31 30 33 27
3516 21 35 500 20 33 1 20 15 29 28 33 27
3517 21 36 145 30 34 27 29 28 29 33 33 27
3518 21 27 151 38 21 1 21 29 28 27 33 27
3519 21 33 201 31 33 43 19 39 20 22 33 27
3520 22 28 334 17 26 73 21 32 23 1 33 27
3521 21 34 154 24 36 59 26 22 28 1 33 27
3522 21 31 193 21 28 58 22 19 27 1 33 27
3523 22 31 191 27 34 39 23 24 35 8 33 27
3524 22 29 272 19 26 52 24 17 24 1 33 27
3525 21 26 551 24 23 1 22 1 22 19 33 27
3526 21 35 278 24 34 73 20 29 20 25 33 27
3527 21 29 360 34 35 9 20 22 30 1 32 27
3528 21 33 104 29 22 41 21 29 32 33 33 27
3529 21 25 430 34 23 79 23 28 21 14 33 27
3530 21 34 360 15 32 1 23 18 28 31 33 27
3531 22 29 204 22 31 41 22 34 25 4 33 27
3532 21 31 529 23 30 1 22 28 29 20 33 27
3533 21 31 354 19 22 1 25 34 30 34 33 27
3534 21 31 526 22 34 15 23 18 24 1 33 27
3535 22 29 102 18 25 1 21 23 23 16 33 27
3536 22 32 175 37 28 32 22 33 25 35 33 27
3537 22 35 320 37 33 60 23 42 22 37 33 27
3538 21 37 265 21 35 5 27 32 35 41 33 27
3539 21 32 114 9 28 10 24 25 29 19 33 27
3540 21 30 185 31 38 1 20 37 25 22 33 27
3541 22 30 178 28 28 43 17 16 27 1 33 27
3542 22 34 575 18 40 32 22 34 22 15 33 27
3543 22 34 219 23 27 11 21 15 34 5 33 27
3544 21 41 361 19 34 44 29 38 35 42 33 27
3545 22 31 180 16 24 1 21 28 17 25 33 27
3546 22 34 189 37 26 98 19 28 23 22 33 27
3547 21 30 128 17 31 1 20 28 24 7 33 27
3548 21 31 140 34 18 57 23 43 27 26 33 27
3549 21 29 278 16 28 25 22 18 29 1 33 27
3550 22 32 184 27 23 1 26 38 27 46 33 27
3551 21 35 339 15 39 42 23 23 26 31 33 27
3552 21 27 161 29 27 18 23 22 30 1 33 27
3553 21 39 143 26 35 91 24 1 37 42 33 27
3554 22 31 178 25 21 33 22 20 28 7 33 27
3555 21 30 195 27 28 16 22 28 25 1 32 27
3556 21 30 232 43 27 86 18 23 26 24 33 27
3557 21 33 224 18 27 67 23 30 25 27 33 26
3558 21 28 411 27 27 1 22 25 24 1 33 26
3559 21 29 194 36 18 22 22 32 26 37 33 27
3560 21 33 442 20 23 2 18 21 23 37 33 27
3561 21 32 149 27 31 2 27 25 26 17 33 27
3562 22 29 160 26 25 16 20 30 19 9 33 27
3563 22 38 773 27 34 1 29 1 27 34 33 27
3564 22 27 170 28 22 3 22 32 24 21 33 27
3565 21 35 331 24 23 75 25 29 28 29 33 27
3566 21 26 466 28 23 44 24 26 25 5 33 27
3567 21 26 94 34 29 56 27 30 30 1 33 27
3568 21 29 102 31 25 59 19 17 19 5 33 27
3569 21 30 525 23 34 35 24 22 32 1 32 27
3570 22 34 151 24 37 1 19 21 28 2 33 27
3571 21 29 82 17 27 1 24 30 30 27 33 27
3572 21 30 308 26 27 24 21 29 22 35 33 27
3573 22 33 252 22 40 57 23 17 26 1 33 27
3574 21 29 182 23 31 1 23 14 19 5 33 27
3575 21 33 294 22 27 34 26 27 25 15 33 27
3576 21 36 336 25 13 11 23 20 32 48 33 27
3577 21 27 237 24 24 1 19 28 26 13 33 27
3578 21 29 114 27 18 14 25 47 22 5 33 27
3579 22 27 197 27 32 1 33 1 26 1 32 27
3580 21 34 117 25 24 52 21 24 23 20 33 27
3581 21 30 233 26 24 1 22 37 26 31 33 27
3582 21 30 149 14 30 9 21 26 30 29 33 27
3583 21 33 121 42 29 64 20 36 27 34 33 27
3584 21 25 125 41 18 63 26 32 27 3 33 27
3585 22 34 143 31 26 77 17 16 37 23 33 27
3586 21 35 447 23 28 63 23 30 24 31 33 27
3587 21 31 103 37 28 24 25 1 33 25 33 27
3588 22 30 267 28 25 7 23 32 26 30 33 27
3589 21 33 385 33 21 22 24 28 30 19 33 27
3590 21 31 468 17 34 37 21 37 21 24 33 27
3591 21 31 152 35 11 35 25 40 22 48 33 27
3592 21 31 138 22 25 54 23 25 25 10 33 27
3593 22 38 197 34 29 62 23 28 21 27 33 27
3594 22 35 427 26 39 27 18 28 28 43 33 27
3595 21 29 369 30 16 27 26 14 26 20 33 27
3596 21 29 376 41 30 107 26 27 30 1 33 27
3597 22 28 198 25 26 46 22 35 24 21 33 27
3598 22 29 217 23 29 12 22 24 20 11 33 27
3599 22 34 190 40 31 1 20 43 26 47 33 27
3600 21 34 192 29 26 25 21 29 32 5 33 27
3601 22 30 176 26 26 1 22 32 27 39 33 27
3602 22 36 156 42 26 36 22 40 29 50 33 27
3603 22 34 201 23 43 3 25 26 28 1 33 27
3604 21 26 509 27 20 1 28 21 27 9 33 27
3605 22 38 308 34 30 7 25 30 28 44 33 27
3606 21 34 287 18 35 44 22 29 25 13 33 27
3607 21 33 313 35 23 1 24 32 30 44 33 27
3608 21 29 144 24 16 1 23 39 27 43 33 27
3609 21 33 91 15 33 6 32 19 34 6 33 27
3610 21 30 208 30 25 82 26 25 30 13 33 27
3611 21 24 1454 32 34 1 23 24 24 1 33 27
3612 22 30 215 26 31 1 23 19 22 15 33 27
3613 21 30 218 28 34 7 23 28 23 8 33 27
3614 22 31 95 28 27 54 25 34 33 18 33 27
3615 21 38 451 42 35 1 25 34 29 29 33 27
3616 21 34 137 18 56 1 19 24 33 11 33 27
3617 21 27 152 27 20 20 25 48 22 17 33 27
3618 21 31 314 36 24 1 24 38 25 43 33 27
3619 22 33 161 20 40 47 20 25 33 1 33 27
3620 21 28 252 18 36 1 21 18 31 1 32 27
3621 21 31 199 21 32 86 22 23 30 1 32 27
3622 22 34 208 29 33 89 21 22 29 1 33 27
3623 21 32 106 20 32 21 17 17 24 1 32 26
3624 22 30 95 12 32 63 24 22 31 4 33 27
3625 21 30 580 32 25 58 21 30 26 7 33 27
3626 21 34 1535 25 38 1 20 1 22 29 33 27
3627 21 28 232 34 20 21 26 35 34 26 33 27
3628 21 32 308 30 23 4 25 33 26 25 33 27
3629 22 30 98 24 33 1 19 27 30 27 33 27
3630 22 33 246 29 29 31 24 34 27 39 33 27
3631 21 30 322 17 34 40 28 33 32 3 33 27
3632 21 34 174 23 34 1 22 22 22 35 33 27
3633 22 33 395 28 29 1 23 32 23 32 33 27
3634 22 27 323 18 34 1 26 27 29 1 33 27
3635 22 26 133 23 15 6 20 32 16 28 33 27
3636 21 38 191 40 35 83 27 21 34 38 33 27
3637 22 28 256 21 30 1 18 15 25 2 33 27
3638 21 31 300 27 21 22 26 19 31 23 33 27
3639 22 30 291 12 33 35 22 27 29 3 33 27
3640 21 30 246 32 22 34 20 25 34 15 33 27
3641 21 29 334 19 33 1 21 24 29 3 33 27
3642 21 31 220 30 27 1 18 26 28 28 33 27
3643 21 32 114 25 29 76 23 27 29 17 33 27
3644 21 28 119 24 33 27 24 25 33 14 33 27
3645 21 35 711 28 32 32 22 27 31 32 33 27
3646 21 31 660 28 23 42 22 22 26 12 33 27
3647 21 31 401 20 27 28 21 24 30 9 33 27
3648 21 26 223 13 27 12 22 32 35 20 33 27
3649 22 31 176 23 38 48 21 23 16 20 33 27
3650 22 44 345 21 43 37 24 45 20 36 33 27
3651 22 31 487 20 33 43 22 27 33 5 33 27
3652 22 33 174 21 26 10 27 30 29 26 33 27
3653 21 29 474 37 31 1 21 30 26 9 33 27
3654 21 30 104 34 21 61 24 33 27 34 33 27
3655 21 39 484 22 30 1 29 32 34 48 33 27
3656 22 31 271 40 21 52 21 34 30 31 33 27
3657 21 32 393 17 25 46 24 20 25 19 33 27
3658 21 30 276 26 22 97 22 38 26 24 33 27
3659 22 32 409 22 37 1 25 24 26 24 33 27
3660 22 33 388 17 26 36 20 28 27 4 33 27
3661 21 27 223 25 15 56 25 31 19 1 33 27
3662 22 33 185 31 28 1 24 37 27 35 33 27
3663 22 29 132 22 31 1 22 34 24 15 33 27
3664 22 26 239 31 24 1 21 1 20 20 33 27
3665 21 31 92 31 25 1 24 35 19 30 33 27
3666 22 32 279 16 34 23 21 26 28 25 33 27
3667 22 34 177 33 28 31 17 39 22 19 33 27
3668 21 31 222 28 32 71 28 28 29 9 33 27
3669 21 27 136 29 18 26 22 44 25 19 33 27
3670 21 35 262 27 37 51 29 21 30 26 33 27
3671 21 28 208 34 20 42 23 40 32 18 33 27
3672 21 31 198 21 30 1 22 33 27 34 33 27
3673 21 33 266 22 28 7 23 25 22 42 33 27
3674 21 29 383 32 22 36 22 29 22 26 33 27
3675 21 32 115 32 26 115 27 15 28 7 33 27
3676 21 31 162 30 24 1 20 21 23 7 33 27
3677 22 42 377 22 39 1 20 37 24 40 33 27
3678 21 32 378 24 30 1 26 51 22 2 33 27
3679 22 34 312 33 22 55 26 34 17 33 33 27
3680 21 29 178 28 22 1 23 26 24 29 33 27
3681 21 31 166 38 22 24 22 53 29 20 33 27
3682 22 31 163 22 41 1 22 29 24 27 33 27
3683 21 39 180 16 34 36 25 26 25 44 33 27
3684 22 35 98 21 28 39 23 26 35 22 33 27
3685 21 32 303 25 31 8 22 18 21 16 33 27
3686 22 32 114 36 39 106 23 31 26 2 33 27
3687 21 34 232 26 26 24 24 33 27 33 33 27
3688 21 31 504 34 25 58 27 30 21 35 33 27
3689 22 31 515 22 33 1 27 34 22 18 33 27
3690 22 28 181 21 24 1 21 21 28 17 33 27
3691 21 33 217 37 21 1 21 36 25 36 33 27
3692 21 33 163 23 24 65 22 14 27 34 33 27
3693 21 27 181 29 24 1 16 32 17 7 33 27
3694 21 29 158 20 24 23 22 17 29 20 33 27
3695 21 31 96 24 23 56 18 24 28 24 33 27
3696 21 24 122 19 24 4 20 31 25 17 33 27
3697 21 29 168 25 27 23 20 15 25 10 33 27
3698 22 28 138 23 29 1 19 31 27 22 33 27
3699 22 32 444 22 33 25 22 32 27 7 33 27
3700 21 28 194 9 30 1 19 18 28 1 33 27
3701 21 33 278 25 41 26 19 25 29 8 33 27
3702 21 31 463 29 32 68 21 28 33 8 33 27
3703 21 35 212 22 38 15 25 24 26 19 33 27
3704 22 33 237 24 39 1 21 26 25 24 33 27
3705 22 35 111 29 30 11 23 28 24 32 33 27
3706 21 31 266 16 35 26 21 20 27 1 33 27
3707 22 23 170 17 23 1 24 32 27 15 33 27
3708 22 33 120 26 37 44 21 31 29 7 33 27
3709 22 37 152 20 31 76 25 28 29 25 33 27
3710 21 31 238 18 18 1 20 21 27 23 33 27
3711 21 30 161 25 24 1 23 27 19 31 33 27
3712 22 32 181 32 43 1 20 30 23 8 33 27
3713 22 32 186 20 33 52 20 18 27 23 33 27
3714 22 36 137 32 30 16 23 32 22 44 33 27
3715 21 23 367 18 31 1 22 17 19 2 33 27
3716 22 34 147 27 33 78 22 36 24 28 33 27
3717 21 29 103 28 32 1 22 14 24 3 33 27
3718 21 39 169 8 35 1 18 21 29 35 33 27
3719 21 29 356 33 26 23 22 1 37 16 33 27
3720 22 30 105 28 25 55 22 27 33 32 33 27
3721 22 36 113 21 27 75 23 18 32 30 33 27
3722 21 33 245 17 26 64 21 17 22 13 33 27
3723 21 33 135 23 37 23 21 21 22 8 33 27
3724 21 38 166 13 41 1 21 1 28 34 33 27
3725 22 37 254 24 31 69 21 26 22 22 33 27
3726 22 40 371 6 39 1 16 42 25 26 33 27
3727 21 38 201 16 35 1 27 19 32 44 33 27
3728 21 37 170 28 37 1 24 31 30 31 33 27
3729 21 27 153 26 29 1 18 30 24 1 33 27
3730 21 34 389 22 37 1 21 27 25 1 33 27
3731 21 31 142 14 35 51 25 25 29 4 33 27
3732 21 40 173 14 46 36 24 21 36 25 33 27
3733 22 34 217 12 29 1 24 19 32 27 33 27
3734 22 32 123 33 26 66 26 38 26 27 33 27
3735 21 22 148 21 20 1 23 54 29 1 33 27
3736 21 29 277 34 19 35 24 25 23 19 33 27
3737 22 27 276 23 30 1 24 33 24 12 33 27
3738 22 38 245 22 36 47 21 24 23 29 33 27
3739 21 34 522 32 31 63 25 27 24 16 33 27
3740 21 27 175 28 17 21 22 23 24 12 33 27
3741 21 30 181 16 37 41 22 26 25 7 33 27
3742 21 33 239 32 33 113 24 28 31 1 33 27
3743 21 23 290 28 17 1 23 18 30 9 33 27
3744 21 38 210 26 33 53 23 22 28 45 33 27
3745 21 27 162 27 29 1 23 35 25 12 33 27
3746 21 35 183 12 37 59 22 25 28 7 33 27
3747 21 33 174 20 41 13 24 23 27 1 33 27
3748 21 31 178 13 41 1 23 20 27 7 33 27
3749 22 31 320 34 25 25 21 41 27 22 33 27
3750 21 33 594 22 32 1 20 19 23 19 33 27
3751 21 32 160 24 38 107 23 31 24 8 33 27
3752 22 31 296 29 22 46 25 30 32 28 33 27
3753 22 26 250 42 25 37 19 31 24 7 33 27
3754 22 33 587 20 30 1 22 16 26 21 33 27
3755 21 23 160 35 20 26 25 24 30 6 33 27
3756 21 34 278 29 29 4 23 23 19 25 33 27
3757 22 34 168 26 23 58 22 26 23 28 33 27
3758 21 38 182 23 34 83 29 5 23 27 33 27
3759 21 34 104 35 30 31 25 37 29 24 33 27
3760 22 37 114 33 32 80 20 30 19 30 33 27
3761 21 25 300 25 28 22 25 1 36 1 33 27
3762 22 34 256 28 34 63 26 33 31 18 33 27
3763 21 27 387 24 19 1 21 30 21 24 33 27
3764 22 28 282 31 17 63 28 32 27 20 33 27
3765 22 34 290 29 29 40 15 1 26 36 33 27
3766 22 37 401 23 34 1 23 33 28 27 33 27
3767 21 30 326 11 38 28 19 35 18 2 33 27
3768 21 35 163 20 30 40 26 35 30 21 33 27
3769 21 29 103 32 23 1 24 23 25 27 33 27
3770 21 26 251 22 29 1 25 25 17 1 32 27
3771 21 33 266 38 25 1 22 28 23 41 33 27
3772 22 37 206 22 32 27 24 33 26 20 33 27
3773 21 35 310 24 31 74 25 22 28 25 33 27
3774 22 33 253 30 22 36 28 35 35 33 33 27
3775 22 32 277 21 35 1 22 18 28 16 33 27
3776 21 31 165 35 22 84 25 24 37 20 33 27
3777 22 36 188 36 32 73 19 26 27 35 33 27
3778 21 37 230 28 31 1 23 1 36 40 33 27
3779 21 32 263 27 34 72 150 26 34 1 33 27
3780 22 33 161 10 32 1 24 32 30 12 33 27
3781 21 37 134 36 21 48 27 28 34 38 33 27
3782 21 32 293 26 27 45 25 35 33 28 33 27
3783 21 34 159 26 27 1 25 30 23 17 33 27
3784 22 35 217 22 33 67 21 27 23 14 33 27
3785 21 31 262 24 30 1 24 22 28 14 33 27
3786 21 30 809 19 31 67 18 21 16 1 33 27
3787 21 24 567 18 19 11 19 31 32 2 33 27
3788 22 36 243 37 38 98 19 24 28 23 33 27
3789 22 33 265 38 24 7 20 27 28 31 33 27
3790 22 33 141 16 34 32 23 48 30 32 33 27
3791 22 40 172 24 36 1 16 21 27 46 33 27
3792 21 31 295 26 28 1 21 25 20 23 33 27
3793 22 36 188 29 38 29 25 29 29 18 33 27
3794 21 30 176 27 26 1 22 16 26 25 33 27
3795 21 36 171 19 38 66 23 16 22 11 33 27
3796 22 29 196 21 27 1 19 22 26 12 33 27
3797 21 29 298 28 32 13 21 30 22 8 33 27
3798 21 35 238 27 34 13 24 27 25 27 33 27
3799 21 33 247 27 30 1 21 27 24 28 33 27
3800 21 34 212 27 26 53 21 15 28 33 33 27
3801 22 37 189 26 36 53 19 23 18 9 33 27
3802 21 28 297 37 24 64 24 26 35 5 33 27
3803 22 34 180 38 32 8 23 33 28 23 33 27
3804 22 34 129 20 30 69 26 19 26 28 33 27
3805 21 33 127 20 15 49 20 12 31 32 33 27
3806 21 24 221 22 17 1 23 43 28 25 33 27
3807 22 30 412 23 22 1 28 30 33 27 33 27
3808 21 32 194 17 36 48 23 20 30 1 33 27
3809 21 32 371 11 32 17 24 10 26 8 33 27
3810 21 29 287 25 29 30 21 19 23 1 33 27
3811 21 31 179 34 22 98 16 16 18 5 33 27
3812 22 29 344 19 29 27 21 16 23 6 33 27
3813 22 29 196 30 27 1 22 28 32 36 33 27
3814 21 35 122 24 37 1 20 27 29 19 33 27
3815 22 32 223 34 21 42 18 24 20 16 33 27
3816 21 35 242 2 44 1 20 16 27 11 33 27
3817 21 27 95 36 21 33 22 31 25 11 33 27
3818 21 33 341 92 28 52 28 32 25 24 33 27
3819 21 33 174 30 19 82 21 19 29 31 33 27
3820 22 37 603 29 30 1 18 21 27 37 33 27
3821 21 25 292 26 25 68 24 32 25 1 33 27
3822 21 33 227 26 24 39 21 15 25 29 33 27
3823 22 33 184 37 14 31 23 34 22 50 33 27
3824 21 28 310 28 16 1 27 44 22 35 33 27
3825 22 31 122 26 24 1 29 17 30 26 33 27
3826 22 34 161 30 27 82 23 24 30 21 33 27
3827 21 36 174 27 30 48 28 24 29 32 33 27
3828 21 24 319 22 21 1 25 33 24 36 33 27
3829 22 31 214 26 26 48 19 24 26 8 33 27
3830 21 30 430 16 32 13 21 23 24 11 33 27
3831 22 30 127 21 24 48 18 26 27 19 33 27
3832 21 32 154 31 59 9 27 28 27 38 33 27
3833 21 28 138 28 22 11 24 37 29 28 33 27
3834 21 28 262 30 38 63 22 21 31 5 33 27
3835 21 37 280 26 34 57 19 23 27 19 33 27
3836 21 30 177 27 24 67 25 22 27 15 33 27
3837 21 26 408 36 25 34 19 39 22 10 33 27
3838 22 34 193 20 38 124 28 28 25 1 32 27
3839 21 32 292 36 22 36 24 36 24 42 33 27
3840 22 32 294 22 32 34 22 22 29 8 33 27
3841 22 30 157 17 28 14 23 25 18 31 33 27
3842 22 33 166 26 24 2 25 30 31 37 33 27
3843 21 36 177 27 33 11 25 20 26 25 33 27
3844 22 27 303 24 28 1 22 28 34 1 33 27
3845 21 21 235 39 22 1 21 31 30 2 33 27
3846 21 31 2006 37 23 1 19 40 28 42 33 27
3847 22 27 127 33 28 66 24 27 26 1 33 27
3848 21 26 91 31 8 40 24 1 31 30 33 27
3849 21 29 223 19 25 25 23 26 25 24 33 27
3850 21 29 172 25 20 58 17 36 23 14 33 27
3851 22 36 226 29 33 38 23 28 29 33 33 27
3852 21 27 133 29 25 16 26 18 29 1 33 27
3853 21 30 481 32 25 8 22 16 28 26 33 27
3854 22 31 219 18 30 32 21 34 24 11 33 27
3855 22 30 186 32 21 1 29 37 23 44 33 27
3856 21 32 643 35 25 27 24 28 28 28 33 27
3857 21 26 328 15 29 1 24 30 31 1 33 27
3858 22 30 97 34 20 1 23 30 23 29 33 27
3859 21 26 321 20 19 1 20 29 26 38 33 27
3860 21 32 330 30 22 1 24 36 32 31 33 27
3861 21 26 253 19 32 21 20 35 28 7 33 27
3862 21 35 387 18 32 1 19 28 21 4 33 27
3863 21 35 218 43 25 1 22 30 27 47 33 27
3864 22 29 157 27 22 43 25 40 27 10 33 27
3865 21 36 186 20 40 1 21 28 29 7 33 27
3866 22 34 251 22 41 10 29 20 26 1 32 27
3867 22 28 518 33 24 37 22 20 27 1 33 27
3868 22 30 256 28 28 1 27 25 30 18 33 27
3869 22 39 162 33 36 96 22 28 29 25 33 27
3870 21 19 187 21 16 11 22 26 26 1 32 27
3871 22 34 127 26 38 53 23 37 27 23 33 27
3872 22 29 216 26 31 50 19 25 24 1 33 27
3873 22 32 293 13 31 61 21 26 25 1 33 27
3874 21 39 351 39 24 41 23 22 28 33 33 27
3875 22 31 208 24 15 1 28 38 29 44 33 27
3876 22 26 191 32 21 78 19 12 19 1 32 27
3877 22 31 283 29 34 41 24 23 32 6 33 27
3878 22 37 227 29 39 1 21 22 23 23 33 27
3879 21 38 167 38 34 39 21 29 25 18 33 27
3880 22 29 186 35 21 29 20 34 47 30 33 27
3881 21 30 318 27 27 24 22 36 22 30 33 27
3882 22 27 143 24 30 1 24 27 19 9 33 27
3883 21 35 420 22 31 9 19 16 26 28 33 27
3884 21 31 175 17 24 41 22 19 22 27 33 27
3885 21 32 207 38 25 71 25 27 29 30 33 27
3886 21 35 124 29 37 79 26 32 27 24 33 27
3887 21 25 157 29 18 53 24 22 29 1 33 27
3888 22 29 166 20 33 18 23 28 32 21 33 27
3889 21 27 136 36 24 1 25 30 29 31 33 27
3890 21 31 270 19 41 79 21 16 30 1 32 27
3891 22 30 166 24 37 34 23 18 24 1 32 27
3892 21 26 191 35 21 44 21 19 26 13 33 27
3893 21 29 323 30 21 13 24 41 27 32 33 27
3894 21 33 169 20 34 32 24 21 25 14 33 27
3895 21 28 139 23 21 9 20 30 28 22 33 27
3896 21 34 149 20 31 1 18 31 26 48 33 27
3897 21 34 165 34 25 64 21 33 33 37 33 27
3898 22 32 221 21 24 1 23 24 37 20 33 27
3899 21 36 488 33 34 1 23 35 24 38 33 27
3900 22 32 749 22 31 69 25 28 30 1 32 27
3901 21 29 233 40 16 1 22 30 32 37 33 27
3902 21 31 253 21 25 1 22 33 23 30 33 27
3903 22 34 303 21 38 30 23 37 17 18 33 27
3904 22 29 211 37 39 98 24 27 26 1 33 27
3905 21 29 161 37 23 49 24 23 24 11 33 27
3906 21 33 205 29 28 66 23 24 34 15 33 27
3907 22 32 100 21 27 19 23 24 24 31 33 27
3908 21 35 322 39 32 62 19 1 31 15 33 27
3909 21 21 1147 32 24 1 24 23 24 3 33 27
3910 21 30 550 28 27 1 21 28 21 23 33 27
3911 21 29 174 25 17 1 25 33 27 42 33 27
3912 21 27 385 16 37 22 20 18 27 1 33 27
3913 22 36 340 11 34 25 27 17 28 22 33 27
3914 21 35 246 31 30 58 22 28 25 35 33 27
3915 21 25 82 18 26 1 28 50 31 17 33 27
3916 21 23 270 23 26 1 19 26 23 10 33 27
3917 21 30 200 20 29 1 24 31 27 12 33 27
3918 22 32 354 22 17 28 26 26 30 11 33 27
3919 21 32 267 17 40 72 22 23 25 30 33 27
3920 21 34 184 32 33 1 21 25 27 28 33 27
3921 22 39 327 25 32 62 24 20 29 23 33 27
3922 21 29 202 32 21 1 22 36 24 15 33 27
3923 21 29 416 26 38 1 25 32 39 15 33 27
3924 22 39 114 29 39 26 26 26 24 35 33 27
3925 21 32 413 28 29 1 27 24 26 11 33 27
3926 22 35 497 40 32 1 29 27 34 30 33 27
3927 21 23 87 34 21 12 16 19 21 1 33 27
3928 22 32 177 18 42 1 20 17 29 1 33 27
3929 21 37 152 18 37 1 20 1 27 10 33 27
3930 21 33 302 22 32 14 22 17 25 23 33 27
3931 22 40 279 23 39 91 23 27 29 28 33 27
3932 22 32 205 30 22 42 26 31 28 38 33 27
3933 21 34 207 38 20 26 25 30 22 41 33 27
3934 22 29 165 26 13 1 22 29 23 36 33 27
3935 21 33 331 29 33 105 23 30 27 10 33 27
3936 22 30 208 38 27 40 25 23 25 15 33 27
3937 21 28 226 19 35 1 23 46 23 10 33 27
3938 21 110 326 26 32 83 26 23 32 18 33 27
3939 21 26 185 24 22 66 22 29 28 18 33 27
3940 22 33 170 26 29 1 24 29 18 22 33 27
3941 21 26 112 27 20 1 20 35 16 27 33 27
3942 22 36 201 13 26 1 21 24 28 47 33 27
3943 22 35 180 31 31 23 25 39 33 36 33 27
3944 21 33 941 23 37 1 25 32 30 9 33 27
3945 21 30 184 21 33 9 29 32 41 27 33 27
3946 21 34 488 19 25 47 25 26 27 40 33 27
3947 21 37 325 24 29 35 26 20 30 30 33 27
3948 21 34 200 30 29 11 20 15 21 31 33 27
3949 22 27 117 10 30 1 22 18 27 1 33 27
3950 21 29 162 24 23 1 25 36 27 26 33 27
3951 21 27 99 27 29 8 18 14 24 13 33 27
3952 22 33 194 7 36 8 22 26 29 20 33 27
3953 22 35 218 28 28 38 21 28 26 23 33 27
3954 21 29 274 12 36 5 22 22 28 1 33 27
3955 21 32 238 34 31 63 19 1 39 7 33 27
3956 22 36 159 11 24 16 18 21 23 23 33 27
3957 21 30 314 24 32 1 19 20 18 16 33 27
3958 21 30 388 18 33 55 24 17 27 2 33 27
3959 21 32 236 33 26 1 22 41 26 33 33 27
3960 22 27 225 18 26 10 23 28 31 1 33 27
3961 21 34 109 22 33 1 24 20 28 17 33 27
3962 22 30 127 17 25 30 21 37 28 16 33 27
3963 21 28 298 28 29 28 19 34 21 22 33 27
3964 21 28 392 26 31 1 15 18 24 1 33 27
3965 21 30 137 27 28 1 23 30 36 26 33 27
3966 21 31 190 39 17 48 26 29 19 36 33 27
3967 21 32 456 21 34 45 24 30 28 12 33 27
3968 21 31 643 26 25 1 22 30 27 28 33 27
3969 22 31 166 38 24 1 19 41 136 26 33 27
3970 22 31 361 16 33 61 23 1 22 19 33 27
3971 21 30 712 26 26 1 20 25 28 30 33 27
3972 22 29 237 22 32 38 28 31 49 4 33 27
3973 21 30 1068 21 31 1 22 30 22 21 33 27
3974 22 38 345 26 33 92 19 31 25 24 33 27
3975 21 35 525 35 38 36 23 27 29 25 33 27
3976 22 31 153 25 30 2 21 25 25 19 33 27
3977 21 23 260 32 13 41 24 29 26 8 33 27
3978 21 39 170 26 25 53 23 36 28 42 33 27
3979 22 29 341 15 25 9 27 43 30 4 33 27
3980 22 34 106 23 26 32 23 22 27 22 33 27
3981 21 25 240 18 19 37 27 22 27 17 33 27
3982 22 24 88 19 17 50 18 25 18 15 33 27
3983 22 39 183 27 34 42 27 38 29 31 33 27
3984 21 35 143 23 26 42 23 33 26 25 33 27
3985 22 33 176 36 22 45 28 43 33 18 33 27
3986 21 29 245 12 36 33 24 19 24 1 33 27
3987 21 25 106 22 19 1 20 51 29 22 33 27
3988 21 33 156 29 22 5 26 29 30 23 33 27
3989 22 32 135 35 26 1 23 33 26 30 33 27
3990 22 35 293 40 29 1 23 30 25 35 33 27
3991 21 31 155 30 30 25 23 22 24 13 33 27
3992 22 38 247 34 23 82 41 1 31 35 33 27
3993 21 33 321 38 25 48 21 1 24 22 33 27
3994 22 38 411 38 37 1 16 1 31 20 33 27
3995 21 32 162 35 26 1 21 25 27 35 33 27
3996 22 31 98 20 32 40 27 33 28 17 33 27
3997 21 35 141 34 26 42 25 31 32 25 33 27
3998 21 28 323 31 19 1 25 29 23 38 33 27
3999 21 37 245 13 34 8 20 16 35 38 33 27
4000 21 31 422 16 32 1 17 1 23 29 33 27
4001 22 37 277 22 29 50 23 30 21 41 33 27
4002 22 34 187 27 36 66 19 28 29 1 32 27
4003 21 34 373 35 31 210 25 18 27 30 33 27
4004 21 32 241 23 41 1 18 20 22 23 33 27
4005 21 28 321 27 31 20 18 35 27 16 33 27
4006 21 29 716 23 26 1 22 30 27 26 33 27
4007 21 28 137 25 30 1 25 28 28 17 33 27
4008 21 40 191 38 33 49 24 27 19 35 33 27
4009 22 31 101 23 35 1 23 35 25 19 33 27
4010 21 36 128 28 35 1 21 23 26 38 33 27
4011 21 24 228 16 21 1 25 24 27 9 33 27
4012 21 27 92 26 23 28 25 20 28 7 33 27
4013 22 29 211 26 28 6 19 26 22 16 33 27
4014 21 30 99 31 28 35 29 37 24 24 33 27
4015 21 29 276 29 29 1 20 17 23 1 33 27
4016 21 33 190 31 36 33 25 26 27 24 33 27
4017 22 35 417 24 32 31 21 22 25 10 33 27
4018 22 34 359 24 40 1 21 43 29 16 33 27
4019 22 30 105 23 25 24 27 20 24 12 33 27
4020 21 37 131 22 37 82 20 27 30 9 33 27
4021 22 34 150 36 38 63 28 35 31 32 33 27
4022 21 36 179 31 30 58 20 22 25 13 33 27
4023 21 31 215 21 27 41 26 30 32 21 33 27
4024 22 33 275 38 34 20 24 19 34 17 33 27
4025 21 28 104 16 27 13 21 31 25 11 33 27
4026 21 33 303 20 30 8 20 23 30 37 33 27
4027 22 28 245 24 24 16 23 38 25 28 33 27
4028 21 29 198 17 24 1 22 30 35 15 33 27
4029 22 31 179 21 27 28 27 36 29 23 33 27
4030 22 37 370 24 35 1 24 35 23 34 33 27
4031 22 34 437 21 35 1 20 24 21 7 33 27
4032 22 27 172 28 25 44 22 44 27 12 33 27
4033 22 31 109 25 38 1 23 17 26 23 33 27
4034 21 31 518 13 31 45 18 29 26 1 33 27
4035 22 32 164 28 26 1 24 34 28 27 33 27
4036 21 28 665 31 25 1 23 31 27 20 33 27
4037 21 28 273 28 25 19 27 21 31 5 33 27
4038 21 30 157 26 31 69 22 21 23 9 33 27
4039 21 37 410 26 36 59 23 27 25 26 33 27
4040 21 35 458 35 24 27 22 16 27 22 33 27
4041 21 95 381 211 38 236 64 38 60 62 33 27
4042 21 36 163 22 34 71 22 22 26 13 33 27
4043 21 30 239 22 29 16 20 23 29 1 33 27
4044 21 33 145 22 30 68 19 25 25 18 33 27
4045 21 27 85 32 18 7 36 32 29 36 33 27
4046 21 29 961 28 27 53 23 27 23 8 33 27
4047 21 33 356 30 25 38 24 25 25 7 33 27
4048 21 25 208 20 24 1 23 25 29 16 33 27
4049 21 33 331 18 32 1 25 24 24 27 33 27
4050 21 36 176 29 34 74 23 29 28 20 33 27
4051 21 31 195 19 21 1 29 34 29 31 33 27
4052 21 27 187 19 38 19 22 16 25 1 32 27
4053 21 38 141 25 43 1 18 1 26 19 33 27
4054 21 31 163 30 29 49 24 36 25 13 33 27
4055 21 29 137 17 25 9 32 41 28 23 33 27
4056 21 28 235 27 27 30 23 36 31 11 33 27
4057 21 31 402 16 23 1 26 20 20 32 33 27
4058 21 31 100 31 27 40 22 36 24 37 33 27
4059 21 37 996 20 31 1 31 29 32 31 33 27
4060 22 38 433 19 32 25 21 25 27 19 33 27
4061 21 28 205 21 34 1 17 20 21 3 33 27
4062 22 37 268 20 39 27 21 15 20 1 32 27
4063 21 21 224 25 25 5 18 1 25 9 33 27
4064 22 31 109 24 30 42 23 26 25 3 33 27
4065 21 37 222 27 32 1 21 29 22 42 33 27
4066 22 28 95 20 20 9 25 23 30 15 33 27
4067 21 36 428 34 25 15 18 44 27 44 33 27
4068 21 28 198 30 26 2 17 41 21 20 33 27
4069 21 34 218 23 27 24 23 26 22 38 33 27
4070 21 35 184 29 36 92 20 19 29 13 33 27
4071 22 25 237 8 31 31 19 22 23 1 33 27
4072 21 38 112 36 29 1 24 42 44 44 33 27
4073 22 32 244 26 31 1 18 21 18 1 32 27
4074 21 31 128 27 31 1 22 1 36 28 33 27
4075 21 31 168 26 32 1 22 1 29 26 33 27
4076 22 38 242 30 29 72 21 1 39 26 33 27
4077 21 34 212 18 39 20 25 27 21 9 33 27
4078 22 34 131 26 31 93 21 27 29 20 33 27
4079 21 24 159 41 19 1 21 16 26 2 33 27
4080 22 32 894 21 32 38 25 29 29 18 33 27
4081 21 31 166 31 30 11 20 25 20 26 33 27
4082 22 36 111 32 42 40 21 24 25 1 33 27
4083 21 32 278 33 24 1 23 32 27 37 33 27
4084 22 25 144 24 19 8 25 49 24 22 33 27
4085 21 26 177 23 38 19 27 26 32 10 33 27
4086 22 31 247 38 19 19 20 31 28 42 33 27
4087 21 37 309 20 33 32 22 18 35 36 33 27
4088 21 33 476 18 32 1 19 26 24 37 33 27
4089 22 30 284 40 27 29 25 28 24 30 33 27
4090 22 33 179 32 25 27 18 28 22 18 33 27
4091 22 29 173 25 25 45 23 40 22 28 33 27
4092 21 31 167 23 16 1 21 28 21 31 33 27
4093 21 28 495 39 28 1 20 32 28 1 33 27
4094 21 33 123 23 31 1 23 25 29 22 33 27
4095 21 33 451 27 20 29 22 38 32 47 33 27
4096 22 28 97 31 33 56 20 29 35 3 33 27
4097 21 22 304 20 23 1 24 24 24 1 33 27
4098 21 38 141 26 28 22 23 31 29 47 33 27
4099 21 35 108 28 26 55 24 36 29 44 33 27
4100 21 29 205 13 40 1 19 31 28 1 33 27
4101 21 25 112 24 22 1 23 32 27 35 33 27
4102 22 34 249 19 38 91 19 13 30 1 32 27
4103 21 36 169 28 37 40 25 26 31 27 33 27
4104 21 31 202 35 28 75 23 27 26 6 33 27
4105 22 27 156 32 24 1 20 28 26 5 33 27
4106 21 39 140 20 36 1 24 53 25 36 33 27
4107 21 29 326 20 20 1 22 22 27 26 33 27
4108 21 33 159 34 23 26 23 1 25 38 33 27
4109 21 29 162 19 28 24 23 26 28 8 33 27
4110 21 30 214 36 23 47 20 22 21 1 32 26
4111 22 34 218 34 21 50 17 24 22 28 33 27
4112 22 31 136 21 27 95 21 27 24 3 33 27
4113 21 34 1203 19 43 1 16 30 31 5 33 27
4114 21 31 186 27 25 10 22 36 21 25 33 27
4115 21 28 288 30 35 69 26 24 25 1 32 27
4116 21 32 112 24 36 60 27 17 31 19 33 27
4117 21 29 100 17 30 23 18 18 28 1 32 27
4118 22 39 269 12 44 42 23 21 27 22 33 27
4119 21 23 283 30 24 33 20 19 37 2 33 27
4120 21 25 150 19 38 1 24 16 25 1 32 27
4121 21 34 464 8 25 28 26 19 28 38 33 27
4122 21 34 383 34 28 1 24 40 26 43 33 27
4123 21 35 328 28 32 1 21 1 30 36 33 27
4124 21 30 518 24 34 24 22 26 23 5 33 27
4125 22 26 309 36 14 1 23 27 24 17 33 27
4126 21 29 201 22 17 6 27 37 24 34 33 27
4127 21 29 186 25 29 19 25 26 28 7 33 27
4128 21 30 193 37 21 39 21 36 27 32 33 27
4129 21 36 190 31 33 58 25 44 22 22 33 27
4130 21 28 148 23 21 1 25 15 28 14 33 27
4131 21 31 127 22 37 1 20 26 24 9 33 27
4132 22 34 206 21 39 72 20 20 24 1 32 27
4133 21 32 338 24 19 59 24 43 26 25 33 27
4134 22 33 127 30 24 8 25 35 25 13 33 27
4135 22 33 178 20 34 18 21 1 31 18 33 27
4136 21 33 106 23 27 60 21 30 17 44 33 27
4137 22 29 365 11 34 70 22 28 28 1 33 27
4138 21 30 242 40 20 44 29 43 24 26 33 27
4139 22 32 167 25 30 37 21 31 23 21 33 27
4140 21 28 136 25 22 75 25 27 27 7 33 27
4141 22 34 256 23 32 19 24 27 26 23 33 27
4142 21 32 182 12 19 39 23 20 25 9 33 27
4143 22 30 305 16 31 1 17 27 16 20 33 27
4144 21 33 497 34 26 1 26 31 20 45 33 27
4145 22 36 430 27 37 1 21 28 20 14 33 27
4146 22 27 191 24 16 59 21 32 19 17 33 27
4147 22 36 283 21 29 55 23 40 26 24 33 27
4148 22 30 140 21 30 55 22 25 26 10 33 27
4149 22 28 89 21 25 8 16 1 27 2 33 27
4150 22 33 325 25 33 3 21 22 25 9 33 27
4151 21 33 195 33 30 1 18 28 27 25 33 27
4152 22 41 483 31 40 1 22 39 27 37 33 27
4153 21 38 228 31 24 37 23 32 34 48 33 27
4154 22 30 112 25 32 116 21 16 24 1 33 27
4155 21 23 180 28 33 60 24 28 30 1 32 27
4156 21 32 271 32 22 16 22 32 25 31 33 27
4157 22 32 196 36 35 70 22 38 25 13 33 27
4158 21 32 169 9 39 3 24 18 30 1 33 27
4159 22 27 333 31 12 1 19 1 18 28 33 27
4160 21 35 286 22 26 18 23 26 26 36 33 27
4161 21 35 97 27 27 51 23 19 26 25 33 27
4162 21 33 211 14 45 1 20 28 28 24 33 27
4163 21 33 481 23 29 1 23 33 21 35 33 27
4164 22 29 176 22 36 4 23 32 22 8 33 27
4165 22 32 159 29 20 5 24 36 32 41 33 27
4166 21 25 143 23 28 38 22 20 28 15 33 27
4167 22 33 167 25 24 1 26 21 24 21 33 27
4168 21 42 526 20 36 8 23 46 20 26 33 27
4169 22 33 254 26 27 32 24 20 25 31 33 27
4170 22 34 158 25 37 1 20 27 17 19 33 27
4171 21 36 234 29 32 1 23 45 22 33 33 27
4172 22 31 186 32 17 68 23 27 30 43 33 27
4173 21 33 203 38 26 66 23 42 28 26 33 27
4174 21 28 247 33 29 38 24 27 26 3 33 27
4175 21 27 498 34 23 36 24 24 27 11 33 27
4176 22 30 118 28 23 31 24 17 33 28 33 27
4177 21 33 278 29 29 1 23 39 25 40 33 27
4178 22 29 296 25 29 1 19 29 21 10 33 27
4179 22 28 189 41 24 1 26 47 27 12 33 27
4180 22 28 239 28 27 1 22 20 28 17 33 27
4181 21 30 190 30 18 33 24 25 21 31 33 27
4182 22 32 301 19 36 1 19 1 22 21 33 27
4183 21 33 110 32 30 94 21 28 28 9 33 27
4184 21 32 355 21 31 8 20 26 25 11 33 27
4185 22 35 161 22 28 105 24 3 38 12 33 27
4186 21 25 218 43 25 65 21 29 25 17 33 27
4187 21 36 132 46 30 54 25 23 31 39 33 27
4188 21 30 207 8 36 16 23 29 26 1 33 27
4189 21 30 337 25 36 73 23 29 32 3 33 27
4190 21 34 228 33 28 48 24 31 22 34 33 27
4191 21 34 234 33 33 107 22 35 29 13 33 27
4192 21 34 266 24 42 45 24 30 26 4 33 27
4193 22 36 148 28 32 55 30 32 26 41 33 27
4194 21 31 153 14 38 1 21 28 29 6 33 27
4195 22 30 169 37 23 49 24 19 31 23 33 27
4196 22 31 146 21 38 9 23 21 25 1 33 27
4197 21 29 143 24 24 36 24 45 34 12 33 27
4198 21 29 188 26 30 44 22 28 24 15 33 27
4199 21 31 296 17 31 1 23 22 23 10 33 27
4200 22 39 195 40 32 1 21 33 22 37 33 27
4201 22 30 280 20 33 27 22 20 28 1 33 27
4202 21 39 168 29 40 49 23 40 27 23 33 27
4203 21 30 177 26 35 13 30 32 25 6 33 27
4204 21 26 578 22 26 61 19 32 27 2 33 27
4205 21 30 408 36 22 1 21 28 23 32 33 27
4206 21 27 195 21 16 47 26 22 26 26 33 27
4207 21 27 301 42 23 55 24 28 31 4 33 27
4208 22 30 398 21 30 1 24 30 29 7 33 27
4209 22 27 641 25 21 12 24 46 26 14 33 27
4210 22 30 233 11 36 1 23 19 26 6 33 27
4211 21 33 262 17 35 109 21 17 31 1 33 27
4212 21 31 132 36 32 43 14 13 21 17 33 27
4213 21 32 219 24 40 75 22 25 24 7 33 26
4214 21 27 190 13 32 1 18 25 19 6 33 27
4215 21 30 235 39 22 27 24 25 18 23 33 27
4216 21 33 148 20 36 84 20 20 26 2 33 27
4217 21 32 124 38 27 11 25 45 16 27 33 27
4218 21 36 208 33 37 30 21 29 26 27 33 27
4219 22 30 154 37 17 51 25 22 25 16 33 27
4220 22 29 211 18 33 41 20 32 26 5 33 27
4221 22 31 146 16 38 3 27 31 34 1 33 27
4222 21 27 240 25 28 43 21 22 28 6 33 27
4223 22 33 201 26 11 8 24 27 28 37 33 27
4224 21 28 142 32 22 17 23 34 29 10 33 27
4225 21 37 182 31 29 63 26 22 26 35 33 27
4226 21 28 241 29 20 46 20 40 27 15 33 27
4227 21 34 190 31 30 67 22 14 32 15 33 27
4228 21 36 176 29 29 87 27 28 24 28 33 27
4229 21 29 280 23 38 1 26 41 29 15 33 27
4230 22 30 313 25 20 17 22 23 26 28 33 27
4231 21 31 266 30 28 1 20 1 30 9 33 27
4232 22 37 280 12 39 1 22 52 21 34 33 27
4233 21 31 243 1 39 55 25 27 28 9 33 27
4234 21 31 206 23 32 108 21 15 25 1 33 27
4235 21 31 285 18 33 11 22 24 23 28 33 27
4236 22 35 197 22 37 1 23 19 30 31 33 27
4237 22 31 244 14 30 60 18 32 25 16 33 27
4238 21 32 215 21 32 1 31 24 31 1 33 27
4239 21 33 454 36 17 25 20 26 20 26 33 27
4240 22 34 344 34 32 1 22 29 29 33 33 27
4241 21 28 329 20 19 6 20 18 21 27 33 27
4242 21 31 338 25 34 35 18 23 25 5 33 27
4243 22 38 274 19 33 1 23 42 29 35 33 27
4244 21 34 201 20 36 62 25 29 26 1 33 27
4245 21 39 193 25 39 30 21 1 31 51 33 27
4246 22 26 107 31 23 1 23 29 25 6 33 27
4247 21 32 98 18 32 28 23 24 25 10 33 27
4248 22 37 184 28 37 54 22 34 27 29 33 27
4249 21 39 252 20 38 28 21 32 24 35 33 27
4250 22 33 220 25 25 28 21 25 25 25 33 27
4251 21 32 494 40 22 1 22 34 24 30 33 27
4252 22 32 330 26 31 6 22 45 29 29 33 27
4253 22 34 136 22 31 58 23 3 28 22 33 27
4254 21 35 307 30 35 105 20 27 28 13 33 27
4255 22 33 213 32 25 21 18 24 22 31 33 27
4256 21 33 175 28 36 52 23 21 32 12 33 27
4257 21 29 96 26 21 6 20 27 21 24 33 27
4258 22 37 343 26 23 77 18 26 29 27 33 27
4259 21 29 557 17 28 1 22 25 25 14 33 27
4260 22 33 175 24 37 52 26 26 29 28 33 27
4261 21 30 263 14 34 1 22 26 29 4 33 27
4262 22 33 100 18 38 13 23 24 23 11 33 27
4263 21 34 207 41 40 1 24 38 23 29 33 27
4264 22 33 152 23 29 50 23 24 24 32 33 27
4265 22 27 129 26 27 1 22 21 30 1 33 27
4266 22 33 235 27 36 1 22 32 30 1 33 27
4267 22 22 101 24 11 17 25 35 32 1 33 27
4268 22 33 101 26 27 26 22 28 36 27 33 27
4269 22 34 177 31 21 48 20 27 30 41 34 27
4270 22 36 149 34 35 67 25 24 32 26 33 27
4271 21 32 99 24 35 40 23 22 29 16 33 27
4272 22 30 199 27 16 5 20 29 20 29 33 27
4273 21 32 101 41 26 40 21 33 21 24 33 27
4274 21 31 288 33 23 51 25 34 26 34 33 27
4275 22 30 542 26 17 70 22 36 21 26 33 27
4276 21 33 189 32 30 1 24 37 21 22 33 27
4277 22 30 347 16 35 48 25 27 30 11 33 27
4278 22 28 162 40 29 5 25 19 22 3 33 27
4279 21 36 186 5 28 1 20 43 19 22 33 27
4280 21 33 278 17 38 1 22 27 31 8 33 27
4281 21 29 117 22 27 9 21 10 29 15 33 27
4282 21 26 128 16 30 54 22 24 26 9 33 27
4283 22 37 185 30 33 34 23 35 25 25 33 27
4284 22 41 532 33 31 81 21 32 29 34 33 27
4285 22 34 252 8 37 1 21 37 23 28 33 27
4286 22 38 179 27 35 34 28 46 29 28 33 27
4287 21 24 194 29 15 1 24 16 24 21 33 27
4288 22 27 172 23 22 30 13 35 24 11 33 27
4289 22 33 262 27 27 28 22 30 26 30 33 27
4290 22 23 160 24 24 1 24 21 24 1 33 27
4291 22 42 327 24 36 13 25 20 25 30 33 27
4292 21 34 154 19 33 36 26 15 32 22 33 27
4293 21 37 178 19 30 43 25 16 30 39 33 27
4294 21 24 230 32 24 17 22 39 19 4 33 27
4295 21 35 483 27 31 97 24 23 27 21 33 27
4296 21 36 217 23 29 1 20 34 25 34 33 27
4297 22 33 183 21 34 78 19 1 28 17 33 27
4298 21 23 338 24 26 1 21 25 28 6 33 27
4299 21 26 182 18 16 1 20 27 29 20 33 27
4300 21 31 282 37 23 98 22 43 31 21 33 27
4301 21 32 219 27 28 64 18 27 22 18 33 27
4302 21 26 442 27 27 24 23 26 25 6 33 27
4303 21 34 186 18 26 31 15 19 26 20 33 27
4304 21 37 224 22 37 5 18 1 35 27 33 27
4305 21 29 695 20 26 18 21 44 25 22 33 27
4306 22 32 293 24 26 40 26 22 28 18 33 27
4307 21 36 174 37 26 39 22 25 29 34 33 27
4308 22 36 179 28 29 59 24 26 26 15 33 27
4309 22 33 259 26 30 68 22 32 25 19 33 27
4310 22 28 142 41 34 72 28 28 32 1 33 27
4311 21 34 158 35 35 45 25 28 28 14 33 27
4312 21 32 373 20 39 54 20 26 28 16 33 27
4313 21 33 210 16 38 33 27 22 28 25 33 27
4314 21 29 157 26 25 33 29 24 30 8 33 27
4315 21 33 238 21 36 1 25 24 28 1 33 27
4316 21 36 783 32 33 4 19 36 29 34 33 27
4317 22 33 431 18 31 5 18 26 25 17 33 27
4318 21 32 255 36 15 1 19 40 31 29 33 27
4319 21 28 128 18 28 43 21 24 30 5 33 27
4320 21 36 206 27 38 62 22 31 29 45 33 27
4321 21 26 328 26 21 62 19 24 19 10 33 27
4322 21 32 149 28 32 67 19 36 34 15 33 27
4323 22 28 498 24 40 73 21 17 21 18 33 27
4324 21 28 152 12 32 14 23 16 26 1 32 27
4325 22 33 203 28 36 14 21 25 34 16 33 27
4326 21 34 207 17 22 32 21 25 29 31 33 27
4327 21 34 808 24 32 50 25 31 30 11 33 27
4328 21 37 161 32 26 1 22 32 21 35 33 27
4329 21 33 126 23 28 11 25 30 33 39 33 27
4330 21 34 872 21 28 4 32 28 35 25 33 27
4331 22 31 209 39 24 65 23 39 29 27 33 27
4332 22 33 266 29 25 1 19 36 28 40 33 27
4333 21 38 211 21 34 55 30 41 35 28 33 27
4334 21 32 572 14 27 38 21 24 20 20 33 27
4335 21 19 231 21 29 1 24 30 20 1 33 27
4336 21 30 372 20 34 56 23 27 20 1 33 27
4337 21 26 380 30 24 3 19 26 33 13 33 27
4338 21 29 151 28 24 12 23 21 20 4 33 27
4339 22 34 345 27 29 1 22 32 25 45 33 27
4340 21 36 238 32 24 47 20 36 33 41 33 27
4341 21 28 414 24 18 8 22 26 23 28 33 27
4342 21 26 111 33 11 2 27 39 30 28 33 27
4343 22 35 207 21 39 61 24 17 25 1 33 27
4344 22 36 139 23 28 11 24 29 24 36 33 27
4345 22 29 254 35 27 1 23 34 24 18 33 27
4346 21 29 251 46 25 34 22 21 27 13 33 27
4347 21 31 145 14 35 52 18 21 29 3 33 27
4348 21 37 395 20 41 46 24 24 34 15 33 27
4349 21 32 216 24 33 118 22 12 20 1 33 27
4350 22 27 169 24 29 1 22 36 19 19 33 27
4351 21 27 258 24 27 14 23 39 25 1 33 27
4352 22 29 176 13 39 34 22 19 24 1 32 27
4353 21 38 141 16 27 26 21 26 24 32 33 27
4354 21 33 359 17 46 41 21 18 28 1 32 27
4355 21 26 217 26 23 1 22 31 30 14 33 27
4356 22 28 230 22 18 1 25 32 30 27 33 27
4357 21 37 336 43 30 1 30 37 28 49 33 27
4358 21 26 207 19 31 1 24 20 21 17 33 27
4359 21 31 341 24 41 50 17 18 20 1 33 27
4360 22 30 170 36 27 35 22 23 26 1 33 27
4361 21 29 616 27 22 1 25 30 19 36 33 27
4362 22 33 610 28 27 68 23 31 28 24 33 27
4363 21 26 200 29 27 11 23 17 28 1 33 27
4364 21 30 200 31 29 61 23 23 24 1 33 27
4365 22 38 497 12 21 19 25 27 27 20 33 27
4366 22 34 204 28 33 59 20 45 25 25 33 27
4367 21 30 280 20 24 1 22 25 29 29 33 27
4368 21 29 170 39 26 87 24 21 28 14 33 27
4369 22 33 145 26 27 42 21 30 25 39 33 27
4370 22 26 398 24 21 32 23 42 22 29 33 27
4371 22 30 266 13 32 74 21 19 23 1 33 27
4372 22 35 277 37 31 109 25 30 25 14 33 27
4373 22 34 386 35 36 30 19 22 28 18 33 27
4374 21 30 361 25 34 1 24 24 30 32 33 27
4375 21 39 111 29 32 38 26 24 25 49 33 27
4376 21 32 182 23 34 88 18 25 17 9 33 27
4377 21 32 218 25 27 70 24 40 24 15 33 27
4378 21 31 165 20 30 14 23 32 27 29 33 27
4379 21 30 284 37 21 26 23 37 25 15 33 27
4380 21 34 251 18 30 16 20 50 26 30 33 27
4381 22 22 121 24 21 92 18 9 27 1 33 27
4382 22 33 355 14 31 1 20 42 28 16 33 27
4383 21 35 249 29 33 1 26 22 33 19 33 27
4384 22 26 251 8 31 27 21 23 24 1 33 27
4385 21 35 756 22 34 1 21 30 25 27 33 27
4386 22 26 186 39 28 1 18 27 20 1 32 27
4387 21 34 128 17 30 53 24 36 29 19 33 27
4388 22 30 239 28 23 4 19 21 24 17 33 27
4389 21 29 179 25 29 1 18 27 23 4 33 27
4390 21 31 213 21 40 66 22 26 31 1 33 27
4391 22 33 211 14 22 18 24 37 28 26 33 27
4392 21 35 114 21 22 1 25 29 27 47 33 27
4393 21 27 170 25 30 1 24 22 26 7 33 27
4394 22 31 182 32 26 100 21 35 29 14 33 27
4395 22 42 233 16 43 1 23 19 23 34 33 27
4396 21 32 127 30 31 1 23 28 27 35 33 27
4397 21 31 316 23 35 38 22 29 26 1 32 27
4398 22 38 184 27 32 36 21 16 28 36 33 27
4399 21 31 160 22 29 52 20 23 17 5 32 26
4400 21 25 81 26 24 1 23 22 26 7 33 27
4401 22 26 155 22 28 39 20 24 25 5 33 27
4402 21 27 568 32 28 48 22 24 26 1 33 27
4403 22 36 163 21 27 7 26 49 25 39 33 27
4404 22 40 357 18 43 54 26 24 28 31 33 27
4405 22 36 344 32 31 64 21 22 24 38 33 27
4406 21 27 381 29 31 5 24 33 26 9 33 27
4407 22 23 136 18 27 29 21 20 23 1 33 27
4408 21 36 131 10 20 28 24 37 32 46 33 27
4409 22 33 284 25 40 20 24 19 28 2 33 27
4410 21 37 360 25 33 6 28 44 29 27 33 27
4411 34 50 323 37 50 38 37 38 40 1 48 41
4412 22 29 238 21 25 1 23 28 29 18 33 27
4413 21 33 239 27 19 66 27 20 31 28 33 27
4414 21 33 191 24 37 65 21 21 33 1 33 27
4415 21 33 145 13 28 37 30 31 26 24 33 27
4416 21 33 380 31 25 4 25 36 25 45 33 27
4417 21 18 270 27 15 43 19 25 30 1 32 27
4418 21 29 97 31 29 4 25 24 20 19 33 27
4419 22 36 128 26 38 99 21 21 24 6 33 27
4420 21 23 122 10 36 28 19 29 25 1 33 27
4421 22 39 244 26 28 39 27 41 30 47 33 27
4422 22 34 243 18 43 1 21 29 37 8 33 27
4423 21 27 78 25 27 38 20 42 25 9 33 27
4424 22 29 324 27 30 1 25 36 25 1 33 27
4425 21 29 150 29 16 24 18 1 29 16 33 27
4426 22 31 152 22 29 1 25 36 25 22 33 27
4427 22 34 150 31 35 107 23 1 31 11 33 27
4428 22 35 123 30 22 42 21 41 17 43 33 27
4429 21 29 453 16 34 14 25 20 31 1 33 27
4430 21 32 198 32 29 20 24 33 28 14 33 27
4431 22 32 208 19 35 64 23 30 30 1 32 27
4432 22 33 188 29 29 35 28 32 27 22 33 27
4433 22 32 436 30 31 69 21 40 33 26 33 27
4434 22 36 381 25 25 90 19 22 21 41 33 27
4435 22 34 190 32 34 18 28 21 31 13 33 27
4436 21 35 411 26 38 1 29 17 29 10 33 27
4437 21 37 203 21 34 42 22 29 30 38 33 27
4438 22 31 170 27 35 74 25 33 34 11 33 27
4439 21 32 147 23 34 47 16 1 25 12 33 27
4440 21 35 468 43 19 1 25 39 22 45 33 27
4441 21 29 492 24 23 5 25 20 27 25 33 27
4442 22 32 97 25 23 55 20 37 23 18 33 27
4443 22 30 122 27 27 32 20 34 31 18 33 27
4444 21 30 182 19 31 51 22 22 29 1 33 27
4445 21 30 290 31 21 85 20 35 31 13 33 27
4446 21 32 400 27 20 17 25 32 28 37 33 27
4447 22 36 130 13 29 20 24 25 30 32 33 27
4448 21 31 181 21 27 38 26 27 35 20 33 27
4449 21 29 89 23 31 1 26 15 26 10 33 27
4450 21 36 204 26 31 71 25 23 27 37 33 27
4451 22 37 166 13 35 1 24 26 27 25 33 27
4452 22 37 112 28 32 59 22 55 25 39 33 27
4453 21 35 177 31 30 30 22 27 26 35 33 27
4454 21 31 235 24 19 31 18 22 26 34 33 27
4455 21 30 136 30 29 50 25 25 25 26 33 27
4456 21 33 198 33 23 1 22 33 27 47 33 27
4457 21 29 677 36 24 33 23 30 26 20 33 27
4458 21 33 209 35 23 1 27 26 21 44 33 27
4459 22 42 363 25 33 40 24 25 33 39 34 27
4460 21 34 97 17 47 94 18 29 25 1 33 27
4461 21 33 320 32 36 48 21 23 26 2 33 27
4462 21 34 627 17 41 48 22 25 24 1 33 27
4463 21 33 271 26 26 1 25 18 28 37 33 27
4464 21 33 277 19 43 9 23 23 27 8 33 27
4465 21 26 211 19 38 48 24 19 30 2 33 27
4466 22 30 205 23 35 36 20 1 30 16 33 27
4467 21 37 222 27 36 47 25 24 33 25 33 27
4468 21 37 168 32 31 46 22 35 28 24 33 27
4469 21 35 112 24 34 43 24 28 34 28 33 27
4470 22 36 94 10 36 1 26 22 31 28 33 27
4471 22 41 457 43 38 99 17 1 27 37 33 27
4472 21 25 281 33 26 1 20 52 22 1 32 26
4473 22 30 166 25 19 35 20 26 27 28 33 27
4474 22 34 171 26 27 5 25 1 23 37 33 27
4475 21 29 749 16 35 1 21 23 29 25 33 27
4476 21 26 273 11 24 20 29 24 27 4 33 27
4477 21 25 430 20 22 1 15 18 23 8 33 27
4478 21 27 204 29 30 1 24 30 30 9 33 27
4479 22 34 151 32 24 4 26 27 29 18 33 27
4480 21 29 115 14 28 6 22 28 28 12 33 27
4481 22 33 260 17 37 74 21 24 27 4 33 27
4482 21 28 89 25 29 1 23 14 22 1 33 27
4483 22 36 174 31 25 79 21 24 25 16 33 27
4484 21 31 213 32 34 1 20 37 27 30 33 27
4485 22 39 185 18 34 61 21 18 23 34 33 27
4486 22 33 114 27 37 1 18 29 28 29 33 27
4487 21 26 166 24 14 1 19 27 20 18 33 27
4488 22 32 85 28 25 3 22 25 30 24 33 27
4489 21 29 337 22 28 39 22 33 28 25 33 27
4490 21 35 266 26 30 64 21 28 30 7 33 27
4491 22 32 112 18 22 3 20 28 23 28 33 27
4492 21 27 169 28 22 59 25 21 22 6 33 27
4493 21 36 112 37 31 66 20 24 25 28 33 27
4494 21 25 185 30 15 37 21 17 29 1 33 27
4495 21 34 180 31 32 31 23 30 27 32 33 27
4496 21 33 170 34 27 9 22 33 26 35 33 27
4497 21 34 195 36 32 1 23 33 22 24 33 27
4498 21 30 760 25 30 38 24 30 23 11 33 27
4499 22 37 109 28 32 25 26 21 28 30 33 27
4500 22 34 165 23 37 49 18 19 23 11 33 27
4501 21 31 351 29 33 4 27 31 31 16 33 27
4502 22 26 166 14 32 1 25 24 31 10 33 27
4503 21 31 540 30 24 1 22 48 23 10 33 27
4504 21 32 153 18 26 23 21 22 23 31 33 27
4505 22 30 200 17 28 80 19 23 28 8 33 27
4506 22 37 166 24 37 4 20 26 24 31 33 27
4507 21 32 570 22 22 76 25 31 26 34 33 27
4508 21 35 100 21 37 73 26 33 33 20 33 27
4509 21 33 183 28 30 69 20 7 29 6 33 27
4510 21 23 183 40 22 1 18 25 25 5 33 27
4511 21 32 240 34 22 7 21 28 24 36 33 27
4512 22 32 250 30 26 16 24 32 25 34 33 27
4513 21 28 154 22 20 104 20 23 26 5 33 27
4514 22 33 161 26 30 36 16 11 23 20 33 27
4515 21 31 161 18 36 42 26 29 27 1 33 27
4516 22 31 325 24 46 31 252 28 29 1 33 27
4517 22 33 198 20 21 16 22 1 28 20 33 27
4518 21 33 235 34 22 15 22 29 33 36 33 27
4519 21 36 640 21 42 1 21 23 33 33 33 27
4520 21 36 108 34 42 100 24 35 38 14 33 27
4521 21 31 217 27 26 58 21 29 24 17 33 27
4522 21 27 158 27 29 24 29 25 26 16 33 27
4523 21 32 115 16 29 67 20 17 29 3 33 27
4524 22 30 112 25 26 1 24 21 24 17 33 27
4525 22 34 572 34 30 20 21 35 29 32 33 27
4526 21 36 125 24 29 8 21 27 22 3 33 27
4527 22 34 215 14 33 1 22 50 24 31 33 27
4528 22 33 180 21 37 10 21 28 26 18 33 27
4529 22 36 250 19 32 39 25 26 29 26 33 27
4530 21 33 265 23 28 1 24 33 27 27 33 27
4531 21 37 298 29 47 86 22 21 21 12 33 27
4532 22 34 304 36 31 58 26 22 28 19 33 27
4533 21 29 175 13 38 1 20 23 22 26 33 27
4534 21 38 189 38 40 1 20 13 22 15 33 27
4535 21 25 86 33 22 1 22 52 24 18 33 27
4536 21 31 248 22 41 60 25 16 23 1 32 27
4537 22 30 188 32 24 1 19 39 21 23 33 27
4538 21 32 214 27 37 1 22 26 25 23 33 27
4539 21 25 466 35 24 28 24 38 25 13 33 27
4540 22 25 377 29 33 1 21 33 24 11 33 27
4541 21 32 325 20 35 57 26 22 33 7 33 27
4542 22 28 619 30 29 7 18 32 25 8 33 27
4543 21 27 1551 25 23 9 23 43 33 6 33 27
4544 22 33 196 36 28 27 18 12 27 33 33 27
4545 21 29 283 23 40 1 18 22 27 12 33 27
4546 21 30 148 23 35 32 25 29 29 1 33 27
4547 21 33 791 26 32 14 24 1 28 22 33 27
4548 21 33 193 26 27 12 22 26 21 34 33 27
4549 21 33 118 21 44 1 25 21 26 1 32 26
4550 21 27 265 38 19 10 22 34 25 27 33 27
4551 22 32 194 29 28 62 20 33 23 19 33 27
4552 22 25 250 14 29 1 19 49 19 1 33 27
4553 21 29 239 26 20 22 22 28 27 27 33 27
4554 21 32 325 14 38 1 22 18 30 19 33 27
4555 21 34 211 24 35 14 20 29 27 21 33 27
4556 22 30 157 31 18 24 21 22 24 27 33 27
4557 21 31 267 19 27 1 25 19 29 15 33 27
4558 21 32 232 22 35 59 23 18 24 6 33 27
4559 22 30 98 32 23 4 20 33 29 33 33 27
4560 21 24 146 14 29 1 17 20 20 1 33 27
4561 21 31 334 24 39 9 18 34 27 3 33 27
4562 22 29 93 24 26 64 20 29 20 17 33 27
4563 22 24 201 26 22 1 22 16 22 1 32 27
4564 22 28 239 19 27 43 20 19 25 14 33 27
4565 21 41 138 33 37 33 26 21 27 35 33 27
4566 21 35 193 27 37 58 23 27 26 9 33 27
4567 21 31 178 12 34 1 22 27 32 6 33 27
4568 21 29 231 28 30 1 24 29 28 10 33 27
4569 21 32 306 37 24 75 20 25 16 32 33 27
4570 21 31 158 27 32 45 25 29 22 6 33 27
4571 22 32 173 30 18 40 21 21 27 15 33 27
4572 22 40 233 29 31 1 19 34 27 45 33 27
4573 21 32 259 17 41 1 26 24 27 31 33 27
4574 21 42 385 15 44 7 27 40 30 32 33 27
4575 21 33 455 20 34 20 23 17 25 13 33 27
4576 22 28 141 13 40 41 21 21 26 1 33 27
4577 21 25 546 21 28 1 18 57 17 2 33 27
4578 21 26 234 17 30 33 22 21 28 1 32 27
4579 22 36 163 26 32 51 24 20 17 20 33 27
4580 22 31 412 37 25 98 21 44 23 1 33 27
4581 22 36 182 27 33 16 24 32 25 26 33 27
4582 21 32 279 18 26 45 21 25 25 6 33 27
4583 21 30 141 27 32 106 16 24 31 2 33 27
4584 21 35 295 19 33 1 23 42 23 24 33 27
4585 22 35 109 28 31 124 22 28 28 1 32 27
4586 22 41 303 16 42 66 24 56 28 42 33 27
4587 22 33 271 28 28 1 22 22 32 28 33 27
4588 22 30 217 26 36 10 22 36 26 25 33 27
4589 22 28 596 37 28 1 24 25 27 9 33 27
4590 21 30 110 19 24 1 23 31 26 29 33 27
4591 22 30 140 34 32 51 24 30 28 5 33 27
4592 21 31 606 20 32 1 25 36 22 28 33 27
4593 21 33 228 24 28 47 19 17 26 12 33 27
4594 21 29 212 29 32 86 20 25 23 1 33 27
4595 21 38 143 30 34 27 22 36 32 47 33 27
4596 22 36 467 33 27 25 25 54 27 29 33 27
4597 22 34 159 40 20 47 23 38 21 38 33 27
4598 21 30 173 25 16 1 24 37 27 40 33 27
4599 21 25 151 32 30 20 20 17 33 1 33 27
4600 21 28 143 25 28 8 23 26 30 6 33 27
4601 21 29 219 33 35 88 24 18 24 1 33 27
4602 22 32 194 29 24 27 24 36 27 25 33 27
4603 22 33 343 35 24 1 25 36 31 38 33 27
4604 21 31 325 29 30 1 26 19 31 6 33 27
4605 21 30 286 14 24 55 23 19 25 14 33 27
4606 22 29 131 23 22 29 23 43 30 30 33 27
4607 22 29 314 23 22 5 20 16 29 16 33 27
4608 22 31 210 31 19 31 25 38 23 44 33 27
4609 22 33 106 35 33 27 25 24 34 22 33 27
4610 21 34 167 28 28 63 23 12 40 36 33 27
4611 21 29 227 33 22 1 20 25 28 15 33 27
4612 21 31 200 30 25 88 21 19 27 19 33 27
4613 21 24 216 27 25 1 21 27 30 3 33 27
4614 21 28 108 31 17 48 25 27 25 24 33 27
4615 22 30 224 25 22 101 21 19 29 18 33 27
4616 21 34 507 26 32 17 26 19 24 26 33 27
4617 21 31 349 34 31 45 25 46 27 24 33 27
4618 22 26 172 24 24 13 18 33 20 27 33 27
4619 21 30 472 25 20 3 24 18 29 6 33 27
4620 21 34 207 15 34 31 25 19 31 22 33 27
4621 22 33 403 34 37 1 22 33 29 8 33 27
4622 22 32 214 21 45 1 22 28 23 1 33 27
4623 21 26 126 21 32 1 18 24 28 1 33 27
4624 22 35 346 33 36 69 21 25 26 11 33 27
4625 21 26 190 20 35 1 24 31 23 1 33 27
4626 21 32 130 22 27 1 25 29 23 23 33 27
4627 21 32 174 33 30 84 24 31 34 15 33 27
4628 21 29 293 25 34 1 18 21 24 2 33 27
4629 21 27 270 18 23 1 24 28 24 2 33 27
4630 22 28 124 11 33 48 25 22 24 1 32 27
4631 21 27 506 19 29 10 23 29 23 16 33 27
4632 22 33 223 17 37 1 24 21 24 26 33 27
4633 21 28 284 21 27 28 21 11 27 1 32 27
4634 21 27 468 22 24 1 545 1009 194 6 33 27
4635 21 30 473 22 25 1 26 24 22 17 33 27
4636 21 28 224 24 27 1 21 16 20 1 33 27
4637 22 35 104 24 39 70 20 22 27 13 33 27
4638 21 29 584 32 24 7 25 30 25 34 33 27
4639 21 25 186 24 21 1 20 48 26 1 33 27
4640 22 26 171 21 21 59 22 26 26 1 33 27
4641 21 33 392 26 18 101 22 25 27 18 33 27
4642 21 29 318 10 32 41 21 18 28 3 33 27
4643 21 28 106 23 18 13 33 14 32 13 33 27
4644 21 34 106 27 23 37 23 1 33 29 33 27
4645 21 31 152 31 29 1 20 38 30 39 33 27
4646 22 29 172 33 28 21 21 45 27 17 33 27
4647 21 32 319 39 22 1 21 47 123 34 33 27
4648 21 27 229 29 24 1 23 32 27 17 33 27
4649 21 29 114 35 20 51 18 19 26 6 33 27
4650 21 30 849 31 25 1 23 39 25 41 33 27
4651 21 29 508 25 22 1 28 24 28 16 33 27
4652 21 29 165 31 24 48 22 30 28 24 33 27
4653 22 33 313 32 24 73 25 41 26 38 33 27
4654 22 34 227 29 26 14 20 38 26 34 33 27
4655 21 36 193 12 36 29 26 21 27 35 33 27
4656 21 32 245 41 22 64 20 36 26 40 33 27
4657 22 29 154 23 30 42 23 20 28 9 33 27
4658 22 34 166 25 28 23 22 17 22 30 33 27
4659 22 31 172 35 24 30 20 1 41 26 33 27
4660 21 30 102 19 28 64 18 26 25 13 33 27
4661 21 20 104 24 30 1 23 26 22 6 33 27
4662 21 25 1017 23 26 1 23 36 25 14 33 27
4663 21 32 470 21 30 52 21 20 22 1 32 27
4664 22 38 199 32 18 52 21 1 31 42 33 27
4665 22 33 149 23 30 1 21 1 32 27 33 27
4666 21 34 194 25 36 32 21 17 29 1 32 27
4667 21 35 506 18 32 1 24 20 31 31 33 27
4668 22 35 231 34 26 43 27 28 29 22 33 27
4669 21 34 218 13 36 16 25 16 29 28 33 27
4670 22 26 185 22 31 22 22 25 27 6 33 27
4671 21 37 1054 30 20 47 25 37 24 58 33 27
4672 22 30 384 29 37 21 21 19 27 1 32 27
4673 21 32 118 35 26 1 21 35 29 25 33 27
4674 21 29 487 22 29 13 22 34 27 29 33 27
4675 21 29 399 24 25 1 20 29 26 36 33 27
4676 22 33 188 21 29 59 22 21 36 20 33 27
4677 22 22 236 12 25 26 21 22 23 1 32 27
4678 21 35 304 20 27 13 26 41 33 39 33 27
4679 21 39 184 15 38 1 27 16 25 41 33 27
4680 22 32 684 23 27 80 25 19 27 1 33 27
4681 21 34 214 34 34 1 22 35 20 31 33 27
4682 22 28 94 11 31 40 23 20 25 1 33 27
4683 22 37 190 29 32 1 26 25 27 29 33 27
4684 21 27 751 30 15 15 18 43 25 21 33 27
4685 21 27 168 28 19 11 18 27 14 33 33 27
4686 22 44 169 24 36 65 23 33 29 28 33 27
4687 21 36 119 33 27 63 28 30 31 35 33 27
4688 22 28 454 30 22 38 21 29 28 13 33 27
4689 21 38 109 19 27 5 22 21 32 38 33 27
4690 21 37 155 17 30 55 24 50 19 35 33 27
4691 21 21 114 32 22 7 23 4 28 5 33 27
4692 22 24 225 17 32 10 20 27 27 1 32 27
4693 21 30 124 17 28 1 23 28 25 14 33 27
4694 21 33 364 28 35 1 23 23 27 31 33 27
4695 21 34 399 24 39 26 22 29 22 36 33 27
4696 21 35 105 34 29 1 22 38 26 40 33 27
4697 21 32 410 26 26 46 25 29 25 27 33 27
4698 22 32 122 35 32 88 15 1 26 10 33 27
4699 22 34 184 18 37 115 25 24 35 3 33 27
4700 21 33 181 19 39 1 15 25 29 1 32 27
4701 21 28 363 18 30 1 21 53 30 19 33 27
4702 21 33 137 29 36 43 23 22 28 1 32 26
4703 21 34 135 20 31 43 22 14 21 18 33 27
4704 22 27 140 26 27 9 20 1 31 27 33 27
4705 21 35 162 23 35 1 20 17 23 12 33 27
4706 22 28 342 26 30 64 25 1 30 1 33 27
4707 22 28 217 40 27 6 23 31 21 15 33 27
4708 22 30 276 31 29 62 27 35 22 2 33 27
4709 22 31 249 12 37 1 24 16 24 1 32 27
4710 21 37 246 27 29 53 23 21 32 44 33 27
4711 22 34 194 23 31 1 23 40 31 42 33 27
4712 21 34 145 22 23 9 19 24 26 30 33 27
4713 22 30 404 22 33 88 22 22 30 1 32 27
4714 21 28 935 41 27 70 27 29 26 14 33 27
4715 21 31 413 16 41 1 26 13 34 1 33 27
4716 22 25 228 15 31 1 24 21 18 1 33 27
4717 21 32 273 30 37 1 23 39 25 11 33 27
4718 21 31 357 33 21 1 23 42 25 43 33 27
4719 21 32 329 32 19 43 28 40 29 41 33 27
4720 22 35 152 43 40 1 20 1 23 2 33 27
4721 21 40 177 23 35 73 20 38 22 35 33 27
4722 21 32 245 17 31 9 20 24 22 1 33 27
4723 22 28 205 32 26 31 21 22 25 1 32 27
4724 21 26 232 33 8 45 20 8 30 16 33 27
4725 21 26 236 27 15 23 22 23 31 15 33 27
4726 21 30 145 19 30 35 23 34 31 16 33 27
4727 21 29 123 23 31 1 24 60 22 23 33 27
4728 21 32 223 11 37 31 20 26 22 1 33 27
4729 22 32 250 25 27 42 23 29 27 37 34 27
4730 22 37 395 29 37 24 24 32 31 5 33 27
4731 21 34 228 27 25 91 21 39 27 36 33 27
4732 22 29 238 27 27 23 23 22 25 16 33 27
4733 22 32 107 25 27 16 21 25 25 22 33 27
4734 22 29 314 26 25 34 20 22 25 1 33 27
4735 22 29 94 33 24 37 25 1 30 12 33 27
4736 21 31 281 40 24 21 21 39 22 39 33 27
4737 21 34 136 11 39 1 20 37 30 13 33 27
4738 22 35 197 22 39 1 24 31 28 17 33 27
4739 21 32 319 28 20 15 24 36 34 35 33 27
4740 22 32 311 21 38 1 21 26 29 35 33 27
4741 21 38 248 21 33 71 21 32 37 37 33 27
4742 21 28 114 31 29 1 17 41 19 13 33 27
4743 22 28 216 30 24 22 20 30 24 10 33 27
4744 22 31 680 23 27 9 23 26 25 34 33 27
4745 22 35 516 32 41 97 26 26 35 24 33 27
4746 21 35 241 32 32 41 20 35 22 21 33 27
4747 21 32 157 26 32 31 21 34 21 11 33 27
4748 21 34 187 34 23 37 21 36 26 33 33 27
4749 21 29 294 26 21 43 23 28 22 26 33 27
4750 21 29 118 29 22 1 23 27 27 18 33 27
4751 21 35 257 32 27 48 26 25 27 44 33 27
4752 21 28 412 20 30 24 25 23 29 13 33 27
4753 21 35 117 36 28 1 22 29 21 45 33 27
4754 21 23 115 30 15 41 26 14 24 6 33 27
4755 22 35 258 28 27 1 18 31 22 42 33 27
4756 21 31 117 33 26 35 23 28 31 8 33 27
4757 21 33 234 41 12 52 24 35 23 50 33 27
4758 22 29 236 33 23 1 21 34 29 29 33 27
4759 21 37 310 20 46 44 21 20 26 24 33 27
4760 22 25 105 22 34 43 19 15 16 13 33 27
4761 21 22 141 30 21 3 19 38 31 1 33 27
4762 21 42 212 17 35 35 23 23 23 48 33 27
4763 21 37 198 35 25 61 27 31 26 42 33 27
4764 21 34 192 17 29 5 21 15 28 38 33 27
4765 22 32 249 20 27 35 24 15 23 22 33 27
4766 21 36 298 15 29 1 24 23 26 37 33 27
4767 21 34 328 18 31 27 24 28 31 17 33 27
4768 22 30 882 23 25 32 22 24 30 11 33 27
4769 21 37 184 22 35 47 20 17 27 29 33 27
4770 22 34 151 27 29 64 18 29 24 18 33 27
4771 21 36 346 39 28 1 21 39 26 47 33 27
4772 21 34 174 39 29 1 25 21 25 26 33 27
4773 22 34 248 27 30 73 24 29 29 22 33 27
4774 22 31 187 31 25 1 22 35 26 28 33 27
4775 21 41 382 23 38 56 21 1 27 30 33 27
4776 21 30 555 37 27 1 24 31 27 10 33 27
4777 21 31 523 26 39 1 26 37 29 13 33 27
4778 22 31 96 21 29 1 22 21 28 18 33 27
4779 21 37 324 32 28 43 21 35 23 43 33 27
4780 21 28 142 24 32 63 21 21 27 12 33 27
4781 21 36 369 35 34 1 23 27 27 33 33 27
4782 21 31 486 31 30 38 20 33 26 6 33 27
4783 21 32 111 19 33 74 26 29 33 8 33 27
4784 22 32 237 15 44 29 26 24 23 1 33 27
4785 22 34 273 35 25 1 23 22 29 18 33 27
4786 21 28 99 26 27 1 22 30 25 23 33 27
4787 21 32 251 10 35 1 26 27 34 22 33 27
4788 21 34 241 14 32 92 20 30 25 24 33 27
4789 21 31 300 23 33 1 18 28 23 5 33 26
4790 21 28 209 10 29 17 20 23 27 7 33 27
4791 21 34 480 25 33 114 23 19 29 23 33 27
4792 21 27 497 25 27 1 26 41 27 19 33 27
4793 21 33 149 21 30 1 22 25 24 19 33 27
4794 21 33 229 36 23 51 26 20 24 26 33 27
4795 22 37 265 22 38 68 23 25 25 1 33 27
4796 22 40 215 46 28 49 24 51 28 49 33 27
4797 21 35 125 33 28 86 20 24 30 28 33 27
4798 21 34 156 24 23 66 20 23 28 24 33 27
4799 22 31 366 22 34 1 22 21 26 8 33 27
4800 22 34 225 20 31 64 19 28 30 6 33 27
4801 22 31 155 6 36 39 22 26 25 9 33 27
4802 22 35 138 27 29 32 20 42 23 36 33 27
4803 21 28 120 35 26 42 21 31 29 15 33 27
4804 21 31 233 46 22 93 20 30 25 17 33 27
4805 22 31 264 38 16 52 23 28 19 31 33 27
4806 22 35 129 29 38 96 25 29 29 12 33 27
4807 21 29 288 24 26 1 28 28 25 10 33 27
4808 21 27 360 23 20 11 21 33 24 24 33 27
4809 21 36 250 23 36 1 25 40 22 28 33 27
4810 22 34 209 22 22 29 24 33 31 31 33 27
4811 21 31 259 26 31 1 20 30 13 29 33 27
4812 21 37 787 27 35 23 23 26 27 39 33 27
4813 22 31 198 25 37 1 17 25 22 11 33 27
4814 21 29 800 20 31 1 26 30 23 19 33 27
4815 21 34 162 39 29 39 26 35 22 29 33 27
4816 21 30 311 25 28 40 22 33 35 14 33 27
4817 22 38 150 30 40 19 22 19 42 27 33 27
4818 22 31 335 24 29 56 19 35 24 19 33 27
4819 22 29 559 19 29 45 20 23 27 1 33 27
4820 21 31 494 33 16 1 20 39 25 36 33 27
4821 21 25 154 38 19 10 23 1 35 3 33 27
4822 22 30 217 26 30 67 20 40 22 15 33 27
4823 21 32 437 33 26 22 17 36 22 37 33 27
4824 22 34 368 16 36 8 19 20 25 1 33 27
4825 21 35 375 26 31 1 17 30 25 33 33 27
4826 21 31 407 28 31 31 18 23 22 8 33 27
4827 22 30 371 22 21 10 22 25 22 26 33 27
4828 22 32 132 29 35 10 21 43 25 13 33 27
4829 22 29 127 27 20 52 24 32 23 20 33 27
4830 21 30 181 21 31 57 23 22 30 8 33 27
4831 22 24 301 28 25 33 19 24 20 1 32 27
4832 21 26 163 33 18 1 16 10 19 8 33 27
4833 22 34 451 24 36 27 21 22 33 43 33 27
4834 21 39 174 21 43 4 22 28 26 13 33 27
4835 22 32 360 33 34 1 19 1 30 22 33 27
4836 22 31 180 34 31 4 23 19 27 18 33 27
4837 21 33 137 15 34 1 28 16 24 23 33 27
4838 22 32 198 33 21 1 21 40 23 43 33 27
4839 22 36 201 29 25 36 23 1 28 41 33 27
4840 21 38 421 27 22 1 24 29 26 48 33 27
4841 22 33 150 62 32 50 31 23 28 6 33 27
4842 21 28 364 28 30 1 22 30 29 1 33 27
4843 21 34 200 14 32 18 19 27 25 17 33 27
4844 22 404 483 39 33 1 23 46 30 226 33 27
4845 21 35 230 19 29 65 21 16 30 16 33 27
4846 21 31 450 16 45 67 20 25 26 1 33 27
4847 21 29 168 30 21 27 21 32 17 10 33 27
4848 21 37 746 16 39 1 29 22 27 46 33 27
4849 21 31 160 18 30 23 17 21 24 12 33 27
4850 22 25 276 23 20 1 25 29 24 9 33 27
4851 21 36 200 28 28 1 23 29 36 25 33 27
4852 21 28 193 23 27 1 21 29 28 20 33 27
4853 21 38 362 18 42 97 24 31 18 16 33 27
4854 21 33 351 26 30 52 24 23 30 24 33 27
4855 21 31 206 40 25 23 22 32 21 37 33 27
4856 21 31 266 28 26 1 22 30 25 29 33 27
4857 21 25 93 19 24 1 22 26 32 12 33 27
4858 21 29 97 22 33 1 23 24 30 31 33 27
4859 21 30 357 30 28 1 20 31 23 27 33 27
4860 22 32 239 37 20 29 23 28 31 32 33 27
4861 21 33 484 36 31 25 18 1 32 22 33 27
4862 21 36 177 29 24 11 28 28 29 17 33 27
4863 21 31 101 30 30 75 22 19 27 14 33 27
4864 21 25 233 39 30 1 19 25 25 1 33 27
4865 21 29 436 30 28 1 23 22 30 12 33 27
4866 21 22 1672 21 21 8 24 30 29 5 33 27
4867 21 37 203 13 32 36 18 26 22 28 33 27
4868 21 27 97 24 28 4 21 30 18 19 33 27
4869 22 30 150 28 30 1 19 35 29 32 33 27
4870 21 26 257 26 19 16 23 15 26 1 33 27
4871 21 32 179 12 28 30 24 18 33 20 33 27
4872 21 32 238 27 35 65 24 49 25 15 33 27
4873 22 25 144 31 14 1 24 36 31 17 33 27
4874 21 39 260 26 44 1 20 25 33 18 33 27
4875 21 23 202 21 19 24 25 39 29 10 33 27
4876 21 31 155 34 28 60 22 53 31 30 33 27
4877 21 33 180 35 28 1 20 25 28 32 33 27
4878 22 30 185 33 20 54 23 25 32 27 33 27
4879 21 27 459 18 23 36 22 23 31 18 33 27
4880 21 31 126 16 34 33 30 30 30 10 33 27
4881 22 32 178 16 30 1 22 35 28 17 33 27
4882 21 34 405 37 23 30 19 27 22 40 33 27
4883 22 36 100 25 28 1 19 37 30 48 33 27
4884 22 31 258 32 35 11 21 23 26 1 33 27
4885 21 34 376 25 31 37 22 25 28 28 33 27
4886 21 27 369 38 21 1 24 34 35 29 33 27
4887 22 28 486 27 12 1 20 35 25 32 33 27
4888 22 27 216 18 25 1 20 22 22 18 33 27
4889 21 30 179 22 31 92 21 24 25 3 33 27
4890 21 33 105 14 37 1 22 21 29 16 33 27
4891 21 26 238 22 20 28 24 23 24 8 33 27
4892 22 35 216 29 27 68 20 13 27 21 33 27
4893 21 26 148 30 28 1 22 39 31 19 33 27
4894 22 31 303 24 29 30 22 1 34 30 33 27
4895 21 25 166 28 26 7 18 31 31 7 33 27
4896 21 36 218 31 33 122 28 19 23 15 33 27
4897 21 31 190 20 28 1 18 24 25 15 33 27
4898 22 33 149 23 26 43 25 18 28 22 33 27
4899 22 25 265 29 11 1 21 34 26 38 33 27
4900 21 30 605 20 24 62 22 28 33 31 33 27
4901 21 30 232 37 29 1 27 29 36 16 33 27
4902 22 41 345 35 33 39 25 34 28 43 33 27
4903 21 28 282 28 34 1 20 25 25 1 33 27
4904 21 23 155 30 25 1 27 22 28 4 33 27
4905 22 33 275 20 32 1 22 32 30 18 33 27
4906 22 30 213 25 31 11 21 19 26 1 33 27
4907 21 28 298 28 33 13 21 28 25 1 33 27
4908 22 31 154 34 34 5 24 1 33 26 33 27
4909 22 32 110 18 28 24 26 19 24 10 33 27
4910 22 32 141 31 31 21 21 30 21 33 33 27
4911 21 25 115 19 24 10 20 24 21 1 33 27
4912 21 35 122 28 30 1 20 25 21 45 33 27
4913 21 27 189 21 32 4 20 26 22 1 33 27
4914 21 36 275 26 35 1 21 33 24 31 33 27
4915 22 31 248 25 25 1 22 27 26 34 33 27
4916 21 31 118 28 19 26 20 23 21 39 33 27
4917 22 38 202 15 39 55 21 28 25 38 33 27
4918 21 30 158 25 25 65 21 35 32 27 33 27
4919 21 36 208 26 28 48 27 26 37 33 33 27
4920 21 33 237 15 32 1 27 18 28 32 33 27
4921 21 33 157 26 32 17 23 21 21 26 33 27
4922 22 36 179 32 32 73 24 23 26 27 33 27
4923 22 39 145 21 24 68 25 32 25 47 33 27
4924 22 30 104 34 24 25 20 38 21 18 33 27
4925 21 34 267 23 29 1 22 31 36 31 33 27
4926 21 29 99 44 28 96 22 20 28 8 33 27
4927 21 24 172 26 30 1 18 8 21 7 33 27
4928 22 24 143 25 12 23 21 36 26 28 33 27
4929 22 31 190 30 26 39 18 19 21 2 33 27
4930 21 24 172 31 22 33 22 13 26 1 33 27
4931 21 29 100 13 32 16 23 19 34 1 33 27
4932 21 34 277 19 33 67 27 25 29 13 33 27
4933 22 26 210 25 33 35 22 29 29 1 33 27
4934 21 30 99 32 23 1 22 37 24 46 33 27
4935 22 29 138 31 22 40 24 17 23 14 33 27
4936 21 31 202 24 38 1 22 22 21 1 33 27
4937 21 35 147 30 27 1 24 31 27 45 33 27
4938 21 29 254 15 27 1 25 27 33 22 33 27
4939 21 29 426 36 18 47 25 29 29 34 33 27
4940 21 32 115 24 30 30 21 48 21 17 33 27
4941 21 28 344 28 21 61 22 30 23 28 33 27
4942 21 27 154 26 15 97 23 18 28 3 33 27
4943 22 31 336 38 27 71 21 18 24 18 33 27
4944 21 39 146 39 38 90 20 22 18 35 33 27
4945 21 41 171 22 32 38 26 30 32 43 33 27
4946 22 38 126 29 33 93 25 29 25 1 33 27
4947 22 33 200 20 40 7 23 21 20 1 33 27
4948 21 34 208 33 38 94 19 21 25 1 33 27
4949 22 41 215 24 36 1 21 39 17 53 33 27
4950 21 31 206 28 27 44 27 32 23 1 33 27
4951 22 33 188 28 35 1 22 28 26 25 33 27
4952 21 32 348 34 31 58 21 28 28 6 33 27
4953 22 36 174 25 36 12 24 15 25 22 33 27
4954 21 34 242 18 27 64 17 22 25 29 33 27
4955 21 40 307 25 32 48 25 52 25 39 33 27
4956 21 28 181 26 26 17 19 28 28 9 33 27
4957 21 34 283 30 28 43 25 36 24 33 33 27
4958 21 38 199 26 41 1 21 26 28 26 33 27
4959 21 32 200 34 30 80 21 32 25 9 33 27
4960 21 27 297 30 19 64 19 30 22 17 33 27
4961 22 31 263 25 32 69 21 28 27 1 33 27
4962 21 26 229 17 16 18 23 20 26 9 33 27
4963 21 26 1002 26 32 11 19 35 28 7 33 27
4964 21 31 199 29 16 15 26 36 25 46 33 27
4965 21 26 192 30 39 26 22 43 26 1 32 27
4966 21 30 150 26 32 2 25 25 24 20 33 27
4967 21 33 199 28 33 46 23 21 23 14 33 27
4968 22 24 211 32 15 1 18 28 23 9 33 27
4969 21 41 152 16 30 7 18 25 28 51 33 27
4970 21 34 116 25 30 12 18 21 16 40 33 27
4971 21 29 200 28 18 47 20 15 27 22 33 27
4972 21 21 169 37 16 32 22 23 26 1 33 27
4973 22 35 376 31 32 36 21 48 23 39 33 27
4974 21 38 143 21 40 16 20 44 32 37 33 27
4975 22 141 194 182 37 67 22 24 25 1 33 27
4976 22 37 218 31 21 56 15 1 39 12 33 27
4977 21 28 266 16 26 18 23 21 28 1 32 27
4978 22 33 103 22 33 47 21 34 33 24 33 27
4979 21 32 198 30 26 1 23 32 20 38 33 27
4980 21 36 229 33 29 6 23 34 22 25 33 27
4981 21 34 146 19 35 72 25 45 29 24 33 27
4982 22 34 136 18 31 47 26 17 24 14 33 27
4983 22 28 170 33 25 1 22 22 34 19 33 27
4984 21 28 115 11 37 13 24 19 29 1 33 27
4985 21 35 183 23 32 26 23 37 17 26 33 27
4986 21 30 189 22 25 1 23 23 29 29 33 27
4987 21 31 438 25 25 1 24 34 20 15 33 27
4988 21 27 160 34 26 17 20 38 25 17 33 27
4989 21 37 160 32 26 17 23 31 24 47 33 27
4990 21 23 150 37 27 1 21 29 22 1 33 27
4991 21 27 308 27 35 58 17 28 26 1 32 27
4992 21 34 154 18 34 70 23 25 28 12 33 27
4993 21 28 211 19 34 1 20 1 29 7 33 27
4994 21 32 290 25 31 52 17 33 27 5 33 27
4995 21 34 159 30 29 101 22 25 24 23 33 27
4996 21 30 85 29 19 1 21 31 23 50 33 27
4997 22 29 211 23 28 43 28 31 31 26 33 27
4998 22 31 459 31 32 22 25 31 28 16 33 27
4999 21 30 206 31 30 1 24 28 28 3 33 27
5000 21 30 161 17 32 44 24 14 32 1 33 27
5001 22 35 135 20 35 24 21 26 23 21 33 27
5002 22 36 312 37 30 35 24 17 27 21 33 27
5003 21 33 264 19 22 4 26 31 27 38 33 27
5004 21 33 492 22 26 90 24 17 22 1 33 27
5005 22 30 312 12 25 29 19 25 28 19 33 27
5006 21 28 101 26 23 1 23 12 28 1 33 27
5007 22 32 110 21 29 61 26 19 27 1 33 27
5008 22 30 327 20 32 1 23 16 29 1 33 27
5009 21 30 404 15 38 29 26 24 23 25 33 27
5010 22 32 178 32 24 8 31 33 36 36 33 27
5011 21 35 194 41 37 17 19 20 21 27 33 27
5012 21 36 214 32 33 36 19 26 29 34 33 27
5013 22 36 307 23 37 1 20 23 23 23 33 27
5014 22 37 217 26 40 10 24 30 32 20 33 27
5015 21 29 326 28 14 20 26 36 21 37 33 27
5016 22 32 134 28 22 1 18 38 25 46 33 27
5017 22 32 220 30 16 45 25 30 28 38 33 27
5018 21 27 487 24 22 1 21 29 28 14 33 27
5019 21 34 460 26 37 1 20 31 34 20 32 27
5020 22 33 711 15 29 5 25 24 29 20 33 27
5021 22 34 225 36 40 78 25 41 31 18 33 27
5022 21 24 208 30 34 1 21 30 30 9 33 27
5023 21 24 272 21 25 16 29 22 31 11 33 27
5024 21 27 202 27 22 58 20 42 29 10 33 27
5025 21 31 298 26 22 3 19 29 24 30 33 27
5026 21 27 101 18 32 33 23 27 24 1 33 27
5027 21 28 175 32 27 1 21 19 27 14 33 27
5028 21 34 315 29 42 1 24 27 29 12 33 27
5029 22 29 190 16 37 1 22 18 19 1 33 27
5030 22 35 287 20 35 92 22 14 28 1 33 27
5031 22 38 755 23 37 50 22 38 32 51 33 27
5032 21 35 338 34 33 1 23 1 28 27 33 27
5033 21 28 224 25 27 57 21 24 22 14 33 27
5034 21 31 224 24 30 10 20 22 28 9 33 27
5035 21 32 158 9 38 1 21 19 27 21 33 27
5036 21 33 230 24 26 15 23 29 30 40 33 27
5037 21 33 311 37 28 41 16 26 24 24 33 27
5038 22 36 137 28 40 34 20 20 29 1 33 27
5039 21 28 762 24 30 4 19 21 25 3 33 27
5040 22 31 144 37 33 23 18 33 25 11 33 27
5041 21 29 107 29 25 15 23 25 24 15 33 27
5042 21 37 398 28 31 104 21 31 22 27 33 27
5043 21 37 113 27 39 97 25 22 25 3 33 27
5044 22 37 185 28 28 77 21 16 30 29 33 27
5045 22 31 230 22 37 29 22 24 27 1 33 27
5046 22 30 110 32 23 1 24 42 25 29 33 27
5047 21 33 213 30 20 1 23 40 21 46 33 27
5048 21 35 432 39 28 67 30 42 25 40 33 27
5049 21 33 184 29 27 46 26 39 20 36 33 27
5050 22 32 160 17 33 19 21 4 24 1 33 27
5051 21 28 635 26 26 13 21 1 27 15 33 27
5052 22 29 159 14 34 1 18 20 23 24 33 27
5053 22 24 178 31 23 1 26 30 26 1 33 27
5054 22 22 215 14 34 1 23 19 22 1 33 27
5055 21 33 750 38 17 15 26 37 22 47 33 27
5056 21 34 533 24 39 63 24 26 21 9 33 27
5057 21 33 171 25 30 62 29 26 32 23 33 27
5058 22 30 551 20 33 19 26 31 31 18 33 27
5059 22 33 179 28 33 44 17 1 25 9 33 27
5060 22 33 96 29 35 1 16 30 32 1 33 27
5061 21 31 253 24 22 19 27 37 31 37 33 27
5062 21 31 238 25 21 2 26 37 18 32 33 27
5063 21 24 202 12 27 45 23 24 19 6 33 27
5064 21 26 282 14 24 24 21 38 25 4 33 27
5065 21 23 222 41 17 37 23 33 27 4 33 27
5066 21 28 229 33 25 1 25 33 20 30 33 27
5067 37 52 491 69 38 155 46 95 32 38 53 46
5068 21 32 150 42 19 47 22 27 25 35 33 27
5069 21 29 199 28 30 18 24 20 24 1 33 27
5070 21 27 208 25 22 1 24 29 25 34 33 27
5071 21 29 673 20 30 1 28 23 28 3 33 27
5072 22 30 212 21 35 78 22 22 29 1 33 27
5073 21 34 228 18 32 1 18 28 23 33 33 27
5074 21 32 205 30 27 35 23 30 28 35 33 27
5075 22 31 191 21 36 52 26 18 31 7 33 27
5076 22 29 588 20 28 19 23 35 26 26 33 27
5077 22 40 244 25 31 52 25 31 30 24 33 27
5078 21 33 183 25 28 34 22 16 22 28 33 27
5079 21 33 160 19 32 17 23 30 34 26 33 27
5080 22 27 148 15 34 1 22 18 27 1 33 27
5081 21 32 157 26 27 43 23 26 29 12 33 27
5082 21 23 541 22 23 13 24 29 24 2 33 27
5083 21 31 247 19 31 1 24 39 20 27 33 27
5084 21 31 174 27 20 7 25 27 27 33 33 27
5085 21 35 159 32 31 70 24 27 28 1 33 27
5086 21 34 180 29 36 1 19 37 26 29 33 27
5087 21 30 381 33 25 30 21 27 27 15 33 27
5088 21 27 224 30 12 28 25 53 26 20 33 27
5089 21 35 184 24 34 77 21 22 26 22 33 27
5090 21 32 99 39 19 36 21 30 32 38 33 27
5091 22 35 112 26 29 33 23 37 20 40 33 27
5092 21 25 478 24 20 16 21 22 32 4 33 27
5093 21 31 325 15 31 45 24 17 30 7 33 27
5094 21 33 452 22 37 115 22 17 25 6 33 27
5095 21 33 203 21 33 43 21 22 27 1 33 27
5096 22 31 223 18 37 40 22 21 29 1 33 27
5097 21 30 253 26 23 41 20 1 23 15 33 27
5098 22 31 110 11 39 1 19 23 32 10 33 27
5099 22 31 96 24 21 31 22 25 28 27 33 27
5100 21 33 183 19 32 77 22 15 26 9 33 27
5101 22 32 258 25 35 53 19 20 29 1 33 27
5102 21 33 381 33 26 1 21 35 21 41 33 27
5103 21 30 560 33 19 1 22 33 28 40 33 27
5104 21 33 262 15 35 1 19 24 22 16 33 27
5105 22 34 222 30 33 85 26 27 33 16 33 27
5106 21 36 133 18 22 1 22 28 31 38 33 27
5107 22 44 559 17 42 1 22 21 24 35 33 27
5108 21 27 311 25 32 17 28 23 30 1 33 27
5109 21 33 235 20 29 21 25 24 25 26 33 27
5110 21 28 151 23 24 12 25 37 27 21 32 27
5111 21 31 203 14 31 19 28 37 21 16 33 27
5112 21 25 160 35 27 41 22 38 26 1 33 27
5113 22 32 198 33 26 23 25 27 31 26 33 27
5114 22 30 200 24 31 1 25 26 28 17 33 27
5115 21 32 191 33 30 1 28 36 18 34 33 27
5116 22 33 243 26 28 36 24 37 22 26 33 27
5117 21 34 470 18 33 92 25 29 14 15 33 27
5118 21 23 271 26 30 1 24 27 31 10 33 27
5119 21 32 139 33 23 45 24 20 26 31 33 27
5120 22 33 234 18 37 6 20 39 24 3 33 27
5121 21 32 237 31 33 50 25 24 25 25 33 27
5122 21 32 165 24 40 1 21 26 28 6 33 27
5123 21 30 169 32 19 1 22 31 21 31 33 27
5124 21 33 376 19 26 59 24 11 38 20 33 27
5125 21 25 165 26 19 32 22 18 29 18 33 27
5126 22 25 170 22 21 1 20 18 26 13 33 27
5127 21 27 79 16 23 70 23 17 28 17 33 27
5128 22 30 357 18 36 50 24 35 37 8 33 27
5129 22 31 175 31 32 1 24 22 29 5 33 27
5130 22 35 221 25 23 65 19 20 27 33 33 27
5131 21 31 145 24 33 1 24 18 36 12 33 27
5132 22 30 337 38 23 33 18 30 27 11 33 27
5133 21 32 289 15 26 36 21 31 23 26 33 27
5134 22 31 111 21 37 27 19 24 35 2 33 27
5135 21 35 205 28 28 33 26 33 26 33 33 27
5136 21 28 347 22 19 57 23 24 27 13 33 27
5137 21 31 382 26 25 71 24 20 31 22 33 27
5138 22 30 195 26 26 51 21 26 23 9 33 27
5139 21 40 192 29 39 78 20 24 27 36 33 27
5140 21 31 147 18 36 96 21 23 27 1 33 27
5141 22 34 472 23 33 4 24 30 29 16 33 27
5142 22 29 152 35 17 77 23 24 19 15 33 27
5143 21 28 217 17 29 1 25 27 25 21 33 27
5144 22 39 174 18 46 67 24 27 23 28 33 27
5145 21 30 165 14 26 63 23 32 23 5 33 27
5146 22 26 125 31 30 5 23 24 31 1 33 27
5147 22 31 96 15 38 12 21 19 19 24 33 27
5148 22 29 395 41 32 1 19 17 23 7 33 27
5149 21 28 243 32 27 31 24 15 34 3 33 27
5150 21 34 956 19 48 1 24 47 23 17 33 27
5151 22 33 326 37 34 5 24 17 22 15 33 27
5152 21 25 248 40 11 90 21 17 23 9 33 27
5153 21 33 226 26 38 53 25 25 30 17 33 27
5154 21 34 214 28 30 75 25 31 26 19 33 27
5155 21 32 142 18 37 2 21 7 30 22 33 27
5156 21 29 155 28 19 24 25 13 34 8 33 27
5157 21 29 230 17 42 1 27 21 29 5 33 27
5158 22 28 140 20 25 40 24 22 23 21 33 27
5159 22 30 184 29 20 10 22 34 21 29 33 27
5160 22 31 351 35 35 24 23 20 24 8 33 27
5161 21 27 385 28 25 4 22 14 33 5 33 27
5162 21 32 453 20 25 14 22 29 28 1 33 27
5163 21 35 287 28 35 90 22 21 27 15 33 27
5164 21 28 602 29 25 37 23 37 25 12 33 27
5165 21 30 248 37 22 37 22 19 35 15 33 27
5166 22 33 179 24 30 103 17 19 22 6 33 27
5167 21 28 420 21 23 1 23 31 27 20 33 27
5168 21 29 363 17 33 38 20 27 32 1 33 27
5169 22 32 131 31 21 40 16 21 18 32 33 27
5170 22 35 194 34 30 51 22 27 27 29 33 27
5171 21 29 264 19 29 35 19 28 25 6 33 27
5172 22 29 249 5 26 1 22 22 24 8 33 27
5173 21 31 606 16 46 1 16 25 16 6 33 27
5174 21 29 99 26 26 34 22 32 27 23 33 27
5175 22 32 506 23 25 5 24 28 28 25 33 27
5176 21 30 283 37 22 42 24 33 23 19 33 27
5177 21 31 102 2 33 4 24 15 30 32 33 27
5178 21 29 732 26 34 1 20 1 27 1 33 27
5179 21 28 245 26 18 13 20 30 26 31 33 27
5180 21 32 385 27 40 2 21 29 35 21 33 27
5181 22 39 182 32 36 52 26 24 30 18 33 27
5182 21 34 207 18 29 38 21 29 24 32 33 27
5183 21 33 227 15 30 14 23 17 27 25 33 27
5184 21 32 132 23 30 11 23 45 19 18 33 27
5185 21 29 192 12 35 15 24 21 23 1 33 27
5186 21 26 120 19 31 66 20 24 25 1 32 27
5187 22 28 93 29 24 1 22 40 30 22 33 27
5188 21 34 175 30 13 18 27 34 22 51 33 27
5189 21 34 190 21 31 105 28 32 33 19 33 27
5190 21 32 126 29 31 69 19 20 25 1 33 27
5191 22 23 331 25 26 1 23 20 26 1 33 27
5192 21 29 867 22 33 67 19 18 24 1 32 27
5193 21 35 186 21 36 1 19 32 27 17 33 27
5194 21 31 195 39 25 44 20 27 30 23 33 27
5195 22 33 330 40 18 38 23 39 29 37 33 27
5196 21 29 618 31 28 20 23 32 29 11 33 27
5197 22 31 209 28 26 1 26 40 25 26 33 27
5198 22 33 190 24 36 1 25 45 25 22 33 27
5199 21 31 198 22 33 1 26 15 23 8 33 27
5200 21 35 396 20 37 34 20 30 29 25 33 27
5201 22 27 651 26 22 1 21 29 25 24 33 27
5202 21 29 157 10 36 4 22 19 27 13 33 27
5203 22 30 228 32 20 1 22 36 30 27 33 27
5204 22 34 162 24 34 51 18 19 25 22 33 27
5205 22 29 182 16 36 15 19 25 33 1 33 27
5206 22 37 156 25 34 100 19 34 20 20 33 27
5207 21 36 943 32 34 58 23 31 27 20 33 27
5208 22 34 167 20 33 1 21 26 36 16 33 27
5209 22 41 568 21 42 1 24 29 29 32 33 27
5210 21 25 120 15 23 1 17 20 23 5 33 27
5211 22 37 224 37 34 1 23 28 25 45 33 27
5212 21 33 206 18 26 2 20 19 28 13 33 27
5213 22 34 213 21 32 1 22 1 30 31 33 27
5214 22 31 279 16 21 1 24 26 31 26 33 27
5215 21 32 437 23 29 52 17 51 19 26 33 27
5216 22 33 171 30 27 35 23 1 27 12 33 27
5217 22 28 181 30 24 41 22 37 31 10 33 27
5218 21 29 158 14 34 53 28 19 33 4 33 27
5219 22 28 222 25 32 1 18 33 20 1 33 27
5220 21 27 131 20 20 17 22 21 27 15 33 27
5221 21 25 139 23 27 31 33 24 34 1 32 27
5222 22 36 232 21 37 104 18 21 26 17 33 27
5223 22 45 577 27 39 61 29 22 30 53 33 27
5224 21 26 358 28 25 3 18 39 18 5 33 27
5225 22 31 607 29 27 85 22 25 24 1 32 27
5226 22 32 137 44 22 29 27 25 30 26 33 27
5227 21 24 340 32 26 40 17 23 24 1 33 27
5228 22 36 142 29 38 1 21 35 24 18 33 27
5229 22 37 111 21 35 1 18 17 20 41 33 27
5230 21 33 177 33 22 1 21 41 28 42 33 27
5231 21 27 83 27 28 1 22 28 31 4 33 27
5232 22 31 149 24 34 75 22 28 29 1 32 27
5233 21 29 145 32 24 22 20 27 27 31 33 27
5234 21 32 184 24 33 1 21 26 27 26 33 27
5235 21 31 643 30 28 1 26 26 27 27 33 27
5236 21 25 440 29 17 17 19 1 34 9 33 27
5237 22 31 152 25 30 1 23 22 21 26 33 27
5238 21 25 348 15 29 1 20 21 29 11 33 27
5239 21 39 318 26 37 15 24 25 24 29 33 27
5240 22 31 423 21 34 1 21 24 29 26 33 27
5241 21 34 258 25 31 54 21 27 21 1 33 27
5242 21 32 99 14 29 34 24 20 28 1 32 27
5243 22 28 101 20 30 24 21 20 26 1 33 27
5244 21 30 160 15 38 10 22 30 27 4 33 27
5245 21 38 150 33 28 20 19 27 21 41 33 27
5246 22 29 114 21 35 1 25 31 25 1 33 27
5247 21 38 274 28 36 108 20 24 31 19 33 27
5248 21 35 276 34 26 39 20 27 30 33 33 27
5249 21 32 240 17 36 81 22 23 24 1 32 26
5250 22 26 316 19 25 1 17 33 24 10 33 27
5251 22 32 288 45 34 99 21 24 31 1 33 27
5252 22 30 279 18 32 1 23 22 35 22 33 27
5253 22 35 228 24 35 1 22 24 24 18 33 27
5254 21 31 344 31 31 1 24 31 25 12 33 27
5255 21 28 618 23 28 1 24 23 30 4 33 27
5256 21 26 223 38 26 51 28 25 25 6 33 27
5257 22 32 117 34 21 1 24 33 29 47 33 27
5258 22 34 823 42 26 100 21 1 24 38 33 27
5259 22 32 201 27 35 31 23 29 23 25 33 27
5260 21 34 345 25 31 98 26 22 27 9 33 27
5261 21 30 125 22 27 1 21 17 29 10 33 27
5262 21 36 236 28 32 19 25 32 26 46 33 27
5263 21 27 250 16 26 21 24 27 28 9 33 27
5264 21 42 662 19 27 21 27 45 27 25 33 27
5265 21 38 163 27 39 1 24 36 24 36 33 27
5266 21 33 446 22 39 49 25 25 31 15 33 27
5267 21 28 137 27 30 1 20 30 28 13 33 27
5268 21 33 199 31 25 1 24 34 25 52 33 27
5269 21 30 238 30 18 8 24 31 26 31 33 27
5270 21 33 170 26 28 17 22 34 23 29 33 27
5271 22 28 90 24 19 48 21 36 25 5 33 27
5272 21 33 572 17 38 17 24 21 30 24 33 27
5273 22 39 185 35 30 28 30 29 24 47 33 27
5274 22 33 182 22 25 1 25 40 27 36 33 27
5275 21 26 131 41 20 50 23 20 29 14 33 27
5276 22 34 159 20 39 39 22 21 25 1 33 27
5277 21 28 145 49 9 57 33 17 36 21 33 27
5278 21 27 206 22 29 66 22 49 26 8 33 27
5279 21 36 366 38 32 77 20 18 31 28 33 27
5280 22 33 178 21 41 25 24 20 34 1 32 27
5281 21 30 350 23 31 27 27 29 31 4 33 27
5282 22 27 149 44 29 34 20 29 31 10 33 27
5283 21 35 236 26 42 1 23 23 32 10 33 27
5284 21 27 181 29 18 12 18 32 23 33 33 27
5285 21 30 412 20 24 32 24 11 29 26 33 27
5286 22 26 199 30 22 41 22 29 21 1 33 27
5287 21 29 250 19 36 34 18 27 22 1 33 27
5288 22 27 219 16 32 1 20 28 21 1 33 27
5289 21 29 183 8 25 42 18 22 28 15 33 27
5290 21 30 1806 27 32 1 22 43 24 18 33 27
5291 21 29 151 21 35 11 24 26 36 16 33 27
5292 21 34 296 24 26 40 17 22 28 33 33 27
5293 22 39 258 25 37 19 24 34 17 25 33 27
5294 21 33 244 19 33 53 24 24 29 1 33 27
5295 21 27 190 34 24 20 21 19 27 1 33 27
5296 21 27 177 25 20 1 23 28 23 17 33 27
5297 21 30 147 35 28 49 21 14 25 23 33 27
5298 21 29 149 24 32 26 23 40 27 16 33 27
5299 21 30 1087 22 33 98 24 32 23 1 33 27
5300 22 28 285 37 29 24 22 1 26 10 33 27
5301 22 31 149 39 31 98 22 1 25 1 33 27
5302 21 31 287 19 27 1 21 26 26 21 33 27
5303 21 28 94 36 17 1 20 32 28 37 33 27
5304 22 35 172 11 22 53 17 21 30 36 33 27
5305 21 36 295 27 34 59 23 23 27 1 33 27
5306 21 33 358 8 18 1 22 34 31 47 33 27
5307 21 25 185 36 30 38 26 32 32 1 33 27
5308 21 31 245 30 27 32 26 32 23 30 33 27
5309 21 32 118 28 32 54 18 35 27 21 33 27
5310 21 37 273 38 28 1 21 37 27 50 33 27
5311 21 29 102 20 29 19 22 21 26 1 32 27
5312 21 34 200 34 24 98 76 14 37 32 33 27
5313 21 35 397 28 36 50 21 18 23 13 33 27
5314 22 34 202 26 28 1 21 38 25 48 33 27
5315 22 31 117 23 32 75 19 17 26 1 33 27
5316 22 26 180 22 31 26 22 31 29 1 33 27
5317 21 28 410 24 27 1 17 22 29 22 33 27
5318 21 29 230 18 37 24 21 20 25 5 33 27
5319 22 31 417 22 35 13 24 36 27 6 33 27
5320 22 30 183 24 33 1 24 34 30 1 32 27
5321 21 28 162 14 28 47 27 26 28 1 32 26
5322 21 29 282 16 42 1 20 16 23 1 32 27
5323 21 34 165 28 25 59 25 26 23 36 33 27
5324 22 30 117 23 31 1 26 22 30 9 33 27
5325 21 35 400 29 38 1 19 23 24 23 33 27
5326 21 34 105 26 32 86 23 21 29 1 33 27
5327 22 27 154 28 29 1 20 20 28 1 33 27
5328 22 42 169 16 49 32 25 25 33 28 33 27
5329 22 32 321 13 33 37 25 36 27 25 33 27
5330 21 25 157 25 22 9 27 17 21 1 33 27
5331 22 27 175 14 29 1 19 28 25 1 33 27
5332 21 27 151 23 32 17 26 22 31 11 33 27
5333 22 36 351 20 36 42 19 12 25 26 33 27
5334 21 27 163 13 28 27 21 75 28 11 33 27
5335 22 24 359 9 26 28 14 19 27 1 33 27
5336 21 30 333 25 32 36 21 31 28 1 33 27
5337 21 32 255 18 40 1 22 32 29 1 33 27
5338 21 33 105 25 39 84 22 21 28 1 33 27
5339 22 21 78 22 34 1 21 24 25 1 33 27
5340 21 34 325 24 30 46 22 26 23 7 33 27
5341 21 28 169 26 26 22 23 33 27 19 33 27
5342 22 39 162 24 30 1 23 17 24 32 33 27
5343 21 28 152 27 24 38 21 26 30 1 33 27
5344 22 28 389 32 32 1 21 32 26 1 33 27
5345 21 33 256 38 27 9 21 31 27 28 33 27
5346 22 35 178 25 44 49 20 31 20 21 33 27
5347 21 34 349 30 31 42 24 45 29 17 33 27
5348 21 32 237 24 33 37 17 24 21 1 33 27
5349 21 30 130 25 29 1 21 39 23 30 33 27
5350 22 26 170 20 24 10 19 27 23 1 32 27
5351 21 26 264 38 35 1 26 28 31 1 32 27
5352 21 21 91 28 17 1 19 1 26 17 33 27
5353 21 39 99 34 29 1 21 17 22 31 33 27
5354 22 32 197 24 28 1 22 41 23 43 33 27
5355 22 29 289 19 31 88 22 19 28 1 32 27
5356 21 33 109 31 28 15 22 32 22 28 33 27
5357 22 33 203 27 27 1 22 26 27 24 33 27
5358 21 29 171 17 28 1 21 28 18 28 33 27
5359 22 32 411 31 22 38 21 36 22 29 33 27
5360 21 33 198 22 24 23 24 31 31 17 33 27
5361 21 31 430 23 26 1 26 32 27 18 33 27
5362 21 31 125 23 25 27 20 24 25 36 33 27
5363 22 29 418 23 33 1 25 34 36 15 33 27
5364 21 26 170 26 19 12 24 24 30 12 33 27
5365 22 28 187 22 20 55 26 22 28 1 32 27
5366 21 28 317 14 24 23 27 28 27 1 33 27
5367 21 36 187 18 33 25 24 27 34 9 33 27
5368 21 26 152 14 23 21 22 27 26 7 33 27
5369 21 32 182 30 24 20 23 37 22 48 33 27
5370 21 37 142 34 30 55 23 33 22 44 33 27
5371 22 33 250 28 33 1 22 36 26 26 33 27
5372 21 34 201 16 36 46 19 17 29 17 33 27
5373 22 38 221 32 37 30 27 28 34 25 33 27
5374 22 32 319 17 26 49 22 13 32 18 33 27
5375 22 39 277 22 36 52 25 29 35 22 33 27
5376 21 29 277 14 25 23 21 31 26 19 33 27
5377 21 32 232 30 19 39 21 23 25 22 33 27
5378 21 24 117 35 19 1 24 22 29 11 33 27
5379 21 29 193 15 34 65 21 28 32 1 33 27
5380 21 32 189 23 21 95 23 29 15 35 33 27
5381 21 32 187 24 27 19 19 26 23 22 33 27
5382 21 31 219 33 23 61 18 17 27 15 33 27
5383 21 29 140 33 26 1 22 12 26 19 33 27
5384 22 37 194 22 25 35 26 23 26 21 33 27
5385 21 29 319 29 28 18 23 23 27 17 33 27
5386 22 27 241 22 34 1 20 1 32 10 33 27
5387 22 38 220 27 29 1 19 1 25 33 33 27
5388 21 31 226 30 24 1 21 21 24 19 33 27
5389 22 31 228 29 15 19 22 29 26 29 33 27
5390 22 25 272 23 21 1 20 30 25 10 33 27
5391 21 29 146 27 14 24 18 30 27 46 33 27
5392 21 31 101 23 32 80 20 21 23 1 33 27
5393 22 36 204 27 32 1 24 49 27 34 33 27
5394 21 33 138 16 42 69 23 28 28 11 33 27
5395 22 32 213 22 37 7 20 19 31 1 33 27
5396 21 34 217 29 31 44 21 28 29 23 33 27
5397 21 36 154 20 26 1 27 32 30 35 33 27
5398 21 31 186 24 33 1 26 22 27 17 33 27
5399 22 40 493 36 40 124 17 28 27 26 33 27
5400 22 33 248 23 32 57 20 21 30 1 33 27
5401 22 34 372 33 31 1 24 38 29 34 33 27
5402 22 28 139 27 36 48 21 27 27 1 33 27
5403 21 35 337 30 31 40 24 28 30 24 33 27
5404 21 35 220 32 37 75 21 22 34 10 33 27
5405 21 30 90 17 23 19 25 24 27 9 33 27
5406 21 30 327 18 34 1 23 23 25 28 33 27
5407 21 36 159 29 33 40 21 22 29 17 33 27
5408 22 31 158 31 20 19 21 38 26 53 33 27
5409 22 41 688 38 29 49 22 40 27 38 33 27
5410 22 42 143 21 38 95 21 36 28 36 33 27
5411 21 35 205 35 29 1 24 29 31 36 33 27
5412 22 36 128 33 30 53 22 35 29 40 33 27
5413 21 31 300 26 20 1 22 29 23 43 33 27
5414 21 30 189 25 19 15 21 35 28 30 33 27
5415 21 26 155 31 26 20 19 23 18 1 32 27
5416 21 38 133 30 30 1 20 37 26 41 33 27
5417 22 29 286 31 27 2 20 21 25 18 33 27
5418 22 30 218 35 24 4 20 29 22 28 33 27
5419 21 32 566 28 25 70 26 44 28 29 33 27
5420 22 32 247 26 28 46 23 24 25 20 33 27
5421 21 35 361 18 34 1 21 45 19 38 33 27
5422 21 34 94 21 24 13 23 26 27 28 33 27
5423 21 32 123 38 33 81 25 20 26 20 33 27
5424 21 38 201 31 34 55 24 35 29 37 33 27
5425 22 36 211 21 45 38 19 19 30 1 33 27
5426 22 26 469 35 23 24 26 24 31 13 33 27
5427 21 29 151 26 20 45 26 22 35 19 33 27
5428 21 30 226 24 30 16 20 31 31 19 33 27
5429 21 30 144 18 32 1 24 28 26 21 33 27
5430 22 27 170 21 28 9 24 17 29 1 33 27
5431 22 36 272 25 38 94 24 23 36 7 33 27
5432 22 29 192 31 20 1 21 27 23 35 33 27
5433 21 32 389 26 30 22 27 23 22 28 33 27
5434 21 31 181 28 32 16 23 37 30 37 33 27
5435 21 36 220 32 40 72 22 20 27 20 33 27
5436 21 31 172 27 28 1 22 33 30 34 33 27
5437 21 29 160 21 27 35 25 34 26 12 33 27
5438 21 32 178 24 34 29 22 17 25 1 33 27
5439 22 32 139 26 29 3 21 25 23 15 33 27
5440 22 34 156 27 27 23 22 25 23 25 33 27
5441 21 36 1119 23 36 75 23 33 29 4 33 27
5442 22 29 148 30 23 1 20 32 26 35 33 27
5443 21 21 338 29 22 6 22 19 29 1 33 27
5444 21 35 275 16 27 28 22 28 29 30 33 27
5445 22 27 265 35 11 1 24 35 29 19 33 27
5446 21 37 205 27 34 1 19 17 24 30 33 27
5447 21 28 281 27 33 1 19 24 25 4 33 27
5448 21 28 202 24 29 26 23 25 26 5 33 27
5449 22 29 142 29 27 1 25 31 26 35 33 27
5450 22 33 215 36 27 58 18 29 22 42 33 27
5451 21 33 220 32 34 56 22 49 24 22 33 27
5452 22 28 507 22 28 39 21 18 25 3 33 27
5453 21 33 482 23 27 54 24 31 22 25 33 27
5454 21 26 130 16 27 38 23 26 32 1 33 27
5455 21 33 168 25 35 1 23 25 30 16 33 27
5456 22 33 107 37 27 1 21 39 24 35 33 27
5457 21 37 331 24 38 85 25 21 30 16 33 27
5458 21 28 244 26 30 1 22 33 27 8 33 27
5459 21 32 221 29 18 1 21 38 31 36 33 27
5460 21 30 142 16 25 1 26 28 28 21 33 27
5461 21 29 220 25 20 25 25 43 24 12 33 27
5462 21 28 203 27 25 34 22 17 27 12 33 27
5463 22 34 205 31 35 53 25 26 17 28 33 27
5464 21 28 437 15 31 1 27 35 34 1 33 27
5465 21 32 183 30 23 69 26 40 23 21 33 27
5466 21 30 180 14 35 1 21 16 24 20 33 27
5467 22 37 183 27 38 1 18 20 26 29 33 27
5468 22 31 530 29 31 88 23 41 26 23 33 27
5469 21 28 187 25 22 1 19 35 18 30 33 27
5470 22 29 768 32 21 1 22 36 24 33 33 27
5471 21 29 257 30 24 1 22 37 25 36 33 27
5472 22 33 130 20 33 16 20 19 25 23 33 27
5473 21 35 229 21 27 22 19 19 20 23 33 27
5474 22 33 180 34 37 1 21 30 24 17 33 27
5475 21 26 193 16 27 59 20 30 34 8 33 27
5476 22 29 266 24 30 67 21 27 26 1 33 27
5477 21 31 303 25 30 33 24 23 28 34 33 27
5478 21 30 264 22 23 20 22 26 24 14 33 27
5479 22 32 291 11 33 18 23 24 23 4 33 27
5480 21 30 185 18 26 1 15 25 20 22 33 27
5481 22 36 251 29 26 50 19 23 24 26 33 27
5482 21 33 160 38 36 1 19 18 28 7 33 27
5483 21 30 146 30 28 25 19 20 23 17 33 27
5484 21 37 240 33 25 43 23 38 31 37 33 27
5485 21 31 262 17 34 51 24 31 29 1 33 27
5486 21 28 212 25 29 58 22 22 17 13 33 27
5487 22 33 186 18 29 41 24 18 28 35 33 27
5488 21 30 212 19 27 1 21 18 25 26 33 27
5489 21 33 177 17 37 60 23 19 25 8 33 27
5490 21 29 181 35 25 50 23 31 23 29 33 27
5491 21 31 250 25 34 33 25 23 30 6 33 27
5492 21 25 173 19 15 18 18 25 26 9 33 27
5493 21 33 139 26 37 1 21 30 30 13 33 27
5494 21 32 162 29 28 1 20 28 27 12 33 27
5495 22 31 169 17 33 70 22 32 29 1 33 27
5496 21 27 418 30 31 37 22 32 26 9 33 27
5497 21 33 138 25 26 54 22 37 20 28 33 27
5498 21 27 142 34 18 32 22 27 20 6 33 27
5499 22 29 166 33 23 36 18 27 32 21 33 27
5500 21 29 376 33 31 1 21 36 21 11 33 27
5501 22 35 361 47 31 22 28 35 23 19 33 27
5502 22 35 123 21 36 56 22 29 34 15 33 27
5503 21 28 160 26 28 2 23 18 27 6 33 27
5504 21 32 570 19 31 16 21 25 29 18 33 27
5505 21 29 174 29 22 14 21 24 20 17 33 27
5506 22 34 168 30 28 41 26 16 25 22 33 27
5507 21 28 202 34 31 57 16 30 17 16 33 27
5508 21 30 99 24 20 27 19 24 29 27 33 27
5509 21 33 286 27 30 69 23 1 32 20 33 27
5510 22 33 174 19 30 1 22 20 19 21 33 27
5511 22 37 357 34 38 1 20 36 30 27 33 27
5512 21 37 139 21 33 38 24 26 28 20 33 27
5513 22 33 357 32 28 1 20 23 28 31 33 27
5514 22 31 266 27 25 37 22 29 30 32 33 27
5515 21 21 1633 24 20 1 18 47 19 8 33 27
5516 21 28 451 15 25 1 20 25 20 13 33 27
5517 21 28 169 25 14 1 28 33 24 33 33 27
5518 22 40 91 25 25 1 18 30 23 42 33 27
5519 21 26 186 28 30 1 23 40 25 1 33 27
5520 21 26 174 20 25 16 21 11 27 13 33 27
5521 21 37 445 15 37 37 23 24 22 32 33 27
5522 22 29 207 32 28 1 23 35 30 4 33 27
5523 21 30 189 37 18 1 24 33 18 35 33 27
5524 21 29 312 31 27 49 26 28 24 11 33 27
5525 21 31 217 5 26 1 15 22 21 33 33 27
5526 22 37 97 19 26 10 22 25 27 16 33 27
5527 22 37 203 39 35 45 24 38 30 25 33 27
5528 22 29 193 22 23 32 21 25 33 25 33 27
5529 21 30 358 26 33 64 19 25 19 5 33 27
5530 22 33 171 25 37 18 23 28 28 1 33 27
5531 21 35 156 20 27 35 26 32 31 29 33 27
5532 21 33 159 22 33 84 20 27 24 5 33 27
5533 21 31 174 17 34 1 25 29 17 8 33 27
5534 22 30 194 35 15 40 23 28 24 1 33 27
5535 22 31 310 34 28 58 22 24 28 10 33 27
5536 22 33 398 20 30 54 21 31 22 27 33 27
5537 22 32 457 24 25 1 23 19 20 15 33 27
5538 21 36 358 15 39 1 23 20 24 14 33 27
5539 22 35 247 15 29 48 19 19 80 25 33 27
5540 22 28 195 26 19 1 19 35 29 38 33 27
5541 21 32 125 20 36 1 20 20 20 20 33 27
5542 22 28 245 25 26 73 20 24 23 15 33 27
5543 22 35 148 16 24 25 20 39 20 35 33 27
5544 22 31 294 35 23 1 24 39 32 34 33 27
5545 21 32 228 22 28 19 24 25 31 20 33 27
5546 21 35 246 35 35 1 22 29 30 27 33 27
5547 21 30 190 14 36 1 26 24 22 6 33 27
5548 21 28 292 8 31 26 22 24 30 3 33 27
5549 21 29 161 16 27 2 24 32 27 9 33 27
5550 21 32 337 31 28 1 25 26 30 30 33 27
5551 21 36 543 30 33 1 22 30 25 26 33 27
5552 21 31 94 31 24 1 22 23 23 14 33 27
5553 22 30 188 16 31 1 20 26 31 23 33 27
5554 21 32 288 29 36 28 22 28 18 25 33 27
5555 21 35 116 13 37 69 22 22 33 14 33 27
5556 21 28 767 23 29 9 20 28 25 1 33 27
5557 21 31 200 22 38 52 24 22 34 6 33 27
5558 21 32 173 16 23 1 24 23 26 36 33 27
5559 22 37 103 24 26 81 22 26 23 27 33 27
5560 21 29 270 15 30 21 21 26 31 7 33 27
5561 21 30 197 21 29 1 22 18 16 13 33 27
5562 22 35 273 13 32 57 18 20 29 26 33 27
5563 21 34 298 20 30 58 22 21 23 7 33 27
5564 21 29 187 25 16 41 21 28 27 12 33 27
5565 22 31 125 14 24 21 20 25 17 23 33 27
5566 21 31 486 30 18 13 23 26 33 21 33 27
5567 21 30 187 19 32 13 22 29 24 1 33 27
5568 21 30 322 18 30 1 24 22 21 21 33 27
5569 21 28 164 31 22 3 22 32 23 31 33 27
5570 21 36 156 24 24 12 22 16 30 26 33 27
5571 21 29 152 30 18 1 24 35 31 36 33 27
5572 21 27 114 29 16 9 18 33 27 1 33 27
5573 21 31 205 37 19 5 20 44 28 44 33 27
5574 21 38 441 28 38 4 27 32 24 29 33 27
5575 21 30 283 36 30 1 23 20 29 5 33 27
5576 21 31 514 14 42 63 24 17 28 1 33 27
5577 22 33 205 29 26 63 26 1 25 30 33 27
5578 21 30 194 24 22 35 23 1 30 38 33 27
5579 22 32 227 28 35 4 24 33 33 30 33 27
5580 22 38 234 34 27 67 25 31 30 43 33 27
5581 21 35 176 36 26 6 24 29 27 32 33 27
5582 21 31 377 38 33 42 23 27 30 13 33 27
5583 21 30 257 32 25 25 26 33 35 24 33 27
5584 22 32 243 28 25 32 27 49 31 22 33 27
5585 22 38 96 33 21 76 25 29 33 44 33 27
5586 22 37 165 24 27 88 24 28 27 30 33 27
5587 22 34 243 24 30 1 22 32 32 12 33 27
5588 22 31 189 34 31 14 24 1 31 10 33 27
5589 21 29 250 25 27 25 24 23 22 12 33 27
5590 21 22 200 34 17 24 18 20 17 6 33 27
5591 21 24 217 26 37 1 25 26 26 20 33 27
5592 21 30 173 26 14 8 21 26 29 38 33 27
5593 21 38 1293 30 35 61 25 26 26 3 33 27
5594 21 31 181 31 26 1 26 42 25 40 33 27
5595 22 28 120 31 21 1 25 37 31 29 33 27
5596 21 29 111 15 32 16 21 31 24 7 33 27
5597 22 26 162 30 23 2 21 28 28 20 33 27
5598 21 30 352 21 31 70 21 28 25 1 33 27
5599 21 29 192 25 32 1 19 23 23 6 33 27
5600 22 40 327 20 40 10 25 29 25 18 33 27
5601 21 33 187 18 32 13 19 21 19 27 33 27
5602 21 27 206 20 31 58 20 27 27 21 33 27
5603 21 33 157 23 28 12 21 26 28 42 33 27
5604 21 28 208 25 26 1 18 24 19 9 33 27
5605 22 33 837 35 31 31 20 34 21 31 33 27
5606 21 34 528 25 39 62 19 25 29 1 32 27
5607 21 21 287 24 21 9 23 19 23 1 33 27
5608 21 31 174 34 26 88 19 39 26 7 33 27
5609 21 28 231 19 39 1 28 19 26 1 33 27
5610 21 33 185 18 35 41 23 23 27 1 33 27
5611 21 31 106 22 27 1 18 27 32 31 33 27
5612 22 30 164 22 46 1 25 30 29 3 33 27
5613 21 30 268 21 33 1 21 16 22 13 33 27
5614 21 32 112 20 34 60 27 17 23 11 33 27
5615 21 31 87 8 31 1 24 24 23 15 33 27
5616 21 39 260 25 30 61 26 44 21 42 33 27
5617 22 33 199 36 21 1 24 36 26 46 33 27
5618 22 24 724 18 38 7 23 26 28 1 33 27
5619 22 30 101 24 30 1 22 30 26 10 33 27
5620 21 28 197 36 22 23 21 19 28 11 33 27
5621 21 27 937 27 32 1 20 16 14 7 33 27
5622 21 33 108 32 23 104 26 24 25 31 33 27
5623 21 36 322 20 38 11 22 35 25 19 33 27
5624 21 32 352 35 25 52 24 1 29 18 33 27
5625 21 36 118 40 29 42 27 20 27 43 33 27
5626 22 31 430 26 38 1 22 23 31 23 33 27
5627 22 31 193 20 26 22 24 31 31 30 33 27
5628 22 27 186 26 17 18 18 31 21 24 33 27
5629 21 25 152 9 32 1 19 16 28 1 33 27
5630 21 31 237 36 23 1 26 30 28 39 33 27
5631 21 30 434 27 18 1 21 31 33 41 33 27
5632 21 37 678 17 32 1 24 46 32 43 33 27
5633 21 30 282 30 32 24 22 29 29 7 33 27
5634 21 33 146 26 25 1 24 35 33 46 33 27
5635 21 32 150 28 29 1 25 33 27 28 33 27
5636 22 21 651 20 30 1 22 40 22 6 33 27
5637 22 28 93 23 29 1 25 29 27 24 33 27
5638 22 31 146 17 23 41 20 27 21 11 33 27
5639 21 29 272 37 17 13 25 35 20 40 33 27
5640 21 31 184 32 30 50 24 34 26 15 33 27
5641 21 32 397 35 28 1 22 32 24 33 33 27
5642 21 32 306 25 32 1 21 20 34 32 33 27
5643 21 32 189 21 28 51 22 32 26 12 33 27
5644 21 38 224 22 35 1 26 22 27 39 33 27
5645 21 23 1327 26 20 8 16 1 24 7 33 27
5646 21 27 297 28 17 1 25 23 26 29 33 27
5647 21 23 434 28 14 13 18 28 24 18 33 27
5648 21 32 117 29 24 18 27 41 26 38 33 27
5649 21 28 173 19 22 1 19 32 20 20 33 27
5650 22 31 114 31 35 8 24 24 27 1 33 27
5651 22 35 403 27 32 1 20 30 21 31 33 27
5652 21 31 173 30 22 1 23 32 25 36 33 27
5653 21 31 171 26 26 40 21 28 29 21 33 27
5654 22 33 164 22 31 10 57 32 28 33 33 27
5655 21 24 182 29 19 9 22 32 24 8 33 27
5656 22 32 231 15 32 43 20 27 26 10 33 27
5657 21 29 283 16 34 1 23 30 27 16 33 27
5658 21 27 213 27 28 1 23 25 25 1 33 27
5659 22 35 216 28 36 61 23 29 24 23 33 27
5660 21 32 284 38 19 30 21 21 21 26 33 27
5661 21 36 162 32 30 27 22 26 29 35 33 27
5662 21 30 174 24 32 52 21 30 20 7 33 27
5663 21 30 195 32 19 40 23 36 26 15 33 27
5664 21 27 1157 21 29 4 27 26 27 10 33 27
5665 22 30 332 22 35 1 19 28 28 16 33 27
5666 21 33 108 45 24 35 23 46 28 45 33 27
5667 22 30 241 29 34 83 21 22 29 1 33 27
5668 22 34 235 39 31 1 27 34 36 38 33 27
5669 22 28 245 16 36 1 20 18 18 9 33 27
5670 21 31 265 21 23 14 21 30 27 33 33 27
5671 21 35 177 17 38 52 29 44 22 19 33 27
5672 22 34 346 23 31 37 23 1 38 16 33 27
5673 21 31 111 17 30 1 21 20 25 15 33 27
5674 21 28 441 14 28 1 20 43 18 22 33 27
5675 21 28 234 20 26 36 24 20 28 7 33 27
5676 21 26 186 24 26 17 22 22 27 1 33 27
5677 22 30 93 19 19 5 25 1 29 37 33 27
5678 21 33 156 29 34 32 30 24 35 12 33 27
5679 22 37 166 27 43 98 23 29 29 21 33 27
5680 22 32 210 24 19 32 31 34 39 32 33 27
5681 22 32 145 24 24 43 22 38 22 26 33 27
5682 21 34 230 30 24 1 24 27 22 43 33 27
5683 22 28 473 36 21 69 23 35 27 18 33 27
5684 21 30 283 30 30 43 23 30 23 17 33 27
5685 21 25 467 29 24 48 18 21 29 15 33 27
5686 21 38 153 23 31 31 24 17 23 27 33 27
5687 21 30 431 15 30 43 19 22 25 11 33 27
5688 21 33 510 30 18 32 25 34 23 48 33 27
5689 21 41 239 21 39 101 23 27 30 26 33 27
5690 21 32 179 25 32 54 21 31 31 8 33 27
5691 21 27 103 39 24 91 25 32 24 14 33 27
5692 21 29 151 32 33 67 20 24 26 1 33 27
5693 21 25 104 28 27 22 22 10 24 1 33 27
5694 22 33 296 28 29 2 28 32 25 30 33 27
5695 21 28 188 24 30 1 21 29 25 8 33 27
5696 21 34 204 19 26 4 25 31 30 38 33 27
5697 21 30 157 16 35 1 23 17 29 7 33 27
5698 21 29 232 32 28 16 36 16 32 1 33 27
5699 21 31 325 23 30 1 19 34 23 27 33 27
5700 22 33 254 23 23 17 21 30 30 36 33 27
5701 21 31 312 14 24 13 17 24 18 29 33 27
5702 21 38 439 20 42 33 25 30 30 25 33 27
5703 21 29 185 31 24 1 22 41 27 26 33 27
5704 21 23 272 21 27 60 21 20 29 1 33 27
5705 22 34 263 36 25 1 23 31 24 48 33 27
5706 21 30 198 14 30 17 20 27 28 1 33 27
5707 22 29 241 27 24 1 23 24 28 26 33 27
5708 21 33 115 40 19 47 20 9 26 30 33 27
5709 21 29 286 20 19 1 20 23 30 12 33 27
5710 21 24 314 29 22 1 21 36 24 6 33 27
5711 21 28 263 13 24 9 20 22 26 12 33 27
5712 22 32 367 21 25 5 22 31 28 29 33 27
5713 22 35 107 18 36 65 25 59 24 31 33 27
5714 21 37 147 17 29 47 20 23 25 27 33 27
5715 21 27 418 38 23 50 26 37 34 1 33 27
5716 21 31 194 29 24 38 20 34 36 31 33 27
5717 22 34 82 17 27 23 22 37 31 36 33 27
5718 21 31 263 18 38 49 22 11 23 1 33 27
5719 22 32 99 32 29 32 26 29 31 41 33 27
5720 21 32 196 30 25 1 22 38 26 47 33 27
5721 21 31 542 21 24 37 24 31 34 32 33 27
5722 22 35 471 4 41 64 22 28 34 22 33 27
5723 21 28 188 19 29 1 19 32 22 4 33 27
5724 22 32 179 31 25 1 25 35 21 49 33 27
5725 21 33 90 13 30 1 23 32 23 31 33 27
5726 21 31 173 36 29 43 24 32 29 16 33 27
5727 21 32 749 40 21 29 27 39 30 35 33 27
5728 21 29 518 22 35 18 19 26 26 11 33 27
5729 21 28 181 17 36 59 22 20 25 1 33 27
5730 22 33 380 15 35 1 24 27 27 32 33 27
5731 22 27 181 29 23 24 20 28 23 5 33 27
5732 21 30 145 18 26 1 28 21 30 21 33 27
5733 21 30 165 25 35 25 25 27 26 1 33 27
5734 21 30 377 19 33 4 20 29 26 4 33 27
5735 21 29 421 14 37 1 23 23 27 1 33 27
5736 21 26 262 20 35 1 23 28 25 1 33 27
5737 22 29 106 31 24 6 22 36 28 32 33 27
5738 22 32 366 37 21 41 26 33 27 40 33 27
5739 21 32 276 33 18 44 24 31 24 36 33 27
5740 21 20 150 25 18 29 24 26 29 1 33 27
5741 22 28 317 12 31 45 25 31 28 20 33 27
5742 22 31 182 25 25 2 23 28 26 23 33 27
5743 22 37 295 10 35 58 23 25 30 35 33 27
5744 21 22 230 20 29 1 19 18 19 1 33 27
5745 21 37 284 31 30 29 21 27 24 37 33 27
5746 21 33 200 26 33 45 29 20 24 13 33 27
5747 22 30 211 20 35 23 22 25 26 2 33 27
5748 22 30 345 26 30 22 24 25 27 15 33 27
5749 22 28 220 35 19 1 24 33 28 20 33 27
5750 22 30 100 24 20 12 24 37 31 45 33 27
5751 22 37 461 23 31 7 26 25 31 26 33 27
5752 21 35 579 36 23 33 28 27 32 31 33 27
5753 21 36 103 18 36 30 14 22 24 12 33 27
5754 22 31 1077 20 27 21 20 33 26 17 33 27
5755 22 34 208 25 31 52 22 28 24 15 33 27
5756 21 28 356 15 36 1 22 13 24 1 33 27
5757 21 36 170 27 34 64 26 31 30 11 33 27
5758 21 22 189 17 25 7 21 33 26 6 33 27
5759 21 25 205 36 30 17 22 21 32 1 33 27
5760 21 33 581 13 34 1 20 33 20 6 33 27
5761 22 32 276 15 38 8 24 20 31 1 33 27
5762 21 29 248 14 34 8 20 29 30 14 33 27
5763 22 35 120 20 26 61 22 13 36 16 33 27
5764 22 39 334 23 43 28 24 24 29 16 33 27
5765 22 32 365 37 27 38 24 39 43 12 33 27
5766 21 30 96 43 19 86 23 26 31 16 33 27
5767 21 36 210 23 37 59 22 25 23 8 33 27
5768 21 30 387 33 26 1 26 36 29 43 33 27
5769 21 34 172 24 24 12 25 20 31 16 33 27
5770 21 39 186 18 33 36 45 1 22 36 33 27
5771 21 32 256 23 24 13 28 25 33 28 33 27
5772 21 28 186 16 29 31 23 23 28 25 33 27
5773 22 27 201 23 23 16 20 31 28 21 33 27
5774 22 34 209 20 30 72 21 26 25 1 33 27
5775 22 31 216 26 20 35 24 28 31 12 33 27
5776 21 26 1371 25 33 1 25 51 25 1 33 27
5777 21 32 220 24 28 82 23 14 28 8 33 27
5778 22 31 123 23 29 1 25 37 30 37 33 27
5779 21 27 759 14 32 1 21 45 29 5 33 27
5780 22 33 140 25 21 43 23 25 33 14 33 27
5781 21 28 1370 22 29 19 18 28 27 1 33 27
5782 21 27 134 25 18 1 22 27 36 4 33 27
5783 22 30 197 40 21 34 29 29 32 8 33 27
5784 21 27 133 28 24 50 23 41 25 3 33 27
5785 21 27 88 24 32 1 23 17 24 3 33 27
5786 21 22 152 18 29 1 18 12 25 1 33 27
5787 22 31 146 26 28 15 20 1 30 16 33 27
5788 22 28 287 30 25 1 20 26 25 20 33 27
5789 22 28 317 27 26 31 23 26 24 1 33 27
5790 21 30 362 17 33 1 18 23 18 14 33 27
5791 21 35 465 30 34 34 26 25 21 19 33 27
5792 21 36 167 33 34 66 29 27 27 26 33 27
5793 21 30 723 34 18 5 22 37 25 34 33 27
5794 21 30 118 19 30 33 20 23 30 1 33 27
5795 21 34 227 19 36 1 20 19 28 17 33 27
5796 21 36 547 31 35 22 24 46 17 23 33 27
5797 22 28 124 32 23 28 20 26 23 25 33 27
5798 22 31 172 22 29 1 18 27 19 24 33 27
5799 21 36 489 27 30 17 22 21 21 26 33 27
5800 21 36 267 22 26 26 25 33 23 42 33 27
5801 22 33 140 26 21 21 24 1 32 20 33 27
5802 22 29 108 27 19 59 25 24 27 26 33 27
5803 22 33 168 29 28 72 27 39 27 25 33 27
5804 22 26 88 27 32 27 22 24 27 1 33 27
5805 22 32 231 26 28 44 22 30 25 16 33 27
5806 22 32 214 33 22 1 24 32 23 39 33 27
5807 21 29 309 33 18 33 20 20 22 17 33 27
5808 21 36 110 15 28 33 23 21 24 27 33 27
5809 21 33 129 20 41 72 21 19 28 5 33 27
5810 22 38 205 32 33 75 25 31 28 28 33 27
5811 21 31 261 31 28 1 25 28 28 6 33 27
5812 21 32 118 23 25 42 18 18 15 5 33 27
5813 21 26 128 19 20 3 23 29 23 25 33 27
5814 21 31 282 20 35 1 25 16 26 16 33 27
5815 21 29 469 26 35 29 23 27 25 14 33 27
5816 21 27 394 25 33 25 22 25 25 5 33 27
5817 21 24 116 13 18 31 19 35 19 3 33 27
5818 21 32 262 21 30 1 21 12 26 15 33 27
5819 21 32 204 27 26 52 23 24 29 3 33 27
5820 21 29 204 33 25 1 23 35 28 28 33 27
5821 21 31 184 19 39 14 20 26 27 4 33 27
5822 22 32 114 25 33 34 24 30 29 1 33 27
5823 22 28 302 28 28 31 18 20 27 3 33 27
5824 21 33 475 25 29 36 23 33 26 30 33 27
5825 21 35 281 33 28 5 25 33 25 35 33 27
5826 22 34 462 28 37 86 23 20 23 14 33 27
5827 22 34 134 28 23 1 21 33 24 40 33 27
5828 21 36 284 19 26 11 22 32 20 40 33 27
5829 21 34 212 30 30 42 24 19 27 28 33 27
5830 22 30 188 43 20 26 20 30 22 18 33 27
5831 22 25 212 22 19 6 21 15 22 1 33 27
5832 21 29 232 26 26 1 23 28 19 30 33 27
5833 22 36 166 20 38 34 22 21 29 9 33 27
5834 21 30 237 23 26 1 24 20 30 20 33 27
5835 21 27 203 28 28 1 22 28 30 15 33 27
5836 21 27 201 7 13 11 24 22 29 19 33 27
5837 21 29 164 15 35 12 24 38 31 1 33 27
5838 21 31 167 26 30 22 25 43 22 9 33 27
5839 21 36 672 35 28 1 22 42 24 38 33 27
5840 21 30 230 20 32 8 24 24 35 4 33 27
5841 22 28 400 28 15 67 20 32 25 20 33 27
5842 21 36 185 33 29 1 27 25 24 32 33 27
5843 22 32 207 36 28 11 20 31 22 27 33 27
5844 22 23 713 16 31 1 20 44 14 3 33 27
5845 22 39 126 40 42 76 21 28 29 8 33 27
5846 22 30 342 32 12 10 18 30 24 38 33 27
5847 21 29 196 37 26 1 22 43 17 33 33 27
5848 22 36 380 19 36 56 24 37 27 26 33 27
5849 21 32 408 16 36 1 28 26 30 3 33 27
5850 21 28 204 36 27 89 23 29 25 20 33 27
5851 21 36 804 30 39 1 24 28 21 38 33 27
5852 22 30 97 30 31 1 16 30 26 1 33 27
5853 21 31 223 29 26 4 24 25 25 30 33 27
5854 22 33 153 28 35 4 20 23 27 19 33 27
5855 22 34 213 42 36 1 23 35 25 34 33 27
5856 21 29 103 19 36 71 23 18 26 1 33 27
5857 21 31 113 36 28 1 21 29 24 39 33 27
5858 21 17 604 32 13 1 19 36 16 1 33 27
5859 21 38 349 19 40 1 22 35 21 37 33 27
5860 22 32 138 15 26 39 22 27 26 18 33 27
5861 21 29 386 34 25 43 23 35 21 21 33 27
5862 22 33 185 24 35 54 24 21 30 25 33 27
5863 21 37 154 41 26 13 21 33 28 45 33 27
5864 21 31 191 23 35 55 23 20 28 2 33 27
5865 22 28 248 36 19 1 21 31 24 27 33 27
5866 21 32 89 20 28 45 22 37 24 11 33 27
5867 21 33 184 30 32 71 26 26 29 1 33 27
5868 21 30 434 40 38 49 21 25 23 7 33 27
5869 21 24 222 30 17 32 24 39 19 1 33 27
5870 21 33 167 31 37 45 23 32 25 20 33 27
5871 21 30 189 22 24 14 23 30 19 12 33 27
5872 22 38 152 20 40 1 28 29 34 21 33 27
5873 21 30 133 14 18 54 24 24 29 25 33 27
5874 21 35 250 32 34 67 24 23 31 5 33 27
5875 21 36 192 24 32 89 22 31 25 4 33 27
5876 21 32 159 23 24 21 26 23 33 31 33 27
5877 21 34 266 21 23 15 19 30 20 36 33 27
5878 22 32 291 16 32 23 20 47 24 24 33 27
5879 21 19 671 32 12 1 23 18 32 3 33 27
5880 21 34 340 6 26 27 22 33 18 37 33 27
5881 22 27 82 31 26 4 23 21 24 1 33 27
5882 21 30 172 24 28 1 25 1 16 18 33 27
5883 21 27 203 25 28 1 20 40 27 24 33 27
5884 21 37 241 18 31 51 21 24 23 39 33 27
5885 21 33 148 24 27 43 22 33 25 23 33 27
5886 21 32 639 19 36 1 22 22 27 8 33 27
5887 22 37 243 28 42 71 26 23 30 18 33 27
5888 22 34 132 27 35 1 19 29 32 23 33 27
5889 21 35 277 21 34 82 23 30 27 1 33 27
5890 21 36 176 26 32 1 19 25 28 33 33 27
5891 21 32 174 31 30 88 22 26 21 27 33 27
5892 22 28 196 27 25 1 17 28 27 22 33 27
5893 21 32 323 27 24 9 22 31 21 39 33 27
5894 21 34 105 14 36 49 19 1 28 25 33 27
5895 22 32 267 35 28 89 21 1 30 28 33 27
5896 22 35 184 31 34 1 15 24 25 23 33 27
5897 21 27 112 21 22 48 20 33 27 5 33 27
5898 22 31 488 33 25 1 16 25 28 34 33 27
5899 21 30 134 24 28 58 24 30 30 14 33 27
5900 21 31 186 23 26 33 22 19 28 10 33 27
5901 21 31 330 31 29 1 22 38 28 36 33 27
5902 22 32 132 31 40 1 22 25 24 20 33 27
5903 22 28 300 22 20 59 16 27 20 7 33 27
5904 21 27 516 26 28 35 24 1 30 1 33 27
5905 21 34 265 32 27 24 26 34 28 26 33 27
5906 21 31 153 30 31 55 24 20 31 20 33 27
5907 21 27 2006 11 29 1 27 31 26 4 33 27
5908 21 29 130 25 24 1 20 25 29 23 33 27
5909 22 28 191 30 30 1 20 22 25 1 33 27
5910 21 29 364 32 16 37 18 31 20 17 33 27
5911 21 32 216 34 29 83 23 28 29 26 33 27
5912 21 30 397 17 32 21 20 29 24 1 33 27
5913 21 29 244 29 30 1 29 23 33 9 33 27
5914 22 36 317 25 42 77 24 24 24 1 33 27
5915 21 31 184 35 30 2 21 38 26 34 33 27
5916 21 31 167 37 25 12 22 30 18 21 33 27
5917 21 29 431 30 31 65 23 27 27 1 33 27
5918 21 32 194 31 27 34 21 30 22 28 33 27
5919 21 31 215 19 32 24 22 24 27 1 33 27
5920 22 29 254 31 12 5 25 31 22 44 33 27
5921 21 29 193 20 21 25 21 24 24 34 33 27
5922 21 29 165 25 26 12 21 34 26 14 33 27
5923 22 32 189 26 35 1 22 28 34 44 33 27
5924 21 29 183 37 24 19 25 35 26 13 33 27
5925 21 28 159 24 22 1 23 30 20 25 33 27
5926 21 33 412 21 28 45 25 28 22 14 33 27
5927 21 29 163 16 31 1 18 11 23 15 32 26
5928 21 30 166 21 23 19 18 28 31 35 33 27
5929 21 35 554 24 37 22 24 22 26 18 33 27
5930 22 26 233 42 24 70 23 20 21 1 32 27
5931 22 22 202 17 23 1 17 24 22 1 33 27
5932 21 36 161 23 40 1 25 33 35 17 33 27
5933 22 29 205 24 28 37 24 15 30 27 33 27
5934 21 26 290 21 32 6 23 22 27 1 33 27
5935 21 33 172 2 35 1 23 34 19 34 33 27
5936 21 23 313 22 19 1 22 24 26 14 33 27
5937 21 32 344 27 17 83 22 1 35 20 33 27
5938 21 29 144 15 35 1 22 21 19 1 33 27
5939 21 27 155 28 16 11 19 30 23 26 33 27
5940 21 35 190 25 33 1 19 18 30 10 33 27
5941 21 25 117 23 22 1 22 30 23 20 33 27
5942 22 33 142 24 44 68 23 22 27 1 33 27
5943 21 30 294 14 36 26 24 19 28 1 33 27
5944 21 36 378 22 24 19 27 30 29 21 33 27
5945 21 29 257 30 26 17 23 29 27 28 33 27
5946 21 29 218 35 34 41 26 22 26 1 33 27
5947 21 21 222 36 24 1 20 34 27 1 33 27
5948 22 28 128 24 25 49 27 22 25 2 33 27
5949 21 31 230 32 31 18 21 31 19 17 33 27
5950 21 31 178 39 26 1 23 37 23 35 33 27
5951 22 33 150 31 16 19 22 22 27 27 33 27
5952 22 36 619 39 27 64 21 34 30 31 33 27
5953 21 27 83 17 29 24 24 18 30 21 33 27
5954 22 28 165 32 25 53 19 22 28 19 33 27
5955 21 32 260 35 24 65 21 30 17 13 33 27
5956 22 34 137 17 28 33 17 23 29 24 33 27
5957 21 34 376 22 25 41 21 22 35 29 33 27
5958 22 31 277 32 23 76 18 29 23 15 33 27
5959 21 30 262 19 33 67 23 1 32 10 33 27
5960 21 32 183 11 38 1 20 11 29 35 33 27
5961 21 32 184 28 26 44 25 32 29 30 33 27
5962 22 36 190 22 35 52 24 25 28 34 33 27
5963 21 26 273 21 25 6 21 13 19 10 33 27
5964 22 27 146 30 24 31 23 21 26 1 33 27
5965 22 30 115 15 36 68 20 25 25 1 33 27
5966 21 29 374 23 33 1 21 25 23 4 33 27
5967 21 31 876 34 26 86 21 35 23 5 33 27
5968 22 39 376 20 36 1 21 27 25 34 33 27
5969 21 36 304 23 40 29 26 21 28 12 33 27
5970 21 29 208 16 29 39 23 30 27 4 33 27
5971 22 35 183 24 38 50 22 43 26 15 33 27
5972 21 30 331 16 35 1 21 26 26 4 33 27
5973 21 27 345 17 34 22 25 46 28 9 33 27
5974 21 30 170 36 17 58 20 51 24 23 33 27
5975 22 29 171 23 26 6 25 26 25 1 33 27
5976 22 26 128 18 23 2 23 1 25 7 33 27
5977 21 30 234 33 26 15 21 41 18 12 33 27
5978 22 23 285 26 14 1 24 36 24 28 33 27
5979 21 33 301 36 31 39 20 31 26 17 33 27
5980 21 23 473 40 17 11 22 31 27 6 33 27
5981 21 29 372 26 32 38 25 27 28 24 33 27
5982 22 33 215 35 39 36 21 22 24 5 33 27
5983 22 31 359 10 32 30 19 25 26 1 33 27
5984 22 35 175 5 45 1 21 27 24 17 33 27
5985 21 34 147 31 33 18 19 27 26 11 33 27
5986 21 35 160 22 35 1 24 30 26 25 33 27
5987 22 26 149 23 29 27 22 24 31 1 33 27
5988 21 34 128 29 29 32 20 30 25 29 33 27
5989 21 29 502 22 31 50 18 28 29 1 33 27
5990 22 24 118 28 14 8 26 34 22 23 33 27
5991 22 32 156 27 32 1 25 22 26 11 33 27
5992 21 33 103 31 27 21 27 29 31 14 33 27
5993 21 38 433 34 31 67 22 28 24 47 33 27
5994 21 36 143 27 27 20 26 29 29 32 33 27
5995 22 32 550 28 42 1 22 28 26 24 33 27
5996 22 28 273 24 14 2 19 42 25 21 33 27
5997 21 32 317 37 24 1 22 25 23 17 33 27
5998 21 35 153 36 30 52 27 29 30 25 33 27
5999 21 33 160 41 28 10 20 24 21 10 33 27
6000 22 28 165 15 23 1 20 33 29 17 33 27
6001 22 32 282 25 41 1 19 1 24 23 33 27
6002 22 34 112 17 40 15 25 32 25 24 33 27
6003 22 31 199 37 24 1 24 44 25 47 33 27
6004 22 32 161 21 25 26 25 25 26 23 33 27
6005 21 25 280 23 20 1 19 39 19 25 33 27
6006 21 34 162 27 35 15 23 29 16 26 33 27
6007 21 23 179 18 22 12 22 13 23 1 33 27
6008 22 25 190 37 27 3 20 1 38 7 33 27
6009 21 39 829 30 35 1 21 34 24 30 33 27
6010 21 36 462 30 28 53 22 31 22 37 33 27
6011 21 23 88 32 26 16 20 34 20 1 33 27
6012 21 30 326 39 19 1 20 41 19 38 33 27
6013 21 24 152 33 19 1 20 40 25 3 33 27
6014 21 29 196 21 31 36 20 26 24 1 33 27
6015 22 33 307 17 29 18 25 1 23 19 33 27
6016 21 26 87 18 29 1 18 18 18 10 33 27
6017 21 28 105 25 26 18 18 42 22 16 33 27
6018 21 31 226 23 33 1 23 21 23 6 33 27
6019 21 32 484 32 24 1 22 36 28 43 33 27
6020 21 29 407 34 19 40 24 35 32 36 33 27
6021 21 28 200 33 22 42 21 32 28 20 33 27
6022 21 34 273 34 42 66 22 33 28 3 33 27
6023 22 43 177 30 40 69 22 22 26 32 33 27
6024 22 41 133 20 27 18 24 20 15 29 33 27
6025 21 28 629 23 20 1 22 31 32 37 33 27
6026 21 32 336 29 17 9 24 30 28 50 33 27
6027 21 26 178 24 21 24 19 18 25 7 33 27
6028 21 29 415 24 24 93 22 29 22 12 33 27
6029 22 37 234 24 28 29 24 30 27 34 33 27
6030 22 33 325 19 29 46 27 24 28 22 33 27
6031 21 30 219 31 33 1 21 36 19 36 33 27
6032 22 26 222 34 21 61 22 32 30 15 33 27
6033 22 30 128 17 40 51 21 24 27 1 33 27
6034 22 31 149 28 37 62 25 1 39 14 33 27
6035 21 27 231 34 25 14 26 28 28 1 33 27
6036 22 38 159 25 39 26 21 17 25 1 33 27
6037 22 33 228 20 40 50 25 18 27 1 33 27
6038 21 31 213 25 29 60 20 24 18 7 33 27
6039 22 30 225 35 28 61 27 23 27 15 33 27
6040 21 28 290 33 23 53 16 38 21 13 33 27
6041 21 25 132 18 27 6 22 30 19 1 33 27
6042 21 23 397 36 17 1 27 25 32 1 33 27
6043 22 29 199 25 29 7 23 31 24 12 33 27
6044 21 38 309 16 37 65 20 22 26 33 33 27
6045 21 26 458 14 29 13 21 25 26 1 33 27
6046 21 21 91 29 26 1 26 40 25 1 33 27
6047 22 34 329 23 32 49 22 17 23 1 32 27
6048 22 28 211 25 32 21 19 26 28 10 33 27
6049 21 34 246 26 22 3 22 28 26 47 33 27
6050 21 30 196 25 21 16 20 32 31 30 33 27
6051 22 38 259 6 45 1 21 48 23 39 33 27
6052 21 33 114 23 31 1 20 12 31 29 33 27
6053 21 35 104 40 27 1 22 38 28 36 33 27
6054 21 29 374 18 24 43 24 28 33 29 33 27
6055 21 26 92 20 26 10 20 23 28 8 33 27
6056 21 32 268 21 30 75 21 19 26 23 33 27
6057 21 33 218 33 36 53 24 14 25 10 33 27
6058 22 33 141 25 34 11 25 28 37 3 33 27
6059 21 29 147 30 26 1 26 16 25 1 33 27
6060 21 32 307 17 35 33 21 18 25 1 33 27
6061 21 34 337 26 34 66 25 18 27 7 33 27
6062 21 34 159 31 27 1 22 39 23 53 33 27
6063 21 36 107 40 25 23 30 37 31 39 33 27
6064 21 31 153 30 30 44 20 32 24 18 33 27
6065 21 33 133 23 23 8 20 24 27 23 33 27
6066 21 25 391 26 24 31 27 25 25 1 33 27
6067 21 37 111 21 31 50 24 14 31 36 33 27
6068 21 30 184 39 25 1 19 30 25 1 33 27
6069 21 40 173 27 29 21 20 37 30 48 33 27
6070 22 37 217 34 35 97 23 17 26 20 33 27
6071 21 30 705 32 27 19 22 29 28 30 33 27
6072 22 33 294 30 38 53 19 21 26 10 33 27
6073 21 33 160 31 36 58 24 31 31 16 33 27
6074 21 36 189 37 23 40 27 43 32 41 33 27
6075 22 24 73 22 9 1 20 32 29 26 33 27
6076 22 31 199 13 33 21 25 30 27 6 33 27
6077 21 31 167 40 19 58 20 30 22 34 33 27
6078 21 27 176 10 32 1 24 23 31 15 33 27
6079 22 25 129 26 22 38 21 18 24 16 33 27
6080 21 30 156 24 26 1 27 33 31 33 33 27
6081 21 25 577 20 29 1 26 17 32 5 33 27
6082 21 29 756 23 23 8 23 33 32 23 33 27
6083 22 35 170 30 36 1 25 23 29 18 33 27
6084 21 33 170 35 35 1 19 26 28 6 33 27
6085 21 39 117 33 31 1 26 25 30 43 33 27
6086 21 29 165 13 42 21 23 25 29 1 33 27
6087 21 32 249 20 27 23 24 15 28 10 33 27
6088 21 36 245 43 36 138 24 16 34 1 33 27
6089 21 34 419 30 18 11 25 30 20 35 33 27
6090 21 34 725 27 38 52 27 21 19 29 33 27
6091 22 33 157 33 23 53 24 19 28 14 33 27
6092 21 23 178 21 28 1 18 15 23 5 33 27
6093 22 29 141 8 34 69 18 21 20 1 32 27
6094 22 35 200 21 27 24 22 24 29 35 33 27
6095 21 36 904 29 38 48 21 33 30 23 33 27
6096 22 29 1032 29 31 69 19 1 30 1 33 27
6097 21 32 152 26 33 47 29 41 25 22 33 27
6098 21 33 264 30 27 1 23 31 26 41 33 27
6099 21 24 206 30 22 38 21 32 29 16 33 27
6100 21 31 114 31 28 3 24 14 26 21 33 27
6101 21 26 86 25 20 11 23 23 27 21 33 27
6102 21 35 196 32 31 70 25 55 28 10 33 27
6103 21 30 154 22 30 54 19 24 27 1 33 27
6104 21 24 155 18 24 1 25 23 26 13 33 27
6105 22 33 288 24 24 66 21 26 25 21 33 27
6106 21 31 161 41 23 36 25 32 28 34 33 27
6107 22 32 169 36 40 71 22 20 27 1 33 27
6108 22 33 392 29 28 1 20 28 23 29 33 27
6109 21 28 390 29 24 39 21 44 21 18 33 27
6110 21 28 262 26 27 13 20 18 28 1 32 27
6111 21 34 226 30 31 1 21 38 26 39 33 27
6112 22 29 147 15 27 5 23 26 25 1 33 27
6113 22 40 251 32 33 1 22 29 27 50 34 27
6114 21 32 144 30 31 1 20 33 24 20 33 27
6115 22 29 227 25 22 30 26 25 26 10 33 27
6116 21 26 247 25 13 1 20 30 29 37 33 27
6117 21 31 174 36 25 14 25 39 24 43 33 27
6118 21 29 283 27 27 1 22 37 25 37 33 27
6119 22 36 137 23 38 1 22 27 21 32 33 27
6120 21 29 216 30 15 40 21 40 26 27 33 27
6121 21 27 159 27 31 1 22 29 29 8 33 27
6122 22 28 180 13 28 1 22 28 25 13 33 27
6123 21 32 337 25 31 1 21 31 24 26 33 27
6124 21 35 143 33 30 58 16 27 21 23 33 27
6125 21 38 244 22 30 24 19 30 31 26 33 27
6126 21 34 196 26 29 19 20 21 28 28 33 27
6127 21 28 92 32 19 1 21 41 28 18 33 27
6128 21 27 112 14 31 1 23 31 27 17 33 27
6129 22 36 216 30 31 31 26 21 25 32 33 27
6130 21 41 223 16 45 1 22 18 28 40 33 27
6131 21 32 401 14 27 2 22 9 28 20 33 27
6132 21 37 233 18 33 45 26 29 31 28 33 27
6133 21 37 711 21 40 49 25 26 26 32 33 27
6134 21 30 268 24 27 1 23 36 27 29 33 27
6135 22 35 211 35 27 1 21 32 21 27 33 27
6136 22 30 209 32 25 1 26 28 26 19 33 27
6137 21 32 165 23 27 14 25 20 26 22 33 27
6138 22 28 96 24 32 29 24 18 24 20 33 27
6139 21 37 327 1 41 1 25 20 25 36 33 27
6140 21 33 422 26 38 57 22 30 27 4 33 27
6141 21 30 243 28 25 62 20 33 21 32 33 27
6142 21 33 108 26 30 1 20 19 27 22 33 27
6143 21 29 236 32 28 23 20 25 23 14 32 27
6144 22 33 190 38 24 1 21 26 27 14 33 27
6145 21 34 145 23 21 30 24 30 37 22 33 27
6146 22 32 198 21 28 15 24 20 31 24 33 27
6147 22 26 90 20 22 1 21 34 16 17 33 27
6148 21 30 160 32 36 65 21 37 25 13 33 27
6149 21 33 146 13 37 1 18 18 21 6 33 27
6150 21 27 290 24 30 1 25 19 29 7 33 27
6151 22 34 156 33 16 1 25 31 27 45 34 27
6152 22 31 220 36 39 80 19 24 26 8 33 27
6153 22 26 165 5 33 9 22 21 29 10 33 27
6154 22 33 308 29 35 73 25 25 27 8 33 27
6155 22 33 214 14 33 1 16 20 26 31 33 27
6156 22 29 203 30 27 1 24 31 27 26 33 27
6157 21 35 224 15 28 1 28 27 29 53 33 27
6158 22 40 228 30 35 1 18 28 24 43 33 27
6159 21 32 124 19 30 19 22 21 15 24 33 27
6160 21 40 111 35 29 13 19 35 25 49 33 27
6161 22 34 105 35 20 23 21 33 23 28 33 27
6162 21 27 110 37 20 42 24 1 29 9 33 27
6163 21 42 387 27 40 1 28 28 26 52 33 27
6164 21 31 267 42 27 56 22 38 27 36 33 27
6165 21 41 518 26 38 1 25 41 31 39 33 27
6166 21 31 263 34 26 1 23 29 24 38 33 27
6167 21 33 409 19 40 1 19 27 26 8 33 27
6168 21 30 152 22 39 85 24 34 34 1 33 27
6169 22 25 141 10 28 11 26 23 21 4 33 27
6170 21 32 147 36 31 8 21 31 25 30 33 27
6171 22 24 342 11 26 34 21 27 23 1 33 27
6172 21 29 157 21 28 18 22 28 22 7 33 27
6173 21 29 192 36 30 1 20 24 22 8 33 27
6174 21 29 180 30 22 26 21 24 31 7 33 27
6175 22 29 261 27 22 32 22 11 24 15 33 27
6176 21 29 596 20 29 1 19 20 29 3 33 27
6177 21 36 214 38 30 1 22 27 24 27 33 27
6178 21 36 267 29 30 40 23 32 33 32 33 27
6179 21 31 154 25 30 14 25 24 22 19 33 27
6180 21 36 908 34 35 42 26 24 30 14 33 27
6181 22 30 96 36 21 1 22 29 26 34 33 27
6182 21 22 231 31 25 2 20 22 24 1 33 27
6183 21 32 166 29 16 18 24 23 29 35 33 27
6184 21 32 114 29 32 1 28 33 25 10 33 27
6185 21 26 307 23 24 1 23 34 29 17 33 27
6186 22 26 290 20 36 8 22 50 28 4 33 27
6187 21 32 136 38 25 1 23 28 21 25 33 27
6188 21 36 236 16 29 72 20 26 23 23 33 27
6189 22 30 182 21 30 40 19 23 30 16 33 27
6190 22 34 364 42 29 34 22 27 28 28 33 27
6191 21 28 175 29 26 22 21 51 22 17 33 27
6192 21 33 234 32 34 1 22 20 29 30 33 27
6193 22 30 186 35 22 61 21 1 37 1 33 27
6194 22 29 173 14 31 1 23 26 31 19 33 27
6195 21 26 292 15 29 1 21 34 21 10 33 27
6196 22 36 328 31 21 43 24 31 23 44 33 27
6197 21 33 229 29 31 1 26 35 32 33 33 27
6198 21 30 130 22 20 25 27 30 29 27 33 27
6199 21 41 213 20 31 48 19 26 30 37 33 27
6200 21 33 160 16 33 1 27 31 27 20 33 27
6201 22 34 172 34 30 1 21 31 34 26 33 27
6202 21 34 592 27 34 61 23 15 32 20 33 27
6203 22 29 229 24 21 38 22 1 34 10 33 27
6204 22 35 457 23 25 83 23 40 18 35 33 27
6205 21 40 175 27 41 1 21 25 26 36 33 27
6206 21 27 193 22 29 1 14 30 22 6 33 27
6207 21 28 176 27 19 56 23 24 23 10 33 27
6208 21 34 233 20 34 30 21 26 29 19 33 27
6209 21 30 413 34 28 77 23 32 24 23 33 27
6210 21 31 473 22 35 84 21 26 29 1 33 27
6211 21 23 288 23 28 1 19 28 21 1 33 27
6212 21 31 278 26 20 35 21 17 31 25 33 27
6213 21 31 167 35 23 59 19 34 25 34 33 27
6214 22 31 123 25 32 35 23 26 30 13 33 27
6215 21 37 118 26 43 57 26 31 28 16 33 27
6216 22 32 110 15 23 19 24 23 22 18 33 27
6217 21 29 143 24 31 53 21 22 25 1 33 27
6218 21 34 576 20 37 43 23 20 24 16 33 27
6219 22 38 382 25 34 7 21 26 21 19 33 27
6220 21 34 176 17 31 33 26 24 25 26 33 27
6221 21 28 212 27 22 19 19 34 31 16 33 27
6222 21 31 174 32 20 1 19 31 23 37 33 27
6223 21 30 172 17 36 1 23 27 26 1 33 27
6224 22 32 156 25 26 18 19 23 31 9 33 27
6225 21 27 223 34 23 16 26 35 30 4 33 27
6226 21 31 283 28 30 51 24 33 30 18 33 27
6227 21 35 314 15 36 1 22 17 27 25 33 27
6228 22 34 168 26 27 43 19 26 24 19 33 27
6229 21 36 341 42 27 1 23 27 24 42 33 27
6230 21 31 129 37 23 82 17 29 23 23 33 27
6231 21 33 198 20 30 45 24 31 27 21 33 27
6232 21 37 248 18 39 1 22 17 28 24 33 27
6233 22 23 240 27 24 1 22 23 28 1 32 27
6234 22 35 289 24 26 106 23 21 31 25 33 27
6235 22 30 133 10 36 25 20 15 64 1 33 27
6236 21 36 227 18 39 126 25 21 25 5 33 27
6237 21 23 227 36 21 1 20 28 27 1 33 27
6238 21 29 283 20 29 15 23 18 26 1 32 27
6239 21 27 216 26 23 19 24 24 26 15 32 26
6240 21 25 224 17 23 8 24 1 34 14 33 27
6241 21 33 130 22 15 13 22 27 26 37 33 27
6242 21 29 364 25 33 4 29 29 27 2 33 27
6243 21 34 190 32 23 76 25 31 25 33 33 27
6244 21 36 296 29 37 38 25 21 24 12 33 27
6245 21 26 183 28 27 30 23 32 30 2 33 27
6246 21 31 233 34 20 22 23 35 34 21 33 27
6247 22 37 356 35 25 1 26 33 26 36 33 27
6248 21 26 113 26 33 44 16 9 26 11 33 27
6249 21 26 115 16 36 1 17 17 20 1 33 27
6250 21 29 193 22 24 43 22 31 23 9 33 27
6251 21 36 164 26 32 38 23 31 27 25 33 27
6252 22 30 571 35 28 81 24 1 30 16 33 27
6253 21 29 281 20 34 1 22 33 17 13 33 27
6254 21 30 157 23 34 67 26 1 36 27 33 27
6255 21 27 205 32 20 13 21 27 29 12 33 27
6256 21 31 415 24 20 1 21 28 32 30 33 27
6257 21 34 166 38 24 85 23 42 26 14 33 27
6258 21 31 103 9 38 1 22 23 28 1 33 27
6259 22 32 174 27 26 37 17 28 24 23 33 27
6260 21 31 164 27 30 41 19 28 28 22 33 27
6261 22 40 269 30 41 55 18 1 24 38 33 27
6262 21 33 96 21 31 1 25 31 27 18 33 27
6263 22 31 532 31 28 1 27 30 26 33 33 27
6264 21 28 463 30 32 1 22 33 24 14 33 27
6265 21 34 366 34 26 19 24 33 26 38 33 27
6266 21 38 466 29 30 2 24 20 17 22 33 27
6267 21 30 658 36 18 64 22 36 30 21 33 27
6268 21 29 210 33 24 36 29 29 34 23 33 27
6269 21 32 303 16 24 53 24 47 32 33 33 27
6270 21 27 218 24 21 93 18 29 23 10 33 27
6271 22 32 172 32 29 37 23 31 32 33 33 27
6272 21 34 299 35 34 1 19 20 24 26 33 27
6273 22 37 262 37 28 106 27 28 35 32 33 27
6274 21 32 175 30 30 67 18 23 22 3 33 27
6275 21 38 182 31 35 1 22 29 29 29 33 27
6276 21 33 171 19 30 1 22 27 28 26 33 27
6277 21 29 234 20 21 1 24 31 28 30 33 27
6278 22 33 398 20 34 2 29 26 33 16 33 27
6279 21 27 336 21 28 17 22 28 14 6 33 27
6280 22 27 117 17 30 13 21 35 24 10 33 27
6281 22 34 266 32 22 53 21 24 28 40 33 27
6282 21 28 2006 33 9 41 23 26 25 1 33 27
6283 21 30 195 16 35 1 18 20 20 5 33 27
6284 21 24 694 30 22 16 22 24 27 1 33 27
6285 22 29 178 26 31 38 18 35 23 8 33 27
6286 21 33 110 28 32 1 21 39 22 14 32 27
6287 21 27 184 35 22 46 25 27 34 1 33 27
6288 22 31 188 32 23 5 29 30 33 18 33 27
6289 21 35 145 17 35 1 21 30 29 18 33 27
6290 22 32 112 27 39 1 19 35 19 26 33 27
6291 21 33 117 17 25 1 26 16 27 18 33 27
6292 22 32 291 17 28 15 20 27 21 19 33 27
6293 21 33 526 15 38 34 23 46 24 21 33 27
6294 21 29 241 29 11 1 23 25 33 29 33 27
6295 21 29 222 21 28 25 25 22 26 7 33 27
6296 22 25 711 26 23 32 19 1 28 4 33 27
6297 21 40 265 20 38 1 23 23 26 34 33 27
6298 21 28 280 25 33 34 24 20 26 10 33 27
6299 22 31 206 22 29 56 21 36 26 14 33 27
6300 22 33 290 40 26 77 27 31 36 29 33 27
6301 21 33 167 24 37 1 22 21 28 29 33 27
6302 22 26 539 30 13 1 17 34 18 15 33 27
6303 22 31 149 35 25 1 21 30 25 32 33 27
6304 21 30 93 27 23 27 24 18 35 2 33 27
6305 21 30 202 30 30 1 25 34 24 26 33 27
6306 21 30 221 31 24 63 24 36 31 11 33 27
6307 21 36 160 24 40 1 21 22 25 15 33 27
6308 21 29 161 25 18 11 16 34 20 20 33 27
6309 21 41 419 27 34 41 24 31 21 33 33 27
6310 22 34 232 25 33 1 22 24 22 23 33 27
6311 21 28 180 27 32 62 27 22 27 4 33 27
6312 22 32 102 27 29 14 24 34 20 28 33 27
6313 21 30 187 26 32 33 22 27 27 6 33 27
6314 21 33 236 23 25 1 21 26 21 32 33 27
6315 21 33 348 19 39 1 18 20 22 1 33 27
6316 22 35 97 34 29 104 27 26 31 29 33 27
6317 21 30 444 33 31 73 19 43 21 1 33 27
6318 21 32 369 14 36 1 21 19 27 1 33 27
6319 21 29 102 36 14 21 21 33 30 41 33 27
6320 21 25 335 31 17 13 22 30 26 18 33 27
6321 21 30 540 24 25 57 23 30 26 14 33 27
6322 21 36 260 29 38 75 22 24 25 5 33 27
6323 21 35 205 22 34 1 26 39 25 41 33 27
6324 21 27 347 27 36 1 23 36 23 22 33 27
6325 22 33 341 28 32 1 25 29 31 35 33 27
6326 21 33 236 36 29 46 21 29 22 13 33 27
6327 21 29 149 24 26 18 25 29 31 13 33 27
6328 21 25 123 23 32 10 22 27 26 1 33 27
6329 21 29 196 23 31 84 25 26 28 9 33 27
6330 21 28 504 25 26 49 26 26 29 1 33 27
6331 21 25 262 23 19 67 17 18 20 1 33 27
6332 21 32 236 22 32 101 20 14 23 3 33 27
6333 22 30 384 20 29 1 31 25 26 4 33 27
6334 21 31 235 19 30 27 25 23 21 16 33 27
6335 22 37 239 32 34 1 27 50 25 42 33 27
6336 22 28 139 25 32 34 22 21 25 1 33 27
6337 21 27 153 28 32 1 31 35 32 9 33 27
6338 21 33 116 18 42 1 20 16 26 21 33 27
6339 21 30 364 39 25 26 24 37 28 27 33 27
6340 22 31 257 16 22 2 24 33 31 19 33 27
6341 21 37 217 25 40 1 23 21 23 25 33 27
6342 22 35 236 38 24 29 20 29 25 37 33 27
6343 21 31 189 19 26 1 27 26 18 38 33 27
6344 21 30 433 34 20 41 25 32 25 38 33 27
6345 21 34 590 34 33 28 21 33 28 17 33 27
6346 21 22 139 42 10 18 22 19 24 15 33 27
6347 21 29 220 29 25 1 22 27 23 26 33 27
6348 21 28 573 25 20 1 19 27 18 21 33 27
6349 21 30 179 14 33 1 18 21 25 7 33 27
6350 21 33 253 38 27 45 19 22 27 14 33 27
6351 21 36 123 39 30 22 23 41 18 38 33 27
6352 21 26 207 33 10 1 24 33 27 35 33 27
6353 21 34 149 20 30 40 18 27 25 22 33 27
6354 22 34 141 24 35 56 20 23 22 26 33 27
6355 21 33 232 29 34 30 22 21 26 1 33 27
6356 21 30 221 29 33 1 21 31 29 16 33 27
6357 21 33 173 36 22 1 22 37 25 48 33 27
6358 21 26 327 20 24 1 22 23 29 13 33 27
6359 22 26 115 11 33 1 17 25 26 1 33 27
6360 21 26 195 32 21 61 18 40 29 4 33 27
6361 21 30 280 18 17 23 20 25 24 34 33 27
6362 22 35 207 15 28 1 24 35 28 35 33 27
6363 22 25 371 32 12 21 21 35 22 27 33 27
6364 21 35 193 32 25 8 26 33 27 28 33 27
6365 21 27 154 24 34 1 20 16 20 1 33 27
6366 22 35 104 27 33 15 24 22 29 20 33 27
6367 21 29 254 30 23 28 21 28 37 4 33 27
6368 22 28 263 12 35 35 21 13 23 1 33 27
6369 22 30 392 25 29 1 25 26 24 21 33 27
6370 21 26 295 30 10 1 23 37 32 31 33 27
6371 21 27 239 20 33 38 23 29 30 8 33 27
6372 21 29 238 24 28 18 25 18 28 10 33 27
6373 21 30 117 19 34 13 23 17 25 1 33 27
6374 21 29 238 33 25 48 26 29 28 4 33 27
6375 21 28 197 30 23 73 24 16 20 2 33 27
6376 21 28 137 22 25 25 25 30 24 12 33 27
6377 21 25 308 33 16 23 23 33 30 13 33 27
6378 21 31 565 33 22 50 24 20 24 27 33 27
6379 22 36 503 18 42 103 22 29 18 1 32 27
6380 21 31 111 21 30 38 22 25 29 1 33 27
6381 21 31 125 16 34 43 17 18 28 6 33 27
6382 22 33 345 40 32 1 22 39 32 33 33 27
6383 21 33 417 36 32 1 23 22 28 14 33 27
6384 21 19 623 32 24 1 24 35 25 1 33 27
6385 21 28 341 26 24 44 25 23 30 23 33 27
6386 21 24 196 32 26 42 20 27 31 1 32 26
6387 21 29 205 20 32 95 19 22 29 3 33 27
6388 21 29 164 32 21 26 24 38 27 31 33 27
6389 22 34 207 24 44 1 24 39 21 4 33 27
6390 21 37 149 31 22 42 21 33 25 43 33 27
6391 21 29 165 39 21 31 23 36 26 31 33 27
6392 21 26 376 22 29 1 19 1 29 1 33 27
6393 21 26 236 15 28 55 22 23 29 8 33 27
6394 22 25 379 17 21 17 28 33 29 9 33 27
6395 21 28 353 20 29 43 17 19 23 1 33 27
6396 22 38 219 29 28 31 25 20 28 34 33 27
6397 22 26 207 6 29 1 20 25 24 1 33 27
6398 21 22 114 17 23 1 18 33 19 26 33 27
6399 22 22 258 27 17 11 23 17 29 18 33 27
6400 22 28 129 32 28 1 22 41 26 26 33 27
6401 21 38 146 22 41 1 18 17 29 22 33 27
6402 21 33 378 28 24 73 19 26 24 28 33 27
6403 21 29 360 45 23 68 24 29 29 26 33 27
6404 22 33 165 20 40 100 24 16 28 1 33 26
6405 21 30 320 36 22 1 21 34 30 25 33 27
6406 21 34 497 35 40 114 21 18 25 1 33 27
6407 22 37 108 23 30 36 21 56 17 40 33 27
6408 21 31 103 28 29 66 23 26 21 22 33 27
6409 22 34 326 34 35 85 23 21 22 1 33 27
6410 21 32 158 28 23 36 23 30 24 41 33 27
6411 21 38 971 23 39 51 22 41 30 26 33 27
6412 21 25 719 25 29 26 23 21 17 12 33 27
6413 21 30 388 18 31 1 20 46 17 11 33 27
6414 22 38 104 31 29 54 22 27 26 34 33 27
6415 21 39 233 26 42 53 22 29 31 16 33 27
6416 22 31 556 23 27 59 23 36 22 34 33 27
6417 21 27 470 25 31 35 21 25 22 6 33 27
6418 21 26 238 23 21 1 26 32 25 10 33 27
6419 21 26 231 27 24 14 25 28 33 1 33 27
6420 21 26 282 23 25 66 24 31 30 18 33 27
6421 21 34 1064 25 29 1 23 26 30 25 33 27
6422 22 36 192 37 27 51 22 33 32 35 33 27
6423 22 35 493 22 35 1 22 1 31 28 33 27
6424 21 28 164 20 38 1 23 37 21 10 33 27
6425 21 36 359 32 27 1 21 26 19 40 33 27
6426 21 30 209 16 23 1 22 32 25 35 33 27
6427 22 25 160 24 25 3 25 38 22 31 33 27
6428 21 29 153 23 35 43 27 17 24 6 33 27
6429 21 30 310 24 31 47 21 1 30 20 33 27
6430 22 33 181 22 34 58 26 26 27 17 33 27
6431 22 26 136 29 17 66 25 13 21 19 33 27
6432 22 26 384 21 22 7 19 24 23 1 33 27
6433 22 24 159 31 28 87 23 18 25 1 32 27
6434 21 27 236 17 32 1 21 28 22 1 33 27
6435 21 27 164 34 25 1 28 45 31 18 33 27
6436 21 39 288 26 42 1 24 31 25 30 33 27
6437 21 31 275 26 27 1 20 31 31 15 33 27
6438 21 37 242 28 37 71 18 18 24 6 33 27
6439 21 30 112 33 19 44 21 20 30 6 33 27
6440 21 31 193 23 24 1 23 27 26 33 33 27
6441 22 25 160 12 31 17 22 29 26 1 32 27
6442 21 31 154 36 16 8 21 45 24 16 33 27
6443 21 31 147 17 32 56 23 26 33 1 33 27
6444 21 37 120 32 31 1 25 34 30 41 33 27
6445 21 32 117 20 26 43 21 28 31 19 33 27
6446 21 25 190 26 29 1 23 28 26 10 33 27
6447 21 27 168 42 22 18 24 1 35 6 33 27
6448 22 32 241 26 37 31 23 45 39 13 33 27
6449 21 32 254 21 27 37 22 19 26 13 33 27
6450 21 28 181 27 19 1 20 22 18 16 33 27
6451 21 33 217 22 32 1 20 24 29 24 33 27
6452 21 33 205 25 35 85 18 19 30 12 33 27
6453 21 33 325 36 28 39 21 25 22 23 33 27
6454 22 31 145 32 32 117 23 24 30 3 33 27
6455 21 31 169 24 28 1 22 21 30 13 33 27
6456 21 31 212 21 26 20 23 20 29 20 33 27
6457 21 33 240 27 24 1 19 25 25 29 33 27
6458 21 34 208 30 21 19 21 33 25 40 33 27
6459 21 33 258 31 19 24 27 24 30 27 33 27
6460 21 33 131 20 35 28 25 27 29 21 33 27
6461 21 32 211 28 25 1 22 31 28 34 33 27
6462 21 30 308 14 26 68 21 12 22 13 33 27
6463 21 33 472 30 35 77 20 35 23 26 33 27
6464 22 34 593 30 33 104 22 21 32 9 33 27
6465 21 31 155 23 24 22 19 29 11 25 33 27
6466 21 29 228 24 22 1 17 23 30 24 33 27
6467 21 29 134 25 32 63 23 14 29 18 33 27
6468 22 34 292 38 19 61 24 30 23 33 33 27
6469 22 29 142 35 18 26 22 32 20 30 33 27
6470 22 31 294 16 41 6 20 14 30 1 32 27
6471 21 34 200 30 23 81 17 31 27 44 33 27
6472 22 35 95 27 32 46 24 18 26 31 33 27
6473 21 30 314 33 17 15 19 17 31 15 33 27
6474 22 32 280 19 24 56 22 21 22 25 33 27
6475 22 34 123 20 37 8 21 25 21 18 33 27
6476 21 36 119 22 27 53 21 20 25 30 33 27
6477 21 24 186 24 19 56 26 34 23 29 33 27
6478 22 28 176 29 11 1 19 20 25 43 33 27
6479 21 31 351 27 29 1 21 35 23 17 33 27
6480 21 31 154 28 26 24 22 19 29 5 33 27
6481 21 36 229 33 20 68 18 24 28 34 33 27
6482 21 33 365 45 38 1 26 62 27 12 33 27
6483 21 25 167 26 23 62 24 35 30 9 33 27
6484 21 29 367 27 25 31 23 36 33 13 33 27
6485 21 34 252 23 34 97 23 25 27 10 33 27
6486 22 29 108 35 22 46 22 1 27 16 33 27
6487 21 30 268 25 29 36 21 21 22 16 33 27
6488 21 24 165 22 20 1 25 42 23 17 33 27
6489 21 31 192 33 33 42 27 33 27 15 33 27
6490 21 30 236 36 18 6 25 33 25 38 33 27
6491 22 34 112 21 35 45 24 20 25 17 33 27
6492 21 38 163 23 28 1 23 21 28 36 33 27
6493 22 33 307 27 25 93 20 26 19 32 33 27
6494 21 33 131 28 28 33 28 28 27 4 33 27
6495 21 30 203 16 36 1 20 14 29 7 33 27
6496 22 33 236 14 45 320 63 103 26 27 33 27
6497 21 37 165 24 27 56 24 32 26 36 33 27
6498 21 36 225 19 39 65 23 21 28 1 33 27
6499 21 34 348 25 34 21 20 30 20 26 33 27
6500 22 36 152 24 40 67 19 21 25 13 33 27
6501 21 37 169 20 42 24 26 23 30 30 33 27
6502 21 32 320 25 33 1 26 26 28 19 33 27
6503 21 37 155 25 25 60 27 19 24 34 33 27
6504 22 30 102 28 28 70 23 17 28 9 33 27
6505 21 32 101 24 31 70 24 27 27 7 33 27
6506 21 31 170 33 28 69 22 17 26 9 33 27
6507 21 34 213 21 32 77 26 37 31 26 33 27
6508 21 32 232 34 12 51 20 33 29 41 33 27
6509 22 29 299 25 19 3 21 43 25 27 33 27
6510 21 37 115 29 32 101 25 27 26 21 33 27
6511 22 35 271 25 22 9 24 31 24 31 33 27
6512 21 30 214 24 32 24 21 38 24 12 33 27
6513 21 29 180 23 30 39 22 28 30 10 33 27
6514 21 31 134 28 30 1 23 21 28 29 33 27
6515 22 34 509 26 31 49 22 43 23 28 33 27
6516 21 32 636 32 22 1 23 28 31 35 33 27
6517 22 27 166 32 25 1 21 34 29 18 33 27
6518 22 45 152 9 46 1 18 34 27 29 33 27
6519 22 34 171 34 29 1 26 35 27 39 33 27
6520 21 32 392 27 45 19 24 20 29 6 33 27
6521 22 30 177 34 16 83 24 27 29 15 33 27
6522 21 31 118 31 24 40 15 33 23 13 33 27
6523 22 33 349 23 29 4 28 37 27 29 33 27
6524 22 31 190 33 28 1 21 1 36 18 33 27
6525 21 29 261 30 27 102 21 23 30 12 33 27
6526 22 37 231 26 35 39 29 38 34 34 33 27
6527 21 34 247 37 30 44 22 27 27 31 33 27
6528 21 37 301 28 35 1 23 22 27 24 33 27
6529 21 30 302 42 33 85 21 19 26 1 33 27
6530 22 34 102 22 32 1 23 23 28 22 33 27
6531 21 31 240 16 38 12 22 27 25 1 33 27
6532 21 33 207 15 34 40 20 26 30 10 33 27
6533 21 31 233 17 31 1 22 26 31 31 33 27
6534 21 33 418 18 26 65 18 15 22 19 33 27
6535 21 33 215 22 28 1 25 49 22 24 33 27
6536 21 36 219 27 34 94 29 21 25 17 33 27
6537 21 33 136 31 32 55 21 29 33 21 33 27
6538 21 31 134 27 16 4 22 18 20 10 33 27
6539 21 26 162 26 34 56 25 22 21 1 32 27
6540 21 40 186 29 28 50 27 44 36 40 33 27
6541 21 27 370 24 20 19 22 34 28 29 33 27
6542 21 32 170 24 30 41 27 31 29 32 33 27
6543 21 115 195 85 161 32 41 21 24 17 33 27
6544 21 34 243 13 32 32 20 29 26 22 33 27
6545 22 29 159 29 31 1 19 22 30 4 33 27
6546 21 28 158 21 25 30 20 24 23 12 33 27
6547 21 35 188 20 34 72 22 21 24 27 33 27
6548 22 34 209 21 36 25 19 20 29 12 33 27
6549 22 36 106 28 38 5 26 25 34 20 33 27
6550 21 34 623 38 22 1 23 28 26 42 33 27
6551 22 29 598 25 17 35 24 31 24 29 33 27
6552 22 28 186 31 26 1 26 29 23 27 33 27
6553 22 34 308 24 25 1 21 31 26 37 33 27
6554 21 29 162 28 28 1 24 18 31 25 33 27
6555 21 33 166 18 36 1 21 17 24 6 33 27
6556 22 33 280 9 28 37 20 51 21 28 33 27
6557 21 30 251 25 25 16 20 23 27 18 33 27
6558 21 35 177 25 34 1 28 30 30 16 33 27
6559 22 36 246 27 34 35 23 26 26 29 33 27
6560 21 28 200 25 28 24 19 29 20 23 33 27
6561 21 34 201 31 28 15 20 23 19 29 33 27
6562 21 30 106 27 27 66 19 21 16 19 32 26
6563 22 31 301 19 34 9 28 20 26 1 33 27
6564 22 31 192 29 21 39 26 35 33 27 33 27
6565 21 31 177 24 26 28 25 20 22 12 33 27
6566 21 31 146 24 27 1 22 30 23 45 33 27
6567 21 35 201 35 29 10 19 27 31 33 33 27
6568 22 30 154 40 13 22 22 30 28 41 33 27
6569 22 34 161 27 32 1 21 35 23 11 33 27
6570 21 28 346 26 21 13 28 24 27 16 33 27
6571 21 25 299 26 23 7 18 25 20 13 33 27
6572 21 29 521 29 26 8 24 43 29 12 33 27
6573 21 28 233 16 34 20 21 12 17 1 33 27
6574 21 34 235 26 34 1 22 30 25 29 33 27
6575 21 34 543 22 35 1 25 21 27 1 33 27
6576 21 25 100 18 22 37 23 28 26 5 33 27
6577 22 33 315 30 17 68 27 38 24 49 33 27
6578 22 30 193 31 24 1 20 25 25 19 33 27
6579 21 25 148 24 29 1 28 20 32 10 33 27
6580 21 33 189 23 34 12 19 31 20 21 33 27
6581 21 33 164 21 19 40 26 18 22 37 33 27
6582 21 25 132 29 21 30 15 28 20 15 33 27
6583 21 31 302 28 27 1 21 24 25 31 33 27
6584 22 38 535 26 29 44 25 26 33 34 33 27
6585 21 33 193 17 40 67 21 25 25 1 33 27
6586 22 35 92 19 30 36 20 1 23 17 33 27
6587 21 27 198 28 26 18 20 16 30 6 33 27
6588 21 33 219 25 35 75 25 20 21 19 33 27
6589 22 30 163 23 29 1 22 31 16 20 33 27
6590 21 32 295 30 16 1 18 23 22 6 33 27
6591 22 32 291 33 25 1 22 33 23 37 33 27
6592 21 32 209 30 33 35 24 23 31 24 33 27
6593 22 38 113 11 39 1 25 23 25 25 33 27
6594 22 35 157 27 23 44 19 39 28 43 33 27
6595 21 32 145 22 40 64 24 18 29 1 33 27
6596 21 29 144 29 23 25 23 26 21 24 33 27
6597 21 27 125 34 16 60 17 31 19 22 33 27
6598 21 30 217 25 33 12 22 29 28 3 33 27
6599 21 27 492 25 32 15 22 20 25 1 33 27
6600 21 30 475 23 34 40 24 39 23 2 33 27
6601 21 31 260 37 28 1 29 31 22 37 33 27
6602 21 27 133 34 12 9 22 31 29 36 33 27
6603 21 29 281 22 29 44 26 22 31 1 33 27
6604 21 28 317 44 23 36 25 42 27 14 33 27
6605 22 33 261 24 30 88 25 1 25 32 33 27
6606 21 29 186 24 30 29 22 14 20 4 33 27
6607 21 29 213 28 22 28 25 1 17 15 33 27
6608 21 31 163 17 25 1 20 18 31 37 33 27
6609 21 32 253 21 40 9 25 18 29 4 33 27
6610 22 32 186 31 19 88 26 27 30 4 33 27
6611 21 32 239 20 25 66 24 37 36 31 33 27
6612 21 27 176 24 25 19 22 23 31 16 33 27
6613 22 29 360 27 26 68 22 36 27 15 33 27
6614 21 27 275 22 23 1 21 32 21 13 33 27
6615 21 36 140 8 31 25 22 18 26 37 33 27
6616 21 30 136 32 23 1 19 29 25 22 33 27
6617 21 41 312 32 38 51 24 23 20 40 33 27
6618 21 32 484 29 25 23 23 36 29 21 33 27
6619 21 29 164 31 27 2 23 24 25 15 33 27
6620 22 29 91 16 26 23 27 1 40 13 33 27
6621 22 33 262 23 42 67 19 31 26 14 33 27
6622 21 27 212 29 23 50 19 46 27 9 33 27
6623 21 28 86 24 25 1 19 29 27 9 33 27
6624 21 29 414 34 20 10 19 30 22 28 33 27
6625 21 37 190 20 40 83 24 13 22 6 33 27
6626 22 27 105 24 21 41 22 24 24 1 32 27
6627 21 35 425 26 35 64 23 23 27 9 33 27
6628 21 34 102 27 36 18 22 21 30 18 33 27
6629 21 36 102 16 36 73 22 15 24 6 33 27
6630 21 28 698 31 17 45 20 1 23 15 33 27
6631 22 28 171 34 36 1 20 26 23 1 32 27
6632 21 29 147 18 26 24 21 26 28 14 33 27
6633 22 37 208 25 26 31 23 34 32 45 33 27
6634 22 32 290 32 23 30 25 32 25 42 33 27
6635 21 29 163 36 24 60 16 1 15 19 33 27
6636 21 32 209 23 29 39 24 35 26 23 33 27
6637 21 23 526 33 23 78 24 25 31 1 33 27
6638 21 34 186 33 31 1 22 30 29 32 33 27
6639 21 32 154 29 37 28 17 19 19 1 32 27
6640 21 28 336 27 21 1 19 33 33 35 33 27
6641 21 27 184 29 24 1 23 31 26 15 33 27
6642 22 36 191 34 25 25 20 29 31 39 33 27
6643 22 34 170 25 40 8 20 24 39 5 33 27
6644 21 29 354 27 34 76 23 18 26 1 33 27
6645 21 33 212 21 34 23 21 28 26 20 33 27
6646 21 28 384 35 18 28 21 35 24 25 33 27
6647 22 28 271 20 35 32 18 28 28 1 33 27
6648 21 23 180 34 25 1 20 13 22 2 33 27
6649 21 31 151 19 36 20 20 14 29 4 33 27
6650 21 30 173 28 22 41 23 24 28 30 33 27
6651 21 33 181 34 34 11 20 29 28 13 33 27
6652 21 38 278 20 44 1 25 20 26 25 33 27
6653 21 36 382 29 40 35 25 23 33 11 33 27
6654 21 27 381 22 26 1 18 29 28 10 33 27
6655 22 33 97 29 25 22 22 21 24 22 33 27
6656 21 31 183 34 15 28 25 27 24 39 33 27
6657 21 27 161 32 22 62 23 37 22 19 33 27
6658 21 33 209 26 34 16 20 23 20 16 33 27
6659 21 33 208 30 29 35 21 21 27 1 32 26
6660 22 32 153 26 37 1 17 27 23 1 33 27
6661 22 29 169 25 27 66 24 32 28 17 33 27
6662 21 26 219 20 30 1 20 24 27 1 33 27
6663 21 34 136 28 29 21 25 22 31 26 33 27
6664 21 30 535 21 28 46 20 27 29 3 33 27
6665 22 34 160 39 24 1 19 35 21 50 33 27
6666 21 29 87 14 31 7 18 17 23 16 33 27
6667 21 27 160 20 38 6 20 37 19 1 33 27
6668 21 30 397 20 30 65 20 26 56 6 33 27
6669 22 36 213 27 30 31 25 36 26 39 33 27
6670 21 28 143 31 22 1 17 35 18 22 33 27
6671 21 28 139 30 14 41 21 31 29 23 33 27
6672 21 29 132 33 23 42 21 1 37 22 33 27
6673 21 33 263 18 35 12 25 15 36 3 33 27
6674 21 33 105 35 31 35 22 27 30 22 33 27
6675 21 36 304 29 29 15 20 34 25 33 33 27
6676 22 32 174 30 26 1 23 33 30 40 33 27
6677 21 38 184 32 29 44 28 33 29 50 33 27
6678 21 31 1658 19 26 1 22 25 25 18 33 27
6679 21 30 91 9 34 1 26 23 29 5 33 27
6680 21 25 193 32 30 1 23 27 29 6 33 27
6681 22 32 113 35 22 83 23 37 26 28 33 27
6682 22 31 172 25 42 1 21 26 30 1 33 27
6683 21 30 91 26 21 44 24 34 22 23 33 27
6684 22 27 191 26 25 1 21 28 29 27 33 27
6685 21 31 151 19 41 1 20 25 23 1 33 27
6686 22 33 401 27 33 68 24 29 24 6 33 27
6687 21 33 214 25 33 1 28 37 26 19 33 27
6688 21 32 361 18 47 1 18 19 19 18 33 27
6689 21 32 265 33 24 55 30 30 33 15 33 27
6690 21 31 494 35 25 26 23 31 29 25 33 27
6691 21 35 133 27 39 47 22 21 28 16 33 27
6692 21 27 667 24 27 48 24 27 30 2 33 27
6693 21 23 315 35 28 64 22 13 28 7 33 27
6694 22 31 262 20 39 1 21 54 27 14 33 27
6695 21 77 268 52 149 119 29 31 25 25 33 27
6696 22 35 172 40 23 40 20 40 21 48 33 27
6697 22 34 384 38 42 75 24 36 27 7 33 27
6698 22 34 223 19 32 13 22 18 29 14 33 27
6699 21 32 563 30 26 46 20 33 29 39 33 27
6700 21 37 190 32 25 50 24 26 29 34 33 27
6701 21 39 353 30 41 1 21 23 18 33 33 27
6702 21 31 343 18 30 21 16 16 30 1 33 27
6703 22 30 146 20 35 69 16 26 25 1 32 27
6704 21 29 114 28 35 1 22 42 26 9 33 27
6705 21 32 953 21 24 1 23 53 21 37 33 27
6706 21 26 375 42 18 31 21 1 32 15 33 27
6707 21 25 180 26 30 1 22 32 23 15 33 27
6708 21 33 232 15 34 68 26 22 29 10 33 27
6709 21 35 152 23 28 43 23 25 29 25 33 27
6710 21 32 374 28 44 1 19 32 27 9 33 27
6711 21 33 415 31 30 90 24 32 32 17 33 27
6712 21 24 104 20 24 47 22 21 29 13 33 27
6713 21 31 91 32 18 63 25 27 27 25 33 27
6714 21 34 193 20 26 36 19 28 23 26 33 27
6715 21 34 349 25 27 1 21 25 31 31 33 27
6716 21 31 154 17 25 28 22 17 24 31 33 27
6717 21 28 393 26 14 39 21 29 23 21 33 27
6718 21 33 230 33 30 18 22 28 26 29 33 27
6719 22 31 556 28 22 11 23 31 23 31 33 27
6720 21 31 310 24 29 1 24 37 27 22 33 27
6721 22 27 162 22 27 41 19 21 31 4 33 27
6722 22 29 175 24 23 29 24 23 21 1 33 27
6723 22 32 172 9 34 1 23 18 31 25 33 27
6724 22 28 225 27 22 1 26 46 21 30 33 27
6725 21 29 310 18 30 1 19 30 26 5 33 27
6726 21 32 92 18 26 1 22 43 34 27 33 27
6727 21 35 641 27 41 107 27 31 24 4 33 27
6728 21 32 323 21 39 1 20 22 28 1 33 27
6729 22 31 283 32 22 40 24 40 29 37 33 27
6730 21 33 159 19 46 1 24 18 29 26 33 27
6731 21 27 199 27 26 1 31 34 27 19 33 27
6732 21 36 302 19 37 34 24 31 27 23 33 27
6733 21 34 251 16 29 42 23 11 29 12 33 27
6734 21 38 139 36 31 39 23 20 29 42 33 27
6735 21 39 183 31 29 90 24 1 30 45 33 27
6736 21 31 180 25 26 1 25 26 25 27 33 27
6737 21 30 415 37 26 22 27 32 28 20 33 27
6738 22 35 92 39 23 28 24 32 22 41 33 27
6739 21 32 417 27 35 1 22 31 24 31 33 27
6740 21 35 190 36 25 76 25 49 26 22 33 27
6741 21 27 381 21 24 3 22 28 31 3 33 27
6742 22 29 284 26 24 1 24 40 29 44 33 27
6743 21 19 194 28 23 28 19 20 41 7 33 27
6744 21 36 186 19 39 45 28 32 28 15 33 27
6745 21 30 208 33 22 74 24 25 27 19 33 27
6746 21 35 243 12 25 40 16 20 18 33 33 27
6747 22 31 278 29 24 16 24 34 26 36 33 27
6748 21 32 205 30 28 40 22 34 31 27 33 27
6749 21 31 184 25 24 1 21 28 22 23 33 27
6750 22 36 127 15 24 1 28 28 25 33 33 27
6751 21 31 95 18 24 1 19 29 22 31 33 27
6752 21 28 241 26 26 1 26 26 28 20 33 27
6753 21 31 233 28 19 18 25 34 25 39 33 27
6754 21 30 244 31 25 1 21 31 20 35 33 27
6755 21 33 306 25 38 41 26 15 27 4 33 27
6756 21 33 333 41 42 51 24 20 25 1 33 27
6757 22 33 400 29 29 42 23 32 23 22 33 27
6758 21 33 156 14 36 1 22 21 30 9 33 27
6759 22 34 327 35 19 14 26 29 33 22 33 27
6760 21 29 189 34 20 26 25 32 27 29 33 27
6761 22 33 178 21 41 23 18 22 29 3 33 27
6762 21 31 285 34 25 30 20 21 29 11 33 27
6763 22 34 229 27 34 1 26 21 32 21 33 27
6764 21 33 358 33 17 4 23 30 27 41 33 27
6765 21 31 186 18 27 41 28 25 33 28 33 27
6766 21 24 333 13 27 1 22 25 36 2 33 27
6767 21 32 171 31 23 55 25 23 26 27 33 27
6768 21 35 257 30 24 45 23 34 31 43 33 27
6769 21 35 235 23 36 4 21 17 29 12 33 27
6770 21 28 226 24 33 1 20 26 23 1 33 27
6771 21 30 132 33 26 29 22 26 29 24 33 27
6772 21 34 398 24 35 26 23 30 22 25 33 27
6773 21 27 337 34 22 1 24 34 27 25 33 27
6774 22 33 167 33 26 79 23 33 30 26 33 27
6775 21 29 726 24 29 1 23 18 25 18 33 27
6776 22 34 263 18 27 1 20 29 30 32 33 27
6777 21 32 170 23 21 42 21 18 30 29 33 27
6778 21 30 149 18 29 1 23 27 22 20 33 27
6779 21 33 310 19 33 9 22 1 35 20 33 27
6780 22 22 192 34 24 1 18 24 31 1 33 27
6781 21 28 169 35 19 15 22 28 24 30 33 27
6782 22 32 219 24 27 1 23 33 31 35 33 27
6783 22 26 108 26 23 36 21 33 28 1 33 27
6784 21 25 102 19 26 1 22 30 24 12 33 27
6785 21 38 147 18 37 1 21 26 22 23 33 27
6786 21 23 286 25 36 45 20 18 27 1 33 27
6787 21 30 393 36 24 34 23 30 27 7 33 27
6788 22 31 297 24 27 1 25 31 27 27 33 27
6789 21 36 266 32 21 21 25 1 40 37 33 27
6790 21 35 330 24 36 60 23 25 30 1 33 27
6791 21 32 194 35 25 9 26 34 28 31 33 27
6792 21 28 222 44 17 14 26 30 29 12 33 27
6793 21 34 178 24 30 1 26 18 29 28 33 27
6794 21 30 477 21 21 75 25 41 27 21 33 27
6795 21 31 86 29 28 1 22 35 26 33 33 27
6796 22 33 316 24 33 1 23 25 23 12 33 27
6797 21 32 488 13 26 38 19 21 18 27 33 27
6798 21 33 300 24 29 84 24 22 28 7 33 27
6799 22 28 119 9 31 48 21 24 29 8 33 27
6800 22 34 324 27 38 1 25 28 28 1 33 27
6801 21 36 143 31 35 21 25 22 30 11 33 27
6802 22 35 132 36 30 63 21 39 21 29 33 27
6803 22 36 99 18 30 41 27 1 35 27 33 27
6804 21 30 173 38 30 65 22 35 29 17 33 27
6805 21 33 274 35 37 1 28 21 27 12 33 27
6806 21 25 165 17 31 42 23 23 28 1 33 27
6807 21 33 114 35 23 12 24 40 25 36 33 27
6808 21 33 181 21 28 1 23 14 26 23 33 27
6809 21 31 269 22 23 77 22 26 27 6 33 27
6810 22 38 129 36 26 37 23 24 28 31 33 27
6811 21 30 106 27 30 5 17 13 27 23 33 27
6812 22 34 257 24 37 1 16 1 30 18 33 27
6813 21 37 186 32 28 1 25 26 28 38 33 27
6814 21 33 95 31 29 1 20 31 28 28 33 27
6815 21 24 129 12 22 11 21 36 26 1 33 27
6816 22 34 145 25 38 102 21 20 25 1 33 27
6817 22 26 97 13 25 1 27 33 32 21 33 27
6818 21 25 174 39 18 34 22 26 24 6 33 27
6819 21 33 207 23 38 80 22 18 25 2 33 27
6820 21 30 181 22 34 1 20 30 23 20 33 27
6821 22 38 180 21 33 7 21 43 18 44 33 27
6822 21 31 312 35 17 68 27 31 24 37 33 27
6823 21 32 220 36 10 36 19 25 25 39 33 27
6824 21 35 173 26 37 122 24 36 27 20 33 27
6825 21 32 184 22 37 12 23 30 29 1 33 27
6826 21 28 222 20 31 49 24 27 24 1 33 27
6827 21 32 229 39 20 1 22 26 25 37 33 27
6828 21 27 169 33 14 54 21 27 24 32 33 27
6829 21 35 162 22 38 77 25 22 28 10 33 27
6830 21 33 203 36 24 31 23 31 30 30 33 27
6831 21 27 157 21 25 1 21 28 23 28 33 27
6832 22 33 120 20 34 1 19 30 26 24 33 27
6833 22 36 109 28 32 9 26 24 35 17 33 27
6834 22 31 176 34 30 48 24 31 24 15 33 27
6835 22 29 132 33 28 8 21 25 27 5 33 27
6836 21 27 197 27 26 1 19 34 26 18 33 27
6837 21 31 186 32 27 15 24 31 29 27 33 27
6838 21 29 403 28 20 18 22 32 28 30 33 27
6839 21 37 145 19 42 38 22 17 30 6 33 27
6840 21 29 258 32 16 1 27 33 24 35 33 27
6841 22 27 125 8 31 1 18 26 18 7 33 27
6842 21 29 127 32 21 1 22 30 24 29 33 27
6843 22 33 135 15 32 1 23 27 23 26 33 27
6844 21 37 134 36 31 1 25 25 25 27 33 27
6845 21 28 383 33 31 48 16 20 17 4 33 27
6846 21 31 232 18 30 1 21 23 23 3 33 27
6847 21 33 231 7 30 29 19 25 35 17 33 27
6848 21 28 143 14 33 1 17 23 22 3 33 27
6849 22 29 183 22 16 1 18 23 25 17 33 27
6850 21 32 510 35 35 80 19 32 29 16 33 27
6851 21 38 189 21 38 65 20 20 25 21 33 27
6852 22 46 393 24 43 1 26 22 31 40 33 27
6853 21 29 128 39 25 78 17 31 24 12 33 27
6854 21 24 138 31 27 33 23 30 26 3 33 27
6855 22 32 168 36 28 1 19 24 38 10 33 27
6856 21 36 229 27 30 20 21 21 17 21 33 27
6857 21 32 210 20 32 1 25 28 31 21 33 27
6858 21 32 260 18 42 1 16 24 25 9 33 27
6859 22 34 154 20 26 1 21 29 24 14 33 27
6860 22 36 122 37 32 70 26 34 24 40 33 27
6861 21 33 115 23 33 71 21 24 27 13 33 27
6862 22 35 298 20 31 18 20 25 15 21 33 27
6863 21 32 196 21 34 27 20 24 26 17 33 27
6864 21 33 276 20 26 60 24 29 24 22 33 27
6865 22 41 509 34 36 28 22 31 27 36 33 27
6866 22 32 124 22 26 1 23 35 28 23 33 27
6867 21 29 287 35 17 41 20 23 27 14 33 27
6868 22 24 323 28 26 5 23 19 24 1 33 27
6869 21 30 273 16 18 6 22 31 28 12 33 27
6870 21 32 254 35 23 1 23 27 26 37 33 27
6871 21 36 522 25 36 1 23 32 29 21 33 27
6872 21 35 805 27 27 1 25 35 23 31 33 27
6873 21 31 325 38 21 37 23 35 26 31 33 27
6874 21 31 158 33 34 60 23 26 29 1 33 27
6875 21 30 186 27 28 1 25 46 28 5 33 27
6876 21 25 146 39 22 64 18 21 18 12 33 27
6877 21 32 146 22 27 1 23 46 27 33 33 27
6878 21 28 456 23 26 1 23 38 26 18 33 27
6879 21 31 116 31 26 53 20 25 25 21 33 27
6880 22 33 400 35 32 1 21 35 22 28 33 27
6881 22 33 94 11 35 10 21 12 31 22 33 27
6882 21 37 273 16 26 34 26 32 29 31 33 27
6883 21 40 201 18 36 54 17 20 23 29 33 27
6884 21 35 154 30 32 56 21 27 26 19 32 26
6885 21 28 305 33 25 12 20 33 19 14 33 27
6886 22 31 291 30 26 38 24 36 33 30 33 27
6887 21 33 192 26 37 44 22 33 33 26 33 27
6888 22 29 106 31 21 11 18 29 25 36 33 27
6889 21 35 92 18 36 1 22 14 25 28 33 27
6890 21 29 201 12 35 62 26 18 22 1 33 27
6891 21 33 393 28 39 77 23 34 27 2 33 27
6892 21 31 239 28 23 16 16 27 19 19 33 27
6893 22 33 311 36 30 89 25 27 30 22 33 27
6894 21 30 227 21 31 22 20 23 26 11 33 27
6895 21 28 200 30 28 7 23 31 35 20 33 27
6896 21 32 176 22 27 64 22 22 27 8 33 27
6897 21 27 510 18 32 1 21 29 21 1 33 27
6898 21 33 96 16 34 14 28 29 34 18 33 27
6899 21 32 187 33 33 1 21 27 24 17 33 27
6900 21 40 178 26 34 1 25 30 23 32 33 27
6901 21 29 120 20 29 27 24 19 28 17 33 27
6902 22 35 229 36 32 69 24 28 29 18 33 27
6903 22 31 162 25 17 19 25 33 25 28 33 27
6904 21 37 122 11 29 44 21 22 28 35 33 27
6905 22 31 182 36 19 17 24 33 29 39 33 27
6906 21 36 177 31 21 40 23 25 35 48 33 27
6907 21 31 111 28 33 62 21 31 20 1 33 27
6908 22 32 145 20 32 50 26 25 30 16 33 27
6909 21 31 215 16 32 55 22 25 25 1 33 27
6910 21 28 107 42 32 1 22 31 19 11 33 27
6911 21 24 460 23 11 13 23 30 20 13 33 27
6912 21 25 249 20 22 20 24 43 46 15 33 27
6913 21 32 147 27 26 11 26 22 31 21 33 27
6914 21 33 222 29 23 1 20 28 26 30 33 27
6915 21 35 140 31 23 49 22 30 29 36 33 27
6916 21 25 207 20 22 1 24 17 23 21 33 27
6917 22 34 164 23 27 95 21 16 19 29 33 27
6918 21 28 278 33 28 67 24 29 24 1 33 27
6919 22 33 198 26 30 71 22 21 30 15 33 27
6920 22 27 606 35 28 63 19 37 20 11 33 27
6921 21 21 417 14 31 1 20 28 23 1 32 27
6922 22 31 171 33 32 47 22 28 26 8 33 27
6923 21 30 170 9 32 21 24 16 30 1 33 27
6924 21 26 169 26 33 101 19 21 25 1 32 27
6925 22 30 404 21 33 28 24 32 36 1 33 27
6926 21 28 231 24 33 20 23 28 23 1 33 27
6927 21 33 177 34 33 30 24 27 29 6 33 27
6928 21 37 384 18 35 38 24 31 31 30 33 27
6929 21 28 251 36 19 36 22 14 23 21 33 27
6930 21 31 300 30 20 1 27 25 27 42 33 27
6931 21 33 244 27 21 62 20 18 25 29 33 27
6932 21 34 171 32 24 16 24 32 27 33 33 27
6933 21 30 161 17 32 4 16 19 20 18 33 27
6934 21 40 188 16 37 24 20 25 21 36 33 27
6935 21 36 347 29 27 58 18 33 22 36 33 27
6936 22 31 174 34 32 2 23 28 31 12 33 27
6937 22 39 196 20 29 88 21 21 31 43 33 27
6938 21 34 182 32 24 37 20 37 26 43 33 27
6939 21 30 702 23 35 1 18 31 26 1 33 27
6940 21 24 247 28 23 3 18 14 21 2 33 27
6941 21 29 389 32 29 16 21 2 32 1 33 27
6942 21 34 633 18 42 113 23 28 22 4 33 27
6943 21 30 341 30 18 1 21 39 29 52 33 27
6944 21 31 189 24 32 58 18 24 23 1 33 27
6945 22 32 137 36 25 26 21 29 25 29 33 27
6946 21 31 181 36 19 55 26 31 33 30 33 27
6947 22 34 226 14 33 1 23 16 25 19 33 27
6948 21 26 527 26 26 11 20 31 20 9 33 27
6949 22 35 559 16 42 52 23 25 30 1 33 27
6950 22 37 173 24 23 31 23 22 29 30 33 27
6951 21 31 142 25 40 60 22 16 25 1 32 27
6952 21 30 373 31 19 34 23 26 25 42 33 27
6953 22 38 288 29 37 1 26 29 20 40 33 27
6954 21 24 158 24 25 57 22 1 19 1 33 27
6955 21 29 188 11 22 26 27 20 38 14 33 27
6956 21 35 133 21 37 24 20 25 29 2 33 27
6957 21 30 234 34 28 7 22 39 22 36 33 27
6958 21 37 411 39 31 109 23 24 28 15 33 27
6959 21 32 113 18 38 84 25 19 26 1 33 27
6960 21 27 84 33 15 44 21 32 31 23 33 27
6961 22 30 174 22 33 67 19 21 22 1 33 27
6962 21 124 196 18 32 19 23 17 26 7 33 27
6963 21 30 201 32 26 97 22 26 29 15 33 27
6964 21 32 413 25 28 1 20 24 27 27 33 27
6965 22 33 198 28 44 69 24 17 27 1 33 27
6966 22 30 139 23 38 92 23 22 31 1 33 27
6967 21 37 167 28 31 51 29 33 26 24 33 27
6968 21 30 437 13 46 1 22 20 26 1 33 27
6969 21 33 226 27 31 1 19 25 26 29 33 27
6970 21 28 139 23 29 39 19 35 24 11 33 27
6971 21 31 191 18 34 69 21 26 25 1 33 27
6972 21 28 250 33 22 19 25 38 29 21 33 27
6973 21 36 188 30 37 68 25 20 20 11 33 27
6974 21 32 288 38 25 60 22 26 22 21 33 27
6975 21 28 553 29 16 1 24 34 27 44 33 27
6976 21 24 155 24 30 11 22 24 29 1 33 27
6977 22 34 209 19 33 92 21 21 22 19 33 27
6978 22 30 133 34 35 92 20 25 22 3 33 27
6979 22 35 174 45 28 2 25 35 31 41 33 27
6980 22 32 253 22 32 18 27 23 29 15 33 27
6981 21 30 102 37 26 25 22 35 27 39 33 27
6982 21 33 296 14 16 30 20 35 28 28 33 27
6983 22 38 120 33 37 22 27 25 26 24 33 27
6984 22 33 348 27 32 81 29 29 29 19 33 27
6985 21 37 782 16 33 93 19 18 27 1 32 27
6986 21 31 315 21 30 30 21 25 32 7 33 27
6987 21 29 441 28 18 21 25 34 24 49 33 27
6988 21 29 180 18 29 15 21 39 23 13 33 27
6989 21 33 329 26 32 1 18 36 24 35 33 27
6990 22 28 99 26 28 49 22 34 24 9 33 27
6991 22 33 256 30 30 40 21 28 28 31 33 27
6992 22 34 93 21 34 1 24 14 29 1 32 27
6993 22 34 480 37 33 39 23 21 24 16 33 27
6994 22 35 402 40 21 75 23 32 22 32 33 27
6995 21 39 632 28 31 57 32 23 31 32 33 27
6996 21 40 167 29 38 41 20 25 21 39 33 27
6997 21 29 207 42 25 55 23 19 26 9 33 27
6998 21 31 305 36 23 71 23 30 35 25 33 27
6999 22 38 275 29 41 102 21 25 25 24 33 27
7000 22 33 395 27 22 24 24 27 31 1 33 27
7001 21 28 331 33 18 39 23 23 25 22 33 27
7002 21 30 131 15 35 1 17 20 24 1 32 27
7003 21 26 227 30 22 1 23 19 31 5 33 27
7004 21 34 347 19 31 60 23 26 23 1 33 27
7005 22 30 152 25 21 6 22 23 23 27 33 27
7006 21 30 190 25 30 6 22 23 30 1 33 27
7007 21 29 187 28 29 1 24 15 29 3 33 27
7008 21 33 180 21 35 69 19 26 32 15 33 27
7009 21 39 375 17 36 1 21 1 30 35 33 27
7010 22 35 211 19 32 1 24 37 29 26 33 27
7011 21 33 353 28 27 1 25 23 28 21 33 27
7012 21 33 310 38 22 17 25 32 28 44 33 27
7013 21 32 366 30 27 1 23 22 31 10 33 27
7014 21 30 356 25 32 108 21 32 30 1 33 27
7015 21 27 278 24 27 1 19 28 20 1 33 27
7016 21 29 203 20 28 1 23 28 28 14 33 27
7017 22 33 192 22 39 9 22 31 28 6 33 27
7018 21 33 178 19 31 1 19 27 22 18 33 27
7019 21 37 205 20 36 70 21 25 29 33 33 27
7020 21 33 144 36 36 82 24 16 31 7 33 27
7021 21 29 235 25 35 79 19 25 26 1 33 27
7022 22 27 184 13 27 1 19 32 27 1 33 27
7023 22 33 221 31 37 67 25 15 28 1 33 27
7024 22 20 261 28 16 4 21 31 22 1 32 26
7025 22 38 260 33 39 1 21 33 29 35 33 27
7026 21 26 168 19 15 10 23 25 25 3 33 27
7027 21 32 251 30 35 65 21 18 29 22 33 27
7028 21 31 193 26 25 1 23 37 30 28 33 27
7029 21 24 194 21 29 49 21 45 17 7 33 27
7030 21 29 135 22 30 60 17 36 20 17 33 27
7031 21 34 337 26 19 25 25 20 28 36 33 27
7032 22 34 390 29 39 70 22 22 31 1 33 27
7033 21 34 273 31 29 80 21 28 26 26 33 27
7034 22 24 160 31 26 29 23 32 36 9 33 27
7035 21 33 274 18 36 54 23 27 29 10 33 27
7036 22 35 349 13 23 2 20 29 13 29 33 27
7037 21 36 1310 22 35 1 24 32 30 27 33 27
7038 21 34 144 38 14 28 21 28 25 44 33 27
7039 21 38 229 32 42 1 24 32 26 44 33 27
7040 22 32 142 26 31 1 19 27 23 11 33 27
7041 21 31 463 32 19 26 23 37 28 47 33 27
7042 21 30 99 23 27 41 18 32 26 1 33 27
7043 21 29 223 17 35 70 17 16 25 1 33 27
7044 21 35 569 31 41 46 20 33 34 18 33 27
7045 21 37 251 25 33 21 29 32 30 23 33 27
7046 22 35 210 25 38 68 22 20 26 1 32 27
7047 22 28 137 22 17 5 24 30 23 27 33 27
7048 21 30 147 34 21 1 24 30 27 40 33 27
7049 21 32 249 41 29 43 19 33 24 29 33 27
7050 21 34 256 30 18 1 26 39 30 52 33 27
7051 21 30 558 30 27 1 22 41 25 39 33 27
7052 21 29 281 22 22 42 17 28 19 19 33 27
7053 22 32 275 12 44 8 23 21 29 1 33 27
7054 21 29 187 23 17 12 23 34 24 20 33 27
7055 21 35 808 24 32 61 22 24 30 20 33 27
7056 22 32 167 27 28 20 27 1 34 13 33 27
7057 21 29 219 21 32 55 23 23 26 1 33 27
7058 21 29 205 38 23 1 21 42 30 23 33 27
7059 21 37 434 30 30 94 18 1 30 30 33 27
7060 22 32 371 36 15 52 27 42 23 46 33 27
7061 22 32 208 17 33 15 23 35 35 9 33 27
7062 21 32 143 29 26 1 22 35 23 43 33 27
7063 21 29 177 28 27 1 28 29 30 21 33 27
7064 21 29 159 20 26 82 20 23 27 24 33 27
7065 21 32 172 32 38 1 15 23 20 9 33 27
7066 21 27 562 38 24 48 22 36 24 7 33 27
7067 21 24 177 28 19 18 25 26 32 16 33 27
7068 22 32 170 27 32 36 24 27 21 1 33 27
7069 22 33 154 25 39 1 22 20 23 5 33 27
7070 21 30 202 26 24 1 19 1 21 17 33 27
7071 21 29 179 26 21 34 21 29 18 27 33 27
7072 21 28 515 24 23 31 23 41 26 15 33 27
7073 22 32 141 17 22 64 26 20 23 16 33 27
7074 21 27 466 37 31 68 23 1 38 1 33 27
7075 21 30 173 31 30 27 25 21 27 10 33 27
7076 21 32 301 23 46 37 21 21 22 1 33 27
7077 21 36 193 43 29 1 23 36 29 42 33 27
7078 21 35 229 27 30 1 23 35 21 38 33 27
7079 21 36 990 37 26 39 28 48 25 48 33 27
7080 21 29 241 18 24 5 23 32 18 21 33 27
7081 21 31 272 22 33 88 20 19 25 4 33 27
7082 21 29 176 28 16 9 24 34 30 26 33 27
7083 21 33 268 18 24 1 24 31 23 40 33 27
7084 21 34 106 25 36 1 19 37 26 35 33 27
7085 21 32 141 24 29 75 27 15 30 5 33 27
7086 22 33 361 34 36 19 23 1 34 22 33 27
7087 21 34 133 33 28 1 25 16 22 21 33 27
7088 21 34 110 32 39 12 26 24 32 24 33 27
7089 21 34 730 17 38 36 22 30 21 8 33 27
7090 21 33 177 26 22 1 26 45 22 41 33 27
7091 21 37 118 23 36 119 19 17 23 13 33 27
7092 21 34 198 11 35 1 21 27 20 27 33 27
7093 21 29 173 26 25 2 22 34 21 34 33 27
7094 21 28 296 24 26 1 24 43 27 30 33 27
7095 22 31 183 17 35 66 26 18 29 5 33 27
7096 21 38 225 21 30 56 22 21 21 34 33 27
7097 21 31 155 26 20 27 23 43 21 31 33 27
7098 22 28 436 27 32 1 20 31 29 28 33 27
7099 21 32 214 40 28 70 20 32 14 31 33 27
7100 21 34 237 40 29 1 18 24 20 28 33 27
7101 21 29 273 26 29 15 24 25 34 3 33 27
7102 21 28 193 26 20 13 21 23 22 17 33 27
7103 21 32 295 25 31 66 18 23 22 9 33 27
7104 21 30 335 29 21 11 19 36 28 34 33 27
7105 21 36 159 31 29 66 22 27 22 19 33 27
7106 21 24 385 22 17 16 19 28 27 25 33 27
7107 21 22 520 20 15 21 21 21 26 5 33 27
7108 22 30 106 29 25 27 22 32 20 23 33 27
7109 21 32 329 21 31 60 19 1 30 24 33 27
7110 22 40 180 18 35 86 21 26 27 36 33 27
7111 21 33 166 23 29 6 20 20 27 29 33 27
7112 21 31 142 37 35 72 20 15 25 2 33 27
7113 21 32 189 21 24 30 20 21 22 25 33 27
7114 22 25 157 29 23 23 23 22 32 3 33 27
7115 21 37 187 34 29 1 25 23 33 26 33 27
7116 22 33 231 24 37 1 21 20 33 28 33 27
7117 21 28 579 36 24 1 22 30 28 15 33 27
7118 21 33 149 28 26 33 21 31 31 33 33 27
7119 22 33 224 30 20 36 27 38 26 33 33 27
7120 22 21 458 30 23 1 24 24 23 1 33 27
7121 21 33 602 20 27 21 20 31 23 25 33 27
7122 22 36 191 22 33 11 24 32 22 3 33 27
7123 21 34 171 35 26 47 53 25 19 33 33 27
7124 21 34 485 22 29 63 20 23 24 30 33 27
7125 22 36 415 30 39 76 25 30 31 7 33 27
7126 21 32 714 37 14 35 22 36 26 42 33 27
7127 22 28 222 24 25 77 20 1 31 9 33 27
7128 21 30 122 28 24 52 18 1 36 9 33 27
7129 21 35 176 26 31 53 24 26 16 22 33 27
7130 21 27 128 23 29 1 19 32 34 11 33 27
7131 21 33 283 21 27 70 21 19 27 19 33 27
7132 21 35 414 50 25 26 23 36 31 37 33 27
7133 21 37 270 37 28 81 21 30 26 23 33 27
7134 21 39 196 31 37 60 21 25 22 39 33 27
7135 21 30 98 25 28 24 21 1 23 10 33 27
7136 21 30 179 8 45 1 23 19 21 11 33 27
7137 22 39 152 33 40 1 19 25 24 19 33 27
7138 21 28 488 29 30 1 20 29 31 9 33 27
7139 21 31 123 38 34 58 24 22 24 1 33 27
7140 21 37 353 36 27 84 22 29 26 27 33 27
7141 21 31 462 17 29 1 24 16 31 19 33 27
7142 21 33 191 34 19 46 22 22 24 23 33 27
7143 22 27 174 25 24 1 22 28 29 18 33 27
7144 21 30 264 42 27 1 20 31 33 14 33 27
7145 21 33 229 26 33 45 21 22 33 12 33 27
7146 22 29 273 43 21 43 26 1 34 28 33 27
7147 21 28 154 31 18 1 24 24 25 24 33 27
7148 21 33 249 24 33 59 26 39 33 15 33 27
7149 21 34 113 35 33 48 22 30 27 26 33 27
7150 21 32 145 37 23 43 27 28 30 17 33 27
7151 21 31 212 24 28 1 18 35 23 21 33 27
7152 21 27 121 21 26 1 20 13 21 16 33 27
7153 21 34 557 38 26 1 23 37 25 37 33 27
7154 21 23 82 25 22 1 18 18 23 6 33 27
7155 22 32 145 23 22 21 25 30 26 26 33 27
7156 21 33 994 29 16 40 26 3 31 20 33 27
7157 21 32 774 22 28 34 21 29 21 15 33 27
7158 21 27 244 24 22 25 21 27 28 10 33 27
7159 21 28 1313 35 25 51 20 20 22 14 33 27
7160 21 33 121 20 29 80 21 22 21 10 33 27
7161 21 31 116 19 39 1 20 26 24 11 33 27
7162 21 29 146 17 26 19 20 29 28 18 33 27
7163 22 33 121 32 17 11 22 33 25 40 33 27
7164 21 27 263 34 23 45 26 1 23 1 32 27
7165 22 29 467 13 36 11 27 25 25 12 33 27
7166 21 35 413 20 33 67 21 28 30 25 33 27
7167 21 32 191 31 28 86 22 32 30 20 33 27
7168 21 34 204 25 31 35 21 24 23 16 33 27
7169 21 30 208 31 18 22 24 24 21 34 33 27
7170 22 41 190 25 28 73 20 26 25 53 33 27
7171 21 27 96 27 26 40 19 34 24 15 33 27
7172 21 30 1763 17 30 8 24 37 26 11 33 27
7173 21 28 87 29 13 19 19 25 25 32 33 27
7174 21 34 257 37 36 78 56 1 25 14 33 27
7175 22 31 158 30 34 1 20 26 25 19 33 27
7176 21 39 121 29 39 80 15 26 14 36 33 27
7177 21 32 230 34 26 87 20 36 18 25 33 27
7178 21 28 330 10 31 22 21 33 29 22 33 27
7179 21 28 187 25 27 32 19 21 24 7 33 27
7180 22 34 102 24 28 1 26 29 33 18 33 27
7181 22 36 117 26 39 18 22 21 28 34 33 27
7182 22 23 96 30 27 39 24 18 27 1 33 27
7183 21 25 157 18 29 13 19 24 23 1 33 27
7184 21 29 172 15 27 1 22 23 25 12 33 27
7185 21 37 153 22 31 79 23 27 25 28 33 27
7186 21 30 210 24 37 47 23 22 29 1 33 27
7187 22 34 114 37 27 1 23 34 30 23 33 27
7188 21 35 216 36 21 89 22 35 22 34 33 27
7189 21 33 213 21 35 3 25 24 25 22 33 27
7190 22 32 104 31 31 1 22 25 29 25 33 27
7191 21 34 293 16 39 1 24 27 26 4 33 27
7192 21 26 79 34 23 11 29 31 25 15 33 27
7193 21 38 387 27 35 118 24 32 26 30 33 27
7194 21 34 170 27 28 57 27 30 33 32 33 27
7195 21 33 331 32 33 9 23 17 27 6 33 27
7196 21 32 129 19 38 1 21 26 32 8 33 27
7197 21 32 98 24 23 29 20 27 24 31 33 27
7198 22 19 180 33 11 4 22 35 27 7 33 27
7199 21 31 428 27 27 19 25 25 28 29 33 27
7200 21 26 278 23 31 32 20 28 26 5 33 27
7201 21 31 603 38 21 9 24 43 26 40 33 27
7202 21 35 199 19 37 61 25 26 30 15 33 27
7203 21 33 163 17 33 33 22 32 32 13 33 27
7204 21 39 129 25 39 40 24 23 23 24 33 27
7205 22 28 180 27 22 21 35 30 29 12 33 27
7206 21 18 266 30 22 1 20 19 21 1 33 27
7207 21 35 326 32 28 83 23 21 27 35 33 27
7208 21 31 119 25 25 30 23 33 31 34 33 27
7209 21 29 133 22 27 21 23 23 24 17 33 27
7210 21 25 437 30 20 2 22 30 28 18 33 27
7211 21 31 159 11 42 28 29 21 24 14 33 27
7212 21 29 110 32 22 55 23 35 28 23 33 27
7213 21 32 246 26 28 13 21 20 24 19 33 27
7214 21 35 174 27 41 1 25 45 23 19 33 27
7215 22 32 316 38 33 30 22 26 31 17 33 27
7216 22 29 608 31 18 1 20 40 32 38 33 27
7217 21 30 353 31 32 87 25 26 27 5 33 27
7218 21 34 186 25 27 50 19 47 21 28 33 27
7219 21 28 170 22 29 27 23 28 25 6 33 27
7220 21 31 182 19 27 31 22 19 27 16 33 27
7221 21 29 200 23 22 31 22 22 22 16 33 27
7222 22 35 214 17 28 1 21 50 26 29 33 27
7223 21 31 308 23 33 87 19 23 27 1 33 27
7224 21 41 115 20 44 25 22 29 29 34 33 27
7225 21 27 162 17 25 33 21 21 29 12 33 27
7226 22 41 491 20 36 43 20 23 25 42 33 27
7227 22 29 112 19 26 63 21 21 22 9 33 27
7228 21 36 219 26 31 66 28 24 24 28 33 27
7229 21 34 572 20 30 60 21 23 31 25 33 27
7230 22 25 170 37 22 26 23 28 25 1 33 27
7231 22 32 166 27 31 30 28 54 32 27 33 27
7232 21 22 909 14 26 1 19 24 23 1 33 27
7233 21 41 118 30 33 112 24 19 27 33 33 27
7234 21 28 113 35 21 1 20 31 27 29 33 27
7235 21 31 206 30 26 1 18 32 26 28 33 27
7236 21 32 191 20 21 26 21 31 30 37 33 27
7237 22 33 338 24 31 1 24 35 26 40 33 27
7238 22 35 118 37 41 37 24 29 31 37 33 27
7239 22 33 100 20 40 87 27 19 24 4 33 27
7240 21 28 350 26 33 25 24 23 24 1 33 27
7241 21 29 558 22 32 1 18 24 21 1 33 27
7242 21 28 507 33 34 32 23 28 27 9 33 27
7243 21 30 172 30 26 25 23 1 28 12 33 27
7244 21 33 173 31 33 1 23 20 34 31 33 27
7245 21 33 273 25 35 9 24 24 23 9 33 27
7246 22 32 103 31 31 55 20 36 26 17 33 27
7247 21 30 99 32 22 20 24 31 20 22 33 27
7248 21 23 85 21 28 48 19 26 27 1 33 27
7249 21 26 203 18 20 14 17 28 22 19 33 27
7250 22 31 319 22 25 9 21 30 24 23 33 27
7251 21 30 181 23 33 1 21 21 23 1 33 27
7252 21 33 377 28 31 1 24 33 29 28 33 27
7253 21 26 186 15 21 20 19 30 20 5 33 27
7254 21 33 141 30 25 6 20 25 24 3 33 27
7255 21 27 110 26 13 37 23 27 29 35 33 27
7256 21 35 940 31 26 1 26 38 22 40 33 27
7257 21 27 312 23 29 27 25 26 31 12 33 27
7258 21 33 241 29 30 2 25 28 29 14 33 27
7259 21 35 187 32 36 64 28 17 20 24 33 27
7260 21 34 230 23 35 1 23 19 28 5 33 27
7261 21 32 117 34 27 14 27 40 24 6 33 27
7262 21 25 212 14 26 7 19 19 25 1 33 27
7263 21 35 168 22 31 1 22 19 20 26 33 27
7264 21 30 337 20 28 1 21 29 23 14 33 27
7265 21 23 315 26 18 10 24 24 32 5 33 27
7266 21 30 141 36 19 36 24 29 28 34 33 27
7267 21 27 174 24 24 6 25 39 25 15 33 27
7268 21 28 175 33 19 16 23 27 26 29 33 27
7269 21 35 191 30 23 38 23 41 24 53 33 27
7270 21 43 173 26 47 95 24 22 30 33 33 27
7271 21 26 649 27 19 17 21 36 27 21 33 27
7272 21 33 176 12 29 1 23 21 32 17 33 27
7273 21 33 190 24 28 4 22 30 25 32 33 27
7274 22 35 242 26 32 40 22 25 28 26 33 27
7275 22 38 163 23 37 1 21 23 27 34 33 27
7276 22 31 191 33 28 2 20 40 27 26 33 27
7277 21 29 491 21 35 1 19 26 25 5 33 27
7278 21 30 140 22 34 77 23 28 25 5 33 27
7279 21 29 176 27 38 1 27 30 28 25 33 27
7280 22 27 125 23 28 12 21 25 26 1 32 27
7281 21 28 294 32 16 1 22 29 23 36 33 27
7282 21 31 304 23 30 73 25 18 24 1 33 27
7283 21 34 104 18 31 39 25 28 23 16 33 27
7284 21 32 303 26 21 1 22 30 25 23 33 27
7285 21 36 99 25 33 34 24 24 26 21 33 27
7286 21 29 92 30 28 2 21 30 23 23 33 27
7287 21 25 226 46 27 72 28 30 24 1 32 27
7288 22 33 131 24 17 30 26 33 32 37 33 27
7289 22 34 303 30 39 64 22 27 28 1 32 27
7290 22 33 336 19 32 53 20 25 20 1 33 27
7291 22 32 260 28 27 8 25 41 28 32 33 27
7292 21 28 402 27 26 1 21 30 30 19 33 27
7293 21 37 191 20 30 21 20 27 30 8 33 27
7294 21 34 301 35 35 102 23 25 26 11 33 27
7295 21 31 106 21 26 49 22 25 29 21 33 27
7296 21 32 144 20 35 88 13 28 19 1 33 27
7297 22 28 98 31 18 34 22 1 25 23 33 27
7298 22 26 161 26 17 17 23 46 29 19 33 27
7299 21 32 122 17 38 45 17 18 23 1 32 27
7300 22 28 143 10 41 1 21 22 30 10 33 27
7301 21 29 162 30 27 38 18 27 24 17 33 27
7302 21 29 269 24 19 2 21 37 23 40 33 27
7303 21 34 191 28 29 40 23 28 25 38 33 27
7304 21 32 225 28 26 78 23 29 33 4 33 27
7305 21 29 148 15 29 43 21 19 27 1 33 27
7306 21 26 122 40 22 45 18 28 23 6 33 27
7307 21 36 373 23 27 54 24 31 27 21 33 27
7308 21 29 179 17 25 1 22 33 23 9 33 27
7309 21 32 310 22 24 56 25 36 23 16 33 27
7310 22 31 105 30 31 24 29 29 27 13 33 27
7311 22 30 320 17 31 12 21 21 36 8 33 27
7312 21 28 135 6 36 1 21 22 28 1 32 27
7313 21 35 131 35 27 1 17 27 27 50 33 27
7314 21 28 353 30 22 37 24 21 31 5 33 27
7315 22 34 387 25 36 108 20 32 28 1 32 27
7316 21 33 178 36 33 19 24 31 25 29 33 27
7317 21 29 166 22 35 68 19 26 25 8 33 27
7318 22 32 394 35 24 2 17 31 28 32 33 27
7319 22 36 151 23 40 1 20 30 25 32 33 27
7320 21 36 263 27 41 1 25 13 24 14 33 27
7321 21 31 376 34 33 26 25 20 27 6 33 27
7322 21 33 191 17 34 59 24 18 28 8 33 27
7323 22 25 170 31 15 23 25 45 30 35 33 27
7324 21 27 388 13 41 1 22 26 24 1 32 27
7325 21 27 226 33 19 33 23 36 31 29 33 27
7326 21 28 188 30 20 12 25 25 32 15 33 27
7327 22 39 271 24 32 67 20 22 24 1 32 27
7328 21 29 138 32 18 46 22 38 23 33 33 27
7329 21 28 230 29 31 12 23 36 31 14 33 27
7330 21 35 203 25 21 23 21 42 19 44 33 27
7331 21 32 141 19 35 1 21 23 25 1 33 27
7332 22 31 236 25 34 24 21 1 29 1 33 27
7333 21 28 230 28 28 7 25 24 21 13 33 27
7334 22 32 146 16 35 25 24 20 24 7 33 27
7335 21 43 181 33 42 123 22 37 21 38 33 27
7336 22 26 149 24 26 1 20 29 18 22 33 27
7337 21 33 314 18 35 6 24 28 27 19 33 27
7338 21 30 249 20 23 11 21 28 24 19 33 27
7339 21 36 611 29 32 7 19 28 27 34 33 27
7340 21 30 142 20 30 37 24 24 23 10 33 27
7341 21 33 527 27 23 1 23 38 28 41 33 27
7342 21 28 174 36 16 28 23 21 28 13 33 27
7343 22 27 455 44 16 78 22 27 25 2 33 27
7344 22 34 197 24 31 1 16 27 29 33 33 27
7345 21 35 115 21 38 54 22 19 24 6 33 27
7346 21 30 190 29 27 1 26 38 25 30 33 27
7347 21 34 166 33 32 40 23 37 14 28 33 27
7348 22 33 173 20 34 48 22 23 25 1 33 27
7349 21 33 364 25 22 37 26 33 26 33 33 27
7350 21 30 362 28 23 67 19 28 25 4 33 27
7351 21 27 790 28 33 1 22 18 29 6 33 27
7352 21 34 162 21 24 35 28 26 22 19 33 27
7353 21 32 230 21 35 1 24 22 28 16 33 27
7354 21 29 86 15 33 73 22 22 18 4 33 27
7355 21 27 198 10 21 1 22 17 25 16 33 27
7356 21 29 406 22 17 27 19 34 26 29 33 27
7357 21 29 543 27 20 50 25 45 24 15 33 27
7358 21 22 265 30 26 56 18 24 24 1 33 27
7359 22 29 86 9 35 39 22 17 27 1 33 27
7360 22 25 168 11 30 21 19 22 28 1 32 27
7361 21 30 176 16 36 37 17 30 20 1 33 27
7362 21 32 263 32 35 28 23 22 26 11 33 27
7363 21 32 191 35 17 34 23 23 22 40 33 27
7364 22 31 343 25 31 33 20 26 30 18 33 27
7365 21 31 1623 27 18 41 19 38 25 15 33 27
7366 21 26 141 21 27 36 22 39 31 5 33 27
7367 22 30 244 35 30 1 19 33 25 16 33 27
7368 21 33 245 16 33 27 22 19 22 5 33 27
7369 22 30 242 14 29 1 18 13 23 1 33 27
7370 21 33 95 21 39 79 25 24 29 1 33 27
7371 22 31 263 26 25 48 23 23 29 7 33 27
7372 22 25 246 35 26 1 25 26 30 2 33 27
7373 21 30 288 28 28 11 22 36 37 37 33 27
7374 21 25 152 27 28 1 22 38 17 26 33 27
7375 21 27 270 19 27 1 20 21 26 7 33 27
7376 22 34 183 25 20 59 23 32 21 40 33 27
7377 21 29 107 28 25 6 23 23 22 19 33 27
7378 21 29 366 21 22 38 24 27 30 24 33 27
7379 21 36 318 29 32 25 25 34 22 28 33 27
7380 21 29 164 27 29 1 23 24 25 20 33 27
7381 21 30 138 27 21 1 20 28 26 30 33 27
7382 22 40 115 22 32 1 23 22 22 38 33 27
7383 21 36 322 29 31 21 25 25 36 36 33 27
7384 21 30 306 33 19 2 24 27 24 27 33 27
7385 21 35 207 28 23 11 23 35 21 34 33 27
7386 21 28 221 24 28 9 28 28 35 26 33 27
7387 21 36 151 37 29 38 21 31 26 43 33 27
7388 21 29 141 15 33 44 21 25 19 4 33 27
7389 22 27 243 24 28 25 21 1 33 1 33 27
7390 21 32 216 28 19 1 20 29 27 31 33 27
7391 21 30 141 22 37 55 23 21 29 1 33 27
7392 21 30 283 34 27 41 24 31 24 21 33 27
7393 21 28 214 26 31 1 19 18 31 1 33 27
7394 21 30 129 23 30 31 21 21 26 1 33 27
7395 21 39 228 20 30 1 25 19 20 24 33 27
7396 21 30 114 24 24 35 17 19 17 6 33 27
7397 21 27 296 22 31 1 20 58 26 17 33 27
7398 21 33 188 21 36 1 19 26 22 18 33 27
7399 21 27 113 16 30 1 27 31 34 2 33 27
7400 21 38 213 19 36 1 22 1 27 36 33 27
7401 22 33 167 23 24 34 25 25 31 30 33 27
7402 21 35 154 24 34 1 24 19 36 3 33 27
7403 21 34 271 15 24 1 19 27 25 35 33 27
7404 22 31 149 25 29 23 30 35 30 20 33 27
7405 21 26 207 12 32 7 18 26 23 9 33 27
7406 22 28 651 12 34 9 20 19 31 1 33 27
7407 22 38 185 22 36 94 29 33 22 20 33 27
7408 21 30 143 26 17 20 27 40 21 31 33 27
7409 21 29 489 24 25 1 22 32 25 40 33 27
7410 21 31 354 35 19 66 22 28 22 28 33 27
7411 21 29 128 21 35 1 20 21 26 3 33 27
7412 22 21 152 32 19 35 22 19 23 1 33 27
7413 21 31 195 29 23 46 27 22 25 2 33 27
7414 22 30 399 20 31 45 28 23 30 7 33 27
7415 21 31 803 22 17 50 25 16 34 21 33 27
7416 22 29 312 16 34 1 20 31 26 10 33 27
7417 22 30 178 36 21 58 23 32 27 28 33 27
7418 21 29 178 12 26 73 23 23 28 1 33 27
7419 21 38 214 10 39 1 19 33 24 28 33 27
7420 22 32 146 26 29 1 27 40 26 41 33 27
7421 21 26 100 19 25 1 21 36 22 1 33 27
7422 21 32 596 21 29 1 20 24 29 25 33 27
7423 21 31 169 19 30 6 17 20 21 18 33 27
7424 21 31 222 29 30 31 28 26 22 20 33 27
7425 21 35 150 24 31 24 28 32 18 21 33 27
7426 21 35 279 21 38 79 20 27 31 6 33 27
7427 21 32 236 26 23 84 26 27 28 21 33 27
7428 21 30 88 17 32 1 19 28 22 11 33 27
7429 21 27 735 29 18 23 21 37 25 39 33 27
7430 21 29 194 13 34 1 23 32 17 13 33 27
7431 22 35 347 25 26 1 23 27 20 35 33 27
7432 21 30 270 33 24 92 17 36 27 12 33 27
7433 22 33 137 22 33 1 24 35 32 19 33 27
7434 21 26 308 22 20 21 52 43 22 2 33 27
7435 22 31 101 14 38 15 24 12 20 1 33 27
7436 22 37 151 19 36 39 26 31 26 29 33 27
7437 21 29 164 37 31 1 17 27 24 14 33 27
7438 21 28 160 25 26 18 21 1 30 5 32 27
7439 22 26 144 33 23 58 21 32 34 8 33 27
7440 22 35 205 27 37 3 22 27 38 10 33 27
7441 22 32 241 44 27 30 23 29 22 20 33 27
7442 21 36 257 13 36 1 28 14 27 23 33 27
7443 21 29 330 32 28 32 20 36 22 2 33 27
7444 21 21 79 17 25 11 21 34 27 6 33 27
7445 21 34 256 36 27 64 24 30 25 29 33 27
7446 22 30 210 18 32 10 19 21 26 16 33 27
7447 21 34 396 28 24 1 26 40 29 34 33 27
7448 21 30 386 17 30 34 26 33 29 15 33 27
7449 21 38 163 24 28 32 25 36 25 48 33 27
7450 21 34 207 24 35 40 25 25 25 36 33 27
7451 21 35 478 26 30 1 27 21 30 43 33 27
7452 22 34 108 25 32 1 23 19 26 26 33 27
7453 22 31 237 31 25 47 26 38 26 10 33 27
7454 22 34 111 41 28 107 21 36 25 28 33 27
7455 21 31 145 18 41 24 21 27 32 1 33 27
7456 22 29 184 12 30 11 22 28 26 1 33 27
7457 21 26 133 30 23 2 23 29 25 25 33 27
7458 22 26 173 13 20 6 18 28 28 14 33 27
7459 21 32 245 16 30 1 23 31 27 27 33 27
7460 21 26 524 29 20 60 20 33 32 9 33 27
7461 21 26 203 32 17 53 28 84 31 19 33 27
7462 22 29 177 16 29 22 25 31 29 16 33 27
7463 21 32 394 36 25 1 18 36 27 36 33 27
7464 21 32 530 30 30 46 28 24 28 13 33 27
7465 21 29 192 24 34 28 21 29 30 1 33 27
7466 21 33 173 27 30 118 25 28 25 8 33 27
7467 21 33 138 13 33 51 26 50 27 23 33 27
7468 22 32 105 26 30 29 24 32 37 15 33 27
7469 21 35 287 23 26 13 21 30 28 35 33 27
7470 21 26 179 35 26 27 16 1 22 7 33 27
7471 21 30 193 35 31 78 22 29 25 3 33 27
7472 21 31 160 26 30 10 18 31 28 17 33 27
7473 21 31 209 29 33 67 25 25 30 6 33 27
7474 21 25 241 30 13 38 23 32 31 8 33 27
7475 21 21 165 27 17 65 19 26 30 1 33 27
7476 22 27 341 15 29 30 23 22 27 5 33 27
7477 22 31 369 22 28 32 23 28 30 20 33 27
7478 22 30 309 29 31 1 19 28 32 25 33 27
7479 22 29 353 36 21 1 23 37 31 30 33 27
7480 22 27 206 28 17 7 20 1 37 16 33 27
7481 21 34 193 20 28 40 23 21 25 18 33 27
7482 21 29 135 21 35 1 21 16 28 28 33 27
7483 21 30 190 30 35 1 26 46 27 26 33 27
7484 21 30 144 19 36 38 19 16 25 1 33 27
7485 21 30 198 29 19 5 21 25 23 36 33 27
7486 21 34 169 27 28 1 30 27 33 24 33 27
7487 22 32 250 19 36 1 20 25 20 20 33 27
7488 21 31 353 33 30 1 18 29 18 16 33 27
7489 21 27 161 22 33 1 19 23 26 10 33 27
7490 21 28 368 12 26 1 18 25 29 7 33 27
7491 21 32 183 17 22 41 25 23 29 28 33 27
7492 21 29 193 18 23 31 19 1 36 11 33 27
7493 21 34 130 16 42 25 25 23 26 1 33 27
7494 21 28 206 21 22 1 24 25 29 23 33 27
7495 21 36 177 29 31 1 23 30 24 15 33 27
7496 21 30 114 35 32 40 23 25 22 6 33 27
7497 21 25 150 30 22 17 22 34 26 10 33 27
7498 21 35 198 23 29 54 25 28 29 15 33 27
7499 21 33 195 29 32 1 25 37 26 31 33 27
7500 21 34 154 19 28 27 19 16 26 23 33 27
7501 21 29 223 32 33 1 19 17 18 8 33 27
7502 21 29 117 26 25 1 21 24 27 34 33 27
7503 21 30 331 30 26 28 19 46 19 11 33 27
7504 21 35 210 25 31 1 22 22 19 32 33 27
7505 21 31 399 22 36 1 21 31 24 2 33 27
7506 21 31 118 34 29 61 23 19 24 4 33 27
7507 21 35 463 25 44 105 19 22 30 1 33 27
7508 21 33 138 32 25 14 21 1 28 26 33 27
7509 21 36 170 19 32 7 21 30 19 31 33 27
7510 21 34 150 22 29 37 29 22 28 31 33 27
7511 21 34 196 16 38 1 24 26 22 8 33 27
7512 21 34 473 21 43 62 26 24 22 14 33 27
7513 21 24 536 19 22 29 25 20 22 4 33 27
7514 21 32 109 30 23 31 22 25 24 28 33 27
7515 22 33 104 25 27 45 22 25 25 32 33 27
7516 21 25 188 17 27 22 20 41 25 13 33 27
7517 22 29 141 18 29 40 21 16 26 22 33 27
7518 21 31 149 11 39 16 20 19 26 1 32 27
7519 21 29 157 33 26 10 24 22 25 8 33 27
7520 22 35 358 30 36 107 27 30 33 12 33 27
7521 21 31 112 24 19 69 19 33 24 35 33 27
7522 21 29 251 19 37 59 20 25 29 12 33 27
7523 22 30 94 20 33 33 19 23 19 1 33 27
7524 21 31 248 25 25 84 22 29 22 8 33 27
7525 21 39 564 32 38 1 26 34 34 44 33 27
7526 21 29 190 28 30 16 18 24 20 7 33 27
7527 21 35 214 21 29 1 19 16 23 30 33 27
7528 22 39 289 39 35 47 25 28 29 31 33 27
7529 16 24 107 19 16 46 15 19 19 11 24 18
7530 21 40 164 27 40 1 21 29 26 38 33 27
7531 22 33 171 42 27 1 25 29 33 30 33 27
7532 21 34 299 26 29 55 28 20 23 10 33 27
7533 21 38 198 25 26 52 24 27 34 37 33 27
7534 21 33 203 28 18 33 27 21 35 34 33 27
7535 21 29 268 34 23 51 22 31 36 18 33 27
7536 21 33 153 17 43 61 20 24 28 1 33 27
7537 22 33 138 19 39 6 22 19 27 1 33 27
7538 21 29 171 34 29 16 21 29 27 17 33 27
7539 21 34 540 19 40 89 19 20 28 5 33 27
7540 22 37 238 41 35 1 28 43 32 31 33 27
7541 21 27 157 34 11 32 19 24 29 1 33 27
7542 21 32 748 12 30 8 25 15 27 1 33 27
7543 21 35 215 31 36 1 25 38 30 38 33 27
7544 21 24 205 19 14 7 23 39 29 1 33 27
7545 21 23 118 16 22 1 21 33 20 5 33 27
7546 21 33 443 30 30 82 25 24 26 1 33 27
7547 22 30 137 30 28 31 25 22 24 5 33 27
7548 21 34 322 28 27 75 25 24 24 29 33 27
7549 21 36 161 20 25 44 20 26 24 49 33 27
7550 21 32 112 32 32 1 16 40 22 32 33 27
7551 21 37 126 28 30 2 23 26 32 35 33 27
7552 22 33 536 21 25 21 19 25 16 30 33 27
7553 21 26 265 30 22 49 23 17 31 3 33 27
7554 22 32 293 25 26 1 22 26 25 29 33 27
7555 22 27 134 22 23 2 26 41 30 11 33 27
7556 21 22 233 31 17 1 21 22 19 6 33 27
7557 21 33 335 27 28 33 20 19 27 24 33 27
7558 21 32 168 30 34 1 23 23 27 12 33 27
7559 21 31 414 21 38 72 21 27 24 1 33 26
7560 21 35 452 22 37 76 22 28 27 1 33 27
7561 22 28 320 19 29 44 18 26 27 1 33 27
7562 21 36 242 32 38 1 22 32 30 23 33 27
7563 21 32 106 12 29 8 26 43 27 29 33 27
7564 21 35 131 23 28 1 25 33 25 44 33 27
7565 21 37 215 32 33 70 20 30 17 23 33 27
7566 22 39 162 31 35 84 20 32 28 26 33 27
7567 22 24 207 11 24 32 19 23 20 1 33 27
7568 21 29 446 32 18 19 21 39 27 42 33 27
7569 21 38 318 27 22 67 21 33 34 44 33 27
7570 22 31 149 29 34 1 21 24 24 17 33 27
7571 21 35 575 28 33 41 18 30 29 21 33 27
7572 22 30 161 23 25 28 17 23 26 21 33 27
7573 21 25 104 23 26 1 15 20 22 9 33 27
7574 21 21 233 32 14 1 22 24 26 5 33 27
7575 21 39 222 35 27 90 26 32 26 29 33 27
7576 21 33 149 23 38 77 26 17 25 1 33 27
7577 21 32 150 29 26 32 20 32 29 28 33 27
7578 21 30 351 23 28 14 21 30 25 19 33 27
7579 21 34 867 24 38 1 23 29 25 27 33 27
7580 22 26 197 30 24 1 22 35 29 6 33 27
7581 21 31 156 16 39 1 24 21 90 15 33 27
7582 21 29 142 24 19 1 24 29 29 24 33 27
7583 21 27 466 23 29 1 21 14 36 8 33 27
7584 21 31 193 41 20 28 22 28 29 18 33 27
7585 21 29 236 23 25 21 29 31 30 11 33 27
7586 21 33 467 33 31 1 19 36 23 11 33 27
7587 21 33 384 27 30 17 21 32 22 26 33 27
7588 21 29 265 29 19 50 26 35 22 18 33 27
7589 21 33 96 24 28 1 20 23 27 31 33 27
7590 22 27 221 33 32 1 26 37 30 1 33 27
7591 21 30 318 17 42 34 23 27 22 10 33 27
7592 22 35 315 9 30 47 22 33 22 9 33 27
7593 21 32 114 19 48 99 22 22 30 1 33 27
7594 21 37 316 25 37 65 26 34 30 25 33 27
7595 22 32 332 24 34 9 21 1 31 22 33 27
7596 22 29 252 31 32 1 21 21 24 9 33 27
7597 22 37 126 37 27 28 22 29 23 36 33 27
7598 21 38 613 17 38 41 24 20 29 30 33 27
7599 21 34 194 21 26 1 20 32 28 41 33 27
7600 21 31 261 16 28 1 26 19 22 27 33 27
7601 21 25 152 22 30 1 20 35 26 1 33 27
7602 21 22 126 42 24 38 21 1 28 1 33 27
7603 21 31 259 25 37 52 16 29 19 11 33 27
7604 21 40 175 18 29 82 19 24 31 22 33 27
7605 21 36 182 15 35 18 22 21 23 20 33 27
7606 22 30 379 22 22 77 23 27 22 32 34 27
7607 21 35 118 28 38 71 23 19 26 1 33 27
7608 21 30 215 35 14 18 23 36 24 47 33 27
7609 21 30 148 30 23 1 23 32 26 32 33 27
7610 21 33 172 22 33 13 23 28 27 1 32 27
7611 22 33 117 30 35 1 24 22 34 20 33 27
7612 21 31 146 16 38 26 67 27 20 9 33 27
7613 21 27 488 13 30 1 19 31 22 1 33 27
7614 21 30 221 19 28 3 21 24 26 22 33 27
7615 21 25 192 25 23 5 21 34 25 15 33 27
7616 21 35 400 17 43 61 20 24 25 10 33 27
7617 21 37 139 37 41 29 23 29 28 31 33 27
7618 21 33 190 34 18 16 25 29 27 40 33 27
7619 22 30 303 32 21 22 24 47 35 8 33 27
7620 21 31 209 23 24 13 20 37 25 11 33 27
7621 21 28 155 1 25 63 26 24 21 17 33 27
7622 21 28 153 20 32 19 22 30 24 1 33 27
7623 21 33 99 29 31 44 22 27 28 26 33 27
7624 21 32 772 35 16 45 27 41 25 48 33 27
7625 22 31 265 21 23 33 22 32 22 31 33 27
7626 21 24 188 12 34 1 21 18 19 1 32 27
7627 21 28 305 30 33 1 21 1 27 7 33 27
7628 21 27 158 27 28 48 22 34 28 4 33 27
7629 21 30 188 27 40 1 18 27 30 2 33 27
7630 21 29 104 30 22 26 23 31 21 30 33 27
7631 21 30 162 31 14 12 23 40 24 50 33 27
7632 21 43 313 23 41 1 22 28 24 42 33 27
7633 21 33 314 35 22 94 27 32 32 31 33 27
7634 22 28 217 43 24 18 17 24 28 6 33 27
7635 21 32 282 33 38 34 21 17 29 21 33 27
7636 21 31 307 23 28 3 25 47 22 33 33 27
7637 22 26 150 17 32 1 21 29 25 1 33 27
7638 21 32 99 33 29 44 22 28 26 24 33 27
7639 22 30 150 32 25 1 19 1 28 17 33 27
7640 21 30 191 20 26 30 19 1 24 26 33 27
7641 22 40 155 30 33 48 26 28 25 38 33 27
7642 21 26 189 22 27 1 20 34 24 26 33 27
7643 21 30 176 20 31 13 21 27 24 23 33 27
7644 21 29 214 30 32 1 20 28 17 21 33 27
7645 21 24 168 26 23 26 24 33 29 9 33 27
7646 21 33 165 25 32 66 21 20 25 9 33 27
7647 22 30 401 33 23 1 21 40 27 45 33 27
7648 21 34 189 34 29 1 20 26 27 21 33 27
7649 21 27 286 31 22 31 21 21 21 1 32 27
7650 21 34 225 26 34 50 21 31 24 35 33 27
7651 21 29 115 25 26 17 24 36 25 25 33 27
7652 21 30 108 27 30 29 19 31 27 2 33 27
7653 21 28 103 31 27 82 20 23 23 18 33 27
7654 21 34 315 21 20 34 26 23 28 30 33 27
7655 22 35 448 23 37 21 24 15 22 1 33 27
7656 21 23 281 25 30 1 23 23 26 1 33 27
7657 21 28 170 26 39 1 23 25 37 4 33 27
7658 21 34 159 37 26 49 18 23 25 29 33 27
7659 21 32 218 27 32 1 25 25 26 34 33 27
7660 21 31 372 15 39 35 23 24 28 1 33 27
7661 21 22 327 21 31 1 19 32 24 12 33 27
7662 21 30 2006 19 24 8 22 28 21 20 33 27
7663 21 22 464 21 22 45 23 34 24 1 33 27
7664 21 26 308 31 33 1 26 26 26 1 33 27
7665 21 35 188 25 28 23 23 33 23 35 33 27
7666 21 31 100 24 15 1 20 28 19 47 33 27
7667 22 28 229 29 27 1 20 35 31 19 33 27
7668 21 35 1485 34 26 62 23 50 26 20 33 27
7669 21 22 252 24 26 1 23 32 31 1 33 27
7670 21 28 102 31 18 1 23 39 24 38 33 27
7671 22 24 83 26 25 1 17 30 11 13 32 27
7672 21 30 446 29 26 27 18 33 29 18 33 27
7673 21 28 99 16 25 1 22 30 30 10 33 27
7674 21 26 148 24 16 18 18 54 18 10 33 27
7675 21 35 140 32 21 1 21 43 26 48 33 27
7676 22 34 281 23 37 4 16 24 28 6 33 27
7677 22 28 104 25 39 86 19 1 23 5 33 27
7678 21 38 174 32 27 78 25 29 30 46 33 27
7679 21 29 236 21 30 15 21 37 25 13 33 27
7680 21 30 181 20 28 1 20 27 27 29 33 27
7681 21 27 111 17 38 49 20 28 26 1 32 27
7682 22 32 183 19 33 3 25 26 36 12 33 27
7683 21 32 104 20 38 40 26 23 23 1 33 27
7684 22 32 284 28 32 68 26 27 28 12 33 27
7685 21 31 461 35 31 1 25 26 23 6 33 27
7686 22 31 185 28 29 1 24 27 28 1 33 27
7687 21 31 298 21 29 2 22 30 21 26 33 27
7688 21 28 263 26 23 84 20 27 29 3 33 27
7689 22 37 364 35 31 63 23 34 22 32 33 27
7690 22 34 305 33 24 30 23 25 26 26 33 27
7691 21 31 245 34 27 1 23 37 26 32 33 27
7692 22 30 155 10 40 1 20 28 31 5 33 27
7693 21 33 301 30 33 1 24 35 21 31 33 27
7694 22 32 404 24 23 1 23 32 29 36 34 27
7695 21 28 400 16 18 41 21 28 32 2 33 27
7696 21 33 242 37 26 1 24 33 26 43 33 27
7697 21 31 945 31 24 1 20 25 21 16 33 27
7698 21 29 122 39 21 18 20 25 28 21 33 27
7699 21 32 471 20 31 19 24 29 30 4 33 27
7700 22 28 174 40 26 19 22 35 29 25 33 27
7701 21 29 149 21 23 1 22 27 26 24 33 27
7702 21 32 461 16 33 60 25 28 30 3 33 27
7703 22 32 214 22 30 56 15 1 24 22 33 27
7704 22 30 528 27 26 12 25 19 33 17 33 27
7705 21 30 155 19 27 39 26 26 23 30 33 27
7706 22 31 179 32 23 23 22 39 25 35 33 27
7707 21 37 228 26 35 76 21 19 26 25 33 27
7708 22 35 399 31 32 1 22 29 25 30 33 27
7709 21 28 1095 24 35 1 25 45 31 14 33 27
7710 21 33 217 38 23 1 22 34 26 37 33 27
7711 21 30 92 13 39 63 20 20 24 1 33 27
7712 22 32 145 18 29 64 23 25 28 3 33 27
7713 21 32 178 19 30 60 26 17 29 20 33 27
7714 21 35 314 41 26 77 24 32 23 39 33 27
7715 21 31 246 33 33 100 23 22 27 1 33 27
7716 21 29 198 16 32 3 21 19 26 5 33 27
7717 21 23 191 26 25 34 18 15 18 4 33 27
7718 21 28 259 23 26 18 29 21 28 9 33 27
7719 22 29 111 13 31 65 22 23 30 4 33 27
7720 21 37 189 19 31 52 19 18 20 44 33 27
7721 21 35 131 19 35 33 28 19 32 12 33 27
7722 21 34 172 31 31 23 25 30 33 17 33 27
7723 21 33 358 36 39 24 20 46 23 30 33 27
7724 22 29 224 12 35 1 18 11 22 19 33 27
7725 22 33 378 21 42 60 22 31 31 1 33 27
7726 21 38 245 29 33 38 26 29 27 34 33 27
7727 21 30 213 24 28 1 29 19 21 7 33 27
7728 21 28 83 14 25 90 22 33 29 7 33 27
7729 21 32 350 27 42 4 29 23 30 1 33 27
7730 22 29 178 30 26 1 19 35 24 19 33 27
7731 21 28 295 37 28 48 22 18 26 1 33 27
7732 21 27 310 29 28 1 26 27 23 19 33 27
7733 22 28 351 36 21 1 19 40 23 31 34 27
7734 21 34 179 18 38 1 24 30 33 14 33 27
7735 22 39 187 24 47 1 18 28 33 18 33 27
7736 21 25 251 20 15 4 24 17 26 1 33 27
7737 21 33 403 24 27 49 21 22 22 15 33 27
7738 22 31 211 30 31 2 21 41 20 18 33 27
7739 21 34 295 23 28 51 22 28 30 28 33 27
7740 21 30 189 36 18 56 19 25 27 29 33 27
7741 21 25 167 29 21 11 19 26 22 15 33 27
7742 21 28 208 21 33 1 23 25 25 4 33 27
7743 21 28 174 15 29 1 26 21 29 11 33 27
7744 21 31 271 29 18 1 22 40 25 31 33 27
7745 21 35 125 25 37 1 22 23 22 37 33 27
7746 21 36 305 27 27 69 22 32 30 26 33 27
7747 22 31 102 37 24 45 19 29 25 6 33 27
7748 21 28 195 32 26 25 22 31 32 16 33 27
7749 21 24 171 27 16 41 23 29 21 21 33 27
7750 22 24 630 29 13 14 20 1 26 1 33 27
7751 21 37 297 27 40 1 22 33 32 21 33 27
7752 21 38 1056 41 37 49 25 35 31 27 33 27
7753 21 32 228 35 21 22 24 33 26 37 33 27
7754 21 25 267 30 27 1 23 34 22 11 33 27
7755 22 30 169 40 13 31 23 37 21 38 33 27
7756 21 24 92 24 13 1 27 17 27 9 33 27
7757 21 29 108 8 29 1 21 42 28 23 33 27
7758 21 30 130 17 30 35 24 26 31 1 33 27
7759 21 35 336 25 32 81 28 26 24 17 33 27
7760 21 32 170 12 42 23 25 22 33 6 33 27
7761 22 32 459 26 26 1 19 30 27 28 33 27
7762 21 32 231 36 32 1 18 1 25 21 33 27
7763 21 26 168 18 29 19 23 20 22 13 33 27
7764 21 36 345 27 36 67 16 22 22 28 33 27
7765 21 35 172 23 31 33 23 18 34 28 33 27
7766 21 29 231 29 19 1 24 37 25 30 33 27
7767 21 32 123 27 34 27 22 27 28 8 33 27
7768 21 32 142 15 37 81 21 25 28 2 33 27
7769 21 35 280 24 29 61 25 1 29 22 33 27
7770 22 31 232 20 39 3 25 29 23 1 33 27
7771 22 31 156 35 22 44 20 27 22 33 33 27
7772 22 32 225 31 33 10 24 35 25 21 33 27
7773 21 32 109 27 33 1 24 32 23 10 33 27
7774 21 26 705 27 17 28 19 34 24 12 33 27
7775 22 27 155 33 27 28 21 37 23 1 33 27
7776 21 33 306 36 31 54 25 31 23 25 33 27
7777 21 35 269 27 39 65 26 24 29 12 33 27
7778 22 35 173 17 35 26 20 25 24 21 33 27
7779 21 27 573 29 14 90 20 18 24 10 33 27
7780 22 30 147 37 19 2 21 38 23 30 33 27
7781 21 24 282 16 29 1 20 26 26 1 33 27
7782 21 33 160 16 32 14 24 31 27 23 33 27
7783 22 34 181 31 25 18 23 40 28 23 33 27
7784 21 33 856 25 27 47 21 37 25 30 33 27
7785 22 33 184 37 33 1 21 21 27 27 33 27
7786 21 34 300 11 38 1 26 27 31 7 33 27
7787 21 33 161 32 26 77 22 38 24 17 33 27
7788 21 39 231 16 36 1 18 27 25 24 33 27
7789 21 30 152 18 31 47 20 25 23 20 33 27
7790 21 31 334 27 24 15 17 1 28 8 33 27
7791 22 34 213 24 29 44 24 19 31 7 33 27
7792 21 36 206 26 27 89 23 25 16 43 33 27
7793 22 29 333 26 25 1 26 32 23 26 33 27
7794 21 29 119 27 16 18 26 30 26 32 33 27
7795 22 30 330 27 27 5 27 37 21 18 33 27
7796 21 26 134 34 29 12 18 16 27 1 32 26
7797 21 33 150 30 30 1 23 25 25 25 33 27
7798 22 36 103 24 30 7 20 22 29 22 33 27
7799 21 36 315 29 42 68 23 16 26 7 33 27
7800 21 31 786 28 27 1 22 37 22 39 33 27
7801 21 28 109 32 22 31 19 1 36 18 33 27
7802 21 31 292 18 35 47 27 51 30 19 33 27
7803 21 35 397 15 33 1 25 30 32 26 33 27
7804 21 25 290 26 24 8 23 30 29 11 33 27
7805 21 33 263 22 26 39 24 27 25 10 33 27
7806 21 36 216 17 32 64 22 24 23 21 33 27
7807 21 28 146 33 24 2 18 32 26 28 33 27
7808 21 33 179 36 18 53 24 32 30 40 33 27
7809 21 34 340 23 21 11 23 30 32 34 33 27
7810 21 33 279 40 28 8 21 24 23 24 33 27
7811 21 32 464 21 24 27 17 26 19 14 33 27
7812 21 32 319 28 23 32 23 29 29 23 33 27
7813 21 25 99 19 32 1 24 14 32 11 33 27
7814 21 33 784 35 20 10 23 32 25 42 33 27
7815 21 27 121 24 33 1 20 28 22 4 33 27
7816 21 33 112 42 25 1 21 27 26 23 33 27
7817 21 29 359 27 28 1 19 20 22 15 33 27
7818 21 33 177 16 40 1 24 27 25 1 33 27
7819 21 34 226 12 37 55 22 32 25 33 33 27
7820 21 33 157 34 39 1 22 11 35 9 33 27
7821 21 35 154 26 40 67 22 24 26 5 33 27
7822 21 39 204 25 37 63 22 29 22 38 33 27
7823 22 32 375 23 33 1 24 19 24 21 33 27
7824 21 34 234 24 28 1 25 33 29 36 33 27
7825 21 35 176 36 21 73 24 28 32 31 33 27
7826 21 30 125 30 25 79 26 27 30 18 33 27
7827 21 27 179 34 21 77 22 24 26 4 33 27
7828 21 27 936 12 30 6 21 18 24 1 33 27
7829 21 38 279 29 35 1 23 32 32 34 33 27
7830 22 29 183 25 27 27 19 20 18 6 33 27
7831 21 38 203 18 40 79 20 18 27 16 33 27
7832 22 28 443 30 10 56 21 30 30 24 33 27
7833 21 24 150 32 9 26 20 32 25 26 33 27
7834 21 34 136 15 31 47 31 32 29 16 33 27
7835 22 35 194 20 34 34 35 23 24 32 33 27
7836 21 31 121 19 40 1 22 27 25 1 33 27
7837 21 24 290 13 27 1 20 32 24 16 33 27
7838 21 27 614 27 23 16 22 34 23 16 33 27
7839 21 28 363 24 24 8 20 34 16 7 33 27
7840 21 34 278 38 20 34 21 28 29 44 33 27
7841 21 32 284 36 17 43 26 30 35 31 33 27
7842 21 30 244 27 21 1 24 36 21 45 33 27
7843 22 35 173 35 31 1 21 32 27 46 33 27
7844 21 34 96 18 31 15 23 34 22 28 33 27
7845 21 36 256 25 33 4 25 24 27 13 33 27
7846 21 29 168 24 10 1 23 35 30 46 33 27
7847 21 31 168 28 24 33 26 31 29 32 33 27
7848 21 26 237 35 16 51 25 32 29 20 33 27
7849 22 25 182 25 18 1 19 32 27 7 33 27
7850 22 37 222 24 35 1 22 15 33 36 33 27
7851 21 37 370 21 30 24 25 24 24 23 33 27
7852 21 27 164 18 37 12 18 18 27 1 32 27
7853 21 31 141 30 18 10 21 31 30 43 33 27
7854 21 29 204 28 27 1 23 34 24 33 33 27
7855 22 93 156 13 63 1 85 1 24 27 33 27
7856 21 34 124 33 28 30 19 22 19 28 33 27
7857 21 28 216 29 23 18 24 20 21 1 33 27
7858 21 35 293 23 31 1 26 27 27 25 33 27
7859 21 34 152 35 31 1 20 41 27 14 33 27
7860 21 29 128 27 22 1 23 38 25 33 33 27
7861 21 26 224 26 22 1 17 37 26 25 33 27
7862 21 36 167 27 34 27 24 22 33 26 33 27
7863 21 39 313 26 33 38 18 23 23 43 33 27
7864 21 29 239 23 27 26 22 39 26 34 33 27
7865 21 33 165 29 33 46 19 26 19 30 33 27
7866 21 32 156 21 36 33 23 30 31 20 33 27
7867 22 28 188 26 19 2 23 34 24 21 33 27
7868 21 30 220 25 33 1 23 27 22 1 33 27
7869 21 23 396 28 25 1 21 24 22 1 33 27
7870 22 32 157 35 24 1 21 33 26 35 34 27
7871 21 31 230 32 30 1 20 25 25 18 33 27
7872 21 27 461 21 27 1 24 27 28 1 33 27
7873 22 39 197 31 31 73 22 35 27 19 33 27
7874 22 34 222 34 34 1 21 20 20 28 33 27
7875 21 37 116 25 39 34 20 19 19 27 33 26
7876 21 35 388 18 32 9 24 31 25 31 33 27
7877 21 28 401 28 18 29 23 31 24 24 33 27
7878 21 31 306 26 36 1 21 44 30 22 33 27
7879 21 34 188 31 21 1 24 24 24 45 33 27
7880 21 27 85 13 29 1 20 20 25 1 33 27
7881 21 38 190 30 27 4 25 27 22 39 33 27
7882 21 34 115 26 34 1 23 28 20 15 33 27
7883 21 33 205 28 29 23 24 29 31 45 33 27
7884 21 32 214 20 39 8 20 24 22 2 33 27
7885 22 38 264 31 21 8 25 25 35 26 33 27
7886 21 36 250 24 30 16 23 22 33 35 33 27
7887 21 24 183 27 22 16 21 26 24 12 33 27
7888 21 33 318 18 40 42 25 15 26 4 33 27
7889 21 35 466 36 21 1 22 32 28 46 33 27
7890 21 33 194 22 30 114 25 21 26 11 33 27
7891 22 27 76 20 31 4 20 26 29 1 32 27
7892 21 34 120 31 23 59 21 31 23 19 33 27
7893 22 30 265 27 25 8 25 35 30 38 33 27
7894 21 27 334 30 26 30 17 22 20 7 33 27
7895 22 31 225 33 27 36 22 29 26 28 33 27
7896 21 30 341 28 27 1 21 30 28 27 33 27
7897 21 31 532 32 29 1 24 33 26 23 33 27
7898 21 27 673 31 27 6 20 19 26 4 33 27
7899 21 30 98 33 30 44 20 30 20 18 32 26
7900 21 24 112 22 28 1 19 27 20 16 33 27
7901 21 34 198 22 29 3 19 23 20 19 33 27
7902 21 35 236 26 29 58 29 50 26 19 33 27
7903 22 31 196 24 31 32 20 24 26 21 33 27
7904 22 33 343 27 31 64 21 30 33 20 33 27
7905 22 36 191 35 27 1 22 43 26 49 33 27
7906 21 31 220 26 19 16 23 25 25 37 33 27
7907 22 31 175 27 30 71 22 29 29 36 33 27
7908 21 32 397 22 35 36 20 23 26 17 33 27
7909 21 31 106 19 19 1 20 28 16 17 33 27
7910 39 52 175 56 40 1 44 65 49 94 55 48
7911 21 29 188 19 23 1 23 26 21 37 33 27
7912 22 25 184 26 21 1 22 13 26 18 33 27
7913 21 37 197 34 27 22 18 34 25 38 33 27
7914 21 32 637 24 27 45 20 21 22 24 33 27
7915 21 34 126 33 25 44 25 31 27 50 33 27
7916 21 31 129 33 25 7 25 31 25 48 33 27
7917 21 33 498 26 41 25 21 28 23 3 33 27
7918 22 30 197 20 31 58 22 29 24 14 33 27
7919 21 33 182 25 36 21 24 30 26 5 33 27
7920 21 24 952 14 32 1 20 28 30 1 33 27
7921 21 29 108 22 27 6 22 33 30 11 33 27
7922 21 35 205 23 38 58 23 31 31 23 33 27
7923 21 27 244 32 31 58 20 39 23 21 33 27
7924 21 36 456 34 22 1 23 45 27 55 33 27
7925 22 29 233 28 27 1 22 39 28 19 33 27
7926 22 31 250 32 27 83 21 38 25 2 33 27
7927 21 26 343 26 30 20 23 25 29 1 33 27
7928 21 33 426 28 22 16 22 27 24 35 33 27
7929 21 27 274 22 21 21 23 45 26 15 33 27
7930 21 32 123 19 32 3 27 34 30 11 33 27
7931 21 36 190 34 33 1 26 32 29 31 33 27
7932 21 31 294 13 34 17 20 25 29 10 33 27
7933 22 40 162 22 36 56 22 40 30 44 33 27
7934 22 31 260 27 28 15 26 27 37 24 33 27
7935 22 36 132 35 32 50 20 27 29 31 33 27
7936 21 28 109 20 39 42 20 30 23 12 33 27
7937 21 32 220 31 26 79 22 24 24 16 33 27
7938 21 35 115 20 27 21 25 19 25 44 33 27
7939 32 44 296 51 34 1 35 57 38 46 47 40
7940 21 31 215 29 32 1 24 18 26 7 33 27
7941 21 33 208 18 30 11 26 25 32 16 33 27
7942 21 39 171 36 39 97 18 18 24 12 33 27
7943 21 30 532 14 29 4 19 22 22 22 33 27
7944 21 37 95 16 35 1 22 12 27 23 33 27
7945 21 32 112 38 19 28 22 32 29 39 33 27
7946 21 33 149 30 35 1 16 1 35 4 33 27
7947 21 29 114 24 33 7 23 12 32 1 32 27
7948 21 27 226 40 8 19 26 29 32 32 33 27
7949 21 31 312 24 21 48 22 1 29 15 33 27
7950 22 41 167 32 41 18 23 23 34 22 33 27
7951 22 33 103 26 35 34 19 29 26 20 33 27
7952 22 34 93 25 31 1 23 30 27 28 33 27
7953 21 31 183 20 29 26 25 20 25 16 33 27
7954 21 33 266 26 22 32 25 27 34 38 33 27
7955 21 32 305 24 32 1 25 32 29 8 33 27
7956 22 33 101 37 19 41 25 36 29 40 33 27
7957 22 34 128 34 32 45 24 1 32 27 33 27
7958 22 34 213 23 35 1 22 24 25 25 33 27
7959 22 28 78 23 21 1 23 30 24 32 33 27
7960 21 29 141 33 39 59 25 1 30 10 33 27
7961 21 33 90 11 34 90 24 18 25 9 33 27
7962 21 33 123 33 28 1 24 39 27 36 33 27
7963 21 31 242 16 18 43 26 30 24 35 33 27
7964 21 31 145 21 33 1 13 1 17 1 33 27
7965 21 31 453 33 34 52 22 19 23 7 33 27
7966 21 29 254 27 25 1 22 28 29 21 33 27
7967 21 33 435 35 29 95 25 39 23 25 33 27
7968 21 24 176 30 21 1 23 43 28 4 33 27
7969 21 26 193 12 36 1 28 28 30 1 33 27
7970 22 34 184 19 30 13 26 30 30 22 33 27
7971 21 33 175 30 24 37 22 39 28 30 33 27
7972 21 29 132 23 18 24 24 30 26 28 33 27
7973 22 28 298 29 21 53 20 12 25 13 33 27
7974 21 31 148 28 32 43 20 31 23 18 33 27
7975 21 26 398 18 27 1 23 19 31 21 33 27
7976 21 40 179 34 37 43 22 22 23 25 33 27
7977 22 30 255 39 20 50 21 37 21 28 33 27
7978 21 31 136 28 29 26 20 22 25 15 33 27
7979 22 33 167 34 29 76 21 44 21 18 33 27
7980 21 27 113 17 17 1 21 16 27 30 33 27
7981 21 33 173 18 43 69 23 17 24 9 33 27
7982 21 31 336 28 32 1 19 22 30 15 33 27
7983 21 31 388 31 27 59 23 17 21 16 33 27
7984 22 27 272 30 27 1 20 37 27 26 33 27
7985 22 34 167 30 31 1 24 31 23 30 33 27
7986 21 30 180 27 28 30 18 35 32 30 33 27
7987 22 35 277 32 31 1 21 33 27 37 33 27
7988 22 32 478 36 28 33 26 31 28 22 33 27
7989 22 35 145 32 30 54 22 40 33 28 33 27
7990 21 30 160 29 22 1 24 35 25 37 33 27
7991 21 26 91 18 25 1 23 26 23 18 33 27
7992 21 25 187 17 24 19 22 26 23 10 33 27
7993 21 31 154 23 32 19 22 23 34 1 33 27
7994 21 31 243 37 19 19 25 35 30 33 33 27
7995 21 32 181 23 33 1 24 31 22 23 33 27
7996 21 31 135 24 27 32 23 33 39 18 33 27
7997 22 34 157 36 31 81 23 22 28 12 33 27
7998 21 27 386 27 22 57 19 33 26 24 33 27
7999 22 32 246 17 37 25 21 27 31 1 33 27
8000 21 34 273 22 34 11 21 21 22 20 33 27
8001 21 29 175 26 17 54 25 21 29 27 33 27
8002 21 31 139 27 30 1 23 27 30 32 33 27
8003 21 34 195 33 28 104 25 30 25 26 33 27
8004 21 29 506 16 30 48 22 27 31 17 33 27
8005 21 28 98 25 33 36 23 1 31 5 33 27
8006 21 27 144 26 30 11 22 49 22 9 33 27
8007 21 36 268 26 26 57 19 22 29 21 33 27
8008 22 31 170 22 34 1 22 19 28 7 33 27
8009 21 30 653 20 30 38 22 28 31 1 33 27
8010 21 31 144 34 22 52 24 28 29 1 33 27
8011 21 31 689 16 36 18 25 31 30 8 33 27
8012 21 28 248 33 23 2 23 37 28 26 33 27
8013 22 31 132 17 29 26 16 21 22 15 33 27
8014 21 30 244 24 19 68 18 36 24 24 33 27
8015 21 31 140 16 42 1 21 19 34 1 33 27
8016 21 37 322 27 33 44 19 24 33 11 33 27
8017 21 34 110 29 34 9 20 19 30 21 33 27
8018 22 31 304 16 28 1 22 27 26 21 33 27
8019 21 34 246 36 41 60 26 22 23 32 33 27
8020 21 35 100 26 36 96 24 34 27 15 33 27
8021 21 28 87 25 17 31 26 34 23 13 33 27
8022 22 33 223 38 26 55 26 29 35 22 33 27
8023 21 31 226 18 37 28 22 29 28 1 33 27
8024 22 36 206 23 40 77 22 20 24 1 33 27
8025 22 35 161 21 27 64 24 29 27 34 33 27
8026 21 27 153 28 33 1 23 31 21 3 33 27
8027 21 33 177 22 38 67 24 21 24 7 33 27
8028 21 30 144 41 25 19 27 35 22 3 33 27
8029 21 26 225 43 23 74 26 32 26 1 33 27
8030 21 31 168 17 41 1 19 23 21 18 33 27
8031 21 32 471 40 19 30 23 30 22 33 33 27
8032 22 34 224 38 29 33 21 38 19 26 33 27
8033 21 29 249 24 22 1 24 28 26 30 33 26
8034 21 36 209 24 39 101 24 31 27 14 33 27
8035 21 34 115 26 37 37 24 21 30 15 33 27
8036 21 32 162 23 31 23 24 24 32 13 33 27
8037 21 30 180 25 34 6 20 29 25 18 33 27
8038 21 34 191 4 18 8 22 40 21 30 33 27
8039 21 26 192 28 20 15 23 20 33 16 33 27
8040 21 33 124 29 27 132 21 28 25 14 33 27
8041 21 31 449 28 26 1 20 42 28 28 33 27
8042 21 28 260 28 32 9 23 21 34 16 33 27
8043 22 30 444 41 78 42 22 19 38 10 33 27
8044 21 32 243 43 32 107 22 42 23 17 33 27
8045 22 33 259 26 23 14 25 33 37 40 33 27
8046 21 29 171 32 23 4 25 23 29 19 33 27
8047 21 31 178 13 26 48 22 20 29 7 33 27
8048 21 26 400 28 26 67 22 46 27 14 33 27
8049 21 32 448 38 25 31 20 38 25 31 33 27
8050 21 30 368 30 21 1 23 32 27 37 33 27
8051 22 29 174 30 11 32 23 1 27 19 33 27
8052 21 33 309 24 21 52 24 25 22 31 33 27
8053 22 32 474 28 24 33 24 35 28 30 33 27
8054 21 35 295 32 23 45 23 25 26 31 33 27
8055 21 26 244 25 29 1 17 51 15 11 33 27
8056 21 34 368 31 26 7 35 27 26 35 33 27
8057 22 27 168 21 26 1 23 27 15 16 33 27
8058 21 30 202 34 24 25 24 27 24 17 33 27
8059 21 29 597 13 35 1 21 24 24 1 33 27
8060 21 30 177 29 34 61 21 28 28 2 33 27
8061 21 35 107 24 27 1 25 44 32 39 33 27
8062 22 32 166 16 32 30 22 23 26 2 33 27
8063 21 32 255 36 25 89 26 25 24 20 33 27
8064 21 32 260 33 29 1 24 1 34 20 33 27
8065 21 31 186 17 25 1 22 45 31 26 33 27
8066 21 27 277 21 36 1 24 27 27 13 33 27
8067 22 27 106 27 14 7 19 21 26 16 33 27
8068 21 34 112 29 32 52 23 27 28 27 33 27
8069 21 36 253 26 38 11 21 31 30 25 33 27
8070 21 30 111 27 35 1 23 18 25 1 33 27
8071 21 33 226 22 31 23 25 33 30 30 33 27
8072 21 26 489 29 22 1 18 37 28 19 33 27
8073 21 30 238 23 28 21 21 24 24 2 33 27
8074 21 33 330 31 19 39 23 26 22 27 33 27
8075 21 37 683 25 31 76 25 19 20 45 33 27
8076 21 32 103 18 35 29 22 22 28 7 33 27
8077 21 35 331 35 29 1 22 29 21 38 33 27
8078 22 39 213 24 35 39 23 18 27 37 33 27
8079 21 34 252 27 31 34 25 13 32 5 33 27
8080 21 27 260 30 20 1 25 28 25 35 33 27
8081 21 29 380 24 27 17 22 26 23 5 33 27
8082 21 29 414 20 33 5 24 22 27 10 33 27
8083 21 33 100 25 28 1 17 24 27 27 33 27
8084 21 28 108 21 18 36 19 30 23 19 33 27
8085 21 37 164 23 45 46 19 27 29 1 33 27
8086 21 37 214 22 25 55 22 36 25 41 33 27
8087 21 26 209 21 19 14 26 21 35 17 33 27
8088 21 37 242 27 35 32 23 18 23 30 33 27
8089 21 32 156 35 25 1 21 42 19 28 33 27
8090 21 22 225 24 23 1 20 29 16 12 33 27
8091 21 27 202 22 21 1 23 34 23 38 33 27
8092 21 33 204 25 37 77 22 43 24 7 33 27
8093 21 27 206 24 28 1 17 18 22 21 33 27
8094 21 39 197 20 41 51 24 23 27 45 33 26
8095 21 30 107 25 31 44 24 24 28 3 33 27
8096 21 35 324 21 41 26 20 20 25 20 33 27
8097 21 25 471 21 28 4 17 25 26 1 33 27
8098 21 34 298 22 28 14 20 23 25 24 33 27
8099 21 26 95 21 18 51 23 38 27 19 33 27
8100 21 24 99 37 24 53 18 17 24 5 33 27
8101 21 36 375 30 28 20 22 28 28 39 33 27
8102 21 25 366 29 26 1 19 32 26 10 33 27
8103 21 33 326 43 22 13 21 37 46 32 33 27
8104 21 39 188 25 40 1 21 40 54 24 33 27
8105 22 38 408 29 47 65 27 29 26 27 33 27
8106 21 22 86 34 18 4 20 14 18 10 33 27
8107 21 32 192 25 27 1 20 32 26 33 33 27
8108 21 38 446 23 42 24 28 33 26 13 33 27
8109 21 35 108 22 36 89 19 21 27 6 33 27
8110 22 38 114 28 34 67 31 30 29 25 33 27
8111 21 37 192 27 38 96 19 25 22 15 33 27
8112 21 30 152 35 17 52 20 29 34 15 33 27
8113 21 30 163 29 28 33 23 32 26 14 33 27
8114 22 41 143 31 46 71 21 1 33 25 33 27
8115 21 30 139 23 17 1 22 37 19 23 33 27
8116 21 32 234 17 26 7 27 27 25 22 33 27
8117 21 26 218 32 9 2 18 27 27 26 33 27
8118 21 35 511 23 29 35 22 28 29 37 33 27
8119 22 33 217 23 29 81 22 25 21 1 33 27
8120 22 25 162 22 28 1 19 1 36 4 33 27
8121 21 44 323 26 45 54 25 36 34 38 33 27
8122 22 35 98 25 35 8 18 27 25 32 33 27
8123 21 33 261 16 24 1 23 29 25 41 33 27
8124 21 35 320 38 33 1 22 37 23 41 33 27
8125 22 35 259 27 30 1 19 35 26 44 33 27
8126 21 32 737 30 27 102 23 22 28 37 33 27
8127 21 37 273 30 33 100 28 21 28 21 33 27
8128 21 35 211 26 30 1 24 27 24 44 33 27
8129 21 35 309 25 27 8 21 26 24 32 33 27
8130 22 35 106 25 39 77 26 14 27 1 33 27
8131 22 33 178 28 18 54 25 31 24 25 33 27
8132 22 24 131 34 27 77 23 31 20 1 33 27
8133 21 32 141 37 26 104 24 33 29 11 33 27
8134 21 32 128 19 36 61 25 26 32 8 33 27
8135 21 33 122 27 32 1 21 29 25 32 33 27
8136 22 29 161 20 36 1 21 35 29 24 33 27
8137 21 30 150 33 27 25 24 1 28 26 33 27
8138 21 28 99 18 35 1 21 22 28 5 33 27
8139 21 30 194 25 33 1 20 26 32 20 33 27
8140 21 27 122 30 28 38 24 43 32 1 33 27
8141 21 38 109 25 33 56 22 27 23 39 33 27
8142 22 34 309 30 29 59 26 36 24 25 33 27
8143 21 35 676 35 35 1 22 30 24 21 33 27
8144 21 26 272 21 26 13 19 26 28 17 33 27
8145 21 30 401 19 36 26 22 25 28 1 33 27
8146 21 32 275 29 33 49 21 35 28 2 33 27
8147 21 32 335 16 39 49 22 22 26 1 33 27
8148 21 31 356 27 29 1 22 39 24 18 33 27
8149 21 25 278 30 19 32 21 35 24 28 33 27
8150 21 31 142 23 18 27 26 17 25 25 33 27
8151 21 28 184 33 15 10 25 36 26 35 33 27
8152 22 37 255 29 35 25 21 27 27 37 34 27
8153 21 33 310 31 28 46 25 27 30 40 33 27
8154 21 34 134 19 35 42 23 21 24 1 32 27
8155 21 34 440 22 27 1 21 24 28 30 33 27
8156 22 34 493 14 27 23 18 32 21 30 33 27
8157 21 28 130 41 30 56 28 29 30 1 33 27
8158 22 35 138 22 42 1 23 24 24 13 33 27
8159 21 30 168 26 20 88 20 31 22 17 33 27
8160 21 25 1440 23 21 1 25 22 24 1 33 27
8161 21 29 215 17 26 69 18 25 18 7 33 27
8162 21 36 176 28 34 51 20 23 26 22 33 27
8163 21 26 257 27 38 11 18 17 26 1 33 27
8164 21 36 224 20 25 8 27 24 29 29 33 27
8165 21 29 286 30 18 1 22 38 29 49 33 27
8166 21 27 177 29 38 1 23 25 19 7 33 27
8167 22 31 456 14 32 1 22 26 16 28 33 27
8168 21 34 539 23 34 44 22 27 22 42 33 27
8169 21 24 1118 24 15 1 26 31 26 18 33 27
8170 21 30 272 36 24 32 20 23 20 17 33 27
8171 21 30 152 27 27 25 22 32 29 9 33 27
8172 21 31 215 10 25 1 24 10 26 40 33 27
8173 21 31 237 23 32 16 20 28 24 6 33 27
8174 22 33 558 35 20 1 21 34 30 46 34 27
8175 21 26 646 30 28 18 24 17 26 1 33 27
8176 21 41 848 15 33 69 24 61 20 25 33 27
8177 21 28 267 28 24 2 21 34 29 35 33 27
8178 21 28 242 20 25 27 21 30 23 8 33 27
8179 21 32 188 25 31 1 25 35 27 26 33 27
8180 22 27 128 24 30 43 22 23 25 1 33 27
8181 21 32 86 31 31 1 19 26 24 30 33 27
8182 21 26 191 35 22 1 24 38 26 29 33 27
8183 21 32 99 24 31 42 22 20 27 5 33 27
8184 21 35 197 30 35 1 19 37 20 40 33 27
8185 21 30 331 19 23 43 22 39 21 38 33 27
8186 21 32 254 25 23 30 20 24 27 27 33 27
8187 21 34 234 37 32 38 23 25 30 17 33 27
8188 21 32 118 30 24 5 24 22 25 29 33 27
8189 21 35 136 29 30 8 25 38 23 34 33 27
8190 21 19 132 25 21 1 18 28 19 10 33 27
8191 21 34 103 24 26 1 25 35 38 36 33 27
8192 21 32 203 23 30 1 18 31 16 25 33 27
8193 21 30 678 28 26 71 23 28 16 22 33 27
8194 21 32 206 28 21 12 24 40 22 41 33 27
8195 21 23 252 18 25 1 26 34 24 8 33 27
8196 21 35 166 24 27 32 24 27 35 40 33 27
8197 22 33 124 15 29 15 21 25 18 21 33 27
8198 21 33 190 30 26 63 24 36 20 36 33 27
8199 21 27 167 29 34 22 23 18 28 11 33 27
8200 21 29 803 19 29 2 25 40 26 11 33 27
8201 21 29 281 25 25 39 20 22 26 8 33 27
8202 21 35 212 33 28 1 22 32 27 40 33 27
8203 21 32 410 29 23 63 23 33 27 35 33 27
8204 21 32 367 26 25 1 23 25 26 32 33 27
8205 22 37 151 29 21 67 23 26 27 37 33 27
8206 22 28 126 28 30 57 16 1 22 1 33 27
8207 21 28 93 18 18 10 25 17 24 10 33 27
8208 22 33 104 20 36 55 28 35 37 1 33 27
8209 21 25 88 33 26 53 21 18 27 1 33 27
8210 21 33 217 24 37 1 19 25 28 15 33 27
8211 21 30 153 35 16 40 20 27 27 35 33 27
8212 21 34 190 31 29 41 29 44 22 33 33 27
8213 21 30 186 18 26 40 23 31 27 21 33 27
8214 22 34 392 40 25 1 21 37 23 38 33 27
8215 22 30 179 31 30 39 29 41 26 40 33 27
8216 21 36 111 23 39 1 20 24 25 15 33 27
8217 21 30 311 25 30 20 24 27 24 10 33 27
8218 21 29 207 31 30 1 27 32 22 13 33 27
8219 22 26 162 11 30 1 29 22 26 16 33 27
8220 21 33 185 30 21 14 23 40 24 46 33 27
8221 21 35 199 30 21 34 19 27 24 33 33 27
8222 22 40 345 12 25 63 22 29 23 47 33 27
8223 21 24 473 22 17 13 17 29 21 35 33 27
8224 21 39 122 24 38 1 23 11 23 36 33 27
8225 21 32 314 18 29 47 23 16 28 18 33 27
8226 21 28 137 29 21 42 24 24 33 13 33 27
8227 21 38 224 18 45 1 21 36 29 14 33 27
8228 22 35 503 31 25 72 19 29 16 24 33 27
8229 21 28 440 26 29 23 26 1 33 5 33 27
8230 21 31 287 16 26 18 25 23 25 1 33 27
8231 21 39 576 28 39 1 24 21 28 8 33 27
8232 21 33 532 34 34 31 23 25 37 30 33 27
8233 21 24 242 22 16 56 23 35 26 7 33 27
8234 21 28 203 24 29 1 24 30 28 15 33 27
8235 21 30 225 21 28 14 17 18 24 21 33 27
8236 21 29 214 25 23 1 18 29 19 12 33 27
8237 21 34 118 25 32 54 26 34 29 21 33 27
8238 22 33 114 23 39 74 25 29 26 1 33 27
8239 22 36 157 26 34 3 23 1 24 23 33 27
8240 21 27 307 24 18 29 24 24 33 20 33 27
8241 22 28 293 26 25 30 20 30 23 9 33 27
8242 21 35 889 25 37 1 27 30 30 25 33 27
8243 21 24 183 23 30 1 17 25 25 1 32 27
8244 21 36 88 31 28 1 32 34 27 30 33 27
8245 22 27 129 23 20 26 25 39 28 11 33 27
8246 21 25 195 23 26 27 23 19 25 4 33 27
8247 21 37 148 23 38 7 29 28 33 42 33 27
8248 22 25 196 35 16 28 21 28 31 11 33 27
8249 21 28 299 27 22 21 26 29 33 1 33 27
8250 21 30 282 25 37 32 18 25 19 1 33 26
8251 21 33 228 30 29 11 27 22 24 18 33 27
8252 22 34 299 32 24 22 21 34 29 34 33 27
8253 22 36 163 14 33 14 28 23 31 34 33 27
8254 21 28 243 36 21 15 26 36 22 22 33 27
8255 22 30 170 19 27 13 20 25 27 29 33 27
8256 21 28 163 28 32 1 23 1 22 1 33 27
8257 21 25 73 18 29 1 18 23 32 7 33 27
8258 21 34 508 30 31 53 27 29 32 27 33 27
8259 21 34 122 26 34 13 27 21 27 16 33 27
8260 21 30 140 15 28 264 22 22 24 19 33 27
8261 22 33 274 21 26 1 19 26 26 21 33 27
8262 21 27 589 18 20 46 24 32 23 22 33 27
8263 21 28 297 40 25 1 24 33 21 29 33 27
8264 21 33 191 23 36 45 29 27 30 19 33 27
8265 21 33 107 34 29 3 24 19 21 25 33 27
8266 21 40 188 17 37 12 22 21 29 39 33 27
8267 21 25 260 32 20 56 18 17 22 7 32 26
8268 21 32 186 38 22 17 24 31 23 30 33 27
8269 21 23 243 36 25 56 21 22 28 1 32 27
8270 21 37 295 30 40 78 21 25 25 12 33 27
8271 21 24 509 32 8 5 20 21 23 17 33 27
8272 21 31 230 30 31 1 20 35 22 15 33 27
8273 21 27 280 30 30 55 20 29 27 9 33 27
8274 21 37 200 29 28 1 24 24 24 30 33 27
8275 21 34 984 52 79 513 99 31 28 81 33 27
8276 21 35 272 35 27 47 25 34 30 39 33 27
8277 21 25 106 21 29 1 22 31 25 4 33 27
8278 21 35 224 21 35 89 26 29 31 12 33 27
8279 21 27 209 30 28 1 23 35 32 17 33 27
8280 21 30 285 28 28 46 21 33 26 22 33 27
8281 21 24 407 21 34 1 20 28 27 1 33 27
8282 21 18 203 33 10 1 14 1 24 6 33 27
8283 21 39 229 18 34 27 24 40 21 34 33 27
8284 22 32 164 33 22 59 25 37 24 34 33 27
8285 21 36 346 36 27 1 18 29 23 30 33 27
8286 22 38 152 39 35 1 22 34 18 34 33 27
8287 21 43 197 32 40 1 20 37 29 57 33 27
8288 21 34 240 25 35 62 23 25 30 18 33 27
8289 21 37 175 24 40 26 30 22 30 14 33 27
8290 21 32 341 34 33 11 23 27 21 9 33 27
8291 21 37 556 18 49 1 21 31 18 15 33 27
8292 21 34 133 23 28 1 22 46 31 34 33 27
8293 21 28 391 28 32 1 25 33 25 4 33 27
8294 21 26 237 19 27 1 22 33 27 8 33 27
8295 22 27 195 23 32 1 20 17 26 15 33 27
8296 21 35 161 40 29 61 22 26 23 17 33 27
8297 21 30 238 38 27 41 19 39 16 17 33 27
8298 21 30 207 34 21 24 27 18 22 11 33 27
8299 22 29 336 24 19 1 27 26 31 34 33 27
8300 21 28 569 25 24 1 22 33 22 16 33 27
8301 22 32 229 24 33 5 19 26 31 20 33 27
8302 21 33 246 17 34 16 22 15 27 26 33 27
8303 21 34 214 39 32 1 24 30 28 29 33 27
8304 21 34 354 21 33 1 24 1 32 28 33 27
8305 21 32 205 33 30 13 22 27 25 23 33 27
8306 21 32 280 17 35 24 22 17 27 6 33 27
8307 21 33 321 31 24 15 21 34 32 37 33 27
8308 22 32 222 25 18 62 25 1 26 23 33 27
8309 21 31 175 20 23 27 20 24 30 24 33 27
8310 22 37 322 34 22 64 25 36 29 42 34 27
8311 21 28 248 33 26 68 20 17 28 12 33 27
8312 21 33 170 37 26 23 19 30 19 36 33 27
8313 21 28 163 24 23 3 24 28 22 22 33 27
8314 21 32 99 10 38 1 19 23 28 18 33 27
8315 22 33 267 22 31 1 18 35 30 15 33 27
8316 21 37 279 21 33 1 19 1 33 23 33 27
8317 21 30 296 27 27 32 23 33 30 14 33 27
8318 21 36 275 26 20 38 27 1 38 21 33 27
8319 22 32 160 27 32 23 23 22 28 13 33 27
8320 21 31 659 29 29 55 26 42 25 35 33 27
8321 21 27 177 24 19 6 26 17 30 13 33 27
8322 21 38 148 30 40 50 24 21 30 31 33 27
8323 21 30 195 36 16 1 25 29 24 40 33 27
8324 22 34 164 21 27 8 20 29 28 38 33 27
8325 21 24 208 19 8 5 20 29 20 25 33 27
8326 22 38 148 22 35 85 19 20 29 26 33 27
8327 22 40 398 21 36 1 21 39 25 30 33 27
8328 21 34 542 38 41 1 22 1 34 23 33 27
8329 22 35 453 18 44 54 20 24 24 1 33 27
8330 21 31 153 17 30 1 18 24 21 22 33 27
8331 21 29 300 23 29 62 20 18 17 10 33 27
8332 21 31 209 41 21 49 23 31 27 34 33 27
8333 21 33 150 31 34 34 26 21 31 20 33 27
8334 21 36 195 27 34 1 20 26 25 25 33 27
8335 21 32 181 35 17 1 21 30 32 28 33 27
8336 21 29 218 27 13 27 23 39 30 23 33 27
8337 22 38 107 29 38 2 23 14 23 30 33 27
8338 22 36 203 41 20 26 27 35 23 37 33 27
8339 21 31 108 27 32 1 20 29 20 10 33 27
8340 21 35 155 33 29 73 23 24 22 29 33 27
8341 21 40 336 25 36 23 25 26 28 28 33 27
8342 21 32 279 36 31 5 24 28 30 16 33 27
8343 21 31 190 27 32 75 19 31 31 8 33 27
8344 21 28 274 18 29 67 19 31 24 1 33 27
8345 21 37 148 13 24 61 23 19 26 30 33 27
8346 21 29 244 20 30 17 24 22 30 22 33 27
8347 22 30 202 27 15 1 23 29 24 37 33 27
8348 22 32 378 33 22 6 27 32 25 36 33 27
8349 21 37 195 34 36 99 23 21 29 13 33 27
8350 21 29 152 14 37 1 23 23 23 1 32 27
8351 21 31 149 10 36 12 23 20 30 1 33 27
8352 22 35 150 15 27 61 22 20 25 17 33 27
8353 21 29 166 41 30 91 22 35 17 9 33 27
8354 21 37 303 36 37 2 21 20 26 21 33 27
8355 21 30 278 35 20 38 25 24 28 9 33 27
8356 21 28 309 28 23 31 21 27 28 14 33 27
8357 21 28 104 18 34 1 22 27 31 26 33 27
8358 21 37 273 36 36 145 20 26 31 7 33 27
8359 21 34 189 36 30 23 24 26 31 37 33 27
8360 21 31 168 28 27 21 22 26 27 15 33 27
8361 21 26 182 23 32 1 20 21 20 11 33 27
8362 21 29 172 13 42 1 22 15 22 9 33 27
8363 22 29 158 18 38 1 21 23 33 1 33 27
8364 22 39 169 25 41 117 23 20 21 19 33 27
8365 21 27 107 26 17 13 21 29 22 34 33 27
8366 21 27 161 25 19 54 23 19 34 11 33 27
8367 21 25 148 31 28 1 21 30 22 1 33 27
8368 21 26 152 24 26 5 27 21 27 12 33 27
8369 21 33 176 29 34 14 19 28 28 11 33 27
8370 21 33 171 21 33 33 19 22 27 1 33 27
8371 21 35 436 11 40 1 22 24 32 10 33 27
8372 21 30 208 20 29 1 20 31 27 17 33 27
8373 22 29 266 29 25 29 23 1 35 28 33 27
8374 21 37 356 31 27 78 22 43 32 36 33 27
8375 21 40 260 24 35 1 23 28 27 28 33 27
8376 21 32 208 15 32 49 22 20 22 30 33 27
8377 21 33 177 23 33 88 22 21 35 2 33 27
8378 21 27 152 14 21 35 24 18 25 6 33 27
8379 22 32 350 28 23 5 26 32 31 31 33 27
8380 21 37 230 10 40 42 22 19 26 15 33 27
8381 21 30 493 16 36 68 22 21 31 1 33 27
8382 21 37 162 25 38 1 21 22 23 36 33 27
8383 21 30 103 19 33 1 21 21 28 1 33 27
8384 21 38 633 18 29 29 27 29 29 46 33 27
8385 21 30 127 15 38 1 22 21 24 1 33 27
8386 21 22 249 11 30 9 22 24 26 1 32 27
8387 21 33 258 35 19 48 25 37 24 46 33 27
8388 21 31 266 17 37 7 23 17 24 1 33 27
8389 21 26 208 27 11 11 21 28 29 35 33 27
8390 22 30 125 34 34 1 21 20 25 20 33 27
8391 21 25 302 34 27 66 25 25 28 1 33 27
8392 21 33 154 31 24 62 19 34 21 23 33 27
8393 22 31 118 20 32 10 23 31 32 20 33 27
8394 21 23 91 24 13 36 22 26 22 10 33 27
8395 22 31 264 20 30 52 22 34 21 18 33 27
8396 21 37 205 24 33 88 24 31 22 22 33 27
8397 21 32 430 27 22 1 23 32 27 37 33 27
8398 21 29 270 42 28 47 24 17 22 4 33 27
8399 21 30 195 25 28 53 25 30 28 24 33 27
8400 22 33 123 26 26 45 22 19 27 29 33 27
8401 21 30 154 19 31 5 23 13 27 1 33 27
8402 21 39 850 21 39 1 26 29 24 42 33 27
8403 21 38 177 36 35 114 22 29 27 31 33 27
8404 21 26 138 20 27 1 23 18 25 18 33 27
8405 22 30 133 20 31 1 23 28 29 19 33 27
8406 21 36 230 27 29 38 25 27 31 34 33 27
8407 22 29 109 32 23 1 25 38 31 30 33 27
8408 21 33 144 24 32 1 20 31 35 25 33 27
8409 21 42 289 31 28 1 26 38 31 54 33 27
8410 21 31 224 25 30 33 29 24 26 6 33 27
8411 21 32 143 27 41 1 21 24 27 1 33 27
8412 21 32 175 30 26 1 23 31 31 37 33 27
8413 22 29 88 36 36 97 24 28 27 1 33 27
8414 21 32 674 10 28 19 22 42 21 29 33 27
8415 21 31 374 28 34 1 24 25 29 10 33 27
8416 21 37 143 20 29 1 26 30 31 42 33 27
8417 21 24 156 40 18 28 22 27 26 17 33 27
8418 21 30 152 25 33 1 27 21 28 21 33 27
8419 22 30 129 19 44 24 24 22 25 1 32 27
8420 21 33 525 24 24 40 19 22 31 25 33 27
8421 21 24 163 24 20 24 21 46 20 17 33 27
8422 22 29 245 20 30 63 24 30 26 6 33 27
8423 21 36 256 36 26 26 27 33 41 50 33 27
8424 21 34 211 27 31 55 23 22 23 30 33 27
8425 21 23 139 18 31 1 18 21 22 1 33 27
8426 21 28 320 26 31 1 21 33 26 15 33 27
8427 21 36 151 27 33 9 23 28 27 36 33 27
8428 21 36 264 28 32 1 22 32 27 31 33 27
8429 22 32 359 19 21 37 18 2 25 10 33 27
8430 21 33 111 20 26 61 21 32 23 20 33 27
8431 22 33 204 38 25 41 21 1 27 15 33 27
8432 21 19 110 32 7 7 26 1 27 16 33 27
8433 21 28 287 15 32 17 24 15 32 1 33 27
8434 21 28 211 23 29 20 24 32 26 1 33 27
8435 22 26 211 18 36 33 24 21 32 1 32 27
8436 21 36 266 38 35 1 22 40 27 51 33 27
8437 21 26 280 20 18 1 19 19 29 5 33 27
8438 21 33 195 23 27 58 20 26 28 25 33 27
8439 21 31 209 15 32 25 21 19 26 1 33 27
8440 21 27 123 23 30 5 21 20 20 6 33 27
8441 21 30 1040 31 15 1 22 37 27 46 33 27
8442 21 28 201 17 27 1 24 32 33 9 33 27
8443 21 28 95 26 29 1 21 24 25 1 33 27
8444 22 30 172 25 32 35 25 28 16 1 32 27
8445 21 37 104 19 32 43 24 29 34 28 33 27
8446 21 30 170 23 24 43 24 35 29 19 33 27
8447 21 32 117 35 25 1 26 30 27 49 33 27
8448 21 33 269 30 20 56 24 30 28 42 33 27
8449 21 22 527 29 22 47 22 18 24 1 33 27
8450 21 37 219 29 24 43 21 35 26 42 33 27
8451 21 31 708 28 24 41 23 30 32 32 33 27
8452 22 36 160 39 29 1 23 34 21 48 33 27
8453 21 28 290 17 29 1 23 34 21 7 33 27
8454 22 31 220 28 23 95 21 25 28 16 33 27
8455 22 29 126 28 26 56 21 23 35 6 33 27
8456 21 33 231 26 38 1 22 28 26 18 33 27
8457 22 30 196 25 32 23 21 33 27 18 33 27
8458 21 36 105 20 36 19 25 16 30 24 33 27
8459 21 33 170 38 30 63 19 31 23 18 33 27
8460 21 28 112 45 18 43 25 38 27 14 33 27
8461 22 43 194 28 38 1 21 14 25 29 33 27
8462 21 28 249 21 34 5 19 18 30 1 32 27
8463 21 31 671 30 26 1 26 31 28 36 33 27
8464 21 30 181 18 32 7 21 32 23 18 33 27
8465 21 34 227 36 30 18 25 35 32 33 33 27
8466 21 31 506 29 30 67 21 13 25 24 33 27
8467 21 29 154 27 25 36 22 34 25 20 33 27
8468 21 30 202 17 28 30 22 30 23 18 33 27
8469 21 27 97 16 36 1 20 10 27 1 32 27
8470 21 32 220 24 15 51 21 31 26 39 33 27
8471 22 28 100 19 14 5 22 27 26 37 33 27
8472 21 36 178 23 33 1 20 27 27 27 33 27
8473 21 73 190 26 31 57 23 20 24 18 33 27
8474 21 29 231 22 26 1 21 28 25 13 33 27
8475 21 32 284 28 27 17 25 17 31 34 33 27
8476 22 39 293 19 39 29 19 32 25 22 33 27
8477 21 25 219 22 19 56 19 35 28 15 33 27
8478 21 31 210 22 33 49 21 23 31 1 33 27
8479 22 26 169 12 32 11 21 27 26 1 32 27
8480 21 25 96 21 22 1 23 34 25 26 33 27
8481 21 29 262 18 28 1 23 35 31 20 33 27
8482 21 31 195 28 27 78 21 31 20 22 33 27
8483 21 33 355 23 34 67 24 18 25 2 33 27
8484 22 29 102 30 23 21 22 17 30 1 33 27
8485 21 28 321 38 19 8 24 28 33 17 33 27
8486 21 29 290 32 33 62 22 30 32 3 33 27
8487 21 29 139 28 27 45 25 18 20 18 33 27
8488 21 39 215 37 35 6 30 34 36 35 33 27
8489 21 32 219 15 26 1 22 32 26 35 33 27
8490 21 34 164 35 23 29 24 26 31 34 33 27
8491 21 31 345 24 33 1 18 34 27 13 33 27
8492 21 32 325 30 36 51 23 19 22 1 33 27
8493 21 29 412 21 29 1 22 1 34 17 33 27
8494 21 32 144 16 28 31 25 17 32 26 33 27
8495 21 34 375 41 22 63 21 29 32 29 33 27
8496 21 31 196 21 30 3 22 1 30 9 33 27
8497 21 31 379 26 33 1 23 31 29 18 33 27
8498 22 31 362 30 20 56 27 50 29 26 33 27
8499 21 34 272 30 27 65 25 33 24 21 33 27
8500 21 32 185 25 34 55 25 32 30 1 33 27
8501 21 27 335 19 25 1 21 35 22 14 33 27
8502 21 30 201 22 37 26 25 28 22 3 33 27
8503 21 34 749 18 38 31 21 25 25 16 33 27
8504 21 30 147 17 27 50 22 14 25 1 33 27
8505 22 30 246 11 27 58 23 28 25 25 33 27
8506 21 32 246 21 30 42 21 11 22 25 33 27
8507 21 34 157 26 22 48 22 17 21 34 33 27
8508 21 30 102 30 31 8 24 19 28 28 33 27
8509 22 37 261 28 32 73 25 28 26 26 33 27
8510 21 42 177 20 36 1 19 30 22 34 33 27
8511 21 35 131 32 14 69 23 29 30 40 33 27
8512 21 27 882 13 36 12 20 1 32 8 33 27
8513 21 36 119 36 29 11 25 34 27 41 33 27
8514 22 31 107 33 33 1 21 21 25 12 33 27
8515 21 30 210 35 22 58 21 20 25 10 33 27
8516 21 30 463 24 33 1 19 25 21 14 33 27
8517 21 28 153 25 26 1 21 32 31 30 33 27
8518 21 29 209 14 38 1 20 15 24 1 33 27
8519 21 34 213 25 27 59 26 32 31 19 33 27
8520 21 35 252 29 21 21 18 27 23 40 33 27
8521 22 36 115 32 32 1 22 34 36 48 34 27
8522 21 27 314 11 29 10 18 19 21 1 33 27
8523 22 31 1359 39 22 10 23 41 24 17 33 27
8524 21 31 238 20 29 17 22 25 27 4 33 27
8525 21 31 163 18 34 88 25 32 27 9 33 27
8526 21 34 129 24 30 35 18 1 28 26 33 27
8527 21 27 127 31 27 10 17 39 24 11 33 27
8528 21 28 95 24 25 1 18 21 29 23 33 27
8529 21 26 151 24 25 22 18 23 29 9 33 27
8530 21 31 170 23 35 21 18 30 22 1 33 27
8531 22 31 281 26 41 1 23 32 24 21 33 27
8532 21 29 490 32 23 10 20 23 25 16 33 27
8533 22 41 288 17 39 47 31 31 28 31 34 27
8534 21 31 344 28 37 5 21 39 30 28 33 27
8535 21 33 116 15 34 1 24 27 28 16 33 27
8536 21 28 247 33 19 1 24 31 25 32 33 27
8537 21 28 118 22 28 16 24 37 27 18 33 27
8538 21 33 152 34 25 1 23 25 24 33 33 27
8539 21 28 591 19 25 25 23 32 23 3 33 27
8540 21 37 453 30 34 12 19 26 28 9 33 27
8541 22 32 149 22 34 1 21 31 22 12 33 27
8542 22 33 127 14 42 1 23 25 24 1 33 27
8543 21 37 247 34 34 1 20 32 25 28 33 27
8544 21 37 123 29 38 47 27 22 19 23 33 27
8545 21 26 196 24 27 7 22 16 32 5 33 27
8546 21 31 517 32 30 130 23 27 25 6 33 27
8547 21 31 149 12 40 60 21 21 28 18 33 27
8548 21 28 93 22 36 80 22 24 19 3 33 27
8549 21 30 146 14 37 1 18 19 24 19 33 27
8550 21 40 194 15 38 61 25 28 30 36 33 27
8551 21 32 181 25 35 25 25 35 24 13 33 27
8552 21 33 299 39 25 38 27 33 30 32 33 27
8553 21 36 298 35 20 34 25 28 30 40 33 27
8554 21 27 299 20 31 2 24 29 25 16 33 27
8555 21 29 234 24 25 55 18 28 28 5 33 27
8556 21 36 380 26 35 7 20 1 35 28 33 27
8557 21 35 253 34 35 2 20 23 30 21 33 27
8558 21 37 280 31 35 54 23 18 27 20 33 27
8559 21 33 436 6 34 1 19 26 29 27 33 27
8560 21 32 463 30 33 35 27 23 28 17 33 27
8561 21 22 141 28 19 26 23 46 22 2 33 27
8562 21 31 166 22 32 1 19 23 23 12 33 27
8563 21 28 248 29 33 114 18 27 23 1 33 27
8564 21 30 174 35 27 50 20 17 18 1 33 27
8565 21 28 142 17 26 59 22 25 32 14 33 27
8566 22 35 154 26 23 37 23 19 25 22 33 27
8567 21 32 357 39 33 49 20 32 25 17 33 27
8568 21 37 283 25 44 1 21 30 27 16 33 27
8569 21 33 190 18 27 22 21 9 31 18 33 27
8570 21 31 454 26 25 22 23 35 27 22 33 27
8571 21 31 829 32 18 1 20 32 26 37 33 27
8572 21 29 491 28 13 23 25 33 21 32 33 27
8573 21 33 586 33 25 3 19 38 20 16 33 27
8574 21 26 150 28 15 1 19 35 25 34 33 27
8575 21 33 161 39 30 7 25 38 31 10 33 27
8576 21 33 226 29 35 44 21 31 31 14 33 27
8577 21 35 265 27 27 62 25 36 21 20 33 27
8578 21 29 287 14 26 39 22 23 21 13 33 27
8579 21 30 189 16 26 1 22 20 28 22 33 27
8580 21 31 250 10 40 1 22 28 31 4 33 27
8581 21 36 206 35 30 1 20 29 26 31 33 27
8582 21 22 189 37 22 1 17 3 26 3 33 27
8583 22 36 231 5 30 27 22 41 33 25 33 27
8584 21 35 123 30 41 1 22 25 29 33 33 27
8585 21 29 743 26 24 1 20 26 20 21 33 27
8586 21 27 175 38 20 1 23 28 27 11 33 27
8587 21 29 162 24 29 1 22 38 14 6 33 27
8588 22 27 305 13 23 6 19 38 21 16 33 27
8589 22 32 243 31 33 1 25 30 33 5 33 27
8590 21 34 161 33 28 84 23 26 24 31 33 27
8591 21 34 427 38 33 47 21 28 18 14 33 27
8592 21 33 202 23 30 2 21 22 23 28 33 27
8593 21 30 136 15 20 34 18 30 18 32 33 27
8594 22 29 186 35 14 30 22 33 23 29 33 27
8595 21 33 237 28 30 1 23 29 23 26 33 27
8596 21 33 451 18 37 1 26 19 23 21 33 27
8597 21 35 471 11 28 14 20 26 25 15 33 27
8598 22 29 123 11 32 9 25 23 27 6 33 27
8599 22 24 223 42 20 61 28 35 37 17 33 27
8600 22 34 183 24 35 53 28 33 25 22 33 27
8601 22 31 148 16 31 20 19 22 21 14 33 27
8602 21 29 153 38 15 1 24 32 27 20 33 27
8603 21 29 217 32 25 111 24 19 17 1 32 27
8604 21 31 766 20 25 11 22 27 28 33 33 27
8605 21 29 238 27 20 1 20 29 24 38 33 27
8606 21 29 264 30 29 8 21 33 30 23 33 27
8607 22 37 308 21 41 75 16 21 27 22 33 27
8608 21 29 109 11 39 1 21 13 29 1 33 27
8609 22 34 395 5 32 20 23 26 27 21 33 27
8610 22 32 159 24 26 31 19 37 28 8 33 27
8611 21 31 264 32 20 41 25 27 26 23 33 27
8612 22 29 203 29 35 1 21 27 24 1 33 27
8613 21 30 119 23 24 33 23 32 23 3 33 27
8614 21 33 249 26 34 113 23 31 27 9 33 27
8615 21 26 147 24 20 1 19 34 19 30 33 27
8616 21 40 149 23 34 33 24 27 32 31 33 27
8617 21 36 146 41 31 55 24 26 24 25 33 27
8618 21 28 256 31 25 1 18 32 22 20 33 27
8619 22 39 407 28 35 49 25 1 38 25 33 27
8620 21 32 397 32 35 61 25 28 35 11 33 27
8621 21 29 610 30 26 21 19 21 28 23 33 27
8622 21 32 238 42 29 101 19 29 21 18 33 27
8623 22 33 571 24 44 40 22 24 32 1 32 27
8624 22 31 241 24 21 32 24 33 32 27 33 27
8625 21 31 130 19 21 1 23 27 31 27 33 27
8626 21 30 353 24 25 24 20 1 27 18 33 27
8627 21 27 388 20 25 26 24 26 23 13 33 27
8628 21 33 211 22 43 59 25 31 25 2 33 27
8629 21 26 1817 23 27 35 20 52 25 13 33 27
8630 22 38 161 16 38 42 23 31 24 40 34 27
8631 21 29 174 21 22 43 24 24 30 6 33 27
8632 22 32 293 32 19 46 22 27 28 39 33 27
8633 21 27 289 7 30 2 17 26 25 5 33 27
8634 21 35 845 22 32 36 25 40 26 37 33 27
8635 22 33 160 24 33 40 27 1 28 13 33 27
8636 21 37 309 34 30 109 25 18 28 28 33 27
8637 21 29 413 31 16 30 23 34 32 20 33 27
8638 21 40 299 37 39 1 24 32 25 38 33 27
8639 21 28 197 18 27 55 22 30 25 16 33 27
8640 22 32 130 23 30 1 19 23 24 21 33 27
8641 21 30 440 25 26 40 14 24 23 2 33 27
8642 21 30 119 22 20 50 18 13 21 23 33 27
8643 21 37 220 23 40 1 28 24 26 27 33 27
8644 21 28 279 33 14 13 20 28 27 24 33 27
8645 21 25 145 26 27 1 16 27 22 1 33 27
8646 21 31 108 30 20 42 24 44 17 17 33 27
8647 22 28 605 18 34 69 25 23 27 1 33 27
8648 22 35 247 32 29 31 26 33 30 25 33 27
8649 21 32 197 19 29 38 21 30 21 24 33 27
8650 21 28 130 27 18 63 26 17 26 24 33 27
8651 21 32 147 22 25 18 24 36 33 27 33 27
8652 21 34 455 31 29 39 22 25 25 5 33 27
8653 21 25 676 30 27 1 21 24 24 1 33 27
8654 21 27 384 50 27 1 20 23 20 5 33 27
8655 22 38 309 30 34 52 25 28 28 35 33 27
8656 21 34 151 28 36 62 25 14 27 16 33 27
8657 21 28 174 32 16 30 23 28 20 33 33 27
8658 21 26 230 27 25 40 22 28 19 1 32 27
8659 21 35 161 22 21 45 24 22 27 38 33 27
8660 22 29 208 19 29 56 23 30 33 1 33 27
8661 21 21 193 30 26 1 21 24 26 1 33 27
8662 21 32 366 30 29 81 24 32 30 23 33 27
8663 21 30 321 25 24 64 21 26 27 28 33 27
8664 21 25 217 19 30 43 19 26 26 1 33 27
8665 21 33 322 24 26 42 23 23 21 1 33 27
8666 21 29 1215 12 34 18 22 16 25 1 33 27
8667 21 32 259 21 32 60 20 21 23 13 33 27
8668 21 34 467 26 22 1 19 1 26 37 33 27
8669 21 28 555 22 30 41 25 26 26 1 33 27
8670 21 30 98 19 32 22 20 26 22 8 33 27
8671 21 31 154 20 33 56 22 26 29 1 32 27
8672 21 30 141 30 25 11 26 22 25 14 33 27
8673 21 27 355 29 17 42 21 25 25 5 33 27
8674 22 33 146 39 19 29 25 37 37 33 33 27
8675 21 24 295 26 17 27 19 17 26 7 33 27
8676 21 33 126 31 22 1 21 38 21 35 33 27
8677 21 26 622 22 19 1 21 34 29 27 33 27
8678 21 34 242 19 34 75 24 24 25 20 33 27
8679 21 34 103 24 37 1 25 22 29 18 33 27
8680 21 31 166 24 25 1 25 21 26 7 33 27
8681 21 30 83 22 29 95 27 30 34 9 33 27
8682 21 30 229 31 26 1 28 26 32 24 33 27
8683 22 35 391 35 24 43 25 39 25 46 33 27
8684 22 31 248 28 26 88 27 26 38 8 33 27
8685 21 32 362 18 31 88 22 19 23 1 32 27
8686 21 27 170 30 26 87 23 24 24 13 33 27
8687 22 27 280 13 29 13 21 25 95 1 33 27
8688 21 34 406 31 39 94 24 32 25 1 32 27
8689 21 35 114 25 30 35 23 30 23 27 33 27
8690 22 33 189 16 29 132 22 24 23 7 33 27
8691 21 26 174 33 22 36 19 31 28 27 33 27
8692 21 34 217 25 28 58 27 22 22 15 33 27
8693 21 34 301 31 35 23 20 30 29 24 33 27
8694 21 27 204 42 28 45 25 23 24 1 33 27
8695 21 39 360 25 33 93 18 24 24 37 33 27
8696 22 33 317 21 25 28 24 30 26 25 33 27
8697 21 33 539 32 21 18 23 24 29 34 33 27
8698 21 31 295 18 32 1 24 28 28 14 33 27
8699 21 36 183 33 22 36 24 42 28 34 33 27
8700 21 27 965 17 30 33 23 38 24 4 33 27
8701 21 32 213 27 36 50 20 36 32 22 33 27
8702 22 25 106 22 29 1 18 40 20 1 33 27
8703 21 35 156 25 41 23 21 38 25 29 33 27
8704 21 27 146 32 26 74 24 27 20 6 33 27
8705 21 28 103 25 31 81 21 22 21 1 32 27
8706 21 24 150 29 28 17 20 19 25 1 32 27
8707 21 34 177 25 36 78 24 23 28 4 33 27
8708 21 35 226 36 28 1 27 41 23 52 33 27
8709 21 33 194 30 28 1 23 26 28 14 33 27
8710 22 28 186 9 24 23 23 42 27 24 33 27
8711 22 34 230 28 35 78 24 50 30 20 33 27
8712 21 31 197 18 27 30 21 15 25 25 33 27
8713 21 31 328 30 22 46 23 17 25 10 33 27
8714 21 34 506 23 21 54 23 32 22 25 33 27
8715 21 28 89 25 32 49 22 1 23 1 32 27
8716 21 32 115 26 29 1 23 14 27 3 33 27
8717 21 30 303 21 35 1 27 32 34 5 33 27
8718 21 33 171 33 29 1 23 36 27 34 33 27
8719 22 30 140 21 29 22 24 22 27 25 33 27
8720 21 32 110 31 32 86 18 28 33 17 33 27
8721 21 36 229 38 29 61 25 19 29 28 33 27
8722 21 31 402 20 31 56 24 41 28 25 33 27
8723 21 34 257 24 31 1 18 22 21 25 33 27
8724 21 28 221 20 32 61 22 24 23 1 32 27
8725 21 37 507 30 34 62 26 33 30 15 33 27
8726 21 25 87 34 24 51 21 22 23 1 32 27
8727 21 35 415 29 34 1 21 49 26 22 33 27
8728 22 22 124 22 11 7 23 26 22 11 33 27
8729 21 34 176 20 36 21 25 28 29 12 33 27
8730 21 33 105 21 30 1 23 18 29 15 33 27
8731 21 29 287 18 30 5 19 16 32 1 33 27
8732 22 30 89 31 23 1 20 32 23 24 33 27
8733 22 29 116 20 35 66 24 19 22 1 33 27
8734 21 36 121 22 36 1 18 21 22 15 33 27
8735 22 41 169 27 34 36 25 34 26 48 33 27
8736 21 37 160 20 31 45 21 37 19 22 33 27
8737 21 41 171 26 26 44 27 30 25 35 33 27
8738 22 35 197 36 27 46 23 25 26 36 33 27
8739 21 34 122 34 31 3 23 29 28 19 33 27
8740 21 32 152 34 33 1 23 22 30 7 33 27
8741 22 38 191 38 26 57 28 31 25 41 33 27
8742 22 32 171 26 30 56 23 33 32 17 33 27
8743 21 31 240 15 28 1 20 38 20 20 33 27
8744 21 30 253 26 29 28 23 27 31 19 33 27
8745 21 34 140 35 21 3 22 41 22 52 33 27
8746 21 28 165 23 23 30 20 30 25 8 33 27
8747 22 34 309 33 30 12 22 24 29 33 33 27
8748 21 30 176 22 25 47 22 42 28 25 33 27
8749 21 37 99 21 41 88 16 20 28 1 32 27
8750 21 32 181 23 26 1 24 34 23 43 33 27
8751 22 30 178 30 27 8 24 24 28 14 33 27
8752 21 31 171 25 29 31 16 1 30 27 33 27
8753 22 43 120 30 39 1 23 29 34 28 33 27
8754 21 28 174 29 23 1 23 26 31 25 33 27
8755 21 31 658 26 28 34 23 35 27 21 33 27
8756 21 34 637 22 41 1 21 22 28 1 33 27
8757 21 36 307 21 40 1 22 17 26 28 33 27
8758 21 32 256 14 36 72 23 16 27 1 33 27
8759 21 35 165 29 26 27 24 1 37 34 33 27
8760 21 36 114 28 35 30 27 24 24 26 33 27
8761 22 28 183 30 25 1 20 36 28 22 33 27
8762 21 30 385 29 23 67 22 37 30 25 33 27
8763 21 27 470 21 22 1 27 33 33 25 33 27
8764 21 30 256 24 32 1 19 30 24 9 33 27
8765 21 30 196 25 36 47 20 24 26 7 33 27
8766 21 34 160 21 32 47 22 28 23 33 33 27
8767 21 27 293 35 24 69 18 28 30 1 33 27
8768 22 38 140 26 47 75 23 25 28 5 33 27
8769 21 28 173 29 30 33 21 24 35 8 33 27
8770 22 28 223 30 27 1 23 31 25 19 33 27
8771 21 28 282 32 27 21 21 19 23 7 33 27
8772 21 38 296 31 22 7 22 29 25 57 33 27
8773 21 34 142 36 23 1 26 34 26 41 33 27
8774 21 34 238 16 39 32 24 29 28 3 33 27
8775 21 28 494 23 29 43 24 28 28 23 33 27
8776 21 35 397 21 33 52 20 19 25 25 33 27
8777 21 33 181 40 23 49 27 44 24 44 33 27
8778 22 36 455 21 40 46 20 25 24 3 33 27
8779 21 27 100 27 17 1 21 29 24 22 33 27
8780 21 35 278 29 35 33 17 22 27 21 33 27
8781 21 37 223 13 30 48 24 19 28 20 33 27
8782 21 31 157 27 39 44 21 20 28 1 32 27
8783 22 28 225 32 27 3 19 35 25 11 33 27
8784 21 29 347 27 29 1 24 35 28 31 33 27
8785 21 30 291 23 32 4 20 28 30 4 33 27
8786 21 32 331 24 25 58 21 28 27 30 33 27
8787 21 31 468 28 25 1 21 33 28 17 33 27
8788 21 31 163 33 35 1 25 37 19 2 33 27
8789 21 28 244 28 39 62 22 27 25 1 33 27
8790 22 34 197 30 32 46 17 1 25 1 32 27
8791 21 30 81 19 29 1 23 34 37 29 33 27
8792 21 34 276 27 36 1 17 1 23 26 33 27
8793 21 31 376 36 25 30 24 35 32 42 33 27
8794 22 36 110 27 33 63 19 17 25 30 33 27
8795 21 33 580 28 32 1 20 29 24 3 33 27
8796 21 33 262 31 27 28 15 24 23 25 33 27
8797 21 33 885 33 25 1 18 23 21 22 33 27
8798 21 27 436 27 21 1 21 40 23 16 33 27
8799 21 27 206 30 28 42 19 20 22 5 33 27
8800 21 33 309 33 34 1 24 40 29 36 33 27
8801 21 33 142 18 43 1 20 18 25 20 33 27
8802 21 29 269 32 22 54 26 26 32 9 33 27
8803 21 28 116 24 21 6 25 30 28 27 33 27
8804 21 23 161 20 21 15 29 33 30 10 33 27
8805 22 43 278 25 37 118 25 16 34 27 33 27
8806 21 26 119 25 26 7 29 25 20 6 33 27
8807 21 34 168 19 38 17 25 25 23 12 33 27
8808 21 31 178 20 28 1 24 27 20 28 33 27
8809 21 35 103 29 33 1 21 21 27 22 33 27
8810 21 33 176 35 22 13 22 36 31 32 33 27
8811 21 32 374 27 29 53 22 32 31 16 33 27
8812 21 26 315 17 33 1 20 19 26 1 32 27
8813 21 26 360 19 17 44 19 28 27 1 32 27
8814 22 31 89 21 34 105 25 25 25 10 33 27
8815 21 25 108 23 17 39 18 1 26 15 33 27
8816 21 33 371 23 33 47 21 24 22 24 33 27
8817 21 29 206 29 26 1 19 21 28 14 33 27
8818 22 30 159 31 28 1 21 28 23 15 33 27
8819 22 32 167 25 36 1 26 34 29 25 33 27
8820 21 32 197 34 31 65 22 26 28 7 33 27
8821 21 33 158 18 27 48 25 34 23 25 33 27
8822 21 24 84 13 23 8 19 27 25 5 33 27
8823 21 29 151 30 28 1 16 38 26 21 33 27
8824 21 31 179 28 29 30 25 19 25 13 33 27
8825 21 29 115 26 16 43 22 41 34 24 33 27
8826 21 29 568 25 20 1 26 37 24 31 33 27
8827 21 38 313 17 38 1 22 30 27 27 33 27
8828 21 30 480 23 24 51 21 34 24 8 33 27
8829 21 30 197 14 24 23 20 25 28 18 33 27
8830 21 31 174 30 28 65 21 31 26 14 33 27
8831 21 31 202 35 32 55 20 31 30 14 33 27
8832 22 34 219 21 33 72 23 27 27 2 33 27
8833 21 28 197 37 31 38 19 29 30 1 33 27
8834 22 37 261 18 44 1 20 32 42 18 33 27
8835 21 36 427 20 36 66 22 22 30 1 32 27
8836 21 29 90 31 15 66 24 26 25 19 33 27
8837 21 33 189 22 34 52 27 34 23 15 33 27
8838 22 33 167 23 27 1 22 25 34 37 33 27
8839 21 29 469 30 20 30 28 32 23 33 33 27
8840 21 23 220 30 24 1 22 1 32 7 33 27
8841 22 35 506 29 38 35 25 31 36 16 33 27
8842 22 33 365 23 30 46 21 21 25 31 33 27
8843 21 28 149 26 26 1 25 34 19 33 33 27
8844 21 27 175 28 25 41 24 22 26 8 33 27
8845 21 31 199 39 33 60 20 21 25 9 33 27
8846 21 38 154 21 35 2 27 27 27 25 33 27
8847 21 33 231 28 35 61 23 32 32 22 33 27
8848 21 33 187 18 23 54 24 53 23 31 33 27
8849 21 32 214 31 35 94 23 25 29 4 33 27
8850 21 29 166 30 20 8 21 38 25 30 33 27
8851 21 25 111 32 25 42 24 38 29 10 33 27
8852 21 42 171 24 43 1 21 29 33 30 33 27
8853 21 32 182 24 35 30 22 1 34 19 33 27
8854 21 32 245 24 38 27 22 18 27 7 33 27
8855 21 33 108 37 28 1 22 21 30 9 33 27
8856 22 39 539 43 34 36 27 1 36 36 33 27
8857 21 31 106 42 21 36 23 21 31 32 33 27
8858 21 38 232 27 39 28 26 38 23 23 33 27
8859 22 40 148 35 34 76 19 26 36 41 33 27
8860 21 37 282 29 32 64 19 32 24 33 33 27
8861 21 31 792 26 18 12 21 25 25 27 33 27
8862 22 32 170 25 32 30 25 40 32 24 33 27
8863 22 36 203 29 36 35 26 32 28 13 33 27
8864 21 28 2006 26 18 1 21 36 27 21 33 27
8865 21 30 166 26 29 39 22 28 27 10 33 27
8866 22 37 171 23 34 62 26 23 25 24 33 27
8867 22 32 295 25 24 28 21 30 29 23 33 27
8868 21 27 172 28 24 22 22 28 21 3 33 27
8869 21 22 399 35 20 8 22 27 28 4 33 27
8870 22 35 213 23 43 63 20 26 26 4 33 27
8871 22 37 360 26 35 44 26 28 27 28 33 27
8872 21 28 146 16 27 1 22 23 26 16 33 27
8873 21 29 151 24 29 1 25 28 29 11 33 27
8874 22 36 290 29 38 103 16 1 22 20 33 27
8875 21 40 132 25 43 1 20 44 24 44 33 27
8876 21 31 342 22 24 28 24 36 32 30 33 27
8877 21 36 258 20 41 1 26 32 26 21 33 27
8878 21 26 124 30 28 1 18 32 22 18 33 27
8879 22 22 177 35 15 7 21 31 31 8 33 27
8880 21 26 173 23 22 25 24 30 23 1 33 27
8881 22 30 291 14 32 19 20 29 29 21 33 27
8882 22 32 155 33 37 27 23 30 28 10 33 27
8883 21 28 199 33 20 48 19 35 20 7 33 27
8884 21 33 110 16 39 14 21 16 27 2 33 27
8885 21 34 132 24 34 10 18 19 20 12 33 27
8886 21 32 323 22 30 1 17 23 26 21 33 27
8887 21 27 188 33 14 31 15 31 26 36 33 27
8888 21 24 244 37 22 20 23 30 28 7 33 27
8889 21 36 392 15 29 58 18 22 24 40 33 27
8890 22 34 527 21 26 37 20 22 26 25 33 27
8891 21 30 103 22 28 54 20 20 20 8 33 27
8892 21 30 343 42 23 28 18 32 25 19 33 27
8893 22 31 306 29 33 64 22 34 26 12 33 27
8894 21 31 190 15 29 1 24 28 25 20 33 27
8895 21 23 175 22 20 13 24 29 17 12 33 27
8896 21 35 378 31 26 32 24 26 29 46 33 27
8897 21 32 266 17 27 23 25 28 30 26 33 27
8898 21 35 215 27 36 55 23 29 30 25 33 27
8899 21 37 257 28 38 25 24 24 38 23 33 27
8900 21 25 179 26 24 9 19 14 29 9 33 27
8901 22 37 178 35 33 1 24 27 22 39 33 27
8902 21 26 92 22 28 36 20 29 28 14 33 27
8903 21 27 241 44 17 48 25 33 29 14 33 27
8904 21 27 111 36 24 1 21 34 29 23 33 27
8905 22 27 242 23 32 35 23 31 41 1 33 27
8906 22 30 181 12 26 69 20 26 23 23 33 27
8907 22 35 464 40 29 31 23 30 27 34 33 27
8908 22 36 148 19 23 10 25 27 25 35 33 27
8909 21 32 295 27 33 54 20 19 26 1 33 27
8910 22 34 260 28 35 89 22 21 30 24 33 27
8911 21 31 285 35 27 36 19 25 21 21 33 27
8912 21 34 189 30 38 23 21 30 27 22 33 27
8913 21 27 301 27 33 1 18 22 23 3 33 27
8914 21 33 254 19 38 13 22 20 25 18 33 27
8915 21 30 306 25 24 6 24 35 22 24 33 27
8916 21 28 339 40 28 16 21 23 27 1 32 27
8917 21 36 253 29 36 89 21 27 28 18 33 27
8918 21 34 103 22 33 25 21 28 28 20 33 27
8919 21 26 84 32 20 23 16 16 26 10 33 27
8920 21 29 158 26 25 71 25 15 27 16 33 27
8921 22 36 259 24 31 54 21 27 30 37 33 27
8922 22 36 269 18 37 74 19 30 21 25 33 27
8923 21 30 191 13 36 28 20 25 22 13 33 27
8924 21 31 345 29 32 1 24 32 23 14 33 27
8925 21 28 443 34 16 42 22 29 30 16 33 27
8926 21 26 220 25 27 22 21 1 32 4 33 27
8927 21 28 761 36 24 18 23 28 29 23 33 27
8928 21 38 508 21 48 10 26 29 30 15 33 27
8929 22 36 401 23 32 40 24 30 25 32 33 27
8930 21 30 78 28 28 1 21 34 34 32 33 27
8931 21 37 182 19 38 3 24 27 27 16 33 27
8932 21 33 506 32 33 109 22 23 26 17 33 27
8933 22 32 97 21 40 49 25 25 30 9 33 27
8934 21 30 141 12 30 1 27 1 28 32 33 27
8935 21 24 200 29 12 5 20 29 23 15 33 27
8936 21 18 87 25 18 1 20 22 25 1 33 27
8937 21 32 91 32 36 1 21 35 23 18 33 27
8938 21 33 316 39 24 43 21 26 28 28 33 27
8939 21 37 217 30 32 1 23 21 26 39 33 27
8940 21 32 213 26 28 16 22 17 26 9 33 27
8941 21 33 167 33 25 67 23 49 18 25 33 27
8942 21 32 125 33 22 54 23 31 24 24 33 27
8943 21 33 291 17 37 71 25 9 24 1 33 27
8944 21 34 286 15 29 5 22 17 34 38 33 27
8945 21 25 1219 23 21 35 18 32 22 20 33 27
8946 21 29 787 21 20 47 23 29 23 1 32 27
8947 21 35 197 23 32 55 26 26 31 7 33 27
8948 21 32 242 26 22 25 23 30 25 38 33 27
8949 21 38 339 37 26 47 22 36 27 49 33 27
8950 21 28 90 18 36 22 21 28 22 3 33 27
8951 21 35 415 36 29 70 22 19 28 12 33 27
8952 21 25 423 31 25 86 27 32 25 1 33 27
8953 21 31 145 28 33 5 21 22 23 6 33 27
8954 21 37 697 26 34 40 23 27 28 21 33 27
8955 22 33 281 32 19 61 23 40 25 43 33 27
8956 21 34 280 28 31 8 19 24 27 31 33 27
8957 21 32 231 38 24 29 23 23 23 36 33 27
8958 22 27 118 40 27 28 24 25 27 8 33 27
8959 22 30 382 15 34 39 23 19 26 1 32 27
8960 22 29 171 23 27 32 26 1 28 7 33 27
8961 22 30 653 21 27 49 22 31 24 8 33 27
8962 21 35 1167 28 31 70 26 34 25 18 33 27
8963 21 27 1413 27 32 1 22 28 26 10 33 27
8964 21 27 270 38 32 20 21 19 23 1 33 27
8965 21 34 294 32 30 60 27 37 24 29 33 27
8966 21 36 162 35 24 76 25 32 34 43 33 27
8967 21 32 216 37 23 34 22 33 22 21 33 27
8968 21 30 190 23 29 1 20 23 20 9 33 27
8969 21 32 315 19 35 56 23 21 25 4 33 27
8970 21 38 298 24 31 31 22 15 30 47 33 27
8971 21 38 156 40 25 13 24 39 26 40 33 27
8972 21 31 167 28 25 13 20 28 23 19 33 27
8973 21 32 413 36 23 17 21 31 27 32 33 27
8974 21 33 298 18 43 41 22 18 26 1 33 27
8975 22 34 131 25 35 63 24 22 22 25 33 27
8976 21 32 143 28 22 12 22 35 33 27 33 27
8977 21 33 459 31 27 72 18 28 28 16 33 27
8978 21 30 366 31 25 21 25 38 26 23 33 27
8979 21 37 210 22 30 63 19 23 23 15 33 27
8980 21 27 143 21 25 1 22 27 26 10 33 27
8981 21 30 409 28 20 6 23 38 25 44 33 27
8982 21 36 116 40 27 1 23 36 26 48 33 27
8983 22 34 316 22 32 1 25 23 33 43 33 27
8984 21 43 142 31 38 45 25 19 32 28 33 27
8985 21 32 322 20 32 23 20 18 24 1 33 27
8986 21 34 144 30 25 20 24 35 25 38 33 27
8987 22 33 93 19 27 1 19 41 26 44 33 27
8988 21 37 396 28 37 28 28 29 23 4 33 27
8989 22 33 303 23 41 27 21 26 24 1 33 27
8990 21 28 229 24 35 1 22 23 28 1 32 27
8991 21 22 142 31 29 1 20 25 24 1 33 27
8992 22 33 522 27 26 91 21 35 28 32 33 27
8993 22 39 107 23 36 34 23 27 31 40 33 27
8994 21 31 128 19 31 1 21 17 26 8 32 26
8995 21 24 419 30 26 7 26 34 27 13 33 27
8996 21 37 134 28 39 1 23 22 24 18 33 27
8997 21 33 132 34 20 12 26 20 29 12 33 27
8998 21 27 286 15 41 52 22 17 28 1 32 27
8999 21 37 208 32 34 70 24 27 24 25 33 27
9000 21 37 251 31 26 39 22 23 29 24 33 27
9001 21 32 303 23 28 40 24 25 28 19 33 27
9002 21 34 239 30 28 46 27 21 29 22 33 27
9003 21 36 245 27 23 1 22 28 33 53 33 27
9004 22 30 228 22 23 1 23 27 27 33 33 27
9005 21 32 252 15 30 58 17 24 23 1 33 27
9006 21 26 348 22 24 1 20 25 25 19 33 27
9007 21 32 246 28 21 13 24 38 17 33 33 27
9008 21 33 210 28 24 15 26 37 24 52 33 27
9009 22 30 92 31 10 7 20 35 26 37 33 27
9010 22 30 253 30 35 1 24 23 29 23 33 27
9011 21 32 133 25 28 1 23 22 18 27 33 27
9012 22 28 163 26 34 1 18 22 35 4 33 27
9013 21 36 172 29 36 56 27 29 38 17 33 27
9014 21 26 306 22 20 21 18 26 23 2 33 27
9015 22 37 174 28 33 1 20 23 22 38 33 27
9016 21 31 607 22 36 1 24 21 26 1 33 27
9017 21 27 289 28 36 2 24 13 26 1 33 27
9018 21 29 248 24 20 1 21 33 21 31 33 27
9019 22 34 175 28 32 54 25 30 27 21 33 27
9020 21 32 335 32 29 58 25 36 26 21 33 27
9021 21 27 173 32 17 1 18 36 24 30 33 27
9022 21 79 194 18 42 1 22 34 24 26 33 27
9023 21 28 290 21 32 16 21 35 29 13 33 27
9024 21 30 545 26 19 26 27 43 22 33 33 27
9025 21 24 196 23 31 1 20 1 28 1 32 27
9026 21 34 310 45 31 1 25 31 30 17 33 27
9027 21 38 251 16 27 118 23 24 23 15 33 27
9028 22 27 84 18 30 16 24 30 34 13 33 27
9029 21 29 212 23 18 12 22 37 25 22 33 27
9030 21 27 202 22 20 27 22 30 28 21 33 27
9031 21 96 765 30 24 32 28 38 31 25 33 27
9032 21 31 180 33 23 31 21 42 31 19 33 27
9033 21 29 131 20 31 11 22 20 25 4 33 27
9034 21 25 266 21 22 1 23 41 22 27 33 27
9035 21 33 216 21 36 101 23 21 28 1 33 27
9036 21 38 153 29 29 37 24 22 23 35 33 27
9037 21 39 173 33 41 1 19 35 29 24 33 27
9038 21 34 110 32 23 51 25 30 28 32 33 27
9039 21 27 169 27 39 34 18 32 16 1 33 27
9040 21 34 356 18 29 49 18 15 23 17 33 27
9041 22 32 93 32 18 7 24 22 29 25 33 27
9042 21 30 104 28 24 1 18 40 27 11 33 27
9043 22 33 209 33 29 33 29 24 31 32 33 27
9044 21 32 427 30 34 1 20 32 25 22 33 27
9045 22 32 114 24 39 59 20 19 26 1 33 27
9046 22 33 1118 30 35 38 27 42 24 20 33 27
9047 21 37 151 17 33 16 24 33 27 41 33 27
9048 21 30 104 33 32 58 20 18 24 10 33 27
9049 21 31 764 21 36 12 21 31 28 33 33 27
9050 22 41 279 35 42 1 22 27 25 20 33 27
9051 22 34 215 30 31 1 19 17 27 14 33 27
9052 21 41 193 33 38 36 20 1 34 28 33 27
9053 21 23 620 25 25 33 20 31 31 1 33 27
9054 21 29 101 18 33 1 21 25 27 12 33 27
9055 21 30 349 44 25 27 19 23 30 28 33 27
9056 22 27 281 27 23 10 28 34 26 20 33 27
9057 21 30 217 18 27 11 25 49 32 12 33 27
9058 22 34 302 22 33 56 30 36 29 15 33 27
9059 21 29 280 11 37 57 19 26 28 1 32 27
9060 21 37 423 33 42 101 24 17 20 16 33 27
9061 22 42 202 30 45 1 20 29 28 44 33 27
9062 22 33 138 27 37 20 23 31 30 24 33 27
9063 21 31 259 25 28 96 25 17 24 5 33 27
9064 21 36 375 35 30 1 24 43 22 39 33 27
9065 21 31 265 32 26 35 23 27 25 30 33 27
9066 21 35 152 28 32 11 26 33 30 27 33 27
9067 21 35 198 35 30 25 21 42 19 34 33 27
9068 22 31 249 22 23 66 21 31 37 8 33 27
9069 21 35 132 24 26 34 26 36 37 28 33 27
9070 21 38 99 20 31 1 20 21 25 31 33 27
9071 21 24 172 34 27 34 24 16 25 5 33 27
9072 22 37 245 39 16 72 24 37 29 55 33 27
9073 21 28 258 15 41 53 22 23 26 1 33 27
9074 21 33 162 26 26 33 21 39 22 24 33 27
9075 21 31 172 30 22 22 21 39 22 41 33 27
9076 21 31 168 22 22 24 17 1 31 26 33 27
9077 21 31 413 27 31 29 18 27 29 1 33 27
9078 21 34 571 32 32 73 19 26 30 24 33 27
9079 22 33 162 23 30 1 23 22 19 19 33 27
9080 21 34 189 36 27 1 20 31 20 35 33 27
9081 21 30 241 11 25 1 22 29 22 26 33 27
9082 21 36 318 39 26 33 24 31 30 50 33 27
9083 22 31 378 27 32 43 29 28 25 9 33 27
9084 21 28 456 25 19 4 22 34 26 31 33 27
9085 21 33 239 10 23 40 21 36 23 39 33 27
9086 21 31 157 20 23 3 22 19 21 31 33 27
9087 21 34 201 34 35 8 27 33 30 35 33 27
9088 21 31 190 22 21 42 24 44 26 30 33 27
9089 21 26 148 33 37 1 25 34 40 9 33 27
9090 21 32 200 39 19 23 22 35 26 46 33 27
9091 21 34 276 19 30 25 23 18 26 25 33 27
9092 22 35 358 35 29 83 28 29 29 37 33 27
9093 22 35 120 26 33 20 24 27 30 22 33 27
9094 21 31 916 25 21 12 21 27 16 32 33 27
9095 21 30 310 21 25 1 21 26 21 13 33 27
9096 21 28 218 24 25 15 22 21 21 15 33 27
9097 21 35 347 17 32 1 26 38 28 23 33 27
9098 21 30 496 19 29 1 24 32 21 5 33 27
9099 21 28 436 9 31 1 21 26 32 3 33 27
9100 22 34 310 33 25 23 23 38 29 30 33 27
9101 21 33 309 26 32 78 28 28 30 24 33 27
9102 22 35 185 10 42 14 24 28 30 27 33 27
9103 21 29 145 22 34 20 24 28 29 3 33 27
9104 21 32 721 20 28 23 21 19 24 20 33 27
9105 21 24 310 37 26 25 21 22 30 1 33 27
9106 21 29 376 29 19 26 22 26 32 19 33 27
9107 22 27 273 31 22 1 22 33 29 30 33 27
9108 21 29 212 20 26 56 28 30 23 14 33 27
9109 21 32 252 34 24 68 24 38 25 25 33 27
9110 22 31 177 30 34 1 23 16 24 25 33 27
9111 21 26 467 22 30 15 21 28 19 12 33 27
9112 21 33 135 32 35 73 25 38 29 19 33 27
9113 21 32 170 32 25 60 21 26 26 21 33 27
9114 21 31 295 27 35 1 31 32 25 9 33 27
9115 22 40 206 12 29 70 21 23 22 38 33 27
9116 21 30 674 28 18 37 21 36 24 28 33 27
9117 21 33 204 25 33 40 18 1 23 7 33 27
9118 21 35 459 23 29 58 27 26 27 33 33 27
9119 21 32 121 11 36 44 23 21 29 10 33 27
9120 21 29 170 7 31 1 22 18 29 21 33 27
9121 21 34 251 20 29 66 23 24 28 20 33 27
9122 21 29 137 29 32 1 25 20 24 8 33 27
9123 22 36 495 28 40 77 25 19 30 9 33 27
9124 21 38 147 22 21 16 19 29 23 35 33 27
9125 21 25 107 13 29 1 23 29 29 1 33 27
9126 21 35 261 37 30 25 23 30 27 31 33 27
9127 22 26 181 22 28 18 21 1 62 11 33 27
9128 21 30 343 22 23 14 24 31 25 25 33 27
9129 21 37 243 29 34 23 23 27 27 15 33 27
9130 21 28 268 24 28 1 20 15 24 7 33 27
9131 21 21 145 23 27 1 20 20 23 6 33 27
9132 21 33 292 39 26 14 22 36 27 41 33 27
9133 22 28 172 24 30 26 20 25 29 19 33 27
9134 21 29 130 23 24 4 20 21 27 25 33 27
9135 21 24 87 26 28 1 16 69 27 8 33 27
9136 21 41 489 38 28 74 22 29 26 40 33 27
9137 21 33 176 25 33 1 25 23 30 14 33 27
9138 21 28 318 25 28 1 20 27 19 15 33 27
9139 22 27 76 15 23 4 17 28 23 12 33 27
9140 21 29 154 25 29 1 21 23 26 13 33 27
9141 21 29 176 25 28 1 22 25 23 18 33 27
9142 21 27 347 23 36 11 22 28 30 1 33 27
9143 21 33 283 37 22 1 25 27 23 40 33 27
9144 21 26 162 33 17 33 23 22 26 16 33 27
9145 22 37 696 23 32 48 22 22 19 38 33 27
9146 21 28 187 24 19 54 20 26 24 23 33 27
9147 22 31 146 36 23 23 24 35 32 28 33 27
9148 21 26 158 14 33 1 24 24 27 1 33 27
9149 22 32 188 18 28 71 18 21 26 14 33 27
9150 21 33 262 31 22 10 20 34 31 36 33 27
9151 22 33 245 31 40 67 25 30 30 16 33 27
9152 21 33 340 30 31 1 22 37 24 29 33 27
9153 22 33 192 39 20 25 22 35 24 40 33 27
9154 21 35 173 12 30 1 23 19 26 20 33 27
9155 21 33 373 30 28 3 23 36 26 37 33 27
9156 21 28 199 30 20 1 20 29 36 25 33 27
9157 21 29 344 17 33 1 22 27 19 19 33 27
9158 21 37 155 24 32 23 24 24 33 19 33 27
9159 21 33 363 35 33 1 23 8 31 15 33 27
9160 21 27 253 25 24 6 20 28 25 20 32 27
9161 21 34 762 32 25 1 18 35 22 31 33 27
9162 22 31 464 27 30 1 25 26 27 15 33 27
9163 22 31 98 32 22 87 23 33 32 27 33 27
9164 22 32 252 29 24 44 22 30 25 34 33 27
9165 22 38 232 23 41 1 19 22 22 21 33 27
9166 21 29 127 27 24 20 23 15 20 19 33 27
9167 21 33 175 33 28 69 22 41 25 10 33 27
9168 21 36 625 32 28 1 22 27 33 26 33 27
9169 21 32 517 33 29 34 23 32 27 18 33 27
9170 21 31 122 16 39 15 22 35 31 1 33 27
9171 21 27 110 26 19 78 24 25 27 9 33 27
9172 22 33 239 27 17 14 18 24 19 27 33 27
9173 21 31 285 14 27 1 23 14 29 34 33 27
9174 22 32 127 17 34 13 21 27 23 16 33 27
9175 21 29 117 41 35 38 27 44 33 4 33 27
9176 21 33 157 34 23 43 24 26 24 17 33 27
9177 21 24 334 15 29 24 21 28 23 1 33 27
9178 21 30 93 28 28 17 23 22 20 17 33 27
9179 21 34 218 22 36 121 22 26 31 1 33 27
9180 21 34 193 21 35 40 24 26 29 9 33 27
9181 21 32 105 21 31 26 26 22 25 6 33 27
9182 21 32 191 24 34 1 23 18 24 30 33 27
9183 22 26 143 33 19 27 23 36 26 27 33 27
9184 22 33 243 21 27 1 24 34 21 30 33 27
9185 21 35 363 23 32 97 21 23 31 21 33 27
9186 21 36 206 38 34 15 25 28 27 31 33 27
9187 21 31 136 24 38 43 20 23 27 1 33 27
9188 22 36 238 33 23 36 23 25 34 28 33 27
9189 21 31 139 19 40 1 21 30 25 3 33 27
9190 21 31 193 31 25 1 23 29 25 34 33 27
9191 21 31 268 23 30 8 18 26 25 26 33 27
9192 21 33 218 26 35 40 23 22 24 19 33 27
9193 22 32 173 10 35 30 19 21 22 11 33 27
9194 21 31 339 34 34 1 23 26 28 3 33 27
9195 21 33 206 26 27 28 25 27 21 20 33 27
9196 21 27 209 26 22 1 21 29 26 24 33 27
9197 21 42 474 33 40 49 27 28 29 34 33 27
9198 21 34 226 35 33 62 17 24 27 8 33 27
9199 21 29 76 18 20 76 26 15 31 18 33 27
9200 21 32 639 25 36 19 23 32 28 2 33 27
9201 22 30 408 27 28 51 23 28 23 24 33 27
9202 21 30 326 32 28 1 21 35 25 30 33 27
9203 21 31 471 23 25 14 18 1 15 23 33 27
9204 22 33 120 37 19 28 21 38 26 42 33 27
9205 21 35 203 27 30 95 25 29 31 23 33 27
9206 21 32 245 15 38 33 22 15 27 1 33 27
9207 21 35 100 23 38 105 20 25 28 1 33 27
9208 21 30 153 15 32 1 28 30 28 21 33 27
9209 22 30 79 33 15 78 16 1 32 15 33 27
9210 22 28 265 12 27 41 20 21 30 9 33 27
9211 21 32 134 16 37 51 21 31 33 1 33 27
9212 22 31 487 30 33 1 23 29 30 22 33 27
9213 22 37 248 30 38 3 20 25 28 30 33 27
9214 21 25 281 24 22 5 23 42 25 15 33 27
9215 21 34 201 27 43 54 26 28 26 4 33 27
9216 21 29 197 24 20 43 26 33 28 14 33 27
9217 22 36 325 26 27 54 24 32 31 28 33 27
9218 21 32 256 16 30 55 26 33 30 13 33 27
9219 22 36 280 37 35 90 21 24 24 21 33 27
9220 21 33 139 18 23 22 25 25 33 30 33 27
9221 22 33 433 31 17 22 25 30 27 46 33 27
9222 21 25 137 36 26 35 23 26 23 12 33 27
9223 21 30 506 13 38 1 22 25 25 1 33 27
9224 21 29 255 30 26 1 22 33 25 33 33 27
9225 21 38 386 30 28 75 24 21 32 29 33 27
9226 21 25 146 25 18 1 21 17 24 27 33 27
9227 21 31 105 15 39 1 22 14 24 14 33 27
9228 21 42 217 25 33 1 19 18 29 47 33 27
9229 21 30 245 40 27 1 22 17 22 15 33 27
9230 21 34 263 28 32 34 23 17 27 8 33 27
9231 21 28 185 28 23 31 24 31 24 1 33 27
9232 21 24 206 28 20 1 21 27 24 25 33 27
9233 21 36 128 15 27 59 15 29 22 40 33 27
9234 21 33 244 25 23 1 20 27 25 32 33 27
9235 21 26 301 26 31 8 20 36 28 8 33 27
9236 21 28 192 32 27 53 22 16 23 5 33 27
9237 21 29 103 25 35 54 23 22 28 1 33 27
9238 21 36 158 25 34 21 47 29 27 15 33 27
9239 21 29 182 29 32 1 16 31 25 13 33 27
9240 21 31 192 34 12 11 17 30 18 31 33 27
9241 22 32 176 36 29 49 30 38 23 19 33 27
9242 21 34 192 20 27 25 23 27 29 18 33 27
9243 21 30 122 15 29 52 17 31 24 19 33 27
9244 21 32 138 42 26 1 22 35 26 39 33 27
9245 21 29 613 15 39 1 21 27 22 22 33 27
9246 22 37 219 20 34 56 29 53 24 40 33 27
9247 22 27 209 36 30 31 23 1 29 1 32 27
9248 21 35 226 31 28 46 22 32 27 20 33 27
9249 21 37 110 23 26 1 28 16 33 39 33 27
9250 21 30 180 23 30 13 24 31 25 1 33 27
9251 21 38 141 27 34 1 22 1 24 29 33 27
9252 21 35 300 23 28 3 21 25 25 27 33 27
9253 21 30 143 28 33 53 24 33 32 8 33 27
9254 22 40 327 20 41 61 23 34 28 28 33 27
9255 21 34 180 30 29 68 26 27 29 27 33 27
9256 21 29 313 31 16 22 20 31 27 22 33 27
9257 21 37 157 38 26 29 23 33 28 38 33 27
9258 21 25 144 20 27 66 23 11 29 7 33 27
9259 21 32 264 25 33 55 19 28 28 26 33 27
9260 21 26 150 23 22 48 27 19 25 1 33 27
9261 21 37 249 39 30 1 23 31 26 41 33 27
9262 22 27 210 20 28 49 20 23 31 1 33 27
9263 21 35 286 29 22 87 24 30 24 36 33 27
9264 21 26 157 41 25 21 30 15 36 1 33 27
9265 21 36 249 39 21 1 19 39 31 36 33 27
9266 21 32 246 36 24 3 26 35 24 40 33 27
9267 21 31 149 22 25 18 23 25 27 25 33 27
9268 21 32 167 32 31 71 22 23 29 20 33 27
9269 21 29 176 26 23 65 24 22 24 19 33 27
9270 21 29 406 29 37 38 22 27 29 12 33 27
9271 21 33 251 32 35 26 22 34 27 27 33 27
9272 21 33 280 21 27 6 21 29 28 35 33 27
9273 21 36 216 20 33 3 23 17 25 38 33 27
9274 21 29 231 13 24 38 24 46 23 18 33 27
9275 21 29 318 22 32 1 22 30 27 1 32 26
9276 21 33 99 34 33 54 25 32 31 14 33 27
9277 22 32 99 20 31 1 23 20 25 13 33 27
9278 21 33 141 28 32 18 22 24 36 11 33 27
9279 21 30 493 33 25 53 21 21 25 11 33 27
9280 21 25 157 30 18 49 24 27 20 8 33 27
9281 21 31 147 32 20 88 23 23 26 24 33 27
9282 21 27 324 19 22 30 23 24 30 19 33 27
9283 21 35 130 15 37 66 22 32 31 24 33 27
9284 21 26 265 29 30 1 19 29 32 1 33 27
9285 21 33 436 26 26 62 22 26 22 18 33 27
9286 21 40 117 25 36 60 20 31 26 35 33 27
9287 22 30 86 20 22 23 21 46 31 26 33 27
9288 21 27 273 19 27 1 21 44 25 20 33 27
9289 21 29 162 18 25 60 23 33 34 13 33 27
9290 21 35 212 37 34 61 21 24 25 23 33 27
9291 21 31 155 24 31 1 21 43 20 7 33 27
9292 21 27 257 35 12 4 21 43 21 32 33 27
9293 21 29 192 27 25 44 20 13 25 17 33 27
9294 22 33 311 24 29 28 26 36 33 32 33 27
9295 21 33 780 21 34 78 22 22 31 24 33 27
9296 21 29 156 18 41 1 24 20 26 1 33 27
9297 22 32 255 36 27 28 22 31 24 34 33 27
9298 21 35 433 34 32 28 18 1 29 26 33 27
9299 21 31 484 29 27 32 21 37 30 27 33 27
9300 21 34 113 18 33 69 24 21 25 12 33 27
9301 21 36 167 10 33 53 22 18 31 33 33 27
9302 21 27 313 40 24 1 22 26 25 9 33 27
9303 22 28 125 36 26 1 23 39 26 26 33 27
9304 21 31 306 35 17 5 25 28 23 45 33 27
9305 21 32 169 24 30 6 24 34 25 18 33 27
9306 22 28 138 24 19 52 21 32 22 19 33 27
9307 21 31 239 11 39 1 23 20 27 15 33 27
9308 21 24 219 23 26 1 21 21 30 1 33 27
9309 21 29 228 27 19 21 20 28 23 28 33 27
9310 21 39 251 31 38 73 21 28 31 12 33 27
9311 22 43 190 29 46 36 23 20 28 38 33 27
9312 21 26 292 17 29 33 27 23 26 2 33 27
9313 21 32 302 25 18 1 23 34 37 6 33 27
9314 22 29 278 17 30 54 24 27 32 2 33 27
9315 21 31 295 34 28 1 20 35 25 29 33 27
9316 22 35 160 32 19 28 24 33 35 41 33 27
9317 21 29 158 18 26 33 20 14 18 21 33 27
9318 21 30 240 18 25 34 17 20 18 12 33 27
9319 21 33 277 35 30 1 29 40 26 45 33 27
9320 22 33 162 36 19 1 22 37 29 31 33 27
9321 21 32 148 36 26 1 23 44 26 35 33 27
9322 21 39 213 32 41 52 23 32 23 19 33 27
9323 21 26 149 19 24 64 20 37 19 15 33 27
9324 21 31 113 14 39 1 24 19 28 15 33 27
9325 22 33 398 30 29 1 21 31 26 29 33 27
9326 21 29 102 24 30 27 20 26 24 2 33 27
9327 22 28 156 21 22 32 20 27 25 17 33 27
9328 21 34 357 31 25 17 27 23 19 20 33 27
9329 21 25 124 19 29 1 18 1 22 15 33 27
9330 22 30 701 29 22 1 22 29 27 25 33 27
9331 21 28 433 16 22 14 22 23 27 1 33 27
9332 21 28 251 31 25 105 19 20 16 1 32 27
9333 21 31 173 17 37 54 22 20 30 6 33 27
9334 21 26 130 20 14 37 19 21 25 28 33 27
9335 21 25 222 22 14 3 19 24 16 15 33 27
9336 21 32 175 22 34 18 24 38 26 21 33 27
9337 21 26 362 28 19 25 23 27 28 23 33 27
9338 21 31 228 36 30 68 22 28 26 1 33 27
9339 21 26 100 21 30 22 22 32 28 1 33 27
9340 21 33 239 21 17 21 23 36 32 21 33 27
9341 21 31 93 18 24 44 26 18 27 1 33 27
9342 22 34 250 20 32 49 23 20 24 12 33 27
9343 21 33 248 24 28 61 23 23 19 23 33 27
9344 21 31 158 15 26 1 20 22 19 19 33 27
9345 21 25 178 32 21 1 19 35 23 20 33 27
9346 21 29 144 23 23 1 23 33 27 27 33 27
9347 21 38 438 26 32 40 21 41 24 37 33 27
9348 22 34 179 27 30 1 21 22 37 15 33 27
9349 22 44 287 26 38 4 26 35 33 50 33 27
9350 21 33 115 29 22 44 24 29 24 31 33 27
9351 22 32 182 9 31 1 19 31 24 31 33 27
9352 21 28 118 39 28 56 18 27 25 1 32 27
9353 22 40 263 28 39 24 21 27 29 36 33 27
9354 21 33 237 11 25 11 27 24 24 16 33 27
9355 22 36 260 39 25 34 27 33 29 40 33 27
9356 21 29 258 29 10 36 18 27 25 29 33 27
9357 21 31 346 18 35 54 22 25 25 1 33 27
9358 21 29 242 23 23 43 27 25 27 26 33 27
9359 21 31 161 26 20 44 25 32 23 31 33 27
9360 22 29 350 41 22 65 21 27 36 19 33 27
9361 21 33 237 27 26 36 22 30 24 21 33 27
9362 21 33 162 15 41 43 17 25 27 1 33 27
9363 21 34 309 23 29 48 27 18 30 23 33 27
9364 21 33 168 19 33 7 28 26 25 31 33 27
9365 21 27 182 36 25 31 21 51 30 21 33 27
9366 21 33 238 28 32 86 17 27 18 15 33 27
9367 21 27 338 32 26 1 17 30 18 10 33 27
9368 21 26 283 25 24 1 18 32 22 11 33 27
9369 21 30 187 21 36 1 26 26 26 16 33 27
9370 22 38 139 9 33 1 21 23 28 16 33 27
9371 21 21 317 29 13 1 24 45 27 32 33 27
9372 22 37 178 18 34 41 21 24 27 21 33 27
9373 21 29 213 24 22 54 22 38 21 28 33 27
9374 22 33 217 27 31 75 20 34 28 19 33 27
9375 21 25 171 11 24 44 17 20 28 1 32 27
9376 22 32 133 30 20 1 27 41 25 41 33 27
9377 21 26 190 26 29 53 24 26 29 9 33 27
9378 21 31 341 25 26 62 24 26 24 1 32 27
9379 22 38 122 27 42 6 22 1 35 21 33 27
9380 21 31 149 27 26 53 23 35 32 32 33 27
9381 22 32 148 32 30 1 28 1 36 35 33 27
9382 22 28 93 12 34 14 18 14 29 1 33 27
9383 21 28 187 22 17 15 26 30 24 28 33 27
9384 21 29 104 27 27 10 22 13 28 10 33 27
9385 22 42 235 27 34 8 26 31 28 29 33 27
9386 21 31 429 32 31 1 25 29 22 19 33 27
9387 21 32 513 27 27 19 20 27 26 13 33 27
9388 21 32 266 37 24 36 26 36 25 43 33 27
9389 21 32 209 24 31 1 17 24 24 17 33 27
9390 21 30 210 27 23 22 22 26 26 16 33 27
9391 21 31 597 21 41 110 25 24 27 11 33 27
9392 21 30 741 33 28 104 20 31 23 9 33 27
9393 21 26 133 30 21 31 23 12 26 16 33 27
9394 22 38 242 28 44 65 19 23 24 21 33 27
9395 21 35 243 26 36 79 20 28 28 8 33 27
9396 21 31 166 13 33 43 17 25 27 19 33 27
9397 21 41 253 12 35 49 22 38 28 36 33 27
9398 21 31 313 23 27 93 20 26 31 17 33 27
9399 22 28 321 38 30 63 21 26 29 16 33 27
9400 21 27 219 33 15 7 23 26 26 20 33 27
9401 21 32 182 25 34 1 26 16 33 14 33 27
9402 21 30 149 19 32 104 25 32 25 3 33 27
9403 21 30 124 21 26 61 18 16 28 9 33 27
9404 21 33 631 11 40 1 19 28 27 12 33 27
9405 21 30 114 15 30 18 22 18 24 1 33 27
9406 21 28 186 24 21 26 24 30 24 12 33 27
9407 21 34 114 37 26 13 22 37 27 41 33 27
9408 21 32 492 26 37 105 16 24 30 1 33 27
9409 22 33 233 25 37 44 19 24 25 1 33 27
9410 21 27 139 29 29 14 25 36 28 7 33 27
9411 21 31 1022 25 24 15 21 29 26 25 33 27
9412 21 29 184 29 21 13 26 22 30 8 33 27
9413 21 37 352 34 40 83 25 28 28 9 33 27
9414 21 26 144 34 22 54 25 14 30 7 33 27
9415 21 34 334 34 33 74 20 34 25 28 33 27
9416 21 32 670 34 18 17 22 33 18 25 33 27
9417 22 26 267 12 19 14 18 27 28 1 33 27
9418 21 38 164 19 42 23 20 24 26 1 33 27
9419 22 32 443 19 33 24 18 1 32 19 33 27
9420 21 32 251 32 40 81 27 23 29 5 33 27
9421 21 29 235 17 30 34 20 30 26 8 33 27
9422 22 34 150 25 37 45 25 19 27 21 33 27
9423 21 37 297 28 40 23 21 24 26 17 33 27
9424 21 38 169 30 39 14 24 34 29 43 33 27
9425 21 32 153 35 14 21 21 35 22 45 33 27
9426 22 34 139 33 37 55 21 31 24 1 33 27
9427 21 26 313 18 25 61 20 18 26 1 33 27
9428 21 32 208 28 30 1 24 33 26 38 33 27
9429 21 29 338 23 29 1 24 32 25 24 33 27
9430 22 34 288 29 23 1 25 33 26 14 33 27
9431 21 28 159 34 21 33 19 25 30 7 33 27
9432 21 34 262 32 26 17 21 39 16 32 33 27
9433 21 34 162 21 45 13 21 19 22 25 33 27
9434 21 30 161 26 29 10 23 31 23 29 33 27
9435 21 27 168 28 29 65 26 26 32 1 33 27
9436 21 35 183 23 45 91 18 22 28 2 33 27
9437 21 29 385 32 19 28 25 44 26 38 33 27
9438 21 29 220 12 40 1 20 30 27 1 33 27
9439 21 32 203 29 29 28 22 17 24 1 32 26
9440 22 33 257 30 27 50 24 50 18 26 33 27
9441 22 35 206 33 33 80 20 22 24 30 33 27
9442 21 38 161 33 36 115 24 42 24 30 33 27
9443 21 33 137 32 22 1 25 39 24 21 33 27
9444 21 30 278 20 27 20 19 27 27 25 33 27
9445 21 34 298 30 31 52 19 22 28 27 33 27
9446 22 31 108 17 38 1 21 20 30 1 33 27
9447 21 31 191 18 26 1 19 1 24 23 33 27
9448 21 32 147 33 22 1 25 28 30 19 33 27
9449 22 33 578 21 39 59 19 25 28 1 33 27
9450 21 32 218 15 29 2 19 19 20 25 33 27
9451 22 31 210 25 25 79 19 28 19 17 33 27
9452 21 33 128 17 42 1 19 25 31 1 33 27
9453 21 17 154 26 22 1 24 1 31 1 32 27
9454 21 36 331 28 35 91 21 15 24 11 33 27
9455 22 43 246 26 36 1 24 23 25 34 33 27
9456 22 32 168 20 25 18 20 20 19 24 33 27
9457 21 33 341 29 23 1 22 28 25 23 33 27
9458 22 35 251 28 23 36 19 26 25 26 33 27
9459 21 30 258 27 37 26 26 19 26 21 33 27
9460 21 34 263 20 32 1 19 15 23 16 33 27
9461 21 33 452 25 34 26 25 18 22 24 33 27
9462 22 27 491 31 29 31 26 50 27 22 33 27
9463 22 30 105 12 33 9 18 18 25 7 33 27
9464 21 27 82 24 33 1 16 25 18 15 33 27
9465 21 37 299 31 30 39 22 31 24 28 33 27
9466 21 29 198 36 27 50 27 26 29 10 33 27
9467 21 34 281 30 21 34 26 30 20 29 33 27
9468 21 26 315 24 29 1 23 19 31 16 33 27
9469 21 31 238 31 28 32 21 28 29 20 33 27
9470 22 36 366 35 32 1 21 44 28 36 34 27
9471 21 28 450 29 17 68 23 30 25 19 33 27
9472 21 38 299 33 37 1 21 34 33 27 33 27
9473 22 35 200 18 34 72 22 18 21 15 33 27
9474 22 31 148 18 34 1 23 18 20 1 33 27
9475 21 29 103 25 26 25 21 28 29 26 33 27
9476 21 33 96 20 42 52 25 37 27 16 33 27
9477 22 32 207 25 30 59 22 17 22 28 33 27
9478 21 28 250 30 13 58 16 35 11 18 33 27
9479 21 32 131 30 25 57 23 32 31 14 33 27
9480 21 26 258 25 17 1 18 33 22 28 33 27
9481 21 29 226 44 32 35 23 22 28 11 33 27
9482 21 33 177 21 33 1 15 32 27 9 33 27
9483 21 40 244 27 37 55 22 36 25 46 33 27
9484 22 28 369 25 18 43 23 37 24 23 33 27
9485 21 22 363 32 20 16 26 29 24 1 33 27
9486 21 28 174 23 23 1 19 24 23 26 33 27
9487 21 35 166 23 36 1 25 39 26 28 33 27
9488 21 31 347 34 36 10 24 23 27 11 33 27
9489 21 37 104 31 41 66 25 34 22 25 33 27
9490 21 35 116 20 29 20 21 28 29 31 33 27
9491 21 33 193 32 15 1 22 29 24 40 33 27
9492 21 30 206 33 24 26 18 20 25 21 33 27
9493 21 31 345 17 26 1 20 28 21 33 33 27
9494 22 30 253 31 19 22 21 45 40 10 33 27
9495 22 33 231 22 28 100 23 18 30 9 33 27
9496 21 30 143 33 21 4 24 29 24 11 33 27
9497 21 34 97 15 30 10 23 14 21 23 33 27
9498 21 30 140 22 29 1 21 24 29 14 33 27
9499 21 26 428 38 24 37 23 18 31 3 33 27
9500 22 26 194 35 24 1 23 25 30 17 33 27
9501 21 33 249 30 29 97 23 34 25 20 33 27
9502 21 35 167 27 33 63 25 32 30 23 33 27
9503 21 33 276 22 31 70 24 27 24 21 33 27
9504 21 32 211 34 27 1 24 36 28 39 33 27
9505 22 32 91 34 31 28 23 1 34 19 33 27
9506 21 39 162 34 34 100 20 22 27 18 33 27
9507 21 31 149 23 16 31 24 33 17 22 33 27
9508 21 35 189 42 25 1 27 37 19 38 33 27
9509 21 22 290 19 21 26 21 22 17 11 33 27
9510 21 37 123 27 31 49 23 22 32 29 33 27
9511 21 34 168 16 39 20 21 18 25 1 33 27
9512 21 27 112 33 28 13 25 19 24 7 33 27
9513 21 31 168 17 26 14 25 38 21 14 33 27
9514 21 37 223 29 34 70 28 22 28 19 33 27
9515 21 33 117 28 31 94 24 25 25 20 33 27
9516 21 29 336 25 22 1 24 31 27 19 33 27
9517 21 30 301 18 30 52 26 28 31 27 33 27
9518 21 36 216 14 25 54 20 14 15 41 33 27
9519 21 37 331 21 40 31 22 22 23 18 33 27
9520 21 26 121 23 19 13 26 24 26 4 33 27
9521 21 36 170 29 24 5 24 29 29 39 33 27
9522 22 31 105 28 27 1 21 26 24 21 33 27
9523 21 36 192 39 24 75 22 31 29 41 33 27
9524 22 34 219 23 31 57 23 22 28 21 33 27
9525 21 29 215 28 20 7 18 30 19 34 33 27
9526 22 27 214 38 33 17 21 1 29 1 33 27
9527 21 40 184 24 39 44 33 19 28 35 33 27
9528 21 39 215 28 36 77 25 38 26 26 33 27
9529 21 35 200 22 23 29 18 28 20 31 33 27
9530 21 31 252 36 21 1 16 30 27 38 33 27
9531 22 31 164 20 29 1 25 29 27 23 33 27
9532 21 31 239 21 33 1 21 20 29 3 33 27
9533 22 38 514 14 31 49 22 28 19 30 33 27
9534 22 34 407 22 22 54 25 30 30 35 33 27
9535 22 34 117 32 33 114 24 24 31 21 33 27
9536 21 25 236 15 23 23 15 26 17 14 33 27
9537 22 34 233 25 27 22 21 31 24 21 33 27
9538 21 33 567 19 23 29 19 39 23 35 33 27
9539 21 28 173 32 30 71 20 14 24 1 33 27
9540 22 34 95 19 31 39 20 27 30 8 33 27
9541 21 31 794 14 40 1 25 35 32 17 33 27
9542 21 32 152 27 26 1 22 28 22 35 33 27
9543 22 29 170 32 16 8 25 36 23 33 33 27
9544 21 32 174 25 25 14 27 27 38 24 33 27
9545 21 34 177 35 26 69 22 20 33 26 33 27
9546 21 28 331 37 26 33 20 31 27 4 33 27
9547 21 34 174 34 27 1 27 24 31 22 33 27
9548 22 28 397 26 28 1 42 36 26 23 33 27
9549 21 34 455 25 40 74 23 22 26 1 33 27
9550 21 34 139 27 39 44 26 27 30 29 33 27
9551 21 30 278 23 22 1 21 33 24 32 33 27
9552 21 31 133 33 29 18 26 23 21 22 33 27
9553 21 30 117 30 30 26 19 34 26 18 33 27
9554 21 24 560 26 23 42 24 28 28 4 33 27
9555 21 32 638 30 20 22 24 39 21 36 33 27
9556 21 34 237 37 23 55 21 31 20 24 33 27
9557 21 24 171 35 20 1 20 8 22 7 33 27
9558 21 35 625 21 30 72 22 36 25 17 33 27
9559 21 32 630 24 28 37 24 25 30 14 33 27
9560 21 31 315 23 33 21 20 25 24 1 33 27
9561 21 27 107 37 24 49 25 32 24 7 33 27
9562 21 26 417 26 13 20 18 36 21 21 33 27
9563 21 32 161 17 31 1 22 26 27 21 33 27
9564 21 29 358 25 24 38 22 28 25 17 33 27
9565 21 32 316 31 33 30 23 30 36 18 33 27
9566 21 27 244 26 17 29 25 14 25 5 33 27
9567 21 31 104 31 24 1 24 28 27 36 33 27
9568 21 31 154 39 16 1 27 29 31 38 33 27
9569 21 29 108 34 28 1 30 43 21 13 33 27
9570 21 35 151 30 28 50 22 43 28 23 33 27
9571 21 31 99 13 32 24 25 23 31 22 33 27
9572 21 26 252 29 20 3 20 37 24 15 33 27
9573 21 30 245 21 40 1 21 24 26 1 33 27
9574 21 28 249 20 28 1 23 21 27 24 33 27
9575 21 28 339 32 30 47 21 24 23 1 33 27
9576 21 39 153 14 30 1 18 17 31 32 33 27
9577 21 34 90 7 29 16 20 28 21 27 33 27
9578 21 33 264 23 29 79 23 25 26 6 33 27
9579 21 38 651 29 30 1 23 35 32 38 33 27
9580 21 25 194 25 19 1 23 28 30 7 33 27
9581 21 26 154 11 26 20 23 23 25 1 33 27
9582 21 20 142 29 20 9 21 21 26 1 33 27
9583 21 30 281 30 33 11 22 28 28 7 33 27
9584 21 34 278 35 33 64 20 24 29 17 33 27
9585 21 32 101 22 33 1 24 34 29 27 33 27
9586 21 34 226 33 25 1 25 33 31 43 33 27
9587 21 38 214 40 34 42 21 34 27 37 33 27
9588 21 32 178 24 32 1 18 27 28 31 33 27
9589 21 31 144 23 37 71 19 23 32 1 32 27
9590 21 31 129 25 22 51 24 26 32 15 33 27
9591 21 29 200 22 22 10 21 24 30 3 33 27
9592 21 34 283 20 29 14 25 44 22 24 33 27
9593 22 26 158 28 14 24 26 29 27 32 33 27
9594 21 28 179 27 35 1 18 19 27 7 33 27
9595 21 24 223 19 33 11 21 17 23 1 32 27
9596 22 37 448 35 30 104 27 27 29 40 33 27
9597 22 32 160 30 15 1 26 34 31 33 33 27
9598 21 36 112 25 25 44 23 33 28 36 33 27
9599 21 25 133 27 19 4 25 35 24 24 33 27
9600 21 33 135 26 28 18 23 22 28 31 33 27
9601 21 29 201 16 25 60 23 29 21 23 33 27
9602 21 27 467 27 20 38 25 29 32 1 33 27
9603 21 36 925 26 31 63 21 29 29 25 33 27
9604 21 31 497 19 28 10 20 21 27 12 33 27
9605 21 28 211 29 17 28 35 38 24 34 33 27
9606 21 36 659 19 40 1 26 21 27 20 33 27
9607 21 30 168 26 30 1 22 19 26 19 33 27
9608 21 30 168 21 34 49 21 26 28 7 33 27
9609 21 31 193 28 18 1 18 32 19 41 33 27
9610 21 29 102 26 33 68 26 29 32 11 33 27
9611 22 31 243 42 37 71 24 32 24 7 33 27
9612 21 28 221 23 32 1 22 25 26 16 33 27
9613 21 33 115 23 29 86 26 20 29 25 33 27
9614 21 28 478 19 31 46 24 20 26 1 33 27
9615 21 31 87 29 26 23 23 21 26 26 33 27
9616 21 20 896 19 22 1 19 39 24 1 33 27
9617 22 30 319 26 19 7 21 29 27 32 33 27
9618 21 30 307 27 19 42 25 23 31 28 33 27
9619 21 26 127 24 33 1 22 16 25 1 33 27
9620 21 27 1672 23 11 15 24 33 34 17 33 27
9621 21 36 205 12 27 1 21 26 21 29 33 27
9622 21 37 277 29 36 17 27 17 28 23 33 27
9623 21 34 748 27 30 9 23 31 28 23 33 27
9624 21 28 159 31 18 27 22 21 24 22 33 27
9625 21 27 535 24 19 31 24 22 29 17 33 27
9626 22 30 143 30 38 31 21 22 29 5 33 27
9627 21 31 100 26 23 20 23 35 27 33 33 27
9628 22 39 228 27 32 1 26 26 31 36 33 27
9629 21 32 214 24 35 122 23 27 29 1 32 27
9630 21 27 281 20 17 30 22 37 26 1 33 27
9631 22 30 310 22 26 45 19 1 27 6 33 27
9632 21 33 308 21 36 58 22 22 24 5 33 27
9633 21 38 206 35 31 23 21 32 26 40 33 27
9634 21 33 171 20 22 35 21 26 33 21 33 27
9635 21 31 164 29 24 42 24 1 27 19 33 27
9636 21 32 210 27 20 12 20 35 26 30 33 27
9637 21 39 183 35 36 92 17 22 21 28 33 27
9638 22 24 177 27 15 1 21 32 27 22 33 27
9639 21 29 104 22 29 1 19 21 18 23 33 27
9640 22 33 218 31 23 32 22 30 24 34 33 27
9641 21 29 266 28 36 1 23 37 27 23 33 27
9642 21 29 318 22 27 1 18 34 29 17 32 27
9643 22 25 255 34 22 1 20 31 26 22 33 27
9644 21 30 205 33 31 5 18 16 25 10 33 27
9645 21 22 353 29 22 1 22 17 26 1 33 27
9646 21 35 152 28 34 1 23 28 32 46 33 27
9647 21 37 373 30 30 42 24 29 29 10 33 27
9648 21 23 333 18 29 6 18 22 28 1 33 27
9649 21 29 460 22 31 3 22 28 26 12 33 27
9650 22 37 248 23 35 31 25 22 29 22 33 27
9651 22 29 156 29 26 2 18 37 21 14 33 27
9652 21 28 296 33 27 74 27 26 24 14 33 27
9653 21 29 238 18 32 1 24 34 33 13 33 27
9654 21 36 182 38 22 53 22 36 29 45 33 27
9655 21 34 168 21 35 1 23 24 21 17 33 27
9656 21 28 135 23 28 75 21 22 26 1 33 27
9657 21 33 307 27 24 51 23 41 24 37 33 27
9658 21 37 339 25 32 53 20 27 24 43 33 27
9659 21 34 435 29 26 51 18 33 20 8 33 27
9660 21 36 223 26 40 47 24 26 25 23 33 27
9661 21 27 160 30 17 27 24 27 22 33 33 27
9662 21 31 482 31 25 17 25 25 26 16 33 27
9663 21 34 158 20 44 116 26 22 22 1 33 27
9664 21 31 208 24 29 45 20 21 22 24 33 27
9665 21 34 678 17 28 42 22 19 27 31 33 27
9666 21 34 114 24 38 79 25 22 31 1 33 27
9667 21 33 234 39 24 1 26 38 25 45 33 27
9668 21 34 129 26 31 68 23 38 26 35 33 27
9669 21 34 337 30 25 52 24 28 30 40 33 27
9670 21 32 358 27 27 38 21 32 27 21 33 27
9671 21 31 448 11 29 1 19 33 21 36 33 27
9672 21 24 176 25 19 7 17 27 25 33 33 27
9673 21 28 179 29 22 1 29 35 28 32 33 27
9674 22 33 251 43 23 35 24 1 31 31 33 27
9675 22 36 173 36 24 1 24 43 24 50 33 27
9676 21 33 347 26 32 49 25 26 28 18 33 27
9677 21 35 1397 38 33 1 20 25 27 24 33 27
9678 21 29 273 23 33 31 20 34 31 23 33 27
9679 21 31 143 34 22 25 23 35 21 48 33 27
9680 22 33 183 29 19 44 20 30 26 29 33 27
9681 21 30 185 28 30 1 23 1 20 16 33 27
9682 21 28 213 29 27 19 23 24 28 21 33 27
9683 21 31 243 18 32 42 22 28 25 15 33 27
9684 21 25 177 23 32 14 27 22 30 15 33 27
9685 21 28 507 14 37 1 19 20 25 1 33 27
9686 21 34 160 25 22 52 23 30 26 41 33 27
9687 21 27 111 24 20 25 14 21 22 14 33 27
9688 21 30 251 38 31 61 15 28 22 25 33 27
9689 21 34 140 26 21 42 20 35 29 38 33 27
9690 21 27 94 36 25 1 18 24 24 12 33 27
9691 21 33 224 35 24 1 25 27 44 45 33 27
9692 22 32 176 25 31 1 24 1 37 15 33 27
9693 21 26 68 18 21 1 19 30 24 15 33 27
9694 21 27 454 25 32 2 21 23 27 1 33 27
9695 21 23 187 19 27 3 18 17 23 1 33 27
9696 21 33 206 21 29 46 24 33 28 16 33 27
9697 21 32 204 13 41 100 31 19 25 1 32 27
9698 21 30 164 24 21 26 21 29 21 29 33 27
9699 22 42 106 22 45 109 24 28 27 34 33 27
9700 21 40 257 40 33 51 33 31 31 42 33 27
9701 21 32 276 33 21 73 27 27 23 34 33 27
9702 21 29 99 29 22 36 23 29 23 18 33 27
9703 21 28 356 24 31 6 23 20 22 7 33 27
9704 21 33 278 31 28 47 22 18 20 8 33 27
9705 22 32 84 24 26 1 18 40 22 42 33 27
9706 21 35 283 30 33 86 21 27 31 13 33 27
9707 21 30 196 14 33 11 20 22 24 1 33 27
9708 21 27 164 21 27 1 21 22 22 8 33 27
9709 21 31 236 18 32 5 24 19 26 1 32 27
9710 21 29 162 23 27 45 24 28 28 26 33 27
9711 22 33 178 7 38 1 20 17 19 24 33 27
9712 22 32 92 13 29 1 24 27 27 36 34 27
9713 22 37 107 19 34 1 27 18 31 32 33 27
9714 22 33 84 25 30 1 23 34 26 40 33 27
9715 21 33 151 38 31 1 22 32 28 39 33 27
9716 21 32 189 18 34 1 23 35 28 15 33 27
9717 21 35 247 18 31 34 25 22 24 18 33 27
9718 21 36 121 45 27 85 19 32 31 38 33 27
9719 21 37 130 27 37 18 24 23 24 29 33 27
9720 22 28 108 14 27 49 21 25 26 1 32 27
9721 21 32 153 28 37 10 22 33 29 9 33 27
9722 21 33 316 24 32 30 19 27 22 30 33 27
9723 22 33 157 24 30 56 30 35 27 38 33 27
9724 21 27 225 21 30 83 19 22 23 1 32 27
9725 22 29 325 15 17 1 19 29 23 37 33 27
9726 21 32 197 18 27 1 26 38 25 30 33 27
9727 21 30 124 34 23 2 26 18 31 6 33 27
9728 21 32 138 17 40 45 20 27 29 1 33 27
9729 21 36 226 25 34 34 19 45 21 17 33 27
9730 21 34 705 23 35 1 20 26 28 33 33 27
9731 21 30 135 29 33 52 24 33 22 13 33 27
9732 21 33 141 31 36 1 29 26 18 22 33 27
9733 22 22 228 30 19 67 23 28 24 1 33 27
9734 21 31 180 30 23 25 23 23 29 8 33 27
9735 21 38 256 34 32 8 23 30 21 33 33 27
9736 21 34 243 19 31 1 23 26 24 23 33 27
9737 21 32 197 17 25 12 21 31 33 24 33 27
9738 21 38 140 20 39 87 25 28 29 9 33 27
9739 21 32 251 22 36 1 22 20 23 7 33 27
9740 22 25 228 30 19 9 17 6 21 1 33 27
9741 22 33 142 18 31 26 21 16 27 1 33 27
9742 22 29 164 43 32 112 24 33 28 1 33 27
9743 21 33 103 26 35 1 24 25 23 19 33 27
9744 22 31 118 26 33 1 18 22 24 17 33 27
9745 21 30 157 16 34 7 25 29 28 2 33 27
9746 21 31 380 13 37 14 23 17 28 1 33 27
9747 21 30 105 35 30 108 19 25 16 15 33 27
9748 22 32 166 20 34 1 23 10 23 25 33 27
9749 21 33 280 27 32 1 24 39 27 14 33 27
9750 21 32 233 22 33 1 21 13 22 10 33 27
9751 21 29 222 32 26 20 19 32 28 19 33 27
9752 21 32 193 23 36 41 24 29 29 12 33 27
9753 21 33 223 27 31 58 24 26 20 9 33 27
9754 21 31 346 21 34 23 25 23 30 1 33 27
9755 22 33 223 27 32 1 21 35 19 10 33 27
9756 22 29 224 24 14 21 21 25 24 25 33 27
9757 21 31 230 25 17 61 24 22 29 42 33 27
9758 21 28 396 22 36 24 23 26 27 4 33 27
9759 21 30 88 25 33 1 27 31 28 27 33 27
9760 21 30 633 33 22 1 19 29 25 41 33 27
9761 22 31 406 23 41 1 17 17 19 5 33 27
9762 21 36 153 25 32 17 19 24 26 29 33 27
9763 21 28 183 37 24 18 16 31 20 12 33 27
9764 22 24 338 20 19 1 19 20 26 5 33 27
9765 21 37 237 20 32 96 28 42 32 19 33 27
9766 21 36 162 28 34 40 20 34 24 14 33 27
9767 21 34 300 31 38 33 23 27 33 1 33 27
9768 21 36 239 27 41 1 25 18 34 11 33 27
9769 21 41 204 20 41 1 18 20 20 39 33 27
9770 21 30 222 25 30 8 26 28 27 1 33 27
9771 21 37 284 31 36 89 27 21 24 22 33 27
9772 22 34 559 29 28 1 20 32 26 38 33 27
9773 21 24 439 17 28 2 22 29 24 1 33 27
9774 21 35 157 28 29 62 19 37 22 26 33 27
9775 21 34 425 29 27 25 24 23 21 33 33 27
9776 21 38 182 14 34 66 21 26 29 28 33 27
9777 22 32 166 37 21 18 22 25 25 25 33 27
9778 21 33 452 21 40 1 25 47 26 12 33 27
9779 22 34 247 23 38 92 24 20 24 2 33 27
9780 21 36 223 34 31 61 25 34 27 36 33 27
9781 21 33 631 23 31 1 22 24 28 22 33 27
9782 21 25 89 31 21 53 25 25 23 12 33 27
9783 21 35 176 22 38 70 20 24 31 28 33 27
9784 21 41 167 26 31 67 26 29 21 32 33 27
9785 21 32 197 33 28 56 21 26 31 16 33 27
9786 21 36 441 30 21 1 25 31 27 40 33 27
9787 21 30 159 36 29 27 21 22 26 19 33 27
9788 22 35 173 26 31 58 25 34 25 33 33 27
9789 21 36 292 23 31 1 21 23 29 28 33 27
9790 21 36 209 24 39 1 23 26 27 17 33 27
9791 21 20 149 35 11 16 22 25 27 5 33 27
9792 21 29 167 38 23 44 19 32 18 21 33 27
9793 21 39 693 33 34 65 19 25 17 34 33 27
9794 21 34 146 22 36 32 24 30 36 10 33 27
9795 21 34 252 14 34 1 22 34 31 27 33 27
9796 21 34 140 26 36 71 24 23 22 1 33 27
9797 21 29 149 31 19 1 22 29 27 33 33 27
9798 22 35 281 26 34 1 23 30 29 26 33 27
9799 22 32 139 27 29 64 21 35 27 26 33 27
9800 21 27 200 29 22 29 23 29 28 26 33 27
9801 21 31 159 27 24 12 23 27 27 34 33 27
9802 21 40 99 32 43 1 23 30 25 23 33 27
9803 21 28 98 30 28 1 19 28 27 13 33 27
9804 21 32 306 18 33 7 18 25 27 29 33 27
9805 21 34 298 24 37 1 23 27 29 10 33 27
9806 21 35 360 20 38 1 21 29 29 14 33 27
9807 21 28 183 11 28 44 27 27 31 1 33 27
9808 21 39 223 35 33 53 19 20 36 39 33 27
9809 21 38 482 31 35 32 24 21 31 27 33 27
9810 22 33 271 25 26 21 22 1 26 20 33 27
9811 22 27 181 27 29 1 25 20 23 1 33 27
9812 21 26 311 33 21 39 19 30 26 23 33 27
9813 21 28 345 24 33 51 22 33 22 9 33 27
9814 21 32 155 18 29 1 22 18 28 18 33 27
9815 21 34 200 41 34 74 27 25 37 23 33 27
9816 21 32 117 13 18 1 22 24 31 24 33 27
9817 21 35 222 29 19 1 13 32 18 30 33 27
9818 21 29 164 22 32 1 21 30 24 10 33 27
9819 21 32 356 37 23 26 22 19 22 12 33 27
9820 22 37 184 33 24 83 24 21 23 34 33 27
9821 21 35 111 27 31 109 22 31 26 25 33 27
9822 21 27 180 23 25 1 20 36 21 22 33 27
9823 22 33 166 29 35 50 19 18 30 1 33 27
9824 21 35 377 27 28 1 22 31 29 41 33 27
9825 21 31 227 15 27 56 21 22 24 13 33 27
9826 21 29 564 28 32 1 29 36 37 1 33 27
9827 21 31 112 7 36 1 23 21 28 4 33 27
9828 21 28 247 25 30 47 22 34 20 30 33 27
9829 21 28 313 27 29 36 24 32 28 1 33 27
9830 21 35 225 36 33 1 26 32 29 23 33 27
9831 21 32 533 22 29 25 22 25 31 14 33 27
9832 21 28 172 31 24 1 27 22 30 22 33 27
9833 21 37 287 26 28 48 23 33 21 16 33 27
9834 21 31 149 32 30 28 22 47 26 28 33 27
9835 21 28 89 29 21 25 22 35 29 30 33 27
9836 21 24 144 25 25 10 24 22 24 4 33 27
9837 21 32 204 34 26 41 22 24 26 31 33 27
9838 21 30 184 24 29 11 24 18 41 17 33 27
9839 22 32 313 32 28 1 25 29 21 28 33 27
9840 21 39 172 27 34 34 20 23 24 44 33 27
9841 21 35 349 23 27 75 25 25 34 25 33 27
9842 21 34 258 41 23 43 23 23 25 39 33 27
9843 21 25 653 37 16 18 25 14 30 25 33 27
9844 21 30 117 28 21 46 20 30 26 17 33 27
9845 21 32 204 32 33 99 23 23 25 10 33 27
9846 21 27 572 22 24 6 21 17 19 1 33 27
9847 21 30 138 34 27 44 20 1 38 3 33 27
9848 22 36 390 13 47 1 20 21 21 17 33 27
9849 21 37 210 23 34 23 25 32 24 41 33 27
9850 21 27 90 13 14 1 26 37 23 16 33 27
9851 21 27 173 39 26 60 20 28 21 1 33 27
9852 21 31 149 18 23 25 26 15 28 30 33 27
9853 21 30 261 37 30 1 26 28 29 25 33 27
9854 21 29 146 25 34 13 23 12 30 20 33 27
9855 22 28 182 30 27 20 20 36 22 17 33 27
9856 21 32 149 18 26 59 26 21 22 18 33 27
9857 22 31 189 25 31 34 20 22 26 12 33 27
9858 21 32 197 21 37 1 17 19 23 1 33 27
9859 21 26 366 25 19 28 26 35 32 1 33 27
9860 22 36 135 21 41 31 24 34 25 21 33 27
9861 21 28 176 19 28 89 20 31 26 11 33 27
9862 21 32 170 23 32 24 26 31 27 18 33 27
9863 22 32 94 24 31 1 21 23 18 10 33 27
9864 21 26 725 24 21 1 25 17 29 10 32 26
9865 21 29 208 26 24 3 20 39 30 14 33 27
9866 21 33 148 46 20 78 23 26 26 27 33 27
9867 21 29 604 36 16 28 22 38 19 25 33 27
9868 21 30 456 32 26 3 22 23 22 20 33 27
9869 21 25 318 21 27 58 20 18 27 1 33 27
9870 21 34 168 29 37 102 20 34 26 23 33 27
9871 21 31 137 26 35 1 20 23 27 8 33 27
9872 21 27 129 23 29 57 20 36 21 13 33 27
9873 21 30 195 26 20 11 21 40 25 13 33 27
9874 22 39 499 25 32 1 22 49 28 34 33 27
9875 21 33 138 19 24 63 32 25 34 20 33 27
9876 22 192 467 64 110 29 21 33 26 23 33 27
9877 22 31 716 24 34 35 17 18 22 5 33 27
9878 21 37 450 26 26 88 25 17 36 26 33 27
9879 21 30 383 23 34 46 20 24 25 2 33 27
9880 21 32 96 11 42 1 22 22 22 1 33 27
9881 21 33 155 29 28 28 23 31 31 31 33 27
9882 21 30 266 12 30 1 26 17 28 3 33 27
9883 21 32 178 27 32 1 24 36 17 19 33 27
9884 21 32 294 32 26 35 27 28 32 30 33 27
9885 22 34 213 20 29 33 20 27 29 7 33 27
9886 21 31 133 35 32 56 23 30 26 17 33 27
9887 21 35 396 23 27 1 22 28 23 33 33 27
9888 21 25 121 21 14 4 16 19 21 1 33 27
9889 21 32 188 31 14 17 23 25 40 31 33 27
9890 22 31 178 20 26 41 22 20 23 19 33 27
9891 21 29 141 28 17 13 20 29 27 40 33 27
9892 21 30 352 34 27 95 22 27 24 16 33 27
9893 21 36 396 31 35 112 22 30 26 21 33 27
9894 21 33 224 24 31 1 29 24 33 15 33 27
9895 22 35 99 30 26 17 24 28 35 33 33 27
9896 21 29 106 18 29 1 28 29 30 18 33 27
9897 21 30 438 29 39 47 19 29 29 1 33 27
9898 21 39 254 21 36 70 23 14 22 30 33 27
9899 21 34 571 35 33 11 23 36 32 24 33 27
9900 22 37 563 23 31 15 21 21 28 20 33 27
9901 21 27 111 25 19 1 22 30 24 35 33 27
9902 21 32 298 19 24 1 22 29 24 35 33 27
9903 21 30 490 19 23 14 24 32 32 25 33 27
9904 21 33 201 19 35 52 24 11 25 20 33 27
9905 21 26 141 42 26 13 23 26 27 1 33 27
9906 21 38 187 33 42 1 24 26 26 19 33 27
9907 22 36 346 25 29 43 25 19 30 35 34 27
9908 22 29 171 39 29 81 22 1 34 5 33 27
9909 21 35 103 24 26 83 19 1 27 35 33 27
9910 21 33 326 22 32 50 20 32 27 20 33 27
9911 21 30 225 22 26 20 24 27 29 25 33 27
9912 21 29 184 8 29 1 16 12 20 27 33 27
9913 21 30 205 16 28 59 20 16 29 1 33 27
9914 22 31 167 35 21 44 21 37 31 36 33 27
9915 22 34 151 25 37 13 23 1 37 17 33 27
9916 21 34 137 31 34 1 23 27 29 30 33 27
9917 21 31 246 22 40 1 24 28 32 9 33 27
9918 21 31 129 28 30 4 22 28 22 23 33 27
9919 21 33 101 27 25 1 29 34 30 40 33 27
9920 22 35 230 32 37 44 22 1 36 20 33 27
9921 22 36 130 26 38 1 25 27 29 13 33 27
9922 21 31 267 43 22 1 22 37 29 36 33 27
9923 21 31 1057 30 32 47 20 26 32 15 33 27
9924 22 31 281 15 34 1 20 25 25 4 33 27
9925 21 41 223 13 45 22 22 1 27 22 33 27
9926 22 30 359 17 38 23 24 33 30 1 32 27
9927 21 27 185 10 26 60 21 20 28 1 32 27
9928 21 30 156 35 24 53 24 12 24 19 33 27
9929 21 28 221 17 30 33 20 1 24 1 33 27
9930 21 29 154 27 28 1 19 35 29 13 33 27
9931 21 26 113 26 24 1 23 19 26 1 32 27
9932 21 31 150 20 28 1 23 37 31 11 33 27
9933 22 33 226 37 24 107 22 48 21 17 33 27
9934 21 29 199 29 22 33 24 24 24 22 33 27
9935 21 29 269 33 8 2 17 47 25 46 33 27
9936 21 26 158 17 27 20 18 36 27 13 33 27
9937 21 29 165 21 25 41 26 32 25 20 33 27
9938 21 30 101 32 23 46 22 25 749 11 33 27
9939 21 26 146 35 32 70 21 27 26 1 33 27
9940 21 33 108 17 38 29 26 18 28 1 32 27
9941 21 38 219 10 33 42 24 21 28 20 33 27
9942 21 28 224 30 14 27 23 29 32 14 33 27
9943 22 28 140 9 37 1 25 28 19 12 33 27
9944 21 26 172 24 25 31 26 20 29 5 33 27
9945 21 30 178 34 26 1 20 29 27 30 33 27
9946 21 28 117 37 28 32 24 32 28 33 33 27
9947 21 38 243 30 32 12 20 31 28 30 33 27
9948 21 24 164 8 24 1 18 24 22 1 33 27
9949 21 37 323 41 28 1 23 40 30 37 33 27
9950 21 33 139 31 37 8 24 12 29 10 33 27
9951 21 28 103 21 33 1 20 34 32 31 33 27
9952 21 32 198 23 31 74 22 30 26 9 33 27
9953 21 30 337 23 23 1 28 33 27 36 33 27
9954 21 33 205 27 21 33 27 39 28 45 33 27
9955 21 32 327 26 25 23 21 29 33 14 33 27
9956 21 33 162 31 33 1 19 25 25 4 33 27
9957 21 28 102 25 13 15 25 26 30 21 33 27
9958 21 34 178 14 27 15 21 46 31 23 33 27
9959 21 30 272 6 33 25 24 23 23 1 33 27
9960 21 32 151 21 35 1 25 25 28 19 33 27
9961 21 33 406 25 34 82 24 31 29 7 33 27
9962 21 41 579 37 29 73 28 21 28 49 33 27
9963 21 31 144 30 23 6 24 1 32 20 33 27
9964 22 30 98 29 19 7 24 32 27 33 33 27
9965 21 27 236 20 36 38 22 25 26 1 33 27
9966 21 34 304 24 34 27 21 31 27 1 33 27
9967 21 29 194 33 21 4 22 27 31 14 33 27
9968 21 28 292 15 26 42 21 36 22 13 33 27
9969 21 30 179 12 39 6 14 24 22 13 33 27
9970 21 28 108 31 24 25 20 22 31 15 33 27
9971 21 25 85 18 23 26 21 29 25 9 33 27
9972 21 39 102 18 39 90 24 26 33 16 33 27
9973 21 35 261 10 25 15 19 43 29 35 33 27
9974 21 29 259 46 23 28 20 32 28 1 33 27
9975 21 31 199 32 15 32 29 26 28 33 33 27
9976 22 33 175 25 26 29 26 31 22 28 33 27
9977 21 27 283 14 31 1 27 29 31 1 33 27
9978 21 33 606 21 37 38 22 16 25 11 33 27
9979 21 34 442 19 37 80 21 24 23 1 33 27
9980 21 28 301 15 39 27 24 26 23 11 33 27
9981 22 25 217 26 19 1 24 32 26 29 33 27
9982 21 29 669 22 24 19 24 20 32 34 33 27
9983 21 31 255 32 17 55 21 31 29 36 33 27
9984 21 28 271 23 25 1 27 19 34 16 33 27
9985 22 33 271 36 25 9 21 31 30 37 33 27
9986 22 34 151 24 39 1 19 1 27 22 33 27
9987 21 30 207 24 27 54 25 24 24 7 33 27
9988 21 35 226 29 22 1 24 40 28 51 33 27
9989 22 34 340 12 29 38 23 20 26 18 33 27
9990 21 30 88 34 19 1 24 33 31 41 33 27
9991 21 29 132 30 26 8 17 31 22 26 33 27
9992 21 33 196 31 22 47 20 32 28 15 33 27
9993 21 30 152 16 34 17 26 19 21 1 32 27
9994 21 35 387 23 26 1 24 37 19 43 33 27
9995 21 33 314 25 33 52 22 38 29 9 33 27
9996 21 28 323 29 19 83 25 32 24 29 33 27
9997 21 35 224 28 23 23 30 30 32 31 33 27
9998 22 34 193 34 36 16 23 29 27 30 33 27
9999 21 34 167 22 29 91 30 24 34 23 33 27
10000 21 30 198 19 34 5 22 25 31 1 33 27
10001 21 36 289 33 22 22 19 37 24 53 33 27
10002 21 35 181 38 37 1 23 31 19 43 33 27
10003 21 31 432 19 35 1 21 26 30 5 33 27
10004 21 34 221 21 34 44 21 24 27 33 33 27
10005 21 27 132 27 20 1 20 30 29 35 33 27
10006 21 33 187 15 42 1 17 20 27 19 33 27
10007 21 34 130 27 23 42 21 26 24 28 33 27
10008 22 34 227 28 40 55 30 34 37 8 33 27
10009 22 30 206 23 28 66 17 21 30 13 33 27
10010 22 42 111 21 48 1 20 25 33 30 33 27
10011 21 38 307 27 41 45 21 25 26 37 33 27
10012 22 30 105 13 42 8 20 25 27 1 33 27
10013 21 30 115 31 21 38 23 33 24 15 33 27
10014 21 33 272 33 27 1 21 32 24 36 33 27
10015 21 35 181 25 32 57 22 25 30 25 33 27
10016 21 31 411 13 30 23 19 21 27 1 33 27
10017 21 30 149 27 28 34 20 4 35 13 33 27
10018 22 36 187 18 35 20 26 16 19 34 33 27
10019 21 37 213 41 24 1 24 32 24 44 33 27
10020 21 19 138 24 23 20 24 21 29 1 33 27
10021 21 27 164 32 22 26 21 25 28 7 33 27
10022 21 33 179 23 34 21 25 20 29 26 33 27
10023 22 33 176 23 30 23 25 19 29 18 33 27
10024 21 39 341 32 32 49 21 24 25 26 33 27
10025 21 32 220 29 17 11 18 14 26 36 33 27
10026 21 24 432 19 28 5 22 23 27 2 33 27
10027 21 32 241 16 25 41 23 14 29 24 33 27
10028 21 30 220 20 29 1 17 1 30 10 33 27
10029 22 27 705 21 27 37 24 44 24 1 33 27
10030 21 28 389 39 28 94 30 1 35 1 33 27
10031 22 31 204 32 34 46 23 23 33 1 33 27
10032 21 25 482 16 34 1 22 15 21 1 33 27
10033 21 24 139 24 16 17 20 12 22 10 33 27
10034 21 36 250 20 29 1 26 32 30 28 33 27
10035 21 33 146 32 26 20 25 41 32 36 33 27
10036 22 29 252 13 28 15 18 21 29 1 33 27
10037 21 35 241 21 42 1 21 26 25 4 33 27
10038 21 32 218 26 30 1 19 18 16 6 33 27
10039 22 28 265 26 26 33 19 21 19 15 33 27
10040 22 32 173 21 27 37 20 16 27 25 33 27
10041 21 29 163 29 18 1 22 34 25 37 33 27
10042 22 34 129 27 26 54 23 26 26 18 33 27
10043 21 32 105 35 19 1 23 29 29 35 33 27
10044 22 28 298 22 28 7 20 13 29 3 33 27
10045 21 30 205 32 38 118 18 1 21 5 33 27
10046 21 28 149 26 30 49 29 34 34 12 33 27
10047 21 30 180 20 26 42 21 21 24 36 33 27
10048 22 32 166 34 38 15 22 24 22 14 33 27
10049 22 32 215 14 41 1 23 31 28 1 33 27
10050 21 35 222 16 33 1 21 27 26 22 33 27
10051 21 35 193 25 26 28 24 28 26 29 33 27
10052 21 28 268 21 25 1 19 26 24 27 33 27
10053 21 29 309 35 25 24 17 24 25 33 33 27
10054 21 30 310 21 32 32 20 1 25 8 33 27
10055 21 24 89 36 28 30 29 23 27 1 32 27
10056 22 34 263 27 26 6 28 1 37 35 33 27
10057 22 28 99 47 21 82 19 24 22 3 33 27
10058 21 30 183 32 34 24 22 28 26 6 33 27
10059 21 31 213 44 29 1 24 39 27 6 33 27
10060 21 28 325 22 26 1 27 35 20 28 33 27
10061 21 30 230 27 25 89 23 44 25 35 33 27
10062 21 34 224 28 36 89 23 31 26 14 33 27
10063 21 37 122 24 26 103 24 18 21 26 33 27
10064 21 38 430 23 38 52 25 25 28 47 33 27
10065 21 28 192 40 36 1 19 20 20 8 33 27
10066 21 29 352 20 32 31 22 27 30 3 33 27
10067 21 24 186 20 36 1 23 19 29 1 33 27
10068 21 35 297 40 25 41 23 27 21 29 33 27
10069 21 24 244 18 31 1 21 38 22 13 33 27
10070 21 35 196 24 18 82 25 30 21 38 33 27
10071 21 31 166 35 13 1 21 36 21 28 33 27
10072 21 28 109 23 28 4 29 22 24 7 33 27
10073 22 31 453 22 23 14 18 13 25 30 33 27
10074 22 30 128 26 32 23 18 1 25 15 33 27
10075 21 33 381 18 30 1 26 33 24 16 33 27
10076 21 29 95 29 28 1 21 25 28 15 33 27
10077 21 35 90 16 32 1 22 25 15 37 33 27
10078 21 28 379 14 25 36 17 21 27 1 33 27
10079 21 32 166 26 26 1 26 24 26 22 33 27
10080 22 27 173 35 28 70 20 1 28 6 33 27
10081 21 26 136 22 26 27 20 21 30 1 33 27
10082 21 30 212 24 32 59 17 32 30 12 33 27
10083 21 35 662 42 24 25 23 29 24 44 33 27
10084 21 29 122 28 21 1 20 38 27 38 33 27
10085 22 28 208 22 25 1 23 39 25 19 33 27
10086 21 34 162 20 33 69 19 25 27 1 33 27
10087 22 31 172 13 28 1 20 27 22 1 33 27
10088 22 35 146 23 25 37 20 25 27 30 34 27
10089 22 30 84 13 25 1 20 17 26 30 33 27
10090 22 38 383 25 28 66 22 32 27 38 33 27
10091 21 35 115 21 33 40 23 25 28 24 33 27
10092 22 32 167 34 27 54 25 27 26 17 33 27
10093 21 29 101 29 27 15 22 29 27 15 33 27
10094 21 31 115 25 33 1 21 26 22 10 33 27
10095 22 31 206 9 37 26 22 26 28 1 33 27
10096 21 30 190 12 39 35 22 20 30 2 33 27
10097 21 25 127 26 16 16 23 35 24 19 33 27
10098 21 26 206 23 22 47 22 31 21 12 33 27
10099 22 37 691 31 29 11 20 26 32 39 33 27
10100 21 29 164 25 23 1 27 48 25 23 33 27
10101 21 28 317 43 30 1 22 27 32 7 33 27
10102 21 31 201 12 38 41 23 26 27 8 33 27
10103 22 32 156 13 36 1 23 23 25 11 33 27
10104 22 31 112 21 33 1 21 22 25 9 33 27
10105 21 33 154 27 22 74 24 26 25 15 33 27
10106 21 37 162 20 19 5 19 18 23 39 33 27
10107 21 30 131 32 24 35 20 29 31 13 33 27
10108 22 31 244 12 33 14 24 24 27 12 33 27
10109 21 33 913 31 25 32 26 26 24 14 33 27
10110 21 32 445 25 30 20 26 20 26 1 33 27
10111 22 38 324 21 36 1 25 25 23 23 33 27
10112 21 36 191 28 32 1 28 23 24 25 33 27
10113 22 31 150 36 20 21 27 38 20 34 33 27
10114 21 30 186 42 20 24 24 43 20 27 33 27
10115 21 35 380 18 34 13 23 23 35 33 33 27
10116 21 31 217 17 25 16 27 23 29 25 33 27
10117 21 30 275 17 35 42 21 21 24 13 33 27
10118 22 31 308 14 20 25 22 16 24 25 33 27
10119 22 31 203 22 29 55 20 25 26 5 33 27
10120 22 37 236 30 22 55 20 27 26 27 33 27
10121 21 32 324 36 24 43 22 27 26 37 33 27
10122 21 30 114 17 31 24 23 20 23 1 33 27
10123 21 23 80 21 19 1 17 24 20 6 33 27
10124 22 36 179 18 42 1 24 1 31 18 33 27
10125 21 33 187 24 33 9 22 29 28 17 33 27
10126 21 38 299 22 31 52 22 30 24 28 33 27
10127 21 31 176 27 23 26 23 32 25 27 33 27
10128 21 28 173 10 25 7 18 18 27 3 33 27
10129 21 30 99 24 32 21 18 19 19 6 33 27
10130 21 34 546 39 27 30 26 32 21 43 33 27
10131 21 29 204 29 37 72 21 43 35 12 33 27
10132 22 28 179 15 33 42 20 25 26 1 33 27
10133 21 37 175 27 36 35 19 19 26 20 32 27
10134 21 33 119 25 29 1 22 20 26 24 33 27
10135 21 37 500 18 34 33 23 20 22 30 33 27
10136 21 30 456 15 23 1 25 28 20 19 33 27
10137 21 35 226 18 24 28 26 41 31 29 33 27
10138 22 38 269 38 37 79 22 27 27 22 33 27
10139 21 32 105 34 27 113 23 17 25 21 33 27
10140 21 30 180 43 24 64 23 1 28 12 33 27
10141 21 33 132 19 37 10 20 25 29 17 33 27
10142 21 33 116 21 28 23 24 24 28 23 33 27
10143 21 30 294 29 30 101 19 19 29 3 33 27
10144 21 32 256 28 29 1 19 33 29 26 33 27
10145 21 34 149 18 40 8 20 28 19 16 33 27
10146 21 33 1013 24 18 9 22 9 31 33 33 27
10147 21 37 270 18 41 82 25 23 25 26 33 27
10148 21 27 183 32 19 52 16 22 22 6 33 27
10149 21 32 238 32 27 77 23 34 33 20 33 27
10150 21 25 117 22 24 1 26 26 29 3 33 27
10151 21 36 126 32 34 1 22 28 20 26 33 27
10152 21 38 210 26 33 35 22 39 24 42 33 27
10153 21 35 139 40 20 31 21 29 24 38 33 27
10154 21 32 143 19 31 34 25 20 31 20 33 27
10155 21 29 333 29 29 1 26 16 30 1 33 27
10156 21 28 446 9 34 12 18 20 17 5 33 27
10157 21 28 130 26 25 5 21 24 24 21 33 27
10158 21 31 172 32 30 1 24 32 25 2 33 27
10159 21 20 98 22 15 14 22 11 28 1 33 27
10160 21 30 371 33 33 55 24 34 31 8 33 27
10161 22 25 335 30 30 1 23 25 30 1 33 27
10162 21 34 187 37 27 22 22 29 25 33 33 27
10163 21 28 211 28 27 104 26 26 24 6 33 27
10164 21 33 236 29 31 42 25 39 29 15 33 27
10165 21 25 94 27 27 13 26 15 21 8 33 27
10166 21 35 281 28 40 32 23 23 30 22 33 27
10167 21 28 240 32 19 60 22 25 22 12 33 27
10168 21 30 163 23 17 1 26 34 28 10 33 27
10169 22 28 242 29 25 1 27 1 29 19 33 27
10170 21 33 250 15 38 1 19 32 26 23 33 27
10171 22 32 180 32 29 1 24 39 23 38 33 27
10172 21 28 204 9 21 47 22 17 29 8 33 27
10173 22 29 121 29 31 1 18 40 32 30 33 27
10174 21 28 428 36 25 37 17 22 17 5 33 27
10175 21 33 616 24 36 33 24 32 30 28 33 27
10176 21 34 373 25 27 44 25 33 24 34 33 27
10177 21 33 375 38 24 29 27 30 29 48 33 27
10178 21 29 915 13 36 1 20 35 22 1 33 27
10179 22 28 263 26 33 41 22 19 26 3 33 27
10180 21 38 375 31 33 94 25 26 24 25 33 27
10181 21 32 160 28 39 66 19 31 28 8 33 27
10182 21 29 167 25 32 6 19 30 28 12 33 27
10183 21 33 177 33 26 30 23 27 27 31 33 27
10184 21 37 341 43 39 11 18 29 32 39 33 27
10185 21 39 526 25 46 82 28 34 33 18 33 27
10186 21 29 123 20 33 29 20 26 21 1 32 27
10187 21 31 223 26 35 1 25 30 27 10 33 27
10188 21 30 184 36 27 52 23 23 32 16 33 27
10189 21 27 249 21 24 46 24 46 27 5 33 27
10190 21 36 166 23 29 1 23 22 16 31 33 27
10191 21 31 267 26 19 38 28 32 34 27 33 27
10192 21 32 611 19 30 41 22 32 29 5 33 27
10193 22 33 144 31 31 33 19 23 25 19 33 27
10194 21 36 92 25 28 76 23 26 34 23 33 27
10195 21 33 259 8 40 1 18 16 17 1 33 27
10196 22 33 106 16 33 1 20 37 26 21 33 27
10197 21 28 257 17 30 16 23 30 25 3 33 27
10198 22 34 280 14 35 80 20 35 22 23 33 27
10199 22 35 291 30 25 73 26 29 26 19 33 27
10200 21 32 347 25 28 28 23 35 25 29 33 27
10201 21 32 202 39 26 1 18 34 29 42 33 27
10202 21 25 323 28 22 12 20 18 26 6 33 27
10203 21 31 157 24 27 1 22 31 26 32 33 27
10204 21 31 100 32 22 24 20 29 26 31 33 27
10205 21 39 697 22 38 52 22 40 28 28 33 27
10206 21 26 98 30 28 1 21 12 28 1 33 27
10207 22 25 155 34 29 52 18 25 23 1 32 27
10208 21 33 322 27 30 1 23 21 30 27 33 27
10209 22 30 442 34 18 5 21 31 21 24 33 27
10210 21 27 129 22 21 17 21 35 23 16 33 27
10211 21 28 228 28 22 1 50 32 26 32 33 27
10212 21 27 475 13 25 24 21 16 26 1 33 27
10213 21 32 354 33 29 65 24 34 23 7 33 27
10214 21 17 188 15 22 5 27 35 27 5 33 27
10215 21 27 320 30 20 32 22 1 31 17 33 27
10216 21 31 117 28 31 78 18 32 15 10 33 27
10217 22 31 137 15 21 81 17 25 26 29 33 27
10218 21 33 118 22 18 44 21 1 29 40 33 27
10219 21 26 93 17 26 1 18 19 19 10 33 27
10220 21 31 304 19 33 6 20 26 24 17 33 27
10221 21 31 139 27 31 18 22 24 31 20 33 27
10222 21 62 192 41 32 5 25 36 29 34 33 27
10223 21 31 177 35 22 1 24 31 27 32 33 27
10224 22 34 190 25 37 1 26 19 32 22 33 27
10225 21 28 522 26 24 1 21 41 37 33 33 27
10226 21 30 94 22 37 1 26 28 30 12 33 27
10227 21 35 306 32 26 45 24 30 24 44 33 27
10228 22 38 319 21 28 34 20 25 33 31 33 27
10229 21 36 117 24 38 16 20 14 18 30 33 27
10230 21 28 674 25 27 1 29 29 31 20 33 27
10231 21 32 348 20 25 28 24 27 22 37 33 27
10232 21 29 89 30 16 57 26 24 27 38 33 27
10233 21 30 189 23 30 1 24 18 29 1 33 27
10234 21 27 134 23 32 1 22 35 21 7 33 27
10235 21 26 493 30 26 1 23 22 39 10 33 27
10236 21 29 388 19 37 1 24 25 25 2 33 27
10237 22 25 127 27 11 93 25 23 22 4 33 27
10238 21 27 502 29 26 1 16 33 23 20 33 27
10239 21 29 143 23 27 1 25 26 27 21 33 27
10240 21 24 240 15 22 1 23 32 31 17 33 27
10241 22 30 666 33 20 18 23 37 31 19 33 27
10242 22 29 115 24 17 1 22 39 17 42 33 27
10243 21 27 229 32 35 1 22 25 21 1 33 27
10244 21 33 185 31 36 77 24 23 29 10 33 27
10245 21 37 286 29 37 1 23 32 23 33 33 27
10246 21 37 164 20 38 1 21 25 25 33 33 27
10247 21 31 288 29 31 48 21 21 21 10 33 27
10248 21 27 205 33 14 25 21 34 27 24 33 27
10249 22 31 177 34 28 77 21 26 19 17 33 27
10250 22 29 180 43 10 29 24 38 25 37 33 27
10251 21 33 193 15 26 21 20 19 23 23 33 27
10252 21 30 143 29 24 1 20 40 20 27 33 27
10253 21 28 190 43 14 57 34 42 29 24 33 27
10254 22 43 179 28 35 44 20 1 29 46 33 27
10255 21 30 192 24 24 33 23 30 30 18 33 27
10256 21 32 267 22 22 31 23 29 31 24 33 27
10257 21 38 117 31 32 95 27 19 31 33 33 27
10258 21 35 118 37 26 35 25 46 31 30 33 27
10259 21 34 181 19 29 1 22 27 29 26 33 27
10260 21 29 383 30 26 1 22 28 29 12 33 27
10261 21 31 138 33 32 76 23 25 25 10 33 27
10262 21 30 129 15 32 1 26 15 27 1 33 27
10263 21 35 106 18 36 73 15 25 34 4 33 27
10264 21 30 273 28 26 1 30 21 32 28 33 27
10265 22 29 169 14 29 1 21 24 28 20 33 27
10266 22 34 149 13 33 1 23 40 23 35 33 27
10267 22 32 122 34 28 89 22 30 28 25 33 27
10268 22 35 200 20 30 108 23 19 31 13 33 27
10269 21 31 160 17 33 2 21 17 30 5 33 27
10270 22 39 290 39 35 1 23 41 21 53 33 27
10271 21 32 175 19 39 1 26 19 25 1 32 27
10272 22 28 284 10 33 13 23 29 27 1 32 27
10273 21 28 172 26 18 24 24 26 33 5 33 27
10274 21 36 378 32 35 1 24 29 27 24 33 27
10275 21 34 524 34 1 25 23 44 35 45 33 27
10276 21 25 404 32 24 1 17 33 21 1 33 27
10277 21 31 266 32 24 23 24 33 28 27 33 27
10278 21 41 267 9 45 1 19 16 24 10 33 27
10279 21 33 110 20 33 6 24 23 31 16 33 27
10280 22 33 155 25 23 1 25 33 24 20 33 27
10281 21 34 300 15 37 1 22 26 25 30 33 27
10282 21 31 431 24 42 1 19 26 18 17 33 27
10283 21 33 299 32 38 15 18 29 29 27 33 27
10284 21 32 192 20 28 1 26 12 24 24 33 27
10285 21 31 163 23 20 1 21 33 28 43 33 27
10286 21 31 86 11 31 1 18 23 27 1 33 27
10287 21 31 179 36 24 26 19 28 18 34 33 27
10288 21 32 302 38 16 25 18 27 16 39 33 27
10289 22 31 143 16 19 56 24 20 20 10 33 27
10290 21 25 155 25 20 68 20 32 26 12 33 27
10291 21 32 637 21 23 33 22 23 33 2 33 27
10292 22 27 86 39 26 1 24 23 26 1 33 27
10293 21 33 1090 29 33 70 24 39 27 10 33 27
10294 22 33 309 30 23 88 23 29 27 37 33 27
10295 22 38 107 23 42 1 26 26 25 4 33 27
10296 21 26 143 28 25 95 20 25 23 4 33 27
10297 21 34 163 34 24 22 23 29 23 40 33 27
10298 22 26 103 24 24 1 26 14 29 6 33 27
10299 21 30 145 44 27 1 23 33 25 9 33 27
10300 21 33 217 27 26 97 21 20 21 10 33 27
10301 21 29 170 25 31 63 23 17 26 1 33 27
10302 21 31 221 24 26 45 20 16 45 19 33 27
10303 21 35 172 29 25 17 23 53 34 29 33 27
10304 22 26 165 20 22 1 11 17 24 1 32 27
10305 21 32 331 26 32 67 24 40 26 25 33 27
10306 21 29 211 37 21 16 21 1 39 25 33 27
10307 21 38 208 32 39 71 21 23 23 21 33 27
10308 21 29 157 22 29 48 21 21 27 1 33 27
10309 22 28 157 26 25 1 22 17 25 24 33 27
10310 22 30 215 20 27 1 18 24 21 13 33 27
10311 21 32 755 21 33 17 20 22 25 7 33 27
10312 21 30 305 32 20 1 23 31 24 16 33 27
10313 21 32 376 33 16 50 21 36 31 52 33 27
10314 22 27 217 32 21 43 24 30 23 21 33 27
10315 21 34 199 24 32 17 28 20 27 11 33 27
10316 22 33 94 26 31 68 22 29 27 26 33 27
10317 22 37 721 38 34 17 30 32 33 42 33 27
10318 21 34 216 23 29 1 21 22 25 23 33 27
10319 21 33 1540 24 22 7 25 35 24 25 33 27
10320 22 39 202 25 31 78 25 19 26 15 33 27
10321 21 33 191 19 33 1 26 25 30 1 33 27
10322 21 32 865 16 33 24 21 26 26 1 32 27
10323 22 35 115 34 28 1 24 43 22 34 33 27
10324 21 31 240 31 30 36 23 32 27 20 33 27
10325 22 35 98 27 38 87 26 17 30 29 33 27
10326 21 34 182 30 20 55 27 33 30 40 33 27
10327 21 28 245 26 25 1 22 38 23 16 33 27
10328 21 28 149 22 24 51 21 29 16 28 33 27
10329 22 35 312 30 37 29 22 20 25 1 33 27
10330 22 37 225 37 22 32 22 40 28 50 33 27
10331 21 31 146 33 20 1 23 35 20 46 33 27
10332 22 27 305 22 28 1 16 1 21 12 33 27
10333 21 33 237 25 30 54 29 29 26 5 33 27
10334 21 35 344 20 38 41 20 23 24 1 33 27
10335 21 34 211 29 32 1 18 30 29 26 33 27
10336 22 30 191 27 35 1 20 1 34 11 33 27
10337 21 35 323 33 30 1 18 31 28 39 33 27
10338 22 30 215 11 28 1 23 36 28 13 33 27
10339 22 40 406 25 32 73 23 20 29 36 33 27
10340 21 35 238 24 46 72 22 16 26 1 32 27
10341 21 29 155 32 16 13 24 33 25 25 33 27
10342 21 35 106 36 21 27 25 32 26 41 33 27
10343 22 32 524 25 33 1 22 24 25 7 33 27
10344 21 33 502 26 32 37 22 29 25 28 33 27
10345 21 36 302 28 36 11 22 30 24 41 33 27
10346 22 28 256 31 27 25 23 1 38 1 32 27
10347 21 33 132 33 23 1 18 33 30 38 33 27
10348 21 38 217 32 36 53 23 33 27 27 33 27
10349 21 30 170 16 35 21 24 30 22 10 33 27
10350 21 27 223 28 22 1 20 39 24 35 33 27
10351 21 29 249 16 36 1 23 27 23 27 33 27
10352 21 31 168 28 17 37 27 24 28 35 33 27
10353 21 30 162 17 20 14 25 25 36 10 33 27
10354 21 29 201 33 24 86 18 26 32 10 33 27
10355 21 37 126 25 32 26 21 39 27 42 33 27
10356 22 33 416 25 32 1 22 13 29 36 33 27
10357 21 30 150 23 20 55 24 25 28 21 33 27
10358 21 32 298 19 30 15 21 32 33 14 33 27
10359 21 32 345 32 32 47 21 28 25 6 33 27
10360 22 32 186 33 31 64 22 17 27 9 33 27
10361 21 30 195 18 18 72 27 25 28 2 33 27
10362 22 35 375 27 41 1 25 36 31 25 33 27
10363 22 31 185 41 25 117 21 24 25 11 33 27
10364 22 33 156 21 25 3 21 22 21 29 33 27
10365 21 29 125 26 27 71 21 16 17 17 33 27
10366 21 24 344 35 25 1 24 30 19 1 33 27
10367 22 29 224 8 38 1 21 24 27 1 33 27
10368 21 36 583 33 24 77 22 28 24 31 33 27
10369 21 36 182 33 22 43 24 24 31 50 33 27
10370 21 32 268 24 15 35 20 30 18 27 33 27
10371 21 33 446 26 29 1 21 29 25 32 33 27
10372 22 38 204 26 40 96 21 27 28 8 33 27
10373 21 25 875 35 34 1 21 29 30 16 33 27
10374 22 31 200 15 36 77 22 29 29 1 33 27
10375 21 35 101 18 20 1 20 32 31 56 33 27
10376 22 32 96 19 28 10 19 27 25 15 33 27
10377 21 26 225 18 29 7 24 30 23 6 33 27
10378 22 33 120 27 25 79 23 27 28 12 33 27
10379 21 32 123 25 29 1 25 26 31 14 33 27
10380 21 32 321 37 26 67 24 43 25 33 33 27
10381 21 29 369 19 37 31 26 35 19 14 33 27
10382 21 32 244 23 31 1 21 26 25 15 33 27
10383 21 36 196 34 33 1 22 34 22 32 33 27
10384 21 32 286 33 29 44 25 20 21 13 33 27
10385 21 29 569 36 23 66 26 36 22 10 33 27
10386 22 31 429 22 38 1 24 31 27 1 33 27
10387 22 31 113 23 22 29 22 32 27 20 33 27
10388 21 36 248 26 35 1 19 17 26 29 33 27
10389 21 26 103 25 32 1 20 26 27 6 33 27
10390 21 29 221 20 31 28 23 33 25 20 33 27
10391 22 31 213 26 20 1 18 27 29 34 33 27
10392 22 41 166 18 40 118 19 1 27 31 33 27
10393 22 31 353 24 32 63 22 27 32 26 33 27
10394 21 28 429 19 22 1 25 33 24 20 33 27
10395 21 24 280 20 30 1 22 32 23 3 33 27
10396 21 32 239 15 33 43 27 21 26 1 33 27
10397 22 29 213 27 28 1 24 1 23 21 33 27
10398 21 33 217 31 28 1 19 34 27 38 33 27
10399 21 35 162 26 29 68 25 37 29 26 33 27
10400 22 31 170 32 32 56 18 25 23 9 33 27
10401 21 37 639 31 36 5 25 23 28 36 33 27
10402 22 38 126 23 37 74 23 39 25 32 33 27
10403 21 36 247 18 39 1 20 24 38 22 33 27
10404 21 28 300 32 29 46 19 21 23 6 33 27
10405 21 27 630 11 30 18 27 30 30 5 33 27
10406 21 35 212 13 31 1 24 15 31 30 33 27
10407 21 26 170 29 26 1 25 1 24 1 33 27
10408 21 35 323 23 31 66 22 25 27 9 33 27
10409 21 27 218 26 19 4 20 33 29 23 33 27
10410 21 33 166 28 36 1 21 41 25 13 33 27
10411 21 33 95 20 25 55 22 18 27 7 33 27
10412 21 34 211 32 27 49 23 32 27 33 33 27
10413 21 33 151 40 31 77 23 27 30 23 33 27
10414 21 34 132 35 33 102 26 26 30 24 33 27
10415 21 34 406 18 38 64 24 25 24 10 33 27
10416 21 27 162 21 27 1 23 30 25 4 33 27
10417 21 30 298 36 28 1 16 32 17 29 33 27
10418 21 26 204 33 27 20 19 27 29 8 33 27
10419 22 33 187 35 32 57 23 29 23 14 33 27
10420 21 30 246 39 35 85 24 26 25 5 33 27
10421 22 25 185 14 27 6 21 22 20 6 33 27
10422 21 31 1080 20 27 1 25 31 29 9 33 27
10423 21 32 234 14 29 7 25 39 20 29 33 27
10424 21 29 181 27 16 3 20 26 26 30 33 27
10425 21 36 323 28 34 115 31 26 30 20 33 27
10426 21 32 135 34 28 1 18 28 26 27 33 27
10427 21 27 318 19 21 14 23 28 27 32 33 27
10428 22 29 92 12 30 1 26 25 29 24 33 27
10429 21 31 179 32 34 1 25 17 30 7 33 27
10430 21 22 87 31 26 1 22 5 24 1 32 27
10431 21 32 147 24 27 26 17 35 24 9 33 27
10432 21 29 212 23 15 16 23 29 28 29 33 27
10433 22 35 288 33 36 69 25 38 39 21 33 27
10434 21 35 217 29 29 53 22 30 23 18 33 27
10435 21 38 110 36 27 1 25 1 33 38 33 27
10436 21 28 254 24 26 60 21 36 21 16 33 27
10437 22 35 460 33 22 28 23 43 27 46 33 27
10438 22 33 297 25 32 45 25 20 32 14 33 27
10439 21 31 506 17 32 32 20 23 25 28 33 27
10440 21 29 179 26 18 1 25 24 29 24 33 27
10441 22 37 184 27 32 21 22 24 32 11 33 27
10442 22 27 191 26 25 1 26 37 26 27 33 27
10443 21 32 285 23 29 32 23 23 25 21 33 27
10444 22 32 199 32 25 1 19 29 29 33 34 27
10445 21 26 150 22 23 1 24 38 25 23 33 27
10446 21 25 167 29 22 8 28 34 25 12 33 27
10447 21 28 187 15 22 30 22 28 19 11 33 27
10448 21 35 301 19 27 101 20 24 26 37 33 27
10449 21 35 133 27 29 57 22 27 28 26 33 27
10450 21 32 111 26 30 24 23 34 26 14 33 27
10451 22 34 230 31 38 1 23 22 26 16 33 27
10452 21 32 276 26 26 71 25 46 35 25 33 27
10453 21 31 161 29 24 20 25 25 31 32 33 27
10454 22 33 301 19 39 68 22 21 21 1 33 27
10455 22 36 466 13 31 51 20 29 22 35 33 27
10456 21 32 187 29 28 26 21 30 22 30 33 27
10457 21 32 200 20 29 20 24 21 27 13 33 27
10458 22 32 116 36 29 1 17 29 31 32 33 27
10459 21 35 158 23 38 1 24 31 30 22 33 27
10460 21 41 426 18 32 1 14 33 20 31 33 27
10461 22 29 133 12 12 22 27 27 32 35 33 27
10462 21 35 105 30 29 68 20 25 31 8 33 27
10463 21 30 222 29 31 42 26 19 26 17 33 27
10464 21 30 183 14 36 42 26 28 27 1 33 27
10465 21 28 536 31 21 16 20 39 28 31 33 27
10466 22 34 278 39 21 27 22 30 25 43 33 27
10467 21 37 202 32 36 1 21 1 33 23 33 27
10468 21 33 107 11 28 1 19 42 23 33 33 27
10469 21 29 255 32 30 28 21 23 23 1 33 27
10470 21 38 386 29 40 51 23 31 21 18 33 27
10471 22 34 237 34 33 1 24 26 27 25 33 27
10472 21 36 169 16 34 1 21 30 21 37 33 27
10473 21 27 226 12 30 63 20 26 27 2 33 27
10474 21 32 150 22 34 72 21 26 25 8 33 27
10475 22 36 241 23 30 50 22 34 27 37 33 27
10476 22 29 210 26 25 1 20 39 22 17 33 27
10477 21 31 333 41 20 41 22 43 24 41 33 27
10478 22 30 185 26 27 1 26 1 36 7 33 27
10479 22 27 486 16 33 11 21 20 29 1 33 27
10480 21 30 265 27 33 59 23 31 27 9 33 27
10481 21 30 402 26 30 9 24 30 21 11 33 27
10482 22 28 172 13 23 6 20 1 17 15 33 27
10483 22 35 111 32 26 1 26 42 36 42 33 27
10484 21 32 1093 24 29 91 24 39 30 26 33 27
10485 22 32 608 12 28 1 21 39 28 29 33 27
10486 21 30 165 23 32 25 25 20 30 1 33 27
10487 21 31 127 22 33 1 23 17 26 23 33 27
10488 21 28 196 21 22 9 24 32 29 23 33 27
10489 21 30 404 34 26 1 27 47 30 14 33 27
10490 21 35 235 34 24 40 23 27 23 18 33 27
10491 21 26 209 23 22 4 22 30 27 27 33 27
10492 21 37 108 30 28 18 18 12 27 27 33 27
10493 21 31 159 39 29 16 25 1 34 19 33 27
10494 21 28 685 29 24 11 18 24 24 20 33 27
10495 21 31 530 17 32 42 19 26 24 12 33 27
10496 21 28 335 16 38 27 19 19 25 1 33 27
10497 22 31 383 38 27 1 22 45 33 34 33 27
10498 22 33 179 27 32 48 23 23 30 10 33 27
10499 22 37 145 27 34 1 21 34 23 36 33 27
10500 21 29 180 13 35 5 24 28 26 10 33 27
10501 21 32 278 31 35 46 23 23 33 12 33 27
10502 21 27 160 24 15 23 21 23 24 21 32 26
10503 21 29 100 21 30 1 23 27 26 7 33 27
10504 21 33 150 29 20 35 23 30 32 43 33 27
10505 22 26 157 22 25 22 22 36 36 13 33 27
10506 21 30 154 35 24 1 22 24 25 31 33 27
10507 21 29 184 21 40 1 22 20 28 1 33 27
10508 21 28 344 35 31 1 23 31 19 5 33 27
10509 21 34 116 26 19 33 22 28 24 36 33 27
10510 21 32 201 15 38 46 19 33 23 8 33 27
10511 21 29 164 14 37 1 18 22 18 1 33 27
10512 21 29 380 20 23 1 24 26 25 30 33 27
10513 22 33 166 17 33 1 26 24 32 8 33 27
10514 22 36 558 27 34 54 23 35 27 27 33 27
10515 30 40 1221 43 41 11 28 43 27 12 45 38
10516 22 36 283 21 25 1 25 24 28 38 33 27
10517 21 33 155 31 23 49 20 27 28 3 33 27
10518 22 36 204 19 42 1 23 36 28 23 33 27
10519 21 26 113 16 34 18 20 19 18 11 33 27
10520 21 31 214 29 29 1 21 36 27 29 33 27
10521 21 40 592 17 32 27 21 27 25 27 33 27
10522 21 32 161 16 19 13 21 21 26 38 33 27
10523 22 26 134 22 21 1 19 23 26 10 33 27
10524 22 33 296 21 30 1 21 37 22 26 33 27
10525 21 35 477 30 33 26 23 32 25 30 33 27
10526 21 34 2006 28 24 72 21 26 25 37 33 27
10527 21 30 871 13 30 29 23 18 25 18 33 27
10528 22 34 144 19 40 40 22 20 27 1 33 27
10529 21 30 336 37 28 53 18 19 25 24 33 27
10530 21 36 408 22 36 57 21 27 17 24 33 27
10531 22 35 385 34 34 1 23 27 32 15 33 27
10532 21 32 241 24 37 83 26 24 31 13 33 27
10533 21 29 243 28 30 1 22 25 31 11 33 27
10534 22 27 283 40 34 96 25 1 34 1 33 27
10535 21 32 104 27 26 36 25 25 28 27 33 27
10536 22 32 331 37 20 75 17 20 24 18 33 27
10537 21 34 225 22 40 53 27 23 24 4 33 27
10538 22 28 102 26 23 30 24 32 25 12 33 27
10539 21 29 132 36 26 1 24 36 25 13 33 27
10540 22 38 139 30 26 65 22 31 26 36 33 27
10541 21 30 154 23 18 84 17 29 21 22 33 27
10542 21 31 319 24 21 12 22 29 32 34 33 27
10543 22 27 542 37 22 47 18 50 39 12 33 27
10544 21 37 369 36 34 1 28 32 29 41 33 27
10545 21 34 195 20 35 72 24 28 24 1 33 27
10546 21 33 363 35 35 7 20 39 23 17 33 27
10547 22 38 111 37 36 1 20 40 33 43 33 27
10548 22 31 162 28 24 17 20 38 22 15 33 27
10549 21 35 188 26 38 1 27 22 33 21 33 27
10550 21 36 259 31 26 43 23 35 24 33 33 27
10551 21 27 223 27 31 27 19 23 29 1 32 27
10552 21 33 335 27 36 66 22 27 27 16 33 27
10553 21 30 178 30 29 1 24 33 35 1 33 27
10554 21 31 318 23 33 1 20 30 18 1 32 27
10555 22 32 381 22 34 1 20 21 30 19 33 27
10556 21 27 225 15 29 1 19 27 20 1 33 27
10557 22 33 328 36 29 80 20 1 22 23 33 27
10558 21 34 203 22 37 24 21 22 30 12 33 27
10559 21 31 164 22 31 62 24 26 18 15 33 27
10560 21 33 172 24 24 60 24 29 20 21 33 27
10561 21 30 344 29 23 31 23 28 27 25 33 27
10562 21 32 345 24 28 36 25 23 29 15 33 27
10563 21 25 270 27 28 36 21 19 23 5 33 27
10564 21 38 222 29 44 91 23 18 28 8 33 27
10565 21 38 327 27 36 1 21 26 25 34 33 27
10566 21 33 224 34 24 14 22 26 31 38 33 27
10567 21 38 140 43 23 65 26 34 30 45 33 27
10568 21 34 182 23 32 52 23 28 25 11 33 27
10569 21 33 331 22 29 1 23 22 32 37 33 27
10570 22 29 184 22 29 50 22 24 24 23 33 27
10571 22 34 91 25 23 55 22 31 26 35 33 27
10572 21 33 218 38 22 41 18 42 21 19 33 27
10573 21 29 155 23 33 11 29 53 29 13 33 27
10574 21 30 238 27 19 28 22 18 25 17 33 27
10575 21 31 369 17 26 56 20 24 27 10 33 27
10576 21 22 210 20 16 7 24 32 26 4 33 27
10577 22 32 171 28 29 1 30 19 42 32 33 27
10578 22 34 241 1 36 1 21 21 26 30 33 27
10579 21 32 206 29 22 2 25 21 26 19 33 27
10580 21 30 134 29 30 35 18 26 22 29 33 27
10581 21 29 804 40 19 1 21 38 28 31 33 27
10582 22 35 139 27 35 1 23 35 36 25 33 27
10583 21 29 268 29 30 37 23 28 27 1 33 27
10584 21 26 233 27 15 43 18 20 22 10 33 27
10585 22 33 188 4 35 30 19 36 20 27 33 27
10586 21 35 218 39 35 52 23 27 27 29 33 27
10587 21 35 237 23 35 1 19 28 29 14 33 27
10588 21 32 188 28 24 15 20 30 23 39 33 27
10589 21 30 362 32 30 36 21 32 23 13 33 27
10590 21 27 461 24 22 1 24 27 31 30 33 27
10591 22 32 98 34 17 1 23 41 24 51 33 27
10592 21 28 172 24 37 56 18 38 16 6 33 27
10593 21 33 152 13 29 1 21 26 26 34 33 27
10594 21 35 187 26 27 38 22 48 22 46 33 27
10595 22 29 505 33 33 1 21 1 27 9 33 27
10596 21 31 241 13 36 1 19 18 20 18 33 27
10597 21 29 438 31 25 1 19 35 25 19 33 27
10598 21 33 284 11 30 4 26 40 29 24 33 27
10599 21 35 213 40 29 1 24 32 33 38 33 27
10600 21 28 494 11 31 26 19 25 29 6 33 27
10601 21 28 174 23 23 50 26 32 34 1 32 26
10602 22 30 284 21 32 1 20 26 16 1 33 27
10603 21 29 142 18 34 51 24 12 21 1 32 27
10604 21 25 288 28 28 1 24 25 37 13 33 27
10605 22 28 113 19 35 1 21 26 26 1 33 27
10606 21 32 330 36 17 37 20 33 28 47 33 27
10607 21 30 119 31 26 22 22 36 19 24 33 27
10608 21 31 377 20 33 1 23 30 21 34 33 27
10609 21 30 142 37 24 58 24 30 28 14 33 27
10610 21 31 223 28 27 1 23 18 30 3 33 27
10611 21 32 362 19 21 10 22 38 23 31 33 27
10612 21 33 147 35 23 1 24 27 27 20 33 27
10613 21 36 271 33 23 97 22 36 29 34 33 27
10614 21 40 257 20 33 8 28 29 34 40 33 27
10615 21 31 420 21 21 12 20 31 21 37 33 27
10616 21 34 187 19 28 38 26 26 35 39 33 27
10617 21 30 101 26 22 1 18 30 20 19 33 27
10618 21 29 175 17 33 25 26 27 26 6 33 27
10619 22 26 118 20 34 1 25 22 28 5 33 27
10620 21 31 184 24 37 1 18 27 23 17 33 27
10621 21 24 143 19 21 53 16 15 21 1 32 27
10622 21 30 212 21 26 45 22 25 20 22 33 27
10623 21 28 305 27 20 1 23 45 22 35 33 27
10624 21 33 215 36 28 1 26 41 31 46 33 27
10625 21 29 180 29 35 1 23 21 34 15 33 27
10626 21 33 191 33 35 1 23 27 27 4 33 27
10627 21 27 576 41 27 1 25 33 28 7 33 27
10628 21 29 399 17 31 17 22 16 28 1 33 27
10629 21 30 150 20 35 1 19 26 28 1 33 27
10630 22 35 305 39 23 13 25 32 23 46 33 27
10631 21 35 203 22 23 1 20 36 23 50 33 27
10632 22 22 154 24 28 1 25 32 30 1 33 27
10633 21 30 136 23 34 53 21 16 30 14 33 27
10634 21 28 132 17 30 1 21 21 20 2 33 27
10635 21 22 614 33 27 1 21 18 21 5 33 26
10636 21 33 164 39 24 1 25 29 21 37 33 27
10637 22 32 569 29 31 1 24 29 24 34 33 27
10638 21 36 136 30 29 34 28 20 29 25 33 27
10639 21 30 183 21 32 1 22 27 24 18 33 27
10640 21 29 141 30 13 1 22 37 26 47 33 27
10641 21 27 181 20 28 20 24 27 28 1 33 27
10642 21 42 107 22 43 1 21 22 34 34 33 27
10643 21 28 221 16 24 1 20 36 25 33 33 27
10644 21 34 172 33 38 50 25 20 31 19 33 27
10645 21 28 90 32 33 25 26 22 27 13 33 27
10646 21 33 214 27 32 58 25 38 25 3 33 27
10647 21 21 187 25 7 9 22 18 24 1 32 27
10648 22 35 198 12 34 12 19 21 27 18 33 27
10649 21 37 200 32 34 1 19 24 31 31 33 27
10650 21 30 227 20 18 18 24 24 22 17 33 27
10651 21 34 152 22 37 69 22 24 29 2 33 27
10652 21 31 130 20 39 28 22 23 27 1 33 27
10653 21 36 882 5 35 29 21 27 29 46 33 27
10654 21 35 197 19 28 38 23 23 27 36 33 27
10655 21 28 657 38 20 50 22 35 31 20 33 27
10656 21 29 242 28 22 84 24 33 27 15 33 27
10657 22 35 132 22 29 1 24 38 24 30 33 27
10658 21 30 336 23 30 1 23 16 27 12 33 27
10659 22 34 435 21 31 39 25 20 32 24 33 27
10660 21 38 196 28 34 71 30 5 29 33 33 27
10661 21 28 304 16 26 62 24 28 28 8 33 27
10662 21 35 183 21 37 1 23 40 32 32 33 27
10663 21 25 159 18 24 1 24 23 23 14 33 27
10664 21 28 214 12 37 9 21 24 28 1 33 27
10665 21 32 595 36 28 66 22 28 20 10 33 27
10666 21 39 357 21 36 2 22 53 29 33 33 27
10667 21 33 376 19 22 1 28 30 25 41 33 27
10668 21 33 175 28 37 1 21 25 30 17 33 27
10669 21 35 412 33 36 39 24 27 27 22 33 27
10670 21 37 447 46 30 28 20 31 30 37 33 27
10671 21 36 556 34 37 35 20 28 23 23 33 27
10672 21 32 197 24 30 39 17 23 23 14 33 27
10673 22 31 175 22 23 1 46 42 22 45 33 27
10674 21 32 404 22 35 1 24 23 22 20 33 27
10675 22 35 328 31 27 1 20 30 27 30 33 27
10676 21 28 543 7 28 1 21 29 29 6 33 27
10677 22 25 132 10 31 35 26 24 32 1 33 27
10678 21 34 156 31 23 1 26 33 29 39 33 27
10679 21 29 310 31 26 1 24 29 25 42 33 27
10680 21 30 168 27 26 42 26 34 33 21 33 27
10681 21 31 363 14 24 13 22 31 29 26 33 27
10682 21 28 304 30 18 20 24 25 26 8 33 27
10683 22 28 260 20 27 1 23 29 32 1 33 27
10684 22 31 110 24 27 1 21 27 23 32 33 27
10685 22 35 212 33 32 1 24 31 29 36 33 27
10686 22 27 540 23 26 12 24 37 24 22 33 27
10687 21 26 134 17 23 4 22 29 25 17 33 27
10688 21 24 143 34 22 1 18 23 28 12 33 27
10689 21 36 416 30 31 96 27 34 26 22 33 27
10690 21 34 322 30 30 83 23 27 27 31 33 27
10691 21 26 332 19 28 29 20 36 33 9 33 27
10692 21 30 489 20 30 25 20 15 19 26 33 27
10693 21 29 182 31 25 44 20 34 26 22 33 27
10694 21 34 248 34 16 45 34 34 30 41 33 27
10695 22 31 274 28 21 15 20 20 31 12 33 27
10696 21 33 280 28 24 1 25 28 27 25 33 27
10697 21 29 130 23 27 45 19 20 31 16 33 27
10698 21 26 525 41 24 64 23 28 13 6 33 27
10699 22 32 428 13 31 51 25 22 29 15 33 27
10700 21 29 197 28 21 1 22 34 24 33 33 27
10701 22 31 198 25 30 64 24 39 29 14 33 27
10702 21 31 172 36 31 1 25 31 28 20 33 27
10703 21 35 110 14 39 84 24 28 26 4 33 27
10704 21 26 101 22 28 1 27 40 31 7 33 27
10705 21 30 552 24 28 65 24 24 26 3 33 27
10706 21 28 144 14 29 1 23 43 33 29 33 27
10707 21 32 158 18 34 1 23 31 24 28 33 27
10708 21 38 926 26 33 75 23 26 30 21 33 27
10709 21 23 79 34 26 1 25 29 31 3 33 27
10710 22 40 213 21 26 1 22 1 30 40 33 27
10711 22 37 246 26 41 47 22 26 31 18 33 27
10712 21 30 162 17 22 72 24 28 21 21 33 27
10713 21 32 266 25 28 20 24 27 22 30 33 27
10714 21 25 250 23 26 17 24 1 25 1 33 27
10715 22 38 374 24 29 41 20 23 24 25 33 27
10716 21 29 493 35 29 19 20 14 22 10 33 27
10717 21 33 139 24 19 30 26 35 27 37 33 27
10718 21 25 411 22 30 7 23 29 21 1 33 27
10719 21 29 153 17 33 1 20 21 30 26 33 27
10720 21 44 265 20 38 54 22 21 25 42 33 27
10721 22 31 206 20 27 1 24 33 39 15 33 27
10722 21 33 96 24 37 13 24 18 22 14 33 27
10723 21 31 292 31 32 1 23 32 20 19 33 27
10724 21 34 222 30 38 63 24 21 35 12 33 27
10725 21 32 384 25 30 1 19 1 23 27 33 27
10726 21 35 297 28 34 2 22 20 24 8 33 27
10727 21 26 195 17 32 68 27 25 28 10 33 27
10728 21 25 245 26 22 1 23 36 30 7 33 27
10729 21 30 186 30 25 1 21 27 24 33 33 27
10730 21 36 99 22 32 51 21 24 28 17 33 27
10731 21 30 131 16 21 27 23 28 36 25 33 27
10732 21 34 356 23 34 20 26 30 26 22 33 27
10733 22 34 490 24 28 25 21 25 22 14 33 27
10734 21 24 139 39 20 40 24 22 29 1 33 27
10735 21 33 541 40 24 37 26 32 29 35 33 27
10736 21 36 137 33 29 56 25 1 29 36 33 27
10737 21 36 158 16 38 1 27 35 37 13 33 27
10738 21 27 106 41 26 11 22 25 21 2 33 27
10739 21 23 241 18 26 16 22 22 29 10 33 27
10740 21 30 441 27 25 1 19 33 21 32 33 27
10741 21 36 207 32 33 22 26 29 33 20 33 27
10742 21 33 243 24 26 89 26 30 28 13 33 27
10743 21 35 141 34 29 48 23 26 31 26 33 27
10744 21 32 152 23 36 1 25 32 23 3 33 27
10745 22 31 108 28 23 32 23 33 25 16 33 27
10746 21 28 204 26 22 1 20 38 22 36 33 27
10747 21 30 114 18 23 29 23 1 27 23 33 27
10748 21 30 157 23 32 1 21 24 26 11 33 27
10749 21 27 243 41 29 48 24 24 32 27 33 27
10750 21 31 165 28 38 39 22 27 32 1 33 27
10751 21 30 157 27 25 1 26 31 19 32 33 27
10752 21 28 399 22 22 41 23 33 23 20 33 27
10753 21 30 214 33 21 1 21 34 26 31 33 27
10754 21 31 575 31 26 1 25 27 26 24 33 27
10755 21 34 168 27 36 16 23 35 28 7 33 27
10756 21 26 183 24 24 33 20 13 20 22 33 27
10757 21 32 110 39 32 1 25 33 31 31 33 27
10758 21 26 263 30 21 97 25 30 31 12 33 27
10759 21 34 178 27 32 1 27 38 31 22 33 27
10760 21 23 336 37 26 1 18 35 26 1 32 27
10761 21 29 146 30 17 1 18 27 21 35 33 27
10762 21 31 658 34 25 10 18 33 34 30 33 27
10763 21 38 153 39 28 43 21 28 28 36 33 27
10764 22 36 132 24 37 22 20 16 17 34 33 27
10765 21 31 164 28 36 103 26 20 31 7 33 27
10766 21 26 134 39 28 20 25 49 28 3 33 27
10767 21 34 114 38 24 85 22 25 22 33 33 27
10768 22 33 197 14 30 1 20 37 27 16 33 27
10769 21 41 153 17 38 19 25 22 15 33 33 27
10770 21 31 211 31 22 63 20 31 27 32 33 27
10771 21 27 231 41 29 14 28 28 27 1 33 27
10772 21 28 363 36 23 24 22 27 29 32 33 27
10773 21 30 300 27 36 45 25 24 24 15 33 27
10774 21 31 339 19 23 54 23 28 32 15 33 27
10775 21 30 180 24 27 47 25 37 31 18 33 27
10776 21 27 255 28 30 16 20 18 29 7 33 27
10777 21 27 233 29 31 24 21 16 25 14 33 27
10778 21 31 199 17 39 55 24 21 24 1 33 27
10779 21 30 355 17 24 54 22 23 32 10 33 26
10780 21 28 273 35 16 2 21 29 26 22 33 27
10781 21 31 155 35 27 1 22 31 24 36 33 27
10782 21 30 440 20 81 37 19 26 23 21 33 27
10783 21 38 131 39 28 48 23 34 34 30 33 27
10784 21 26 430 35 25 1 22 30 33 3 33 27
10785 21 31 180 17 27 55 23 29 26 17 33 27
10786 21 31 169 26 22 47 20 20 20 16 33 27
10787 21 32 243 25 21 1 21 27 24 38 33 27
10788 21 34 146 17 39 45 28 27 29 1 33 27
10789 22 36 161 21 31 64 24 29 24 25 33 27
10790 21 31 105 19 34 29 21 19 24 12 33 27
10791 21 29 240 15 33 6 22 22 20 6 33 27
10792 21 35 220 33 33 51 23 35 25 11 33 27
10793 21 27 268 27 23 7 21 13 25 4 33 27
10794 21 28 209 22 33 1 19 27 24 10 33 27
10795 21 36 234 37 26 92 24 27 28 39 33 27
10796 22 32 181 23 27 1 22 25 25 28 33 27
10797 21 31 98 26 19 26 22 23 28 12 33 27
10798 21 27 410 33 21 1 19 39 22 29 33 27
10799 21 29 96 28 25 26 21 38 25 18 33 27
10800 21 32 274 35 17 47 21 32 23 37 33 27
10801 21 25 172 13 26 1 22 23 23 18 33 27
10802 22 33 267 35 29 53 22 37 31 36 33 27
10803 21 36 177 34 31 21 20 1 28 23 33 27
10804 21 32 158 24 27 1 18 15 18 23 33 27
10805 22 31 381 20 27 58 22 21 28 1 33 27
10806 21 39 137 12 30 49 24 31 28 47 33 27
10807 21 23 160 30 18 41 26 28 28 1 33 27
10808 21 27 142 25 23 54 25 47 29 11 33 27
10809 21 24 110 39 18 48 23 23 30 13 33 27
10810 21 32 156 22 28 28 24 31 32 27 33 27
10811 21 30 204 35 17 32 26 41 25 38 33 27
10812 21 32 226 14 31 76 31 28 24 5 33 27
10813 22 30 137 30 38 8 21 30 27 13 33 27
10814 21 37 465 28 37 1 26 19 24 40 33 27
10815 22 34 218 26 28 82 20 12 23 21 33 27
10816 21 32 296 29 33 18 19 38 26 18 33 27
10817 21 37 406 22 43 95 26 19 34 21 33 27
10818 22 32 173 18 33 6 22 20 22 16 33 27
10819 21 23 209 26 28 52 20 28 27 1 32 27
10820 21 30 177 24 34 46 19 29 21 1 33 27
10821 21 33 93 33 28 12 21 30 23 22 33 27
10822 21 30 290 26 22 55 23 16 28 13 33 27
10823 21 34 94 15 36 1 23 25 25 35 33 27
10824 21 32 305 28 29 47 17 16 26 1 33 27
10825 21 25 141 10 29 1 20 25 21 1 33 27
10826 21 33 582 37 32 70 25 27 27 20 33 27
10827 22 29 341 26 12 1 25 31 30 44 33 27
10828 21 30 339 30 32 93 22 33 28 9 33 27
10829 21 38 319 28 34 1 20 19 27 29 33 27
10830 21 30 295 15 28 9 20 29 22 11 33 27
10831 21 38 138 31 36 57 22 23 25 16 33 27
10832 22 34 117 24 46 32 23 19 22 1 32 27
10833 22 30 294 35 23 78 19 40 23 25 33 27
10834 21 35 149 30 34 69 27 32 33 19 33 27
10835 21 26 176 33 22 11 24 35 29 9 33 27
10836 21 30 134 28 25 53 23 22 23 13 33 27
10837 21 36 132 14 33 61 23 19 30 19 33 27
10838 21 26 185 15 32 1 21 24 23 1 33 27
10839 21 29 82 20 27 3 15 21 22 11 33 27
10840 21 34 190 19 40 71 20 20 24 5 33 27
10841 21 28 143 27 25 46 20 21 25 19 33 27
10842 21 31 212 28 22 7 23 34 27 38 33 27
10843 21 33 99 23 36 40 24 26 23 6 33 27
10844 22 29 312 27 21 52 27 34 24 9 33 27
10845 21 31 225 25 31 53 20 24 22 5 33 27
10846 21 24 170 30 15 1 21 28 25 13 33 27
10847 21 31 207 30 32 98 16 26 23 4 33 27
10848 22 27 241 16 30 1 25 33 23 25 33 27
10849 21 34 155 22 35 38 23 24 29 8 33 27
10850 21 30 274 22 34 28 21 21 17 13 33 27
10851 21 30 227 27 28 86 25 23 27 9 33 27
10852 21 40 448 22 38 45 23 1 36 27 33 27
10853 22 33 132 31 16 34 26 33 26 34 33 27
10854 21 34 251 19 29 24 20 22 18 28 33 27
10855 21 29 234 30 27 30 32 28 32 16 33 27
10856 22 34 267 31 15 38 22 1 28 38 33 27
10857 21 32 186 23 19 19 25 28 27 40 33 27
10858 21 37 542 24 37 37 23 42 31 25 33 27
10859 21 29 558 36 22 12 25 33 24 38 33 27
10860 21 31 816 13 33 5 20 31 34 1 33 27
10861 21 33 142 22 40 62 21 19 25 1 33 27
10862 21 30 399 31 23 1 21 35 22 35 33 27
10863 21 33 239 31 29 77 24 32 20 19 33 27
10864 21 30 235 36 27 81 21 18 32 11 33 27
10865 22 33 222 32 28 69 20 24 22 17 33 27
10866 21 29 200 36 21 36 24 34 32 25 33 27
10867 22 35 193 25 31 46 25 31 29 26 33 27
10868 22 29 439 20 21 33 22 32 33 6 33 27
10869 22 32 196 24 29 1 22 31 21 26 33 27
10870 21 30 120 15 32 1 21 29 29 16 33 27
10871 21 32 180 36 32 27 22 29 27 26 33 27
10872 21 36 403 25 37 3 22 19 24 27 33 27
10873 21 41 220 26 39 1 26 22 27 27 33 27
10874 21 23 105 22 23 1 19 25 26 6 33 27
10875 21 33 229 27 24 40 28 37 30 32 33 27
10876 21 33 347 27 32 32 21 24 32 32 33 27
10877 21 30 173 29 32 1 18 26 26 2 33 27
10878 21 32 220 24 24 14 25 32 26 17 33 27
10879 29 39 736 36 37 1 37 32 33 34 42 36
10880 21 32 317 31 33 25 18 29 27 26 33 27
10881 21 27 155 14 34 1 19 21 23 1 33 27
10882 21 31 332 21 25 1 22 37 23 22 33 27
10883 21 30 187 17 27 47 18 11 20 14 33 27
10884 21 34 786 17 31 1 19 21 33 35 33 27
10885 22 33 155 28 30 1 20 1 20 23 33 27
10886 21 22 272 29 16 4 25 28 32 22 33 27
10887 21 27 226 29 21 84 21 25 23 17 33 27
10888 22 28 160 8 36 1 20 31 23 18 33 27
10889 21 31 179 28 38 33 22 26 31 11 33 27
10890 21 27 79 24 17 1 21 28 30 34 33 27
10891 21 32 227 31 21 4 25 34 24 46 33 27
10892 22 38 168 26 43 4 23 33 22 25 33 27
10893 21 26 141 19 28 1 29 29 26 13 33 27
10894 21 32 185 23 39 76 28 19 25 6 33 27
10895 21 32 197 35 18 33 26 32 29 43 33 27
10896 21 29 306 23 24 1 21 23 22 21 33 27
10897 21 29 154 22 22 29 23 31 25 30 33 27
10898 21 42 197 29 39 46 20 17 19 28 33 27
10899 22 35 200 19 35 58 27 35 28 32 33 27
10900 22 36 242 33 38 2 19 1 30 24 33 27
10901 22 37 926 30 34 99 20 1 16 16 33 27
10902 21 40 626 23 36 48 18 28 27 31 33 27
10903 22 33 107 21 40 4 22 24 30 17 33 27
10904 21 28 221 27 30 1 26 33 33 22 33 27
10905 21 26 429 34 26 1 22 1 32 18 33 27
10906 21 30 198 11 29 1 22 27 22 33 33 27
10907 22 32 215 25 27 44 25 19 24 18 33 27
10908 21 35 193 28 21 19 21 20 27 31 33 27
10909 21 38 728 28 30 12 24 38 33 19 33 27
10910 21 30 312 27 17 35 24 34 23 45 33 27
10911 21 31 144 20 34 45 24 19 29 4 33 27
10912 21 30 201 19 34 1 21 24 24 19 33 27
10913 21 37 117 27 29 97 23 29 23 33 33 27
10914 21 29 270 40 21 86 19 1 24 29 33 27
10915 21 32 470 22 27 2 23 30 28 26 33 27
10916 21 28 89 25 19 12 22 37 29 24 33 27
10917 21 34 219 21 35 5 22 20 23 10 33 27
10918 22 28 430 17 24 23 21 24 28 16 33 27
10919 22 30 161 14 27 5 20 17 20 21 33 27
10920 22 22 331 31 30 61 20 22 15 1 32 27
10921 22 39 308 30 42 107 19 31 22 15 33 27
10922 22 42 185 24 39 111 24 24 27 25 33 27
10923 21 35 136 30 28 31 24 35 36 33 33 27
10924 21 30 149 21 30 1 21 30 29 1 33 27
10925 21 33 200 27 28 11 20 30 29 38 33 27
10926 22 36 290 22 46 1 27 25 31 19 33 27
10927 21 31 159 21 37 54 25 18 21 1 33 27
10928 21 32 130 21 28 55 23 19 24 1 33 27
10929 21 28 800 31 18 53 22 26 26 25 33 27
10930 21 31 164 19 32 46 20 22 28 17 33 27
10931 21 35 225 22 32 1 20 6 23 32 33 27
10932 21 26 425 38 31 1 24 19 23 1 33 27
10933 21 23 254 39 14 11 24 33 26 29 33 27
10934 22 34 375 24 44 25 21 21 23 1 33 27
10935 22 28 166 20 30 1 21 21 27 12 33 27
10936 21 31 136 15 20 17 28 33 31 16 33 27
10937 21 27 127 32 24 1 20 29 22 13 33 27
10938 21 28 377 11 29 40 22 20 29 1 33 27
10939 21 31 240 35 22 54 22 35 22 24 33 27
10940 22 34 293 37 37 66 26 42 18 34 33 27
10941 22 31 1373 28 23 41 24 36 29 20 33 27
10942 21 29 337 25 32 1 20 1 31 13 33 27
10943 21 33 662 27 29 1 26 37 30 35 33 27
10944 22 35 96 27 27 63 25 27 18 25 33 27
10945 21 33 146 37 27 23 25 16 25 16 33 27
10946 21 37 326 45 31 1 21 37 23 54 33 27
10947 22 34 172 6 28 9 23 24 28 26 33 27
10948 21 28 182 19 34 24 19 32 26 1 33 27
10949 21 22 141 19 23 9 22 22 23 1 32 27
10950 21 39 146 25 34 1 21 32 25 39 33 27
10951 21 30 164 28 25 44 22 25 30 34 33 27
10952 21 37 248 28 33 110 24 29 33 15 33 27
10953 22 29 92 28 26 14 24 21 26 17 33 27
10954 21 29 106 30 35 20 21 39 20 10 33 27
10955 21 26 238 38 22 43 24 33 28 7 33 27
10956 21 27 465 10 33 5 20 20 32 1 33 27
10957 21 28 90 20 33 1 19 31 29 15 33 27
10958 22 41 408 30 34 59 22 40 29 38 33 27
10959 22 31 228 14 35 1 21 16 27 1 33 27
10960 21 28 868 22 33 10 20 28 33 8 33 27
10961 21 28 181 15 26 36 19 23 26 14 33 27
10962 21 33 94 22 31 1 23 27 29 28 33 27
10963 21 30 158 26 30 73 23 37 22 3 33 27
10964 21 36 237 37 29 1 19 37 27 40 33 27
10965 21 35 257 37 34 38 24 27 34 30 33 27
10966 22 35 163 25 32 29 24 26 27 31 33 27
10967 21 27 120 17 32 26 20 25 25 1 33 27
10968 21 32 436 22 29 1 19 13 26 20 33 27
10969 21 39 261 36 21 19 24 35 34 49 33 27
10970 22 34 179 31 30 88 24 32 28 29 34 27
10971 22 30 370 17 39 27 20 27 24 1 33 27
10972 21 30 300 34 33 1 18 25 24 13 33 27
10973 21 30 137 23 33 49 16 15 22 1 33 27
10974 22 33 151 25 27 10 20 1 32 28 33 27
10975 21 36 173 25 26 12 26 39 31 29 33 27
10976 21 27 346 26 34 1 20 38 22 11 33 27
10977 21 35 284 25 31 47 22 26 61 35 33 27
10978 22 30 239 35 19 29 26 41 25 40 33 27
10979 22 32 299 35 32 46 26 39 24 17 33 27
10980 21 35 146 24 42 91 20 14 22 1 32 26
10981 22 30 107 29 32 44 24 38 32 1 33 27
10982 21 29 85 28 28 39 22 21 22 3 33 27
10983 22 33 175 21 35 86 20 24 30 21 33 27
10984 21 33 244 29 27 48 23 29 30 39 33 27
10985 21 26 1028 13 24 7 23 22 29 16 33 27
10986 21 38 258 25 32 40 23 18 25 28 33 27
10987 22 33 396 32 22 44 23 29 25 26 33 27
10988 22 33 214 23 31 46 21 37 25 25 33 27
10989 22 30 182 21 38 1 18 1 29 17 33 27
10990 22 30 168 21 40 45 22 20 27 1 33 27
10991 21 28 297 30 21 1 23 28 27 29 33 26
10992 21 30 255 21 24 6 21 22 26 25 33 27
10993 21 31 226 28 26 1 26 34 38 28 33 27
10994 21 25 235 37 28 41 18 35 26 1 33 27
10995 21 41 379 20 37 76 22 18 24 29 33 27
10996 21 31 185 24 32 25 22 34 24 17 33 27
10997 21 26 332 29 33 43 18 21 19 1 33 27
10998 21 37 319 22 35 5 24 26 27 40 33 27
10999 21 40 206 35 30 100 25 27 24 35 33 27
11000 21 30 135 25 32 1 26 35 22 11 33 27
11001 21 33 502 16 26 3 20 25 22 21 33 27
11002 21 31 251 30 24 35 28 19 25 16 33 27
11003 21 27 225 36 18 15 23 18 27 9 33 27
11004 22 42 712 21 37 22 21 22 23 33 33 27
11005 21 30 254 23 24 9 19 33 25 20 33 27
11006 21 30 360 23 32 26 22 20 27 1 33 27
11007 21 37 179 14 35 18 22 20 25 21 33 27
11008 22 38 202 28 17 72 23 28 33 48 33 27
11009 21 35 126 38 26 5 26 27 31 39 33 27
11010 21 29 558 38 21 44 21 23 27 17 33 27
11011 21 31 99 27 32 17 18 30 28 19 33 27
11012 21 32 418 29 21 44 22 28 32 34 33 27
11013 21 38 158 44 27 1 25 31 20 49 33 27
11014 22 31 234 14 37 1 23 20 21 14 33 27
11015 21 30 206 28 19 44 24 41 32 24 33 27
11016 21 37 186 35 31 61 23 25 23 24 33 27
11017 21 26 136 24 30 9 21 26 20 1 33 27
11018 21 32 165 35 30 38 18 24 30 1 33 27
11019 21 35 200 20 30 35 29 39 32 40 33 27
11020 21 29 223 36 22 99 20 27 26 15 33 27
11021 22 31 165 21 31 1 24 28 24 35 33 27
11022 21 29 299 29 24 7 22 26 24 23 33 27
11023 21 25 279 23 27 1 21 46 18 27 33 27
11024 21 30 302 41 23 33 24 36 31 31 33 27
11025 21 29 88 29 15 33 22 31 29 35 33 27
11026 21 38 253 16 26 6 43 31 24 45 33 27
11027 22 31 399 30 27 69 23 28 23 19 33 27
11028 21 26 100 30 26 1 21 29 28 3 33 27
11029 22 29 170 16 31 1 20 23 24 1 33 27
11030 21 35 246 25 34 1 24 17 26 14 33 27
11031 21 24 166 17 26 55 25 24 24 2 33 27
11032 22 33 128 19 27 19 24 26 28 30 33 27
11033 21 30 126 35 16 1 24 30 37 31 33 27
11034 21 28 179 18 22 9 25 36 24 13 33 27
11035 21 33 180 29 30 4 24 28 25 45 33 27
11036 21 26 393 31 33 20 22 17 25 1 32 27
11037 21 38 113 20 29 27 23 1 22 43 33 27
11038 21 34 271 31 31 1 19 32 24 29 33 27
11039 21 26 166 25 16 26 21 26 29 36 33 27
11040 21 41 241 27 33 79 22 48 23 43 33 27
11041 21 32 166 22 30 51 23 18 16 20 33 27
11042 21 33 127 40 24 29 25 36 25 44 33 27
11043 21 33 407 18 34 69 24 25 27 9 33 27
11044 21 32 567 24 24 25 20 35 26 30 33 27
11045 21 32 379 20 31 40 25 17 27 24 33 27
11046 21 32 130 23 24 36 19 17 20 27 33 27
11047 21 35 185 28 28 1 20 28 26 27 33 27
11048 21 33 160 40 20 1 23 36 18 30 33 27
11049 21 30 313 18 34 1 23 31 27 5 33 27
11050 21 26 739 24 30 8 21 25 26 1 33 27
11051 21 39 206 30 38 1 22 17 26 32 33 27
11052 22 34 251 39 22 12 25 39 28 39 33 27
11053 21 27 266 25 24 1 16 36 18 30 33 27
11054 21 34 169 26 34 1 23 29 32 33 33 27
11055 21 29 457 20 31 7 27 34 26 19 33 27
11056 21 25 162 22 11 1 21 30 24 25 33 27
11057 22 36 155 19 25 67 19 1 32 21 33 27
11058 21 28 189 24 30 1 25 38 21 10 33 27
11059 21 32 187 22 36 42 18 18 25 5 33 27
11060 21 31 400 36 35 1 22 20 26 12 33 27
11061 21 35 743 19 36 1 24 28 24 28 33 27
11062 21 32 418 26 30 27 25 35 29 24 33 27
11063 21 34 168 34 33 2 24 28 22 30 33 27
11064 21 33 261 22 34 67 22 20 30 2 33 27
11065 21 35 223 29 34 1 19 25 24 7 33 27
11066 21 29 269 34 28 61 27 1 31 10 33 27
11067 21 30 195 27 22 14 23 36 26 32 33 27
11068 21 37 237 24 24 10 26 34 30 44 33 27
11069 21 27 101 9 34 27 25 22 27 1 33 27
11070 21 29 443 22 23 19 21 23 29 18 33 27
11071 22 29 942 31 25 16 22 29 29 17 33 27
11072 21 31 170 27 27 1 25 20 27 1 33 27
11073 21 25 211 21 31 41 22 22 28 1 33 27
11074 21 34 242 31 39 1 26 31 32 39 33 27
11075 22 26 1663 11 24 14 21 25 24 8 33 27
11076 21 27 319 24 36 1 24 7 35 6 33 27
11077 21 28 206 36 26 1 26 32 26 27 33 27
11078 21 32 234 41 28 58 27 19 29 16 33 27
11079 21 38 173 25 35 1 28 1 36 43 33 27
11080 21 25 160 33 23 1 26 27 26 16 33 27
11081 22 38 224 21 31 1 20 30 29 32 33 27
11082 21 25 152 26 15 41 24 25 21 1 32 27
11083 21 28 224 34 25 1 22 32 22 26 33 27
11084 21 30 511 33 22 26 22 28 20 28 33 27
11085 21 33 172 31 35 1 27 40 26 15 33 27
11086 21 29 168 17 28 53 22 20 19 1 32 27
11087 21 20 112 36 17 1 21 32 29 5 33 27
11088 21 32 356 24 27 20 23 16 25 31 33 27
11089 21 24 178 31 24 1 19 30 32 9 33 27
11090 21 28 142 6 30 1 17 14 26 1 33 27
11091 21 39 222 27 44 10 22 23 29 32 33 27
11092 21 28 279 33 34 1 21 44 28 1 33 27
11093 21 28 315 23 26 19 16 23 26 10 33 27
11094 21 31 403 16 24 1 20 27 21 36 33 27
11095 21 31 270 37 20 34 23 30 20 26 33 27
11096 22 32 186 31 39 85 24 27 21 6 33 27
11097 21 28 453 28 28 1 26 32 31 21 33 27
11098 22 35 435 32 29 49 22 29 20 29 33 27
11099 21 35 625 28 34 103 23 27 21 20 33 27
11100 21 31 187 31 25 53 20 26 26 26 33 27
11101 21 30 242 14 19 35 25 52 32 26 33 27
11102 21 30 117 34 20 24 21 38 26 35 33 27
11103 21 32 933 17 37 1 20 38 33 4 33 27
11104 21 31 304 13 32 23 19 18 31 16 33 27
11105 22 26 165 17 29 1 29 30 26 12 33 27
11106 21 34 304 26 34 84 18 16 19 6 33 27
11107 21 33 176 29 31 51 23 24 31 20 33 27
11108 21 30 206 28 21 1 20 36 23 17 33 27
11109 21 27 207 22 19 5 23 18 26 13 33 27
11110 21 37 192 18 27 3 25 22 32 30 33 27
11111 21 32 500 21 37 38 23 20 28 1 33 27
11112 22 23 297 35 16 32 20 27 26 1 33 27
11113 21 113 219 13 148 1 22 34 17 14 33 27
11114 22 34 1012 39 36 1 20 1 22 31 33 27
11115 21 28 181 17 31 1 22 28 22 5 33 27
11116 21 30 243 32 28 49 21 18 21 20 33 27
11117 21 31 146 20 29 1 25 21 23 21 33 27
11118 22 35 275 30 33 34 20 26 25 23 33 27
11119 21 33 119 33 23 1 25 43 21 46 33 27
11120 21 33 221 34 30 49 21 29 26 27 33 27
11121 22 38 228 30 26 15 23 1 40 39 33 27
11122 21 30 250 30 31 49 21 25 33 7 33 27
11123 21 29 230 27 29 9 17 26 18 12 33 27
11124 21 36 645 15 32 23 20 20 24 29 33 27
11125 21 38 203 25 31 54 25 24 32 26 33 27
11126 21 31 120 40 25 1 19 36 20 34 33 27
11127 21 34 400 34 23 1 24 24 28 37 33 27
11128 21 28 108 23 20 18 22 25 23 33 33 27
11129 21 33 116 21 31 35 24 23 28 13 33 27
11130 22 24 175 28 12 10 21 20 22 17 33 27
11131 21 29 185 17 26 34 20 31 29 24 33 27
11132 21 29 201 27 31 38 25 35 25 33 33 27
11133 21 27 132 27 33 35 24 36 23 1 33 27
11134 21 29 201 27 27 43 22 26 29 10 33 27
11135 22 30 200 25 31 1 24 31 22 29 33 27
11136 22 34 283 22 42 47 23 34 29 5 33 27
11137 21 34 340 29 35 33 21 17 25 24 33 27
11138 21 33 319 24 30 35 28 32 25 15 33 27
11139 21 32 164 19 34 63 15 25 13 15 33 27
11140 21 35 202 25 30 76 24 26 29 21 33 27
11141 21 31 293 22 24 21 28 31 25 24 33 27
11142 21 31 206 23 27 4 24 27 26 29 33 27
11143 21 31 246 32 30 67 24 26 24 4 33 27
11144 22 27 292 33 22 65 23 34 27 8 33 27
11145 21 26 79 23 24 39 26 20 25 4 33 27
11146 21 33 354 24 31 1 20 37 23 10 33 27
11147 21 31 387 16 31 2 22 26 23 4 33 27
11148 21 30 95 24 32 41 24 30 22 14 33 27
11149 21 31 248 18 33 1 18 32 34 38 33 27
11150 21 33 174 15 37 58 25 14 27 1 33 27
11151 21 27 590 36 22 7 22 24 24 8 33 27
11152 21 29 462 28 33 26 25 25 27 10 33 27
11153 21 34 270 20 29 57 20 25 25 17 33 27
11154 22 36 143 28 31 25 23 41 20 28 33 27
11155 21 28 123 24 37 1 24 37 25 3 33 27
11156 21 30 190 27 22 1 24 33 25 13 33 27
11157 22 27 283 34 22 15 23 23 33 17 33 27
11158 21 27 81 13 22 1 25 21 35 11 33 27
11159 21 34 162 23 31 75 26 34 28 17 33 27
11160 21 33 211 30 31 60 20 22 20 16 33 27
11161 22 32 187 22 26 72 23 29 22 34 33 27
11162 21 32 246 36 28 76 24 27 32 25 33 27
11163 21 30 203 17 27 42 22 27 32 18 33 27
11164 21 29 278 19 25 37 27 32 31 18 33 27
11165 22 29 435 22 23 19 21 48 24 21 33 27
11166 21 31 272 25 23 28 22 20 30 27 33 27
11167 22 34 180 21 29 66 23 21 24 18 33 27
11168 21 38 390 18 43 1 22 8 30 34 33 27
11169 21 30 98 32 33 8 21 22 25 2 33 27
11170 21 31 148 33 29 45 23 23 22 20 33 27
11171 22 32 178 16 30 1 21 28 28 19 33 27
11172 21 30 168 15 28 29 24 32 26 5 33 27
11173 21 31 166 12 34 60 28 26 27 5 33 27
11174 21 30 321 7 37 1 28 20 27 6 33 27
11175 21 36 303 27 34 23 24 29 36 26 33 27
11176 21 36 186 24 32 62 22 29 30 25 33 27
11177 21 33 258 18 34 3 18 17 20 20 33 27
11178 21 29 109 29 32 1 20 22 26 12 33 27
11179 22 29 176 31 20 1 21 40 27 37 33 27
11180 21 35 158 31 28 2 23 33 27 28 33 27
11181 21 34 195 14 32 15 22 22 34 17 33 27
11182 21 37 510 25 34 61 22 29 30 25 33 27
11183 21 27 197 12 29 33 24 26 27 1 33 27
11184 21 30 498 16 31 15 21 27 32 20 33 27
11185 21 33 204 35 31 60 20 19 21 21 33 27
11186 22 32 106 24 32 1 21 20 24 24 33 27
11187 21 32 160 24 37 1 20 17 27 22 33 27
11188 22 32 186 19 25 46 23 19 26 22 33 27
11189 21 28 103 31 28 30 25 50 28 15 33 27
11190 22 31 151 20 25 1 24 31 18 24 33 27
11191 21 26 224 19 22 18 23 18 29 1 33 27
11192 21 30 150 15 32 37 24 25 30 1 33 27
11193 21 29 98 25 31 1 22 29 24 13 33 27
11194 21 26 302 39 18 1 19 1 23 15 33 27
11195 21 33 132 43 25 5 22 33 27 35 33 27
11196 21 29 164 36 18 72 25 19 26 17 33 27
11197 21 30 188 19 27 86 23 26 29 7 33 27
11198 21 34 152 30 29 1 23 1 36 27 33 27
11199 21 34 229 30 28 74 25 29 25 15 33 27
11200 21 37 1591 178 29 47 38 35 30 37 33 27
11201 21 29 163 33 24 54 19 32 28 14 33 27
11202 21 30 181 11 32 23 21 25 28 7 33 27
11203 21 33 290 26 29 1 27 30 35 34 33 27
11204 21 34 262 24 37 22 18 31 28 34 33 27
11205 21 25 797 13 22 6 15 29 25 13 33 27
11206 21 32 193 27 26 13 24 13 26 15 33 27
11207 22 35 213 32 25 63 26 31 20 38 33 27
11208 21 38 170 42 25 51 20 25 26 41 33 27
11209 21 28 228 26 28 1 22 19 27 1 33 27
11210 22 35 206 18 29 53 25 20 29 20 33 27
11211 21 32 143 22 38 57 24 23 24 1 33 27
11212 22 31 130 21 28 74 23 31 22 9 33 27
11213 21 34 153 23 36 1 24 20 27 17 33 27
11214 21 35 175 24 42 36 23 23 23 3 33 27
11215 21 34 251 31 31 45 17 23 25 37 33 27
11216 22 35 172 27 34 40 23 28 34 20 33 27
11217 22 36 276 23 40 31 24 22 31 5 33 27
11218 22 33 159 34 21 1 22 37 32 44 33 27
11219 21 29 232 33 28 74 18 1 17 1 33 27
11220 21 33 237 16 38 38 23 29 25 4 33 27
11221 21 31 425 19 28 34 19 29 24 20 33 27
11222 21 34 523 30 29 41 21 25 29 17 33 27
11223 21 35 282 30 24 55 26 34 27 38 33 27
11224 21 32 314 36 24 55 25 41 29 29 33 27
11225 21 34 108 30 35 75 24 17 24 1 33 27
11226 22 31 131 34 25 23 24 37 36 17 33 27
11227 21 32 225 30 24 35 25 25 30 32 33 27
11228 22 38 106 28 39 104 27 19 31 1 33 27
11229 21 36 208 24 26 43 25 29 28 19 33 27
11230 21 31 155 26 16 24 23 29 26 40 33 27
11231 21 26 325 25 17 57 22 48 29 20 33 27
11232 21 34 150 26 23 3 23 26 30 29 33 27
11233 21 33 241 22 37 1 23 18 20 12 33 27
11234 21 32 118 14 29 3 21 18 23 18 33 27
11235 21 36 190 23 33 19 24 20 31 32 33 27
11236 21 36 200 19 38 78 23 20 21 16 33 27
11237 21 33 252 35 34 31 25 31 24 8 33 27
11238 21 24 178 31 22 1 19 25 27 4 33 27
11239 22 29 201 28 33 57 29 51 34 5 33 27
11240 21 36 211 25 31 12 20 20 24 27 33 26
11241 22 28 298 21 22 8 27 48 26 20 33 27
11242 21 31 259 30 27 1 20 29 25 34 33 27
11243 21 32 130 39 29 1 23 41 24 19 33 27
11244 21 29 362 13 33 78 22 26 24 1 33 27
11245 21 33 214 34 35 20 24 38 27 12 33 27
11246 21 31 193 28 28 32 25 29 30 24 33 27
11247 21 35 195 36 25 89 26 23 21 26 33 27
11248 21 29 205 32 29 1 26 30 34 9 33 27
11249 22 27 243 22 34 9 22 27 29 11 33 27
11250 21 23 490 28 24 25 22 21 27 10 33 27
11251 22 37 235 24 34 41 27 35 30 34 33 27
11252 21 33 201 27 26 45 23 25 27 9 33 27
11253 21 32 208 17 33 56 24 28 22 4 33 27
11254 21 31 127 11 31 81 22 22 28 5 33 27
11255 21 34 163 23 25 6 24 32 26 38 33 27
11256 21 30 226 23 35 1 21 21 26 11 33 27
11257 22 25 240 16 26 20 18 22 16 1 32 27
11258 22 36 182 25 43 51 26 20 25 10 33 27
11259 21 32 421 29 33 1 17 25 20 25 33 27
11260 21 36 193 34 32 1 23 36 26 43 33 27
11261 22 31 173 27 16 30 21 41 25 42 33 27
11262 21 22 101 25 30 21 27 23 23 2 33 27
11263 22 31 225 26 33 68 22 23 21 23 33 27
11264 21 39 210 23 50 1 24 37 33 10 33 27
11265 22 26 195 26 25 12 18 22 22 1 33 27
11266 22 31 188 21 32 3 25 37 23 20 33 27
11267 21 29 122 24 34 26 24 21 24 8 33 27
11268 22 36 106 31 28 69 22 28 28 14 33 27
11269 21 31 147 23 27 79 23 12 26 1 33 27
11270 21 37 463 18 47 7 23 24 24 12 32 27
11271 21 32 595 37 19 77 26 20 27 29 33 27
11272 21 29 228 29 33 70 24 22 22 1 33 27
11273 22 32 267 32 25 1 24 36 29 46 33 27
11274 21 25 80 22 25 1 23 34 29 17 32 27
11275 22 34 795 33 14 23 29 36 33 43 33 27
11276 21 29 296 25 27 1 24 38 24 35 33 27
11277 21 32 233 31 31 1 24 20 30 13 33 27
11278 22 36 108 21 36 29 23 35 27 14 33 27
11279 21 30 182 43 40 90 49 1 31 1 33 27
11280 21 30 289 32 24 58 20 22 23 16 33 27
11281 21 33 157 22 21 62 25 34 28 21 33 27
11282 21 33 269 21 33 40 24 25 28 8 33 27
11283 21 32 132 44 25 56 24 24 28 16 33 27
11284 21 30 586 34 26 50 23 24 28 9 33 27
11285 22 32 162 23 28 1 24 22 30 15 33 27
11286 21 32 402 20 27 42 23 32 23 37 33 27
11287 21 31 120 22 16 10 20 23 27 11 33 27
11288 21 27 198 25 25 1 21 18 35 6 33 27
11289 21 33 112 36 28 1 22 37 25 41 33 27
11290 21 27 152 27 34 1 18 29 21 4 32 26
11291 21 35 169 28 27 44 23 25 25 29 33 27
11292 21 31 248 34 35 83 18 25 24 13 33 27
11293 22 28 90 12 35 39 21 16 30 1 32 27
11294 21 30 227 15 38 55 26 14 26 1 32 27
11295 22 30 93 28 29 3 23 1 38 10 33 27
11296 22 29 532 26 29 1 20 20 26 26 33 27
11297 21 30 216 21 34 6 24 24 28 23 33 27
11298 21 33 256 25 38 85 25 28 20 4 33 27
11299 21 38 215 34 39 1 19 38 33 31 33 27
11300 21 33 438 21 35 1 22 30 27 17 33 27
11301 21 32 307 30 29 80 25 28 28 8 33 27
11302 21 28 588 25 22 71 20 19 33 9 33 27
11303 22 31 566 25 33 124 24 27 23 1 33 27
11304 21 31 211 36 20 22 22 38 23 45 33 27
11305 21 36 150 30 35 52 21 26 34 4 33 27
11306 21 30 139 27 35 45 21 20 20 16 33 27
11307 21 34 120 32 34 50 27 30 24 32 33 27
11308 21 25 130 30 10 27 23 29 33 28 33 27
11309 22 30 149 30 21 31 20 30 29 21 33 27
11310 22 31 123 28 21 1 21 33 27 45 33 27
11311 21 28 315 20 35 7 21 17 25 12 33 27
11312 21 32 147 19 35 50 21 31 23 22 33 27
11313 21 32 795 37 28 20 23 40 18 14 33 27
11314 21 29 91 24 27 1 18 30 25 33 33 27
11315 21 28 120 25 16 13 23 35 27 23 33 27
11316 21 32 148 26 30 1 26 24 36 25 33 27
11317 22 33 279 32 38 105 20 30 30 1 33 27
11318 21 27 255 28 19 39 22 23 24 28 33 27
11319 21 26 146 17 26 4 24 22 31 7 33 27
11320 21 35 404 21 30 29 24 23 26 35 33 27
11321 21 35 120 35 34 45 23 23 30 30 33 27
11322 22 31 89 33 29 69 22 1 27 20 33 27
11323 22 29 151 30 25 1 24 28 30 28 33 27
11324 21 36 320 26 25 25 25 22 23 26 33 27
11325 21 33 191 21 22 58 24 27 26 25 33 27
11326 21 38 249 25 30 21 18 31 29 31 33 27
11327 21 31 146 30 24 1 24 41 27 41 33 27
11328 21 27 193 22 26 18 25 23 28 13 33 27
11329 21 39 666 32 37 95 26 17 24 18 33 27
11330 21 28 1127 39 13 62 22 35 51 24 33 27
11331 21 30 239 41 36 1 21 21 22 1 33 27
11332 21 33 497 19 32 9 18 24 20 23 33 27
11333 21 30 191 26 32 61 23 28 23 1 33 27
11334 21 32 312 22 24 4 18 25 29 29 33 27
11335 22 28 246 19 22 1 22 23 35 7 33 27
11336 21 39 122 28 39 18 25 36 33 32 33 27
11337 21 30 151 24 21 89 16 26 25 1 33 27
11338 21 36 158 29 32 16 22 1 30 20 33 27
11339 21 30 305 33 27 1 24 27 25 41 33 27
11340 21 30 137 26 32 32 22 25 23 1 33 27
11341 21 34 172 40 22 20 26 40 29 41 33 27
11342 22 33 235 24 27 21 25 35 23 29 33 27
11343 21 41 154 10 41 31 24 20 24 24 33 27
11344 21 33 213 27 21 31 27 34 34 43 33 27
11345 21 27 199 14 35 1 20 18 28 2 33 27
11346 21 36 203 27 26 19 27 23 27 39 33 27
11347 21 31 124 39 34 20 21 23 31 14 33 27
11348 21 32 181 24 30 39 21 32 22 17 33 27
11349 21 35 148 31 23 45 24 44 23 22 33 27
11350 21 34 145 29 31 55 24 30 28 14 33 27
11351 21 25 127 7 31 1 20 17 31 1 33 27
11352 22 32 138 22 27 4 23 18 21 16 33 27
11353 21 34 137 24 26 47 17 40 19 19 33 27
11354 22 29 86 17 31 49 21 26 29 1 33 27
11355 21 37 585 32 33 73 20 39 25 22 33 27
11356 21 34 151 27 31 7 21 20 28 33 33 27
11357 21 27 146 27 24 5 25 21 32 21 33 27
11358 21 32 154 37 20 27 23 33 27 43 33 27
11359 21 36 338 29 36 54 22 23 32 5 33 27
11360 21 32 164 26 28 13 21 1 28 19 33 27
11361 22 35 198 34 30 83 25 24 25 36 33 27
11362 21 33 149 29 28 14 19 35 24 31 33 27
11363 21 26 191 20 30 1 20 1 28 1 33 27
11364 21 32 293 28 33 72 18 36 24 1 33 27
11365 21 33 168 31 23 59 21 25 27 41 33 27
11366 21 31 147 18 31 27 22 16 23 4 33 27
11367 21 34 160 28 28 1 22 29 28 30 33 27
11368 21 28 202 22 29 47 22 24 25 2 33 27
11369 21 29 192 33 27 1 29 36 25 24 33 27
11370 21 31 110 24 34 27 20 26 33 3 33 27
11371 21 37 209 24 36 51 22 27 31 14 33 27
11372 21 29 402 19 17 18 21 30 18 41 33 26
11373 21 26 215 28 25 1 20 19 24 4 33 27
11374 21 31 147 34 20 19 25 29 25 37 33 27
11375 21 22 145 19 23 1 17 9 28 9 33 27
11376 21 32 187 38 32 57 28 17 27 4 33 27
11377 22 30 148 20 28 55 28 30 28 4 33 27
11378 21 29 81 19 19 13 19 22 31 28 33 27
11379 22 31 157 28 20 31 21 25 31 23 33 27
11380 21 34 168 36 27 1 21 35 21 31 33 27
11381 21 36 482 44 30 41 28 26 34 21 33 27
11382 21 31 120 29 18 22 23 4 35 14 33 27
11383 21 31 101 22 29 1 19 20 26 21 33 27
11384 21 30 175 30 26 34 23 1 24 21 33 27
11385 21 36 141 24 32 67 24 47 28 38 33 27
11386 21 32 162 38 32 44 27 35 27 33 33 27
11387 22 34 182 21 31 24 24 16 23 4 33 27
11388 21 32 115 42 20 26 23 29 27 37 33 27
11389 22 29 364 15 32 6 19 26 29 1 33 27
11390 22 34 137 30 35 39 22 23 26 21 33 27
11391 21 31 382 29 29 1 22 38 25 37 33 27
11392 21 30 144 14 40 1 20 21 26 1 33 27
11393 22 34 126 16 25 6 29 30 30 37 33 27
11394 21 29 155 2 30 11 20 27 22 19 33 27
11395 21 31 263 37 30 59 24 26 25 12 33 27
11396 21 28 167 35 26 36 19 22 26 1 33 27
11397 21 29 1471 29 17 73 23 33 28 21 33 27
11398 21 38 128 34 23 70 25 34 26 45 33 27
11399 21 26 108 29 29 10 18 31 22 15 33 27
11400 21 37 1139 30 36 5 24 35 28 37 33 27
11401 21 33 97 32 26 4 23 25 23 28 33 27
11402 21 35 204 30 27 1 21 28 21 37 33 27
11403 21 31 94 35 30 24 24 29 22 35 33 27
11404 21 33 156 14 24 6 22 16 21 28 33 27
11405 21 29 97 33 35 12 23 25 25 16 33 27
11406 21 29 218 22 15 64 22 22 25 1 33 27
11407 21 28 152 27 35 2 25 31 29 1 33 27
11408 21 36 214 34 29 29 27 28 35 47 33 27
11409 21 31 125 26 29 31 27 25 27 9 33 27
11410 21 33 145 37 21 25 24 30 23 36 33 27
11411 21 32 396 29 30 39 20 31 22 19 33 27
11412 21 27 200 25 25 75 20 22 24 3 33 27
11413 21 25 240 31 30 1 21 23 20 1 33 27
11414 21 29 261 330 43 92 863 32 108 1 33 27
11415 21 35 331 30 26 1 22 27 30 39 33 27
11416 21 30 746 22 31 1 22 37 26 4 33 27
11417 21 30 137 32 25 5 18 18 22 27 33 27
11418 21 29 223 33 22 27 25 38 24 13 33 27
11419 22 31 330 19 29 60 21 27 28 1 33 27
11420 21 29 264 23 31 1 21 27 29 1 33 27
11421 22 37 168 6 37 1 29 22 26 34 33 27
11422 21 32 990 17 38 29 22 32 29 1 33 27
11423 21 31 357 27 34 26 20 44 28 10 33 27
11424 22 28 114 15 25 1 20 25 25 5 33 27
11425 21 37 168 15 36 1 18 27 30 30 33 27
11426 21 32 147 30 34 51 22 1 34 37 33 27
11427 21 32 157 29 28 24 26 24 26 18 33 27
11428 21 21 193 24 22 29 22 36 24 5 33 27
11429 22 29 140 35 23 73 20 16 25 12 33 27
11430 21 29 196 28 24 21 22 32 25 5 33 27
11431 21 31 175 34 34 1 26 28 30 4 33 27
11432 21 32 172 30 25 5 22 30 28 31 33 27
11433 21 37 340 33 36 46 25 26 31 39 33 27
11434 21 28 163 33 21 49 24 34 27 27 33 27
11435 22 36 142 20 42 69 24 15 29 1 33 27
11436 21 35 110 21 36 59 22 24 26 27 33 27
11437 21 31 170 32 20 65 24 35 28 36 33 27
11438 21 30 262 18 34 67 22 24 31 4 33 27
11439 21 31 119 28 26 17 24 31 29 13 33 27
11440 21 27 381 29 17 15 25 56 22 15 33 27
11441 21 33 178 23 36 27 21 21 25 1 33 27
11442 22 31 377 16 34 42 25 24 30 1 33 27
11443 22 26 155 22 24 58 22 24 27 1 32 27
11444 22 28 199 20 29 1 23 23 25 10 33 27
11445 21 28 386 15 31 23 24 41 28 9 33 27
11446 21 30 331 24 34 22 24 22 27 1 33 27
11447 21 30 91 32 30 6 20 17 29 14 33 27
11448 22 31 141 32 30 33 26 45 30 10 33 27
11449 21 32 95 29 18 23 20 26 15 31 33 27
11450 21 29 157 19 30 35 21 21 26 1 33 27
11451 21 25 190 9 26 54 19 21 25 1 33 27
11452 21 34 358 32 29 81 22 27 23 31 33 27
11453 21 32 128 18 27 35 23 28 24 27 33 27
11454 21 30 543 15 27 34 23 16 29 24 33 27
11455 21 31 91 17 27 22 18 25 28 18 33 27
11456 21 19 436 35 14 45 21 22 24 10 33 27
11457 21 34 234 25 25 62 20 24 24 19 33 27
11458 21 31 182 23 17 52 23 26 27 25 33 27
11459 21 29 238 12 38 1 24 16 25 23 33 27
11460 22 38 400 27 38 56 23 42 29 15 33 27
11461 22 37 179 21 32 1 24 25 30 40 33 27
11462 21 36 142 16 29 26 19 21 23 20 33 27
11463 21 27 268 16 24 33 21 29 31 21 33 27
11464 22 29 378 24 29 58 24 25 22 5 33 27
11465 21 32 220 26 32 20 23 32 26 18 33 27
11466 21 32 209 32 33 50 18 39 25 5 33 27
11467 22 41 126 37 38 56 18 1 33 30 33 27
11468 21 30 165 17 31 1 19 24 18 12 33 27
11469 22 34 198 26 32 1 22 23 29 14 33 27
11470 21 23 97 22 32 1 22 29 31 6 33 27
11471 21 34 220 29 29 1 21 27 29 25 33 27
11472 21 29 164 16 29 46 23 21 30 19 33 27
11473 21 32 186 17 37 10 29 47 28 24 33 27
11474 22 30 206 29 25 1 18 34 20 32 33 27
11475 21 32 456 17 26 1 23 26 29 18 33 27
11476 21 32 253 24 32 4 20 27 19 29 33 27
11477 21 34 149 38 32 56 27 14 29 2 33 27
11478 22 28 128 22 30 115 25 23 28 8 33 27
11479 21 28 234 31 20 38 20 26 28 12 33 27
11480 21 34 235 19 36 70 22 23 22 14 33 27
11481 21 37 189 29 20 58 22 23 26 27 33 27
11482 21 27 125 15 30 15 22 26 31 12 33 27
11483 22 30 247 23 29 1 23 30 24 29 33 27
11484 21 30 255 17 33 28 25 21 27 10 33 27
11485 21 29 133 33 17 11 26 30 30 19 33 27
11486 21 29 93 35 31 2 25 28 27 29 33 27
11487 21 25 304 32 21 3 25 30 23 19 33 27
11488 21 33 533 15 32 1 23 13 20 19 33 27
11489 21 32 95 28 32 42 18 25 22 20 33 27
11490 21 38 150 33 32 57 24 53 24 29 33 27
11491 22 29 169 14 33 62 24 21 25 1 33 27
11492 21 27 192 27 28 11 23 35 28 28 33 27
11493 21 22 92 38 9 26 20 29 27 16 33 27
11494 21 27 90 22 24 1 28 29 29 24 33 27
11495 21 35 232 27 38 63 25 39 28 22 33 27
11496 21 26 179 31 19 25 23 24 24 11 33 27
11497 21 38 179 26 40 32 23 19 28 35 33 27
11498 21 35 1078 25 37 1 22 31 24 35 33 27
11499 21 30 329 32 33 1 24 28 29 27 33 27
11500 22 35 294 33 40 21 25 31 32 4 33 27
11501 22 28 111 10 26 1 22 35 25 25 33 27
11502 21 27 268 13 27 60 22 31 21 4 33 27
11503 22 34 89 11 37 59 20 21 29 11 33 27
11504 21 30 316 29 34 1 18 33 28 9 33 27
11505 22 31 175 30 14 26 22 34 31 30 33 27
11506 22 31 142 29 28 54 23 34 26 27 33 27
11507 21 32 189 26 24 1 26 33 27 41 33 27
11508 22 27 539 32 34 8 26 34 30 1 33 27
11509 21 35 202 30 26 49 26 23 31 27 33 27
11510 21 31 126 36 25 38 22 33 29 26 33 27
11511 21 26 192 21 28 1 22 28 24 11 33 27
11512 21 34 171 22 40 9 25 27 24 17 33 27
11513 21 27 155 16 24 1 21 11 26 21 33 27
11514 22 27 113 40 27 49 20 20 25 1 33 27
11515 21 33 109 25 35 1 22 21 30 29 33 27
11516 22 34 267 27 33 18 27 25 28 27 33 27
11517 21 33 238 24 29 1 23 20 29 30 33 27
11518 22 29 235 26 29 90 19 31 23 14 33 27
11519 21 28 204 15 31 32 19 27 26 9 32 26
11520 21 30 209 24 28 10 22 29 23 25 33 27
11521 21 29 163 30 28 72 20 27 32 16 33 27
11522 21 42 142 33 30 74 27 28 27 31 33 27
11523 21 41 125 17 31 67 22 23 25 44 33 27
11524 21 27 243 20 28 1 19 24 26 8 33 27
11525 22 35 135 23 30 22 21 1 34 23 33 27
11526 22 28 144 28 16 17 23 32 31 28 33 27
11527 21 38 349 24 32 23 25 23 29 25 33 27
11528 21 30 177 18 26 1 19 26 17 35 33 27
11529 21 31 244 26 29 1 16 30 26 34 33 27
11530 21 28 134 15 33 24 24 27 29 5 33 27
11531 21 29 198 26 39 1 21 52 23 12 33 27
11532 21 26 316 37 19 1 22 26 33 12 33 27
11533 22 32 396 30 30 57 21 31 24 5 33 27
11534 21 30 154 13 33 1 23 27 26 18 33 27
11535 21 33 147 21 28 1 23 18 25 15 33 27
11536 21 34 148 29 38 32 23 23 23 7 33 27
11537 21 30 121 18 29 1 20 38 22 23 33 27
11538 22 30 142 20 27 1 22 36 22 12 33 27
11539 21 33 137 14 30 57 23 33 34 13 33 27
11540 22 30 207 30 31 38 21 17 25 4 33 27
11541 21 32 284 23 36 81 22 27 26 1 33 27
11542 21 33 196 28 31 43 23 28 26 13 33 27
11543 21 35 106 29 29 34 20 29 28 28 33 27
11544 21 32 185 34 33 1 25 34 25 28 33 27
11545 21 29 160 13 26 4 27 27 26 1 33 27
11546 21 29 221 29 25 40 24 25 28 11 33 27
11547 21 37 309 24 38 1 23 27 27 22 33 27
11548 21 31 337 25 25 44 20 26 25 21 33 27
11549 22 41 238 20 34 1 22 44 28 47 33 27
11550 21 31 165 23 38 69 18 24 23 1 33 27
11551 22 32 291 38 28 1 19 40 22 32 33 27
11552 22 26 237 24 31 1 19 1 31 1 33 27
11553 21 34 106 33 41 1 23 17 25 1 32 27
11554 21 35 171 20 29 37 23 35 26 18 33 27
11555 21 34 233 30 22 75 22 22 23 31 33 27
11556 21 35 266 32 30 69 24 28 26 22 33 27
11557 21 26 268 22 31 6 26 34 31 1 33 27
11558 22 37 108 22 30 58 21 26 20 26 33 27
11559 21 26 269 15 28 52 18 20 21 1 33 27
11560 21 35 170 38 27 2 24 33 26 46 33 27
11561 21 29 103 42 25 22 22 36 32 23 33 27
11562 21 30 608 19 32 42 23 25 25 1 33 27
11563 21 41 370 35 20 2 19 33 29 42 33 27
11564 22 37 522 26 30 74 24 24 26 26 33 27
11565 21 30 241 35 11 18 26 27 28 34 33 27
11566 21 36 172 23 37 105 22 29 24 4 33 27
11567 21 36 313 25 31 196 20 27 30 23 33 27
11568 21 29 319 32 22 39 20 34 22 12 33 27
11569 21 31 204 34 27 1 23 39 22 35 33 27
11570 21 30 374 21 26 8 20 40 32 38 33 27
11571 22 32 250 24 32 1 24 28 27 28 33 27
11572 21 29 147 41 29 1 25 20 28 1 33 27
11573 21 31 163 24 28 13 19 31 23 15 33 27
11574 21 30 213 22 29 99 24 24 26 13 33 27
11575 22 29 228 28 27 1 23 32 21 18 33 27
11576 21 28 96 24 30 5 24 19 25 1 33 27
11577 21 27 350 33 20 82 23 25 26 16 33 27
11578 21 32 175 20 35 40 26 26 25 4 33 27
11579 21 34 286 22 30 61 22 25 25 25 33 27
11580 21 37 114 22 38 25 24 17 29 28 33 27
11581 21 32 175 25 37 59 21 26 25 1 33 27
11582 21 28 277 35 28 1 22 30 29 8 33 27
11583 22 36 166 32 34 29 22 31 30 26 33 27
11584 21 27 134 17 23 27 18 27 23 12 33 27
11585 22 33 204 15 43 52 21 21 29 6 33 27
11586 21 32 234 21 38 1 24 34 27 18 33 27
11587 21 37 344 32 30 76 26 31 27 20 33 27
11588 21 31 143 20 30 12 21 21 22 15 33 27
11589 21 27 154 13 27 1 21 26 20 12 33 27
11590 21 25 240 26 22 19 25 27 21 1 33 27
11591 21 24 221 40 26 1 23 22 28 1 33 27
11592 22 25 175 24 23 4 25 37 25 13 33 27
11593 21 33 450 33 36 47 26 31 27 8 33 27
11594 21 29 361 35 23 1 16 29 22 12 33 27
11595 21 27 397 33 27 29 22 38 23 1 33 27
11596 21 32 264 34 24 1 25 31 22 49 33 27
11597 21 31 114 30 30 1 23 29 31 22 33 27
11598 21 25 147 14 28 18 24 31 34 8 33 27
11599 22 28 95 26 22 16 22 45 20 16 33 27
11600 21 32 182 23 27 33 22 23 25 15 33 27
11601 21 38 521 27 41 30 25 28 32 21 33 27
11602 21 31 160 34 24 1 23 44 25 43 33 27
11603 21 35 337 18 23 27 20 25 22 24 33 27
11604 21 25 552 28 36 25 23 22 21 1 33 27
11605 22 38 170 20 29 1 21 1 29 44 33 27
11606 21 28 96 27 25 1 23 30 28 23 33 27
11607 21 29 276 19 38 1 21 21 31 1 33 27
11608 22 32 204 31 20 9 22 48 23 49 33 27
11609 21 32 177 33 26 32 24 42 25 23 33 27
11610 21 38 151 26 37 57 27 36 26 25 33 27
11611 21 32 180 27 41 1 18 24 26 1 33 27
11612 21 38 144 32 37 31 32 27 28 28 33 27
11613 21 34 247 13 31 4 21 26 27 16 33 27
11614 21 28 294 27 32 1 23 45 18 3 33 27
11615 21 37 987 31 33 71 26 38 26 22 33 27
11616 21 31 93 25 34 13 26 16 26 18 33 27
11617 21 27 249 16 25 25 18 25 21 6 33 27
11618 21 30 763 31 16 1 23 35 27 43 33 27
11619 22 31 294 21 25 30 18 28 20 19 33 27
11620 21 29 161 15 26 1 20 21 24 3 33 27
11621 21 36 193 24 31 26 27 22 32 11 33 27
11622 21 31 189 29 31 51 23 42 29 11 33 27
11623 21 31 202 25 26 52 22 21 32 1 33 27
11624 22 35 181 27 36 1 21 27 21 28 33 27
11625 21 31 232 27 28 30 22 30 29 20 33 27
11626 22 34 253 26 33 113 26 30 25 15 33 27
11627 21 31 159 27 22 22 23 34 24 19 33 27
11628 21 32 113 16 31 1 21 18 27 11 33 27
11629 21 33 307 32 24 84 23 30 27 18 33 27
11630 22 34 241 28 32 75 19 23 29 12 33 27
11631 21 35 221 22 30 1 24 36 32 14 33 27
11632 21 36 161 44 28 1 25 28 27 48 33 27
11633 22 38 135 22 33 27 20 25 24 40 33 27
11634 21 37 191 26 31 45 28 32 35 41 33 27
11635 21 33 233 26 26 1 22 32 29 54 33 27
11636 22 35 534 25 32 56 24 18 34 18 33 27
11637 21 29 257 45 33 32 22 18 28 2 33 27
11638 21 32 115 15 24 32 19 26 26 12 33 27
11639 21 34 221 19 28 5 21 28 23 30 33 27
11640 22 30 146 35 25 1 20 41 28 46 34 27
11641 21 26 285 19 25 26 20 26 30 1 33 27
11642 21 34 138 31 34 1 19 42 20 41 33 27
11643 21 36 242 35 37 1 21 34 24 39 33 27
11644 21 37 147 22 33 17 23 40 24 37 33 27
11645 21 23 136 26 23 36 19 24 27 9 33 27
11646 21 31 187 19 34 22 22 18 23 1 33 27
11647 21 27 381 17 21 1 26 38 20 24 33 27
11648 21 35 299 26 41 68 20 18 26 1 33 27
11649 21 30 174 30 31 34 21 32 31 13 33 27
11650 21 32 686 19 33 1 21 24 24 15 33 27
11651 21 24 320 34 17 6 23 34 24 1 33 27
11652 21 28 286 25 19 1 22 20 23 13 33 27
11653 22 24 177 27 20 1 25 32 25 41 33 27
11654 21 32 198 15 24 14 22 20 31 24 33 27
11655 22 35 409 29 16 1 21 31 23 43 33 27
11656 21 29 877 18 29 39 21 28 25 1 33 27
11657 21 28 155 26 16 82 28 35 29 5 33 27
11658 21 35 227 28 38 1 23 17 25 15 33 27
11659 22 31 381 23 41 1 24 23 28 7 33 27
11660 21 29 652 17 35 23 21 28 28 1 33 27
11661 21 39 196 31 37 1 23 12 27 32 33 27
11662 22 32 368 32 24 63 22 31 27 1 33 27
11663 21 29 279 24 24 77 23 28 32 4 33 27
11664 21 31 330 11 31 23 22 23 27 1 33 27
11665 21 30 418 34 31 4 22 16 25 21 33 27
11666 21 31 326 30 22 1 23 26 29 42 33 27
11667 21 34 157 18 29 46 22 20 23 28 33 27
11668 21 26 221 13 31 1 25 45 27 2 33 27
11669 21 28 137 30 18 10 18 37 26 16 33 27
11670 21 28 119 19 25 10 25 24 22 13 33 27
11671 21 29 187 26 20 49 25 30 22 27 33 27
11672 21 30 136 18 35 1 26 26 36 1 33 27
11673 21 29 351 21 32 1 22 38 32 8 33 27
11674 21 25 176 41 28 1 21 32 27 1 33 27
11675 21 28 179 31 28 1 24 29 27 7 33 27
11676 21 28 265 24 29 80 25 40 23 17 33 27
11677 21 30 289 31 23 1 23 34 24 22 33 27
11678 22 36 596 33 41 42 24 25 33 1 33 27
11679 21 25 173 27 14 1 24 26 25 33 33 27
11680 22 33 282 27 30 30 19 24 30 13 33 27
11681 22 36 171 25 22 38 20 23 26 23 33 27
11682 22 28 472 19 34 67 23 18 28 1 33 27
11683 21 34 240 26 36 50 27 27 17 17 33 27
11684 21 39 309 26 45 65 20 19 30 7 33 27
11685 21 34 277 16 32 1 21 27 26 15 33 27
11686 21 32 356 26 22 53 22 33 24 35 33 27
11687 22 34 340 32 31 54 19 1 31 9 33 27
11688 21 34 182 40 29 76 18 24 31 21 33 27
11689 21 33 219 27 35 51 23 24 26 1 33 27
11690 21 31 242 43 19 32 22 46 20 31 33 27
11691 22 24 293 23 20 20 23 1 25 1 32 27
11692 21 25 219 23 18 9 20 17 23 2 33 27
11693 22 34 137 20 36 61 21 24 23 30 33 27
11694 21 27 344 33 34 1 18 23 21 2 33 27
11695 21 33 252 27 26 13 22 24 29 25 33 27
11696 22 30 189 23 21 49 23 29 24 34 33 27
11697 22 29 330 19 30 1 21 25 25 3 33 27
11698 22 35 161 25 41 1 26 33 19 21 33 27
11699 22 33 295 28 23 1 24 28 28 33 33 27
11700 22 35 108 25 26 33 20 19 24 25 33 27
11701 22 34 153 31 20 7 28 32 26 31 33 27
11702 21 39 202 29 26 92 25 22 38 41 33 27
11703 21 40 129 18 36 35 24 35 31 43 33 27
11704 22 29 207 15 32 44 21 19 26 12 33 27
11705 21 25 123 25 19 1 19 35 26 23 33 27
11706 21 36 115 33 36 65 25 29 24 32 33 27
11707 21 24 239 36 22 70 21 28 32 2 33 27
11708 21 31 143 21 42 38 20 25 30 1 33 27
11709 22 33 172 22 28 19 23 30 18 26 33 27
11710 21 33 131 22 35 1 23 26 27 18 33 27
11711 21 29 101 23 26 50 25 21 24 7 33 27
11712 21 30 179 25 21 33 25 26 30 15 33 27
11713 21 25 136 21 34 1 25 31 24 1 33 27
11714 22 33 303 33 26 63 20 26 24 29 33 27
11715 21 28 277 27 25 11 23 35 20 28 33 27
11716 21 38 239 29 40 1 22 21 26 28 33 27
11717 21 36 192 20 27 68 21 18 24 32 33 27
11718 21 34 326 35 22 93 20 26 22 25 33 27
11719 21 27 303 19 22 34 24 32 21 8 33 27
11720 21 23 122 13 22 1 21 24 28 1 33 27
11721 22 28 164 32 25 8 23 32 24 13 33 27
11722 21 29 174 29 25 1 20 28 24 22 33 27
11723 21 29 926 22 24 37 23 35 24 25 33 27
11724 21 37 459 22 40 41 34 25 24 18 33 27
11725 21 34 161 40 31 1 23 33 27 13 33 27
11726 21 24 281 24 27 1 20 23 22 1 33 27
11727 22 36 160 32 34 81 20 31 26 24 33 27
11728 22 32 81 22 30 37 22 1 28 16 33 27
11729 21 23 289 29 18 12 19 31 22 19 33 27
11730 21 32 140 23 38 21 23 1 25 21 33 27
11731 21 29 199 31 34 49 24 29 25 18 33 27
11732 22 34 266 24 9 16 24 38 29 31 33 27
11733 21 37 111 33 34 44 19 28 33 38 33 27
11734 21 37 177 24 30 82 20 46 28 33 33 27
11735 21 25 216 15 23 1 24 28 22 17 33 27
11736 21 25 101 37 22 28 21 30 27 14 33 27
11737 21 39 194 17 33 74 22 56 20 42 33 27
11738 21 32 141 28 33 36 17 20 26 5 33 27
11739 22 32 98 31 34 56 26 37 35 15 33 27
11740 21 30 235 21 30 1 18 23 19 19 33 27
11741 21 28 96 26 29 34 26 45 31 11 33 27
11742 21 33 253 26 29 1 17 26 24 27 33 27
11743 21 34 594 33 33 54 30 35 29 16 33 27
11744 21 30 265 21 18 1 18 20 27 24 33 27
11745 21 26 247 42 26 51 23 26 23 15 33 27
11746 21 29 215 33 27 1 20 21 25 14 33 27
11747 21 27 174 24 25 1 24 28 29 1 33 27
11748 21 36 261 10 29 39 21 34 31 18 33 27
11749 22 35 97 30 35 1 21 32 27 21 33 27
11750 21 29 195 39 37 49 19 1 29 1 33 27
11751 21 34 212 12 32 1 21 26 25 28 33 27
11752 21 28 216 22 29 1 20 1 25 11 32 27
11753 21 24 166 19 30 34 20 29 29 1 33 27
11754 21 33 159 32 28 1 25 31 24 30 33 27
11755 21 28 187 34 26 25 23 39 22 17 33 27
11756 21 35 201 36 28 1 18 25 26 34 33 27
11757 21 29 155 24 18 1 18 24 20 26 33 27
11758 22 42 139 21 36 32 28 34 27 53 33 27
11759 21 25 187 15 26 33 24 20 30 1 33 27
11760 21 30 395 32 31 31 28 40 30 28 33 27
11761 21 34 364 38 23 53 24 25 30 18 33 27
11762 21 34 191 18 31 11 23 25 24 22 33 27
11763 21 32 97 22 35 42 22 37 29 24 33 27
11764 21 30 149 22 27 17 23 21 24 1 33 27
11765 22 35 358 10 33 2 25 23 34 17 33 27
11766 21 36 154 26 31 94 23 1 36 36 33 27
11767 21 32 133 15 37 27 23 13 32 1 33 27
11768 21 32 221 20 31 108 23 25 23 7 33 27
11769 21 27 269 22 21 10 21 27 24 19 33 27
11770 21 32 180 25 33 91 21 27 26 6 33 27
11771 21 31 166 29 28 9 23 26 27 12 33 27
11772 21 30 282 24 33 48 19 15 25 12 33 27
11773 21 24 238 18 22 16 19 23 21 3 33 27
11774 21 30 163 25 27 72 24 22 29 18 33 27
11775 21 30 211 37 25 39 17 30 22 27 33 27
11776 21 33 304 28 31 25 24 36 29 15 33 27
11777 21 32 203 39 29 1 22 27 27 33 33 27
11778 21 36 211 26 42 57 25 25 24 10 33 27
11779 21 32 285 32 23 1 18 41 27 43 33 27
11780 21 33 347 24 30 1 23 27 27 18 33 27
11781 21 38 223 14 40 1 28 35 28 28 33 27
11782 21 29 485 37 32 8 25 42 29 7 33 27
11783 21 27 110 22 21 9 21 35 29 21 33 27
11784 21 31 329 39 23 78 21 23 27 17 33 27
11785 21 31 156 28 24 42 25 35 22 31 33 27
11786 21 32 309 15 38 9 23 29 25 13 33 27
11787 21 29 259 29 26 9 22 30 23 15 33 27
11788 21 33 178 22 20 7 22 25 28 29 33 27
11789 21 29 270 27 31 92 22 35 27 9 33 27
11790 21 35 147 34 28 1 28 23 31 19 33 27
11791 21 28 460 35 26 41 27 18 28 16 33 27
11792 21 30 85 19 23 37 23 27 28 26 33 27
11793 22 32 192 24 25 28 23 34 25 30 33 27
11794 22 28 201 30 28 1 23 32 27 10 33 27
11795 21 30 169 36 29 27 21 31 23 25 33 27
11796 21 32 179 25 36 39 25 29 25 11 33 27
11797 21 36 120 32 29 93 19 27 29 29 33 27
11798 21 26 77 14 32 6 28 26 29 3 33 27
11799 22 30 111 21 31 62 20 26 21 3 33 27
11800 21 26 184 22 26 1 23 14 31 3 33 27
11801 21 30 286 17 22 30 24 19 26 19 33 27
11802 21 27 147 23 29 63 25 23 32 6 33 27
11803 21 33 715 21 27 10 19 34 27 31 33 27
11804 21 31 235 27 28 9 26 25 33 13 33 27
11805 21 35 237 35 25 13 24 29 28 45 33 27
11806 22 30 155 26 26 1 28 35 17 33 33 27
11807 21 37 204 27 32 96 22 24 27 31 33 27
11808 21 35 396 22 36 42 26 28 25 15 33 27
11809 21 27 255 34 21 19 22 32 26 30 33 27
11810 21 32 204 29 30 109 28 28 22 18 33 27
11811 21 30 505 22 29 15 22 37 22 26 33 27
11812 21 23 171 40 7 11 24 23 27 1 33 27
11813 21 27 155 29 25 8 20 38 27 23 33 27
11814 21 32 187 39 24 1 24 34 29 42 33 27
11815 21 34 470 22 38 49 25 12 32 1 33 27
11816 21 31 173 34 20 1 23 29 31 36 33 27
11817 22 33 97 32 27 36 20 32 27 44 33 27
11818 21 31 307 16 36 1 23 28 26 1 33 27
11819 21 23 98 32 23 32 23 18 23 1 33 27
11820 21 31 394 30 18 1 22 36 26 38 33 27
11821 21 40 163 28 35 56 23 21 26 25 33 27
11822 21 37 507 32 34 110 24 24 28 30 33 27
11823 21 30 182 20 32 37 22 22 28 15 33 27
11824 21 31 374 24 30 59 19 28 25 10 33 27
11825 22 32 153 17 34 78 22 17 28 1 33 27
11826 21 33 197 23 38 67 23 25 26 1 33 27
11827 21 33 258 36 34 7 27 36 26 34 33 27
11828 21 31 417 39 24 18 23 32 27 31 33 27
11829 22 26 143 31 14 1 22 43 24 32 33 27
11830 22 36 188 27 37 1 24 19 27 23 33 27
11831 21 25 103 18 25 1 23 32 25 29 33 27
11832 21 32 257 23 33 1 22 27 22 24 33 27
11833 22 30 494 24 27 3 24 26 33 10 33 27
11834 21 37 208 35 32 54 28 32 28 33 33 27
11835 21 24 960 25 16 13 24 43 31 33 33 27
11836 21 29 104 37 20 43 17 28 19 31 33 27
11837 21 26 117 13 28 76 24 29 38 9 33 27
11838 21 33 269 13 46 1 24 29 23 16 33 27
11839 21 26 98 18 19 18 23 48 22 3 33 27
11840 21 29 559 18 23 3 24 37 29 21 33 27
11841 21 31 177 23 31 1 21 33 21 18 33 27
11842 21 36 357 26 31 1 26 32 26 41 33 27
11843 21 32 202 34 15 44 23 26 26 42 33 27
11844 21 29 229 20 26 23 22 19 23 19 33 27
11845 21 33 170 39 34 92 22 25 30 5 33 27
11846 22 29 334 38 22 98 17 1 27 1 33 27
11847 21 31 203 17 29 1 22 7 29 5 33 27
11848 21 32 116 41 22 30 18 28 22 38 33 27
11849 22 34 161 20 30 1 20 24 34 34 33 27
11850 21 27 250 26 30 15 21 18 25 1 33 27
11851 22 28 208 28 17 4 26 36 26 34 33 27
11852 21 36 232 29 32 101 25 22 24 21 33 27
11853 21 25 216 23 27 1 20 22 22 6 33 27
11854 21 29 448 24 34 1 27 25 27 3 33 27
11855 22 37 192 11 36 1 19 19 30 49 33 27
11856 21 32 99 28 26 88 19 13 26 23 33 27
11857 21 36 501 24 38 50 18 28 29 14 33 27
11858 21 29 229 32 24 1 22 38 18 28 33 27
11859 21 38 247 25 31 40 70 1 36 34 33 27
11860 21 33 107 19 35 13 19 24 28 5 33 27
11861 21 27 127 31 23 1 21 29 22 24 33 27
11862 21 27 323 19 29 34 24 42 27 9 33 27
11863 21 28 297 33 25 78 18 37 24 1 33 27
11864 21 30 143 42 35 33 22 20 25 1 32 27
11865 21 31 211 22 24 66 29 29 35 29 33 27
11866 21 37 114 37 41 48 25 40 32 35 33 27
11867 21 31 276 29 14 13 27 37 20 52 33 27
11868 21 31 392 23 25 7 22 17 36 19 33 27
11869 22 36 176 27 40 1 30 29 31 24 33 27
11870 21 30 712 22 21 34 20 33 20 21 33 27
11871 21 35 382 31 31 59 25 28 29 23 33 27
11872 21 29 309 36 16 27 23 34 27 35 33 27
11873 21 32 148 19 37 18 24 25 21 15 33 27
11874 21 30 164 26 34 1 24 17 20 11 33 27
11875 21 38 252 26 28 70 26 37 31 20 33 27
11876 22 32 252 35 22 1 18 33 28 26 33 27
11877 21 34 193 25 21 14 25 36 27 41 33 27
11878 21 26 234 31 16 13 23 35 30 22 33 27
11879 21 33 141 21 33 24 25 21 26 6 33 27
11880 21 32 149 27 26 1 24 31 27 44 33 27
11881 22 29 334 20 32 70 24 17 32 1 33 27
11882 21 31 365 36 22 28 23 30 36 30 33 27
11883 21 29 286 30 21 14 26 16 28 5 33 27
11884 21 31 332 32 26 1 28 32 24 45 33 27
11885 21 29 97 25 23 57 23 26 26 11 33 27
11886 21 25 152 19 34 5 25 21 24 1 33 27
11887 21 112 183 27 20 1 19 32 27 15 33 27
11888 21 27 96 24 31 1 21 18 27 2 33 27
11889 21 28 335 24 26 20 23 18 25 22 33 27
11890 21 32 663 38 28 43 30 1 30 10 33 27
11891 21 29 114 34 23 59 21 34 25 39 33 27
11892 21 28 210 32 13 3 22 35 27 25 33 27
11893 22 35 312 20 35 1 25 42 27 30 33 27
11894 21 27 163 29 28 1 21 28 28 4 33 27
11895 21 28 199 15 28 3 25 18 28 1 33 27
11896 21 36 307 29 28 61 27 28 31 25 33 27
11897 21 28 241 22 21 46 25 21 19 1 33 27
11898 22 35 195 24 42 56 18 16 27 1 33 27
11899 21 34 295 33 31 14 27 20 28 24 33 27
11900 21 31 397 19 30 38 21 25 22 14 33 27
11901 21 28 254 26 26 35 24 36 26 22 33 27
11902 21 30 172 16 32 72 19 19 27 12 33 27
11903 21 30 371 33 21 14 22 34 23 34 33 27
11904 21 34 159 32 24 52 20 36 26 36 33 27
11905 22 36 194 24 38 1 22 21 22 24 33 27
11906 21 35 292 26 27 19 27 26 28 34 33 27
11907 21 31 204 30 25 47 23 36 23 22 33 27
11908 21 31 1115 20 32 23 23 22 27 22 33 27
11909 21 28 667 17 27 32 25 22 33 1 33 27
11910 22 30 120 35 31 71 25 27 38 15 33 27
11911 21 31 218 27 30 2 23 43 25 25 33 27
11912 22 31 250 14 34 1 18 29 23 1 33 27
11913 21 30 562 35 30 1 21 48 22 20 33 27
11914 21 36 179 19 34 32 21 19 27 1 33 27
11915 22 31 225 39 18 3 19 28 21 34 33 27
11916 21 37 108 27 26 49 25 39 22 40 33 27
11917 21 32 220 30 32 1 26 31 22 11 33 27
11918 22 33 283 22 33 21 22 34 27 14 33 27
11919 21 42 288 37 28 82 27 1 37 43 33 27
11920 21 27 203 24 20 28 23 25 29 36 33 27
11921 22 34 167 16 28 51 22 20 24 2 33 27
11922 21 35 109 25 31 21 29 31 32 28 33 27
11923 21 29 126 22 32 49 22 28 34 1 33 27
11924 21 27 211 24 33 1 24 19 30 17 33 27
11925 21 31 492 29 32 56 16 33 22 2 33 27
11926 21 34 158 34 23 1 23 36 35 44 33 27
11927 21 35 389 26 34 49 20 24 26 6 33 27
11928 21 34 193 26 26 1 22 23 23 26 33 27
11929 21 30 122 24 31 2 27 30 27 33 33 27
11930 21 32 261 14 29 12 22 1 26 19 33 27
11931 21 29 231 30 26 49 19 19 23 7 33 27
11932 21 32 325 16 25 1 25 19 36 24 33 27
11933 21 34 134 18 38 81 21 15 13 30 33 26
11934 22 33 204 20 29 40 26 23 28 1 33 27
11935 21 29 290 17 19 14 26 30 29 33 33 27
11936 22 27 313 27 23 22 21 28 20 7 33 27
11937 21 31 148 25 22 31 20 31 27 20 33 27
11938 21 38 352 25 36 38 24 30 27 27 33 27
11939 21 26 197 19 29 41 24 22 28 8 33 27
11940 21 30 946 33 25 14 26 36 24 38 33 27
11941 21 33 184 22 31 65 18 26 12 15 33 27
11942 21 32 190 32 20 35 23 26 26 29 33 27
11943 21 28 155 40 19 1 19 7 29 30 33 27
11944 21 38 111 31 34 1 27 28 26 35 33 27
11945 21 34 568 28 18 1 20 39 27 51 33 27
11946 21 41 117 32 30 1 26 17 32 37 33 27
11947 21 34 366 25 30 1 18 38 27 3 33 27
11948 21 32 149 24 39 24 28 28 25 4 33 27
11949 21 30 163 32 26 3 22 28 29 5 33 27
11950 21 37 782 39 26 64 25 33 27 37 33 27
11951 21 28 232 24 29 1 28 45 33 7 33 27
11952 22 28 116 31 22 89 21 29 23 12 33 27
11953 22 28 138 16 26 35 18 14 27 1 33 27
11954 21 30 204 23 29 17 20 27 27 12 33 27
11955 22 28 464 9 36 31 23 21 31 1 33 27
11956 21 31 116 34 22 17 23 37 21 41 33 27
11957 21 32 217 29 25 3 19 18 27 31 33 27
11958 21 30 199 25 34 5 21 21 26 9 33 27
11959 21 28 367 20 30 1 24 23 26 20 33 27
11960 21 25 275 30 23 1 24 26 31 11 33 27
11961 21 29 205 10 33 42 17 39 21 30 33 27
11962 21 27 241 24 27 1 19 26 28 9 33 27
11963 22 30 318 31 36 35 21 40 23 2 33 27
11964 21 29 139 28 25 35 17 31 20 8 33 27
11965 21 34 491 27 33 53 24 27 26 15 33 27
11966 21 31 555 31 18 13 27 35 24 37 33 27
11967 21 31 130 26 21 25 22 39 23 30 33 27
11968 21 31 325 23 29 13 25 23 30 6 33 27
11969 22 32 164 34 33 42 20 48 24 12 33 27
11970 22 28 167 24 19 1 21 33 23 25 33 27
11971 21 30 181 37 30 1 20 34 26 10 33 27
11972 21 33 447 24 22 7 23 21 29 11 33 27
11973 22 40 303 12 43 1 19 40 23 51 33 27
11974 21 33 182 21 39 1 23 24 30 12 33 27
11975 21 32 297 31 36 1 20 18 21 25 33 27
11976 21 34 161 32 30 1 23 34 25 33 33 27
11977 22 35 218 7 31 1 15 1 22 19 33 27
11978 21 32 371 28 34 1 31 21 28 6 33 27
11979 21 39 272 15 29 78 21 55 21 35 33 27
11980 22 36 149 28 36 31 21 24 22 27 33 27
11981 21 34 339 16 25 1 19 19 27 33 33 27
11982 21 29 273 35 34 1 16 26 20 1 33 27
11983 21 31 143 24 29 18 27 26 23 18 33 27
11984 22 34 308 31 30 1 22 24 29 18 33 27
11985 22 35 244 25 32 75 27 30 27 13 33 27
11986 21 40 411 15 35 53 21 29 25 48 33 27
11987 21 33 147 32 22 1 21 36 27 36 33 27
11988 21 27 292 23 25 1 21 28 28 16 33 27
11989 21 35 175 21 25 21 23 27 24 21 33 27
11990 22 37 153 23 28 90 20 32 22 25 33 27
11991 21 30 825 17 33 14 18 39 28 4 33 27
11992 22 33 267 39 25 4 19 36 26 33 33 27
11993 21 32 273 27 30 1 26 30 28 24 33 27
11994 21 30 295 22 28 52 21 19 26 22 33 27
11995 30 34 335 28 35 69 30 39 42 5 44 38
11996 21 35 243 36 25 3 28 31 25 44 33 27
11997 22 35 162 29 34 56 25 20 30 8 33 27
11998 21 20 183 34 22 3 24 38 31 1 33 27
11999 21 36 273 31 44 1 17 29 29 1 33 27
12000 22 34 244 21 35 39 24 37 26 16 33 27
12001 21 28 142 24 24 1 22 35 26 32 33 27
12002 21 31 554 27 29 1 19 1 32 29 33 27
12003 21 31 187 29 23 1 19 20 18 21 33 27
12004 21 32 96 17 29 25 19 16 21 19 33 27
12005 21 34 259 18 32 42 23 27 25 4 33 27
12006 22 32 759 23 36 62 22 34 27 3 33 27
12007 22 32 205 35 23 1 24 40 25 47 33 27
12008 22 32 205 30 26 70 25 38 14 13 33 27
12009 22 27 152 43 29 1 24 26 27 5 33 27
12010 21 29 420 30 25 12 21 21 33 21 33 27
12011 22 25 226 15 24 34 26 32 29 5 33 27
12012 21 35 133 35 22 56 23 30 25 46 33 27
12013 21 31 310 19 37 78 24 14 24 1 33 27
12014 22 34 223 26 42 6 15 19 25 1 33 27
12015 36 47 505 38 41 30 42 46 41 15 51 44
12016 21 35 119 33 40 49 20 33 31 30 33 27
12017 21 21 241 27 14 1 22 29 23 8 33 27
12018 21 30 448 35 25 1 22 28 23 19 33 27
12019 21 20 166 16 20 15 19 21 27 1 33 27
12020 21 38 208 17 41 1 19 21 22 31 33 27
12021 21 30 397 21 34 1 26 29 29 11 33 27
12022 21 31 199 22 30 38 21 30 28 4 33 27
12023 21 31 110 32 18 1 22 33 19 28 33 27
12024 21 36 293 23 35 51 23 49 25 34 33 27
12025 21 34 322 30 37 86 24 20 27 1 33 27
12026 21 32 988 28 34 1 20 26 26 4 33 27
12027 21 29 416 37 25 47 22 17 25 1 33 27
12028 21 32 222 23 35 47 23 28 22 9 33 27
12029 21 30 274 17 28 37 21 21 26 4 33 27
12030 22 30 96 20 15 20 24 27 32 28 33 27
12031 21 30 96 27 35 70 24 24 31 12 33 27
12032 21 37 411 26 27 49 24 24 24 33 33 27
12033 21 34 390 20 32 16 21 19 24 31 33 27
12034 21 28 165 33 23 1 26 29 26 10 33 27
12035 22 33 489 27 35 78 24 26 25 7 33 27
12036 21 32 231 18 28 24 20 22 25 23 33 27
12037 21 29 287 23 18 1 20 21 23 23 33 27
12038 21 34 218 52 29 1 24 35 28 34 33 27
12039 21 31 186 41 17 44 22 31 25 39 33 27
12040 22 36 1126 26 28 55 19 38 16 36 33 27
12041 21 29 195 26 34 49 27 26 27 4 33 27
12042 21 28 192 11 30 3 26 21 36 15 33 27
12043 21 27 226 29 13 5 21 30 24 32 33 27
12044 21 30 109 24 24 1 21 28 29 28 33 27
12045 21 31 339 25 29 83 25 52 26 16 33 27
12046 21 33 156 17 39 1 21 33 25 8 33 27
12047 21 30 209 27 33 1 22 29 24 16 33 27
12048 22 34 491 31 28 39 23 35 30 24 33 27
12049 21 31 232 24 26 50 22 15 25 10 33 27
12050 22 28 401 9 27 30 23 26 26 1 33 27
12051 22 27 136 27 20 25 20 13 29 4 33 27
12052 21 31 191 28 33 8 25 28 35 20 33 27
12053 22 34 214 33 33 1 23 46 26 32 33 27
12054 21 36 138 29 36 100 25 28 30 11 33 27
12055 21 33 186 22 34 117 24 29 27 9 33 27
12056 21 32 163 25 28 27 24 29 30 25 33 27
12057 21 31 273 12 37 22 23 24 32 8 33 27
12058 21 35 154 21 34 7 18 1 29 27 33 27
12059 22 29 238 30 27 1 23 35 28 10 33 27
12060 22 33 153 14 20 25 25 20 30 31 33 27
12061 21 30 102 25 32 67 23 24 32 11 33 27
12062 37 56 281 40 55 20 41 42 51 46 54 47
12063 22 34 151 34 33 65 24 39 26 16 33 27
12064 21 25 145 30 23 2 26 34 27 1 33 27
12065 21 30 309 22 34 1 22 29 30 19 33 27
12066 21 35 237 25 35 48 23 26 26 17 33 27
12067 22 24 138 37 33 1 21 1 25 1 33 27
12068 21 30 254 17 33 28 24 24 28 1 33 27
12069 21 27 138 30 26 15 22 32 24 18 33 27
12070 22 37 156 23 40 19 25 32 32 22 33 27
12071 22 31 302 30 33 1 27 45 32 18 33 27
12072 21 31 135 14 36 29 21 31 24 17 33 27
12073 21 27 145 31 20 1 24 33 22 26 33 27
12074 21 31 165 23 34 68 27 27 30 13 33 27
12075 22 33 160 20 25 5 20 19 23 14 33 27
12076 22 34 329 20 25 32 25 26 27 20 33 27
12077 21 25 160 23 22 1 21 41 16 8 33 27
12078 21 33 185 12 23 11 19 18 27 27 33 27
12079 21 32 221 28 22 29 26 36 31 31 33 27
12080 22 30 143 29 21 1 19 34 21 24 33 27
12081 21 29 331 39 22 38 21 31 24 14 33 27
12082 22 35 553 28 31 74 28 23 26 17 33 27
12083 22 34 153 23 32 81 21 23 30 23 33 27
12084 21 28 190 31 26 1 20 27 25 10 33 27
12085 21 33 812 18 35 93 25 23 26 1 33 27
12086 21 28 106 21 28 48 24 30 32 6 33 27
12087 21 31 169 34 21 26 21 25 24 39 33 27
12088 21 28 107 24 23 1 19 38 18 12 33 27
12089 21 31 270 23 28 16 23 32 25 9 33 27
12090 21 30 201 15 25 20 22 22 24 16 33 27
12091 21 28 1029 33 24 26 21 37 19 19 33 27
12092 21 32 137 27 23 41 22 33 35 38 33 27
12093 21 34 445 29 28 27 20 22 24 24 33 27
12094 21 32 154 28 30 1 22 11 30 26 33 27
12095 21 31 166 15 34 29 20 24 31 4 33 27
12096 22 36 176 24 30 28 23 30 26 31 34 27
12097 21 30 82 28 21 1 26 28 28 31 33 27
12098 21 32 157 31 28 1 26 31 28 32 33 27
12099 22 34 158 26 16 34 22 32 34 25 33 27
12100 21 27 180 25 12 1 22 26 23 24 33 27
12101 39 48 402 63 41 1 42 76 46 49 55 48
12102 21 34 182 21 30 41 23 19 28 40 33 27
12103 22 35 110 14 24 80 23 22 28 23 33 27
12104 21 34 506 9 39 48 20 36 20 26 33 27
12105 21 33 311 36 19 11 19 38 31 33 33 27
12106 21 33 191 28 22 14 23 49 31 38 33 27
12107 21 32 364 37 29 1 26 30 22 1 33 27
12108 22 33 186 23 34 6 23 35 37 16 33 27
12109 21 39 178 13 43 19 21 30 25 26 33 27
12110 21 25 228 9 26 29 21 19 25 6 33 27
12111 21 33 204 36 32 1 22 28 21 11 33 27
12112 21 30 199 31 27 34 21 30 20 1 33 27
12113 21 37 289 26 34 70 25 23 24 17 33 27
12114 22 34 282 26 33 1 23 15 29 1 33 27
12115 21 35 520 12 38 30 30 23 29 14 33 27
12116 22 31 200 27 30 38 19 25 28 13 33 27
12117 22 28 170 15 31 28 21 27 23 1 33 27
12118 21 453 272 30 19 64 21 37 26 23 33 27
12119 21 31 362 23 19 55 25 19 28 25 33 27
12120 21 31 784 39 21 70 23 20 30 20 33 27
12121 21 29 270 17 34 1 21 28 25 4 33 27
12122 21 32 277 19 39 20 20 17 24 1 33 27
12123 22 32 109 34 25 38 19 30 29 28 33 27
12124 21 44 127 17 45 80 24 21 28 39 33 27
12125 21 30 207 9 42 54 23 21 26 3 33 27
12126 21 30 213 35 16 1 22 33 28 39 33 27
12127 21 32 568 21 36 47 25 24 25 10 33 27
12128 21 26 213 23 34 28 28 20 23 1 33 27
12129 21 32 151 23 34 65 30 10 26 21 33 27
12130 21 36 190 18 29 1 23 22 23 49 33 27
12131 21 30 151 18 28 22 22 20 35 17 33 27
12132 21 32 996 7 39 1 26 20 33 20 33 27
12133 22 31 144 22 30 39 23 33 26 23 33 27
12134 21 34 189 21 32 36 24 23 29 10 33 27
12135 21 31 247 37 15 58 22 40 70 36 33 27
12136 21 33 510 35 22 64 21 36 27 36 33 27
12137 21 31 150 27 31 40 21 22 25 1 33 27
12138 21 38 435 43 33 95 19 1 29 32 33 27
12139 21 35 219 19 35 56 23 27 25 23 33 27
12140 21 28 266 27 23 1 21 26 28 28 33 27
12141 21 35 218 31 33 99 23 26 25 11 33 27
12142 22 32 211 34 32 1 23 1 29 1 33 27
12143 21 32 118 29 31 63 23 29 27 17 33 27
12144 21 30 185 40 18 53 22 33 26 26 33 27
12145 22 35 279 22 27 35 27 23 30 34 33 27
12146 21 29 225 32 17 51 20 26 27 21 33 27
12147 21 38 327 24 38 68 21 25 27 32 33 27
12148 21 39 162 18 34 64 23 17 24 42 33 27
12149 21 37 116 31 31 9 25 34 34 44 33 27
12150 21 36 136 28 37 97 25 20 25 3 33 27
12151 21 25 132 28 25 1 20 35 27 19 33 27
12152 21 26 353 21 31 1 20 28 24 3 33 27
12153 21 39 135 40 31 115 25 26 20 36 33 27
12154 21 31 154 23 37 45 22 20 30 3 33 27
12155 21 30 223 29 26 30 25 25 29 22 33 27
12156 21 34 304 33 34 39 21 25 29 21 33 27
12157 21 31 109 45 29 64 27 33 27 22 33 27
12158 22 34 185 36 29 57 24 21 33 28 33 27
12159 21 32 171 24 33 63 29 20 33 8 33 27
12160 21 21 94 36 33 1 25 27 36 3 33 27
12161 22 35 104 19 28 25 21 32 31 44 33 27
12162 21 28 127 24 34 56 22 25 29 9 33 27
12163 21 28 295 27 29 24 27 36 21 2 33 27
12164 21 29 195 27 29 1 19 22 20 9 33 27
12165 21 29 172 18 35 30 20 21 28 7 33 27
12166 22 35 105 29 34 1 27 28 30 26 33 27
12167 22 35 170 32 31 5 23 34 26 28 34 27
12168 21 33 953 32 30 63 25 22 24 7 33 27
12169 21 32 242 33 23 10 21 30 25 42 33 27
12170 21 31 365 35 32 17 23 34 24 16 33 27
12171 21 26 378 14 40 72 20 29 17 1 33 27
12172 22 35 385 22 29 1 25 34 25 48 33 27
12173 22 27 130 35 22 52 19 26 27 1 33 27
12174 21 32 226 30 20 58 25 28 29 31 33 27
12175 21 36 210 30 31 70 22 23 28 31 33 27
12176 21 35 270 31 24 23 21 1 25 39 33 27
12177 21 32 227 18 30 8 27 25 29 39 33 27
12178 21 34 328 34 25 1 23 31 28 28 33 27
12179 21 26 148 25 21 49 20 19 19 26 33 27
12180 21 32 101 35 19 24 24 31 23 51 33 27
12181 21 35 547 15 35 57 22 28 32 17 33 27
12182 22 29 112 7 40 1 20 25 29 1 33 27
12183 21 27 127 25 28 45 21 21 29 12 33 27
12184 21 32 259 23 23 61 25 22 29 2 33 27
12185 22 33 159 35 27 51 18 34 27 35 33 27
12186 22 28 189 24 32 61 23 23 33 1 33 27
12187 21 38 342 24 37 56 24 32 29 22 33 27
12188 21 33 151 42 38 52 25 32 36 32 33 27
12189 21 29 300 31 20 25 25 51 26 17 33 27
12190 21 30 152 31 40 75 21 25 30 1 33 27
12191 21 34 291 16 28 65 22 28 24 28 33 27
12192 21 26 200 11 24 1 16 12 22 8 33 27
12193 21 29 250 13 36 1 24 18 27 7 33 27
12194 21 27 189 29 22 1 26 25 23 12 33 27
12195 21 31 345 16 39 63 23 25 26 1 32 27
12196 21 27 263 20 29 15 22 44 81 3 33 27
12197 21 32 241 15 31 1 25 30 20 16 33 27
12198 21 28 132 17 36 19 23 21 31 1 33 27
12199 21 26 375 19 25 50 25 26 28 17 33 27
12200 21 34 122 36 32 86 27 32 23 28 33 27
12201 21 32 158 37 25 26 20 25 21 19 33 27
12202 21 35 388 26 27 67 26 33 33 38 33 27
12203 21 26 120 29 27 1 19 1 30 3 33 27
12204 21 25 574 23 26 1 25 28 30 6 33 27
12205 21 30 208 28 19 25 21 27 30 27 33 27
12206 21 30 162 25 41 9 21 15 29 1 33 27
12207 21 31 193 26 29 94 23 24 23 2 33 27
12208 21 26 193 31 32 1 21 22 32 1 32 27
12209 22 31 250 40 15 49 27 39 29 49 33 27
12210 21 33 108 36 17 13 24 33 25 43 33 27
12211 21 36 1027 22 27 42 27 21 26 36 33 27
12212 21 34 225 24 32 14 23 27 33 17 33 27
12213 21 30 271 33 35 1 22 44 24 14 33 27
12214 21 33 181 21 27 71 23 21 31 15 33 27
12215 22 28 206 17 27 12 21 26 30 19 33 27
12216 22 22 89 20 28 1 22 27 26 1 32 27
12217 21 22 271 15 23 1 26 21 29 1 33 27
12218 21 38 236 39 31 67 21 36 25 27 33 27
12219 21 35 168 23 44 37 20 23 27 11 33 27
12220 22 28 220 28 23 60 25 30 22 26 33 27
12221 22 32 175 24 26 33 19 28 28 5 33 27
12222 21 28 152 18 31 32 19 32 26 1 33 27
12223 21 29 319 23 35 36 24 24 27 8 33 27
12224 22 34 192 24 21 61 15 18 18 30 33 27
12225 21 31 215 35 30 1 22 28 26 11 33 27
12226 22 35 280 30 36 24 23 26 26 28 33 27
12227 21 27 227 18 36 13 21 33 32 1 33 27
12228 22 24 85 2 35 10 20 20 26 1 32 27
12229 21 30 247 24 27 62 24 30 20 10 33 27
12230 21 41 216 37 30 51 25 29 27 33 33 27
12231 21 30 172 32 18 1 25 37 27 26 33 27
12232 21 31 202 37 22 15 22 23 29 29 33 27
12233 21 29 279 20 31 62 18 25 25 1 33 27
12234 22 30 194 19 34 49 25 20 25 1 32 27
12235 21 24 117 22 21 1 23 23 24 13 33 27
12236 21 38 200 37 27 1 24 31 27 37 33 27
12237 22 28 92 27 23 29 19 16 28 19 33 27
12238 21 34 191 14 26 1 21 31 30 27 33 27
12239 21 34 454 23 39 117 18 28 28 1 33 27
12240 22 38 109 34 37 64 21 26 29 21 33 27
12241 22 37 168 25 37 24 24 24 31 24 33 27
12242 21 32 115 27 28 1 20 32 20 37 33 27
12243 21 30 286 24 28 25 21 15 23 1 33 27
12244 21 32 379 35 22 1 23 42 24 45 33 27
12245 21 30 168 32 24 10 17 27 23 19 33 27
12246 21 32 196 26 13 1 23 33 25 42 33 27
12247 21 33 889 31 35 60 23 27 33 1 33 27
12248 21 31 314 33 25 46 20 28 26 8 33 27
12249 21 36 541 23 34 1 22 28 32 38 33 27
12250 22 33 214 21 35 48 19 33 25 1 33 27
12251 21 34 555 17 38 71 25 26 27 19 33 27
12252 21 34 198 33 23 1 23 30 27 41 33 27
12253 21 29 439 16 32 38 21 25 24 22 33 27
12254 21 28 175 20 32 1 19 31 25 19 33 27
12255 21 28 120 35 26 48 24 38 26 15 33 27
12256 22 30 164 34 27 17 24 37 23 33 33 27
12257 21 34 119 18 33 54 19 22 25 6 33 27
12258 21 32 445 23 32 77 24 34 32 9 33 27
12259 21 28 199 12 30 1 21 24 24 21 33 27
12260 21 28 209 29 29 22 25 24 64 28 33 27
12261 21 31 492 23 34 16 23 23 32 13 33 27
12262 21 27 105 29 17 5 19 39 23 21 33 27
12263 21 33 248 17 29 52 22 15 20 33 33 27
12264 21 34 164 21 23 12 21 29 22 35 33 27
12265 21 31 142 22 33 30 22 28 25 9 33 27
12266 21 27 366 41 25 57 23 31 22 8 33 27
12267 21 23 365 29 39 1 22 21 20 1 32 27
12268 21 35 229 37 25 22 25 41 37 43 33 27
12269 21 28 201 39 18 48 26 19 32 3 33 27
12270 21 37 692 32 40 6 20 16 22 34 33 27
12271 21 29 207 24 23 40 28 30 34 12 33 27
12272 21 36 322 14 32 41 19 26 21 22 33 27
12273 21 33 162 21 34 39 24 38 23 19 33 27
12274 22 37 194 37 40 70 25 20 33 7 33 27
12275 21 25 126 29 25 49 21 1 28 9 33 27
12276 21 32 140 29 19 2 24 23 28 36 33 27
12277 21 29 276 34 19 43 19 30 27 20 33 27
12278 21 36 459 27 32 72 18 27 21 39 33 27
12279 21 30 754 17 22 57 23 26 30 30 33 27
12280 21 29 107 27 32 64 17 29 23 12 33 27
12281 21 21 86 33 22 71 18 25 19 1 33 27
12282 21 33 763 36 20 28 22 43 27 39 33 27
12283 21 34 321 24 25 42 24 15 34 18 33 27
12284 21 24 80 14 24 56 25 25 27 1 33 27
12285 22 28 221 29 36 1 18 1 41 1 33 27
12286 21 32 151 31 30 1 21 17 18 18 33 27
12287 21 36 357 20 38 1 23 43 20 37 33 27
12288 21 30 144 12 39 1 17 22 26 1 33 27
12289 21 31 192 19 38 32 21 19 26 1 33 27
12290 21 30 206 23 41 1 25 1 27 8 33 27
12291 22 30 344 33 33 49 17 29 31 1 33 27
12292 22 36 244 14 30 46 26 25 29 38 33 27
12293 21 30 129 25 26 1 22 33 29 35 33 27
12294 21 28 266 34 18 51 24 31 33 33 33 27
12295 22 29 315 29 25 51 28 31 30 1 33 27
12296 21 34 247 24 35 50 22 19 29 20 33 27
12297 21 30 79 29 23 38 21 36 20 29 33 27
12298 21 25 250 31 17 31 20 20 18 3 33 27
12299 21 34 179 21 25 54 24 18 29 36 33 27
12300 21 29 1502 13 27 46 20 30 25 1 33 27
12301 21 31 496 30 29 49 24 33 27 33 33 27
12302 21 27 254 37 21 40 28 27 31 16 33 27
12303 21 32 251 23 30 24 27 24 30 8 33 27
12304 21 30 161 21 14 17 23 25 18 23 33 27
12305 21 34 95 28 33 21 25 27 28 19 33 27
12306 21 32 213 26 28 50 24 21 25 24 33 27
12307 21 32 181 32 34 45 20 33 32 28 33 27
12308 21 26 877 28 23 37 23 36 31 13 33 27
12309 21 34 205 21 37 12 23 34 31 25 33 27
12310 21 33 769 29 33 1 20 25 26 21 33 27
12311 21 29 192 17 28 1 24 27 31 12 33 27
12312 22 34 222 15 38 38 20 17 27 19 33 27
12313 21 39 179 20 42 53 23 22 30 15 33 27
12314 21 37 256 38 24 44 27 32 27 31 33 27
12315 22 36 466 37 25 81 27 27 35 33 33 27
12316 21 29 709 26 21 11 22 21 27 21 33 27
12317 21 26 181 21 27 1 17 28 21 21 33 27
12318 21 32 121 29 31 1 24 26 24 11 33 27
12319 21 39 302 33 38 72 25 49 29 32 33 27
12320 21 34 687 23 41 1 21 22 27 1 33 27
12321 21 30 702 16 34 32 24 23 27 2 33 27
12322 22 31 187 16 34 21 25 29 30 18 33 27
12323 21 27 171 41 20 24 18 24 29 6 33 27
12324 21 36 151 19 28 90 23 27 23 19 33 27
12325 21 29 254 29 29 1 23 22 23 8 33 27
12326 21 32 195 16 23 20 27 26 32 17 33 27
12327 21 28 268 24 23 1 21 39 29 12 33 27
12328 21 31 248 36 23 16 24 29 23 37 33 27
12329 21 31 312 22 34 21 20 25 26 5 33 27
12330 22 26 163 19 26 1 25 29 28 2 33 27
12331 22 38 189 27 39 1 19 30 32 17 33 27
12332 21 30 470 29 22 18 21 33 29 23 33 27
12333 21 31 363 20 36 31 24 30 29 12 33 27
12334 21 38 197 27 44 34 23 25 26 14 33 27
12335 22 29 429 17 28 63 21 24 24 1 33 27
12336 21 32 793 35 28 1 19 29 23 40 33 27
12337 21 32 223 29 35 45 23 36 24 16 33 27
12338 21 29 449 34 31 70 19 1 30 11 33 27
12339 21 30 211 15 33 14 21 19 23 1 33 27
12340 21 35 684 16 36 62 27 32 31 12 33 27
12341 22 27 246 26 24 29 24 21 24 10 33 27
12342 21 32 108 21 28 33 24 15 27 9 33 27
12343 21 25 212 30 15 32 18 1 38 14 33 27
12344 22 29 204 33 33 86 26 27 30 3 33 27
12345 21 34 622 20 32 1 25 28 22 14 33 27
12346 21 29 240 25 31 1 23 18 26 16 33 27
12347 22 29 363 8 26 52 23 26 24 2 33 27
12348 22 27 126 14 37 9 21 27 26 5 33 27
12349 21 26 291 27 26 1 27 33 27 12 33 27
12350 22 36 131 21 35 1 23 32 27 33 33 27
12351 21 30 104 30 21 25 24 31 25 24 33 27
12352 21 31 287 20 28 77 22 28 28 5 33 27
12353 21 31 159 31 30 24 20 27 26 10 33 27
12354 21 36 314 39 28 1 22 31 19 44 33 27
12355 21 33 166 12 38 1 21 21 24 14 33 27
12356 21 33 193 23 37 14 27 42 23 11 33 27
12357 21 21 260 24 21 21 23 30 22 2 33 27
12358 21 33 132 16 21 76 21 23 24 30 33 27
12359 21 35 302 40 22 25 25 29 31 36 33 27
12360 21 30 435 25 32 1 22 32 29 18 33 27
12361 21 35 110 22 28 12 21 1 32 37 33 27
12362 22 33 107 17 40 1 23 21 29 1 32 27
12363 21 31 389 31 26 1 21 27 29 30 33 27
12364 21 25 489 38 25 70 22 1 33 17 33 27
12365 21 28 91 26 31 36 20 35 25 1 33 27
12366 21 33 170 30 32 20 24 32 28 34 33 27
12367 21 24 300 17 31 1 22 28 32 9 33 27
12368 22 29 401 24 23 1 20 41 24 36 33 27
12369 21 24 87 29 16 1 24 27 28 3 33 27
12370 21 28 367 33 22 20 20 18 21 25 33 27
12371 21 34 280 15 41 16 21 21 25 18 33 27
12372 21 32 242 37 21 19 23 29 25 44 33 27
12373 21 32 337 12 41 19 22 28 24 1 33 27
12374 21 32 201 14 34 36 28 20 21 1 33 27
12375 21 33 653 24 23 43 24 23 24 12 33 27
12376 21 29 108 30 29 5 18 21 24 14 33 27
12377 21 33 176 33 32 61 22 24 23 35 33 27
12378 21 30 179 25 19 1 24 28 35 36 33 27
12379 22 31 168 29 27 8 27 43 30 19 33 27
12380 22 27 330 30 17 11 21 37 15 13 33 27
12381 22 38 276 11 36 16 26 42 29 33 33 27
12382 21 39 491 24 35 43 23 33 34 44 33 27
12383 22 27 185 28 21 1 21 27 29 29 33 27
12384 21 35 348 28 26 78 20 33 23 31 33 27
12385 21 31 556 33 24 64 21 28 23 23 33 27
12386 21 31 91 13 30 29 21 19 23 8 33 27
12387 21 34 173 19 30 1 24 27 20 35 33 27
12388 22 34 321 17 37 5 23 21 26 5 33 27
12389 21 32 495 40 16 27 21 34 26 46 33 27
12390 21 31 218 35 27 1 20 31 23 28 33 27
12391 21 36 208 36 33 43 22 31 28 30 33 27
12392 22 32 234 25 27 79 24 24 29 13 33 27
12393 21 29 82 17 20 1 21 29 24 20 33 27
12394 22 29 97 34 29 50 25 33 28 11 33 27
12395 21 43 605 23 41 1 27 27 31 39 33 27
12396 21 24 124 25 23 68 20 24 21 1 32 27
12397 21 34 278 21 27 59 19 17 32 40 33 27
12398 22 23 132 33 26 1 20 23 26 1 32 27
12399 21 29 142 25 22 47 18 27 24 2 33 27
12400 21 29 167 30 25 18 21 40 30 25 33 27
12401 22 31 213 21 14 50 22 16 27 35 33 27
12402 21 34 220 15 40 28 24 17 30 5 33 27
12403 21 29 317 32 18 78 22 40 23 24 33 27
12404 21 30 215 32 34 44 24 17 31 6 33 27
12405 21 33 237 34 21 1 22 29 26 38 33 27
12406 22 30 138 45 19 57 26 1 28 23 33 27
12407 21 37 269 19 38 1 27 30 25 27 33 27
12408 21 28 155 17 25 64 22 20 23 2 33 27
12409 22 32 216 38 21 8 25 32 28 30 33 27
12410 21 27 363 20 26 1 25 18 33 6 33 27
12411 21 33 197 40 27 15 20 34 31 32 33 27
12412 21 34 631 30 40 68 27 25 26 1 33 27
12413 21 32 253 24 23 1 19 26 30 34 33 27
12414 21 30 247 37 39 1 22 27 19 6 33 27
12415 21 27 137 34 33 1 22 22 33 1 33 27
12416 21 29 116 30 19 23 26 26 26 30 33 27
12417 21 27 111 12 37 59 21 17 23 1 33 27
12418 21 31 535 23 32 65 15 24 20 22 33 27
12419 21 28 200 17 32 10 21 28 26 4 33 27
12420 21 33 854 25 34 24 26 32 22 13 33 27
12421 22 34 245 20 38 77 24 28 26 1 33 27
12422 22 27 296 16 25 5 20 1 35 13 33 27
12423 21 32 1508 38 17 1 22 42 28 48 33 27
12424 21 38 169 19 49 1 26 28 30 25 33 27
12425 21 31 274 27 23 44 22 23 26 18 33 27
12426 21 30 193 32 28 22 21 34 27 31 33 27
12427 22 33 229 27 26 1 21 31 28 42 33 27
12428 21 29 167 29 29 76 23 52 19 21 33 27
12429 21 30 396 24 39 1 23 1 33 2 33 27
12430 22 30 176 29 16 22 22 30 26 33 33 27
12431 21 33 552 25 31 20 23 17 27 3 33 27
12432 21 29 98 36 30 1 27 36 27 26 33 27
12433 21 41 130 24 38 41 23 24 25 37 33 27
12434 22 29 114 24 25 1 24 31 32 15 33 27
12435 21 39 222 39 34 9 20 25 31 27 33 27
12436 22 36 179 22 34 24 20 21 28 15 33 27
12437 21 38 169 27 29 75 25 33 30 36 33 27
12438 21 32 294 32 21 29 16 24 22 22 33 27
12439 21 31 413 19 39 44 25 30 25 13 33 27
12440 22 37 242 20 38 65 26 22 29 12 33 27
12441 21 34 205 21 30 26 23 48 28 31 33 27
12442 22 36 188 32 31 73 23 26 33 26 33 27
12443 21 31 137 15 22 1 22 31 26 34 33 27
12444 21 31 178 18 36 46 20 25 19 1 33 27
12445 21 44 126 30 37 109 24 23 29 24 33 27
12446 22 26 173 28 24 1 23 30 25 20 33 27
12447 21 23 159 32 22 1 21 35 28 9 33 27
12448 21 33 303 31 16 36 22 35 34 54 33 27
12449 21 32 336 30 25 1 24 32 27 26 33 27
12450 22 30 133 31 33 57 20 25 28 1 33 27
12451 21 24 409 39 28 20 23 16 32 6 33 27
12452 22 45 295 26 40 11 22 61 27 47 33 27
12453 22 29 171 17 32 48 21 19 27 1 33 27
12454 21 32 426 25 26 27 18 20 23 26 33 27
12455 21 35 185 9 34 1 26 40 19 20 33 27
12456 21 34 216 28 30 1 19 29 24 28 33 27
12457 21 33 94 28 30 36 25 25 23 20 33 27
12458 21 29 206 25 18 28 21 24 20 12 33 27
12459 22 28 334 26 25 1 21 34 26 19 33 27
12460 21 29 322 27 31 1 16 40 17 15 33 27
12461 21 34 153 29 28 12 27 51 27 36 33 27
12462 21 33 509 16 45 84 25 20 26 1 33 27
12463 21 39 245 23 27 36 26 19 33 27 33 27
12464 21 35 129 33 31 34 24 1 38 42 33 27
12465 21 22 165 23 17 1 22 30 24 7 33 27
12466 21 27 1176 22 18 1 21 29 29 9 33 27
12467 21 240 222 103 158 48 18 38 21 14 32 26
12468 21 32 221 27 26 1 21 35 24 41 33 27
12469 21 27 105 29 22 38 22 24 25 18 33 27
12470 21 29 149 14 26 15 21 26 27 23 33 27
12471 21 32 150 20 25 1 22 19 26 12 33 27
12472 21 23 412 36 24 1 18 1 30 1 33 27
12473 21 30 223 26 24 29 21 19 29 19 33 27
12474 21 30 244 31 32 74 18 34 19 13 33 27
12475 21 34 191 29 26 3 27 30 28 36 33 27
12476 21 33 358 24 33 14 20 19 19 25 33 27
12477 21 33 439 22 30 38 24 24 26 26 33 27
12478 21 31 187 28 33 1 22 33 21 10 33 27
12479 21 27 206 26 19 44 20 41 29 20 33 27
12480 21 30 89 17 32 1 26 26 29 5 33 27
12481 22 32 228 31 16 4 26 31 26 47 33 27
12482 21 36 531 35 22 10 29 31 29 47 33 27
12483 21 27 394 23 27 1 20 39 22 21 33 27
12484 21 31 196 12 35 62 25 20 23 1 33 27
12485 22 30 127 27 22 39 27 20 29 2 33 27
12486 21 31 455 17 20 64 21 35 29 14 33 27
12487 21 34 281 33 22 61 29 26 23 31 33 27
12488 22 27 131 25 18 11 20 22 21 15 33 27
12489 21 26 119 25 27 1 18 22 25 13 33 27
12490 21 32 248 38 30 101 25 18 36 8 33 27
12491 22 30 280 30 18 17 23 38 22 49 33 27
12492 21 32 379 19 24 36 21 27 23 36 33 27
12493 21 33 321 29 20 15 25 40 30 39 33 27
12494 21 27 256 33 29 14 23 27 23 14 33 27
12495 21 30 178 30 23 1 28 37 23 33 33 27
12496 21 29 78 19 29 29 21 34 22 20 33 27
12497 22 35 210 18 23 72 22 20 28 20 33 27
12498 21 31 104 17 33 15 23 24 34 14 33 27
12499 22 29 345 35 13 37 26 28 31 21 33 27
12500 21 36 211 23 35 102 25 26 31 22 33 27
12501 21 25 327 22 30 35 23 23 26 1 32 27
12502 22 31 201 24 27 1 21 23 24 19 33 27
12503 21 32 290 22 27 1 24 35 24 32 33 27
12504 21 28 227 34 35 61 21 21 25 7 33 27
12505 22 40 231 31 32 68 21 1 37 22 33 27
12506 22 32 211 14 30 34 26 20 30 12 33 27
12507 21 29 259 14 40 27 21 21 29 1 33 27
12508 21 33 585 25 31 1 20 33 22 31 33 27
12509 21 30 313 22 28 20 22 22 27 5 33 27
12510 22 37 111 30 23 44 26 30 30 37 33 27
12511 21 33 409 29 31 21 25 37 29 27 33 27
12512 22 32 381 35 29 56 21 29 24 26 33 27
12513 21 28 196 12 34 18 18 19 22 9 33 27
12514 22 29 119 26 14 25 24 29 29 28 33 27
12515 22 30 1030 15 25 25 21 27 28 8 33 27
12516 21 34 175 22 33 72 25 17 28 9 33 27
12517 21 31 238 31 19 4 30 36 25 35 33 27
12518 22 28 143 29 17 1 22 39 30 28 33 27
12519 21 35 158 24 32 44 24 21 29 27 33 27
12520 21 29 410 26 36 1 23 24 30 11 33 27
12521 21 30 420 32 26 48 22 29 22 24 33 27
12522 21 33 172 27 26 1 23 37 23 38 33 27
12523 21 32 100 19 28 1 20 31 26 40 33 27
12524 21 26 213 20 18 6 20 30 26 7 33 27
12525 21 27 131 24 29 30 21 18 29 3 33 27
12526 21 32 155 22 32 26 23 22 30 11 33 27
12527 21 36 152 31 32 68 28 19 29 9 33 27
12528 21 36 269 10 38 31 18 33 22 39 33 27
12529 21 33 229 23 34 45 22 28 31 1 33 27
12530 21 34 115 3 27 10 19 37 26 23 33 27
12531 21 35 85 27 30 1 23 30 28 35 33 26
12532 21 38 264 42 38 1 22 30 23 48 33 27
12533 21 27 154 18 26 14 22 30 29 20 33 27
12534 21 29 1270 94 60 3 120 30 34 5 33 27
12535 22 58 467 18 30 66 24 28 28 1 33 27
12536 21 31 118 31 26 1 19 27 28 10 33 27
12537 21 36 270 12 28 58 22 24 23 30 33 27
12538 21 27 149 32 20 41 25 37 25 26 33 27
12539 21 33 483 19 33 86 21 15 28 4 33 27
12540 21 32 155 24 35 56 17 18 27 3 33 27
12541 21 36 218 28 26 1 24 26 28 30 33 27
12542 21 34 442 33 32 49 26 39 29 26 33 27
12543 22 36 133 34 33 74 32 21 34 32 33 27
12544 22 29 197 34 31 29 23 39 31 22 33 27
12545 22 30 97 24 33 1 25 28 31 11 33 27
12546 21 26 591 34 24 10 20 43 25 16 33 27
12547 22 31 175 20 31 44 25 24 21 6 33 27
12548 21 31 292 24 28 90 19 43 22 6 33 27
12549 21 33 153 30 29 1 21 26 24 17 33 27
12550 21 31 357 29 28 13 24 28 30 12 33 27
12551 22 32 107 22 32 34 23 20 20 19 33 27
12552 21 25 214 28 32 59 24 20 22 1 33 27
12553 21 28 168 22 20 10 134 26 68 23 33 27
12554 21 31 259 23 31 1 25 27 24 26 33 27
12555 22 31 169 18 23 1 19 24 26 31 33 27
12556 21 32 197 22 36 37 18 25 44 1 33 27
12557 21 35 249 37 23 55 20 1 26 27 33 27
12558 21 31 213 28 26 1 20 30 24 28 33 27
12559 21 31 318 25 27 31 21 25 26 26 33 27
12560 21 33 281 23 32 25 20 27 28 29 33 27
12561 21 33 144 31 26 1 24 25 31 19 33 27
12562 21 23 401 30 20 1 26 23 25 1 33 27
12563 21 31 302 23 32 32 23 29 27 8 33 27
12564 21 32 422 26 27 41 19 40 24 26 33 27
12565 21 29 445 31 12 1 26 35 30 31 33 27
12566 21 32 246 31 30 1 26 32 26 21 33 27
12567 22 44 241 24 39 51 21 1 36 40 33 27
12568 21 36 117 22 34 25 20 1 26 15 33 27
12569 21 35 546 24 29 1 21 17 32 25 33 27
12570 21 35 96 27 29 30 20 37 29 41 33 27
12571 21 31 852 24 36 1 22 38 24 7 33 27
12572 22 33 196 26 73 43 21 23 27 15 33 27
12573 21 30 245 25 32 19 23 31 30 15 33 27
12574 21 33 239 27 27 1 22 28 32 33 33 27
12575 21 33 246 28 20 8 25 27 26 36 33 27
12576 21 27 223 30 30 37 20 25 25 14 33 27
12577 22 32 248 48 24 103 20 1 38 12 33 27
12578 21 27 171 23 27 31 20 34 28 17 33 27
12579 21 36 515 36 27 53 27 1 29 37 33 27
12580 21 32 225 15 37 89 20 36 28 3 33 27
12581 21 32 198 39 27 30 24 38 23 27 33 27
12582 21 35 121 33 30 1 18 29 24 31 33 27
12583 21 25 244 40 21 14 24 17 32 10 33 27
12584 21 30 383 29 25 74 21 26 21 11 33 27
12585 22 37 179 29 22 82 23 23 30 23 33 27
12586 21 37 182 29 31 11 24 27 25 28 33 27
12587 21 29 764 18 30 76 22 29 31 6 33 27
12588 21 30 335 17 32 21 25 51 20 16 33 27
12589 21 33 106 27 38 45 20 25 29 25 33 27
12590 21 28 165 27 23 1 21 30 21 31 33 27
12591 21 33 176 22 33 41 22 22 25 8 33 27
12592 21 34 227 26 35 12 22 36 26 14 33 27
12593 21 29 258 17 31 1 26 23 32 21 33 27
12594 22 34 226 39 97 81 22 26 25 23 33 27
12595 21 30 173 33 23 1 28 32 25 35 33 27
12596 21 39 212 33 34 53 26 19 29 37 33 27
12597 21 26 135 25 22 76 19 6 22 11 33 27
12598 21 36 117 13 37 8 23 19 25 17 33 27
12599 21 31 480 16 28 44 24 28 27 11 33 27
12600 22 29 354 20 35 20 18 21 27 1 33 27
12601 21 32 440 28 31 1 23 37 24 25 33 27
12602 22 30 135 25 18 32 19 17 27 29 33 27
12603 21 38 462 32 41 38 27 32 24 5 33 27
12604 21 32 107 31 23 46 21 27 21 35 33 27
12605 21 33 157 32 26 35 24 52 18 24 33 27
12606 21 26 197 33 22 19 21 16 22 1 33 27
12607 21 32 192 34 35 1 21 35 26 20 33 27
12608 21 34 407 18 34 54 20 10 24 19 33 27
12609 21 27 189 36 26 72 25 22 27 6 33 27
12610 22 31 213 23 26 55 24 24 35 16 33 27
12611 21 30 173 36 29 1 22 38 25 22 33 27
12612 21 26 92 20 33 1 21 7 22 1 33 27
12613 21 34 190 22 39 1 20 21 21 23 33 27
12614 21 33 95 30 33 1 24 20 27 23 33 27
12615 21 33 537 29 32 7 20 32 26 23 33 27
12616 22 35 194 33 38 50 23 27 33 12 33 27
12617 22 32 172 38 20 2 25 35 24 32 33 27
12618 21 31 192 27 23 49 20 18 27 24 33 27
12619 21 28 116 31 20 19 29 29 34 14 33 27
12620 21 35 167 41 26 58 23 15 32 22 33 27
12621 21 34 213 27 20 41 22 54 21 26 33 27
12622 21 29 228 27 29 1 26 30 24 21 33 27
12623 21 36 109 23 30 77 22 18 34 23 33 27
12624 21 31 190 31 25 1 22 25 24 37 33 27
12625 21 34 174 28 27 53 23 25 21 23 33 27
12626 21 37 125 36 28 1 27 39 30 31 33 27
12627 22 29 118 30 25 51 23 31 26 18 33 27
12628 21 27 132 17 27 1 24 24 25 15 33 27
12629 21 34 275 27 27 70 23 47 29 24 33 27
12630 21 28 517 18 24 57 23 31 19 7 33 27
12631 21 32 288 29 20 29 23 38 35 43 33 27
12632 21 33 102 30 27 1 23 29 25 34 33 27
12633 21 35 132 32 21 19 19 32 16 40 33 27
12634 22 30 323 24 25 1 24 30 23 24 33 27
12635 21 29 109 18 29 1 23 22 25 1 33 27
12636 21 32 151 8 37 10 18 24 26 25 33 27
12637 21 32 156 27 34 4 20 26 17 28 33 27
12638 21 29 187 25 29 35 16 28 24 26 33 27
12639 21 30 240 27 34 1 26 21 32 16 33 27
12640 22 31 148 24 26 40 21 26 35 20 33 27
12641 21 32 172 16 31 28 22 25 25 13 33 27
12642 21 26 225 26 26 1 23 34 33 22 33 27
12643 21 32 393 31 31 67 25 29 27 15 33 27
12644 21 34 278 20 32 46 20 24 20 5 33 27
12645 21 29 242 27 21 14 21 33 26 21 33 27
12646 21 22 155 33 14 35 11 28 21 1 33 27
12647 21 31 186 31 29 1 21 25 23 32 33 27
12648 21 37 226 24 39 85 26 27 25 16 33 27
12649 21 27 256 41 28 1 22 26 30 15 33 27
12650 21 40 369 30 26 4 22 45 28 46 33 27
12651 21 30 99 28 24 1 24 37 24 29 33 27
12652 22 31 104 19 28 89 24 30 26 12 33 27
12653 21 37 221 37 28 50 24 31 28 24 33 27
12654 21 35 354 23 33 17 24 30 36 29 33 27
12655 21 33 109 23 34 1 24 19 28 23 33 27
12656 21 30 224 36 21 54 23 27 26 1 33 27
12657 21 31 214 31 23 29 25 29 29 31 33 27
12658 21 30 183 28 24 28 25 24 31 17 33 27
12659 21 26 263 26 29 14 23 20 29 4 33 27
12660 21 23 191 18 20 2 18 24 26 1 33 27
12661 21 29 208 30 27 73 23 26 31 13 33 27
12662 21 32 181 31 32 59 18 29 27 7 33 27
12663 21 24 137 29 31 1 21 24 25 10 33 27
12664 21 33 176 29 36 26 22 37 30 18 33 27
12665 21 32 177 20 39 53 24 27 28 4 33 27
12666 21 34 237 34 24 1 22 42 31 38 33 27
12667 21 28 132 17 33 17 23 21 26 1 32 27
12668 21 36 593 21 35 69 24 26 20 25 33 27
12669 22 29 159 12 23 9 19 27 24 10 33 27
12670 21 34 321 34 25 45 25 37 33 40 33 27
12671 21 33 445 21 32 10 22 27 24 11 33 27
12672 21 23 374 23 23 14 22 26 23 1 33 27
12673 21 33 175 23 23 25 22 21 22 13 33 27
12674 21 32 145 36 25 72 23 25 27 28 33 27
12675 21 35 137 20 42 58 24 1 30 19 32 27
12676 21 36 217 30 28 1 21 30 26 30 33 27
12677 21 35 116 22 29 2 20 20 26 16 33 27
12678 21 31 282 20 35 1 27 14 31 14 33 27
12679 21 28 143 21 27 11 20 20 20 1 33 27
12680 22 38 96 21 32 27 23 28 24 48 33 27
12681 21 35 722 33 33 1 21 38 20 27 33 27
12682 21 31 210 31 30 43 25 27 29 22 33 27
12683 21 31 113 32 35 1 21 27 25 9 33 27
12684 21 30 237 36 26 1 20 23 24 7 33 27
12685 21 33 243 26 34 102 23 27 25 3 33 27
12686 21 33 132 35 27 35 25 25 27 9 33 27
12687 21 33 264 29 29 10 19 31 20 39 33 27
12688 21 24 267 25 15 1 24 30 27 27 33 27
12689 22 31 89 16 24 9 21 28 27 23 33 27
12690 21 31 318 20 30 51 26 28 23 28 33 27
12691 21 34 422 25 35 46 23 26 28 1 33 27
12692 21 31 132 24 23 29 18 27 25 17 33 27
12693 21 34 214 27 31 1 29 38 28 26 33 27
12694 22 33 175 16 47 23 20 28 28 1 33 27
12695 21 25 212 23 24 1 21 33 25 18 33 27
12696 21 36 207 36 31 47 26 36 30 28 33 27
12697 21 32 357 18 26 66 25 24 22 7 33 27
12698 21 30 213 27 38 45 23 27 23 1 33 27
12699 21 36 191 38 21 1 26 27 35 42 33 27
12700 22 31 181 23 39 68 23 22 25 1 33 27
12701 22 31 169 20 37 87 18 22 27 3 33 27
12702 21 22 1256 28 25 1 23 27 27 1 33 27
12703 21 31 551 40 31 63 20 26 24 15 33 27
12704 21 35 316 39 31 1 23 34 22 40 33 27
12705 21 34 180 19 29 80 25 31 21 16 33 27
12706 21 32 249 33 33 102 26 30 28 1 33 27
12707 22 28 107 26 28 7 21 33 20 17 33 27
12708 21 27 721 17 36 17 23 24 23 1 33 27
12709 21 28 154 30 28 11 19 21 17 9 33 27
12710 21 36 407 28 26 1 20 1 31 45 33 27
12711 22 28 108 19 22 36 25 19 29 18 33 27
12712 21 34 271 28 26 46 24 33 21 30 33 27
12713 21 26 138 29 23 51 24 19 27 7 33 27
12714 22 29 102 24 30 19 22 17 27 14 33 27
12715 21 34 110 22 34 1 23 28 37 18 33 27
12716 21 28 89 14 26 27 26 32 34 1 33 27
12717 21 34 538 23 31 1 17 22 22 34 33 27
12718 22 36 219 22 33 47 21 24 29 1 33 27
12719 21 34 186 21 34 21 21 20 21 28 33 27
12720 21 33 195 17 40 18 22 28 22 3 33 27
12721 21 27 112 25 23 58 20 26 35 1 33 27
12722 21 37 196 42 30 62 23 24 30 28 33 27
12723 21 33 185 23 22 66 27 27 23 15 33 27
12724 21 40 293 20 35 1 21 30 25 22 33 27
12725 21 32 156 13 42 1 26 19 26 1 33 27
12726 21 33 179 25 16 14 24 23 29 8 33 27
12727 22 31 108 36 28 69 25 38 25 19 33 27
12728 21 36 196 39 26 46 25 29 24 57 33 27
12729 22 45 171 25 41 1 26 33 28 31 33 27
12730 21 33 141 28 30 10 24 31 29 22 33 27
12731 21 29 182 29 25 1 23 38 34 31 33 27
12732 22 32 166 30 24 38 25 31 27 36 33 27
12733 21 33 379 32 26 10 23 21 21 11 33 27
12734 21 33 260 31 32 128 23 26 22 1 33 27
12735 21 31 162 21 33 30 17 26 21 33 33 27
12736 21 33 488 26 32 1 25 27 19 37 33 27
12737 22 27 190 33 26 61 24 36 27 21 33 27
12738 22 29 266 21 31 1 24 1 30 12 33 27
12739 21 34 117 21 32 15 15 28 33 31 33 27
12740 21 34 167 32 26 1 21 45 23 43 33 27
12741 21 28 90 25 25 28 18 21 25 13 33 27
12742 21 34 104 21 40 1 20 24 27 27 33 27
12743 22 35 190 33 20 6 24 31 36 44 33 27
12744 21 35 437 23 21 57 19 1 34 47 33 27
12745 21 29 220 21 30 32 22 20 24 5 33 27
12746 21 29 208 19 40 1 18 26 26 1 32 27
12747 22 37 208 32 29 27 21 36 22 27 33 27
12748 21 35 178 26 31 1 20 26 28 21 33 27
12749 22 1126 1663 1281 660 679 713 494 935 158 33 27
12750 22 31 229 24 36 1 17 23 28 1 32 27
12751 21 37 162 28 30 46 26 31 30 28 33 27
12752 21 33 446 33 20 10 23 35 25 46 33 27
12753 22 36 313 30 29 23 25 36 28 39 33 27
12754 21 34 174 19 39 28 27 18 26 20 33 27
12755 21 35 227 32 26 1 25 32 25 47 33 27
12756 21 38 170 34 26 1 28 35 30 50 33 27
12757 21 33 452 28 28 10 24 41 23 28 33 27
12758 21 28 342 27 23 5 24 37 28 30 33 27
12759 22 32 362 19 34 63 17 21 30 1 33 27
12760 21 27 355 36 19 29 22 22 26 14 33 27
12761 21 33 217 23 24 15 23 30 24 29 33 27
12762 21 29 182 31 25 45 25 17 24 17 33 27
12763 21 35 457 23 35 1 27 32 30 16 33 27
12764 21 30 90 16 30 102 18 25 30 1 33 27
12765 21 35 206 28 34 11 25 34 25 12 33 27
12766 22 30 267 14 24 26 21 1 28 19 33 27
12767 21 36 491 20 35 1 25 19 29 14 33 27
12768 21 29 318 24 28 15 21 22 25 21 33 27
12769 21 34 366 23 29 37 23 20 25 23 33 27
12770 21 35 386 24 27 49 21 39 25 41 33 27
12771 21 31 139 34 26 60 19 23 28 15 33 27
12772 21 30 158 29 19 1 24 25 22 45 33 27
12773 21 34 105 22 34 25 23 27 27 21 33 27
12774 22 33 394 10 38 1 21 27 26 3 33 27
12775 21 25 249 24 35 23 19 1 25 1 32 27
12776 21 30 167 26 30 1 19 1 30 10 33 27
12777 21 29 115 26 19 55 23 31 31 21 33 27
12778 21 28 112 24 22 42 21 28 19 8 33 27
12779 21 33 212 28 23 53 21 28 21 24 33 27
12780 21 30 107 26 34 1 20 43 26 26 33 27
12781 21 39 175 28 27 74 25 24 30 31 33 27
12782 21 35 123 33 31 72 21 33 27 25 33 27
12783 21 25 133 22 15 37 28 15 26 11 33 27
12784 21 35 141 9 32 1 21 23 26 37 33 27
12785 22 28 484 25 27 1 20 1 30 1 33 27
12786 21 31 187 33 18 14 25 35 27 33 33 27
12787 21 27 496 22 28 24 18 31 30 6 33 27
12788 21 34 245 37 27 12 29 40 31 37 33 27
12789 21 32 109 35 20 50 26 27 26 37 33 27
12790 22 31 198 23 30 14 20 25 25 7 33 27
12791 21 29 101 27 23 36 24 24 31 17 33 27
12792 22 34 90 23 28 15 24 19 27 25 33 27
12793 21 31 158 37 20 102 27 22 23 9 33 27
12794 21 28 254 25 39 1 20 35 25 1 33 27
12795 21 27 145 18 33 17 23 22 26 1 33 27
12796 21 34 299 24 34 1 22 37 21 33 33 27
12797 22 30 159 38 24 98 22 29 18 19 33 27
12798 22 41 268 31 35 1 25 44 33 39 33 27
12799 21 29 149 12 33 19 15 17 27 1 32 27
12800 21 28 369 47 19 39 24 33 28 9 33 27
12801 22 27 144 10 33 25 27 24 28 1 32 27
12802 21 30 203 17 33 1 26 24 24 15 33 27
12803 21 37 273 27 39 1 26 44 20 23 33 27
12804 22 34 106 30 26 30 22 23 29 17 33 27
12805 21 35 289 27 32 42 30 30 26 32 33 27
12806 21 30 378 26 33 42 22 34 31 12 33 27
12807 21 38 443 33 38 39 30 26 26 32 33 27
12808 21 37 184 29 29 90 21 16 22 19 33 27
12809 21 31 100 29 29 87 21 37 25 15 33 27
12810 21 33 399 23 40 42 28 28 24 36 33 27
12811 22 26 388 19 35 1 19 22 28 1 33 27
12812 21 27 194 33 18 16 27 46 29 18 33 27
12813 21 22 371 34 7 44 21 31 28 17 33 27
12814 22 36 185 25 31 49 25 35 27 34 33 27
12815 21 34 271 29 23 43 23 25 30 39 33 27
12816 21 31 398 42 29 57 24 1 29 13 33 27
12817 22 27 184 32 30 1 24 35 27 13 33 27
12818 22 33 182 26 33 25 22 36 33 21 33 27
12819 22 32 154 26 23 30 22 28 31 13 33 27
12820 21 34 219 23 33 33 22 15 26 1 32 27
12821 21 26 290 34 27 1 23 27 27 1 33 27
12822 21 39 333 9 40 25 23 13 22 29 33 26
12823 21 28 222 13 32 1 20 24 27 1 33 27
12824 21 34 161 24 36 1 22 22 23 19 33 27
12825 21 32 137 30 26 1 24 25 22 34 33 27
12826 22 31 89 25 23 8 31 29 35 25 33 27
12827 21 26 160 26 25 1 23 40 26 14 33 27
12828 21 29 217 16 31 48 23 7 27 5 33 27
12829 21 31 190 32 25 1 24 40 21 37 33 27
12830 22 32 384 15 39 47 23 27 24 1 33 27
12831 21 28 207 17 22 1 21 31 29 15 33 27
12832 21 34 226 38 33 1 19 31 23 20 33 27
12833 21 26 115 19 22 29 22 34 27 11 33 27
12834 21 32 427 23 24 77 24 31 23 1 32 27
12835 21 29 184 20 31 31 26 25 29 1 33 27
12836 21 30 123 32 25 1 23 29 23 33 33 27
12837 21 29 163 31 29 13 21 14 23 14 33 27
12838 21 34 143 30 23 38 17 27 24 34 33 27
12839 21 31 188 41 16 8 22 35 24 36 33 27
12840 21 34 225 14 29 31 22 26 20 30 33 27
12841 21 38 183 32 27 56 25 30 23 39 33 27
12842 21 29 109 26 26 24 21 26 32 12 33 27
12843 22 33 204 31 26 1 18 30 28 20 33 27
12844 21 27 276 22 27 8 19 26 23 18 33 27
12845 21 36 169 18 33 1 20 21 37 31 33 27
12846 21 24 146 19 27 14 20 8 24 17 33 27
12847 21 25 190 37 16 24 25 1 31 13 33 27
12848 21 30 500 22 37 1 19 1 29 18 33 27
12849 21 31 184 16 38 33 21 27 27 7 33 27
12850 22 30 179 28 27 10 27 25 19 24 33 27
12851 21 30 171 21 30 1 22 18 26 25 33 27
12852 22 24 202 19 28 7 23 1 36 1 33 27
12853 22 34 292 22 41 79 27 27 28 4 33 27
12854 21 29 131 28 22 42 25 26 25 30 33 27
12855 21 31 310 26 33 24 28 48 30 16 33 27
12856 21 33 105 35 30 86 22 34 27 22 33 27
12857 21 30 182 28 25 81 24 27 29 7 33 27
12858 22 32 236 13 38 48 23 23 24 1 33 27
12859 21 34 267 22 26 51 22 26 31 43 33 27
12860 21 28 178 30 15 35 24 20 26 15 33 27
12861 21 26 259 26 25 44 23 21 29 10 33 27
12862 21 34 139 25 38 7 20 31 23 1 33 27
12863 22 29 220 14 34 49 23 30 30 7 33 27
12864 21 37 103 32 27 40 26 25 28 37 33 27
12865 21 31 166 19 26 30 21 29 28 14 33 27
12866 21 32 522 33 37 70 25 34 24 21 33 27
12867 21 30 148 19 34 37 19 28 24 10 33 27
12868 22 33 282 23 25 1 21 33 29 26 33 27
12869 21 31 241 21 24 1 21 23 24 10 33 27
12870 21 32 247 31 26 1 23 36 30 29 33 27
12871 21 25 236 33 25 22 22 23 24 4 33 27
12872 21 34 361 29 28 66 22 32 24 15 33 27
12873 21 36 374 34 28 95 21 36 22 38 33 27
12874 21 36 565 36 34 1 26 29 25 31 33 27
12875 21 32 229 28 23 35 19 29 25 35 33 27
12876 21 34 327 19 41 1 15 26 18 23 33 27
12877 21 24 190 43 21 15 29 20 29 12 33 27
12878 22 29 226 25 31 7 24 25 25 1 33 27
12879 21 30 167 30 35 87 24 22 30 9 33 27
12880 21 33 182 25 35 1 21 26 30 13 33 27
12881 21 35 188 26 30 39 25 19 29 22 33 27
12882 21 29 488 23 25 35 19 35 22 12 33 27
12883 22 34 261 22 29 52 17 20 19 15 33 27
12884 21 30 377 35 31 1 26 27 23 4 33 27
12885 21 31 81 6 30 30 24 21 23 7 33 27
12886 21 35 172 23 31 72 21 32 21 23 33 27
12887 22 38 248 20 36 1 21 22 25 23 33 27
12888 21 29 418 26 20 19 24 31 24 22 33 27
12889 21 30 156 28 33 20 22 1 35 28 33 27
12890 21 26 274 27 33 1 22 27 21 15 33 27
12891 22 30 96 28 22 29 27 29 28 23 33 27
12892 22 34 641 19 34 69 24 31 24 6 33 27
12893 21 31 104 24 25 17 22 30 25 24 33 27
12894 21 32 290 31 35 33 24 28 26 15 33 27
12895 21 37 105 24 32 82 25 24 25 34 33 27
12896 21 43 113 16 36 45 22 26 25 36 33 27
12897 21 33 154 26 28 22 25 28 25 27 33 27
12898 22 34 268 22 24 3 19 25 28 34 33 27
12899 21 35 215 34 42 26 24 35 26 22 33 27
12900 21 34 331 28 34 51 21 1 23 7 33 27
12901 21 29 196 31 31 32 23 12 36 14 33 27
12902 21 32 317 13 20 38 24 27 25 23 33 27
12903 21 36 151 17 25 27 16 35 18 27 33 27
12904 21 31 296 16 33 1 17 26 22 7 33 27
12905 22 25 126 38 33 1 25 16 28 2 33 27
12906 21 36 598 40 30 20 25 34 28 32 33 27
12907 21 34 481 19 39 43 21 32 29 1 33 27
12908 21 30 115 28 32 38 22 31 27 9 33 27
12909 21 30 141 23 29 25 20 26 25 15 33 27
12910 21 36 370 36 28 71 25 36 30 44 33 27
12911 21 33 151 16 24 25 23 24 34 8 33 27
12912 21 33 254 32 32 66 22 28 34 5 33 27
12913 21 36 250 29 38 1 19 31 27 31 33 27
12914 21 32 518 28 23 1 21 33 25 23 33 27
12915 21 32 215 22 30 66 15 26 30 15 33 27
12916 22 31 427 26 22 1 20 30 30 29 33 27
12917 21 32 130 27 29 31 21 28 26 24 33 27
12918 21 32 256 21 35 26 23 36 28 6 33 27
12919 22 31 187 33 26 1 22 32 26 29 33 27
12920 21 29 199 16 22 1 23 33 29 7 33 27
12921 21 31 586 26 27 1 18 32 24 22 33 27
12922 22 36 178 36 33 1 24 26 27 26 33 27
12923 22 36 356 37 27 77 20 31 27 33 33 27
12924 17 26 119 19 14 8 15 11 15 16 25 19
12925 21 24 177 23 28 1 22 25 26 1 33 27
12926 21 33 146 10 30 48 31 18 33 19 33 27
12927 21 34 108 12 28 1 24 41 16 34 33 27
12928 21 31 164 28 22 24 29 35 24 33 33 27
12929 21 29 162 27 22 32 26 31 22 17 33 27
12930 21 36 545 20 36 93 24 31 31 15 33 27
12931 21 29 274 42 29 122 27 32 30 2 33 27
12932 21 34 231 42 20 68 23 34 24 46 33 27
12933 21 36 440 11 34 1 22 34 21 23 33 27
12934 21 30 116 25 33 1 22 25 30 16 33 27
12935 21 28 97 30 26 8 26 24 27 21 33 27
12936 21 26 199 28 25 76 21 18 19 1 33 27
12937 22 36 148 25 30 18 25 24 25 27 33 27
12938 22 22 208 20 25 1 24 24 23 14 33 27
12939 22 37 139 26 31 69 18 22 28 26 33 27
12940 21 39 278 24 40 1 23 37 27 43 33 27
12941 22 35 366 20 36 49 20 50 24 27 33 27
12942 22 35 131 28 27 33 22 26 27 39 33 27
12943 21 32 183 32 16 37 24 35 26 46 33 27
12944 21 32 559 19 43 33 24 24 26 1 32 27
12945 21 26 165 43 21 46 25 24 30 9 33 27
12946 22 38 213 22 34 71 22 19 26 36 33 27
12947 21 32 184 25 36 57 22 30 23 6 33 27
12948 22 34 195 24 32 47 20 25 25 15 33 27
12949 21 29 315 31 23 20 19 31 24 13 33 27
12950 21 31 107 34 28 1 21 28 25 35 33 27
12951 21 24 180 26 30 1 21 29 22 1 33 27
12952 22 32 188 36 23 59 19 26 25 18 33 27
12953 21 32 217 22 25 10 29 32 19 22 33 27
12954 21 33 275 23 30 4 25 37 26 24 33 27
12955 21 31 346 22 25 4 22 23 27 27 33 27
12956 21 32 331 27 35 119 22 27 28 10 33 27
12957 21 30 370 19 27 1 24 35 26 32 33 27
12958 21 28 97 22 23 1 23 26 21 26 33 27
12959 21 33 571 22 37 74 23 31 27 1 33 27
12960 21 30 163 19 37 36 23 22 26 1 33 27
12961 21 28 196 33 23 51 21 33 28 22 33 27
12962 22 27 125 19 28 16 22 29 23 17 33 27
12963 21 37 158 13 35 1 21 48 34 31 33 27
12964 21 33 135 23 16 65 24 22 24 32 33 27
12965 21 25 225 23 22 30 22 29 23 16 32 26
12966 21 34 329 21 23 45 25 30 21 20 33 27
12967 21 38 175 16 44 1 27 19 28 10 33 27
12968 22 28 220 22 29 14 26 26 33 8 33 27
12969 21 27 113 10 34 1 22 18 23 1 33 27
12970 21 27 82 21 23 35 25 26 29 23 33 27
12971 21 37 190 36 26 63 20 29 29 44 33 27
12972 21 36 998 20 32 3 21 20 29 31 33 27
12973 21 29 99 37 13 42 22 28 26 31 33 27
12974 21 36 199 34 35 1 25 34 26 43 33 27
12975 21 28 437 29 29 1 27 29 34 15 33 27
12976 22 28 240 22 25 17 21 30 23 22 33 27
12977 21 30 209 23 33 63 23 19 28 1 33 27
12978 21 27 151 32 17 1 20 35 24 31 33 27
12979 21 33 98 26 29 1 21 34 24 30 33 27
12980 22 32 157 34 27 26 20 27 25 24 33 27
12981 22 26 176 22 13 11 26 23 24 22 33 27
12982 21 27 217 31 31 35 21 20 26 10 33 27
12983 21 35 239 30 23 35 21 32 27 46 33 27
12984 21 30 288 29 30 17 20 31 25 19 33 27
12985 21 30 114 29 38 40 20 24 28 11 33 27
12986 22 32 186 24 25 22 26 33 34 43 33 27
12987 21 33 166 39 22 1 27 32 27 43 33 27
12988 21 35 363 27 35 71 23 18 31 15 33 27
12989 21 24 154 27 21 4 22 33 28 10 33 27
12990 21 20 281 36 22 29 20 24 26 6 33 27
12991 21 34 691 39 24 25 22 37 26 41 33 27
12992 21 37 93 25 24 1 20 35 26 38 33 27
12993 21 32 135 20 22 68 21 24 23 5 33 27
12994 22 33 231 22 35 23 23 36 19 5 33 27
12995 21 37 841 28 33 34 27 49 31 40 33 27
12996 21 31 155 15 34 24 24 21 32 8 33 27
12997 21 36 274 21 24 21 27 31 26 32 33 27
12998 22 29 293 18 24 54 23 21 25 1 33 27
12999 21 31 362 32 30 1 22 1 25 25 33 27
13000 22 33 126 25 32 76 20 14 27 5 33 27
13001 22 34 90 25 31 1 23 31 30 41 33 27
13002 21 29 86 32 20 1 29 31 38 23 33 27
13003 21 29 210 31 30 1 16 1 29 1 32 27
13004 22 90 287 203 33 132 28 26 22 34 33 27
13005 21 35 833 28 30 17 23 41 30 26 33 27
13006 21 24 258 21 25 1 21 28 32 5 33 27
13007 22 36 376 19 26 1 21 33 26 43 33 27
13008 21 35 316 39 22 1 21 35 27 44 33 27
13009 21 31 153 28 33 1 25 45 28 13 33 27
13010 21 32 260 30 30 14 21 28 35 1 33 27
13011 21 34 208 17 40 29 21 22 27 1 33 27
13012 21 35 143 30 31 40 24 28 27 27 33 27
13013 21 26 102 25 23 1 18 22 25 11 33 27
13014 21 27 399 39 28 1 29 20 39 6 33 27
13015 21 34 247 30 29 70 21 22 28 15 33 27
13016 21 36 195 22 29 47 27 16 26 21 33 27
13017 21 33 612 23 29 57 23 20 20 7 33 27
13018 21 29 219 24 25 1 24 18 27 16 33 27
13019 21 35 292 18 35 1 22 41 20 29 33 26
13020 21 30 298 25 22 18 25 32 32 25 33 27
13021 22 36 159 25 32 23 24 22 32 25 33 27
13022 21 31 248 28 24 49 22 32 36 14 33 27
13023 22 31 183 24 19 38 25 34 23 38 33 27
13024 21 27 273 41 30 1 23 1 32 2 33 27
13025 21 32 192 37 22 10 21 38 19 27 33 27
13026 21 32 158 48 30 124 28 27 31 21 33 27
13027 21 28 316 23 29 1 27 27 28 24 33 27
13028 21 28 110 22 36 1 19 30 32 1 32 27
13029 21 26 1075 27 34 18 22 38 27 2 33 27
13030 21 30 272 10 32 23 21 29 27 16 33 27
13031 22 37 167 12 26 1 23 45 28 37 33 27
13032 21 22 451 22 21 31 21 20 20 1 32 27
13033 22 36 158 26 25 1 21 39 27 26 33 27
13034 21 30 426 26 39 1 22 37 20 9 33 27
13035 21 34 99 36 24 1 22 33 21 46 33 27
13036 21 33 310 25 29 23 24 21 30 18 33 27
13037 22 28 138 34 32 1 19 19 24 1 33 27
13038 22 29 180 26 20 1 24 33 29 30 33 27
13039 21 34 277 33 28 6 21 22 26 19 33 27
13040 21 33 102 19 26 14 22 24 30 41 33 27
13041 22 28 285 25 21 1 21 37 24 22 33 27
13042 21 31 90 34 28 58 23 1 27 16 33 27
13043 21 28 198 12 33 58 22 24 30 1 33 27
13044 21 35 173 23 34 37 26 29 27 28 33 27
13045 21 32 139 25 29 1 23 27 26 15 32 27
13046 21 35 120 38 32 89 22 31 23 20 33 27
13047 21 35 750 23 40 1 24 29 22 18 33 27
13048 22 31 153 31 21 1 22 42 27 39 33 27
13049 21 40 197 35 32 6 21 21 36 36 33 27
13050 21 30 197 21 21 13 24 26 25 27 33 27
13051 21 27 198 23 31 1 20 23 28 7 33 27
13052 21 32 170 17 39 1 22 26 31 1 33 27
13053 21 34 155 29 38 51 20 29 22 1 33 27
13054 21 39 174 37 31 49 22 34 24 46 33 27
13055 21 29 201 38 31 24 25 38 31 6 33 27
13056 21 30 176 22 34 1 20 21 30 18 33 27
13057 21 26 234 32 37 8 28 21 36 1 33 27
13058 22 29 421 19 37 27 24 24 29 1 33 27
13059 21 37 279 34 30 12 25 35 28 31 33 27
13060 21 34 290 29 37 86 23 28 30 1 33 27
13061 22 31 111 43 25 71 22 21 25 19 33 27
13062 21 32 169 24 39 68 20 22 31 1 33 27
13063 21 35 467 31 26 57 25 34 28 33 33 27
13064 21 30 221 32 19 16 20 23 32 13 33 27
13065 21 40 192 33 37 1 18 34 20 31 33 27
13066 21 38 114 22 36 84 23 23 24 21 33 27
13067 22 29 216 16 33 1 21 14 32 5 33 27
13068 21 34 106 36 37 1 24 38 27 36 33 27
13069 22 27 101 29 24 1 30 38 31 31 33 27
13070 21 29 262 8 27 44 22 22 25 21 33 27
13071 21 30 112 26 32 64 23 21 23 1 33 27
13072 21 31 257 25 33 32 22 28 31 1 33 27
13073 22 35 353 30 32 70 19 24 27 5 33 27
13074 21 35 178 32 28 1 27 33 27 31 33 27
13075 21 32 799 25 24 1 23 37 30 48 33 27
13076 22 39 250 23 43 1 21 19 27 19 33 27
13077 22 26 169 31 23 61 25 1 27 1 32 27
13078 21 28 234 21 26 1 23 29 26 22 33 27
13079 22 33 161 20 35 9 24 26 28 9 33 27
13080 21 33 94 21 37 47 23 20 27 1 32 27
13081 21 24 238 32 25 1 25 33 25 2 33 27
13082 21 43 218 9 38 23 23 30 22 34 33 27
13083 22 33 337 22 32 6 25 34 24 14 33 27
13084 21 33 330 28 25 1 19 18 25 35 33 27
13085 21 28 171 34 24 1 21 42 28 31 33 27
13086 22 26 218 38 23 16 21 32 22 1 33 27
13087 21 34 170 41 22 1 19 36 24 44 33 27
13088 21 35 221 25 37 28 23 21 30 38 33 27
13089 22 33 200 28 32 16 24 44 28 29 33 27
13090 21 30 153 30 23 1 24 35 23 41 33 27
13091 22 31 208 27 34 23 25 21 36 22 33 27
13092 21 32 142 26 38 8 27 24 28 27 33 27
13093 21 33 172 36 30 1 23 31 22 28 33 27
13094 21 33 363 31 29 1 23 35 29 35 33 27
13095 21 29 548 43 20 46 24 32 24 23 33 27
13096 21 27 256 24 21 11 22 21 24 2 33 27
13097 21 33 97 32 34 40 24 1 23 20 33 27
13098 22 29 189 15 32 1 23 26 22 15 33 27
13099 22 29 172 17 30 66 19 14 32 1 32 27
13100 21 27 234 22 8 22 17 34 30 8 33 27
13101 22 32 143 13 36 37 19 23 28 1 33 27
13102 21 31 119 17 38 1 29 1 35 1 33 27
13103 21 34 187 37 18 21 28 32 33 41 33 27
13104 21 25 119 19 31 1 18 14 26 1 33 27
13105 22 32 260 29 31 7 22 18 29 7 33 27
13106 22 34 233 27 29 1 24 19 27 26 33 27
13107 22 31 235 30 32 17 21 33 23 31 33 27
13108 22 34 92 30 34 1 25 30 33 31 33 27
13109 21 36 545 23 35 19 26 20 25 24 33 27
13110 21 24 137 21 24 10 23 39 29 19 33 27
13111 21 29 146 22 23 39 25 28 26 39 33 27
13112 21 31 232 18 38 43 23 33 25 15 33 27
13113 21 31 183 12 34 1 20 16 22 1 33 27
13114 21 33 179 34 24 1 23 29 22 40 33 27
13115 21 31 327 22 36 1 21 38 26 17 33 27
13116 21 34 232 21 30 2 23 24 28 40 33 27
13117 21 28 161 33 30 40 26 28 24 13 33 27
13118 22 36 144 29 26 80 22 36 23 33 33 27
13119 21 34 401 33 28 1 23 40 26 27 33 27
13120 21 34 484 29 32 1 21 18 26 27 33 27
13121 21 33 179 30 33 55 22 25 28 9 33 27
13122 21 28 180 32 20 5 26 26 32 30 33 27
13123 21 30 255 27 28 36 23 29 25 13 33 27
13124 21 26 361 22 25 1 22 22 30 20 33 27
13125 22 30 201 24 34 1 25 31 27 4 33 27
13126 21 30 187 24 24 60 20 39 20 29 33 27
13127 21 21 136 37 21 38 18 22 23 4 33 27
13128 22 35 111 39 26 62 26 31 33 37 34 27
13129 21 31 322 18 29 1 18 37 32 26 33 27
13130 21 35 278 14 33 1 22 22 27 39 33 27
13131 22 30 175 14 34 53 24 23 29 1 33 27
13132 21 30 236 28 30 8 23 31 30 11 33 27
13133 21 33 126 22 28 6 20 25 29 48 33 27
13134 21 30 308 15 29 27 17 30 22 12 33 27
13135 21 25 212 27 29 1 18 14 24 1 33 27
13136 22 39 105 33 37 1 21 30 24 37 33 27
13137 22 30 101 34 23 33 27 33 32 33 33 27
13138 21 30 87 31 25 1 22 24 21 20 33 27
13139 21 26 89 29 27 70 28 24 24 1 33 27
13140 22 34 182 23 32 9 24 25 26 7 33 27
13141 21 38 251 16 34 42 24 27 26 37 33 27
13142 22 25 166 38 17 25 19 27 22 2 33 27
13143 21 32 161 22 22 31 21 27 23 3 33 27
13144 22 31 306 36 34 90 23 22 29 7 33 27
13145 21 30 185 31 17 6 24 39 22 43 33 27
13146 22 34 344 16 30 1 20 26 32 19 33 27
13147 21 29 140 24 30 26 24 24 24 13 33 27
13148 22 31 576 10 34 1 22 26 22 1 33 27
13149 21 33 149 30 39 7 24 17 26 20 33 27
13150 21 32 127 24 42 1 21 24 26 9 33 27
13151 21 31 216 21 26 9 27 34 25 22 33 27
13152 21 29 324 23 29 68 19 31 26 1 33 27
13153 21 31 196 14 35 4 26 20 25 1 32 26
13154 21 28 214 24 19 36 19 27 29 13 33 27
13155 21 25 348 27 25 1 21 30 30 14 33 27
13156 21 36 184 35 24 78 23 27 26 31 33 27
13157 21 43 373 28 40 1 26 27 31 39 33 27
13158 21 31 237 37 15 1 19 30 24 35 33 27
13159 21 32 235 18 26 23 18 27 27 38 33 27
13160 22 35 179 25 36 1 23 28 29 24 33 27
13161 21 30 185 29 24 104 22 25 30 20 33 27
13162 21 31 230 19 30 17 20 35 22 17 33 27
13163 22 31 212 17 29 27 21 29 22 22 33 27
13164 22 33 200 24 28 1 22 30 28 18 33 27
13165 21 37 162 14 35 78 26 26 22 15 33 27
13166 22 37 161 31 46 59 19 26 28 13 33 27
13167 21 30 225 21 27 1 22 19 25 24 33 27
13168 21 30 79 15 28 67 24 27 33 3 33 27
13169 21 31 204 36 20 1 21 33 32 38 33 27
13170 21 31 314 26 25 63 28 30 27 21 33 27
13171 21 34 164 33 27 51 21 27 23 33 33 27
13172 21 29 146 28 26 101 22 29 19 1 32 27
13173 21 27 196 34 31 1 20 30 28 15 33 27
13174 21 28 211 29 34 32 21 23 28 10 33 27
13175 21 33 890 37 17 27 21 28 22 31 33 27
13176 21 25 326 31 27 2 18 1 31 1 33 27
13177 21 35 207 18 41 67 26 19 26 15 33 27
13178 21 25 433 24 22 15 25 32 27 8 33 27
13179 21 27 129 19 33 1 22 22 28 9 33 27
13180 21 29 167 15 34 28 24 25 30 13 33 27
13181 21 34 310 27 32 1 23 28 27 24 33 27
13182 22 28 176 30 24 2 19 28 19 22 33 27
13183 21 33 371 28 18 22 23 33 28 35 33 27
13184 21 40 651 24 38 83 25 19 25 13 33 27
13185 21 31 287 29 33 22 27 27 28 3 33 27
13186 21 37 217 35 36 49 21 24 33 16 33 27
13187 21 39 161 36 36 57 29 28 32 29 33 27
13188 22 37 203 40 41 1 24 28 30 30 33 27
13189 21 31 337 23 32 12 23 19 24 18 33 27
13190 21 35 369 29 24 80 27 21 28 20 33 27
13191 21 23 192 29 18 29 22 38 23 16 33 27
13192 21 32 96 19 41 34 21 10 29 1 33 27
13193 21 34 125 27 33 6 22 29 29 15 33 27
13194 21 31 296 25 27 1 25 20 25 20 33 27
13195 21 27 267 29 32 1 20 21 20 6 33 27
13196 21 29 200 24 22 50 19 22 23 9 32 27
13197 21 33 133 25 44 22 23 27 26 5 32 27
13198 21 32 97 24 32 40 21 20 22 20 33 27
13199 21 34 251 32 32 65 24 19 29 19 33 27
13200 21 35 199 21 39 93 25 29 26 5 33 27
13201 21 32 266 40 25 1 27 34 25 39 33 27
13202 21 34 507 34 32 110 21 33 24 16 33 27
13203 21 32 292 15 29 15 24 32 28 26 33 27
13204 21 40 221 29 37 66 28 57 29 36 33 27
13205 21 29 285 17 32 1 19 1 22 15 32 27
13206 22 27 180 23 15 31 22 22 25 16 33 27
13207 21 23 342 16 15 33 19 28 29 1 33 27
13208 21 26 604 27 23 75 21 31 25 5 33 27
13209 21 36 224 12 32 23 23 20 29 25 33 27
13210 21 33 235 26 31 71 28 30 23 18 33 27
13211 21 34 132 40 29 1 29 31 28 33 33 27
13212 22 35 190 13 29 1 24 31 33 35 33 27
13213 21 21 392 30 18 38 22 26 30 1 33 27
13214 21 31 138 31 27 37 27 30 26 11 33 27
13215 21 28 169 22 27 1 19 16 16 4 33 27
13216 21 31 102 27 30 1 28 14 23 15 33 27
13217 21 39 117 32 38 64 22 1 32 26 33 27
13218 21 38 505 18 30 41 24 17 25 26 33 27
13219 21 33 327 16 32 61 22 24 23 20 33 27
13220 21 31 266 33 30 47 24 33 24 14 33 27
13221 21 29 104 31 15 9 21 36 25 38 33 27
13222 21 23 436 24 20 1 23 27 17 19 33 27
13223 21 34 284 39 21 87 22 31 26 34 33 27
13224 21 33 210 24 28 1 17 19 27 14 33 27
13225 21 28 274 22 17 26 25 52 26 11 33 27
13226 21 34 194 28 34 63 25 26 31 12 33 27
13227 21 26 267 20 28 56 25 17 25 11 33 27
13228 21 35 161 33 26 1 24 41 20 42 33 27
13229 22 35 239 36 32 73 21 43 24 18 33 27
13230 21 32 115 21 40 30 23 24 27 6 33 27
13231 21 35 303 14 42 6 15 17 20 28 33 27
13232 22 35 316 28 34 1 24 35 23 24 33 27
13233 21 33 459 20 40 65 25 25 31 1 33 27
13234 21 34 143 26 29 1 20 28 25 36 33 27
13235 21 30 160 37 19 1 22 35 38 17 33 27
13236 22 31 96 11 35 9 22 23 27 1 33 27
13237 22 30 370 27 27 34 20 34 19 6 33 27
13238 22 69 255 29 28 1 22 31 21 41 34 27
13239 21 24 139 25 24 13 20 23 28 1 33 27
13240 21 38 115 27 37 33 18 20 32 16 33 27
13241 21 27 309 31 30 1 31 19 35 6 33 27
13242 21 34 158 36 29 39 25 31 27 37 33 27
13243 21 40 137 28 27 49 26 26 36 52 33 27
13244 22 31 327 9 28 19 30 22 31 25 33 27
13245 22 33 232 30 31 14 18 31 30 24 33 27
13246 21 36 230 29 40 41 24 31 28 4 33 27
13247 21 32 203 19 31 55 17 1 21 23 33 27
13248 21 31 239 23 30 1 17 26 26 18 33 27
13249 21 28 206 24 23 1 19 29 27 29 33 27
13250 22 32 174 26 31 1 22 33 24 21 33 27
13251 21 31 196 35 21 1 21 32 29 41 33 27
13252 21 35 299 24 40 40 22 23 22 1 33 27
13253 21 32 187 27 26 1 25 1 32 28 33 27
13254 21 33 169 32 34 83 24 21 33 27 33 27
13255 21 35 570 31 32 62 27 30 29 19 33 27
13256 21 26 103 23 31 35 21 20 28 1 33 27
13257 22 34 139 20 32 1 22 16 24 26 33 27
13258 21 24 98 22 25 44 24 21 26 1 33 27
13259 21 35 116 20 33 27 22 1 30 34 33 27
13260 21 35 109 32 28 77 22 29 31 11 33 27
13261 21 31 179 29 30 39 23 32 28 29 33 27
13262 22 31 215 26 26 6 20 20 14 31 33 27
13263 21 28 1735 24 16 9 20 33 22 37 33 27
13264 21 32 203 34 24 9 22 29 32 36 33 27
13265 21 31 202 13 33 1 21 39 28 28 33 27
13266 21 34 154 21 24 20 24 28 29 1 33 27
13267 21 37 271 32 27 89 24 25 24 31 33 27
13268 21 32 301 26 36 1 20 21 30 25 33 27
13269 22 31 158 22 23 9 21 32 26 24 33 27
13270 21 37 188 21 25 31 19 25 19 36 33 27
13271 22 31 338 22 28 1 22 29 26 30 33 27
13272 21 25 99 22 33 29 20 19 23 1 32 27
13273 21 31 233 31 30 31 20 34 31 32 33 27
13274 21 27 74 27 18 56 23 21 28 17 33 27
13275 21 30 619 31 29 34 24 33 36 9 33 27
13276 21 35 99 29 31 11 22 36 25 35 33 27
13277 21 29 492 26 28 1 26 18 34 16 33 27
13278 22 41 164 24 36 82 25 26 29 24 33 27
13279 22 31 245 31 18 73 22 29 29 11 33 27
13280 21 30 1694 26 34 45 23 20 25 1 33 27
13281 21 33 251 41 32 1 20 25 25 21 33 27
13282 21 35 212 24 31 56 25 20 31 15 33 27
13283 22 24 141 19 28 12 22 25 26 4 33 27
13284 21 33 109 17 33 1 28 21 31 26 33 27
13285 22 35 102 22 24 19 23 36 21 38 34 27
13286 21 30 134 30 23 21 25 22 33 18 33 27
13287 21 27 154 24 14 1 22 36 28 43 33 27
13288 22 28 95 47 17 42 23 1 39 19 33 27
13289 22 30 399 24 34 1 21 24 27 6 33 27
13290 21 32 502 22 32 1 23 26 30 28 33 27
13291 21 33 185 26 31 39 24 23 28 1 33 27
13292 21 30 164 28 18 1 20 34 26 38 33 27
13293 21 29 85 17 33 1 26 33 15 29 33 27
13294 21 34 302 18 43 81 18 16 31 1 32 27
13295 22 24 113 30 17 50 23 26 26 10 33 27
13296 21 26 272 27 9 1 19 33 24 35 33 27
13297 22 39 180 15 35 1 20 16 24 26 33 27
13298 21 33 186 33 34 1 21 24 16 9 33 27
13299 21 36 102 30 33 1 23 28 30 37 33 27
13300 21 31 232 29 23 29 24 31 26 35 33 27
13301 21 32 122 15 26 1 15 21 23 15 33 27
13302 21 30 354 34 18 15 24 37 29 37 33 27
13303 22 33 135 30 37 13 26 28 26 2 33 27
13304 21 31 159 19 30 59 24 28 24 1 33 27
13305 21 28 490 25 26 1 17 35 26 23 33 27
13306 21 32 170 29 32 1 25 17 35 20 33 27
13307 21 33 166 34 23 42 25 31 31 20 33 27
13308 21 31 242 23 24 39 25 26 28 29 33 27
13309 21 23 169 45 15 65 20 31 32 1 33 27
13310 22 30 558 28 31 1 28 38 29 19 33 27
13311 21 30 180 15 40 32 20 28 25 1 32 27
13312 21 26 477 30 21 4 24 38 23 21 33 27
13313 21 32 762 25 31 84 22 24 26 1 33 27
13314 21 32 158 47 31 9 23 24 32 9 33 27
13315 22 30 136 22 31 57 25 30 34 16 33 27
13316 21 32 253 32 32 27 23 32 27 30 33 27
13317 21 37 387 22 40 11 23 27 26 11 33 27
13318 21 30 692 28 26 18 25 32 28 38 33 27
13319 21 18 106 11 23 5 20 19 21 1 32 27
13320 21 31 348 20 27 21 22 24 23 22 33 27
13321 22 28 280 13 19 1 23 23 31 24 33 27
13322 21 30 290 23 28 1 25 28 23 15 33 27
13323 21 30 169 25 27 50 26 26 33 12 33 27
13324 22 33 273 18 32 37 24 34 31 15 33 27
13325 21 29 245 20 25 1 25 25 25 26 33 27
13326 21 32 191 14 32 77 22 28 21 1 33 27
13327 21 25 478 23 23 47 24 18 22 1 33 27
13328 22 33 105 19 29 50 20 19 28 1 33 27
13329 21 28 348 30 14 16 23 30 27 30 33 27
13330 21 30 189 12 30 52 19 17 29 1 32 27
13331 22 35 158 21 42 1 25 19 31 26 33 27
13332 21 32 201 24 22 15 21 17 26 12 33 27
13333 21 22 682 21 17 33 20 28 24 1 33 27
13334 22 35 215 25 41 1 23 34 34 18 33 27
13335 21 27 146 16 30 1 22 24 27 1 33 27
13336 21 34 147 19 31 1 30 23 29 40 33 27
13337 21 30 205 18 18 7 25 26 25 29 33 27
13338 22 30 90 25 33 48 20 27 24 1 32 27
13339 21 30 511 23 24 1 24 35 22 25 33 27
13340 22 26 509 25 20 1 23 32 30 38 33 27
13341 21 34 316 26 29 109 24 30 29 11 33 27
13342 21 25 117 31 12 1 19 30 22 12 33 27
13343 22 29 153 29 28 1 20 42 29 13 33 27
13344 21 28 342 19 26 25 25 23 28 15 33 27
13345 21 33 377 27 42 90 21 28 22 1 33 27
13346 21 30 162 22 21 15 26 33 28 36 33 27
13347 21 34 103 25 31 43 23 1 33 15 33 27
13348 21 35 192 36 37 33 22 35 21 2 33 27
13349 21 33 209 25 21 1 21 30 22 38 33 27
13350 21 26 211 26 22 1 21 20 19 1 33 27
13351 21 34 266 12 32 29 23 20 26 18 33 27
13352 21 34 128 21 29 29 23 21 30 30 33 27
13353 22 27 86 28 15 12 23 28 31 34 33 27
13354 21 36 383 24 23 62 24 38 23 40 33 27
13355 21 37 210 13 41 1 20 28 27 30 33 27
13356 21 31 185 27 34 34 22 28 30 1 33 27
13357 21 26 266 30 30 6 21 24 19 8 33 27
13358 21 29 227 30 27 1 20 32 28 34 33 27
13359 21 28 347 31 26 67 22 35 23 16 33 27
13360 21 37 254 40 26 16 26 38 36 46 33 27
13361 21 27 170 32 24 47 22 19 31 1 33 27
13362 21 27 142 24 21 1 15 22 24 1 32 27
13363 21 35 146 35 29 1 23 31 26 38 33 27
13364 21 29 133 27 31 1 18 46 17 1 33 27
13365 22 39 661 34 38 1 22 39 23 44 33 27
13366 21 26 289 30 28 1 20 29 28 20 33 27
13367 21 32 231 25 20 1 22 32 26 43 33 27
13368 22 27 354 23 42 25 16 1 24 1 32 27
13369 21 29 477 22 22 53 26 33 27 10 33 27
13370 21 30 218 34 25 1 21 32 26 42 33 27
13371 21 40 306 23 37 1 22 29 26 44 33 27
13372 21 29 229 35 31 42 22 13 22 2 33 27
13373 21 33 112 29 26 1 24 23 31 37 33 27
13374 22 33 136 27 43 97 22 20 34 1 32 27
13375 21 32 135 32 30 1 24 24 28 6 33 27
13376 21 33 222 23 45 42 25 30 25 1 33 27
13377 21 30 311 22 27 21 25 29 22 19 33 27
13378 21 35 314 35 25 1 23 28 26 39 33 27
13379 22 41 136 30 46 104 23 19 16 31 33 27
13380 21 33 322 24 23 54 21 34 24 32 33 27
13381 21 30 167 33 15 59 25 37 24 17 33 27
13382 21 34 176 30 31 1 20 38 29 30 33 27
13383 21 26 112 26 33 11 25 44 22 5 33 27
13384 21 27 326 25 20 1 21 43 26 31 33 27
13385 21 26 226 36 24 1 22 27 32 8 33 27
13386 21 37 448 28 31 34 20 36 26 40 33 27
13387 21 29 159 33 28 1 17 29 32 14 33 27
13388 21 36 266 39 26 25 22 38 30 38 33 27
13389 21 33 189 35 30 1 23 31 26 32 33 27
13390 21 26 358 30 10 38 18 26 23 22 33 27
13391 21 29 186 29 30 1 24 26 27 16 33 27
13392 21 23 186 24 22 1 18 28 24 1 33 27
13393 21 29 125 35 11 77 23 22 22 15 33 27
13394 21 36 184 29 33 90 23 27 26 23 33 27
13395 21 25 2006 19 33 1 21 32 20 1 33 27
13396 21 23 133 30 24 1 23 30 25 1 33 27
13397 21 24 204 29 29 1 20 26 19 9 33 27
13398 21 28 138 31 21 28 28 40 25 27 33 27
13399 21 30 230 41 15 72 28 24 35 29 33 27
13400 21 29 165 13 26 51 19 25 28 1 33 27
13401 21 33 177 42 30 40 14 1 28 20 33 27
13402 21 30 278 29 36 28 24 17 19 21 33 27
13403 21 32 2006 37 33 27 24 45 33 35 33 27
13404 21 30 474 33 30 23 19 17 31 4 33 26
13405 21 31 222 22 32 25 24 18 23 26 33 27
13406 21 32 80 21 27 77 26 25 33 24 33 27
13407 21 26 184 21 25 1 19 18 21 10 33 27
13408 21 31 133 28 25 12 23 24 24 36 33 27
13409 21 31 189 32 29 8 22 37 21 33 33 27
13410 21 32 197 15 29 7 19 26 27 22 32 26
13411 21 32 343 37 29 39 25 49 34 33 33 27
13412 21 35 433 54 25 41 24 30 31 42 33 27
13413 21 28 153 20 30 1 22 30 32 11 33 27
13414 21 32 248 31 28 26 24 33 23 36 33 27
13415 21 31 155 13 31 1 19 20 26 22 33 27
13416 21 29 383 31 17 20 23 37 27 34 33 27
13417 22 31 205 26 22 46 22 1 36 33 34 27
13418 21 27 159 18 26 20 21 36 27 19 33 27
13419 21 23 218 19 24 14 21 27 32 12 33 27
13420 22 34 163 24 39 1 22 28 27 28 33 27
13421 21 32 215 33 25 27 20 40 26 40 33 27
13422 21 34 172 17 25 5 23 19 29 15 33 27
13423 21 30 126 38 20 58 23 13 30 19 33 27
13424 21 30 350 25 31 17 25 28 32 24 33 27
13425 21 23 235 32 23 7 25 15 32 10 33 27
13426 21 23 102 21 29 1 24 18 26 1 33 27
13427 21 32 164 18 35 1 19 25 24 18 33 27
13428 21 27 280 30 20 12 28 46 29 20 33 27
13429 21 27 375 27 20 23 23 30 26 20 33 27
13430 21 34 164 24 34 78 28 30 29 20 33 27
13431 21 33 355 27 29 1 23 21 24 28 33 27
13432 21 23 555 26 23 19 21 24 30 1 33 27
13433 21 34 265 29 24 55 27 30 29 35 33 27
13434 21 28 163 34 23 29 23 29 20 24 33 27
13435 22 34 378 24 29 68 25 26 26 7 33 27
13436 21 31 199 25 35 52 20 35 24 1 33 27
13437 21 24 90 22 17 1 19 36 28 1 33 27
13438 22 34 191 23 32 119 22 16 29 1 33 27
13439 22 31 178 21 31 36 25 27 29 12 33 27
13440 21 31 186 22 31 41 19 18 26 2 33 27
13441 21 33 175 25 32 80 23 23 26 11 33 27
13442 21 25 452 19 24 1 19 21 18 18 33 27
13443 21 35 547 36 33 1 25 34 24 38 33 27
13444 21 36 181 39 35 1 23 42 27 38 33 27
13445 21 26 103 36 34 1 20 32 29 1 33 27
13446 21 27 99 25 34 1 21 46 29 9 33 27
13447 21 33 103 26 32 104 23 20 25 8 33 27
13448 21 25 214 23 26 1 22 24 32 14 33 27
13449 21 32 156 33 31 82 30 25 34 5 33 27
13450 22 36 96 20 42 101 19 15 27 2 33 27
13451 21 37 202 19 34 24 23 25 25 38 33 27
13452 21 36 211 32 21 1 28 28 29 41 33 27
13453 21 38 294 39 31 1 22 38 29 35 33 27
13454 21 33 185 20 35 39 22 15 28 8 33 27
13455 21 35 251 20 32 17 21 30 25 35 33 27
13456 22 31 233 30 19 18 24 33 32 26 33 27
13457 21 32 202 26 26 80 28 27 23 15 33 27
13458 21 33 111 27 29 1 21 23 25 30 33 27
13459 22 36 203 35 32 60 22 29 32 15 33 27
13460 21 30 493 16 38 1 19 20 28 14 33 27
13461 21 32 102 27 29 9 19 32 27 31 33 27
13462 21 28 257 26 21 1 26 1 27 29 33 27
13463 21 30 184 36 31 1 24 22 26 19 33 27
13464 22 25 93 26 27 4 17 26 25 5 33 27
13465 21 35 116 27 27 91 25 20 27 25 33 27
13466 21 30 132 30 23 25 27 25 29 26 33 27
13467 21 36 228 20 40 17 16 13 21 19 33 27
13468 22 39 122 30 37 34 20 18 26 25 33 27
13469 21 36 229 31 22 29 24 24 28 27 33 27
13470 21 26 285 28 21 6 27 25 27 9 33 27
13471 21 28 136 14 34 41 22 22 32 1 33 27
13472 21 35 90 19 30 1 28 30 19 23 33 27
13473 21 25 343 27 24 1 27 43 22 6 33 27
13474 21 34 166 38 29 24 18 28 25 30 33 27
13475 22 30 150 21 26 1 25 30 17 25 33 27
13476 21 42 151 21 37 22 24 30 33 49 33 27
13477 21 31 987 25 30 1 20 31 24 29 33 27
13478 21 34 285 35 31 65 22 34 29 26 33 27
13479 21 26 368 18 29 55 17 31 22 1 33 27
13480 21 27 184 32 22 24 22 34 21 13 33 27
13481 21 33 210 24 29 27 22 16 31 40 33 27
13482 21 27 117 8 32 1 17 25 26 1 33 27
13483 21 20 218 13 10 9 23 24 22 12 33 27
13484 21 26 152 13 29 1 24 28 16 25 33 27
13485 21 31 240 22 37 1 25 21 25 12 33 27
13486 21 29 247 15 30 1 18 28 26 8 33 27
13487 21 28 202 26 30 33 25 30 29 15 33 27
13488 21 33 317 22 35 70 22 26 26 15 33 27
13489 22 39 204 24 43 74 22 19 26 13 33 27
13490 21 36 143 17 40 78 24 25 32 8 33 27
13491 21 29 185 27 39 6 24 1 30 5 33 27
13492 21 38 382 29 31 89 24 23 25 27 33 27
13493 21 30 220 20 30 12 24 27 26 3 33 27
13494 21 31 101 20 28 17 17 15 27 9 33 27
13495 22 35 299 31 27 41 29 33 26 18 33 27
13496 21 29 120 17 34 53 27 17 22 1 33 27
13497 21 30 766 17 36 37 20 24 24 15 33 27
13498 21 30 128 18 21 1 21 18 24 39 33 27
13499 22 33 229 25 24 59 24 34 28 25 33 27
13500 21 37 252 41 38 38 29 34 28 13 33 27
13501 21 32 317 24 31 33 25 33 28 8 33 27
13502 21 32 142 25 36 3 25 34 33 20 33 27
13503 22 33 106 27 26 27 22 18 36 20 33 27
13504 21 34 189 32 31 13 21 24 32 37 33 27
13505 21 34 168 18 35 69 23 27 29 7 33 27
13506 21 28 220 18 34 9 34 32 35 5 33 27
13507 21 33 255 18 18 34 27 34 49 30 33 27
13508 21 33 674 21 36 54 24 21 28 8 33 27
13509 22 30 316 31 27 18 22 36 28 9 33 27
13510 21 30 132 34 38 30 25 7 28 4 33 27
13511 22 26 228 22 10 16 22 27 24 5 33 27
13512 21 34 131 32 27 25 22 28 30 16 33 27
13513 21 34 1438 35 21 40 24 39 24 34 33 27
13514 21 31 301 25 35 50 25 25 30 10 33 27
13515 21 32 118 22 38 1 24 21 44 6 33 27
13516 21 31 97 26 29 8 24 35 19 34 33 27
13517 22 37 364 28 34 55 21 33 21 28 33 27
13518 22 28 120 30 25 46 25 22 25 13 33 27
13519 22 37 161 33 13 37 23 1 32 36 33 27
13520 21 32 91 25 36 10 20 1 24 5 33 27
13521 21 24 335 24 20 1 16 13 21 1 32 27
13522 21 33 188 33 28 49 25 46 25 10 33 27
13523 21 32 175 32 30 33 23 31 23 16 33 27
13524 21 34 180 35 23 1 19 28 24 48 33 27
13525 21 28 177 29 37 81 24 20 21 11 33 27
13526 21 34 594 19 29 21 24 51 21 25 33 27
13527 21 32 171 27 29 1 17 28 26 32 33 27
13528 21 36 492 30 34 1 18 17 19 23 33 27
13529 22 27 250 25 20 46 23 36 22 16 33 27
13530 22 34 166 32 39 1 18 24 23 17 33 27
13531 21 37 400 18 29 18 17 33 26 45 33 27
13532 21 28 127 25 25 1 21 32 21 12 33 27
13533 21 24 153 34 26 25 30 17 25 1 33 27
13534 21 35 271 40 37 12 17 32 25 28 33 27
13535 22 38 183 43 30 106 30 1 29 28 33 27
13536 21 28 279 52 25 49 19 29 24 4 33 27
13537 21 27 312 33 24 56 21 22 23 1 33 27
13538 21 32 135 7 37 17 21 18 27 1 33 27
13539 21 25 259 18 22 16 25 19 32 11 33 27
13540 22 23 521 37 24 55 20 29 23 1 33 27
13541 21 31 505 19 24 68 26 25 26 17 33 27
13542 21 37 137 34 36 28 22 43 25 22 33 27
13543 21 27 103 25 28 1 21 32 18 9 33 27
13544 22 38 1150 25 22 37 27 32 29 56 33 27
13545 21 33 516 14 33 10 24 21 30 13 33 27
13546 21 30 96 24 22 1 26 24 24 31 33 27
13547 22 35 595 26 36 66 23 30 21 23 33 27
13548 21 33 225 21 30 79 23 26 27 17 33 27
13549 21 31 131 34 28 29 21 29 24 28 33 27
13550 21 33 158 25 18 30 20 30 24 46 33 27
13551 21 27 547 29 31 89 25 31 31 1 33 27
13552 21 25 102 23 18 76 18 24 18 4 33 27
13553 21 31 225 30 32 1 20 22 17 24 33 27
13554 21 33 325 16 29 11 24 23 24 25 33 27
13555 21 32 205 22 26 57 20 22 27 24 33 27
13556 21 31 282 36 14 10 22 32 23 42 33 27
13557 21 30 134 25 19 2 23 30 23 35 33 27
13558 21 30 158 15 41 21 24 19 26 1 33 27
13559 22 28 162 27 25 1 21 1 37 1 33 27
13560 21 36 240 33 25 107 28 32 19 38 33 27
13561 22 36 189 25 34 85 23 24 25 7 33 27
13562 21 33 200 30 33 16 25 29 32 32 33 27
13563 21 32 185 25 17 41 21 25 31 33 33 27
13564 21 30 162 19 37 41 22 21 20 1 33 27
13565 21 33 233 17 32 11 20 20 27 13 33 27
13566 21 32 228 27 31 52 23 23 23 23 33 27
13567 21 25 301 38 24 40 25 36 27 3 33 27
13568 21 32 186 22 33 58 24 25 27 5 33 27
13569 21 26 614 32 20 2 22 35 19 10 33 27
13570 22 30 406 21 25 16 21 31 28 21 33 27
13571 21 31 356 18 31 8 17 24 25 2 33 27
13572 22 33 153 27 24 39 19 22 24 21 33 27
13573 21 27 248 22 18 48 22 33 28 27 33 27
13574 21 29 667 17 22 20 23 32 32 1 33 27
13575 39 50 217 36 66 1 42 57 29 1 56 49
13576 21 30 147 26 23 1 23 35 20 33 33 27
13577 21 29 271 29 26 22 21 18 30 9 33 27
13578 21 35 173 28 42 74 21 43 18 17 33 27
13579 22 35 164 27 24 84 24 20 27 22 33 27
13580 21 31 100 28 34 1 18 22 29 6 33 27
13581 21 30 203 36 26 13 22 37 26 32 33 27
13582 21 34 523 29 35 1 21 16 24 18 33 27
13583 22 33 217 23 35 25 29 30 25 7 33 27
13584 21 36 214 41 26 112 26 40 27 25 33 27
13585 22 21 243 26 21 1 25 31 36 1 33 27
13586 21 32 177 17 33 57 22 24 26 7 33 27
13587 22 25 172 23 22 6 17 26 26 1 33 27
13588 22 34 139 12 32 14 20 15 24 30 33 27
13589 21 31 231 13 25 57 20 31 21 25 33 27
13590 22 29 162 21 33 5 22 28 23 1 33 27
13591 21 28 97 26 30 47 30 29 31 30 33 27
13592 22 27 219 29 23 22 23 42 24 12 33 27
13593 21 28 176 22 26 18 19 28 27 7 33 27
13594 21 29 104 27 26 1 22 45 14 21 33 27
13595 21 34 121 15 37 1 19 14 24 18 33 27
13596 21 34 629 25 29 39 21 30 23 21 33 27
13597 21 30 780 24 30 1 28 32 31 20 33 27
13598 21 35 175 11 39 1 20 23 24 30 33 27
13599 22 27 178 21 18 7 28 34 34 39 33 27
13600 22 35 178 14 28 53 21 18 27 43 33 27
13601 22 31 157 23 32 1 25 39 26 26 33 27
13602 21 34 296 31 33 63 25 18 24 18 33 27
13603 21 30 129 17 29 18 22 24 20 3 33 27
13604 21 32 171 38 20 73 20 28 27 18 33 27
13605 21 28 231 41 30 60 21 47 23 6 33 27
13606 21 30 265 22 29 1 21 28 29 31 33 27
13607 21 25 311 25 24 27 25 27 24 1 33 27
13608 22 29 280 28 34 1 19 25 24 17 33 27
13609 21 36 198 26 27 13 22 31 29 35 33 27
13610 21 32 529 37 33 89 27 50 20 14 33 27
13611 21 26 290 33 19 32 18 50 27 12 33 27
13612 21 26 271 29 27 56 27 26 34 3 33 27
13613 21 35 200 33 23 87 21 35 25 44 33 27
13614 21 37 265 30 34 1 20 30 27 44 33 27
13615 21 34 230 37 31 9 23 18 29 12 33 27
13616 21 35 174 33 23 80 23 25 24 32 33 27
13617 21 34 164 25 32 52 28 24 26 2 33 27
13618 21 32 129 23 32 22 22 22 23 23 33 27
13619 21 36 178 24 32 88 20 17 29 18 33 27
13620 21 27 332 32 16 34 21 50 19 19 33 27
13621 21 36 354 29 37 21 24 29 25 14 33 27
13622 21 24 294 17 22 58 21 24 27 3 33 27
13623 21 32 171 30 24 30 23 33 30 34 33 27
13624 21 33 147 27 35 94 22 19 23 6 33 27
13625 21 37 277 30 24 36 22 1 32 44 33 27
13626 21 31 165 23 35 1 23 32 25 23 33 27
13627 21 26 159 25 28 58 20 22 27 12 33 27
13628 21 37 255 35 26 52 28 21 31 39 33 27
13629 21 31 169 35 28 40 25 25 26 14 33 27
13630 21 36 111 19 36 1 22 20 24 30 33 27
13631 21 42 372 27 39 104 18 21 22 16 33 27
13632 21 32 148 25 27 1 17 24 30 12 33 27
13633 22 32 127 29 25 48 29 26 28 24 33 27
13634 21 29 237 34 29 20 21 33 24 27 33 27
13635 21 29 296 15 31 39 25 19 25 1 33 27
13636 21 35 150 31 23 1 25 30 23 44 33 27
13637 21 30 120 22 24 30 19 24 22 14 33 27
13638 22 29 159 22 30 85 23 16 24 1 33 27
13639 21 25 155 18 30 1 18 19 21 5 33 27
13640 21 30 491 30 29 39 22 31 25 25 33 27
13641 22 36 167 30 34 80 23 25 27 22 33 27
13642 21 31 287 19 28 21 24 23 25 32 33 27
13643 22 33 334 36 20 17 21 34 24 46 33 27
13644 21 30 202 18 33 1 30 28 29 22 33 27
13645 21 31 165 25 21 34 22 31 25 21 33 27
13646 21 26 142 28 32 1 21 25 27 1 33 27
13647 21 35 179 18 30 97 23 28 32 18 33 27
13648 21 29 568 30 27 1 29 38 31 23 33 27
13649 21 32 242 18 32 17 21 24 23 26 33 27
13650 21 36 135 25 24 33 26 56 32 34 33 27
13651 21 32 219 34 20 24 25 29 31 50 33 27
13652 21 31 290 32 20 1 26 37 29 38 33 27
13653 21 35 159 22 28 1 22 19 24 33 33 27
13654 21 27 174 25 31 16 20 23 26 3 33 27
13655 21 23 135 20 22 1 22 32 24 15 33 27
13656 21 30 432 21 30 54 22 32 27 1 33 27
13657 21 38 551 29 35 1 24 39 33 36 33 27
13658 21 37 563 29 26 16 16 32 27 43 33 27
13659 21 31 574 21 33 55 20 22 29 1 32 27
13660 21 39 157 32 29 62 22 1 30 29 33 27
13661 22 32 236 19 33 1 21 1 32 16 33 27
13662 21 32 229 33 29 1 23 33 32 44 33 27
13663 21 30 248 23 27 1 21 32 27 26 33 27
13664 21 33 103 34 22 34 23 29 28 25 33 27
13665 21 36 210 14 31 10 25 32 33 17 33 27
13666 21 35 220 30 32 29 25 26 27 24 33 27
13667 22 27 351 36 14 1 24 32 26 27 33 27
13668 21 28 252 25 26 1 22 26 26 16 33 27
13669 21 27 218 17 29 1 23 22 24 18 33 27
13670 21 36 157 25 40 65 22 18 23 4 33 27
13671 21 37 157 20 34 13 21 22 29 34 33 27
13672 21 35 149 25 38 65 20 32 28 10 33 27
13673 22 30 372 11 33 18 22 20 21 1 33 27
13674 21 25 230 21 22 14 15 1 28 1 33 27
13675 21 24 143 23 26 1 21 34 30 5 33 27
13676 21 32 264 26 38 1 22 19 26 8 33 27
13677 21 27 787 11 26 1 23 31 25 1 32 27
13678 21 37 220 29 34 122 25 12 26 1 33 27
13679 21 29 216 28 23 6 28 39 31 28 33 27
13680 21 34 95 15 38 12 20 16 25 18 33 27
13681 21 30 98 28 16 1 24 30 30 34 33 27
13682 21 32 414 26 27 1 25 33 24 41 33 27
13683 22 29 140 31 13 5 21 31 31 48 34 27
13684 21 41 119 25 40 4 21 28 24 30 33 27
13685 21 36 143 36 32 1 25 28 28 33 33 27
13686 21 27 267 32 24 91 22 30 21 1 33 27
13687 21 32 184 30 22 1 21 37 15 45 33 27
13688 21 35 178 27 30 34 23 14 25 24 33 27
13689 21 26 823 24 18 5 17 24 25 24 33 27
13690 21 27 198 20 18 31 22 27 25 1 33 27
13691 21 39 115 25 33 96 21 25 28 36 33 27
13692 21 23 152 33 14 24 25 31 29 15 33 27
13693 21 41 417 40 39 85 25 26 34 31 33 27
13694 21 27 244 24 21 11 20 23 27 12 33 27
13695 22 36 187 28 42 19 24 14 30 27 33 27
13696 21 24 190 23 28 1 23 22 25 1 33 27
13697 21 32 87 22 31 53 22 35 26 28 33 27
13698 21 34 326 29 34 1 24 43 28 30 33 27
13699 22 38 174 30 32 71 24 28 27 32 33 27
13700 21 27 135 30 25 28 20 21 25 8 33 27
13701 21 30 128 25 27 39 29 33 29 13 33 27
13702 22 30 188 20 31 40 25 26 28 1 33 27
13703 21 27 142 20 26 25 22 1 31 1 32 27
13704 21 31 159 27 26 42 24 24 23 5 33 27
13705 21 35 182 17 29 39 22 17 38 11 33 27
13706 21 30 152 30 32 59 25 39 23 1 33 27
13707 21 42 182 25 31 67 22 25 26 35 33 27
13708 21 27 118 11 27 18 20 20 33 1 33 27
13709 21 30 1066 25 28 21 17 21 25 17 33 27
13710 21 31 164 30 32 1 26 31 25 33 33 27
13711 21 32 247 30 22 26 24 32 33 31 33 27
13712 22 31 285 29 32 20 23 15 27 3 33 27
13713 21 37 215 29 25 1 22 36 22 50 33 27
13714 21 21 234 35 24 27 25 57 26 8 33 27
13715 21 27 127 22 12 39 22 33 23 23 33 27
13716 22 27 310 15 37 21 26 24 29 1 32 27
13717 21 26 130 10 30 60 25 25 31 1 33 27
13718 21 29 223 11 36 1 20 32 29 1 33 27
13719 21 32 364 35 25 33 22 38 30 35 33 27
13720 21 29 362 20 21 34 22 23 25 24 33 27
13721 21 31 253 38 24 56 22 27 33 9 33 27
13722 21 30 162 21 30 14 22 22 31 7 33 27
13723 21 30 248 21 24 17 23 32 29 33 33 27
13724 22 38 111 27 36 2 24 1 30 26 33 27
13725 21 29 415 29 36 47 23 19 29 1 33 27
13726 21 37 229 36 37 43 21 30 24 16 33 27
13727 21 25 161 26 22 1 22 32 27 28 33 27
13728 21 32 238 27 32 61 27 21 35 19 33 27
13729 21 35 156 34 33 1 23 30 19 33 33 27
13730 21 30 415 15 28 6 19 17 28 15 33 27
13731 21 32 164 23 28 4 24 23 32 31 33 27
13732 22 34 237 21 40 1 24 1 33 16 33 27
13733 21 26 204 29 22 68 18 25 24 8 33 27
13734 22 32 143 25 28 61 23 31 20 10 33 27
13735 21 33 277 26 30 18 20 35 18 12 33 27
13736 21 31 106 18 29 1 23 17 26 14 33 27
13737 22 30 149 29 35 8 20 27 23 11 33 27
13738 21 38 205 32 33 52 20 39 26 33 33 27
13739 21 27 596 32 32 1 20 17 22 10 33 27
13740 21 31 419 17 39 1 23 30 25 1 33 27
13741 22 30 206 27 28 66 22 25 36 10 33 27
13742 22 27 461 22 26 3 24 26 25 13 33 27
13743 22 28 125 26 32 1 22 27 27 14 33 27
13744 21 27 469 28 28 1 23 34 26 24 33 27
13745 21 33 93 34 25 23 22 29 23 29 33 27
13746 21 38 103 23 26 31 22 19 27 30 33 27
13747 21 31 142 26 36 40 20 25 29 1 33 27
13748 22 37 386 24 34 1 21 24 61 35 33 27
13749 22 30 117 37 22 53 24 36 29 30 33 27
13750 21 28 239 3 40 1 22 28 24 10 33 27
13751 22 25 152 14 32 1 19 22 24 1 33 27
13752 21 31 150 37 15 1 27 40 25 39 33 27
13753 21 32 515 27 24 1 20 26 27 29 33 27
13754 21 31 122 42 25 21 20 26 25 16 33 27
13755 21 31 337 34 18 23 19 35 25 37 33 27
13756 22 31 95 13 32 4 27 21 29 16 33 27
13757 21 30 258 29 26 5 22 27 26 7 33 27
13758 21 29 74 25 33 1 22 40 27 3 33 27
13759 22 31 350 21 28 60 26 23 22 1 33 27
13760 22 31 197 44 21 28 23 31 23 33 34 27
13761 21 26 108 18 24 24 21 22 19 8 33 27
13762 21 34 109 46 18 75 19 1 28 37 33 27
13763 21 38 149 23 37 29 33 21 31 36 33 27
13764 21 35 236 37 32 1 21 35 25 28 33 27
13765 21 34 110 14 30 1 19 21 27 21 33 27
13766 22 34 326 42 16 24 26 36 31 37 33 27
13767 21 20 96 27 21 1 25 22 29 14 33 27
13768 21 27 429 26 12 1 25 30 24 38 33 27
13769 21 36 455 39 35 74 17 39 23 18 33 27
13770 21 34 206 32 22 10 25 26 25 31 33 27
13771 21 31 142 30 29 1 19 32 29 36 33 27
13772 21 22 155 33 23 1 25 32 24 11 33 27
13773 22 38 309 22 42 48 21 20 28 15 33 27
13774 21 32 170 23 30 35 24 32 28 20 33 27
13775 21 37 272 28 33 48 24 20 29 24 33 27
13776 21 30 455 22 30 7 21 29 25 13 33 27
13777 21 32 118 39 27 26 23 27 24 24 33 27
13778 21 29 166 30 34 29 18 16 24 9 33 27
13779 21 32 165 30 24 72 22 29 24 34 33 27
13780 21 30 644 17 29 37 20 25 32 8 33 27
13781 21 30 227 27 28 75 24 24 24 5 33 27
13782 22 30 201 21 33 1 22 31 23 2 33 27
13783 21 31 1027 18 33 85 25 26 26 1 33 27
13784 21 28 82 24 28 19 22 39 31 15 33 27
13785 21 27 197 37 18 73 24 25 27 14 33 27
13786 21 31 221 24 24 18 24 16 32 10 33 27
13787 21 32 305 36 23 10 21 42 30 41 33 27
13788 22 30 293 29 22 1 24 28 21 26 33 27
13789 22 40 295 24 38 1 20 31 26 42 33 27
13790 21 32 175 28 31 57 25 39 25 20 33 27
13791 21 30 151 38 28 1 19 32 25 30 33 27
13792 22 85 604 514 127 1 42 34 40 25 33 27
13793 21 39 160 29 39 78 25 18 26 20 33 27
13794 22 32 226 31 23 1 18 25 23 41 33 27
13795 21 34 337 23 29 37 24 27 24 19 33 27
13796 22 28 258 37 33 3 27 18 36 11 33 27
13797 22 33 426 24 23 76 24 11 34 22 33 27
13798 21 35 142 22 26 1 24 19 24 34 33 27
13799 21 29 303 34 27 53 23 24 28 12 33 27
13800 21 36 178 33 26 51 23 27 29 38 33 27
13801 21 29 138 16 40 39 25 20 29 1 33 27
13802 22 27 337 20 24 14 24 28 28 15 33 27
13803 21 39 232 35 41 1 23 1 33 24 33 27
13804 21 28 108 35 27 42 19 36 20 12 33 27
13805 21 30 152 20 29 74 27 24 27 4 33 27
13806 21 33 295 19 31 21 23 21 27 11 33 27
13807 21 29 548 22 31 59 21 21 26 12 33 27
13808 21 37 274 25 31 76 29 18 26 34 33 27
13809 22 32 199 28 35 1 23 34 24 3 33 27
13810 21 33 851 31 29 16 22 33 25 23 33 27
13811 21 32 180 34 25 57 22 41 30 17 33 27
13812 21 23 310 25 32 1 18 25 26 7 33 27
13813 21 35 244 16 36 70 24 32 32 14 33 27
13814 21 26 135 15 24 21 24 27 21 4 33 27
13815 22 34 114 34 35 1 21 1 37 21 33 27
13816 21 29 116 18 27 28 26 26 28 6 33 27
13817 22 32 103 13 37 1 21 16 28 23 33 27
13818 21 33 172 20 33 1 27 35 18 33 33 27
13819 22 34 107 36 25 20 20 34 18 40 33 27
13820 21 29 139 26 24 40 22 28 27 4 33 27
13821 21 32 137 41 25 54 25 1 36 32 33 27
13822 21 33 167 27 32 80 23 17 29 1 33 27
13823 21 36 246 27 34 79 25 23 33 25 33 27
13824 21 19 322 30 26 1 16 22 30 1 33 27
13825 21 27 162 33 26 1 27 30 35 18 33 27
13826 21 31 86 24 24 1 22 1 23 26 33 27
13827 21 28 223 35 19 73 21 23 21 17 33 27
13828 21 26 287 36 39 1 21 20 31 6 33 27
13829 21 25 183 24 18 22 23 29 25 26 33 27
13830 21 29 101 18 30 27 22 25 31 17 33 27
13831 21 29 153 30 23 12 18 1 26 20 33 27
13832 21 37 380 28 37 61 20 24 30 24 33 27
13833 21 31 392 24 35 13 24 31 26 19 33 27
13834 21 31 136 19 32 1 26 24 26 8 33 27
13835 21 29 120 18 25 59 26 28 31 9 33 27
13836 21 31 227 21 24 32 25 19 25 23 33 27
13837 21 38 461 31 24 30 25 31 28 40 33 27
13838 21 30 327 24 40 1 25 30 29 17 33 27
13839 22 36 116 37 31 1 20 33 27 31 33 27
13840 21 26 242 21 28 1 23 32 26 9 33 27
13841 21 27 188 13 28 1 23 29 20 3 33 27
13842 22 35 103 20 35 1 20 41 23 17 33 27
13843 21 24 99 40 30 47 23 19 26 1 32 27
13844 21 33 134 18 36 13 21 17 32 16 33 27
13845 21 34 161 22 19 76 24 22 30 30 33 27
13846 21 34 195 37 32 1 20 38 21 26 33 27
13847 21 37 160 22 38 36 20 24 28 29 33 27
13848 21 20 183 23 15 1 19 28 23 22 33 27
13849 21 28 163 24 24 53 20 16 30 17 33 27
13850 21 34 152 27 35 4 23 26 25 9 33 27
13851 21 23 161 21 29 1 20 28 18 10 33 27
13852 21 35 178 20 32 88 27 27 28 16 33 27
13853 22 33 180 11 35 1 23 29 27 21 33 27
13854 22 31 222 21 24 13 24 36 25 24 33 27
13855 21 35 296 34 21 37 26 34 27 23 33 27
13856 21 33 443 33 31 1 24 28 28 34 33 27
13857 21 33 183 18 21 17 35 21 21 28 33 27
13858 21 32 557 28 30 38 22 18 21 22 33 27
13859 21 32 522 36 19 20 21 32 24 42 33 27
13860 21 31 101 19 42 17 20 20 25 8 33 27
13861 21 34 291 34 36 93 23 33 26 8 33 27
13862 21 29 645 33 36 28 21 31 22 3 33 27
13863 22 37 283 22 32 1 22 30 26 30 33 27
13864 21 31 235 26 31 67 23 20 20 1 33 27
13865 21 31 99 16 40 11 22 22 26 6 33 27
13866 21 26 121 18 28 27 25 22 24 6 33 27
13867 21 34 184 25 33 53 26 25 27 1 33 27
13868 22 27 119 9 28 1 19 25 23 9 33 27
13869 21 24 209 21 24 2 18 1 26 10 33 27
13870 21 28 215 30 30 1 20 29 22 12 33 27
13871 21 30 157 28 30 24 27 27 27 1 33 27
13872 21 32 224 26 24 42 22 20 32 10 33 27
13873 21 32 231 28 19 1 19 29 24 41 33 27
13874 21 33 139 26 38 100 22 28 20 11 33 27
13875 21 30 186 19 32 40 17 28 23 22 33 27
13876 21 27 178 15 32 1 22 33 25 1 33 27
13877 21 36 172 17 41 73 22 34 27 17 33 27
13878 21 33 364 36 31 4 22 1 32 1 33 27
13879 22 31 148 36 17 1 21 43 22 38 33 27
13880 21 30 236 29 16 1 24 41 30 38 33 27
13881 21 33 134 32 38 65 23 23 27 8 33 27
13882 21 35 144 18 39 72 21 14 26 11 33 27
13883 21 28 694 15 23 1 25 20 25 17 33 27
13884 21 32 128 30 26 69 24 23 22 26 33 27
13885 21 33 117 27 26 1 18 23 28 30 33 27
13886 21 32 397 36 17 12 24 27 26 47 33 27
13887 21 26 153 19 16 3 25 33 23 35 33 27
13888 21 28 296 25 30 9 21 19 23 18 33 27
13889 21 29 210 20 34 1 25 28 28 1 32 27
13890 22 29 676 22 31 8 21 31 28 12 33 27
13891 21 29 266 29 27 51 19 21 29 20 33 27
13892 21 32 349 17 32 31 25 23 44 26 33 27
13893 21 26 437 25 20 1 22 19 25 7 33 27
13894 21 21 309 20 23 1 27 47 24 9 33 27
13895 22 36 191 33 28 20 26 36 27 35 33 27
13896 21 32 195 19 23 32 21 47 28 37 33 27
13897 21 37 278 37 33 1 22 33 24 53 33 27
13898 21 31 250 28 20 1 24 22 23 24 33 27
13899 22 33 479 25 37 12 20 30 22 20 33 27
13900 22 29 568 26 23 15 23 30 26 5 33 27
13901 22 34 237 28 34 1 20 29 19 12 33 27
13902 21 35 345 36 29 100 19 32 26 26 33 27
13903 22 34 151 40 23 1 23 38 27 45 33 27
13904 21 34 209 29 32 23 26 34 30 28 33 27
13905 21 33 98 17 35 92 24 26 33 8 33 27
13906 21 35 232 32 38 63 20 26 29 2 33 27
13907 21 36 188 36 38 1 25 35 33 31 33 27
13908 21 28 190 22 27 38 20 35 26 5 33 27
13909 21 35 195 29 34 1 23 34 23 35 33 27
13910 21 32 388 27 28 50 19 37 24 34 33 27
13911 21 39 257 29 33 99 26 28 22 32 33 27
13912 21 32 124 23 29 69 20 27 24 23 33 27
13913 21 33 395 28 23 38 21 27 26 36 33 27
13914 21 28 246 23 34 1 25 29 25 20 33 27
13915 21 30 153 22 32 1 23 28 30 1 33 27
13916 21 29 250 23 34 54 20 33 26 1 33 27
13917 22 30 199 18 28 23 26 22 25 17 33 27
13918 21 28 368 30 20 42 22 28 30 14 33 27
13919 21 31 624 29 21 8 20 33 25 45 33 27
13920 21 34 220 26 36 32 24 19 27 8 33 27
13921 21 28 215 14 28 1 21 18 26 14 33 27
13922 21 33 322 29 23 50 21 29 22 47 33 27
13923 22 31 856 25 22 3 20 40 19 21 33 27
13924 21 34 95 17 30 1 25 44 27 30 33 27
13925 21 35 105 17 33 1 24 30 27 34 33 27
13926 22 35 549 37 24 19 22 46 24 50 33 27
13927 21 26 286 30 26 1 24 44 20 6 33 27
13928 21 31 344 22 30 1 23 25 27 21 33 27
13929 21 29 475 25 33 1 22 20 26 2 33 27
13930 21 34 341 19 37 61 23 21 23 19 33 27
13931 22 30 195 15 39 33 18 21 26 1 33 27
13932 21 31 332 25 32 1 21 26 26 16 33 27
13933 21 31 220 20 26 38 24 38 22 35 33 27
13934 21 31 498 22 30 24 20 36 19 17 33 27
13935 21 25 153 22 28 26 20 21 30 1 33 27
13936 22 27 160 26 23 1 26 35 23 31 33 27
13937 21 28 106 22 35 70 21 23 25 1 33 27
13938 21 35 213 22 29 34 26 13 38 27 33 27
13939 22 27 109 30 31 67 25 30 26 1 33 27
13940 21 33 541 31 24 33 25 32 33 42 33 27
13941 21 37 185 29 34 59 24 38 29 16 33 27
13942 21 34 441 29 31 88 18 19 26 29 33 27
13943 21 33 246 29 28 52 23 32 30 11 33 27
13944 22 33 177 13 43 3 22 24 28 1 33 27
13945 21 36 218 38 26 17 23 33 29 41 33 27
13946 21 34 198 32 29 63 25 25 23 33 33 27
13947 21 34 300 19 27 51 26 32 18 28 33 27
13948 21 33 139 22 37 54 23 24 32 20 33 27
13949 22 33 92 23 30 60 22 28 30 26 33 27
13950 21 28 112 23 32 27 24 30 28 7 33 27
13951 22 28 189 42 25 109 21 39 29 1 33 27
13952 22 31 295 25 34 73 21 23 21 13 33 27
13953 22 29 146 21 29 22 20 26 15 18 33 27
13954 21 25 268 21 27 23 28 21 26 1 33 27
13955 21 31 109 23 33 62 19 16 25 1 32 27
13956 21 33 618 30 29 69 26 23 27 13 33 27
13957 22 40 133 25 28 48 21 23 25 35 33 27
13958 21 26 131 33 27 2 26 43 24 15 33 27
13959 22 35 356 33 27 49 28 29 23 22 33 27
13960 21 25 138 26 30 46 25 32 30 1 33 27
13961 21 31 124 29 28 1 19 10 22 36 33 27
13962 21 31 274 16 42 32 18 20 23 19 33 27
13963 22 40 155 17 44 28 23 30 24 22 33 27
13964 21 36 298 37 24 90 27 28 30 29 33 27
13965 21 36 167 24 35 1 26 12 37 33 33 27
13966 21 32 532 24 36 66 21 32 26 5 33 27
13967 21 29 437 29 22 64 18 26 29 12 33 27
13968 21 31 146 31 32 103 24 35 33 7 33 27
13969 21 34 902 24 31 1 26 42 30 36 33 27
13970 21 31 191 27 31 1 22 27 23 24 33 27
13971 22 34 204 21 41 85 22 17 25 1 33 27
13972 21 28 93 31 19 4 22 33 24 23 33 27
13973 21 29 165 27 32 65 16 16 24 14 33 27
13974 21 34 252 37 28 1 24 36 21 39 33 27
13975 21 35 131 41 27 72 27 21 33 32 33 27
13976 21 29 607 23 18 38 21 36 21 30 33 27
13977 21 33 533 42 33 27 24 28 24 5 33 27
13978 21 31 131 27 25 21 22 27 27 26 33 27
13979 21 33 229 21 31 7 20 21 22 30 33 27
13980 21 32 350 17 36 1 23 22 31 21 33 27
13981 21 25 285 30 21 1 19 29 23 10 33 27
13982 21 36 159 25 24 12 27 23 21 23 33 27
13983 21 29 280 28 30 35 25 28 26 1 33 27
13984 21 40 192 14 48 36 20 21 28 21 33 27
13985 21 31 130 31 26 52 24 28 27 24 33 27
13986 21 34 486 28 23 75 21 18 23 19 33 27
13987 21 38 222 17 28 14 22 19 26 30 33 27
13988 21 36 295 29 30 49 25 33 33 26 33 27
13989 21 26 287 18 22 35 21 21 29 2 33 27
13990 21 35 256 38 30 51 26 32 29 36 33 27
13991 21 27 274 21 32 1 23 24 26 18 33 27
13992 21 36 463 8 44 33 24 26 23 32 33 27
13993 21 24 273 19 21 75 19 26 29 1 33 27
13994 21 35 150 32 27 1 19 29 26 43 33 27
13995 21 29 229 38 13 52 23 1 33 30 33 27
13996 22 32 505 28 21 4 24 33 22 35 33 27
13997 22 28 446 27 31 1 31 35 25 5 33 27
13998 22 33 207 21 34 10 24 1 37 10 33 27
13999 21 27 153 23 25 61 18 27 31 1 33 27
14000 21 35 192 23 38 68 15 24 22 1 33 27
14001 21 20 154 32 20 25 23 23 35 6 33 27
14002 21 41 158 26 36 64 18 28 19 31 33 27
14003 21 33 159 34 26 1 24 33 29 43 33 27
14004 22 28 143 32 22 41 25 21 25 15 33 27
14005 21 30 251 29 27 11 25 43 24 36 33 27
14006 21 31 141 33 19 1 20 24 25 34 33 27
14007 21 29 365 20 18 1 18 30 27 22 33 27
14008 21 23 235 31 18 47 25 13 32 1 33 27
14009 22 32 327 19 29 1 25 39 33 38 33 27
14010 22 27 161 30 34 86 17 19 21 1 33 27
14011 22 32 154 20 31 42 25 24 24 1 33 27
14012 21 32 268 26 33 18 17 32 29 1 33 27
14013 22 36 110 26 31 84 30 31 36 27 33 27
14014 21 32 163 29 28 1 17 31 19 26 33 27
14015 21 30 392 20 27 4 16 22 19 23 33 27
14016 21 34 492 20 25 76 23 21 25 20 33 27
14017 21 32 261 19 38 26 21 35 27 7 33 27
14018 21 22 113 9 38 1 21 39 23 1 33 27
14019 21 29 179 30 23 21 25 29 24 3 33 27
14020 21 29 162 29 18 1 24 33 25 31 33 27
14021 22 32 160 24 29 1 23 30 21 47 33 27
14022 21 38 221 36 32 44 22 34 19 40 33 27
14023 21 33 200 31 32 95 23 26 22 16 33 27
14024 21 30 398 31 20 26 18 29 20 23 33 27
14025 21 36 192 15 37 19 23 26 21 23 33 27
14026 21 31 353 30 27 13 25 50 23 24 33 27
14027 21 37 114 25 43 21 24 28 28 21 33 27
14028 21 27 159 18 18 24 19 29 23 20 33 27
14029 21 34 470 23 39 1 24 20 31 1 33 27
14030 21 32 180 18 31 4 26 38 25 22 33 27
14031 21 31 104 24 33 77 25 27 25 8 33 27
14032 21 28 1642 20 27 44 22 34 26 14 33 27
14033 21 32 210 10 26 31 26 20 29 13 33 27
14034 21 33 118 27 35 81 20 26 24 14 33 27
14035 21 35 115 24 33 1 28 37 27 44 33 27
14036 22 34 126 29 25 3 19 40 22 30 33 27
14037 21 30 296 23 28 1 31 18 34 36 33 27
14038 21 34 323 26 38 90 27 52 27 25 33 27
14039 21 32 111 32 24 1 21 30 24 15 33 27
14040 21 26 250 46 19 54 23 22 25 17 33 27
14041 21 27 154 32 20 17 25 34 18 20 33 27
14042 21 27 346 27 32 1 14 23 26 4 33 27
14043 22 33 109 27 25 1 20 22 22 17 33 27
14044 21 32 152 29 31 1 23 21 25 23 33 27
14045 22 35 117 36 20 14 21 40 28 44 33 27
14046 21 31 207 19 40 1 20 25 25 1 33 27
14047 22 35 211 37 25 27 21 27 28 31 33 27
14048 21 23 336 35 23 1 19 21 20 3 33 27
14049 21 26 176 30 25 1 20 22 26 1 33 27
14050 21 33 378 16 34 12 22 31 22 4 33 27
14051 21 32 279 25 28 77 22 24 25 7 33 27
14052 22 32 176 56 33 47 23 31 33 1 33 27
14053 22 33 357 25 35 29 18 32 22 7 33 27
14054 21 33 308 29 28 46 21 27 32 31 33 27
14055 22 39 166 20 34 75 21 1 27 27 33 27
14056 21 26 204 21 13 61 24 31 27 13 33 27
14057 21 28 186 31 19 14 16 29 23 21 33 27
14058 21 31 211 23 26 1 18 32 15 32 33 27
14059 21 38 185 19 34 81 20 26 19 16 33 27
14060 21 33 93 30 25 32 23 32 33 30 33 27
14061 21 33 208 22 45 19 23 24 29 1 33 27
14062 21 29 518 8 33 1 20 25 26 3 33 27
14063 21 35 171 38 30 1 24 39 25 29 33 27
14064 21 34 244 34 27 62 29 32 26 21 33 27
14065 21 31 99 18 26 1 20 29 28 27 33 27
14066 22 29 95 14 25 26 23 41 25 23 33 27
14067 21 36 315 32 30 30 26 28 23 30 33 27
14068 21 25 372 27 18 27 24 1 35 12 33 27
14069 22 31 143 23 34 30 24 26 28 25 33 27
14070 21 31 277 30 28 38 24 27 24 23 33 27
14071 21 32 199 19 32 1 21 18 29 17 33 27
14072 22 29 175 27 27 3 23 24 25 23 33 27
14073 22 29 220 17 20 28 23 26 25 13 33 27
14074 21 29 186 32 33 1 24 35 22 28 33 27
14075 21 28 247 24 23 1 20 29 29 18 33 27
14076 21 37 136 29 30 57 21 28 27 38 33 27
14077 21 28 179 18 31 1 20 33 26 13 33 27
14078 21 34 164 28 34 75 23 31 31 12 33 27
14079 21 34 145 30 31 28 22 1 29 25 33 27
14080 22 38 101 39 31 1 20 30 26 43 33 27
14081 21 32 522 40 28 12 26 26 25 11 33 27
14082 21 31 171 24 34 1 21 11 19 22 33 27
14083 21 30 184 37 35 98 23 16 30 21 33 27
14084 21 28 179 31 19 1 25 34 25 30 33 27
14085 21 33 188 26 32 1 23 20 22 14 33 27
14086 21 33 225 21 22 26 24 20 25 39 33 27
14087 21 34 161 27 33 22 23 24 30 22 33 27
14088 21 33 99 22 22 60 20 20 24 20 33 27
14089 21 31 173 20 35 1 14 29 20 30 33 27
14090 21 37 171 37 29 80 22 18 28 31 33 27
14091 22 31 304 33 24 65 26 27 35 20 33 27
14092 21 32 230 24 32 19 25 25 24 12 33 27
14093 21 33 235 16 37 32 23 49 18 23 33 27
14094 21 29 184 32 20 16 25 20 30 13 33 27
14095 21 29 156 19 32 5 29 22 27 11 33 27
14096 21 31 362 27 26 4 22 18 33 34 33 27
14097 21 36 147 29 32 41 23 13 28 23 33 27
14098 21 30 564 26 19 22 21 34 31 26 33 27
14099 22 36 114 14 25 37 27 37 25 29 33 27
14100 21 33 252 18 38 44 26 19 27 4 33 27
14101 21 23 245 28 22 1 18 32 26 1 33 27
14102 22 32 149 36 29 42 21 37 22 28 33 27
14103 21 33 151 42 23 47 28 29 27 34 33 27
14104 21 34 200 18 25 14 24 30 25 26 33 27
14105 21 27 258 26 29 38 21 25 23 1 33 27
14106 22 30 297 18 30 22 19 24 24 13 33 27
14107 21 36 144 20 30 73 25 32 26 21 33 27
14108 21 27 183 30 26 2 18 35 25 16 33 27
14109 21 29 401 28 22 13 23 33 25 26 33 27
14110 21 28 184 28 32 38 21 23 26 7 33 27
14111 21 32 303 24 32 32 23 27 29 23 33 27
14112 21 30 214 23 29 81 19 26 25 7 33 27
14113 21 30 549 22 32 1 23 29 32 7 33 27
14114 21 31 194 20 39 1 20 28 19 34 33 27
14115 22 30 122 17 20 2 27 34 22 30 33 27
14116 21 27 149 22 23 77 24 40 31 5 33 27
14117 21 33 200 15 38 43 22 16 30 1 33 27
14118 21 34 175 21 34 103 20 23 24 13 33 27
14119 22 33 161 17 36 1 23 20 31 16 33 27
14120 21 33 178 23 38 1 22 27 30 16 33 27
14121 21 26 428 31 19 1 23 34 30 8 33 27
14122 21 38 432 23 44 1 18 25 19 17 33 27
14123 21 28 334 22 26 6 21 13 22 21 33 27
14124 21 35 302 30 29 19 21 27 28 29 33 27
14125 21 30 279 30 19 1 28 30 23 28 33 27
14126 21 31 559 26 36 17 22 32 31 18 33 27
14127 21 31 231 18 40 1 19 15 28 1 33 27
14128 21 34 210 37 21 17 20 33 24 48 33 27
14129 21 27 169 18 33 42 26 36 35 1 33 27
14130 21 31 155 24 28 31 24 17 23 1 33 27
14131 21 35 167 31 30 37 25 31 30 36 33 27
14132 21 33 246 26 34 1 22 26 25 28 33 27
14133 21 34 95 35 28 1 19 26 28 31 33 27
14134 21 29 125 27 27 1 22 25 28 25 33 27
14135 21 36 635 5 35 37 26 26 25 24 33 27
14136 22 35 172 26 38 1 22 27 25 20 33 27
14137 21 37 156 33 22 7 20 23 22 31 33 27
14138 21 33 942 27 28 1 24 30 24 25 33 27
14139 21 36 108 26 34 64 22 18 27 20 33 27
14140 21 33 288 32 34 69 23 29 24 15 33 27
14141 22 36 162 12 37 1 26 27 19 29 33 27
14142 22 37 121 33 30 1 22 24 26 21 33 27
14143 21 28 188 7 34 1 21 21 23 18 33 27
14144 21 21 222 20 9 1 24 28 28 1 33 27
14145 21 27 1058 30 25 34 21 23 30 14 33 27
14146 22 35 154 24 28 48 25 37 26 38 33 27
14147 21 37 192 40 31 1 27 28 31 36 33 27
14148 21 25 976 44 16 55 27 1 23 1 33 27
14149 21 33 653 16 39 1 22 30 24 1 33 27
14150 21 27 143 30 32 1 21 15 27 3 33 27
14151 21 33 260 20 30 15 22 36 25 38 33 27
14152 21 31 342 29 30 1 25 28 34 16 33 27
14153 22 33 102 15 33 1 20 30 25 20 33 27
14154 21 32 103 31 31 1 27 30 35 20 33 27
14155 21 35 515 26 36 1 18 25 24 25 33 27
14156 21 31 136 32 31 1 19 31 27 14 33 27
14157 21 34 190 22 32 1 23 31 30 39 33 27
14158 21 28 336 34 24 1 21 31 27 22 33 27
14159 21 30 1256 24 27 48 24 29 26 10 33 27
14160 21 33 139 17 33 58 18 21 27 1 32 27
14161 21 33 161 29 30 108 27 30 31 3 33 27
14162 21 27 171 25 24 1 18 24 24 8 33 27
14163 21 35 166 20 42 1 25 20 25 19 33 27
14164 21 30 202 18 30 3 23 21 24 21 33 27
14165 21 33 106 22 44 10 19 22 26 9 33 27
14166 21 29 526 14 31 14 29 29 21 1 33 27
14167 21 30 711 24 34 1 23 20 21 1 33 27
14168 22 34 111 22 27 1 23 33 28 30 33 27
14169 21 31 452 16 34 38 19 15 22 1 33 27
14170 21 25 148 7 31 19 22 26 34 7 33 27
14171 21 32 152 27 29 1 19 29 27 35 33 27
14172 21 33 128 29 32 1 23 29 27 19 33 27
14173 21 23 141 35 17 7 23 28 28 9 33 27
14174 21 28 310 25 24 11 27 33 33 14 33 27
14175 21 32 192 38 31 1 20 29 29 34 33 27
14176 22 34 386 33 28 1 26 37 30 36 33 27
14177 22 36 133 23 22 56 27 38 37 43 33 27
14178 21 29 172 32 32 38 27 36 35 21 33 27
14179 21 34 99 35 24 25 26 33 23 43 33 27
14180 22 27 132 14 28 1 25 30 29 1 33 27
14181 21 24 349 23 19 1 25 33 29 22 33 27
14182 21 30 194 19 28 86 22 15 28 14 33 27
14183 21 23 242 36 13 34 27 24 29 8 33 27
14184 22 34 142 10 27 1 24 19 33 32 33 27
14185 21 33 180 17 31 56 23 30 27 25 33 27
14186 22 26 89 30 21 1 28 33 26 18 33 27
14187 21 28 193 28 26 10 24 36 33 25 33 27
14188 21 31 244 36 28 1 22 31 25 32 33 27
14189 21 34 172 27 31 98 29 22 24 4 33 27
14190 21 34 187 25 31 12 22 35 30 34 33 27
14191 21 31 207 29 30 1 23 42 31 31 33 27
14192 21 26 205 19 25 65 27 20 20 1 33 27
14193 21 33 105 19 30 39 21 47 28 26 33 27
14194 21 35 130 23 27 47 20 49 22 23 33 27
14195 21 34 623 24 30 1 23 30 40 37 33 27
14196 21 29 395 30 23 1 26 29 30 15 33 27
14197 21 26 93 35 20 4 23 39 27 31 33 27
14198 21 32 246 18 26 5 23 23 25 16 33 27
14199 21 33 550 13 39 1 20 28 26 17 33 27
14200 21 28 797 32 22 82 22 35 22 16 33 27
14201 21 26 282 32 20 1 21 36 28 14 33 27
14202 21 35 187 31 36 26 20 32 29 7 33 27
14203 21 39 193 24 34 11 28 21 26 35 33 27
14204 21 39 1958 29 36 1 18 34 26 29 33 27
14205 21 28 190 23 37 1 20 24 28 1 33 27
14206 21 36 129 24 36 1 24 35 24 24 33 27
14207 21 26 176 35 19 16 24 38 29 35 33 27
14208 21 32 97 33 26 23 32 31 30 21 33 27
14209 21 30 213 36 28 43 25 36 27 19 33 27
14210 22 34 156 25 25 85 19 23 17 22 33 27
14211 21 31 156 26 24 8 22 27 20 33 33 27
14212 22 35 376 27 16 47 22 32 23 34 33 27
14213 21 32 336 22 23 27 19 18 21 4 33 27
14214 21 26 243 8 32 1 24 21 23 1 33 27
14215 22 30 253 12 36 1 22 25 29 7 33 27
14216 21 30 426 19 41 22 21 27 30 1 33 27
14217 21 23 119 23 11 1 16 31 23 25 33 27
14218 21 33 203 14 22 1 24 46 30 26 33 27
14219 21 27 195 25 28 1 25 34 27 13 33 27
14220 21 38 207 28 37 60 23 25 25 28 33 27
14221 21 32 153 23 26 1 22 35 21 34 33 27
14222 21 32 400 19 24 1 23 29 26 36 33 27
14223 21 27 227 27 40 32 21 18 32 1 33 27
14224 21 28 172 11 35 1 23 17 25 1 33 27
14225 21 28 504 24 34 1 17 20 25 1 33 27
14226 21 35 126 13 32 34 20 21 23 21 33 27
14227 22 32 147 17 37 1 17 18 20 6 33 27
14228 21 27 200 26 11 1 21 31 22 25 33 27
14229 22 42 185 29 38 1 24 28 29 45 33 27
14230 22 33 187 26 23 29 25 38 34 29 33 27
14231 21 33 119 33 31 7 25 33 25 31 33 27
14232 21 31 305 17 34 1 23 28 28 1 33 27
14233 21 33 188 26 17 13 24 33 29 47 33 27
14234 21 28 257 18 33 12 15 24 25 1 33 27
14235 21 30 273 31 33 39 23 28 29 20 33 27
14236 21 30 147 11 25 24 19 20 16 5 33 27
14237 21 34 179 35 23 1 20 38 28 48 33 27
14238 21 24 173 24 17 19 18 24 22 5 33 27
14239 21 36 167 36 30 49 27 34 24 34 33 27
14240 21 30 171 30 29 1 23 39 22 29 33 27
14241 21 30 139 18 34 20 24 15 31 5 33 27
14242 21 30 140 32 26 1 20 25 25 16 33 27
14243 21 27 231 14 33 34 22 18 29 1 33 27
14244 21 31 116 25 32 4 20 24 24 31 33 27
14245 21 33 454 21 32 32 21 37 25 26 33 27
14246 21 30 254 25 35 2 19 29 24 6 33 27
14247 21 38 349 33 33 52 22 33 23 50 33 27
14248 21 34 278 17 31 13 23 22 29 32 33 27
14249 21 32 284 23 31 58 20 25 26 1 33 27
14250 21 29 663 37 25 25 25 25 28 17 33 27
14251 21 31 135 28 27 85 23 30 20 17 33 27
14252 21 28 242 24 35 75 25 16 28 10 33 27
14253 21 28 390 26 28 1 18 27 21 23 33 27
14254 21 33 116 26 35 27 17 30 29 3 33 27
14255 22 30 299 19 39 26 22 28 30 1 32 27
14256 21 36 183 27 26 34 22 44 27 45 33 27
14257 21 32 187 25 25 5 25 26 21 33 33 27
14258 21 39 217 33 30 82 25 39 28 32 33 27
14259 21 34 401 27 25 81 25 35 30 23 33 27
14260 21 36 228 40 42 18 24 44 29 11 33 27
14261 21 31 320 34 22 69 23 30 27 23 33 27
14262 21 30 194 34 29 84 26 20 25 23 33 27
14263 21 29 297 23 32 89 20 28 25 6 33 27
14264 21 34 215 26 30 41 17 20 31 14 33 27
14265 21 31 152 29 38 64 18 23 24 10 33 27
14266 21 35 236 31 26 69 26 31 24 36 33 27
14267 21 30 293 32 25 1 26 37 23 18 33 27
14268 21 30 184 27 25 43 24 25 30 13 33 27
14269 21 29 97 28 12 1 20 30 24 42 33 27
14270 21 30 98 24 32 1 27 17 29 17 33 27
14271 22 30 167 35 17 9 21 29 24 42 33 27
14272 21 31 775 26 38 1 17 1 18 6 33 27
14273 21 35 954 20 35 1 22 16 24 21 33 27
14274 21 26 125 24 26 23 21 21 24 1 33 27
14275 21 22 170 34 8 1 18 32 25 15 33 27
14276 21 31 119 25 34 45 16 31 28 1 32 27
14277 21 32 116 31 31 45 17 32 25 10 33 27
14278 21 31 107 28 40 60 23 32 25 1 33 27
14279 21 32 187 20 31 80 22 23 25 1 33 27
14280 21 31 487 39 27 1 18 32 30 22 33 27
14281 21 33 139 16 30 1 21 25 26 38 33 27
14282 21 37 199 17 27 31 23 42 22 35 33 27
14283 21 27 97 21 34 1 22 27 26 1 33 27
14284 21 30 253 31 24 60 22 27 20 20 33 27
14285 21 29 182 33 25 8 21 26 28 17 33 27
14286 21 37 289 37 28 31 24 35 25 36 33 27
14287 22 29 97 27 27 24 21 35 27 34 33 27
14288 21 31 168 18 33 1 24 33 23 11 33 27
14289 21 36 101 39 26 41 28 35 30 40 33 27
14290 21 33 189 22 30 1 21 29 22 32 33 27
14291 21 33 172 14 29 1 24 14 21 26 33 27
14292 21 36 177 30 30 47 23 41 27 33 33 27
14293 22 33 169 22 33 96 24 21 29 1 33 27
14294 21 30 132 32 29 1 25 30 32 26 33 27
14295 21 31 199 5 34 29 22 20 28 9 33 27
14296 21 33 179 32 26 10 22 21 31 16 33 27
14297 21 31 271 23 22 3 25 51 27 27 33 27
14298 21 34 107 3 33 1 22 21 27 36 33 27
14299 21 34 402 27 20 1 22 26 28 27 33 27
14300 21 34 364 26 31 5 24 21 38 12 33 27
14301 21 39 284 29 31 63 20 32 29 30 33 27
14302 21 29 1069 22 31 33 23 28 28 7 33 27
14303 22 34 131 24 39 1 17 22 18 22 33 27
14304 21 37 329 30 36 34 21 32 24 28 33 27
14305 21 31 161 25 30 23 20 29 19 24 33 27
14306 21 35 560 22 33 44 24 33 24 8 33 27
14307 21 32 125 29 34 1 24 17 28 10 33 27
14308 21 30 205 26 27 4 26 33 25 14 33 27
14309 21 29 137 13 30 19 23 27 27 2 33 27
14310 22 33 182 31 28 47 21 34 22 37 33 27
14311 22 36 206 22 37 72 24 37 32 24 33 27
14312 21 32 629 39 24 50 23 28 27 11 33 27
14313 21 31 317 20 31 35 19 30 21 26 33 27
14314 21 33 95 20 28 1 22 13 29 31 33 27
14315 21 31 248 37 20 27 24 32 24 44 33 27
14316 21 26 204 38 16 6 21 27 29 14 33 27
14317 21 30 184 25 41 28 21 33 30 1 33 27
14318 21 24 161 36 23 1 21 26 22 5 33 27
14319 21 34 782 20 34 37 22 30 31 23 33 27
14320 22 33 361 20 35 1 20 33 38 12 33 27
14321 21 35 295 28 26 22 26 22 28 35 33 27
14322 21 37 173 28 28 52 19 30 19 25 33 27
14323 21 28 391 15 36 1 17 33 23 5 33 27
14324 22 27 150 29 23 1 22 27 26 13 33 27
14325 21 29 226 37 23 88 20 12 25 18 33 27
14326 21 26 212 30 26 1 21 46 21 1 33 27
14327 21 38 182 24 36 34 26 24 27 30 33 27
14328 22 39 334 24 31 96 20 26 26 26 33 27
14329 21 32 192 30 28 1 22 35 30 37 33 27
14330 21 33 356 12 34 1 22 31 28 17 33 27
14331 21 33 292 31 28 65 24 44 38 29 33 27
14332 21 36 293 25 30 1 20 44 25 22 33 27
14333 21 27 89 23 25 24 20 23 28 1 33 27
14334 21 33 142 29 29 1 19 30 30 35 33 27
14335 21 26 104 29 18 1 22 32 25 22 33 27
14336 21 29 190 18 34 1 23 22 20 14 33 27
14337 21 33 376 22 33 1 26 30 27 13 33 27
14338 21 31 240 30 24 93 20 29 29 25 33 27
14339 21 33 178 20 31 1 28 24 16 27 33 27
14340 21 33 354 21 34 2 29 40 31 34 33 27
14341 21 32 210 22 32 23 29 26 28 34 33 27
14342 21 31 148 19 29 52 22 17 24 4 33 27
14343 21 35 223 30 31 52 18 21 21 32 33 27
14344 21 28 225 27 25 1 21 34 24 31 33 27
14345 21 26 134 28 19 2 22 21 26 9 33 27
14346 21 33 125 10 29 1 15 19 24 28 33 27
14347 22 28 161 24 18 1 24 30 22 20 33 27
14348 21 22 135 38 14 24 20 19 27 9 33 27
14349 21 35 367 28 33 38 21 25 23 16 33 27
14350 21 31 215 30 30 39 22 31 28 3 33 27
14351 21 38 475 33 33 18 25 29 35 32 33 27
14352 21 34 215 22 30 1 23 20 29 24 33 27
14353 21 35 339 28 31 64 24 27 29 22 33 27
14354 21 34 478 35 19 47 28 30 31 39 33 27
14355 21 37 286 24 38 1 23 22 25 33 33 27
14356 21 30 171 34 24 1 19 38 29 25 33 27
14357 21 27 111 27 16 3 25 1 30 17 33 27
14358 22 35 114 38 21 19 25 37 32 27 33 27
14359 21 30 481 33 20 24 23 38 18 19 33 27
14360 21 24 489 8 26 23 21 22 27 3 33 27
14361 21 27 157 19 25 1 22 29 28 7 33 27
14362 22 31 346 29 26 78 25 41 30 17 33 27
14363 22 28 183 36 27 1 19 20 22 3 33 27
14364 21 26 278 22 21 8 23 23 33 17 33 27
14365 21 34 153 32 34 64 25 22 19 13 33 27
14366 21 37 102 20 33 28 25 24 25 36 33 27
14367 21 32 323 26 30 1 21 22 31 7 33 27
14368 21 31 215 27 31 31 23 37 20 23 33 27
14369 21 25 253 28 22 46 21 21 21 1 33 27
14370 21 37 396 22 33 24 25 28 32 38 33 27
14371 21 26 403 20 17 24 22 31 19 23 33 27
14372 21 32 167 27 20 1 22 23 28 27 33 27
14373 21 30 245 18 35 20 24 25 24 11 33 27
14374 21 34 430 36 20 22 24 30 28 33 33 27
14375 21 32 213 39 31 67 25 28 31 17 33 27
14376 21 31 184 23 33 10 22 26 26 8 33 27
14377 21 35 130 19 34 94 21 26 23 21 33 27
14378 21 31 181 34 24 61 21 29 29 14 33 27
14379 21 32 156 26 34 36 19 30 27 16 33 27
14380 21 33 818 27 22 30 24 38 26 39 33 27
14381 22 34 255 25 14 44 26 37 33 33 33 27
14382 21 31 497 39 29 1 21 33 20 23 33 27
14383 21 30 163 32 28 1 23 21 26 8 33 27
14384 21 37 241 33 34 1 21 25 37 37 33 27
14385 21 25 176 15 25 46 24 29 21 9 33 27
14386 21 30 178 29 35 86 21 29 29 11 33 27
14387 22 30 113 33 25 57 24 45 30 1 33 27
14388 21 27 299 24 26 59 23 16 23 1 33 27
14389 21 33 496 16 38 39 22 24 31 21 33 27
14390 21 30 283 31 29 4 24 24 28 21 33 27
14391 21 25 210 25 24 8 25 25 23 16 33 27
14392 21 30 187 29 17 6 28 31 24 26 33 27
14393 21 28 209 21 33 19 23 26 17 10 33 27
14394 21 29 196 11 28 48 22 29 23 1 33 27
14395 21 34 213 26 34 1 19 33 25 14 33 27
14396 21 30 287 27 31 1 22 27 26 23 33 27
14397 21 30 245 24 30 37 24 32 21 12 33 27
14398 21 28 230 31 31 48 24 27 29 1 33 27
14399 21 32 139 35 34 1 24 32 28 12 33 27
14400 22 37 248 16 38 55 21 28 27 19 33 27
14401 21 33 155 17 26 61 24 19 21 16 33 27
14402 21 32 296 14 28 65 27 30 27 10 33 27
14403 21 34 206 22 39 1 20 23 26 26 33 27
14404 21 33 353 37 28 55 25 29 28 24 33 27
14405 22 36 267 30 35 39 25 22 29 15 33 27
14406 21 29 157 26 25 1 20 26 22 33 33 27
14407 21 28 266 21 31 1 23 32 22 24 33 27
14408 21 33 121 15 36 23 16 20 24 2 33 27
14409 21 25 360 21 32 8 17 21 27 1 33 27
14410 21 35 205 37 27 21 19 30 27 39 33 27
14411 21 39 190 24 40 51 22 24 29 36 33 27
14412 21 31 157 36 24 12 22 33 29 21 33 27
14413 21 31 207 25 30 1 18 20 26 25 33 27
14414 21 27 289 14 31 36 26 27 24 2 33 27
14415 22 36 381 20 30 4 21 19 31 39 33 27
14416 21 27 268 24 26 1 22 23 20 25 33 27
14417 21 36 138 23 30 24 26 29 38 24 33 27
14418 21 33 166 22 34 10 26 24 29 13 33 27
14419 21 33 263 21 30 12 26 42 27 16 33 27
14420 21 28 152 30 23 30 24 28 25 16 33 27
14421 21 23 252 24 14 1 23 36 29 20 33 27
14422 21 23 268 25 17 49 21 28 19 15 33 27
14423 21 31 215 42 21 32 20 38 29 29 33 27
14424 21 32 466 26 24 21 24 31 28 26 33 27
14425 22 31 415 28 25 43 21 32 34 31 33 27
14426 21 25 159 34 22 1 20 41 26 32 33 27
14427 21 26 97 10 35 13 23 18 23 1 33 27
14428 21 31 87 26 24 1 22 28 30 30 33 27
14429 21 27 322 18 27 13 22 29 30 12 33 27
14430 21 32 182 20 34 24 27 23 25 25 33 27
14431 21 32 541 27 24 1 23 30 34 32 33 27
14432 21 25 149 29 25 27 23 28 24 21 33 27
14433 22 30 135 20 27 1 25 26 33 21 33 27
14434 21 31 190 29 32 1 19 37 26 34 33 27
14435 21 32 141 33 27 50 24 29 23 25 33 27
14436 21 33 853 27 32 16 22 26 37 15 33 27
14437 21 32 219 33 19 56 21 33 22 21 33 27
14438 21 28 140 26 26 28 19 37 23 5 33 27
14439 21 32 631 27 36 35 26 33 30 18 33 27
14440 21 30 107 28 33 1 26 37 33 17 33 27
14441 21 36 278 26 28 10 22 1 28 30 33 27
14442 22 34 229 43 17 25 24 32 25 43 33 27
14443 21 27 125 18 18 37 20 24 31 24 33 27
14444 21 21 271 29 19 26 23 21 27 3 33 27
14445 21 28 228 30 26 51 22 37 22 1 33 27
14446 21 35 256 26 44 74 21 21 27 6 33 27
14447 21 29 141 37 27 43 25 21 31 14 33 27
14448 21 23 152 11 21 1 23 27 19 12 33 27
14449 21 38 409 30 37 90 35 20 22 8 33 27
14450 21 29 353 29 32 1 25 26 28 5 33 27
14451 21 29 391 27 29 39 24 25 27 19 33 27
14452 21 27 92 32 25 52 24 33 26 11 33 27
14453 21 25 176 30 24 66 24 34 27 19 33 27
14454 21 35 190 27 28 8 22 28 33 16 33 27
14455 21 37 545 24 33 41 23 23 33 20 33 27
14456 21 36 145 30 23 39 27 33 34 38 33 27
14457 21 28 654 38 20 1 23 34 17 30 33 27
14458 21 36 205 23 34 125 22 27 27 2 33 27
14459 21 32 163 25 41 1 18 22 25 4 33 27
14460 21 36 418 26 42 65 25 7 22 25 33 27
14461 21 24 457 26 16 9 21 37 31 17 33 27
14462 21 30 178 21 30 6 21 26 28 12 33 27
14463 21 35 103 27 34 1 26 29 37 20 33 27
14464 21 32 162 26 24 1 24 39 30 45 33 27
14465 22 29 330 19 29 1 24 22 25 26 33 27
14466 21 32 424 31 32 38 20 25 20 28 33 27
14467 21 33 208 43 24 62 21 27 25 26 33 27
14468 21 30 225 30 25 85 25 17 23 20 33 27
14469 21 36 414 14 42 1 23 24 26 4 33 27
14470 22 37 459 37 38 1 20 35 28 15 33 27
14471 21 26 121 30 29 1 25 28 60 15 33 27
14472 21 26 191 31 27 67 20 22 23 10 33 27
14473 22 31 1191 20 32 43 25 32 29 1 32 27
14474 21 32 291 14 31 26 26 19 30 27 33 27
14475 21 21 183 19 22 7 15 16 23 1 33 27
14476 21 31 213 31 19 3 22 27 32 33 33 27
14477 21 37 1010 17 31 30 28 47 30 33 33 27
14478 22 26 195 24 27 74 20 28 28 6 33 27
14479 21 32 330 33 20 1 26 44 39 33 33 27
14480 22 28 318 29 22 50 20 1 29 11 33 27
14481 21 31 249 20 28 1 23 40 25 28 33 27
14482 21 26 211 26 36 1 19 1 21 4 32 27
14483 21 25 88 46 28 1 23 20 27 13 33 27
14484 22 28 257 23 28 30 28 20 35 9 33 27
14485 21 35 206 31 33 104 25 23 58 13 33 27
14486 21 30 158 25 28 1 23 35 25 25 33 27
14487 21 29 117 35 20 24 25 35 34 29 33 27
14488 21 34 182 29 16 37 26 31 28 46 33 27
14489 21 32 339 34 23 48 21 29 27 29 33 27
14490 21 29 184 39 16 1 21 36 23 33 33 27
14491 21 34 164 28 24 79 24 1 30 42 33 27
14492 21 30 262 34 35 48 21 28 28 12 33 27
14493 21 28 323 25 25 15 18 38 25 11 33 27
14494 22 34 184 16 32 46 21 27 27 11 33 27
14495 21 34 202 25 32 28 24 29 23 31 33 27
14496 22 34 167 31 19 2 26 29 31 48 33 27
14497 21 32 369 18 32 61 23 20 27 1 33 27
14498 21 38 178 34 32 74 27 23 32 26 33 27
14499 21 26 210 23 19 1 22 31 24 21 33 27
14500 21 33 155 22 29 41 19 12 30 23 33 27
14501 21 37 185 31 36 128 23 34 30 10 33 27
14502 21 32 188 31 21 1 24 25 25 20 33 27
14503 21 35 260 22 41 20 23 33 25 27 33 27
14504 21 30 178 32 25 65 23 32 30 10 33 27
14505 21 37 710 32 36 34 25 25 26 26 33 27
14506 21 34 196 28 22 40 26 26 30 28 33 27
14507 22 33 158 21 39 48 21 24 26 1 33 27
14508 21 30 228 27 27 1 23 22 26 22 33 27
14509 21 37 171 20 35 5 21 38 26 41 33 27
14510 21 31 130 27 23 56 23 39 27 23 33 27
14511 21 29 125 23 31 50 24 33 19 12 33 27
14512 22 22 548 19 28 1 18 21 23 1 32 27
14513 22 43 190 33 43 89 18 1 22 27 33 27
14514 21 31 136 20 38 79 23 22 32 1 33 27
14515 21 29 272 26 31 55 24 25 32 11 33 27
14516 21 30 147 24 35 48 24 25 26 1 33 27
14517 21 30 157 29 29 1 26 32 25 26 33 27
14518 21 37 225 39 23 1 23 33 24 50 33 27
14519 21 33 208 21 41 1 24 13 25 1 33 27
14520 21 29 85 19 25 6 71 28 27 14 33 27
14521 21 33 184 34 30 1 26 34 26 34 33 27
14522 21 31 289 21 28 1 21 20 18 19 33 27
14523 21 31 326 22 21 1 23 39 25 46 33 27
14524 21 35 397 18 38 3 20 1 34 9 33 27
14525 21 36 109 29 28 53 28 22 32 33 33 27
14526 21 28 104 39 22 61 26 28 28 16 33 27
14527 22 32 303 19 32 22 22 18 22 6 33 27
14528 21 34 179 34 34 67 22 41 31 22 33 27
14529 21 33 211 28 32 58 24 23 25 6 33 27
14530 21 28 156 24 28 28 23 25 32 3 33 27
14531 21 35 234 27 31 31 18 22 24 25 33 27
14532 22 32 326 16 23 79 24 20 24 1 33 27
14533 21 36 462 39 27 25 24 30 28 36 33 27
14534 21 25 162 21 22 1 21 32 26 15 33 27
14535 22 34 180 32 26 1 21 33 20 37 33 27
14536 21 30 166 30 11 6 28 28 24 35 33 27
14537 21 26 135 24 24 15 21 22 22 12 33 27
14538 21 28 196 23 18 18 19 36 17 37 33 27
14539 21 32 636 28 29 1 19 34 33 39 33 27
14540 21 27 133 18 26 69 24 26 28 1 33 27
14541 21 30 125 21 30 81 22 31 22 6 33 27
14542 21 27 476 27 18 64 24 23 29 9 33 27
14543 21 25 448 19 27 18 23 34 22 11 33 27
14544 21 32 114 26 25 19 24 23 25 29 33 27
14545 22 30 252 20 33 42 22 30 25 10 33 27
14546 22 32 125 27 20 76 25 23 23 20 33 27
14547 21 34 106 22 26 64 20 26 29 35 33 27
14548 21 28 147 28 29 13 20 1 33 2 33 27
14549 21 35 348 23 23 50 27 29 27 34 33 27
14550 21 38 341 15 31 1 23 32 26 34 33 27
14551 21 35 363 26 28 37 26 18 26 29 33 27
14552 21 31 255 23 43 1 24 52 29 25 33 27
14553 21 39 230 27 34 1 21 29 26 34 33 27
14554 21 36 187 23 36 60 22 27 29 27 33 27
14555 21 34 155 22 37 1 24 27 26 20 33 27
14556 22 35 185 13 35 1 21 26 21 23 33 27
14557 22 32 91 23 34 9 27 36 23 18 33 27
14558 21 29 1779 26 26 1 25 45 27 15 33 27
14559 21 32 227 18 30 1 23 21 28 10 33 27
14560 21 31 153 31 18 32 25 32 23 32 33 27
14561 21 31 1507 28 29 1 25 36 37 26 33 27
14562 21 34 184 17 37 61 19 13 24 1 33 27
14563 21 31 189 22 33 37 17 22 31 11 33 27
14564 21 30 221 29 26 9 23 17 18 1 33 27
14565 22 35 160 23 34 31 21 34 26 34 33 27
14566 22 37 118 27 24 1 21 37 25 47 33 27
14567 21 35 183 25 33 57 23 19 31 22 33 27
14568 21 34 129 29 23 1 27 28 33 43 33 27
14569 21 27 139 30 15 51 21 30 29 31 33 27
14570 21 35 105 23 32 72 22 30 22 31 33 27
14571 21 31 204 39 30 89 29 47 27 6 33 27
14572 21 34 283 20 24 1 18 27 26 34 33 27
14573 21 31 264 30 29 1 23 33 26 38 33 27
14574 22 35 160 25 29 46 23 20 28 9 33 27
14575 21 30 201 23 39 1 19 19 25 1 33 27
14576 22 34 108 33 34 1 23 1 30 39 33 27
14577 21 30 275 19 23 1 22 28 32 31 33 27
14578 21 33 404 26 19 16 21 34 26 42 33 27
14579 22 34 319 33 31 1 19 29 24 29 33 27
14580 21 29 340 28 23 6 23 33 28 30 33 27
14581 21 29 763 19 23 31 24 30 28 23 33 27
14582 22 32 287 20 35 107 23 24 31 1 33 27
14583 22 31 267 21 29 37 19 33 23 14 33 27
14584 21 41 169 35 40 1 22 28 29 36 33 27
14585 22 28 180 22 34 8 22 26 21 8 33 27
14586 21 34 248 26 36 1 18 15 22 18 33 27
14587 21 32 233 21 27 73 12 1 20 24 33 27
14588 21 29 727 31 23 13 20 17 28 10 33 27
14589 21 35 224 30 34 1 21 36 23 26 33 27
14590 21 31 251 15 30 1 25 27 30 20 33 27
14591 22 36 555 35 37 78 24 24 30 27 33 27
14592 21 32 201 30 20 54 27 26 28 36 33 27
14593 21 29 164 34 28 64 17 15 24 4 33 27
14594 21 31 309 26 31 62 23 32 25 30 33 27
14595 22 23 87 22 27 91 21 33 23 1 33 27
14596 21 35 103 33 26 53 18 27 22 28 33 27
14597 21 33 675 33 24 46 23 35 29 34 33 27
14598 21 31 175 59 27 168 22 19 25 14 33 27
14599 21 28 175 23 29 1 17 31 21 18 33 27
14600 21 41 253 35 38 109 23 25 24 22 33 27
14601 22 32 178 26 31 49 23 32 38 22 33 27
14602 21 38 177 33 36 59 21 26 28 19 33 27
14603 21 19 244 30 20 24 22 1 24 1 33 27
14604 21 30 274 27 27 1 23 28 21 19 33 27
14605 21 23 511 21 20 1 22 21 26 1 33 27
14606 21 33 270 38 28 45 29 36 28 22 33 27
14607 21 30 100 29 28 20 23 17 25 9 33 27
14608 21 32 176 13 32 81 21 21 27 1 33 27
14609 22 32 262 35 28 98 23 28 18 14 33 27
14610 21 31 317 26 25 1 21 27 22 31 33 27
14611 22 31 162 29 23 9 21 36 28 26 33 27
14612 22 30 177 14 25 1 26 30 24 26 33 27
14613 21 32 367 8 26 1 22 21 27 31 33 27
14614 21 31 207 30 31 18 18 29 22 13 33 27
14615 21 34 283 36 27 33 23 23 32 37 33 27
14616 22 40 215 31 31 99 26 40 29 33 33 27
14617 21 29 132 25 18 4 26 36 23 38 33 27
14618 21 28 164 27 23 40 26 19 33 11 32 27
14619 21 30 250 35 25 1 24 23 29 21 33 27
14620 21 33 210 27 37 81 24 18 23 1 33 27
14621 21 29 321 26 18 22 25 19 36 29 33 27
14622 21 36 131 24 44 98 20 22 21 1 33 27
14623 21 25 200 31 29 1 21 1 28 1 33 27
14624 22 28 195 22 26 1 23 49 19 1 33 27
14625 21 27 181 10 26 30 26 20 31 1 33 27
14626 21 35 108 24 46 1 18 26 23 1 33 27
14627 21 38 220 20 31 1 25 36 23 38 33 27
14628 21 30 92 22 37 1 22 26 24 21 33 27
14629 21 30 246 20 39 54 24 15 26 1 33 27
14630 21 25 175 33 9 40 16 27 31 25 33 27
14631 21 34 193 18 40 4 22 23 29 14 33 27
14632 21 34 209 30 25 1 22 1 35 25 33 27
14633 22 29 339 23 26 79 25 31 30 15 33 27
14634 21 28 90 20 26 1 21 1 31 20 32 27
14635 22 31 234 26 27 73 24 25 33 1 33 27
14636 21 33 147 36 28 104 23 31 30 26 33 27
14637 21 25 166 32 19 24 25 30 26 13 33 27
14638 21 30 89 15 18 1 17 35 18 27 33 27
14639 21 32 138 13 36 11 23 32 37 20 33 27
14640 21 34 251 31 33 1 24 22 26 26 33 27
14641 21 39 147 40 33 116 26 30 30 23 33 27
14642 22 35 160 22 37 1 22 24 27 9 33 27
14643 21 35 113 23 25 50 30 53 29 28 33 27
14644 22 35 199 37 28 1 27 32 28 38 33 27
14645 21 31 503 28 25 45 23 26 24 25 33 27
14646 22 30 134 32 22 1 22 33 24 35 33 27
14647 21 35 257 28 38 1 24 31 21 29 33 27
14648 21 41 213 25 34 1 20 17 29 40 33 27
14649 21 23 95 36 20 50 21 30 28 1 33 27
14650 21 102 171 109 33 43 23 41 26 45 33 27
14651 21 32 191 32 26 19 24 38 26 33 33 27
14652 21 38 252 18 42 50 24 22 29 39 33 27
14653 21 32 157 21 38 1 20 25 23 4 33 27
14654 22 28 280 31 37 1 21 22 26 1 33 27
14655 21 39 193 44 30 67 23 32 31 38 33 27
14656 22 25 168 30 14 1 23 43 33 31 33 27
14657 22 32 594 24 26 45 22 36 27 31 33 27
14658 21 31 340 20 34 50 24 40 30 13 33 27
14659 21 31 133 22 32 1 21 49 33 14 33 27
14660 21 31 137 28 27 35 20 26 24 20 33 27
14661 22 42 98 15 35 61 23 19 30 36 33 27
14662 21 33 667 31 34 58 24 24 32 2 33 27
14663 21 28 610 28 19 1 26 30 27 33 33 27
14664 21 31 108 20 32 20 20 19 19 28 33 27
14665 22 33 437 24 32 1 23 29 26 27 33 27
14666 21 32 641 27 39 31 21 36 24 6 33 27
14667 21 30 256 34 28 26 20 21 27 6 33 27
14668 21 23 411 23 27 1 27 17 25 1 33 27
14669 21 29 89 22 28 1 19 40 21 11 33 27
14670 21 31 171 25 32 31 23 31 23 19 33 27
14671 21 42 178 22 29 27 25 35 35 53 33 27
14672 21 30 86 21 28 5 21 17 25 10 33 27
14673 21 30 273 27 33 1 19 25 25 33 33 27
14674 21 37 175 23 38 35 21 17 28 21 33 27
14675 22 29 121 13 36 30 24 21 25 1 33 27
14676 21 30 240 28 23 97 27 34 24 3 33 27
14677 21 30 212 17 27 1 21 27 24 21 33 27
14678 21 35 255 24 32 58 21 28 26 22 33 27
14679 22 33 178 22 29 1 19 34 26 40 34 27
14680 21 32 327 19 35 28 23 15 24 4 33 27
14681 21 25 170 20 25 1 18 31 24 8 33 27
14682 21 39 218 20 44 23 20 28 21 28 33 27
14683 22 36 180 35 42 43 19 25 31 5 33 27
14684 22 29 258 17 30 15 20 28 29 1 32 27
14685 21 32 238 28 32 67 21 25 24 3 33 27
14686 22 31 207 33 30 41 26 35 33 28 33 27
14687 21 28 185 28 19 1 23 35 23 34 33 27
14688 21 38 422 24 30 27 24 30 36 35 33 27
14689 21 30 204 33 19 56 21 21 23 22 33 27
14690 21 25 128 11 24 16 24 20 27 1 33 27
14691 22 39 99 19 38 1 22 15 28 14 33 27
14692 21 30 155 38 32 1 23 38 25 18 33 27
14693 22 24 337 23 20 1 20 39 24 6 33 27
14694 21 36 137 21 32 53 24 28 20 24 33 27
14695 21 30 201 31 30 13 19 25 21 18 33 27
14696 21 32 314 22 39 1 24 22 20 3 33 27
14697 22 27 218 34 28 1 27 34 27 29 33 27
14698 21 27 220 21 19 17 24 18 27 13 33 27
14699 22 29 452 19 24 1 23 21 25 25 33 27
14700 21 29 198 28 27 1 23 29 26 24 33 27
14701 21 30 214 33 34 1 19 13 26 1 33 27
14702 22 28 130 20 31 5 20 24 31 1 33 27
14703 21 26 164 24 26 3 21 21 28 3 33 27
14704 21 25 105 22 30 2 19 17 19 2 33 27
14705 21 30 123 22 24 59 25 23 24 23 33 27
14706 21 30 187 32 25 1 26 8 30 20 33 27
14707 21 28 264 23 36 1 25 25 28 2 33 27
14708 21 28 230 32 25 1 21 32 26 22 33 27
14709 21 34 138 30 33 1 22 24 21 28 33 27
14710 21 25 85 14 31 2 19 22 26 1 33 27
14711 21 23 161 27 30 44 22 30 29 1 33 27
14712 21 30 168 31 21 1 22 33 22 30 33 27
14713 22 33 434 37 40 19 23 1 31 1 33 27
14714 22 30 162 35 35 1 18 26 26 1 33 27
14715 21 35 109 29 34 1 23 29 30 31 33 27
14716 21 32 139 24 30 12 19 27 27 13 33 27
14717 21 29 142 24 33 84 26 32 27 1 33 27
14718 22 34 450 28 33 51 20 22 22 16 33 27
14719 21 30 290 34 12 36 19 34 27 33 33 27
14720 21 25 392 36 29 11 20 23 29 8 33 27
14721 21 31 272 30 23 1 25 36 31 9 33 27
14722 22 32 138 20 30 60 21 18 32 11 33 27
14723 21 33 242 28 28 1 23 32 37 23 33 27
14724 22 25 127 20 21 12 22 41 35 1 33 27
14725 22 32 246 35 37 1 23 28 23 24 33 27
14726 21 22 131 17 21 1 23 34 25 21 33 27
14727 21 30 132 19 35 1 22 29 22 24 33 27
14728 21 33 231 24 29 1 19 21 22 17 33 27
14729 21 29 179 28 31 67 21 32 26 10 33 27
14730 22 32 376 28 28 1 20 26 27 23 33 27
14731 21 27 239 20 34 11 23 26 23 1 33 27
14732 21 32 148 20 39 1 23 31 26 1 33 27
14733 21 25 207 21 39 1 25 18 24 1 32 27
14734 21 29 169 20 29 17 21 22 30 25 33 27
14735 21 36 232 20 41 58 27 28 28 13 33 27
14736 22 31 227 32 23 1 21 38 25 44 33 27
14737 21 27 177 33 15 5 20 32 25 27 33 27
14738 21 26 265 24 33 7 25 28 30 1 33 27
14739 22 33 267 32 28 71 26 34 23 33 33 27
14740 21 28 160 29 18 25 23 31 29 32 33 27
14741 21 31 233 36 23 7 25 25 33 34 33 27
14742 21 27 244 21 16 26 22 36 29 26 33 27
14743 22 31 690 30 22 25 26 36 32 35 33 27
14744 21 36 373 26 31 42 27 21 31 29 33 27
14745 22 32 244 22 33 52 24 27 23 4 33 27
14746 22 36 118 20 27 6 25 27 28 35 33 27
14747 21 31 282 18 34 12 20 28 27 15 33 27
14748 21 32 248 13 39 82 21 19 25 1 33 27
14749 22 29 158 25 24 9 17 37 26 26 33 27
14750 21 30 329 25 29 16 23 19 27 12 33 27
14751 21 36 127 20 28 67 27 26 29 28 33 27
14752 22 35 173 37 26 122 21 24 31 15 33 27
14753 22 27 131 13 24 32 25 25 31 8 33 27
14754 22 37 185 37 28 1 21 25 26 37 33 27
14755 21 31 310 35 18 1 23 32 21 23 33 27
14756 22 34 153 24 29 39 20 33 29 25 33 27
14757 21 21 264 29 25 1 22 19 29 15 33 27
14758 21 35 106 28 39 68 25 26 29 8 33 27
14759 21 30 235 16 22 28 22 33 27 20 33 27
14760 21 33 375 33 29 71 19 34 23 20 33 27
14761 22 33 341 41 32 24 27 30 30 4 33 27
14762 22 29 139 31 24 1 17 25 21 24 33 27
14763 21 32 713 13 34 1 21 21 20 29 33 27
14764 22 29 372 36 28 37 22 23 27 14 33 27
14765 21 32 549 31 30 1 24 32 31 34 33 27
14766 22 29 183 25 22 1 20 29 21 27 33 27
14767 21 33 205 27 31 27 25 29 33 33 33 27
14768 21 40 291 22 37 44 16 22 20 31 33 27
14769 21 31 495 28 33 32 19 35 26 14 33 27
14770 21 33 265 26 24 30 16 1 25 13 33 27
14771 21 32 260 24 32 63 20 28 19 12 33 27
14772 21 35 441 17 29 47 21 21 25 35 33 27
14773 21 31 189 25 29 37 21 24 26 18 33 27
14774 21 34 335 30 29 32 21 38 36 30 33 27
14775 21 30 287 24 23 40 28 31 28 26 33 27
14776 21 33 154 33 33 1 20 25 27 35 33 27
14777 21 24 92 20 26 8 26 15 24 4 33 27
14778 22 34 174 21 26 33 17 32 25 35 33 27
14779 22 28 183 35 29 82 21 27 32 4 33 27
14780 21 29 198 29 28 20 23 25 17 22 33 27
14781 22 28 136 17 27 41 23 30 24 1 33 27
14782 21 36 152 27 31 39 23 29 32 30 33 27
14783 21 28 154 22 30 32 24 34 21 5 33 27
14784 22 32 197 22 37 1 22 24 26 21 33 27
14785 22 36 162 30 35 83 26 26 34 17 33 27
14786 21 30 109 21 33 8 23 27 24 11 33 27
14787 21 31 153 21 33 1 26 16 21 16 33 27
14788 22 35 280 25 15 54 26 33 24 39 33 27
14789 21 31 172 27 35 36 24 22 21 1 33 27
14790 22 36 170 32 27 84 26 25 37 35 33 27
14791 21 31 136 22 16 44 23 39 24 45 33 27
14792 21 34 159 23 26 68 23 40 25 26 33 27
14793 21 32 141 27 33 31 22 25 26 1 33 27
14794 21 34 772 39 22 25 22 33 25 40 33 27
14795 21 32 122 17 28 50 24 33 34 10 33 27
14796 21 30 374 28 29 33 21 30 23 1 33 27
14797 22 34 177 24 35 63 22 24 26 1 33 27
14798 21 34 407 19 40 14 23 25 28 8 33 27
14799 22 28 218 22 26 21 23 35 23 18 33 27
14800 22 29 96 32 13 17 22 34 27 38 33 27
14801 21 34 148 30 39 73 25 30 27 5 33 27
14802 21 28 382 19 29 1 19 40 18 12 33 27
14803 22 28 216 35 30 73 21 18 31 7 33 27
14804 21 27 656 41 30 17 24 38 31 1 33 27
14805 22 27 142 25 19 1 22 1 26 16 33 27
14806 22 38 226 43 31 1 23 35 34 51 33 27
14807 21 31 239 33 34 54 25 28 33 7 33 27
14808 21 41 153 30 34 21 24 43 28 36 33 27
14809 22 30 179 30 26 1 21 38 30 29 33 27
14810 21 30 202 14 23 15 18 16 21 32 33 27
14811 21 21 287 25 26 28 24 46 29 1 33 27
14812 22 29 209 27 29 73 20 27 28 1 33 27
14813 21 30 138 41 23 1 26 28 29 31 33 27
14814 21 21 204 22 20 44 16 24 25 1 33 27
14815 21 28 494 12 28 1 22 26 25 16 33 27
14816 22 30 80 30 15 1 25 30 26 44 33 27
14817 22 22 153 39 24 29 20 31 34 1 33 27
14818 21 28 227 32 24 5 21 38 27 13 33 27
14819 22 33 99 24 38 7 25 46 31 17 33 27
14820 22 30 196 29 13 17 24 38 26 46 33 27
14821 22 29 194 18 32 1 26 26 32 1 33 27
14822 21 35 220 28 29 62 23 46 25 39 33 27
14823 21 33 129 26 28 15 21 26 28 17 33 27
14824 22 29 357 14 30 52 21 17 25 1 33 27
14825 21 37 176 30 23 1 22 34 27 60 33 27
14826 22 36 493 31 31 1 20 40 23 38 33 27
14827 22 34 381 41 33 117 18 1 26 1 32 27
14828 21 31 180 25 37 1 23 28 35 1 33 27
14829 21 33 179 33 24 44 24 23 27 11 33 27
14830 21 28 289 34 22 36 23 31 26 23 33 27
14831 21 31 163 16 32 78 21 20 21 4 33 27
14832 21 35 237 14 27 1 27 28 37 35 33 27
14833 21 36 444 23 31 10 17 26 13 34 33 27
14834 21 38 154 26 29 39 27 26 28 45 33 27
14835 21 30 438 25 33 1 24 24 36 15 33 27
14836 21 25 311 25 24 31 26 44 29 5 33 27
14837 21 30 234 32 26 1 23 37 25 35 33 27
14838 21 36 240 29 27 84 24 18 24 35 33 27
14839 21 34 230 29 36 59 21 22 26 1 33 27
14840 21 33 207 24 32 65 23 25 23 22 33 27
14841 22 33 162 24 32 42 23 30 22 11 33 27
14842 21 26 127 23 22 1 26 26 31 9 33 27
14843 21 31 295 18 33 72 23 23 29 6 33 27
14844 21 30 175 13 28 17 23 25 18 8 33 27
14845 21 29 245 14 35 1 18 26 43 11 33 27
14846 21 31 302 9 27 1 23 49 17 14 33 27
14847 22 34 239 26 31 86 19 18 27 1 33 27
14848 21 30 155 35 19 1 23 33 22 36 33 27
14849 21 26 203 28 26 22 26 22 28 5 33 27
14850 21 27 117 24 26 1 25 35 23 7 33 27
14851 21 28 455 29 22 4 23 43 30 30 33 27
14852 21 38 117 36 33 36 26 40 28 41 33 27
14853 21 34 195 29 29 1 20 33 31 38 33 27
14854 21 29 123 27 33 1 23 21 25 1 33 27
14855 21 34 772 27 27 19 17 24 26 17 33 27
14856 21 31 267 36 28 60 25 24 24 29 33 27
14857 21 32 174 31 32 1 24 30 36 28 33 27
14858 21 28 596 35 21 86 22 26 30 1 33 27
14859 21 31 156 24 27 29 27 29 33 35 33 27
14860 21 26 245 21 22 34 25 22 21 1 33 27
14861 21 28 149 21 31 1 27 22 32 3 33 27
14862 21 30 81 27 27 5 20 31 25 27 33 27
14863 22 32 149 29 28 68 24 31 25 31 33 27
14864 21 34 937 24 37 24 19 16 28 1 33 27
14865 21 21 180 36 14 12 15 20 21 1 33 27
14866 21 23 216 16 20 1 20 19 26 1 33 27
14867 21 29 205 25 34 47 23 28 27 1 33 27
14868 22 33 94 26 13 3 21 36 28 31 33 27
14869 22 30 204 20 36 1 24 29 23 1 33 27
14870 21 37 312 18 27 1 22 25 32 25 33 26
14871 22 28 199 33 22 6 21 1 20 23 33 27
14872 21 26 268 20 32 1 22 28 18 1 33 27
14873 21 34 161 25 30 27 25 20 26 27 33 27
14874 21 32 130 34 31 77 25 18 27 9 33 27
14875 21 28 106 24 21 1 30 30 29 13 33 27
14876 21 35 259 27 36 1 20 24 18 16 33 27
14877 21 40 176 19 42 122 23 24 27 11 33 27
14878 21 26 196 12 33 1 16 17 21 1 33 27
14879 21 27 204 29 23 51 22 20 28 1 32 27
14880 21 24 168 17 34 1 20 15 21 1 33 27
14881 21 27 884 32 25 1 22 28 25 15 33 27
14882 21 32 114 27 35 98 20 20 23 1 33 27
14883 22 29 439 25 27 63 19 38 19 10 33 27
14884 22 29 255 20 23 13 24 26 23 27 33 27
14885 22 29 343 30 25 4 23 21 29 15 33 27
14886 21 30 362 28 27 5 24 28 36 1 33 27
14887 22 33 417 23 40 80 20 18 27 1 33 27
14888 21 27 169 29 10 10 25 37 26 41 33 27
14889 21 24 85 29 22 1 21 26 25 6 33 27
14890 21 29 181 34 26 94 22 26 18 8 33 27
14891 21 30 287 45 10 32 24 18 34 29 33 27
14892 21 30 379 14 30 47 18 25 27 1 33 27
14893 21 34 266 31 23 49 25 34 34 47 33 27
14894 21 33 876 37 25 68 22 35 29 34 33 27
14895 22 31 219 23 27 33 19 19 30 8 33 27
14896 21 30 86 13 28 17 27 15 28 21 33 27
14897 22 34 578 24 35 67 24 22 29 20 33 27
14898 22 32 218 30 20 5 19 20 26 10 33 27
14899 21 27 418 32 17 27 18 28 25 12 33 27
14900 21 29 152 16 35 1 23 23 24 1 33 27
14901 21 28 147 28 22 1 26 27 27 35 33 27
14902 21 37 172 22 39 1 21 19 30 30 33 27
14903 21 30 139 36 26 34 21 32 24 18 33 27
14904 21 34 489 26 32 39 22 24 26 30 33 27
14905 21 26 456 24 21 1 23 32 24 37 33 27
14906 22 30 100 24 17 1 24 33 25 25 33 27
14907 22 35 611 21 29 95 17 22 24 1 33 27
14908 21 35 162 28 24 35 25 28 31 36 33 27
14909 21 27 151 21 38 34 25 36 30 1 33 27
14910 21 35 166 39 30 1 23 31 29 36 33 27
14911 21 39 273 25 28 25 20 32 25 31 33 27
14912 22 34 117 8 31 25 18 31 27 16 33 27
14913 21 23 174 26 17 42 19 17 25 1 32 27
14914 21 36 341 29 30 15 21 1 27 41 33 27
14915 22 27 202 28 23 24 24 24 29 1 33 27
14916 21 27 296 21 29 1 22 28 25 6 33 27
14917 21 36 285 39 27 21 19 40 22 44 33 27
14918 21 25 162 19 39 44 19 18 27 11 33 27
14919 21 30 248 24 32 24 22 20 33 13 33 27
14920 21 25 259 40 25 19 26 25 23 1 33 27
14921 21 24 147 23 25 2 25 28 22 7 33 27
14922 21 36 201 21 43 44 23 22 28 4 33 27
14923 21 33 305 25 31 17 25 29 25 17 33 27
14924 21 32 336 27 32 1 21 36 24 32 33 27
14925 21 29 374 22 30 91 19 24 15 6 33 27
14926 21 28 213 31 31 1 19 1 32 1 33 27
14927 22 27 167 11 34 3 21 34 21 1 32 27
14928 21 26 337 24 31 11 21 32 24 15 33 27
14929 21 32 159 33 32 1 19 33 22 20 33 27
14930 21 29 447 14 40 2 21 20 25 1 33 27
14931 21 29 282 23 25 46 23 30 23 24 33 27
14932 22 35 356 32 29 4 20 1 21 34 33 27
14933 21 31 360 31 20 6 22 29 26 23 33 27
14934 21 26 92 30 19 70 21 22 25 23 33 27
14935 22 41 216 33 42 34 24 1 37 32 33 27
14936 21 29 297 33 20 1 17 32 24 29 33 27
14937 21 30 212 21 19 62 21 16 23 23 33 27
14938 22 34 98 24 31 21 28 27 30 25 33 27
14939 21 34 189 37 19 75 20 21 24 34 33 27
14940 21 35 263 7 37 1 20 25 29 35 33 27
14941 21 24 154 23 22 7 25 22 31 1 33 27
14942 21 35 176 20 28 25 23 31 37 37 33 27
14943 21 36 218 30 33 1 27 29 32 27 33 27
14944 21 30 116 17 28 1 24 36 30 18 33 27
14945 21 35 166 17 31 1 19 27 15 45 33 27
14946 21 35 104 25 26 9 24 14 28 39 33 27
14947 21 27 1096 17 27 11 21 32 25 9 33 27
14948 21 26 141 26 24 30 22 25 18 11 33 27
14949 21 26 282 36 21 21 20 19 21 3 33 27
14950 22 32 134 32 19 1 23 32 28 28 33 27
14951 22 34 421 28 36 53 18 29 31 7 33 27
14952 21 26 105 24 30 1 20 19 32 7 33 27
14953 21 31 274 27 25 91 21 20 28 14 33 27
14954 21 32 355 24 21 57 27 34 25 26 33 27
14955 21 34 96 14 29 53 16 45 17 37 33 27
14956 21 25 166 39 13 51 23 34 21 17 33 27
14957 21 31 457 27 27 1 22 37 24 26 33 27
14958 21 31 149 19 27 47 24 41 32 27 33 27
14959 22 34 280 23 31 70 22 22 28 12 33 27
14960 21 33 124 22 33 68 20 29 29 8 33 27
14961 21 30 361 36 25 24 24 33 28 34 33 27
14962 21 30 524 35 37 1 20 18 18 2 33 27
14963 21 36 115 33 26 46 26 19 30 40 33 27
14964 21 30 1245 28 24 57 22 33 23 19 33 27
14965 22 30 341 26 27 8 22 23 25 12 33 27
14966 21 34 197 27 28 53 20 23 30 23 33 27
14967 21 29 259 33 27 1 18 25 19 18 33 27
14968 21 32 235 37 19 107 20 26 27 26 33 27
14969 21 31 215 37 28 40 21 44 21 6 33 27
14970 21 26 251 36 15 49 26 1 27 17 33 27
14971 22 31 184 42 34 75 25 17 25 5 33 27
14972 21 34 289 19 28 21 25 26 25 19 33 27
14973 21 32 158 25 29 1 21 31 22 27 33 27
14974 21 32 107 31 26 15 22 28 25 21 33 27
14975 21 21 206 16 15 1 25 23 26 1 33 27
14976 21 29 241 13 32 37 21 20 25 1 33 27
14977 21 31 174 21 36 23 21 16 30 1 33 27
14978 21 34 127 28 32 1 16 32 21 27 33 27
14979 21 33 165 21 35 28 22 28 30 1 33 27
14980 21 33 178 24 39 81 23 18 27 1 33 27
14981 21 30 300 25 36 59 25 32 35 17 33 27
14982 22 33 523 34 28 1 21 1 34 33 33 27
14983 21 29 125 16 24 34 21 20 26 6 33 27
14984 21 29 402 27 24 22 23 34 23 1 33 27
14985 21 30 107 24 27 1 21 26 27 23 33 27
14986 21 33 321 26 30 24 22 30 28 19 33 27
14987 21 31 611 26 29 20 22 22 20 8 33 27
14988 21 38 279 23 36 1 24 30 21 32 33 27
14989 21 31 185 13 30 19 24 19 31 16 33 27
14990 21 35 141 33 25 30 24 43 22 32 33 27
14991 22 35 216 24 36 72 21 22 28 15 33 27
14992 21 30 187 33 20 21 19 25 28 19 33 27
14993 22 29 321 24 26 1 21 36 24 25 33 27
14994 21 35 242 24 31 21 19 33 38 26 33 27
14995 21 31 253 23 23 9 22 20 25 28 33 27
14996 22 28 282 21 23 4 22 35 28 8 33 27
14997 21 31 283 15 33 11 22 28 26 1 33 27
14998 21 35 850 623 19 26 24 51 26 42 33 27
14999 21 31 155 37 28 73 23 28 30 21 33 27
15000 22 34 133 28 28 45 25 29 25 29 33 27
15001 21 31 774 25 31 1 25 28 28 18 33 27
15002 21 29 216 22 30 34 23 25 31 3 33 27
15003 21 33 220 30 26 60 25 34 30 28 33 27
15004 21 40 299 40 35 78 25 29 25 29 33 27
15005 22 27 219 26 33 1 20 1 27 1 33 27
15006 22 34 347 27 33 13 23 27 34 34 33 27
15007 21 40 595 30 33 74 24 29 34 29 33 27
15008 21 37 184 24 36 30 21 22 27 35 33 27
15009 21 27 171 32 31 1 20 16 24 15 33 27
15010 21 27 117 22 29 1 18 32 20 22 33 27
15011 21 36 161 22 34 1 27 18 33 34 33 27
15012 21 31 396 30 27 24 21 22 31 20 33 27
15013 21 33 377 23 28 72 19 28 22 36 33 27
15014 21 31 210 24 28 34 28 25 26 21 33 27
15015 21 29 221 25 25 57 20 24 24 12 33 27
15016 21 31 402 36 36 1 27 47 21 6 33 27
15017 22 37 231 18 33 7 18 28 33 43 33 27
15018 21 34 275 26 28 1 23 27 31 22 33 27
15019 22 31 210 34 27 1 20 25 24 30 33 27
15020 21 26 243 34 26 87 26 28 27 1 33 27
15021 21 29 349 19 38 19 22 23 29 1 33 27
15022 21 30 1266 32 24 7 26 27 30 16 33 27
15023 21 31 154 26 31 97 25 18 21 7 33 27
15024 21 34 451 23 27 12 21 18 24 14 33 27
15025 21 35 161 28 25 1 23 22 28 30 33 27
15026 21 26 266 25 25 1 26 31 36 17 33 27
15027 21 28 173 27 34 1 26 52 28 13 33 27
15028 21 37 242 38 31 1 21 31 25 29 33 27
15029 21 32 219 24 27 72 26 23 30 14 33 27
15030 21 33 191 16 35 1 27 28 30 13 33 27
15031 21 22 111 31 18 7 20 1 23 9 33 27
15032 21 25 365 32 31 52 26 33 33 4 33 27
15033 22 23 180 24 10 1 19 34 23 26 33 27
15034 21 35 170 32 28 101 22 28 21 18 33 27
15035 21 31 159 23 31 96 20 22 21 8 33 27
15036 21 35 193 29 33 51 22 31 29 12 33 27
15037 21 30 122 17 28 1 22 24 36 14 33 27
15038 21 32 499 39 25 1 21 26 26 25 33 27
15039 21 30 213 25 27 1 19 33 28 30 33 27
15040 21 32 91 20 25 48 23 26 26 25 33 27
15041 22 33 172 26 23 45 24 24 28 29 33 27
15042 22 27 517 26 19 1 25 30 23 24 33 27
15043 21 33 358 17 34 56 22 23 29 8 33 27
15044 21 26 241 19 27 1 23 35 25 19 33 27
15045 21 26 197 24 17 3 20 23 24 10 33 27
15046 21 22 137 34 28 27 22 41 22 1 33 27
15047 21 37 299 17 39 52 25 39 30 16 33 27
15048 21 35 210 18 41 64 19 21 27 11 33 27
15049 21 26 336 25 29 38 21 22 18 3 33 27
15050 21 35 165 33 32 1 26 33 29 26 33 27
15051 21 30 166 15 39 1 22 34 30 1 33 27
15052 21 31 231 34 29 34 25 29 21 13 33 27
15053 21 33 135 27 32 1 19 26 23 37 33 27
15054 21 29 506 18 26 1 23 25 30 11 33 27
15055 21 31 330 34 24 11 24 1 36 30 33 27
15056 21 34 295 19 32 1 24 21 30 19 33 27
15057 21 28 178 26 29 1 22 32 38 29 33 27
15058 21 29 195 27 19 43 23 29 17 17 33 27
15059 21 26 154 23 19 15 24 33 22 22 33 27
15060 21 40 251 20 37 60 25 19 25 49 33 27
15061 21 33 706 43 25 87 23 31 16 35 33 27
15062 21 31 217 34 35 1 24 23 25 1 33 27
15063 21 39 995 35 30 36 23 23 33 39 33 27
15064 21 29 168 15 32 55 19 10 24 1 33 27
15065 21 32 208 28 26 13 23 33 33 36 33 27
15066 21 34 456 31 35 89 22 15 23 21 33 27
15067 22 32 148 21 25 30 26 32 27 24 33 27
15068 21 36 255 33 45 27 24 28 29 17 33 27
15069 21 29 146 26 26 83 27 35 23 4 33 27
15070 21 40 107 25 44 85 25 26 30 13 33 27
15071 21 36 219 28 33 55 20 27 22 35 33 27
15072 21 35 122 23 32 1 24 17 25 16 33 27
15073 21 31 242 19 42 20 21 20 28 1 33 27
15074 21 36 626 27 29 75 19 22 30 23 33 27
15075 21 30 303 23 27 1 25 23 29 25 33 27
15076 22 30 162 31 27 52 19 28 26 14 33 27
15077 21 36 98 24 36 22 19 33 28 20 33 27
15078 21 30 171 33 29 1 24 31 25 20 32 26
15079 22 29 498 20 31 1 21 25 26 11 33 27
15080 21 27 224 25 22 26 23 41 21 20 33 27
15081 21 37 233 22 28 78 21 24 30 24 33 27
15082 21 31 386 25 35 21 24 24 26 8 33 27
15083 21 22 513 8 17 22 21 21 26 1 33 27
15084 21 36 171 24 34 35 28 23 31 22 33 27
15085 21 34 426 31 21 57 25 32 27 37 33 27
15086 21 30 445 26 28 29 19 35 22 24 33 27
15087 21 32 152 18 36 1 26 24 33 21 33 27
15088 21 27 114 16 20 13 21 24 28 15 33 27
15089 21 33 449 34 24 1 24 32 25 42 33 27
15090 21 37 192 28 34 35 23 35 29 19 33 27
15091 21 31 226 24 29 1 20 27 26 14 33 27
15092 21 25 109 39 24 4 23 33 25 12 33 27
15093 21 27 275 23 27 1 21 28 28 13 33 27
15094 21 32 186 35 20 1 20 34 23 44 33 27
15095 21 30 641 42 37 1 22 36 24 10 33 27
15096 21 38 295 18 33 47 24 19 25 43 33 27
15097 21 34 690 30 30 91 23 25 30 20 33 27
15098 22 37 295 20 37 19 26 36 30 21 33 27
15099 21 39 156 28 34 89 24 37 25 40 33 27
15100 21 32 170 19 26 43 23 25 30 18 33 27
15101 21 33 559 23 26 1 27 36 36 32 33 27
15102 21 36 88 8 32 39 19 19 29 22 33 27
15103 21 39 267 37 34 38 20 1 26 14 33 27
15104 22 36 194 30 33 77 23 23 18 20 33 27
15105 21 30 327 33 16 1 23 28 23 42 33 27
15106 22 39 263 20 34 93 19 19 32 9 33 27
15107 21 31 161 31 24 39 20 22 25 95 33 27
15108 21 26 168 41 22 39 20 30 24 10 33 27
15109 21 39 336 26 25 31 22 29 23 46 33 27
15110 22 31 118 14 31 18 22 22 24 1 32 27
15111 22 29 349 30 21 1 24 24 34 25 33 27
15112 21 30 182 28 36 69 20 28 24 1 33 27
15113 21 26 272 18 28 27 20 29 24 4 33 27
15114 22 36 457 33 27 107 25 33 24 20 33 27
15115 21 30 186 34 21 72 21 30 26 27 33 27
15116 22 37 294 14 36 1 22 35 33 40 33 27
15117 21 30 166 28 24 54 23 35 24 23 33 27
15118 22 30 166 36 25 74 23 28 31 23 33 27
15119 21 39 171 30 41 72 26 24 30 20 33 27
15120 21 31 1039 26 29 67 23 36 27 5 33 27
15121 21 35 1101 32 23 1 21 1 30 30 33 27
15122 22 28 140 23 35 1 24 25 32 1 33 27
15123 22 29 177 35 16 5 21 37 29 47 33 27
15124 21 35 299 23 38 55 27 21 29 16 33 27
15125 21 31 221 15 26 1 23 21 30 25 33 27
15126 21 33 221 15 28 8 22 34 28 34 33 27
15127 21 34 218 30 27 1 21 38 22 39 33 27
15128 21 30 232 33 35 1 22 25 37 9 33 27
15129 21 32 223 23 36 1 23 24 24 17 33 27
15130 21 29 96 17 28 32 21 23 25 14 33 27
15131 21 35 255 14 31 52 22 25 27 37 33 27
15132 21 27 288 31 28 1 23 24 25 1 33 27
15133 22 35 211 28 28 1 21 30 31 35 34 27
15134 21 29 367 28 30 1 25 21 30 10 33 27
15135 21 29 203 27 20 1 26 22 35 34 33 27
15136 22 31 139 26 30 21 24 33 28 27 33 27
15137 21 29 192 30 32 71 22 25 17 1 33 27
15138 21 31 348 26 22 1 20 32 19 38 33 27
15139 22 34 138 35 20 25 23 36 21 50 33 27
15140 22 29 90 25 36 1 24 31 25 15 33 27
15141 21 21 81 13 26 8 23 22 27 1 33 27
15142 21 26 104 20 29 44 23 18 25 1 32 27
15143 22 31 203 19 17 1 17 43 30 44 33 27
15144 21 32 366 30 34 49 22 29 21 16 33 27
15145 21 25 159 18 26 1 22 22 36 8 33 27
15146 21 32 274 32 28 80 18 31 27 26 33 27
15147 22 33 153 23 31 1 19 30 21 26 33 27
15148 22 30 371 22 36 1 19 1 30 10 33 27
15149 21 34 290 14 31 71 22 28 25 14 33 27
15150 21 28 98 42 19 1 16 21 26 15 33 27
15151 21 25 101 26 23 1 24 12 23 1 33 27
15152 21 33 267 39 26 1 26 34 21 46 33 27
15153 21 33 349 38 18 1 24 37 25 51 33 27
15154 21 37 295 22 29 1 25 37 27 44 33 27
15155 22 40 301 28 36 20 25 27 36 49 33 27
15156 21 32 128 18 34 29 18 20 44 12 33 27
15157 21 32 927 35 29 30 24 41 29 20 33 27
15158 22 32 238 19 36 57 21 23 28 3 33 27
15159 21 26 209 24 21 17 22 26 24 7 33 27
15160 21 30 244 17 29 41 26 28 23 16 33 27
15161 22 29 1002 20 22 45 25 30 28 7 33 27
15162 22 34 238 19 31 60 23 19 27 23 33 27
15163 21 35 288 24 33 79 21 23 23 16 33 27
15164 21 26 301 31 21 8 20 29 21 3 33 27
15165 21 32 254 26 31 47 23 16 26 8 33 27
15166 22 32 105 37 32 48 19 27 26 22 33 27
15167 21 29 361 24 31 2 23 37 26 8 33 27
15168 21 34 224 23 27 32 22 26 27 23 33 27
15169 21 26 190 25 26 10 22 26 25 18 33 27
15170 22 33 93 20 33 53 25 20 26 3 33 27
15171 21 36 188 20 26 41 24 20 24 37 33 27
15172 21 24 89 33 24 62 21 26 31 5 33 27
15173 21 26 128 25 32 1 20 29 30 31 33 27
15174 22 30 211 29 30 6 23 29 32 17 33 27
15175 21 212 380 96 42 1 72 26 25 1 33 27
15176 22 37 107 36 32 70 29 30 32 29 33 27
15177 21 36 198 34 34 96 19 21 27 1 33 27
15178 21 33 173 35 27 56 26 35 29 31 33 27
15179 22 34 302 18 31 12 23 1 36 24 33 27
15180 21 37 214 31 31 46 24 32 27 21 33 27
15181 22 30 823 23 30 13 19 25 30 23 33 27
15182 21 31 458 19 42 40 23 18 24 1 33 27
15183 21 30 98 15 35 44 29 22 25 5 33 27
15184 22 33 363 28 34 10 25 30 30 27 33 27
15185 22 36 198 27 31 50 24 26 30 38 33 27
15186 21 34 313 24 31 1 26 27 27 42 33 27
15187 21 34 145 293 31 54 23 13 23 10 33 27
15188 22 32 153 19 29 1 24 38 25 36 34 27
15189 22 32 205 23 26 9 23 24 28 20 33 27
15190 21 27 445 31 24 15 28 36 25 28 33 27
15191 21 30 400 23 27 63 21 23 27 16 33 27
15192 21 32 203 35 22 1 25 40 29 45 33 27
15193 21 32 473 26 34 1 22 33 32 29 33 27
15194 22 30 176 32 21 31 21 30 27 32 33 27
15195 21 24 227 36 19 27 22 30 24 1 33 27
15196 21 33 237 34 17 3 25 33 21 49 33 27
15197 21 37 157 22 34 26 27 18 28 33 33 27
15198 21 39 494 13 35 1 23 25 25 44 33 27
15199 21 31 93 36 22 29 16 28 17 16 33 27
15200 21 26 238 34 17 24 20 21 29 1 33 27
15201 22 29 252 34 27 65 27 25 30 8 33 27
15202 21 32 186 24 32 68 24 28 23 1 33 27
15203 21 37 298 27 34 1 21 29 24 29 33 27
15204 22 37 224 36 29 17 18 31 22 48 34 27
15205 21 36 716 27 30 48 21 32 22 14 33 27
15206 21 29 150 24 28 51 20 33 23 7 33 27
15207 21 34 324 28 23 29 21 22 23 19 33 27
15208 21 31 124 32 21 29 20 26 24 16 33 27
15209 21 32 127 21 35 1 22 19 25 28 33 27
15210 21 30 345 29 24 2 24 30 23 36 33 27
15211 21 40 113 29 30 21 24 36 17 38 33 27
15212 22 33 235 36 25 1 24 33 25 34 33 27
15213 21 28 99 34 17 41 21 30 22 23 33 27
15214 21 27 143 44 36 45 28 47 31 1 33 27
15215 21 26 163 22 35 39 20 25 26 1 33 27
15216 21 26 134 20 18 47 21 32 22 4 33 27
15217 21 29 203 16 37 1 19 21 27 1 33 27
15218 21 37 209 42 33 1 22 35 20 24 33 27
15219 21 33 208 29 26 16 24 18 22 22 33 27
15220 21 33 200 33 30 8 22 30 20 26 33 27
15221 22 31 570 271 32 1 21 19 26 19 33 27
15222 21 39 266 40 33 76 28 35 28 33 33 27
15223 21 30 170 22 24 19 24 22 23 15 33 27
15224 21 32 451 40 25 1 28 36 27 39 33 27
15225 21 32 153 18 38 17 22 1 35 16 33 27
15226 22 37 150 21 32 15 30 30 29 27 33 27
15227 22 33 204 32 28 67 24 34 24 34 33 27
15228 22 32 104 30 30 16 25 1 35 19 33 27
15229 21 25 412 33 26 28 26 22 31 1 33 27
15230 21 32 270 26 33 49 20 22 22 1 33 27
15231 21 39 126 24 43 56 21 30 30 17 33 27
15232 21 29 94 26 21 1 21 30 24 18 32 27
15233 21 32 249 42 19 21 24 39 28 10 33 27
15234 21 37 236 30 33 59 20 27 24 28 33 27
15235 21 31 469 33 25 114 22 24 31 14 33 27
15236 21 29 203 28 20 29 19 31 28 13 33 27
15237 21 32 187 35 27 1 20 26 26 27 33 27
15238 21 36 145 31 35 45 25 24 33 19 33 27
15239 21 30 171 31 21 1 21 30 25 43 33 27
15240 21 37 471 27 24 40 22 31 27 37 33 27
15241 21 31 154 28 30 1 22 18 32 13 33 27
15242 22 28 222 11 30 16 18 24 30 1 33 27
15243 21 33 166 24 39 26 25 30 29 1 33 27
15244 21 26 263 39 21 63 27 24 30 1 33 27
15245 21 35 205 33 29 13 24 30 17 24 33 27
15246 21 33 143 25 37 9 17 20 30 16 33 27
15247 21 33 189 33 19 65 26 31 26 37 33 27
15248 21 32 138 13 25 12 24 17 29 22 33 27
15249 22 35 456 32 33 54 26 26 33 15 33 27
15250 21 33 202 24 42 37 21 17 26 1 33 27
15251 21 38 166 26 30 1 22 34 26 35 33 27
15252 21 34 147 30 28 46 24 1 33 26 33 27
15253 21 31 466 31 29 1 19 1 28 22 33 27
15254 21 20 277 24 28 15 20 33 21 8 33 27
15255 21 32 112 14 37 1 18 25 28 24 33 27
15256 21 33 654 28 23 36 25 40 33 41 33 27
15257 21 30 474 35 26 92 21 21 28 12 33 27
15258 21 27 160 26 26 19 27 29 32 1 33 27
15259 22 32 121 23 26 1 22 30 28 34 33 27
15260 21 32 161 27 32 43 26 31 32 15 33 27
15261 22 25 170 25 17 1 20 31 29 14 33 27
15262 21 29 387 35 34 1 25 30 29 17 33 27
15263 21 33 870 34 28 45 22 28 23 30 33 27
15264 22 27 265 22 24 14 24 27 22 9 33 27
15265 21 23 248 18 30 19 20 23 26 5 33 27
15266 21 35 295 20 32 20 24 22 25 16 33 27
15267 21 35 161 23 40 1 22 29 19 20 33 27
15268 21 32 322 33 27 94 15 17 25 21 33 27
15269 21 28 671 30 20 1 26 33 30 39 33 27
15270 21 31 253 32 20 23 21 27 29 36 33 27
15271 22 31 141 19 34 10 20 26 22 1 33 27
15272 21 25 119 39 18 56 24 27 24 1 33 27
15273 21 30 133 23 26 40 26 27 24 24 33 27
15274 21 31 279 26 28 44 24 27 31 14 33 27
15275 21 28 155 23 33 20 20 19 29 9 33 27
15276 21 31 272 35 29 38 28 12 26 8 33 27
15277 21 35 414 27 28 68 21 40 25 27 33 27
15278 21 23 356 29 21 11 21 37 32 1 33 27
15279 21 28 225 16 29 68 19 24 30 1 33 27
15280 21 33 181 18 42 76 33 18 28 4 33 27
15281 21 31 189 42 15 45 26 32 27 44 33 27
15282 21 31 238 36 35 1 23 28 28 19 33 27
15283 21 30 117 18 34 1 21 35 28 22 33 27
15284 21 29 534 23 29 52 23 28 27 7 33 27
15285 22 31 218 37 35 1 23 17 39 20 33 27
15286 21 29 165 27 26 17 25 25 25 25 33 27
15287 21 27 123 26 25 1 21 29 19 18 33 27
15288 21 33 150 26 34 1 22 35 20 17 33 27
15289 22 31 155 35 26 25 23 28 27 12 33 27
15290 22 34 107 21 24 1 21 32 29 42 33 27
15291 21 37 105 21 30 44 25 17 33 10 33 27
15292 21 33 305 28 27 35 26 23 31 28 33 27
15293 21 38 157 26 29 62 26 27 33 23 33 27
15294 21 28 86 16 35 1 22 32 26 1 33 27
15295 21 31 131 16 38 9 22 31 37 27 33 27
15296 21 28 141 20 17 32 22 25 23 22 33 27
15297 21 28 95 27 22 15 26 40 33 6 33 27
15298 21 34 169 24 29 58 23 23 24 12 33 27
15299 21 34 209 124 232 1 22 35 18 37 33 27
15300 22 36 129 30 33 105 25 27 26 17 33 27
15301 22 34 195 26 29 6 26 26 23 27 33 27
15302 22 35 118 32 29 18 28 37 29 13 33 27
15303 21 31 112 16 34 40 25 20 26 1 33 27
15304 21 28 195 25 14 62 16 22 24 20 33 27
15305 21 40 306 16 37 1 20 49 24 24 33 27
15306 21 23 236 15 24 1 21 25 27 1 33 27
15307 21 35 351 24 32 46 19 28 28 24 33 27
15308 21 32 201 19 37 22 19 23 25 8 33 27
15309 21 35 734 30 27 26 24 31 33 32 33 27
15310 22 33 502 30 38 68 20 38 17 3 33 27
15311 22 32 159 18 35 19 23 24 25 1 33 27
15312 21 28 168 33 29 80 22 19 29 3 33 27
15313 21 26 306 34 31 1 22 21 27 1 32 27
15314 22 30 231 17 35 38 25 28 25 4 33 27
15315 21 34 338 29 30 1 16 33 26 23 33 27
15316 21 37 177 33 39 19 22 33 25 22 33 27
15317 21 27 111 31 24 26 22 19 32 12 33 27
15318 21 27 286 33 19 17 22 39 30 23 33 27
15319 22 30 156 23 29 95 18 26 29 19 33 27
15320 21 32 175 29 40 1 21 23 27 2 33 27
15321 21 29 223 37 18 1 24 30 29 31 33 27
15322 21 33 350 27 26 13 21 25 32 32 33 27
15323 21 30 756 26 25 52 26 32 27 28 33 27
15324 21 31 588 19 29 7 23 26 27 7 33 27
15325 22 40 363 27 37 22 21 26 23 17 33 27
15326 21 35 370 27 32 75 24 33 26 18 33 27
15327 22 31 147 22 19 1 18 29 28 33 33 27
15328 21 26 126 25 21 68 29 40 27 17 33 27
15329 21 31 279 15 36 46 23 26 31 1 33 27
15330 21 32 266 29 30 53 22 29 24 35 33 27
15331 21 26 203 27 25 1 24 29 18 16 33 27
15332 21 28 197 22 26 66 22 32 21 3 33 27
15333 21 27 311 13 35 1 20 31 23 6 33 27
15334 21 23 146 22 25 1 17 36 16 5 33 27
15335 21 28 171 16 32 1 21 19 26 1 33 27
15336 21 35 195 33 19 58 24 29 25 43 33 27
15337 21 31 144 33 26 34 23 23 24 26 33 27
15338 21 33 107 27 27 9 25 25 25 32 33 27
15339 21 34 104 33 24 17 25 32 24 43 33 27
15340 21 36 423 33 31 20 25 30 26 25 33 27
15341 21 28 206 24 13 13 25 26 29 29 33 27
15342 22 28 603 23 26 1 20 34 26 28 33 27
15343 22 33 500 36 27 1 19 28 22 24 33 27
15344 21 30 448 23 22 92 24 23 25 1 33 27
15345 21 31 282 35 25 25 22 16 28 18 33 27
15346 21 33 110 27 23 46 20 23 19 30 33 27
15347 21 25 266 20 35 63 21 28 29 1 33 27
15348 21 31 141 18 30 1 19 25 19 27 33 27
15349 22 37 250 16 30 1 22 19 28 37 33 27
15350 21 33 384 46 26 92 21 1 33 23 33 27
15351 21 30 111 21 29 34 24 34 25 30 33 27
15352 21 36 325 28 32 1 23 32 23 36 33 27
15353 21 33 90 18 39 1 25 26 25 1 33 27
15354 21 30 282 16 30 1 22 21 27 5 33 27
15355 22 33 109 24 32 1 25 31 33 20 33 27
15356 22 28 255 31 26 43 19 29 22 13 33 27
15357 21 30 146 23 35 76 25 21 28 1 33 27
15358 21 41 111 19 42 69 20 1 40 30 33 27
15359 21 26 382 22 27 8 17 31 25 20 33 27
15360 21 33 245 19 23 1 19 21 24 26 33 27
15361 22 35 105 25 30 82 19 1 36 7 33 27
15362 22 35 256 24 31 98 23 21 29 18 33 27
15363 21 38 195 31 51 1 21 1 34 24 33 27
15364 22 34 317 26 32 39 25 47 23 16 33 27
15365 22 30 345 22 21 29 18 28 21 11 33 27
15366 21 31 331 15 30 1 24 30 32 34 33 27
15367 21 29 317 27 27 40 21 32 27 19 33 27
15368 21 30 162 29 30 62 24 19 26 5 33 27
15369 21 37 512 26 29 25 25 35 26 56 33 27
15370 22 31 220 35 21 49 24 33 29 29 33 27
15371 22 28 95 27 27 1 22 22 27 15 33 27
15372 21 31 201 39 29 14 20 30 27 29 33 27
15373 21 28 608 26 19 65 24 30 24 29 33 27
15374 21 32 305 43 15 53 23 42 28 44 33 27
15375 21 31 107 21 37 27 23 26 28 2 33 27
15376 21 31 1246 25 17 22 24 38 25 39 33 27
15377 21 27 169 32 26 1 21 31 30 18 33 27
15378 21 27 661 25 23 1 22 40 28 27 33 27
15379 21 30 146 39 23 11 19 48 22 16 33 27
15380 21 32 593 14 29 90 21 28 23 1 33 27
15381 22 31 189 30 23 1 19 36 27 42 33 27
15382 21 35 175 34 25 76 22 37 26 42 33 27
15383 22 31 402 21 34 37 23 27 24 1 32 27
15384 22 34 557 35 27 19 23 34 28 32 33 27
15385 21 28 291 25 27 42 23 1 31 3 32 26
15386 21 34 270 23 39 83 19 20 30 1 32 27
15387 22 37 248 36 46 1 21 1 26 14 33 27
15388 21 36 751 26 32 45 26 32 31 36 33 27
15389 22 31 95 27 25 63 21 33 26 20 33 27
15390 22 34 161 26 33 63 21 25 24 32 34 27
15391 21 40 222 29 27 101 21 31 35 38 33 27
15392 22 32 508 35 22 49 20 36 23 29 33 27
15393 21 33 411 18 35 23 25 31 28 5 33 27
15394 21 34 162 18 37 5 25 27 20 4 33 27
15395 21 34 181 22 26 48 24 36 29 34 33 27
15396 21 32 178 33 18 60 27 33 27 43 33 27
15397 21 30 630 27 24 19 24 25 29 30 33 27
15398 21 29 586 24 33 1 20 20 24 1 33 27
15399 21 33 382 23 30 13 25 28 28 18 33 27
15400 22 31 179 22 31 72 24 29 28 1 33 27
15401 21 28 271 23 32 12 23 31 27 20 33 27
15402 21 19 156 27 21 8 23 21 22 1 32 27
15403 21 36 106 38 29 31 23 35 28 47 33 27
15404 21 33 408 23 29 4 26 28 24 30 33 27
15405 22 24 130 12 21 11 18 28 23 10 33 27
15406 21 36 303 23 39 82 24 53 25 26 33 27
15407 21 31 192 16 35 17 21 16 24 1 32 27
15408 21 35 443 13 24 32 24 24 29 34 33 27
15409 21 31 132 19 40 3 21 19 27 2 33 27
15410 21 28 352 40 23 42 22 41 24 27 33 27
15411 22 31 102 24 36 28 26 18 24 1 33 27
15412 21 26 166 23 27 58 23 23 30 6 33 27
15413 21 30 186 30 23 62 20 36 25 30 33 27
15414 22 31 706 23 36 27 27 25 26 14 33 27
15415 21 32 305 14 25 14 24 26 20 29 33 27
15416 21 30 97 28 34 1 23 34 22 11 33 27
15417 21 32 178 21 33 1 17 1 30 29 33 27
15418 21 31 181 28 18 43 21 34 21 43 33 27
15419 21 23 149 19 30 8 18 28 21 1 33 27
15420 21 37 139 28 38 1 17 15 32 33 33 27
15421 22 30 294 11 33 21 24 26 25 22 33 27
15422 21 28 295 18 32 1 25 24 24 1 33 27
15423 21 32 181 27 25 66 24 28 21 29 33 27
15424 22 36 230 34 44 54 24 34 26 4 33 27
15425 21 22 251 19 16 28 18 46 17 4 33 27
15426 22 28 129 31 19 3 22 31 26 38 33 27
15427 21 36 228 30 32 1 22 37 28 35 33 27
15428 21 28 104 17 39 1 17 21 21 1 32 27
15429 21 35 226 35 25 56 19 29 26 29 33 27
15430 22 39 162 27 29 69 23 19 21 36 33 27
15431 21 34 497 23 37 68 21 24 29 1 33 27
15432 21 20 149 22 20 1 19 20 25 1 33 27
15433 21 32 151 37 20 46 24 29 26 38 33 27
15434 21 38 218 32 36 1 18 22 32 18 33 27
15435 22 31 203 30 34 1 20 21 28 6 33 27
15436 22 32 209 36 24 1 18 40 23 45 33 27
15437 21 28 374 10 33 10 22 19 26 1 32 27
15438 21 31 188 12 24 53 23 22 27 6 33 27
15439 21 25 346 14 23 4 21 25 25 13 33 27
15440 21 32 218 20 30 39 25 22 32 21 33 27
15441 21 28 183 26 18 48 22 44 22 24 33 27
15442 21 30 116 24 32 24 19 21 30 1 33 27
15443 22 33 1163 23 24 34 22 38 26 42 33 27
15444 21 30 144 19 28 17 23 37 26 28 33 27
15445 21 24 92 36 17 1 25 24 32 10 33 27
15446 21 35 317 35 40 1 25 43 32 5 33 27
15447 21 29 133 21 19 17 25 28 29 24 33 27
15448 21 24 195 31 24 5 25 36 27 3 33 27
15449 22 27 146 20 39 31 19 26 26 2 33 27
15450 21 23 104 40 16 1 21 36 29 7 33 27
15451 21 30 187 33 30 1 26 37 31 23 33 27
15452 21 29 248 18 30 1 18 30 24 11 33 27
15453 21 30 189 22 24 1 25 31 32 32 33 27
15454 21 32 96 40 24 1 24 39 18 45 33 27
15455 21 31 456 30 32 49 23 23 26 2 33 27
15456 21 34 100 24 30 1 24 31 28 40 33 27
15457 22 31 96 24 29 48 24 31 25 13 33 27
15458 21 26 309 10 34 1 17 18 19 1 33 27
15459 22 29 93 24 27 34 20 29 24 14 33 27
15460 21 29 145 26 24 6 24 28 24 28 33 27
15461 22 28 130 26 20 1 24 29 25 23 33 27
15462 21 31 527 24 30 42 23 37 27 25 33 27
15463 21 41 194 20 38 20 22 26 22 43 33 27
15464 21 25 147 22 29 1 25 50 26 11 33 27
15465 22 32 311 35 18 63 22 24 24 32 33 27
15466 22 36 112 21 35 2 26 17 27 18 33 27
15467 22 32 176 25 22 80 22 29 28 33 33 27
15468 21 37 86 19 31 76 27 24 24 11 33 27
15469 21 32 182 19 32 1 19 12 22 11 33 27
15470 21 35 283 41 29 63 22 36 23 33 33 27
15471 21 35 116 25 38 93 25 31 23 14 33 27
15472 22 27 190 12 32 2 21 21 28 1 32 27
15473 21 31 94 20 30 16 21 35 26 20 33 27
15474 21 30 352 23 21 28 23 23 20 29 33 27
15475 22 27 127 31 26 4 24 1 28 20 33 27
15476 21 32 115 26 25 1 20 34 21 33 33 27
15477 21 25 111 36 31 21 25 31 28 1 33 27
15478 21 30 124 23 35 1 23 1 31 13 33 27
15479 21 32 209 20 32 1 22 35 18 22 33 27
15480 21 30 192 20 37 42 22 23 31 1 33 27
15481 22 41 124 30 39 69 23 17 28 35 33 27
15482 21 33 507 26 29 1 24 23 29 26 33 27
15483 21 32 180 23 24 7 18 13 23 34 33 27
15484 21 37 139 34 29 7 25 32 28 45 33 27
15485 21 34 202 22 22 42 23 26 26 30 33 27
15486 21 27 533 21 35 1 24 39 30 24 33 27
15487 22 33 93 26 26 1 23 32 29 40 33 27
15488 21 29 79 23 20 37 21 1 28 13 33 27
15489 21 26 88 28 24 17 22 23 31 5 33 27
15490 21 25 261 26 26 1 25 34 24 23 33 27
15491 21 30 595 14 26 31 22 18 29 4 33 27
15492 22 28 117 9 41 43 20 23 27 1 33 27
15493 21 31 219 19 36 1 29 19 28 11 33 27
15494 21 29 93 24 29 1 24 33 27 12 33 27
15495 21 30 211 34 32 53 24 30 27 14 33 27
15496 21 34 439 28 35 13 20 27 20 32 33 27
15497 21 37 281 31 32 76 24 31 27 27 33 27
15498 21 31 151 24 28 72 21 24 25 1 33 27
15499 21 28 150 13 28 24 22 31 25 9 33 27
15500 21 34 515 20 34 43 26 26 36 19 33 27
15501 21 29 205 17 36 40 25 26 26 1 32 27
15502 21 27 90 29 21 1 22 41 33 5 33 27
15503 21 36 205 27 29 12 25 36 26 27 33 27
15504 21 36 294 35 27 52 25 29 26 43 33 27
15505 21 32 114 18 34 1 22 22 23 14 33 27
15506 21 32 165 41 23 45 24 29 32 35 33 27
15507 21 29 236 21 18 22 21 23 24 20 33 27
15508 21 40 245 28 37 65 23 29 26 24 33 27
15509 21 26 433 21 7 26 20 41 30 37 33 27
15510 21 33 155 32 25 45 23 24 29 31 33 27
15511 21 30 162 27 35 39 22 20 25 12 33 27
15512 21 34 127 24 37 77 23 18 25 4 33 27
15513 21 29 172 16 16 58 19 25 22 31 33 27
15514 21 33 423 35 26 1 20 31 24 34 33 27
15515 21 36 158 29 35 53 26 13 33 25 33 27
15516 21 32 102 21 30 1 18 27 29 33 33 27
15517 22 29 368 23 21 6 22 33 25 28 33 27
15518 21 37 336 29 35 119 22 23 23 19 33 27
15519 21 34 217 26 40 73 21 13 26 1 33 27
15520 21 28 547 27 23 1 23 34 22 30 33 27
15521 21 38 602 26 38 3 29 1 31 31 33 27
15522 21 38 328 6 31 52 26 22 22 27 33 27
15523 22 35 132 15 38 1 22 14 27 26 33 27
15524 21 28 245 25 21 71 24 23 28 17 33 27
15525 21 32 254 20 41 32 28 24 30 20 33 27
15526 21 32 227 38 20 1 16 32 27 41 33 27
15527 21 35 151 19 33 11 24 30 31 28 33 27
15528 21 24 138 18 34 11 18 7 23 1 33 27
15529 21 32 195 37 33 11 22 36 30 18 33 27
15530 21 29 153 25 33 67 23 30 27 1 33 27
15531 21 33 183 28 34 75 21 16 25 20 33 27
15532 21 32 543 32 26 25 20 27 31 18 33 27
15533 21 34 203 35 21 90 25 31 31 37 33 27
15534 21 29 232 30 21 27 26 33 22 19 33 27
15535 21 37 179 27 36 25 26 26 29 32 33 27
15536 21 33 237 24 25 31 18 26 15 28 33 27
15537 21 30 156 26 22 1 19 28 19 38 33 27
15538 21 34 945 33 28 1 24 34 30 15 33 27
15539 22 25 155 24 23 43 23 13 20 1 33 27
15540 22 30 154 31 33 112 25 34 32 4 33 27
15541 21 29 155 30 23 3 21 34 25 37 33 27
15542 21 29 231 29 27 22 28 41 32 22 33 27
15543 22 30 100 21 23 14 17 21 24 15 33 27
15544 21 39 213 26 36 42 27 29 31 50 33 27
15545 21 31 113 29 18 39 23 27 23 22 33 27
15546 21 30 114 23 26 72 19 27 23 8 33 27
15547 21 34 128 24 24 1 24 28 24 48 33 27
15548 22 34 137 24 33 1 20 27 28 31 33 27
15549 22 40 135 29 35 116 24 21 30 33 33 27
15550 21 37 153 23 31 13 24 35 33 50 33 27
15551 21 35 483 15 38 1 21 20 22 19 33 27
15552 21 29 223 15 35 45 23 23 26 1 33 27
15553 21 36 157 28 31 20 20 27 22 35 33 27
15554 21 32 103 28 29 1 23 31 32 24 33 27
15555 21 29 133 25 36 6 21 35 26 1 33 27
15556 21 30 159 25 27 1 23 37 34 20 33 27
15557 21 26 199 19 21 44 17 22 25 1 33 27
15558 21 36 377 22 36 122 20 18 27 3 33 27
15559 21 37 519 28 39 43 19 25 28 36 33 27
15560 22 31 209 22 29 20 20 1 26 21 33 27
15561 21 33 118 30 26 84 19 30 28 29 33 27
15562 21 21 98 29 24 1 16 20 27 1 33 27
15563 21 32 142 18 40 59 18 20 27 1 33 27
15564 22 32 123 20 31 26 23 24 21 17 33 27
15565 21 34 170 23 24 84 21 40 19 30 33 27
15566 21 30 332 30 20 17 23 19 26 27 33 27
15567 21 23 234 22 18 22 22 23 22 6 33 27
15568 21 36 308 17 44 17 21 24 24 11 33 27
15569 21 28 182 22 31 1 21 19 34 19 32 27
15570 21 32 184 15 26 5 23 18 13 29 33 27
15571 21 25 87 23 21 21 28 26 28 4 33 27
15572 21 29 493 28 33 1 21 22 30 18 33 27
15573 21 31 248 27 28 1 23 22 24 20 33 27
15574 21 37 136 36 37 106 17 22 32 16 33 27
15575 21 29 365 34 20 77 25 1 31 1 33 27
15576 21 28 100 30 27 1 21 36 27 1 33 27
15577 21 35 325 40 22 33 23 42 19 35 33 27
15578 22 34 209 26 28 24 24 21 37 12 33 27
15579 21 28 252 16 23 38 20 26 28 22 33 27
15580 21 29 177 25 33 23 28 22 36 11 33 27
15581 22 31 165 22 27 10 21 34 24 28 33 27
15582 22 38 312 33 35 64 27 48 26 20 33 27
15583 22 27 192 11 34 1 21 27 26 3 33 27
15584 22 39 361 20 41 101 17 31 21 23 33 27
15585 22 34 109 24 32 72 24 20 27 11 33 27
15586 21 30 346 18 39 49 25 19 26 1 33 27
15587 21 33 166 35 28 35 21 30 30 26 33 27
15588 22 31 311 29 34 1 20 30 25 13 33 27
15589 22 38 195 36 30 1 21 29 27 31 33 27
15590 21 30 146 28 33 14 24 28 33 4 33 27
15591 21 32 218 25 33 36 23 28 32 15 33 27
15592 21 33 240 29 33 1 20 47 28 12 33 27
15593 21 30 317 34 21 86 24 33 22 24 33 27
15594 21 25 152 20 30 1 25 32 31 8 33 27
15595 21 31 111 20 37 64 26 31 34 1 33 27
15596 21 32 313 20 30 28 23 33 34 33 33 27
15597 21 33 215 28 35 95 25 25 36 13 33 27
15598 21 48 215 27 43 1 21 28 33 48 33 27
15599 21 28 189 30 23 1 23 1 29 13 33 27
15600 21 29 461 24 16 3 19 27 44 31 33 27
15601 22 31 311 21 37 27 23 32 24 1 33 27
15602 21 37 525 38 27 52 29 30 34 37 33 27
15603 21 31 559 12 31 23 25 28 29 22 33 27
15604 21 25 282 20 30 1 23 46 34 8 33 27
15605 22 37 401 21 33 44 25 33 34 31 33 27
15606 21 38 599 44 29 1 26 28 25 35 33 27
15607 21 37 155 23 23 9 18 23 26 37 33 27
15608 21 33 135 26 33 111 17 32 22 15 33 27
15609 21 26 149 32 32 18 26 45 27 8 33 27
15610 21 30 210 27 24 29 23 27 22 21 33 27
15611 21 27 138 18 30 52 25 24 23 1 33 27
15612 21 33 152 40 35 46 26 37 34 31 33 27
15613 21 32 166 15 33 71 25 21 28 4 33 27
15614 22 24 67 13 31 1 24 18 24 4 33 27
15615 21 31 221 18 24 82 24 23 26 14 33 27
15616 22 29 204 16 32 12 25 34 32 5 33 27
15617 21 35 247 32 33 57 24 28 30 24 33 27
15618 21 33 249 18 35 56 22 28 27 4 33 27
15619 21 35 229 21 42 6 24 23 24 7 33 27
15620 21 28 440 17 34 63 23 20 29 1 33 27
15621 21 33 595 24 37 76 23 31 24 3 33 27
15622 22 32 866 26 30 16 24 29 30 11 33 27
15623 21 32 120 28 34 18 21 37 17 5 33 27
15624 21 30 186 29 22 25 24 27 30 23 33 27
15625 21 34 353 36 26 1 24 31 25 31 33 27
15626 22 28 281 25 27 24 22 32 28 13 33 27
15627 21 29 346 26 20 1 19 31 18 24 33 27
15628 21 35 171 35 35 86 26 33 25 15 33 27
15629 22 25 203 16 30 1 26 19 20 1 33 27
15630 21 27 89 27 15 11 19 37 25 34 33 26
15631 21 36 119 34 28 108 22 24 26 19 33 27
15632 22 37 175 22 32 1 24 23 27 31 33 27
15633 21 36 165 13 35 10 24 30 34 33 33 27
15634 22 39 523 27 26 63 24 29 30 25 33 27
15635 21 31 140 22 37 1 19 18 21 13 33 27
15636 22 35 177 27 36 1 20 27 35 23 33 27
15637 22 34 803 35 26 2 27 31 29 36 33 27
15638 22 36 242 32 37 42 23 1 35 17 33 27
15639 22 36 365 34 36 72 30 30 28 21 33 27
15640 21 29 186 20 31 15 26 31 23 6 33 27
15641 22 32 89 12 16 2 22 21 27 31 33 27
15642 22 37 228 19 31 2 26 29 31 28 33 27
15643 21 41 500 30 42 5 21 25 27 34 33 27
15644 21 35 590 7 32 13 22 22 22 24 33 27
15645 21 33 182 42 24 87 24 22 33 27 33 27
15646 21 29 412 30 21 1 19 30 25 28 33 27
15647 21 40 353 36 30 114 22 24 29 36 33 27
15648 21 30 89 27 24 3 22 25 33 6 33 27
15649 22 32 206 28 30 11 20 39 22 29 33 27
15650 21 36 187 23 38 82 25 30 29 13 33 27
15651 21 26 280 32 26 25 19 22 27 7 33 27
15652 21 28 129 18 22 16 26 17 22 7 33 27
15653 22 32 317 25 32 28 19 34 21 15 33 27
15654 22 35 198 32 21 38 25 40 28 37 33 27
15655 21 29 857 30 17 1 25 24 27 32 33 27
15656 22 35 199 20 40 32 23 27 27 1 33 27
15657 21 33 238 24 40 27 20 29 25 2 33 27
15658 21 33 414 34 35 1 17 21 20 15 33 27
15659 21 29 641 39 18 34 26 30 35 22 33 27
15660 21 36 200 34 22 1 20 12 21 38 33 27
15661 21 38 349 23 36 69 17 23 25 20 33 27
15662 21 28 364 14 35 29 24 23 26 4 33 27
15663 22 33 279 31 23 1 18 35 21 33 33 27
15664 21 31 153 35 19 4 22 33 26 39 33 27
15665 21 25 400 18 21 17 16 25 25 9 33 27
15666 21 30 405 29 29 1 24 39 26 10 33 27
15667 21 29 180 39 17 15 21 30 29 34 33 27
15668 22 42 375 43 32 65 27 27 40 46 33 27
15669 21 28 112 28 37 87 25 28 22 6 33 27
15670 21 31 340 41 21 15 18 32 31 38 33 27
15671 21 30 198 19 35 11 23 12 32 9 33 27
15672 21 37 116 22 38 38 23 24 30 12 33 27
15673 21 32 132 22 23 51 23 25 28 24 33 27
15674 21 32 437 13 37 9 21 27 27 1 33 27
15675 21 32 117 13 32 64 24 30 23 30 33 27
15676 22 37 112 34 36 89 25 32 30 25 33 27
15677 21 27 138 20 20 24 24 19 25 10 33 27
15678 22 37 189 38 38 5 18 1 31 14 33 27
15679 21 28 716 26 24 63 22 22 24 1 33 27
15680 21 35 348 26 27 1 21 26 24 34 33 27
15681 21 29 228 20 34 16 20 29 21 22 33 27
15682 21 18 160 29 14 3 26 30 28 1 33 27
15683 21 32 178 26 29 1 23 25 26 21 33 27
15684 21 25 83 33 20 51 16 22 28 7 33 27
15685 21 31 210 35 29 94 23 48 26 9 33 27
15686 22 31 169 32 26 50 20 32 23 7 33 27
15687 21 41 198 21 31 15 24 48 34 37 33 27
15688 21 30 277 29 21 18 24 33 27 34 33 27
15689 21 29 319 19 28 1 23 36 23 24 33 27
15690 21 34 135 34 28 1 22 39 23 46 33 27
15691 21 28 336 31 24 13 20 33 26 25 33 27
15692 21 28 570 21 32 21 20 25 27 1 33 27
15693 22 32 286 31 33 94 26 23 26 14 33 27
15694 21 29 221 24 30 45 22 24 24 4 33 27
15695 22 33 286 24 35 32 19 22 22 21 33 27
15696 21 29 277 34 16 25 24 33 31 38 33 27
15697 21 29 365 34 19 10 20 31 26 37 33 27
15698 21 29 787 26 29 42 19 33 21 1 33 27
15699 22 27 193 30 20 27 23 34 32 15 33 27
15700 21 36 157 20 30 41 19 27 25 35 33 27
15701 22 31 349 32 28 30 24 1 31 17 33 27
15702 21 34 251 27 30 1 28 21 19 30 33 27
15703 22 33 244 30 24 27 22 26 21 28 33 27
15704 21 33 112 25 29 36 27 1 37 14 33 27
15705 21 34 216 22 29 39 22 26 18 30 33 27
15706 21 28 147 24 32 1 20 28 27 11 33 27
15707 21 30 385 25 24 1 21 29 28 33 33 27
15708 21 36 201 34 29 11 25 27 30 38 33 27
15709 21 22 235 29 26 1 16 31 29 1 33 27
15710 22 33 192 23 34 106 19 31 24 1 33 27
15711 22 32 115 22 26 14 19 23 25 27 33 27
15712 22 35 512 25 34 1 24 42 27 22 33 27
15713 21 31 184 24 37 32 23 19 27 24 33 27
15714 21 33 488 28 36 70 22 26 25 26 33 27
15715 21 31 461 27 22 1 24 36 23 40 33 27
15716 21 30 174 28 20 53 17 31 28 22 33 27
15717 22 41 122 15 37 4 28 35 28 36 33 27
15718 21 35 378 26 31 66 17 1 25 13 33 27
15719 21 36 367 23 29 13 28 42 42 49 33 27
15720 21 40 182 35 44 79 27 26 32 11 33 27
15721 21 28 447 46 26 1 23 32 25 28 33 27
15722 21 31 440 27 30 98 23 30 25 6 33 27
15723 21 36 94 20 28 69 22 14 24 29 33 27
15724 21 41 416 23 36 68 18 17 33 28 33 27
15725 21 35 471 24 33 66 23 28 30 7 33 27
15726 21 33 174 30 36 13 19 25 22 7 33 27
15727 22 28 272 20 23 21 24 25 22 23 33 27
15728 21 29 345 28 13 22 26 41 21 39 33 27
15729 22 29 300 33 18 48 19 31 24 27 33 27
15730 22 28 172 27 29 1 21 24 23 11 33 27
15731 21 27 206 30 33 1 19 28 29 1 33 27
15732 21 31 157 20 25 2 26 28 28 40 33 27
15733 21 30 149 33 26 1 23 33 27 27 33 27
15734 22 34 224 14 41 83 19 15 22 1 32 27
15735 21 32 298 40 29 32 22 30 24 14 33 27
15736 22 31 217 24 29 1 21 40 20 26 33 27
15737 22 32 80 21 26 7 28 32 40 34 33 27
15738 21 31 179 30 30 54 18 24 21 1 33 27
15739 21 34 209 26 28 1 25 35 28 35 33 27
15740 21 38 215 32 38 1 16 12 19 23 33 27
15741 21 30 116 18 27 15 25 26 24 34 33 27
15742 21 33 146 25 32 55 23 23 28 1 33 27
15743 21 30 122 21 35 16 24 29 19 22 33 27
15744 21 33 200 27 41 92 18 24 21 1 33 27
15745 21 37 341 21 37 67 23 19 28 28 33 27
15746 22 30 160 32 28 10 24 36 28 31 33 27
15747 21 33 102 26 31 38 21 20 25 1 33 27
15748 21 33 252 21 30 41 21 13 24 25 33 27
15749 21 33 157 20 30 2 21 24 32 14 33 27
15750 21 31 345 21 38 55 22 19 28 1 33 27
15751 21 30 121 31 16 1 19 31 20 35 33 27
15752 21 28 147 24 30 1 24 28 27 6 33 27
15753 21 31 148 24 29 1 21 44 27 16 33 27
15754 22 32 101 22 34 1 24 27 29 21 33 27
15755 21 38 166 23 41 1 26 28 34 32 33 27
15756 21 30 1146 29 24 49 23 27 29 34 33 27
15757 21 31 199 35 27 36 19 1 27 28 33 27
15758 21 22 461 35 19 1 26 27 36 7 33 27
15759 21 37 115 16 27 46 22 45 26 32 33 27
15760 21 26 256 26 30 1 24 56 24 28 33 27
15761 21 35 176 25 32 1 23 36 32 37 33 27
15762 21 44 330 22 40 1 20 25 24 35 33 27
15763 21 26 329 23 26 4 25 25 25 1 33 27
15764 21 34 230 22 29 94 22 21 27 15 33 27
15765 21 29 238 28 31 1 24 25 22 15 33 27
15766 21 25 177 21 25 1 16 36 26 18 33 27
15767 22 32 250 14 33 36 25 19 23 1 32 27
15768 21 30 198 16 31 1 14 1 34 10 33 27
15769 21 32 384 31 24 40 20 27 24 13 33 27
15770 21 28 180 25 19 22 21 34 17 22 33 27
15771 21 38 304 20 34 1 22 21 25 44 33 27
15772 21 31 260 28 32 1 20 24 22 19 33 27
15773 21 26 140 23 13 14 35 37 20 17 33 27
15774 21 37 389 34 31 40 25 33 29 32 33 27
15775 21 31 155 36 28 1 18 35 25 41 33 27
15776 21 30 257 18 44 57 23 24 23 7 33 27
15777 21 31 356 31 27 1 25 19 25 16 33 27
15778 21 29 326 30 32 10 24 36 27 14 33 27
15779 21 31 160 36 23 19 26 22 29 15 33 27
15780 21 32 258 32 16 46 24 23 25 35 33 27
15781 21 30 190 18 28 34 22 39 26 16 33 27
15782 22 29 208 34 27 23 19 22 23 15 33 27
15783 21 30 119 25 40 1 21 34 28 3 33 27
15784 21 24 202 19 32 1 20 40 24 1 33 27
15785 22 28 89 25 27 1 21 36 21 22 33 27
15786 21 26 482 21 32 1 22 28 29 18 33 27
15787 21 30 310 28 21 35 25 26 30 12 33 27
15788 21 32 171 41 35 105 25 30 31 7 33 27
15789 21 37 219 29 34 34 21 27 21 40 33 27
15790 21 36 262 31 24 1 24 34 28 53 33 27
15791 21 25 175 29 29 1 25 20 26 7 33 27
15792 21 27 182 40 22 58 20 26 18 10 33 27
15793 21 28 216 22 34 1 22 38 28 22 33 27
15794 21 31 170 29 15 1 22 24 26 26 33 27
15795 21 31 241 27 24 14 25 28 26 28 33 27
15796 22 30 111 25 26 47 23 20 29 3 33 27
15797 21 25 155 33 18 18 20 1 28 8 33 27
15798 22 29 98 13 38 42 26 29 37 5 33 27
15799 21 31 182 20 16 1 24 47 29 47 33 27
15800 21 24 206 34 28 37 22 17 30 1 33 27
15801 21 33 143 30 29 1 23 33 29 50 33 27
15802 22 30 178 36 14 1 28 40 28 36 34 27
15803 21 31 155 22 21 41 23 25 27 12 33 27
15804 22 37 173 26 35 8 23 23 30 16 33 27
15805 21 29 209 30 30 23 19 18 23 8 33 27
15806 21 41 421 40 26 25 19 23 35 38 33 27
15807 21 32 109 37 20 59 19 43 20 23 33 27
15808 21 28 202 35 20 18 27 41 34 6 33 27
15809 21 30 248 31 22 68 31 27 34 14 33 27
15810 21 36 182 30 26 68 27 24 23 38 33 27
15811 21 32 258 25 21 3 19 30 28 43 33 27
15812 21 33 454 26 31 1 19 25 27 10 33 27
15813 21 37 170 17 39 40 20 26 21 21 33 27
15814 21 31 138 38 29 1 22 30 28 23 33 27
15815 21 37 96 35 31 1 25 35 25 43 33 27
15816 22 33 239 18 29 42 21 25 30 15 33 27
15817 21 30 337 33 25 1 28 36 28 35 33 27
15818 21 30 213 30 25 37 19 23 25 11 33 27
15819 22 33 110 18 39 45 18 16 26 1 33 27
15820 21 33 457 29 38 64 22 23 28 1 33 27
15821 22 28 196 23 21 22 25 40 25 34 33 27
15822 22 32 144 32 25 1 21 38 24 23 33 27
15823 21 32 391 31 30 1 24 34 33 40 33 27
15824 21 30 235 20 28 7 24 19 29 34 33 27
15825 22 35 94 31 31 46 24 28 25 39 33 27
15826 21 39 129 27 30 25 27 36 37 51 33 27
15827 21 28 396 14 24 1 23 28 30 15 33 27
15828 21 33 538 24 30 35 25 28 34 26 33 27
15829 21 24 253 38 24 18 27 23 29 3 33 27
15830 21 30 228 19 26 11 23 31 23 20 33 27
15831 22 24 319 13 18 5 22 22 29 1 32 27
15832 21 38 175 31 38 49 22 12 31 25 33 27
15833 21 32 293 21 36 1 22 19 26 3 33 27
15834 21 29 206 23 22 49 24 13 30 15 33 27
15835 21 39 321 39 29 32 22 38 37 46 33 27
15836 22 27 114 14 40 73 21 17 25 1 32 27
15837 21 33 159 34 18 41 22 45 21 37 33 27
15838 22 38 215 32 36 69 26 20 35 27 33 27
15839 21 34 309 22 26 13 20 24 19 24 33 27
15840 21 32 301 21 31 72 20 25 25 1 33 27
15841 22 34 289 28 39 13 22 27 30 14 33 27
15842 22 33 203 19 38 38 23 19 25 1 32 27
15843 21 32 142 14 36 29 25 24 25 1 33 27
15844 21 31 116 16 30 32 21 21 27 1 33 27
15845 21 30 332 16 38 1 21 19 29 13 33 27
15846 22 39 361 33 40 1 24 35 23 33 33 27
15847 21 30 257 40 28 24 22 23 30 18 33 27
15848 21 34 160 30 28 95 31 14 27 13 33 27
15849 21 27 1149 26 31 13 20 23 28 1 33 27
15850 21 24 219 29 34 7 24 18 23 1 33 27
15851 21 30 245 33 22 30 23 36 25 32 33 27
15852 22 29 455 9 26 3 19 34 28 15 33 27
15853 22 38 432 26 28 86 25 33 30 37 33 27
15854 21 30 308 24 29 1 21 32 21 28 33 27
15855 21 31 215 32 28 26 22 28 26 24 33 27
15856 21 24 176 37 17 60 23 35 19 5 33 27
15857 22 27 158 16 31 1 27 30 23 21 33 27
15858 21 30 444 19 26 17 23 28 25 13 33 27
15859 22 31 182 27 29 56 21 24 30 1 33 27
15860 21 30 190 19 26 1 22 28 30 14 33 27
15861 21 33 134 34 24 58 22 32 21 33 33 27
15862 21 34 162 12 34 33 24 37 21 33 33 27
15863 21 33 99 34 23 12 23 36 23 28 33 27
15864 21 37 236 23 38 34 24 19 23 29 33 27
15865 21 28 91 25 32 1 19 21 25 5 33 27
15866 21 30 381 30 17 67 25 33 27 43 33 27
15867 22 37 230 28 40 89 24 31 28 6 33 27
15868 21 34 194 37 32 65 24 25 33 21 33 27
15869 21 29 147 17 17 14 25 32 33 19 33 27
15870 22 29 216 19 29 116 22 29 29 8 33 27
15871 22 32 216 22 29 7 25 23 29 20 33 27
15872 21 27 138 28 15 45 24 22 25 8 33 27
15873 22 30 390 23 25 26 20 20 24 6 33 27
15874 21 28 158 20 23 1 19 24 28 15 33 27
15875 21 31 209 24 32 55 20 22 28 4 33 27
15876 21 33 436 18 32 1 23 30 22 26 33 27
15877 21 28 154 37 8 38 30 17 30 13 33 27
15878 21 25 287 36 20 31 26 27 25 15 33 27
15879 21 33 216 36 29 39 24 38 29 43 33 27
15880 21 38 357 25 38 1 22 24 26 22 33 27
15881 22 34 102 9 27 39 22 56 28 29 33 27
15882 21 31 148 42 34 1 26 36 25 33 33 27
15883 21 29 276 125 28 23 17 18 20 23 33 27
15884 22 32 203 27 18 54 19 24 21 21 33 27
15885 21 31 154 36 28 67 23 27 20 17 33 27
15886 21 33 544 31 26 1 24 29 36 35 33 27
15887 21 27 100 23 31 32 20 11 26 1 33 27
15888 21 33 324 25 31 1 20 26 23 32 33 27
15889 21 32 353 34 26 6 20 30 23 28 33 27
15890 21 35 209 35 21 25 23 26 26 47 33 27
15891 21 27 242 16 27 1 18 17 20 1 33 27
15892 21 30 392 18 30 1 20 23 28 16 33 27
15893 21 30 128 37 33 7 19 20 24 1 33 27
15894 21 35 362 21 39 1 25 21 24 18 33 27
15895 21 30 181 20 22 18 24 29 29 5 33 27
15896 21 33 273 42 23 1 24 33 20 40 33 27
15897 21 28 188 22 33 35 23 23 28 1 33 27
15898 21 30 204 34 20 23 23 36 22 31 33 27
15899 21 28 205 12 27 41 23 33 22 3 33 27
15900 22 35 209 25 36 102 19 30 24 30 33 27
15901 21 26 165 26 22 1 22 38 20 10 33 27
15902 21 29 148 13 33 1 21 24 30 1 33 27
15903 21 33 104 38 19 1 22 25 25 35 33 27
15904 21 23 155 24 9 1 17 12 21 3 33 27
15905 21 32 290 35 15 24 25 35 32 28 33 27
15906 21 38 144 33 28 42 24 37 25 31 33 27
15907 21 36 165 33 29 26 23 34 19 33 33 27
15908 21 35 232 18 33 25 18 1 29 33 33 27
15909 21 32 503 33 27 35 28 37 39 27 33 27
15910 21 34 776 16 31 52 23 25 24 21 33 27
15911 21 32 152 23 28 21 22 28 27 27 33 27
15912 21 32 426 32 32 85 23 42 27 12 33 27
15913 21 27 723 23 20 1 21 34 27 38 33 27
15914 21 34 125 34 15 7 25 29 28 36 33 27
15915 21 35 168 28 27 1 25 27 27 28 33 27
15916 22 36 574 25 37 54 24 1 35 32 33 27
15917 22 23 180 34 22 81 19 27 25 1 32 27
15918 22 37 205 32 33 60 23 24 29 31 33 27
15919 22 33 205 22 34 1 20 24 28 19 33 27
15920 21 26 404 24 24 3 22 31 25 17 33 27
15921 21 26 210 30 24 18 20 19 25 4 33 27
15922 21 27 896 24 27 8 21 20 27 17 33 27
15923 21 36 91 23 27 16 19 24 25 35 33 27
15924 21 29 167 28 20 59 20 42 25 19 33 27
15925 22 32 547 35 30 33 23 32 19 19 33 27
15926 22 24 129 25 30 1 18 24 20 1 33 27
15927 21 35 197 33 35 42 26 36 26 34 33 27
15928 22 30 194 36 21 1 25 37 19 26 33 27
15929 21 33 183 31 32 1 25 35 24 33 33 27
15930 21 32 427 29 15 11 24 37 29 26 33 27
15931 21 27 336 28 23 1 23 33 29 39 33 27
15932 21 29 226 31 22 1 20 29 25 36 33 27
15933 21 32 208 22 36 56 22 24 24 10 33 27
15934 21 30 421 24 21 23 24 28 34 11 33 27
15935 21 30 1630 16 24 42 25 34 26 16 33 27
15936 21 29 312 25 36 16 23 28 26 16 33 27
15937 21 35 249 22 20 8 25 52 22 41 33 27
15938 21 29 175 31 20 38 24 25 22 29 33 27
15939 21 33 382 26 32 1 22 29 23 20 33 27
15940 21 29 283 24 24 1 21 32 17 30 33 27
15941 21 35 95 21 34 1 18 14 19 33 33 27
15942 21 32 205 22 35 48 23 15 27 1 33 27
15943 22 31 206 31 18 56 22 32 23 35 33 27
15944 21 31 290 23 28 27 20 30 27 17 33 27
15945 21 34 460 40 29 81 21 1 30 21 33 27
15946 22 35 194 18 27 102 19 29 21 18 33 27
15947 22 33 208 22 41 1 17 16 25 5 33 27
15948 21 33 137 17 25 1 23 24 26 32 33 27
15949 21 33 261 28 31 63 20 30 30 14 33 27
15950 21 30 387 13 30 30 20 20 25 9 33 27
15951 21 38 133 19 40 69 21 26 23 22 33 27
15952 21 30 151 31 21 1 22 34 25 36 33 27
15953 21 20 159 32 11 54 21 24 25 1 33 27
15954 21 37 216 12 40 70 20 25 27 13 33 27
15955 21 29 99 22 27 23 53 29 32 14 33 27
15956 21 30 154 32 27 1 23 20 39 19 33 27
15957 22 31 167 22 28 1 21 33 21 14 33 27
15958 21 28 137 25 32 1 18 32 25 21 33 27
15959 21 30 170 19 37 1 17 28 22 11 33 27
15960 21 29 258 30 29 21 20 23 31 5 33 27
15961 21 34 182 22 38 69 31 43 36 23 33 27
15962 21 27 229 12 27 35 18 25 23 1 33 27
15963 21 33 583 20 38 1 24 18 23 10 33 27
15964 21 31 221 14 36 15 19 17 29 25 33 27
15965 21 34 141 31 38 52 25 28 24 15 33 27
15966 22 36 185 9 24 56 21 22 36 35 33 27
15967 21 24 174 31 23 38 19 26 24 8 33 27
15968 21 28 393 25 27 61 19 31 27 1 33 27
15969 22 33 296 28 33 62 24 53 29 27 33 27
15970 21 31 157 27 27 1 21 34 25 35 33 27
15971 21 33 177 22 20 32 19 1 26 32 33 27
15972 21 26 253 20 29 1 23 23 31 13 33 27
15973 21 30 166 35 19 1 23 39 31 36 33 27
15974 22 31 366 23 34 44 23 23 20 11 33 27
15975 21 29 261 33 16 15 22 30 25 23 33 27
15976 21 33 91 32 20 1 22 58 25 39 33 27
15977 21 43 213 23 42 99 24 26 27 43 33 27
15978 21 33 177 20 35 24 19 25 25 39 33 27
15979 21 30 244 18 31 1 20 35 25 29 33 27
15980 22 44 173 22 46 92 18 21 20 23 33 27
15981 21 31 96 35 25 1 22 37 22 23 33 27
15982 21 19 142 23 14 31 17 23 19 1 33 27
15983 21 31 176 26 29 95 22 22 32 12 33 27
15984 21 33 271 24 28 94 21 18 29 38 33 27
15985 21 31 227 30 37 15 23 23 23 13 33 27
15986 21 34 270 26 33 55 19 22 22 27 33 27
15987 21 30 171 20 38 61 25 25 27 1 33 27
15988 22 29 195 34 6 3 20 40 28 40 33 27
15989 21 31 323 34 22 1 22 35 18 41 33 27
15990 21 39 202 36 26 35 26 36 25 39 33 27
15991 22 34 176 18 41 1 18 23 24 7 33 27
15992 21 31 175 27 169 48 24 22 1031 23 33 27
15993 22 30 172 27 27 52 27 26 29 1 33 27
15994 21 34 102 27 22 33 21 34 25 35 33 27
15995 21 24 955 35 22 63 24 29 28 3 33 27
15996 22 27 292 30 19 50 25 33 32 18 33 27
15997 21 26 331 16 26 1 17 31 20 14 33 27
15998 21 30 216 18 22 18 25 36 30 36 33 27
15999 21 25 85 22 23 44 24 31 30 1 33 27
16000 21 18 102 29 24 1 19 1 26 1 32 27
16001 21 27 256 25 27 1 26 54 30 14 33 27
16002 21 32 272 23 23 20 20 27 19 27 33 27
16003 21 32 368 20 38 12 22 28 30 18 33 27
16004 22 34 358 37 44 1 23 29 28 24 33 27
16005 21 28 91 19 26 16 24 27 25 1 33 27
16006 21 32 179 19 32 87 22 22 25 5 33 27
16007 21 32 197 24 30 77 20 33 26 4 33 27
16008 22 34 201 30 23 73 26 32 28 24 33 27
16009 21 31 373 28 34 61 25 20 22 1 32 27
16010 21 43 281 33 38 1 26 34 34 46 33 27
16011 21 33 183 24 33 14 20 31 23 23 33 27
16012 21 33 211 29 25 20 25 43 29 14 33 27
16013 21 30 169 21 21 47 19 27 21 33 33 27
16014 21 28 251 32 31 19 24 30 28 1 33 27
16015 21 30 181 29 35 1 17 26 24 4 33 27
16016 21 29 939 28 27 55 25 32 30 15 33 27
16017 22 27 315 39 26 88 19 24 24 7 33 27
16018 22 33 440 32 30 8 29 40 22 15 33 27
16019 21 28 215 42 8 1 21 34 31 5 33 27
16020 21 32 494 24 34 1 22 23 25 6 33 27
16021 21 35 192 14 37 16 23 26 32 19 33 27
16022 21 32 217 28 28 1 21 32 30 31 33 27
16023 21 27 114 42 21 38 21 16 27 1 33 27
16024 21 29 419 17 29 25 23 28 25 2 33 27
16025 21 39 337 25 41 12 24 26 31 18 33 27
16026 21 31 178 31 27 48 19 32 31 9 33 27
16027 21 32 192 12 28 1 23 20 32 31 33 27
16028 22 31 104 29 30 1 17 32 21 16 33 27
16029 22 30 165 13 36 74 20 17 28 1 33 27
16030 22 36 125 24 39 33 26 21 39 26 33 27
16031 21 32 146 22 31 39 27 37 30 26 33 27
16032 21 33 397 29 26 17 18 38 31 28 33 27
16033 22 32 164 32 24 1 20 38 21 40 33 27
16034 21 27 572 22 27 58 21 43 23 6 33 27
16035 21 34 93 29 31 41 25 37 37 18 33 27
16036 21 25 176 21 29 1 22 32 23 1 33 27
16037 22 31 252 21 21 3 23 33 25 32 33 27
16038 21 33 155 17 36 63 19 25 24 12 33 27
16039 21 36 211 26 32 28 27 40 35 34 33 27
16040 21 35 347 40 31 1 27 40 29 45 33 27
16041 21 37 302 2 38 1 17 25 30 28 33 27
16042 21 22 260 22 24 1 20 16 19 1 33 27
16043 21 31 205 26 17 26 23 31 30 31 33 27
16044 21 33 168 30 26 35 22 34 32 51 33 27
16045 21 50 167 56 71 129 24 34 28 63 33 27
16046 21 35 152 31 32 41 22 24 20 31 33 27
16047 21 36 445 25 27 66 21 25 29 33 33 27
16048 21 30 136 23 30 1 23 31 33 27 33 27
16049 21 36 228 24 32 1 21 23 21 32 33 27
16050 21 29 116 12 34 6 24 20 23 1 32 27
16051 22 32 323 27 27 43 23 28 28 22 33 27
16052 22 33 403 21 28 8 22 41 29 25 33 27
16053 21 31 401 33 24 38 24 37 22 21 33 27
16054 21 32 172 31 32 1 22 43 26 17 33 27
16055 21 33 436 20 31 26 28 14 25 23 33 27
16056 21 34 110 17 33 27 28 35 28 25 33 27
16057 21 30 135 16 31 46 15 26 21 1 33 27
16058 21 32 372 13 34 36 25 16 20 13 33 27
16059 21 28 157 18 31 1 23 15 27 3 33 27
16060 21 31 571 8 34 3 23 19 29 1 33 27
16061 21 33 127 39 26 1 23 33 29 35 33 27
16062 21 35 314 22 32 48 25 30 30 12 33 27
16063 22 29 197 12 36 69 24 27 21 1 33 27
16064 21 30 187 4 21 28 23 23 24 32 33 27
16065 21 27 90 34 26 16 20 1 26 12 33 27
16066 21 32 527 32 31 28 21 38 29 24 33 27
16067 21 32 595 43 34 23 22 24 21 26 33 27
16068 21 34 152 4 32 21 22 29 28 17 33 27
16069 21 27 211 30 28 1 21 30 31 17 33 27
16070 21 36 123 27 35 15 23 21 34 10 33 27
16071 21 35 269 29 21 66 23 41 24 47 33 27
16072 21 31 239 36 12 35 24 36 27 48 33 27
16073 21 35 152 32 23 50 23 38 27 41 33 27
16074 21 27 105 13 14 13 20 22 21 1 33 27
16075 21 33 177 30 26 43 24 27 30 18 33 27
16076 22 27 203 21 29 1 23 15 26 7 33 27
16077 21 32 282 40 32 64 23 33 32 1 33 27
16078 21 28 361 34 33 54 24 24 20 23 33 27
16079 21 34 145 28 20 33 24 34 32 26 33 27
16080 21 33 195 32 22 1 21 34 26 26 33 27
16081 21 27 193 23 29 103 20 32 15 7 33 27
16082 21 34 331 28 16 54 22 15 34 44 33 27
16083 21 26 393 100 31 10 16 39 25 6 33 27
16084 21 31 152 26 30 25 25 13 27 6 33 27
16085 21 36 297 24 32 86 31 21 31 13 33 27
16086 21 34 255 15 32 1 26 25 28 40 33 27
16087 21 38 208 33 31 2 25 32 32 43 33 27
16088 22 32 319 27 41 1 21 25 27 1 32 27
16089 21 29 184 24 25 1 23 25 30 29 33 27
16090 22 29 222 30 22 79 20 28 21 12 33 27
16091 21 28 127 26 26 56 20 1 30 1 33 27
16092 22 30 262 32 15 24 28 28 37 19 33 27
16093 21 34 129 29 32 29 26 27 31 18 33 27
16094 21 35 168 25 35 75 21 30 26 1 32 27
16095 21 26 219 38 28 1 25 23 27 1 33 27
16096 22 35 408 28 41 82 20 25 28 26 33 27
16097 21 30 214 26 29 56 25 17 25 8 33 27
16098 21 30 151 39 38 52 21 29 21 7 33 27
16099 21 33 205 34 23 28 22 32 18 50 33 27
16100 21 30 276 28 33 1 21 32 25 20 33 27
16101 21 27 181 11 27 29 20 21 33 1 33 27
16102 21 35 382 16 32 30 24 22 24 27 33 27
16103 21 33 305 22 37 100 22 16 27 1 33 27
16104 22 27 87 19 14 4 17 22 27 13 33 27
16105 22 24 122 29 23 1 19 28 21 19 33 27
16106 21 31 160 38 34 89 18 20 27 1 33 27
16107 21 33 221 27 32 17 21 24 34 27 33 27
16108 21 37 549 27 34 1 23 32 22 24 33 27
16109 21 38 250 29 39 1 19 32 26 35 33 27
16110 21 33 156 24 18 17 24 27 29 25 33 27
16111 21 32 135 26 28 1 23 26 26 31 33 27
16112 22 37 186 29 40 52 31 23 33 1 32 27
16113 22 35 368 28 21 21 25 24 33 43 33 27
16114 21 33 269 34 31 115 27 32 28 11 33 27
16115 21 29 1422 33 17 49 23 41 24 36 33 27
16116 21 29 193 16 25 23 17 27 21 26 33 27
16117 21 25 111 14 29 1 20 30 25 9 33 27
16118 21 30 97 27 34 31 25 33 26 10 33 27
16119 21 25 80 18 31 10 21 20 28 1 33 27
16120 21 37 467 28 34 1 19 1 37 28 33 27
16121 21 29 182 28 22 19 19 28 30 4 33 27
16122 22 35 228 15 40 16 22 24 25 7 33 27
16123 21 35 254 31 32 58 24 32 28 17 33 27
16124 21 29 390 25 30 1 21 29 27 7 33 27
16125 22 29 300 8 29 15 18 17 25 6 33 27
16126 21 34 312 23 42 1 20 29 23 15 33 27
16127 22 31 147 27 30 29 20 1 27 3 33 27
16128 21 91 163 37 13 26 21 39 32 10 33 27
16129 21 29 117 27 33 1 24 12 26 8 33 27
16130 22 39 303 32 38 11 22 33 34 23 33 27
16131 21 34 189 31 31 22 20 20 28 4 33 27
16132 22 26 143 38 24 23 30 45 23 13 33 27
16133 21 29 240 27 25 1 20 20 29 12 33 27
16134 22 34 163 29 24 34 27 40 27 48 33 27
16135 21 29 329 22 28 29 22 28 27 1 33 27
16136 21 34 257 32 26 2 23 32 27 44 33 27
16137 21 34 586 32 33 75 26 33 28 14 33 27
16138 21 27 218 33 17 44 22 24 25 14 33 27
16139 21 36 165 10 29 3 18 27 31 40 33 27
16140 21 31 326 22 33 10 20 22 31 21 33 27
16141 21 29 211 32 40 102 20 24 28 1 33 27
16142 22 39 165 29 36 96 27 20 24 19 33 27
16143 21 28 277 31 18 44 25 32 31 24 33 27
16144 21 31 244 20 29 1 24 21 29 36 33 27
16145 21 33 171 27 30 1 19 11 25 9 33 27
16146 21 156 121 30 85 223 23 24 27 150 33 27
16147 22 33 181 18 34 69 19 13 29 27 33 27
16148 21 26 162 24 21 1 19 30 31 20 33 27
16149 21 36 178 27 37 1 25 22 26 33 33 27
16150 21 30 138 25 32 14 23 9 17 14 33 27
16151 21 31 126 29 30 56 20 15 26 1 33 27
16152 21 30 363 36 14 15 27 31 24 46 33 27
16153 22 37 98 29 31 11 24 27 29 31 33 27
16154 21 33 223 38 17 49 27 34 29 44 33 27
16155 22 26 176 15 24 1 23 23 32 10 33 27
16156 21 36 151 26 36 54 23 25 28 10 33 27
16157 21 35 306 21 39 1 22 1 30 38 33 27
16158 21 31 99 27 36 1 19 41 16 10 33 27
16159 21 29 317 26 32 6 24 25 34 9 33 27
16160 21 34 304 22 33 58 22 25 23 6 33 27
16161 22 32 152 28 22 1 24 33 21 31 33 27
16162 21 43 384 33 35 26 17 32 21 49 33 27
16163 21 34 136 28 32 47 27 32 29 22 33 27
16164 22 39 172 32 32 72 26 44 26 26 33 27
16165 21 34 107 27 22 7 21 27 26 38 33 27
16166 21 31 122 21 28 74 20 24 22 7 33 27
16167 21 35 680 29 27 19 26 33 31 30 33 27
16168 21 35 247 37 21 47 24 20 25 38 33 27
16169 21 38 225 27 37 49 21 33 21 22 33 27
16170 21 31 648 23 16 77 25 30 32 36 33 27
16171 22 33 141 30 31 78 20 27 23 16 33 27
16172 21 32 139 25 27 1 28 19 25 33 33 27
16173 21 30 164 19 24 1 23 25 26 26 33 27
16174 21 35 208 16 36 17 25 18 23 18 33 27
16175 22 33 122 23 43 6 20 30 23 11 33 27
16176 22 39 435 26 30 45 24 30 26 38 33 27
16177 21 29 234 19 35 38 15 27 28 8 33 27
16178 21 30 95 29 28 61 21 16 28 9 33 27
16179 21 33 287 27 37 63 24 23 25 6 33 27
16180 21 34 257 32 30 1 27 41 34 44 33 27
16181 21 31 159 28 22 11 20 27 19 19 33 27
16182 21 33 166 22 40 1 21 19 14 7 33 27
16183 21 29 986 29 25 17 22 36 24 6 33 27
16184 21 30 165 33 30 1 22 30 27 26 33 27
16185 21 36 423 44 31 81 23 42 23 28 33 27
16186 21 32 160 28 31 28 22 28 32 21 33 27
16187 21 24 133 33 13 62 20 21 25 6 33 27
16188 21 35 260 39 27 42 22 36 24 44 33 27
16189 21 33 340 22 29 85 23 27 22 21 33 27
16190 22 33 86 16 26 1 23 20 27 26 33 27
16191 21 25 445 14 37 1 15 26 22 1 33 27
16192 21 36 148 29 25 41 25 33 97 39 33 27
16193 21 33 823 28 22 32 21 1 33 38 33 27
16194 21 30 410 19 34 34 21 14 25 2 33 27
16195 21 40 433 22 42 1 20 1 28 16 33 27
16196 22 37 209 27 31 79 19 1 14 40 33 27
16197 22 31 160 15 36 6 24 26 30 7 33 27
16198 21 34 225 30 34 48 22 30 30 14 33 27
16199 21 24 243 25 29 16 21 26 21 8 33 27
16200 22 34 155 34 28 85 23 15 23 25 33 27
16201 21 32 135 36 19 39 41 31 25 28 33 27
16202 21 24 169 40 20 75 20 29 27 4 33 27
16203 21 35 293 25 26 21 29 50 31 25 33 27
16204 21 32 392 41 17 11 24 37 23 41 33 27
16205 21 31 118 25 35 46 25 22 24 7 33 27
16206 21 38 316 17 33 4 23 28 30 34 33 26
16207 22 35 208 24 35 1 24 30 21 28 33 27
16208 21 29 122 17 31 1 21 26 30 21 33 27
16209 21 36 296 34 37 66 29 1 26 20 33 27
16210 21 25 164 17 29 3 25 24 33 2 33 27
16211 21 32 157 22 22 12 18 24 14 22 33 27
16212 21 29 156 34 33 74 24 30 23 1 33 27
16213 22 27 98 33 25 17 28 27 31 3 33 27
16214 21 26 160 25 28 1 22 25 29 10 33 27
16215 21 27 128 31 24 34 23 31 23 19 33 27
16216 21 30 226 25 18 2 23 26 27 31 33 27
16217 21 32 152 30 24 58 23 26 25 27 33 27
16218 21 39 221 24 35 96 24 26 29 21 33 27
16219 21 31 209 38 25 24 22 37 21 21 33 27
16220 21 31 709 12 33 7 25 30 28 8 33 27
16221 21 26 194 39 21 29 24 1 32 10 33 27
16222 21 28 148 26 20 1 24 27 21 14 33 27
16223 21 31 366 23 38 6 24 24 33 1 33 27
16224 21 33 291 19 33 1 24 33 26 16 33 27
16225 21 35 118 25 25 1 23 51 35 38 33 27
16226 21 30 90 27 25 1 26 29 28 17 33 27
16227 21 34 284 35 27 9 23 37 29 31 33 27
16228 21 33 369 19 30 48 25 29 28 28 33 27
16229 21 25 163 26 19 16 22 29 31 22 33 27
16230 21 32 153 21 32 1 19 26 29 18 33 27
16231 21 29 322 33 29 1 25 20 28 10 33 27
16232 21 34 184 28 29 3 23 35 29 13 33 27
16233 22 33 157 29 26 45 18 22 22 19 33 27
16234 21 34 657 42 34 85 27 26 28 13 33 27
16235 21 35 109 30 33 35 26 37 33 25 33 27
16236 22 31 174 12 42 10 20 34 25 24 33 27
16237 21 35 242 24 35 1 21 29 20 25 33 27
16238 21 30 134 27 30 51 23 20 29 15 33 27
16239 21 30 169 42 30 59 21 26 22 14 33 27
16240 21 32 123 30 30 1 19 29 24 31 33 27
16241 22 31 240 25 25 44 22 22 18 19 33 27
16242 22 34 199 38 32 39 22 52 23 10 33 27
16243 21 33 129 31 31 18 19 27 23 24 33 27
16244 21 33 211 39 28 66 24 22 25 25 33 27
16245 21 33 165 13 33 11 22 25 19 14 33 27
16246 21 37 286 31 23 59 30 28 29 25 33 27
16247 21 35 100 30 30 74 30 30 42 23 33 27
16248 21 31 108 28 30 39 25 33 29 21 33 27
16249 21 30 222 28 30 42 19 24 29 17 33 27
16250 21 32 284 22 31 9 19 29 23 13 33 27
16251 21 35 204 28 24 33 24 1 31 12 33 27
16252 21 28 251 29 19 38 22 34 35 18 33 27
16253 22 29 252 21 17 52 22 34 24 15 33 27
16254 21 31 352 26 19 47 24 25 21 27 33 27
16255 21 30 177 19 31 5 22 21 28 1 33 27
16256 21 31 305 18 36 30 22 37 35 11 33 27
16257 21 33 561 12 38 1 26 51 31 26 33 27
16258 21 29 129 24 34 1 20 42 24 19 33 27
16259 21 31 223 24 31 1 21 29 26 34 33 27
16260 22 29 246 23 28 1 21 27 21 3 33 27
16261 21 32 184 18 30 57 20 23 27 20 33 27
16262 21 37 160 30 33 98 25 30 29 16 33 27
16263 21 27 177 31 17 40 21 38 31 29 33 27
16264 21 29 177 22 27 39 21 47 15 16 32 27
16265 22 29 355 31 29 31 19 40 19 12 33 27
16266 21 36 388 32 34 50 18 29 24 33 33 27
16267 21 27 146 24 26 18 15 27 24 18 33 27
16268 21 32 199 22 28 27 24 36 25 22 33 27
16269 21 32 102 21 23 64 22 27 33 20 33 27
16270 21 22 179 36 19 14 23 16 28 6 33 27
16271 21 34 844 30 29 55 23 36 25 31 33 27
16272 22 26 142 26 28 40 22 26 31 4 33 27
16273 21 40 2006 18 27 67 19 29 26 38 33 27
16274 21 29 302 38 34 101 22 1 34 11 33 27
16275 22 30 370 29 24 1 21 35 27 37 33 27
16276 22 32 182 23 27 1 27 34 34 24 33 27
16277 21 21 1084 30 27 1 22 28 25 1 32 27
16278 21 25 172 28 24 44 21 19 21 1 33 27
16279 21 28 456 18 31 17 30 27 25 11 33 27
16280 21 32 337 30 28 89 25 32 25 16 33 27
16281 21 31 271 34 29 3 26 28 23 1 33 27
16282 21 32 176 29 30 20 24 27 26 30 33 27
16283 21 26 277 28 33 28 24 27 23 6 33 27
16284 21 36 165 31 26 54 20 20 29 31 33 27
16285 21 33 920 26 36 25 15 1 25 13 33 27
16286 21 36 152 28 38 16 23 28 30 11 33 27
16287 21 34 773 20 34 88 26 26 30 1 32 27
16288 21 33 156 35 30 1 25 29 23 28 33 27
16289 21 31 366 15 36 42 25 32 35 4 33 27
16290 21 31 210 23 31 4 25 34 23 23 33 27
16291 21 29 170 29 20 84 20 33 27 25 33 27
16292 21 36 254 29 28 1 25 29 22 32 33 27
16293 22 25 316 23 21 33 22 29 27 24 33 27
16294 22 33 328 29 30 14 28 39 29 35 33 27
16295 21 36 128 24 39 49 20 28 22 15 33 27
16296 21 26 177 29 29 1 23 31 24 13 33 27
16297 21 34 227 26 29 6 26 29 31 11 33 27
16298 21 31 383 37 24 25 24 29 31 24 33 27
16299 22 30 432 33 31 65 21 19 29 14 33 27
16300 21 22 258 36 29 1 20 17 23 1 33 27
16301 21 32 184 36 31 68 18 1 32 8 33 27
16302 21 26 485 23 25 1 19 21 24 10 33 27
16303 21 26 589 23 25 25 24 28 25 6 33 27
16304 21 34 240 18 35 61 27 25 29 3 33 27
16305 21 29 213 26 25 9 22 32 30 9 33 27
16306 21 34 193 32 28 38 26 15 30 31 33 27
16307 21 35 308 22 27 40 22 21 25 36 33 27
16308 21 33 183 16 31 1 24 30 16 33 33 27
16309 21 35 142 18 26 41 23 31 22 23 33 27
16310 21 32 251 31 38 40 22 23 22 1 33 27
16311 22 34 180 47 29 26 18 35 29 33 33 27
16312 21 22 88 35 18 1 18 31 25 1 33 27
16313 22 37 153 16 28 63 19 37 22 39 33 27
16314 22 33 188 25 30 15 25 28 30 22 33 27
16315 21 27 1202 21 26 1 18 46 21 1 33 27
16316 21 38 172 23 31 28 24 29 31 24 33 27
16317 21 29 619 18 32 46 22 1 27 10 33 27
16318 22 30 155 37 20 61 21 26 26 19 33 27
16319 21 33 188 37 25 1 24 30 23 38 33 27
16320 21 26 711 26 19 15 27 24 30 16 33 27
16321 21 32 245 34 29 58 17 24 29 7 33 27
16322 21 35 168 24 29 65 25 13 32 29 33 27
16323 22 33 285 25 34 1 21 31 22 26 33 27
16324 21 30 150 8 40 1 20 21 31 1 33 27
16325 21 37 166 38 30 1 26 37 28 42 33 27
16326 21 29 91 19 22 1 20 32 26 36 33 27
16327 21 28 358 27 22 5 22 31 29 14 33 27
16328 21 28 144 33 18 1 24 40 23 35 33 27
16329 21 28 165 33 24 79 25 39 21 1 33 27
16330 21 29 125 15 35 1 18 19 27 1 32 27
16331 21 30 249 15 25 1 21 21 21 21 33 27
16332 21 37 326 29 41 114 27 20 27 1 33 27
16333 21 30 274 39 31 67 18 28 25 21 33 27
16334 21 28 336 34 19 53 23 33 28 32 33 27
16335 22 31 226 33 17 22 20 37 31 39 33 27
16336 21 27 208 21 25 6 24 35 27 30 33 27
16337 21 34 922 17 32 30 23 30 34 23 33 27
16338 21 38 110 25 37 35 24 17 33 26 33 27
16339 21 31 203 33 30 1 18 26 25 22 33 27
16340 21 34 153 13 27 18 22 16 28 6 33 27
16341 21 37 303 29 33 24 28 25 27 35 33 27
16342 21 26 182 26 26 1 23 31 24 18 33 27
16343 21 30 1124 27 29 44 22 36 35 1 33 27
16344 21 33 176 25 26 39 28 26 26 34 33 27
16345 21 29 262 29 22 52 24 18 23 2 33 27
16346 21 23 1194 36 21 53 23 23 31 13 33 27
16347 21 34 324 20 33 47 23 39 28 12 33 27
16348 21 31 354 28 23 60 24 22 24 20 33 27
16349 22 28 212 24 28 35 25 41 23 1 33 27
16350 21 35 358 23 31 55 20 1 29 34 33 27
16351 22 34 172 13 39 1 25 22 25 31 33 27
16352 22 32 127 20 39 1 22 40 29 32 33 27
16353 21 29 142 30 24 124 22 20 27 1 33 27
16354 21 30 271 32 26 1 20 32 21 30 33 27
16355 22 33 351 20 20 69 23 19 26 13 33 27
16356 21 27 205 18 28 79 20 30 32 1 33 27
16357 21 32 299 26 23 37 23 28 26 21 33 27
16358 21 32 531 34 31 1 16 36 16 24 33 27
16359 21 31 141 39 21 62 16 1 24 21 33 27
16360 21 28 112 22 34 1 20 25 24 25 33 27
16361 21 33 109 34 28 1 20 36 31 47 33 27
16362 21 24 188 20 20 47 20 52 21 13 33 27
16363 21 31 345 27 20 1 27 28 30 37 33 27
16364 21 37 94 29 19 75 21 38 23 46 33 27
16365 21 31 343 31 14 72 23 47 28 23 33 27
16366 21 31 170 24 31 1 22 35 20 3 33 27
16367 21 30 220 12 32 1 23 29 26 9 33 27
16368 21 30 473 20 25 51 26 30 35 8 33 27
16369 21 24 351 17 25 60 23 25 24 1 33 27
16370 21 36 122 23 40 36 22 19 25 17 33 27
16371 22 29 148 31 14 78 26 23 34 16 33 27
16372 22 30 146 22 29 1 26 22 34 25 33 27
16373 21 32 143 24 27 52 28 29 27 13 33 27
16374 21 32 131 27 25 41 22 27 22 26 33 27
16375 21 28 93 25 33 1 28 32 33 23 33 27
16376 21 25 289 32 18 38 20 41 30 9 33 27
16377 21 30 306 31 33 1 23 40 30 28 33 27
16378 21 35 158 33 34 1 24 43 23 49 33 27
16379 21 30 896 24 23 9 20 1 38 36 33 27
16380 21 31 152 21 25 8 22 22 30 15 33 27
16381 21 32 180 33 30 1 24 34 28 32 33 27
16382 21 34 449 32 30 65 23 25 28 37 33 27
16383 22 35 537 29 22 1 23 44 19 49 33 27
16384 21 32 233 30 27 1 25 21 36 28 33 27
16385 21 32 311 17 31 38 20 26 27 1 33 26
16386 21 28 89 35 25 5 26 34 31 20 33 27
16387 22 35 241 22 32 44 22 20 26 18 33 27
16388 21 34 264 19 29 38 22 19 24 21 33 27
16389 21 32 182 22 27 1 24 40 24 23 33 27
16390 21 29 194 17 26 26 20 24 24 18 33 27
16391 21 26 225 26 24 73 24 26 23 16 33 27
16392 21 35 193 32 21 45 21 27 23 42 33 27
16393 22 24 174 30 22 56 18 37 28 1 33 27
16394 21 34 283 31 35 97 31 13 20 13 33 27
16395 21 29 258 30 27 1 19 27 19 19 33 27
16396 21 39 278 19 39 80 24 46 32 27 33 27
16397 21 33 199 33 31 50 28 27 26 27 33 27
16398 21 37 102 28 30 34 26 28 31 44 33 27
16399 22 31 144 25 33 1 23 27 27 14 33 27
16400 21 35 280 23 28 60 22 28 16 23 33 27
16401 21 29 131 32 29 1 22 24 27 8 33 27
16402 21 33 166 33 39 1 20 32 18 27 33 27
16403 21 32 147 31 17 14 22 35 29 39 33 27
16404 21 28 141 22 22 86 27 23 28 11 33 27
16405 21 28 99 25 31 1 18 25 23 1 33 27
16406 22 35 171 22 40 96 27 21 29 1 32 27
16407 21 37 216 30 36 1 21 24 30 34 33 27
16408 21 37 613 37 30 1 25 32 25 46 33 27
16409 21 35 221 30 36 71 25 24 29 12 33 27
16410 21 31 282 33 22 14 23 31 20 28 33 27
16411 39 62 283 40 76 227 41 43 44 1 55 48
16412 21 32 171 33 32 37 20 39 26 19 33 27
16413 21 30 135 17 28 10 19 23 24 19 33 27
16414 21 26 368 20 26 18 26 30 23 1 33 27
16415 21 30 203 31 28 70 22 26 22 1 33 27
16416 21 31 208 27 17 1 27 34 23 45 33 27
16417 21 33 254 21 32 20 19 22 28 15 33 27
16418 21 35 113 17 31 1 19 26 19 12 33 27
16419 21 33 522 23 26 46 20 31 14 29 33 27
16420 22 33 633 23 37 102 21 27 24 1 33 27
16421 22 25 172 24 23 4 21 30 26 18 33 27
16422 21 34 356 36 34 91 27 23 25 17 33 27
16423 21 33 1085 37 26 67 20 33 29 1 33 27
16424 22 28 208 7 34 6 21 24 25 1 33 27
16425 21 31 142 26 22 1 22 33 26 45 33 27
16426 21 31 224 30 20 58 19 21 21 14 33 27
16427 21 37 203 26 32 11 26 24 28 13 33 27
16428 21 33 285 32 18 74 21 29 29 41 33 27
16429 21 33 541 27 31 30 22 33 27 13 33 27
16430 21 27 84 17 17 29 22 16 28 8 33 27
16431 21 31 151 28 24 54 24 31 21 35 33 27
16432 22 30 420 27 32 1 26 26 27 20 33 27
16433 21 34 533 34 35 19 17 22 25 21 33 27
16434 22 38 188 36 34 64 27 30 28 36 34 27
16435 21 29 168 41 29 61 16 42 22 13 33 27
16436 21 34 189 34 22 49 24 38 29 50 33 27
16437 21 34 346 15 36 24 22 1 35 14 33 27
16438 22 32 297 31 35 77 24 20 29 10 33 27
16439 21 33 353 34 19 1 22 33 22 48 33 27
16440 21 29 160 24 24 1 24 24 28 35 33 27
16441 21 31 180 12 35 3 21 24 28 1 33 27
16442 21 29 180 17 31 1 17 32 27 10 33 27
16443 21 29 146 30 26 36 26 36 25 36 33 27
16444 22 32 216 27 33 10 20 42 21 16 33 27
16445 22 34 102 29 28 43 21 27 28 25 33 27
16446 21 29 188 29 26 53 23 26 21 23 33 27
16447 21 35 288 31 30 1 23 37 20 44 33 27
16448 21 34 224 21 40 1 22 20 32 27 33 27
16449 21 31 192 19 35 19 22 17 26 1 33 27
16450 21 30 102 17 28 28 23 1 29 7 33 27
16451 21 33 313 26 18 39 25 33 19 53 33 27
16452 21 32 88 13 24 11 28 14 28 24 33 27
16453 21 27 156 26 20 33 22 28 26 1 33 27
16454 22 32 95 24 37 103 21 16 23 1 33 27
16455 21 34 361 24 18 20 23 40 20 53 33 27
16456 21 32 192 32 13 48 25 33 24 46 33 27
16457 22 37 266 37 28 84 21 26 28 36 33 27
16458 21 27 230 35 24 1 25 35 30 15 33 27
16459 21 29 335 18 29 86 19 23 26 1 32 27
16460 21 37 441 26 24 94 23 26 25 30 33 27
16461 21 36 200 27 28 19 28 32 31 26 33 27
16462 21 35 261 28 35 1 19 19 24 31 33 27
16463 22 39 121 33 29 106 24 24 22 17 33 27
16464 22 33 112 34 30 20 22 19 28 15 33 27
16465 21 35 474 28 36 114 21 29 26 9 33 27
16466 21 26 158 20 29 1 24 9 24 12 33 27
16467 22 34 178 34 33 1 23 21 28 29 33 27
16468 21 26 141 9 26 24 20 20 28 5 33 27
16469 21 38 123 36 32 5 28 34 26 23 33 27
16470 21 32 178 39 18 28 21 38 26 41 33 27
16471 21 35 139 37 25 16 21 38 29 47 33 27
16472 22 28 498 150 15 21 28 38 32 24 33 27
16473 21 36 183 25 31 1 19 23 24 33 33 27
16474 21 32 145 20 21 41 22 13 25 22 33 27
16475 21 31 177 33 32 43 31 41 35 30 33 27
16476 21 31 163 33 26 89 16 23 24 10 33 27
16477 22 30 569 22 27 78 31 22 27 1 33 27
16478 21 27 98 39 25 1 25 28 25 3 33 27
16479 21 23 135 22 14 21 25 14 23 5 33 27
16480 22 35 128 21 39 1 21 23 28 13 33 27
16481 22 33 113 20 34 23 23 16 29 1 33 27
16482 21 32 104 29 29 1 22 28 23 19 33 27
16483 21 32 128 32 35 86 20 29 31 10 33 27
16484 21 32 217 26 29 1 35 35 34 37 33 27
16485 21 35 128 31 35 134 23 26 26 9 33 27
16486 21 32 123 39 18 25 21 35 22 43 33 27
16487 22 31 149 43 32 28 18 26 23 13 33 27
16488 21 36 381 26 25 37 26 18 26 29 33 27
16489 21 37 176 42 32 122 25 27 32 19 33 27
16490 22 30 129 17 30 101 20 27 23 1 32 27
16491 22 36 121 17 31 99 24 28 28 10 33 27
16492 21 32 139 31 17 10 20 41 22 44 33 27
16493 22 27 97 24 24 22 21 31 22 19 33 27
16494 21 33 98 22 32 1 23 22 24 1 33 27
16495 21 25 214 26 26 1 21 41 22 23 33 27
16496 21 26 100 24 32 16 20 29 32 3 33 27
16497 21 37 107 30 34 13 26 38 39 30 33 27
16498 22 28 277 30 22 1 24 1 29 20 33 27
16499 21 34 251 28 35 1 19 22 25 11 33 27
16500 21 32 219 31 36 40 18 35 23 16 33 27
16501 21 28 261 23 15 3 21 32 19 33 33 27
16502 21 22 149 22 18 16 20 27 20 1 33 27
16503 21 30 135 25 28 1 24 44 25 28 33 27
16504 22 33 288 36 30 1 25 31 28 35 33 27
16505 21 25 167 36 25 54 27 32 31 1 33 27
16506 21 31 169 21 28 37 21 25 27 23 33 27
16507 21 27 288 22 19 19 22 28 25 16 33 27
16508 21 35 268 25 32 59 23 20 28 24 33 27
16509 21 32 117 18 27 19 25 21 30 6 33 27
16510 21 33 297 25 34 36 23 26 21 24 33 27
16511 21 34 266 25 34 102 20 32 25 15 33 27
16512 21 33 216 21 32 66 25 28 30 22 33 27
16513 21 31 485 34 27 9 17 1 29 30 33 27
16514 21 31 208 19 30 1 20 30 28 27 33 27
16515 21 30 325 21 32 19 24 39 24 9 33 27
16516 21 38 407 24 37 1 24 24 30 42 33 27
16517 21 33 342 18 38 6 23 26 27 13 33 27
16518 21 30 204 30 18 59 22 32 26 27 33 27
16519 22 31 246 21 20 31 22 31 21 30 33 27
16520 21 33 344 16 28 15 22 34 31 19 33 27
16521 21 29 417 16 23 1 23 45 31 25 33 27
16522 21 37 233 21 41 76 27 30 23 18 33 27
16523 21 30 164 24 28 27 22 22 23 15 33 27
16524 22 33 175 17 34 76 22 21 30 21 33 27
16525 21 35 223 10 38 1 16 16 22 22 33 27
16526 22 31 148 24 28 1 21 33 28 23 33 27
16527 21 32 180 24 31 49 20 24 27 1 33 27
16528 21 24 120 19 22 1 21 24 25 9 33 27
16529 22 32 292 33 31 1 22 38 24 29 33 27
16530 21 28 458 21 22 28 20 28 27 25 33 27
16531 21 40 187 37 36 104 19 34 21 41 33 27
16532 22 27 333 13 33 22 20 25 32 1 33 27
16533 21 36 311 25 41 1 20 22 26 8 33 27
16534 21 31 163 23 31 37 26 23 28 32 33 27
16535 21 33 161 16 34 76 21 41 27 27 33 27
16536 21 28 120 38 23 1 23 35 21 22 33 27
16537 21 32 272 23 25 13 26 28 23 35 33 27
16538 22 31 103 30 29 46 23 43 22 9 33 27
16539 21 31 122 25 29 6 23 30 25 25 33 27
16540 21 27 151 30 17 13 21 27 23 34 33 27
16541 21 33 264 25 28 58 25 22 36 12 33 27
16542 21 34 367 20 32 51 25 26 26 21 33 27
16543 21 34 118 27 34 93 26 39 30 22 33 27
16544 21 32 262 36 28 1 21 31 20 27 33 27
16545 21 34 282 37 23 1 23 29 27 29 33 27
16546 21 30 277 21 32 1 20 26 25 9 33 27
16547 21 36 316 27 38 1 20 39 19 12 33 27
16548 21 28 108 13 31 1 27 35 34 22 33 27
16549 21 33 198 33 20 67 24 15 29 19 33 27
16550 21 28 106 21 26 18 23 18 30 5 33 27
16551 21 39 162 32 31 49 22 29 25 36 33 27
16552 21 34 230 32 34 68 22 22 22 26 33 27
16553 21 31 118 27 32 21 24 27 29 21 33 27
16554 21 38 120 24 39 107 20 25 32 34 33 27
16555 21 29 210 48 24 38 23 19 33 9 33 27
16556 21 30 97 32 19 6 20 24 30 34 33 27
16557 21 35 133 21 29 35 26 21 26 30 33 27
16558 21 26 226 43 33 1 22 22 22 11 33 27
16559 22 29 145 18 18 17 27 33 24 32 33 27
16560 21 29 160 24 24 1 25 27 25 27 33 27
16561 21 31 89 28 24 29 22 36 26 29 33 27
16562 21 28 215 26 25 22 20 27 26 23 33 27
16563 21 31 88 20 27 76 22 25 28 5 33 27
16564 21 31 136 29 33 1 25 19 27 19 32 27
16565 21 36 857 23 29 1 27 20 24 31 33 27
16566 21 31 153 22 22 88 18 28 25 19 33 27
16567 21 30 201 24 29 3 22 23 35 1 33 27
16568 21 38 490 27 41 1 19 25 30 20 33 27
16569 21 34 368 22 36 104 21 21 26 10 33 27
16570 21 36 132 34 37 1 23 24 30 24 33 27
16571 21 31 129 28 16 78 24 27 19 22 33 27
16572 21 33 521 19 29 1 20 1 32 27 33 27
16573 21 31 203 20 37 1 22 25 31 7 33 27
16574 21 29 125 8 33 72 20 24 26 1 33 27
16575 21 35 322 30 22 85 23 21 28 34 33 27
16576 21 32 277 32 23 1 22 25 18 22 33 27
16577 21 28 281 24 32 1 23 27 27 1 33 27
16578 21 27 190 17 34 1 19 23 19 1 33 27
16579 21 32 219 35 31 97 25 20 30 12 33 27
16580 22 34 312 26 28 39 21 26 29 18 33 27
16581 22 35 110 30 33 1 18 27 23 22 33 27
16582 21 36 198 28 39 26 24 26 30 5 33 27
16583 21 33 172 28 29 9 21 28 32 26 33 27
16584 21 35 134 38 26 55 21 31 36 33 33 27
16585 22 37 176 26 38 40 17 28 23 27 33 27
16586 21 27 189 34 19 1 23 34 21 35 33 27
16587 21 30 262 23 25 15 24 26 25 10 33 27
16588 21 27 200 20 16 1 18 34 23 16 33 27
16589 21 26 439 23 32 1 21 21 24 4 33 27
16590 21 27 105 30 17 1 25 33 27 14 33 27
16591 21 36 101 12 36 58 23 26 24 29 33 27
16592 21 29 187 31 29 66 24 24 30 21 33 27
16593 21 34 176 33 23 45 25 35 26 34 33 27
16594 21 32 166 33 25 1 20 25 26 17 33 27
16595 21 31 347 18 37 1 21 27 31 26 33 27
16596 21 26 120 17 27 1 25 1 39 11 33 27
16597 21 26 284 29 27 34 19 20 24 4 33 27
16598 22 31 94 22 26 1 24 36 32 34 33 27
16599 21 29 104 34 30 1 19 1 26 1 33 27
16600 21 27 164 28 24 1 22 31 23 19 33 27
16601 21 29 343 23 19 14 19 21 20 17 33 27
16602 21 32 202 19 29 68 28 23 38 18 33 27
16603 21 31 154 40 18 82 23 38 24 25 33 27
16604 21 31 151 23 27 1 22 30 21 19 33 27
16605 22 29 229 28 25 55 27 39 16 9 33 27
16606 21 29 246 24 32 1 22 29 26 9 33 27
16607 21 36 154 27 31 62 26 33 27 28 33 27
16608 21 28 100 15 33 1 25 31 23 17 33 27
16609 21 34 358 39 27 1 20 33 28 36 33 27
16610 21 36 389 26 35 45 20 22 30 29 33 27
16611 22 31 261 26 33 87 23 34 27 15 33 27
16612 21 27 218 25 22 4 20 28 27 22 33 27
16613 21 31 178 37 15 40 21 31 23 30 33 27
16614 21 31 219 24 37 49 27 22 27 1 33 27
16615 21 26 194 13 28 21 28 26 20 1 33 27
16616 22 36 509 18 38 1 25 26 22 33 34 27
16617 21 31 155 38 21 63 20 26 21 30 33 27
16618 21 31 462 32 31 52 24 51 27 8 33 27
16619 21 35 190 34 23 58 24 27 32 39 33 27
16620 21 33 196 32 30 1 21 31 20 38 33 27
16621 21 28 125 23 26 37 20 25 26 23 33 27
16622 21 32 105 28 30 85 23 51 24 9 33 27
16623 21 30 203 21 34 1 15 1 27 18 33 27
16624 21 27 151 25 26 1 25 38 37 22 33 27
16625 21 30 184 26 26 46 22 21 30 21 33 27
16626 21 26 157 27 25 1 18 32 24 16 33 27
16627 21 41 261 29 34 1 29 21 28 40 33 27
16628 22 42 144 15 45 9 21 18 29 28 33 27
16629 21 32 255 24 39 49 25 24 37 1 33 27
16630 22 29 147 27 22 8 22 32 22 41 33 27
16631 21 36 198 34 33 69 22 19 20 26 33 27
16632 21 27 252 32 27 1 21 38 23 11 33 27
16633 21 34 123 34 25 17 24 39 30 45 33 27
16634 21 34 114 23 30 61 29 19 27 25 33 27
16635 21 32 106 23 32 74 25 20 26 19 33 27
16636 21 27 262 25 24 50 25 40 31 1 33 27
16637 21 31 170 32 27 71 26 40 32 25 33 27
16638 22 29 274 20 29 21 22 24 27 1 33 27
16639 21 27 146 34 12 34 18 25 29 5 33 27
16640 21 33 160 41 33 102 21 22 22 14 33 27
16641 21 34 232 19 39 46 22 22 29 6 33 27
16642 21 28 196 16 30 39 19 21 31 1 33 27
16643 21 37 201 17 31 78 21 23 22 27 33 27
16644 21 29 165 30 23 26 23 19 35 16 33 27
16645 22 29 246 27 13 45 26 29 24 35 33 27
16646 21 34 130 19 38 26 21 22 21 11 33 27
16647 21 28 284 32 27 1 22 32 24 10 33 27
16648 21 27 323 28 23 1 26 41 23 23 33 27
16649 21 30 448 27 36 83 22 30 31 1 33 27
16650 21 25 171 26 24 1 23 18 29 1 33 27
16651 21 33 105 20 36 1 22 34 22 14 33 27
16652 22 37 208 33 22 1 22 37 22 43 33 27
16653 21 27 96 14 33 4 20 16 25 2 33 27
16654 21 33 196 22 13 15 18 38 29 42 33 27
16655 22 31 109 24 35 92 20 18 26 1 33 27
16656 21 31 255 27 23 73 21 25 30 1 33 27
16657 21 36 130 40 28 29 21 25 26 34 33 27
16658 21 29 233 24 33 24 23 28 27 1 33 27
16659 21 34 194 26 25 71 26 29 34 41 33 27
16660 22 36 188 32 32 1 22 40 26 32 33 27
16661 21 27 113 32 31 26 18 12 26 19 33 27
16662 21 31 871 30 34 64 24 25 29 7 33 27
16663 21 27 163 26 21 18 25 29 30 19 33 27
16664 21 33 517 22 36 1 22 31 27 34 33 27
16665 21 29 200 14 29 1 24 22 29 8 33 27
16666 21 33 229 23 39 24 27 29 35 19 33 27
16667 21 34 192 24 37 1 28 29 33 19 33 27
16668 21 30 277 30 22 35 21 24 22 14 33 27
16669 21 35 241 19 39 113 21 23 21 7 33 27
16670 21 32 175 21 27 56 25 7 24 1 33 27
16671 21 29 175 21 21 1 22 17 26 28 33 27
16672 21 37 193 29 35 81 21 21 23 40 33 27
16673 21 31 165 16 23 23 25 18 28 29 33 27
16674 21 35 125 32 43 1 19 1 38 3 33 27
16675 21 34 110 28 42 5 19 25 24 1 33 27
16676 21 36 190 20 24 36 25 30 26 24 33 27
16677 21 38 135 28 29 17 18 18 25 30 33 27
16678 22 32 248 32 27 7 23 22 22 14 33 27
16679 21 25 223 28 23 1 21 25 27 7 33 27
16680 21 31 302 40 26 87 24 22 24 11 33 27
16681 21 31 332 21 29 28 17 28 31 16 33 27
16682 21 29 131 25 33 1 18 22 26 1 33 27
16683 22 28 216 33 16 21 20 1 34 18 33 27
16684 21 33 260 26 27 63 21 1 29 21 33 27
16685 21 28 198 37 19 44 26 39 28 28 33 27
16686 21 28 174 17 27 1 24 22 27 1 33 27
16687 21 37 1807 26 32 60 18 31 29 31 33 27
16688 22 35 178 29 30 50 24 25 24 28 33 27
16689 21 29 253 32 21 1 33 45 28 46 33 27
16690 22 32 421 28 24 37 23 34 28 39 33 27
16691 21 31 280 17 36 33 20 26 29 1 33 27
16692 21 41 492 31 32 61 26 31 26 46 33 27
16693 21 33 178 21 21 18 22 35 26 50 33 27
16694 21 30 423 23 21 13 26 25 25 33 33 27
16695 21 30 154 15 32 1 20 31 22 24 33 27
16696 21 36 170 20 30 42 24 18 24 35 33 27
16697 21 32 350 26 33 49 21 19 29 1 32 27
16698 22 28 482 36 29 32 26 33 37 22 33 27
16699 21 28 253 15 32 1 25 9 26 1 32 27
16700 22 35 147 22 25 42 28 24 31 20 33 27
16701 21 38 102 20 33 1 23 14 25 33 33 27
16702 22 32 147 19 44 79 19 21 28 1 32 27
16703 22 29 271 13 25 61 20 21 24 1 33 27
16704 21 30 162 19 27 11 20 27 31 19 33 27
16705 21 33 195 24 24 1 24 25 25 39 33 27
16706 21 35 402 27 39 40 23 26 25 12 33 27
16707 21 26 151 38 25 43 23 25 24 1 33 27
16708 21 27 748 35 14 7 23 39 25 39 33 27
16709 21 29 686 36 16 69 25 25 27 26 33 27
16710 21 32 147 38 25 1 26 36 23 36 33 27
16711 22 30 357 17 40 1 22 34 18 13 33 27
16712 21 29 117 21 20 28 24 30 21 18 33 27
16713 21 31 256 26 30 25 24 28 34 1 33 27
16714 21 37 204 21 40 1 19 24 26 32 33 27
16715 22 31 149 30 17 3 23 23 28 37 33 27
16716 21 30 139 17 27 53 22 21 25 28 33 27
16717 21 28 284 25 29 20 23 37 23 5 33 27
16718 21 30 358 31 13 28 24 30 27 51 33 27
16719 21 29 328 25 21 16 23 27 25 11 33 27
16720 21 30 161 26 34 1 23 19 17 18 33 27
16721 21 32 542 19 30 1 21 27 21 30 33 27
16722 22 29 194 30 15 9 25 36 26 42 33 27
16723 21 39 166 31 37 18 26 23 28 23 33 27
16724 21 31 325 22 30 26 21 18 28 10 33 27
16725 22 30 171 22 40 70 23 30 23 1 33 27
16726 21 19 165 31 18 1 19 29 17 1 33 27
16727 21 36 632 20 26 9 21 32 23 24 33 27
16728 21 32 163 20 27 79 24 39 24 30 33 27
16729 21 29 194 17 29 30 25 17 26 1 33 27
16730 21 38 191 27 35 30 24 22 29 39 33 27
16731 21 30 252 31 23 89 20 27 31 33 33 27
16732 21 23 294 31 30 8 27 35 20 1 33 27
16733 22 37 175 12 27 29 23 31 27 33 33 27
16734 21 37 234 17 30 41 20 38 24 36 33 27
16735 21 31 286 20 29 26 25 22 20 21 33 27
16736 21 31 176 26 33 1 19 25 22 1 33 27
16737 21 32 136 32 20 23 24 43 26 42 33 27
16738 22 32 387 31 31 48 23 19 26 11 33 27
16739 21 29 130 24 29 13 27 19 25 1 33 27
16740 22 32 148 27 30 54 24 35 27 17 33 27
16741 21 30 173 18 30 6 20 60 24 17 33 27
16742 21 31 132 23 23 46 28 18 24 18 33 27
16743 21 30 153 31 27 64 25 18 31 13 33 27
16744 21 33 597 19 25 45 24 32 26 41 33 27
16745 21 27 263 31 23 27 23 31 22 3 33 27
16746 22 38 547 34 29 117 23 31 26 33 33 27
16747 21 27 362 27 31 33 23 16 29 17 33 27
16748 21 34 140 43 25 9 20 37 24 40 33 27
16749 21 34 201 26 26 55 24 33 29 33 33 27
16750 21 29 398 27 29 28 22 29 27 22 33 27
16751 21 28 212 11 31 1 18 24 22 1 33 26
16752 21 14 147 18 27 1 19 21 19 1 32 27
16753 22 35 128 31 29 7 23 15 24 24 33 27
16754 22 30 102 14 34 1 21 23 41 1 33 27
16755 22 33 151 36 21 14 21 29 24 30 33 27
16756 21 31 125 17 36 85 21 24 23 1 33 27
16757 21 23 282 17 20 21 19 20 18 8 33 27
16758 21 31 270 21 26 77 24 21 18 4 33 27
16759 22 27 503 30 28 57 32 31 35 3 33 27
16760 21 34 230 34 37 1 24 29 25 32 33 27
16761 21 30 124 10 31 15 22 16 33 17 33 27
16762 21 32 144 22 32 1 25 29 27 26 33 27
16763 21 36 267 32 33 1 22 33 27 35 33 27
16764 21 29 266 31 26 26 23 31 25 24 33 27
16765 21 31 182 28 23 108 26 25 24 6 33 27
16766 21 26 263 19 25 1 22 33 35 25 33 27
16767 21 36 181 17 36 30 27 35 26 18 33 27
16768 22 26 178 28 31 1 20 29 22 13 33 27
16769 21 26 142 18 30 1 16 27 20 12 33 27
16770 21 33 552 28 32 1 22 25 25 26 33 27
16771 21 29 217 17 33 1 24 34 30 8 33 27
16772 21 31 261 27 21 1 22 40 23 46 33 27
16773 21 28 171 15 35 1 23 22 33 9 33 27
16774 21 32 214 28 32 23 21 28 33 27 33 27
16775 22 37 612 30 40 83 25 20 28 1 33 27
16776 21 34 307 30 33 22 23 30 27 14 33 27
16777 22 30 155 30 25 5 25 23 32 34 33 27
16778 21 33 332 18 37 20 22 24 21 18 33 27
16779 21 31 129 24 24 43 24 28 25 21 33 27
16780 21 42 423 29 31 74 18 18 26 44 33 27
16781 22 33 166 26 20 39 23 23 21 40 33 27
16782 21 35 193 23 30 66 23 15 29 16 33 27
16783 22 35 443 20 40 78 29 12 26 1 33 27
16784 21 26 97 25 30 51 17 25 16 1 33 27
16785 21 29 146 31 15 17 24 29 24 44 33 27
16786 21 31 253 26 26 1 20 13 20 23 33 27
16787 22 28 115 32 23 42 20 8 37 18 33 27
16788 21 27 143 15 23 1 19 27 22 15 33 27
16789 22 24 209 36 19 20 23 22 31 1 33 27
16790 21 32 306 21 33 1 20 21 24 1 33 27
16791 21 35 146 21 31 1 14 27 23 36 33 27
16792 21 31 183 20 31 2 21 25 28 15 33 27
16793 21 19 350 12 22 1 26 20 24 2 33 27
16794 22 34 230 29 23 68 23 30 33 27 33 27
16795 22 32 163 20 26 33 26 44 29 36 33 27
16796 21 27 191 22 36 1 19 25 27 16 33 27
16797 21 29 683 26 27 10 24 32 32 21 33 27
16798 21 28 97 27 15 16 21 30 27 33 33 27
16799 21 42 319 10 42 1 21 36 34 19 33 27
16800 21 29 198 36 31 18 18 25 29 1 33 27
16801 22 30 86 27 24 1 23 26 27 19 33 27
16802 22 32 179 23 25 1 21 36 23 25 33 27
16803 21 32 445 28 27 26 19 25 22 25 33 27
16804 21 34 264 27 35 1 24 18 27 10 33 27
16805 21 24 300 37 20 73 20 24 27 1 33 27
16806 21 27 195 36 26 1 22 37 26 8 33 27
16807 21 35 634 20 28 43 23 48 24 29 33 27
16808 21 32 382 23 31 103 22 21 27 17 33 27
16809 22 36 139 31 31 32 26 29 35 15 33 27
16810 22 33 319 19 30 45 28 23 29 21 33 27
16811 21 27 217 27 22 5 21 33 23 13 33 27
16812 21 28 350 17 30 1 21 24 22 9 33 27
16813 21 26 100 19 25 50 22 28 27 11 33 27
16814 21 32 270 33 35 1 19 1 24 24 33 27
16815 21 30 211 22 23 16 22 31 33 21 33 27
16816 21 37 213 28 33 95 27 28 23 21 33 27
16817 21 30 391 23 24 11 20 33 27 1 33 27
16818 21 24 199 25 22 1 18 17 28 6 33 27
16819 21 34 191 32 29 32 25 32 34 31 33 27
16820 21 33 117 24 10 18 23 8 27 30 33 27
16821 21 31 216 28 32 29 21 25 21 19 33 27
16822 21 27 463 31 28 1 25 23 33 12 33 27
16823 22 29 164 23 20 5 23 17 25 6 33 27
16824 21 34 199 34 35 1 23 41 28 32 33 27
16825 21 37 298 21 33 31 25 28 23 30 33 27
16826 22 29 188 24 29 57 24 31 28 1 33 27
16827 21 34 363 32 27 1 25 30 30 44 33 27
16828 21 31 253 36 23 1 23 30 23 42 33 27
16829 21 37 242 33 29 1 25 25 32 38 33 27
16830 21 30 326 22 23 23 18 28 28 18 33 27
16831 38 49 430 39 42 38 44 63 61 48 55 48
16832 21 30 428 28 26 28 20 30 19 17 33 27
16833 21 24 310 40 19 44 28 42 39 11 33 27
16834 21 27 120 34 23 34 20 25 29 3 33 27
16835 22 35 388 37 31 1 23 26 30 25 33 27
16836 21 34 122 23 34 74 28 47 26 19 33 27
16837 21 39 254 25 37 1 25 25 30 33 33 27
16838 21 36 297 20 27 13 22 33 26 27 33 27
16839 22 30 294 23 31 27 20 29 30 10 33 27
16840 22 28 232 40 19 11 22 28 31 4 33 27
16841 22 30 228 37 32 49 21 18 21 1 33 27
16842 21 31 98 21 36 53 20 22 21 14 33 27
16843 21 34 219 39 30 1 20 39 25 37 33 27
16844 21 32 200 19 27 1 23 18 24 22 33 27
16845 21 27 117 24 20 39 22 43 30 11 33 27
16846 21 38 172 20 29 1 20 28 28 34 33 27
16847 21 37 202 39 28 33 24 34 32 42 33 27
16848 21 33 163 36 22 79 22 31 27 31 33 27
16849 22 31 290 17 37 1 27 21 26 8 33 27
16850 21 28 125 26 26 1 18 42 17 15 33 27
16851 21 30 168 21 34 45 23 25 26 6 33 27
16852 21 28 137 26 25 25 22 35 21 6 33 27
16853 22 34 311 22 23 1 19 29 24 29 33 27
16854 22 33 169 23 21 39 20 1 28 34 33 27
16855 22 33 253 20 36 1 23 21 25 16 33 27
16856 21 30 143 31 27 30 27 36 25 19 33 27
16857 21 27 177 29 20 76 20 21 22 10 33 27
16858 21 34 609 18 34 42 26 26 35 12 33 27
16859 21 31 119 31 31 43 25 37 27 9 33 27
16860 21 31 88 13 26 32 24 19 28 34 33 27
16861 21 32 308 16 33 1 22 50 26 25 33 27
16862 21 29 523 30 26 57 20 27 25 13 33 27
16863 21 31 115 27 27 5 24 37 28 24 33 27
16864 21 27 112 13 23 31 22 30 28 1 33 27
16865 21 35 136 29 35 31 24 37 26 21 33 27
16866 21 28 237 28 21 11 26 22 22 14 33 27
16867 21 37 171 26 28 44 20 26 22 30 33 27
16868 21 32 278 35 23 20 24 37 29 26 33 27
16869 21 31 141 18 30 39 17 29 26 10 33 27
16870 21 35 751 23 32 2 30 46 28 17 33 27
16871 21 32 155 26 25 62 25 32 30 23 33 27
16872 21 33 495 27 31 27 22 27 28 10 33 27
16873 21 31 410 20 34 20 24 26 36 13 33 27
16874 21 31 149 10 29 6 27 13 24 21 33 27
16875 21 27 165 25 22 37 27 31 29 12 33 27
16876 21 34 227 18 36 21 23 19 34 12 33 27
16877 21 33 315 34 26 1 21 30 26 33 33 27
16878 21 38 499 29 24 62 28 28 39 37 33 27
16879 21 29 95 14 29 3 38 25 30 23 33 27
16880 21 35 108 22 39 62 20 13 24 1 32 26
16881 21 30 200 37 23 1 18 37 25 19 33 27
16882 22 30 162 30 20 33 19 18 25 22 33 27
16883 21 27 354 28 33 1 20 44 16 8 33 27
16884 21 27 254 25 20 25 25 28 23 19 33 27
16885 22 34 126 21 37 53 24 35 28 1 33 27
16886 22 35 315 36 27 33 29 29 26 32 34 27
16887 21 37 401 18 26 34 26 18 26 46 33 27
16888 21 30 262 19 19 13 24 29 29 30 33 27
16889 22 29 159 30 14 1 23 34 26 38 33 27
16890 21 35 355 25 26 38 27 20 38 35 33 27
16891 21 30 452 16 41 19 24 36 23 6 33 27
16892 21 29 115 30 21 15 20 10 21 24 33 27
16893 21 33 297 21 29 12 21 27 25 26 33 27
16894 21 27 260 20 27 1 19 23 27 7 33 27
16895 22 30 136 28 34 39 21 28 30 11 33 27
16896 21 30 217 17 34 1 18 23 23 10 33 27
16897 21 27 197 22 29 18 21 28 25 1 33 27
16898 21 26 122 23 25 1 21 23 25 15 33 27
16899 21 28 190 20 29 21 23 20 24 17 33 27
16900 21 29 104 23 28 56 24 28 24 4 33 27
16901 21 34 138 24 30 74 21 24 22 18 33 27
16902 22 39 348 34 39 78 22 1 20 26 33 27
16903 21 29 147 27 19 1 26 31 36 24 33 27
16904 21 22 253 33 26 32 23 25 30 1 33 27
16905 21 27 166 29 24 1 18 32 26 18 33 27
16906 21 30 429 23 28 1 23 22 27 15 33 27
16907 21 31 92 38 20 5 20 39 23 42 33 27
16908 21 24 240 25 26 30 23 27 23 6 33 27
16909 21 29 93 24 23 1 22 36 21 35 33 27
16910 21 30 278 35 24 1 23 27 27 31 33 27
16911 21 32 357 20 21 17 23 30 31 33 33 27
16912 22 36 108 20 26 60 27 28 26 38 34 27
16913 21 21 146 26 24 15 23 32 26 1 32 27
16914 22 33 190 29 26 5 22 29 31 31 33 27
16915 21 34 216 30 28 1 24 32 21 31 33 27
16916 21 24 271 25 23 52 27 25 25 8 33 27
16917 22 31 449 34 20 20 25 1 31 24 33 27
16918 21 31 146 34 23 66 24 30 27 17 33 27
16919 21 33 103 23 11 8 17 23 27 35 33 27
16920 22 26 156 38 25 21 20 29 28 2 33 27
16921 21 34 187 40 26 94 27 19 28 22 33 27
16922 21 39 208 14 36 46 20 13 18 32 33 27
16923 22 33 661 7 34 27 23 20 24 1 33 27
16924 21 31 254 34 18 1 21 28 21 44 33 27
16925 21 32 145 22 31 38 19 26 25 10 33 27
16926 21 32 166 28 32 13 23 21 26 11 33 27
16927 21 28 183 23 29 26 26 30 33 17 33 27
16928 21 36 159 42 32 1 28 38 26 45 33 27
16929 21 28 135 21 21 8 22 29 24 28 33 27
16930 21 32 103 23 35 33 20 34 23 6 33 27
16931 22 28 124 23 33 1 21 47 27 6 33 27
16932 21 32 130 32 24 37 22 28 27 26 33 27
16933 22 32 201 27 32 1 19 27 34 27 33 27
16934 21 31 112 18 37 1 22 28 28 18 33 27
16935 22 33 116 30 21 11 21 1 25 29 33 27
16936 21 29 310 20 34 9 22 24 29 1 33 27
16937 22 35 434 32 35 45 24 36 30 30 33 27
16938 21 34 226 39 25 1 25 35 26 38 33 27
16939 21 27 278 18 25 1 18 19 25 1 33 27
16940 21 28 282 24 29 2 22 1 40 1 33 27
16941 21 33 145 35 30 12 24 24 28 10 33 27
16942 21 32 255 34 27 97 27 38 32 25 33 27
16943 21 34 190 23 32 60 16 16 24 17 33 27
16944 21 29 91 24 35 1 24 27 26 3 33 27
16945 21 22 111 31 27 36 21 13 24 1 33 27
16946 21 29 226 16 20 1 23 12 29 19 33 27
16947 21 34 111 36 23 56 24 41 28 20 33 27
16948 22 37 293 24 39 19 20 12 22 26 33 27
16949 21 29 198 18 30 34 29 16 36 30 33 27
16950 21 32 567 29 23 22 24 36 27 34 33 27
16951 21 36 118 28 29 23 18 10 30 19 33 27
16952 21 33 301 31 31 34 20 22 27 19 33 27
16953 21 32 535 31 32 91 21 35 21 8 33 27
16954 21 33 91 17 32 47 23 17 24 23 33 27
16955 21 34 306 24 41 73 24 24 31 1 33 27
16956 21 30 479 41 24 31 27 21 29 13 33 27
16957 21 33 199 15 38 1 25 19 18 11 33 27
16958 21 33 108 22 33 1 23 27 29 21 33 27
16959 21 31 261 24 19 19 24 23 24 21 33 27
16960 21 27 190 25 23 14 25 31 27 14 33 27
16961 21 34 128 24 31 23 20 19 27 27 33 27
16962 21 42 185 28 44 92 20 39 24 30 33 27
16963 21 34 136 18 34 1 20 21 28 21 33 27
16964 21 33 235 33 27 41 24 32 24 31 33 27
16965 21 35 364 25 36 12 22 30 29 27 33 27
16966 21 33 123 22 19 67 20 34 24 40 33 27
16967 21 27 101 24 29 30 25 28 22 7 33 27
16968 22 33 286 28 24 81 22 1 40 17 33 27
16969 21 26 257 26 28 1 22 35 20 25 33 27
16970 21 26 519 30 9 14 23 47 24 38 33 27
16971 21 33 335 34 33 1 22 41 22 40 33 27
16972 21 32 163 25 25 58 26 29 27 14 33 27
16973 21 35 160 26 26 14 26 23 22 26 33 27
16974 21 34 156 28 31 1 27 33 32 40 33 27
16975 22 29 296 15 26 34 21 28 23 14 33 27
16976 21 28 468 24 33 15 21 25 22 4 33 27
16977 21 34 267 30 32 45 25 36 25 19 33 27
16978 21 41 180 23 36 78 22 28 31 31 33 27
16979 22 33 171 15 35 30 21 24 25 3 33 27
16980 22 30 104 21 20 58 22 20 36 12 33 27
16981 21 31 447 193 26 1 21 27 45 12 33 27
16982 21 26 191 34 31 1 25 31 28 33 33 27
16983 21 35 301 49 35 1 27 28 32 13 33 27
16984 22 34 493 29 22 49 24 39 25 36 33 27
16985 21 23 172 34 21 11 26 26 26 1 33 27
16986 21 37 221 25 39 27 21 31 24 45 33 27
16987 22 29 533 15 30 15 22 34 30 1 33 27
16988 21 37 583 15 33 79 26 22 30 15 33 27
16989 21 32 361 29 32 1 22 34 26 24 33 27
16990 21 24 194 18 29 15 17 51 25 5 33 27
16991 21 31 219 40 27 66 23 50 18 10 33 27
16992 21 36 262 32 31 81 24 29 26 16 33 27
16993 21 28 594 25 19 1 20 52 23 33 33 27
16994 21 34 259 37 29 9 23 24 26 22 33 27
16995 21 31 146 3 29 5 27 18 28 7 33 27
16996 21 29 267 23 26 1 24 34 22 40 33 27
16997 21 33 217 22 28 83 23 22 28 1 32 27
16998 21 32 256 25 29 3 22 33 25 10 33 27
16999 21 29 454 17 23 18 24 27 22 6 33 27
17000 21 39 203 29 36 1 19 24 30 44 33 27
17001 22 31 356 36 27 1 23 41 23 22 33 27
17002 21 27 384 23 29 1 13 26 26 22 33 27
17003 21 31 158 32 26 66 22 24 28 16 33 27
17004 21 28 160 20 31 9 25 24 29 1 33 27
17005 21 38 432 36 28 63 16 24 26 35 33 27
17006 21 35 178 37 40 51 19 24 23 1 33 27
17007 21 31 143 21 31 10 27 23 25 4 33 27
17008 21 37 220 29 33 1 28 35 27 42 33 27
17009 21 29 118 13 33 1 20 31 24 36 33 27
17010 22 31 127 28 27 22 22 32 27 27 33 27
17011 21 34 101 17 33 83 22 23 25 13 33 27
17012 22 30 316 36 25 21 20 30 33 15 33 27
17013 21 26 316 20 30 1 26 17 29 1 33 27
17014 21 21 176 38 22 25 20 21 23 1 33 27
17015 22 32 167 37 26 88 24 35 37 28 33 27
17016 21 31 177 28 27 1 24 31 22 28 33 27
17017 22 37 238 26 36 55 27 29 29 28 33 27
17018 22 29 174 24 32 1 18 1 28 20 33 27
17019 21 34 189 27 29 7 22 30 24 45 33 27
17020 21 35 284 28 33 60 28 27 30 18 33 27
17021 21 33 168 33 25 8 26 40 24 43 33 27
17022 21 25 181 26 28 16 20 19 23 1 33 27
17023 21 32 171 45 25 1 23 43 28 31 33 27
17024 21 32 183 28 20 26 23 21 22 26 33 27
17025 21 30 1153 31 16 16 19 42 29 43 33 27
17026 21 31 248 22 36 14 20 35 32 16 33 27
17027 22 35 232 38 19 23 23 35 25 52 33 27
17028 22 29 244 22 33 2 22 19 27 1 33 27
17029 21 34 494 25 25 73 25 25 33 28 33 27
17030 21 33 227 22 28 60 26 30 22 27 33 27
17031 22 34 458 21 34 66 23 30 29 1 33 27
17032 21 22 122 30 21 1 28 34 28 1 33 27
17033 21 30 135 27 32 104 18 21 25 1 32 27
17034 21 38 146 28 31 1 25 24 27 34 33 27
17035 21 33 108 35 38 1 26 29 27 25 33 27
17036 22 30 157 26 29 18 20 34 28 34 33 27
17037 21 29 339 29 32 69 20 1 27 1 33 27
17038 21 35 276 22 33 17 20 23 29 31 33 27
17039 21 42 161 41 31 59 22 30 23 48 33 27
17040 22 32 415 26 25 5 23 34 30 31 33 27
17041 21 30 182 21 40 37 22 20 25 1 32 27
17042 21 34 143 34 31 37 24 51 27 33 33 27
17043 21 32 189 30 24 1 19 27 24 41 33 27
17044 21 34 375 22 35 108 25 20 27 1 33 27
17045 22 36 202 17 37 6 21 24 27 34 33 27
17046 21 36 318 24 35 13 20 36 28 24 33 27
17047 21 33 377 27 28 48 22 29 23 19 33 27
17048 21 37 147 14 31 13 19 13 28 40 33 27
17049 21 32 259 16 39 28 20 23 25 1 33 27
17050 21 32 153 33 29 69 23 33 26 8 33 27
17051 21 32 775 26 23 24 26 34 23 39 33 27
17052 21 34 341 32 26 47 23 30 25 32 33 27
17053 21 28 228 38 16 1 27 34 24 40 33 27
17054 21 34 410 26 43 44 20 28 25 19 33 27
17055 21 32 340 20 26 44 24 32 25 25 33 27
17056 21 32 209 29 36 1 24 27 29 4 33 27
17057 22 25 294 11 23 34 25 26 29 1 32 27
17058 21 27 154 23 27 1 17 30 17 3 33 27
17059 22 35 170 28 38 46 23 25 27 8 33 27
17060 21 30 279 34 24 27 24 33 27 29 33 27
17061 21 31 134 28 23 17 26 27 25 24 33 27
17062 21 26 289 22 27 10 19 15 19 15 33 27
17063 21 31 193 28 20 16 18 32 29 26 33 27
17064 21 33 103 24 20 1 26 36 31 39 33 27
17065 21 33 457 19 27 72 19 18 18 2 33 27
17066 21 35 194 25 23 33 21 29 34 27 33 27
17067 21 26 138 20 28 28 22 21 33 1 33 27
17068 21 32 174 25 32 1 26 32 28 27 33 27
17069 21 32 425 15 32 27 23 19 33 9 33 27
17070 21 33 96 23 32 52 21 25 28 29 33 27
17071 21 34 470 28 24 39 24 38 30 34 33 27
17072 21 30 102 27 24 31 23 29 29 31 33 27
17073 21 35 190 41 31 84 23 31 26 13 33 27
17074 22 31 157 9 34 1 21 12 26 5 33 27
17075 21 29 116 38 37 55 20 49 21 13 33 27
17076 21 31 423 24 34 58 23 29 28 3 33 27
17077 21 28 207 24 35 1 18 30 28 4 33 27
17078 21 33 227 28 26 1 19 23 20 28 33 27
17079 21 34 340 27 26 1 20 23 23 27 33 27
17080 21 32 141 31 40 16 24 34 21 33 33 27
17081 21 29 127 22 39 53 21 28 26 1 33 27
17082 22 37 309 38 36 24 20 36 30 29 33 27
17083 21 33 222 23 28 16 24 31 17 37 33 27
17084 21 32 149 25 41 1 20 42 31 10 33 27
17085 22 33 1682 28 23 87 25 45 26 36 33 27
17086 21 25 208 18 38 53 25 32 23 5 33 27
17087 21 28 166 17 22 4 22 31 30 31 33 27
17088 22 26 592 29 15 28 20 1 29 13 33 27
17089 22 34 486 21 34 28 22 12 23 31 34 27
17090 21 29 250 26 22 99 20 27 24 12 33 27
17091 21 29 147 14 34 31 22 33 26 1 32 27
17092 21 28 241 33 31 1 18 16 25 1 33 27
17093 21 25 240 23 28 1 21 29 23 9 33 27
17094 21 35 435 28 43 1 25 19 24 4 33 27
17095 21 28 141 20 27 1 18 27 14 21 33 27
17096 21 28 227 21 32 1 20 24 19 11 33 27
17097 21 33 160 23 36 10 22 29 26 8 33 27
17098 21 33 439 32 29 61 20 39 26 34 33 27
17099 21 34 253 36 31 35 26 35 22 39 33 27
17100 21 33 158 29 34 1 24 45 31 34 33 27
17101 21 29 145 26 28 2 21 21 22 19 33 27
17102 21 34 180 26 32 39 22 23 29 10 33 27
17103 21 30 165 26 28 92 16 20 25 12 33 27
17104 22 32 360 18 31 50 19 18 24 1 33 27
17105 21 33 260 28 26 1 27 36 27 36 33 27
17106 21 43 105 19 33 72 27 20 25 47 33 27
17107 21 32 235 18 31 73 22 39 28 21 33 27
17108 21 28 112 28 24 32 25 29 26 32 33 27
17109 21 26 84 30 24 9 24 14 26 1 33 27
17110 21 27 151 35 27 30 23 27 28 8 33 27
17111 21 30 106 35 25 4 21 38 26 8 33 27
17112 21 30 158 25 26 62 19 36 26 18 33 27
17113 22 31 198 20 37 35 21 21 30 1 32 27
17114 21 34 408 17 29 52 23 36 50 21 33 27
17115 21 33 309 26 38 104 20 24 21 9 33 27
17116 21 36 157 36 30 1 23 31 27 31 33 27
17117 21 33 407 26 22 1 22 27 23 37 33 27
17118 21 32 98 25 27 3 24 34 21 26 33 27
17119 21 34 239 33 21 36 16 37 26 37 33 27
17120 21 32 231 38 24 55 23 39 27 20 33 27
17121 21 36 489 28 37 57 21 28 26 22 33 27
17122 22 30 179 19 30 3 21 23 31 1 33 27
17123 22 32 123 26 34 1 24 19 28 19 33 27
17124 21 29 120 31 30 32 23 30 26 1 33 27
17125 21 26 347 30 26 93 26 21 22 1 33 27
17126 21 37 179 19 32 119 20 23 29 12 33 27
17127 21 28 149 24 30 91 22 24 25 10 33 27
17128 22 32 216 24 35 39 25 34 29 3 33 27
17129 21 36 206 33 32 26 21 32 22 39 33 27
17130 22 37 161 17 31 17 23 25 32 29 33 27
17131 21 34 102 37 28 1 19 31 19 27 33 27
17132 21 34 762 34 21 79 22 39 34 39 33 27
17133 21 27 99 26 24 58 21 19 25 7 33 27
17134 21 29 103 29 27 1 25 29 29 29 33 27
17135 21 29 208 33 27 8 23 36 25 12 33 27
17136 21 17 176 23 14 1 18 20 18 1 33 27
17137 21 37 146 23 33 1 24 37 29 37 33 27
17138 21 35 486 31 18 46 23 49 18 19 33 27
17139 21 37 220 27 38 12 21 18 24 17 33 27
17140 21 31 129 26 36 9 23 25 33 14 33 27
17141 22 28 179 12 37 1 23 15 23 1 33 27
17142 21 31 181 27 22 1 23 39 27 32 33 27
17143 21 40 180 39 31 21 21 31 26 43 33 27
17144 21 33 122 28 27 7 25 36 25 24 33 27
17145 21 26 183 15 36 29 22 22 27 1 33 27
17146 21 38 375 34 32 11 25 29 29 36 33 27
17147 22 32 359 33 31 4 25 48 27 15 33 27
17148 21 28 172 37 16 70 26 35 35 37 33 27
17149 21 33 267 24 49 1 18 32 21 6 33 27
17150 21 33 282 37 25 95 22 25 31 22 33 27
17151 21 31 145 36 25 33 18 27 26 28 33 27
17152 21 36 245 19 34 20 29 54 32 35 33 27
17153 21 35 290 33 29 1 25 30 27 50 33 27
17154 21 29 148 13 31 19 19 24 29 5 33 27
17155 21 34 229 20 31 47 20 27 30 11 33 27
17156 21 37 147 31 25 14 29 33 32 42 33 27
17157 21 32 213 34 29 110 19 28 32 11 33 27
17158 21 24 430 20 16 23 22 39 21 14 33 27
17159 21 28 525 34 18 25 23 23 26 9 33 27
17160 21 29 139 20 34 33 26 22 33 1 33 27
17161 21 26 178 28 20 1 26 17 24 22 33 27
17162 21 35 324 20 31 63 26 36 35 26 33 27
17163 21 31 116 38 29 1 24 27 21 12 33 27
17164 21 33 214 26 21 1 19 28 21 23 33 27
17165 21 31 223 25 27 1 18 31 19 16 33 27
17166 22 30 272 36 31 6 27 27 27 1 33 27
17167 21 30 166 33 22 32 26 31 26 17 33 27
17168 21 34 238 28 36 60 24 22 24 14 33 27
17169 21 25 212 23 26 11 26 1 28 18 33 27
17170 22 37 216 17 39 1 27 35 27 33 33 27
17171 21 32 150 31 24 10 26 26 22 28 33 27
17172 21 29 125 30 29 17 21 19 19 7 33 27
17173 21 34 251 32 22 1 19 29 26 29 33 27
17174 21 29 207 23 25 20 20 31 27 16 33 27
17175 21 31 100 24 20 44 19 1 25 13 33 27
17176 21 39 378 35 37 108 24 21 24 24 33 27
17177 22 28 173 31 23 1 27 28 22 27 33 27
17178 21 28 241 30 23 1 24 34 29 18 33 27
17179 22 33 132 12 36 1 25 29 28 14 33 27
17180 21 33 261 15 34 1 24 1 27 27 33 27
17181 22 38 197 31 35 1 26 29 34 27 33 27
17182 22 28 167 20 14 1 23 36 19 26 33 27
17183 21 32 100 36 18 50 24 29 32 39 33 27
17184 21 37 170 28 32 24 27 29 29 24 33 27
17185 21 36 316 39 41 36 22 1 33 24 33 27
17186 21 34 472 24 23 1 18 37 25 39 33 27
17187 21 40 390 34 35 101 21 6 17 19 33 27
17188 22 28 183 33 28 57 23 40 28 12 33 27
17189 21 30 199 18 24 1 24 23 31 28 33 27
17190 21 31 209 34 25 38 22 32 20 30 33 27
17191 22 32 149 27 39 28 25 26 29 14 33 27
17192 21 33 213 27 33 54 24 29 26 12 33 27
17193 22 31 179 22 24 1 22 32 31 26 33 27
17194 22 37 169 21 39 1 18 1 29 15 33 27
17195 22 35 157 43 24 1 22 31 25 43 33 27
17196 21 33 168 33 26 27 20 32 19 36 33 27
17197 21 29 137 24 24 1 21 34 24 25 33 27
17198 21 29 190 33 24 49 24 1 29 8 33 27
17199 22 30 192 35 23 57 18 22 23 15 33 27
17200 21 32 156 23 32 17 23 31 24 3 33 27
17201 21 29 423 25 27 5 20 23 23 4 33 27
17202 21 33 549 28 25 27 15 1 23 28 33 27
17203 21 30 90 29 32 36 25 1 21 18 33 27
17204 21 37 211 30 35 47 20 26 17 14 33 27
17205 21 29 154 26 28 23 22 32 27 14 33 27
17206 21 34 156 31 23 92 23 31 24 22 33 27
17207 21 27 165 26 25 1 25 35 16 9 33 27
17208 22 32 99 18 30 31 24 27 29 24 33 27
17209 21 36 186 28 31 1 22 31 28 36 33 27
17210 21 34 244 38 28 1 20 42 22 33 33 27
17211 22 36 270 39 29 28 23 26 27 41 33 27
17212 21 32 207 19 25 37 22 24 31 13 33 27
17213 21 35 166 32 31 65 24 15 26 34 33 27
17214 21 28 170 21 28 10 18 27 30 20 33 27
17215 21 34 321 41 20 30 26 31 28 28 33 27
17216 22 30 272 23 28 2 22 41 29 19 33 27
17217 21 28 198 30 25 17 24 24 32 15 33 27
17218 21 26 140 23 30 13 21 24 28 2 33 27
17219 21 32 351 27 21 48 22 25 28 21 33 27
17220 22 40 176 18 33 98 21 21 22 34 33 27
17221 21 40 386 23 35 53 26 23 33 28 33 27
17222 21 28 395 21 21 1 22 25 26 19 33 27
17223 21 31 198 18 22 3 20 22 21 23 33 27
17224 21 31 164 34 28 29 23 40 30 13 33 27
17225 21 35 189 34 27 71 24 26 31 16 33 27
17226 21 27 123 35 18 1 20 29 22 27 33 27
17227 21 29 229 29 28 43 21 34 28 17 33 27
17228 21 33 621 20 32 72 22 21 33 7 33 27
17229 21 28 106 20 42 1 16 31 28 3 33 27
17230 21 31 432 17 33 10 23 25 25 9 33 27
17231 21 37 113 21 41 1 24 24 33 13 33 27
17232 21 32 537 22 40 1 22 31 27 3 33 27
17233 21 32 359 23 26 81 18 32 25 9 33 27
17234 22 30 344 33 22 1 19 39 30 15 33 27
17235 22 24 147 38 24 33 20 19 25 1 33 27
17236 21 28 478 30 23 19 21 33 22 17 33 27
17237 21 29 267 16 26 36 18 14 20 15 33 27
17238 21 33 316 30 32 79 26 27 29 21 33 27
17239 21 41 180 20 31 93 20 23 24 37 33 27
17240 21 34 481 27 26 60 28 40 30 24 33 27
17241 21 29 97 31 28 1 22 35 26 13 33 27
17242 21 29 512 30 27 6 26 44 30 25 33 27
17243 21 33 145 25 25 1 23 31 21 28 33 27
17244 21 34 639 36 27 108 25 28 28 6 33 27
17245 21 36 180 28 33 38 21 27 32 30 33 27
17246 21 26 162 32 20 31 21 32 23 5 33 27
17247 21 28 213 25 27 1 27 55 25 13 33 27
17248 21 36 130 28 31 48 25 26 26 30 33 27
17249 22 36 252 27 27 73 22 25 20 25 33 27
17250 21 26 108 32 25 1 21 27 35 15 33 27
17251 21 27 178 21 37 26 25 27 22 1 33 27
17252 21 37 200 25 30 29 23 18 25 27 33 27
17253 21 26 289 23 22 1 22 32 27 12 33 27
17254 21 32 93 29 22 77 27 29 68 26 33 27
17255 21 28 276 39 17 16 21 34 21 25 33 27
17256 22 34 402 24 34 1 21 36 25 27 33 27
17257 21 26 352 36 15 20 17 31 26 10 33 27
17258 21 42 396 18 37 28 21 29 23 42 33 27
17259 21 32 274 20 39 29 23 23 29 1 33 27
17260 21 36 273 27 24 57 19 1 24 41 33 27
17261 21 32 150 29 22 27 21 33 25 39 33 27
17262 22 26 471 24 26 1 20 25 29 19 33 27
17263 21 37 310 27 29 22 23 27 25 24 33 27
17264 21 27 132 21 28 28 22 34 27 10 33 27
17265 21 29 111 34 25 35 20 18 24 24 33 27
17266 21 29 251 25 25 14 23 20 26 7 33 27
17267 21 36 975 27 41 96 23 30 23 17 33 27
17268 21 30 621 38 26 1 23 30 26 36 33 27
17269 21 38 140 24 34 32 20 1 31 43 33 27
17270 21 30 231 29 32 1 21 37 26 28 33 27
17271 22 35 156 27 28 48 25 28 25 29 33 27
17272 21 28 361 24 22 15 22 1 39 20 33 27
17273 21 22 243 14 21 1 20 30 25 13 33 27
17274 21 35 146 28 26 45 19 24 28 39 33 27
17275 21 40 373 29 30 1 21 32 29 42 33 27
17276 21 32 402 19 42 1 22 39 21 17 33 27
17277 21 35 332 27 23 12 25 34 28 48 33 27
17278 21 33 236 18 36 1 20 28 23 20 33 27
17279 21 39 241 25 45 4 18 24 26 33 33 27
17280 21 30 423 37 33 1 24 31 29 5 33 27
17281 21 29 198 31 28 60 18 29 20 7 33 27
17282 21 38 139 23 35 104 23 23 29 23 33 27
17283 21 29 150 29 19 34 22 30 23 41 33 27
17284 21 32 181 29 19 1 28 35 32 37 33 27
17285 21 36 110 32 24 55 26 27 27 32 33 27
17286 21 32 510 22 25 12 21 29 33 39 33 27
17287 21 37 204 23 47 84 22 14 27 1 33 27
17288 21 33 343 34 23 40 24 34 25 45 33 27
17289 21 26 85 32 18 46 19 26 19 19 33 27
17290 21 26 175 32 19 45 18 17 25 18 33 27
17291 21 30 150 20 42 13 24 26 27 1 33 27
17292 21 30 1208 24 34 1 20 32 24 11 33 27
17293 21 32 187 26 23 16 19 16 29 24 33 27
17294 21 28 170 18 29 9 19 21 28 1 33 27
17295 21 33 348 24 37 9 21 30 26 3 33 27
17296 21 35 223 29 28 12 29 33 26 16 33 27
17297 21 37 233 33 24 1 25 35 25 48 33 27
17298 21 31 183 27 39 1 21 32 25 3 33 27
17299 22 36 183 24 34 1 25 40 24 18 33 27
17300 21 26 210 28 23 5 22 30 25 23 33 27
17301 21 26 220 28 19 22 19 32 29 34 33 27
17302 21 34 108 18 28 50 27 42 30 25 33 27
17303 21 30 162 28 23 93 17 30 23 20 33 27
17304 22 30 388 22 28 31 19 18 22 11 33 27
17305 21 31 136 20 27 29 22 13 23 1 33 27
17306 21 30 91 15 29 1 20 21 24 13 33 27
17307 21 39 434 16 35 62 22 25 25 32 33 27
17308 21 40 389 31 33 63 23 27 30 15 33 27
17309 21 29 225 25 29 1 22 28 30 19 33 27
17310 21 30 293 33 92 1 23 28 30 16 33 27
17311 21 27 178 22 30 1 19 15 22 10 33 27
17312 21 28 126 28 23 20 23 42 23 22 33 27
17313 21 35 573 18 27 1 23 27 20 38 33 27
17314 21 39 159 18 42 63 25 21 31 37 33 27
17315 21 36 211 37 33 63 23 42 36 22 33 27
17316 21 34 101 20 24 1 23 27 22 37 33 27
17317 21 32 221 35 25 44 22 38 30 32 33 27
17318 21 27 163 22 26 46 23 22 20 15 33 27
17319 21 35 124 26 24 1 21 40 21 46 33 27
17320 21 28 160 35 17 23 25 40 29 26 33 27
17321 21 34 188 31 18 1 23 37 28 43 33 27
17322 21 34 319 28 20 52 27 36 15 48 33 27
17323 22 37 234 39 34 69 23 47 26 30 33 27
17324 21 27 158 21 31 2 20 22 25 1 33 27
17325 22 34 173 28 32 5 15 1 30 29 33 27
17326 21 26 803 18 27 32 19 26 24 1 33 27
17327 21 30 198 28 19 27 29 24 35 33 33 27
17328 21 25 259 19 18 30 22 25 26 12 33 27
17329 21 30 197 13 33 50 25 27 24 1 33 27
17330 21 39 128 23 35 60 22 18 29 15 33 27
17331 22 28 505 26 20 15 20 40 24 24 33 27
17332 21 34 107 23 25 7 24 28 24 38 33 27
17333 21 30 150 28 24 54 20 32 24 18 33 27
17334 22 31 203 29 9 19 21 21 25 28 33 27
17335 21 36 461 27 33 39 23 32 20 30 33 27
17336 22 36 182 6 32 1 22 1 24 45 33 27
17337 22 36 148 39 33 53 20 27 19 29 33 27
17338 21 25 205 13 30 13 20 26 27 1 33 27
17339 21 31 238 37 30 1 23 36 27 37 33 27
17340 21 34 362 38 29 1 20 35 32 42 33 27
17341 21 35 257 39 25 1 24 43 27 47 33 27
17342 22 34 365 31 24 45 19 31 21 34 33 27
17343 21 27 282 23 27 13 21 21 30 1 33 27
17344 21 26 284 22 30 1 27 26 23 10 33 27
17345 21 29 325 19 23 2 21 18 33 14 33 27
17346 21 33 164 29 26 11 26 46 27 32 33 27
17347 21 27 423 23 25 1 23 42 32 16 33 27
17348 21 26 97 20 19 1 25 47 27 6 33 27
17349 21 29 269 23 29 13 23 22 26 8 33 27
17350 21 28 482 23 30 51 27 32 31 1 33 27
17351 21 35 108 30 32 57 20 1 28 24 33 27
17352 22 31 190 31 25 63 25 23 27 19 33 27
17353 21 29 219 28 28 24 24 26 31 1 33 27
17354 21 23 196 13 37 1 20 16 25 1 33 27
17355 21 31 278 20 28 22 22 32 27 22 33 27
17356 21 29 130 19 29 1 24 30 24 12 33 27
17357 21 32 179 26 26 21 22 25 24 21 33 27
17358 22 28 217 9 36 1 18 15 35 1 33 27
17359 21 31 531 26 36 19 25 24 25 9 33 27
17360 21 30 174 28 26 1 24 27 27 22 33 27
17361 21 33 263 31 18 72 23 26 27 18 33 27
17362 21 25 154 8 36 1 17 21 29 1 32 27
17363 21 31 136 17 35 69 16 21 21 11 33 27
17364 21 28 322 19 25 1 26 24 31 14 33 27
17365 22 25 290 14 25 3 22 31 21 17 33 27
17366 21 37 209 35 23 67 26 30 32 43 33 27
17367 21 29 122 27 44 59 24 21 25 4 33 27
17368 21 25 176 17 32 1 20 29 27 1 33 27
17369 21 27 175 24 17 1 30 29 33 23 33 27
17370 21 32 214 29 22 72 26 23 32 8 33 27
17371 21 30 99 19 33 15 19 14 25 1 33 27
17372 21 30 234 16 24 15 18 22 23 18 33 27
17373 21 28 419 21 35 13 19 1 30 1 33 27
17374 21 27 1391 12 26 35 23 20 27 1 32 27
17375 21 33 91 25 30 9 22 35 26 41 33 27
17376 21 35 417 24 28 60 25 18 22 10 33 27
17377 22 33 255 21 34 85 24 24 30 13 33 27
17378 21 29 656 20 31 12 23 25 26 3 33 27
17379 21 32 185 19 36 8 20 21 36 14 33 27
17380 21 37 2006 26 34 77 23 62 29 22 33 27
17381 22 39 393 9 42 27 25 46 23 30 33 27
17382 22 30 223 21 37 59 19 23 31 1 33 27
17383 21 33 257 16 38 1 22 18 25 18 33 27
17384 21 30 254 23 37 17 22 34 22 12 33 27
17385 22 34 169 25 30 1 22 36 33 25 33 27
17386 21 25 166 20 25 1 20 23 16 1 33 27
17387 22 35 291 38 28 8 22 31 30 36 33 27
17388 22 30 411 30 25 30 26 57 15 28 33 27
17389 21 31 222 22 35 33 23 30 27 28 33 27
17390 21 30 177 20 35 1 24 28 33 6 33 27
17391 21 26 188 20 18 42 26 34 23 28 33 27
17392 21 29 509 26 31 33 20 39 28 6 33 27
17393 21 26 272 31 22 25 21 31 26 14 33 27
17394 21 34 223 19 38 1 18 11 23 21 33 27
17395 21 30 597 20 28 88 19 27 30 12 33 27
17396 21 29 117 26 22 26 19 20 30 2 33 27
17397 21 27 221 32 26 75 25 28 24 1 32 27
17398 21 30 151 29 29 20 26 19 26 23 33 27
17399 22 34 430 28 33 63 20 35 28 22 33 27
17400 21 30 272 25 30 1 24 23 27 24 33 27
17401 21 31 107 19 31 45 22 30 32 12 33 27
17402 21 29 204 18 31 29 26 23 28 1 33 27
17403 21 29 321 11 34 27 22 33 29 1 33 27
17404 21 30 449 36 17 19 17 28 32 8 33 27
17405 21 27 136 19 22 9 21 34 32 14 33 27
17406 21 31 133 17 33 25 21 24 23 5 33 27
17407 22 31 214 25 37 17 23 33 29 7 33 27
17408 21 26 111 19 26 11 20 22 28 1 33 27
17409 22 34 229 31 42 103 22 26 25 9 33 27
17410 21 33 196 24 21 4 25 34 30 41 33 27
17411 21 36 274 15 27 32 27 23 27 28 33 27
17412 21 29 276 16 29 1 22 28 30 18 33 27
17413 21 30 201 24 22 30 21 19 27 26 33 27
17414 21 32 162 21 33 76 21 25 26 19 33 27
17415 22 33 253 26 27 32 23 29 26 16 33 27
17416 21 32 224 21 19 21 21 32 22 41 33 27
17417 21 38 254 44 33 37 25 27 29 26 33 27
17418 21 37 675 35 30 94 25 18 24 26 33 27
17419 21 32 184 25 35 56 24 28 32 22 33 27
17420 21 27 98 22 29 18 21 35 26 1 33 27
17421 21 31 175 30 34 7 23 18 24 5 33 27
17422 22 36 175 30 39 20 21 37 26 34 33 27
17423 21 30 341 28 26 1 23 37 17 28 33 27
17424 21 29 707 29 21 20 23 19 26 13 33 27
17425 21 32 167 31 25 77 22 23 28 25 33 27
17426 21 32 231 29 17 2 22 29 26 45 33 27
17427 21 31 129 38 28 69 24 31 27 7 33 27
17428 21 31 122 28 34 1 21 14 33 8 33 27
17429 21 29 421 36 15 77 23 28 29 19 33 27
17430 21 26 76 26 28 9 22 32 26 8 33 27
17431 21 33 916 33 25 1 26 38 25 39 33 27
17432 22 35 345 26 24 24 28 29 16 32 33 27
17433 21 29 350 21 32 55 27 17 26 1 33 27
17434 21 31 131 16 26 43 20 27 24 1 33 27
17435 21 33 194 34 29 1 25 34 29 48 33 27
17436 21 28 209 27 28 37 26 27 24 11 33 27
17437 21 30 432 19 27 11 22 20 28 4 33 27
17438 22 29 225 32 12 13 26 20 22 26 33 27
17439 21 27 119 31 22 21 23 28 27 10 33 27
17440 21 31 761 23 30 1 21 28 23 10 33 27
17441 21 32 107 21 31 47 23 16 28 12 33 27
17442 21 34 175 32 28 55 21 41 29 35 33 27
17443 21 38 233 18 39 1 28 33 27 41 33 27
17444 21 33 968 22 37 41 23 37 29 1 33 27
17445 21 28 416 18 32 94 22 36 29 1 33 27
17446 21 33 95 34 26 7 28 38 29 27 33 27
17447 21 38 298 31 38 1 19 18 29 28 33 27
17448 21 34 190 16 41 56 22 31 25 15 33 27
17449 21 30 240 28 15 54 23 32 21 35 33 27
17450 21 28 206 19 23 1 23 30 22 20 33 27
17451 21 31 580 32 19 45 22 25 23 22 33 27
17452 22 37 297 26 32 104 25 10 28 13 33 27
17453 21 32 347 27 22 1 22 33 21 31 33 27
17454 21 33 208 23 29 33 20 25 27 17 33 27
17455 21 25 574 23 26 1 25 34 24 23 33 27
17456 21 22 121 17 29 1 21 23 32 1 33 27
17457 21 26 728 29 24 8 18 29 19 17 33 27
17458 21 30 368 15 26 22 20 24 28 21 33 27
17459 22 35 137 36 26 24 22 26 24 25 33 27
17460 21 35 163 31 21 35 22 14 25 31 33 27
17461 21 29 231 24 25 45 24 34 22 19 33 27
17462 21 31 1075 20 43 1 27 40 27 3 33 27
17463 21 30 191 20 31 43 21 24 30 1 33 27
17464 21 27 265 25 30 1 20 26 25 1 33 27
17465 21 32 406 18 36 1 20 28 28 1 33 27
17466 22 33 185 21 28 36 21 28 17 20 33 27
17467 21 34 187 45 24 70 14 30 17 31 33 27
17468 21 32 99 23 25 15 18 22 16 1 33 27
17469 21 35 313 19 38 25 22 1 22 33 33 27
17470 21 30 179 30 25 2 20 25 24 26 33 27
17471 21 39 191 12 38 41 21 28 27 41 33 27
17472 21 37 335 29 42 73 24 25 36 17 33 27
17473 21 30 212 27 26 1 22 28 23 27 33 27
17474 22 31 185 23 30 11 23 26 29 13 33 27
17475 21 34 115 21 31 1 18 12 23 5 33 27
17476 22 36 233 18 25 11 23 26 28 38 33 27
17477 21 33 337 23 27 38 23 19 29 23 33 27
17478 21 31 744 23 35 40 22 31 31 10 33 27
17479 21 29 189 11 37 1 19 17 18 7 33 27
17480 21 27 162 28 33 34 23 29 27 1 33 27
17481 21 29 262 28 24 1 17 36 26 36 33 27
17482 21 31 105 27 38 15 26 31 30 6 33 27
17483 21 33 457 13 28 6 20 23 25 39 33 27
17484 21 29 871 28 24 7 18 32 27 25 33 27
17485 21 32 251 32 28 79 19 28 30 17 33 27
17486 21 20 137 29 25 1 19 26 25 1 33 27
17487 21 30 105 27 26 1 20 27 23 12 33 27
17488 21 32 202 30 33 29 27 13 26 24 33 27
17489 21 34 143 35 27 29 21 37 23 35 33 27
17490 21 25 193 23 26 1 24 34 21 9 33 27
17491 21 29 136 23 22 1 19 31 25 21 33 27
17492 21 36 508 26 30 55 26 41 24 21 33 27
17493 21 30 288 8 41 4 20 15 27 1 33 27
17494 21 30 137 25 30 11 22 25 34 15 33 27
17495 21 33 260 29 33 81 21 25 22 24 33 27
17496 21 26 115 23 30 27 20 26 23 1 33 27
17497 21 31 312 31 31 57 20 31 22 11 33 27
17498 21 29 114 24 17 31 21 38 28 41 33 27
17499 21 38 159 29 31 79 27 21 28 27 33 27
17500 21 32 133 24 33 24 22 22 30 15 33 27
17501 21 31 159 16 37 44 20 20 30 8 33 27
17502 21 31 387 10 36 1 21 28 28 15 33 27
17503 22 31 149 39 16 60 20 41 26 37 33 27
17504 22 41 173 19 43 1 23 24 29 40 33 27
17505 21 32 232 16 30 1 22 26 27 25 33 27
17506 22 32 233 35 34 1 25 37 25 31 33 27
17507 21 35 363 34 29 1 21 22 26 33 33 27
17508 21 39 147 14 35 34 21 13 25 27 33 27
17509 22 29 155 18 33 21 23 27 27 1 33 27
17510 21 32 211 20 35 1 22 1 25 24 33 27
17511 21 40 164 21 27 39 24 23 29 34 33 27
17512 21 37 220 19 43 53 20 25 23 15 33 27
17513 21 30 193 16 28 17 24 31 28 2 33 27
17514 21 30 287 13 29 27 25 21 28 4 33 27
17515 21 37 156 39 28 1 22 20 26 36 33 27
17516 21 29 117 29 19 3 20 30 25 33 33 27
17517 21 34 209 29 31 118 21 22 25 18 33 27
17518 21 41 190 28 35 1 21 39 27 32 33 27
17519 22 33 282 30 35 1 22 30 2007 25 33 27
17520 21 30 243 31 30 69 18 21 23 22 33 27
17521 21 32 177 27 23 30 23 22 29 36 33 27
17522 22 30 123 33 29 1 21 31 28 26 33 27
17523 21 30 428 16 37 1 23 28 26 1 33 27
17524 21 35 743 28 38 1 24 23 28 27 33 27
17525 21 41 253 18 39 1 20 20 33 25 33 27
17526 21 39 486 27 51 1 18 27 18 25 33 27
17527 21 33 188 41 23 76 23 26 31 27 33 27
17528 21 30 171 24 31 11 23 20 23 7 33 27
17529 21 31 182 26 33 80 25 18 23 7 33 27
17530 22 37 335 30 35 80 22 31 25 34 33 27
17531 21 22 213 20 30 28 22 22 28 5 33 27
17532 21 32 232 38 31 7 24 27 37 18 33 27
17533 22 35 204 31 31 53 24 25 33 26 33 27
17534 21 26 387 30 26 1 21 28 27 8 33 27
17535 21 27 305 12 27 32 21 24 25 19 33 27
17536 21 24 445 22 28 1 20 37 21 9 33 27
17537 21 34 147 17 38 40 23 30 26 11 33 27
17538 21 27 242 22 29 1 24 27 29 18 33 27
17539 21 30 155 41 34 1 23 29 26 4 33 27
17540 22 33 280 28 25 54 23 26 25 34 33 27
17541 21 31 197 29 27 74 22 23 20 3 33 27
17542 21 27 198 28 28 1 21 34 26 9 33 27
17543 21 33 176 27 35 77 25 24 28 4 33 27
17544 21 36 341 25 39 58 23 26 30 11 33 27
17545 21 29 365 20 36 1 25 24 26 1 33 27
17546 21 29 225 26 23 31 23 34 30 14 33 27
17547 22 39 191 22 39 1 23 41 28 36 33 27
17548 22 30 175 26 27 40 21 1 28 1 33 27
17549 21 32 319 22 35 41 23 24 24 2 33 27
17550 21 38 253 32 38 116 21 24 26 11 33 27
17551 21 30 468 30 31 56 19 2 28 2 33 27
17552 21 27 262 30 33 1 24 22 30 4 33 27
17553 21 41 117 33 33 1 29 23 28 43 33 27
17554 21 36 405 29 39 1 19 32 26 13 33 27
17555 21 34 101 12 29 15 23 19 18 23 33 27
17556 22 35 304 23 21 44 23 32 26 44 33 27
17557 21 29 361 30 23 1 26 34 30 38 33 27
17558 21 28 178 34 17 1 23 29 23 22 33 27
17559 21 29 307 20 28 33 21 22 29 1 33 27
17560 21 31 273 19 35 63 23 28 21 7 33 27
17561 21 32 246 39 26 71 22 33 28 16 33 27
17562 21 32 226 26 30 1 19 32 30 23 33 27
17563 21 30 525 26 23 3 24 35 27 28 33 27
17564 21 30 137 17 41 18 20 24 26 1 33 27
17565 21 30 199 24 30 30 20 24 24 6 33 27
17566 22 33 187 31 27 48 20 31 26 21 33 27
17567 21 37 242 33 23 32 18 31 33 47 33 27
17568 21 33 142 27 36 5 25 18 26 9 33 27
17569 21 27 95 25 26 32 19 32 22 33 33 27
17570 21 27 150 27 16 1 24 29 24 42 33 27
17571 21 28 334 31 28 2 18 26 19 19 33 27
17572 21 29 186 21 31 55 28 27 28 1 33 27
17573 22 32 199 31 27 1 22 33 24 38 33 27
17574 21 27 81 27 22 35 20 4 20 17 33 27
17575 22 32 109 30 24 27 25 26 28 23 33 27
17576 21 28 131 23 22 22 24 25 27 7 33 27
17577 22 39 222 28 34 91 21 31 24 34 33 27
17578 21 35 179 24 38 86 24 40 25 24 33 27
17579 21 34 157 19 34 8 21 18 24 19 33 27
17580 22 36 429 29 38 1 18 1 36 9 33 27
17581 21 34 117 23 22 18 20 43 25 39 33 27
17582 21 31 127 6 17 8 19 18 25 28 33 27
17583 21 26 133 19 30 28 20 22 24 1 33 27
17584 21 38 228 35 30 83 23 28 35 34 33 27
17585 21 32 469 16 26 1 26 33 25 41 33 27
17586 21 40 522 23 27 26 27 37 23 50 33 27
17587 21 25 115 23 23 14 19 38 27 18 33 27
17588 22 35 282 22 40 5 23 25 24 11 33 27
17589 22 26 157 25 18 2 23 35 25 16 33 27
17590 21 25 111 38 26 67 24 22 29 7 33 27
17591 22 32 162 37 25 64 21 29 23 29 33 27
17592 21 30 195 27 28 5 18 29 27 37 33 27
17593 21 30 162 28 22 14 23 27 18 43 33 27
17594 21 19 265 26 29 1 20 1 26 1 33 27
17595 22 31 424 21 21 39 22 34 28 22 33 27
17596 21 35 246 29 26 65 25 20 25 33 33 27
17597 21 29 172 32 23 1 21 41 26 32 33 27
17598 22 36 679 43 27 8 24 36 27 45 33 27
17599 21 25 268 31 21 30 22 29 24 12 33 27
17600 22 27 162 21 29 12 27 32 34 20 33 27
17601 21 24 89 29 9 11 25 41 33 23 33 27
17602 21 27 196 21 26 1 23 30 23 9 33 27
17603 21 30 129 23 26 31 27 15 27 11 33 27
17604 22 33 198 34 28 1 24 33 23 38 33 27
17605 21 25 113 29 24 16 19 33 21 18 33 27
17606 21 31 114 37 33 18 21 23 31 9 33 27
17607 21 39 106 30 26 46 24 29 34 38 33 27
17608 22 32 166 15 33 46 19 24 30 1 33 27
17609 21 30 511 22 37 99 23 30 27 10 33 27
17610 21 33 238 32 19 20 20 31 25 29 33 27
17611 22 20 87 24 22 1 25 50 25 1 33 27
17612 22 31 244 33 16 51 26 30 29 28 33 27
17613 21 26 162 33 30 27 18 1 33 2 33 27
17614 22 33 172 37 24 66 24 1 38 38 33 27
17615 22 34 435 30 38 39 23 31 33 23 33 27
17616 21 35 189 32 38 74 26 18 25 21 33 27
17617 21 31 196 24 38 48 22 24 18 5 33 27
17618 21 34 203 33 22 51 21 33 26 32 33 27
17619 21 33 119 26 24 53 24 36 27 18 33 27
17620 21 29 490 26 30 66 25 31 27 6 33 27
17621 21 29 256 21 27 1 19 38 23 36 33 27
17622 21 34 240 31 34 60 18 23 23 11 33 27
17623 21 38 439 26 35 42 22 17 23 30 33 27
17624 21 37 252 25 40 119 24 29 33 3 33 27
17625 21 32 205 11 25 1 25 32 25 36 33 27
17626 21 27 97 24 31 1 22 30 25 13 33 27
17627 21 34 434 39 19 18 24 37 29 47 33 27
17628 21 30 229 32 17 37 23 32 33 40 33 27
17629 21 33 198 19 29 1 23 33 24 26 33 27
17630 22 28 165 25 37 37 22 21 31 3 33 27
17631 21 31 136 26 24 6 21 46 30 33 33 27
17632 22 32 206 35 25 33 29 40 31 27 33 27
17633 21 32 362 3 36 36 24 31 24 1 32 27
17634 21 26 393 23 28 10 23 28 15 1 33 27
17635 22 34 149 20 40 1 22 22 20 4 33 27
17636 21 39 243 39 29 1 27 41 25 58 33 27
17637 21 29 622 27 16 1 20 39 29 37 33 27
17638 21 32 114 31 39 9 20 19 28 2 33 27
17639 21 34 232 30 29 46 23 25 33 31 33 27
17640 21 31 233 34 21 1 18 38 27 37 33 27
17641 21 27 191 25 22 1 24 32 28 22 33 27
17642 21 34 259 38 28 41 25 34 29 12 33 27
17643 21 33 105 36 22 67 16 1 26 18 33 27
17644 21 28 153 27 23 55 24 25 27 9 33 27
17645 22 33 182 32 38 70 23 32 31 3 33 27
17646 21 32 117 19 31 37 19 42 29 24 33 27
17647 21 27 177 25 14 45 23 32 17 24 33 27
17648 21 27 386 24 35 7 25 39 31 6 33 27
17649 21 27 523 26 8 1 25 45 26 45 33 27
17650 21 26 247 15 33 10 22 22 24 1 33 27
17651 21 28 477 29 27 1 23 23 25 8 33 27
17652 21 31 111 22 23 38 21 20 21 15 33 27
17653 22 29 165 30 26 13 23 33 27 28 33 27
17654 21 35 189 20 33 25 24 33 25 32 33 27
17655 21 37 576 35 29 29 26 28 23 41 33 27
17656 21 24 403 16 30 1 23 20 27 1 33 27
17657 21 28 156 23 25 22 17 27 24 6 33 27
17658 21 26 189 32 19 1 22 37 31 35 33 27
17659 22 34 131 38 22 21 26 35 32 48 34 27
17660 21 31 201 19 28 49 21 25 21 12 33 27
17661 21 32 289 18 37 61 27 23 30 1 33 27
17662 22 39 289 21 33 33 20 1 28 36 33 27
17663 21 28 75 24 24 9 22 31 23 28 33 27
17664 21 37 200 28 30 1 27 23 25 30 33 27
17665 22 33 266 41 30 70 20 33 26 30 33 27
17666 21 31 230 29 29 8 26 12 29 1 33 27
17667 21 30 177 27 35 45 22 28 30 2 33 27
17668 21 33 146 24 22 42 24 34 25 37 33 27
17669 21 36 122 16 34 49 19 38 22 20 33 27
17670 21 33 197 18 16 23 22 4 24 13 33 27
17671 21 34 172 16 30 77 22 23 26 22 33 27
17672 22 32 315 30 41 1 24 34 21 16 33 27
17673 21 32 176 36 21 1 21 36 23 49 33 27
17674 21 33 316 17 23 28 23 16 23 35 33 27
17675 21 34 121 34 33 1 27 30 24 29 33 27
17676 22 29 174 23 14 45 22 29 25 31 33 27
17677 21 33 94 18 29 16 24 32 32 27 33 27
17678 21 31 508 29 22 1 25 29 24 29 33 27
17679 21 35 318 36 24 14 22 44 26 54 33 27
17680 21 33 460 30 23 1 22 36 30 45 33 27
17681 21 32 156 30 22 67 15 11 34 36 33 27
17682 21 28 516 30 20 19 25 37 23 39 33 27
17683 22 24 200 26 29 21 23 1 34 13 33 27
17684 21 31 129 11 23 4 20 39 23 23 33 27
17685 21 36 153 30 30 1 21 24 26 37 33 27
17686 21 35 240 19 31 1 23 21 23 10 33 27
17687 21 29 232 27 29 32 23 21 25 1 32 27
17688 21 33 424 15 32 79 22 31 25 13 33 27
17689 21 32 92 20 34 6 24 35 27 19 33 27
17690 21 37 221 38 37 1 30 27 29 31 33 27
17691 21 33 285 23 35 54 20 32 25 24 33 27
17692 21 27 149 18 15 30 26 23 30 10 33 27
17693 21 37 375 36 32 37 25 36 31 36 33 27
17694 21 30 169 24 32 79 23 32 31 19 33 27
17695 22 32 209 26 30 1 21 1 18 17 33 27
17696 21 29 515 31 23 31 25 23 25 11 33 27
17697 21 26 147 22 24 13 20 25 28 13 33 27
17698 21 26 234 18 17 1 20 22 24 22 33 27
17699 21 32 345 15 34 1 21 1 36 19 33 27
17700 21 28 153 17 36 54 22 22 24 1 33 27
17701 21 36 186 37 28 1 25 37 18 51 33 27
17702 21 28 80 25 34 1 27 15 27 1 33 27
17703 21 35 108 25 27 46 26 23 25 10 33 27
17704 21 31 140 32 29 8 28 34 34 29 33 27
17705 22 30 258 28 21 46 24 25 30 5 33 27
17706 21 29 191 23 28 22 24 30 28 9 33 27
17707 22 36 394 17 27 28 19 31 29 21 33 27
17708 21 30 358 14 29 1 31 57 24 31 33 27
17709 21 32 164 17 26 1 21 22 21 35 33 27
17710 21 30 109 17 24 1 19 23 21 31 33 27
17711 21 29 359 12 42 12 29 24 26 1 32 27
17712 22 32 257 28 21 35 23 28 21 20 33 27
17713 21 29 171 23 25 1 22 34 20 35 33 27
17714 21 35 140 24 38 71 22 22 34 8 33 27
17715 21 36 153 12 26 1 21 18 23 29 33 27
17716 21 30 392 35 25 34 22 37 26 37 33 27
17717 21 35 397 39 22 57 24 33 22 48 33 27
17718 21 33 276 28 22 27 24 34 25 41 33 27
17719 21 25 154 32 24 45 23 23 36 14 33 27
17720 21 33 110 22 39 1 22 26 30 11 33 27
17721 21 38 327 33 25 52 24 28 27 31 33 27
17722 21 34 413 20 36 62 25 32 23 14 33 27
17723 21 27 252 25 33 1 22 27 28 26 33 27
17724 22 27 269 25 32 1 20 22 28 18 32 27
17725 22 28 178 27 25 35 25 36 23 18 33 27
17726 21 31 158 32 32 1 21 32 28 23 33 27
17727 21 39 180 19 37 1 23 35 31 38 33 27
17728 21 33 225 23 39 56 22 23 27 6 33 27
17729 22 26 467 22 26 16 22 30 26 14 33 27
17730 21 29 219 19 32 1 23 19 27 7 33 27
17731 21 35 147 33 32 76 24 30 34 17 33 27
17732 21 30 173 33 26 22 23 26 28 26 33 27
17733 21 31 335 44 20 17 24 38 21 30 33 27
17734 21 37 385 23 38 33 31 20 25 16 33 27
17735 21 36 268 24 27 39 17 11 23 26 33 27
17736 22 27 235 24 30 46 23 30 32 17 33 27
17737 21 24 213 41 8 29 21 34 26 22 33 27
17738 21 27 288 36 18 27 24 36 25 28 33 27
17739 21 29 193 27 31 1 19 30 26 11 33 27
17740 21 27 168 28 18 2 22 35 22 26 33 27
17741 21 38 216 25 35 42 22 26 26 29 33 27
17742 22 39 194 21 41 1 28 27 27 26 33 27
17743 21 31 499 36 19 18 25 32 25 41 33 27
17744 22 34 142 30 28 66 20 26 28 13 33 27
17745 21 26 360 34 22 29 23 1 23 14 33 27
17746 21 28 86 23 33 1 21 30 24 13 33 27
17747 21 34 147 30 30 6 22 26 31 23 33 27
17748 21 34 211 21 44 13 22 20 29 5 33 27
17749 21 33 164 29 32 94 22 28 28 25 33 27
17750 21 38 450 22 36 1 26 30 21 30 33 27
17751 21 32 308 32 23 72 24 30 24 27 33 27
17752 21 30 188 35 24 1 21 24 27 3 33 27
17753 22 29 245 17 32 97 23 23 31 1 33 27
17754 21 32 165 24 29 1 19 21 27 24 33 27
17755 21 27 298 25 28 1 19 21 20 1 33 27
17756 22 33 122 32 35 1 26 19 29 24 33 27
17757 21 28 278 29 23 21 23 28 23 14 33 27
17758 21 37 260 24 45 111 23 24 27 1 33 27
17759 21 27 254 31 19 1 26 35 19 21 33 27
17760 21 31 367 15 32 1 21 17 22 14 33 27
17761 21 31 173 26 25 1 19 23 26 29 33 27
17762 21 28 339 29 22 45 20 23 17 18 33 27
17763 21 32 364 25 35 21 20 21 31 9 33 27
17764 21 27 152 25 24 1 24 28 27 25 33 27
17765 22 28 233 24 26 31 21 20 31 1 33 27
17766 21 30 392 42 20 25 26 32 28 31 33 27
17767 21 28 221 36 23 23 20 23 26 21 33 27
17768 21 34 284 42 20 1 24 43 22 28 33 27
17769 21 30 144 23 27 1 19 24 25 16 33 27
17770 22 35 132 32 31 36 23 19 23 28 33 27
17771 21 34 128 29 24 22 24 23 26 41 33 27
17772 21 37 894 31 24 34 24 32 23 43 33 27
17773 21 36 162 25 36 24 20 21 38 25 33 27
17774 21 25 369 25 20 2 21 28 27 9 33 27
17775 21 37 162 18 33 1 21 24 26 36 33 27
17776 21 35 286 42 28 69 25 35 17 39 33 27
17777 21 39 467 27 31 96 21 27 31 31 33 27
17778 21 24 380 21 21 20 21 31 19 13 33 27
17779 21 35 117 26 34 54 20 26 27 34 33 27
17780 22 35 170 27 35 1 22 28 26 19 33 27
17781 21 36 231 29 34 1 22 27 27 21 33 27
17782 21 32 300 20 38 1 15 17 15 29 33 27
17783 21 28 248 35 18 74 21 41 23 32 33 27
17784 22 29 393 33 25 81 19 38 31 1 33 27
17785 21 28 150 23 14 40 21 32 27 19 33 27
17786 21 32 467 24 27 34 25 20 25 28 33 27
17787 21 28 186 31 24 3 22 17 30 4 33 27
17788 22 32 170 25 16 51 25 34 25 29 33 27
17789 21 35 167 25 24 25 23 22 25 29 33 27
17790 21 29 226 17 36 23 19 25 28 1 33 27
17791 21 25 187 26 23 3 26 37 33 22 32 27
17792 21 25 148 28 26 4 24 11 25 8 33 27
17793 21 37 429 28 26 59 25 25 24 29 33 27
17794 21 30 198 23 34 54 24 20 29 6 33 27
17795 22 27 123 26 31 1 23 25 19 1 33 27
17796 22 32 145 21 30 27 18 29 22 17 33 27
17797 21 31 214 30 36 57 23 25 31 3 33 27
17798 21 32 208 34 23 24 19 21 22 34 33 27
17799 21 27 761 26 22 28 22 29 31 12 33 27
17800 21 42 255 36 42 1 21 18 27 24 33 27
17801 21 31 301 36 31 15 25 25 32 19 33 27
17802 21 24 190 31 15 1 25 32 25 4 33 27
17803 21 32 216 23 40 1 19 20 36 11 33 27
17804 21 29 304 16 30 40 22 19 23 6 33 27
17805 22 32 94 19 32 10 23 32 29 21 33 27
17806 22 31 295 30 34 16 22 27 34 6 33 27
17807 21 33 175 23 19 30 27 56 29 39 33 27
17808 21 27 357 20 28 1 21 15 18 24 33 27
17809 22 35 200 37 31 43 24 34 35 28 33 27
17810 21 31 127 31 21 1 21 38 31 32 33 27
17811 21 27 301 16 25 4 25 32 25 10 33 27
17812 21 34 333 17 38 1 24 27 24 23 33 27
17813 21 27 436 47 19 49 25 26 33 26 33 27
17814 21 37 135 27 41 1 26 34 30 18 33 27
17815 21 34 97 20 34 25 26 24 24 19 33 27
17816 21 32 419 21 33 25 19 33 25 5 33 27
17817 21 31 211 22 33 60 24 22 27 17 33 27
17818 21 35 369 29 30 13 21 31 31 25 33 27
17819 21 30 286 27 32 1 22 27 25 28 33 27
17820 21 33 308 20 45 1 17 19 27 13 33 27
17821 22 34 190 26 33 21 20 21 21 23 33 27
17822 21 34 167 22 35 24 23 31 32 22 33 27
17823 21 35 733 27 33 77 29 31 25 20 33 27
17824 21 30 156 30 18 1 21 29 25 29 33 27
17825 21 33 131 25 19 16 20 25 18 27 33 27
17826 21 30 164 28 23 54 25 33 30 20 33 27
17827 21 30 156 13 37 1 27 33 28 9 33 27
17828 21 28 227 16 19 13 25 20 22 23 33 27
17829 21 27 176 30 28 33 25 18 29 1 33 27
17830 21 34 395 25 26 87 21 25 37 22 33 27
17831 21 36 285 21 41 70 27 21 25 6 33 27
17832 21 30 314 18 32 3 21 36 24 20 33 27
17833 21 24 516 30 16 28 21 31 20 1 32 27
17834 21 28 269 10 28 1 23 29 20 22 33 27
17835 22 30 569 17 32 11 23 29 35 11 33 27
17836 22 31 88 39 24 82 25 31 29 19 33 27
17837 21 33 226 30 34 51 22 21 29 27 33 27
17838 22 35 200 8 25 49 21 14 22 27 33 27
17839 21 27 103 41 24 9 20 20 28 6 33 27
17840 21 29 91 35 12 19 25 31 34 30 33 27
17841 21 24 161 35 24 2 17 1 31 1 33 27
17842 21 32 225 24 16 30 25 1 36 19 33 27
17843 21 33 306 18 34 40 24 20 24 10 33 27
17844 21 32 132 21 28 14 20 21 31 21 33 27
17845 21 26 127 14 22 41 24 23 22 6 33 27
17846 22 32 121 33 25 1 23 29 28 32 33 27
17847 21 30 196 23 35 1 20 25 27 6 33 27
17848 21 34 240 24 28 46 23 31 31 24 33 27
17849 22 31 155 13 38 8 20 25 29 1 33 27
17850 21 33 114 16 20 13 28 26 30 29 33 27
17851 21 29 199 28 28 1 22 28 22 24 33 27
17852 21 33 152 13 40 1 20 33 29 8 33 27
17853 21 26 245 37 27 1 25 1 28 6 33 27
17854 21 36 143 23 37 21 21 25 22 12 33 27
17855 21 31 155 32 25 94 21 12 28 11 33 27
17856 21 31 198 17 30 19 26 32 27 10 33 27
17857 21 28 214 30 23 1 21 30 27 18 33 27
17858 21 34 141 21 29 22 24 28 27 32 33 27
17859 22 24 109 29 22 1 21 34 23 14 33 27
17860 22 36 557 26 30 27 26 27 28 39 33 27
17861 21 33 294 28 36 1 25 21 21 3 33 27
17862 21 30 125 27 17 13 22 33 32 38 33 27
17863 21 32 260 19 38 27 23 25 31 13 33 27
17864 21 34 210 34 37 58 24 23 23 15 33 27
17865 21 34 610 22 27 45 20 28 31 17 33 27
17866 21 30 188 34 19 16 23 27 55 32 33 27
17867 21 37 390 32 31 1 21 64 24 37 33 27
17868 22 34 109 32 32 16 18 39 25 30 33 27
17869 21 32 155 25 31 33 25 28 29 28 33 27
17870 21 26 88 34 24 15 24 21 20 25 33 27
17871 21 36 188 19 43 72 24 30 22 9 33 27
17872 22 41 142 22 37 22 19 1 32 23 33 27
17873 22 30 249 22 24 2 20 33 27 23 33 27
17874 21 29 301 31 25 30 23 42 31 3 33 27
17875 21 33 103 19 32 1 23 25 23 25 33 27
17876 21 37 363 13 36 1 27 20 33 39 33 27
17877 21 30 421 18 15 1 19 30 21 24 33 27
17878 22 36 248 40 24 37 25 34 28 37 33 27
17879 21 27 127 16 30 7 26 37 28 8 33 27
17880 21 33 241 29 21 80 24 19 25 28 33 26
17881 21 32 86 14 32 1 21 17 19 16 33 27
17882 21 30 381 11 35 42 26 14 25 1 33 27
17883 22 32 198 26 32 50 24 34 27 7 33 27
17884 21 35 105 22 26 34 21 29 25 33 33 27
17885 21 27 107 27 37 1 26 27 22 1 33 27
17886 21 32 862 27 35 12 20 35 23 17 33 27
17887 21 30 97 24 33 68 19 23 24 8 33 27
17888 21 28 184 31 36 1 20 29 21 13 33 27
17889 21 32 376 16 23 13 25 44 28 32 33 27
17890 21 28 202 22 34 11 21 32 29 5 33 27
17891 21 32 526 20 28 3 22 23 30 35 33 27
17892 21 34 493 28 27 61 22 27 32 20 33 27
17893 21 33 170 26 35 1 21 32 30 32 33 27
17894 21 36 403 31 28 44 20 32 26 36 33 27
17895 21 33 412 29 19 21 19 22 28 26 33 27
17896 21 34 114 22 32 44 26 50 21 13 33 27
17897 21 27 292 16 31 1 23 32 27 5 33 27
17898 21 33 324 29 28 1 26 27 25 33 33 27
17899 22 30 226 30 23 1 21 30 18 28 33 27
17900 21 24 415 39 23 103 24 30 21 1 33 27
17901 21 33 1591 20 19 1 22 29 30 27 33 27
17902 21 37 271 35 28 57 31 33 31 23 33 27
17903 21 30 191 21 23 9 15 24 29 27 33 27
17904 21 25 195 26 31 15 17 27 21 1 33 27
17905 21 37 144 23 22 53 22 23 28 28 33 27
17906 21 32 364 25 28 19 23 23 22 26 33 27
17907 22 30 104 28 19 14 22 20 27 11 33 27
17908 21 39 108 27 47 44 22 30 30 15 33 27
17909 21 32 105 34 27 38 23 1 34 20 33 27
17910 21 29 195 25 40 1 18 23 27 8 33 27
17911 21 29 1365 20 28 13 23 31 32 13 33 27
17912 21 35 210 23 19 29 22 27 34 28 33 27
17913 22 39 375 19 33 53 16 41 19 26 33 27
17914 21 29 181 13 34 6 23 30 21 9 33 27
17915 22 33 154 33 29 1 24 22 25 27 33 27
17916 21 30 268 32 25 40 21 22 27 24 33 27
17917 21 35 184 20 37 63 18 27 28 4 33 27
17918 21 29 437 24 34 39 24 24 23 1 33 27
17919 21 28 102 37 16 51 27 25 35 18 33 27
17920 21 29 393 30 31 1 27 34 25 3 33 27
17921 21 31 140 9 14 35 20 22 23 40 33 27
17922 21 32 163 33 23 7 27 18 28 21 33 27
17923 21 35 142 20 29 83 22 15 31 21 33 27
17924 22 35 206 16 36 1 22 25 30 29 33 27
17925 21 39 445 22 33 54 21 26 29 29 34 27
17926 22 33 141 29 30 1 22 27 27 23 33 27
17927 21 31 245 19 39 16 20 25 24 1 33 27
17928 22 34 222 31 37 88 25 25 25 10 33 27
17929 21 30 152 25 19 84 18 16 21 13 33 27
17930 21 30 181 29 29 34 27 30 32 1 33 27
17931 21 25 208 16 28 13 22 21 36 1 33 27
17932 21 26 227 44 28 1 23 30 32 8 33 27
17933 21 28 183 19 21 1 24 31 21 18 33 27
17934 21 32 327 30 35 1 21 35 32 16 33 27
17935 21 32 357 36 34 9 24 37 29 33 33 27
17936 21 29 327 29 32 1 20 36 28 18 32 27
17937 21 29 143 36 14 37 23 27 28 25 33 27
17938 21 38 185 23 26 1 18 29 18 25 32 26
17939 21 27 287 28 32 47 19 25 26 1 33 27
17940 21 36 325 23 30 1 16 23 20 31 33 27
17941 21 30 436 25 31 56 24 29 26 1 33 27
17942 21 32 297 32 30 48 27 32 34 15 33 27
17943 21 37 290 45 37 88 23 31 22 30 33 27
17944 21 34 141 27 33 1 21 26 29 13 33 27
17945 21 36 165 26 31 18 23 18 27 35 33 27
17946 21 38 137 6 42 17 19 27 23 22 33 27
17947 21 25 378 28 36 1 18 32 21 9 33 27
17948 21 34 230 22 30 45 26 28 33 23 33 27
17949 21 31 118 21 36 1 23 27 30 30 33 27
17950 22 31 334 28 15 33 24 27 27 19 33 27
17951 22 32 159 22 34 34 21 36 29 25 33 27
17952 21 37 223 33 36 54 25 30 31 21 33 27
17953 21 29 109 45 19 51 24 23 24 20 33 27
17954 22 31 108 31 33 52 17 1 28 7 33 27
17955 21 32 245 22 26 54 23 34 20 13 33 27
17956 21 33 196 16 35 7 17 29 25 39 33 27
17957 21 34 138 21 30 1 28 22 25 24 33 27
17958 21 25 79 15 28 17 18 32 27 1 32 27
17959 21 31 401 18 36 1 26 34 33 19 33 27
17960 21 33 317 14 28 40 19 19 25 19 33 27
17961 21 33 154 32 30 48 19 45 28 26 33 27
17962 22 37 400 32 28 83 22 57 24 35 34 27
17963 21 32 107 31 32 13 23 31 20 34 33 27
17964 21 31 138 25 24 8 29 30 29 15 33 27
17965 21 27 167 29 24 78 26 26 25 13 33 27
17966 22 34 276 25 36 48 21 31 25 1 33 27
17967 21 36 185 26 31 69 26 35 39 21 33 27
17968 21 32 224 36 32 73 21 21 30 21 33 27
17969 22 33 182 23 36 70 23 23 30 18 33 27
17970 21 32 221 22 26 15 26 34 22 26 33 27
17971 22 32 193 26 29 1 20 27 30 16 33 27
17972 21 35 101 33 21 44 24 30 29 49 33 27
17973 22 33 271 38 29 1 21 46 29 34 33 27
17974 21 32 159 31 12 1 28 31 29 48 33 27
17975 21 27 166 19 33 40 24 28 29 1 33 27
17976 21 32 233 36 29 38 22 33 21 27 33 27
17977 21 29 227 25 23 26 25 26 28 7 33 27
17978 22 31 186 26 26 75 22 27 25 16 33 27
17979 21 30 317 36 23 54 21 34 23 23 33 27
17980 21 36 346 30 40 77 28 18 36 4 33 27
17981 21 33 178 19 35 19 22 25 24 1 32 27
17982 21 34 134 19 27 18 16 6 24 18 33 27
17983 22 36 178 28 33 10 28 26 29 33 33 27
17984 21 30 94 15 42 1 21 19 26 16 33 27
17985 21 35 184 37 25 1 23 31 24 46 33 27
17986 21 26 99 34 19 14 28 24 32 7 33 27
17987 21 25 394 11 32 1 22 25 24 3 33 27
17988 21 32 200 29 17 23 25 34 30 48 33 27
17989 21 30 336 28 22 3 23 30 29 22 33 27
17990 21 32 241 17 34 48 26 20 27 5 33 27
17991 21 31 100 23 34 1 19 35 22 14 33 27
17992 21 29 365 16 30 69 20 14 25 1 32 27
17993 21 34 191 30 23 48 23 32 22 43 33 27
17994 21 27 323 28 25 70 23 26 25 1 33 27
17995 21 30 157 22 28 35 22 32 21 14 33 27
17996 22 37 240 23 34 9 21 16 29 22 33 27
17997 22 28 172 30 23 34 24 9 21 6 33 27
17998 22 29 182 28 30 1 26 24 27 23 33 27
17999 21 22 212 38 22 38 42 24 29 8 33 27
18000 22 32 324 33 35 1 22 30 35 28 33 27
18001 21 31 267 31 26 1 21 34 29 36 33 27
18002 21 33 142 21 25 1 22 23 25 19 33 27
18003 21 33 643 30 20 37 23 36 27 34 33 27
18004 21 26 237 17 24 31 22 28 26 11 33 27
18005 21 36 96 25 27 52 23 25 36 45 33 27
18006 21 24 160 28 28 1 23 24 19 5 33 27
18007 21 29 298 25 17 22 23 28 24 23 33 27
18008 21 30 221 21 32 25 18 19 26 3 33 27
18009 21 27 96 27 29 42 17 27 26 1 33 27
18010 21 36 285 31 36 49 23 30 28 30 33 27
18011 21 32 165 19 29 29 28 29 34 21 33 27
18012 21 35 363 23 27 35 25 1 32 42 33 27
18013 22 28 198 27 26 23 21 24 23 30 33 27
18014 21 37 305 27 42 1 25 41 23 43 33 27
18015 21 31 472 30 33 59 26 29 28 1 33 27
18016 21 26 249 18 21 12 19 23 28 3 33 27
18017 21 35 145 35 27 1 22 30 23 36 33 27
18018 21 24 128 33 21 14 17 24 22 1 33 27
18019 21 39 163 23 42 50 18 19 24 29 33 27
18020 21 34 774 28 25 82 23 31 24 26 33 27
18021 21 28 122 15 36 30 20 22 25 1 33 27
18022 21 29 182 8 34 17 24 29 27 11 33 27
18023 21 33 434 29 33 34 20 30 28 27 33 27
18024 21 34 89 23 23 17 24 24 33 30 33 27
18025 22 35 199 28 31 61 14 1 35 28 33 27
18026 21 32 367 31 30 82 16 24 27 6 33 27
18027 21 28 240 23 37 26 18 27 23 3 33 27
18028 22 34 178 33 31 1 22 26 32 32 33 27
18029 22 23 321 38 33 24 17 1 36 1 32 27
18030 21 31 174 29 19 81 25 34 26 12 33 27
18031 21 30 104 28 34 53 19 33 28 7 33 27
18032 21 38 329 37 35 62 27 26 34 29 33 27
18033 21 33 151 31 21 31 23 27 33 30 33 27
18034 22 31 322 29 32 17 21 1 25 1 33 27
18035 21 34 286 17 35 17 17 27 19 38 33 27
18036 21 35 159 23 30 86 21 28 28 26 33 27
18037 21 34 243 29 36 62 24 34 31 18 33 27
18038 21 30 132 20 29 17 24 18 22 17 33 27
18039 21 22 105 3 24 2 23 37 30 3 33 27
18040 21 32 214 31 26 8 19 25 15 34 33 27
18041 21 28 207 27 22 415 21 27 27 6 33 27
18042 21 37 213 28 24 40 24 21 35 35 33 27
18043 21 28 296 31 17 4 26 29 24 17 33 27
18044 21 2006 2006 2006 774 1399 2007 2007 964 334 33 27
18045 21 34 197 25 33 1 20 25 21 16 33 27
18046 21 38 320 26 34 64 27 38 22 27 33 27
18047 22 28 151 26 24 1 20 28 22 26 33 27
18048 21 30 159 21 27 1 24 32 28 34 33 27
18049 22 36 412 30 35 1 29 31 24 34 33 27
18050 21 36 103 6 40 1 20 15 21 19 33 27
18051 21 32 287 19 29 1 23 31 17 10 33 27
18052 21 39 113 24 28 63 33 24 26 36 33 27
18053 21 28 352 21 21 1 17 23 28 20 33 27
18054 21 29 210 25 30 1 19 37 24 15 33 27
18055 22 28 101 20 27 19 22 30 25 19 33 27
18056 21 30 466 31 19 52 22 24 25 14 33 27
18057 22 39 159 14 35 61 30 35 29 37 33 27
18058 21 29 167 32 21 108 21 23 25 13 33 27
18059 21 27 435 39 23 14 25 32 29 4 33 27
18060 21 28 156 12 38 1 19 20 30 1 33 27
18061 21 30 183 36 23 53 23 1 27 31 33 27
18062 21 29 171 18 17 1 24 29 21 1 33 27
18063 21 36 168 25 37 22 21 45 18 31 33 27
18064 21 35 402 27 39 33 17 19 30 4 33 27
18065 21 36 219 22 32 75 22 18 22 31 33 27
18066 22 28 150 23 28 25 25 34 30 4 33 27
18067 21 32 240 18 31 33 24 37 27 31 33 27
18068 21 29 275 31 25 101 19 21 17 6 33 27
18069 21 30 168 22 27 1 19 17 25 16 33 27
18070 21 32 363 17 25 5 22 23 25 25 33 27
18071 22 27 482 24 29 1 22 24 20 1 33 27
18072 22 34 757 20 33 15 25 54 25 26 33 27
18073 21 32 124 31 23 58 19 36 24 4 33 27
18074 21 33 108 19 34 1 24 25 23 25 33 27
18075 21 29 162 26 27 12 24 30 26 20 33 27
18076 21 28 269 29 27 1 15 1 27 15 32 27
18077 21 32 263 17 22 41 27 29 31 25 33 27
18078 21 30 94 22 25 9 22 27 33 26 33 27
18079 22 33 294 35 25 23 26 29 25 28 33 27
18080 21 35 144 27 31 57 19 27 20 10 33 27
18081 22 32 137 31 25 2 20 26 21 18 33 27
18082 21 40 272 13 28 1 25 27 33 44 33 27
18083 21 25 118 26 34 21 19 32 24 7 33 27
18084 21 35 260 29 29 54 28 22 31 26 33 27
18085 21 31 96 19 31 1 25 21 27 4 33 27
18086 21 35 309 27 22 1 21 27 25 39 33 27
18087 22 33 148 34 35 1 22 13 25 1 33 27
18088 21 23 142 38 24 1 23 26 27 1 33 27
18089 21 31 124 15 38 14 24 22 30 11 33 27
18090 21 29 161 29 20 78 23 35 33 8 33 27
18091 21 31 90 34 21 1 22 32 25 41 33 27
18092 21 30 303 17 39 1 18 32 28 7 33 27
18093 21 29 253 34 20 76 55 29 22 19 33 27
18094 21 30 206 14 22 30 22 27 26 24 33 27
18095 21 25 198 27 36 1 18 20 21 1 33 27
18096 21 34 202 42 20 21 21 32 28 44 33 27
18097 21 21 368 29 17 1 22 19 30 9 33 27
18098 21 32 408 36 20 1 24 30 26 32 33 27
18099 21 30 313 34 24 1 22 35 22 33 33 27
18100 21 24 146 28 25 1 20 17 25 9 33 27
18101 21 36 274 21 24 59 18 22 26 36 33 27
18102 21 32 99 29 26 54 23 30 24 26 33 27
18103 21 30 289 29 24 18 27 26 36 27 33 27
18104 21 32 145 17 23 1 22 23 29 13 33 27
18105 21 28 162 13 28 1 19 25 30 8 33 27
18106 21 31 221 37 36 11 22 19 30 5 33 27
18107 21 27 83 28 25 12 22 14 26 3 33 27
18108 21 29 172 31 21 42 19 1 31 8 33 27
18109 21 32 110 31 22 15 21 31 21 38 33 27
18110 22 29 169 25 26 29 22 25 27 13 33 27
18111 21 35 112 15 36 48 23 31 27 25 33 27
18112 21 36 272 25 32 1 29 30 26 31 33 27
18113 21 27 327 28 17 35 19 29 28 15 33 27
18114 21 31 174 27 31 1 21 22 22 11 33 27
18115 21 37 800 30 41 19 20 1 34 22 33 27
18116 22 34 129 17 24 56 23 14 34 23 33 27
18117 21 28 445 26 25 1 22 24 25 22 33 27
18118 21 34 97 14 36 36 22 24 23 18 33 27
18119 22 32 300 22 31 1 19 25 40 22 33 27
18120 22 30 162 25 28 74 18 26 27 7 33 27
18121 22 35 215 28 32 5 29 35 24 23 33 27
18122 21 33 137 31 26 31 28 28 28 22 33 27
18123 21 29 306 29 24 1 22 33 26 27 33 27
18124 21 27 217 46 20 33 20 1 37 1 33 27
18125 21 32 938 28 37 33 26 29 29 26 33 27
18126 21 30 242 28 23 24 19 25 27 17 33 27
18127 21 33 173 26 23 46 25 26 33 11 33 27
18128 21 25 206 22 24 22 20 23 26 3 33 27
18129 21 27 145 28 25 19 21 34 30 7 33 27
18130 22 27 146 23 10 1 25 26 29 23 33 27
18131 21 33 151 24 32 1 24 18 32 26 33 27
18132 22 32 192 34 39 1 21 1 27 1 33 27
18133 21 30 90 35 23 70 19 43 31 27 33 27
18134 21 29 152 30 29 56 25 35 22 11 33 27
18135 21 35 297 32 34 106 19 28 25 18 33 27
18136 21 34 171 22 37 52 20 26 27 15 33 27
18137 21 40 168 29 48 1 23 39 31 23 33 27
18138 22 28 198 31 28 23 21 19 31 4 33 27
18139 22 31 106 15 36 44 23 25 18 1 33 27
18140 21 23 275 24 23 15 20 35 29 3 33 27
18141 22 36 572 26 28 14 23 25 29 28 33 27
18142 22 27 441 25 36 1 18 31 30 7 33 27
18143 21 32 317 21 28 1 23 31 27 12 33 27
18144 21 26 121 22 18 15 20 26 25 15 33 27
18145 21 31 211 29 20 13 21 28 22 21 33 27
18146 21 30 384 23 31 9 26 24 24 7 33 27
18147 21 39 133 31 26 14 24 29 32 36 33 27
18148 21 31 455 30 24 43 25 25 26 26 33 27
18149 22 31 246 37 38 28 23 32 25 21 33 27
18150 21 30 151 28 23 32 27 24 31 26 33 27
18151 21 28 918 38 15 22 19 24 29 1 33 27
18152 21 31 546 29 32 29 22 29 28 25 33 27
18153 21 29 157 22 42 1 22 31 21 1 33 27
18154 21 31 215 23 23 10 22 24 19 16 33 27
18155 21 28 262 23 32 1 66 31 21 2 33 27
18156 21 30 326 17 31 1 25 23 24 18 33 27
18157 21 23 160 19 14 1 22 25 27 7 33 27
18158 21 32 274 17 35 94 24 19 24 1 33 27
18159 21 30 72 1 27 8 28 20 34 10 33 27
18160 21 27 594 18 26 48 25 31 28 1 33 27
18161 21 32 148 12 34 68 20 25 29 2 33 27
18162 21 32 281 15 35 2 32 24 30 11 33 27
18163 22 38 156 21 40 31 20 25 26 25 33 27
18164 21 31 214 39 26 14 20 21 25 12 33 27
18165 21 26 470 25 38 15 25 48 19 1 33 27
18166 21 37 332 22 30 27 28 22 35 21 33 27
18167 21 34 278 19 31 53 25 26 25 38 33 27
18168 21 22 71 32 28 1 18 31 19 1 33 27
18169 22 35 161 41 21 18 21 41 29 40 33 27
18170 21 31 269 31 26 90 20 26 24 7 33 27
18171 21 32 150 21 26 60 20 31 26 5 33 27
18172 21 35 181 22 22 50 18 17 28 21 33 27
18173 21 35 155 29 36 54 27 25 28 17 33 27
18174 22 27 135 29 32 67 27 31 25 8 33 27
18175 21 32 107 15 30 28 20 19 23 7 33 27
18176 21 30 386 29 18 44 21 23 26 28 33 27
18177 21 33 160 28 24 74 18 1 25 28 33 27
18178 21 32 603 28 25 33 24 20 28 22 33 27
18179 22 38 232 27 34 36 19 32 16 22 33 27
18180 21 31 142 27 34 1 23 27 29 23 33 27
18181 21 28 225 30 19 25 18 1 29 22 33 27
18182 21 24 191 24 23 1 24 32 24 15 33 27
18183 21 33 131 23 16 21 23 31 31 16 33 27
18184 21 33 223 21 40 1 21 22 22 18 33 27
18185 21 44 164 36 35 64 23 29 30 42 33 27
18186 21 37 306 19 34 60 25 16 27 17 33 27
18187 21 37 212 27 35 97 27 31 30 13 33 27
18188 21 27 373 17 33 1 21 33 24 19 33 27
18189 21 33 117 20 28 14 19 14 25 22 33 27
18190 21 30 161 17 29 38 23 13 25 15 33 27
18191 21 34 437 24 36 1 25 27 33 28 33 27
18192 22 30 196 28 26 5 24 28 29 22 33 27
18193 21 36 294 36 32 1 27 30 34 37 33 27
18194 21 30 116 34 28 25 20 28 26 29 33 27
18195 21 19 322 29 14 1 22 31 18 4 33 27
18196 21 28 171 19 29 56 21 39 26 1 33 27
18197 21 30 89 25 27 14 22 21 27 21 33 27
18198 21 38 218 20 26 12 22 39 27 34 33 27
18199 21 30 85 26 30 11 27 17 35 16 33 27
18200 21 31 420 29 28 1 20 40 26 12 33 27
18201 21 21 197 28 25 1 24 31 26 1 33 27
18202 21 29 210 23 35 41 23 27 19 1 33 27
18203 22 40 332 22 31 53 25 24 30 42 33 27
18204 21 29 415 18 33 8 22 23 31 19 33 27
18205 21 32 117 7 27 1 20 1 31 36 33 27
18206 21 31 107 30 19 6 19 28 30 36 33 27
18207 21 29 197 25 34 1 21 29 25 14 33 27
18208 21 29 153 23 28 20 20 26 24 12 33 27
18209 21 25 260 37 38 164 28 26 26 1 33 27
18210 21 28 159 26 23 37 23 25 34 15 33 27
18211 21 22 160 39 16 1 26 30 28 13 33 27
18212 21 28 176 15 33 1 18 17 21 1 33 27
18213 21 35 243 25 26 46 22 24 26 25 33 27
18214 21 24 184 13 25 1 23 19 31 10 33 27
18215 21 26 108 36 24 25 22 23 33 1 33 27
18216 21 32 668 22 26 35 20 32 37 37 33 27
18217 21 35 330 16 34 1 24 49 27 30 33 27
18218 21 30 195 41 22 30 21 36 32 29 33 27
18219 21 35 121 20 30 33 29 20 29 17 33 27
18220 21 31 386 16 23 48 21 33 23 35 33 27
18221 21 37 150 22 39 41 29 28 32 33 33 27
18222 21 25 148 41 18 14 24 29 27 7 33 27
18223 21 39 268 35 27 51 19 35 27 55 33 27
18224 21 32 293 25 34 1 23 30 25 15 33 27
18225 21 32 558 21 32 1 22 22 32 20 33 27
18226 21 36 388 35 23 41 23 29 30 36 33 27
18227 21 26 269 31 22 1 26 53 25 15 33 27
18228 21 30 125 20 33 73 23 27 28 1 33 27
18229 21 36 235 28 33 1 25 37 32 41 33 27
18230 21 29 293 30 26 58 20 19 31 25 33 27
18231 21 28 921 26 31 32 28 50 27 1 33 27
18232 21 29 336 27 21 17 21 1 22 22 33 27
18233 22 27 231 28 25 51 22 27 30 1 33 27
18234 21 43 232 21 44 83 28 40 32 26 33 27
18235 21 30 190 36 18 23 22 34 25 35 33 27
18236 37 43 339 40 46 76 33 44 41 9 52 46
18237 21 31 120 34 23 14 23 29 25 19 33 27
18238 21 34 288 34 27 41 24 30 25 32 33 27
18239 22 32 264 35 19 1 25 33 20 38 33 27
18240 22 36 194 21 33 28 21 23 17 40 33 27
18241 21 35 201 24 30 73 22 21 23 13 33 27
18242 21 27 306 27 36 1 21 29 27 7 33 27
18243 21 28 306 31 27 7 21 36 32 21 33 27
18244 21 31 216 21 29 31 20 32 25 18 33 27
18245 22 28 93 25 26 53 22 23 30 10 33 27
18246 21 33 393 27 28 39 21 36 32 28 33 27
18247 21 25 210 26 25 1 22 27 32 17 33 27
18248 21 31 220 28 24 67 22 29 29 3 33 27
18249 21 32 156 20 35 6 23 19 29 7 33 27
18250 21 31 177 19 27 1 26 19 23 34 33 27
18251 21 34 304 21 19 15 25 24 33 20 33 27
18252 21 19 95 34 18 1 19 28 29 10 33 27
18253 21 29 378 26 39 1 24 30 23 1 32 27
18254 22 30 96 26 30 27 22 26 20 4 33 27
18255 22 38 192 23 26 36 24 27 22 39 33 27
18256 22 25 132 26 14 30 26 15 30 13 33 27
18257 21 30 266 10 40 60 21 19 22 1 32 27
18258 21 28 306 10 31 3 22 16 32 1 33 27
18259 21 25 78 30 22 1 17 23 24 1 33 27
18260 21 32 349 37 35 30 18 26 15 12 33 27
18261 22 36 96 24 39 57 21 24 20 16 33 27
18262 21 35 188 26 22 28 28 18 30 24 33 27
18263 22 30 121 23 23 16 23 31 30 26 33 27
18264 21 32 325 27 29 34 25 18 24 17 33 27
18265 21 30 133 18 38 1 24 34 30 13 33 27
18266 21 29 201 32 23 5 26 39 29 22 33 27
18267 21 26 93 17 24 8 20 31 26 6 33 27
18268 21 34 166 21 25 7 20 25 37 24 33 27
18269 21 31 96 19 25 1 14 21 21 9 33 27
18270 21 35 169 17 27 32 26 19 30 25 33 27
18271 21 32 175 17 34 1 19 22 25 11 33 27
18272 21 31 539 13 25 48 21 37 22 21 33 27
18273 21 33 237 30 30 61 23 32 26 22 33 27
18274 21 32 503 31 29 1 22 27 23 4 33 27
18275 21 25 136 25 31 1 22 38 23 7 33 27
18276 21 39 665 33 28 50 21 26 24 52 33 27
18277 22 22 180 26 16 1 20 24 19 1 33 27
18278 21 32 568 27 33 9 20 19 25 20 33 27
18279 21 34 1213 27 33 1 25 29 34 13 33 27
18280 21 25 148 14 31 1 22 34 22 1 33 27
18281 22 34 112 33 22 33 21 33 23 45 33 27
18282 22 33 137 34 23 1 25 35 26 29 33 27
18283 22 33 659 18 26 11 26 40 31 20 33 27
18284 21 30 169 1 38 21 20 23 22 3 33 27
18285 21 34 208 33 19 29 18 32 24 44 33 27
18286 21 27 917 26 24 14 21 20 25 2 33 27
18287 21 32 226 31 24 8 21 38 25 46 33 27
18288 21 31 123 38 29 51 24 1 28 17 33 27
18289 21 35 800 18 22 19 21 25 33 14 33 27
18290 21 33 291 32 26 82 21 26 35 14 33 27
18291 21 33 389 24 30 120 24 25 31 9 33 27
18292 22 38 176 23 36 5 23 34 31 13 33 27
18293 21 33 175 31 30 30 22 30 25 33 33 27
18294 22 34 206 41 34 1 22 35 30 29 33 27
18295 21 30 113 34 28 62 19 46 27 20 33 27
18296 21 32 222 30 23 76 24 31 17 25 33 27
18297 21 33 669 18 39 26 23 21 27 5 33 27
18298 21 33 253 27 24 47 21 25 30 24 33 27
18299 21 39 116 17 47 1 27 5 25 18 33 27
18300 21 36 290 27 31 73 20 29 22 32 33 27
18301 21 30 177 22 26 1 22 36 18 25 33 27
18302 21 34 330 25 32 68 23 29 28 15 33 27
18303 21 31 217 23 36 72 18 20 25 1 33 27
18304 21 30 330 27 23 28 25 33 26 26 33 27
18305 21 33 107 33 28 33 24 31 27 29 33 27
18306 21 31 420 36 28 1 20 1 27 18 33 27
18307 21 25 134 27 29 13 16 29 31 5 33 27
18308 22 32 125 27 38 1 20 32 25 18 33 27
18309 21 29 253 30 35 16 20 41 23 8 33 27
18310 21 35 286 24 41 1 24 29 22 1 33 27
18311 21 30 1143 22 30 41 22 25 27 1 33 27
18312 21 37 154 27 24 50 26 18 30 29 33 27
18313 21 27 201 26 21 13 25 26 28 11 33 27
18314 21 29 155 35 27 31 20 21 23 11 33 27
18315 21 31 102 33 28 71 22 38 30 20 33 27
18316 21 34 434 18 41 1 17 22 25 1 33 27
18317 21 34 239 30 18 1 25 39 22 45 33 27
18318 21 31 115 35 29 41 27 20 26 8 33 27
18319 22 36 220 37 34 109 24 28 30 9 33 27
18320 21 35 345 26 36 88 24 35 24 21 33 27
18321 21 38 174 19 34 1 22 41 24 31 33 27
18322 21 32 189 18 38 1 25 52 25 18 33 27
18323 21 32 84 32 13 1 24 34 24 52 33 27
18324 21 27 166 18 32 11 17 24 24 1 33 27
18325 21 35 204 21 31 1 29 40 29 28 33 27
18326 21 29 211 14 30 25 19 26 23 19 33 27
18327 22 37 351 20 35 101 22 28 20 28 33 27
18328 21 35 152 33 27 39 27 29 23 41 33 27
18329 21 35 202 33 42 45 25 16 26 5 33 27
18330 22 29 152 21 30 1 25 25 29 12 33 27
18331 21 33 285 23 29 26 20 31 20 32 33 27
18332 21 32 358 36 19 21 22 49 25 47 33 27
18333 21 29 436 35 17 30 25 39 23 40 33 27
18334 22 33 172 25 38 60 25 31 25 7 33 27
18335 21 33 398 17 46 1 25 28 29 13 33 27
18336 21 30 172 36 28 82 25 33 20 32 33 27
18337 21 36 180 24 35 85 23 23 27 1 33 27
18338 21 27 128 26 8 32 23 43 32 11 33 27
18339 21 35 277 31 26 35 25 29 27 28 33 27
18340 21 34 256 18 35 48 18 20 18 2 33 27
18341 21 28 212 25 37 1 27 29 35 1 32 27
18342 21 32 364 24 35 92 16 15 29 1 33 27
18343 22 32 130 26 29 51 22 25 28 27 33 27
18344 21 36 136 25 35 1 29 11 35 28 33 27
18345 21 29 289 15 36 25 25 24 29 9 33 27
18346 21 41 285 19 34 64 24 32 28 57 33 27
18347 21 29 305 25 27 101 24 34 25 15 33 27
18348 21 30 106 14 27 22 24 22 29 1 32 27
18349 21 24 354 24 28 1 19 1 22 3 33 27
18350 21 28 451 30 18 19 23 28 29 26 33 27
18351 21 29 174 23 31 30 23 1 32 3 33 27
18352 21 34 101 32 25 24 22 20 33 21 33 27
18353 21 33 443 35 40 81 22 31 29 1 33 27
18354 21 27 140 23 24 76 18 18 23 3 33 27
18355 21 30 230 22 39 1 22 29 26 1 33 27
18356 22 37 199 20 44 37 24 26 26 14 33 27
18357 22 29 170 28 29 55 27 37 33 6 33 27
18358 21 28 144 34 21 39 18 30 24 13 33 27
18359 21 35 113 30 29 1 25 29 25 38 33 27
18360 22 39 389 28 29 45 20 14 30 30 33 27
18361 22 30 250 33 28 25 23 38 28 29 33 27
18362 21 28 184 29 24 7 24 19 18 10 33 27
18363 22 31 228 19 30 13 28 47 31 6 33 27
18364 22 32 180 26 32 1 25 27 26 9 33 27
18365 22 28 286 30 28 4 23 22 23 6 33 27
18366 21 33 259 35 26 48 23 27 28 29 33 27
18367 21 32 257 36 21 31 28 40 29 34 33 27
18368 21 38 217 25 37 1 28 48 25 30 33 27
18369 21 33 433 30 35 11 24 24 23 37 33 27
18370 21 21 229 30 17 2 22 1 31 1 33 27
18371 21 37 109 18 37 24 24 25 31 26 33 27
18372 21 27 158 34 24 66 22 23 22 1 33 27
18373 21 32 291 22 40 75 25 17 29 1 33 27
18374 21 26 166 25 23 10 23 18 26 1 33 27
18375 22 35 426 21 29 81 25 23 32 5 33 27
18376 22 25 443 34 31 1 22 32 28 1 32 27
18377 21 31 81 16 24 1 24 22 25 28 33 27
18378 22 32 170 29 32 90 18 21 22 9 33 27
18379 21 30 111 35 22 65 23 23 32 22 33 27
18380 21 32 143 27 28 35 29 20 24 26 33 27
18381 22 35 154 24 33 56 20 34 28 17 33 27
18382 21 30 271 32 21 1 23 40 22 39 33 27
18383 21 26 230 32 28 12 23 26 26 17 33 27
18384 22 30 175 25 34 54 20 32 27 13 33 27
18385 21 30 1114 20 35 1 20 41 27 16 33 27
18386 21 35 302 42 19 1 21 29 24 49 33 27
18387 22 31 171 18 34 25 22 21 24 1 33 27
18388 21 32 477 34 23 49 27 37 21 40 33 27
18389 21 37 243 36 27 36 23 1 30 45 33 27
18390 21 33 443 30 21 10 23 33 26 48 33 27
18391 21 33 185 24 39 40 23 27 30 6 33 27
18392 21 31 116 27 37 34 23 32 24 5 33 27
18393 21 27 154 38 24 81 22 31 29 5 33 27
18394 21 23 488 23 19 1 20 31 24 16 33 27
18395 22 36 128 18 36 1 21 23 23 32 33 27
18396 21 41 275 17 35 8 24 28 27 26 33 27
18397 22 30 129 20 25 1 19 24 21 21 33 27
18398 21 28 530 29 32 1 19 29 20 1 33 27
18399 21 35 168 24 34 78 24 31 26 16 33 27
18400 22 34 343 33 33 42 25 23 32 12 33 27
18401 22 37 127 30 30 70 24 1 40 16 33 27
18402 21 29 237 25 29 14 23 27 35 7 33 27
18403 21 28 330 20 18 23 19 32 22 31 33 27
18404 21 29 277 27 22 9 19 28 26 36 33 27
18405 21 34 215 34 34 76 21 29 23 23 33 27
18406 21 28 170 31 24 52 21 27 26 15 33 27
18407 21 34 230 20 35 1 25 17 30 14 33 27
18408 21 29 199 21 27 34 19 20 27 12 33 27
18409 21 34 155 27 26 24 23 32 28 33 33 27
18410 21 35 211 38 37 1 20 22 18 20 33 27
18411 21 28 208 26 26 1 25 26 29 21 33 27
18412 21 33 586 14 32 20 21 32 23 30 33 27
18413 21 29 212 33 40 8 22 19 32 9 33 27
18414 22 29 326 20 27 16 21 21 30 9 33 27
18415 21 28 203 32 13 1 24 31 25 25 33 27
18416 21 30 806 24 25 5 22 23 22 18 33 27
18417 21 31 282 25 23 54 25 35 28 12 33 27
18418 21 30 346 24 33 10 22 18 25 9 33 27
18419 21 27 226 15 36 30 23 24 27 1 33 27
18420 22 36 251 35 36 1 18 31 24 32 34 27
18421 21 26 218 23 29 47 18 26 18 3 33 27
18422 21 24 346 25 30 8 19 23 20 1 33 27
18423 21 25 233 15 20 1 21 29 28 21 32 26
18424 21 36 289 27 32 1 23 33 20 23 33 27
18425 21 32 284 30 27 22 26 31 15 28 33 27
18426 21 32 291 16 33 86 23 17 26 5 33 27
18427 21 35 251 28 37 1 22 32 23 17 33 27
18428 22 30 213 31 24 64 25 42 28 20 33 27
18429 21 29 153 16 37 9 22 28 30 1 33 27
18430 21 40 370 38 34 86 23 28 31 35 33 27
18431 21 30 163 16 34 1 21 26 27 1 33 27
18432 21 27 250 24 22 62 17 21 24 16 33 27
18433 21 26 187 24 9 19 24 32 29 19 33 27
18434 22 29 165 24 17 11 21 29 31 33 33 27
18435 21 25 226 25 27 1 19 28 26 1 33 27
18436 21 30 576 28 15 1 25 35 26 43 33 27
18437 21 28 516 29 18 15 22 32 31 21 33 27
18438 21 28 425 29 26 33 25 36 25 18 33 27
18439 21 37 297 26 31 48 24 29 28 28 33 27
18440 21 33 366 25 27 1 23 15 24 28 33 27
18441 21 33 106 38 28 1 17 30 22 42 33 27
18442 21 34 244 28 29 83 27 33 24 17 33 27
18443 22 34 160 29 31 41 23 32 19 21 33 27
18444 21 32 712 27 29 1 23 36 22 27 33 27
18445 21 30 134 23 30 1 23 26 25 18 33 27
18446 21 30 140 27 23 10 22 45 21 23 33 27
18447 21 27 338 31 33 38 24 1 32 1 33 27
18448 22 30 168 28 24 11 23 34 31 13 33 27
18449 22 33 135 30 39 1 23 47 24 11 33 27
18450 21 29 424 22 25 64 23 36 29 6 33 27
18451 22 32 162 29 24 43 21 28 25 25 33 27
18452 22 32 187 35 25 9 24 38 20 32 33 27
18453 21 32 186 25 29 67 22 16 33 3 33 27
18454 22 28 166 27 30 3 17 1 23 13 33 27
18455 21 29 138 29 21 30 17 30 21 27 33 27
18456 21 27 147 23 30 76 18 20 22 16 33 27
18457 21 29 117 34 34 1 19 22 21 13 33 27
18458 21 28 204 35 21 34 20 29 23 17 33 27
18459 21 30 122 20 33 1 22 23 27 1 33 27
18460 22 33 163 30 28 77 19 30 27 27 33 27
18461 21 35 410 18 35 20 23 32 27 27 33 27
18462 21 36 554 18 32 74 25 20 16 37 33 27
18463 21 34 330 32 28 66 26 19 24 16 33 27
18464 21 28 99 25 27 1 25 29 31 8 33 27
18465 21 29 118 25 21 23 27 32 21 27 33 27
18466 22 32 155 11 33 1 19 21 31 17 33 27
18467 21 29 163 31 21 16 23 1 32 12 33 27
18468 22 30 159 33 36 1 21 25 29 5 33 27
18469 21 28 139 22 36 33 19 30 28 1 33 27
18470 22 29 138 21 36 1 19 38 24 1 33 27
18471 21 21 301 37 19 51 21 21 19 9 33 27
18472 21 32 613 27 32 1 24 20 31 25 33 27
18473 22 34 157 36 28 42 22 32 29 30 33 27
18474 21 32 141 21 34 1 21 25 27 15 33 27
18475 22 26 106 20 32 1 24 24 22 1 33 27
18476 21 32 160 27 31 1 21 27 24 4 33 27
18477 21 31 544 24 30 4 21 26 26 26 33 27
18478 21 29 190 26 25 1 24 37 24 28 33 27
18479 21 36 229 29 25 34 29 27 28 34 33 27
18480 21 35 235 30 35 1 21 26 30 18 33 27
18481 22 30 376 20 23 1 23 34 31 33 33 27
18482 21 25 136 26 20 1 23 31 19 34 33 27
18483 21 28 224 9 31 1 21 22 33 20 33 27
18484 22 31 418 16 36 1 23 31 28 5 33 27
18485 21 29 180 25 27 59 23 23 27 8 33 27
18486 21 30 314 14 36 27 22 22 26 1 33 27
18487 21 25 190 24 16 30 23 19 23 1 33 27
18488 21 26 141 17 27 1 13 25 18 2 33 27
18489 21 33 293 34 26 11 21 34 22 33 33 27
18490 21 35 531 22 26 45 27 29 22 11 33 27
18491 21 30 191 30 28 1 25 35 25 23 33 27
18492 21 31 158 18 33 39 17 25 24 13 33 27
18493 21 28 156 12 20 6 22 25 23 26 33 27
18494 21 32 156 33 27 33 25 22 24 24 33 27
18495 21 23 152 39 23 52 21 26 23 2 33 27
18496 21 27 107 36 14 22 19 43 34 30 33 27
18497 21 40 160 32 33 126 25 35 29 33 33 27
18498 21 21 576 28 22 1 15 25 24 1 33 27
18499 21 31 96 29 23 15 18 21 32 11 33 27
18500 22 35 188 19 40 23 22 19 22 15 33 27
18501 21 29 324 24 21 12 22 28 28 17 33 27
18502 21 39 182 32 27 62 25 52 28 31 33 27
18503 21 34 167 19 35 50 23 23 29 4 33 27
18504 21 31 319 15 31 1 25 17 23 15 33 27
18505 21 39 229 22 36 71 25 26 25 40 33 27
18506 21 30 624 18 27 44 27 27 21 6 33 27
18507 21 25 181 17 17 24 20 21 24 15 33 27
18508 21 29 142 36 18 42 22 32 25 26 33 27
18509 22 33 197 36 26 56 25 28 24 25 33 27
18510 21 32 282 23 23 25 26 30 34 10 33 27
18511 21 28 193 23 32 10 24 25 30 9 33 27
18512 21 30 202 24 25 28 24 19 22 8 33 27
18513 21 34 98 30 35 63 22 27 18 17 33 27
18514 21 35 226 27 33 34 28 22 31 2 33 27
18515 21 36 421 29 25 53 26 29 27 34 33 27
18516 21 34 262 28 24 87 25 28 23 29 33 27
18517 21 30 181 22 30 6 25 26 34 19 33 27
18518 21 27 616 30 28 1 27 31 31 21 33 27
18519 22 32 128 39 23 16 18 35 27 34 33 27
18520 22 28 163 16 37 1 29 21 29 21 33 27
18521 21 28 127 21 15 8 20 34 27 26 33 27
18522 22 30 341 32 35 51 18 25 21 2 33 27
18523 21 27 181 27 23 17 19 24 31 3 33 27
18524 21 35 233 19 31 9 19 30 23 39 33 27
18525 21 34 234 37 24 25 24 39 27 33 33 27
18526 22 37 198 41 29 69 25 20 27 27 33 27
18527 21 30 116 13 34 48 25 28 30 8 33 27
18528 21 34 231 18 44 1 24 29 28 19 33 27
18529 22 28 123 27 26 3 20 27 31 31 33 27
18530 21 23 398 22 28 1 23 45 23 5 33 27
18531 21 30 152 12 33 47 22 23 32 1 33 27
18532 21 25 108 21 27 17 23 26 28 6 33 27
18533 21 27 325 24 22 1 22 31 30 20 33 27
18534 21 33 181 22 32 1 19 33 28 16 33 27
18535 21 31 253 34 34 33 21 43 15 16 33 27
18536 21 31 703 39 18 70 26 38 29 36 33 27
18537 22 26 149 28 29 1 21 18 24 9 33 27
18538 21 34 99 25 29 63 23 33 20 28 33 27
18539 21 38 231 28 41 16 26 25 27 16 33 27
18540 21 37 197 36 30 85 28 35 29 39 33 27
18541 22 27 139 28 24 44 23 31 32 21 33 27
18542 21 34 241 26 26 53 26 20 28 11 33 27
18543 21 32 229 22 22 28 25 27 24 33 33 27
18544 21 36 219 40 28 1 23 41 31 39 33 27
18545 22 32 211 35 28 1 28 40 32 33 33 27
18546 21 35 173 25 35 21 23 25 32 11 33 27
18547 21 35 254 30 31 1 23 35 29 25 33 27
18548 22 33 192 23 32 16 23 31 31 27 33 27
18549 21 30 124 19 24 1 20 29 16 28 33 27
18550 21 25 313 35 5 40 24 30 27 9 33 27
18551 21 31 105 26 33 1 28 22 26 9 33 27
18552 21 32 499 37 18 66 26 21 26 23 33 27
18553 21 38 864 18 31 1 23 36 26 33 33 27
18554 21 31 199 29 23 1 22 39 22 38 33 27
18555 21 31 256 34 20 80 20 26 29 9 33 27
18556 21 30 406 16 28 19 20 25 29 37 33 27
18557 21 26 1058 26 31 21 17 31 20 11 33 27
18558 21 28 364 39 24 66 24 23 24 20 33 27
18559 21 36 226 40 26 16 23 31 32 36 33 27
18560 21 32 205 32 36 82 22 18 31 9 33 27
18561 21 30 124 25 26 75 21 27 24 1 33 27
18562 21 31 211 30 15 61 23 30 22 17 33 27
18563 21 34 323 30 31 69 29 24 23 4 33 27
18564 21 32 189 33 31 87 20 36 25 19 33 27
18565 21 36 154 25 46 67 24 30 27 5 33 27
18566 21 29 86 28 17 26 21 30 24 20 33 27
18567 21 28 219 21 32 1 22 30 24 27 33 27
18568 21 33 206 21 28 27 25 22 25 20 33 27
18569 21 28 191 31 24 9 21 21 25 13 33 27
18570 21 23 187 34 23 7 24 29 31 1 33 27
18571 21 33 426 22 33 101 20 28 34 17 33 27
18572 21 29 191 33 23 1 25 36 32 18 33 27
18573 21 32 183 41 25 1 23 37 25 37 33 27
18574 21 36 837 26 30 27 26 39 23 35 33 27
18575 21 29 378 20 25 13 21 34 26 21 33 27
18576 22 31 114 36 16 70 19 36 24 35 33 27
18577 21 38 187 24 37 1 21 33 28 32 33 27
18578 21 29 294 39 30 50 19 1 20 14 33 27
18579 21 34 133 26 32 15 23 31 26 25 33 27
18580 21 28 137 21 26 32 25 16 27 1 32 27
18581 21 32 114 34 21 23 24 32 26 49 33 27
18582 22 26 197 23 21 25 22 27 23 1 33 27
18583 21 28 142 30 27 68 18 24 22 2 33 27
18584 22 30 111 34 25 9 22 41 28 13 33 27
18585 21 35 157 26 28 14 27 29 27 34 33 27
18586 21 27 89 17 32 1 19 27 25 1 33 27
18587 21 29 130 24 24 1 25 33 24 31 33 27
18588 21 32 212 31 30 87 21 22 25 6 33 27
18589 21 32 318 23 36 48 23 30 24 13 33 27
18590 22 33 293 14 23 2 21 21 24 34 33 27
18591 21 28 135 23 26 1 22 20 23 4 33 27
18592 21 35 154 24 27 65 27 41 29 38 33 27
18593 22 36 106 29 38 76 27 27 26 22 33 27
18594 21 36 97 22 36 29 21 28 28 25 33 27
18595 21 42 109 19 35 1 22 32 31 42 33 27
18596 21 37 193 32 34 71 23 1 33 38 33 27
18597 21 30 490 29 26 1 21 34 26 10 33 27
18598 21 32 228 30 28 15 18 19 28 31 33 27
18599 21 28 185 20 29 41 22 20 26 1 33 27
18600 22 35 278 26 25 19 26 28 33 42 33 27
18601 21 28 213 24 31 32 22 23 23 6 33 27
18602 21 29 397 16 30 17 23 36 25 22 33 27
18603 22 39 234 26 36 1 25 31 32 38 33 27
18604 21 33 196 27 24 1 25 39 25 31 33 27
18605 21 38 532 28 35 59 27 15 33 27 33 27
18606 21 30 219 24 26 48 19 23 26 21 33 27
18607 21 35 191 27 37 7 22 19 29 27 33 27
18608 21 31 183 29 36 54 18 24 33 20 33 27
18609 21 32 164 25 31 1 25 34 29 42 33 27
18610 21 29 98 28 29 33 20 39 22 18 33 27
18611 21 32 271 26 32 1 19 28 22 10 33 27
18612 21 30 503 25 34 2 22 16 28 1 33 27
18613 21 33 116 39 25 1 22 36 36 48 33 27
18614 21 31 188 28 32 67 27 19 28 17 33 27
18615 21 34 130 36 34 67 25 38 31 11 33 27
18616 22 31 410 28 28 59 24 36 27 11 33 27
18617 21 29 478 16 39 1 22 25 27 1 33 27
18618 21 30 214 24 26 23 25 35 28 24 33 27
18619 22 27 95 29 32 1 21 19 25 1 33 27
18620 21 33 192 33 23 21 23 29 22 38 33 27
18621 21 33 165 43 15 34 25 46 28 52 33 27
18622 21 34 93 16 27 42 26 32 33 20 33 27
18623 21 29 326 17 21 32 24 26 22 31 33 27
18624 22 36 110 22 29 109 21 19 32 26 33 27
18625 21 28 101 31 21 46 25 36 23 31 33 27
18626 21 28 237 24 31 49 22 31 28 10 33 27
18627 21 31 702 28 26 1 19 37 31 37 33 27
18628 21 34 243 36 21 104 25 33 26 41 33 27
18629 21 36 492 25 42 54 26 14 30 1 33 27
18630 21 30 1819 31 23 42 21 43 24 33 33 27
18631 22 34 212 28 40 76 21 20 27 1 33 27
18632 21 35 246 24 34 1 22 21 13 37 33 27
18633 22 29 218 28 25 1 22 31 28 37 33 27
18634 21 28 256 34 38 1 25 29 29 15 33 27
18635 21 32 178 36 25 51 24 24 31 34 33 27
18636 21 43 144 18 42 10 19 20 26 32 33 27
18637 21 39 135 39 38 19 25 32 31 36 33 27
18638 21 27 179 29 17 24 26 20 28 23 33 27
18639 22 34 107 28 39 105 25 29 25 1 33 27
18640 21 26 190 20 28 24 17 1 25 7 33 27
18641 22 27 266 28 23 15 23 26 32 14 33 27
18642 21 30 188 7 34 3 16 29 25 15 33 27
18643 21 32 126 29 29 1 25 28 28 34 33 27
18644 21 35 206 15 33 65 19 27 23 19 33 27
18645 21 30 474 25 27 31 27 22 27 15 33 27
18646 21 23 222 33 22 8 25 40 26 4 33 27
18647 22 31 396 38 25 1 22 35 25 34 33 27
18648 22 34 119 25 44 72 25 22 22 1 33 27
18649 21 32 133 38 26 75 24 30 20 28 33 27
18650 21 30 602 19 25 11 26 44 22 3 33 27
18651 21 30 182 20 30 50 23 27 24 4 33 27
18652 22 30 119 4 35 1 20 23 20 14 33 27
18653 21 32 486 28 25 46 24 37 24 26 33 27
18654 22 31 786 26 24 1 22 28 26 26 33 27
18655 21 33 237 22 41 1 23 17 27 23 33 27
18656 22 31 545 28 33 2 23 23 32 1 33 27
18657 21 35 394 17 33 1 24 28 27 26 33 27
18658 21 36 153 24 36 46 24 31 25 10 33 27
18659 21 33 139 22 33 18 24 22 27 15 33 27
18660 21 35 114 23 40 47 25 19 28 1 33 27
18661 21 35 172 40 34 1 21 32 21 34 33 27
18662 22 24 204 26 24 1 15 1 21 1 33 27
18663 21 34 230 22 29 28 23 20 27 11 33 27
18664 21 31 218 38 31 69 22 35 27 12 33 27
18665 21 26 127 42 21 37 22 28 38 11 33 27
18666 21 31 747 31 28 75 23 35 27 11 33 27
18667 22 23 74 26 22 1 28 30 26 1 33 27
18668 21 32 203 34 29 83 22 19 26 19 33 27
18669 21 26 159 21 34 27 28 24 30 1 33 27
18670 21 32 149 32 22 45 18 1 25 21 33 27
18671 21 26 116 36 19 1 26 29 27 30 33 27
18672 21 31 225 35 18 25 19 29 33 33 33 27
18673 21 31 425 23 38 1 22 27 34 11 33 27
18674 21 27 133 18 28 23 21 23 22 1 33 27
18675 21 30 133 16 36 1 19 31 26 14 33 27
18676 21 34 269 28 28 1 24 29 23 32 33 27
18677 21 30 305 29 35 22 26 24 31 18 33 27
18678 21 37 341 25 35 88 23 31 24 22 33 27
18679 21 28 202 26 26 20 21 26 22 9 33 27
18680 21 31 344 31 27 29 22 34 24 29 33 27
18681 21 36 112 32 30 1 24 40 25 31 33 27
18682 22 34 159 25 26 40 21 32 30 26 33 27
18683 21 23 288 21 14 1 29 37 32 32 33 27
18684 21 29 284 16 28 24 22 39 26 23 33 27
18685 21 34 298 15 29 1 24 25 28 43 33 27
18686 21 33 97 33 34 66 24 33 29 20 33 27
18687 21 30 122 24 31 84 24 20 26 1 33 27
18688 22 33 130 24 31 38 22 21 30 14 33 27
18689 21 33 349 24 35 6 24 23 27 10 33 27
18690 21 28 418 18 36 2 20 30 29 1 32 27
18691 21 31 102 27 22 94 22 27 19 11 33 27
18692 21 26 156 16 35 16 26 23 26 1 33 27
18693 21 32 208 21 29 1 22 27 31 25 33 27
18694 21 27 230 28 25 1 19 31 30 20 33 27
18695 21 34 1190 10 30 9 23 42 27 36 33 27
18696 21 28 546 20 17 14 23 33 23 24 33 27
18697 21 28 557 20 19 1 26 37 28 35 33 27
18698 21 30 242 16 21 18 25 25 33 19 33 27
18699 21 29 154 38 25 94 24 50 20 11 33 27
18700 21 23 182 37 26 43 22 33 32 1 32 27
18701 21 29 183 21 27 27 24 31 34 20 33 27
18702 21 25 125 19 20 1 21 28 19 17 33 27
18703 21 32 214 23 24 51 24 29 30 37 33 27
18704 21 32 107 29 32 1 26 31 30 38 33 27
18705 22 37 252 29 35 1 20 1 32 41 33 27
18706 21 34 301 22 36 73 22 26 33 16 33 27
18707 21 29 270 21 32 1 24 31 22 6 33 27
18708 21 38 264 35 27 50 21 40 25 43 33 27
18709 21 30 277 28 29 98 22 24 25 12 33 27
18710 21 27 376 39 19 1 17 26 21 2 33 27
18711 22 34 294 23 28 62 22 26 29 29 33 27
18712 21 32 202 27 32 99 22 22 27 16 33 27
18713 22 24 176 17 24 1 21 28 31 1 33 27
18714 21 29 108 42 18 87 19 24 18 7 33 27
18715 22 32 168 23 34 1 24 27 31 21 33 27
18716 21 34 172 24 33 1 21 30 27 30 33 27
18717 21 37 173 29 35 68 23 33 27 38 33 27
18718 21 29 281 25 27 3 26 26 28 19 33 27
18719 21 32 156 33 23 61 24 36 29 20 33 27
18720 21 30 118 32 20 79 20 46 23 15 33 27
18721 21 35 171 31 25 23 23 30 29 44 33 27
18722 21 37 250 30 31 72 19 24 28 30 33 27
18723 21 32 208 25 21 41 22 39 26 30 33 27
18724 21 33 186 21 38 16 19 34 26 1 33 27
18725 21 32 235 32 34 36 23 25 22 11 33 27
18726 21 30 204 24 31 42 23 28 18 10 33 27
18727 21 28 168 27 30 42 20 18 27 1 33 27
18728 21 31 168 18 27 32 26 32 34 26 33 27
18729 21 33 161 41 26 18 21 34 23 18 33 27
18730 21 31 138 33 28 33 22 30 23 12 33 27
18731 21 36 272 26 25 10 23 44 28 26 33 27
18732 21 34 187 31 31 12 25 24 29 23 33 27
18733 21 36 251 40 34 1 22 38 20 34 33 27
18734 21 29 246 31 23 1 22 37 29 21 33 27
18735 21 31 86 26 21 27 23 30 25 25 33 27
18736 21 32 111 22 14 54 21 24 27 28 33 27
18737 22 37 113 45 32 1 29 34 28 43 33 27
18738 21 26 683 26 26 1 21 1 20 13 33 27
18739 21 34 223 21 26 38 24 25 29 28 33 27
18740 21 32 173 9 29 17 25 10 27 30 33 27
18741 22 34 183 21 35 11 21 31 21 12 33 27
18742 22 40 302 29 39 10 21 26 20 20 33 27
18743 21 31 490 32 21 1 29 36 26 35 33 27
18744 21 40 112 29 40 27 23 23 30 23 33 27
18745 21 28 215 25 29 25 19 27 24 4 33 27
18746 21 32 136 22 33 1 17 25 22 6 33 27
18747 21 34 192 23 36 1 22 1 34 19 33 27
18748 21 30 1093 28 25 19 23 26 31 28 33 27
18749 21 35 182 25 30 1 21 21 31 25 33 27
18750 21 29 199 27 32 1 25 30 25 27 33 27
18751 21 30 412 20 25 22 22 16 34 24 33 27
18752 21 30 234 21 27 122 21 21 26 5 33 27
18753 21 36 532 35 29 58 20 20 28 25 33 27
18754 22 28 397 13 30 3 21 26 23 1 33 27
18755 21 30 307 29 24 1 18 33 28 31 33 27
18756 21 29 141 24 29 22 21 30 25 23 33 27
18757 21 32 205 23 26 17 21 27 31 37 33 27
18758 22 29 422 23 36 60 19 23 26 1 33 27
18759 22 37 196 25 36 1 20 20 25 14 33 27
18760 21 29 208 30 23 18 25 22 23 1 33 27
18761 22 29 255 17 30 4 19 14 25 1 33 27
18762 21 35 231 27 26 83 25 22 31 36 33 27
18763 21 29 174 33 25 1 19 35 24 17 33 27
18764 22 29 154 19 25 2 16 37 25 1 33 27
18765 21 32 171 26 21 84 26 23 33 30 33 27
18766 21 36 274 31 23 106 23 46 30 29 33 27
18767 21 26 204 32 28 1 24 34 29 1 33 27
18768 21 33 321 34 34 85 21 25 25 2 33 27
18769 21 29 202 22 25 27 22 23 36 9 33 27
18770 21 32 249 34 28 36 23 42 33 21 33 27
18771 21 33 156 26 32 1 20 33 28 19 33 27
18772 21 37 273 27 33 1 19 28 18 19 33 27
18773 21 32 106 23 23 6 25 23 31 28 33 27
18774 21 30 113 16 30 31 23 19 33 20 33 27
18775 21 31 116 41 28 33 24 30 25 11 33 27
18776 21 37 279 36 46 1 23 29 27 15 33 27
18777 21 33 404 31 26 41 18 33 39 26 33 27
18778 21 33 183 26 33 50 28 24 32 15 33 27
18779 22 31 179 20 32 1 21 1 33 23 33 27
18780 21 30 223 33 33 18 21 20 25 13 33 27
18781 22 39 165 31 34 1 18 1 39 28 33 27
18782 21 25 124 27 28 1 18 29 27 16 33 27
18783 22 31 197 25 28 48 25 24 21 2 33 27
18784 21 27 238 26 23 1 23 31 24 24 33 27
18785 21 35 324 14 40 88 20 30 24 11 33 27
18786 21 28 172 23 30 1 22 30 24 10 33 27
18787 22 32 181 29 21 24 20 25 22 32 33 27
18788 21 24 418 35 30 1 19 27 21 1 33 27
18789 21 27 339 21 28 12 24 28 27 14 33 27
18790 21 26 726 12 30 1 25 22 35 8 33 27
18791 21 35 203 39 44 1 28 21 28 17 33 27
18792 21 33 234 35 19 58 24 26 21 39 33 27
18793 21 37 202 34 23 35 24 37 30 40 33 27
18794 21 30 239 12 30 57 22 24 25 1 33 27
18795 21 35 260 30 32 73 21 22 22 20 33 27
18796 21 34 174 19 38 51 21 29 24 7 33 27
18797 22 26 97 25 15 1 21 43 26 34 33 27
18798 21 31 97 23 21 15 18 31 36 12 33 27
18799 21 32 2006 40 18 51 25 43 28 36 33 27
18800 21 38 173 25 39 1 26 20 27 30 33 27
18801 21 34 153 13 29 13 26 26 25 39 33 27
18802 21 28 275 29 25 28 26 27 22 9 33 27
18803 21 26 146 18 27 40 22 24 27 9 33 27
18804 21 31 161 28 23 43 24 29 26 25 33 27
18805 21 33 372 31 27 55 15 28 20 14 33 27
18806 21 30 316 35 28 44 23 25 25 20 33 27
18807 21 30 170 23 26 1 25 30 19 9 33 27
18808 21 30 130 33 22 14 24 56 26 14 33 27
18809 22 145 150 347 105 40 23 38 19 21 33 27
18810 21 31 265 27 33 72 27 26 24 8 33 27
18811 21 36 176 31 33 77 20 27 21 30 33 27
18812 21 32 215 22 32 58 20 20 33 6 33 27
18813 21 35 256 35 32 66 23 27 29 20 33 27
18814 21 24 157 19 21 1 21 30 27 13 33 27
18815 21 33 193 43 23 21 23 30 25 35 33 27
18816 22 27 204 18 31 1 21 24 24 21 33 27
18817 21 26 344 18 35 8 22 22 28 1 33 27
18818 22 30 194 18 33 1 22 25 29 7 33 27
18819 22 33 195 36 29 20 21 25 24 14 33 27
18820 21 36 296 25 36 1 24 40 32 34 33 27
18821 21 31 142 9 31 1 20 25 26 24 33 27
18822 21 31 780 30 28 1 19 37 25 20 33 27
18823 22 35 202 12 31 1 31 24 24 30 33 27
18824 22 34 222 34 29 29 19 31 31 36 33 27
18825 21 38 163 28 35 91 26 26 30 18 33 27
18826 22 30 211 27 23 1 22 31 28 30 33 27
18827 21 34 380 30 25 38 25 36 36 36 33 27
18828 22 31 241 22 30 1 22 14 21 26 33 27
18829 21 33 378 27 34 53 22 28 22 8 33 27
18830 22 32 170 29 23 110 19 24 21 23 33 27
18831 21 32 249 17 27 26 27 17 27 16 33 27
18832 21 31 195 26 27 42 20 24 23 20 33 27
18833 21 33 153 24 35 1 18 30 25 31 33 27
18834 22 38 168 32 38 51 23 21 26 13 33 27
18835 22 33 405 14 47 1 19 27 29 14 33 27
18836 21 31 163 33 22 40 25 23 29 14 33 27
18837 21 30 288 21 36 17 19 20 28 1 33 27
18838 22 30 132 29 22 15 25 28 29 24 33 27
18839 21 31 271 23 22 1 21 37 22 39 33 27
18840 21 36 236 23 31 62 24 35 27 20 33 27
18841 21 29 192 28 31 107 22 1 30 4 33 27
18842 22 35 219 35 26 1 26 33 28 40 33 27
18843 21 32 202 16 35 48 20 11 29 14 33 27
18844 21 32 194 12 40 39 21 27 25 1 33 27
18845 21 34 169 22 31 83 23 31 27 28 33 27
18846 22 30 259 25 34 115 16 22 22 1 33 27
18847 22 27 128 11 34 2 25 22 31 5 33 27
18848 22 35 145 23 32 1 19 25 28 26 33 27
18849 21 30 175 31 24 1 24 31 29 13 33 27
18850 21 34 157 25 29 60 23 20 31 28 33 27
18851 21 30 289 33 25 12 24 52 31 24 33 27
18852 22 33 199 17 32 26 19 25 29 23 33 27
18853 21 29 98 30 32 25 17 1 16 14 33 27
18854 22 33 260 30 25 1 22 32 31 26 33 27
18855 21 22 405 21 27 1 21 24 24 1 33 27
18856 21 32 270 33 30 28 22 26 30 8 33 27
18857 21 30 731 27 28 51 20 53 25 1 33 27
18858 21 28 178 17 31 45 22 29 23 9 33 27
18859 21 31 193 16 34 10 20 26 31 1 33 27
18860 21 31 153 21 33 18 22 25 29 1 33 27
18861 21 30 581 18 27 46 21 32 34 22 33 27
18862 21 29 342 31 30 1 27 31 31 1 33 27
18863 21 28 96 24 27 26 25 25 23 7 33 27
18864 21 26 93 29 30 59 24 20 27 1 33 27
18865 21 35 265 27 41 42 21 20 20 1 33 27
18866 21 35 338 27 33 12 21 13 33 17 33 27
18867 21 33 241 20 27 21 25 33 28 28 33 27
18868 21 23 180 32 23 45 28 33 30 16 33 27
18869 21 30 173 6 34 1 22 31 25 25 33 27
18870 21 368 284 76 98 549 23 18 28 1 33 27
18871 21 30 120 25 33 86 16 21 28 1 33 27
18872 22 32 190 41 34 1 17 1 34 1 32 27
18873 21 38 139 151 41 72 24 21 32 17 33 27
18874 21 32 245 33 31 1 25 25 30 16 33 27
18875 21 33 328 21 23 13 31 44 29 32 33 27
18876 21 28 248 21 37 1 22 38 26 23 33 27
18877 21 27 582 37 24 1 23 31 22 18 33 27
18878 21 29 332 17 20 9 24 25 21 23 33 27
18879 21 31 87 18 34 21 27 23 26 7 33 27
18880 21 28 167 28 39 50 21 25 21 13 33 27
18881 21 40 182 20 40 57 23 19 27 37 33 27
18882 21 31 201 26 24 24 22 25 25 31 33 27
18883 21 34 169 9 35 22 21 14 19 26 33 27
18884 21 34 133 13 29 41 24 23 30 9 33 27
18885 21 31 185 28 23 28 24 32 34 17 33 27
18886 21 30 323 31 35 11 22 21 31 7 33 27
18887 21 28 117 26 30 17 27 30 26 1 33 27
18888 21 29 269 37 17 43 24 33 25 28 33 27
18889 21 35 179 21 36 79 30 27 20 8 33 27
18890 22 31 450 31 40 1 26 20 24 1 33 27
18891 22 32 164 22 27 11 21 24 24 10 33 27
18892 21 36 691 9 25 52 23 29 22 20 33 27
18893 22 27 215 24 31 1 23 32 24 6 33 27
18894 21 41 223 29 44 1 24 1 36 42 33 27
18895 22 34 170 21 24 34 25 21 23 31 33 27
18896 21 28 202 29 23 1 22 31 27 34 33 27
18897 22 36 403 29 34 31 19 33 22 18 33 27
18898 22 36 182 25 38 1 22 38 26 47 33 27
18899 21 24 271 32 18 1 25 39 29 7 33 27
18900 21 38 915 22 20 22 20 27 24 45 33 27
18901 22 27 168 37 26 1 21 30 24 10 33 27
18902 22 31 193 10 36 18 21 27 32 1 33 27
18903 21 26 163 15 36 28 25 25 24 1 33 27
18904 21 31 353 24 32 1 23 22 28 21 33 27
18905 21 35 220 15 38 48 20 20 25 14 33 27
18906 22 28 403 12 32 1 24 17 19 1 33 27
18907 22 34 111 24 29 51 26 19 35 15 33 27
18908 21 33 339 14 42 115 21 19 25 1 32 27
18909 21 36 110 27 40 50 20 4 32 22 33 27
18910 21 24 148 18 28 1 20 22 25 8 33 27
18911 21 38 283 24 33 47 22 36 23 34 33 27
18912 21 32 323 23 32 107 25 22 30 2 33 27
18913 21 30 320 35 28 51 24 12 26 15 33 27
18914 21 31 325 28 19 1 22 29 21 27 33 27
18915 21 21 197 30 30 12 23 20 26 1 33 27
18916 21 29 368 8 35 21 20 14 24 1 33 27
18917 21 32 243 26 35 31 21 34 26 9 33 27
18918 22 28 77 28 12 11 20 36 31 30 33 27
18919 21 32 189 25 30 1 23 31 49 41 33 27
18920 21 27 383 29 20 36 19 36 31 13 33 27
18921 21 37 228 32 45 93 20 14 28 6 33 27
18922 21 29 108 16 37 21 20 22 19 1 33 27
18923 21 29 1075 14 25 1 17 17 19 24 33 27
18924 21 28 389 24 31 9 19 24 26 8 33 27
18925 21 29 180 17 29 7 20 22 25 1 33 27
18926 21 28 233 22 28 1 26 25 35 22 33 27
18927 21 33 181 8 36 16 24 22 29 5 33 27
18928 21 27 88 17 25 21 24 29 25 18 33 27
18929 21 34 114 30 29 113 23 29 28 17 33 27
18930 22 29 119 35 22 33 23 43 27 25 33 27
18931 21 34 324 28 32 1 21 30 30 26 33 27
18932 21 34 171 16 28 20 21 19 32 2 33 27
18933 21 32 244 51 26 95 23 33 26 28 33 27
18934 21 31 334 19 40 36 19 30 23 1 33 27
18935 21 29 199 39 11 7 20 41 24 43 33 27
18936 21 26 262 9 26 1 24 20 26 1 33 27
18937 21 34 253 30 29 70 25 18 28 8 33 27
18938 21 24 327 36 21 23 22 21 20 1 33 27
18939 21 26 200 20 42 30 20 13 28 1 32 27
18940 21 30 107 30 19 1 26 37 26 44 33 27
18941 21 30 155 21 36 32 21 23 35 1 33 27
18942 21 32 296 39 19 1 24 44 28 35 33 27
18943 21 33 184 35 30 56 22 29 30 43 33 27
18944 22 31 274 13 33 14 17 29 28 17 33 27
18945 21 31 209 28 34 26 20 29 29 3 33 27
18946 21 42 189 36 39 23 23 32 31 44 33 27
18947 21 34 631 22 31 21 23 18 26 31 33 27
18948 21 27 185 21 29 41 22 42 25 15 33 27
18949 21 29 270 36 28 78 21 21 26 5 33 27
18950 21 35 158 18 33 1 17 17 23 15 33 27
18951 21 30 243 30 27 59 21 36 22 20 33 27
18952 21 33 202 19 31 1 25 31 23 27 33 27
18953 21 30 232 32 15 32 23 41 24 45 33 27
18954 21 32 465 28 21 94 17 13 23 25 33 27
18955 21 35 205 27 22 1 29 16 32 37 33 27
18956 21 34 449 29 39 38 24 14 31 11 33 27
18957 22 33 87 30 19 60 23 13 24 23 33 27
18958 22 25 186 23 26 1 24 39 22 17 33 27
18959 21 30 151 26 38 1 23 27 30 5 33 27
18960 21 35 256 18 32 1 26 21 25 18 33 27
18961 21 33 325 19 36 87 25 22 28 1 32 27
18962 21 29 227 28 23 45 23 30 28 1 32 27
18963 21 31 363 29 25 101 24 35 26 17 33 27
18964 21 28 179 20 20 11 22 34 26 25 33 27
18965 21 25 100 20 29 1 18 27 28 1 33 27
18966 21 37 667 26 44 78 20 1 33 14 33 27
18967 21 32 123 24 35 1 22 27 26 26 33 27
18968 21 23 337 15 32 1 24 18 26 1 33 27
18969 21 35 215 30 37 87 19 27 26 5 33 27
18970 22 27 244 16 38 1 35 23 26 1 32 27
18971 21 29 191 18 30 1 23 27 20 14 33 27
18972 21 36 342 27 32 46 28 37 30 43 33 27
18973 21 32 163 29 20 56 22 26 25 25 33 27
18974 22 30 753 14 24 1 16 1 26 13 33 27
18975 21 37 180 12 42 39 24 21 25 29 33 27
18976 21 35 347 28 30 13 22 21 26 32 33 27
18977 22 31 161 33 20 10 23 30 23 46 33 27
18978 22 33 185 41 26 7 28 36 29 45 33 27
18979 21 33 269 24 29 11 21 18 26 32 33 27
18980 22 31 185 29 20 1 23 32 26 39 33 27
18981 22 32 245 26 45 1 19 35 29 13 33 27
18982 21 28 157 19 33 3 27 29 24 1 33 27
18983 21 27 88 24 25 36 23 27 34 1 33 27
18984 21 32 123 18 28 25 23 21 29 7 33 27
18985 21 27 445 30 19 1 24 38 22 41 33 27
18986 22 29 486 24 32 1 21 14 30 1 33 27
18987 21 26 126 11 32 24 19 21 23 1 32 27
18988 21 34 259 29 29 30 21 24 22 31 33 27
18989 21 40 185 32 29 83 25 27 30 33 33 27
18990 21 37 166 24 38 1 26 25 33 21 33 27
18991 22 41 140 14 45 1 23 17 27 31 33 27
18992 21 34 113 24 33 1 24 15 24 22 33 27
18993 21 24 186 19 29 1 20 21 21 1 33 27
18994 21 31 370 26 31 23 24 24 33 16 33 27
18995 21 30 276 23 34 117 22 21 25 1 33 27
18996 21 33 161 31 32 40 18 22 27 20 33 27
18997 21 30 90 15 25 7 20 21 27 14 33 27
18998 21 27 286 12 37 2 22 17 26 2 33 27
18999 21 34 301 24 24 29 22 32 21 28 33 27
19000 21 35 108 17 35 21 25 26 20 30 33 27
19001 21 27 167 34 17 40 19 1 22 11 33 27
19002 21 27 393 25 24 40 21 21 23 12 33 27
19003 21 33 301 22 34 29 23 34 25 15 33 27
19004 21 32 184 28 31 77 25 36 30 19 33 27
19005 21 29 149 18 36 29 25 21 26 4 33 27
19006 21 31 242 26 30 65 19 19 25 18 33 27
19007 21 30 264 28 19 27 20 29 24 25 33 27
19008 21 31 210 24 25 51 27 34 31 24 33 27
19009 22 35 193 32 34 10 60 31 28 22 33 27
19010 21 27 127 24 23 30 22 30 23 28 33 27
19011 21 28 129 28 25 1 19 39 30 28 33 27
19012 21 29 489 27 30 53 19 26 28 8 33 27
19013 21 29 345 24 26 1 27 32 30 16 33 27
19014 21 34 197 23 28 19 21 27 29 20 33 27
19015 21 38 326 21 39 86 20 23 26 39 33 27
19016 21 31 93 23 35 1 21 25 25 22 33 27
19017 21 38 172 15 37 64 22 18 28 32 33 27
19018 21 33 223 35 29 87 22 33 24 17 33 27
19019 22 31 162 18 26 1 22 20 24 23 33 27
19020 21 35 124 35 38 30 28 18 31 1 33 27
19021 21 31 175 33 22 8 22 37 17 39 33 27
19022 21 29 203 31 25 1 22 38 24 36 33 27
19023 22 35 107 22 23 18 24 28 30 35 33 27
19024 21 32 128 33 29 84 22 21 24 22 33 27
19025 21 27 287 20 26 18 22 31 27 16 33 27
19026 21 27 194 43 30 24 22 26 29 12 33 27
19027 21 34 127 18 41 60 27 23 32 8 33 27
19028 21 35 198 17 38 1 23 31 30 11 33 27
19029 22 33 251 21 31 83 26 19 34 14 33 27
19030 21 34 101 31 26 68 19 19 28 15 33 27
19031 21 32 496 26 29 16 28 47 25 22 33 27
19032 22 34 350 25 36 69 26 17 31 20 33 27
19033 21 31 257 23 30 1 24 36 29 24 33 27
19034 21 36 157 28 29 1 23 48 33 37 33 27
19035 21 33 205 19 29 11 16 25 19 25 33 27
19036 21 24 238 23 33 16 16 16 23 8 33 27
19037 21 32 168 18 26 1 24 32 27 29 33 27
19038 22 33 111 16 28 1 32 28 24 26 33 27
19039 21 26 377 20 33 25 22 24 32 1 33 27
19040 21 26 155 38 21 16 25 21 31 12 33 27
19041 21 27 134 21 22 11 21 35 23 18 33 27
19042 22 32 111 24 33 90 24 34 23 16 33 27
19043 21 33 94 23 29 1 22 15 27 29 33 27
19044 21 32 206 31 26 41 25 30 25 20 33 27
19045 21 31 172 19 33 13 22 32 30 5 33 27
19046 22 29 174 34 34 1 18 33 26 7 33 27
19047 21 30 123 20 37 1 23 15 29 1 33 27
19048 22 29 191 27 26 1 21 39 22 21 33 27
19049 21 28 239 35 34 21 27 28 24 6 33 27
19050 21 30 167 15 31 1 23 22 20 21 33 27
19051 21 42 243 22 40 58 23 22 23 37 33 27
19052 21 36 415 27 41 89 23 30 27 13 33 27
19053 21 35 246 30 24 94 16 1 33 18 33 27
19054 21 37 208 21 28 8 20 36 23 41 33 27
19055 22 31 235 32 37 1 18 20 26 4 33 27
19056 21 30 146 32 16 40 21 25 20 27 33 27
19057 21 36 106 41 30 3 21 28 25 41 33 27
19058 21 31 179 12 41 1 24 17 27 18 33 27
19059 21 33 165 20 36 36 25 22 26 2 33 27
19060 21 32 119 36 27 1 23 24 29 20 33 27
19061 22 32 276 17 25 12 20 21 32 8 33 27
19062 21 32 852 29 34 66 24 28 28 13 33 27
19063 21 36 231 29 24 39 24 26 35 26 33 27
19064 21 31 412 30 32 15 23 41 26 4 33 27
19065 21 30 210 13 33 1 25 15 23 11 33 27
19066 21 33 124 22 32 78 22 29 27 9 33 27
19067 21 26 318 18 26 1 16 25 21 8 33 27
19068 21 36 161 35 27 88 25 31 24 17 33 27
19069 22 27 164 33 16 19 21 24 27 21 33 27
19070 21 34 416 28 29 69 20 18 22 21 33 27
19071 22 28 176 26 25 1 18 30 23 28 33 27
19072 22 32 178 36 26 30 21 13 19 13 33 27
19073 21 30 373 26 30 1 19 23 24 22 33 27
19074 21 27 151 28 20 63 26 20 32 1 33 27
19075 21 29 494 32 22 1 26 32 24 35 33 27
19076 22 33 174 24 30 27 24 25 26 18 33 27
19077 21 30 171 27 30 72 20 1 27 24 33 27
19078 22 34 1289 26 21 11 23 29 22 25 33 27
19079 21 29 147 28 15 15 22 20 24 20 33 27
19080 21 26 138 36 24 1 22 43 25 13 33 27
19081 21 42 286 19 42 51 23 24 23 37 33 27
19082 21 32 471 27 19 20 20 28 26 24 33 27
19083 21 33 170 30 26 1 18 34 26 39 33 27
19084 21 30 123 16 32 18 22 28 33 3 33 27
19085 21 27 189 18 36 1 22 26 32 1 33 27
19086 21 35 687 18 28 1 20 21 27 39 33 27
19087 21 32 185 21 27 1 17 1 24 25 33 27
19088 21 32 289 30 25 43 24 28 22 19 33 27
19089 21 31 192 14 37 1 23 23 28 13 33 27
19090 21 28 105 33 20 32 22 16 32 10 33 27
19091 21 27 232 3 28 28 21 29 24 1 33 27
19092 21 30 198 15 38 10 23 21 27 1 33 27
19093 21 27 80 23 25 1 19 18 23 4 33 27
19094 21 26 364 27 27 10 25 16 25 8 33 27
19095 22 31 103 30 32 33 22 21 21 10 33 27
19096 21 31 98 31 23 27 24 33 26 24 33 27
19097 21 39 274 21 23 70 25 30 23 39 33 27
19098 22 30 97 22 26 91 21 27 28 17 33 27
19099 21 32 292 26 22 1 25 38 18 34 33 27
19100 22 32 347 35 25 28 26 24 37 33 33 27
19101 21 31 201 36 25 43 26 55 30 17 33 27
19102 21 35 219 30 35 1 21 44 24 28 33 27
19103 21 25 422 34 27 19 17 1 23 12 33 27
19104 22 34 253 28 30 13 22 20 25 17 33 27
19105 21 33 152 24 23 5 24 18 24 35 33 27
19106 21 37 238 38 34 14 21 47 32 22 33 27
19107 21 34 165 21 22 16 19 25 22 27 33 27
19108 21 28 103 30 23 76 24 13 41 10 33 27
19109 21 18 188 27 13 19 23 22 21 3 33 27
19110 21 31 398 15 34 27 21 25 17 4 33 27
19111 21 24 514 37 21 68 23 37 27 11 33 27
19112 21 32 333 21 33 1 20 24 26 25 33 27
19113 21 30 217 24 29 60 20 32 28 11 33 27
19114 21 29 183 16 35 1 17 19 26 14 33 27
19115 22 37 161 44 26 7 22 39 31 42 33 27
19116 21 33 112 27 33 7 25 28 35 21 33 27
19117 21 36 149 37 31 33 22 33 23 40 33 27
19118 21 30 126 23 28 5 26 18 27 12 33 27
19119 21 34 165 21 26 1 22 26 47 35 33 27
19120 21 29 131 18 33 51 22 34 30 14 33 27
19121 21 28 105 30 28 1 16 10 38 3 33 27
19122 21 29 207 16 27 1 23 18 22 27 33 27
19123 21 29 142 15 38 16 21 28 26 1 33 27
19124 21 32 345 14 38 38 22 25 26 3 33 27
19125 21 35 217 21 37 104 22 22 21 8 33 27
19126 22 39 188 24 47 111 24 13 31 1 33 27
19127 21 27 139 44 18 80 23 12 27 14 33 27
19128 21 29 100 30 26 4 19 26 21 9 33 27
19129 21 31 140 18 29 5 26 21 28 26 33 27
19130 21 30 289 32 32 1 26 19 29 9 33 27
19131 21 27 100 29 19 49 23 26 26 24 33 27
19132 22 36 105 21 27 22 18 25 24 40 33 27
19133 21 31 131 28 23 22 20 28 26 31 33 27
19134 21 30 341 23 28 51 28 34 36 7 33 27
19135 21 28 324 26 20 1 17 34 32 39 33 27
19136 21 32 193 22 35 7 21 22 32 24 33 27
19137 21 24 293 27 27 2 19 27 25 8 33 27
19138 22 33 164 28 23 6 21 31 25 28 33 27
19139 21 25 209 35 21 13 27 29 37 11 33 27
19140 21 31 961 33 27 33 25 29 30 11 33 27
19141 21 35 204 24 29 31 24 39 30 28 33 27
19142 21 36 194 18 28 70 36 28 22 28 33 27
19143 21 29 208 31 27 1 25 32 31 20 33 27
19144 21 28 86 22 23 22 19 19 24 1 33 27
19145 21 27 329 35 27 1 21 41 25 10 33 27
19146 21 31 94 32 19 17 20 37 22 29 33 27
19147 21 29 176 16 30 1 20 19 25 17 33 27
19148 21 31 166 21 25 1 24 24 29 41 33 27
19149 21 33 254 29 30 64 23 28 26 25 33 27
19150 21 36 217 33 41 35 28 26 25 22 33 27
19151 21 31 392 15 28 19 20 27 27 17 33 27
19152 21 30 248 35 16 26 26 33 29 42 33 27
19153 21 34 304 25 33 1 18 1 34 29 33 27
19154 21 22 141 18 23 1 27 24 27 11 33 27
19155 22 37 194 34 24 37 24 32 21 46 33 27
19156 22 38 249 24 41 1 24 19 33 16 33 27
19157 21 34 179 37 30 1 25 37 26 33 33 27
19158 21 27 698 31 30 1 27 15 30 1 33 27
19159 21 34 296 36 32 24 18 30 28 37 33 27
19160 21 33 211 31 37 42 20 36 28 28 33 27
19161 22 35 242 24 39 1 20 26 27 22 33 27
19162 21 28 142 24 20 1 22 1 23 14 33 27
19163 21 31 207 30 21 38 16 28 25 23 33 27
19164 21 27 186 22 18 1 22 18 23 7 33 27
19165 21 30 93 27 24 54 18 22 23 10 33 27
19166 21 30 183 24 27 1 23 44 23 26 33 27
19167 21 35 247 25 29 91 18 22 23 27 33 27
19168 22 34 164 33 22 36 21 19 35 21 33 27
19169 21 32 804 18 27 15 22 26 28 38 33 27
19170 21 33 345 31 27 24 22 30 26 24 33 27
19171 21 28 115 22 16 1 22 26 27 28 33 27
19172 21 31 219 44 20 22 21 28 24 31 33 27
19173 21 32 512 33 25 1 21 38 28 42 33 27
19174 21 25 349 25 28 57 26 17 32 1 33 27
19175 21 33 549 33 24 15 23 36 30 30 33 27
19176 21 28 303 35 21 13 19 20 26 20 33 27
19177 21 26 152 27 21 27 23 40 17 2 33 27
19178 21 28 152 22 32 1 26 30 26 32 33 27
19179 21 32 136 36 27 87 22 23 29 26 33 27
19180 21 28 185 31 22 46 19 31 26 4 33 27
19181 21 34 151 16 31 40 27 22 31 2 33 27
19182 21 29 144 20 29 1 21 24 27 13 33 27
19183 21 39 254 38 23 82 25 36 27 44 33 27
19184 21 31 241 36 27 1 24 1 28 20 33 27
19185 21 35 184 21 36 1 19 17 25 11 33 27
19186 22 30 158 28 22 12 26 21 29 13 33 27
19187 21 29 141 37 26 95 23 20 28 8 33 27
19188 21 19 144 24 26 1 18 25 21 1 33 27
19189 21 25 202 18 29 29 21 43 26 5 33 27
19190 22 37 459 26 38 86 20 34 23 19 33 27
19191 22 30 259 27 26 58 22 35 27 28 33 27
19192 21 29 173 13 38 1 20 21 27 1 33 27
19193 21 37 187 22 35 57 26 31 33 28 33 27
19194 21 27 158 24 20 27 20 28 31 4 33 27
19195 21 38 273 26 29 1 26 34 31 47 33 27
19196 21 26 175 28 23 40 22 27 24 10 33 27
19197 21 32 412 30 31 43 26 24 24 34 33 27
19198 21 31 170 19 33 42 25 24 27 19 33 27
19199 21 33 820 37 22 78 20 35 28 37 33 27
19200 21 32 138 20 39 1 22 21 26 7 33 27
19201 22 28 74 34 20 29 25 1 30 22 33 27
19202 21 27 95 23 21 44 21 25 26 19 33 27
19203 21 31 577 21 28 16 22 33 25 23 33 27
19204 21 36 583 18 29 1 25 17 29 31 33 27
19205 21 38 411 29 37 1 23 23 21 40 33 27
19206 21 36 235 20 34 1 26 26 27 24 33 27
19207 21 38 133 33 41 1 22 28 19 33 33 27
19208 21 35 321 43 25 1 27 37 25 50 33 27
19209 21 29 388 26 28 1 20 27 19 30 33 27
19210 21 31 101 32 16 37 25 36 25 43 33 27
19211 22 31 209 24 21 21 20 33 21 20 33 27
19212 21 29 482 31 16 70 28 13 29 14 33 27
19213 21 29 293 24 36 68 25 13 26 1 33 27
19214 21 29 224 25 26 1 21 30 21 34 33 27
19215 22 33 186 28 42 59 21 26 26 1 33 27
19216 21 43 187 32 39 104 25 21 28 16 33 27
19217 21 34 230 33 37 6 23 23 30 16 33 27
19218 22 30 85 27 29 24 18 23 26 4 33 27
19219 21 33 279 38 19 63 24 34 32 35 33 27
19220 21 27 218 11 30 25 23 24 24 1 33 27
19221 21 39 297 24 33 64 22 27 30 37 33 27
19222 21 31 154 21 25 4 19 23 25 32 33 27
19223 21 32 155 35 25 19 25 24 31 29 33 27
19224 21 30 127 34 20 9 25 35 25 32 33 27
19225 21 30 217 13 38 19 24 25 33 7 33 27
19226 21 25 665 29 26 17 20 35 22 20 33 27
19227 21 30 273 28 28 28 27 26 34 6 33 27
19228 21 35 181 25 33 48 35 17 23 30 33 27
19229 22 29 201 22 24 1 22 31 27 20 33 27
19230 21 33 260 34 23 1 26 37 35 35 33 27
19231 21 25 275 12 35 1 17 22 17 1 33 27
19232 21 29 200 22 23 1 23 26 23 29 33 26
19233 21 33 105 31 27 48 23 30 27 25 33 27
19234 22 32 319 28 34 69 31 17 27 1 33 27
19235 21 35 244 28 33 80 20 24 21 25 33 27
19236 22 33 506 26 28 30 23 32 26 16 33 27
19237 21 29 573 34 24 30 14 41 25 4 33 27
19238 21 41 183 31 28 66 21 31 31 45 33 27
19239 21 28 150 29 38 23 21 20 21 12 33 27
19240 21 34 263 27 38 37 26 23 22 5 33 27
19241 21 31 365 25 31 98 25 24 27 1 33 27
19242 21 29 220 19 32 1 18 35 26 33 33 27
19243 21 27 426 25 27 1 23 37 26 11 33 27
19244 22 32 248 20 26 49 20 28 26 18 33 27
19245 21 33 216 32 32 67 22 35 24 25 33 27
19246 21 30 486 28 30 1 24 34 31 16 33 27
19247 21 28 580 19 30 32 29 20 30 7 33 27
19248 21 31 218 26 30 51 25 27 25 20 33 27
19249 21 25 288 33 26 1 22 29 30 10 33 27
19250 22 34 218 29 40 52 17 24 32 1 33 27
19251 21 25 383 28 25 30 21 23 24 9 33 27
19252 21 30 202 20 30 1 26 23 26 1 33 27
19253 22 39 201 25 30 18 19 16 19 28 33 27
19254 21 28 170 137 30 1 21 19 24 4 33 27
19255 21 34 141 14 32 53 23 47 33 36 33 27
19256 21 26 91 20 26 40 21 32 25 12 33 27
19257 21 35 275 26 32 41 23 29 22 27 33 27
19258 21 30 147 23 29 38 22 33 23 13 33 27
19259 21 29 107 26 27 50 21 39 23 24 33 27
19260 21 33 267 16 21 58 19 25 19 14 33 27
19261 21 31 336 23 25 34 22 33 26 15 33 27
19262 21 33 149 25 40 81 20 29 25 1 33 27
19263 22 31 149 41 22 9 23 43 23 35 33 27
19264 21 27 80 29 22 46 26 33 25 22 33 27
19265 22 33 249 31 37 65 19 23 25 6 33 27
19266 21 30 271 26 24 34 28 26 22 24 33 27
19267 21 26 116 26 21 31 26 50 23 1 32 27
19268 21 30 325 24 28 12 22 30 23 26 33 27
19269 21 32 1152 27 24 4 23 33 23 27 33 27
19270 21 34 342 33 22 36 23 34 29 34 33 27
19271 21 34 253 20 32 37 20 30 25 29 33 27
19272 21 42 177 14 48 1 27 25 29 26 33 27
19273 21 31 138 31 28 38 19 38 31 23 33 27
19274 21 29 346 16 27 35 20 25 33 1 32 27
19275 21 33 196 22 36 48 22 25 31 21 33 27
19276 22 28 93 29 27 24 24 16 27 19 33 27
19277 21 30 244 37 21 67 20 23 29 19 33 27
19278 21 36 196 23 39 3 25 16 29 26 33 27
19279 21 28 268 19 26 1 23 30 26 30 33 27
19280 21 24 175 29 26 31 25 41 26 10 33 27
19281 21 31 142 20 27 68 22 25 28 25 33 27
19282 21 39 220 35 36 52 27 15 33 32 33 27
19283 21 32 261 36 32 3 18 35 29 24 33 27
19284 21 29 253 26 35 19 22 18 26 1 32 27
19285 21 35 195 32 31 38 24 37 25 3 33 27
19286 21 31 111 26 34 7 17 20 23 29 33 27
19287 21 32 318 32 36 88 21 25 29 5 33 27
19288 21 31 266 15 29 3 22 49 23 28 33 27
19289 21 28 276 30 27 51 17 26 22 8 33 27
19290 21 32 209 16 30 9 20 14 23 20 33 27
19291 21 33 203 31 35 79 23 45 29 14 33 27
19292 21 34 138 28 27 1 24 28 31 32 33 27
19293 22 32 158 21 21 1 21 42 24 25 33 27
19294 21 29 496 21 38 29 22 30 24 7 33 27
19295 21 28 207 35 26 60 21 35 28 22 33 27
19296 21 35 394 27 25 48 26 42 28 34 33 27
19297 21 40 137 24 36 55 24 48 28 42 33 27
19298 22 33 95 29 30 1 26 19 19 14 33 27
19299 21 29 249 35 18 12 23 31 26 33 33 27
19300 21 24 332 22 22 1 44 47 18 15 33 27
19301 21 27 178 18 30 1 23 28 32 3 33 27
19302 21 38 156 24 32 1 22 43 21 34 33 27
19303 21 32 164 33 28 10 17 27 15 20 33 27
19304 21 32 235 26 31 1 18 35 25 17 33 27
19305 21 31 189 25 34 1 19 29 24 22 33 27
19306 21 36 358 6 30 15 25 31 26 20 33 27
19307 21 40 247 14 37 27 25 19 25 35 33 27
19308 21 34 178 31 32 46 20 16 24 21 33 27
19309 21 32 695 28 29 6 25 25 30 27 33 27
19310 21 30 267 39 38 39 23 19 29 1 33 27
19311 21 35 194 28 39 57 23 1 28 35 33 27
19312 21 30 214 25 23 1 23 30 24 28 33 27
19313 21 39 103 25 38 40 26 28 30 31 33 27
19314 22 27 175 13 32 33 19 28 28 2 33 27
19315 21 34 207 21 38 17 20 17 30 14 33 27
19316 21 26 408 19 21 11 21 19 25 4 33 27
19317 21 35 210 16 36 18 27 34 26 20 33 27
19318 21 24 141 20 21 39 19 14 28 6 33 27
19319 21 28 136 26 34 1 25 32 27 12 33 27
19320 21 36 161 8 30 37 22 25 27 22 33 27
19321 22 33 334 26 23 69 28 29 34 8 33 27
19322 21 33 96 15 39 46 21 33 23 7 33 27
19323 21 30 94 15 25 63 24 20 26 2 33 27
19324 21 30 352 15 28 6 19 15 28 21 33 27
19325 21 31 461 22 27 38 22 36 26 8 33 27
19326 22 29 219 14 31 41 23 34 27 1 33 27
19327 22 36 327 21 37 10 21 30 21 30 33 27
19328 21 30 167 25 24 1 22 17 25 22 33 27
19329 21 30 259 29 30 37 18 30 18 1 33 27
19330 21 36 153 20 38 44 21 23 25 21 33 27
19331 21 29 354 23 25 45 25 34 24 12 33 27
19332 21 34 171 23 35 1 26 18 32 23 33 27
19333 22 35 340 22 30 1 20 30 18 29 33 27
19334 21 29 236 12 26 49 26 28 25 1 32 27
19335 21 34 139 37 28 1 22 34 24 29 33 27
19336 21 32 254 32 25 20 23 34 28 22 33 27
19337 21 32 219 27 31 28 24 40 28 9 33 27
19338 21 31 306 36 15 20 23 1 27 22 33 27
19339 21 24 138 29 18 1 19 25 24 27 33 27
19340 21 28 197 13 26 1 21 30 27 16 33 27
19341 22 42 273 25 35 41 20 39 20 42 33 27
19342 21 30 476 13 40 1 20 32 28 8 33 27
19343 21 32 170 25 38 66 27 37 33 23 33 27
19344 21 28 92 30 32 81 22 47 25 20 33 27
19345 21 29 121 13 35 1 27 36 20 14 33 27
19346 21 33 203 2 35 1 26 13 28 14 33 27
19347 22 28 248 21 25 24 21 27 24 16 33 27
19348 21 34 145 27 30 46 27 32 31 30 33 27
19349 21 30 156 31 34 34 23 22 32 9 33 27
19350 22 32 198 33 25 8 25 30 24 43 34 27
19351 21 36 734 23 36 47 22 37 26 22 33 27
19352 21 27 589 20 26 2 28 23 26 6 33 27
19353 22 38 162 22 36 82 16 1 29 43 33 27
19354 21 25 685 39 15 33 22 39 18 14 33 27
19355 21 28 214 31 27 48 21 17 22 6 33 27
19356 21 31 526 20 23 23 24 28 20 29 33 27
19357 22 28 141 26 12 38 22 26 30 35 33 27
19358 21 27 142 14 21 36 25 22 26 7 33 27
19359 22 34 346 27 30 18 23 31 29 25 33 27
19360 21 31 103 39 19 1 21 32 17 34 33 27
19361 21 26 127 28 32 13 23 28 30 15 32 27
19362 21 33 124 29 33 62 20 7 27 6 33 27
19363 21 33 245 36 28 54 23 28 29 11 33 27
19364 22 33 153 26 21 16 23 37 26 35 33 27
19365 21 41 373 26 38 22 26 21 28 27 33 27
19366 21 37 357 22 37 1 25 28 30 25 33 27
19367 21 32 455 35 36 96 25 33 23 32 33 27
19368 21 32 172 23 35 10 23 35 32 11 33 27
19369 21 33 130 35 27 67 23 33 18 19 33 27
19370 21 28 197 29 24 1 16 34 24 13 33 27
19371 22 31 108 19 27 21 26 21 36 15 33 27
19372 21 35 154 35 26 35 20 29 17 46 33 27
19373 21 29 649 31 19 27 19 37 27 18 33 27
19374 21 31 146 23 15 1 22 28 23 19 33 27
19375 21 32 117 17 26 73 28 19 25 15 33 27
19376 22 29 131 25 31 33 18 25 75 18 33 27
19377 21 33 132 24 34 76 20 28 32 6 33 27
19378 21 28 531 25 29 11 23 18 34 1 33 27
19379 21 31 405 25 28 69 23 29 27 8 33 27
19380 21 31 218 18 25 13 26 39 33 20 33 27
19381 22 29 117 13 23 1 23 45 31 31 33 27
19382 21 34 1034 29 20 34 20 1 28 21 33 27
19383 21 20 139 28 22 22 21 21 25 1 33 27
19384 21 27 300 26 27 19 20 25 24 1 33 27
19385 21 30 2006 39 20 15 27 48 21 23 33 27
19386 21 31 220 23 28 1 25 1 30 10 33 27
19387 21 30 168 35 29 25 20 26 23 16 33 27
19388 21 35 273 28 28 1 22 33 29 40 33 27
19389 21 32 182 24 33 1 21 22 29 17 33 27
19390 21 33 432 31 29 1 17 34 30 33 33 27
19391 21 29 94 35 22 37 26 29 34 30 33 27
19392 21 31 201 18 23 38 23 20 20 21 33 27
19393 21 31 398 38 25 85 28 31 34 22 33 27
19394 22 31 239 32 20 23 29 37 27 38 33 27
19395 21 34 404 32 31 14 23 1 32 21 33 27
19396 21 33 307 35 23 109 25 26 28 11 33 27
19397 21 32 238 16 39 23 22 23 23 13 33 27
19398 21 30 644 20 26 8 23 31 29 28 33 27
19399 26 44 897 28 37 18 26 30 33 30 39 33
19400 21 25 225 32 21 28 26 42 14 1 33 27
19401 22 35 173 29 32 81 23 25 29 19 33 27
19402 22 30 160 28 29 75 21 30 24 1 33 27
19403 21 37 409 30 31 1 20 1 33 39 33 27
19404 21 30 115 28 30 1 22 27 26 18 33 27
19405 21 36 228 29 12 44 24 1 33 36 33 27
19406 21 27 155 24 15 1 18 28 22 29 33 27
19407 21 33 338 41 34 64 20 28 22 13 33 27
19408 21 28 286 24 24 1 23 29 28 5 33 27
19409 22 33 211 29 27 36 24 34 20 27 33 27
19410 21 33 177 27 26 65 23 26 32 18 33 27
19411 21 32 134 32 33 83 23 24 32 6 33 27
19412 21 31 368 31 34 1 22 33 27 14 33 27
19413 21 31 299 30 25 1 21 33 23 36 33 27
19414 21 28 136 25 28 1 22 22 27 4 33 27
19415 21 34 122 18 47 12 21 29 26 15 33 27
19416 21 33 190 35 31 89 23 52 24 25 33 27
19417 21 31 325 26 34 1 26 23 33 29 33 27
19418 21 29 228 23 29 1 23 26 27 17 33 27
19419 22 41 135 29 37 1 20 35 26 52 33 27
19420 21 27 152 19 33 7 21 31 26 1 33 27
19421 21 37 191 28 27 53 23 20 31 33 33 27
19422 21 30 414 38 26 1 19 32 26 25 33 27
19423 21 37 368 26 36 1 24 37 29 29 33 27
19424 21 23 200 32 16 12 19 25 23 7 33 27
19425 21 30 396 16 26 18 21 22 22 1 32 27
19426 21 32 142 22 27 43 22 27 28 26 33 27
19427 22 28 195 20 31 23 24 23 24 1 33 27
19428 21 32 196 22 30 68 21 25 25 11 33 27
19429 21 42 190 24 33 84 21 29 22 34 33 27
19430 21 27 215 30 18 20 27 30 31 30 33 27
19431 22 33 182 23 36 5 24 19 27 13 33 27
19432 22 35 379 31 32 60 26 31 33 20 33 27
19433 21 36 273 25 34 75 21 29 20 26 33 27
19434 21 36 175 39 26 1 20 36 28 36 33 27
19435 21 34 350 32 27 86 27 32 30 36 33 27
19436 21 29 104 30 24 102 21 27 24 7 33 27
19437 21 24 235 24 21 15 15 26 18 1 33 27
19438 21 32 166 20 35 21 22 20 27 11 33 27
19439 21 33 214 26 32 54 20 33 29 30 33 27
19440 21 25 151 19 27 1 21 31 24 18 33 27
19441 21 26 353 37 20 52 22 19 28 8 33 27
19442 21 29 280 26 31 1 23 32 26 11 33 27
19443 21 29 331 23 31 1 23 24 28 18 33 27
19444 21 33 123 25 30 22 29 21 25 18 33 27
19445 22 21 128 26 18 1 22 31 20 1 33 27
19446 21 30 182 33 24 12 27 24 33 5 33 27
19447 21 32 697 18 28 23 21 23 22 5 33 27
19448 22 36 383 36 25 32 24 36 26 45 33 27
19449 21 28 170 22 27 22 26 29 26 9 33 27
19450 22 41 159 19 32 44 27 51 32 37 33 27
19451 21 31 423 49 29 91 23 30 30 11 33 27
19452 21 29 202 20 26 1 19 25 29 17 33 27
19453 21 33 98 31 25 1 22 28 34 41 33 27
19454 21 26 157 27 18 43 20 17 29 1 33 27
19455 21 37 179 28 34 103 17 1 23 24 33 27
19456 21 31 235 22 38 87 24 23 32 1 32 27
19457 21 30 620 18 23 23 20 28 24 10 33 27
19458 21 29 200 27 23 15 20 38 28 9 33 27
19459 21 35 208 31 31 64 25 18 26 15 33 27
19460 21 29 201 26 39 1 23 25 25 1 33 27
19461 21 37 187 29 39 68 22 17 20 13 33 27
19462 21 33 120 35 41 1 23 29 26 24 33 27
19463 21 24 68 19 30 1 19 22 23 1 33 27
19464 21 37 170 33 30 83 22 27 28 26 33 27
19465 21 30 422 24 34 55 22 26 28 1 33 27
19466 21 29 166 23 29 59 25 34 28 9 33 27
19467 21 39 145 22 33 58 24 21 29 20 33 27
19468 21 36 381 28 34 1 25 139 223 22 33 27
19469 21 32 239 23 29 1 26 33 29 25 33 27
19470 21 31 138 22 33 41 23 29 22 1 33 27
19471 21 32 224 28 27 1 24 31 29 50 33 27
19472 21 30 110 46 23 68 22 20 28 5 33 27
19473 22 31 529 36 35 4 20 43 23 1 33 27
19474 21 28 178 21 29 42 21 23 23 1 33 27
19475 22 27 119 26 29 5 22 26 28 10 33 27
19476 21 36 160 28 34 56 25 22 27 27 33 27
19477 21 35 184 11 20 54 22 44 24 40 33 27
19478 21 30 151 32 22 11 22 35 23 50 33 27
19479 21 31 266 38 27 22 24 36 25 30 33 27
19480 21 29 254 20 33 1 20 29 32 1 33 27
19481 21 34 258 26 20 70 21 37 20 48 33 27
19482 22 37 170 8 38 25 19 40 25 30 33 27
19483 21 31 139 20 33 1 22 1 33 17 33 27
19484 21 31 111 28 32 1 21 35 29 7 33 27
19485 22 34 201 37 36 74 18 1 21 26 33 27
19486 21 29 266 30 24 57 22 31 30 21 33 27
19487 21 30 264 19 26 49 29 32 27 14 33 27
19488 22 29 249 17 35 38 26 22 29 1 33 27
19489 21 35 213 18 40 1 22 27 33 13 33 27
19490 21 33 203 23 31 101 24 11 30 6 33 27
19491 21 32 166 32 20 20 23 27 29 46 33 27
19492 21 25 133 21 22 47 22 31 28 25 33 27
19493 21 28 99 30 26 1 23 31 28 34 33 27
19494 21 29 221 28 22 7 18 30 27 40 33 27
19495 21 27 99 26 25 12 27 36 33 16 33 27
19496 21 30 168 29 32 36 20 53 29 22 33 27
19497 21 30 254 41 28 78 22 23 25 13 33 27
19498 21 28 208 14 25 52 20 23 16 1 33 27
19499 21 39 152 37 32 1 26 32 30 41 33 27
19500 22 31 164 34 20 1 26 36 28 47 33 27
19501 21 28 241 28 31 20 18 1 27 7 33 27
19502 21 28 130 27 38 21 24 22 25 18 33 27
19503 21 37 316 21 40 1 20 24 33 27 33 27
19504 21 36 253 21 27 1 24 25 27 35 33 27
19505 21 24 94 15 25 1 17 23 24 1 33 27
19506 21 33 443 16 36 1 20 21 23 10 33 27
19507 21 30 138 28 28 1 25 27 30 18 33 27
19508 21 30 125 20 15 2 15 16 27 18 33 27
19509 22 27 244 12 32 17 17 25 23 1 33 27
19510 22 32 196 24 25 1 24 30 26 27 33 27
19511 21 31 102 24 35 67 23 30 26 11 33 27
19512 21 35 266 28 33 11 22 21 28 27 33 27
19513 21 29 263 26 26 1 20 36 28 43 33 27
19514 21 26 181 23 26 1 22 17 31 2 33 27
19515 21 33 493 20 39 23 22 27 29 1 32 27
19516 21 28 94 19 26 1 23 23 23 9 33 27
19517 21 30 475 24 27 1 24 31 24 27 33 27
19518 22 38 464 30 45 92 22 20 31 1 33 27
19519 21 31 137 19 26 46 17 24 27 30 33 27
19520 21 34 261 38 23 19 24 39 32 49 33 27
19521 21 28 473 26 21 17 17 25 26 15 33 27
19522 21 35 263 34 37 1 21 23 22 28 33 27
19523 21 34 385 23 38 9 24 24 26 24 33 27
19524 22 23 225 24 15 4 22 32 25 23 33 27
19525 21 32 170 24 34 21 24 24 29 16 33 27
19526 21 31 249 24 31 4 23 31 29 13 33 27
19527 21 34 404 27 32 66 22 30 24 23 33 27
19528 21 36 108 26 25 75 23 32 32 22 33 27
19529 21 31 174 26 23 1 22 37 30 29 33 27
19530 21 35 175 28 28 1 20 23 31 35 33 27
19531 21 35 129 29 32 16 19 25 23 26 33 27
19532 21 24 771 29 26 5 22 18 16 1 33 27
19533 21 33 86 24 33 1 16 27 20 15 33 27
19534 21 31 224 26 24 15 23 29 32 33 33 27
19535 21 32 941 29 25 1 28 27 23 26 33 27
19536 22 34 325 28 28 20 24 34 24 22 33 27
19537 22 27 189 30 24 38 19 39 27 15 33 27
19538 22 23 196 27 35 19 17 1 25 1 33 27
19539 21 30 452 28 22 93 24 26 24 13 33 27
19540 21 30 241 18 30 66 20 23 28 7 33 27
19541 21 31 647 28 19 62 39 26 24 27 33 27
19542 22 32 157 18 35 27 24 26 22 1 33 27
19543 21 31 300 30 30 1 20 34 30 25 33 27
19544 21 24 311 30 34 5 25 28 21 6 32 26
19545 21 37 168 29 41 82 23 24 27 6 33 27
19546 21 32 326 30 26 1 28 30 25 44 33 27
19547 22 30 272 20 29 46 20 7 27 1 32 27
19548 22 31 179 25 39 1 21 50 28 21 33 27
19549 21 32 125 42 30 1 25 39 27 23 33 27
19550 22 32 164 24 22 12 26 29 23 5 33 27
19551 21 29 201 22 27 1 23 28 33 19 33 27
19552 21 32 133 28 29 32 28 30 37 23 33 27
19553 21 32 229 30 25 80 23 25 28 15 33 27
19554 21 31 162 18 34 60 22 26 24 1 33 27
19555 21 28 119 23 26 51 18 19 21 2 33 27
19556 21 35 317 32 33 122 25 24 25 18 33 27
19557 22 33 207 24 27 1 22 28 23 26 33 27
19558 21 30 92 27 21 3 21 27 27 29 33 27
19559 21 29 186 15 29 23 20 17 30 1 33 27
19560 21 31 229 22 22 14 24 40 25 54 33 27
19561 21 34 242 31 29 23 22 38 27 32 33 27
19562 21 33 199 28 28 45 22 33 29 41 33 27
19563 21 25 134 22 25 10 20 21 17 1 33 27
19564 21 33 438 29 26 1 21 30 26 45 33 27
19565 21 28 221 17 30 38 25 22 25 2 33 27
19566 22 31 212 25 30 1 21 31 23 37 33 27
19567 21 34 213 26 35 1 24 26 21 26 33 27
19568 21 30 236 35 15 21 21 41 28 46 33 27
19569 21 38 280 31 38 70 27 37 32 23 33 27
19570 21 30 226 23 27 78 21 27 30 14 33 27
19571 21 33 255 24 30 1 24 29 30 34 33 27
19572 21 30 164 25 24 36 23 28 95 10 33 27
19573 21 35 519 17 34 62 22 25 27 21 33 27
19574 21 37 463 33 29 40 24 28 25 46 33 27
19575 22 36 171 39 33 128 18 1 27 18 33 27
19576 22 26 193 23 17 1 21 26 29 18 33 27
19577 21 32 129 24 32 7 26 24 21 24 33 27
19578 21 27 85 20 24 16 21 24 24 35 33 27
19579 22 30 359 27 32 1 18 33 24 7 33 27
19580 22 29 139 12 35 11 21 20 23 1 33 27
19581 21 24 328 26 26 47 14 29 16 1 33 27
19582 21 32 154 30 23 1 22 31 23 47 33 27
19583 21 31 328 36 29 53 25 33 29 19 33 27
19584 21 23 413 9 18 1 22 18 27 12 33 27
19585 22 31 82 20 31 46 20 29 26 15 33 27
19586 21 31 180 20 38 4 26 17 30 7 33 27
19587 21 32 161 22 31 76 24 29 28 11 33 27
19588 22 25 199 27 19 40 23 17 27 7 33 27
19589 21 36 157 31 34 46 22 33 24 28 33 27
19590 21 33 227 22 29 1 20 24 34 33 33 27
19591 22 26 275 27 33 50 25 32 31 1 33 27
19592 21 31 112 27 28 22 24 20 25 30 33 27
19593 21 35 243 36 26 39 23 31 24 39 33 27
19594 21 28 452 19 29 15 22 28 24 19 33 27
19595 21 28 152 25 28 42 20 41 18 20 33 27
19596 21 31 133 26 26 66 26 29 24 23 33 27
19597 21 27 202 22 23 1 19 23 26 9 33 27
19598 21 34 202 24 32 44 18 18 26 5 33 27
19599 21 31 339 19 24 51 26 33 29 18 33 27
19600 21 29 181 26 30 54 24 22 33 1 33 27
19601 22 33 171 33 30 70 20 29 20 29 33 27
19602 21 32 370 30 31 1 25 31 27 22 33 27
19603 21 29 271 22 36 59 21 30 28 1 32 27
19604 21 30 223 24 35 67 25 28 28 1 33 27
19605 21 34 376 16 30 63 20 19 24 11 33 27
19606 21 33 235 24 32 27 19 24 24 20 33 27
19607 21 40 206 25 36 101 24 28 36 35 33 27
19608 22 28 178 27 19 65 23 34 26 21 33 27
19609 21 36 124 28 28 9 22 21 18 25 33 27
19610 21 32 812 22 34 1 24 37 21 27 33 27
19611 21 32 168 33 26 105 25 29 29 18 33 27
19612 21 31 106 27 29 80 19 49 22 8 33 27
19613 21 30 147 24 13 25 19 26 21 29 33 27
19614 21 31 184 33 33 1 28 31 21 33 33 27
19615 21 35 218 33 31 1 25 29 29 40 33 27
19616 21 34 180 36 34 45 24 34 28 28 33 27
19617 21 31 184 23 28 20 26 11 24 25 33 27
19618 21 26 542 10 18 4 19 24 28 2 33 27
19619 22 33 156 33 16 1 23 26 33 19 33 27
19620 21 34 247 19 31 55 20 21 23 33 33 27
19621 21 28 208 32 27 29 24 46 27 21 33 27
19622 21 26 184 33 22 55 19 30 29 6 33 27
19623 21 31 93 17 33 44 26 22 27 4 33 27
19624 21 30 428 22 28 25 27 22 24 26 33 27
19625 21 29 132 43 39 53 24 22 21 1 32 27
19626 21 29 196 20 24 1 19 23 21 20 33 27
19627 21 31 577 32 23 1 25 46 28 40 33 27
19628 21 31 342 37 17 5 21 39 22 37 33 27
19629 21 36 98 28 31 1 22 21 28 28 33 27
19630 21 30 244 22 38 76 23 23 26 9 33 27
19631 21 31 424 27 29 18 26 35 28 17 33 27
19632 21 33 133 24 38 70 22 36 24 13 33 27
19633 21 33 96 26 35 29 22 40 31 5 33 27
19634 21 33 464 33 31 1 22 31 30 30 33 27
19635 21 34 161 19 34 59 19 20 24 12 33 27
19636 21 26 205 23 15 11 24 20 27 17 33 27
19637 21 30 375 18 26 1 25 25 21 24 33 27
19638 21 27 156 9 30 53 26 17 27 1 33 27
19639 21 39 117 35 35 92 23 33 29 34 33 27
19640 21 31 313 41 19 3 27 29 22 26 33 27
19641 22 36 228 38 33 1 19 29 26 32 33 27
19642 21 30 176 18 28 1 20 22 34 1 33 27
19643 21 29 119 28 24 1 23 27 24 31 33 26
19644 21 32 111 43 25 20 21 32 29 32 33 27
19645 21 30 356 28 24 6 26 27 24 1 33 27
19646 21 28 189 35 25 77 21 32 26 1 33 27
19647 21 34 236 25 34 50 23 32 32 11 33 27
19648 21 34 214 19 27 1 20 22 29 33 33 27
19649 21 31 212 30 21 30 21 20 20 31 33 27
19650 22 28 289 25 31 1 26 23 29 5 33 27
19651 21 31 106 23 31 11 24 16 22 10 33 27
19652 21 30 198 19 33 96 22 24 27 3 33 26
19653 21 30 265 32 28 13 25 35 36 20 33 27
19654 21 29 461 33 23 60 22 32 23 16 33 27
19655 21 32 227 35 30 69 27 18 26 22 33 27
19656 21 33 326 18 36 1 21 24 26 13 33 27
19657 21 26 276 23 28 1 23 40 26 5 33 27
19658 21 40 122 16 36 7 26 28 26 37 33 27
19659 21 30 152 28 27 1 19 28 23 30 33 27
19660 21 32 298 35 31 39 31 21 36 10 33 27
19661 21 32 818 25 35 50 28 29 28 16 33 27
19662 21 29 264 27 31 30 20 37 21 13 33 27
19663 21 25 251 32 26 58 22 28 18 1 32 27
19664 21 30 428 13 28 35 25 25 35 29 33 27
19665 21 27 110 26 37 1 20 18 25 1 33 27
19666 21 35 200 18 28 70 22 25 28 34 33 27
19667 22 29 170 34 23 1 18 35 26 31 33 27
19668 21 31 175 24 33 1 20 31 28 21 33 27
19669 21 33 475 25 33 1 24 26 22 19 33 27
19670 21 31 169 25 37 25 25 19 29 6 33 27
19671 21 28 290 22 22 47 23 31 24 15 33 27
19672 22 30 168 14 33 30 24 23 25 1 33 27
19673 21 24 222 17 24 1 21 23 19 8 33 27
19674 21 35 652 24 37 88 24 26 33 7 33 27
19675 21 37 895 33 32 1 22 22 27 40 33 27
19676 21 31 368 26 25 1 28 36 29 28 33 27
19677 21 36 178 15 35 40 24 21 28 28 33 27
19678 21 38 190 28 31 74 24 15 22 33 33 27
19679 21 31 163 21 28 23 22 42 27 23 33 27
19680 21 27 250 27 15 1 22 29 21 31 33 27
19681 21 36 113 25 32 1 22 17 24 27 33 27
19682 22 31 231 33 18 1 24 28 25 32 33 27
19683 21 36 186 28 33 68 23 39 32 19 33 27
19684 22 28 235 27 38 1 20 22 26 10 33 27
19685 21 30 193 21 23 66 19 24 23 16 33 27
19686 21 32 364 24 24 1 22 27 25 19 33 27
19687 21 33 257 28 36 1 24 39 35 13 33 27
19688 21 30 164 31 19 1 21 33 27 36 33 27
19689 22 29 591 22 27 15 28 28 25 18 33 27
19690 21 35 253 29 38 12 26 29 28 21 33 27
19691 21 30 106 19 31 27 22 29 26 1 33 27
19692 21 32 217 16 37 27 22 22 30 3 33 27
19693 21 30 241 27 34 1 20 1 26 20 33 27
19694 21 33 162 33 21 1 27 28 22 31 33 27
19695 22 31 148 27 31 29 25 20 35 23 33 27
19696 22 35 136 14 28 32 24 20 26 24 33 27
19697 21 31 256 32 29 1 22 29 22 18 33 27
19698 21 32 331 29 32 48 23 25 27 8 33 27
19699 21 24 410 39 17 30 21 25 21 1 33 27
19700 21 26 942 25 23 27 23 30 26 9 33 27
19701 22 32 185 35 22 47 29 38 22 27 33 27
19702 21 26 599 33 26 73 27 26 15 1 33 27
19703 21 30 153 34 31 1 24 30 31 23 33 27
19704 21 29 247 30 26 50 23 14 31 4 33 27
19705 21 29 142 24 23 1 25 28 27 5 33 27
19706 21 29 99 17 34 1 22 20 27 4 33 27
19707 21 37 171 12 32 23 17 19 27 37 33 27
19708 21 38 274 35 42 71 22 26 30 12 33 27
19709 22 30 402 15 38 1 17 15 20 6 33 27
19710 21 32 241 27 27 1 20 27 29 20 33 27
19711 22 39 104 24 34 67 21 22 22 22 33 27
19712 21 33 244 26 22 47 24 21 29 19 33 27
19713 21 29 222 28 29 1 21 20 20 8 33 27
19714 21 28 548 27 25 1 20 34 26 18 33 27
19715 22 33 127 36 32 94 21 27 22 17 33 27
19716 21 28 234 30 25 1 21 35 25 16 33 27
19717 22 29 197 28 22 20 25 33 26 26 33 27
19718 21 30 122 20 24 1 15 31 29 24 33 27
19719 22 29 183 32 26 54 23 32 23 1 33 27
19720 21 33 491 19 30 1 28 49 32 27 33 27
19721 21 33 460 27 27 13 28 26 29 24 33 27
19722 21 29 138 36 26 96 27 19 31 7 33 27
19723 21 34 209 15 25 15 18 39 20 25 33 27
19724 21 32 167 28 28 12 21 25 24 6 33 27
19725 21 32 268 24 42 13 20 23 28 1 32 26
19726 22 31 288 38 29 122 19 1 19 5 33 27
19727 21 30 100 14 26 30 28 27 24 25 33 27
19728 21 25 164 22 20 12 19 41 22 12 33 27
19729 21 35 175 22 35 116 24 24 25 1 33 27
19730 21 27 577 27 13 5 22 32 29 33 33 27
19731 22 33 102 38 25 37 31 1 36 31 33 27
19732 21 25 162 24 18 1 23 30 30 19 33 27
19733 22 31 341 24 31 70 24 33 24 4 33 27
19734 21 25 261 17 26 70 24 24 22 1 32 27
19735 21 29 266 28 33 1 23 29 26 14 33 27
19736 21 29 174 21 33 48 24 25 30 9 33 27
19737 21 34 222 21 44 1 20 41 28 20 33 27
19738 21 30 177 24 28 24 19 27 30 1 33 27
19739 21 33 351 22 30 18 21 39 25 40 33 27
19740 22 29 97 16 22 1 19 30 33 17 33 27
19741 21 37 594 37 40 73 22 38 23 29 33 27
19742 22 28 272 24 32 44 26 22 24 1 33 27
19743 21 27 107 13 28 17 21 24 26 1 33 27
19744 21 30 318 24 30 1 24 31 23 30 33 27
19745 21 36 155 15 28 32 26 24 28 41 33 27
19746 21 24 515 19 20 11 21 24 29 3 33 27
19747 21 24 239 20 21 52 19 30 21 1 33 27
19748 21 33 148 28 23 57 25 36 21 11 33 27
19749 21 36 221 25 41 1 23 18 30 20 33 27
19750 21 29 371 29 27 4 24 32 29 18 33 27
19751 21 32 574 20 39 66 23 23 25 1 33 27
19752 21 28 193 25 29 72 18 34 24 11 33 27
19753 21 30 247 36 24 43 25 30 26 31 33 27
19754 21 37 210 35 32 57 22 25 22 40 33 27
19755 21 37 220 33 30 36 22 20 35 30 33 27
19756 21 28 179 26 25 15 20 35 27 30 33 27
19757 21 39 189 21 30 57 23 15 22 30 33 27
19758 21 30 405 26 31 55 19 21 21 5 33 27
19759 21 31 166 28 24 64 21 15 28 7 33 27
19760 21 33 195 25 24 9 23 24 21 26 33 27
19761 22 28 97 26 35 46 24 25 36 1 33 27
19762 21 29 149 20 34 1 22 20 29 10 33 27
19763 21 38 170 33 24 67 16 28 28 31 33 27
19764 21 27 157 23 31 34 22 20 25 1 33 27
19765 21 32 299 28 30 23 23 1 27 19 33 27
19766 21 35 408 29 22 77 24 23 28 27 33 27
19767 21 27 252 23 23 37 23 25 19 15 33 27
19768 21 28 132 33 23 14 21 37 24 30 33 27
19769 21 29 379 26 19 11 29 32 34 30 33 27
19770 21 24 266 36 22 1 22 30 28 22 33 27
19771 22 32 129 33 14 66 23 32 33 30 33 27
19772 21 25 209 43 10 31 27 20 29 18 33 27
19773 21 29 248 28 38 1 16 31 21 1 32 27
19774 21 34 183 36 31 48 27 25 22 28 33 27
19775 21 32 169 25 20 18 20 27 21 35 33 27
19776 21 30 221 17 39 70 22 20 27 1 33 27
19777 22 39 236 19 27 7 22 51 31 38 33 27
19778 21 31 144 37 26 1 18 35 22 35 33 27
19779 21 33 185 28 37 15 21 22 36 21 33 27
19780 21 30 181 25 27 1 21 24 23 26 33 27
19781 21 33 148 25 37 27 18 25 22 7 33 27
19782 21 35 198 20 35 56 25 19 26 1 32 27
19783 21 39 694 34 27 54 28 47 28 37 33 27
19784 22 35 419 24 33 1 18 14 19 21 33 27
19785 21 26 213 18 32 1 17 30 28 6 33 27
19786 21 32 258 27 20 56 20 27 25 33 33 27
19787 21 26 207 31 17 11 27 31 36 14 33 27
19788 22 35 114 13 34 1 24 21 33 24 33 27
19789 22 27 169 29 28 1 19 46 30 10 33 27
19790 21 31 233 22 29 1 22 21 31 13 33 27
19791 21 40 166 32 35 39 25 25 27 40 33 27
19792 21 30 113 27 20 20 22 29 28 24 33 27
19793 21 33 277 25 32 49 20 25 28 32 33 27
19794 21 26 229 30 17 38 23 25 24 16 33 27
19795 22 39 135 31 38 1 23 15 27 28 33 27
19796 21 105 117 28 29 64 29 43 28 10 33 27
19797 21 31 212 31 22 81 32 25 27 11 33 27
19798 21 32 203 31 20 21 19 35 27 38 33 27
19799 21 31 277 35 22 86 21 18 30 1 33 27
19800 22 32 202 25 35 45 22 27 25 22 33 27
19801 21 28 264 35 23 25 24 25 22 18 33 27
19802 21 34 422 23 28 102 23 12 24 1 32 27
19803 22 33 227 22 31 50 23 18 23 7 33 27
19804 21 28 87 22 29 29 24 34 23 4 33 27
19805 21 27 249 18 28 12 26 34 22 1 33 27
19806 21 30 195 25 32 1 23 49 29 8 33 27
19807 22 27 115 20 29 1 21 24 27 16 33 27
19808 21 33 235 34 28 1 22 31 27 38 33 27
19809 21 36 171 19 24 48 22 21 33 27 33 27
19810 21 36 154 5 37 49 22 20 32 33 33 27
19811 21 29 150 18 23 9 20 24 24 22 33 27
19812 21 32 283 26 17 9 29 33 26 46 33 27
19813 21 26 146 16 32 43 22 17 27 1 33 27
19814 21 28 158 43 28 12 22 48 29 7 33 27
19815 22 32 208 28 35 30 20 21 24 27 33 27
19816 22 31 423 27 28 78 23 25 34 1 33 27
19817 21 22 108 25 27 44 24 22 31 1 33 27
19818 21 28 456 28 25 1 22 37 27 26 33 27
19819 21 31 140 23 32 69 17 24 21 1 33 27
19820 21 36 197 31 38 14 26 38 33 34 33 27
19821 21 30 481 27 46 17 21 25 27 1 33 27
19822 21 31 276 18 38 31 21 18 24 1 32 27
19823 21 32 196 19 31 8 22 15 26 17 33 27
19824 21 31 222 27 29 1 23 39 27 24 33 27
19825 21 25 145 17 27 46 24 17 26 1 33 27
19826 21 31 105 18 34 1 24 27 26 1 33 27
19827 22 30 149 29 30 34 26 33 36 6 33 27
19828 21 35 186 14 24 70 24 15 27 29 33 27
19829 21 37 189 20 27 19 25 39 25 32 33 27
19830 21 35 277 26 35 1 24 33 26 33 33 27
19831 21 28 143 17 29 27 21 23 26 1 33 27
19832 22 29 356 33 32 1 21 37 30 27 33 27
19833 21 29 141 26 26 50 23 18 29 30 33 27
19834 21 29 186 13 34 45 24 25 23 1 33 27
19835 21 33 409 27 26 23 27 24 58 40 33 27
19836 21 31 96 38 30 1 26 20 32 13 33 27
19837 21 35 286 21 30 35 24 1 37 23 33 27
19838 21 33 443 10 32 1 19 21 26 36 33 27
19839 21 32 1137 10 47 3 20 37 26 18 33 27
19840 21 29 188 7 44 1 19 19 24 1 33 27
19841 21 28 155 14 36 1 14 29 24 1 33 27
19842 22 29 390 46 21 68 21 40 23 19 33 27
19843 21 32 295 26 23 19 28 30 24 31 33 27
19844 21 28 212 27 28 1 22 26 22 14 33 27
19845 21 30 95 21 31 45 21 16 27 7 33 27
19846 21 28 204 28 28 84 25 28 33 1 33 27
19847 21 27 134 34 28 21 23 28 26 13 33 27
19848 21 28 959 40 25 1 25 38 31 2 33 27
19849 21 36 130 26 23 33 26 33 27 52 33 27
19850 21 35 247 30 24 1 26 37 22 46 33 27
19851 21 29 254 23 27 15 21 26 20 1 33 27
19852 21 36 129 26 33 59 25 25 32 29 33 27
19853 21 32 983 21 23 15 21 34 22 43 33 27
19854 21 24 182 19 19 1 21 33 29 1 33 27
19855 21 28 101 24 26 1 27 32 27 37 33 27
19856 21 29 223 30 21 1 22 27 25 24 33 27
19857 22 29 137 21 34 18 23 31 29 9 33 27
19858 21 32 156 18 37 19 18 19 28 1 32 27
19859 21 34 289 31 26 40 24 30 29 37 33 27
19860 21 33 303 20 32 3 20 32 25 10 33 27
19861 21 35 390 28 23 39 19 26 24 41 33 27
19862 22 34 798 37 24 68 23 38 28 29 33 27
19863 21 33 130 28 27 1 23 19 25 7 33 27
19864 21 33 154 19 32 47 23 44 33 16 32 26
19865 21 27 236 26 23 42 22 24 26 19 33 27
19866 22 33 158 30 29 20 18 30 24 25 33 27
19867 21 34 296 16 39 47 22 24 29 1 33 27
19868 21 35 137 25 30 25 26 29 25 27 33 27
19869 22 25 318 22 23 20 27 26 29 4 33 27
19870 21 31 402 17 27 41 28 27 30 11 33 27
19871 22 32 243 24 26 37 22 1 25 33 33 27
19872 22 30 118 19 28 7 24 24 24 19 33 27
19873 22 28 167 32 25 37 22 36 23 28 33 27
19874 21 29 199 23 35 1 24 22 23 7 33 27
19875 21 34 199 24 34 120 19 24 24 1 32 27
19876 22 34 211 38 36 71 26 1 33 1 33 27
19877 21 32 213 34 36 1 22 27 25 1 33 27
19878 21 26 303 33 22 17 18 19 22 1 33 27
19879 21 28 243 12 18 17 23 27 35 15 33 27
19880 21 32 150 27 30 1 22 35 25 38 33 27
19881 21 31 241 34 29 86 26 24 30 4 33 27
19882 21 38 341 39 41 85 23 14 23 28 33 27
19883 21 32 232 21 37 15 24 21 25 11 33 27
19884 21 27 208 14 39 4 18 27 26 1 33 27
19885 22 33 157 11 32 1 27 19 23 29 33 27
19886 21 33 172 28 36 1 20 35 32 25 33 27
19887 21 33 144 20 36 92 22 24 26 8 33 27
19888 21 30 461 29 13 21 25 29 23 39 33 27
19889 21 28 107 27 31 6 22 31 27 15 33 27
19890 21 28 400 18 31 30 21 23 25 1 33 27
19891 21 30 192 21 20 33 23 33 31 5 33 27
19892 21 30 247 16 38 4 14 21 32 1 32 27
19893 21 36 298 33 24 55 20 31 31 43 33 27
19894 22 27 130 21 28 1 20 28 30 20 33 27
19895 21 30 564 22 28 9 21 34 22 21 33 27
19896 21 35 233 31 24 104 26 34 28 32 33 27
19897 21 33 737 18 28 14 24 43 27 44 33 27
19898 21 25 141 25 21 14 25 25 23 4 33 27
19899 21 29 387 15 28 1 21 42 27 26 33 27
19900 21 33 90 35 24 1 26 27 22 41 33 27
19901 22 30 156 28 28 58 20 27 28 9 33 27
19902 21 31 138 23 39 7 24 48 30 23 33 27
19903 21 31 313 31 28 1 23 36 24 28 33 27
19904 21 30 197 19 26 66 23 19 25 8 33 27
19905 22 37 333 27 31 2 24 32 31 31 33 27
19906 22 34 120 31 33 6 19 39 23 9 33 27
19907 21 29 122 24 25 64 22 32 19 23 33 27
19908 21 31 298 29 38 17 20 23 24 8 33 27
19909 21 26 143 19 30 1 22 33 27 9 33 27
19910 21 36 133 16 34 59 23 31 22 37 33 27
19911 22 27 226 22 28 1 21 32 23 35 33 27
19912 21 29 137 25 28 17 31 27 32 7 33 27
19913 21 26 293 31 23 21 21 31 21 5 33 27
19914 22 34 98 26 27 46 25 40 25 11 33 27
19915 22 31 185 25 23 25 25 19 33 22 33 27
19916 21 35 464 24 31 38 24 1 31 26 33 27
19917 21 31 229 22 25 63 23 25 30 7 33 27
19918 21 35 396 26 32 1 27 34 26 20 33 27
19919 21 29 635 18 27 1 16 30 23 14 33 27
19920 21 37 168 45 21 55 26 32 28 37 33 27
19921 22 38 202 28 37 87 20 20 28 10 33 27
19922 21 32 330 30 30 48 20 24 24 24 33 27
19923 21 31 226 29 18 36 21 1 23 32 33 27
19924 21 28 159 19 31 33 21 28 26 25 33 27
19925 21 35 358 17 42 49 19 19 26 6 33 27
19926 21 30 209 21 31 3 24 19 27 9 33 27
19927 21 31 156 25 28 1 19 21 22 13 33 27
19928 21 38 227 27 36 1 25 32 22 41 33 27
19929 21 37 857 30 37 16 25 51 24 29 33 27
19930 21 24 214 15 31 23 22 24 27 1 33 27
19931 21 36 101 18 37 1 19 34 21 40 33 27
19932 21 38 341 23 35 1 21 22 26 46 33 27
19933 22 29 103 30 21 1 23 35 28 29 33 27
19934 21 34 140 16 32 1 22 18 18 34 33 27
19935 21 27 135 29 23 18 17 26 20 4 33 27
19936 21 25 141 42 17 14 22 25 25 26 33 27
19937 21 34 273 29 28 58 24 29 34 20 33 27
19938 21 29 214 24 35 1 21 21 28 5 33 27
19939 21 28 125 24 26 40 25 25 29 29 33 27
19940 22 25 177 36 26 1 18 14 21 1 32 27
19941 21 29 178 25 20 19 22 29 19 24 33 27
19942 21 35 174 24 45 93 18 21 27 23 33 27
19943 22 33 170 36 14 61 21 31 30 39 33 27
19944 21 25 176 37 24 1 23 21 23 6 33 27
19945 21 36 241 24 43 1 19 16 29 30 33 27
19946 21 33 139 31 31 45 19 26 25 22 33 27
19947 21 32 519 34 30 39 17 34 16 14 33 27
19948 21 31 319 23 29 1 19 30 26 24 33 27
19949 21 32 145 26 29 6 19 28 24 18 33 27
19950 21 33 166 18 26 57 25 30 36 12 33 27
19951 21 33 139 25 33 6 18 24 27 30 33 27
19952 21 27 147 30 37 35 19 37 31 8 33 27
19953 21 26 99 22 27 17 18 27 27 11 33 27
19954 21 30 294 14 24 48 23 21 29 11 33 27
19955 21 36 212 28 25 22 24 36 22 32 33 27
19956 21 30 322 7 34 55 24 26 31 13 33 27
19957 21 32 409 21 25 1 22 22 32 22 33 27
19958 21 36 252 26 25 14 17 33 31 51 33 27
19959 21 28 618 30 28 1 23 18 24 1 33 27
19960 21 32 134 26 41 1 23 16 22 20 33 27
19961 21 33 457 38 30 13 24 31 27 25 33 27
19962 21 25 161 41 30 62 21 19 25 1 33 27
19963 21 29 140 24 24 1 25 24 31 17 33 27
19964 21 34 312 29 26 22 24 38 22 26 33 27
19965 22 28 108 25 27 15 18 21 26 8 33 27
19966 21 32 152 27 23 1 20 30 26 29 33 27
19967 21 32 201 36 30 12 26 30 25 26 33 27
19968 21 38 675 33 33 121 21 33 22 19 33 27
19969 22 30 289 31 19 79 20 22 23 21 33 27
19970 21 31 215 25 22 8 25 24 23 17 33 27
19971 21 35 1633 39 33 57 25 26 35 20 33 27
19972 21 32 164 22 27 1 20 25 28 14 33 27
19973 21 29 198 32 16 17 24 21 32 10 33 27
19974 21 33 185 27 33 37 24 27 25 22 33 27
19975 21 37 104 23 36 52 20 31 26 33 33 27
19976 21 33 119 14 48 47 24 31 27 15 33 27
19977 21 31 110 18 37 39 24 22 21 2 33 27
19978 21 29 215 23 25 12 23 40 23 12 33 27
19979 21 24 322 21 24 31 25 23 25 11 33 27
19980 21 28 153 28 26 15 24 18 30 18 33 27
19981 21 36 207 29 32 3 26 36 23 41 33 27
19982 21 33 316 19 35 16 21 29 20 15 33 27
19983 21 31 238 23 32 18 17 23 29 33 33 27
19984 21 30 139 28 27 19 17 26 20 16 33 27
19985 22 31 250 23 27 69 24 33 23 11 33 27
19986 21 26 282 18 26 1 19 18 29 1 32 27
19987 21 33 407 21 23 47 24 39 28 26 33 27
19988 22 23 430 21 14 1 21 21 28 13 33 27
19989 21 39 184 26 35 1 22 33 28 30 33 27
19990 21 33 582 19 39 62 24 19 24 29 33 27
19991 21 34 150 33 21 1 20 27 32 25 33 27
19992 21 28 228 24 27 33 23 24 20 1 33 27
19993 21 29 282 14 29 1 27 20 26 14 33 27
19994 21 33 379 24 33 32 25 4 32 13 33 27
19995 21 35 202 29 18 64 26 29 31 43 33 27
19996 21 33 152 22 27 30 25 21 28 22 33 27
19997 21 31 99 11 33 16 22 23 26 3 33 27
19998 21 31 160 18 32 1 23 25 27 11 33 27
19999 22 42 372 14 43 36 24 23 25 32 33 27
20000 21 33 173 29 33 55 21 24 26 9 33 27
