1 21 35 31 20 66 20 26 25 22 26 33 27
2 21 32 33 20 125 33 20 30 23 14 33 27
3 21 33 36 26 57 58 23 28 31 1 33 27
4 21 31 25 19 212 1 22 29 23 28 33 27
5 21 29 25 16 152 35 18 25 27 1 33 27
6 21 39 38 13 92 68 28 24 24 23 33 27
7 21 34 32 36 102 36 24 28 42 46 33 27
8 21 37 38 29 62 66 21 20 28 29 33 27
9 21 31 30 28 69 1 24 17 23 19 33 27
10 21 31 26 23 188 45 20 19 20 13 33 27
11 21 28 20 18 254 15 24 20 30 26 33 27
12 21 34 27 14 63 2 23 22 27 22 33 27
13 21 30 14 21 45 6 25 33 28 9 33 27
14 21 27 26 33 152 1 22 24 23 11 33 27
15 21 34 42 34 103 26 26 13 35 1 33 27
16 21 29 23 20 151 1 20 31 23 22 33 27
17 21 27 19 24 59 29 25 28 20 26 33 27
18 21 30 28 28 140 1 22 34 20 34 33 27
19 21 32 33 33 49 1 22 27 24 29 33 27
20 21 32 33 19 60 39 23 17 28 1 33 27
21 21 34 26 14 66 37 21 18 20 14 33 27
22 21 25 14 17 108 1 21 20 25 14 33 27
23 21 33 28 14 103 92 17 27 26 32 33 27
24 21 37 36 18 81 82 25 25 24 16 33 27
25 21 36 40 17 96 64 23 25 31 17 33 27
26 21 31 29 27 100 1 23 28 30 23 33 27
27 21 24 15 22 62 25 22 26 25 13 33 27
28 21 31 21 29 53 17 24 31 27 26 33 27
29 21 28 22 19 82 1 19 23 25 25 33 27
30 21 28 26 27 146 51 21 26 20 2 33 27
31 21 36 38 27 82 31 23 21 26 13 33 27
32 21 33 28 18 98 39 22 27 27 41 33 27
33 22 37 40 28 124 1 24 25 26 24 33 27
34 21 30 30 25 65 1 22 33 24 10 33 27
35 21 28 29 36 80 1 23 38 24 11 33 27
36 21 28 18 18 73 40 20 26 28 22 33 27
37 21 35 34 20 96 1 19 28 21 37 33 27
38 21 26 17 13 116 20 25 21 33 10 33 27
39 21 33 24 15 67 45 18 1 22 10 33 27
40 21 34 36 31 62 1 18 19 30 19 33 27
41 21 27 23 27 198 1 21 18 33 4 33 27
42 21 32 26 18 53 1 25 37 25 33 33 27
43 21 30 19 14 60 16 22 22 30 1 33 27
44 21 23 16 15 45 17 21 23 19 6 33 27
45 21 32 31 30 76 35 20 34 18 14 33 27
46 21 28 20 27 95 58 22 18 25 15 33 27
47 21 39 42 28 122 59 22 28 26 34 33 27
48 21 31 28 27 77 55 23 23 33 17 33 27
49 21 37 36 21 65 1 18 26 26 20 33 27
50 21 35 34 31 85 56 26 26 39 25 33 27
51 21 31 30 26 62 25 22 25 27 28 33 27
52 21 34 37 29 88 110 23 30 22 5 33 27
53 21 25 23 30 65 12 27 24 29 7 33 27
54 21 34 34 22 63 51 27 22 24 19 33 27
55 21 29 26 35 80 1 18 33 27 34 33 27
56 21 30 27 30 68 1 22 21 29 12 33 27
57 21 32 36 27 58 93 27 26 29 14 33 27
58 21 30 27 37 107 48 25 30 18 18 33 27
59 21 32 30 23 123 1 21 22 37 12 33 27
60 21 37 45 42 70 1 18 29 21 37 33 27
61 21 31 35 28 60 1 27 27 21 9 33 27
62 21 33 39 26 196 75 22 18 27 1 33 27
63 21 27 17 17 112 1 22 26 25 1 33 27
64 21 35 37 26 111 10 26 30 27 29 33 27
65 21 34 38 30 57 6 24 24 31 26 33 27
66 21 33 30 27 54 1 22 25 29 27 33 27
67 21 28 24 29 62 1 22 29 22 34 33 27
68 21 30 29 25 91 25 23 22 19 6 33 27
69 21 39 47 31 56 100 27 19 35 31 33 27
70 21 28 23 22 148 1 21 12 26 2 33 27
71 21 33 27 19 127 1 29 41 34 25 33 27
72 21 33 29 15 79 79 21 21 29 8 33 27
73 21 32 29 11 65 17 23 22 25 1 33 27
74 21 30 29 30 57 18 21 1 29 19 33 27
75 21 33 30 29 58 1 21 35 25 29 33 27
76 21 30 24 27 47 14 20 30 25 20 33 27
77 21 27 22 25 86 1 24 29 33 9 33 27
78 21 31 30 21 93 33 21 22 31 1 33 27
79 21 34 39 35 62 67 28 26 31 11 33 27
80 21 32 32 33 79 33 22 22 19 9 33 27
81 21 34 39 27 103 34 28 34 34 22 33 27
82 21 30 26 28 57 10 21 27 28 23 33 27
83 21 31 26 24 74 25 19 30 28 32 33 27
84 21 38 40 29 66 65 21 16 25 25 33 27
85 21 27 19 17 94 6 26 22 23 9 33 27
86 21 26 22 25 163 1 24 19 21 7 33 27
87 21 29 28 34 179 65 24 29 34 14 33 27
88 21 28 26 26 92 35 24 18 29 6 33 27
89 21 31 32 25 64 40 21 30 23 33 33 27
90 21 34 36 31 63 11 22 25 28 20 33 27
91 21 33 31 27 55 1 21 28 25 26 33 27
92 21 28 27 33 140 34 23 22 32 12 33 27
93 21 33 30 21 99 14 23 27 30 21 33 27
94 21 34 44 32 133 89 22 22 28 1 33 27
95 21 34 41 35 75 111 21 25 30 22 33 27
96 21 26 17 17 165 1 22 33 25 10 33 27
97 21 27 22 23 83 1 24 29 34 17 33 27
98 21 27 28 31 104 19 16 1 33 17 33 27
99 21 31 35 31 63 68 26 23 31 19 33 27
100 21 33 31 20 62 10 22 1 28 37 33 27
101 21 29 21 28 97 1 20 33 25 29 33 27
102 21 29 25 29 73 29 22 1 29 18 33 27
103 21 33 28 24 132 35 20 27 23 30 33 27
104 21 35 36 24 84 13 23 22 28 14 33 27
105 21 25 27 40 45 46 20 24 27 12 32 27
106 21 31 24 16 228 68 27 32 28 12 33 27
107 21 27 24 25 56 21 16 22 27 10 33 27
108 21 34 42 43 110 1 24 32 25 41 33 27
109 21 33 33 23 57 38 23 23 27 23 33 27
110 21 36 39 24 79 55 21 28 23 10 33 27
111 21 31 28 14 117 4 24 24 22 9 33 27
112 21 40 48 37 138 99 24 39 29 46 33 27
113 21 30 25 13 65 15 20 23 27 1 33 27
114 21 24 15 24 91 1 19 27 29 29 33 27
115 21 26 28 37 66 54 25 23 22 1 33 27
116 21 29 24 18 56 8 20 13 27 9 33 27
117 21 29 24 21 99 1 26 18 27 3 33 27
118 21 24 17 25 80 23 21 18 25 5 33 27
119 21 29 21 16 52 52 21 29 23 14 33 27
120 21 27 17 23 46 16 19 1 27 6 32 27
121 21 28 28 22 68 1 23 21 27 1 33 27
122 21 28 24 30 91 1 24 32 31 21 33 27
123 21 29 19 17 49 1 25 21 22 12 33 27
124 21 34 40 22 125 100 25 15 30 1 33 27
125 21 31 27 15 166 10 21 19 26 4 33 27
126 21 32 33 37 54 21 23 37 23 43 33 27
127 21 36 30 25 53 1 26 32 30 40 33 27
128 21 32 27 16 97 44 23 23 25 10 33 27
129 21 36 34 18 361 67 21 17 27 34 33 27
130 21 29 22 26 153 1 25 31 22 30 33 27
131 21 35 33 20 104 1 23 19 27 20 32 27
132 21 33 28 24 80 19 18 24 21 24 33 27
133 21 28 19 23 39 29 24 26 26 32 33 27
134 21 31 30 19 98 88 17 16 23 1 32 27
135 21 27 20 18 75 1 22 25 25 14 33 27
136 21 37 40 26 182 58 22 27 27 23 33 27
137 21 34 30 15 84 1 21 20 24 24 33 27
138 21 41 39 16 109 1 26 20 30 38 33 27
139 21 31 33 31 64 38 27 26 31 38 33 27
140 21 33 43 31 70 57 23 28 31 12 33 27
141 21 30 30 32 125 1 20 39 29 6 33 27
142 21 27 17 17 55 1 20 13 21 4 33 27
143 21 26 20 19 60 32 23 18 36 1 33 27
144 21 32 40 30 64 82 25 18 26 1 33 27
145 21 27 20 28 86 1 23 17 33 1 33 27
146 21 29 22 15 83 1 21 18 24 21 33 27
147 21 30 27 18 96 32 23 20 28 3 33 27
148 21 29 30 28 73 62 25 26 26 1 33 27
149 21 30 32 37 82 72 20 29 27 31 33 27
150 22 30 31 35 80 29 20 30 27 39 33 27
151 22 32 33 16 81 64 19 20 27 1 32 27
152 21 36 36 35 104 9 25 25 30 46 33 27
153 21 37 33 13 70 56 20 5 24 30 33 27
154 21 36 34 23 60 1 26 16 27 23 33 27
155 21 30 27 16 60 13 19 27 23 1 33 27
156 21 32 29 30 55 23 24 33 25 47 33 27
157 21 29 29 34 78 44 19 25 23 35 33 27
158 21 29 30 34 52 1 23 27 28 31 33 27
159 21 31 26 32 61 1 22 35 29 41 33 27
160 21 33 26 23 253 85 23 24 26 30 33 27
161 21 23 22 35 55 1 23 36 26 26 33 27
162 21 27 31 24 91 1 20 30 24 2 33 27
163 21 27 19 23 79 1 25 24 25 13 33 27
164 21 28 25 20 63 31 22 23 26 1 33 27
165 21 38 43 34 94 34 29 23 33 20 33 27
166 21 27 28 27 120 15 21 30 25 1 33 27
167 22 30 27 32 113 1 18 31 25 27 33 27
168 21 27 24 16 62 35 19 21 25 1 33 27
169 21 28 17 24 97 1 18 22 17 8 33 27
170 21 36 37 28 61 57 20 24 29 34 33 27
171 21 29 25 17 108 24 20 1 29 11 33 27
172 21 31 30 33 83 43 23 33 31 28 33 27
173 21 25 17 18 121 1 19 1 26 13 32 27
174 21 31 31 16 93 44 21 19 29 8 33 27
175 21 35 33 30 56 30 21 26 23 31 33 27
176 21 30 25 11 109 36 20 22 27 21 33 27
177 21 28 30 20 97 6 18 16 26 1 32 27
178 21 36 32 17 94 1 24 26 25 5 33 27
179 21 25 10 16 113 10 20 1 27 17 33 27
180 21 30 35 36 87 55 22 39 29 13 33 27
181 21 30 34 25 71 61 19 17 29 1 32 27
182 21 32 25 24 76 1 23 27 34 42 33 27
183 21 29 20 23 124 14 23 31 26 36 33 27
184 21 35 31 24 137 27 26 22 27 15 33 27
185 21 27 16 23 45 11 23 32 24 40 33 27
186 21 31 34 34 79 82 23 19 32 4 33 27
187 21 30 25 28 141 42 23 25 27 12 33 27
188 21 34 40 36 130 46 23 21 24 14 33 27
189 21 34 33 33 46 1 23 35 26 46 33 27
190 21 28 30 40 75 1 26 25 27 6 33 27
191 21 30 22 25 64 23 28 21 27 17 33 27
192 22 28 19 11 115 27 19 17 26 1 33 27
193 21 31 24 16 315 55 23 10 26 12 33 27
194 21 37 38 38 57 1 28 33 26 57 33 27
195 21 26 15 25 152 1 26 35 27 40 33 27
196 21 35 40 37 77 55 21 31 23 44 33 27
197 21 35 38 41 59 1 25 39 27 42 33 27
198 21 30 32 30 137 51 23 20 30 17 33 27
199 21 35 51 44 79 1 20 21 30 18 33 27
200 21 35 39 31 162 45 21 44 27 38 33 27
201 21 34 39 39 97 24 20 35 30 19 33 27
202 21 28 24 32 112 80 21 26 25 3 33 27
203 21 30 27 27 93 1 21 35 25 17 33 27
204 21 34 37 32 84 64 25 45 29 34 33 27
205 21 33 42 33 159 1 21 25 18 17 33 27
206 21 36 36 27 84 1 21 32 30 42 33 27
207 21 30 28 16 95 27 20 15 26 20 33 27
208 21 35 31 25 108 47 23 22 22 31 33 27
209 21 31 32 29 57 94 20 26 23 5 33 27
210 21 33 28 14 53 19 23 12 27 19 33 27
211 22 30 28 23 57 1 22 38 24 25 33 27
212 21 24 18 25 104 21 22 15 23 4 33 27
213 21 31 37 31 203 30 22 31 93 6 33 27
214 21 35 35 31 57 39 23 32 24 23 33 27
215 21 34 36 23 115 24 23 35 26 22 33 27
216 21 35 38 32 80 62 19 25 27 8 33 27
217 21 31 33 18 65 54 21 17 29 1 33 27
218 21 30 25 29 134 3 25 32 22 41 33 27
219 21 36 36 37 92 12 22 36 21 37 33 27
220 21 27 23 20 169 22 27 27 29 6 33 27
221 21 33 30 32 134 25 23 25 34 31 33 27
222 21 36 41 37 186 5 23 44 25 44 33 27
223 21 30 29 30 47 18 24 21 25 19 33 27
224 22 28 19 27 46 3 24 31 25 28 33 27
225 21 30 30 18 124 39 21 23 27 8 33 27
226 21 31 25 25 290 13 24 24 30 26 33 27
227 21 29 30 31 164 1 23 29 26 21 33 27
228 21 32 36 30 61 12 25 14 27 29 33 27
229 21 28 23 19 160 16 21 24 22 8 33 27
230 21 40 41 28 69 49 20 1 36 45 33 27
231 21 28 25 35 54 60 24 30 28 10 33 27
232 21 38 42 36 87 23 22 26 21 35 33 27
233 21 34 32 18 99 9 16 1 23 20 33 27
234 21 26 21 24 160 22 19 13 24 1 33 27
235 21 29 28 19 75 54 22 29 24 3 33 27
236 21 35 36 26 75 47 23 19 29 26 33 27
237 21 34 36 25 143 27 25 24 20 15 33 27
238 21 28 27 37 56 1 24 32 27 39 33 27
239 21 28 24 13 86 2 25 24 26 1 33 27
240 22 35 30 28 88 30 23 1 29 38 33 27
241 21 32 28 14 79 1 23 30 26 24 33 27
242 21 32 28 37 46 45 22 27 29 47 33 27
243 21 27 28 21 105 3 23 18 31 1 32 27
244 21 28 25 20 145 67 17 26 27 1 33 27
245 21 36 37 32 93 1 22 21 30 26 33 27
246 21 29 35 31 125 23 21 25 20 1 33 27
247 21 31 26 29 60 33 24 26 27 39 33 27
248 21 33 40 29 141 48 25 28 25 6 33 27
249 21 32 37 21 161 53 16 15 27 1 33 27
250 21 26 23 28 82 4 21 19 24 13 33 27
251 21 35 33 24 75 27 24 25 22 23 33 27
252 21 43 44 32 98 75 39 21 27 33 33 27
253 21 31 21 11 74 11 22 41 27 31 33 27
254 21 29 29 27 208 53 22 20 255 5 33 27
255 21 23 16 22 52 34 23 23 23 7 33 27
256 21 29 22 31 47 19 24 38 27 28 33 27
257 21 34 27 21 157 12 21 42 26 9 33 27
258 21 38 42 24 100 86 23 27 32 1 33 27
259 21 32 33 26 79 93 20 28 32 10 33 27
260 21 32 28 19 104 44 24 11 23 19 33 27
261 21 35 33 22 80 54 21 19 23 12 33 27
262 21 30 25 28 68 1 19 32 32 28 33 27
263 21 36 38 30 83 53 27 33 21 34 33 27
264 21 33 31 25 58 2 18 21 21 26 33 27
265 21 26 19 18 71 1 19 27 32 7 33 27
266 21 36 41 32 184 1 20 29 20 39 33 27
267 21 32 17 4 56 33 22 40 30 31 33 27
268 21 33 35 22 100 78 18 24 22 16 33 27
269 21 28 22 20 119 2 17 30 28 14 33 27
270 21 34 34 32 226 1 22 39 23 28 33 27
271 21 24 16 21 74 53 19 22 26 4 33 27
272 21 35 42 37 87 23 22 28 24 33 33 27
273 21 30 27 27 63 1 17 25 34 1 33 27
274 21 30 24 26 133 1 18 27 29 13 33 27
275 21 29 24 19 48 47 21 21 31 1 33 27
276 21 30 33 21 81 43 19 31 30 10 33 27
277 21 27 29 36 144 21 25 26 27 12 33 27
278 21 33 27 25 57 1 25 21 31 29 33 27
279 21 33 31 26 215 1 19 32 17 27 33 27
280 21 34 40 26 116 13 17 28 21 1 33 27
281 21 28 29 33 37 33 24 21 49 15 33 27
282 21 36 42 33 60 72 21 1 35 23 33 27
283 21 34 32 32 104 26 21 21 24 14 33 27
284 21 32 29 33 149 1 24 41 20 31 33 27
285 21 30 28 32 47 1 25 24 27 13 33 27
286 21 32 32 24 53 37 19 13 25 28 33 27
287 21 528 37 39 86 122 23 31 512 214 33 27
288 21 25 25 31 58 1 20 25 27 1 32 27
289 21 30 25 14 132 49 24 22 28 7 33 27
290 21 30 29 18 96 24 20 25 30 1 33 27
291 21 30 37 37 58 1 22 11 24 13 33 27
292 21 27 25 36 66 53 24 21 28 4 33 27
293 21 35 41 31 65 115 25 27 30 8 33 27
294 21 30 27 18 81 87 20 20 27 5 33 26
295 21 22 23 34 129 16 23 25 34 2 33 27
296 21 29 30 34 73 46 21 33 25 13 33 27
297 21 26 26 32 57 69 26 20 31 1 33 27
298 21 36 30 26 154 48 30 24 31 16 33 27
299 21 33 25 15 81 16 21 24 26 26 33 27
300 22 38 45 29 117 52 23 17 33 32 33 27
301 21 29 19 32 63 5 19 29 26 36 33 27
302 21 30 26 21 156 1 21 25 24 11 33 27
303 21 32 28 19 49 37 27 21 27 10 33 27
304 21 32 38 30 86 24 17 21 28 12 33 27
305 21 27 31 35 48 50 23 25 27 18 33 27
306 21 167 39 224 97 19 24 24 161 10 33 27
307 21 26 20 26 103 1 20 27 22 15 33 27
308 21 28 28 30 119 1 22 21 27 1 33 27
309 21 34 32 23 143 1 22 29 25 28 33 27
310 21 31 33 30 62 55 22 27 21 7 33 27
311 21 26 22 27 162 1 21 18 26 1 33 27
312 21 28 20 24 113 1 21 16 31 1 33 27
313 21 33 32 27 84 32 22 26 24 28 33 27
314 21 32 34 22 65 1 23 24 26 7 33 27
315 21 30 28 25 68 37 18 20 22 1 32 27
316 21 30 30 17 55 63 20 17 29 1 33 27
317 21 34 25 9 108 30 25 16 31 23 33 27
318 21 27 25 27 98 1 22 24 25 13 33 27
319 21 31 27 32 56 1 25 26 24 32 33 27
320 21 35 36 28 98 18 26 23 28 21 33 27
321 21 29 28 27 56 63 22 25 23 18 33 27
322 21 32 33 26 76 1 22 30 26 28 33 27
323 21 30 30 30 52 19 24 28 23 12 33 27
324 21 24 20 26 79 2 22 28 30 5 33 27
325 21 33 30 30 45 7 18 29 27 30 33 27
326 21 35 36 29 172 60 23 24 19 25 33 27
327 21 32 27 35 80 76 21 1 33 9 33 27
328 21 37 36 26 56 32 27 31 29 39 33 27
329 21 30 31 23 84 45 21 18 26 14 33 27
330 21 35 32 32 45 1 21 31 24 37 33 27
331 21 37 33 27 141 1 22 29 25 27 33 27
332 21 38 36 28 168 1 24 24 21 16 33 27
333 21 26 27 37 88 63 29 41 30 7 33 27
334 21 30 22 30 165 21 24 24 20 23 33 27
335 21 34 38 24 73 25 23 20 26 10 33 27
336 21 26 16 21 71 1 21 26 30 2 33 27
337 21 30 28 23 80 51 24 25 29 1 33 27
338 21 28 25 33 93 43 20 27 18 25 33 27
339 21 29 25 29 79 1 18 23 26 30 33 27
340 21 28 29 27 53 80 26 19 30 12 33 27
341 21 30 38 39 74 90 21 24 27 10 33 27
342 22 34 31 19 78 67 24 23 27 9 33 27
343 21 36 34 20 74 31 23 21 32 18 33 27
344 21 36 40 23 67 38 23 25 29 8 33 27
345 21 25 22 24 112 1 21 21 30 1 33 27
346 21 29 22 10 134 1 26 18 25 1 33 27
347 21 32 33 31 95 1 26 32 26 29 33 27
348 21 33 30 34 46 28 25 30 35 37 33 27
349 21 39 33 12 94 1 24 30 24 18 33 27
350 21 29 27 25 141 17 21 31 26 4 33 27
351 21 36 35 28 262 39 24 29 31 34 33 27
352 21 31 33 33 83 46 24 26 29 18 33 27
353 21 36 29 29 111 21 22 29 33 42 33 27
354 21 35 45 33 120 87 30 27 36 25 33 27
355 21 29 26 34 67 7 23 23 33 19 33 27
356 21 30 24 19 97 22 21 20 25 29 33 27
357 21 33 37 26 91 42 19 24 24 21 33 27
358 21 30 28 27 83 13 25 29 29 16 33 27
359 21 29 24 23 148 34 23 19 22 20 33 27
360 21 39 45 33 64 103 24 33 29 32 33 27
361 21 30 23 27 97 19 21 32 31 41 33 27
362 21 35 37 28 104 1 23 31 27 21 33 27
363 21 31 27 32 74 1 22 22 24 10 33 27
364 21 30 33 35 76 56 25 30 27 26 33 27
365 21 31 24 14 180 1 31 23 28 1 33 27
366 21 29 25 24 214 1 24 21 20 26 33 27
367 21 29 33 37 69 40 22 20 33 5 33 27
368 21 34 40 38 111 56 22 25 23 14 33 27
369 21 31 29 15 165 30 22 37 28 1 33 27
370 21 29 25 31 84 4 26 31 27 21 33 27
371 21 19 22 30 53 10 21 22 28 1 33 27
372 21 30 25 21 93 37 22 19 34 6 33 27
373 21 31 29 31 56 35 21 30 26 22 33 27
374 21 32 28 19 119 35 22 24 29 3 33 27
375 21 30 40 43 58 22 16 1 26 12 33 27
376 21 25 16 25 48 5 19 26 21 17 33 27
377 21 30 28 19 53 32 24 16 28 10 33 27
378 21 31 31 35 81 1 22 35 29 25 33 27
379 21 40 50 31 183 125 22 27 28 27 33 27
380 22 37 38 33 139 1 23 27 30 32 33 27
381 21 29 21 10 176 37 25 25 16 1 33 27
382 21 26 22 28 67 1 22 31 25 22 33 27
383 21 23 11 17 50 1 18 12 19 14 32 27
384 21 34 41 38 253 63 24 17 32 20 33 27
385 22 35 41 24 93 1 20 22 23 26 33 27
386 21 34 36 21 143 99 24 19 29 3 33 27
387 21 32 32 34 70 39 19 30 23 33 33 27
388 21 33 36 34 156 1 20 30 22 28 33 27
389 21 34 35 25 59 65 22 23 22 18 33 27
390 21 34 39 36 61 7 19 29 25 44 33 27
391 21 28 23 21 100 1 16 30 22 27 33 27
392 22 30 23 19 113 25 21 41 22 37 33 27
393 21 32 37 31 123 75 23 18 25 28 33 27
394 21 29 25 36 102 55 26 29 31 32 33 27
395 21 28 22 32 27 9 20 30 25 34 33 27
396 21 28 30 22 76 23 21 12 30 17 33 27
397 21 31 25 16 60 1 21 19 28 8 33 27
398 21 25 19 20 97 1 20 30 14 1 33 27
399 21 34 35 34 139 1 22 28 26 40 33 27
400 21 28 21 14 60 1 20 20 26 1 33 27
401 21 29 27 30 120 1 25 15 33 16 33 27
402 21 31 33 29 90 71 24 35 27 24 33 27
403 21 33 19 13 206 28 28 26 28 13 33 27
404 21 37 43 38 88 31 25 28 34 36 33 27
405 21 21 14 24 150 1 20 35 27 1 33 27
406 21 28 25 34 84 1 23 36 27 32 33 27
407 21 26 18 26 163 1 24 25 24 16 33 27
408 21 26 18 23 69 1 21 28 30 18 33 27
409 21 33 29 23 64 15 20 27 25 18 33 27
410 21 31 23 12 90 49 21 21 24 1 33 27
411 21 28 26 22 88 7 21 23 24 1 33 27
412 21 31 32 26 88 85 23 25 32 29 33 27
413 21 28 25 27 109 22 21 32 26 43 33 27
414 21 28 22 29 133 46 22 30 27 9 33 27
415 21 36 42 24 71 1 28 28 28 41 33 27
416 21 31 27 21 99 22 22 22 24 5 33 27
417 21 27 28 33 123 40 24 21 25 1 33 27
418 21 23 14 29 61 11 22 26 27 5 33 27
419 21 30 27 29 62 1 22 17 23 16 33 27
420 21 28 24 15 125 28 25 26 25 1 33 27
421 21 33 35 42 84 1 19 23 24 14 33 27
422 21 29 24 27 52 11 24 24 25 37 33 27
423 21 37 31 15 129 1 23 34 31 17 33 27
424 21 33 36 24 105 47 23 24 32 23 33 27
425 21 33 33 28 91 45 25 27 24 29 33 27
426 21 26 17 24 72 32 28 20 34 5 33 27
427 21 30 24 32 52 1 25 35 26 37 33 27
428 21 29 19 8 127 53 20 24 21 1 32 26
429 21 31 23 23 79 1 21 21 30 21 32 26
430 21 28 18 17 115 6 20 25 38 14 33 27
431 21 28 15 15 40 41 22 33 25 29 33 27
432 21 26 15 21 77 1 19 26 23 8 33 27
433 21 30 32 28 60 59 19 29 31 16 33 27
434 21 32 38 38 63 67 21 31 24 11 33 27
435 21 34 30 34 59 1 22 35 29 38 33 27
436 21 27 27 24 99 1 21 25 25 1 33 27
437 21 37 39 20 91 41 21 42 27 13 33 27
438 21 25 11 21 79 1 22 36 23 7 33 27
439 21 34 36 35 70 51 21 22 25 40 33 27
440 21 22 17 29 88 23 24 20 27 1 32 27
441 21 29 31 25 73 49 20 26 32 1 33 27
442 21 29 32 28 57 38 21 21 25 26 33 27
443 21 35 36 23 135 16 23 23 25 13 33 27
444 21 36 35 23 105 47 24 31 19 26 33 27
445 21 33 35 29 62 50 29 24 28 10 33 27
446 21 33 27 24 97 30 21 32 24 21 33 27
447 21 32 35 33 67 1 25 20 30 28 33 27
448 21 26 24 20 90 7 23 25 30 1 33 27
449 21 37 41 34 98 1 21 26 27 37 34 27
450 21 31 33 28 104 8 24 35 25 20 33 27
451 21 29 24 27 173 18 31 32 25 19 33 27
452 21 29 24 19 79 16 21 21 26 2 33 27
453 21 33 27 23 93 75 22 30 29 28 33 27
454 21 28 23 25 116 7 19 21 25 23 33 27
455 21 34 31 32 73 14 25 28 20 31 33 27
456 21 35 35 32 195 11 24 27 27 37 33 27
457 21 29 22 31 158 7 25 21 32 1 33 27
458 22 32 28 25 88 35 23 12 26 21 33 27
459 21 35 42 35 105 84 25 33 27 16 33 27
460 21 34 37 33 152 1 27 34 36 38 33 27
461 21 27 33 43 73 1 25 24 24 2 33 27
462 21 32 31 29 59 28 22 27 29 31 33 27
463 21 26 18 15 50 2 23 25 29 13 33 27
464 21 30 33 29 82 1 21 21 27 10 33 27
465 21 33 37 36 48 1 22 36 28 36 33 27
466 21 32 22 15 69 1 24 34 28 28 33 27
467 22 32 34 25 85 31 22 21 32 1 33 27
468 21 38 44 42 95 15 28 30 31 46 33 27
469 21 32 33 37 49 1 23 28 22 28 33 27
470 21 28 25 28 87 72 21 38 27 1 33 27
471 22 38 34 20 79 55 23 22 24 21 33 27
472 21 34 35 40 66 1 27 36 26 49 33 27
473 21 35 39 39 436 1 24 18 25 23 33 27
474 21 30 24 20 55 24 19 24 34 6 33 27
475 21 24 26 37 45 8 21 27 39 14 33 27
476 21 29 26 38 51 8 23 24 29 19 33 27
477 21 28 30 20 137 36 26 14 29 1 33 27
478 21 32 34 41 138 18 21 12 25 23 33 27
479 21 31 30 22 98 1 22 28 24 5 33 27
480 21 32 32 36 80 63 30 26 35 28 33 27
481 21 35 36 29 59 1 26 26 37 26 33 27
482 21 30 19 16 77 1 25 15 25 29 33 27
483 21 34 31 21 67 42 24 26 25 33 33 27
484 21 32 23 29 68 34 25 29 34 38 33 27
485 21 29 27 20 145 59 18 21 21 1 33 27
486 21 32 24 19 80 34 25 30 35 21 33 27
487 21 33 25 20 76 7 18 24 23 27 33 27
488 21 31 36 26 75 81 15 17 30 1 33 27
489 21 39 47 42 174 56 24 32 29 47 33 27
490 21 30 31 24 160 31 22 18 20 10 33 27
491 21 27 19 11 98 1 16 38 20 11 33 27
492 21 30 29 32 77 1 21 31 26 25 33 27
493 21 30 25 26 62 1 23 31 28 33 33 27
494 21 34 37 35 122 91 20 22 27 28 33 27
495 21 30 29 29 81 39 24 27 29 15 33 27
496 21 35 38 32 127 51 25 24 29 31 33 27
497 21 33 27 17 60 1 25 31 24 30 33 27
498 21 35 34 26 60 89 20 18 21 20 33 27
499 21 35 34 32 75 15 24 37 20 33 33 27
500 21 33 28 32 53 27 29 18 25 21 33 27
501 21 26 22 21 153 1 16 22 28 3 33 27
502 21 33 24 23 105 62 22 27 28 29 33 27
503 21 33 27 25 66 21 25 25 35 17 33 27
504 21 31 28 26 60 1 24 40 19 33 33 27
505 21 28 22 34 90 1 24 33 18 32 33 27
506 21 30 18 21 87 1 23 50 27 23 33 27
507 21 29 28 20 63 103 23 22 29 6 33 27
508 21 32 31 28 104 1 27 26 70 24 33 27
509 21 32 29 32 103 1 23 31 26 44 33 27
510 21 28 21 23 77 7 26 30 32 10 33 27
511 21 28 16 19 103 1 24 22 28 17 33 27
512 21 24 18 17 197 36 20 34 21 10 33 27
513 21 33 35 21 65 63 21 14 26 1 33 27
514 21 36 34 23 85 14 17 20 18 26 33 27
515 21 35 37 28 60 1 18 17 28 18 33 27
516 21 31 26 29 82 39 21 31 18 39 33 27
517 21 28 19 18 81 1 23 36 33 25 33 27
518 21 33 30 23 74 57 22 29 25 32 33 27
519 21 28 32 42 99 1 21 18 30 8 33 27
520 21 35 35 27 76 1 29 29 23 28 33 27
521 21 33 23 15 116 1 25 15 34 20 33 27
522 21 30 22 9 450 20 23 18 27 6 33 27
523 21 28 27 23 81 27 23 29 27 9 33 27
524 21 29 30 35 86 42 26 28 28 26 33 27
525 21 34 33 35 87 24 24 29 23 36 33 27
526 21 24 19 29 64 1 16 14 23 8 33 27
527 21 30 27 25 60 19 26 26 36 8 33 27
528 21 29 22 23 118 1 23 37 24 27 33 27
529 21 31 24 29 57 58 21 1 25 16 33 27
530 21 32 29 29 45 1 25 28 22 21 33 27
531 21 30 24 22 94 1 21 19 25 1 33 27
532 21 23 25 39 87 1 22 26 22 11 33 27
533 21 32 24 28 43 3 28 33 23 32 33 27
534 21 32 23 21 108 57 26 34 22 13 33 27
535 21 34 39 32 92 34 20 9 28 9 33 27
536 21 29 18 22 168 11 22 30 23 19 33 27
537 21 38 45 31 56 88 28 26 27 23 33 27
538 21 30 25 20 56 1 25 23 22 21 32 27
539 21 32 30 36 45 84 20 33 20 18 33 27
540 21 29 29 16 63 1 22 15 30 1 33 27
541 21 29 21 25 115 1 22 27 23 12 33 27
542 21 30 32 25 91 1 22 21 17 16 33 27
543 21 36 42 32 84 90 24 23 25 6 33 27
544 21 36 27 17 63 44 21 27 29 15 33 27
545 21 35 31 22 94 22 18 17 24 29 33 27
546 21 31 31 26 201 1 20 31 18 22 33 27
547 21 35 35 39 172 31 26 31 30 42 33 27
548 21 30 23 23 67 1 21 29 25 25 33 27
549 21 30 29 20 202 55 24 23 31 1 33 27
550 21 25 13 9 77 29 26 19 26 6 33 27
551 21 32 29 23 89 51 22 31 29 20 33 27
552 21 32 34 33 90 7 25 26 22 20 33 27
553 21 31 35 21 61 62 22 22 24 6 33 27
554 21 32 30 24 84 1 23 22 25 15 33 27
555 21 29 28 20 89 56 26 26 33 3 33 27
556 21 29 24 23 165 35 21 26 27 14 33 27
557 21 34 32 18 69 30 22 19 25 37 33 27
558 21 28 22 17 62 10 21 19 25 2 33 27
559 21 27 30 37 74 1 22 23 31 1 33 27
560 21 37 28 12 63 26 18 1 27 26 33 27
561 21 22 11 17 71 26 21 34 32 10 33 27
562 21 30 21 17 59 22 21 22 26 1 33 27
563 21 37 38 24 85 1 23 29 27 28 33 27
564 21 29 33 35 105 51 23 14 25 6 33 27
565 21 35 39 35 69 89 21 43 25 39 33 27
566 21 35 30 14 211 36 21 1 30 32 33 27
567 21 27 24 21 54 18 22 21 33 6 33 27
568 21 32 28 26 58 1 23 28 26 37 33 27
569 21 31 27 31 264 1 22 33 28 42 33 27
570 21 33 45 42 159 129 22 24 27 12 33 27
571 21 29 20 19 101 1 25 28 28 10 33 27
572 21 32 31 32 92 49 18 33 19 31 33 27
573 21 34 29 20 79 1 23 19 30 21 33 27
574 21 31 27 12 64 13 23 16 32 9 33 27
575 21 29 30 34 75 81 21 19 20 13 33 27
576 21 29 26 18 264 48 21 34 26 1 33 27
577 21 38 38 17 105 1 23 21 24 27 33 27
578 21 33 33 24 135 43 24 24 27 19 33 27
579 21 28 20 23 58 27 20 23 32 9 33 27
580 21 26 30 37 149 34 20 25 20 1 33 27
581 21 33 39 37 121 53 22 19 32 15 33 27
582 21 26 16 18 84 8 27 29 34 25 33 27
583 21 35 37 31 65 16 23 25 28 15 33 27
584 21 30 28 29 145 29 25 35 30 6 33 27
585 21 28 21 30 77 1 23 30 26 28 33 27
586 21 33 40 34 93 1 20 23 31 20 33 27
587 21 34 31 23 192 27 24 17 23 39 33 27
588 21 35 44 24 112 85 21 31 30 1 33 27
589 21 28 20 30 164 45 22 10 25 21 33 27
590 21 31 29 26 144 31 19 27 19 15 33 27
591 21 32 28 29 83 14 24 35 26 26 33 27
592 21 32 29 21 73 60 25 19 24 13 33 27
593 21 30 27 34 90 23 21 34 26 27 33 27
594 21 29 32 36 168 65 26 27 28 14 33 27
595 21 28 23 28 61 1 18 30 24 7 33 27
596 21 29 25 20 106 1 23 21 27 5 33 27
597 21 35 29 22 68 1 21 22 27 24 33 27
598 21 24 16 21 70 37 21 27 22 11 33 27
599 21 29 34 33 106 110 16 19 29 1 33 27
600 21 34 43 40 81 1 20 30 28 27 33 27
601 21 34 33 22 139 26 28 31 27 22 33 27
602 21 29 24 20 79 30 22 36 29 12 33 27
603 21 30 22 23 109 1 19 1 28 17 33 27
604 21 28 22 17 45 1 19 20 26 1 33 27
605 21 34 27 15 107 30 18 27 24 18 33 27
606 21 35 38 33 139 1 19 33 26 13 33 27
607 21 33 29 21 202 56 24 31 22 21 33 27
608 22 34 39 44 55 30 19 1 29 7 33 27
609 21 31 28 24 99 29 21 1 27 11 33 27
610 21 25 19 30 49 25 24 22 24 19 33 27
611 21 30 26 29 115 1 24 27 28 29 33 27
612 21 34 40 35 149 90 24 41 26 28 33 27
613 21 36 28 14 250 1 17 1 18 27 33 27
614 21 29 23 17 84 1 24 26 21 22 33 27
615 21 35 30 25 106 18 24 33 29 37 33 27
616 21 28 16 10 77 1 23 21 31 11 33 27
617 21 545 36 144 201 1 23 38 26 128 33 27
618 21 29 31 35 81 89 21 18 26 18 33 27
619 21 34 35 29 63 22 29 29 33 23 33 27
620 21 33 35 22 118 123 19 28 28 8 33 27
621 21 27 25 24 86 28 16 22 22 7 33 27
622 21 28 27 33 112 45 23 38 28 7 33 27
623 21 31 32 35 119 106 24 25 26 3 33 27
624 21 27 20 28 73 46 21 23 27 14 33 27
625 21 31 22 21 101 1 21 27 25 2 33 27
626 21 25 19 24 99 37 25 19 27 6 33 27
627 21 34 39 43 50 1 26 37 24 37 33 27
628 21 29 29 29 100 77 25 11 25 2 33 27
629 21 31 30 35 73 1 20 33 27 31 33 27
630 21 33 35 39 70 1 20 30 24 33 33 27
631 21 29 34 30 191 65 24 25 32 3 33 27
632 21 32 27 20 59 9 22 27 35 12 33 27
633 21 32 25 28 76 33 24 21 28 29 33 27
634 21 37 43 35 88 1 26 33 30 35 33 27
635 21 33 34 33 48 1 18 37 25 38 33 27
636 21 25 22 27 139 1 22 1 30 6 32 27
637 21 28 18 26 36 69 23 38 19 5 33 27
638 21 30 28 23 64 1 16 19 20 22 33 27
639 21 31 27 29 69 1 24 29 28 29 33 27
640 21 29 35 33 72 98 24 26 28 4 33 27
641 21 37 37 19 53 25 22 27 22 32 33 27
642 21 29 23 16 51 41 25 23 32 7 33 27
643 22 35 32 9 135 11 24 22 24 27 33 27
644 22 30 25 28 51 23 21 27 28 18 33 27
645 21 28 33 41 134 49 23 33 26 16 33 27
646 21 28 28 26 95 14 21 23 27 1 33 27
647 33 39 26 38 231 7 35 42 34 38 48 41
648 21 30 28 27 75 62 21 24 22 19 33 27
649 21 34 35 42 49 10 24 32 27 34 33 27
650 21 34 41 38 136 68 22 30 18 28 33 27
651 21 30 26 27 74 56 22 30 27 5 33 27
652 21 30 24 22 86 1 22 21 28 21 33 27
653 21 29 20 15 58 37 21 25 27 17 33 27
654 21 32 24 23 93 41 21 7 29 25 33 27
655 21 38 44 45 60 33 25 36 30 35 33 27
656 21 31 29 27 75 1 22 38 30 8 33 27
657 21 27 28 30 74 1 19 27 24 22 33 27
658 21 35 38 37 92 1 24 39 38 32 33 27
659 21 29 24 35 68 1 22 26 29 29 33 27
660 21 38 40 31 56 1 22 31 33 38 33 27
661 21 38 42 21 65 96 23 21 25 14 33 27
662 21 33 35 20 131 27 23 25 29 7 33 27
663 21 34 29 21 58 18 24 30 33 36 33 27
664 21 29 31 30 92 33 21 35 17 4 33 27
665 21 29 31 35 53 8 21 28 39 21 33 27
666 21 40 42 27 103 46 18 26 29 36 33 27
667 21 35 39 29 58 1 28 24 32 21 33 27
668 21 24 17 24 260 1 22 24 27 13 33 27
669 21 26 12 14 428 41 19 33 15 11 33 27
670 21 25 18 24 147 5 18 17 25 8 33 27
671 21 27 17 23 45 1 23 33 24 17 33 27
672 21 37 42 33 269 23 23 27 29 33 33 27
673 21 32 36 28 89 101 18 32 21 9 33 27
674 21 34 30 30 65 17 28 1 35 19 33 27
675 21 42 47 26 64 58 24 31 35 33 33 27
676 21 28 15 12 93 20 24 15 26 1 33 27
677 21 30 27 27 165 1 19 1 27 1 33 27
678 22 29 23 33 136 1 19 33 24 35 33 27
679 21 30 30 38 86 62 20 1 29 20 33 27
680 21 30 20 28 84 30 19 31 28 12 33 27
681 21 32 31 33 84 20 22 26 26 33 33 27
682 21 31 31 31 98 29 24 33 32 25 33 27
683 21 36 33 23 93 37 21 23 34 25 33 27
684 22 30 25 31 75 31 23 1 34 18 33 27
685 21 38 35 28 58 99 30 30 29 27 33 27
686 21 31 34 36 54 101 18 26 31 20 33 27
687 21 26 19 29 60 20 19 31 26 18 33 27
688 21 31 32 29 152 72 26 33 21 16 33 27
689 21 27 21 20 94 25 21 22 25 10 33 27
690 21 29 24 31 78 3 19 35 27 23 33 27
691 21 37 41 38 76 37 23 24 25 24 33 27
692 21 31 28 33 73 37 25 23 31 22 33 27
693 21 33 37 35 144 74 27 23 28 14 33 27
694 21 29 26 30 55 62 23 39 21 1 33 27
695 21 35 36 39 94 1 20 33 25 34 33 27
696 21 30 29 38 151 24 27 29 27 15 33 27
697 21 34 29 23 117 16 25 25 22 41 33 27
698 21 30 20 13 67 20 21 13 22 17 33 27
699 22 34 24 17 102 25 20 28 23 29 33 27
700 21 36 37 36 81 24 22 35 24 33 33 27
701 21 27 20 25 286 70 22 21 31 5 33 27
702 21 28 19 27 54 8 21 40 23 21 33 27
703 21 31 27 29 142 1 20 28 20 35 33 27
704 21 27 23 29 83 1 22 34 26 11 33 27
705 21 37 39 32 274 42 25 33 31 28 33 27
706 21 27 17 15 61 12 21 24 23 10 33 27
707 21 32 27 29 70 1 22 32 29 22 33 27
708 21 31 26 27 46 5 19 33 25 43 33 27
709 21 32 27 34 60 1 23 33 31 42 33 27
710 21 28 22 22 79 57 23 23 29 22 33 27
711 21 33 38 33 69 18 23 29 20 1 33 27
712 21 30 24 16 54 10 19 28 28 12 33 27
713 21 31 32 28 92 22 23 17 30 10 33 27
714 21 30 20 17 75 4 22 26 15 15 33 27
715 21 32 31 24 60 37 20 30 29 1 33 27
716 21 34 37 43 125 37 27 35 25 37 33 27
717 21 33 39 34 49 73 20 1 28 23 33 27
718 21 25 15 28 89 1 23 1 31 15 32 27
719 21 26 19 28 39 5 23 26 26 25 33 27
720 21 36 37 35 84 9 20 32 25 29 33 27
721 21 31 29 27 59 52 24 23 29 7 33 27
722 21 29 20 14 50 1 14 22 26 14 33 27
723 21 32 33 39 50 1 25 31 29 34 33 27
724 21 30 28 23 60 45 27 32 27 24 33 27
725 21 36 39 19 135 87 24 33 25 29 33 27
726 21 31 32 16 83 33 22 18 22 1 33 27
727 21 28 30 25 76 1 18 1 30 16 33 27
728 21 30 26 15 91 22 26 30 30 6 33 27
729 21 30 27 20 61 1 21 28 27 12 33 27
730 21 35 23 11 60 33 26 22 20 17 33 27
731 21 36 44 30 107 68 21 18 24 13 33 27
732 21 29 30 36 84 41 24 29 26 21 33 27
733 21 29 27 24 142 13 20 21 31 2 33 27
734 21 35 27 28 47 4 24 21 23 34 33 27
735 21 35 36 31 41 23 22 29 23 41 33 27
736 21 33 30 23 57 41 22 25 29 17 33 27
737 21 29 29 31 55 77 25 1 140 1 33 27
738 21 32 31 33 153 1 23 28 29 28 33 27
739 21 28 22 28 104 17 21 24 30 11 33 27
740 21 30 23 18 86 16 25 27 26 1 33 27
741 21 39 45 33 65 1 21 28 24 21 33 27
742 21 31 27 14 60 4 22 26 26 7 33 27
743 21 28 20 33 55 14 21 32 27 17 33 27
744 21 32 28 18 59 37 25 43 29 27 33 27
745 21 33 33 33 71 85 26 24 25 30 33 27
746 21 28 27 23 120 61 20 23 26 3 33 27
747 21 26 13 19 173 7 20 26 24 23 33 27
748 21 28 21 26 52 10 24 31 30 27 33 27
749 21 27 19 28 93 1 26 31 24 24 33 27
750 21 31 20 14 103 4 27 25 22 14 33 27
751 21 34 34 26 97 40 20 22 31 19 33 27
752 21 31 24 15 147 1 17 20 18 31 33 27
753 21 30 27 28 51 1 20 37 24 41 33 27
754 21 25 21 25 142 1 20 29 27 1 33 27
755 21 31 27 33 57 8 20 39 24 49 33 27
756 21 34 25 30 98 27 28 1 33 30 33 27
757 21 21 17 31 110 30 21 22 24 4 33 27
758 21 34 33 27 113 29 23 22 26 32 33 27
759 21 37 44 28 89 83 22 24 25 12 33 27
760 21 33 28 16 82 1 23 25 33 14 33 27
761 21 31 32 39 78 14 23 37 25 26 33 27
762 21 37 36 27 67 79 26 22 29 24 33 27
763 22 33 36 38 43 75 21 29 28 30 33 27
764 21 35 34 30 84 1 23 36 33 39 33 27
765 21 32 35 26 81 72 26 31 29 22 33 27
766 21 30 29 37 60 1 21 36 26 30 33 27
767 21 36 33 26 91 21 31 30 33 28 33 27
768 22 33 36 28 135 2 25 45 32 10 33 27
769 21 33 31 22 52 83 24 20 24 28 33 27
770 21 27 27 37 69 69 22 15 21 10 33 27
771 21 29 31 24 101 1 23 25 34 14 33 27
772 21 37 36 30 114 19 25 25 30 39 33 27
773 21 32 28 25 81 45 24 17 23 31 33 27
774 21 30 25 26 70 1 23 19 25 8 33 27
775 21 33 32 20 79 104 27 39 36 22 33 27
776 21 24 13 17 80 1 23 21 28 1 33 27
777 21 39 43 25 69 11 24 23 27 39 33 27
778 21 39 36 19 142 11 25 26 28 24 33 27
779 21 34 33 27 96 31 22 22 21 16 33 27
780 21 28 32 30 51 17 20 27 28 15 33 27
781 21 31 25 23 75 13 23 24 31 27 33 27
782 21 26 18 19 93 7 24 26 24 8 33 27
783 21 31 28 25 72 15 24 20 27 13 33 27
784 21 30 23 31 127 34 26 24 25 1 33 27
785 21 36 35 33 110 81 22 28 26 38 33 27
786 21 30 23 16 57 21 19 23 28 20 33 27
787 21 27 18 17 69 36 19 27 22 10 33 27
788 21 34 34 27 116 33 25 46 26 14 33 27
789 21 31 30 33 63 34 23 31 23 40 33 27
790 21 29 29 31 79 1 21 31 25 34 33 27
791 21 31 31 33 76 40 24 29 26 26 33 27
792 21 32 36 22 62 1 19 26 29 1 33 27
793 21 33 37 34 140 35 19 27 29 11 33 27
794 21 27 21 30 166 8 20 34 27 35 33 27
795 21 37 40 33 83 64 23 23 27 34 33 27
796 21 28 25 20 67 19 20 25 27 1 33 27
797 22 34 38 31 52 1 20 38 23 41 33 27
798 21 32 27 29 71 19 17 26 26 42 33 27
799 21 258 767 651 133 2005 34 24 30 1 33 27
800 21 33 34 25 89 1 25 29 27 12 33 27
801 21 25 24 26 140 1 27 26 26 15 33 27
802 21 28 25 29 77 35 25 28 26 15 33 27
803 21 31 27 31 362 18 21 33 25 26 33 27
804 21 35 33 30 65 61 23 23 26 34 33 27
805 21 34 29 23 186 1 27 26 33 32 33 27
806 21 33 38 42 97 1 19 36 24 40 33 27
807 21 26 15 19 57 1 21 32 28 4 33 27
808 21 30 31 19 107 41 24 20 28 1 33 27
809 21 32 22 26 85 11 23 1 34 9 33 27
810 21 30 31 18 102 86 23 24 24 1 32 27
811 21 27 18 13 66 26 19 19 28 10 33 27
812 21 35 35 26 66 55 29 27 32 41 33 27
813 21 29 18 22 89 15 21 26 21 30 33 27
814 21 27 26 28 79 63 22 26 29 1 33 27
815 21 34 37 25 86 70 21 15 31 18 33 27
816 21 34 43 32 81 68 23 13 22 22 33 27
817 21 28 22 17 85 1 21 24 27 1 33 27
818 21 36 38 27 68 1 24 19 31 19 33 27
819 21 29 21 27 55 15 24 31 30 23 33 27
820 21 32 32 24 58 64 23 29 24 16 33 27
821 21 31 35 28 129 9 23 1 27 17 33 27
822 21 34 34 23 108 1 23 30 25 17 33 27
823 21 31 27 29 133 1 23 32 23 33 33 27
824 21 30 19 19 94 1 20 17 29 21 33 27
825 21 27 20 21 116 2 20 22 29 5 33 27
826 21 31 29 28 114 1 21 30 27 16 33 27
827 21 29 21 12 54 24 24 14 21 14 33 27
828 21 31 30 30 67 1 21 25 23 12 33 27
829 21 28 18 9 39 15 23 41 28 18 33 27
830 22 32 33 32 101 32 21 1 30 24 33 27
831 21 31 30 21 67 1 20 23 23 28 33 27
832 21 35 35 28 87 1 22 21 26 22 33 27
833 21 26 24 15 73 31 22 22 29 1 32 27
834 21 32 28 22 118 1 23 17 22 18 33 27
835 21 35 36 34 204 44 22 34 27 24 33 27
836 21 37 35 22 52 84 25 23 24 32 33 27
837 21 36 34 17 137 1 23 46 18 27 33 27
838 21 33 33 27 80 18 23 23 30 22 33 27
839 21 33 35 19 89 1 20 33 26 22 33 27
840 21 36 40 31 105 101 25 21 32 31 33 27
841 21 28 23 26 78 43 23 34 27 16 33 27
842 21 34 44 37 158 69 26 17 28 17 33 27
843 21 24 12 18 49 66 18 28 22 1 33 27
844 21 33 38 26 141 84 25 21 32 3 33 27
845 21 28 24 27 63 1 26 22 32 6 33 27
846 21 33 34 30 119 32 22 25 23 19 33 27
847 21 24 15 25 74 1 21 1 19 14 33 27
848 21 34 34 27 160 42 21 41 30 26 33 27
849 21 30 29 24 65 18 26 20 35 17 33 27
850 21 34 37 23 69 70 24 19 30 1 33 27
851 21 28 24 28 68 13 16 25 15 15 33 27
852 21 29 31 25 67 38 23 35 26 8 33 27
853 21 34 37 30 88 56 19 26 24 23 33 27
854 21 33 31 22 99 32 28 23 35 26 33 27
855 21 27 30 42 125 1 20 29 23 6 33 27
856 21 36 31 10 135 1 22 1 25 23 33 27
857 21 28 26 28 57 1 18 22 24 10 33 27
858 21 38 44 31 85 77 20 29 22 1 32 27
859 21 30 31 35 66 40 25 31 24 40 33 27
860 21 37 34 20 114 20 19 1 28 41 33 27
861 21 32 36 33 81 1 20 32 23 30 33 27
862 21 29 19 26 218 1 26 29 31 23 33 27
863 21 30 34 25 89 65 27 33 31 1 33 27
864 21 32 33 28 94 66 22 28 26 5 33 27
865 21 26 18 18 84 1 22 13 22 3 33 27
866 21 34 34 27 108 15 25 47 32 28 33 27
867 21 31 32 23 154 79 20 26 26 1 33 27
868 21 29 24 27 66 33 18 28 26 36 33 27
869 21 32 29 25 81 7 20 27 27 15 33 27
870 21 36 28 12 138 18 22 34 19 25 33 27
871 22 29 25 13 100 1 23 21 28 1 33 27
872 21 33 34 22 74 71 25 15 28 24 33 27
873 21 40 36 11 65 15 21 18 32 19 33 27
874 22 38 47 31 76 63 25 39 28 43 33 27
875 21 35 39 32 91 73 20 20 24 11 33 27
876 21 28 27 21 97 1 19 28 30 1 33 27
877 21 27 22 18 90 48 20 16 28 1 33 27
878 21 29 33 39 255 92 23 22 24 18 33 27
879 21 27 19 16 81 1 20 23 18 3 33 27
880 21 35 33 31 57 48 23 31 20 33 33 27
881 21 36 43 40 67 1 24 37 28 41 33 27
882 21 29 28 32 91 41 19 16 23 11 33 27
883 21 33 41 43 57 46 23 33 33 27 33 27
884 21 31 29 25 86 91 23 30 29 17 33 27
885 21 26 20 15 58 9 22 24 25 1 33 27
886 21 32 24 14 80 1 21 32 30 30 33 27
887 21 34 37 27 95 46 20 21 26 8 33 27
888 21 28 28 27 101 25 20 25 28 8 33 27
889 21 37 45 42 111 1 26 34 27 45 33 27
890 21 31 24 21 59 1 30 24 30 30 33 27
891 21 34 36 18 80 80 23 19 25 1 33 27
892 21 33 31 28 163 1 25 32 22 26 33 27
893 21 26 13 15 70 1 15 1 32 23 33 27
894 21 31 31 34 85 40 24 24 22 1 33 27
895 21 39 29 11 199 32 25 37 28 38 33 27
896 21 30 24 16 100 8 28 30 30 24 33 27
897 21 32 33 29 59 1 21 35 25 22 33 27
898 21 30 35 32 55 2 25 26 32 24 33 27
899 21 26 28 30 66 63 21 29 17 12 33 27
900 21 33 38 33 86 1 21 42 29 22 33 27
901 21 35 33 30 92 69 23 21 29 25 33 27
902 21 28 26 25 92 1 25 28 23 1 33 27
903 21 27 20 27 43 24 25 23 33 30 33 27
904 22 32 30 16 92 1 17 24 18 8 33 27
905 21 36 35 24 83 1 20 23 29 37 33 27
906 21 31 21 11 54 5 24 16 29 32 33 27
907 21 23 9 19 87 11 19 45 20 16 33 27
908 22 28 24 20 135 78 20 24 24 1 33 27
909 21 30 27 25 50 30 20 24 27 13 33 27
910 21 38 39 26 116 60 18 27 30 12 33 27
911 21 30 35 39 98 34 22 20 27 4 33 27
912 21 27 25 24 71 49 19 15 24 1 33 27
913 21 35 32 30 132 3 22 36 25 44 33 27
914 21 30 28 21 185 1 19 20 25 10 33 27
915 21 27 27 39 48 1 23 11 30 11 32 27
916 21 36 36 22 113 41 21 19 17 15 33 27
917 21 28 27 25 79 1 21 17 27 2 33 27
918 21 39 44 32 86 20 24 24 31 30 33 27
919 21 31 31 37 68 1 23 36 27 41 33 27
920 21 24 23 27 66 1 20 25 28 6 33 27
921 21 25 14 18 59 33 24 25 34 8 33 27
922 21 27 12 24 37 18 24 30 33 37 33 27
923 21 27 20 23 93 1 18 25 23 1 33 27
924 21 31 26 20 190 14 24 23 31 28 33 27
925 21 32 32 26 112 45 20 26 27 4 33 27
926 21 30 31 30 80 62 21 29 25 25 33 27
927 21 29 24 29 74 6 21 1 29 6 33 27
928 21 28 21 25 131 48 24 22 24 4 33 27
929 21 29 15 16 202 14 22 22 22 13 33 27
930 21 32 28 20 255 50 20 30 30 23 33 27
931 21 30 17 17 87 1 12 21 19 20 33 27
932 21 32 28 31 102 34 25 33 33 32 33 27
933 21 37 34 19 57 60 23 27 26 8 33 27
934 21 30 28 21 84 63 29 23 27 17 33 27
935 21 29 22 20 78 5 16 23 26 23 33 27
936 21 36 36 24 124 1 24 14 28 26 33 27
937 21 32 29 26 64 1 20 22 26 30 33 27
938 21 29 26 32 56 1 22 32 27 34 33 27
939 21 31 31 28 71 49 19 24 30 18 33 27
940 21 31 20 25 76 12 26 31 33 24 33 27
941 21 30 24 17 68 1 21 26 29 29 33 27
942 21 36 42 21 96 18 22 19 28 33 33 27
943 21 30 34 37 98 30 24 26 20 28 33 27
944 21 31 34 23 56 41 21 27 29 5 33 27
945 21 34 31 33 64 1 26 32 32 29 33 27
946 21 36 28 20 67 1 22 20 51 24 33 27
947 21 22 16 26 192 17 19 22 31 17 33 27
948 21 31 33 20 88 67 23 20 29 1 33 27
949 21 33 35 36 62 1 20 28 25 37 33 27
950 21 32 36 27 67 1 18 24 34 3 33 27
951 21 32 32 21 81 52 23 24 39 26 33 27
952 21 29 37 27 69 44 23 26 31 5 33 27
953 21 30 30 21 89 53 23 23 29 7 33 27
954 21 39 44 20 99 61 22 29 30 13 33 27
955 22 35 33 22 109 61 22 1 23 33 34 27
956 21 31 30 35 87 55 25 30 21 32 33 27
957 21 27 14 26 68 27 23 28 27 31 33 27
958 21 39 34 15 229 64 25 41 29 23 33 27
959 21 32 26 31 47 1 25 35 24 35 33 27
960 21 32 21 15 47 26 23 21 31 24 33 27
961 21 35 29 9 120 1 21 32 35 42 33 27
962 21 32 23 14 50 16 26 30 30 26 33 27
963 21 28 28 34 105 21 19 1 31 15 33 27
964 21 30 23 26 173 1 27 25 32 27 33 27
965 22 32 24 8 91 1 23 29 27 14 33 27
966 21 36 40 27 121 32 20 19 32 7 33 27
967 21 33 37 32 106 5 24 25 30 37 33 27
968 21 28 25 22 180 66 17 23 24 4 33 27
969 21 27 21 16 63 1 25 20 27 21 33 27
970 21 25 21 19 110 1 19 26 21 1 33 27
971 21 25 23 31 171 13 25 46 24 4 33 27
972 21 34 34 35 85 19 18 30 24 47 33 27
973 21 30 25 23 96 11 23 28 30 7 33 27
974 21 29 21 21 88 7 26 26 24 16 33 27
975 21 31 35 31 76 48 19 21 26 10 33 27
976 21 33 35 33 97 72 24 34 33 9 33 27
977 21 38 39 30 102 1 26 30 28 29 33 27
978 21 31 25 32 49 1 28 32 27 27 33 27
979 21 33 30 32 95 1 29 29 32 34 33 27
980 21 29 29 27 65 1 24 25 36 14 33 27
981 22 33 32 27 61 48 27 25 22 29 34 27
982 21 25 14 17 46 22 25 27 29 2 33 27
983 21 33 29 25 151 1 25 23 32 29 33 27
984 21 32 34 30 117 51 25 17 27 10 33 27
985 21 27 34 36 59 1 21 30 23 11 33 27
986 21 32 30 17 215 23 30 26 25 3 33 27
987 21 30 23 9 161 1 22 13 27 18 33 27
988 21 31 29 28 56 36 21 32 26 26 33 27
989 21 29 23 27 60 19 27 20 38 19 33 27
990 21 33 30 20 65 3 30 25 31 27 33 27
991 21 28 29 31 102 1 23 28 22 15 33 27
992 21 32 24 29 77 1 21 37 20 47 33 27
993 21 29 21 17 51 1 19 29 23 32 33 27
994 21 38 26 15 126 3 23 29 27 43 33 27
995 21 29 27 21 72 1 24 31 26 14 33 27
996 21 30 26 19 450 1 21 31 30 8 33 27
997 21 30 25 14 149 29 21 26 20 13 33 27
998 21 34 36 35 84 1 21 33 26 39 33 27
999 21 35 32 22 63 72 24 24 27 30 33 27
1000 21 38 42 23 111 81 25 24 23 20 33 27
1001 21 34 36 22 172 52 23 25 30 8 33 27
1002 21 33 35 30 83 61 23 31 28 20 33 27
1003 21 34 41 33 108 101 21 1 32 4 33 27
1004 21 29 26 27 90 1 17 27 14 25 33 27
1005 21 33 31 18 49 38 20 24 31 29 33 27
1006 21 36 34 18 60 1 20 30 24 12 33 27
1007 21 38 48 35 81 103 22 39 25 28 33 27
1008 21 20 17 33 54 24 23 22 21 10 33 27
1009 21 30 26 28 92 17 25 28 23 13 33 27
1010 21 23 10 20 77 1 20 22 31 11 33 27
1011 21 29 22 25 71 1 23 25 18 29 33 27
1012 21 31 31 30 49 58 23 16 25 21 33 27
1013 21 31 29 31 69 34 21 31 26 27 33 27
1014 21 38 32 24 83 33 25 8 38 30 33 27
1015 21 30 38 42 89 68 23 27 23 15 33 27
1016 21 30 27 13 101 30 17 21 19 1 33 27
1017 21 33 25 16 138 17 24 36 30 29 33 27
1018 21 30 27 33 44 20 19 26 29 32 33 27
1019 21 33 32 20 138 1 21 22 30 11 33 27
1020 21 38 38 25 105 43 18 30 23 25 33 27
1021 21 30 30 37 123 74 21 25 22 14 33 27
1022 21 28 20 21 60 8 17 32 18 19 33 27
1023 21 28 32 32 57 1 20 18 28 8 33 27
1024 21 35 38 27 106 45 20 22 28 29 33 27
1025 21 33 37 29 56 21 24 29 25 10 33 27
1026 21 33 36 37 87 1 36 32 26 37 33 27
1027 21 31 26 14 83 1 25 27 29 5 33 27
1028 21 33 34 37 49 1 30 33 25 17 33 27
1029 21 24 12 16 118 15 22 1 21 24 33 27
1030 21 31 29 27 162 3 23 13 27 23 33 27
1031 21 30 32 36 48 50 27 23 29 3 33 27
1032 21 33 28 19 111 48 27 29 24 11 33 27
1033 21 31 26 18 110 1 22 1 38 10 33 27
1034 22 26 31 37 58 3 22 30 22 1 33 27
1035 21 31 29 24 50 1 24 24 32 26 33 27
1036 21 38 43 30 106 1 26 34 27 25 33 27
1037 21 28 18 20 58 18 24 31 29 6 33 27
1038 21 32 23 15 55 46 19 18 21 16 33 27
1039 21 36 32 21 101 1 24 35 28 37 33 27
1040 21 31 34 24 84 2 19 19 24 1 33 27
1041 21 35 30 16 72 18 23 38 22 30 33 27
1042 21 29 30 29 120 10 22 33 29 10 33 27
1043 21 31 28 30 95 1 24 1 28 22 33 27
1044 21 26 15 16 97 1 22 32 29 13 33 27
1045 21 26 18 22 326 1 20 38 22 16 33 27
1046 21 39 41 32 100 1 25 27 29 30 33 27
1047 21 32 32 20 64 20 24 42 30 31 33 27
1048 21 32 27 11 120 65 22 32 26 1 33 27
1049 21 36 31 19 57 37 18 32 28 32 33 27
1050 21 36 38 34 89 60 25 26 23 33 33 27
1051 21 35 41 31 90 67 45 20 25 14 33 27
1052 21 30 24 19 192 31 22 22 31 25 33 27
1053 21 30 20 11 175 1 18 20 23 27 33 27
1054 21 34 33 32 84 9 26 26 31 28 33 27
1055 21 33 36 23 124 29 23 20 22 27 33 27
1056 21 27 26 32 40 27 20 22 27 18 33 27
1057 21 32 31 25 70 1 21 22 20 29 33 27
1058 21 27 24 26 81 68 24 49 23 7 33 27
1059 21 32 35 32 110 59 21 33 33 38 33 27
1060 21 35 33 17 141 1 21 22 30 17 33 27
1061 21 34 40 29 147 72 23 22 29 18 33 27
1062 21 25 23 30 81 29 23 26 24 1 33 27
1063 21 36 35 26 134 37 19 17 26 21 33 27
1064 21 30 23 22 102 36 20 28 21 22 33 27
1065 21 33 42 29 67 110 26 21 27 1 33 27
1066 21 37 38 32 91 61 29 31 28 20 33 27
1067 21 31 39 30 110 88 23 23 40 1 33 27
1068 21 36 28 15 143 8 20 20 27 44 33 27
1069 21 30 26 22 175 29 21 28 26 32 33 27
1070 21 32 31 28 73 1 19 39 19 35 33 27
1071 21 32 37 39 67 69 23 9 29 10 33 27
1072 21 26 20 23 52 8 21 21 31 21 33 27
1073 21 26 28 38 97 1 18 31 27 1 32 27
1074 21 26 23 25 72 10 19 19 31 13 33 27
1075 21 27 16 11 70 1 23 25 27 6 33 27
1076 21 30 31 26 51 55 22 20 26 16 33 27
1077 21 32 35 41 59 2 20 26 28 33 33 27
1078 21 31 27 25 137 1 23 35 21 26 33 27
1079 21 27 15 18 186 1 20 28 29 20 33 27
1080 21 33 29 16 134 25 22 46 25 36 33 27
1081 21 30 23 25 222 44 24 23 25 8 33 27
1082 21 28 24 20 179 13 19 19 30 7 33 27
1083 21 33 35 26 93 125 22 28 23 11 33 27
1084 21 27 20 23 72 1 24 25 26 25 33 27
1085 21 33 39 28 305 114 25 21 33 1 33 27
1086 21 28 29 43 103 55 26 22 24 2 33 27
1087 21 24 22 17 95 1 21 28 23 1 33 27
1088 21 37 35 24 128 1 18 24 26 26 33 27
1089 22 37 43 26 80 29 22 17 23 15 33 27
1090 21 34 33 22 77 49 23 20 27 27 33 27
1091 21 33 34 19 149 51 29 22 23 16 33 27
1092 21 29 21 22 96 53 25 1 23 6 33 27
1093 21 29 29 34 41 63 21 21 32 14 33 27
1094 21 24 13 10 63 1 22 19 17 1 33 27
1095 21 29 30 30 85 49 22 32 34 24 33 27
1096 21 30 25 16 76 27 19 23 21 13 33 27
1097 21 27 26 30 60 47 23 38 25 14 33 27
1098 21 26 14 15 167 2 22 18 29 1 33 27
1099 21 29 26 29 131 48 23 30 29 27 33 27
1100 21 34 44 36 109 121 22 18 24 17 33 27
1101 21 28 28 25 80 38 23 21 25 1 33 27
1102 21 33 31 21 168 96 17 26 27 22 33 27
1103 21 29 26 29 42 1 23 46 27 20 33 27
1104 21 32 29 21 103 23 20 24 20 19 33 27
1105 21 30 34 36 46 2 25 24 32 6 33 27
1106 21 26 24 25 90 28 23 17 29 1 33 27
1107 21 24 25 26 67 81 19 22 19 1 33 27
1108 22 33 29 29 105 22 25 29 26 45 34 27
1109 21 32 31 27 151 78 22 22 27 3 33 27
1110 21 29 21 18 133 1 20 18 27 19 33 27
1111 21 321 11 18 148 1 21 29 26 7 33 27
1112 21 28 25 26 59 83 20 16 22 1 33 27
1113 21 30 33 27 57 15 20 28 17 8 33 27
1114 21 35 33 24 63 1 24 33 27 33 33 27
1115 21 33 31 26 59 1 23 34 26 1 33 27
1116 21 36 40 41 129 30 24 33 30 39 33 27
1117 21 32 32 17 100 42 19 25 32 3 33 27
1118 21 30 24 21 75 1 21 21 29 13 33 27
1119 21 27 31 33 128 30 25 1 29 1 33 27
1120 21 37 38 21 74 1 19 24 27 17 33 27
1121 21 35 32 15 114 22 26 29 24 24 33 27
1122 21 23 17 28 76 1 24 34 25 14 33 27
1123 21 35 48 39 61 46 23 30 18 31 33 27
1124 21 38 41 123 115 29 21 42 26 29 33 27
1125 21 35 33 25 313 75 22 31 26 32 33 27
1126 21 31 26 32 210 31 20 28 26 31 33 27
1127 21 31 25 31 73 7 25 41 23 42 33 27
1128 21 29 24 35 39 4 21 19 28 31 33 27
1129 21 27 19 23 62 1 23 26 23 33 33 27
1130 22 31 32 34 104 56 19 20 25 9 33 27
1131 21 33 34 33 60 23 25 22 30 23 33 27
1132 21 39 46 29 100 25 24 36 34 27 33 27
1133 21 31 29 33 166 1 23 32 29 43 33 27
1134 21 32 31 31 97 1 16 26 34 19 33 27
1135 21 33 41 38 216 121 24 26 25 3 33 27
1136 21 29 30 28 89 26 22 29 26 12 33 27
1137 21 31 29 31 44 7 25 40 24 35 33 27
1138 21 31 33 26 72 56 21 28 25 3 33 27
1139 21 33 33 38 51 15 25 35 25 44 33 27
1140 21 34 43 38 88 1 19 24 25 22 33 27
1141 21 26 16 22 85 1 22 25 25 17 33 27
1142 21 30 26 26 66 19 20 17 29 7 33 27
1143 21 29 39 29 93 45 19 26 24 11 33 27
1144 21 31 27 21 77 41 26 27 29 23 33 27
1145 21 28 19 9 56 23 22 14 29 1 32 27
1146 21 28 34 36 74 64 27 19 25 12 32 27
1147 21 25 23 31 132 28 22 23 27 8 33 27
1148 22 31 27 24 63 1 21 1 33 15 33 27
1149 21 27 30 34 55 59 22 24 23 16 33 27
1150 21 34 43 32 105 64 25 27 23 9 33 27
1151 21 32 24 27 88 28 26 29 26 46 33 27
1152 21 33 32 31 61 1 22 37 27 28 33 27
1153 21 31 25 25 75 3 22 1 34 23 32 27
1154 22 34 34 25 70 11 22 27 33 24 33 27
1155 21 32 31 17 76 1 25 23 25 1 33 27
1156 21 23 12 289 46 11 21 23 22 26 33 27
1157 21 27 19 13 94 1 21 29 26 32 33 27
1158 21 35 42 40 72 44 23 26 29 24 33 27
1159 21 35 35 27 118 54 21 25 24 36 33 27
1160 21 34 34 25 122 48 21 34 22 27 33 27
1161 22 30 18 18 95 49 27 34 28 19 33 27
1162 21 31 29 21 91 1 27 12 23 23 33 27
1163 21 29 29 29 142 36 17 23 24 8 33 27
1164 21 37 38 26 204 5 21 1 32 16 33 27
1165 21 31 36 24 115 44 21 23 28 1 33 27
1166 21 32 29 28 85 1 23 27 24 28 33 27
1167 21 24 16 18 85 1 22 15 21 1 33 27
1168 21 30 19 29 39 1 21 44 27 41 33 27
1169 21 36 43 26 155 92 22 17 22 11 33 27
1170 21 37 47 30 103 95 16 28 33 13 33 27
1171 21 34 25 24 69 18 19 1 27 26 33 27
1172 21 28 21 18 80 30 20 21 26 4 33 27
1173 21 28 31 27 113 27 22 26 30 1 33 27
1174 21 34 35 21 68 45 25 23 29 18 33 27
1175 21 33 35 34 70 53 24 30 29 24 33 27
1176 21 27 23 26 150 13 22 24 23 13 33 27
1177 21 30 26 20 71 44 22 27 27 7 33 27
1178 21 30 26 17 102 1 17 16 30 24 33 27
1179 21 21 9 21 50 1 19 37 18 7 33 27
1180 21 29 27 32 66 1 22 33 20 27 33 27
1181 21 36 34 31 66 18 21 29 28 25 33 27
1182 21 27 19 18 97 15 19 24 27 1 33 27
1183 21 33 30 21 133 27 23 25 29 23 33 27
1184 21 40 41 27 65 81 20 48 25 51 33 27
1185 21 31 21 20 93 1 23 21 29 23 33 27
1186 21 29 22 17 68 43 21 21 26 17 33 27
1187 21 31 27 17 60 1 26 12 25 1 33 27
1188 21 34 25 17 63 19 18 27 41 14 33 27
1189 21 33 34 21 73 62 22 16 23 1 33 27
1190 21 33 31 26 120 1 23 20 22 26 33 27
1191 21 31 33 34 56 51 23 25 32 20 33 27
1192 21 35 34 19 120 1 21 18 31 32 33 27
1193 21 33 36 36 43 45 21 27 29 32 33 27
1194 21 30 18 24 164 1 22 30 29 37 33 27
1195 21 33 33 28 57 23 20 30 26 23 33 27
1196 21 32 34 43 137 28 27 31 25 45 33 27
1197 21 33 42 25 100 69 21 18 27 1 33 27
1198 21 29 29 27 68 1 24 32 28 10 33 27
1199 21 30 34 29 91 57 26 34 23 8 33 27
1200 21 35 33 25 134 36 21 30 25 32 33 27
1201 21 35 38 39 129 17 24 27 28 47 33 27
1202 21 36 36 22 67 56 25 23 19 12 33 27
1203 21 31 31 26 76 2 24 31 23 40 33 27
1204 21 30 32 31 117 1 24 29 25 18 33 27
1205 21 35 34 28 127 49 28 35 29 23 33 27
1206 21 34 29 28 47 37 23 27 23 32 33 27
1207 21 29 23 23 71 1 25 29 26 24 33 27
1208 21 37 32 27 150 1 26 38 27 39 33 27
1209 21 34 31 25 158 35 24 25 31 33 33 27
1210 21 38 36 18 63 7 25 46 27 33 33 27
1211 21 33 36 22 67 1 21 22 21 2 33 27
1212 21 29 20 18 136 24 21 33 25 18 33 27
1213 22 35 37 29 162 55 19 27 27 20 33 27
1214 21 38 44 28 101 22 24 27 27 10 33 27
1215 21 26 19 26 74 1 21 25 23 18 32 27
1216 22 36 34 34 121 33 24 29 30 49 34 27
1217 21 36 29 9 248 20 21 22 22 27 33 27
1218 21 30 26 27 71 1 21 19 19 13 33 27
1219 21 27 20 27 178 1 19 1 28 1 32 27
1220 21 35 30 25 105 59 26 31 26 29 33 27
1221 21 30 26 21 78 1 21 25 26 14 33 27
1222 21 33 32 22 90 63 20 33 20 33 33 27
1223 21 33 28 35 70 32 27 34 29 49 33 27
1224 21 31 24 20 100 1 20 27 25 39 33 27
1225 21 23 20 24 104 13 18 25 22 1 32 27
1226 21 35 34 23 140 1 18 24 27 14 33 27
1227 21 41 48 24 145 35 22 20 30 42 33 27
1228 21 30 29 35 149 1 20 29 28 17 33 27
1229 21 31 38 38 97 1 24 14 34 26 33 27
1230 21 29 27 25 57 1 21 33 25 19 33 27
1231 21 30 21 21 56 37 19 1 31 18 33 27
1232 21 31 27 14 192 36 19 12 29 1 33 27
1233 21 32 30 24 50 32 22 26 31 21 33 27
1234 21 33 37 33 50 60 22 27 23 18 33 27
1235 21 36 44 25 138 56 26 47 24 24 33 27
1236 21 41 43 26 150 75 29 23 36 45 33 27
1237 21 33 32 24 62 1 26 27 31 18 33 27
1238 21 30 31 20 79 47 21 12 26 1 33 27
1239 21 25 16 20 120 30 22 36 27 8 33 27
1240 21 36 41 32 60 44 24 29 16 30 33 27
1241 21 26 28 33 159 23 25 32 24 1 33 27
1242 21 31 38 26 69 81 19 21 24 1 33 27
1243 21 42 49 23 123 1 20 21 27 33 33 27
1244 21 37 34 31 56 60 25 1 42 32 33 27
1245 21 23 23 36 82 1 23 32 29 1 33 27
1246 21 27 23 25 101 1 23 15 19 1 33 27
1247 21 25 20 22 71 1 18 20 31 36 33 27
1248 21 28 29 34 76 44 21 26 21 11 33 27
1249 21 29 22 26 137 1 23 32 27 29 33 27
1250 21 33 33 36 68 62 24 32 23 28 33 27
1251 21 27 23 22 281 43 25 21 25 1 32 27
1252 21 37 34 28 62 61 24 21 26 30 33 27
1253 21 35 41 35 83 42 26 27 35 17 33 27
1254 21 26 22 26 44 37 23 27 30 15 33 27
1255 21 31 24 25 52 28 29 1 28 26 33 27
1256 22 32 33 26 70 51 19 19 19 1 33 27
1257 21 31 23 27 120 58 21 27 20 40 33 27
1258 21 29 17 9 88 69 22 19 26 1 32 27
1259 21 26 18 28 33 34 23 4 21 22 33 27
1260 21 33 27 20 59 42 23 19 28 10 33 27
1261 21 36 40 37 93 73 22 27 25 28 33 27
1262 21 35 36 41 79 1 27 33 36 39 33 27
1263 21 29 25 26 71 42 23 31 20 25 33 27
1264 21 35 33 23 59 12 21 22 27 31 33 27
1265 21 28 28 27 77 10 20 18 31 22 33 27
1266 21 33 29 29 97 42 24 27 28 26 33 27
1267 21 30 22 20 92 1 23 21 26 28 33 27
1268 21 33 28 32 52 1 25 29 30 33 33 27
1269 21 31 38 32 227 52 24 32 30 9 33 27
1270 21 30 31 23 93 47 22 17 29 7 33 27
1271 21 24 17 21 55 3 26 26 25 8 33 27
1272 21 32 23 23 64 54 17 27 27 15 33 27
1273 21 30 31 23 67 75 28 17 30 1 33 27
1274 21 32 33 33 52 1 21 29 20 31 33 27
1275 21 33 37 24 75 2 22 19 25 17 33 27
1276 21 31 27 10 227 1 25 19 33 8 33 27
1277 21 31 30 15 157 1 18 19 25 9 33 27
1278 21 31 34 28 77 8 23 17 31 20 33 27
1279 21 32 26 16 204 57 18 26 20 11 33 27
1280 21 29 21 6 59 1 19 17 30 2 33 27
1281 21 21 10 20 73 39 25 24 26 1 33 27
1282 21 39 34 17 74 1 24 26 35 30 33 27
1283 21 27 22 14 64 4 25 18 25 14 33 27
1284 21 28 25 32 87 19 19 27 25 15 33 27
1285 21 28 25 16 71 55 20 19 25 9 33 27
1286 21 29 24 30 70 31 18 27 25 27 33 27
1287 21 30 31 24 333 43 22 20 29 1 32 27
1288 21 36 40 28 47 80 18 34 22 33 33 27
1289 21 28 26 29 82 56 26 33 31 11 33 27
1290 21 31 28 20 70 20 24 18 26 1 33 27
1291 21 35 39 34 97 30 22 32 37 38 33 27
1292 21 35 41 34 139 74 21 14 27 17 33 27
1293 21 30 30 17 280 56 19 24 27 1 32 27
1294 21 27 17 14 179 9 22 18 24 1 33 27
1295 21 29 26 28 143 51 20 30 29 14 33 27
1296 21 34 36 34 105 1 24 26 26 42 33 27
1297 21 29 35 36 62 1 21 38 18 1 33 27
1298 21 27 25 19 79 55 22 20 31 1 33 27
1299 21 28 20 18 52 6 24 32 32 25 33 27
1300 21 32 32 36 80 21 26 31 26 15 33 27
1301 21 33 30 32 71 1 25 49 18 40 33 27
1302 21 31 21 27 50 1 24 32 25 38 33 27
1303 21 23 20 30 69 20 25 28 28 1 32 27
1304 21 33 32 22 108 25 21 26 24 19 33 27
1305 21 35 38 39 64 1 22 37 24 42 33 27
1306 21 29 16 13 234 13 22 19 33 10 33 27
1307 21 32 29 24 135 1 22 29 21 28 33 27
1308 21 30 31 25 112 1 22 23 31 6 33 27
1309 22 34 30 32 65 1 21 39 25 47 34 27
1310 21 28 27 19 89 16 23 16 22 1 32 27
1311 21 34 28 20 86 1 22 11 21 25 33 27
1312 21 33 34 30 61 41 19 21 22 22 33 27
1313 21 35 36 20 103 57 24 33 22 19 33 27
1314 21 27 23 25 59 34 24 18 30 7 33 27
1315 21 34 30 21 148 1 18 23 26 21 33 27
1316 21 31 27 32 118 1 26 19 30 13 33 27
1317 21 31 22 11 103 3 26 28 31 24 33 27
1318 21 32 36 20 66 19 21 22 26 1 32 26
1319 21 32 28 21 91 49 19 20 22 14 33 27
1320 21 31 31 21 85 10 20 16 30 1 32 27
1321 21 33 29 22 54 1 19 25 23 25 33 27
1322 21 36 44 31 102 1 18 22 28 21 33 27
1323 21 36 43 32 54 122 25 18 24 21 33 27
1324 21 25 14 22 75 13 26 31 18 1 33 27
1325 21 35 40 38 99 6 21 34 29 39 33 27
1326 21 36 43 26 93 1 22 22 22 30 33 27
1327 21 32 27 33 116 10 25 36 29 42 33 27
1328 21 33 32 17 116 1 23 33 28 22 33 27
1329 21 25 19 25 41 52 25 32 28 17 33 27
1330 21 29 26 30 80 21 24 37 27 35 33 27
1331 21 29 24 6 169 33 20 19 26 1 33 27
1332 21 34 34 23 58 35 23 33 22 28 33 27
1333 21 30 25 25 56 32 27 23 22 24 33 27
1334 21 27 26 38 73 4 25 25 20 22 33 27
1335 21 32 31 24 55 56 17 28 25 8 33 27
1336 21 27 21 28 96 1 26 31 21 27 33 27
1337 21 30 25 32 94 1 25 26 28 39 33 27
1338 21 30 28 24 107 95 28 24 32 1 33 27
1339 21 28 24 25 75 18 28 26 39 20 33 27
1340 21 32 35 24 204 60 20 19 30 7 33 27
1341 21 29 27 31 89 8 24 25 30 14 33 27
1342 21 32 37 26 62 41 23 17 28 23 33 27
1343 22 29 28 29 114 1 22 23 29 1 33 27
1344 21 32 29 25 94 28 23 24 26 30 33 27
1345 21 35 38 31 82 1 24 35 23 39 33 27
1346 21 23 10 19 53 33 26 27 27 10 33 27
1347 21 36 43 35 93 1 24 25 25 29 33 27
1348 21 28 24 12 96 50 22 24 17 1 33 27
1349 21 37 41 20 146 50 23 14 31 28 33 27
1350 21 29 33 20 89 42 21 21 27 1 33 27
1351 21 30 20 26 88 61 24 1 34 39 33 27
1352 21 34 29 18 106 55 26 12 27 19 33 27
1353 21 37 37 16 84 1 22 27 25 17 33 27
1354 21 30 24 29 74 1 21 22 24 34 33 27
1355 21 37 41 21 67 30 21 17 26 11 33 27
1356 21 33 36 27 136 1 21 1 22 26 33 27
1357 21 30 26 22 80 48 24 22 27 32 33 27
1358 21 32 29 21 79 1 17 19 24 21 33 27
1359 21 26 22 25 54 38 26 17 29 10 33 27
1360 21 35 35 24 73 1 23 28 26 23 33 27
1361 21 32 43 38 96 101 17 23 19 7 33 27
1362 21 29 26 14 211 35 22 23 24 9 33 27
1363 21 33 39 28 286 73 24 31 26 26 33 27
1364 21 36 31 21 121 33 22 23 26 30 33 27
1365 21 34 35 35 181 1 23 32 25 23 33 27
1366 21 33 33 24 66 1 26 39 26 28 33 27
1367 21 31 22 5 131 31 21 18 25 23 33 27
1368 21 28 20 11 61 13 23 21 24 1 33 27
1369 21 33 33 36 103 1 26 32 25 34 33 27
1370 21 28 26 27 260 52 21 1 31 7 33 27
1371 21 37 45 33 261 94 22 35 24 36 33 27
1372 21 32 31 24 49 13 20 22 28 15 33 27
1373 21 30 26 30 70 22 23 34 28 26 33 27
1374 21 31 28 26 138 1 20 34 25 26 33 27
1375 21 34 44 36 122 98 20 21 22 13 33 27
1376 21 34 38 32 67 1 25 39 27 26 33 27
1377 21 33 36 36 58 1 24 33 25 37 33 27
1378 21 34 34 20 176 5 25 33 25 20 33 27
1379 21 31 25 26 82 51 18 26 19 24 33 27
1380 21 31 27 17 134 17 20 34 28 1 33 27
1381 21 31 33 26 55 49 22 27 32 24 33 27
1382 21 32 27 31 133 50 24 32 20 31 33 27
1383 21 33 42 36 79 16 23 25 27 9 33 27
1384 21 33 22 22 55 12 26 32 26 26 33 27
1385 21 34 32 29 54 41 23 34 21 21 33 27
1386 21 32 31 30 155 1 16 25 22 26 33 27
1387 22 35 35 27 101 99 25 34 26 19 33 27
1388 21 30 32 28 72 53 25 27 22 11 33 27
1389 21 36 33 24 79 33 28 27 34 30 33 27
1390 21 26 25 28 144 45 16 19 29 5 33 27
1391 21 29 23 32 39 16 24 40 27 26 33 27
1392 21 38 40 18 89 77 22 27 28 22 33 27
1393 37 57 64 49 402 113 44 48 59 25 53 46
1394 21 30 28 19 76 1 20 24 30 1 33 27
1395 21 30 28 31 193 1 24 32 25 22 33 27
1396 21 35 35 38 113 2 24 24 26 45 33 27
1397 21 33 28 21 106 50 21 24 27 19 33 27
1398 21 30 33 29 282 51 23 31 20 21 33 27
1399 21 33 30 30 187 1 20 33 24 35 33 27
1400 21 33 29 29 111 61 23 1 35 18 33 27
1401 21 30 24 32 216 1 23 33 24 37 33 27
1402 21 29 22 25 104 18 22 23 27 3 33 27
1403 21 33 30 23 45 36 28 31 32 21 33 27
1404 21 28 23 27 76 64 24 51 24 14 33 27
1405 21 27 18 30 44 22 25 27 25 32 33 27
1406 21 25 10 15 84 6 21 22 31 1 33 27
1407 21 25 15 14 43 9 25 26 20 13 33 27
1408 21 31 29 29 84 33 19 16 25 26 33 27
1409 21 34 36 33 83 84 27 27 29 19 33 27
1410 21 35 37 26 99 1 21 18 29 9 33 27
1411 21 23 7 19 100 1 22 30 26 19 33 27
1412 21 28 19 21 165 47 21 7 27 4 33 27
1413 21 30 36 34 112 23 23 13 22 16 33 27
1414 21 32 29 17 129 30 24 28 32 22 33 27
1415 21 34 33 21 65 100 18 28 24 9 33 27
1416 21 32 27 29 85 29 21 39 28 21 33 27
1417 21 31 35 34 71 75 24 29 31 1 33 27
1418 21 32 38 31 60 53 21 29 23 24 33 27
1419 21 29 33 31 93 86 23 12 33 6 33 27
1420 21 29 28 17 61 12 20 34 28 25 33 27
1421 21 38 48 42 86 1 20 28 23 23 33 27
1422 21 37 35 23 77 49 24 29 26 32 33 27
1423 21 31 29 20 137 74 26 27 31 6 33 27
1424 21 26 19 21 90 44 18 27 25 13 33 27
1425 21 33 36 31 171 1 23 28 23 12 33 27
1426 21 32 24 24 56 1 23 23 34 29 33 27
1427 21 35 42 30 69 60 22 21 34 36 33 27
1428 21 29 24 28 84 55 29 23 18 5 33 27
1429 21 23 15 19 47 31 19 24 14 6 33 27
1430 21 28 17 27 83 1 19 30 21 20 33 27
1431 21 40 48 31 70 22 23 33 29 22 33 27
1432 21 26 14 9 65 10 22 24 23 15 33 27
1433 21 33 23 24 176 17 25 33 24 33 33 27
1434 21 30 24 26 86 1 23 37 24 24 33 27
1435 21 32 34 19 91 1 19 26 21 17 33 27
1436 21 31 37 35 149 1 20 35 22 19 33 27
1437 21 36 34 20 70 1 26 30 28 14 33 27
1438 21 33 38 32 80 57 24 32 25 6 33 27
1439 21 26 19 30 48 1 19 20 32 5 33 27
1440 21 31 25 25 88 23 17 23 19 24 33 27
1441 21 31 26 14 60 10 23 14 23 10 33 27
1442 21 30 31 23 49 27 26 39 27 13 33 27
1443 21 32 30 23 56 13 20 22 26 14 33 27
1444 21 30 27 33 116 23 21 29 27 37 33 27
1445 21 26 16 22 254 5 18 1 29 25 33 27
1446 21 30 21 21 57 31 24 21 29 24 33 27
1447 21 30 37 28 100 25 20 22 37 19 33 27
1448 21 32 33 27 82 1 24 23 31 38 33 27
1449 21 35 39 39 48 1 24 29 30 38 33 27
1450 21 26 16 14 228 41 17 26 22 2 33 27
1451 21 30 28 30 180 11 21 20 32 7 33 27
1452 21 29 32 38 87 76 28 30 32 18 33 27
1453 21 30 28 37 57 30 16 25 27 10 33 27
1454 21 30 24 21 44 1 24 28 32 24 33 27
1455 21 26 14 22 80 15 26 25 24 1 33 27
1456 21 33 30 25 74 1 23 35 24 25 33 27
1457 21 31 30 31 85 1 22 30 30 26 33 27
1458 21 33 31 20 110 29 22 23 23 20 33 27
1459 22 34 28 20 50 9 24 1 32 27 33 27
1460 21 34 34 27 65 70 25 19 32 28 33 27
1461 21 35 38 36 139 98 19 26 27 29 33 27
1462 21 27 21 28 55 1 20 36 26 12 33 27
1463 21 38 41 29 153 1 26 43 28 35 33 27
1464 21 27 20 30 46 1 21 33 23 30 33 27
1465 21 32 24 30 92 1 24 37 29 37 33 27
1466 21 31 24 14 98 67 19 35 25 17 33 27
1467 21 35 36 28 55 25 23 34 34 22 33 27
1468 21 29 23 18 81 39 23 28 25 1 33 27
1469 21 33 34 32 71 76 22 25 23 13 33 27
1470 21 35 34 27 86 1 20 27 33 31 33 27
1471 21 33 34 22 62 15 26 30 31 16 33 27
1472 21 29 25 33 77 1 19 29 24 38 33 27
1473 21 25 19 32 182 61 26 33 20 1 33 27
1474 21 30 28 20 81 48 21 26 25 3 33 27
1475 21 25 18 22 43 17 26 38 27 17 33 27
1476 21 23 19 39 55 18 21 18 27 12 33 27
1477 21 25 19 26 47 35 22 15 24 12 33 27
1478 21 40 47 29 99 21 21 19 31 18 33 27
1479 21 36 37 25 327 56 20 29 28 8 33 27
1480 21 31 27 32 55 6 25 31 30 24 33 27
1481 21 29 21 25 91 1 25 18 20 6 33 27
1482 21 33 32 25 66 75 26 27 27 17 33 27
1483 21 31 24 23 75 37 24 31 21 20 33 27
1484 21 31 27 27 80 62 25 21 29 20 33 27
1485 21 29 25 20 162 55 21 18 21 8 33 27
1486 21 27 21 24 74 53 22 33 24 10 33 27
1487 21 26 15 15 116 1 18 1 27 1 33 27
1488 21 35 37 30 77 1 50 24 33 31 33 27
1489 21 29 26 28 297 1 22 26 26 8 33 27
1490 21 32 30 32 83 18 21 17 28 13 33 27
1491 21 32 27 19 178 1 20 21 27 18 33 27
1492 21 34 34 33 126 43 25 22 29 26 33 27
1493 21 30 28 32 96 56 20 31 25 21 33 27
1494 21 38 41 19 80 13 22 25 23 37 33 27
1495 21 30 29 30 53 10 25 28 23 14 33 27
1496 21 31 30 19 253 38 22 18 27 8 33 27
1497 21 32 35 30 106 47 22 26 29 16 33 27
1498 21 30 28 28 94 8 22 24 13 16 33 27
1499 21 33 33 35 58 1 23 39 22 28 33 27
1500 21 32 29 23 54 1 28 24 28 21 33 27
1501 21 34 33 25 155 69 28 11 26 20 33 27
1502 21 35 23 19 66 35 25 1 39 34 33 27
1503 21 30 31 32 154 1 24 29 33 21 33 27
1504 21 31 28 23 71 83 25 22 31 20 33 27
1505 21 24 19 29 67 26 23 18 23 3 33 27
1506 21 31 26 28 69 1 22 34 29 36 33 27
1507 21 29 28 36 102 26 25 36 25 36 33 27
1508 21 37 39 24 93 56 27 25 27 28 33 27
1509 21 36 37 29 81 52 26 1 33 20 33 27
1510 21 24 25 32 37 10 23 22 30 9 33 27
1511 21 32 28 20 91 1 23 27 35 18 33 27
1512 21 30 26 27 55 1 20 27 23 16 33 27
1513 21 36 35 15 81 66 23 42 22 28 33 27
1514 21 22 14 12 113 1 20 20 24 1 32 26
1515 21 29 27 25 66 33 18 25 24 17 33 27
1516 21 36 29 33 79 38 19 34 30 32 33 27
1517 21 34 40 30 94 18 22 24 28 23 33 27
1518 21 31 37 27 70 51 22 28 27 1 33 27
1519 21 30 24 31 58 6 22 31 27 42 33 27
1520 21 31 31 29 136 23 25 38 28 34 33 27
1521 21 27 27 22 97 1 21 27 24 1 33 27
1522 21 29 27 28 94 23 22 18 30 19 33 27
1523 21 31 35 36 102 1 19 22 28 15 33 27
1524 21 36 33 22 84 1 23 25 31 23 33 27
1525 21 234 29 23 134 39 19 26 26 8 33 27
1526 21 28 33 38 137 41 20 18 24 13 33 27
1527 21 30 26 14 70 30 21 15 22 6 33 27
1528 21 27 23 30 65 32 22 29 26 22 33 27
1529 21 29 28 23 96 54 20 25 27 3 33 27
1530 21 27 26 29 85 64 18 21 28 1 33 27
1531 21 24 14 23 88 1 20 24 28 9 33 27
1532 21 34 41 29 81 1 20 28 28 39 33 27
1533 21 28 20 22 58 1 23 27 29 25 33 27
1534 21 41 43 23 89 28 25 25 23 32 33 27
1535 21 34 32 26 110 82 24 26 29 13 33 27
1536 21 35 34 18 58 15 22 48 24 28 33 27
1537 21 28 21 33 101 8 22 41 24 23 33 27
1538 21 29 27 10 61 37 19 22 27 1 33 27
1539 21 28 25 16 105 19 21 11 24 1 32 27
1540 21 34 27 18 92 48 22 24 29 29 33 27
1541 21 31 30 18 113 62 23 12 22 1 33 27
1542 21 34 32 20 179 82 21 23 23 12 33 27
1543 21 36 35 27 62 64 26 18 24 20 33 27
1544 21 31 28 33 63 1 24 28 23 33 33 27
1545 21 26 22 26 82 1 24 18 24 1 33 27
1546 21 30 28 31 95 16 24 30 31 25 33 27
1547 22 22 15 30 90 1 22 28 23 1 33 27
1548 21 32 26 20 231 1 22 22 29 23 33 27
1549 21 29 24 18 83 1 22 16 28 1 33 27
1550 21 33 36 28 59 1 19 15 24 31 33 27
1551 21 32 38 22 126 40 21 20 30 1 32 27
1552 21 38 33 25 107 1 23 36 31 36 33 27
1553 21 32 37 26 59 36 27 17 24 15 33 27
1554 21 25 17 13 158 5 21 32 22 1 33 27
1555 21 33 36 25 138 61 19 36 28 41 33 27
1556 21 29 34 42 171 54 21 27 28 15 33 27
1557 21 29 24 34 115 1 20 32 22 20 33 27
1558 21 27 19 23 121 1 22 35 29 34 33 27
1559 21 35 30 24 66 45 23 27 29 38 33 27
1560 21 36 26 13 63 26 28 28 31 44 33 27
1561 21 36 39 27 74 53 26 25 26 29 33 27
1562 21 33 36 24 60 61 20 18 29 1 33 27
1563 21 30 27 26 70 23 24 33 22 37 33 27
1564 21 30 25 23 113 1 20 30 29 34 33 27
1565 21 33 35 34 57 20 20 29 26 30 33 27
1566 21 28 24 22 53 18 20 25 27 8 33 27
1567 21 28 20 26 96 62 22 18 26 29 33 27
1568 21 29 26 23 56 46 23 21 28 1 33 27
1569 21 39 41 22 170 1 20 28 26 28 33 27
1570 21 28 55 30 85 59 21 27 24 18 33 27
1571 21 27 26 35 54 31 20 14 27 1 33 27
1572 21 38 42 37 129 31 21 29 28 34 33 27
1573 21 37 35 19 102 51 18 22 21 32 33 27
1574 22 34 36 31 74 72 21 28 20 36 33 27
1575 21 31 32 31 142 28 20 19 26 14 33 27
1576 21 28 14 12 170 38 21 30 23 15 33 27
1577 22 38 34 27 78 10 25 22 30 19 33 27
1578 21 34 33 36 62 1 27 32 26 44 33 27
1579 21 29 28 22 203 22 26 29 29 21 33 27
1580 21 33 25 23 50 9 22 24 21 48 33 27
1581 21 30 30 32 88 13 25 35 31 24 33 27
1582 21 33 36 25 149 1 25 32 27 4 33 27
1583 22 30 33 26 64 70 23 30 26 1 33 27
1584 21 32 30 22 58 28 26 21 27 15 33 27
1585 21 26 20 26 113 36 17 26 21 6 33 27
1586 21 26 22 27 65 1 22 17 35 3 33 27
1587 21 27 28 37 84 1 19 28 29 21 33 27
1588 21 29 29 35 42 1 20 1 26 16 33 27
1589 21 32 30 38 106 20 25 33 33 46 33 27
1590 21 31 31 29 119 1 22 1 28 7 33 27
1591 21 33 29 23 179 1 28 33 34 38 33 27
1592 21 38 32 24 86 21 24 1 37 32 33 27
1593 21 134 29 27 70 54 23 24 30 1 33 27
1594 21 29 23 22 416 24 20 22 32 25 33 27
1595 21 26 18 26 49 37 25 17 24 5 33 27
1596 21 32 29 14 98 18 21 19 28 10 33 27
1597 21 30 28 37 99 29 28 39 27 36 33 27
1598 21 30 33 27 55 38 17 1 34 20 33 27
1599 21 37 44 39 103 51 22 25 25 32 33 27
1600 21 39 45 21 81 49 23 17 30 30 33 27
1601 21 38 45 30 143 110 26 22 21 8 33 27
1602 21 33 27 14 103 55 18 16 21 19 33 27
1603 21 29 24 17 59 70 26 29 25 5 33 27
1604 21 34 70 18 140 83 23 29 25 6 33 27
1605 21 30 29 35 180 33 24 25 29 36 33 27
1606 21 31 35 34 83 45 21 31 28 7 33 27
1607 21 25 16 20 76 8 22 20 25 22 33 27
1608 21 31 28 33 107 2 23 31 27 41 33 27
1609 21 30 29 26 148 33 19 1 30 24 33 27
1610 21 32 31 26 184 1 25 24 27 14 33 27
1611 21 26 21 24 123 1 19 35 25 21 33 27
1612 21 35 36 25 127 17 21 26 23 28 33 27
1613 21 31 25 17 92 54 23 20 29 23 33 27
1614 21 41 48 40 91 1 20 30 28 44 33 27
1615 21 28 22 20 64 1 22 19 30 30 33 27
1616 21 32 29 12 69 43 19 11 24 15 33 27
1617 21 30 15 14 85 52 22 38 25 38 33 27
1618 21 29 30 17 139 1 23 19 31 13 33 27
1619 21 28 22 15 59 32 23 21 22 1 32 27
1620 21 38 34 11 97 10 27 29 21 40 33 27
1621 21 23 21 22 68 1 21 22 21 1 33 27
1622 21 32 33 35 47 6 24 35 26 34 33 27
1623 21 35 36 28 275 73 21 24 24 21 33 27
1624 22 30 28 27 182 50 27 28 21 20 33 27
1625 21 26 14 15 75 8 21 16 26 4 33 27
1626 21 35 29 28 137 1 26 1 42 37 33 27
1627 21 36 35 12 115 29 23 24 30 22 33 27
1628 21 33 36 20 104 1 26 26 40 15 33 27
1629 21 30 29 32 86 45 26 30 26 30 33 27
1630 21 31 33 27 65 67 24 34 29 11 33 27
1631 21 30 31 35 58 19 21 26 22 32 33 27
1632 21 33 35 30 76 27 21 23 27 10 33 27
1633 21 30 28 21 67 1 19 38 27 7 33 27
1634 21 27 19 20 101 41 22 28 42 8 33 27
1635 21 26 26 33 92 32 20 21 34 6 33 27
1636 21 38 40 27 57 41 18 23 29 25 33 27
1637 21 34 36 33 189 47 25 32 23 36 33 27
1638 21 30 34 32 60 34 23 27 30 32 33 27
1639 21 25 21 22 48 20 24 19 35 1 32 27
1640 21 32 30 26 92 1 20 1 29 10 33 27
1641 21 31 30 25 240 1 27 19 31 11 33 27
1642 21 31 30 33 139 20 21 26 25 31 33 27
1643 21 30 36 29 62 84 18 21 22 5 33 27
1644 21 31 35 36 64 95 21 25 24 35 33 27
1645 21 35 34 34 39 1 20 32 26 38 33 27
1646 21 31 31 19 95 21 22 23 27 9 33 27
1647 21 31 25 20 82 60 21 27 28 7 33 27
1648 21 35 35 25 80 68 24 22 20 25 33 27
1649 21 31 27 13 96 3 19 21 30 9 33 27
1650 21 30 30 27 121 1 27 42 25 4 33 27
1651 21 34 28 18 83 28 25 11 24 24 33 27
1652 21 34 40 31 73 36 20 31 20 39 33 27
1653 21 29 27 25 86 24 20 22 26 15 33 27
1654 21 38 41 28 61 1 23 33 23 48 33 27
1655 21 35 38 20 88 19 24 23 32 11 33 27
1656 21 34 41 28 95 22 25 37 30 20 33 27
1657 21 37 36 18 108 48 21 26 57 25 33 27
1658 21 23 11 14 85 18 22 27 25 4 33 27
1659 21 31 24 18 114 65 17 21 30 10 33 27
1660 21 35 39 30 88 102 22 27 21 28 33 27
1661 21 26 18 24 74 40 23 32 23 4 33 27
1662 21 34 37 28 64 28 23 29 27 30 33 27
1663 21 30 22 15 77 32 23 21 30 8 33 27
1664 21 29 23 25 73 46 74 24 21 16 33 27
1665 21 37 30 21 83 1 18 8 25 40 33 27
1666 21 38 48 38 140 75 18 22 27 23 33 27
1667 21 26 17 18 46 6 21 27 29 8 33 27
1668 21 34 39 37 108 54 24 25 32 23 33 27
1669 21 29 23 29 64 27 27 43 22 37 33 27
1670 21 41 47 29 94 68 25 25 29 21 33 27
1671 21 33 29 22 80 15 29 39 33 32 33 27
1672 21 31 27 22 105 1 21 29 26 18 33 27
1673 21 32 33 27 154 1 24 24 28 5 33 27
1674 21 32 34 37 48 47 22 27 31 18 33 27
1675 21 31 24 22 70 70 23 22 27 26 33 27
1676 21 29 27 25 86 36 23 34 21 31 33 27
1677 21 27 20 21 53 25 25 25 30 24 33 27
1678 21 29 29 26 187 1 24 34 28 36 33 27
1679 21 28 22 18 100 24 27 41 38 19 33 27
1680 21 29 22 12 70 12 22 22 31 1 33 27
1681 21 32 32 24 53 34 19 22 26 15 32 27
1682 21 33 38 32 111 22 24 33 24 20 33 27
1683 21 28 31 32 60 47 25 1 30 1 33 27
1684 21 34 31 33 62 27 25 27 23 37 33 27
1685 21 242 28 22 98 56 25 37 29 16 33 27
1686 21 24 19 25 53 1 20 27 27 2 33 27
1687 21 33 35 21 66 73 19 33 30 6 33 27
1688 21 26 19 30 92 17 24 1 43 1 33 27
1689 21 30 27 36 50 1 23 30 25 35 33 27
1690 21 35 40 35 69 47 23 28 25 35 33 27
1691 21 30 24 29 55 1 25 30 29 43 33 27
1692 21 32 26 31 41 1 26 31 25 35 33 27
1693 21 32 28 27 128 16 24 28 26 27 33 27
1694 21 29 31 31 98 89 27 20 39 14 33 27
1695 21 36 39 29 60 1 19 1 21 31 33 27
1696 21 36 40 30 71 51 18 21 25 26 33 27
1697 21 31 31 27 88 38 21 25 19 25 33 27
1698 21 36 41 29 57 1 23 47 23 38 33 27
1699 21 34 30 21 107 38 24 19 37 27 33 27
1700 21 29 29 26 66 29 29 25 27 5 33 27
1701 21 28 25 14 59 32 15 16 22 5 32 26
1702 21 29 20 19 131 1 24 22 29 13 33 27
1703 22 31 28 21 60 48 22 35 30 20 33 27
1704 21 27 17 17 86 17 24 27 24 18 33 27
1705 21 29 29 30 123 1 18 26 19 29 33 27
1706 22 27 23 12 78 47 24 26 33 1 33 27
1707 21 36 36 33 83 1 19 34 25 33 33 27
1708 21 32 31 23 53 84 24 26 36 18 33 27
1709 21 28 20 29 125 74 23 16 25 9 33 27
1710 21 33 45 43 101 74 22 26 26 19 33 27
1711 21 32 34 28 138 1 23 49 25 14 33 27
1712 21 28 24 28 103 30 18 26 17 8 33 27
1713 21 39 39 33 101 1 23 33 27 29 33 27
1714 21 34 37 28 183 7 22 25 30 31 33 27
1715 21 30 28 22 171 27 20 24 28 16 33 27
1716 21 36 33 21 81 1 19 31 19 18 33 27
1717 21 31 32 30 55 23 24 20 25 13 33 27
1718 21 36 35 19 135 19 26 21 21 17 33 27
1719 21 27 29 31 93 1 19 24 31 14 33 27
1720 21 32 30 24 78 42 20 32 26 25 33 27
1721 21 31 31 29 81 53 23 34 23 21 33 27
1722 21 28 18 26 70 3 22 1 33 20 33 27
1723 21 28 27 40 79 1 20 28 25 26 33 27
1724 21 26 22 25 77 38 22 1 23 14 33 27
1725 21 28 23 25 48 1 21 33 29 25 33 27
1726 21 36 32 19 205 96 18 21 25 27 33 27
1727 21 24 22 16 89 10 18 25 29 1 33 27
1728 21 25 20 34 60 34 26 22 35 22 33 27
1729 21 30 29 26 78 25 20 34 22 11 33 27
1730 21 35 44 31 157 1 22 41 22 11 33 27
1731 21 28 23 22 188 1 20 28 25 24 33 27
1732 21 32 31 22 65 1 23 30 29 20 33 27
1733 21 34 36 34 79 86 22 1 34 31 33 27
1734 21 36 32 18 181 49 25 43 29 17 33 27
1735 21 33 32 32 164 2 25 38 26 27 33 27
1736 21 29 19 23 91 23 19 1 32 25 33 27
1737 21 33 27 20 98 4 18 38 26 15 33 27
1738 21 33 25 24 88 1 22 26 17 26 33 27
1739 21 34 37 29 110 34 20 21 34 21 33 27
1740 22 28 21 27 148 1 24 1 27 19 33 27
1741 21 31 24 32 93 23 20 33 21 35 33 27
1742 21 30 40 38 136 46 27 22 22 1 33 27
1743 21 27 18 20 120 1 22 31 30 11 33 27
1744 21 34 41 43 154 23 25 32 26 37 33 27
1745 21 32 25 15 54 13 20 26 20 21 33 27
1746 21 45 45 23 118 78 20 29 25 39 33 27
1747 21 33 30 18 56 1 23 25 25 26 33 27
1748 21 33 34 25 80 77 20 27 26 11 33 27
1749 21 35 38 40 85 21 19 35 23 26 33 27
1750 21 26 16 24 123 37 24 27 28 6 33 27
1751 21 33 34 38 299 1 23 39 28 36 33 27
1752 21 27 23 22 67 1 20 24 21 6 33 27
1753 22 29 29 32 61 44 25 52 23 20 33 27
1754 21 29 36 49 105 50 25 35 32 18 33 27
1755 21 26 29 31 163 1 18 25 23 20 33 27
1756 21 36 30 21 139 52 19 19 20 30 33 27
1757 21 32 30 25 49 78 24 30 21 18 33 27
1758 21 30 28 21 91 48 17 1 33 22 33 27
1759 21 34 29 22 129 12 22 18 28 31 33 27
1760 21 38 44 27 79 48 27 27 27 33 33 27
1761 21 37 35 21 98 42 24 18 32 36 33 27
1762 21 31 32 25 88 12 22 28 27 14 33 27
1763 21 31 34 26 83 12 22 19 22 15 33 27
1764 21 36 38 28 155 20 22 26 26 37 33 27
1765 21 34 32 27 88 1 21 31 20 31 33 27
1766 21 27 24 30 54 1 23 23 29 17 32 27
1767 21 32 29 25 72 42 25 22 20 19 33 27
1768 21 27 21 23 124 40 19 27 24 13 33 27
1769 21 32 25 31 60 1 22 30 27 26 33 27
1770 21 29 25 22 63 41 23 31 22 10 33 27
1771 21 28 24 23 101 1 30 21 35 23 33 27
1772 21 29 31 37 78 70 28 14 35 17 33 27
1773 21 30 30 34 50 90 20 1 27 10 33 27
1774 21 31 26 30 46 27 22 26 25 30 33 27
1775 21 34 34 29 418 1 26 21 30 15 33 27
1776 21 26 19 17 85 1 25 22 31 1 33 27
1777 21 36 40 27 74 1 66 77 33 20 33 27
1778 21 34 29 24 103 34 19 26 25 26 33 27
1779 21 27 21 28 77 1 23 35 27 39 33 27
1780 21 33 32 21 95 65 26 24 36 6 33 27
1781 21 35 35 31 158 16 23 27 23 28 33 27
1782 21 30 30 19 169 1 18 20 30 1 33 27
1783 21 35 33 25 121 68 25 26 32 28 33 27
1784 21 31 29 24 51 1 25 18 25 22 33 27
1785 21 32 35 38 101 1 24 30 23 34 33 27
1786 21 35 35 20 66 38 20 21 26 10 33 27
1787 21 38 44 33 152 30 24 31 25 44 33 27
1788 21 22 12 20 66 24 22 20 36 4 33 27
1789 21 33 37 28 114 58 20 19 22 2 33 27
1790 21 35 39 26 115 1 22 1 47 9 33 27
1791 21 36 32 27 69 2 16 1 27 27 33 27
1792 21 28 21 29 81 15 22 22 17 11 33 27
1793 21 25 15 23 78 8 19 22 24 1 33 27
1794 21 30 34 41 65 22 20 21 16 12 33 27
1795 21 24 17 18 90 25 22 27 17 4 33 27
1796 21 30 31 34 82 34 24 30 23 14 33 27
1797 21 37 33 14 133 1 23 17 26 23 33 27
1798 21 32 27 24 61 2 21 32 27 23 33 27
1799 21 29 24 30 53 12 25 39 27 13 33 27
1800 21 34 37 27 116 40 25 19 28 26 33 27
1801 21 32 35 36 131 40 24 31 30 17 33 27
1802 21 31 30 20 65 1 22 26 30 1 33 27
1803 21 28 24 35 56 41 17 19 19 9 33 27
1804 21 33 27 28 60 1 23 26 32 31 33 27
1805 21 29 25 29 51 1 22 31 23 24 33 27
1806 21 27 19 22 91 66 20 29 25 20 33 27
1807 21 34 36 31 127 1 29 24 25 22 33 27
1808 21 34 32 14 92 1 17 15 24 36 33 27
1809 22 29 30 34 60 57 23 30 18 2 33 27
1810 21 31 26 20 176 63 26 25 35 17 33 27
1811 21 29 28 18 58 25 20 24 31 1 33 27
1812 21 32 30 22 110 1 14 22 21 26 33 26
1813 21 43 58 38 81 63 21 25 28 47 33 27
1814 21 27 24 24 148 1 19 24 28 16 33 27
1815 21 28 33 44 133 31 22 16 27 17 33 27
1816 21 28 30 36 289 41 21 24 31 29 33 26
1817 21 32 31 21 76 31 23 28 18 8 33 27
1818 21 34 25 16 97 1 28 34 24 18 33 27
1819 21 29 28 33 70 52 27 16 22 12 33 27
1820 21 30 22 15 120 18 23 20 36 12 33 27
1821 21 33 35 28 196 9 26 46 23 9 33 27
1822 21 34 36 29 68 39 24 16 27 16 33 27
1823 21 32 30 24 85 45 23 25 30 17 33 27
1824 21 25 18 20 68 1 25 29 28 1 33 27
1825 21 30 26 17 59 37 26 25 28 6 33 27
1826 21 33 35 31 110 56 21 26 25 21 33 27
1827 21 31 37 34 106 31 18 35 27 18 33 27
1828 21 37 42 37 121 81 25 23 30 17 33 27
1829 21 33 31 27 62 1 24 9 26 21 33 27
1830 21 35 31 22 132 1 16 28 18 18 33 26
1831 21 27 20 26 44 1 22 23 32 16 33 27
1832 21 26 23 26 100 1 21 30 32 7 33 27
1833 21 36 39 20 130 36 20 22 21 22 33 27
1834 22 36 33 17 110 1 21 46 27 40 34 27
1835 21 31 21 30 100 1 19 29 23 35 33 27
1836 21 39 44 26 134 1 22 25 27 3 33 27
1837 21 26 24 30 105 1 25 20 25 1 33 27
1838 21 25 16 21 48 9 20 39 18 14 33 27
1839 21 29 25 29 241 78 19 18 27 5 33 27
1840 21 32 26 12 141 64 22 28 24 1 33 27
1841 21 29 29 25 105 117 21 14 24 1 33 27
1842 21 27 18 24 80 1 21 38 24 38 33 27
1843 21 30 29 14 129 1 25 25 29 7 33 27
1844 21 28 24 30 50 30 22 33 26 35 33 27
1845 21 33 36 31 60 1 21 23 35 20 33 27
1846 21 31 38 38 48 89 23 29 21 36 33 27
1847 21 30 29 22 93 51 26 26 22 5 33 27
1848 21 27 22 12 93 22 23 18 29 1 33 27
1849 21 34 37 43 136 69 24 31 26 22 33 27
1850 21 28 26 32 51 45 24 36 26 30 33 27
1851 21 33 34 28 100 1 22 34 25 35 33 27
1852 21 29 27 21 147 1 23 23 25 26 33 27
1853 21 31 39 34 105 73 21 28 26 25 33 27
1854 21 33 33 25 78 1 20 26 23 22 33 27
1855 21 28 33 43 138 51 26 24 22 12 33 27
1856 21 33 30 21 90 1 24 23 29 7 33 27
1857 21 32 28 23 82 15 21 27 28 31 33 27
1858 21 31 36 37 95 68 25 33 24 25 33 27
1859 21 34 32 26 46 26 18 21 28 25 33 27
1860 21 31 35 38 100 1 22 41 30 22 33 27
1861 21 29 30 22 84 63 17 26 25 3 33 27
1862 21 31 30 22 56 1 23 25 25 31 33 27
1863 21 38 34 13 75 65 21 1 25 17 33 27
1864 21 31 35 23 96 81 25 22 25 1 32 27
1865 21 32 37 40 99 54 25 23 25 18 33 27
1866 21 25 20 18 72 22 23 22 33 1 33 27
1867 21 35 41 32 105 72 19 27 26 24 33 27
1868 21 31 32 29 70 75 22 1 34 14 33 27
1869 21 31 28 30 65 14 23 19 29 9 33 27
1870 21 25 17 28 57 48 26 24 27 1 33 27
1871 21 35 42 31 159 1 20 29 31 34 33 27
1872 21 30 27 33 54 25 24 34 27 43 33 27
1873 21 31 23 22 104 34 22 19 26 24 33 27
1874 21 30 29 25 123 1 25 45 30 1 33 27
1875 21 33 26 30 68 1 21 34 21 46 33 27
1876 21 28 23 30 69 1 25 27 21 26 33 27
1877 21 39 43 21 64 18 21 13 34 29 33 27
1878 21 34 37 31 144 22 24 22 20 23 33 27
1879 21 34 31 25 47 56 23 16 27 37 33 27
1880 21 33 27 33 219 42 27 32 29 41 33 27
1881 21 32 39 31 81 32 17 27 27 7 33 27
1882 21 33 35 39 73 38 22 1 29 29 33 27
1883 21 31 28 28 96 40 25 34 29 28 33 27
1884 21 24 15 30 55 1 26 26 26 13 33 27
1885 21 28 30 32 76 1 19 33 23 24 33 27
1886 21 26 25 34 129 1 21 36 25 26 33 27
1887 21 36 39 21 119 68 20 10 26 18 33 27
1888 21 23 24 38 88 17 21 22 27 3 33 27
1889 21 36 36 22 99 59 15 1 20 35 33 27
1890 21 25 18 21 123 40 20 231 21 1 33 27
1891 21 29 30 28 130 1 20 15 22 2 33 27
1892 21 32 35 20 87 32 19 16 28 1 32 27
1893 21 32 28 19 85 4 29 26 28 38 33 27
1894 21 29 27 25 163 1 21 46 31 29 33 27
1895 21 38 40 25 105 49 25 23 30 21 33 27
1896 21 28 23 26 64 27 25 30 28 29 33 27
1897 22 26 26 32 98 32 24 19 28 6 33 27
1898 21 28 27 27 102 1 13 17 15 5 33 27
1899 21 28 24 28 160 10 22 22 30 14 33 27
1900 21 32 29 28 54 16 28 28 25 22 33 27
1901 22 29 23 22 80 28 23 33 22 15 33 27
1902 21 32 31 16 113 28 20 15 23 1 33 27
1903 21 35 36 32 58 52 24 28 17 16 33 27
1904 21 26 25 33 88 13 24 30 31 1 32 27
1905 21 32 27 17 224 38 22 23 24 28 33 27
1906 21 34 32 36 209 1 25 45 22 40 33 27
1907 21 29 27 25 95 1 23 33 27 24 33 27
1908 21 33 27 21 80 34 18 23 27 3 33 27
1909 21 29 27 21 93 5 22 23 27 7 33 27
1910 21 35 36 35 294 84 21 45 29 30 33 27
1911 21 30 24 14 101 33 21 21 21 1 33 27
1912 21 34 33 32 49 1 20 36 23 43 33 27
1913 22 31 35 34 102 61 22 16 26 8 33 27
1914 21 35 34 25 78 54 20 17 28 36 33 27
1915 21 25 23 19 50 34 22 17 31 1 33 27
1916 22 32 31 34 64 1 24 35 27 36 34 27
1917 21 29 18 20 95 42 20 24 24 22 33 27
1918 21 32 37 28 165 68 24 24 25 1 33 27
1919 21 29 31 34 100 74 21 26 35 17 33 27
1920 21 38 44 34 54 1 23 30 32 41 33 27
1921 21 33 32 19 59 61 23 25 35 15 33 27
1922 21 33 37 38 55 1 23 33 24 45 33 27
1923 21 27 27 30 72 11 21 20 23 1 32 27
1924 21 30 25 20 84 12 25 50 27 34 33 27
1925 21 33 31 13 119 85 22 23 25 18 33 27
1926 21 34 37 36 111 52 21 32 25 48 33 27
1927 21 30 27 17 138 35 18 19 19 1 33 27
1928 21 34 33 17 72 66 19 15 25 1 33 27
1929 21 31 29 18 66 75 21 30 27 1 33 27
1930 21 36 43 32 87 1 23 23 28 17 33 27
1931 21 32 29 32 53 35 24 32 25 45 33 27
1932 21 32 27 17 65 9 19 17 11 13 33 27
1933 21 37 40 30 66 89 22 15 16 34 33 27
1934 21 30 22 19 84 34 24 21 25 24 33 27
1935 21 32 26 26 78 1 17 27 27 18 33 27
1936 21 39 39 14 83 36 25 21 26 26 33 27
1937 21 25 20 25 55 40 21 29 27 8 33 27
1938 21 32 39 26 250 119 23 28 28 1 33 27
1939 21 31 36 38 52 30 19 25 21 16 33 27
1940 21 35 27 22 69 55 19 34 18 29 33 27
1941 21 29 28 20 74 30 22 21 29 1 33 27
1942 21 29 27 30 47 20 20 29 28 27 33 27
1943 21 37 40 22 70 69 22 17 25 28 33 27
1944 21 29 31 25 99 1 22 17 27 1 33 27
1945 21 32 30 20 60 5 24 22 27 11 33 27
1946 21 34 28 14 101 17 20 23 30 25 32 26
1947 21 29 28 17 92 1 23 19 29 1 33 27
1948 21 29 24 33 35 32 24 29 31 23 33 27
1949 21 24 30 42 71 72 23 43 28 8 33 27
1950 21 34 33 15 105 1 26 26 34 13 33 27
1951 21 23 17 21 75 3 20 32 27 1 33 27
1952 21 31 30 21 76 36 22 25 27 1 33 27
1953 21 26 17 27 120 1 20 31 23 34 33 27
1954 21 28 23 14 96 7 19 22 26 1 32 26
1955 21 32 30 29 82 20 24 17 27 8 33 27
1956 21 39 41 23 93 21 24 23 27 48 33 27
1957 21 26 24 39 53 24 23 26 24 8 33 27
1958 22 40 37 26 211 1 24 34 29 43 33 27
1959 22 32 26 23 51 22 25 29 28 25 33 27
1960 21 28 30 22 51 68 20 15 22 2 33 27
1961 21 33 33 31 91 43 22 33 12 26 33 27
1962 21 37 31 18 91 44 22 21 29 38 33 27
1963 21 36 38 26 84 35 19 1 30 18 33 27
1964 21 25 27 36 64 22 24 1 29 16 33 27
1965 21 35 26 22 116 19 26 17 30 29 33 27
1966 22 30 31 34 48 23 21 39 23 15 33 27
1967 21 34 37 32 56 34 19 37 19 38 33 27
1968 21 34 37 30 180 1 22 32 34 22 33 27
1969 21 32 27 16 96 27 21 13 21 18 33 27
1970 21 29 28 20 77 25 20 31 25 22 33 27
1971 21 30 33 32 66 47 25 18 24 19 33 27
1972 21 31 34 39 104 1 26 27 39 27 33 27
1973 21 34 27 14 117 1 19 18 20 23 33 27
1974 21 38 43 31 89 94 18 16 27 44 33 27
1975 21 31 36 40 83 23 19 24 24 25 33 26
1976 21 29 34 25 134 85 18 26 18 5 33 27
1977 21 30 33 33 64 1 18 21 26 1 33 26
1978 21 37 39 29 54 55 25 27 22 28 33 27
1979 21 30 27 34 40 13 19 27 24 31 33 27
1980 21 37 36 31 59 22 26 22 32 36 33 27
1981 21 30 31 21 68 52 20 28 30 4 33 27
1982 21 36 38 31 71 85 22 29 23 29 33 27
1983 21 31 35 21 73 74 26 30 26 1 32 27
1984 21 29 32 19 69 81 22 17 31 1 32 27
1985 21 33 31 31 53 30 21 39 22 29 33 27
1986 21 31 24 31 84 44 26 29 30 30 33 27
1987 21 34 35 24 122 1 24 24 29 15 33 27
1988 21 35 39 22 84 63 27 17 26 1 32 27
1989 21 31 29 33 102 1 22 39 26 45 33 27
1990 21 36 37 23 128 57 22 1 27 10 33 27
1991 21 37 40 25 80 42 22 40 23 35 33 27
1992 21 31 27 21 78 13 21 23 30 14 33 27
1993 21 25 16 25 68 10 22 1 35 25 33 27
1994 21 33 33 26 60 76 22 23 30 14 33 27
1995 21 28 30 35 65 1 19 21 30 6 33 27
1996 21 31 30 25 348 48 22 33 23 17 33 27
1997 21 34 38 25 203 1 20 22 21 22 33 27
1998 21 35 35 20 167 1 19 28 28 7 33 27
1999 21 31 38 22 139 123 19 22 25 5 33 27
2000 21 32 32 29 136 46 22 28 26 14 33 27
2001 21 27 22 21 52 1 22 28 24 21 33 27
2002 21 33 39 30 63 51 25 18 28 22 33 27
2003 21 34 36 26 59 84 20 23 28 27 33 27
2004 21 29 36 32 198 29 22 23 21 18 33 27
2005 21 30 24 25 52 1 21 25 21 24 33 27
2006 21 30 28 18 67 1 23 22 27 5 33 27
2007 21 33 33 34 60 60 24 30 19 28 33 27
2008 21 34 35 31 101 35 22 17 26 18 33 27
2009 21 29 21 23 114 34 22 44 13 1 33 27
2010 21 27 26 34 64 45 25 18 36 27 33 27
2011 21 24 20 27 107 1 24 26 26 5 33 27
2012 21 30 32 23 87 1 17 14 27 1 33 27
2013 21 28 19 18 71 33 21 22 23 18 33 27
2014 21 25 23 30 330 67 20 24 21 6 33 27
2015 21 26 23 28 55 48 23 35 25 13 33 27
2016 21 31 28 31 71 13 22 30 25 30 33 27
2017 21 27 30 43 75 19 22 29 27 25 33 27
2018 21 25 24 26 124 22 22 24 34 3 33 27
2019 21 27 21 10 108 25 24 13 23 1 32 27
2020 21 36 36 33 311 45 20 21 26 29 33 27
2021 21 31 25 14 168 1 22 23 31 5 33 27
2022 21 30 33 33 48 64 21 20 26 1 33 27
2023 21 34 37 23 78 25 25 28 26 22 33 27
2024 21 27 27 38 52 1 22 31 27 6 33 27
2025 21 34 35 22 201 4 21 23 27 23 33 27
2026 21 30 26 24 74 27 19 34 21 31 33 27
2027 21 30 23 14 117 76 20 25 24 9 33 27
2028 21 23 15 25 66 1 20 33 26 6 33 27
2029 21 28 27 36 43 49 25 32 26 22 33 27
2030 21 20 10 29 49 1 17 1 34 1 32 27
2031 22 34 42 40 92 21 21 26 23 25 33 27
2032 21 31 29 19 92 18 23 18 30 1 33 27
2033 21 30 37 23 79 1 18 24 22 3 33 27
2034 21 35 30 7 61 1 18 21 28 37 33 27
2035 21 26 26 36 85 40 24 29 31 12 33 27
2036 22 28 23 30 102 37 28 36 27 19 33 27
2037 21 33 31 32 61 1 21 34 24 45 33 27
2038 21 35 40 25 255 65 20 22 30 9 33 27
2039 21 31 31 25 89 39 19 31 27 16 33 27
2040 21 36 45 36 97 83 25 17 33 28 33 27
2041 21 20 17 31 36 22 21 31 33 1 33 27
2042 21 32 29 33 123 30 21 33 28 36 33 27
2043 21 32 30 29 116 77 21 21 26 13 33 27
2044 21 28 22 26 92 17 24 23 27 30 33 27
2045 21 34 40 28 82 60 19 15 32 8 33 27
2046 21 32 34 21 331 66 22 31 26 13 33 27
2047 21 26 24 28 60 1 25 1 26 1 32 27
2048 21 27 24 29 51 50 23 22 28 6 33 27
2049 21 30 25 10 64 31 22 42 29 20 33 27
2050 21 29 26 33 212 1 26 16 27 20 33 27
2051 21 36 42 26 77 109 23 11 29 1 33 27
2052 21 37 46 34 97 80 23 32 29 21 33 27
2053 21 28 30 28 54 15 19 34 21 11 33 27
2054 21 29 22 17 137 1 22 27 25 10 33 27
2055 21 30 29 20 58 85 32 19 24 1 33 27
2056 21 33 30 31 49 1 24 26 25 39 33 27
2057 21 30 27 26 99 1 25 22 29 16 33 27
2058 21 33 24 14 99 1 21 26 20 33 33 27
2059 21 24 15 29 128 1 21 17 21 1 33 27
2060 21 33 33 29 123 1 20 30 23 27 33 27
2061 21 32 34 24 103 2 25 29 32 16 33 27
2062 21 29 19 20 80 1 28 23 31 29 33 27
2063 21 32 21 11 113 8 24 31 29 16 33 27
2064 21 33 31 21 90 111 18 29 32 15 33 27
2065 21 31 24 12 75 1 24 23 27 12 33 27
2066 21 26 21 20 97 34 24 29 31 1 33 27
2067 21 29 39 34 60 34 23 26 24 2 33 27
2068 21 31 19 15 71 42 28 27 35 8 33 27
2069 21 33 31 24 54 38 22 21 30 24 33 27
2070 21 37 39 37 98 1 26 32 26 34 33 27
2071 21 30 35 33 52 89 18 28 29 5 33 27
2072 21 33 35 23 459 100 20 22 27 9 33 27
2073 21 33 33 22 261 51 19 29 30 1 33 27
2074 21 40 43 32 112 1 24 29 25 30 33 27
2075 21 33 33 41 75 28 27 26 25 39 33 27
2076 21 38 44 31 204 109 24 23 23 14 33 27
2077 21 32 34 16 91 28 17 23 28 3 33 27
2078 22 31 26 21 100 28 19 1 23 17 33 27
2079 21 38 35 25 96 2 24 24 29 41 33 27
2080 21 35 39 34 84 1 21 30 30 24 33 27
2081 21 32 33 33 235 47 24 28 27 26 33 27
2082 21 34 29 22 52 33 19 23 22 25 33 27
2083 21 25 17 31 176 1 22 27 17 10 33 27
2084 21 36 45 44 213 131 25 1 40 25 33 27
2085 22 34 32 24 102 3 20 30 33 22 33 27
2086 21 27 20 23 210 29 22 33 25 10 33 27
2087 21 32 36 22 69 7 24 37 27 13 33 27
2088 21 27 22 12 60 22 19 30 31 1 33 27
2089 21 35 30 24 86 60 20 23 24 25 33 27
2090 21 31 23 18 106 12 23 22 25 35 33 27
2091 21 29 27 38 67 1 23 36 21 33 33 27
2092 21 35 36 18 221 1 24 19 27 30 33 27
2093 21 33 33 20 101 85 18 21 16 2 33 27
2094 21 35 39 22 93 1 23 25 29 1 33 27
2095 21 28 27 34 57 69 24 23 21 4 33 27
2096 21 39 44 27 109 88 21 28 25 33 33 27
2097 21 35 37 20 166 77 22 20 29 8 33 27
2098 22 32 30 35 126 40 21 25 32 22 33 27
2099 21 32 37 33 72 98 25 39 33 10 33 27
2100 21 34 36 32 117 7 21 34 24 18 33 27
2101 21 25 20 26 167 1 23 25 27 1 33 27
2102 22 31 31 26 102 68 18 1 32 19 33 27
2103 21 30 31 24 103 6 18 24 32 4 33 27
2104 21 29 22 30 53 12 21 31 24 32 33 27
2105 21 32 29 23 139 14 26 1 25 22 33 27
2106 21 30 31 35 91 13 23 24 29 26 33 27
2107 21 32 30 23 95 49 23 29 21 29 33 27
2108 21 28 21 25 110 29 23 18 31 10 33 27
2109 21 34 29 21 46 15 22 25 26 26 33 27
2110 21 32 30 20 99 7 23 17 31 4 33 27
2111 21 34 39 46 89 37 25 29 26 42 33 27
2112 21 27 23 22 78 60 22 19 22 10 33 27
2113 21 27 27 30 54 59 22 19 26 9 33 27
2114 22 28 25 23 65 37 23 21 27 12 33 27
2115 21 25 13 17 56 1 17 30 22 25 33 27
2116 21 35 37 39 108 1 23 39 28 34 33 27
2117 21 28 19 25 86 41 25 37 26 18 33 27
2118 21 30 24 23 63 26 20 22 24 25 33 27
2119 21 32 29 19 80 66 20 24 36 8 33 27
2120 21 29 23 23 73 1 22 32 27 34 33 27
2121 21 34 34 37 120 85 23 23 29 18 33 27
2122 21 32 30 29 70 52 22 31 26 38 33 27
2123 22 32 37 27 87 72 22 21 29 1 33 27
2124 21 26 21 22 154 1 23 27 25 4 33 27
2125 21 29 32 25 100 1 19 29 24 1 33 27
2126 21 37 43 25 77 4 18 11 28 19 33 27
2127 21 32 29 22 146 17 24 26 24 21 33 27
2128 21 32 34 29 163 1 20 27 27 10 33 27
2129 21 23 21 38 54 16 18 24 22 11 33 27
2130 21 35 38 27 103 59 25 26 29 23 33 27
2131 21 35 41 37 143 41 21 29 23 27 33 27
2132 22 30 25 29 145 37 25 35 25 34 33 27
2133 21 28 29 28 66 37 22 27 32 3 33 27
2134 21 24 15 24 109 1 18 25 25 1 32 26
2135 21 27 18 17 98 1 22 19 30 6 33 27
2136 21 35 35 22 75 48 22 26 31 5 33 27
2137 21 30 26 22 145 1 21 22 22 14 33 27
2138 21 29 18 23 97 1 24 23 25 26 33 27
2139 21 29 27 21 161 19 19 25 26 1 33 27
2140 21 34 39 24 69 60 21 24 25 3 33 27
2141 21 25 20 23 204 1 19 25 22 10 33 27
2142 21 34 30 31 136 41 18 30 22 21 33 27
2143 21 40 39 19 138 1 22 29 26 32 33 27
2144 21 37 41 30 51 108 20 35 28 25 33 27
2145 21 41 42 23 89 59 25 1 29 25 33 27
2146 21 27 21 28 56 35 23 32 32 5 33 27
2147 21 30 36 32 49 45 15 19 22 17 33 27
2148 21 34 30 27 81 4 20 23 28 25 33 27
2149 21 31 26 26 61 38 19 30 22 28 33 27
2150 21 30 35 24 52 42 17 31 24 17 33 27
2151 21 34 34 29 58 70 25 28 32 7 33 27
2152 21 29 29 28 50 81 25 19 26 5 33 27
2153 21 31 30 21 111 62 25 20 28 15 33 27
2154 21 33 38 42 147 1 22 24 32 20 33 27
2155 21 32 30 21 71 57 22 22 29 9 33 27
2156 21 30 29 18 122 25 24 17 28 1 33 27
2157 21 36 36 20 65 1 20 14 21 18 33 27
2158 21 36 33 15 55 40 23 30 41 24 33 27
2159 21 30 33 30 172 1 24 24 29 1 32 27
2160 21 30 23 19 145 21 30 21 31 31 33 27
2161 21 29 24 25 106 4 24 26 26 9 33 27
2162 21 31 32 28 100 1 18 36 23 42 33 27
2163 21 30 21 13 83 1 20 25 25 11 33 27
2164 21 32 25 23 57 1 26 30 29 37 33 27
2165 21 32 34 25 57 19 23 26 33 21 33 27
2166 21 31 31 33 43 24 18 36 27 34 33 27
2167 21 494 294 848 79 518 83 1 38 62 33 27
2168 21 34 31 25 80 1 24 28 27 28 33 27
2169 21 38 41 27 166 1 23 30 25 41 33 27
2170 21 30 31 22 62 7 25 29 37 4 33 27
2171 21 32 32 28 104 1 21 34 31 27 33 27
2172 21 32 26 11 57 36 22 28 29 5 33 27
2173 21 32 30 28 48 1 25 22 31 16 33 27
2174 21 30 33 37 177 1 25 26 26 23 33 27
2175 21 27 20 16 87 29 21 25 24 3 33 27
2176 21 35 37 29 99 1 24 30 29 19 33 27
2177 21 30 35 37 112 75 23 23 26 1 33 27
2178 21 32 31 32 142 1 24 27 29 15 33 27
2179 21 32 32 26 90 1 26 32 23 21 33 27
2180 21 32 35 23 61 45 17 26 27 26 33 27
2181 21 38 35 28 88 7 23 33 21 38 33 27
2182 21 29 31 38 80 1 21 30 30 28 33 27
2183 21 28 22 31 68 1 21 38 26 25 33 27
2184 21 37 35 25 65 1 20 23 32 29 33 27
2185 21 31 32 36 88 15 24 35 24 28 33 27
2186 21 29 25 24 59 52 23 1 27 1 33 27
2187 21 27 18 19 139 1 24 29 21 22 33 27
2188 21 32 34 18 86 27 24 20 21 12 33 27
2189 21 32 24 15 98 1 21 23 28 24 33 27
2190 21 28 16 26 57 1 20 31 25 34 33 27
2191 21 30 32 27 118 30 18 23 29 11 33 27
2192 21 35 40 30 86 81 21 23 32 19 33 27
2193 21 34 34 24 56 8 22 20 29 11 33 27
2194 21 25 13 22 108 1 22 23 25 2 33 27
2195 21 29 15 9 93 1 26 33 32 13 32 26
2196 21 27 23 30 216 12 20 31 19 27 33 27
2197 21 30 22 20 59 1 21 19 28 19 33 27
2198 21 28 17 14 155 30 23 26 33 8 33 27
2199 21 31 31 21 90 1 19 19 22 26 33 27
2200 21 36 37 30 58 1 24 21 26 34 33 27
2201 21 27 19 32 68 3 22 38 27 30 33 27
2202 21 32 31 34 109 14 26 30 18 29 33 27
2203 21 38 45 35 116 1 25 35 33 42 33 27
2204 21 30 28 26 112 47 18 24 25 8 33 27
2205 21 30 22 22 42 2 25 26 28 38 33 27
2206 21 30 27 35 64 1 20 25 26 29 33 27
2207 21 26 21 29 60 1 22 31 29 17 33 27
2208 21 30 23 27 57 38 24 31 27 34 33 27
2209 21 31 32 30 77 10 22 44 25 4 33 27
2210 21 31 27 29 105 11 22 25 20 34 33 27
2211 21 30 29 37 100 1 24 29 23 34 33 27
2212 21 34 33 22 101 73 21 21 31 1 33 27
2213 21 31 30 28 113 72 20 26 25 26 33 27
2214 21 36 44 29 161 84 19 25 31 8 33 27
2215 21 29 18 23 134 1 18 19 19 14 33 27
2216 21 34 33 31 123 12 19 29 23 24 33 27
2217 21 27 22 25 119 1 19 30 26 18 33 27
2218 21 29 20 12 141 34 22 23 23 20 33 27
2219 21 33 34 20 104 44 19 29 20 18 33 27
2220 22 34 30 25 113 62 26 28 25 32 33 27
2221 21 31 32 35 69 74 17 20 33 7 33 27
2222 21 33 36 27 60 24 22 18 24 20 33 27
2223 21 29 33 29 64 7 25 34 32 23 33 27
2224 21 29 26 34 80 1 19 34 27 33 33 27
2225 21 37 42 27 113 76 21 24 20 12 33 27
2226 21 36 44 36 75 1 23 23 27 35 33 27
2227 21 28 25 31 89 32 21 28 26 29 33 27
2228 21 29 28 35 58 21 25 40 25 25 33 27
2229 21 37 43 24 69 80 26 32 21 14 33 27
2230 21 28 23 31 141 10 24 22 26 16 33 27
2231 21 33 35 30 104 10 23 25 27 32 33 27
2232 21 29 32 32 108 4 19 23 24 22 33 27
2233 22 34 45 40 74 54 26 36 28 28 33 27
2234 21 37 35 30 181 1 22 23 24 41 33 27
2235 21 30 25 10 113 54 24 17 29 1 33 27
2236 21 31 31 27 68 67 26 17 37 27 33 27
2237 21 33 39 42 77 1 24 33 28 25 33 27
2238 21 33 29 23 122 13 21 30 31 25 33 27
2239 21 29 27 31 156 12 24 26 29 1 33 27
2240 21 33 39 43 96 33 26 23 29 11 33 27
2241 21 28 24 23 48 1 19 26 28 1 33 27
2242 21 38 47 31 122 45 24 40 30 42 33 27
2243 21 33 36 31 119 1 21 30 31 39 33 27
2244 21 31 34 23 63 105 23 20 22 1 33 27
2245 21 35 36 25 148 43 22 44 22 38 33 27
2246 21 30 28 31 55 44 19 29 29 21 33 27
2247 21 31 31 21 83 43 22 18 26 26 33 27
2248 21 36 38 33 74 73 23 27 31 21 33 27
2249 21 28 22 30 71 11 23 19 24 1 33 27
2250 21 24 16 24 85 5 20 26 22 8 33 27
2251 21 30 27 35 43 50 22 34 33 29 33 27
2252 21 37 38 36 43 16 23 35 30 45 33 27
2253 21 31 42 49 169 53 19 29 27 31 33 27
2254 21 36 33 15 60 72 20 24 22 37 33 27
2255 21 29 32 37 85 60 19 26 25 16 33 27
2256 21 33 38 23 76 75 23 19 28 1 33 27
2257 21 35 43 37 94 30 27 32 29 33 33 27
2258 21 35 39 37 206 71 20 1 25 8 33 27
2259 21 35 37 29 121 97 21 34 24 41 33 27
2260 21 31 27 26 54 35 18 29 23 21 33 27
2261 21 32 27 16 168 2 21 1 27 12 33 27
2262 22 49 215 35 141 153 31 1 27 28 33 27
2263 21 33 35 34 58 1 23 27 31 38 33 27
2264 21 23 22 36 118 41 23 24 24 12 33 27
2265 21 34 32 26 115 75 20 22 27 24 33 27
2266 21 30 21 18 102 48 24 31 23 24 33 27
2267 21 36 40 32 60 82 24 21 30 33 33 27
2268 21 35 37 28 73 16 24 24 30 39 33 27
2269 22 37 33 10 112 1 25 28 27 25 33 26
2270 21 21 12 21 82 1 24 1 26 9 32 27
2271 21 33 33 30 168 1 23 27 32 10 33 27
2272 21 29 27 34 140 57 25 27 24 5 33 27
2273 21 28 25 32 42 82 27 40 34 7 33 27
2274 21 35 36 25 112 65 22 22 26 37 33 27
2275 21 27 23 36 89 25 24 30 34 23 33 27
2276 21 30 21 16 67 55 20 22 19 13 33 27
2277 21 31 34 40 150 27 23 28 23 5 33 27
2278 21 32 31 30 183 28 21 13 26 7 33 27
2279 21 29 25 24 59 15 23 26 28 5 33 27
2280 21 30 22 12 186 1 24 33 28 20 33 27
2281 21 33 27 26 164 1 27 35 29 25 33 27
2282 21 27 25 32 76 49 26 30 31 8 33 27
2283 21 31 38 33 93 14 23 22 25 24 33 27
2284 21 29 26 25 115 1 19 1 34 28 33 27
2285 21 27 26 18 78 18 23 32 27 1 33 27
2286 21 41 45 37 92 47 26 31 34 42 33 27
2287 21 29 30 24 88 26 22 30 24 21 33 27
2288 21 34 34 32 79 1 21 35 29 42 34 27
2289 21 36 34 20 91 10 22 27 30 3 33 27
2290 21 32 32 38 97 1 21 33 30 40 33 27
2291 22 32 22 16 140 11 21 36 24 20 33 27
2292 21 35 36 34 68 27 25 27 24 44 33 27
2293 21 33 26 20 115 29 24 19 29 10 33 27
2294 21 30 28 17 61 1 21 12 29 1 33 27
2295 21 26 25 28 94 14 24 26 29 14 33 27
2296 21 30 31 33 243 49 23 23 26 18 33 27
2297 21 32 27 19 130 54 23 12 29 17 33 27
2298 21 30 33 41 57 37 23 32 26 50 33 27
2299 21 27 14 22 79 1 22 39 15 12 33 27
2300 21 34 36 43 81 50 26 32 20 30 33 27
2301 21 26 18 29 113 1 22 48 22 6 33 27
2302 21 35 33 32 110 104 20 1 28 1 33 27
2303 21 38 42 27 96 1 24 36 25 27 33 27
2304 21 32 25 20 66 1 22 33 24 23 33 27
2305 21 32 30 22 67 1 20 23 25 30 33 27
2306 21 30 27 19 70 13 24 18 23 1 33 27
2307 21 31 27 29 51 1 18 26 26 18 33 27
2308 21 27 25 27 101 33 22 25 31 12 33 27
2309 21 32 31 31 97 49 23 25 24 36 33 27
2310 21 31 29 16 57 56 21 23 31 1 33 27
2311 21 29 28 17 112 45 21 22 29 1 33 27
2312 21 34 32 27 52 1 24 29 27 30 33 27
2313 21 31 31 26 135 1 23 24 29 20 33 27
2314 21 29 25 17 59 8 22 26 23 8 33 27
2315 21 31 22 30 42 18 23 32 25 46 33 27
2316 21 29 26 28 84 42 24 35 20 26 33 27
2317 21 34 37 24 120 70 20 18 27 1 33 27
2318 21 28 18 17 66 1 24 31 25 20 33 27
2319 21 27 22 26 102 4 26 24 26 3 33 27
2320 22 37 41 30 81 1 20 39 28 22 33 27
2321 21 32 31 22 135 51 22 20 23 10 33 27
2322 21 34 37 22 184 35 21 1 30 17 33 27
2323 21 34 26 6 104 1 24 15 35 32 33 27
2324 21 38 38 23 83 116 22 21 22 22 33 27
2325 21 28 29 26 142 54 19 21 32 3 33 27
2326 37 43 22 39 95 21 41 75 658 90 54 46
2327 21 34 35 33 369 30 21 21 27 28 33 27
2328 21 35 44 28 171 1 20 29 21 26 33 26
2329 21 42 45 27 138 63 28 1 32 33 33 27
2330 21 33 35 23 98 17 22 21 20 27 33 27
2331 21 27 20 22 53 26 22 12 26 7 33 27
2332 21 33 33 23 70 39 26 21 32 13 33 27
2333 21 36 25 10 425 3 22 26 29 36 33 27
2334 21 29 31 29 81 2 18 1 29 31 33 27
2335 22 37 40 33 104 46 23 21 26 37 33 27
2336 21 32 35 19 155 58 18 31 31 5 33 27
2337 21 27 19 23 67 11 20 23 23 13 33 27
2338 21 25 15 15 62 16 22 35 19 17 33 27
2339 21 33 23 24 63 61 17 23 21 35 33 27
2340 22 35 38 20 180 57 25 25 26 1 33 27
2341 21 28 36 39 81 49 23 27 25 20 33 27
2342 21 24 13 16 148 46 18 24 26 1 33 27
2343 21 26 22 31 80 15 25 20 26 3 33 27
2344 21 29 32 22 81 1 24 23 29 1 33 27
2345 21 36 36 25 57 78 20 27 30 35 33 27
2346 21 32 28 24 269 10 24 21 27 31 33 27
2347 21 32 30 29 56 33 23 36 27 36 33 27
2348 21 36 33 28 94 40 19 31 19 42 33 27
2349 21 38 38 25 67 67 23 28 37 40 33 27
2350 21 34 36 27 78 17 22 26 31 29 33 27
2351 21 30 20 29 34 31 23 33 27 40 33 27
2352 21 31 24 20 50 24 20 23 22 33 33 27
2353 21 33 37 23 73 90 19 19 24 1 33 27
2354 21 29 28 20 53 35 21 22 29 1 32 27
2355 21 24 18 25 93 1 19 22 20 1 32 27
2356 21 35 36 35 87 92 22 36 20 35 33 27
2357 21 28 17 16 102 1 23 27 33 21 33 27
2358 21 31 32 26 120 39 23 16 31 2 33 27
2359 21 23 10 10 96 1 24 25 25 10 33 27
2360 21 33 31 25 63 44 27 26 32 21 33 27
2361 21 36 40 31 83 63 25 24 32 36 33 27
2362 21 31 28 15 80 39 22 18 24 1 33 27
2363 21 33 23 23 42 49 22 26 15 32 33 27
2364 21 35 38 34 73 76 26 34 22 36 33 27
2365 21 27 11 17 49 13 21 1 29 24 33 27
2366 21 33 35 37 129 1 24 35 28 44 33 27
2367 22 32 32 35 85 1 21 31 26 35 34 27
2368 21 29 16 23 145 1 22 28 26 19 33 27
2369 21 32 32 31 54 1 20 24 27 17 33 27
2370 21 29 24 31 71 18 23 35 25 35 33 27
2371 21 26 22 23 148 17 24 31 27 1 33 27
2372 21 30 32 28 355 1 22 38 23 19 33 27
2373 21 36 39 16 88 38 18 1 26 14 33 27
2374 21 32 41 39 140 1 24 23 36 26 33 27
2375 21 33 34 38 48 28 21 32 24 36 33 27
2376 22 35 36 29 76 58 18 26 30 27 33 27
2377 21 30 23 19 173 59 19 31 33 13 33 27
2378 21 25 23 33 76 1 20 27 27 29 33 27
2379 21 35 29 14 82 20 25 19 26 11 33 27
2380 21 29 23 18 166 13 20 16 25 25 33 27
2381 21 34 34 24 97 1 19 1 24 17 33 27
2382 21 34 37 34 83 56 21 25 20 22 33 27
2383 21 28 26 20 58 1 21 18 23 15 33 27
2384 21 31 24 24 134 1 19 19 27 2 33 27
2385 21 37 32 23 74 28 28 24 30 37 33 27
2386 21 30 24 21 102 1 21 27 20 31 33 27
2387 21 33 28 29 48 1 23 31 28 28 33 27
2388 21 28 21 25 119 17 25 24 28 19 33 27
2389 21 26 17 24 85 1 24 28 23 9 33 27
2390 21 33 33 21 81 1 18 30 22 5 33 27
2391 21 39 38 19 111 1 23 43 24 26 33 27
2392 21 23 14 23 57 1 19 30 24 1 33 27
2393 21 29 27 29 69 27 28 28 26 28 33 27
2394 21 30 26 24 77 79 16 27 24 12 32 27
2395 21 34 38 30 69 72 26 1 26 33 33 27
2396 21 30 33 25 66 118 21 25 33 1 32 27
2397 21 27 15 24 108 1 21 24 26 1 33 27
2398 21 26 21 27 73 43 25 22 31 1 33 27
2399 21 27 20 27 74 1 22 23 34 4 33 27
2400 21 31 31 26 52 1 27 29 26 26 33 27
2401 21 37 48 32 66 51 22 25 20 21 33 27
2402 21 29 22 27 85 84 22 1 25 27 33 27
2403 21 32 32 35 107 16 20 33 19 47 33 27
2404 21 33 29 33 127 12 27 36 25 33 33 27
2405 21 33 31 18 61 21 26 21 24 17 33 27
2406 21 28 21 19 88 2 23 22 22 13 33 27
2407 21 25 24 31 48 1 24 30 22 21 33 27
2408 21 31 31 21 133 21 17 24 28 1 32 27
2409 21 37 36 27 89 52 22 24 22 40 33 27
2410 21 28 24 16 97 13 25 26 33 2 33 27
2411 21 33 31 25 69 17 21 24 23 22 33 27
2412 21 32 38 33 104 24 19 16 25 15 33 27
2413 21 27 23 14 84 11 21 20 25 5 33 27
2414 21 37 39 40 43 16 25 32 34 47 33 27
2415 21 34 40 40 77 1 25 34 24 42 33 27
2416 21 26 22 28 153 44 20 40 24 18 33 27
2417 21 27 30 31 89 1 21 29 27 11 33 27
2418 21 28 26 27 53 17 25 17 38 15 33 27
2419 21 30 30 19 58 42 20 16 26 10 33 27
2420 21 33 32 16 61 57 22 16 26 2 33 27
2421 21 36 43 35 76 1 25 26 30 28 33 27
2422 21 32 28 22 122 1 22 19 26 25 33 27
2423 21 35 35 28 81 20 22 24 28 22 33 27
2424 21 30 22 27 113 49 26 34 21 24 33 27
2425 21 35 28 13 59 1 22 13 26 31 33 27
2426 21 28 20 24 134 12 24 23 24 24 33 27
2427 21 35 38 31 55 26 22 28 26 33 33 27
2428 21 28 17 18 99 12 21 26 26 10 33 27
2429 21 38 44 31 67 87 22 28 25 21 33 27
2430 21 26 25 26 82 72 22 23 24 1 33 27
2431 21 32 27 32 80 1 24 36 24 36 33 27
2432 21 28 26 24 83 3 20 32 24 33 33 27
2433 21 28 31 34 69 51 17 15 27 16 33 27
2434 21 37 42 35 122 49 20 1 34 31 33 27
2435 21 33 35 35 69 1 20 37 28 32 33 27
2436 22 34 35 30 64 55 23 22 28 9 33 27
2437 21 32 31 37 93 4 28 32 26 47 33 27
2438 21 30 25 23 127 44 19 25 25 8 33 27
2439 21 29 22 15 132 45 18 21 24 7 33 27
2440 21 34 38 20 102 17 27 30 24 1 33 27
2441 21 27 27 42 51 16 28 1 34 4 33 27
2442 21 29 32 24 162 1 18 18 26 1 33 27
2443 21 27 31 30 101 67 21 33 27 5 33 27
2444 21 33 36 20 88 7 26 11 31 1 33 27
2445 21 28 23 31 373 1 20 35 22 23 33 27
2446 21 32 33 22 58 92 21 12 26 1 33 27
2447 21 28 21 24 140 31 24 29 24 25 33 27
2448 21 27 22 19 94 1 23 27 24 19 33 27
2449 21 34 36 36 147 23 23 31 25 43 33 27
2450 21 28 29 22 53 1 17 26 24 14 33 27
2451 21 35 39 21 130 1 16 26 30 21 33 27
2452 21 29 25 28 65 35 25 36 27 30 33 27
2453 21 27 19 33 65 8 22 29 30 37 33 27
2454 21 24 19 22 95 1 21 21 18 2 33 27
2455 21 35 32 19 107 17 19 28 24 15 33 27
2456 21 35 36 26 87 26 22 25 30 9 33 27
2457 21 30 26 25 124 1 25 32 29 12 33 27
2458 21 25 15 25 81 1 24 24 28 4 33 27
2459 21 31 31 17 104 29 20 22 19 15 33 27
2460 21 22 20 19 109 1 23 20 27 1 32 26
2461 21 30 21 14 117 13 20 12 21 14 33 27
2462 21 29 24 20 57 33 22 26 28 12 33 27
2463 21 29 21 31 121 22 24 27 19 24 33 27
2464 21 34 29 18 65 1 24 14 30 15 33 27
2465 21 36 39 24 79 1 24 21 35 18 33 27
2466 21 30 28 25 69 22 24 29 40 4 33 27
2467 22 31 33 33 165 1 25 1 31 27 33 27
2468 21 38 46 28 56 47 21 28 25 33 33 27
2469 21 32 29 19 64 50 22 28 23 8 33 27
2470 21 27 18 23 66 38 28 46 21 21 33 27
2471 21 31 22 21 48 1 25 23 30 37 33 27
2472 21 34 30 31 50 1 18 33 24 36 33 27
2473 21 30 28 30 140 1 20 25 20 19 33 27
2474 21 34 33 22 64 39 17 18 26 16 33 27
2475 21 35 35 27 67 62 21 24 30 30 33 27
2476 21 32 32 29 76 57 24 43 23 24 33 27
2477 21 32 28 27 71 23 26 33 29 22 33 27
2478 21 31 27 29 89 1 19 36 35 37 33 27
2479 21 25 22 32 114 54 25 30 35 10 33 27
2480 21 30 26 25 51 51 21 27 25 31 33 27
2481 21 34 33 26 64 46 24 26 26 31 33 27
2482 21 30 33 28 160 24 20 23 29 17 33 27
2483 21 35 39 29 115 30 27 22 33 25 33 27
2484 21 30 23 21 81 11 17 30 19 24 32 27
2485 21 32 28 25 65 1 21 30 25 32 33 27
2486 21 40 42 24 84 23 29 21 27 27 33 27
2487 21 29 30 29 94 47 22 26 28 1 32 27
2488 21 35 40 36 242 41 17 1 33 14 33 27
2489 21 26 20 25 83 10 22 32 25 14 33 27
2490 21 37 31 18 84 37 22 21 30 29 33 27
2491 21 34 24 23 92 65 28 22 21 36 33 27
2492 21 35 38 21 99 31 21 22 30 3 33 27
2493 21 31 34 29 55 49 18 19 29 9 33 27
2494 21 29 22 19 64 1 24 17 25 18 33 27
2495 21 28 26 18 104 1 20 20 29 19 33 27
2496 21 32 29 27 49 5 23 33 25 28 33 27
2497 21 32 35 19 175 47 22 26 23 6 33 27
2498 21 34 33 16 173 5 15 22 28 5 33 27
2499 21 31 27 23 92 1 21 25 31 16 33 27
2500 21 36 34 23 60 12 21 22 24 28 33 27
2501 21 23 12 23 43 1 24 26 17 13 33 27
2502 21 31 25 23 63 35 26 44 27 24 33 27
2503 21 36 39 33 61 94 22 20 29 30 33 27
2504 21 27 27 31 61 1 19 1 21 11 33 27
2505 21 28 21 21 153 1 19 31 23 23 33 27
2506 21 32 34 33 111 33 27 21 23 24 33 27
2507 21 29 25 18 75 6 22 33 30 30 33 27
2508 21 38 46 31 72 75 30 26 31 17 33 27
2509 21 32 33 17 73 1 23 12 25 5 33 27
2510 21 32 24 23 55 1 24 31 33 21 33 27
2511 21 24 20 33 63 61 23 24 23 6 33 27
2512 21 32 28 23 54 78 19 22 54 26 33 27
2513 21 31 37 27 131 74 18 18 28 1 33 27
2514 21 32 36 31 49 1 23 42 19 33 33 27
2515 21 39 48 37 303 32 21 1 31 17 33 27
2516 21 30 27 15 85 55 23 33 29 1 33 27
2517 21 34 39 34 78 15 22 20 31 16 33 27
2518 21 26 21 19 53 1 22 23 32 1 33 27
2519 21 31 23 27 66 1 25 33 30 33 33 27
2520 21 31 27 31 131 1 21 25 24 34 33 27
2521 21 32 34 36 109 3 24 32 25 36 33 27
2522 21 34 31 27 63 11 64 32 29 36 33 27
2523 21 30 23 20 83 20 25 25 24 16 33 27
2524 21 29 21 24 131 10 21 27 25 29 33 27
2525 21 19 12 25 52 8 22 21 29 1 33 27
2526 21 29 23 20 75 1 25 20 22 5 33 27
2527 21 31 19 14 76 8 24 23 24 27 33 27
2528 22 27 16 22 62 1 21 19 27 9 33 27
2529 21 32 37 19 107 40 22 29 22 7 33 27
2530 21 31 31 23 76 28 22 31 26 5 33 27
2531 21 31 29 22 77 11 25 24 24 9 33 27
2532 21 29 18 14 133 49 22 28 27 6 33 27
2533 21 31 26 24 105 55 22 33 25 13 33 27
2534 21 27 26 24 123 1 21 26 21 9 33 27
2535 21 32 30 27 54 1 18 26 17 9 33 27
2536 21 30 31 30 84 62 21 21 22 1 33 27
2537 21 29 24 20 323 31 18 29 21 12 33 27
2538 21 33 27 7 183 75 24 24 27 15 33 27
2539 21 20 9 16 45 13 20 32 25 1 33 27
2540 21 36 41 28 73 93 22 29 28 11 33 27
2541 21 32 33 30 88 28 23 25 25 24 33 27
2542 21 32 38 35 54 10 20 34 26 27 33 27
2543 21 37 39 32 83 1 21 25 23 31 33 27
2544 21 30 23 18 82 41 26 24 40 24 33 27
2545 21 35 38 29 51 69 22 27 25 31 33 27
2546 21 28 16 6 66 1 21 33 23 18 33 27
2547 21 30 27 19 115 2 23 26 30 9 33 27
2548 21 27 24 21 139 1 22 23 28 1 33 27
2549 21 30 27 26 104 58 23 18 29 16 33 27
2550 21 31 32 36 193 110 22 1 32 19 33 27
2551 21 30 28 15 116 3 17 29 20 14 33 27
2552 21 31 27 30 131 1 25 24 25 27 33 27
2553 21 33 36 25 61 1 21 29 25 32 33 27
2554 21 30 21 23 43 1 26 25 27 16 33 27
2555 21 34 46 41 49 90 21 27 22 25 33 27
2556 21 33 33 20 140 61 21 21 27 1 33 27
2557 21 33 32 18 74 15 19 28 26 3 33 27
2558 21 24 19 27 141 11 26 21 30 9 33 27
2559 21 27 19 27 73 1 21 18 19 13 33 27
2560 21 29 26 27 130 1 21 27 27 15 33 27
2561 21 33 31 18 108 64 19 23 26 1 33 27
2562 22 26 21 20 113 16 24 24 33 1 33 27
2563 21 26 21 16 86 1 21 21 21 9 33 27
2564 21 32 30 30 50 35 24 25 22 25 33 27
2565 21 30 32 19 73 50 25 21 27 1 33 27
2566 21 33 39 38 190 1 21 30 26 32 33 27
2567 21 33 33 27 75 11 26 39 25 22 33 27
2568 21 31 28 25 158 49 22 24 30 22 32 27
2569 21 29 35 41 55 47 17 17 25 1 33 27
2570 21 28 19 23 115 22 18 23 35 14 33 27
2571 21 28 23 22 63 1 21 26 24 14 33 27
2572 21 33 31 18 173 19 21 19 28 4 33 27
2573 21 37 41 37 119 1 20 27 24 37 33 27
2574 21 34 31 14 134 22 23 22 27 17 33 27
2575 21 31 34 34 93 5 18 26 21 8 32 26
2576 21 25 17 25 80 1 23 31 20 20 33 27
2577 21 32 38 39 179 32 25 19 29 19 33 27
2578 21 25 18 20 101 1 22 26 23 8 33 27
2579 21 28 38 42 106 40 20 24 30 6 33 27
2580 21 29 23 28 48 1 21 20 22 20 33 27
2581 21 33 31 16 102 1 21 32 28 13 33 27
2582 21 36 37 19 108 1 18 18 22 33 33 27
2583 21 28 29 34 47 62 24 18 34 14 33 27
2584 21 30 29 25 92 77 15 17 21 29 33 27
2585 21 27 22 27 39 3 25 29 26 30 33 27
2586 21 32 30 30 50 32 28 28 30 23 33 27
2587 21 29 29 31 58 1 22 33 27 22 33 27
2588 21 27 20 15 54 3 23 24 26 4 33 27
2589 21 30 30 26 75 35 23 26 33 17 33 27
2590 21 35 35 22 85 104 24 30 31 18 33 27
2591 21 29 27 27 76 1 24 32 27 16 33 27
2592 21 28 23 27 56 1 22 38 24 32 33 27
2593 21 25 24 39 45 12 26 20 28 3 33 27
2594 21 27 19 22 74 28 22 26 23 12 33 27
2595 21 25 17 25 98 40 19 30 26 13 33 27
2596 21 34 35 31 93 94 25 28 33 25 33 27
2597 21 29 26 18 78 1 20 24 25 8 32 26
2598 21 44 45 16 74 1 19 38 23 27 33 27
2599 21 29 19 17 191 1 19 19 25 29 33 27
2600 21 34 37 29 61 29 22 25 22 34 33 27
2601 22 29 27 34 148 13 20 34 28 31 33 27
2602 21 36 35 25 112 1 19 30 25 30 33 27
2603 21 29 30 36 52 48 20 18 29 15 33 27
2604 21 30 25 35 68 16 20 32 27 31 33 27
2605 21 32 30 27 159 97 21 24 28 19 33 27
2606 21 28 22 28 73 1 22 27 32 21 33 27
2607 21 30 17 16 101 4 24 24 32 16 33 27
2608 21 28 26 26 118 17 25 20 28 13 33 27
2609 21 32 34 21 125 80 23 26 24 1 33 27
2610 21 33 30 33 64 1 23 23 28 37 33 27
2611 21 26 17 21 152 1 22 27 29 15 33 27
2612 21 34 31 26 94 56 19 22 26 13 33 27
2613 21 35 26 8 143 7 23 24 28 26 33 27
2614 21 32 34 11 66 73 21 25 23 6 33 27
2615 21 26 19 25 90 12 20 29 22 27 33 27
2616 21 30 33 28 62 1 24 30 28 9 33 27
2617 21 32 26 13 126 45 19 19 26 29 33 27
2618 21 30 26 28 94 26 18 27 16 1 32 27
2619 21 34 36 25 60 91 26 25 31 11 33 27
2620 21 32 31 31 181 55 25 25 38 26 33 27
2621 21 33 31 23 73 80 25 20 23 10 33 27
2622 21 32 30 19 128 92 23 24 28 1 33 27
2623 21 26 21 28 46 21 19 1 18 20 32 27
2624 21 31 24 18 60 1 20 27 26 9 33 27
2625 21 283 810 121 159 1 274 38 27 37 33 27
2626 21 34 29 33 45 66 19 23 30 33 33 27
2627 21 35 36 22 162 45 25 23 24 1 32 27
2628 21 26 20 31 45 53 23 32 26 11 33 27
2629 21 33 21 16 63 15 21 29 26 30 33 27
2630 21 33 32 28 94 1 24 23 33 18 33 27
2631 21 29 27 20 294 24 22 22 26 7 33 27
2632 21 39 50 31 113 84 20 24 27 24 33 27
2633 21 35 40 36 80 19 23 35 27 35 33 27
2634 21 28 26 28 65 46 21 24 25 10 33 27
2635 21 33 30 19 260 1 18 26 23 29 33 27
2636 21 34 39 31 116 48 23 34 27 19 33 27
2637 21 29 27 39 39 3 26 29 26 35 33 27
2638 21 30 25 11 90 2 25 23 47 2 33 27
2639 21 27 25 23 163 24 20 24 27 1 33 27
2640 21 29 19 20 89 1 23 32 24 28 33 27
2641 21 30 33 35 76 37 21 33 26 32 33 27
2642 21 25 16 20 73 21 23 20 32 1 33 27
2643 21 31 31 40 74 1 23 29 30 41 33 27
2644 21 31 31 24 111 34 21 22 29 1 33 27
2645 21 30 20 26 43 10 23 31 26 39 33 27
2646 21 28 24 33 66 1 23 27 26 41 33 27
2647 22 35 36 25 70 67 25 24 32 26 33 27
2648 21 31 21 23 82 1 22 28 28 34 33 27
2649 21 35 34 19 57 38 23 28 29 7 33 27
2650 22 30 24 24 48 39 22 26 24 12 33 27
2651 21 30 35 35 202 46 19 17 31 13 33 27
2652 21 32 32 33 60 56 18 20 15 17 33 27
2653 21 38 45 31 67 67 21 26 30 15 33 27
2654 21 33 22 7 90 1 26 44 25 19 33 27
2655 22 37 36 32 114 1 25 27 30 43 33 27
2656 21 25 31 38 52 15 23 30 25 1 33 27
2657 21 34 38 32 61 16 24 25 41 22 33 27
2658 21 34 33 26 152 15 17 22 24 29 33 27
2659 22 29 23 20 156 1 18 23 25 27 33 27
2660 21 29 20 20 48 1 24 27 28 25 33 27
2661 21 30 28 26 87 35 21 23 28 25 33 27
2662 21 32 25 13 111 111 21 21 18 2 33 27
2663 21 23 18 22 194 37 21 20 24 1 33 27
2664 21 31 27 28 103 23 25 26 28 32 33 27
2665 21 26 20 19 144 1 25 21 32 7 33 27
2666 21 38 41 31 99 54 25 25 32 30 33 27
2667 21 29 28 16 70 26 25 16 32 1 33 27
2668 21 29 21 22 105 3 23 16 34 14 33 27
2669 22 30 31 32 140 1 20 24 25 1 33 27
2670 21 26 22 27 56 35 20 19 23 6 33 27
2671 21 28 19 19 81 1 21 27 33 1 33 27
2672 21 36 38 26 138 53 22 31 25 35 33 27
2673 21 33 35 19 85 57 23 26 28 17 33 27
2674 21 33 39 30 149 60 23 28 31 12 33 27
2675 21 42 43 23 88 21 20 19 27 52 33 27
2676 21 40 36 18 134 104 21 36 26 29 33 27
2677 21 34 27 26 1366 13 24 32 22 37 33 27
2678 21 33 32 21 79 64 28 36 27 26 33 27
2679 21 29 22 21 55 1 22 24 27 25 33 27
2680 21 31 35 29 84 1 18 29 23 19 32 27
2681 21 27 20 26 157 51 24 38 27 22 33 27
2682 21 35 30 31 45 2 22 35 22 52 33 27
2683 21 34 30 28 55 62 23 29 24 23 33 27
2684 21 33 33 33 109 1 24 33 32 36 33 27
2685 21 36 35 15 174 1 19 24 25 25 33 27
2686 21 30 22 21 92 1 20 24 29 17 33 27
2687 21 32 36 25 67 73 22 19 29 28 33 27
2688 21 23 24 25 102 11 19 23 40 1 33 27
2689 21 31 26 17 119 6 22 19 24 6 33 27
2690 21 26 17 23 97 37 23 33 28 20 33 27
2691 21 27 24 18 55 1 20 25 23 1 33 27
2692 21 32 32 31 155 64 26 15 30 15 33 27
2693 21 30 36 32 71 1 13 29 22 3 33 27
2694 21 35 39 22 58 81 21 17 28 17 33 27
2695 21 35 41 27 105 108 23 17 30 1 33 27
2696 21 32 35 22 64 61 26 32 26 1 33 27
2697 21 33 31 31 100 59 24 30 25 35 33 27
2698 21 37 48 37 105 114 27 24 41 21 33 27
2699 21 34 40 27 141 1 23 48 24 31 33 27
2700 21 32 32 24 171 1 23 39 26 23 33 27
2701 21 38 54 37 134 121 24 27 25 16 33 27
2702 21 35 35 26 126 16 20 13 20 28 33 27
2703 21 25 22 24 72 1 25 31 30 1 33 27
2704 21 32 32 23 136 79 20 24 26 2 33 27
2705 21 34 30 19 78 45 20 23 30 13 33 27
2706 21 34 33 34 87 37 26 31 24 34 33 27
2707 21 38 37 26 112 68 27 20 31 45 33 27
2708 21 28 25 34 212 1 23 41 27 11 33 27
2709 21 31 30 24 95 1 21 17 32 21 33 27
2710 21 34 42 39 138 4 23 36 28 34 33 27
2711 21 26 26 34 93 29 25 31 36 9 33 27
2712 21 37 36 36 77 112 23 31 21 19 33 27
2713 21 28 20 31 31 12 22 35 28 45 33 27
2714 21 34 41 33 63 45 21 36 26 21 33 27
2715 21 35 30 22 84 1 20 27 21 26 33 27
2716 21 33 23 29 129 72 26 32 27 37 33 27
2717 21 29 19 24 80 1 20 36 30 39 33 27
2718 21 23 23 32 142 56 18 21 26 2 33 27
2719 21 32 31 32 94 1 21 34 26 32 33 27
2720 21 34 35 39 50 44 22 26 313 37 33 27
2721 21 39 46 35 102 34 22 38 22 36 33 27
2722 21 33 38 32 49 31 19 27 27 23 33 27
2723 21 33 42 34 145 89 22 25 27 12 33 27
2724 21 28 23 35 81 3 20 1 41 1 32 27
2725 21 26 25 28 73 62 21 50 17 17 33 27
2726 21 32 32 21 68 41 21 20 21 1 33 27
2727 21 25 25 23 115 26 23 28 26 1 33 27
2728 21 29 26 26 66 1 22 28 33 26 33 27
2729 21 32 25 8 100 1 20 21 20 18 33 27
2730 21 34 33 13 77 35 22 15 24 1 32 26
2731 21 29 24 12 109 26 22 23 27 1 33 27
2732 21 28 23 32 102 1 21 36 25 24 33 27
2733 21 27 26 27 71 13 26 28 33 1 32 27
2734 21 26 23 10 74 1 18 22 23 1 33 27
2735 21 36 47 35 65 80 24 31 26 39 33 27
2736 21 34 29 18 71 16 20 1 27 24 33 27
2737 21 32 33 20 172 29 23 28 23 12 33 27
2738 21 29 30 37 110 26 21 30 26 35 33 27
2739 21 36 33 29 103 1 22 1 33 35 33 27
2740 21 30 28 32 53 41 25 27 35 22 33 27
2741 21 26 22 14 89 1 21 28 26 1 33 27
2742 21 33 27 18 92 1 26 24 24 23 33 27
2743 21 26 16 20 275 1 15 34 26 24 33 27
2744 21 25 22 37 37 1 22 17 24 1 33 27
2745 21 31 20 11 52 38 20 21 26 26 33 27
2746 21 33 33 20 166 62 21 16 27 1 32 27
2747 22 33 32 22 240 19 21 51 22 21 33 27
2748 21 30 33 24 192 56 24 20 23 1 33 27
2749 21 27 23 12 94 34 18 23 22 14 33 27
2750 21 30 29 17 94 58 22 16 29 1 32 27
2751 21 26 15 20 47 46 23 17 32 6 33 27
2752 21 34 41 42 92 40 26 35 22 25 33 27
2753 21 28 30 32 127 49 22 24 25 1 32 27
2754 21 32 30 29 120 12 22 26 24 27 33 27
2755 21 32 29 32 90 1 28 37 26 45 33 27
2756 21 30 30 25 51 1 20 35 22 35 33 27
2757 21 31 30 25 112 29 25 28 28 17 33 27
2758 21 33 34 24 193 69 21 16 23 1 32 27
2759 21 30 25 20 109 41 24 29 25 14 33 27
2760 21 24 13 20 412 9 22 20 29 1 33 27
2761 21 28 23 21 208 1 24 21 68 11 33 27
2762 21 36 38 22 82 31 25 46 22 24 33 27
2763 21 27 20 22 44 39 24 24 22 1 33 27
2764 21 35 30 29 137 4 25 30 32 19 33 27
2765 21 31 32 22 64 11 23 19 35 1 33 27
2766 21 30 17 19 50 1 21 32 18 36 33 27
2767 21 38 37 19 138 45 25 42 26 28 33 27
2768 21 34 36 16 114 121 19 16 22 9 33 27
2769 21 26 18 16 156 1 19 16 28 1 32 26
2770 22 31 29 31 71 1 26 35 25 25 33 27
2771 21 33 30 17 159 1 22 36 20 39 33 27
2772 21 29 19 23 61 24 24 25 21 37 33 27
2773 21 29 17 17 71 31 21 30 26 36 33 27
2774 21 22 14 34 53 9 23 24 28 5 33 27
2775 21 36 39 41 178 49 27 22 30 24 33 27
2776 21 28 21 22 53 1 23 32 26 34 33 27
2777 21 25 24 28 66 7 20 28 26 10 33 27
2778 21 33 34 24 103 14 22 28 26 13 33 27
2779 21 31 32 34 57 9 22 35 26 38 33 27
2780 21 29 26 14 108 51 19 18 20 1 32 26
2781 21 25 23 23 57 22 20 1 39 3 33 27
2782 21 39 42 28 121 66 19 17 25 27 33 27
2783 21 29 26 31 92 28 22 31 26 21 33 27
2784 21 38 44 43 140 78 24 23 30 31 33 27
2785 21 28 21 16 97 1 20 28 23 9 32 27
2786 22 42 40 14 90 1 24 51 19 37 33 27
2787 21 33 32 23 68 1 23 32 27 27 33 27
2788 21 37 31 14 220 28 27 20 25 35 33 27
2789 21 33 29 26 63 4 22 21 26 31 33 27
2790 21 27 29 24 94 4 22 25 28 1 33 27
2791 21 31 29 22 92 8 23 24 30 3 33 27
2792 21 36 176 28 100 33 26 20 21 14 33 27
2793 21 36 33 26 60 17 24 22 23 29 33 27
2794 21 36 31 25 54 1 21 34 20 49 33 27
2795 21 35 37 34 50 70 26 26 37 22 33 27
2796 21 34 37 19 411 6 22 20 21 19 33 27
2797 21 31 32 29 126 28 21 29 29 16 33 27
2798 21 16 11 28 86 1 23 19 35 1 33 27
2799 21 28 21 19 151 1 19 27 29 10 33 27
2800 21 30 25 12 58 1 21 20 24 10 33 27
2801 21 33 29 30 133 1 26 33 28 48 33 27
2802 21 26 24 19 85 21 22 25 23 1 33 27
2803 21 34 40 40 89 45 20 37 27 35 33 27
2804 21 27 19 11 82 48 20 18 27 1 33 27
2805 22 29 26 32 214 1 17 38 27 32 33 27
2806 21 31 30 20 136 50 27 27 28 3 33 27
2807 21 31 29 14 89 21 21 15 29 1 32 27
2808 21 33 32 23 70 29 21 23 25 20 33 27
2809 21 32 26 15 127 22 21 35 35 8 33 27
2810 21 31 28 16 363 28 23 20 25 1 32 27
2811 21 39 39 29 174 40 24 32 34 51 33 27
2812 21 33 28 20 75 82 21 25 22 6 33 27
2813 21 30 23 34 98 14 25 37 19 32 33 27
2814 21 29 28 39 45 8 29 28 36 30 33 27
2815 21 32 36 40 161 17 24 31 27 25 33 27
2816 21 27 15 18 49 1 18 29 23 9 33 27
2817 21 33 18 16 34 12 26 30 31 43 33 27
2818 21 34 30 22 139 10 26 26 32 18 33 27
2819 21 33 34 20 120 1 24 16 35 1 33 27
2820 26 38 40 34 93 95 27 43 24 14 38 32
2821 21 27 23 19 109 40 21 26 28 2 33 27
2822 21 30 35 24 147 33 20 18 32 1 33 27
2823 21 33 37 24 79 55 23 22 26 1 33 27
2824 21 32 33 24 138 74 23 21 28 1 33 27
2825 21 28 22 27 35 33 23 38 30 26 33 27
2826 21 35 36 39 105 17 26 35 23 43 33 27
2827 21 35 45 43 62 42 24 28 28 34 33 27
2828 21 35 39 32 52 110 21 20 26 5 33 27
2829 21 28 27 25 91 13 22 29 35 12 33 27
2830 21 28 23 20 61 57 22 28 29 9 33 27
2831 22 33 27 23 53 18 24 25 26 33 34 27
2832 21 31 25 29 99 28 24 33 24 48 33 27
2833 21 30 28 34 48 41 25 43 31 24 33 27
2834 21 31 32 36 81 68 20 27 24 32 33 27
2835 21 29 22 25 87 1 17 26 22 27 33 27
2836 21 30 28 29 210 23 24 35 32 29 33 27
2837 21 33 44 34 78 81 22 30 27 17 33 27
2838 21 32 33 18 92 44 24 18 31 13 33 27
2839 21 28 22 24 99 27 26 28 28 21 33 27
2840 21 29 32 20 84 72 25 24 26 7 33 27
2841 21 34 31 22 225 1 24 20 29 26 33 27
2842 22 32 35 28 63 74 25 20 31 13 33 27
2843 21 27 27 41 89 6 23 24 25 8 33 27
2844 21 28 21 23 139 61 22 22 23 24 33 27
2845 21 34 29 11 68 1 20 25 23 35 33 27
2846 21 30 15 14 83 1 20 1 26 23 33 27
2847 21 28 27 31 127 1 25 34 30 14 33 27
2848 21 33 31 25 79 1 23 31 17 33 33 27
2849 21 24 18 5 260 1 18 24 21 1 33 27
2850 21 24 24 42 41 1 19 12 23 2 33 27
2851 21 26 18 13 125 1 22 25 24 1 33 27
2852 21 27 30 30 57 2 20 26 36 11 33 27
2853 21 28 30 39 57 1 30 21 33 4 33 27
2854 21 36 35 12 141 2 23 26 27 20 33 27
2855 21 34 38 27 71 1 22 23 24 11 33 27
2856 21 32 37 31 75 1 25 18 28 31 33 27
2857 21 31 24 22 72 39 24 22 28 32 33 27
2858 21 29 27 24 98 1 27 30 34 22 33 27
2859 21 34 32 24 78 30 22 23 24 16 33 27
2860 21 31 23 18 68 1 22 24 28 6 33 27
2861 21 39 40 18 112 92 27 20 29 36 33 27
2862 21 28 28 31 50 57 23 25 29 15 33 27
2863 21 28 24 26 74 91 22 19 26 21 33 27
2864 21 27 22 31 77 19 16 30 28 26 33 27
2865 21 34 31 19 90 49 22 21 23 14 33 27
2866 21 34 40 37 74 62 20 21 29 15 33 27
2867 21 32 29 28 55 1 22 29 29 72 33 27
2868 21 38 36 19 199 1 19 18 24 31 33 27
2869 21 32 37 31 86 67 24 22 26 27 33 27
2870 21 30 27 34 99 1 26 31 33 35 33 27
2871 21 25 22 37 47 50 21 18 22 13 33 27
2872 21 28 24 24 76 1 23 29 24 14 33 27
2873 21 29 29 29 60 1 20 26 30 10 33 27
2874 21 22 14 26 74 1 24 30 26 7 33 27
2875 21 38 40 29 93 1 18 38 28 37 33 27
2876 21 35 34 20 79 1 22 29 28 29 33 27
2877 22 29 23 11 95 39 24 26 28 3 33 27
2878 21 28 27 31 48 48 19 31 29 22 33 27
2879 21 33 31 17 69 14 20 32 25 21 33 27
2880 21 37 34 17 93 38 24 14 29 28 33 27
2881 21 31 32 26 53 13 21 29 24 30 33 27
2882 21 34 39 40 67 64 22 17 27 17 33 27
2883 21 30 29 29 110 13 24 24 19 10 33 27
2884 21 35 27 12 189 1 22 37 32 34 33 27
2885 21 33 26 20 90 116 23 22 27 19 33 27
2886 21 33 33 18 108 1 20 31 22 16 33 27
2887 21 33 18 12 95 1 20 27 31 12 33 27
2888 21 29 28 35 44 45 20 33 34 25 33 27
2889 21 32 33 33 98 1 22 22 27 21 33 27
2890 21 28 19 19 83 1 21 28 22 21 33 27
2891 21 29 31 30 156 36 25 34 29 2 33 27
2892 21 38 30 12 155 32 24 28 31 21 33 27
2893 21 28 25 22 109 38 23 26 33 1 33 27
2894 21 27 22 35 58 69 23 29 30 9 33 27
2895 21 38 36 19 81 1 25 35 21 39 33 27
2896 21 33 31 23 100 15 21 23 29 21 33 27
2897 21 28 22 24 135 1 19 1 29 5 33 27
2898 21 28 25 19 62 1 21 37 31 21 33 27
2899 21 26 18 26 398 1 28 47 33 16 33 27
2900 22 35 31 23 44 70 25 19 25 31 33 27
2901 21 29 23 22 51 19 20 30 19 18 33 27
2902 21 29 33 38 109 38 20 26 29 19 33 27
2903 21 32 32 17 217 25 23 15 30 15 33 27
2904 21 33 31 27 169 1 23 25 25 32 33 27
2905 21 40 43 25 90 1 26 22 35 38 33 27
2906 21 31 26 26 74 53 22 18 30 28 33 27
2907 21 30 33 36 144 1 22 28 33 21 33 27
2908 21 22 9 21 71 56 19 16 21 1 33 27
2909 21 28 28 23 51 1 20 25 22 12 33 27
2910 21 29 28 39 75 51 23 22 28 11 33 27
2911 21 27 12 13 117 35 22 30 29 19 33 27
2912 21 38 48 43 59 54 23 33 24 42 33 27
2913 21 32 37 33 54 31 22 28 28 24 33 27
2914 21 29 19 26 63 1 22 28 30 31 33 27
2915 21 30 26 20 94 58 26 24 27 17 33 27
2916 21 28 18 11 135 25 21 31 25 17 33 27
2917 21 34 33 24 82 21 28 32 27 23 33 27
2918 21 33 33 22 125 50 19 26 24 5 33 27
2919 21 29 22 24 198 1 26 21 26 19 33 27
2920 21 37 33 17 128 2 23 30 36 40 33 27
2921 21 25 26 30 62 3 29 17 31 1 33 27
2922 21 24 20 28 44 33 37 14 19 4 33 27
2923 21 19 13 31 113 1 23 28 25 7 33 27
2924 21 31 29 33 176 42 22 27 23 28 33 27
2925 21 28 22 18 73 45 20 24 24 7 33 27
2926 21 30 26 32 106 1 24 35 31 29 33 27
2927 21 30 23 21 183 5 21 28 21 20 33 27
2928 21 32 27 22 102 50 24 25 28 13 33 27
2929 21 33 34 20 92 13 23 26 27 6 33 27
2930 21 20 12 24 79 1 21 1 26 1 32 27
2931 21 24 16 31 44 15 18 11 21 23 33 27
2932 21 28 16 18 66 65 23 27 33 3 33 27
2933 21 38 43 31 128 42 26 27 25 31 33 27
2934 21 31 25 21 105 5 21 29 28 17 33 27
2935 21 34 35 33 54 91 28 28 32 18 33 27
2936 21 33 30 28 60 43 26 18 28 14 33 27
2937 21 31 34 29 78 1 21 22 26 1 33 27
2938 21 30 27 36 48 1 20 42 19 39 33 27
2939 21 27 17 18 64 1 21 30 26 1 33 27
2940 21 24 22 36 329 1 16 22 25 1 33 27
2941 21 32 29 19 95 1 24 18 23 34 33 27
2942 21 35 36 35 103 80 22 33 28 16 33 27
2943 21 30 31 37 47 5 19 22 30 10 33 27
2944 21 34 38 36 47 61 26 32 26 36 33 27
2945 21 33 31 15 96 40 31 18 29 6 33 27
2946 21 27 23 24 80 48 21 17 30 1 33 27
2947 21 29 32 33 67 46 22 22 28 17 33 27
2948 21 31 28 27 64 7 21 24 29 31 33 27
2949 21 33 39 37 71 118 22 22 31 9 33 27
2950 21 30 20 16 107 1 17 23 27 42 33 27
2951 21 32 29 30 48 1 17 39 24 39 33 27
2952 21 40 36 18 137 54 20 14 23 36 33 27
2953 21 27 27 34 52 74 22 27 21 12 33 27
2954 22 34 35 29 179 47 21 23 24 19 33 27
2955 21 31 31 33 172 24 16 30 21 16 33 27
2956 21 38 35 25 100 15 22 25 29 32 33 27
2957 21 35 31 24 70 30 26 29 34 21 33 27
2958 21 29 33 38 54 1 24 41 23 6 33 27
2959 21 36 37 23 74 1 22 24 32 25 33 27
2960 21 27 23 19 61 57 23 26 28 8 33 27
2961 21 35 39 32 101 1 23 27 27 29 33 27
2962 21 29 23 13 84 1 23 28 22 1 33 27
2963 21 24 21 31 73 41 18 13 24 1 33 27
2964 21 30 26 22 94 76 18 21 25 2 33 27
2965 21 35 41 23 100 1 25 20 21 11 33 27
2966 21 32 32 26 108 45 20 30 26 40 33 27
2967 21 36 41 29 134 68 21 34 27 26 33 27
2968 21 33 33 21 91 27 22 22 28 20 33 27
2969 21 32 18 9 135 1 23 35 25 27 33 27
2970 21 32 29 33 106 11 24 27 21 37 33 27
2971 21 30 28 20 119 21 24 26 28 2 33 27
2972 21 36 35 32 54 70 24 29 28 30 33 27
2973 21 30 35 29 75 1 26 28 25 11 33 27
2974 21 32 35 35 79 17 21 26 28 27 33 27
2975 21 33 22 16 77 1 26 20 26 23 33 27
2976 21 27 20 23 87 1 22 18 24 20 33 27
2977 21 40 45 27 149 91 23 24 21 16 33 27
2978 21 34 41 28 63 3 25 26 24 23 33 27
2979 21 29 26 26 82 17 22 20 32 29 33 27
2980 21 29 24 21 53 1 23 42 24 21 33 27
2981 21 36 29 25 84 41 304 21 28 26 33 27
2982 21 27 28 30 116 38 22 30 25 4 33 27
2983 21 27 23 25 83 56 23 26 25 1 33 27
2984 21 26 22 13 95 10 20 28 22 4 33 27
2985 21 28 28 26 123 35 26 27 40 8 33 27
2986 21 29 32 35 113 98 24 17 31 2 33 27
2987 21 27 26 36 75 1 20 31 24 19 33 27
2988 21 29 23 32 156 23 20 30 22 25 33 27
2989 21 30 23 28 70 14 23 40 25 26 33 27
2990 21 40 46 25 101 1 21 18 29 41 33 27
2991 21 32 25 23 106 1 21 31 26 36 33 27
2992 21 28 21 27 220 43 27 35 31 19 32 27
2993 21 35 41 29 98 80 22 28 26 16 33 27
2994 21 31 31 23 64 71 27 20 31 21 33 27
2995 21 35 36 25 77 76 20 28 29 15 33 27
2996 21 31 30 27 103 1 22 18 31 25 33 27
2997 21 34 43 28 135 95 21 29 31 23 33 27
2998 21 30 26 34 113 1 20 33 29 26 33 27
2999 21 31 34 17 78 56 21 23 24 20 33 27
3000 21 38 45 30 116 1 24 17 29 26 33 27
3001 21 27 22 22 71 74 23 31 29 5 33 27
3002 21 27 22 33 176 17 23 32 27 22 33 27
3003 21 28 27 27 88 1 20 32 17 20 33 27
3004 21 23 24 35 53 31 27 29 28 1 33 27
3005 22 35 29 26 86 40 25 23 28 41 33 27
3006 21 30 25 16 63 1 21 21 29 8 33 27
3007 21 27 27 35 224 5 20 25 27 31 33 27
3008 21 34 30 30 205 1 27 30 25 34 33 27
3009 21 32 32 30 49 43 27 37 32 39 33 27
3010 21 36 37 30 104 27 22 27 32 33 33 27
3011 21 27 21 26 56 1 24 25 20 11 33 27
3012 21 30 31 36 73 1 18 45 22 12 33 27
3013 21 34 35 21 75 15 26 21 28 6 33 27
3014 21 34 35 29 119 1 22 19 25 6 33 27
3015 21 34 35 28 52 1 21 21 26 23 33 27
3016 21 38 41 36 72 30 24 30 30 39 33 27
3017 21 36 43 27 240 80 24 24 27 25 33 27
3018 21 28 25 22 69 17 24 27 33 20 33 27
3019 21 35 38 27 218 63 24 21 24 23 33 27
3020 22 34 37 32 77 1 25 20 34 33 34 27
3021 21 31 30 24 104 1 28 28 25 24 33 27
3022 21 32 34 29 137 1 21 28 22 20 33 27
3023 21 32 32 31 235 78 22 23 27 18 33 27
3024 21 32 22 15 52 32 23 17 28 40 33 27
3025 21 27 22 23 65 1 23 37 26 13 33 27
3026 21 24 22 37 69 21 24 29 26 11 33 27
3027 21 33 30 27 109 1 19 30 26 47 33 27
3028 21 33 31 29 148 30 22 27 29 40 33 27
3029 21 29 19 26 81 4 24 31 26 30 33 27
3030 21 31 23 23 49 18 21 31 33 48 33 27
3031 21 31 34 26 104 1 24 16 35 21 33 27
3032 21 33 37 25 122 38 20 15 25 17 33 27
3033 21 27 23 21 55 1 20 17 38 1 33 27
3034 21 37 36 25 83 49 28 47 30 33 33 27
3035 21 38 40 10 79 49 22 28 16 27 33 27
3036 21 32 35 38 49 1 24 33 26 32 33 27
3037 21 31 24 28 66 26 26 36 29 38 33 27
3038 21 42 50 35 56 61 21 24 30 44 33 27
3039 21 33 33 26 128 16 22 35 29 33 33 27
3040 21 29 23 27 73 22 27 31 26 15 33 27
3041 21 30 22 30 40 7 24 29 27 42 33 27
3042 21 28 23 25 95 53 17 27 28 17 33 27
3043 21 30 28 23 95 1 20 44 27 20 33 27
3044 21 25 14 16 64 1 20 1 31 1 32 27
3045 21 34 32 18 60 11 31 26 38 22 33 27
3046 21 34 38 31 59 70 26 24 25 32 33 27
3047 21 32 35 38 54 30 23 1 32 18 33 27
3048 21 29 24 28 94 4 19 29 26 24 33 27
3049 21 31 33 25 62 1 22 30 25 24 33 27
3050 21 32 32 29 64 21 21 32 23 22 33 27
3051 21 31 24 14 83 71 21 27 23 32 33 27
3052 21 30 28 24 58 1 20 21 30 10 33 27
3053 21 34 40 22 121 81 23 17 29 1 33 27
3054 21 28 27 28 131 10 22 15 24 18 33 27
3055 21 32 36 25 183 46 22 20 29 2 33 27
3056 22 27 17 19 55 1 21 24 26 3 33 26
3057 21 36 42 26 161 92 24 22 29 4 33 27
3058 21 27 24 16 55 1 17 22 25 15 33 27
3059 21 35 38 27 79 48 19 19 21 27 33 27
3060 21 32 34 31 59 1 21 35 29 34 33 27
3061 21 28 19 20 57 1 29 37 36 1 33 27
3062 21 36 29 24 53 55 24 29 26 41 33 27
3063 21 27 26 29 87 43 19 46 26 13 33 27
3064 21 35 32 29 182 52 23 31 24 29 33 27
3065 21 34 44 39 109 103 28 27 24 18 33 27
3066 21 34 35 116 75 29 27 18 28 31 33 27
3067 21 32 31 25 124 52 23 32 33 12 33 27
3068 21 33 30 12 131 3 20 18 26 12 33 27
3069 21 30 35 34 53 33 23 35 23 35 33 27
3070 21 32 24 17 52 42 25 23 26 43 33 27
3071 21 27 27 26 92 1 27 32 25 8 33 27
3072 21 40 46 44 92 34 26 38 25 54 33 27
3073 21 38 47 29 73 97 24 25 27 23 33 27
3074 21 31 32 26 86 1 21 24 28 10 33 27
3075 21 30 30 23 82 1 20 26 17 21 33 27
3076 21 40 45 30 114 90 23 25 31 10 33 27
3077 21 31 26 28 98 1 20 23 25 2 33 27
3078 21 29 24 19 55 15 25 17 27 2 33 27
3079 21 26 19 32 64 42 25 33 19 28 33 27
3080 21 31 34 37 98 31 16 30 16 14 33 27
3081 22 26 20 27 49 48 20 27 29 21 33 27
3082 21 26 20 26 76 1 22 22 24 13 33 27
3083 21 32 39 27 77 1 23 1 34 6 33 27
3084 21 24 21 28 160 30 20 20 22 1 33 27
3085 21 30 27 21 52 1 23 30 27 2 33 27
3086 21 30 32 25 156 28 21 13 18 1 33 27
3087 21 34 41 30 103 83 22 22 22 1 33 27
3088 21 31 24 18 93 24 19 26 27 15 33 27
3089 21 32 31 23 79 98 22 22 26 6 33 27
3090 21 36 42 21 73 111 24 14 26 1 33 27
3091 21 31 34 20 107 76 24 24 30 1 33 27
3092 21 30 23 30 109 41 19 29 24 37 33 27
3093 21 30 30 21 58 22 21 24 28 1 33 27
3094 21 24 16 25 94 1 20 29 13 1 33 27
3095 21 24 17 12 61 61 21 19 26 1 33 27
3096 21 31 34 21 62 47 21 24 30 1 33 27
3097 21 28 37 44 132 79 21 23 30 11 33 27
3098 21 30 25 13 81 27 18 21 23 1 32 26
3099 21 33 33 25 71 27 24 31 27 34 33 27
3100 21 31 24 22 118 24 27 17 26 9 33 27
3101 21 26 27 36 69 22 19 17 23 11 33 27
3102 21 33 35 22 112 46 20 23 20 5 33 27
3103 21 36 36 32 68 42 29 22 23 23 33 27
3104 21 30 34 31 395 44 20 26 28 6 33 27
3105 21 36 38 19 55 77 26 17 39 28 33 27
3106 21 37 36 32 54 61 27 32 24 44 33 27
3107 21 31 30 28 101 45 22 27 30 19 33 27
3108 21 29 26 31 42 1 25 5 35 18 33 27
3109 21 37 33 23 101 65 23 10 34 22 33 27
3110 21 66 47 37 171 67 21 24 30 59 33 27
3111 21 30 27 26 92 11 29 23 35 12 33 27
3112 21 36 42 40 56 18 25 30 31 33 33 27
3113 21 31 26 25 71 6 24 24 29 19 33 27
3114 21 33 32 27 109 1 18 31 33 33 33 27
3115 21 32 29 21 104 3 20 32 31 10 33 27
3116 21 31 33 26 56 47 23 25 26 20 33 27
3117 21 29 23 12 143 1 17 27 21 4 33 27
3118 21 30 27 28 112 1 21 29 27 32 33 27
3119 21 35 38 33 67 82 20 12 21 19 33 27
3120 21 29 23 21 56 9 20 23 26 5 33 27
3121 21 34 30 28 53 1 21 38 28 45 33 27
3122 21 29 28 20 69 21 23 21 28 11 33 27
3123 21 28 22 18 83 47 24 24 29 3 33 27
3124 21 32 33 39 78 21 25 41 22 39 33 27
3125 21 35 36 26 60 34 22 20 28 20 33 27
3126 21 37 34 4 72 1 26 19 28 38 33 27
3127 21 30 29 37 109 16 19 23 31 6 33 27
3128 21 29 28 33 158 38 27 32 23 23 33 27
3129 21 39 43 33 58 60 20 31 32 33 33 27
3130 21 29 23 25 92 1 26 16 28 17 33 27
3131 21 33 37 30 273 43 26 23 36 17 33 27
3132 21 34 32 14 206 39 24 1 29 13 33 27
3133 21 30 31 20 60 112 21 15 28 1 33 27
3134 21 32 33 28 52 1 19 28 27 24 33 27
3135 21 30 26 29 79 3 21 45 20 23 33 27
3136 21 32 28 20 96 44 21 32 32 30 33 27
3137 21 30 28 36 75 22 22 38 23 44 33 27
3138 21 33 38 38 90 45 24 22 35 25 33 27
3139 21 28 24 19 65 50 25 30 35 12 33 27
3140 21 32 33 28 103 60 25 30 29 18 33 27
3141 21 28 21 20 50 78 30 24 26 1 33 27
3142 22 32 34 29 114 33 23 31 18 18 33 27
3143 21 50 44 28 97 1 22 35 25 6 33 27
3144 21 28 19 19 53 46 22 27 31 10 33 27
3145 21 26 16 28 72 6 26 32 34 31 33 27
3146 21 32 28 24 97 1 19 18 32 12 33 27
3147 21 30 26 26 202 21 23 23 25 17 33 27
3148 21 33 33 19 92 54 24 23 32 7 33 27
3149 21 31 28 16 65 11 22 22 31 1 32 27
3150 21 37 43 34 105 29 19 24 29 29 33 27
3151 21 23 17 30 130 1 20 25 27 1 33 27
3152 21 30 27 20 93 72 24 27 25 6 33 27
3153 21 31 22 13 75 1 22 20 21 9 33 27
3154 21 34 34 34 91 9 22 28 23 30 33 27
3155 21 33 32 35 948 2 21 32 24 21 33 27
3156 21 25 12 26 49 1 25 39 25 8 33 27
3157 21 37 33 14 151 27 19 24 22 27 33 27
3158 21 34 34 34 91 1 21 37 22 38 33 27
3159 21 27 25 29 124 23 20 16 22 3 33 27
3160 21 25 24 35 97 63 27 37 31 13 33 27
3161 21 29 35 20 90 74 22 29 30 1 33 27
3162 21 33 36 26 54 50 19 43 27 25 33 27
3163 21 34 33 29 71 60 21 25 22 42 33 27
3164 21 38 42 29 126 67 24 36 19 45 33 27
3165 21 31 33 38 64 40 26 37 25 22 33 27
3166 21 29 24 39 231 38 23 4 27 18 33 27
3167 21 33 28 16 109 8 27 1 29 17 33 27
3168 21 32 26 17 146 1 20 33 24 20 33 27
3169 21 31 28 25 126 22 20 16 28 16 33 27
3170 21 35 35 31 80 1 22 33 23 20 33 27
3171 21 27 21 24 116 1 24 24 22 22 33 27
3172 21 24 17 25 69 9 21 16 22 1 33 27
3173 21 29 27 27 85 36 25 18 19 17 33 27
3174 21 29 24 25 53 12 25 39 21 15 33 27
3175 21 34 37 26 128 35 23 22 29 1 33 27
3176 21 36 41 41 158 7 19 1 23 26 33 27
3177 21 31 31 28 150 13 22 26 27 23 33 27
3178 21 34 31 23 63 22 26 37 25 21 33 27
3179 21 27 22 18 145 11 22 17 30 5 33 27
3180 21 29 27 34 85 28 23 38 24 24 33 27
3181 21 42 49 28 65 1 19 25 23 28 33 27
3182 21 35 35 34 57 1 24 32 27 31 33 27
3183 21 31 28 34 138 1 20 31 32 22 33 27
3184 21 33 29 20 116 40 24 27 24 30 33 27
3185 21 30 25 13 57 14 25 24 26 33 33 27
3186 21 35 33 27 180 48 16 23 21 32 33 27
3187 21 30 32 38 208 1 22 34 27 33 33 27
3188 21 31 29 23 51 29 24 24 26 18 33 27
3189 21 40 44 20 96 61 17 28 27 31 33 27
3190 21 33 31 32 68 13 23 33 24 31 33 27
3191 21 29 40 43 107 1 22 27 25 16 33 27
3192 21 21 11 20 68 1 21 21 25 1 33 27
3193 21 36 44 32 283 87 22 33 34 37 33 27
3194 21 37 35 10 102 52 25 26 31 34 33 27
3195 21 34 33 32 67 58 21 27 28 25 33 27
3196 21 34 39 35 85 26 27 28 27 35 33 27
3197 21 35 32 30 45 54 27 33 31 51 33 27
3198 21 28 27 34 72 70 12 21 26 7 33 27
3199 21 30 27 20 71 19 21 23 26 21 33 27
3200 21 39 41 33 103 64 30 38 35 43 34 27
3201 21 35 36 27 54 3 26 27 25 27 33 27
3202 21 37 41 32 60 46 24 39 29 32 33 27
3203 21 26 17 22 113 4 21 19 30 11 33 27
3204 21 25 22 34 105 100 21 20 22 1 33 27
3205 21 35 35 30 48 38 23 21 27 26 33 27
3206 21 35 45 44 84 1 19 27 27 14 33 27
3207 21 34 35 22 136 68 18 28 27 6 33 27
3208 21 36 42 24 98 1 22 30 25 17 33 27
3209 21 32 26 28 58 81 20 22 27 16 32 27
3210 21 33 32 27 94 87 24 24 25 23 33 27
3211 21 34 38 32 182 50 18 28 34 13 33 27
3212 21 31 35 31 106 52 23 28 28 8 33 27
3213 21 34 29 18 75 2 26 14 31 30 33 27
3214 21 29 28 32 70 70 21 20 22 1 33 27
3215 21 31 31 33 133 1 17 36 28 28 33 27
3216 21 29 28 30 59 1 20 23 28 23 33 27
3217 21 30 35 26 67 11 24 28 23 21 33 27
3218 21 31 25 20 65 42 23 23 31 27 33 27
3219 21 39 44 32 125 1 22 30 26 31 33 27
3220 21 30 33 37 92 54 29 24 24 14 33 27
3221 21 28 21 26 46 24 24 19 26 22 33 27
3222 21 32 24 27 104 1 19 21 26 30 33 27
3223 21 29 23 27 70 1 25 30 29 9 33 27
3224 21 32 32 33 108 5 23 30 22 34 33 27
3225 21 31 23 26 90 20 23 1 26 29 33 27
3226 21 33 34 21 113 39 18 24 32 29 33 27
3227 21 32 23 1 62 17 20 23 28 24 33 27
3228 21 30 16 15 52 52 23 29 26 16 33 27
3229 21 32 32 36 49 3 22 29 22 37 33 27
3230 21 30 30 24 65 1 27 26 27 23 33 27
3231 21 31 24 28 46 1 23 34 31 40 33 27
3232 21 29 26 20 45 3 21 27 24 11 33 27
3233 21 34 34 25 115 1 26 25 29 27 33 27
3234 21 28 21 35 58 23 27 31 26 2 33 27
3235 21 29 21 27 60 52 23 30 26 28 33 27
3236 21 33 39 41 69 1 17 29 24 27 33 27
3237 21 33 27 20 111 19 25 22 24 38 33 27
3238 21 30 29 27 70 61 25 33 30 13 33 27
3239 21 28 21 19 70 34 25 28 27 17 33 27
3240 21 31 30 31 48 59 27 29 32 26 33 27
3241 21 27 20 25 70 47 19 14 19 9 33 27
3242 21 29 25 24 52 78 23 27 32 6 33 27
3243 21 32 34 25 91 14 19 19 24 22 33 27
3244 21 37 29 15 45 16 24 26 26 43 33 27
3245 21 30 27 23 47 1 27 28 30 32 33 27
3246 21 30 27 33 54 6 23 27 21 21 33 27
3247 21 28 26 32 98 1 21 27 24 20 33 27
3248 21 28 24 33 42 1 25 32 25 15 33 27
3249 21 41 40 17 99 56 21 29 32 33 33 27
3250 21 29 16 14 302 1 20 32 36 18 33 27
3251 21 34 33 22 173 1 25 31 30 7 33 27
3252 21 28 21 24 83 11 21 27 31 3 33 27
3253 21 29 23 17 53 7 20 22 34 17 33 27
3254 21 38 39 30 78 9 22 25 22 38 33 27
3255 21 23 18 32 65 1 23 26 31 14 33 27
3256 21 33 43 39 61 39 18 15 26 22 33 27
3257 21 32 34 22 89 26 23 20 30 8 33 27
3258 21 37 41 30 100 1 22 23 25 28 33 27
3259 21 30 26 30 162 1 23 27 34 32 33 27
3260 21 25 24 21 93 62 23 27 28 2 33 27
3261 21 39 42 21 252 13 22 27 26 14 33 27
3262 21 29 22 14 162 60 22 16 26 2 33 27
3263 21 34 28 26 58 35 23 15 27 29 33 27
3264 21 21 16 26 111 1 22 41 26 15 33 27
3265 21 31 28 18 63 1 16 31 24 12 32 26
3266 21 31 28 16 114 50 29 20 26 1 33 27
3267 21 29 32 38 130 1 20 14 24 17 33 27
3268 21 34 37 31 87 45 27 32 29 35 33 27
3269 21 35 37 29 85 1 24 25 23 22 33 27
3270 21 34 28 25 138 1 21 37 21 36 33 27
3271 21 29 19 27 170 1 24 35 17 40 33 27
3272 21 29 29 26 58 32 24 22 23 13 33 27
3273 21 36 30 3 79 24 20 28 19 18 33 27
3274 21 36 37 28 191 60 21 16 31 18 33 27
3275 21 26 26 28 208 15 19 24 21 17 33 27
3276 22 32 25 21 75 34 18 24 26 22 33 27
3277 21 29 24 18 60 31 22 21 27 5 33 27
3278 21 37 43 21 142 37 26 29 25 1 33 27
3279 22 32 34 26 61 1 24 27 31 29 33 27
3280 21 31 26 27 94 11 18 23 27 17 33 27
3281 21 36 37 26 90 83 20 28 20 31 33 27
3282 21 38 38 26 65 59 24 30 30 20 33 27
3283 21 32 32 39 49 1 21 25 23 38 33 27
3284 21 34 38 20 65 86 20 28 31 18 33 27
3285 21 33 31 28 84 13 27 19 29 17 33 27
3286 21 31 31 17 96 1 24 27 20 1 33 27
3287 21 35 31 19 82 48 29 31 26 33 33 27
3288 21 37 42 36 88 20 20 21 26 43 33 27
3289 21 32 25 20 61 37 24 28 29 15 33 27
3290 21 33 31 26 190 26 21 23 26 23 33 27
3291 21 38 39 22 265 55 23 30 22 33 33 27
3292 21 34 34 34 57 9 24 16 25 18 33 27
3293 21 41 40 27 96 59 24 30 31 48 33 27
3294 21 36 32 29 58 47 22 22 28 32 33 27
3295 21 34 28 21 141 3 25 16 28 42 33 27
3296 21 30 29 30 101 1 22 29 22 23 33 27
3297 21 28 28 35 51 2 25 38 30 11 33 27
3298 21 31 25 13 107 6 24 21 29 16 33 27
3299 21 29 26 24 57 22 18 24 25 4 33 27
3300 21 28 29 33 93 15 25 1 34 3 33 27
3301 21 34 28 21 58 11 24 24 27 26 33 27
3302 21 29 32 33 80 53 20 12 33 7 33 27
3303 21 28 28 31 63 44 23 31 26 23 33 27
3304 21 26 19 25 50 20 24 21 34 12 33 27
3305 21 29 25 27 42 75 24 41 24 17 33 27
3306 21 30 22 15 137 12 21 33 24 16 33 27
3307 21 27 27 40 48 31 23 21 31 12 33 27
3308 21 29 31 25 148 50 24 21 32 19 33 27
3309 21 31 29 29 120 16 21 33 31 36 33 27
3310 21 34 35 35 98 59 20 28 24 39 33 27
3311 21 28 27 35 80 38 21 32 29 25 33 27
3312 21 35 46 39 64 33 24 12 30 8 33 27
3313 21 26 20 27 39 1 20 30 17 17 33 27
3314 21 28 37 34 94 39 22 28 24 1 33 27
3315 21 34 27 29 44 7 21 30 23 43 33 27
3316 21 28 20 19 88 8 23 31 28 16 33 27
3317 21 29 18 11 57 1 24 26 25 23 33 27
3318 21 32 26 21 69 1 25 1 31 21 33 27
3319 21 31 31 31 53 16 21 32 24 21 33 27
3320 21 32 30 22 65 11 22 24 23 25 33 27
3321 21 26 6 9 75 1 17 28 21 3 33 27
3322 21 30 26 34 93 20 23 32 28 35 33 27
3323 21 37 34 23 101 1 22 33 18 29 33 27
3324 21 33 32 23 102 1 23 25 23 7 33 27
3325 21 32 31 20 76 23 21 20 15 5 33 27
3326 21 27 17 26 47 23 19 30 27 24 32 26
3327 21 34 39 22 108 80 25 20 29 2 33 27
3328 21 29 25 17 55 11 22 22 27 4 33 27
3329 21 31 33 30 54 1 20 24 24 28 33 27
3330 21 38 45 30 88 56 26 25 33 28 33 27
3331 21 32 28 27 52 1 27 25 31 31 33 27
3332 22 25 23 23 107 1 20 28 25 6 33 27
3333 21 28 31 35 46 1 24 31 31 17 33 27
3334 21 29 31 28 102 32 22 45 26 2 33 27
3335 21 36 36 20 134 1 19 23 29 19 33 27
3336 21 35 36 26 54 103 23 24 21 17 33 27
3337 21 32 33 27 48 1 17 28 28 16 33 27
3338 21 33 31 25 83 45 19 26 21 35 33 27
3339 21 29 29 14 107 1 19 34 21 22 33 27
3340 21 32 25 15 153 1 21 14 19 15 33 27
3341 21 35 33 33 88 20 18 31 30 38 33 27
3342 21 29 20 21 115 26 21 26 26 19 33 27
3343 21 35 33 22 684 83 21 19 22 6 33 27
3344 21 33 27 11 103 13 19 14 19 26 33 27
3345 21 32 30 19 84 48 23 23 24 11 33 27
3346 21 26 18 22 67 36 24 29 25 17 33 27
3347 21 34 38 39 55 27 26 33 33 34 33 27
3348 21 27 19 18 81 21 26 25 34 22 33 27
3349 21 31 21 18 104 15 26 26 32 30 33 27
3350 21 33 36 39 76 1 22 29 28 44 33 27
3351 22 31 22 26 72 1 22 40 26 42 34 27
3352 21 20 9 28 120 1 16 26 22 1 33 27
3353 21 33 26 32 87 21 20 33 24 28 33 27
3354 21 30 30 24 49 11 23 28 25 34 33 27
3355 21 28 23 25 93 53 22 30 25 10 33 27
3356 21 34 41 31 156 98 17 21 29 20 33 27
3357 21 33 33 34 286 1 22 32 31 35 33 27
3358 21 25 20 23 93 1 21 42 27 6 33 27
3359 21 32 38 31 63 64 23 32 29 25 33 27
3360 21 36 38 35 51 11 24 31 21 40 33 27
3361 21 29 17 26 118 8 22 26 31 26 33 27
3362 21 34 30 28 143 32 20 32 25 38 33 27
3363 21 29 24 20 58 1 20 25 24 6 33 27
3364 21 32 23 13 65 23 26 26 31 15 33 27
3365 21 28 26 30 75 33 18 36 20 2 33 27
3366 21 28 25 29 45 23 23 31 28 24 33 27
3367 21 31 31 32 157 1 24 23 25 10 33 27
3368 21 31 25 22 95 59 22 23 22 7 33 27
3369 21 40 42 18 84 1 25 21 21 33 33 27
3370 21 36 35 21 58 70 21 13 30 27 33 27
3371 21 31 30 21 64 58 22 43 23 36 33 27
3372 21 30 37 35 152 116 18 21 31 1 33 27
3373 21 30 38 30 55 72 16 30 23 21 33 27
3374 21 29 31 36 45 31 29 29 28 15 33 27
3375 21 29 32 30 275 1 18 34 21 1 33 27
3376 21 34 34 32 54 1 24 30 27 31 33 27
3377 21 28 21 9 141 5 23 27 26 1 33 27
3378 21 29 27 23 121 1 23 27 21 4 33 27
3379 21 39 43 21 137 57 21 20 27 34 33 27
3380 21 27 33 44 52 56 19 32 28 16 33 27
3381 21 33 28 26 56 1 24 33 25 43 33 27
3382 21 32 29 18 109 36 24 13 26 1 32 27
3383 21 37 41 27 159 82 20 18 26 26 33 27
3384 21 34 30 28 71 73 25 23 29 26 33 27
3385 21 34 33 36 59 1 21 29 25 44 33 27
3386 21 33 29 24 118 21 26 26 33 7 33 27
3387 21 29 22 15 84 27 24 25 28 1 33 27
3388 22 37 39 28 105 1 22 34 29 39 33 27
3389 21 34 34 259 88 6 21 29 31 17 33 27
3390 21 29 22 26 129 48 23 38 23 22 33 27
3391 21 31 30 35 43 20 28 35 24 47 33 27
3392 21 24 22 27 52 40 21 31 24 10 33 27
3393 21 36 33 22 124 37 24 27 23 30 33 27
3394 21 27 14 17 109 53 25 20 27 18 33 27
3395 21 32 32 32 127 1 24 30 27 30 33 27
3396 21 39 39 27 78 67 21 24 28 28 33 27
3397 21 29 26 24 74 20 24 28 25 14 33 27
3398 22 27 35 44 97 51 20 21 27 1 32 27
3399 21 27 30 32 72 60 18 1 25 21 33 27
3400 21 36 37 21 67 45 25 44 30 24 33 27
3401 21 27 18 12 59 1 21 15 29 1 33 27
3402 21 27 30 37 98 1 19 31 23 24 33 27
3403 21 30 23 18 77 25 24 18 24 20 33 27
3404 21 30 31 23 57 84 24 20 28 1 33 27
3405 21 28 26 26 91 4 20 20 31 6 33 27
3406 21 31 31 40 36 17 21 27 29 41 33 27
3407 21 30 36 42 108 64 25 31 25 15 33 27
3408 21 25 26 36 73 3 21 35 25 13 33 27
3409 21 29 27 31 63 55 23 36 19 20 33 27
3410 21 28 25 23 65 23 20 23 31 10 33 27
3411 21 24 17 23 86 14 25 16 22 4 33 27
3412 21 27 19 29 82 1 21 31 27 32 33 27
3413 21 29 23 24 103 90 23 23 31 5 33 27
3414 21 32 36 27 180 59 19 25 21 15 33 27
3415 21 31 29 28 53 1 22 30 32 25 33 27
3416 21 30 27 32 116 1 22 32 26 37 33 27
3417 21 29 25 21 121 1 19 17 33 5 33 27
3418 21 27 17 18 56 1 21 22 31 16 33 27
3419 21 28 24 27 53 46 21 19 20 15 33 27
3420 21 35 43 24 97 77 28 27 27 1 33 27
3421 21 31 34 32 98 36 26 19 31 4 33 27
3422 21 30 23 29 64 1 21 32 22 43 33 27
3423 21 35 24 9 53 1 23 35 29 29 33 27
3424 21 26 13 19 146 31 22 30 30 2 33 27
3425 21 30 30 27 55 62 27 22 27 32 33 27
3426 21 31 27 21 43 14 26 30 33 23 33 27
3427 21 30 25 35 40 42 21 1 33 23 33 27
3428 21 34 40 26 178 109 19 24 30 1 32 27
3429 21 33 32 28 52 26 20 19 24 23 33 27
3430 21 27 17 23 51 10 21 22 25 26 33 27
3431 21 33 34 28 123 73 23 18 29 23 33 27
3432 21 38 41 30 59 1 16 28 25 22 33 27
3433 21 29 31 21 87 95 21 20 32 1 33 27
3434 21 32 29 22 70 33 16 21 22 3 33 27
3435 21 32 33 34 111 14 23 33 29 39 33 27
3436 21 35 39 31 92 63 19 27 24 27 33 27
3437 21 25 24 30 105 1 24 25 31 17 33 27
3438 21 36 38 30 230 50 25 26 21 32 33 27
3439 21 28 23 29 120 79 24 21 16 1 33 27
3440 21 30 28 30 116 4 23 28 23 41 33 27
3441 21 28 19 15 121 1 18 22 24 1 32 27
3442 21 33 38 34 78 23 22 28 34 21 33 27
3443 21 33 31 39 102 1 22 32 25 43 33 27
3444 21 30 31 20 112 86 21 19 25 1 33 27
3445 21 31 34 17 147 1 22 22 22 1 33 27
3446 21 31 29 26 56 33 27 33 30 19 33 27
3447 21 33 34 36 58 65 25 33 28 21 33 27
3448 21 35 42 39 84 32 25 27 24 24 33 27
3449 21 26 23 27 101 1 21 23 24 1 33 27
3450 21 32 34 29 74 76 22 28 19 27 33 27
3451 21 35 41 32 61 46 25 19 29 25 33 27
3452 21 34 37 36 98 68 23 18 24 17 33 27
3453 21 26 16 21 74 1 26 19 26 16 33 27
3454 21 31 28 27 54 1 20 33 28 23 33 27
3455 21 28 17 20 60 74 21 22 32 11 33 27
3456 21 32 34 33 55 18 24 26 27 12 33 27
3457 21 34 40 33 106 104 24 21 31 2 33 27
3458 21 34 30 22 58 1 25 21 26 22 33 27
3459 21 34 32 27 96 19 26 31 28 25 33 27
3460 21 24 16 20 76 1 23 27 29 1 33 27
3461 21 37 42 24 77 57 23 23 26 35 33 27
3462 21 37 40 29 83 69 27 33 32 28 33 27
3463 21 30 23 23 75 27 22 33 32 20 33 27
3464 21 29 26 29 126 33 21 18 31 19 33 27
3465 21 36 31 23 104 1 20 24 28 19 33 27
3466 21 27 22 18 132 6 24 26 32 1 33 27
3467 21 31 32 22 318 30 19 24 29 1 33 27
3468 21 31 31 18 131 26 21 18 27 1 33 27
3469 21 31 35 28 115 1 22 25 27 5 33 27
3470 21 39 44 33 94 56 27 31 27 35 33 27
3471 21 41 48 30 68 27 28 24 28 19 33 27
3472 21 33 28 30 86 1 23 26 22 34 33 27
3473 21 35 36 38 50 29 26 32 28 44 33 27
3474 21 28 28 30 71 12 18 19 24 20 33 27
3475 21 34 28 12 121 21 28 38 31 25 33 27
3476 21 31 31 27 101 5 27 34 26 27 33 27
3477 21 32 37 39 91 1 21 32 20 18 33 27
3478 21 35 28 17 108 76 23 24 24 21 33 27
3479 21 25 21 26 77 5 17 28 29 17 33 27
3480 21 32 32 33 94 16 23 26 39 28 33 27
3481 21 36 29 21 76 53 24 29 29 36 33 27
3482 21 28 22 27 93 9 28 26 22 17 33 27
3483 21 30 21 17 62 40 20 16 25 22 33 27
3484 21 27 27 33 76 32 26 32 26 19 33 27
3485 21 23 14 29 105 9 21 29 27 12 33 27
3486 21 33 35 38 90 20 23 27 31 24 33 27
3487 21 36 30 10 119 33 19 28 29 18 33 27
3488 21 33 35 21 158 25 19 25 31 1 33 27
3489 21 31 34 24 79 71 22 23 32 14 33 27
3490 21 24 20 28 77 1 21 25 25 2 33 27
3491 21 38 40 25 81 1 22 30 25 38 33 27
3492 21 34 37 35 99 1 23 28 23 45 33 27
3493 21 27 18 25 85 5 20 36 25 24 33 27
3494 21 30 31 35 107 1 22 28 28 24 33 27
3495 21 31 29 18 67 1 23 28 30 8 33 27
3496 21 32 29 21 78 43 22 20 28 13 33 27
3497 21 31 30 34 83 17 23 24 25 34 33 27
3498 21 25 16 24 79 22 26 22 24 7 33 27
3499 21 33 29 22 92 71 25 20 27 27 33 27
3500 21 31 21 25 57 25 23 29 27 34 33 27
3501 21 32 37 30 208 1 21 27 30 1 33 27
3502 21 26 15 21 45 35 24 25 23 26 33 27
3503 21 36 33 26 113 52 28 26 28 25 33 27
3504 21 35 34 21 61 37 20 37 24 26 33 27
3505 21 37 41 30 130 1 26 20 26 25 33 27
3506 21 31 28 18 320 33 18 23 28 1 33 27
3507 21 33 27 21 179 12 20 24 19 16 33 27
3508 21 25 20 31 86 47 22 31 27 20 33 27
3509 21 35 37 24 111 18 20 20 21 25 33 27
3510 21 27 23 21 151 84 20 25 30 5 33 27
3511 21 34 35 39 153 28 23 34 18 38 33 27
3512 21 35 38 36 51 43 26 31 30 37 33 27
3513 21 28 15 15 52 1 22 22 26 10 33 27
3514 21 39 40 24 86 40 21 17 29 22 32 27
3515 21 30 25 27 94 36 18 27 19 10 33 27
3516 21 28 30 34 73 44 23 33 23 23 33 27
3517 21 33 33 36 79 1 22 31 25 35 33 27
3518 21 32 30 14 74 38 17 20 29 1 33 27
3519 21 29 23 14 56 21 23 23 26 2 33 27
3520 21 34 33 22 136 12 22 21 23 33 33 27
3521 21 30 33 25 114 83 21 23 33 28 33 27
3522 21 31 26 29 59 1 18 20 22 30 33 27
3523 21 33 42 30 68 105 23 33 27 17 33 27
3524 21 30 33 32 89 1 21 35 20 17 33 27
3525 21 32 26 20 88 1 16 28 15 15 33 27
3526 21 22 17 21 53 14 20 23 21 1 33 27
3527 21 33 37 28 95 17 21 21 24 17 33 27
3528 21 32 31 25 137 1 25 32 25 9 33 27
3529 21 28 28 35 44 71 25 24 33 18 33 27
3530 21 32 40 49 89 98 19 17 28 9 33 27
3531 21 35 37 24 104 42 23 16 28 19 33 27
3532 21 25 18 24 124 50 26 12 26 20 33 27
3533 21 32 37 28 53 72 21 26 30 10 33 27
3534 21 40 47 32 86 29 20 21 22 14 33 27
3535 21 31 30 36 109 49 24 21 33 19 33 27
3536 21 34 34 30 52 57 22 29 25 25 33 27
3537 21 30 31 39 52 26 22 28 23 33 33 27
3538 21 26 21 27 99 34 27 30 32 18 33 27
3539 21 30 25 32 100 25 20 14 17 6 33 27
3540 21 26 20 27 88 1 26 31 21 15 33 27
3541 21 29 24 20 95 17 22 30 23 30 33 27
3542 21 27 35 38 54 67 20 33 27 4 33 27
3543 21 39 46 29 116 73 25 21 29 34 33 27
3544 21 29 33 30 58 1 24 1 31 19 33 27
3545 21 32 34 26 71 1 21 23 21 25 33 27
3546 21 36 39 29 67 1 18 24 27 27 33 27
3547 21 24 17 25 114 1 23 26 22 5 33 27
3548 21 32 36 42 78 46 20 33 30 39 33 27
3549 21 33 35 18 202 18 21 14 25 1 33 27
3550 21 38 37 19 81 1 26 32 35 34 33 27
3551 21 38 38 27 231 4 28 25 35 30 33 27
3552 21 30 31 34 82 47 22 23 26 18 33 27
3553 22 35 40 32 97 41 21 19 25 26 33 27
3554 21 33 42 39 134 46 20 26 26 24 33 27
3555 21 34 33 28 128 1 21 34 24 29 33 27
3556 21 35 25 18 161 1 26 35 23 33 33 27
3557 21 37 39 29 73 103 25 26 30 27 33 27
3558 21 33 33 37 44 1 24 34 25 31 33 27
3559 21 28 23 15 149 1 27 21 27 1 33 27
3560 21 27 20 16 77 42 23 20 30 4 33 27
3561 21 33 27 12 121 15 23 1 28 27 33 27
3562 21 31 34 43 75 30 25 30 27 37 33 27
3563 21 36 38 27 62 2 23 33 31 16 33 27
3564 21 40 41 24 61 44 19 1 29 28 33 27
3565 21 28 26 26 45 30 22 27 29 18 33 27
3566 21 31 22 11 48 15 21 22 22 21 33 27
3567 21 32 31 28 99 98 21 29 25 20 33 27
3568 21 37 42 20 87 17 26 25 23 28 33 27
3569 21 33 32 34 115 1 23 29 25 26 33 27
3570 21 32 32 19 65 1 16 25 33 1 33 27
3571 21 35 31 23 81 12 23 23 22 21 33 27
3572 21 29 20 24 45 13 28 39 27 15 33 27
3573 21 37 38 17 66 58 15 26 23 10 33 27
3574 21 31 28 28 51 29 25 25 21 21 33 27
3575 21 29 32 35 73 45 22 26 24 12 33 27
3576 21 31 27 18 109 1 20 24 33 15 33 27
3577 21 29 31 34 89 17 25 27 28 6 33 27
3578 21 25 18 29 131 41 26 31 26 1 33 27
3579 21 25 13 16 106 1 23 29 31 5 33 27
3580 21 26 17 25 91 1 24 31 25 29 33 27
3581 21 31 32 30 76 60 26 32 26 13 33 27
3582 21 37 40 29 112 20 24 33 26 32 33 27
3583 21 30 35 31 86 1 24 20 24 14 33 27
3584 21 40 44 24 114 62 20 16 23 31 33 27
3585 21 33 32 21 79 17 22 17 31 1 33 27
3586 21 34 35 33 74 1 25 35 32 32 33 27
3587 21 28 28 22 78 1 19 23 26 4 33 27
3588 21 34 38 32 79 64 19 30 24 33 33 27
3589 21 31 34 31 86 46 19 29 17 21 33 27
3590 21 30 27 25 93 31 27 30 35 24 33 27
3591 21 32 39 43 121 1 20 20 39 25 33 27
3592 21 29 36 35 144 1 19 34 28 1 33 27
3593 21 30 25 10 99 29 18 26 27 1 33 27
3594 21 34 42 29 87 46 26 16 29 14 33 27
3595 21 34 37 20 115 24 28 24 23 14 33 27
3596 21 33 32 17 55 122 22 15 27 1 33 27
3597 22 33 33 29 112 1 23 36 29 35 33 27
3598 21 31 34 24 155 18 20 23 26 1 33 27
3599 21 25 19 24 103 1 19 26 18 1 33 27
3600 21 31 31 29 120 22 19 28 20 24 33 27
3601 21 31 26 19 68 42 21 23 26 15 33 27
3602 21 32 34 26 91 44 19 31 26 32 33 27
3603 21 23 10 17 74 35 18 23 25 1 33 27
3604 21 32 35 26 58 26 25 26 26 21 33 27
3605 21 33 34 35 77 36 22 1 29 29 33 27
3606 21 26 21 37 47 18 21 29 32 2 33 27
3607 21 32 29 35 91 47 17 31 30 41 33 27
3608 21 30 24 24 85 48 22 32 29 17 33 27
3609 21 30 24 22 51 14 24 30 27 28 33 27
3610 21 34 34 29 88 7 24 30 23 28 33 27
3611 21 31 31 27 87 1 23 29 27 28 33 27
3612 21 32 27 32 138 7 20 28 26 32 33 27
3613 21 29 32 35 528 4 20 16 24 18 33 27
3614 21 26 19 26 54 4 20 24 34 29 33 27
3615 21 33 43 36 60 1 21 29 41 1 33 27
3616 21 28 22 28 86 1 23 24 23 17 32 27
3617 22 33 37 21 85 97 23 30 26 11 33 27
3618 21 38 42 29 96 71 26 14 26 27 33 27
3619 21 29 30 29 62 25 23 23 24 19 33 27
3620 21 30 23 3 65 9 23 44 22 24 33 27
3621 21 35 37 31 100 1 23 36 36 36 33 27
3622 21 33 38 28 49 70 26 43 30 26 33 27
3623 21 25 25 38 46 4 23 32 28 17 33 27
3624 21 31 26 25 69 1 23 34 25 38 33 27
3625 21 31 30 27 97 22 21 18 28 18 33 27
3626 21 26 19 26 45 9 20 29 22 22 32 27
3627 21 36 39 21 263 43 20 26 31 31 33 27
3628 21 34 38 30 132 33 23 29 30 34 33 27
3629 21 36 41 29 128 29 20 1 21 30 33 27
3630 21 31 36 34 71 33 23 42 20 21 33 27
3631 21 32 22 12 50 40 21 24 22 27 33 27
3632 21 29 22 29 61 7 24 34 25 33 33 27
3633 21 30 34 35 114 12 26 27 30 19 33 27
3634 21 33 37 27 67 89 24 28 22 1 33 27
3635 21 33 29 21 60 1 24 19 35 31 33 27
3636 21 29 21 29 126 10 21 34 22 38 33 27
3637 21 29 22 17 104 1 24 19 28 14 33 27
3638 33 42 40 48 161 1 41 36 52 39 49 42
3639 21 22 12 22 130 1 19 28 24 11 33 27
3640 21 30 31 24 119 4 23 21 29 1 33 27
3641 21 30 27 28 125 1 23 15 28 16 33 27
3642 21 30 26 29 116 44 23 35 25 38 33 27
3643 21 37 44 24 76 46 22 25 32 33 33 27
3644 21 29 27 31 80 1 19 25 27 1 33 27
3645 21 28 29 29 101 19 23 16 27 15 33 27
3646 21 32 32 28 150 70 20 28 25 22 33 27
3647 21 25 16 19 81 15 22 31 20 1 33 27
3648 21 27 25 31 63 21 26 22 20 21 33 27
3649 21 29 32 35 97 1 20 26 26 27 33 27
3650 21 27 34 38 66 34 25 22 19 1 33 27
3651 21 31 22 5 119 15 22 23 28 8 33 27
3652 21 30 25 29 152 32 21 24 24 23 33 27
3653 21 26 21 15 126 5 22 32 26 14 33 27
3654 21 32 25 18 100 1 20 29 17 28 33 27
3655 21 28 23 19 49 42 28 21 30 7 33 27
3656 21 29 33 35 145 1 22 20 29 1 33 27
3657 21 37 36 27 82 49 20 19 19 27 33 27
3658 22 30 23 17 97 28 23 17 26 1 33 27
3659 21 28 24 31 65 1 22 28 26 28 33 27
3660 21 37 41 34 82 107 25 29 28 30 33 27
3661 21 34 36 38 52 1 21 33 34 36 33 27
3662 21 36 36 33 102 1 22 44 28 46 33 27
3663 21 29 28 25 59 40 21 21 26 6 33 27
3664 21 33 28 15 116 1 23 36 27 36 33 27
3665 21 35 39 39 86 1 20 32 22 39 33 27
3666 21 39 36 22 83 22 25 26 29 17 33 27
3667 21 29 31 30 151 1 21 27 29 4 33 27
3668 21 33 33 22 213 108 22 21 27 8 33 27
3669 21 30 26 18 105 4 23 23 27 17 33 27
3670 21 32 22 21 55 1 24 22 27 38 33 27
3671 21 24 17 30 104 27 21 37 20 16 33 27
3672 21 33 29 23 56 28 22 18 22 22 33 27
3673 21 28 24 22 59 12 27 22 27 29 33 27
3674 21 40 33 11 169 1 23 25 26 42 33 27
3675 21 32 34 19 93 5 19 33 23 7 33 27
3676 21 31 25 14 81 1 22 19 26 1 33 27
3677 21 34 35 21 61 42 17 35 21 18 33 27
3678 21 32 27 13 87 1 18 1 30 16 33 27
3679 21 28 30 32 201 41 21 18 24 7 33 27
3680 21 32 29 19 61 1 21 26 26 20 33 27
3681 21 30 22 23 136 2 21 22 28 12 33 27
3682 21 32 39 38 85 66 22 40 20 1 33 27
3683 21 37 48 39 141 1 23 33 29 32 33 27
3684 21 30 32 26 86 65 20 24 29 1 33 27
3685 21 35 29 15 327 1 19 24 23 21 33 27
3686 21 32 25 21 71 63 23 21 23 2 33 27
3687 21 27 23 24 75 1 21 21 25 1 33 27
3688 21 26 23 20 180 1 25 25 29 8 33 27
3689 21 29 27 25 191 1 20 33 28 25 33 27
3690 21 35 30 29 90 42 23 31 27 25 33 27
3691 21 29 22 28 164 1 17 36 27 32 33 27
3692 21 32 28 34 87 1 21 24 21 34 33 27
3693 21 31 24 18 202 25 26 24 33 22 33 27
3694 22 38 40 25 116 33 25 26 28 33 33 27
3695 21 26 23 28 59 72 23 21 23 1 32 27
3696 21 29 22 11 88 17 23 22 30 2 33 27
3697 21 36 35 23 99 1 24 28 26 1 33 27
3698 21 36 43 32 82 56 25 32 30 21 33 27
3699 21 28 26 25 134 48 27 18 28 2 33 27
3700 21 27 24 40 75 1 23 27 29 1 33 27
3701 21 32 27 26 51 1 23 36 37 34 33 27
3702 21 29 23 21 82 25 22 26 22 1 33 27
3703 21 32 35 29 48 59 23 21 30 17 33 27
3704 21 30 27 26 106 1 23 26 23 11 33 27
3705 21 30 17 20 189 1 22 34 23 27 33 27
3706 21 24 19 31 68 24 19 22 31 1 33 27
3707 21 31 35 32 55 6 21 30 26 31 33 27
3708 21 31 27 20 59 40 19 22 22 1 32 27
3709 21 27 25 13 75 1 22 22 22 1 33 27
3710 21 36 33 17 77 114 24 20 27 1 32 27
3711 21 34 34 20 71 41 21 22 17 1 33 27
3712 21 26 20 27 58 1 24 23 33 15 33 27
3713 21 33 31 25 65 1 22 31 20 21 33 27
3714 21 29 24 26 192 21 26 29 31 23 33 27
3715 21 30 36 37 53 52 19 1 31 1 33 27
3716 21 39 41 32 118 1 22 30 38 42 33 27
3717 21 28 22 29 88 1 28 36 30 40 33 27
3718 21 33 33 26 94 4 23 27 33 23 33 27
3719 21 31 26 25 64 27 20 21 23 1 33 27
3720 22 39 44 37 105 75 25 32 33 28 33 27
3721 21 25 19 24 61 1 21 25 29 24 33 27
3722 21 32 34 25 124 64 17 31 22 8 33 27
3723 21 38 40 25 553 29 21 19 48 41 33 27
3724 21 29 22 26 170 1 22 27 24 32 33 27
3725 21 31 25 21 77 29 23 31 24 22 33 27
3726 21 33 40 28 83 79 24 28 27 1 33 27
3727 21 36 32 22 93 75 25 23 34 11 33 27
3728 21 29 25 23 123 19 20 21 202 5 33 27
3729 21 36 33 25 112 13 23 30 27 30 33 27
3730 21 32 36 24 127 77 21 20 27 1 32 27
3731 21 31 19 20 49 1 24 33 25 30 33 27
3732 21 30 26 20 80 1 17 41 26 10 33 27
3733 21 34 34 31 56 1 20 28 17 38 33 27
3734 21 36 44 26 66 53 21 21 27 11 33 27
3735 21 33 27 12 114 8 21 26 22 1 32 27
3736 21 28 17 21 64 1 22 1 29 30 33 27
3737 21 29 30 25 80 46 18 30 17 10 33 27
3738 21 24 12 20 53 5 21 19 28 4 33 27
3739 21 26 19 15 59 26 22 27 23 1 33 27
3740 21 30 29 14 153 20 26 14 31 1 33 27
3741 21 36 36 20 108 10 20 24 23 1 33 26
3742 21 31 24 19 134 1 26 6 28 21 33 27
3743 21 29 27 20 59 1 23 28 39 17 33 27
3744 21 34 28 19 69 1 26 28 27 32 33 27
3745 21 32 29 23 111 1 23 28 29 24 33 27
3746 21 30 28 31 81 45 26 30 28 32 33 27
3747 21 27 17 23 50 21 23 36 25 9 33 27
3748 21 31 33 18 63 27 21 17 27 1 32 27
3749 22 30 34 29 154 32 23 25 28 13 33 27
3750 21 27 23 16 74 4 21 25 28 1 33 27
3751 21 35 36 20 230 41 22 21 26 9 33 27
3752 21 38 40 22 55 14 23 25 34 40 33 27
3753 21 31 20 18 83 1 24 22 25 18 33 27
3754 21 33 24 29 512 1 22 38 26 40 33 27
3755 21 32 31 36 176 1 23 35 25 40 33 27
3756 21 33 34 29 69 1 22 25 31 24 33 27
3757 21 30 30 29 58 1 21 26 22 1 33 27
3758 21 30 21 30 77 34 22 36 27 46 33 27
3759 21 31 29 25 160 62 23 30 22 24 33 27
3760 21 35 36 30 50 46 25 33 34 26 33 27
3761 21 33 40 22 73 110 26 27 27 1 32 27
3762 21 36 36 33 82 44 25 29 22 45 33 27
3763 21 39 45 25 122 42 24 23 25 42 33 27
3764 21 32 27 26 126 21 24 28 23 36 33 27
3765 22 27 21 25 151 62 22 24 24 1 33 27
3766 21 31 23 7 115 1 21 22 23 30 33 27
3767 21 37 40 24 59 60 22 14 27 23 33 27
3768 21 36 37 26 252 1 27 22 35 23 33 27
3769 21 31 27 36 74 26 23 34 24 41 33 27
3770 21 27 33 30 53 24 25 22 27 1 33 27
3771 21 21 7 18 96 1 21 35 24 14 32 27
3772 21 32 33 22 100 54 23 17 27 1 33 27
3773 21 37 37 12 92 41 24 21 24 20 33 27
3774 21 34 38 34 115 25 23 42 20 32 33 27
3775 21 31 30 21 81 25 24 16 24 1 33 27
3776 21 28 29 17 70 1 19 18 24 1 33 27
3777 21 34 29 11 93 1 20 21 25 7 33 27
3778 21 31 37 38 109 1 24 22 33 17 33 27
3779 21 27 24 29 74 1 22 16 33 11 33 27
3780 21 27 23 27 72 41 19 31 31 7 33 27
3781 21 28 18 23 87 10 20 20 19 13 33 27
3782 21 35 37 26 88 32 22 23 23 6 33 27
3783 21 31 30 16 64 6 21 25 19 1 33 27
3784 21 31 27 29 61 13 23 29 30 27 33 27
3785 21 34 40 38 55 1 23 31 23 43 33 27
3786 21 32 29 21 79 1 23 25 28 35 33 27
3787 21 33 37 42 72 1 23 33 30 28 33 27
3788 21 36 40 30 432 79 22 28 28 20 33 27
3789 21 37 41 35 63 31 24 34 28 45 33 27
3790 21 31 26 14 89 1 22 27 33 18 33 27
3791 21 34 38 32 383 48 24 26 25 24 33 27
3792 21 33 32 28 166 1 20 32 28 22 33 27
3793 21 30 30 28 165 47 23 14 26 12 33 27
3794 21 32 32 23 122 95 19 23 28 17 33 27
3795 21 27 22 17 55 2 20 19 27 1 33 27
3796 21 28 27 24 87 33 26 20 30 7 33 27
3797 21 32 28 35 64 1 22 29 26 42 33 27
3798 21 36 35 30 368 52 20 22 24 32 33 27
3799 21 36 39 23 56 85 22 16 22 2 33 27
3800 21 27 19 21 62 24 20 26 20 21 33 27
3801 21 29 21 14 67 1 17 28 23 15 33 27
3802 21 31 24 30 196 1 25 35 21 41 33 27
3803 21 29 26 37 83 1 24 41 22 19 33 27
3804 21 24 21 22 83 70 16 25 23 1 33 27
3805 21 32 28 20 74 1 17 1 32 23 33 27
3806 21 31 29 33 73 64 22 21 27 20 33 27
3807 21 36 35 36 143 1 21 28 25 36 33 27
3808 21 33 34 23 93 40 23 36 34 12 33 27
3809 21 25 12 22 70 50 22 31 32 7 33 27
3810 21 36 38 28 62 1 21 25 24 21 33 27
3811 21 27 23 22 97 6 26 17 27 10 33 27
3812 21 26 15 28 104 30 24 20 19 27 33 27
3813 21 23 15 38 71 1 22 20 29 2 33 27
3814 21 32 20 18 80 1 22 28 29 17 33 27
3815 21 32 31 34 50 30 26 27 21 40 33 27
3816 21 27 25 19 87 10 20 29 30 10 33 27
3817 21 32 33 33 57 39 26 34 26 22 33 27
3818 21 33 20 6 57 13 21 25 30 32 33 27
3819 21 38 39 20 147 27 25 1 38 25 33 27
3820 21 33 32 25 71 82 20 13 27 18 33 27
3821 21 29 26 41 56 49 20 33 23 31 33 27
3822 21 29 31 23 116 22 21 25 24 1 33 27
3823 21 33 32 25 86 18 23 30 30 24 33 27
3824 22 32 33 22 53 62 26 23 32 14 33 27
3825 21 39 31 23 73 44 23 29 27 40 33 27
3826 21 37 43 35 91 58 25 32 20 28 33 27
3827 21 28 21 31 72 1 21 33 20 36 33 27
3828 21 30 22 22 90 1 24 28 28 32 33 27
3829 21 28 22 11 76 42 26 26 27 1 33 27
3830 21 32 28 23 51 9 23 33 25 30 33 27
3831 21 28 20 12 163 46 20 26 27 1 33 27
3832 21 34 36 34 59 14 20 26 22 30 33 27
3833 21 27 28 37 97 44 24 32 32 20 33 27
3834 21 21 15 25 42 72 21 22 31 1 32 27
3835 21 30 20 13 89 28 26 26 32 18 33 27
3836 21 27 24 32 55 8 23 21 27 10 33 27
3837 21 32 31 31 59 2 20 26 22 31 33 27
3838 21 31 31 22 81 47 23 30 22 9 33 27
3839 21 30 31 33 52 46 22 37 32 20 33 27
3840 21 30 26 19 104 1 21 30 32 9 33 27
3841 21 31 26 20 181 49 21 21 22 25 33 27
3842 21 33 28 32 107 1 26 35 34 40 33 27
3843 21 20 18 35 125 6 22 36 30 3 32 26
3844 21 39 34 14 98 12 23 21 31 44 33 27
3845 21 25 17 28 106 2 23 18 30 2 33 27
3846 21 41 47 24 382 32 23 22 46 36 33 27
3847 21 29 26 33 44 27 23 37 29 33 33 27
3848 21 29 24 21 52 45 21 31 25 30 33 27
3849 21 36 43 23 381 5 26 21 37 29 33 27
3850 22 38 42 28 77 72 19 33 34 28 33 27
3851 21 33 29 28 181 28 20 29 28 39 33 27
3852 21 28 23 17 108 34 22 12 32 1 32 27
3853 21 34 31 31 149 21 24 35 27 29 33 27
3854 21 30 23 21 55 14 21 32 18 27 33 27
3855 21 33 32 27 57 4 21 16 32 20 33 27
3856 21 33 33 28 101 14 25 26 30 27 33 27
3857 21 30 25 17 94 11 19 30 28 9 33 27
3858 21 27 24 30 59 36 22 29 24 26 33 27
3859 21 24 19 23 80 6 20 23 28 10 33 27
3860 21 34 33 26 109 1 21 20 26 1 33 27
3861 21 32 36 38 57 62 22 33 34 31 33 27
3862 21 31 32 26 129 53 22 25 19 11 33 27
3863 21 30 21 16 151 1 17 25 29 12 33 27
3864 21 32 31 35 73 19 24 14 25 28 33 27
3865 21 28 21 30 49 8 23 34 27 35 33 27
3866 21 32 33 35 116 24 23 32 33 19 33 27
3867 22 28 30 33 63 38 23 19 32 13 33 27
3868 21 27 26 31 132 7 23 36 14 21 33 27
3869 21 27 21 24 120 53 21 37 23 8 33 27
3870 21 24 17 25 66 10 21 21 31 9 33 27
3871 21 31 33 29 129 41 25 37 33 20 33 27
3872 21 39 42 25 157 83 25 29 29 24 33 27
3873 21 36 34 23 156 31 25 23 27 26 33 27
3874 21 28 27 36 147 36 22 35 34 8 33 27
3875 21 30 25 24 58 62 23 34 26 22 33 27
3876 21 26 13 23 78 1 23 27 26 20 33 27
3877 22 28 26 35 91 69 23 29 23 19 33 27
3878 21 32 30 22 127 17 19 26 25 23 33 27
3879 21 23 17 21 116 2 24 26 27 1 32 26
3880 21 35 36 27 56 60 24 42 33 42 33 27
3881 21 29 25 23 97 19 22 27 24 14 33 27
3882 21 30 28 29 61 50 21 27 22 22 33 27
3883 21 44 25 28 47 1 20 22 25 30 33 27
3884 21 33 31 15 84 62 23 20 33 1 33 27
3885 21 34 35 37 90 16 24 33 27 26 33 27
3886 21 31 26 31 92 35 23 26 28 18 33 27
3887 21 23 22 39 40 58 25 16 28 16 33 27
3888 21 29 35 28 245 86 25 19 26 7 33 27
3889 21 27 12 19 70 6 25 22 31 25 33 27
3890 21 31 27 26 58 6 24 29 28 19 33 27
3891 21 35 40 36 89 1 21 30 26 35 33 27
3892 21 33 33 30 112 1 22 28 24 23 33 27
3893 21 32 25 29 129 16 22 27 28 31 33 27
3894 21 31 29 30 84 1 24 34 31 35 33 27
3895 21 31 28 21 102 1 23 23 23 26 33 27
3896 21 31 31 22 66 1 16 25 25 1 33 27
3897 21 31 28 19 80 1 24 25 32 11 33 27
3898 21 32 34 19 76 65 23 24 31 7 33 27
3899 21 39 40 24 125 1 20 21 29 41 33 27
3900 21 36 34 26 65 113 22 16 28 28 33 27
3901 21 25 14 15 102 47 20 28 18 1 33 27
3902 21 34 34 33 200 1 16 30 22 43 33 27
3903 21 32 34 34 56 1 25 32 31 33 33 27
3904 21 33 33 19 69 82 24 29 29 1 33 27
3905 21 31 24 21 53 1 20 30 26 19 33 27
3906 21 37 40 14 117 7 25 26 30 11 33 27
3907 21 33 31 22 221 18 19 23 23 26 33 27
3908 21 34 32 28 71 41 22 27 24 35 33 27
3909 21 30 27 26 125 8 18 25 27 14 33 27
3910 21 33 39 31 60 56 23 26 24 21 33 27
3911 21 32 29 32 108 48 22 29 24 29 33 27
3912 21 26 20 30 49 16 20 1 36 1 33 27
3913 21 26 18 27 63 7 23 22 30 14 33 27
3914 21 27 23 17 74 31 24 24 26 11 33 27
3915 21 28 21 17 128 1 21 28 23 31 33 27
3916 21 36 45 30 107 135 21 27 28 4 33 27
3917 21 27 28 42 68 44 23 32 24 26 33 27
3918 21 38 36 15 197 21 24 13 28 39 33 27
3919 21 36 36 31 107 66 22 26 19 21 33 27
3920 21 31 30 25 64 75 19 25 23 5 33 27
3921 21 32 30 23 124 26 22 19 23 23 33 27
3922 21 32 20 13 61 11 25 23 36 38 33 27
3923 21 31 31 31 118 30 23 33 21 18 33 27
3924 21 35 30 21 107 24 25 35 22 24 33 27
3925 21 29 24 22 52 9 25 19 30 18 33 27
3926 21 28 25 34 160 1 21 34 24 28 33 27
3927 21 28 31 30 68 1 26 27 26 4 33 27
3928 21 29 29 23 82 50 23 20 31 1 33 27
3929 21 33 31 35 53 6 31 29 31 22 33 27
3930 21 35 36 28 60 24 22 30 24 13 33 27
3931 21 35 32 19 80 1 24 24 27 19 33 27
3932 21 30 23 28 53 16 27 35 24 32 33 27
3933 21 40 39 25 107 1 27 35 27 43 33 27
3934 21 33 28 18 114 1 20 17 26 24 33 27
3935 21 31 28 28 121 63 23 20 32 16 33 27
3936 21 32 30 17 100 70 19 16 26 3 33 27
3937 21 29 25 32 580 1 23 25 26 23 33 27
3938 21 28 27 30 92 6 23 45 30 19 33 27
3939 21 32 22 21 175 1 26 16 30 21 33 27
3940 21 30 21 13 74 32 23 30 24 1 33 27
3941 21 31 31 18 62 1 21 32 22 4 33 27
3942 21 33 37 29 318 61 25 17 28 12 33 27
3943 21 30 25 24 207 5 23 30 33 16 33 27
3944 21 31 27 32 68 1 21 28 27 30 33 27
3945 22 34 36 23 88 35 24 23 30 5 33 27
3946 21 28 16 19 51 1 21 51 21 8 33 27
3947 21 29 27 29 90 6 20 31 22 24 33 27
3948 21 24 25 35 129 24 20 3 22 1 33 27
3949 21 31 32 33 57 26 22 40 25 12 33 27
3950 21 25 14 19 83 1 23 37 22 19 32 27
3951 21 33 37 32 98 1 19 26 23 14 33 27
3952 21 33 38 33 109 1 21 27 30 23 33 27
3953 21 32 33 41 50 1 26 33 26 41 33 27
3954 21 27 18 25 61 17 22 28 19 15 33 27
3955 21 34 37 31 50 1 20 28 27 32 33 27
3956 21 35 37 29 109 71 19 1 33 24 33 27
3957 21 27 12 7 80 33 19 19 26 1 33 27
3958 21 32 34 26 102 51 26 33 30 17 33 27
3959 21 34 35 27 97 12 26 31 27 18 33 27
3960 21 35 39 27 129 1 24 25 31 32 33 27
3961 21 29 18 14 70 1 22 1 28 17 32 26
3962 21 21 15 24 81 25 24 22 25 1 33 27
3963 21 34 28 18 176 1 25 26 30 3 33 27
3964 21 27 30 26 141 33 24 28 30 8 33 27
3965 21 28 25 21 202 31 22 23 28 1 33 27
3966 21 35 30 24 53 7 24 37 29 33 33 27
3967 21 34 38 32 156 51 26 28 25 15 33 27
3968 22 33 29 26 100 1 26 31 28 27 33 27
3969 21 38 37 23 124 66 24 24 31 20 33 27
3970 21 34 29 32 54 46 24 33 33 25 33 27
3971 21 29 27 29 108 1 22 48 26 14 33 27
3972 21 29 16 9 85 18 17 20 25 8 33 27
3973 21 28 24 26 92 21 22 25 27 11 33 27
3974 21 34 36 29 53 60 26 24 36 34 33 27
3975 21 33 36 36 85 19 21 32 20 33 33 27
3976 21 23 13 19 69 9 24 29 35 3 33 27
3977 21 31 21 4 63 17 19 25 23 15 33 27
3978 22 27 23 31 79 51 22 37 23 3 33 27
3979 21 36 41 34 321 65 24 1 33 35 33 27
3980 21 26 19 24 86 1 20 17 26 14 33 27
3981 21 34 34 22 107 1 22 23 27 25 33 27
3982 21 31 30 30 117 69 24 1 31 31 33 27
3983 21 28 23 21 163 24 23 15 19 1 33 27
3984 21 28 23 21 247 43 21 23 26 2 33 27
3985 21 34 36 20 83 1 23 21 28 1 33 27
3986 21 32 36 38 54 1 26 35 24 29 33 27
3987 21 32 34 36 138 1 23 37 26 28 33 27
3988 21 32 39 39 60 44 26 30 22 33 33 27
3989 21 36 41 40 46 64 17 21 25 37 33 27
3990 21 32 27 14 129 1 21 14 25 9 33 27
3991 21 32 24 16 68 16 21 26 21 24 33 27
3992 21 28 20 23 112 35 25 25 24 11 33 27
3993 21 30 33 25 127 24 24 34 25 12 33 27
3994 21 38 34 23 126 40 24 1 30 41 33 27
3995 21 33 37 27 184 26 20 16 26 1 33 27
3996 21 37 38 13 109 103 23 25 27 1 33 27
3997 21 39 34 6 75 1 27 22 29 33 33 27
3998 22 32 42 36 88 1 18 18 21 15 33 27
3999 21 30 26 18 109 1 19 26 28 11 33 27
4000 21 33 27 19 55 17 21 21 20 9 33 27
4001 21 33 36 27 115 56 23 6 30 28 33 27
4002 21 35 34 30 89 90 22 22 30 32 33 27
4003 21 22 14 29 67 6 19 25 17 14 32 27
4004 21 33 33 28 73 22 25 23 32 25 33 27
4005 21 29 23 23 52 1 22 26 28 22 33 27
4006 21 33 39 26 63 69 24 29 25 6 33 27
4007 21 31 28 26 106 17 20 25 27 16 33 27
4008 21 37 39 24 124 73 27 30 28 21 33 27
4009 21 31 30 28 147 27 22 20 27 23 33 27
4010 21 35 44 34 100 1 23 32 23 21 33 27
4011 21 26 16 16 60 1 26 43 31 26 33 27
4012 21 34 36 26 211 1 22 21 29 1 33 27
4013 21 34 33 36 77 28 20 30 29 36 33 27
4014 21 32 28 29 64 9 22 37 23 38 33 27
4015 21 32 37 35 80 1 26 23 28 17 33 27
4016 21 29 27 19 94 17 20 22 22 9 33 27
4017 21 38 34 23 78 47 25 28 30 44 33 27
4018 21 35 38 27 57 44 24 26 36 18 33 27
4019 21 33 29 23 124 10 20 26 31 36 33 27
4020 21 29 26 36 155 1 28 31 33 26 33 27
4021 21 30 30 33 77 1 25 32 25 26 33 27
4022 21 30 34 38 75 1 20 9 23 22 33 27
4023 21 33 35 24 75 64 25 25 24 1 33 27
4024 21 32 38 32 59 112 24 24 30 7 33 27
4025 21 28 25 27 104 36 19 24 28 15 33 27
4026 21 31 30 25 52 1 22 30 26 11 33 27
4027 21 29 22 27 87 9 23 30 31 21 33 27
4028 21 28 19 13 87 44 23 29 27 4 33 27
4029 21 28 25 22 81 1 16 26 31 16 33 27
4030 21 32 30 24 97 68 22 21 27 11 33 27
4031 21 35 39 26 80 87 29 26 25 34 33 27
4032 21 32 31 32 101 19 25 22 31 7 33 27
4033 21 32 32 17 108 32 22 26 23 4 33 27
4034 21 36 32 33 233 100 26 23 27 34 33 27
4035 21 36 35 25 79 47 22 18 25 21 33 27
4036 21 28 24 12 77 55 21 21 22 8 33 27
4037 22 34 36 33 79 66 22 24 29 15 33 26
4038 21 33 33 24 61 67 24 30 27 4 33 27
4039 22 30 26 31 47 1 25 36 27 35 33 27
4040 21 29 22 22 74 22 23 19 27 2 33 27
4041 21 37 32 24 110 1 27 25 35 33 33 27
4042 21 31 25 31 75 64 26 30 29 33 33 27
4043 21 31 25 13 64 33 21 21 26 9 33 27
4044 21 25 24 31 56 1 23 37 28 13 33 27
4045 21 29 28 31 216 1 20 33 28 26 33 27
4046 21 34 32 27 111 52 23 24 25 28 33 27
4047 21 35 40 42 65 55 25 23 27 12 33 27
4048 21 31 27 20 77 7 24 23 27 5 33 27
4049 21 38 47 33 261 80 27 25 26 42 33 27
4050 21 28 27 26 53 71 22 42 21 12 33 27
4051 21 29 31 32 99 81 16 25 23 12 33 27
4052 21 27 18 25 112 1 20 28 24 28 33 27
4053 21 31 34 21 125 37 27 26 32 7 33 27
4054 21 30 28 24 62 48 23 28 27 1 33 27
4055 21 32 29 28 56 1 21 27 26 22 33 27
4056 21 30 29 20 72 33 20 21 23 1 33 27
4057 21 32 25 14 95 51 21 30 22 24 33 27
4058 22 31 28 27 145 57 21 28 31 15 33 27
4059 21 31 30 24 78 1 21 24 25 4 33 27
4060 21 33 36 36 77 1 25 40 23 38 33 27
4061 21 33 27 25 126 49 24 29 27 23 33 27
4062 21 26 19 19 144 1 18 18 26 6 33 27
4063 21 28 32 31 100 33 16 1 29 1 33 27
4064 21 39 36 19 228 82 19 1 27 34 33 27
4065 21 30 29 24 117 61 26 24 24 3 33 27
4066 21 36 39 42 152 1 21 33 33 47 33 27
4067 21 31 23 11 55 42 24 17 23 1 33 27
4068 21 27 21 15 102 1 21 27 22 1 33 27
4069 21 41 44 25 110 27 23 44 26 33 33 27
4070 21 33 43 35 62 64 23 25 34 16 33 27
4071 21 36 42 29 151 101 22 20 27 14 33 27
4072 21 31 23 21 110 1 19 23 27 15 33 27
4073 21 28 17 16 60 1 25 31 25 9 33 27
4074 21 25 16 22 80 2 20 31 25 17 33 27
4075 21 36 41 34 91 83 22 24 29 27 33 27
4076 22 37 38 22 96 6 25 20 24 12 33 27
4077 21 28 27 28 76 1 21 28 28 15 33 27
4078 21 30 25 25 54 1 21 23 25 1 33 27
4079 21 25 20 23 49 5 23 29 20 12 32 27
4080 21 36 41 22 73 42 22 23 29 6 33 27
4081 21 26 26 30 85 24 20 22 25 15 33 27
4082 21 28 23 35 42 12 21 42 29 28 33 27
4083 21 30 29 29 66 71 25 29 25 15 33 27
4084 21 29 28 31 107 1 18 19 26 14 33 27
4085 21 30 23 30 56 48 23 23 21 6 33 27
4086 21 31 37 30 57 13 21 19 22 8 33 27
4087 21 33 34 28 75 60 22 23 22 18 33 27
4088 21 33 32 31 121 1 28 33 24 39 33 27
4089 21 36 33 28 75 73 25 31 24 28 33 27
4090 21 30 31 28 52 1 20 28 25 23 33 27
4091 21 35 32 27 54 12 22 29 26 30 33 27
4092 21 33 37 29 96 72 20 26 25 17 33 27
4093 21 31 23 24 245 28 20 25 18 35 33 27
4094 22 31 35 31 87 50 24 20 30 2 33 27
4095 21 26 17 22 68 24 23 28 29 18 33 27
4096 21 38 36 21 130 47 26 23 30 29 33 27
4097 21 32 28 18 121 55 22 25 26 4 33 27
4098 21 31 25 27 131 13 25 29 23 31 33 27
4099 21 25 23 17 166 15 20 20 28 1 33 27
4100 21 35 34 24 58 90 26 37 21 31 33 27
4101 21 29 30 16 96 47 21 25 24 1 33 27
4102 22 33 21 17 78 46 25 1 32 15 33 27
4103 21 35 35 26 90 1 23 28 28 22 33 27
4104 21 30 27 21 250 20 20 46 30 27 33 27
4105 21 29 27 17 106 1 21 24 30 25 33 27
4106 21 32 36 28 263 1 19 1 25 20 33 27
4107 21 22 18 32 279 25 21 24 29 1 33 27
4108 21 32 30 34 73 1 21 34 25 35 33 27
4109 21 25 11 20 59 1 22 25 29 26 33 27
4110 21 35 44 35 57 34 25 21 31 32 33 27
4111 21 32 31 27 95 68 22 35 21 22 33 27
4112 21 35 34 36 69 35 25 33 39 44 33 27
4113 21 28 25 26 196 1 25 36 29 11 33 27
4114 21 38 40 27 147 8 25 20 26 32 33 27
4115 21 462 23 18 112 89 18 31 24 1 33 27
4116 21 33 22 18 95 1 18 23 21 37 33 27
4117 21 35 34 23 66 44 25 27 29 5 33 27
4118 21 29 26 13 93 55 22 24 26 1 32 27
4119 21 33 30 24 108 39 21 28 23 26 33 27
4120 21 28 19 16 101 74 18 30 30 13 33 27
4121 21 31 24 22 112 34 25 27 24 14 33 27
4122 22 30 23 32 66 26 21 31 27 35 33 27
4123 21 32 35 36 85 100 20 31 21 25 33 27
4124 21 30 28 27 152 1 19 23 24 22 33 27
4125 21 36 36 21 242 53 19 13 22 38 33 27
4126 21 35 35 34 128 1 21 41 23 46 33 27
4127 21 36 35 28 55 1 25 26 25 38 33 27
4128 21 30 39 39 215 57 22 14 30 4 33 27
4129 21 33 34 35 305 1 20 27 14 20 33 27
4130 21 31 32 32 116 1 23 37 274 19 33 27
4131 21 33 31 27 86 101 23 23 25 26 33 27
4132 21 31 28 18 139 1 21 18 30 14 33 27
4133 21 32 30 29 105 49 21 24 26 12 33 27
4134 21 27 23 34 78 35 21 27 23 5 33 27
4135 21 33 39 42 148 79 22 24 29 15 33 27
4136 21 33 34 27 103 82 19 1 29 26 33 27
4137 21 29 20 12 48 2 25 26 24 29 33 27
4138 21 30 26 24 76 57 23 17 19 2 33 27
4139 21 32 29 27 87 1 24 21 23 24 33 27
4140 21 35 31 23 58 56 26 27 33 40 33 27
4141 21 28 25 28 100 4 16 24 27 15 33 27
4142 21 32 31 30 82 46 24 30 27 30 33 27
4143 21 34 32 29 237 20 23 31 26 42 33 27
4144 22 34 30 18 124 1 28 32 34 16 33 27
4145 21 25 20 30 41 9 23 21 30 13 33 27
4146 21 29 22 19 87 1 22 28 28 15 33 27
4147 21 30 24 17 202 74 21 19 32 1 33 27
4148 21 32 33 32 81 1 22 30 19 26 33 27
4149 21 32 35 19 60 41 23 25 32 1 33 27
4150 21 32 27 21 77 29 24 23 28 17 33 27
4151 21 28 28 25 112 26 18 27 27 13 33 27
4152 21 28 15 17 80 1 22 1 21 1 33 27
4153 21 32 28 18 143 9 22 33 33 50 33 27
4154 21 30 28 34 74 14 23 33 28 32 33 27
4155 21 32 31 33 83 10 28 52 25 32 33 27
4156 21 39 46 34 105 81 18 1 32 45 33 27
4157 21 28 22 31 46 29 24 1 33 3 33 27
4158 21 32 38 39 72 1 20 30 25 26 33 27
4159 21 34 42 30 182 1 21 37 32 34 33 27
4160 21 28 20 19 71 51 24 18 29 17 33 27
4161 21 25 10 20 100 9 20 36 30 15 33 27
4162 21 26 21 30 51 1 20 29 27 15 33 27
4163 21 32 28 25 72 11 22 22 28 25 33 27
4164 21 35 30 25 128 20 26 16 29 32 33 27
4165 21 33 35 32 127 49 23 26 24 20 33 27
4166 21 33 30 18 59 1 20 16 24 26 33 27
4167 21 30 28 22 55 22 19 44 13 17 33 27
4168 21 33 30 27 68 5 25 26 25 27 33 27
4169 21 31 35 23 80 16 21 19 27 23 33 27
4170 21 27 22 32 74 26 27 31 22 19 33 27
4171 21 27 22 17 156 1 23 14 22 15 32 27
4172 21 39 44 26 115 13 20 22 21 49 33 27
4173 21 32 25 25 82 57 25 25 29 36 33 27
4174 21 35 41 37 59 35 21 26 30 24 33 27
4175 21 37 38 36 82 67 26 26 27 36 33 27
4176 21 33 37 29 52 104 22 18 31 1 33 27
4177 21 38 34 18 236 6 25 26 29 45 33 27
4178 21 26 17 20 115 7 22 25 25 8 33 27
4179 21 30 34 34 59 42 24 22 23 9 33 27
4180 21 28 36 28 176 1 23 22 27 1 32 27
4181 21 27 24 28 105 47 22 18 30 15 33 27
4182 21 36 42 35 58 62 30 24 35 33 33 27
4183 21 29 19 19 140 1 28 30 26 30 33 27
4184 21 33 38 198 83 56 17 29 31 13 33 27
4185 21 34 33 30 58 1 25 28 27 34 33 27
4186 21 28 20 12 241 44 20 28 27 13 33 27
4187 21 26 28 38 75 61 22 27 25 1 33 27
4188 21 33 25 16 93 11 19 26 27 18 33 27
4189 21 36 40 33 186 18 19 1 36 29 33 27
4190 21 34 30 21 120 60 24 23 24 25 33 27
4191 21 30 29 26 107 18 24 30 26 18 33 27
4192 21 33 29 34 52 1 20 36 24 46 33 27
4193 21 34 35 18 82 6 24 18 25 31 33 27
4194 21 26 13 14 126 1 22 32 25 15 33 27
4195 21 32 29 34 169 1 21 33 23 44 33 27
4196 21 27 17 22 67 1 21 25 28 20 33 27
4197 21 35 40 39 56 1 24 38 26 40 33 27
4198 21 30 34 28 117 31 23 22 27 18 33 27
4199 21 34 36 25 81 44 24 44 34 38 33 27
4200 21 32 33 28 52 75 25 26 27 13 33 27
4201 21 38 33 15 58 59 20 26 19 32 33 27
4202 21 29 18 21 60 1 22 29 23 37 33 27
4203 21 29 24 22 197 1 24 23 24 24 33 27
4204 21 30 29 27 172 19 25 18 32 26 33 27
4205 21 32 37 28 69 52 20 23 25 6 33 27
4206 21 31 27 32 70 1 21 33 27 34 33 27
4207 21 32 28 21 81 78 25 14 32 1 33 27
4208 21 33 33 32 82 1 25 37 26 32 33 27
4209 21 26 18 31 139 21 26 21 25 11 33 27
4210 21 26 22 27 85 1 27 25 27 1 33 27
4211 21 31 20 24 206 15 26 28 23 38 33 27
4212 21 27 25 19 63 6 23 21 24 3 33 27
4213 21 27 24 34 49 44 27 42 22 13 33 27
4214 21 29 28 30 135 4 21 35 24 22 33 27
4215 22 27 20 32 147 64 22 1 30 19 33 27
4216 21 24 20 22 148 1 18 24 28 1 32 27
4217 22 32 29 24 94 49 24 18 28 1 33 27
4218 21 21 15 28 62 34 19 20 22 4 33 27
4219 22 42 41 22 110 7 22 31 19 37 33 27
4220 21 31 24 23 83 1 27 26 21 22 33 27
4221 21 25 19 29 48 5 22 42 26 29 33 27
4222 21 33 31 34 71 1 22 30 24 46 33 27
4223 21 35 41 33 50 30 28 34 29 44 33 27
4224 21 37 44 33 121 97 26 25 27 26 33 27
4225 21 34 35 27 98 37 25 16 22 18 33 27
4226 21 30 30 24 93 31 25 31 28 6 33 27
4227 21 33 32 26 166 21 20 30 27 5 33 27
4228 21 34 35 26 64 57 19 27 33 17 33 27
4229 21 31 30 31 55 15 25 38 29 38 33 27
4230 21 29 31 31 115 35 27 29 28 19 33 27
4231 21 31 28 31 90 1 22 31 26 43 33 27
4232 21 23 20 32 212 1 22 39 27 4 33 27
4233 21 34 27 19 59 32 23 24 26 23 33 27
4234 21 34 27 11 79 1 23 28 31 31 33 27
4235 21 32 31 24 53 17 20 16 24 18 33 27
4236 21 35 36 27 121 1 18 29 24 35 33 27
4237 21 24 15 21 70 1 21 23 24 14 33 27
4238 21 29 22 23 87 1 19 30 21 27 33 27
4239 21 32 31 16 192 30 24 23 27 3 33 27
4240 21 30 18 20 73 36 26 37 25 25 33 27
4241 21 33 18 22 50 42 21 25 21 28 33 27
4242 21 27 24 24 66 1 22 29 24 1 33 27
4243 21 28 25 22 111 33 23 33 28 7 33 27
4244 21 32 31 22 126 36 18 14 30 13 33 27
4245 21 26 16 20 41 1 24 31 27 26 33 27
4246 21 31 25 30 48 1 24 26 25 40 33 27
4247 22 32 26 30 123 1 20 41 23 40 34 27
4248 21 35 43 26 189 91 22 36 25 1 33 27
4249 21 34 28 23 187 35 28 20 26 18 33 27
4250 22 31 31 30 59 19 33 33 26 23 33 27
4251 21 33 32 34 58 4 19 40 26 43 33 27
4252 21 27 26 29 88 30 22 31 29 1 33 27
4253 21 40 42 19 86 38 25 38 25 26 33 27
4254 21 26 22 20 87 43 23 14 24 5 33 27
4255 21 27 18 22 61 7 23 30 26 1 33 27
4256 21 28 19 28 105 1 24 22 19 36 33 27
4257 21 34 38 31 91 14 26 42 31 27 33 27
4258 21 40 32 13 106 1 23 28 17 28 33 27
4259 21 31 26 22 89 1 22 32 24 11 33 27
4260 21 31 34 29 95 1 24 34 24 7 33 27
4261 21 29 25 27 85 57 19 1 22 16 33 27
4262 21 28 23 33 115 3 23 34 29 24 33 27
4263 21 29 23 20 54 1 20 25 22 27 33 27
4264 21 35 38 39 127 1 26 30 28 26 33 27
4265 21 28 26 20 238 1 20 39 22 10 33 27
4266 21 29 24 24 101 1 19 26 24 20 33 27
4267 21 33 38 29 73 19 24 26 34 23 33 27
4268 21 31 26 23 65 6 20 24 27 10 33 27
4269 21 35 32 21 63 47 21 19 27 4 33 27
4270 21 32 28 29 163 1 24 33 28 38 33 27
4271 21 29 26 24 97 43 21 26 26 17 33 27
4272 21 29 25 32 77 85 26 26 29 11 33 27
4273 21 29 25 25 104 1 17 25 27 27 33 27
4274 21 38 30 13 48 35 27 29 26 44 33 27
4275 21 28 23 20 71 1 22 36 20 4 33 27
4276 21 34 29 29 63 64 26 29 31 45 33 27
4277 21 23 17 29 75 1 26 34 30 18 32 27
4278 21 32 27 21 91 51 20 18 26 4 33 27
4279 21 32 38 23 68 37 24 24 31 2 33 27
4280 22 30 33 20 89 40 21 21 29 1 33 27
4281 21 30 31 27 137 350 22 22 27 22 33 27
4282 21 30 24 18 54 1 23 33 27 32 33 27
4283 21 37 33 23 150 48 24 51 30 28 33 27
4284 21 36 32 14 114 26 27 1 32 22 33 27
4285 21 28 26 28 103 1 19 30 32 8 33 27
4286 21 33 30 23 60 24 23 31 26 24 33 27
4287 21 29 15 21 92 1 25 37 31 21 33 27
4288 21 32 35 27 713 43 25 24 30 21 33 27
4289 21 35 35 21 55 100 22 23 22 11 33 27
4290 21 37 39 33 91 60 27 1 36 20 33 27
4291 21 38 33 26 86 58 23 22 23 33 33 27
4292 21 26 28 24 85 33 19 19 25 6 33 27
4293 21 32 33 31 79 12 23 1 29 20 33 27
4294 21 33 36 17 82 53 23 23 25 2 33 27
4295 21 29 26 26 64 52 24 24 26 4 33 27
4296 21 31 32 18 132 13 20 24 30 6 33 27
4297 21 28 22 18 170 16 22 19 26 11 33 27
4298 21 35 34 28 89 48 28 32 31 24 33 27
4299 21 32 37 33 89 53 21 17 28 10 33 27
4300 21 35 42 42 172 1 17 36 24 29 33 27
4301 21 33 34 16 86 51 20 23 29 1 33 27
4302 21 27 22 23 149 67 23 26 25 8 33 27
4303 21 34 35 32 145 74 24 27 26 25 33 27
4304 21 34 36 25 97 38 22 30 27 12 33 27
4305 21 34 33 17 71 15 25 24 30 13 33 27
4306 21 30 29 20 101 1 20 26 27 8 33 27
4307 21 36 39 17 68 27 18 23 27 16 33 27
4308 21 31 22 13 254 24 23 21 24 14 33 27
4309 21 37 34 16 71 1 20 16 28 28 33 27
4310 21 36 39 38 81 1 21 31 24 33 33 27
4311 21 33 30 21 94 24 27 25 26 17 33 27
4312 21 33 35 21 119 18 25 30 35 12 33 27
4313 21 34 43 33 122 113 23 22 26 1 33 27
4314 21 31 35 26 70 1 19 27 25 21 33 27
4315 21 33 37 26 229 40 15 19 27 27 33 27
4316 21 32 27 23 70 1 23 21 33 14 33 27
4317 21 34 39 24 296 99 27 20 26 7 33 27
4318 21 31 34 36 77 58 18 1 34 17 33 27
4319 21 32 31 37 101 42 23 31 24 30 33 27
4320 21 26 22 33 79 1 23 20 23 1 33 27
4321 21 25 19 24 51 1 19 24 25 14 32 27
4322 21 29 31 20 91 1 26 21 28 13 33 27
4323 21 38 42 35 73 54 23 21 20 35 33 27
4324 21 28 23 29 54 1 26 23 37 16 33 27
4325 21 31 31 28 103 32 21 23 23 16 33 27
4326 21 28 20 29 188 1 18 30 140 29 33 27
4327 21 26 21 24 47 40 21 28 24 34 33 27
4328 21 34 27 26 131 17 23 23 25 28 33 27
4329 22 35 36 35 103 1 19 1 30 1 33 27
4330 21 27 23 15 84 21 20 23 29 1 33 27
4331 21 31 26 29 151 1 25 31 33 34 33 27
4332 21 33 27 17 205 37 18 27 27 16 33 27
4333 21 31 23 13 120 1 20 18 24 27 33 27
4334 21 35 39 25 140 45 20 16 30 1 33 27
4335 21 27 24 29 195 1 21 1 29 12 33 27
4336 21 35 35 24 140 5 23 27 29 25 33 27
4337 21 31 24 20 92 14 17 23 30 26 33 27
4338 21 34 38 23 137 1 20 33 26 8 33 27
4339 21 35 34 28 110 115 18 1 29 16 33 27
4340 21 31 22 25 146 66 27 30 30 22 33 27
4341 21 31 24 26 48 19 16 32 26 42 33 27
4342 21 30 29 12 82 19 25 19 25 1 33 27
4343 21 31 25 15 84 1 18 19 20 34 33 27
4344 21 34 42 36 107 16 19 25 26 24 33 27
4345 21 29 29 39 53 31 24 24 27 1 33 27
4346 21 27 16 28 66 1 19 36 24 32 33 27
4347 21 31 18 5 83 4 24 29 28 29 33 27
4348 21 28 18 11 109 47 26 22 27 1 33 27
4349 21 29 26 31 74 1 24 32 29 39 33 27
4350 21 37 48 34 67 1 19 17 27 25 33 27
4351 21 37 45 30 94 73 27 27 31 24 33 27
4352 21 32 30 20 114 1 19 22 27 10 33 27
4353 21 31 29 26 271 41 22 30 31 11 33 27
4354 21 33 41 29 65 38 22 28 27 28 33 27
4355 21 33 39 40 102 61 23 33 30 38 33 27
4356 21 27 31 34 46 70 20 21 24 3 33 27
4357 21 29 22 27 44 24 24 22 22 24 33 27
4358 21 33 27 17 892 6 26 32 28 33 33 27
4359 21 29 25 25 104 1 24 18 344 28 33 27
4360 21 33 35 22 170 113 20 23 27 1 33 27
4361 21 32 22 17 144 27 23 29 29 13 33 27
4362 21 29 27 24 117 1 20 26 25 26 33 27
4363 21 37 42 30 183 48 19 21 23 22 33 27
4364 21 27 26 32 49 111 19 23 28 7 33 27
4365 21 28 27 28 84 14 21 28 24 5 33 27
4366 21 28 18 16 102 1 24 24 25 7 33 27
4367 21 31 26 25 324 1 19 20 26 10 33 27
4368 21 29 26 27 103 9 21 16 27 1 33 27
4369 21 36 32 22 121 70 26 29 28 21 33 27
4370 21 31 29 36 70 1 23 28 27 40 33 27
4371 21 31 32 27 101 25 24 45 28 29 33 27
4372 21 30 33 41 85 33 25 28 39 19 33 27
4373 21 28 24 14 109 1 24 36 30 20 33 27
4374 21 32 26 28 95 1 22 30 25 21 33 27
4375 21 31 30 18 96 3 19 22 33 1 33 27
4376 21 30 23 22 163 1 27 29 24 12 33 27
4377 21 32 33 25 67 1 19 17 20 21 33 27
4378 21 32 28 24 196 44 20 23 26 33 33 27
4379 21 28 27 32 100 7 16 26 23 28 33 27
4380 21 35 36 21 66 44 22 19 28 17 33 27
4381 21 32 28 26 75 18 26 23 31 1 33 27
4382 21 39 48 29 155 116 22 30 30 30 33 27
4383 21 33 31 23 62 1 24 18 27 25 33 27
4384 21 35 33 25 50 37 24 36 29 30 33 27
4385 21 35 40 35 304 60 27 24 24 22 33 27
4386 21 29 25 30 120 22 23 36 23 37 33 27
4387 21 30 25 20 64 1 23 25 18 24 33 27
4388 21 29 23 27 73 7 20 30 22 27 33 27
4389 21 31 35 39 69 42 26 34 27 19 33 27
4390 21 30 23 22 54 1 22 26 28 19 33 27
4391 21 37 49 33 133 53 22 23 29 20 33 27
4392 21 31 35 35 154 44 22 24 32 15 33 27
4393 21 30 32 34 81 25 23 35 26 13 33 27
4394 21 38 41 21 175 35 24 26 32 22 33 27
4395 21 26 17 21 125 2 25 33 26 16 33 27
4396 21 34 39 43 81 24 25 34 27 40 33 27
4397 21 29 27 24 90 1 28 49 27 28 33 27
4398 21 31 29 21 66 1 22 22 27 25 33 27
4399 21 28 24 20 72 30 22 23 26 1 33 27
4400 21 34 36 39 120 38 21 40 23 29 33 27
4401 21 30 32 36 89 40 21 24 25 20 33 27
4402 21 32 33 20 91 53 19 25 25 2 33 27
4403 21 28 36 50 86 103 22 26 30 15 33 27
4404 21 29 34 30 133 74 19 22 17 1 33 27
4405 21 28 22 21 166 1 23 29 22 11 33 27
4406 21 32 31 29 74 51 29 31 29 31 33 27
4407 21 34 32 23 76 39 21 39 19 25 33 27
4408 21 31 26 22 88 15 22 22 25 20 33 27
4409 21 30 32 24 71 52 20 23 28 8 33 27
4410 21 38 41 29 59 1 26 27 26 35 33 27
4411 21 32 31 32 71 1 21 16 22 19 33 27
4412 21 35 39 37 122 18 23 33 24 34 33 27
4413 21 33 29 26 56 69 24 39 25 32 33 27
4414 21 34 33 17 212 33 19 26 20 14 33 27
4415 21 31 35 32 56 99 21 34 26 10 33 27
4416 21 31 31 38 86 11 22 30 24 34 33 27
4417 21 28 33 44 92 34 19 20 32 16 33 27
4418 21 28 29 18 57 17 21 27 22 7 33 27
4419 21 25 15 19 55 26 19 24 20 4 33 27
4420 21 26 21 32 47 62 16 1 24 1 32 26
4421 21 37 41 32 45 75 20 27 31 42 33 27
4422 21 36 30 24 86 1 26 25 30 37 33 27
4423 21 34 28 24 134 36 23 29 34 36 33 27
4424 21 33 26 24 46 1 15 32 22 40 33 27
4425 21 30 28 26 99 26 23 32 31 21 33 27
4426 21 27 23 36 55 70 21 1 34 1 33 27
4427 21 22 12 20 84 21 19 20 22 13 32 27
4428 21 31 33 21 59 68 24 20 26 6 33 27
4429 21 29 29 31 116 1 22 34 26 19 33 27
4430 21 32 35 21 58 89 20 23 24 1 33 27
4431 21 31 25 30 47 9 20 39 22 29 33 27
4432 22 30 26 14 215 72 22 26 26 1 33 27
4433 21 33 35 24 90 41 22 30 27 1 33 27
4434 21 29 24 20 58 47 27 31 33 18 33 27
4435 21 27 28 30 221 25 19 1 23 1 33 27
4436 21 29 26 37 44 12 22 43 25 43 33 27
4437 21 30 25 19 117 1 21 1 25 7 33 27
4438 21 32 32 28 61 80 24 21 27 15 33 27
4439 21 29 22 22 95 1 21 33 29 24 33 27
4440 21 89 17 16 168 78 25 31 26 4 33 27
4441 21 31 30 30 115 1 25 43 34 30 33 27
4442 21 34 30 22 85 1 19 23 21 36 33 27
4443 21 32 29 34 116 51 27 34 32 30 33 27
4444 21 33 31 28 77 1 20 31 28 36 33 27
4445 21 37 42 31 81 2 21 25 28 25 33 27
4446 21 32 25 26 59 50 24 22 32 11 33 27
4447 21 27 21 27 54 1 22 34 25 14 33 27
4448 21 32 26 22 58 1 18 25 27 28 33 27
4449 21 27 24 30 59 10 21 22 27 17 33 27
4450 21 23 15 21 82 45 19 20 31 4 33 27
4451 21 27 19 28 139 24 21 24 24 11 33 27
4452 21 30 23 26 86 1 20 32 16 27 33 27
4453 21 25 17 22 73 46 23 18 33 6 33 27
4454 21 36 38 30 57 38 20 31 28 49 33 27
4455 21 37 35 15 74 41 17 20 22 29 33 27
4456 21 33 39 20 102 23 25 24 29 10 33 27
4457 21 33 37 32 99 1 20 28 20 16 33 27
4458 21 38 44 22 111 20 24 19 21 26 33 27
4459 21 30 28 31 129 44 19 20 21 3 33 27
4460 21 37 39 25 161 69 27 23 25 17 33 27
4461 21 28 34 39 53 22 18 31 27 1 33 27
4462 21 31 26 26 179 1 22 33 25 11 33 27
4463 21 27 24 27 49 1 20 27 30 8 33 27
4464 21 28 29 40 89 21 26 28 28 13 33 27
4465 21 32 27 20 218 30 20 25 27 20 33 27
4466 21 35 35 29 210 100 19 22 27 29 33 27
4467 21 35 40 23 148 53 25 31 27 1 33 27
4468 21 33 30 22 63 1 23 25 19 22 33 27
4469 22 35 37 38 120 13 23 34 23 32 33 27
4470 21 31 29 36 108 14 23 33 24 33 33 27
4471 21 29 23 20 52 37 22 20 30 15 33 27
4472 21 28 20 24 85 1 22 32 23 33 33 27
4473 21 32 31 30 111 1 23 49 28 19 33 27
4474 21 29 27 24 52 51 18 27 29 5 33 27
4475 21 29 19 22 113 1 25 30 29 28 33 27
4476 21 20 17 30 66 14 20 25 26 1 33 27
4477 21 30 25 24 118 1 22 25 28 25 33 27
4478 21 31 32 24 91 48 23 19 23 1 33 27
4479 21 31 31 21 66 1 25 27 29 1 33 27
4480 21 27 19 24 73 1 16 1 27 8 33 27
4481 21 31 31 22 120 22 20 22 18 5 33 27
4482 21 27 19 28 42 1 21 44 29 39 33 27
4483 21 27 21 30 356 1 24 41 30 26 33 27
4484 21 34 31 30 96 56 22 38 21 32 33 27
4485 21 32 31 34 140 21 30 35 29 21 33 27
4486 21 29 19 29 106 1 22 27 29 35 33 27
4487 21 38 39 28 74 64 21 20 26 20 33 27
4488 21 32 37 28 76 5 22 24 23 2 33 27
4489 21 26 18 26 192 25 19 14 28 9 33 27
4490 21 34 34 35 59 91 23 33 26 38 33 27
4491 21 34 32 27 81 48 22 22 27 25 33 27
4492 21 30 21 24 87 45 22 36 14 39 33 27
4493 21 31 35 38 144 69 24 40 25 15 33 27
4494 21 35 37 28 107 74 26 25 26 46 33 27
4495 21 30 29 30 51 13 21 15 30 26 33 27
4496 21 26 23 27 181 53 19 17 28 4 33 27
4497 21 30 34 44 119 1 24 25 27 8 33 27
4498 21 32 37 41 88 99 22 48 25 21 33 27
4499 21 31 31 33 87 1 20 17 24 3 33 27
4500 21 32 29 18 92 50 19 38 28 24 33 27
4501 21 34 36 31 88 1 25 18 28 16 33 27
4502 21 36 40 31 100 1 21 34 21 31 33 27
4503 21 35 34 34 113 12 22 42 21 47 33 27
4504 21 33 31 29 236 34 27 27 30 1 33 27
4505 21 29 29 23 119 53 23 17 24 1 33 27
4506 21 29 20 20 221 23 16 17 18 13 33 27
4507 21 34 35 28 178 1 24 24 29 23 33 27
4508 21 27 27 36 49 70 23 21 24 22 33 27
4509 21 28 26 23 99 43 20 19 31 1 32 27
4510 22 28 30 31 105 32 20 35 27 22 33 27
4511 21 28 22 21 56 16 20 21 25 1 33 27
4512 21 29 27 24 58 1 26 34 33 28 33 27
4513 21 30 28 31 68 33 22 1 25 25 33 27
4514 21 29 31 29 164 50 20 25 25 12 33 27
4515 21 31 30 29 56 42 24 29 23 19 33 27
4516 21 30 24 34 65 18 20 29 32 27 33 27
4517 21 29 28 16 60 66 24 22 24 1 33 27
4518 21 35 36 34 50 20 25 30 32 39 33 27
4519 21 32 26 22 47 63 20 49 28 36 33 27
4520 21 33 34 32 65 1 27 33 30 30 33 27
4521 21 32 38 41 107 1 22 1 33 19 33 27
4522 21 33 36 24 64 54 21 16 26 18 33 27
4523 21 27 31 28 55 59 20 23 29 1 33 27
4524 21 29 22 26 291 1 30 40 25 21 33 27
4525 21 35 35 31 51 18 25 35 31 38 33 27
4526 21 33 31 28 59 110 25 31 28 21 33 27
4527 21 26 25 36 67 54 17 18 23 2 33 27
4528 21 28 17 23 65 14 24 31 26 33 33 27
4529 21 34 38 19 61 51 19 20 25 14 33 27
4530 21 29 23 28 119 1 18 29 25 32 33 27
4531 21 28 19 27 46 1 18 40 31 39 33 27
4532 21 34 30 25 99 13 18 26 24 34 33 27
4533 21 34 38 33 64 1 24 23 23 42 33 27
4534 21 30 30 33 99 13 24 29 24 14 33 27
4535 21 30 29 24 55 61 18 21 28 9 33 27
4536 21 36 34 26 78 14 24 18 28 26 33 27
4537 21 38 32 18 59 48 25 28 28 46 33 27
4538 21 30 24 31 68 15 25 25 25 32 33 27
4539 21 25 17 17 78 11 19 22 27 1 32 27
4540 21 31 34 19 59 81 14 19 26 1 32 27
4541 21 32 32 26 59 47 21 109 52 23 33 27
4542 21 35 32 35 129 1 29 25 26 25 33 27
4543 21 30 22 12 65 1 25 17 30 18 33 27
4544 21 32 29 13 61 62 21 16 30 1 33 27
4545 21 23 14 20 53 19 22 23 28 1 33 27
4546 21 24 13 22 72 1 22 15 27 1 33 27
4547 21 26 18 24 52 17 22 27 25 16 33 27
4548 21 36 35 19 51 92 23 25 30 18 33 27
4549 22 40 41 25 66 49 23 29 27 31 33 27
4550 21 32 39 32 193 71 18 25 29 20 33 27
4551 21 25 18 21 94 26 21 23 27 11 33 27
4552 21 33 40 30 95 60 19 13 24 1 33 27
4553 21 24 18 26 513 30 19 26 21 9 33 27
4554 21 36 33 26 84 51 19 21 26 47 33 27
4555 21 37 37 20 92 1 26 23 29 31 33 27
4556 21 26 32 36 112 1 20 29 25 7 33 27
4557 21 33 28 22 59 1 20 21 21 24 33 27
4558 21 32 29 31 46 1 22 27 26 24 33 27
4559 21 32 30 31 111 47 28 47 32 2 33 27
4560 21 27 23 24 72 1 23 46 20 9 33 27
4561 21 34 38 27 80 66 19 18 23 27 33 27
4562 21 34 35 32 121 48 20 27 18 21 33 27
4563 21 30 33 32 121 85 23 23 32 8 33 27
4564 21 36 31 20 135 1 22 28 24 33 33 27
4565 21 33 32 17 61 27 21 24 23 14 33 27
4566 21 30 23 32 150 14 26 47 23 46 33 27
4567 21 28 21 18 84 34 25 9 33 18 33 26
4568 21 33 35 38 81 1 26 23 30 21 33 27
4569 21 31 29 31 61 35 23 26 29 34 33 27
4570 21 24 7 14 47 1 21 23 27 1 33 27
4571 21 32 31 34 76 29 23 29 23 28 33 27
4572 21 37 36 17 104 20 22 19 28 21 33 27
4573 21 27 20 23 67 3 21 30 18 19 33 27
4574 21 34 34 13 98 37 19 29 30 24 33 27
4575 21 31 24 19 68 1 22 23 30 1 32 27
4576 21 36 35 22 57 30 25 24 22 18 33 27
4577 21 36 33 30 100 61 22 32 31 28 33 27
4578 21 28 28 22 56 1 21 17 24 10 33 27
4579 21 28 25 29 261 23 25 23 28 8 33 27
4580 21 27 23 25 75 88 24 23 22 11 33 27
4581 21 34 30 26 93 1 22 43 21 44 33 26
4582 21 31 38 35 69 40 23 31 22 26 33 27
4583 21 28 25 22 99 1 19 38 31 5 33 27
4584 21 36 40 26 79 15 21 27 27 11 33 27
4585 21 37 37 24 80 1 21 38 22 40 33 27
4586 21 30 23 21 112 1 20 30 21 27 33 27
4587 21 30 31 17 56 66 23 17 27 6 33 27
4588 22 34 34 24 120 52 25 21 27 12 33 27
4589 22 31 32 35 99 1 24 43 30 36 34 27
4590 21 31 26 15 132 27 18 22 26 2 33 27
4591 21 26 22 30 168 1 23 28 22 10 33 27
4592 21 31 33 27 160 53 22 21 29 12 33 27
4593 21 33 30 32 74 29 23 22 24 19 33 27
4594 22 37 37 37 47 50 26 31 27 39 33 27
4595 21 27 20 32 38 25 26 34 27 36 33 27
4596 21 30 34 30 88 38 20 33 27 16 33 27
4597 21 30 21 28 50 28 21 20 25 9 33 27
4598 21 44 52 27 100 24 18 19 25 47 33 27
4599 21 28 14 12 233 25 22 20 26 17 33 27
4600 21 37 38 22 62 36 26 14 27 10 33 27
4601 21 41 48 30 95 1 28 23 29 32 33 27
4602 21 32 30 21 94 1 22 24 28 19 33 27
4603 21 21 13 20 70 1 27 19 28 1 33 27
4604 21 33 32 25 61 91 22 18 29 4 33 27
4605 21 37 45 31 112 47 20 26 29 16 33 27
4606 21 34 41 33 85 27 29 28 32 37 33 27
4607 21 28 23 30 93 21 24 24 30 16 33 27
4608 21 34 33 15 92 1 21 18 29 3 33 27
4609 21 35 35 24 57 62 19 15 26 13 33 27
4610 21 34 33 23 99 26 26 29 30 31 33 27
4611 21 30 25 22 112 31 24 17 25 9 33 27
4612 21 28 37 45 59 1 24 44 31 17 33 27
4613 21 33 31 29 122 1 21 33 30 30 33 27
4614 21 32 37 34 106 1 23 29 25 27 33 27
4615 21 33 36 35 76 1 25 30 21 40 33 27
4616 21 32 26 29 74 1 22 30 21 38 33 27
4617 21 28 28 38 40 14 26 34 25 30 33 27
4618 21 29 23 20 80 1 24 26 26 31 33 27
4619 21 32 28 15 88 5 24 24 28 1 33 27
4620 21 31 30 33 92 20 23 25 16 38 33 27
4621 21 33 31 28 59 8 24 27 31 29 33 27
4622 21 35 27 19 125 31 47 12 25 29 33 27
4623 21 29 30 27 107 77 18 20 36 9 33 27
4624 21 29 28 34 56 17 24 29 26 20 33 27
4625 21 39 42 24 198 6 21 33 25 33 33 27
4626 21 25 19 31 150 50 21 30 20 21 33 27
4627 21 34 31 10 102 44 24 21 27 2 33 27
4628 21 35 37 29 61 48 21 29 26 25 33 27
4629 21 31 28 25 85 1 24 30 31 19 33 27
4630 21 30 28 26 55 20 23 16 27 14 33 27
4631 21 31 31 24 78 74 20 29 22 4 33 27
4632 21 24 18 27 86 1 26 27 33 13 33 27
4633 21 39 38 12 71 1 22 34 25 31 33 27
4634 21 35 39 28 80 87 24 33 29 22 33 27
4635 21 29 24 31 48 1 26 21 29 28 33 27
4636 21 29 21 26 67 1 23 28 23 24 33 27
4637 21 30 24 28 67 15 24 32 20 28 33 27
4638 21 32 27 26 72 1 19 25 24 15 32 26
4639 21 35 33 24 87 1 25 25 27 27 33 27
4640 21 28 23 31 91 1 22 32 25 30 33 27
4641 21 36 36 21 733 1 23 18 26 23 33 27
4642 21 35 36 26 52 95 19 28 28 24 33 27
4643 21 27 13 6 46 1 23 35 26 10 33 27
4644 21 27 26 28 215 20 25 33 26 7 33 27
4645 21 31 29 16 68 66 23 18 27 5 33 27
4646 21 29 29 40 80 7 23 32 25 34 33 27
4647 21 35 37 17 129 31 22 34 16 16 33 27
4648 21 27 33 40 49 47 23 40 30 1 33 27
4649 21 26 25 30 102 18 23 26 33 20 33 27
4650 21 34 32 31 85 132 23 32 29 27 33 27
4651 21 25 11 21 58 4 21 34 18 14 33 27
4652 21 33 29 23 54 18 24 19 31 25 33 27
4653 21 29 31 35 95 23 23 40 25 32 33 27
4654 21 29 32 31 51 32 21 28 32 9 33 27
4655 21 33 25 18 56 27 25 25 31 26 33 27
4656 21 30 29 28 80 62 23 1 34 14 33 27
4657 22 28 23 19 266 20 19 32 26 24 33 27
4658 21 34 29 18 134 14 22 22 27 5 33 27
4659 21 37 39 32 91 71 23 1 26 23 33 27
4660 21 30 28 13 79 5 25 24 28 1 33 27
4661 21 35 40 28 75 82 29 35 31 22 33 27
4662 21 37 43 19 205 71 23 22 29 7 33 26
4663 21 29 24 21 48 31 23 28 23 15 33 27
4664 21 38 41 32 146 85 26 27 26 29 33 27
4665 21 29 24 33 47 22 23 1 23 25 33 27
4666 21 29 29 27 62 22 22 40 20 8 33 27
4667 21 32 28 23 92 11 22 24 31 8 33 27
4668 22 28 19 4 91 9 21 26 27 1 33 27
4669 21 33 32 24 55 29 22 30 22 15 33 27
4670 21 29 20 11 60 32 22 23 30 6 33 27
4671 21 29 26 31 44 27 22 24 20 14 33 27
4672 21 22 9 23 46 1 22 28 22 4 33 27
4673 21 31 30 39 103 1 20 31 21 31 33 27
4674 21 28 23 11 46 14 24 20 29 12 33 27
4675 21 31 30 25 50 26 20 27 21 28 33 27
4676 21 24 25 36 98 1 20 25 25 1 33 27
4677 21 29 26 33 49 27 19 25 27 16 33 27
4678 21 30 25 21 102 24 24 17 26 25 33 27
4679 21 25 17 19 45 5 25 20 28 20 33 27
4680 21 29 23 29 82 1 19 34 22 33 33 27
4681 21 32 23 13 85 17 24 30 36 6 33 27
4682 21 53 17 17 76 18 22 30 25 7 33 27
4683 21 36 37 26 239 1 22 42 23 35 33 27
4684 21 31 30 26 99 29 22 35 25 19 33 27
4685 21 31 30 18 190 4 20 18 25 2 33 27
4686 21 33 30 25 61 59 24 28 25 20 33 27
4687 21 28 26 21 50 26 21 21 29 1 33 27
4688 21 29 27 22 63 28 24 30 24 17 33 27
4689 21 34 29 20 55 37 24 29 31 37 33 27
4690 21 31 34 29 60 47 22 27 33 24 33 27
4691 21 35 35 40 53 1 21 30 28 36 33 27
4692 21 33 37 24 58 104 21 25 26 11 33 27
4693 21 34 33 24 165 77 29 31 30 26 33 27
4694 21 30 24 21 106 1 32 15 36 12 33 27
4695 21 28 31 36 66 55 22 36 25 13 33 27
4696 21 27 20 27 143 1 20 21 28 14 33 27
4697 21 32 24 18 92 32 23 18 27 15 33 27
4698 21 30 28 31 50 55 23 36 33 1 33 27
4699 21 34 30 28 81 58 21 24 34 20 33 27
4700 21 30 27 31 156 1 24 47 23 11 33 27
4701 21 32 24 20 135 1 23 23 32 14 33 27
4702 21 28 24 28 64 1 19 32 26 27 33 27
4703 21 33 31 30 53 38 23 22 29 28 33 27
4704 21 31 26 13 99 72 20 21 26 1 33 27
4705 21 30 26 31 63 1 24 33 23 23 33 27
4706 21 33 29 27 44 35 22 23 31 39 33 27
4707 21 36 42 21 61 1 19 23 22 34 33 27
4708 21 41 42 25 62 9 17 23 26 16 33 27
4709 21 32 28 19 84 31 22 25 28 34 33 27
4710 21 33 32 32 112 2 18 22 19 17 33 27
4711 21 26 6 6 66 1 22 18 20 9 33 27
4712 21 35 34 29 58 50 27 31 27 22 33 27
4713 21 37 41 32 80 29 24 28 27 26 33 27
4714 21 24 15 34 110 51 25 18 27 9 33 27
4715 21 28 23 24 142 16 24 29 28 1 33 27
4716 21 31 31 35 108 1 19 34 26 32 33 27
4717 21 32 30 28 71 29 19 23 26 44 33 27
4718 21 31 31 30 97 81 25 28 26 12 33 27
4719 21 28 28 23 60 16 19 26 28 12 33 27
4720 21 35 34 15 142 1 20 20 26 5 33 27
4721 21 31 29 24 43 1 25 30 38 20 33 27
4722 21 37 37 14 199 24 23 18 21 19 33 27
4723 21 31 27 23 60 24 23 31 27 5 33 27
4724 21 29 26 26 97 1 40 22 25 6 33 27
4725 21 27 17 22 50 1 17 37 16 9 33 27
4726 21 29 28 24 133 26 22 28 20 6 33 27
4727 21 35 37 23 97 1 23 18 25 25 33 27
4728 21 38 37 28 48 38 22 40 24 42 33 27
4729 21 25 8 12 54 1 19 1 25 6 33 27
4730 21 31 31 35 46 2 20 28 30 26 33 27
4731 21 30 27 19 91 1 24 16 27 7 33 27
4732 21 33 39 27 189 1 21 18 28 12 33 27
4733 21 27 27 25 136 7 16 26 20 3 33 27
4734 21 27 25 26 56 9 20 39 19 2 33 27
4735 21 33 35 22 107 116 23 21 25 1 33 27
4736 21 35 37 30 98 15 21 27 30 30 33 27
4737 21 29 31 27 57 13 16 23 16 1 33 27
4738 21 34 33 27 105 48 26 28 34 14 33 27
4739 21 33 30 27 75 24 26 33 24 37 33 27
4740 21 30 32 35 140 1 18 38 22 23 33 27
4741 21 34 44 37 96 72 19 31 26 28 33 27
4742 21 32 27 16 103 20 24 41 23 30 33 27
4743 21 29 25 26 73 75 25 17 33 11 33 27
4744 21 33 38 45 81 8 20 29 29 29 33 27
4745 21 28 24 22 54 1 22 26 27 4 33 27
4746 21 29 28 31 119 36 26 30 21 19 33 27
4747 21 30 31 35 139 22 28 30 32 34 33 27
4748 21 38 40 28 120 43 20 23 27 22 33 27
4749 21 23 21 22 133 12 21 19 18 2 32 27
4750 21 36 44 33 99 99 30 25 18 20 33 27
4751 21 33 32 20 58 32 26 35 22 21 33 27
4752 21 38 39 31 121 34 25 1 98 40 33 27
4753 21 28 25 21 121 3 20 19 26 1 33 27
4754 21 29 24 15 65 84 19 20 27 1 33 27
4755 21 29 30 33 93 1 22 33 27 8 33 27
4756 21 37 43 33 140 42 24 27 24 19 33 27
4757 21 29 27 34 125 92 25 17 35 21 33 27
4758 21 30 29 30 92 47 28 19 34 18 33 27
4759 21 28 29 44 45 78 23 32 24 21 33 27
4760 21 31 32 30 106 21 28 24 29 1 33 27
4761 21 40 55 37 159 1 28 27 29 30 33 27
4762 21 34 39 29 60 92 18 25 23 11 33 27
4763 21 35 38 37 58 49 19 36 30 47 33 27
4764 21 31 29 28 52 28 14 1 28 29 33 27
4765 21 35 34 27 61 13 19 27 24 22 33 27
4766 21 23 16 23 118 1 27 24 28 1 33 27
4767 21 31 29 29 79 21 22 31 30 23 33 27
4768 21 31 32 30 54 3 20 31 28 37 33 27
4769 21 30 23 25 53 12 22 27 28 11 33 27
4770 21 35 38 23 154 105 22 26 26 22 33 27
4771 21 26 9 15 117 1 20 29 17 16 33 27
4772 21 33 34 26 80 22 19 27 23 13 33 27
4773 21 32 24 17 58 58 23 24 24 23 33 27
4774 21 28 26 35 356 1 18 35 22 30 33 27
4775 21 30 26 25 102 74 21 23 25 9 33 27
4776 21 31 24 15 76 33 23 24 25 10 33 27
4777 21 36 33 27 51 1 20 19 24 32 33 27
4778 21 32 29 32 107 27 20 34 27 35 33 27
4779 21 31 28 31 67 43 24 25 37 19 33 27
4780 22 33 25 23 81 24 24 25 22 26 33 27
4781 21 33 35 34 59 1 19 36 27 35 33 27
4782 21 25 15 25 114 1 21 31 30 15 32 27
4783 21 30 25 29 48 3 20 31 24 36 33 27
4784 21 34 37 20 221 70 23 23 25 1 33 27
4785 21 33 33 29 109 7 27 27 22 26 33 27
4786 21 28 24 26 51 57 22 18 24 8 33 27
4787 21 29 29 20 67 86 21 24 23 12 33 27
4788 21 29 30 31 44 32 24 22 35 19 33 27
4789 21 35 41 30 134 90 20 20 21 10 33 27
4790 21 38 28 6 99 79 23 30 31 33 33 27
4791 21 34 36 23 63 1 19 22 28 5 33 27
4792 21 34 32 27 74 1 21 27 27 37 33 27
4793 21 24 23 28 67 1 22 18 25 1 33 27
4794 21 30 31 29 63 4 21 32 23 1 33 27
4795 21 36 37 26 72 42 21 20 29 18 33 27
4796 22 30 23 15 108 1 25 41 19 14 33 27
4797 21 28 23 22 113 25 28 1 27 11 33 27
4798 21 26 15 22 84 8 21 30 27 24 33 27
4799 21 24 22 39 50 19 21 26 21 9 33 27
4800 21 28 27 32 43 31 22 39 22 7 33 27
4801 21 36 38 25 73 43 21 15 27 21 33 27
4802 21 31 28 30 158 1 22 35 29 19 33 27
4803 21 31 35 36 72 49 21 27 23 11 33 27
4804 21 31 36 27 138 108 20 51 20 6 33 27
4805 21 32 32 24 160 54 18 31 22 9 33 27
4806 21 33 29 14 205 26 22 31 33 13 33 27
4807 21 26 23 24 84 1 24 14 31 19 33 27
4808 21 27 29 35 78 1 19 1 26 1 33 27
4809 21 24 13 18 88 11 22 27 21 1 33 27
4810 21 33 26 17 356 1 20 1 32 2 33 27
4811 21 33 38 32 92 1 18 1 41 12 33 27
4812 21 30 27 20 53 28 22 22 19 15 33 27
4813 21 26 13 20 139 60 28 26 31 16 33 27
4814 21 29 18 18 76 1 20 22 21 23 33 27
4815 21 31 32 29 56 52 23 25 22 9 33 27
4816 21 26 23 32 80 1 24 1 35 13 33 27
4817 22 33 28 28 61 30 27 33 30 35 33 27
4818 21 30 31 23 83 1 23 20 30 11 33 27
4819 21 33 37 26 62 1 22 26 24 1 33 27
4820 21 31 28 25 71 65 28 50 32 31 33 27
4821 21 24 27 30 63 1 23 21 30 1 33 27
4822 21 28 24 34 101 59 25 20 31 9 33 27
4823 21 31 32 37 53 41 27 42 34 23 33 27
4824 21 30 26 17 58 32 24 14 29 1 32 27
4825 21 36 45 38 127 24 25 14 29 37 33 27
4826 21 27 17 20 111 2 24 18 28 1 33 27
4827 21 33 36 44 73 36 25 36 31 45 33 27
4828 21 33 29 22 59 1 22 21 26 31 33 27
4829 21 35 36 33 235 32 27 36 31 41 34 27
4830 21 34 34 31 86 1 25 31 25 35 33 27
4831 21 35 38 26 104 72 20 25 30 31 33 27
4832 21 27 24 31 175 1 21 28 24 26 33 27
4833 21 28 16 23 41 1 22 31 32 42 33 27
4834 21 31 28 20 57 70 23 17 26 4 33 27
4835 21 28 28 34 68 1 20 30 29 1 33 27
4836 21 37 40 34 146 59 22 29 28 38 33 27
4837 21 31 28 20 73 21 23 26 25 11 33 27
4838 21 29 25 29 99 79 21 20 27 20 33 27
4839 21 31 26 19 48 13 24 13 27 28 33 27
4840 21 36 46 34 120 1 27 22 41 21 33 27
4841 21 37 35 30 110 62 21 1 25 38 33 27
4842 21 29 27 22 78 20 23 25 27 1 33 27
4843 21 26 17 27 161 1 20 27 19 27 33 27
4844 21 34 29 23 189 1 25 28 29 30 33 27
4845 21 28 22 26 65 31 21 28 27 15 33 27
4846 21 37 39 19 203 127 24 28 26 12 33 27
4847 21 31 37 29 93 94 22 26 24 1 33 27
4848 21 27 28 28 58 29 23 24 28 1 33 27
4849 21 31 35 37 176 45 27 47 33 11 33 27
4850 21 32 28 26 113 1 24 25 30 11 33 27
4851 21 38 37 34 64 52 22 34 21 56 33 27
4852 21 35 34 16 86 51 19 22 20 1 33 27
4853 21 33 42 33 82 66 25 16 24 27 33 27
4854 21 28 22 29 93 34 19 35 18 19 33 27
4855 21 31 29 32 57 16 24 34 22 28 33 27
4856 21 37 43 28 78 35 24 29 27 16 33 27
4857 21 31 31 27 106 38 25 24 29 1 33 27
4858 21 41 39 17 70 3 27 18 29 38 33 27
4859 21 33 31 27 138 49 21 1 26 18 33 27
4860 21 27 14 22 59 10 25 30 33 39 33 27
4861 21 30 31 26 57 1 20 28 32 29 33 27
4862 21 28 27 28 78 75 30 43 21 1 33 27
4863 21 32 32 28 120 23 26 29 28 26 33 27
4864 21 35 35 24 122 1 20 21 19 12 33 27
4865 21 32 34 32 61 96 22 1 32 19 33 27
4866 21 32 38 26 59 112 22 26 31 10 33 27
4867 21 30 31 21 80 92 22 23 32 9 33 27
4868 21 29 27 31 249 32 26 20 23 8 33 27
4869 21 34 32 18 141 10 24 1 26 13 32 26
4870 21 31 24 28 94 7 22 32 24 30 33 27
4871 21 33 36 25 68 83 25 23 30 1 32 27
4872 21 32 36 26 79 103 25 20 23 8 33 27
4873 21 32 34 29 54 34 17 20 22 8 33 27
4874 21 33 36 21 55 55 21 18 27 1 33 27
4875 21 25 15 28 109 1 25 31 25 5 33 27
4876 21 34 28 19 139 88 26 46 21 26 33 27
4877 21 32 39 39 109 50 28 35 33 21 33 27
4878 21 35 37 24 107 55 26 18 22 14 33 27
4879 21 27 28 23 64 59 21 26 32 1 33 27
4880 21 34 39 35 88 113 29 20 29 21 33 27
4881 21 29 30 40 105 27 26 23 32 20 33 27
4882 21 32 30 19 125 28 21 14 26 1 32 26
4883 21 32 27 29 48 59 21 29 30 27 33 27
4884 21 38 43 25 143 1 21 25 31 36 33 27
4885 21 33 37 22 51 3 25 41 31 32 33 27
4886 21 32 33 34 80 1 21 34 25 28 33 27
4887 21 35 35 24 56 68 25 25 28 17 33 27
4888 21 31 28 24 133 95 30 28 32 28 33 27
4889 21 30 21 7 64 4 21 21 29 8 33 27
4890 21 39 48 33 94 70 23 19 23 29 33 27
4891 21 31 31 34 115 1 25 33 25 6 33 27
4892 21 30 32 27 140 57 21 30 25 12 33 27
4893 21 30 29 25 95 30 23 13 23 3 33 27
4894 21 36 42 29 65 95 27 17 26 10 33 27
4895 21 30 30 26 48 48 16 18 24 20 33 27
4896 21 31 36 30 61 26 22 29 19 16 33 27
4897 21 36 45 42 132 1 20 31 24 23 33 27
4898 21 28 33 41 52 27 25 14 31 7 33 27
4899 21 32 40 28 71 2 20 18 24 14 33 27
4900 21 32 23 11 134 13 20 16 21 1 32 27
4901 21 34 36 23 64 36 25 27 28 37 33 27
4902 21 30 30 29 88 3 20 32 29 19 33 27
4903 21 26 19 7 110 46 21 10 29 1 32 26
4904 21 32 37 32 133 84 21 1 32 1 33 27
4905 21 32 30 17 167 1 22 36 25 14 33 27
4906 21 35 34 29 47 43 23 25 25 36 33 27
4907 21 28 25 25 94 25 20 24 22 10 33 27
4908 21 27 19 22 81 1 18 24 26 14 33 27
4909 21 26 27 29 55 115 26 37 19 8 33 27
4910 21 25 15 34 74 5 25 29 33 25 33 27
4911 21 39 42 29 107 47 26 29 34 25 33 27
4912 21 28 22 33 72 1 24 36 30 16 33 27
4913 21 32 29 26 110 40 27 28 22 31 33 27
4914 21 31 22 13 51 65 21 30 26 36 33 27
4915 21 30 24 27 67 24 22 22 23 20 33 27
4916 21 42 46 25 78 26 23 40 33 47 33 27
4917 21 36 41 27 134 57 23 29 29 35 33 27
4918 21 30 34 23 103 46 20 23 34 1 33 27
4919 21 31 29 18 69 52 21 13 24 1 32 27
4920 21 32 27 26 353 44 21 23 28 26 33 27
4921 21 36 32 27 83 37 37 21 33 31 33 27
4922 21 33 33 22 166 35 22 27 29 18 33 27
4923 21 27 17 18 188 1 29 26 31 5 33 27
4924 21 30 25 14 103 12 22 21 25 2 33 27
4925 21 30 33 31 76 27 27 18 26 10 33 27
4926 21 34 27 18 75 50 19 33 30 25 33 27
4927 21 35 35 30 66 1 22 30 27 30 33 27
4928 21 30 27 32 88 1 23 32 24 36 33 27
4929 21 32 34 31 97 1 24 29 24 25 33 27
4930 21 31 28 27 76 16 25 25 26 32 33 27
4931 21 29 31 38 105 1 20 22 26 24 33 27
4932 21 22 9 17 50 8 25 25 25 1 33 27
4933 21 32 31 24 54 13 23 24 28 35 33 27
4934 21 27 21 20 207 1 23 27 30 20 33 27
4935 21 33 33 24 126 37 20 17 24 1 33 27
4936 21 32 33 30 89 11 20 1 29 18 33 27
4937 21 32 31 28 48 69 16 29 24 27 33 27
4938 21 25 24 32 58 53 19 21 26 8 33 27
4939 21 27 14 16 49 21 25 27 28 11 33 27
4940 21 29 31 31 57 25 23 24 30 9 33 27
4941 21 28 17 16 90 1 25 29 37 17 33 27
4942 22 33 30 34 89 1 22 31 32 43 34 27
4943 21 28 27 26 57 39 22 37 31 15 33 27
4944 21 33 41 31 117 42 24 24 33 11 33 27
4945 21 33 36 34 49 50 21 21 34 33 33 27
4946 21 31 33 26 121 1 22 33 23 21 33 27
4947 21 25 12 18 116 27 23 32 27 13 33 27
4948 21 34 40 29 140 22 21 22 28 26 33 27
4949 21 29 19 13 80 13 21 28 29 1 33 27
4950 21 33 27 16 142 17 21 23 25 30 33 27
4951 21 27 18 10 55 1 23 24 32 1 32 27
4952 21 31 33 26 69 48 24 37 31 6 32 26
4953 21 30 26 17 84 62 22 35 27 16 33 27
4954 21 28 24 23 43 44 20 26 27 1 33 27
4955 21 31 22 22 72 1 21 19 22 12 33 27
4956 21 31 35 40 113 87 30 23 30 23 33 27
4957 21 33 33 19 84 26 26 43 33 24 33 27
4958 21 35 33 25 140 38 27 17 20 14 33 27
4959 21 28 27 26 105 41 23 26 24 19 33 27
4960 21 31 31 33 130 14 19 29 28 17 33 27
4961 21 39 44 32 62 37 24 22 31 31 33 27
4962 21 28 22 14 61 25 25 18 26 1 33 27
4963 21 27 21 23 68 9 22 25 26 9 33 27
4964 21 31 32 26 108 1 21 27 25 17 33 27
4965 21 32 26 22 44 7 21 20 31 39 33 27
4966 21 34 35 29 102 1 22 23 27 30 33 27
4967 21 35 40 30 84 64 24 28 29 25 33 27
4968 21 29 23 25 174 1 23 16 32 16 33 27
4969 21 32 27 10 64 1 22 22 27 19 33 27
4970 21 32 30 25 113 1 22 26 30 25 33 27
4971 21 29 29 26 71 91 26 28 29 21 33 27
4972 21 31 27 26 209 1 23 36 27 27 33 27
4973 21 32 34 35 98 39 21 1 29 7 33 27
4974 21 35 39 30 67 1 21 24 29 13 33 27
4975 21 25 29 40 42 55 21 23 29 1 33 27
4976 21 27 29 33 78 37 24 31 27 8 33 27
4977 21 31 32 22 91 29 24 25 28 9 33 27
4978 21 32 33 28 81 1 28 29 23 22 33 27
4979 21 31 24 20 65 48 22 28 27 8 33 27
4980 21 26 19 22 72 4 19 29 25 13 33 27
4981 21 31 29 33 75 17 25 28 26 31 33 27
4982 21 29 25 30 175 29 22 36 21 36 33 27
4983 21 30 29 26 161 43 20 27 24 19 33 27
4984 21 31 33 33 59 1 20 28 25 32 33 27
4985 21 33 30 18 63 47 23 26 24 27 33 27
4986 21 33 30 29 133 17 23 27 27 26 33 27
4987 22 31 23 27 110 13 16 33 24 24 33 27
4988 21 30 19 14 92 10 22 20 28 11 33 27
4989 21 35 33 23 108 1 20 24 29 27 33 27
4990 21 34 25 10 136 3 20 19 27 21 33 27
4991 21 34 33 28 91 27 25 26 27 23 33 27
4992 21 32 28 30 88 1 20 21 22 32 33 27
4993 21 22 17 25 160 1 18 27 23 11 32 27
4994 21 32 30 24 77 3 20 29 28 36 33 27
4995 21 37 36 27 50 88 18 25 25 23 33 27
4996 21 27 25 30 69 84 25 26 25 14 33 27
4997 21 35 37 30 75 1 21 28 33 41 33 27
4998 21 32 30 30 80 31 22 22 23 21 33 27
4999 21 25 30 38 53 4 23 17 29 16 33 27
5000 21 29 26 27 86 1 21 33 20 20 33 27
