1 24 24 17 25 63 12 29 11 30 12 36 30
2 24 37 38 33 81 11 23 32 26 38 36 30
3 24 38 40 26 72 41 24 25 25 4 36 30
4 23 28 13 23 175 1 23 29 25 6 36 30
5 23 28 18 19 91 1 20 18 25 8 36 30
6 24 35 34 33 115 20 24 24 28 17 36 30
7 24 30 18 17 56 15 23 21 26 18 36 30
8 24 27 25 29 129 1 21 25 29 22 36 30
9 24 46 43 31 97 53 25 26 29 20 36 30
10 24 40 30 18 69 36 21 27 33 12 36 30
11 24 35 24 23 96 1 18 17 24 14 36 30
12 24 36 32 21 99 88 25 37 33 30 36 30
13 24 42 36 12 138 80 28 45 33 32 36 30
14 24 31 26 30 54 1 27 23 31 18 36 30
15 24 27 21 31 101 14 22 36 30 30 36 30
16 24 37 34 23 151 1 23 27 25 22 36 30
17 24 41 39 19 102 61 28 25 29 36 36 30
18 24 48 38 13 387 29 21 20 27 31 36 30
19 24 30 34 20 87 4 23 34 27 18 36 30
20 24 33 28 32 128 8 21 31 26 29 36 30
21 24 34 36 39 65 13 22 34 28 36 36 30
22 24 37 40 20 66 134 23 35 29 13 36 30
23 24 39 44 47 78 80 22 32 23 40 36 30
24 24 23 19 39 64 45 28 44 27 10 36 30
25 23 30 27 32 57 24 26 32 28 29 36 30
26 24 27 29 42 105 14 29 24 29 20 36 30
27 24 29 38 37 91 80 22 33 24 24 36 30
28 24 35 25 30 123 6 26 37 27 39 36 30
29 24 38 38 31 180 60 25 31 26 27 36 30
30 24 33 25 30 99 35 21 34 25 23 36 30
31 24 34 43 38 193 18 30 32 30 32 36 30
32 24 27 29 27 74 45 24 29 36 9 36 30
33 24 40 38 33 122 2 24 26 28 37 36 30
34 24 32 23 22 127 6 23 30 24 18 36 30
35 24 35 37 38 86 72 28 22 26 13 36 30
36 24 32 35 42 98 42 22 31 31 20 36 30
37 24 32 24 29 144 71 27 26 37 12 36 30
38 24 33 38 39 69 31 22 37 31 26 36 30
39 23 34 33 24 179 54 21 28 35 15 36 30
40 24 35 39 32 91 18 22 28 31 29 36 30
41 24 30 17 24 114 1 20 1 25 9 36 30
42 24 33 37 37 70 36 30 51 32 35 36 30
43 23 31 21 16 82 1 24 26 30 9 36 29
44 24 30 27 35 91 1 24 30 31 24 36 30
45 24 31 31 30 68 64 26 34 31 20 36 30
46 23 39 37 30 75 82 21 27 31 27 36 30
47 24 31 34 35 86 98 22 35 27 29 36 30
48 24 34 21 14 139 26 26 23 25 11 36 30
49 24 32 28 27 98 1 23 19 30 32 36 30
50 24 34 31 23 206 7 23 33 31 19 36 30
51 24 42 37 22 266 1 26 21 36 17 36 30
52 23 40 42 29 97 82 19 25 35 25 36 29
53 24 24 29 34 65 1 18 48 28 15 36 30
54 24 43 57 43 80 1 24 34 29 32 36 30
55 24 32 16 21 60 1 22 23 32 21 36 30
56 24 30 27 32 111 1 25 19 24 9 36 30
57 24 39 38 23 98 87 23 35 29 19 36 30
58 24 27 25 39 88 35 19 35 23 6 36 30
59 24 35 22 5 178 2 24 24 31 17 36 30
60 23 26 16 24 129 1 24 25 24 19 35 30
61 24 35 31 31 162 17 28 28 36 37 36 30
62 24 33 25 13 149 1 22 24 27 22 36 30
63 24 32 21 23 91 1 23 26 30 16 36 30
64 24 30 26 14 88 92 23 22 30 6 36 30
65 24 33 37 44 107 1 20 36 25 22 36 30
66 24 40 38 23 128 102 26 31 31 7 36 30
67 24 31 25 27 87 60 26 37 33 20 36 30
68 24 32 33 40 124 41 22 34 29 24 36 30
69 24 38 29 29 91 23 22 31 29 32 36 30
70 24 40 26 18 53 24 30 34 27 34 36 30
71 24 28 24 19 53 6 28 29 31 13 36 30
72 24 43 44 26 99 15 27 1 31 33 36 30
73 24 30 33 27 149 28 21 20 28 27 36 30
74 24 33 23 29 70 55 22 33 23 16 36 30
75 24 36 27 28 77 1 22 28 28 30 36 30
76 24 31 29 30 96 1 28 24 36 29 36 30
77 24 34 38 33 187 63 28 26 30 14 36 30
78 24 26 17 37 47 50 22 29 23 8 36 30
79 24 31 34 24 88 31 20 22 32 11 36 30
80 24 31 33 38 67 1 26 30 27 25 36 30
81 24 35 28 31 103 56 23 27 33 12 36 30
82 24 41 36 27 191 55 29 31 29 39 36 30
83 24 28 22 27 125 44 28 20 27 18 36 30
84 24 22 26 39 132 14 28 35 29 14 36 30
85 24 34 38 26 99 138 26 33 33 2 36 30
86 24 37 33 23 142 14 18 21 19 25 36 30
87 24 26 17 19 107 25 20 16 25 4 36 30
88 24 37 37 35 52 1 26 45 31 32 36 30
89 24 34 34 28 87 62 24 26 32 6 36 30
90 24 25 24 18 223 14 18 23 28 15 36 30
91 24 24 12 27 182 12 26 18 25 13 36 30
92 24 42 49 32 157 30 25 29 32 13 36 30
93 24 35 22 19 93 45 25 20 25 38 36 30
94 24 40 47 35 212 35 27 23 37 24 36 30
95 23 25 18 27 144 21 24 15 26 18 35 29
96 24 30 21 17 102 1 23 20 26 13 36 30
97 24 30 25 24 540 88 18 28 31 9 36 30
98 24 25 18 18 141 1 25 28 27 30 36 30
99 24 50 46 16 120 77 21 35 27 35 36 30
100 24 37 41 30 104 151 27 31 30 18 36 30
101 24 29 36 35 83 1 25 21 18 18 36 30
102 24 26 24 31 135 1 18 23 34 22 36 30
103 24 34 23 22 74 23 32 29 25 17 36 30
104 24 30 17 17 94 1 30 29 38 16 36 30
105 24 25 14 20 113 1 26 19 27 15 36 30
106 24 35 30 27 99 50 20 27 30 23 36 30
107 24 28 27 31 111 19 20 30 26 11 36 30
108 24 39 43 31 120 1 26 23 31 28 36 30
109 24 37 40 26 80 43 26 30 31 7 36 30
110 24 35 28 24 124 24 26 37 40 23 36 30
111 24 31 31 24 93 24 18 35 32 5 36 30
112 24 32 24 14 151 70 22 24 31 1 36 30
113 24 30 21 29 63 1 30 34 32 36 36 30
114 23 36 30 15 142 67 27 22 29 1 35 29
115 24 36 21 22 77 26 30 34 35 29 36 30
116 24 33 40 46 142 11 31 30 31 39 36 30
117 24 38 22 28 106 32 29 31 29 37 36 30
118 24 32 25 29 111 56 23 19 28 11 36 30
119 23 23 20 36 74 68 20 30 33 17 36 30
120 24 33 29 18 63 43 26 23 33 21 36 30
121 24 35 38 25 130 83 19 24 30 9 36 30
122 24 40 51 36 100 70 24 47 30 40 36 30
123 24 41 33 22 137 63 26 40 26 33 36 30
124 24 35 42 20 137 1 23 22 29 14 36 30
125 24 31 27 38 70 66 20 36 34 27 36 30
126 24 40 38 18 102 107 21 28 27 23 36 30
127 24 32 25 19 169 1 19 26 30 5 36 30
128 24 42 36 28 53 35 28 1 33 39 36 30
129 24 24 25 30 75 4 21 36 19 8 36 30
130 24 31 32 22 190 28 33 27 32 15 36 30
131 24 36 32 37 211 1 21 29 34 38 36 30
132 24 38 23 14 62 9 23 24 23 30 36 30
133 24 39 44 29 204 95 24 43 28 26 36 30
134 24 36 42 35 113 70 28 27 36 22 36 30
135 24 36 36 30 214 10 28 30 26 21 36 30
136 24 38 48 41 73 97 24 19 26 17 36 30
137 24 32 21 30 118 1 22 18 25 11 36 30
138 24 38 47 46 175 14 27 7 27 25 36 30
139 23 26 20 25 76 1 21 33 20 18 36 30
140 24 27 22 36 81 49 27 27 33 12 36 30
141 23 21 16 41 64 1 19 19 25 7 36 30
142 24 30 21 24 70 72 30 31 29 15 36 30
143 24 31 31 15 110 1 20 14 29 3 36 30
144 24 24 15 28 107 51 22 23 27 6 36 30
145 24 32 20 14 82 14 22 15 34 20 36 30
146 24 40 42 32 151 95 26 38 29 27 36 30
147 24 32 39 45 178 69 23 29 31 33 36 30
148 24 35 23 20 72 13 20 33 19 29 36 30
149 24 28 21 27 141 51 27 39 31 32 36 30
150 24 26 29 29 70 1 27 34 28 18 36 30
151 24 27 29 29 101 1 21 48 30 16 36 30
152 24 30 22 10 104 61 21 30 29 1 36 30
153 24 50 42 17 92 51 23 23 17 27 36 30
154 24 33 22 21 98 61 25 20 28 9 36 30
155 24 41 47 33 72 105 23 22 31 9 36 30
156 24 29 32 36 148 1 21 41 20 33 36 30
157 24 36 26 24 132 18 25 33 27 14 36 30
158 24 33 25 32 58 1 22 25 30 35 36 30
159 24 32 29 35 62 1 26 41 33 37 36 30
160 24 36 36 24 107 40 26 39 30 27 36 30
161 24 35 38 28 136 1 26 31 26 34 36 30
162 24 30 36 45 80 1 23 19 39 17 36 30
163 24 28 24 18 74 1 25 18 23 13 36 30
164 24 41 48 35 127 1 21 29 25 28 36 30
165 24 27 22 31 108 31 26 35 32 29 36 30
166 24 36 31 19 182 3 25 24 25 26 36 30
167 24 34 33 30 84 55 29 24 29 24 35 29
168 24 43 48 35 93 55 22 37 25 18 36 30
169 24 41 40 28 62 111 24 21 35 27 36 30
170 24 39 42 33 91 1 20 1 30 21 36 30
171 24 35 35 35 120 83 22 25 23 19 36 30
172 24 36 29 16 130 38 22 23 26 22 36 30
173 24 28 27 31 77 1 24 18 24 11 36 30
174 24 40 38 22 71 1 28 33 33 27 36 30
175 24 43 35 14 80 16 27 35 27 30 36 30
176 24 36 38 37 90 92 73 29 29 11 36 30
177 24 32 31 32 72 69 20 25 20 23 36 30
178 24 37 41 27 110 23 29 31 28 21 36 30
179 24 23 23 35 63 5 22 27 28 17 36 30
180 24 36 20 18 68 45 25 31 35 12 36 30
181 24 29 26 29 98 1 21 22 43 15 36 30
182 23 37 33 29 97 1 25 33 32 28 36 30
183 24 26 30 32 320 52 18 39 18 10 36 30
184 24 29 30 46 139 6 23 24 34 23 36 30
185 24 42 40 32 103 1 24 36 33 37 36 30
186 24 25 27 37 62 62 18 13 43 2 36 30
187 24 32 22 22 106 43 20 30 34 34 36 30
188 24 28 40 42 195 41 31 29 36 6 36 30
189 24 27 13 20 147 1 21 31 22 10 36 30
190 24 31 31 40 99 77 24 36 28 34 36 30
191 24 26 28 15 62 33 25 23 24 2 36 30
192 24 32 28 32 82 1 29 38 33 37 36 30
193 24 33 32 20 120 13 25 17 28 1 36 30
194 24 35 41 28 88 35 27 23 36 37 36 30
195 23 36 33 31 161 1 28 36 37 25 36 30
196 24 28 34 30 59 4 29 31 31 17 36 30
197 24 31 28 21 62 55 24 22 23 1 35 30
198 24 35 28 36 69 68 20 31 25 32 36 30
199 24 47 47 30 86 1 31 32 34 35 36 30
200 24 34 22 20 57 39 28 16 30 10 36 30
201 24 40 28 10 103 1 24 21 25 41 36 30
202 24 44 47 35 62 99 27 19 36 35 36 30
203 24 44 36 16 173 1 25 39 22 26 36 30
204 24 36 40 34 60 1 24 30 24 37 36 30
205 24 33 29 29 87 49 32 40 37 33 36 30
206 24 22 24 28 91 60 25 29 30 12 36 30
207 24 28 27 40 66 7 16 29 29 7 36 30
208 24 31 31 27 101 80 23 25 20 8 36 30
209 24 28 46 43 143 35 24 24 33 7 36 30
210 24 35 37 30 83 27 24 31 31 32 36 30
211 24 46 45 19 111 10 29 28 25 32 36 30
212 24 29 24 12 147 1 22 22 29 1 36 30
213 24 30 20 21 209 3 23 23 27 1 36 29
214 24 40 38 88 179 22 22 29 31 16 36 30
215 24 35 36 30 85 54 25 34 30 20 36 30
216 24 44 47 27 95 92 22 26 29 12 36 30
217 24 30 34 23 261 18 24 24 28 9 36 30
218 24 37 31 24 84 7 24 36 33 10 36 30
219 24 30 35 32 97 52 37 22 36 5 36 30
220 24 41 40 22 103 62 25 35 30 32 36 30
221 24 36 38 46 110 1 22 42 32 37 36 30
222 24 33 26 27 105 1 24 33 26 35 36 30
223 24 37 39 16 66 1 29 20 38 20 36 30
224 24 27 24 35 121 1 21 30 28 24 36 30
225 24 29 28 31 65 1 27 35 29 28 36 30
226 24 38 39 24 85 1 25 20 31 23 36 30
227 24 30 35 32 52 91 23 29 25 16 36 30
228 24 31 25 17 86 1 26 22 34 19 36 30
229 24 31 33 33 64 89 29 50 28 18 36 30
230 23 28 23 29 117 1 26 25 30 23 36 30
231 24 19 21 40 125 1 19 44 23 21 36 29
232 24 34 21 27 56 83 20 33 26 21 36 30
233 24 27 21 36 72 51 26 32 31 21 36 30
234 24 38 33 33 101 12 28 38 33 40 36 30
235 24 37 34 35 83 11 29 39 32 23 36 30
236 24 34 35 41 94 45 26 30 26 22 36 30
237 24 36 38 32 63 52 25 24 26 13 36 30
238 24 31 30 16 127 1 28 33 31 14 36 30
239 24 43 33 21 82 1 24 42 27 28 36 30
240 24 37 27 17 206 1 28 24 31 14 36 30
241 24 40 43 29 91 1 21 24 26 24 36 30
242 24 38 35 37 47 1 25 40 29 41 36 30
243 24 39 45 31 85 71 18 52 31 36 36 30
244 23 25 17 32 53 6 25 30 22 26 36 30
245 24 34 39 17 248 75 23 33 26 3 36 30
246 24 40 39 36 151 66 26 41 27 36 36 30
247 24 39 50 33 162 1 21 32 25 32 36 30
248 24 37 33 28 108 1 26 1 36 35 36 30
249 24 40 30 25 73 33 25 21 27 35 36 30
250 24 41 44 35 64 1 29 27 30 29 36 30
251 24 32 24 22 100 78 18 16 25 6 36 30
252 24 28 24 30 68 1 23 31 28 30 36 30
253 24 33 31 33 65 102 30 25 42 11 36 30
254 24 34 47 46 66 124 26 35 40 24 36 30
255 24 46 46 29 74 71 32 28 30 22 36 30
256 24 27 18 12 114 16 23 24 32 10 36 30
257 24 35 23 13 63 37 24 27 29 2 36 30
258 24 31 38 28 90 55 15 26 27 9 36 30
259 24 32 32 19 129 1 23 24 45 20 36 30
260 24 40 39 39 154 51 25 30 28 45 36 30
261 24 32 29 20 89 2 24 24 31 1 36 30
262 24 36 31 22 137 63 26 18 31 23 36 30
263 24 23 16 17 135 6 21 26 27 1 36 30
264 24 38 32 33 94 24 20 34 32 27 36 30
265 24 45 49 33 366 45 28 26 47 35 36 30
266 24 28 23 28 58 1 22 12 19 9 36 30
267 24 31 30 20 178 53 18 22 29 8 36 30
268 24 28 18 25 57 1 27 26 25 10 36 30
269 24 42 41 20 183 19 26 18 28 36 36 30
270 24 16 22 33 92 1 23 37 26 11 36 30
271 24 28 28 25 128 28 24 32 30 3 36 30
272 24 33 36 15 95 71 24 19 35 3 36 30
273 24 40 36 27 64 1 28 30 26 33 36 30
274 24 39 28 16 164 1 26 32 27 22 36 30
275 24 40 42 38 101 47 22 28 34 20 36 30
276 24 27 34 42 114 106 25 38 35 19 36 30
277 24 36 27 16 54 80 23 32 25 14 36 30
278 24 32 20 27 116 63 23 26 32 7 36 30
279 24 32 37 28 87 1 24 26 31 23 36 30
280 24 28 23 34 112 31 24 18 31 5 36 30
281 23 26 17 23 84 38 29 24 35 29 36 30
282 24 37 39 26 92 44 29 25 35 14 36 30
283 24 30 35 24 71 52 28 30 23 1 36 30
284 24 32 25 20 70 7 28 36 29 29 36 30
285 24 36 37 26 117 1 26 37 26 35 36 30
286 24 29 21 30 91 1 21 28 26 29 36 30
287 24 37 34 29 85 67 22 35 31 16 36 30
288 24 29 26 34 80 91 30 23 30 16 36 30
289 24 41 32 23 143 41 28 23 35 41 36 30
290 24 41 28 10 160 50 20 50 21 20 36 30
291 24 36 38 41 112 54 24 35 28 26 36 30
292 24 32 27 23 895 14 27 33 27 11 36 30
293 24 32 24 33 297 28 25 30 30 35 36 30
294 24 51 44 13 117 63 18 23 25 27 36 30
295 24 28 16 21 69 6 27 22 26 10 36 30
296 24 25 22 22 67 41 26 34 29 22 36 30
297 24 40 48 40 102 117 22 18 26 33 36 30
298 24 32 27 21 94 1 27 26 31 9 36 30
299 24 23 21 28 86 56 24 21 34 10 36 30
300 24 38 22 8 161 1 24 39 27 18 36 30
301 24 31 20 23 138 36 26 39 27 13 36 30
302 24 30 25 21 66 1 19 20 27 11 36 30
303 24 41 27 8 64 1 26 44 29 29 36 30
304 24 41 25 17 167 1 27 34 22 31 36 30
305 24 28 18 22 127 27 19 29 30 26 36 30
306 24 38 28 18 208 18 25 25 30 26 36 30
307 24 39 43 28 135 48 24 22 30 16 36 30
308 24 29 29 17 167 1 24 29 27 2 36 30
309 24 29 30 29 101 1 29 45 32 3 36 30
310 24 27 25 30 68 90 19 28 33 26 36 30
311 24 30 31 16 125 15 24 33 36 10 36 30
312 24 35 36 30 116 36 25 37 24 23 36 30
313 24 39 40 28 65 30 22 34 21 18 36 30
314 24 44 38 29 67 55 27 32 34 21 36 30
315 24 35 23 23 155 1 27 24 28 15 36 30
316 24 49 53 32 99 32 33 29 30 29 36 30
317 24 32 19 10 62 1 24 17 26 16 36 30
318 24 34 34 37 115 1 20 28 25 30 36 30
319 24 39 35 26 118 11 29 22 33 31 36 30
320 24 35 43 42 153 77 23 26 28 22 36 30
321 24 34 26 21 100 14 27 31 28 15 36 30
322 24 37 40 23 101 10 21 27 29 26 36 30
323 24 25 34 46 62 1 25 29 30 29 36 30
324 24 38 38 28 54 77 27 26 30 32 36 30
325 24 37 39 24 121 99 23 21 29 17 36 30
326 24 35 30 18 250 50 31 19 30 30 36 30
327 24 40 43 29 107 43 25 19 22 21 36 30
328 24 31 37 42 137 1 26 30 30 26 36 30
329 24 35 34 34 220 32 29 44 21 27 36 30
330 23 17 16 37 76 58 22 1 24 4 36 30
331 24 33 38 34 74 14 27 36 32 24 36 30
332 24 33 28 29 76 1 26 31 25 28 36 30
333 24 40 36 24 107 41 24 36 20 20 36 30
334 24 45 39 11 151 58 26 37 35 17 36 30
335 23 32 20 20 129 61 29 37 33 33 36 30
336 24 30 31 39 64 1 28 23 33 22 36 30
337 24 32 29 17 126 61 25 30 34 12 36 30
338 24 34 31 25 162 12 26 15 36 23 36 30
339 24 32 43 38 100 17 27 28 29 17 36 30
340 24 36 43 32 131 33 24 17 34 25 36 30
341 24 44 50 29 71 37 23 30 33 37 36 30
342 24 36 36 33 158 1 23 21 30 24 36 30
343 24 43 42 24 116 102 24 1 31 35 36 30
344 24 30 36 34 109 1 24 30 34 21 36 30
345 24 34 33 33 74 25 26 31 28 28 36 30
346 24 33 31 28 68 1 22 31 24 19 36 30
347 24 29 23 33 137 24 24 46 22 12 36 30
348 24 31 27 38 79 1 28 28 25 32 36 30
349 24 44 55 32 253 87 30 48 40 34 36 30
350 24 35 35 32 133 1 28 33 27 28 36 30
351 24 34 43 39 148 36 26 30 34 27 35 30
352 24 36 37 36 146 1 24 36 30 31 36 30
353 24 34 36 22 85 81 19 30 30 14 36 30
354 23 35 39 20 544 1 23 27 29 22 36 30
355 24 47 42 20 109 24 22 46 30 33 36 30
356 24 36 41 29 83 87 23 20 26 22 36 30
357 24 27 30 31 86 24 26 26 26 15 36 30
358 24 22 11 26 94 1 25 32 25 8 35 29
359 24 44 148 57 99 87 22 28 26 21 36 30
360 24 42 49 46 96 39 27 33 37 36 36 30
361 24 42 47 35 58 20 26 30 29 27 36 30
362 24 36 38 38 107 1 22 28 31 22 36 30
363 24 29 19 29 84 23 23 23 29 28 36 30
364 24 22 7 26 85 1 35 26 32 9 36 30
365 24 34 29 27 82 1 26 28 33 27 36 30
366 24 37 27 23 87 1 25 26 36 27 36 30
367 24 39 44 36 221 80 25 26 31 25 36 30
368 24 28 31 37 82 1 25 18 26 9 36 30
369 24 39 39 19 97 33 21 31 32 29 36 30
370 24 38 34 30 169 96 21 33 22 22 36 30
371 24 41 39 29 135 1 23 28 28 22 36 30
372 24 31 29 26 151 105 22 27 32 12 36 30
373 24 27 19 17 131 1 24 35 25 15 36 30
374 24 33 27 30 123 1 28 34 25 21 36 30
375 24 41 52 51 80 30 32 35 31 45 36 30
376 24 34 33 29 67 1 24 13 34 20 36 30
377 24 38 30 10 79 1 27 17 25 14 36 30
378 23 36 37 27 106 1 25 30 35 23 36 30
379 24 37 30 18 152 40 24 28 39 24 36 30
380 24 42 33 21 95 1 24 17 24 20 36 30
381 24 33 36 25 70 1 26 28 32 15 36 30
382 24 42 38 24 147 32 21 50 21 21 36 30
383 24 42 35 27 121 1 30 28 25 34 36 30
384 24 34 21 21 118 12 24 29 29 23 36 30
385 24 26 26 25 55 51 21 28 32 16 36 30
386 24 32 30 29 112 42 28 25 24 10 36 30
387 24 38 33 17 81 1 25 45 29 32 36 30
388 24 28 32 43 79 1 23 30 37 28 36 30
389 24 30 23 31 117 44 26 25 40 18 36 30
390 24 28 19 29 51 18 18 29 27 19 36 30
391 24 34 31 26 136 88 21 26 32 17 36 30
392 24 39 32 25 98 1 22 30 36 14 36 30
393 24 38 43 39 89 17 23 17 28 33 36 30
394 24 24 25 46 72 1 23 1 33 12 36 30
395 24 38 25 18 84 7 27 37 36 26 36 30
396 24 25 13 37 108 65 27 1 36 10 36 30
397 24 34 36 40 124 76 29 1 29 15 36 30
398 24 36 46 30 97 85 20 34 28 15 36 30
399 24 26 30 31 145 95 23 1 36 25 36 30
400 24 36 33 30 149 113 19 28 24 8 36 30
401 24 34 35 34 96 52 24 29 31 29 36 30
402 24 32 26 25 111 1 26 29 38 9 36 30
403 24 37 35 28 141 76 29 26 36 19 36 30
404 24 34 33 10 77 45 26 26 29 7 36 30
405 24 39 38 29 73 88 29 26 31 24 36 30
406 24 32 40 35 90 44 27 34 30 32 36 30
407 24 34 43 25 130 59 27 33 36 14 36 30
408 24 38 37 19 67 77 28 43 30 32 36 30
409 24 33 31 20 159 1 24 22 39 17 36 30
410 24 41 40 22 127 19 29 35 35 23 36 30
411 24 25 19 30 145 31 25 28 26 12 36 30
412 24 41 42 26 209 1 29 20 30 24 36 30
413 24 36 43 42 130 114 24 22 30 14 36 30
414 24 38 26 17 309 19 23 18 25 18 36 30
415 24 40 39 39 78 9 28 25 33 36 36 30
416 24 35 37 22 266 14 26 27 33 17 36 30
417 24 36 21 29 129 13 26 39 23 37 36 30
418 24 30 40 27 142 24 24 36 27 12 36 30
419 24 43 45 26 138 47 30 29 36 40 36 30
420 24 39 38 16 159 46 24 35 31 6 36 30
421 24 37 34 21 105 1 31 25 32 16 36 30
422 24 32 26 23 71 41 26 30 22 15 36 30
423 24 30 23 26 125 18 29 17 25 14 36 30
424 24 39 34 36 93 56 26 22 28 25 36 30
425 24 23 36 51 56 77 25 25 40 9 36 30
426 24 37 33 27 212 89 23 34 36 18 36 30
427 24 31 39 43 55 7 29 38 35 25 36 30
428 24 35 34 31 66 1 20 24 34 26 36 30
429 24 38 22 15 110 1 25 27 29 18 36 30
430 24 43 45 41 58 95 25 29 30 32 36 30
431 24 36 36 33 180 1 23 37 31 26 36 30
432 24 34 43 38 114 1 22 35 21 21 36 30
433 24 15 19 39 115 12 26 44 26 12 36 30
434 24 34 31 32 94 1 32 24 27 12 36 30
435 24 26 25 27 152 1 24 22 33 18 36 30
436 24 28 25 35 71 26 24 17 32 18 36 30
437 24 37 36 36 112 93 25 24 27 28 36 30
438 24 39 44 39 140 67 31 23 32 36 37 30
439 24 31 29 29 64 68 26 28 30 28 36 30
440 24 36 32 17 137 56 28 30 32 16 36 30
441 24 32 23 23 66 1 26 36 33 20 36 30
442 24 30 23 20 87 55 21 34 27 15 36 30
443 24 34 24 27 74 61 27 33 25 24 36 30
444 24 25 15 26 313 1 23 27 29 3 36 30
445 24 32 25 29 109 36 28 41 27 22 36 30
446 24 42 51 29 113 80 33 31 35 26 36 30
447 24 31 22 34 46 13 24 37 25 36 36 30
448 24 36 35 38 194 36 29 28 27 28 36 30
449 24 36 33 29 90 1 22 29 25 21 36 30
450 24 39 37 32 99 10 28 31 33 27 36 30
451 24 33 36 34 152 60 28 28 33 27 36 30
452 24 34 29 33 38 64 26 44 26 27 36 30
453 24 30 24 17 100 1 24 38 34 20 36 30
454 24 35 23 32 59 84 20 22 26 20 36 30
455 24 46 42 20 84 28 27 36 30 35 36 30
456 24 40 48 27 134 54 32 30 23 23 36 30
457 24 38 40 44 154 1 25 44 28 46 36 30
458 24 36 31 17 86 43 25 25 28 3 36 30
459 24 36 33 29 65 3 27 1 28 21 36 30
460 24 34 32 33 86 77 26 32 26 17 36 30
461 24 29 41 42 56 67 29 26 28 22 36 30
462 24 34 31 23 66 37 24 26 32 9 36 30
463 24 35 35 23 136 43 25 26 28 3 36 30
464 24 34 31 25 138 64 32 32 35 29 36 30
465 24 42 49 28 80 18 22 27 27 16 36 30
466 24 36 28 16 321 34 23 20 38 20 36 30
467 24 36 38 31 147 74 29 32 37 22 36 30
468 24 31 21 18 62 1 24 38 22 3 36 30
469 24 36 27 36 96 1 22 39 26 39 36 30
470 24 34 22 18 161 67 27 21 65 6 36 30
471 24 37 39 30 72 92 23 28 26 2 36 30
472 24 36 38 44 54 50 24 36 28 44 36 30
473 24 41 37 20 109 1 29 30 28 29 36 30
474 24 33 29 31 102 10 24 30 31 9 36 30
475 24 40 41 28 68 101 23 27 24 11 36 30
476 24 35 31 27 54 68 27 22 25 15 36 30
477 24 44 43 23 117 120 26 27 29 2 36 30
478 24 30 38 41 102 1 24 31 34 3 36 30
479 24 31 35 27 124 19 21 31 32 13 36 30
480 24 34 39 37 52 22 30 37 35 42 36 30
481 24 31 23 23 155 1 23 21 27 39 36 30
482 24 30 32 32 75 28 27 33 30 25 36 30
483 24 28 17 21 85 1 21 26 35 23 36 30
484 24 29 21 23 79 1 26 23 29 7 36 30
485 24 28 25 26 66 44 22 30 25 12 36 30
486 24 33 30 20 121 35 30 22 32 3 36 30
487 23 30 35 38 118 62 24 31 32 25 36 30
488 24 41 38 22 59 8 29 15 40 22 36 30
489 24 30 21 30 293 26 22 36 29 28 36 30
490 24 32 25 32 250 1 25 34 35 29 36 30
491 24 31 29 22 81 7 22 27 31 1 36 30
492 24 37 25 21 55 56 26 25 34 24 36 30
493 24 29 28 29 87 1 24 36 21 18 36 30
494 24 37 37 25 137 1 22 27 30 15 36 30
495 24 23 19 28 198 1 22 27 28 1 36 30
496 24 35 35 26 76 27 22 28 25 16 36 30
497 24 36 35 21 93 34 30 29 47 16 36 30
498 24 37 20 9 239 15 26 25 33 19 36 30
499 24 41 41 41 80 1 26 38 28 42 36 30
500 24 19 22 30 68 1 26 30 27 12 36 30
501 24 33 36 34 73 102 23 26 27 19 36 30
502 24 39 40 23 72 42 24 25 24 13 36 30
503 24 32 31 26 91 129 22 38 30 5 36 30
504 24 39 36 17 169 46 28 20 29 34 36 30
505 24 32 17 17 145 19 21 27 24 5 36 30
506 24 33 25 24 135 40 35 29 33 14 36 30
507 24 39 33 27 66 10 22 41 24 29 36 30
508 24 36 33 24 143 47 26 36 36 10 36 30
509 24 37 37 31 67 45 26 40 28 27 36 30
510 24 31 20 20 114 47 24 29 34 25 36 30
511 24 31 34 36 902 1 25 36 27 42 36 30
512 24 24 24 26 102 1 30 26 35 21 36 30
513 24 32 28 25 145 82 19 648 30 7 36 30
514 24 33 23 27 99 78 26 32 27 26 36 30
515 24 36 36 24 886 16 27 19 26 25 36 30
516 24 31 16 22 248 1 22 35 26 36 36 30
517 24 35 38 30 205 1 20 32 38 20 36 30
518 24 43 47 35 68 16 25 26 32 26 36 30
519 24 34 31 26 91 87 30 26 34 16 36 30
520 24 32 25 25 56 59 18 28 29 13 36 30
521 24 31 37 38 127 48 27 35 35 19 36 30
522 24 26 9 14 59 1 30 33 34 40 36 30
523 24 24 25 31 77 1 25 34 31 7 36 30
524 24 36 30 19 129 46 30 40 27 28 36 30
525 24 38 27 17 105 1 19 38 28 32 36 30
526 24 36 36 23 144 90 24 33 28 21 36 30
527 24 35 47 40 179 90 25 28 28 27 36 30
528 24 32 29 21 141 20 25 32 34 13 36 30
529 24 33 34 31 107 1 22 33 26 15 36 30
530 24 26 29 35 109 12 22 20 32 8 36 30
531 24 39 34 25 76 23 26 23 33 16 36 30
532 24 30 30 23 118 76 202 16 24 5 36 30
533 24 31 25 17 92 11 21 28 28 1 36 30
534 24 41 36 27 133 34 23 34 21 16 36 30
535 24 39 24 17 103 51 26 36 32 19 36 30
536 24 28 16 25 51 33 28 1 27 16 36 30
537 24 42 34 22 150 1 27 31 36 30 36 30
538 24 30 25 31 92 51 24 44 32 25 36 30
539 24 37 30 35 50 15 22 29 24 39 36 30
540 24 31 33 20 127 51 24 30 31 8 36 30
541 37 35 40 57 320 5 39 41 53 35 54 47
542 24 37 39 28 168 1 26 23 39 31 36 30
543 24 41 40 32 102 69 26 39 30 21 36 30
544 24 45 40 25 76 70 27 32 33 19 36 30
545 24 37 34 20 69 58 18 33 35 15 36 30
546 24 32 25 26 61 1 24 35 32 31 36 30
547 24 34 31 30 250 1 29 33 27 34 36 30
548 24 31 25 21 90 1 25 35 32 7 36 30
549 24 34 29 21 61 33 26 20 25 29 36 30
550 24 46 43 30 122 16 21 28 23 35 37 30
551 24 33 35 40 87 87 19 31 27 13 36 30
552 24 38 39 31 89 94 29 21 31 27 36 30
553 24 33 35 25 88 52 23 31 35 21 36 30
554 24 40 36 30 148 24 19 38 34 40 37 30
555 24 34 24 32 74 1 26 36 37 39 37 30
556 24 41 34 32 82 48 26 36 28 24 36 30
557 24 34 24 30 105 1 23 37 26 37 36 30
558 24 26 30 42 90 1 23 1 27 1 36 30
559 24 36 30 39 75 62 29 23 28 28 36 30
560 24 37 28 8 84 1 25 1 37 40 36 30
561 24 40 36 34 78 33 25 1 23 22 36 30
562 24 37 51 38 192 133 24 32 29 17 36 30
563 24 39 27 15 133 1 27 22 28 9 36 30
564 24 34 22 11 160 67 27 31 33 16 36 30
565 24 45 56 40 137 67 27 34 35 42 37 30
566 24 27 15 23 87 10 24 1 27 1 36 30
567 24 45 38 22 81 25 24 29 27 20 36 30
568 24 33 30 40 78 62 31 46 34 43 37 30
569 24 31 33 37 108 6 25 51 26 14 36 30
570 24 27 32 40 78 23 23 17 31 37 36 30
571 24 29 23 36 154 47 24 20 33 29 36 30
572 24 30 26 27 99 10 27 27 24 9 36 30
573 24 37 34 32 197 67 24 28 33 21 36 30
574 24 33 36 27 95 2 29 33 29 10 36 30
575 24 31 26 7 72 1 23 26 30 1 36 30
576 24 49 58 27 81 72 23 29 28 29 36 30
577 24 38 28 22 71 1 30 24 27 32 36 30
578 24 34 31 25 105 2 20 28 26 16 36 30
579 24 37 20 12 63 1 24 14 26 10 36 30
580 24 46 46 21 168 87 18 27 31 12 36 30
581 24 32 31 27 56 9 22 27 27 29 36 30
582 23 25 15 26 141 11 21 23 26 9 36 30
583 23 40 44 30 110 62 26 29 33 16 36 30
584 23 37 36 23 66 92 25 29 30 4 36 30
585 23 44 42 20 73 41 24 21 24 30 36 30
586 23 26 28 43 290 1 33 38 36 31 36 30
587 23 32 26 18 165 23 33 27 29 24 36 30
588 23 24 16 22 59 47 22 25 22 4 36 30
589 23 40 42 46 153 27 25 35 28 27 36 30
590 23 37 38 42 240 1 27 31 27 39 36 30
591 23 28 16 26 77 1 24 43 18 15 35 29
592 24 38 31 29 97 11 22 33 22 17 36 30
593 23 25 18 25 110 8 30 40 25 17 35 29
594 24 37 41 22 98 83 21 20 27 4 36 30
595 24 31 36 35 106 53 23 18 38 20 35 29
596 24 33 27 31 99 5 18 19 37 24 36 30
597 23 35 30 31 75 6 27 31 26 41 36 30
598 23 28 21 26 129 5 28 33 28 7 36 30
599 23 39 44 39 115 77 26 24 35 33 36 30
600 23 37 26 19 73 1 20 29 26 21 35 30
601 23 37 30 26 55 49 29 31 32 30 36 30
602 23 37 29 25 70 7 15 36 35 24 36 30
603 24 38 47 40 143 1 28 28 21 11 36 30
604 23 29 35 23 102 87 23 25 36 4 36 29
605 23 34 26 35 57 25 23 37 26 42 36 29
606 24 29 29 37 89 37 18 22 26 16 36 30
607 23 28 19 28 55 36 23 26 23 2 36 29
608 23 33 22 17 97 1 22 20 29 19 35 30
609 24 32 23 13 136 62 26 23 30 9 36 30
610 23 38 34 15 68 21 26 37 29 27 36 29
611 24 32 24 15 92 34 26 20 30 21 35 30
612 24 32 37 30 132 66 27 30 33 8 36 30
613 23 30 23 21 70 61 24 37 32 14 36 29
614 24 36 31 20 110 7 25 1 32 8 36 30
615 23 35 38 42 99 60 25 33 31 42 36 30
616 24 34 26 16 210 1 27 31 35 20 35 30
617 23 34 35 31 74 1 30 46 30 23 35 30
618 23 44 43 32 94 1 27 28 32 40 36 30
619 24 36 35 33 177 40 24 23 33 21 36 30
620 23 32 35 34 57 48 23 35 35 35 36 30
621 23 37 30 28 147 40 24 28 23 35 36 30
622 23 36 28 17 96 21 23 28 32 17 36 29
623 23 34 33 24 116 1 24 23 36 16 36 30
624 23 40 37 29 73 95 22 42 21 26 36 30
625 23 31 36 25 166 1 22 33 26 8 36 30
626 23 30 32 22 108 30 22 34 25 14 36 29
627 24 42 31 28 81 35 25 20 22 26 36 30
628 23 27 21 23 85 1 28 25 25 21 35 29
629 23 33 33 30 264 54 25 34 28 23 35 30
630 23 37 31 20 87 45 22 23 39 15 36 29
631 23 34 25 31 147 65 23 29 29 30 36 29
632 23 28 19 21 91 27 24 18 27 27 35 30
633 23 32 26 31 73 38 25 34 31 20 35 30
634 23 31 29 36 61 52 26 53 32 23 35 30
635 23 38 36 33 65 1 25 23 27 19 35 29
636 23 36 34 36 214 27 23 31 32 33 36 30
637 23 32 42 40 92 1 17 31 28 23 35 29
638 23 33 40 29 64 2 21 34 27 7 36 29
639 23 33 29 40 88 55 24 36 28 33 36 30
640 23 39 39 28 98 36 27 21 32 25 36 29
641 23 30 24 14 115 23 25 29 34 6 36 29
642 24 36 33 33 75 1 23 35 24 19 35 29
643 23 36 25 21 125 4 22 28 29 22 35 29
644 23 38 40 16 371 1 33 32 35 27 35 30
645 23 37 30 24 98 1 27 29 37 24 35 30
646 23 37 32 11 114 8 26 27 26 1 35 29
647 24 38 29 11 86 53 29 21 32 29 36 30
648 24 39 42 28 139 60 25 23 27 24 36 30
649 23 41 38 12 167 19 28 19 31 9 36 30
650 24 36 34 26 90 68 27 30 35 15 36 30
651 24 29 35 41 80 47 25 27 29 22 36 30
652 23 37 31 20 66 81 21 28 30 28 36 30
653 24 30 23 29 60 1 22 28 28 27 36 30
654 23 30 18 22 98 1 21 27 26 8 35 30
655 23 37 33 33 106 104 26 28 25 33 36 29
656 24 31 22 26 83 21 21 32 30 30 36 30
657 24 23 15 28 88 31 22 36 33 13 35 30
658 23 37 37 41 96 16 28 30 33 39 36 30
659 23 30 33 36 63 61 27 1 32 17 35 30
660 24 33 38 23 206 17 23 39 32 15 36 29
661 24 30 31 29 109 40 24 19 29 16 36 30
662 23 44 40 30 240 1 27 28 26 32 36 30
663 23 27 26 33 79 1 24 30 24 22 35 30
664 23 28 30 25 57 70 25 21 25 9 35 29
665 23 34 29 29 93 16 24 32 33 23 35 30
666 23 37 38 36 66 61 27 32 36 38 36 29
667 23 29 24 27 178 19 21 30 25 28 35 29
668 23 32 32 32 117 26 25 40 24 23 35 29
669 24 34 32 25 73 49 24 28 25 13 36 30
670 23 26 25 32 57 1 19 25 27 19 35 29
671 23 31 22 17 157 60 21 22 26 8 36 29
672 23 36 39 34 119 36 25 15 28 15 36 29
673 23 36 33 28 53 37 26 1 35 16 36 30
674 23 37 33 24 123 79 29 34 34 10 36 30
675 24 37 34 29 61 2 21 35 29 25 36 30
676 24 37 43 37 75 71 23 37 33 24 36 29
677 23 33 36 36 68 60 23 32 40 26 36 30
678 23 41 37 30 137 1 23 23 29 36 36 30
679 23 30 24 25 134 91 24 31 29 16 35 29
680 23 30 29 22 96 10 24 20 26 28 36 30
681 23 40 24 29 70 1 30 27 36 30 36 30
682 24 35 28 17 154 1 22 14 33 11 36 30
683 23 35 31 27 77 10 29 30 30 23 36 30
684 23 33 34 38 82 1 23 33 32 29 36 29
685 23 36 34 29 118 1 25 28 31 19 35 30
686 23 38 47 34 164 80 26 33 33 26 36 30
687 23 34 32 37 108 1 24 37 31 43 36 30
688 23 32 37 41 77 1 26 32 33 30 36 30
689 24 33 42 40 105 92 23 28 24 17 36 30
690 23 37 30 25 174 20 26 1 33 15 35 29
691 24 27 22 23 84 1 20 29 28 11 35 29
692 23 32 22 26 241 1 21 40 25 29 36 29
693 23 37 23 28 295 17 26 24 31 28 36 29
694 24 33 26 17 93 51 26 34 39 18 36 29
695 23 46 50 24 72 64 24 26 33 23 36 29
696 23 42 39 37 169 65 23 27 26 19 36 29
697 23 34 24 12 62 1 22 26 30 14 36 29
698 23 26 34 37 112 28 30 37 39 28 36 30
699 23 39 43 38 74 57 27 26 33 29 36 30
700 23 30 29 21 109 53 21 25 29 1 36 29
701 23 32 31 24 151 15 27 29 30 24 35 30
702 23 44 39 14 79 1 30 28 34 36 36 30
703 23 29 24 22 152 37 22 26 29 12 35 29
704 23 30 36 41 90 80 20 21 33 15 35 29
705 23 29 29 26 89 60 22 23 29 8 35 29
706 23 29 15 17 52 1 25 24 38 28 36 29
707 24 44 45 33 199 51 26 36 27 17 36 30
708 23 35 16 14 91 1 27 20 29 16 35 30
709 23 36 30 35 110 60 17 34 30 16 36 30
710 24 39 35 25 106 18 26 31 26 26 36 30
711 23 31 12 22 102 1 26 23 33 26 35 30
712 24 39 55 34 94 84 27 24 27 22 36 30
713 24 47 31 14 81 50 27 25 32 27 35 29
714 23 34 33 19 158 1 27 30 29 18 36 29
715 24 39 29 22 92 9 24 31 35 30 36 30
716 24 36 32 14 141 1 24 25 31 24 36 30
717 23 37 40 21 111 26 21 26 33 14 36 30
718 23 36 27 29 51 57 26 31 29 33 36 30
719 23 32 30 33 77 1 24 27 27 34 36 29
720 24 41 38 25 187 48 25 27 40 23 35 30
721 24 42 41 24 68 44 43 32 35 19 36 30
722 23 35 38 40 138 58 26 24 33 31 36 30
723 23 30 29 29 113 55 32 30 36 25 36 30
724 23 44 50 32 96 50 29 35 34 25 35 30
725 23 32 30 34 52 34 30 33 31 38 36 30
726 23 34 29 34 86 19 26 19 23 17 36 29
727 23 28 27 29 94 5 22 24 29 19 35 30
728 23 33 31 21 149 13 27 28 25 6 36 30
729 24 28 35 44 122 75 23 26 33 18 36 30
730 24 45 47 38 109 1 27 37 33 34 36 30
731 23 34 37 36 159 44 20 28 29 22 35 29
732 24 32 28 36 47 8 31 29 30 42 36 30
733 23 39 35 21 62 71 23 24 34 24 35 30
734 23 35 28 35 138 71 23 35 28 20 35 30
735 23 15 17 47 108 1 27 26 35 20 35 29
736 23 33 26 30 95 1 22 24 30 37 36 30
737 24 41 40 31 138 60 29 30 27 31 36 30
738 23 34 29 25 149 15 27 37 32 24 35 30
739 23 31 24 24 95 36 28 32 36 11 36 30
740 24 29 29 16 57 79 23 26 26 2 35 30
741 24 39 47 34 80 151 24 31 36 20 36 30
742 23 16 18 30 96 1 24 37 34 4 36 30
743 24 47 47 24 119 62 20 33 32 39 36 30
744 23 36 34 19 95 1 28 38 33 17 36 30
745 24 32 39 39 81 39 24 19 30 16 36 30
746 24 42 39 21 126 1 29 27 38 21 36 30
747 24 37 40 34 108 1 27 32 28 29 36 30
748 24 45 57 42 164 115 28 24 36 36 36 30
749 24 36 39 24 135 1 22 23 23 12 36 30
750 24 33 20 29 101 41 19 1 28 4 36 30
751 23 21 29 35 83 1 24 32 31 12 36 30
752 24 38 50 34 105 95 26 24 32 13 36 30
753 23 38 43 34 74 106 34 25 30 15 36 30
754 23 40 36 28 65 25 23 21 25 29 36 30
755 23 26 12 24 73 6 19 18 22 18 35 29
756 24 27 32 40 89 1 28 39 27 6 36 30
757 24 37 32 25 96 54 18 32 21 22 35 30
758 24 31 22 24 79 1 26 33 36 29 36 30
759 23 39 43 34 216 64 27 23 28 28 36 30
760 23 29 36 43 172 17 21 31 27 21 36 30
761 23 23 27 28 107 24 24 19 24 3 35 29
762 24 32 32 26 83 25 28 25 26 23 36 30
763 24 35 36 38 130 33 30 26 43 27 36 30
764 24 40 41 36 127 46 23 35 31 36 36 30
765 24 35 38 30 130 18 26 32 34 21 36 30
766 24 38 36 21 61 1 28 33 31 40 36 30
767 24 14 10 21 152 1 21 28 30 4 36 29
768 24 23 17 28 82 23 24 37 32 19 35 30
769 23 32 31 36 62 1 20 36 25 42 36 30
770 24 33 39 39 167 67 27 16 28 27 36 30
771 23 27 25 25 898 63 25 25 35 12 36 29
772 23 34 25 26 104 93 22 45 23 17 35 30
773 23 38 47 52 67 1 26 30 31 47 36 30
774 24 34 32 26 236 22 24 30 25 21 35 30
775 23 51 52 18 91 103 24 28 23 26 36 29
776 24 38 42 44 90 40 24 34 32 35 36 30
777 24 22 20 39 118 1 19 25 35 8 36 29
778 23 28 19 24 99 1 23 37 27 27 36 30
779 24 43 46 32 118 1 22 30 24 20 36 30
780 24 26 31 28 60 7 21 32 24 27 35 30
781 24 36 39 37 55 112 22 61 34 28 36 30
782 24 34 32 29 105 1 20 32 26 26 36 30
783 24 37 30 29 53 55 26 38 33 38 36 30
784 23 23 16 21 106 17 21 39 20 1 36 29
785 24 34 31 32 72 1 19 35 29 32 36 30
786 23 37 44 18 146 1 20 31 24 30 36 30
787 24 39 48 42 113 71 28 33 38 42 36 30
788 23 27 20 17 55 1 25 31 24 8 36 29
789 23 38 35 20 102 9 22 17 25 24 36 30
790 23 47 38 15 80 26 29 14 32 28 36 30
791 23 43 41 18 231 1 23 25 32 20 35 29
792 24 38 32 14 206 29 27 26 29 1 36 30
793 23 42 29 28 104 64 25 36 30 39 36 30
794 23 33 33 34 113 29 29 31 27 35 36 30
795 24 35 26 23 150 1 19 25 24 22 36 30
796 23 30 33 33 168 1 18 20 26 6 35 30
797 24 15 10 22 53 45 27 22 26 1 35 30
798 23 39 42 33 100 116 26 28 41 30 36 30
799 23 35 29 34 184 3 28 39 32 47 36 30
800 24 40 44 23 113 1 23 21 32 26 36 30
801 24 27 23 30 146 81 21 35 35 24 35 30
802 23 27 13 24 162 36 24 31 32 17 35 29
803 24 32 37 34 113 1 25 33 32 24 35 30
804 23 31 27 28 172 1 23 31 30 8 35 29
805 23 27 35 41 100 63 24 17 27 18 36 30
806 24 24 23 27 125 1 24 31 33 23 35 29
807 24 35 32 20 62 77 27 26 31 6 36 30
808 24 30 41 38 83 111 22 22 34 16 36 29
809 23 36 35 35 89 1 23 28 23 31 36 30
810 24 33 30 28 125 27 25 21 23 23 35 30
811 23 31 22 30 77 1 24 36 25 25 35 30
812 24 33 29 27 59 38 22 29 26 19 36 30
813 23 26 19 32 107 1 23 10 33 21 35 30
814 23 26 20 16 321 1 22 30 38 5 36 29
815 24 33 27 15 87 25 22 23 32 25 36 30
816 23 31 31 38 110 74 28 32 36 30 36 29
817 23 27 12 22 109 1 26 28 33 22 35 30
818 23 43 36 20 66 1 24 27 51 30 36 29
819 23 31 27 30 89 45 30 35 34 27 36 30
820 24 30 25 19 72 9 20 29 32 3 36 29
821 23 34 35 37 147 64 25 34 31 39 36 30
822 23 35 34 34 72 1 23 29 27 36 36 30
823 24 35 26 26 91 1 25 31 29 28 36 30
824 24 32 32 35 132 37 28 33 32 34 36 30
825 24 45 41 15 122 13 25 26 28 26 36 30
826 23 36 42 44 50 8 27 29 27 39 36 30
827 24 33 38 25 98 1 23 28 35 2 36 30
828 24 39 40 34 80 103 24 29 22 13 36 30
829 23 35 36 28 131 24 28 35 29 15 36 30
830 24 31 33 21 63 1 25 23 26 17 36 30
831 23 30 31 28 95 6 25 29 38 25 36 30
832 24 30 26 39 84 8 25 27 35 47 36 30
833 24 44 46 22 114 65 25 28 37 33 36 30
834 24 26 19 30 94 18 24 29 24 12 36 30
835 24 31 23 17 105 16 22 20 33 6 36 30
836 23 25 33 38 86 63 23 38 37 34 36 30
837 24 40 31 21 108 1 17 42 28 21 36 30
838 24 35 32 26 106 1 23 35 30 30 36 30
839 23 39 44 35 179 76 21 29 32 13 36 30
840 23 50 45 21 295 1 26 16 32 33 36 30
841 24 36 45 28 103 87 29 31 38 15 36 30
842 24 29 28 30 80 30 19 22 33 12 36 30
843 23 31 31 19 62 49 26 34 26 16 36 30
844 24 38 46 42 86 84 26 25 33 43 36 30
845 24 33 35 33 127 75 25 29 34 18 36 30
846 24 43 38 32 106 48 24 29 29 41 36 30
847 24 38 35 19 151 1 28 37 34 23 36 30
848 23 34 33 17 84 77 27 21 33 3 36 30
849 24 43 35 16 113 2 30 1 37 25 36 30
850 24 43 49 32 97 95 28 31 29 26 36 30
851 24 33 33 35 58 16 30 35 30 36 36 30
852 23 27 29 33 80 1 22 26 24 12 35 30
853 24 38 44 24 108 32 26 27 32 15 36 30
854 24 31 73 41 158 22 20 50 30 29 36 30
855 24 27 25 36 62 2 16 22 24 2 36 30
856 23 39 37 25 61 7 26 26 34 10 36 30
857 23 40 30 22 99 1 22 17 30 17 36 29
858 24 35 39 42 56 63 22 34 35 45 36 30
859 24 38 39 30 101 1 24 32 36 30 36 30
860 24 30 26 27 85 25 19 29 32 23 36 30
861 24 31 34 35 131 1 23 22 28 12 36 30
862 24 27 25 40 50 26 20 43 26 20 36 30
863 24 40 41 30 88 1 29 37 29 44 36 30
864 24 37 32 12 178 85 20 23 29 8 36 30
865 24 38 38 26 73 112 25 27 33 32 36 30
866 24 32 38 44 95 1 26 24 26 25 36 30
867 23 33 33 28 111 32 21 39 35 24 36 30
868 24 30 16 12 66 3 23 25 26 6 36 30
869 24 38 36 31 163 10 24 22 31 21 36 30
870 24 27 20 17 65 29 27 31 34 11 36 30
871 24 38 37 24 68 53 24 29 27 10 36 30
872 24 35 37 35 46 65 21 32 22 12 36 30
873 24 34 33 40 332 28 30 33 27 44 36 30
874 24 34 29 42 85 28 27 35 30 32 36 30
875 24 37 46 40 86 1 22 38 31 42 36 30
876 24 22 15 14 96 20 26 26 36 9 36 30
877 24 31 28 25 80 1 27 36 20 24 35 30
878 23 32 27 25 88 25 26 32 30 28 36 30
879 23 42 34 22 81 6 24 11 37 24 35 30
880 24 34 26 21 138 51 25 23 87 28 36 30
881 24 33 26 12 147 26 22 28 27 4 36 30
882 24 28 20 16 82 5 19 32 28 11 36 30
883 24 29 15 20 80 14 26 38 35 35 36 30
884 24 28 18 18 121 52 27 26 26 3 36 30
885 23 30 26 27 65 49 23 24 31 22 35 29
886 24 36 41 40 53 4 25 30 36 36 36 30
887 23 29 33 35 82 1 25 34 40 17 35 30
888 23 29 25 26 146 48 22 27 32 12 36 30
889 24 35 34 28 270 1 24 21 31 23 36 30
890 23 31 34 34 63 1 23 12 29 15 35 29
891 24 26 22 24 97 1 22 29 32 26 36 30
892 23 35 33 33 111 1 21 35 31 36 36 30
893 24 29 28 36 99 1 22 26 30 31 36 30
894 23 36 38 18 94 81 26 25 33 7 36 30
895 23 31 21 24 83 1 28 31 33 34 36 30
896 24 34 27 28 164 1 21 32 31 29 36 30
897 24 35 41 45 61 56 21 25 28 22 36 30
898 23 21 17 26 74 30 27 25 31 8 36 29
899 24 42 45 22 84 1 20 28 29 32 36 29
900 24 35 42 48 257 33 21 30 26 46 36 30
901 23 38 38 31 90 23 26 25 30 21 36 30
902 23 35 21 4 74 18 24 22 30 8 36 29
903 23 30 24 12 62 22 26 21 33 19 35 30
904 23 24 15 30 117 34 23 28 23 12 36 30
905 23 34 29 38 56 13 28 39 32 27 36 29
906 24 35 31 18 120 11 26 22 29 4 36 30
907 23 35 30 34 85 1 26 31 27 34 36 30
908 24 30 19 18 104 1 25 20 27 32 36 30
909 24 38 42 26 203 1 26 41 30 15 36 30
910 24 40 46 20 72 8 23 31 31 4 36 30
911 23 35 33 37 74 18 26 29 25 37 36 30
912 24 36 26 22 57 94 42 26 31 12 36 30
913 23 20 20 29 71 56 29 35 28 15 35 30
914 24 39 40 37 173 1 25 29 28 27 36 30
915 24 33 27 35 110 40 25 24 21 14 36 30
916 24 33 36 33 128 1 27 21 32 21 36 30
917 24 34 37 35 89 59 28 41 27 34 36 30
918 23 30 35 40 207 1 23 25 31 18 36 30
919 24 34 37 33 151 1 23 31 33 16 36 30
920 24 37 31 16 63 78 29 32 34 20 36 30
921 23 36 46 28 139 28 24 25 33 10 36 30
922 23 30 28 36 198 37 23 2 27 12 36 30
923 24 32 27 26 64 83 34 25 33 18 35 30
924 24 27 26 38 49 21 25 35 26 28 36 30
925 23 37 42 40 187 1 29 37 29 35 36 30
926 23 32 25 35 132 20 28 32 33 32 36 30
927 23 25 30 41 95 74 20 1 28 18 35 30
928 23 33 31 16 103 16 26 29 27 19 36 30
929 23 29 26 37 91 7 25 28 26 28 36 30
930 23 34 27 33 81 1 22 30 27 31 36 30
931 23 50 46 28 124 41 26 1 35 32 36 30
932 23 37 28 17 162 52 26 30 30 15 36 30
933 24 30 24 26 107 30 28 24 34 15 36 30
934 23 33 35 27 120 34 20 28 26 17 36 30
935 24 41 33 23 63 41 25 24 30 20 36 30
936 24 37 38 39 204 1 28 39 30 33 36 30
937 24 29 23 27 171 1 22 37 28 14 35 30
938 24 35 30 26 74 64 24 40 30 10 36 30
939 24 39 35 29 93 71 26 27 25 30 36 30
940 24 39 37 32 82 28 23 32 24 29 36 30
941 23 29 29 19 140 6 28 17 29 12 35 29
942 23 34 33 36 171 42 19 30 32 16 36 30
943 23 38 33 29 125 66 31 1 34 34 36 29
944 24 27 34 46 81 122 21 32 31 22 35 30
945 23 37 36 34 118 1 20 28 27 22 36 30
946 24 32 33 13 88 12 20 32 25 4 36 30
947 23 30 31 36 42 1 35 32 25 27 36 30
948 24 39 35 16 84 51 28 27 27 25 36 30
949 24 41 38 23 140 107 26 29 25 19 36 30
950 24 30 27 31 78 37 19 27 23 13 36 30
951 23 33 26 19 172 18 27 48 29 28 36 30
952 23 23 26 35 85 8 23 30 29 13 36 29
953 23 28 26 32 76 1 27 30 31 28 35 29
954 24 33 31 22 71 1 25 23 29 14 36 30
955 24 43 28 29 243 29 23 35 31 38 36 30
956 24 35 34 31 91 23 25 17 27 19 36 30
957 23 39 34 39 239 77 29 14 29 23 36 30
958 24 40 28 25 74 79 25 32 32 35 36 30
959 24 35 32 24 158 67 28 30 28 32 36 30
960 24 32 38 28 93 101 28 32 28 12 36 30
961 23 34 37 35 91 52 22 30 26 23 36 30
962 23 36 25 12 90 1 26 18 26 29 36 30
963 23 37 28 20 85 1 22 36 28 10 36 30
964 24 35 38 27 155 35 25 37 24 29 36 30
965 24 37 33 21 83 1 29 31 30 17 36 30
966 23 30 29 18 66 1 24 26 30 13 35 30
967 23 33 30 24 97 1 21 21 28 5 35 30
968 23 35 26 15 98 83 24 37 33 8 36 29
969 24 38 40 43 82 1 24 39 40 38 36 30
970 23 37 43 50 115 54 26 24 34 41 36 30
971 23 33 29 30 215 1 21 30 26 21 35 30
972 24 42 45 25 83 72 29 27 32 19 36 30
973 24 31 33 30 137 1 25 36 34 20 35 30
974 23 32 24 35 129 1 24 31 26 12 36 29
975 23 33 19 17 71 30 25 30 33 24 36 30
976 23 34 36 38 84 1 20 27 30 35 36 30
977 23 32 28 27 102 63 27 31 29 21 36 30
978 24 27 25 34 81 22 23 40 25 26 35 30
979 23 36 33 20 120 74 23 34 35 10 36 30
980 24 26 30 51 156 9 19 21 23 15 35 29
981 23 32 40 48 134 70 22 31 33 21 36 30
982 23 34 28 32 48 1 20 34 31 37 36 30
983 23 32 24 26 87 15 23 25 24 17 35 29
984 23 29 25 35 104 1 25 42 27 30 36 29
985 24 26 31 33 62 19 17 19 20 7 35 30
986 23 22 21 32 57 1 27 25 22 9 36 30
987 24 45 60 39 80 91 26 23 25 32 36 30
988 24 42 49 22 124 18 25 25 29 25 36 30
989 24 31 30 35 65 1 27 31 37 32 36 30
990 23 30 28 39 115 1 24 20 23 13 36 30
991 23 24 24 36 230 16 26 34 34 18 36 30
992 24 31 30 27 147 1 30 26 29 25 36 30
993 24 39 38 42 118 50 29 35 31 23 36 30
994 24 36 34 29 121 66 34 1 34 10 36 30
995 24 37 37 25 61 103 23 27 33 20 36 30
996 24 32 33 31 83 53 23 35 34 24 36 30
997 23 33 30 26 51 29 25 29 31 32 36 29
998 24 34 29 17 82 12 21 35 32 22 36 30
999 24 40 29 29 44 17 26 35 34 32 36 30
1000 23 24 10 13 85 1 26 23 32 14 35 30
1001 23 35 34 24 101 1 26 29 32 13 36 30
1002 24 24 31 39 152 74 27 39 27 8 36 30
1003 24 30 36 35 120 17 28 1 36 21 35 30
1004 23 39 28 7 330 20 27 19 27 4 36 29
1005 23 33 30 18 158 15 22 31 25 11 36 30
1006 24 32 29 26 111 10 23 13 31 31 36 30
1007 24 31 33 39 60 1 24 24 37 17 36 30
1008 23 32 29 26 77 1 25 31 32 15 36 30
1009 24 37 36 40 152 34 24 27 28 38 36 30
1010 24 35 36 37 74 30 25 31 30 36 36 30
1011 24 33 27 21 99 25 22 21 31 27 36 30
1012 24 35 24 19 81 21 31 29 34 25 36 30
1013 24 36 35 16 264 11 25 30 35 10 36 30
1014 23 28 27 45 68 71 28 27 34 15 36 30
1015 24 38 35 34 82 41 29 33 28 38 36 30
1016 24 43 46 31 91 73 25 23 27 22 36 30
1017 24 31 32 24 89 17 23 28 32 24 35 30
1018 23 36 21 21 61 35 25 28 31 28 36 30
1019 24 31 24 20 141 1 23 21 28 17 36 30
1020 23 29 17 20 64 1 21 18 29 2 35 29
1021 24 41 46 32 90 121 28 38 37 33 36 30
1022 23 34 34 35 102 59 33 39 28 23 36 30
1023 24 54 54 26 145 55 27 27 30 33 36 30
1024 24 34 33 31 72 1 25 28 32 22 36 30
1025 24 22 23 37 95 1 19 29 26 7 36 30
1026 24 24 13 31 83 1 26 46 34 8 36 30
1027 23 32 28 26 65 1 26 27 31 16 36 30
1028 24 33 24 20 153 69 31 20 29 17 36 30
1029 24 27 24 25 64 1 23 24 31 16 35 30
1030 23 40 40 22 86 57 25 14 27 16 36 30
1031 24 34 28 22 71 23 22 27 24 39 36 30
1032 24 37 39 34 122 58 23 25 25 23 36 29
1033 24 46 45 32 143 64 28 41 29 31 36 30
1034 24 34 37 28 85 1 24 36 29 25 36 30
1035 23 42 36 20 103 111 28 23 28 23 36 30
1036 24 36 24 18 89 18 27 30 33 33 36 30
1037 23 37 27 26 113 1 23 11 26 31 36 30
1038 24 33 26 31 151 35 25 1 34 18 36 30
1039 23 32 25 30 138 9 23 32 35 10 36 30
1040 24 35 35 24 70 68 24 28 31 9 36 30
1041 24 39 32 22 87 48 25 23 34 11 36 29
1042 24 31 36 35 292 1 25 42 22 15 36 30
1043 24 37 28 31 179 1 29 32 28 35 36 30
1044 23 38 24 19 156 23 29 33 33 23 36 30
1045 23 33 24 27 102 3 27 31 26 17 35 30
1046 23 36 37 45 79 28 28 31 28 41 36 30
1047 24 35 19 18 277 28 25 22 22 19 36 30
1048 23 26 18 20 102 1 22 18 28 7 36 30
1049 23 31 20 22 67 13 19 31 24 24 35 29
1050 23 28 13 24 108 10 27 29 32 31 36 30
1051 24 32 33 27 82 1 22 32 31 26 36 30
1052 24 28 22 24 100 1 21 33 29 6 35 30
1053 24 30 38 46 99 67 23 23 29 22 36 30
1054 23 27 12 21 99 27 24 27 35 21 35 29
1055 24 38 39 40 103 1 26 30 31 36 36 30
1056 24 38 28 28 74 1 28 35 38 33 36 30
1057 23 42 38 32 160 44 28 36 29 41 36 30
1058 24 41 44 34 197 23 26 27 33 21 36 30
1059 24 38 32 15 71 1 29 22 26 26 36 30
1060 24 31 23 31 214 1 28 34 33 30 36 30
1061 24 36 34 22 395 42 22 27 33 7 36 30
1062 24 33 27 30 92 77 30 28 31 25 36 30
1063 24 35 38 44 84 15 27 1 22 20 35 30
1064 24 30 29 33 94 49 24 26 33 24 35 30
1065 23 31 33 46 69 1 26 32 28 28 36 30
1066 23 37 31 24 108 70 27 28 25 11 36 30
1067 23 41 48 45 105 85 26 23 28 35 36 30
1068 24 32 40 49 72 47 28 32 44 39 36 30
1069 24 32 16 19 62 1 20 19 30 13 36 30
1070 24 45 41 11 211 1 24 27 18 12 36 30
1071 24 30 32 27 152 70 25 18 26 23 36 30
1072 23 44 37 26 93 1 27 27 34 29 36 30
1073 24 36 35 32 62 52 26 37 29 33 36 30
1074 24 28 20 36 184 34 29 38 26 26 36 30
1075 24 32 32 35 56 2 25 34 30 25 36 30
1076 24 35 29 26 113 11 23 33 23 30 36 30
1077 23 22 21 25 102 1 25 25 30 1 35 29
1078 24 37 29 24 82 1 31 32 31 34 36 30
1079 24 40 34 24 110 1 23 28 31 24 36 30
1080 24 43 32 1 106 2 25 24 21 25 36 30
1081 24 35 22 25 182 28 25 29 20 23 36 30
1082 23 46 38 24 114 33 24 38 25 35 36 30
1083 23 36 36 27 51 58 24 23 31 21 36 30
1084 23 32 25 23 137 1 24 33 25 33 36 30
1085 24 36 27 32 68 1 22 33 26 34 36 30
1086 24 32 26 22 97 29 25 34 28 9 36 30
1087 23 38 28 17 107 12 27 27 32 21 35 29
1088 23 35 38 37 55 9 25 38 37 36 36 30
1089 24 38 41 47 152 1 29 31 27 31 36 30
1090 23 33 29 27 72 28 23 18 21 14 36 30
1091 24 45 44 22 94 76 22 36 28 20 36 30
1092 23 31 25 14 58 73 24 24 30 2 36 29
1093 23 33 15 18 79 1 18 37 29 10 36 29
1094 23 34 28 13 64 1 27 25 27 23 36 29
1095 23 31 32 24 97 98 29 21 32 14 35 29
1096 23 28 31 25 124 1 18 35 27 33 36 30
1097 23 30 21 31 153 43 27 26 34 17 35 29
1098 23 30 27 24 252 1 19 25 21 5 35 29
1099 24 36 37 33 87 76 25 36 29 19 35 30
1100 24 32 28 30 55 69 27 21 38 7 36 30
1101 23 33 27 21 80 60 23 26 26 25 35 30
1102 23 42 40 27 104 114 28 35 31 27 36 30
1103 23 21 16 28 52 26 27 33 35 28 36 29
1104 23 41 46 43 78 90 23 27 34 32 36 30
1105 24 37 39 29 138 70 26 30 28 23 36 30
1106 23 31 32 35 52 5 28 34 29 34 36 30
1107 23 35 35 37 143 27 25 33 37 47 36 30
1108 24 32 32 28 164 60 25 30 33 7 36 29
1109 23 28 21 35 63 1 28 1 44 9 35 30
1110 23 44 37 13 87 32 20 36 27 37 36 29
1111 23 30 20 28 79 1 26 28 18 33 36 30
1112 23 36 34 35 92 1 21 39 27 42 36 29
1113 23 38 37 25 67 65 23 30 29 3 36 30
1114 23 27 18 35 75 55 22 27 28 24 35 29
1115 23 22 25 36 79 1 32 30 40 30 36 30
1116 23 32 33 29 94 1 29 34 29 25 36 29
1117 23 33 36 42 239 54 23 38 26 34 36 29
1118 23 30 19 20 99 1 23 19 35 21 35 29
1119 23 27 30 43 63 23 30 39 26 44 36 30
1120 23 30 14 6 102 1 22 29 16 1 36 29
1121 24 35 23 24 56 7 31 40 38 27 36 29
1122 23 32 40 31 100 1 22 35 30 28 36 30
1123 23 29 34 42 92 18 26 35 31 39 36 29
1124 24 35 29 35 78 29 21 33 24 36 36 30
1125 23 41 50 32 119 73 25 3 35 27 36 30
1126 24 27 27 32 263 86 24 22 27 13 35 30
1127 24 34 34 14 106 22 20 41 28 17 36 30
1128 24 39 33 28 101 80 27 31 29 21 36 30
1129 24 33 26 31 59 18 31 35 31 36 36 30
1130 24 45 46 20 119 115 25 29 29 10 36 30
1131 23 33 30 25 89 74 31 30 33 36 36 30
1132 23 36 29 20 80 1 20 22 22 25 35 30
1133 23 31 22 20 81 29 22 32 27 4 35 29
1134 23 32 33 36 129 1 26 34 28 40 36 30
1135 24 39 37 19 313 10 22 32 28 36 36 30
1136 24 38 34 27 71 44 26 33 33 35 36 30
1137 24 39 34 23 137 36 18 23 26 14 36 30
1138 23 30 20 27 119 1 25 33 34 19 35 29
1139 23 29 24 30 164 1 26 29 29 20 35 30
1140 24 33 31 23 124 41 24 27 27 2 35 29
1141 23 49 54 39 84 136 25 16 27 22 36 30
1142 24 34 27 19 246 8 24 29 28 16 36 30
1143 23 21 23 36 111 1 17 26 30 11 36 30
1144 23 28 18 27 70 17 26 25 32 35 36 30
1145 23 39 33 22 119 48 16 29 21 10 36 30
1146 23 29 29 24 150 38 26 32 29 18 36 30
1147 24 31 26 21 168 10 28 28 24 5 36 30
1148 23 32 22 28 57 4 25 30 31 33 36 30
1149 23 32 23 16 133 40 29 24 31 18 35 30
1150 23 37 36 24 133 80 21 22 33 25 35 30
1151 24 29 29 23 198 30 21 26 28 9 36 29
1152 23 32 35 33 77 12 23 35 31 45 36 29
1153 23 29 33 40 100 1 24 38 38 25 35 30
1154 23 40 30 23 202 20 25 30 33 35 36 30
1155 23 23 17 30 115 10 27 29 32 14 35 29
1156 24 33 32 26 230 13 23 24 17 21 35 30
1157 23 32 34 25 154 51 24 21 29 1 36 30
1158 23 34 24 19 190 24 23 16 29 20 36 30
1159 23 37 39 22 120 1 25 17 31 22 35 30
1160 24 46 41 15 73 61 24 32 32 17 36 30
1161 24 35 33 32 70 3 23 33 25 32 36 30
1162 23 45 35 24 65 41 19 35 31 29 36 30
1163 24 34 30 20 72 13 26 33 27 6 36 29
1164 24 30 26 18 184 71 27 29 36 17 36 30
1165 23 31 36 38 63 1 27 18 34 20 36 30
1166 23 38 36 37 124 50 25 24 29 34 36 30
1167 23 34 26 26 95 1 20 32 25 32 36 30
1168 23 31 29 27 128 1 20 36 29 27 35 29
1169 23 36 37 28 132 135 26 18 27 5 36 30
1170 23 32 20 27 76 47 23 30 31 28 36 30
1171 24 33 22 11 108 1 26 33 31 16 36 30
1172 23 28 20 17 74 1 23 27 27 6 35 29
1173 24 30 24 23 147 1 27 34 25 27 35 30
1174 24 32 27 19 68 56 25 17 30 1 36 29
1175 23 28 31 30 95 6 21 27 32 5 36 30
1176 23 32 29 34 65 7 25 35 30 37 36 30
1177 23 41 46 43 80 45 29 43 36 41 36 30
1178 24 41 39 17 89 70 26 26 36 24 36 30
1179 24 31 34 31 104 56 25 31 34 17 36 30
1180 23 34 40 23 117 114 24 21 31 4 36 29
1181 24 46 44 35 86 1 16 25 30 26 36 30
1182 24 38 38 25 93 34 28 14 30 1 36 30
1183 24 30 26 22 81 1 22 31 41 12 36 30
1184 23 34 38 35 69 47 20 27 33 15 36 30
1185 23 34 28 22 133 43 25 30 29 18 35 30
1186 23 27 16 15 146 1 14 22 28 19 35 30
1187 24 38 41 30 130 62 35 27 33 13 36 30
1188 24 29 18 24 97 37 27 1 32 22 35 29
1189 24 33 37 33 101 39 28 41 29 36 36 30
1190 24 34 33 26 110 1 23 29 24 16 36 30
1191 24 39 40 30 98 57 29 29 34 34 36 30
1192 23 36 31 29 207 1 28 41 28 32 36 30
1193 24 34 30 34 134 87 23 33 28 28 36 30
1194 24 37 41 35 113 1 23 42 25 32 36 30
1195 24 43 42 29 68 1 25 27 30 28 36 30
1196 24 22 17 28 92 44 21 23 26 22 36 30
1197 24 36 21 24 59 1 25 37 28 23 36 30
1198 24 32 38 29 134 1 30 22 29 22 36 30
1199 23 27 27 41 86 1 24 26 29 10 36 30
1200 23 27 22 28 63 1 27 20 33 6 36 29
1201 23 38 32 33 75 54 29 40 29 44 36 30
1202 24 33 28 36 61 34 21 41 26 36 36 30
1203 23 26 21 40 94 15 23 28 27 21 35 30
1204 24 33 31 30 93 85 26 33 28 41 36 30
1205 24 38 34 35 58 69 30 37 31 29 36 30
1206 23 32 30 37 99 15 25 28 32 20 36 30
1207 24 33 30 35 187 21 23 29 27 34 36 30
1208 24 35 35 40 132 1 22 38 23 32 36 30
1209 23 25 23 48 89 30 34 34 25 32 36 30
1210 24 41 47 29 75 47 26 26 29 34 36 30
1211 23 37 22 20 145 11 24 21 34 29 36 30
1212 23 42 39 27 107 1 26 27 32 25 36 30
1213 24 35 47 30 131 39 18 30 28 12 36 30
1214 23 34 28 30 86 1 28 27 24 31 36 30
1215 23 32 31 37 75 1 21 35 30 33 36 30
1216 23 29 15 19 128 1 2005 1548 2005 22 35 30
1217 24 29 33 30 66 15 25 30 106 16 36 30
1218 24 28 34 33 67 17 26 40 36 23 35 30
1219 23 28 21 23 85 1 22 7 32 14 35 29
1220 24 43 36 31 131 1 27 39 25 27 36 30
1221 24 27 23 38 57 1 25 32 24 22 36 30
1222 24 25 21 28 76 34 21 44 33 17 36 30
1223 24 42 39 19 100 108 25 26 30 19 36 30
1224 24 35 30 29 100 1 24 42 28 28 36 30
1225 23 30 35 30 108 1 23 33 30 15 36 30
1226 24 41 43 23 107 102 26 39 31 16 36 30
1227 24 42 33 16 181 1 27 18 37 20 36 30
1228 24 32 21 6 104 1 22 29 31 19 36 30
1229 23 31 35 32 56 58 29 29 34 20 36 30
1230 23 34 31 33 94 12 21 33 26 29 36 30
1231 24 31 27 28 283 33 29 33 30 17 35 30
1232 23 31 20 23 78 1 23 36 27 31 36 30
1233 23 31 25 28 58 6 25 1 37 20 35 30
1234 23 25 27 39 80 102 20 38 31 24 36 30
1235 24 38 41 30 66 87 23 23 26 16 36 30
1236 23 34 34 35 159 1 25 25 30 28 36 30
1237 23 32 29 36 103 1 20 29 27 37 36 30
1238 24 25 14 12 296 45 23 17 34 23 35 30
1239 23 29 30 45 337 51 28 29 36 28 36 30
1240 23 33 33 27 124 1 35 36 38 32 36 30
1241 23 37 37 22 159 113 26 31 38 8 36 30
1242 23 24 25 28 113 1 20 34 27 13 35 30
1243 24 34 37 39 92 35 19 26 26 22 36 30
1244 24 40 30 15 83 24 27 43 28 30 36 30
1245 23 32 32 39 76 1 25 35 28 36 36 30
1246 23 27 23 35 116 50 26 16 32 29 36 30
1247 23 31 29 25 279 1 28 33 29 22 35 29
1248 24 32 32 35 56 8 34 37 31 19 36 30
1249 24 35 25 17 172 1 25 31 30 23 36 30
1250 24 35 39 41 87 77 28 24 34 24 36 30
1251 24 34 30 22 96 1 25 23 27 14 36 30
1252 23 40 38 39 86 1 32 31 34 31 36 30
1253 24 33 33 30 82 58 28 28 31 11 36 30
1254 24 39 32 7 191 1 26 35 31 11 36 30
1255 24 33 34 27 79 39 24 38 28 27 36 30
1256 24 26 21 29 126 11 25 27 32 9 36 30
1257 24 47 50 37 101 124 22 32 32 27 36 30
1258 24 39 32 22 59 32 24 27 24 33 36 30
1259 24 33 24 23 97 23 22 28 31 28 36 30
1260 24 32 25 27 89 1 25 29 22 17 36 30
1261 23 30 20 24 134 1 28 23 40 26 35 30
1262 23 37 28 20 134 1 26 35 30 30 36 30
1263 24 29 25 34 68 53 31 34 33 28 36 30
1264 23 29 29 32 124 85 25 33 30 14 36 30
1265 24 40 39 32 361 58 24 22 30 23 36 30
1266 24 33 37 39 82 74 23 27 35 22 36 30
1267 23 30 21 21 99 6 24 37 26 24 35 29
1268 24 25 17 23 147 1 25 36 27 21 36 30
1269 24 37 34 15 91 25 25 21 29 15 36 30
1270 23 31 24 20 55 17 24 43 31 26 36 30
1271 23 36 32 34 86 4 21 20 30 19 36 30
1272 23 35 30 26 115 17 20 35 24 26 36 30
1273 24 31 27 26 67 38 29 27 27 20 36 30
1274 24 33 36 24 84 111 27 23 28 9 36 30
1275 23 29 25 18 59 46 23 25 23 18 35 29
1276 24 34 38 32 169 24 22 38 28 16 36 30
1277 23 16 20 37 128 9 20 24 24 10 35 29
1278 24 33 31 18 59 21 25 22 32 10 36 30
1279 24 42 50 38 59 42 23 28 30 27 36 30
1280 24 35 44 41 150 1 25 29 32 23 36 30
1281 23 35 28 17 61 51 26 27 32 24 36 30
1282 24 46 48 29 115 88 28 22 39 24 36 30
1283 23 33 36 35 93 96 25 29 29 15 36 30
1284 24 29 29 35 51 2 26 34 25 29 36 30
1285 24 25 37 43 102 61 28 27 35 19 35 30
1286 24 39 44 32 61 102 21 26 29 22 36 30
1287 24 33 32 32 159 85 29 41 34 26 36 30
1288 24 33 35 32 274 52 27 33 37 33 36 30
1289 24 27 36 32 112 1 26 24 31 14 36 30
1290 23 24 20 13 59 40 21 30 33 4 36 29
1291 24 40 35 24 89 1 24 33 27 27 36 30
1292 24 30 30 31 57 12 24 33 34 36 36 30
1293 24 34 34 26 149 1 30 42 34 27 36 30
1294 23 40 50 40 124 7 18 34 29 23 36 30
1295 23 35 33 20 63 67 28 33 28 16 36 30
1296 23 29 24 21 105 14 27 28 30 19 35 29
1297 23 44 45 34 193 134 28 31 58 29 36 30
1298 23 26 18 24 124 1 25 25 32 19 35 29
1299 23 29 21 36 100 4 24 30 20 25 35 30
1300 24 38 39 31 106 50 29 27 37 27 36 30
1301 23 33 25 10 132 37 25 18 30 6 36 29
1302 23 33 32 33 125 1 19 33 22 20 35 29
1303 23 32 30 35 83 1 26 35 28 27 35 30
1304 24 40 49 29 229 15 27 26 34 19 36 30
1305 23 36 30 28 66 23 32 25 34 26 36 30
1306 24 35 36 40 89 1 24 31 33 30 36 30
1307 23 29 23 25 76 62 27 39 29 18 35 30
1308 23 29 29 25 59 95 26 28 25 16 35 30
1309 23 33 28 30 55 1 27 25 32 25 36 30
1310 23 43 42 31 71 71 26 26 31 33 36 30
1311 24 36 38 40 157 74 24 32 25 25 36 30
1312 23 34 26 19 182 6 25 36 24 16 36 30
1313 24 31 38 45 58 52 26 11 37 18 35 30
1314 23 21 11 23 73 1 18 21 25 13 35 29
1315 23 38 38 29 60 34 26 31 29 29 36 30
1316 24 37 49 48 99 18 19 30 25 24 36 30
1317 24 36 37 33 82 1 25 30 23 14 36 30
1318 23 23 27 21 65 1 24 28 31 10 35 30
1319 23 29 27 41 62 31 23 36 32 17 35 30
1320 23 33 43 40 89 67 22 32 33 28 36 29
1321 24 32 25 21 97 27 27 34 36 17 36 30
1322 23 29 32 31 61 41 26 24 29 15 36 30
1323 24 35 35 41 47 41 25 28 26 29 36 30
1324 24 43 54 40 69 33 22 30 29 28 36 30
1325 24 33 32 40 118 63 25 26 28 31 36 30
1326 23 41 47 27 98 1 24 31 30 22 36 30
1327 24 38 43 33 219 39 17 19 28 22 36 30
1328 24 40 35 25 602 1 25 1 30 17 35 30
1329 24 38 32 16 103 1 26 37 24 14 36 30
1330 24 56 52 26 125 68 30 25 33 34 36 30
1331 23 27 24 34 101 1 21 31 27 21 35 29
1332 24 39 41 20 143 7 19 26 20 11 36 30
1333 24 32 17 23 91 1 22 36 27 8 36 30
1334 24 42 46 34 108 69 21 30 23 24 36 30
1335 24 31 19 25 121 33 24 21 28 12 36 30
1336 24 45 37 17 79 1 25 34 31 29 36 30
1337 24 36 37 31 69 52 22 28 26 32 36 30
1338 24 37 28 16 74 1 27 26 25 2 36 30
1339 24 47 43 26 108 62 29 24 37 39 36 30
1340 23 36 35 18 127 26 28 18 35 9 36 30
1341 24 41 44 30 72 46 25 28 37 34 36 30
1342 24 31 30 32 123 25 24 38 28 24 36 30
1343 23 24 26 49 50 1 27 1 35 15 36 30
1344 24 32 26 17 56 18 24 24 36 1 36 30
1345 24 35 39 23 96 85 23 25 31 14 36 30
1346 23 32 30 26 223 44 22 21 30 26 36 30
1347 24 42 40 13 126 71 28 20 32 36 36 30
1348 23 36 38 25 111 102 27 28 26 11 36 30
1349 23 30 29 22 64 30 24 29 34 20 36 30
1350 24 41 43 30 70 1 27 49 30 25 36 30
1351 24 38 27 25 57 1 22 26 31 20 36 30
1352 23 25 31 32 106 2 23 14 24 2 36 30
1353 24 36 38 76 90 467 26 30 36 27 36 30
1354 24 38 32 13 79 3 21 47 14 24 36 30
1355 24 38 50 32 100 108 23 35 28 11 36 30
1356 24 32 37 34 129 2 22 33 28 20 36 30
1357 23 28 26 26 101 1 25 26 25 14 35 29
1358 24 43 45 30 129 10 23 28 32 31 36 30
1359 24 38 30 27 91 1 23 35 30 35 36 30
1360 23 34 28 29 162 19 20 34 28 27 36 30
1361 24 31 29 37 361 36 29 25 35 31 36 30
1362 23 27 26 30 149 1 23 28 21 16 35 30
1363 23 35 32 17 88 67 27 26 29 9 36 30
1364 23 32 31 29 112 17 24 37 31 21 35 30
1365 24 31 21 27 87 1 28 33 36 32 36 30
1366 24 34 36 24 96 72 25 39 31 11 36 30
1367 24 37 41 21 69 76 24 23 25 2 36 30
1368 24 29 17 16 176 8 23 28 33 9 36 30
1369 23 31 34 40 54 60 30 34 29 27 36 30
1370 24 41 45 34 58 7 24 31 30 32 36 30
1371 23 29 29 23 105 82 24 23 30 11 36 30
1372 23 35 24 13 115 1 21 23 29 9 35 29
1373 23 37 30 15 95 46 24 25 32 28 36 30
1374 24 35 23 24 128 49 24 36 19 14 36 30
1375 24 42 39 28 60 69 27 25 25 25 36 30
1376 24 31 27 23 111 11 24 17 28 1 36 30
1377 23 25 28 25 87 45 25 29 29 10 36 30
1378 23 32 30 22 164 23 24 27 29 9 36 30
1379 24 44 42 28 76 1 25 39 33 24 36 30
1380 24 24 24 37 78 1 24 30 30 23 36 30
1381 23 38 32 24 71 45 23 30 28 3 36 30
1382 24 30 23 23 188 56 25 37 29 19 36 30
1383 23 33 28 18 73 41 24 18 30 1 36 29
1384 24 32 23 19 131 1 22 19 26 12 36 30
1385 24 34 36 26 114 1 28 29 27 7 36 30
1386 24 30 26 35 101 15 23 29 26 31 36 30
1387 24 34 37 34 131 4 26 28 29 33 36 30
1388 24 36 36 30 91 117 22 20 25 19 36 30
1389 23 28 22 23 103 41 24 40 25 6 36 30
1390 23 23 13 29 50 5 24 24 27 5 36 29
1391 24 29 31 36 114 34 28 33 25 31 36 30
1392 24 32 29 30 62 15 31 24 29 15 36 30
1393 24 30 28 23 59 40 26 22 26 8 36 30
1394 23 33 26 28 67 26 27 30 32 35 36 30
1395 23 29 31 31 118 1 22 22 29 8 35 30
1396 24 46 42 30 108 58 29 25 30 45 36 30
1397 24 38 46 40 159 70 26 34 33 33 36 30
1398 24 33 29 24 61 59 20 28 30 9 36 30
1399 24 27 16 29 109 1 22 28 25 10 36 30
1400 23 32 29 27 160 22 26 27 34 30 36 30
1401 23 32 41 29 67 49 19 25 21 9 36 29
1402 24 36 41 41 132 96 28 33 27 30 36 30
1403 23 41 45 24 119 1 26 27 30 21 35 30
1404 23 38 43 26 194 97 25 18 25 1 36 30
1405 23 28 26 25 152 10 25 31 32 15 35 30
1406 24 39 32 24 74 2 23 28 29 27 36 30
1407 23 32 28 37 48 1 24 18 32 24 36 30
1408 24 38 34 23 59 43 21 29 23 13 36 29
1409 23 31 32 28 253 1 29 18 37 12 36 30
1410 24 29 26 29 152 1 19 33 22 1 36 30
1411 23 36 28 12 94 52 25 26 33 26 36 30
1412 22 30 24 20 78 1 24 27 26 6 35 29
1413 24 37 35 34 83 36 23 38 31 30 36 30
1414 23 41 45 21 75 16 23 23 34 20 36 30
1415 24 39 36 16 108 33 23 1 39 18 36 30
1416 24 35 33 32 155 1 22 49 25 26 36 30
1417 23 41 34 18 105 67 23 31 27 14 36 30
1418 24 29 40 46 189 1 22 36 31 26 36 30
1419 24 29 24 30 80 1 25 47 28 36 36 30
1420 24 38 43 32 98 134 24 29 32 16 36 30
1421 24 36 34 29 58 14 17 25 31 24 36 30
1422 24 39 40 26 90 1 25 33 39 39 36 30
1423 24 42 48 39 176 134 23 30 20 17 36 30
1424 24 40 29 17 66 1 27 33 37 42 36 30
1425 24 28 25 36 180 18 23 42 29 17 35 30
1426 23 29 25 27 73 113 24 18 27 9 36 30
1427 23 38 31 26 72 16 27 33 25 38 36 30
1428 23 33 29 35 96 18 24 40 29 37 36 30
1429 24 39 37 30 52 19 23 30 27 32 36 30
1430 24 41 47 29 162 21 25 25 31 19 36 30
1431 23 36 38 32 99 1 22 27 28 27 36 30
1432 23 28 29 27 86 43 29 53 30 18 36 30
1433 24 29 20 19 97 40 21 29 27 11 36 29
1434 24 34 33 28 141 54 23 21 25 9 36 30
1435 24 37 39 28 60 1 25 24 27 31 36 30
1436 24 40 27 24 72 48 28 36 21 11 36 30
1437 24 40 36 30 155 5 24 32 25 28 36 30
1438 23 43 39 22 173 45 31 25 31 20 35 30
1439 24 35 35 37 69 1 25 40 32 43 36 30
1440 23 37 40 43 110 1 25 35 29 36 36 30
1441 24 41 35 18 122 54 24 26 43 27 36 30
1442 23 33 20 20 97 1 26 22 32 26 36 30
1443 24 36 29 27 104 1 26 37 32 28 36 30
1444 23 38 27 20 65 1 30 28 30 24 36 30
1445 24 38 37 32 85 52 26 35 25 31 36 30
1446 24 35 24 20 58 10 24 27 25 1 36 30
1447 23 26 21 23 250 8 19 24 28 15 35 30
1448 23 31 25 19 169 18 21 21 25 1 35 29
1449 23 37 32 22 110 112 23 28 29 4 36 30
1450 24 38 41 24 106 57 20 30 33 16 36 30
1451 24 37 28 15 186 1 25 25 29 24 36 30
1452 24 38 31 22 151 24 19 1 35 21 36 30
1453 23 27 36 37 139 89 23 40 35 23 36 30
1454 23 28 34 42 138 8 31 35 40 42 36 30
1455 24 28 29 37 82 27 27 45 26 10 36 30
1456 24 26 15 30 54 9 23 2 37 19 36 30
1457 24 41 37 32 109 16 20 32 31 38 36 30
1458 24 52 40 15 132 1 24 37 26 30 36 30
1459 23 35 38 32 62 99 21 1 39 12 35 30
1460 23 27 22 32 91 78 29 23 24 24 35 30
1461 24 40 35 27 84 51 21 26 26 23 36 30
1462 24 28 26 22 69 1 22 32 23 18 35 30
1463 23 24 37 43 96 1 23 38 29 7 36 29
1464 23 28 28 27 97 42 22 36 32 10 35 29
1465 24 35 33 38 96 6 27 34 30 36 36 30
1466 23 32 30 30 127 70 20 22 28 11 35 30
1467 23 38 38 39 86 120 28 40 30 40 36 30
1468 23 35 32 30 157 2 21 36 28 36 36 30
1469 24 35 36 27 95 90 20 24 26 28 36 30
1470 23 34 41 38 317 60 25 37 33 37 36 30
1471 23 39 40 36 116 38 22 35 29 27 36 30
1472 24 42 36 25 132 35 19 28 29 27 36 30
1473 23 28 18 28 418 23 401 30 30 27 35 30
1474 23 30 41 27 146 93 23 23 25 4 36 30
1475 24 30 21 16 114 1 21 27 32 13 36 30
1476 24 30 30 26 71 28 21 22 24 1 36 30
1477 24 41 28 19 91 11 24 25 20 27 36 30
1478 23 30 25 28 54 38 27 29 31 17 36 30
1479 24 38 43 45 65 1 23 46 26 47 36 30
1480 23 30 29 34 114 92 23 1 33 15 36 30
1481 24 38 40 32 73 85 20 45 28 30 36 30
1482 23 30 24 33 94 56 25 33 23 7 35 29
1483 23 30 33 33 129 66 26 28 23 14 36 30
1484 23 17 11 38 167 1 21 1 37 16 35 29
1485 24 33 28 30 141 106 20 31 32 25 36 30
1486 23 35 33 28 113 40 23 26 29 30 36 30
1487 23 34 39 25 90 1 25 28 29 1 36 30
1488 23 37 48 36 94 28 28 19 33 22 36 30
1489 24 44 42 15 62 1 22 28 23 28 36 29
1490 23 28 33 41 54 1 27 41 32 28 36 30
1491 23 30 24 30 110 12 23 36 25 32 36 30
1492 24 33 29 15 65 64 24 26 24 1 36 29
1493 23 33 27 13 89 41 18 27 22 10 36 29
1494 24 31 39 38 123 1 22 33 21 11 36 30
1495 23 31 32 28 98 21 27 33 30 11 35 29
1496 23 25 20 19 156 13 24 26 27 9 35 29
1497 23 26 23 39 74 25 25 36 28 26 35 30
1498 23 38 34 29 105 1 25 29 21 31 36 30
1499 23 38 39 36 55 1 21 25 28 33 36 30
1500 23 33 32 20 263 1 21 22 26 4 36 30
1501 24 32 28 28 86 3 24 29 32 36 36 30
1502 23 21 12 19 101 1 22 27 24 1 35 29
1503 23 22 23 40 97 8 26 20 31 17 36 29
1504 23 21 17 38 92 48 20 26 30 7 35 29
1505 23 24 19 19 95 1 31 27 32 13 36 29
1506 23 31 30 31 126 1 25 15 31 9 35 29
1507 23 38 49 39 107 115 29 48 34 26 36 30
1508 23 37 31 30 111 6 21 36 32 19 36 30
1509 23 44 40 28 242 1 23 23 23 38 36 29
1510 23 31 36 40 134 16 22 17 27 26 36 30
1511 23 34 23 19 94 1 25 28 32 15 36 30
1512 23 28 28 24 263 10 21 35 24 9 35 29
1513 23 33 33 31 104 35 24 39 30 29 36 30
1514 23 41 40 26 64 90 26 24 29 6 36 30
1515 23 37 41 32 145 1 23 24 27 14 36 30
1516 24 34 31 24 84 33 25 1 43 25 36 30
1517 24 39 44 31 221 21 24 34 29 26 36 30
1518 23 24 10 26 154 1 22 25 26 12 35 30
1519 23 31 31 47 244 1 24 30 24 25 35 30
1520 23 31 35 32 65 91 27 37 29 17 36 30
1521 23 39 33 18 59 12 24 20 25 15 36 30
1522 24 24 26 38 132 5 24 32 27 21 35 30
1523 24 33 28 26 59 27 19 35 27 33 36 30
1524 24 37 43 46 87 1 27 29 29 43 36 30
1525 23 32 19 17 71 1 24 32 28 11 36 29
1526 23 32 37 31 117 8 21 32 31 14 35 30
1527 24 33 30 45 68 31 24 31 30 44 36 30
1528 23 29 14 18 100 36 26 24 25 13 36 29
1529 24 27 33 27 112 45 27 22 32 6 36 30
1530 24 22 13 12 246 2 24 30 27 4 35 30
1531 23 35 21 27 86 1 27 27 28 16 36 29
1532 23 36 37 34 193 15 21 35 30 21 36 30
1533 24 50 49 23 65 7 33 22 34 31 36 30
1534 23 35 28 33 127 82 27 19 24 21 36 30
1535 23 32 23 16 131 1 24 42 32 20 35 29
1536 23 27 29 23 125 22 26 16 29 22 35 29
1537 23 34 31 32 120 1 25 28 34 30 36 30
1538 23 30 21 26 160 77 22 32 26 15 35 29
1539 24 40 40 29 94 37 22 16 31 29 36 30
1540 23 41 23 6 105 1 26 25 21 6 36 29
1541 23 37 36 21 105 1 27 39 40 38 36 30
1542 24 33 44 37 87 91 23 38 31 25 36 30
1543 24 34 30 21 102 14 27 1 30 17 35 30
1544 23 27 23 28 76 26 27 29 30 19 35 30
1545 24 38 35 22 69 7 29 30 34 21 36 30
1546 23 37 37 26 94 4 25 19 25 35 36 30
1547 23 33 36 27 230 120 22 32 30 13 36 30
1548 24 34 35 26 145 46 27 18 33 5 36 30
1549 24 36 33 22 113 13 26 23 32 16 36 30
1550 23 29 32 34 139 59 24 1 45 19 35 30
1551 23 26 20 35 79 67 26 33 29 23 36 30
1552 24 34 42 40 252 1 22 29 33 16 36 30
1553 23 30 30 20 81 24 22 39 30 25 35 30
1554 23 35 23 25 90 13 19 21 27 22 36 30
1555 24 35 39 31 93 55 27 29 33 22 36 30
1556 23 36 27 24 91 20 21 32 29 27 36 30
1557 23 35 32 20 63 6 25 31 30 12 36 29
1558 23 29 20 31 72 47 27 33 29 9 36 30
1559 23 20 14 26 176 1 36 30 27 18 35 30
1560 24 33 30 25 130 1 24 30 30 22 36 30
1561 23 32 31 30 58 15 27 33 28 26 35 30
1562 23 34 26 27 85 1 27 26 32 12 36 30
1563 23 30 35 40 122 23 28 29 28 23 36 30
1564 23 27 15 21 76 1 16 18 30 2 35 29
1565 23 30 12 30 47 42 21 25 27 14 36 30
1566 23 30 23 23 105 1 21 26 25 20 35 29
1567 24 38 37 27 83 9 22 26 27 20 36 30
1568 23 15 18 45 119 1 21 28 28 10 35 29
1569 23 29 33 37 172 81 28 40 28 22 35 29
1570 23 30 28 35 334 1 20 33 24 25 35 29
1571 24 33 34 26 103 99 33 28 32 17 36 30
1572 23 29 29 32 86 33 24 25 25 20 36 30
1573 23 28 29 40 120 30 26 29 20 12 35 30
1574 23 24 18 28 112 8 22 30 28 19 35 30
1575 24 39 42 25 67 67 22 11 22 20 36 30
1576 23 39 43 35 91 50 23 39 33 30 36 29
1577 23 29 24 23 133 1 24 32 30 10 35 30
1578 23 33 27 20 64 1 24 28 27 16 35 29
1579 24 47 59 30 150 67 28 22 30 29 36 30
1580 23 26 29 25 92 34 26 27 31 8 35 29
1581 23 31 27 18 95 15 26 34 36 17 35 29
1582 24 43 42 11 81 1 25 26 31 27 36 30
1583 24 36 31 24 62 30 27 32 27 23 35 30
1584 24 44 48 33 114 93 31 29 35 20 36 30
1585 23 20 14 27 70 9 22 38 19 18 35 29
1586 24 24 22 24 61 51 24 31 29 12 35 29
1587 24 33 31 37 118 1 25 22 28 22 36 30
1588 23 29 31 36 105 25 23 34 26 21 35 29
1589 23 42 37 17 186 20 26 24 33 14 36 30
1590 24 39 47 35 70 59 25 30 31 27 36 30
1591 24 38 42 27 85 37 27 33 30 9 36 30
1592 23 33 26 21 87 1 25 34 33 23 35 29
1593 24 38 35 23 143 61 24 19 26 15 36 30
1594 23 26 15 33 142 1 20 29 27 19 36 30
1595 24 36 31 13 120 1 27 23 34 19 35 29
1596 23 42 49 32 104 5 31 23 28 34 36 30
1597 23 28 16 24 107 4 22 25 25 17 35 29
1598 23 39 39 27 203 23 25 38 21 14 36 30
1599 23 36 32 35 133 8 25 36 29 30 36 30
1600 23 31 22 25 128 25 24 21 27 15 35 29
1601 24 34 28 34 146 54 22 30 30 26 35 29
1602 23 42 46 32 94 1 24 26 29 27 36 29
1603 23 31 21 12 84 42 25 25 30 10 36 29
1604 24 38 36 22 114 1 21 27 28 9 36 29
1605 23 21 25 41 51 54 23 23 31 8 36 29
1606 23 37 36 32 62 67 25 26 30 15 35 29
1607 23 34 33 21 103 1 18 25 20 9 35 29
1608 24 39 32 27 94 85 29 31 36 28 36 30
1609 24 30 24 21 88 1 28 34 33 20 35 29
1610 23 23 16 39 121 1 22 21 28 10 36 29
1611 24 33 34 23 101 50 19 31 31 11 36 30
1612 23 33 37 30 151 1 25 17 31 22 35 29
1613 23 38 38 36 212 66 26 28 25 11 36 29
1614 23 36 31 22 140 92 28 32 28 18 36 30
1615 23 36 36 41 83 1 29 34 33 33 36 30
1616 23 25 25 44 170 20 29 1 39 13 35 29
1617 23 34 34 34 90 1 25 40 32 29 36 29
1618 23 35 36 22 107 40 19 29 27 11 36 30
1619 23 39 32 24 93 97 32 27 37 24 35 29
1620 24 35 37 33 142 23 21 33 26 23 35 29
1621 24 34 32 30 56 19 21 25 25 19 36 29
1622 23 30 32 39 71 73 35 40 25 26 35 29
1623 24 41 34 21 191 50 26 31 26 19 35 29
1624 23 25 22 32 132 27 25 19 29 19 35 29
1625 24 39 38 23 97 1 21 21 27 21 36 30
1626 23 33 32 17 118 63 27 26 34 7 36 30
1627 23 40 42 18 148 20 28 34 28 10 36 30
1628 23 24 22 25 106 72 26 1 35 8 35 29
1629 23 30 31 36 354 1 25 27 33 20 36 30
1630 24 35 34 32 59 23 26 23 30 23 36 30
1631 23 46 43 30 67 104 28 33 35 30 36 30
1632 24 45 39 24 104 1 24 22 31 23 36 30
1633 24 45 46 24 96 85 27 1 36 35 36 29
1634 23 38 42 29 88 79 25 29 31 16 35 30
1635 23 32 28 28 83 48 21 28 31 30 36 30
1636 23 33 22 23 61 26 28 22 26 16 35 30
1637 23 40 34 23 126 54 27 23 26 27 36 30
1638 23 33 34 22 97 26 27 28 30 20 36 30
1639 23 43 37 14 120 82 28 30 28 21 36 30
1640 23 39 35 35 78 74 22 31 30 33 36 30
1641 23 32 27 24 89 1 24 28 26 17 35 30
1642 24 32 25 28 83 1 23 30 25 20 36 29
1643 24 32 22 32 138 1 23 32 27 32 36 29
1644 23 50 35 4 158 1 27 27 31 18 36 30
1645 23 35 31 17 64 11 26 1 45 22 35 30
1646 23 34 41 32 95 95 25 24 33 23 36 30
1647 23 35 36 21 75 26 27 22 30 14 36 30
1648 23 42 31 17 135 18 28 4 31 27 36 29
1649 23 36 39 26 294 94 22 31 32 21 36 30
1650 23 35 35 26 114 72 20 33 16 15 35 29
1651 24 42 46 13 125 42 32 30 30 8 36 30
1652 24 41 39 22 150 25 25 29 35 18 36 30
1653 24 35 35 28 131 1 22 18 32 15 36 30
1654 24 27 24 31 69 45 28 1 32 24 35 30
1655 23 42 38 19 104 45 27 25 42 25 36 30
1656 23 41 36 25 90 72 24 10 34 22 36 29
1657 24 32 30 30 93 45 27 30 36 25 36 30
1658 23 38 34 26 231 69 25 31 33 27 36 30
1659 23 38 38 22 95 28 29 29 27 15 36 30
1660 24 36 23 23 181 1 25 16 25 21 35 29
1661 24 45 53 34 98 114 20 20 28 32 36 30
1662 24 33 35 32 95 32 24 33 34 32 36 30
1663 24 32 26 31 132 1 21 32 31 20 35 30
1664 24 43 42 27 135 25 23 25 33 20 36 30
1665 24 37 39 45 77 33 28 33 25 28 36 30
1666 24 33 34 36 122 49 25 31 33 26 36 30
1667 23 41 44 18 204 1 23 30 21 24 35 29
1668 23 29 31 38 67 1 29 33 31 27 36 30
1669 23 28 25 30 141 1 26 27 25 14 35 29
1670 24 34 47 48 90 1 23 35 30 40 36 30
1671 23 37 42 43 98 63 29 34 30 37 36 30
1672 23 37 38 21 124 117 31 18 37 4 36 30
1673 23 40 45 22 89 83 25 36 31 14 36 30
1674 24 33 35 28 152 42 29 38 29 23 36 30
1675 23 40 41 27 172 73 26 22 34 23 36 30
1676 24 36 39 34 90 1 24 26 20 18 36 30
1677 23 30 25 34 150 4 24 24 31 28 36 30
1678 24 37 35 39 58 1 29 34 33 38 36 30
1679 23 35 40 29 88 39 20 26 34 9 36 30
1680 24 28 25 36 102 3 22 23 28 12 36 29
1681 23 28 23 18 97 28 19 19 25 7 36 30
1682 23 38 34 35 142 1 23 34 32 40 36 30
1683 24 27 34 24 118 1 20 34 22 8 35 30
1684 24 28 25 33 102 25 23 20 24 15 35 30
1685 24 37 36 29 100 1 30 37 32 37 36 30
1686 23 37 37 17 85 80 26 34 29 7 36 30
1687 24 35 34 25 88 1 23 32 25 28 36 30
1688 24 33 31 23 82 6 21 21 22 21 36 30
1689 23 36 36 41 157 1 22 39 26 37 36 30
1690 24 24 19 38 59 25 26 30 32 10 36 30
1691 23 34 28 9 98 1 29 25 28 16 36 30
1692 24 25 30 51 140 1 26 25 22 13 35 30
1693 24 27 17 21 198 93 20 46 19 5 36 29
1694 23 32 31 15 307 1 22 32 32 1 36 30
1695 24 32 30 34 84 1 30 34 33 30 36 30
1696 24 42 37 21 97 34 26 26 34 27 36 30
1697 23 20 11 17 94 1 23 17 33 10 36 29
1698 23 34 33 35 187 1 27 25 35 41 36 30
1699 23 17 16 32 106 1 25 20 29 4 36 29
1700 24 36 26 24 132 19 30 30 29 29 36 30
1701 24 35 35 15 152 4 21 32 33 1 36 30
1702 23 29 21 34 182 19 19 24 28 9 35 29
1703 24 30 23 23 48 10 25 26 29 21 36 30
1704 23 32 25 22 59 1 25 24 24 7 35 29
1705 23 41 44 36 102 37 33 36 36 36 36 30
1706 24 45 28 25 84 22 27 19 33 40 36 30
1707 23 24 16 34 92 19 21 28 26 9 36 30
1708 23 36 42 31 113 1 25 25 33 7 36 30
1709 23 36 35 25 160 65 28 42 28 12 36 30
1710 24 40 40 26 143 38 27 21 31 15 36 30
1711 23 27 21 33 87 1 29 34 36 27 36 30
1712 24 34 35 23 100 47 26 19 24 1 36 30
1713 24 35 27 15 125 1 26 24 27 13 36 30
1714 23 30 35 36 272 107 57 26 33 31 36 30
1715 24 46 43 33 181 91 29 29 29 37 36 30
1716 23 32 25 13 117 82 24 29 28 2 36 29
1717 23 31 30 31 110 4 20 34 29 23 36 30
1718 23 40 32 20 64 1 27 34 31 32 36 29
1719 23 40 37 28 128 36 33 32 34 28 35 29
1720 23 27 25 29 278 48 21 20 29 20 35 30
1721 23 41 38 18 81 49 29 38 24 24 36 30
1722 23 35 41 31 58 89 21 27 29 18 36 30
1723 24 35 33 43 177 44 24 37 29 46 36 30
1724 23 26 20 27 121 27 20 26 32 11 35 29
1725 23 25 20 33 103 68 27 19 26 12 35 30
1726 24 32 39 25 97 80 23 26 28 1 36 30
1727 24 36 26 17 92 1 26 34 27 21 35 30
1728 24 29 28 34 60 20 26 35 29 24 36 30
1729 23 36 39 32 82 10 23 29 31 23 36 30
1730 23 28 31 32 118 1 30 44 35 21 35 30
1731 24 36 35 33 72 64 30 40 35 40 36 30
1732 23 44 52 34 214 1 28 31 36 41 36 30
1733 23 32 30 32 163 19 24 24 29 12 36 30
1734 23 28 31 30 203 26 26 29 28 7 35 29
1735 23 32 36 35 100 35 29 22 29 17 36 30
1736 23 34 27 32 74 1 25 50 31 42 36 30
1737 23 36 30 43 80 33 27 29 29 31 36 30
1738 23 25 16 22 147 9 26 28 33 19 36 30
1739 24 31 31 31 278 26 27 1 34 4 36 30
1740 23 34 23 19 160 42 22 32 31 14 36 30
1741 24 29 28 20 64 80 24 28 31 1 36 30
1742 24 33 31 18 99 66 23 26 29 1 36 30
1743 23 47 54 26 70 50 21 25 25 30 36 30
1744 24 38 32 24 192 1 23 37 30 23 35 29
1745 24 32 21 26 80 39 27 28 25 14 36 30
1746 23 32 31 20 94 63 18 25 34 4 36 29
1747 24 35 28 33 84 44 23 1 30 15 35 29
1748 24 27 18 24 129 1 26 30 26 24 36 30
1749 24 36 35 39 148 20 28 44 30 40 36 30
1750 23 31 22 32 72 19 24 28 33 31 36 30
1751 24 29 27 23 63 9 26 27 29 18 35 30
1752 23 35 43 43 84 1 24 27 34 28 36 29
1753 23 34 31 32 130 1 24 18 32 9 36 30
1754 23 32 137 41 312 179 50 31 34 25 36 30
1755 24 32 37 35 159 129 27 20 32 20 36 30
1756 23 32 27 29 47 8 25 33 29 36 36 30
1757 24 38 30 13 65 1 25 30 29 17 36 30
1758 23 38 47 41 123 60 22 25 26 31 36 30
1759 24 28 25 24 92 29 24 25 31 7 35 30
1760 23 32 30 22 127 7 26 15 27 18 36 30
1761 23 30 33 27 317 50 26 30 31 16 36 30
1762 23 29 22 18 74 67 29 24 29 3 35 29
1763 23 25 26 46 144 86 27 1 39 4 35 29
1764 23 30 25 31 80 1 22 30 40 28 35 29
1765 23 23 18 34 118 53 25 29 25 7 36 29
1766 24 25 21 27 104 4 26 38 33 23 36 30
1767 24 38 35 42 121 51 28 37 32 46 37 30
1768 24 40 35 26 76 1 27 50 34 41 36 30
1769 23 27 33 41 59 28 25 34 28 26 36 30
1770 23 34 32 33 103 69 25 35 33 33 36 30
1771 23 38 43 27 63 43 20 29 35 28 36 30
1772 24 30 24 23 98 1 25 24 29 9 35 30
1773 23 35 34 30 111 1 27 35 34 14 36 30
1774 23 32 31 45 54 11 28 32 36 42 36 30
1775 23 36 42 31 98 68 24 21 24 20 36 30
1776 24 33 42 35 85 30 24 24 28 10 36 30
1777 24 30 33 34 54 60 24 26 28 32 36 30
1778 23 33 40 43 55 67 27 36 34 35 36 30
1779 24 35 39 27 153 1 22 33 30 17 36 30
1780 24 35 38 28 92 79 21 21 31 1 36 30
1781 23 37 29 35 65 13 26 38 22 40 36 30
1782 23 30 33 22 64 115 25 23 28 1 36 30
1783 23 35 30 24 68 61 29 6 37 13 36 30
1784 24 34 23 20 92 12 26 29 29 21 35 30
1785 23 31 35 30 98 1 21 16 31 32 36 30
1786 23 26 20 30 103 21 24 33 27 7 36 29
1787 24 33 23 14 71 7 25 23 27 11 36 30
1788 23 18 24 41 108 10 20 25 24 9 36 29
1789 23 51 38 21 115 41 23 16 27 47 36 30
1790 24 27 27 33 83 31 23 18 25 9 35 30
1791 24 25 29 35 112 1 23 15 37 6 35 29
1792 23 33 22 20 64 1 22 22 28 22 36 30
1793 24 31 30 32 74 37 25 1 33 14 36 30
1794 24 32 35 20 163 1 22 28 30 1 36 29
1795 23 35 35 40 123 60 28 42 39 40 36 30
1796 24 33 22 6 192 13 20 27 34 7 36 30
1797 24 30 27 11 93 34 22 26 28 1 36 30
1798 24 33 25 26 83 10 19 37 21 12 36 30
1799 23 24 34 39 60 1 27 1 30 11 35 30
1800 23 29 25 31 111 1 20 28 31 34 36 30
1801 23 32 24 37 63 1 26 39 30 41 36 30
1802 24 36 42 34 61 18 28 27 35 35 36 30
1803 24 34 46 33 161 1 20 24 33 3 36 30
1804 24 37 26 24 93 1 21 29 24 19 36 30
1805 24 27 23 16 59 39 23 14 31 1 35 30
1806 24 46 37 19 89 5 22 34 28 41 36 30
1807 24 27 23 29 56 1 25 29 29 24 35 30
1808 24 35 32 18 112 1 27 21 29 20 36 30
1809 24 35 36 34 141 19 22 31 31 17 36 30
1810 23 34 30 32 143 14 25 35 33 28 36 30
1811 24 37 37 42 111 1 23 32 32 32 36 30
1812 23 37 42 36 122 32 24 26 35 29 36 29
1813 24 40 40 35 280 19 22 47 36 32 36 30
1814 23 28 24 28 197 9 26 24 28 18 35 30
1815 23 47 44 26 63 126 23 17 26 29 36 30
1816 24 30 29 26 123 7 28 22 30 12 36 30
1817 23 40 33 25 138 69 22 32 28 27 36 30
1818 24 34 37 27 72 1 26 25 30 3 36 30
1819 24 48 48 37 82 26 24 37 27 45 36 30
1820 23 38 39 33 60 81 29 31 34 36 36 30
1821 24 44 44 30 120 98 26 45 36 32 36 30
1822 24 27 33 34 69 1 23 25 25 10 36 30
1823 23 31 29 30 135 10 21 18 21 3 36 30
1824 24 44 43 21 120 13 27 29 32 15 36 29
1825 24 42 34 27 79 20 27 30 25 33 36 30
1826 23 28 23 20 120 21 26 26 37 14 35 29
1827 23 39 35 26 89 54 26 29 35 24 36 30
1828 23 44 48 24 89 1 24 25 23 29 36 30
1829 23 27 29 17 179 13 22 23 31 5 36 30
1830 23 35 41 35 113 79 19 24 27 21 36 30
1831 23 25 15 32 132 20 26 27 28 13 36 30
1832 24 28 23 27 91 12 28 21 35 8 36 30
1833 23 34 24 29 83 42 28 38 29 36 36 30
1834 24 35 35 30 156 69 23 29 33 22 36 30
1835 24 31 34 32 138 77 29 38 28 24 36 30
1836 24 39 27 11 84 24 31 22 30 19 36 30
1837 23 25 20 25 84 29 24 20 30 12 35 29
1838 24 33 34 33 93 108 27 37 27 21 36 30
1839 24 37 40 34 135 1 23 31 27 20 36 30
1840 24 37 35 36 129 1 20 38 27 33 36 30
1841 24 29 20 33 70 11 22 32 36 23 35 30
1842 23 29 16 16 131 1 30 26 33 12 35 30
1843 24 36 31 23 136 64 29 1 39 17 36 30
1844 24 32 26 24 58 36 29 32 33 13 36 30
1845 24 36 32 20 123 1 27 29 33 11 36 30
1846 24 30 26 24 51 1 26 28 30 16 36 30
1847 24 33 28 12 78 1 24 31 28 9 36 30
1848 24 39 41 39 59 1 20 36 27 30 36 30
1849 24 38 26 26 158 1 21 23 28 22 36 30
1850 23 35 35 20 118 93 26 25 32 11 36 30
1851 24 34 25 20 66 1 25 45 26 24 36 30
1852 24 32 19 30 111 64 27 31 34 26 36 30
1853 24 29 32 34 141 64 22 26 33 7 36 30
1854 24 32 32 28 69 23 27 25 31 24 36 30
1855 24 37 44 40 78 52 27 34 37 41 36 30
1856 24 42 46 24 107 1 22 28 29 13 36 30
1857 24 35 33 31 71 1 26 1 39 19 35 30
1858 24 27 27 29 77 1 21 29 28 15 35 30
1859 23 32 37 24 82 14 27 21 31 21 36 30
1860 24 34 27 30 85 1 21 39 27 25 36 30
1861 23 37 31 26 244 81 23 32 28 21 36 30
1862 24 39 43 27 137 67 27 26 32 11 36 30
1863 23 32 36 43 349 35 31 28 27 12 36 30
1864 23 24 22 29 164 55 28 45 34 19 36 30
1865 23 30 27 34 50 7 18 34 28 25 36 30
1866 24 36 28 36 71 66 28 39 33 23 36 30
1867 23 30 31 36 118 30 22 40 25 16 35 30
1868 23 38 35 26 115 29 25 29 31 12 36 30
1869 24 26 20 31 75 1 27 46 22 9 36 30
1870 24 28 31 30 194 39 26 40 26 13 36 30
1871 24 40 42 35 88 51 27 34 26 30 36 30
1872 24 38 42 43 61 1 21 40 32 32 36 30
1873 24 31 33 42 54 104 26 41 29 18 36 30
1874 23 38 32 33 99 66 23 39 29 32 36 30
1875 24 45 41 17 198 6 24 28 37 35 36 30
1876 24 37 36 35 57 1 26 35 24 28 36 30
1877 23 41 34 21 127 47 21 38 27 21 36 30
1878 24 34 29 23 78 31 26 27 27 28 36 30
1879 24 33 47 46 116 1 25 29 24 22 36 30
1880 24 26 23 26 110 1 31 36 28 13 36 30
1881 23 32 30 21 68 1 23 31 30 10 36 29
1882 24 36 36 23 98 1 25 33 39 20 36 30
1883 23 25 28 30 208 1 22 28 31 24 35 30
1884 24 30 32 24 185 54 24 23 38 19 36 30
1885 24 28 20 26 58 1 19 24 39 21 36 30
1886 24 34 42 27 103 73 18 26 27 22 36 30
1887 23 37 30 27 66 42 25 24 19 21 35 29
1888 23 31 24 27 61 4 22 30 36 16 35 29
1889 23 37 45 28 114 65 27 26 34 21 36 30
1890 23 22 12 20 90 34 24 24 29 14 36 29
1891 23 35 34 38 156 20 24 30 29 29 36 30
1892 23 25 27 32 96 21 30 24 28 11 35 29
1893 24 32 46 45 88 35 27 30 32 22 36 30
1894 24 32 36 39 68 1 23 30 28 21 35 30
1895 23 33 29 12 56 1 28 46 28 22 35 30
1896 23 41 44 25 71 129 22 25 34 13 36 30
1897 23 36 30 14 74 7 28 27 30 4 36 29
1898 23 41 38 20 98 1 22 24 27 16 36 29
1899 23 34 27 35 387 45 19 32 31 27 36 30
1900 24 37 28 21 190 1 21 27 21 8 36 30
1901 24 48 48 22 53 60 25 23 26 24 36 30
1902 23 42 38 24 252 136 23 29 26 17 36 29
1903 24 39 36 17 84 1 21 26 31 8 36 30
1904 24 37 37 30 71 1 20 27 27 17 36 30
1905 24 45 43 25 86 9 31 31 36 37 36 30
1906 24 33 25 26 80 4 23 27 31 17 36 30
1907 23 36 34 30 185 32 25 36 34 24 36 30
1908 24 40 42 20 63 1 27 19 30 19 36 30
1909 24 37 39 38 88 56 25 30 28 32 36 30
1910 24 45 47 25 139 27 27 23 39 27 36 30
1911 23 26 27 27 49 1 26 41 23 11 36 30
1912 24 38 37 36 113 1 21 37 28 31 36 30
1913 23 28 20 28 55 32 30 29 26 15 35 30
1914 24 31 28 32 65 50 22 36 21 19 36 30
1915 24 34 28 27 56 86 25 14 31 19 36 30
1916 24 35 41 34 268 88 27 32 36 26 36 30
1917 24 40 42 25 211 83 25 26 32 28 36 30
1918 24 30 32 37 82 1 26 25 31 26 36 30
1919 24 41 48 41 114 122 24 30 24 16 36 30
1920 24 33 24 30 129 1 22 35 19 24 36 30
1921 24 34 24 33 60 1 24 25 24 21 36 30
1922 23 33 29 27 90 29 27 19 28 20 36 30
1923 23 45 41 24 89 46 22 29 28 40 36 30
1924 24 37 34 27 118 33 24 32 29 34 36 30
1925 24 40 40 35 59 63 22 30 30 31 36 30
1926 24 37 35 28 66 5 23 23 26 30 36 30
1927 24 29 25 37 149 1 22 33 31 23 36 30
1928 23 30 24 28 202 39 24 28 25 22 36 29
1929 23 22 20 19 50 3 26 21 31 11 36 29
1930 24 33 26 33 106 3 24 33 26 34 36 30
1931 24 31 25 17 55 22 26 33 22 11 36 30
1932 24 41 40 27 126 34 26 30 32 25 36 30
1933 24 34 21 22 99 1 21 33 25 18 36 30
1934 24 42 43 17 128 1 22 22 27 17 36 30
1935 24 41 39 33 210 68 25 23 30 41 36 30
1936 24 29 32 32 101 30 22 20 30 14 36 30
1937 23 31 20 21 116 1 27 36 26 25 36 30
1938 24 30 33 43 126 5 21 34 25 29 36 30
1939 24 33 33 27 147 17 19 25 23 6 36 30
1940 24 32 23 17 177 57 27 24 28 12 36 30
1941 23 39 47 28 64 1 18 29 22 5 36 30
1942 23 38 33 22 168 1 21 26 29 21 36 30
1943 23 30 23 28 125 1 20 21 29 20 35 30
1944 24 33 36 39 54 52 21 29 29 23 36 30
1945 24 32 32 35 92 50 26 30 40 16 36 30
1946 24 42 49 32 118 46 29 43 31 23 36 30
1947 23 26 27 30 97 5 25 23 34 16 36 30
1948 23 20 11 32 75 8 24 32 28 23 36 29
1949 23 36 30 16 126 1 26 31 32 31 36 30
1950 23 25 23 28 56 1 24 32 32 18 35 30
1951 23 28 20 28 141 45 25 29 37 12 36 30
1952 23 38 41 26 107 132 22 31 31 13 36 29
1953 24 39 35 34 99 1 24 28 30 38 36 30
1954 23 31 30 35 98 7 33 33 31 21 35 30
1955 23 34 24 16 92 1 25 20 29 24 36 30
1956 23 32 26 19 126 8 21 31 27 16 35 30
1957 23 42 41 28 104 74 22 29 26 1 36 30
1958 23 35 44 30 118 70 33 26 31 16 36 30
1959 24 33 37 31 100 34 29 30 31 28 36 30
1960 23 28 23 32 113 1 24 19 30 16 35 30
1961 23 28 21 19 89 2 26 18 35 8 36 29
1962 24 35 35 22 103 1 25 28 26 5 36 30
1963 23 17 11 20 77 1 25 21 28 11 35 29
1964 23 29 28 23 191 1 25 33 31 2 36 30
1965 24 27 27 36 104 31 25 16 35 18 35 30
1966 23 29 14 22 95 23 24 35 31 22 35 29
1967 23 27 22 32 74 39 22 5 28 11 35 29
1968 24 35 31 33 105 9 24 32 23 35 36 30
1969 24 45 48 34 99 43 17 23 18 20 36 30
1970 23 36 39 26 68 51 24 25 25 7 36 29
1971 24 41 46 33 80 54 22 22 27 26 36 30
1972 23 34 30 35 104 1 23 37 30 33 36 30
1973 24 38 44 29 134 52 19 26 36 21 35 30
1974 23 33 34 33 115 1 23 31 28 25 36 30
1975 23 33 26 20 187 33 26 24 28 20 36 30
1976 24 36 39 25 121 1 22 46 30 19 35 29
1977 24 32 23 31 140 1 26 33 28 19 36 30
1978 24 31 19 27 72 1 24 43 26 32 36 30
1979 24 28 23 33 84 20 30 32 34 20 35 30
1980 24 33 26 24 104 1 22 28 28 26 35 30
1981 23 32 35 29 95 1 22 28 26 21 36 30
1982 24 33 30 29 94 51 24 23 30 20 36 30
1983 23 26 19 41 158 1 22 31 34 10 35 29
1984 23 42 47 27 94 1 24 24 30 31 36 30
1985 23 26 26 20 69 1 23 21 31 15 35 30
1986 23 32 31 30 70 16 27 23 31 25 35 30
1987 23 36 27 29 121 1 23 28 37 40 36 30
1988 24 37 36 22 68 1 22 1 35 24 35 30
1989 23 49 46 20 97 91 24 32 28 33 36 29
1990 23 29 29 36 108 54 20 30 27 31 36 30
1991 23 44 36 19 75 1 29 34 30 26 36 30
1992 24 34 40 40 62 61 25 37 27 30 36 30
1993 23 36 34 36 156 1 22 25 32 38 36 29
1994 23 27 28 24 119 45 25 35 33 17 35 30
1995 23 39 46 41 61 134 29 28 28 33 36 30
1996 24 31 28 41 64 3 27 40 28 47 36 30
1997 24 47 52 35 91 37 25 39 30 45 36 30
1998 24 27 40 41 59 15 27 33 35 26 36 30
1999 23 38 35 28 176 1 22 29 23 31 36 30
2000 24 33 26 36 75 14 22 37 32 42 36 30
2001 24 31 40 33 155 1 26 40 25 21 36 30
2002 23 50 52 17 125 67 17 25 27 35 36 30
2003 23 36 29 21 71 24 24 21 26 4 36 30
2004 24 34 27 24 74 42 26 47 30 33 36 30
2005 23 34 24 31 74 1 25 34 24 24 36 30
2006 24 31 41 43 84 118 36 26 34 21 36 30
2007 24 32 29 22 70 1 22 25 28 9 36 30
2008 24 32 25 28 119 10 27 33 33 29 36 30
2009 23 30 22 25 64 17 23 25 31 27 36 30
2010 24 36 37 20 91 3 24 23 31 21 36 30
2011 24 22 22 39 55 20 28 25 32 21 36 29
2012 23 28 18 22 84 1 25 12 30 4 36 30
2013 24 40 44 32 74 50 26 29 29 19 36 30
2014 24 38 32 27 58 27 24 29 31 25 36 30
2015 24 38 35 27 147 61 23 31 31 21 36 30
2016 24 50 43 25 87 50 20 22 30 38 36 30
2017 23 30 24 27 306 62 28 44 33 22 36 30
2018 24 48 39 24 137 1 25 1 29 20 36 30
2019 23 30 29 31 102 47 25 39 25 11 36 30
2020 24 28 21 18 103 21 22 22 27 1 36 30
2021 24 43 29 11 116 1 26 26 25 38 36 30
2022 23 24 17 28 77 6 27 30 30 22 35 30
2023 24 20 12 25 83 4 21 25 30 7 35 29
2024 24 37 31 19 114 85 27 31 32 7 36 30
2025 24 34 31 33 60 1 23 34 32 34 36 30
2026 23 29 14 13 128 1 27 35 35 23 36 30
2027 24 32 25 29 157 12 20 23 29 12 36 30
2028 23 29 18 18 62 1 29 21 25 1 35 29
2029 23 39 20 6 218 45 24 32 23 15 36 30
2030 23 27 27 40 97 47 24 29 19 21 35 30
2031 24 29 24 29 104 5 28 26 28 24 35 29
2032 23 31 23 14 61 59 29 22 38 14 35 29
2033 24 40 37 13 168 89 25 24 30 30 36 29
2034 23 38 44 38 90 1 24 30 23 28 36 30
2035 23 33 23 22 89 18 19 28 25 18 36 30
2036 23 34 40 32 103 26 31 34 31 29 36 30
2037 24 36 41 28 163 1 27 42 34 23 36 30
2038 24 36 20 22 87 1 27 35 37 35 36 30
2039 24 35 35 39 203 2 25 30 30 19 36 30
2040 23 36 37 42 46 23 25 32 26 39 36 30
2041 23 30 19 30 105 51 23 27 30 14 35 29
2042 24 34 37 42 122 1 25 37 29 41 36 30
2043 23 40 38 28 129 1 28 23 31 37 36 29
2044 23 33 24 16 91 5 26 34 33 18 36 30
2045 23 38 31 14 107 50 26 24 24 19 35 30
2046 24 28 28 21 95 1 22 28 28 29 36 30
2047 24 38 32 29 76 16 23 35 34 38 36 30
2048 24 26 37 54 80 68 24 20 30 15 36 30
2049 24 35 32 23 76 17 26 26 28 23 36 30
2050 24 32 30 29 121 101 22 1 30 14 35 30
2051 23 36 50 36 206 62 24 18 31 26 36 30
2052 23 26 25 47 75 1 27 33 31 36 36 30
2053 24 47 46 20 286 26 27 28 32 29 36 30
2054 24 39 42 27 207 119 22 29 27 6 36 30
2055 24 45 49 19 118 1 26 24 29 27 36 30
2056 23 36 30 22 78 39 27 27 40 28 36 30
2057 24 33 36 31 65 87 26 35 31 23 36 30
2058 23 21 18 28 74 1 24 25 29 13 36 30
2059 23 19 8 27 157 1 23 14 23 1 35 29
2060 23 35 30 17 82 62 24 15 27 1 36 29
2061 24 28 27 26 202 58 27 41 26 4 36 30
2062 24 37 43 31 139 85 26 40 25 10 36 30
2063 24 42 47 33 98 31 26 34 36 11 36 30
2064 24 39 40 13 106 1 27 23 30 11 36 30
2065 23 29 24 21 138 11 15 29 29 9 36 30
2066 23 33 40 39 52 55 25 49 30 37 36 29
2067 23 38 30 24 117 34 20 27 22 29 36 30
2068 23 34 20 15 63 1 24 20 26 8 36 30
2069 24 31 36 40 107 1 24 28 25 25 36 30
2070 23 41 43 29 172 38 28 30 36 36 36 30
2071 23 30 29 43 54 56 18 39 24 21 35 30
2072 23 52 54 33 62 75 28 40 30 45 36 30
2073 23 37 31 28 85 14 28 32 32 28 36 30
2074 23 36 33 37 96 1 21 33 26 39 36 30
2075 24 40 46 36 179 3 27 32 34 22 36 30
2076 24 32 24 19 89 21 20 45 28 29 36 30
2077 23 22 27 39 141 10 24 24 30 12 36 29
2078 24 44 53 34 65 1 28 32 26 38 36 30
2079 24 33 29 35 160 1 29 37 22 36 36 30
2080 23 36 24 13 70 50 27 29 35 9 36 30
2081 24 33 36 33 262 1 25 27 30 27 36 30
2082 23 19 21 35 82 1 28 29 195 22 36 29
2083 24 24 23 28 75 15 25 36 35 13 36 30
2084 24 36 33 30 44 25 24 27 24 23 36 30
2085 24 33 23 21 76 1 22 30 28 23 36 30
2086 23 37 32 42 46 58 24 38 29 45 36 30
2087 23 42 31 20 130 1 21 29 30 40 36 29
2088 24 42 54 42 93 65 27 38 36 40 36 30
2089 24 34 34 32 346 80 26 33 30 24 36 30
2090 24 39 25 3 92 1 22 24 33 14 36 30
2091 24 35 34 43 58 59 26 30 26 15 36 30
2092 23 46 46 26 114 14 24 15 34 34 36 30
2093 23 47 45 24 127 52 28 1 39 17 35 30
2094 23 42 46 26 67 95 28 19 37 38 36 29
2095 23 31 18 30 65 64 20 1 24 26 36 30
2096 24 36 38 26 80 10 22 26 22 21 36 30
2097 24 44 44 14 103 23 23 31 26 25 36 30
2098 24 33 29 14 86 4 25 30 28 5 36 30
2099 23 24 18 26 78 39 20 19 26 16 35 29
2100 23 39 42 38 121 58 30 19 35 29 36 30
2101 23 30 34 38 122 15 27 37 29 19 36 30
2102 24 50 50 27 106 1 25 45 29 33 36 30
2103 24 31 25 23 60 2 24 32 27 23 36 30
2104 23 41 49 35 197 70 21 28 26 20 36 30
2105 24 32 30 19 148 26 27 1 31 20 36 30
2106 23 38 31 32 142 116 27 1 35 10 36 30
2107 24 31 46 50 100 105 27 7 26 13 36 30
2108 24 34 30 35 326 1 23 32 28 30 36 30
2109 24 28 24 39 122 6 26 29 30 16 36 30
2110 24 36 31 30 150 1 26 30 23 25 36 30
2111 23 30 24 28 105 1 29 31 26 27 35 30
2112 24 34 37 33 102 65 29 33 31 33 36 30
2113 23 50 48 18 130 95 29 27 36 30 36 30
2114 23 33 25 31 51 26 31 32 27 34 36 30
2115 23 36 35 23 118 1 26 44 25 32 36 30
2116 23 38 43 30 108 101 24 27 28 24 35 29
2117 23 40 51 41 199 1 21 30 28 35 36 29
2118 24 29 34 43 102 38 17 35 25 22 36 30
2119 24 30 30 29 95 1 25 35 30 14 36 30
2120 23 36 29 21 128 29 27 31 26 11 36 30
2121 23 25 25 35 56 1 26 16 30 23 36 30
2122 24 27 27 31 158 30 24 38 26 20 35 30
2123 24 33 40 37 77 36 26 16 32 28 36 30
2124 23 20 11 31 116 1 28 36 33 15 36 30
2125 23 39 29 27 67 58 27 23 23 23 35 30
2126 23 39 28 19 53 1 26 16 28 33 36 30
2127 24 31 26 23 128 47 29 20 31 19 36 30
2128 24 38 33 24 112 1 23 29 30 30 36 30
2129 24 35 40 36 87 1 22 45 27 34 36 30
2130 24 38 34 33 88 1 27 33 25 20 36 30
2131 24 36 35 31 130 46 21 29 26 15 36 30
2132 24 33 34 40 65 1 24 23 37 27 36 30
2133 24 34 41 35 144 81 24 25 29 14 36 30
2134 23 30 32 31 133 10 26 30 26 24 36 30
2135 24 33 36 26 107 25 22 20 31 13 36 30
2136 24 21 14 27 94 1 15 27 22 11 36 30
2137 23 26 284 200 150 112 57 124 175 12 36 30
2138 24 24 12 19 102 1 22 21 26 6 36 29
2139 24 36 37 29 63 1 22 31 35 33 36 30
2140 24 42 47 30 70 73 22 28 35 22 36 30
2141 24 45 42 29 142 30 25 29 34 30 36 30
2142 24 36 26 13 151 1 34 31 36 14 36 30
2143 24 36 35 31 63 1 23 17 28 14 36 30
2144 24 26 27 19 118 1 29 30 32 10 35 30
2145 24 28 27 28 115 52 22 24 29 16 36 30
2146 23 29 27 16 75 47 19 26 31 4 36 30
2147 24 26 25 32 84 47 31 33 32 11 36 30
2148 23 32 18 19 168 1 25 29 33 30 36 29
2149 23 38 39 25 62 33 27 25 30 20 36 30
2150 24 29 33 24 82 37 23 31 33 9 36 30
2151 24 31 25 22 112 36 22 23 31 17 36 30
2152 24 34 38 34 200 30 22 29 26 27 36 30
2153 24 43 30 6 72 27 27 35 34 29 36 30
2154 24 34 36 31 132 1 21 36 27 22 36 30
2155 24 29 17 22 133 1 26 20 25 11 36 30
2156 24 27 23 32 140 25 25 35 28 18 36 30
2157 24 26 13 24 98 1 25 35 29 17 36 30
2158 24 34 42 45 130 35 22 35 36 36 36 30
2159 23 36 40 27 141 64 30 26 38 25 36 30
2160 24 40 43 26 88 24 22 28 36 12 36 30
2161 23 41 40 26 135 22 29 34 27 11 36 30
2162 23 32 18 21 48 16 22 29 21 24 36 30
2163 23 36 36 19 134 94 31 29 32 14 36 30
2164 24 34 30 37 51 30 28 38 32 39 36 30
2165 24 36 38 32 93 35 29 35 32 28 36 30
2166 23 41 40 34 102 80 25 34 29 17 36 30
2167 24 33 26 22 92 1 25 36 33 24 36 30
2168 24 38 40 28 162 51 23 34 35 29 36 30
2169 23 30 24 19 111 18 23 29 33 11 36 30
2170 23 34 37 28 96 103 23 23 30 13 36 30
2171 24 28 14 12 102 1 22 21 21 2 36 30
2172 24 29 22 23 59 94 21 23 29 12 35 30
2173 24 34 28 29 119 1 22 23 32 22 36 30
2174 24 35 33 28 95 6 20 10 29 29 36 30
2175 24 34 33 25 112 1 18 31 33 28 36 30
2176 24 33 35 39 123 17 26 34 30 33 36 30
2177 23 33 25 30 139 1 23 32 26 28 36 30
2178 23 42 56 38 113 131 25 24 31 26 35 29
2179 23 33 39 38 85 74 29 41 32 27 36 30
2180 23 33 30 28 350 47 21 27 27 16 35 30
2181 23 37 45 19 123 109 23 18 46 24 36 29
2182 23 30 29 34 97 58 23 28 25 6 35 30
2183 23 37 35 32 163 83 22 19 27 6 36 30
2184 24 39 41 23 181 1 23 27 31 19 36 30
2185 23 37 31 22 77 1 21 34 32 21 36 29
2186 24 28 28 41 74 1 28 1 33 15 35 30
2187 24 33 31 28 136 26 22 1 33 23 35 30
2188 23 30 22 13 90 18 25 28 31 4 36 29
2189 23 24 10 5 78 1 26 25 25 7 35 30
2190 24 38 32 34 90 4 27 40 33 24 36 30
2191 23 33 29 9 171 1 26 29 30 4 36 30
2192 24 39 45 35 135 89 25 39 28 4 36 30
2193 24 38 34 31 115 1 22 24 21 30 36 30
2194 24 32 24 28 99 1 26 27 32 27 36 30
2195 23 33 33 14 123 21 22 29 26 7 36 30
2196 23 25 30 32 310 1 27 20 32 20 35 30
2197 24 39 31 29 57 45 27 33 28 34 36 30
2198 24 30 32 29 100 85 26 25 31 19 35 30
2199 24 30 32 30 65 1 24 22 32 21 36 30
2200 24 34 23 13 67 1 22 19 27 12 36 30
2201 23 44 43 30 201 90 25 19 24 32 36 30
2202 23 42 31 24 53 54 27 12 29 42 36 30
2203 23 32 25 33 98 1 25 36 31 34 36 29
2204 23 165 477 21 95 42 22 25 28 16 36 29
2205 23 35 34 29 243 37 26 25 34 32 36 30
2206 23 30 35 30 92 30 26 27 31 24 35 30
2207 23 22 20 44 77 35 28 37 37 25 35 29
2208 24 30 21 30 132 21 25 25 35 24 36 30
2209 24 43 36 26 61 2 32 28 30 25 36 30
2210 24 33 25 26 96 16 22 33 27 28 36 30
2211 24 35 41 33 78 67 24 33 34 35 36 30
2212 24 41 35 18 325 90 27 41 29 26 36 30
2213 24 27 29 46 62 67 35 32 30 18 36 30
2214 24 35 33 22 198 67 24 32 27 18 36 30
2215 23 36 36 34 126 55 25 22 27 30 36 30
2216 23 34 24 26 181 2 23 31 32 17 36 30
2217 24 40 50 37 64 73 23 42 38 32 36 30
2218 24 29 23 13 87 46 20 25 30 1 36 30
2219 23 35 23 9 152 10 26 29 33 8 36 30
2220 24 38 40 29 84 21 27 28 36 37 36 30
2221 23 27 22 19 122 15 22 29 32 4 36 30
2222 24 35 26 24 53 40 29 35 32 25 36 29
2223 24 29 38 47 85 75 18 1 25 12 35 30
2224 23 37 25 17 292 20 24 33 32 37 36 29
2225 23 36 41 26 99 103 21 39 25 25 36 30
2226 23 27 28 38 62 1 20 16 22 18 35 30
2227 23 38 38 33 81 18 24 29 26 30 36 30
2228 24 40 35 27 63 14 23 25 26 27 36 30
2229 24 35 37 32 101 1 25 31 32 32 36 30
2230 23 40 44 36 104 44 24 23 24 38 36 30
2231 23 34 29 33 206 51 26 37 36 28 36 30
2232 24 28 31 27 99 1 27 33 27 23 35 30
2233 24 26 21 26 109 3 22 31 26 22 35 29
2234 24 39 31 35 85 13 28 42 34 44 36 30
2235 24 34 27 34 143 27 23 41 26 35 36 30
2236 24 30 41 42 61 114 23 38 28 17 36 30
2237 24 37 40 24 139 65 31 32 23 17 36 30
2238 24 33 28 11 109 1 19 37 33 2 36 30
2239 24 31 27 28 130 3 24 25 23 26 36 30
2240 23 25 31 55 108 72 25 28 25 30 36 30
2241 24 31 28 32 102 69 20 30 31 30 36 30
2242 24 35 29 27 53 51 26 28 31 35 36 30
2243 23 28 19 22 148 1 22 35 24 7 35 30
2244 24 36 32 25 108 83 26 30 34 22 36 30
2245 24 28 15 28 76 1 29 32 27 16 35 29
2246 24 35 34 34 161 45 24 37 27 34 36 30
2247 24 37 41 43 88 1 29 31 34 37 36 30
2248 24 33 32 29 87 18 23 20 26 28 36 30
2249 24 41 42 28 59 1 31 32 25 33 36 30
2250 24 24 25 25 97 9 26 27 27 6 35 29
2251 23 26 16 24 96 2 24 24 39 29 36 30
2252 24 32 40 32 127 10 27 31 33 14 36 30
2253 23 36 28 36 128 1 27 31 29 26 36 30
2254 24 33 36 27 90 1 29 32 33 27 36 30
2255 23 38 41 35 71 1 21 31 27 33 36 29
2256 23 42 27 21 75 54 24 32 29 35 36 30
2257 23 31 32 31 114 83 25 24 25 17 36 30
2258 23 34 28 19 104 1 26 35 23 20 36 30
2259 23 31 29 23 102 65 28 26 25 4 36 30
2260 24 31 33 34 113 7 27 32 28 19 36 30
2261 23 27 24 32 79 78 23 23 29 11 35 30
2262 23 29 28 28 105 21 27 48 27 30 36 30
2263 24 26 24 39 61 101 25 33 35 23 35 30
2264 24 42 27 28 76 41 23 38 32 45 36 30
2265 24 38 40 26 68 29 25 20 25 18 36 30
2266 24 35 26 23 100 31 23 29 26 31 36 30
2267 23 39 35 7 108 1 19 17 20 13 35 29
2268 24 22 19 30 115 1 26 32 38 26 36 30
2269 23 34 27 17 86 1 24 27 32 24 35 30
2270 24 31 16 14 68 1 35 36 30 24 36 29
2271 23 36 29 32 81 15 28 27 24 36 36 29
2272 24 43 46 23 95 49 29 28 41 18 36 30
2273 23 31 24 33 84 21 26 35 30 34 36 30
2274 24 36 39 36 92 1 26 47 35 31 36 30
2275 24 37 30 15 64 1 29 24 33 18 36 30
2276 24 43 39 41 101 1 24 31 30 38 36 30
2277 24 43 46 34 67 7 24 20 27 23 36 30
2278 23 36 37 34 96 25 24 30 27 31 36 29
2279 24 37 44 25 74 105 28 35 30 14 36 30
2280 24 38 22 13 76 9 27 33 30 28 36 30
2281 23 31 36 36 222 102 25 31 64 29 35 29
2282 24 32 27 19 95 91 28 25 26 15 36 30
2283 24 37 34 25 78 88 27 23 30 30 36 30
2284 24 33 33 23 65 17 28 29 28 16 36 30
2285 24 36 33 29 62 1 25 25 26 24 36 30
2286 24 42 40 38 128 23 28 41 31 41 36 30
2287 24 34 40 37 137 1 23 29 35 28 36 30
2288 24 31 31 33 128 65 23 39 31 19 36 30
2289 24 37 29 32 144 1 22 47 22 43 36 30
2290 23 39 53 43 154 1 23 24 35 40 36 30
2291 23 32 22 23 72 54 30 24 34 14 35 29
2292 24 29 29 14 71 5 24 29 26 1 36 30
2293 23 27 15 25 98 1 26 1 25 16 35 29
2294 23 30 10 14 60 2 24 27 29 10 36 30
2295 24 29 43 49 152 66 22 31 33 28 36 30
2296 24 36 26 12 94 15 29 24 33 11 36 30
2297 23 31 16 19 56 60 27 14 25 12 36 29
2298 23 26 22 23 64 18 22 13 30 14 35 29
2299 23 29 22 31 165 18 20 27 26 17 35 29
2300 24 36 33 22 94 134 30 32 27 9 36 30
2301 24 31 30 38 75 42 28 37 30 43 36 30
2302 24 28 16 32 137 1 24 1 31 13 35 30
2303 24 37 29 17 80 1 20 29 14 17 36 30
2304 24 21 14 27 75 1 25 41 35 33 36 29
2305 23 31 30 21 61 22 23 26 19 13 36 30
2306 23 34 31 38 301 28 26 29 28 39 36 30
2307 24 38 39 23 81 2 21 26 29 35 36 30
2308 23 25 15 19 122 5 23 29 31 17 35 29
2309 24 34 39 37 86 8 26 39 26 38 36 30
2310 23 26 27 17 99 26 29 27 36 9 35 30
2311 23 34 34 25 87 88 27 26 33 13 36 30
2312 23 40 37 25 121 48 25 25 27 31 36 30
2313 23 39 37 33 61 26 35 34 36 44 36 30
2314 23 34 30 31 135 57 25 30 28 31 36 30
2315 23 40 50 24 256 43 25 25 27 7 36 30
2316 23 33 38 29 192 19 27 28 32 14 36 29
2317 23 27 30 40 97 87 28 26 31 15 35 30
2318 24 34 31 32 93 103 25 24 28 16 35 30
2319 23 25 24 33 91 54 21 23 28 16 36 30
2320 23 37 53 44 64 91 24 32 38 29 36 29
2321 24 44 40 32 93 20 21 33 28 36 36 30
2322 23 24 16 21 61 1 26 33 22 10 36 29
2323 23 30 13 26 139 1 23 36 30 29 36 30
2324 23 35 22 24 55 1 24 30 25 26 36 29
2325 24 48 29 16 67 34 28 32 29 42 36 30
2326 23 24 23 30 90 9 24 29 33 18 36 29
2327 23 39 34 23 102 130 22 26 29 16 36 30
2328 23 35 35 18 64 37 24 20 28 9 36 29
2329 23 40 49 54 73 52 26 42 31 34 36 30
2330 24 36 42 28 55 61 24 24 23 26 36 30
2331 24 37 43 40 75 1 27 34 32 31 36 30
2332 23 41 42 26 66 65 28 32 31 24 36 30
2333 24 32 26 31 79 8 29 41 31 39 36 30
2334 24 32 24 18 85 7 24 19 30 9 36 30
2335 23 41 37 38 125 1 26 33 25 36 36 30
2336 23 36 24 23 121 54 20 17 24 22 36 30
2337 24 31 25 22 107 1 23 31 32 22 35 30
2338 24 35 25 27 109 19 27 20 23 24 36 30
2339 24 32 41 36 92 1 25 47 28 34 36 30
2340 24 29 33 23 97 1 24 22 28 9 36 30
2341 23 25 15 24 132 3 25 18 26 15 36 30
2342 23 38 38 22 158 11 26 30 30 19 36 29
2343 24 42 47 33 110 65 24 20 26 38 36 30
2344 23 37 36 34 116 72 28 27 25 4 36 30
2345 24 33 29 22 87 43 28 39 25 30 36 30
2346 23 29 19 32 147 5 24 22 27 10 36 29
2347 23 38 48 28 66 1 22 41 26 28 36 30
2348 24 33 41 31 117 57 19 24 31 24 36 30
2349 23 24 13 23 61 8 22 39 32 19 35 29
2350 24 36 39 29 91 7 29 29 36 31 36 29
2351 23 44 43 32 100 71 26 31 31 33 36 30
2352 23 46 41 12 65 1 20 25 25 20 36 30
2353 23 36 27 27 140 1 27 30 36 27 36 30
2354 23 28 13 24 94 7 25 21 33 20 35 29
2355 23 39 35 18 81 28 24 26 24 23 36 29
2356 23 27 18 37 105 43 27 25 37 18 36 30
2357 23 33 20 33 206 1 24 34 23 29 36 30
2358 23 33 28 20 117 16 22 33 30 20 36 30
2359 23 38 38 43 80 34 28 18 34 31 36 30
2360 24 32 29 35 58 48 26 29 23 25 36 30
2361 24 37 31 22 75 1 23 22 26 18 35 29
2362 23 25 16 11 55 57 19 25 31 9 35 29
2363 23 33 32 27 57 1 26 23 27 18 35 29
2364 24 27 16 31 268 21 22 48 25 13 36 29
2365 23 36 43 31 91 71 22 25 30 16 36 30
2366 23 29 36 33 154 27 22 18 35 9 35 30
2367 23 27 27 26 79 38 24 20 25 7 35 29
2368 23 37 43 36 118 121 26 21 28 30 36 30
2369 23 38 35 21 120 37 24 26 28 13 35 29
2370 23 38 38 41 54 4 28 23 34 32 36 29
2371 23 30 33 37 171 37 25 34 42 31 36 30
2372 23 22 24 39 83 43 24 25 27 22 35 29
2373 23 37 37 40 49 1 29 28 27 28 36 30
2374 23 27 28 25 116 83 25 23 32 9 35 29
2375 23 35 35 30 82 40 26 13 35 21 36 30
2376 23 35 23 12 46 1 24 27 34 13 35 30
2377 23 38 29 33 172 26 28 29 27 33 36 30
2378 23 25 27 28 80 1 22 19 28 10 35 29
2379 23 34 33 24 64 23 23 25 37 18 35 29
2380 23 31 31 30 88 1 26 36 28 28 36 29
2381 23 35 35 37 156 1 27 33 22 24 35 30
2382 23 32 37 36 176 1 23 31 29 15 35 30
2383 23 27 26 27 114 33 22 24 27 18 35 29
2384 24 32 29 22 86 1 22 34 32 19 35 30
2385 24 34 18 9 104 1 25 26 25 21 35 29
2386 23 34 27 33 105 17 22 33 29 43 36 29
2387 23 31 28 28 60 30 25 35 29 24 35 30
2388 23 41 32 16 99 1 28 28 22 23 35 29
2389 23 27 31 41 57 5 21 26 31 13 35 30
2390 24 36 26 14 93 44 22 36 28 7 36 30
2391 23 31 41 42 85 92 23 25 28 26 36 30
2392 23 31 32 24 92 48 34 7 39 11 36 30
2393 23 32 26 29 75 52 26 31 34 29 36 29
2394 23 44 51 34 262 25 25 29 30 25 35 30
2395 23 39 35 20 105 102 25 28 29 16 36 30
2396 23 42 46 18 103 29 23 34 32 21 36 30
2397 23 37 18 7 67 1 27 33 29 19 35 29
2398 23 35 33 28 133 53 26 32 28 24 36 30
2399 24 36 38 41 49 25 24 32 21 31 36 30
2400 23 30 20 11 129 1 19 25 21 16 35 30
2401 23 39 33 32 138 22 26 27 29 37 36 30
2402 23 36 41 31 95 17 26 25 29 16 35 30
2403 24 39 40 26 81 1 31 18 40 19 36 30
2404 23 34 39 23 124 3 23 22 28 12 36 30
2405 24 30 26 22 117 2 23 31 30 12 35 30
2406 24 37 31 22 60 81 24 29 23 28 36 30
2407 24 44 31 17 97 1 29 29 30 32 36 30
2408 24 44 41 24 186 59 26 1 39 41 36 30
2409 24 37 30 25 53 9 25 31 28 23 36 30
2410 24 36 43 38 146 107 22 1 31 24 36 30
2411 23 34 33 34 135 1 24 34 33 28 36 30
2412 24 37 42 36 128 75 23 30 24 25 36 29
2413 23 32 21 16 91 35 26 23 30 12 36 30
2414 23 27 24 39 65 92 22 27 28 7 36 30
2415 24 33 31 31 95 1 24 17 29 25 36 30
2416 24 38 21 24 69 30 24 31 28 18 35 30
2417 24 37 38 12 144 1 24 28 42 22 36 30
2418 23 29 18 22 50 1 28 23 36 23 36 29
2419 24 28 30 24 111 1 23 26 30 9 36 30
2420 24 34 31 25 60 1 28 34 34 18 36 30
2421 23 32 27 24 68 1 24 32 24 20 36 29
2422 24 35 35 27 67 51 23 26 27 14 36 30
2423 24 32 34 39 102 6 26 25 29 30 36 30
2424 23 29 28 32 94 6 27 27 33 20 36 30
2425 23 30 28 38 63 24 26 32 35 26 36 30
2426 24 52 56 26 84 92 24 28 26 29 36 30
2427 23 32 28 32 58 19 33 28 28 27 36 30
2428 24 29 24 29 89 46 24 51 24 22 35 30
2429 23 34 38 37 103 5 31 31 35 26 36 30
2430 23 31 22 30 215 1 23 33 25 33 36 30
2431 24 38 28 32 70 73 24 25 31 27 36 30
2432 24 34 43 35 205 22 26 39 27 22 36 30
2433 24 41 39 26 175 49 27 26 39 25 36 30
2434 24 40 133 37 154 1 27 28 33 21 36 30
2435 23 27 12 22 68 59 26 25 33 26 36 29
2436 23 30 28 23 128 1 24 31 34 18 35 30
2437 24 37 16 17 183 23 29 31 28 29 36 30
2438 23 33 39 37 106 1 27 37 26 13 36 30
2439 24 35 29 25 104 2 24 28 30 25 35 30
2440 24 34 18 17 136 1 23 22 31 20 36 30
2441 24 28 33 41 79 40 23 35 36 30 36 30
2442 24 33 28 34 64 1 22 32 20 24 36 30
2443 24 33 22 17 47 2 30 28 28 23 35 29
2444 24 41 56 49 68 61 28 33 37 28 36 29
2445 23 36 22 19 155 47 25 39 33 29 36 30
2446 24 32 27 28 81 34 31 35 34 28 36 30
2447 24 38 46 42 79 23 26 36 32 32 36 30
2448 24 41 44 23 126 1 24 19 27 23 36 30
2449 23 33 22 7 69 1 26 39 32 26 36 30
2450 24 36 36 40 142 1 29 29 33 28 36 30
2451 24 34 40 33 75 1 22 30 38 39 36 30
2452 23 32 23 20 73 71 23 23 31 15 35 29
2453 23 38 36 28 92 56 29 21 32 10 35 29
2454 24 27 22 25 68 5 28 22 33 9 36 30
2455 24 30 23 21 135 1 25 1 39 18 35 29
2456 24 36 32 21 111 1 22 19 26 19 36 30
2457 24 31 36 41 181 1 27 60 31 25 36 30
2458 23 41 30 19 146 1 25 21 28 21 35 30
2459 24 31 34 38 58 35 20 1 26 21 36 30
2460 24 32 37 43 189 14 26 36 26 33 36 30
2461 24 34 37 37 99 1 25 35 34 32 36 30
2462 24 34 27 21 66 33 23 21 26 22 36 30
2463 24 31 30 38 220 38 22 29 21 19 36 30
2464 23 36 39 24 91 68 20 22 28 7 36 30
2465 24 38 45 44 58 4 23 20 24 28 36 30
2466 24 37 38 27 58 21 21 37 25 23 36 29
2467 23 24 15 24 70 1 23 37 19 18 35 29
2468 23 25 18 19 69 14 22 31 30 2 36 30
2469 23 41 44 25 69 98 31 16 33 17 36 30
2470 23 30 20 26 53 29 18 11 26 26 35 30
2471 23 45 43 27 99 42 20 20 32 24 35 29
2472 24 45 51 26 117 36 25 29 28 9 36 30
2473 23 32 41 29 146 1 24 29 34 23 36 30
2474 24 32 32 31 78 77 24 26 24 10 36 30
2475 23 34 29 38 81 1 20 31 30 33 36 30
2476 24 41 39 23 149 73 25 30 27 16 36 30
2477 24 30 17 23 75 1 26 37 31 24 36 30
2478 24 39 41 27 64 1 26 31 26 26 36 30
2479 24 38 37 28 74 10 24 30 34 21 36 30
2480 24 28 29 35 87 60 24 28 26 12 36 30
2481 24 27 16 23 108 1 10 29 23 5 36 30
2482 24 39 36 12 104 39 27 29 23 5 36 30
2483 24 36 32 28 54 4 23 36 25 20 36 30
2484 24 33 33 27 66 125 26 30 28 31 36 30
2485 23 38 43 30 96 75 27 24 29 22 36 30
2486 24 24 16 13 90 5 23 23 27 1 36 29
2487 23 45 38 16 146 1 23 18 29 22 36 30
2488 23 34 32 21 84 12 24 30 35 17 36 30
2489 23 38 29 20 107 10 19 23 24 12 35 29
2490 24 33 30 25 112 20 23 27 23 15 35 30
2491 24 44 39 14 63 12 21 29 28 30 36 30
2492 24 35 31 24 207 31 26 31 20 13 36 30
2493 24 26 23 35 140 1 25 30 28 33 36 30
2494 24 33 23 13 64 36 20 28 29 1 36 30
2495 23 28 34 42 126 26 29 27 34 30 36 30
2496 23 20 14 19 210 45 24 29 29 15 35 29
2497 23 36 33 40 86 50 27 34 29 41 36 30
2498 23 30 31 25 323 1 24 28 35 9 35 30
2499 24 51 66 42 104 1 26 34 38 34 36 30
2500 24 41 41 15 102 1 23 41 27 17 36 29
2501 24 39 26 18 123 46 25 37 28 31 36 30
2502 23 32 25 15 174 90 24 27 25 9 36 29
2503 24 30 38 40 93 36 26 35 31 33 36 30
2504 23 30 34 40 200 69 25 26 38 34 36 30
2505 24 21 20 41 182 1 22 28 38 12 36 30
2506 24 46 45 17 138 1 23 22 29 21 36 30
2507 24 29 35 34 141 27 22 29 34 4 36 30
2508 24 24 20 32 79 29 24 26 28 14 36 30
2509 24 41 42 32 130 51 24 29 32 33 36 30
2510 23 30 36 40 61 16 21 19 28 14 35 29
2511 23 37 48 45 70 1 26 54 29 24 36 30
2512 23 34 26 29 108 1 18 31 31 34 36 29
2513 23 39 39 31 105 48 23 22 30 13 36 30
2514 23 37 29 21 137 20 26 31 33 25 36 30
2515 23 27 27 28 145 16 26 28 32 4 35 30
2516 23 31 25 33 50 30 29 43 32 19 36 30
2517 24 32 17 15 143 19 24 28 31 15 36 29
2518 23 39 37 21 65 83 21 20 26 12 36 29
2519 23 21 24 42 64 1 25 39 27 25 36 30
2520 24 32 36 37 119 82 23 29 31 14 36 30
2521 23 40 35 27 83 80 24 34 30 33 36 30
2522 24 38 30 19 157 44 23 27 22 26 36 30
2523 23 23 31 44 47 80 27 27 64 17 35 30
2524 23 40 40 27 162 12 32 20 26 20 35 29
2525 24 36 28 13 116 1 26 32 27 28 36 30
2526 24 35 37 37 93 5 25 29 27 28 36 30
2527 24 42 35 18 60 11 24 27 20 30 36 30
2528 23 30 20 14 101 1 25 32 35 14 36 30
2529 24 34 34 29 190 83 25 28 31 20 36 30
2530 24 30 13 17 58 30 26 45 23 19 36 30
2531 23 32 23 12 67 18 23 20 24 1 35 29
2532 24 46 42 16 110 1 26 20 34 33 36 29
2533 24 29 34 31 94 1 23 25 26 1 36 30
2534 23 37 30 19 124 5 19 32 33 20 36 30
2535 24 39 43 28 100 68 23 28 31 25 36 30
2536 23 36 39 35 54 58 25 33 30 29 36 30
2537 24 41 46 40 131 1 26 33 28 35 36 30
2538 23 34 28 26 67 63 22 31 29 31 36 30
2539 24 36 25 29 100 31 27 30 27 38 36 30
2540 23 32 27 32 536 79 22 21 17 12 36 30
2541 24 30 16 23 65 1 24 13 32 12 36 30
2542 24 33 35 25 122 1 28 26 31 36 36 30
2543 24 25 24 46 99 33 22 22 31 10 36 30
2544 24 41 39 25 161 72 25 24 30 5 36 30
2545 24 35 31 21 128 45 29 21 31 4 36 30
2546 24 33 26 28 84 5 26 26 31 30 36 30
2547 24 38 42 28 124 52 21 26 33 16 36 30
2548 24 32 35 40 70 77 24 18 23 19 36 30
2549 24 37 43 41 107 10 25 32 44 37 36 30
2550 24 34 29 25 88 1 18 26 24 14 36 30
2551 24 26 29 20 85 1 24 25 34 7 36 30
2552 24 30 29 32 169 1 26 28 29 39 36 30
2553 24 31 34 27 174 55 28 35 32 12 36 30
2554 24 35 33 29 113 40 25 23 32 32 36 30
2555 24 36 33 23 73 1 26 22 35 15 36 30
2556 24 34 35 38 106 9 24 26 30 20 36 30
2557 24 34 27 22 70 64 21 26 32 8 36 30
2558 24 36 40 23 132 2 20 24 28 17 36 30
2559 24 32 23 12 59 49 34 50 32 25 36 30
2560 24 47 41 22 59 1 27 21 27 33 36 30
2561 24 40 40 30 194 45 23 33 29 21 36 30
2562 24 29 29 31 57 28 23 29 30 26 36 30
2563 24 40 40 22 101 92 26 30 35 8 36 30
2564 24 31 27 21 62 4 25 19 30 26 36 30
2565 24 26 25 38 82 1 24 35 30 15 36 30
2566 24 33 38 33 67 1 26 38 24 17 36 30
2567 24 36 33 29 166 1 20 34 26 32 36 30
2568 24 33 25 16 159 1 18 30 24 16 36 30
2569 24 31 39 29 87 1 32 46 30 32 36 30
2570 23 19 20 30 81 4 22 17 31 12 35 29
2571 24 37 40 42 80 43 30 25 30 37 36 30
2572 23 37 39 39 62 113 25 31 35 30 36 30
2573 23 23 11 32 169 29 21 19 29 23 36 30
2574 24 47 37 9 93 51 28 37 31 29 36 30
2575 24 39 40 36 54 22 29 25 29 21 36 30
2576 24 39 38 34 97 1 28 33 30 29 36 30
2577 24 28 26 33 125 1 27 30 29 40 36 30
2578 24 34 32 36 102 131 23 37 28 16 36 30
2579 24 30 22 29 88 1 26 28 22 29 36 30
2580 24 30 29 29 86 61 21 20 20 13 36 30
2581 24 26 21 15 301 1 20 24 30 1 36 30
2582 24 22 19 29 64 33 18 25 29 14 36 30
2583 24 34 27 12 176 46 26 35 26 1 36 30
2584 24 40 36 16 64 36 28 46 34 36 36 30
2585 24 34 36 24 478 13 31 20 30 1 36 30
2586 24 31 26 32 77 57 24 29 30 17 36 30
2587 24 36 22 10 178 28 25 24 27 18 36 30
2588 23 41 35 30 93 55 26 27 25 31 36 30
2589 24 31 29 23 341 1 27 31 31 24 36 30
2590 24 35 33 31 91 1 27 37 30 41 36 30
2591 24 40 41 22 114 31 24 16 29 29 36 30
2592 24 35 21 22 86 1 15 28 24 32 36 30
2593 24 28 31 31 107 35 21 27 25 6 36 30
2594 24 37 27 25 84 55 34 36 33 37 36 30
2595 24 48 46 29 99 1 22 33 26 28 36 30
2596 24 39 37 34 225 81 27 30 29 31 36 30
2597 24 38 33 31 45 2 23 11 25 34 36 30
2598 23 41 38 30 268 59 22 26 35 21 36 30
2599 23 35 39 31 97 1 20 19 24 1 36 29
2600 23 37 28 21 77 30 25 19 33 16 36 30
2601 23 30 18 28 99 32 25 16 23 16 35 30
2602 23 48 38 15 65 1 22 19 21 31 36 30
2603 24 38 56 35 106 61 23 22 25 12 36 30
2604 23 36 23 24 205 1 26 32 37 18 35 29
2605 24 37 39 35 98 10 28 6 32 41 36 30
2606 23 35 21 13 160 1 27 29 34 20 35 30
2607 23 31 16 26 69 29 27 33 26 35 36 30
2608 23 38 35 39 105 23 19 32 23 27 36 30
2609 23 31 31 26 66 22 27 21 28 7 36 29
2610 24 35 42 42 121 74 27 33 38 36 37 30
2611 24 33 37 25 89 1 24 38 30 13 36 30
2612 23 29 38 50 91 24 29 34 29 44 36 30
2613 24 42 38 30 93 26 20 34 26 20 36 30
2614 23 29 26 27 132 1 15 23 21 10 35 30
2615 24 31 28 38 69 5 26 27 30 16 36 30
2616 24 41 39 25 83 74 26 26 33 22 36 30
2617 24 38 38 21 69 20 22 30 35 15 36 30
2618 24 36 31 32 82 35 25 43 28 9 36 30
2619 24 32 30 16 78 1 24 33 28 1 36 30
2620 24 39 36 32 100 53 26 25 31 34 36 30
2621 24 37 39 43 97 73 23 36 35 42 36 30
2622 24 34 31 31 168 23 24 29 28 22 36 30
2623 24 36 32 38 122 33 24 38 31 40 36 30
2624 24 37 48 39 59 67 25 27 33 19 36 30
2625 24 33 38 26 185 78 23 25 28 14 36 30
2626 24 37 31 37 73 7 23 1 32 21 35 30
2627 24 32 25 19 107 1 25 22 32 3 36 30
2628 24 36 37 42 54 73 26 40 35 38 36 30
2629 24 42 37 24 95 44 29 20 33 38 36 30
2630 23 34 26 24 103 1 20 16 22 20 35 30
2631 24 31 28 20 95 3 24 30 31 22 35 30
2632 24 34 24 17 112 43 25 38 29 23 35 30
2633 24 45 51 37 87 51 23 50 28 32 36 30
2634 24 33 34 32 93 23 25 37 29 28 36 30
2635 23 34 32 37 90 17 28 40 31 40 36 30
2636 23 33 28 31 158 1 26 31 27 25 36 30
2637 23 27 20 26 111 27 26 33 34 25 36 30
2638 24 38 39 29 163 1 28 43 33 38 36 30
2639 24 35 34 35 145 1 21 33 28 20 36 30
2640 24 31 39 25 149 1 25 21 27 24 35 30
2641 24 46 37 28 64 25 28 33 36 41 36 30
2642 24 32 33 36 81 1 25 41 23 27 36 30
2643 24 25 26 45 90 57 23 25 24 11 36 30
2644 24 30 26 36 114 18 22 29 32 22 36 30
2645 24 38 35 20 61 111 21 29 39 8 36 30
2646 23 31 32 30 71 51 25 39 27 20 36 30
2647 23 32 26 26 119 6 29 18 27 12 36 30
2648 23 42 36 25 57 78 24 21 27 15 36 30
2649 24 33 36 37 66 6 23 30 23 11 36 30
2650 24 28 32 21 94 25 22 25 29 1 36 30
2651 23 41 41 41 99 64 24 33 26 44 36 30
2652 24 34 34 25 152 78 24 30 29 11 36 30
2653 24 29 25 21 65 1 23 28 35 15 35 30
2654 23 27 20 31 151 1 28 38 32 27 36 30
2655 24 36 34 36 98 39 21 24 27 26 36 30
2656 24 32 22 19 86 3 19 38 25 12 36 30
2657 24 27 18 26 98 1 21 32 30 30 36 30
2658 24 33 29 22 101 84 28 23 45 13 36 30
2659 24 37 32 17 134 17 27 29 38 20 36 30
2660 23 32 27 26 175 1 33 26 33 14 35 29
2661 24 32 25 27 113 1 22 28 32 22 36 30
2662 24 43 47 25 102 15 30 24 31 32 36 30
2663 23 21 12 20 67 1 24 26 33 11 36 30
2664 23 34 40 32 83 100 21 41 28 26 36 30
2665 24 33 24 18 115 1 23 40 29 23 36 30
2666 24 25 23 31 58 1 24 14 33 3 35 30
2667 23 32 35 39 143 46 21 16 21 17 36 30
2668 24 35 35 21 119 37 27 32 26 15 36 30
2669 24 37 34 27 179 30 25 1 36 25 36 30
2670 24 49 47 25 194 56 21 1 29 38 36 30
2671 24 34 30 29 73 1 21 39 25 17 35 29
2672 24 30 27 29 62 1 26 29 29 21 35 30
2673 24 41 35 18 103 12 23 24 33 27 36 30
2674 24 33 37 35 118 1 28 28 27 28 36 30
2675 24 30 21 19 102 12 22 32 32 23 36 30
2676 24 36 30 26 81 23 28 23 29 28 36 30
2677 24 36 36 31 70 44 29 26 37 24 36 30
2678 24 30 37 46 98 50 29 35 36 26 36 30
2679 23 30 24 16 127 36 24 30 32 10 36 30
2680 24 40 46 33 88 21 20 12 34 26 36 30
2681 24 26 28 31 52 15 32 36 30 15 36 30
2682 23 38 37 24 96 96 26 27 31 10 36 29
2683 24 22 22 39 78 20 24 28 29 18 36 30
2684 24 28 29 29 119 13 21 27 28 14 36 30
2685 24 41 38 33 121 20 22 32 21 28 36 30
2686 24 33 36 38 105 25 21 34 30 28 36 30
2687 24 31 24 19 95 38 25 185 28 6 36 30
2688 23 29 38 30 63 30 25 20 38 24 36 30
2689 23 35 34 39 131 64 27 23 34 30 36 30
2690 24 40 45 38 97 104 30 35 42 34 36 30
2691 24 36 25 24 106 1 24 36 32 25 36 30
2692 24 43 37 30 117 63 26 31 29 44 36 30
2693 24 30 27 32 118 1 26 26 31 31 36 30
2694 23 34 24 26 127 18 21 34 29 31 36 30
2695 24 29 30 32 55 79 27 40 37 29 36 30
2696 24 34 23 27 176 27 26 32 29 33 36 30
2697 24 32 28 17 72 1 26 33 27 17 36 30
2698 24 31 27 35 64 27 27 34 24 36 36 30
2699 24 35 31 22 117 8 24 31 32 19 36 30
2700 24 29 29 34 299 61 27 45 33 21 36 30
2701 24 34 28 33 73 62 22 48 23 31 36 30
2702 24 42 32 20 62 82 25 45 32 25 36 30
2703 24 33 30 31 100 51 29 28 33 14 36 30
2704 24 32 36 31 90 98 21 25 28 10 36 30
2705 24 34 27 31 88 53 24 28 34 31 36 30
2706 24 35 39 42 115 1 20 42 28 30 36 30
2707 24 37 29 25 82 2 22 18 26 28 36 30
2708 24 34 32 21 71 40 24 49 26 25 36 30
2709 24 30 41 46 52 74 25 1 42 24 36 30
2710 24 34 34 19 183 1 23 31 31 11 36 30
2711 24 34 44 42 69 55 25 34 30 20 36 30
2712 24 36 39 34 191 1 23 38 26 19 36 30
2713 24 31 39 37 166 27 28 33 38 20 36 30
2714 24 28 35 43 76 64 23 28 21 21 36 30
2715 24 43 28 20 95 45 29 27 34 27 36 30
2716 24 36 31 35 128 1 26 31 29 28 36 30
2717 24 31 31 30 128 30 29 27 28 34 36 30
2718 24 32 31 34 163 27 22 32 30 26 36 30
2719 24 32 34 30 65 1 26 30 25 20 36 30
2720 24 34 32 24 70 1 26 31 39 17 36 30
2721 24 37 26 28 177 1 26 34 30 26 36 30
2722 23 39 26 18 49 44 27 9 26 30 36 30
2723 24 35 30 33 81 108 25 34 28 15 36 30
2724 24 42 36 33 92 1 20 32 28 28 36 30
2725 24 22 18 41 96 37 23 24 30 13 36 30
2726 24 22 17 25 107 32 15 28 31 13 36 30
2727 24 30 19 18 97 1 26 26 32 11 36 30
2728 24 38 38 34 150 55 23 39 27 29 36 30
2729 24 23 23 37 140 44 22 1 37 2 36 30
2730 24 35 33 32 82 16 26 29 24 12 36 30
2731 24 35 42 28 301 18 25 31 33 20 36 30
2732 24 30 28 28 197 16 26 32 32 17 36 30
2733 24 43 39 23 67 1 25 28 33 29 36 30
2734 24 33 28 25 124 10 26 26 35 25 36 30
2735 24 37 32 31 184 1 23 25 23 28 36 30
2736 24 40 38 23 74 56 21 33 27 14 36 30
2737 24 35 31 35 376 10 27 16 28 11 36 30
2738 24 36 28 23 131 5 30 45 30 22 36 30
2739 24 33 35 23 134 20 22 35 23 12 36 30
2740 24 32 24 25 157 9 30 30 32 21 36 30
2741 24 25 25 31 183 1 30 27 39 29 36 30
2742 24 35 24 24 98 43 25 29 27 23 36 30
2743 24 42 41 26 90 72 20 22 28 24 36 30
2744 24 43 46 34 99 8 24 32 27 29 36 30
2745 24 29 31 35 64 1 24 32 27 18 36 30
2746 24 33 39 52 67 13 28 23 31 11 36 30
2747 24 34 33 30 51 45 29 39 26 33 36 30
2748 24 37 34 29 67 38 28 34 22 27 36 30
2749 23 39 42 39 154 55 27 46 33 31 36 30
2750 24 38 35 35 93 68 27 32 24 19 36 30
2751 24 34 33 25 55 1 22 33 30 20 36 30
2752 24 29 25 29 101 16 28 32 34 16 36 30
2753 24 36 26 20 78 27 22 43 20 26 36 30
2754 24 26 19 28 217 41 22 29 31 21 36 30
2755 24 36 33 19 88 6 22 42 22 34 36 30
2756 24 32 22 20 84 45 23 33 24 15 36 30
2757 24 31 27 13 88 1 19 35 22 7 36 30
2758 24 36 29 28 48 43 25 44 24 22 36 30
2759 24 24 16 23 93 3 26 29 28 11 36 30
2760 24 28 31 35 122 1 21 22 32 15 36 30
2761 24 36 34 42 40 35 30 35 28 40 36 30
2762 24 31 23 23 82 52 25 17 33 18 36 30
2763 24 38 28 20 173 23 26 46 32 19 36 30
2764 24 32 39 37 94 97 23 33 31 8 36 30
2765 24 36 24 31 69 38 23 27 22 33 36 30
2766 24 33 31 35 95 1 25 35 26 29 36 30
2767 24 34 35 25 67 108 22 31 27 5 36 30
2768 24 26 25 38 79 9 24 1 36 20 36 30
2769 24 39 37 24 144 63 26 29 31 35 36 30
2770 24 28 26 31 126 2 24 27 25 12 36 30
2771 24 40 25 7 143 1 24 42 35 19 36 30
2772 24 35 27 26 100 8 27 21 30 17 36 30
2773 24 29 19 36 95 1 29 32 28 34 36 30
2774 24 34 25 11 68 1 22 22 28 21 36 30
2775 24 37 36 36 84 1 21 25 29 33 36 30
2776 24 25 33 47 89 1 25 22 26 15 36 30
2777 24 26 26 42 57 44 24 24 30 33 36 30
2778 24 35 43 39 107 121 28 24 33 20 36 30
2779 24 39 33 38 84 39 29 39 32 29 36 30
2780 24 39 36 25 89 54 28 35 34 27 36 30
2781 24 37 36 26 155 83 19 10 23 24 36 30
2782 24 32 27 28 80 23 22 27 23 21 36 30
2783 24 37 42 38 113 88 26 26 30 28 36 30
2784 24 40 36 19 99 72 22 27 33 11 36 30
2785 24 34 23 22 113 1 21 30 23 21 36 30
2786 24 36 34 29 93 20 20 23 24 19 36 30
2787 24 33 33 36 96 52 19 8 29 6 36 30
2788 24 35 35 22 121 26 22 4 38 21 36 30
2789 24 37 28 19 58 37 21 23 30 20 36 30
2790 24 39 40 26 169 94 23 22 31 15 36 30
2791 24 41 32 26 136 31 27 32 24 23 36 30
2792 24 40 37 21 125 23 25 25 32 18 36 30
2793 24 32 31 27 112 13 28 31 34 38 36 30
2794 24 27 29 39 179 92 21 29 22 2 36 30
2795 24 32 35 21 120 19 21 27 28 1 36 30
2796 24 34 26 33 82 27 25 37 30 37 36 30
2797 24 38 40 33 65 1 23 28 33 29 36 30
2798 24 34 37 23 108 48 28 37 22 18 36 30
2799 24 37 29 25 53 44 24 35 29 28 36 30
2800 24 32 22 29 65 3 25 31 22 37 36 30
2801 24 31 44 40 87 62 23 7 36 18 36 30
2802 23 41 35 27 57 16 28 18 34 26 36 30
2803 24 35 38 40 62 1 25 31 28 30 36 30
2804 24 38 37 28 100 54 24 19 30 27 36 30
2805 24 30 25 42 57 4 26 34 29 21 36 30
2806 24 29 28 37 65 18 31 49 33 18 36 30
2807 24 34 38 29 76 7 23 25 25 22 36 30
2808 24 34 42 35 100 1 22 28 32 14 36 30
2809 24 30 24 29 99 18 29 38 40 24 36 30
2810 24 38 32 17 105 1 29 43 24 19 36 30
2811 24 24 21 42 117 11 25 30 30 19 36 30
2812 24 34 37 39 90 72 27 38 27 33 36 30
2813 24 46 43 19 281 37 26 34 31 39 36 30
2814 24 31 30 17 152 48 23 21 29 1 36 30
2815 24 38 22 22 205 15 21 24 25 9 36 30
2816 24 31 35 27 107 56 23 27 42 12 36 30
2817 24 38 40 37 202 96 31 39 25 23 36 30
2818 24 34 36 35 149 1 27 33 30 46 36 30
2819 24 33 31 22 131 121 27 17 33 16 36 30
2820 24 31 20 22 96 1 28 22 27 13 36 30
2821 24 43 43 20 106 1 27 28 30 25 36 30
2822 24 27 30 33 96 49 22 30 31 22 36 30
2823 24 34 29 16 136 38 19 21 28 1 36 30
2824 24 38 29 24 238 1 21 28 25 33 36 30
2825 24 28 30 37 65 66 21 32 29 25 36 30
2826 24 30 35 32 91 18 25 24 25 27 36 30
2827 24 35 31 37 86 10 24 36 32 39 36 30
2828 23 33 40 38 95 15 29 36 26 27 35 29
2829 24 20 19 32 177 33 22 28 19 1 36 30
2830 24 34 30 32 79 30 21 15 23 10 36 30
2831 24 41 28 14 62 63 34 41 26 23 36 30
2832 24 31 19 31 46 78 19 21 28 19 36 30
2833 24 37 25 17 181 1 28 25 29 29 36 30
2834 24 39 44 32 107 98 27 35 28 29 36 30
2835 24 34 36 26 154 67 24 29 36 10 36 30
2836 24 30 22 28 65 39 22 12 24 5 36 30
2837 23 41 42 18 117 15 23 29 28 3 36 30
2838 24 48 52 27 138 74 21 51 30 31 36 30
2839 24 30 21 10 170 1 27 8 31 11 36 30
2840 24 33 16 17 49 35 26 27 27 17 36 30
2841 24 31 36 37 121 1 28 28 32 26 36 30
2842 24 38 35 18 103 1 21 32 37 20 36 30
2843 24 33 29 28 96 24 21 28 28 19 36 30
2844 24 30 31 39 51 55 23 33 32 45 36 30
2845 24 44 34 13 86 131 25 24 29 32 36 30
2846 24 30 26 36 85 1 29 35 22 40 36 30
2847 24 31 38 38 118 1 25 42 28 19 36 30
2848 24 29 23 14 144 39 25 30 31 1 36 30
2849 24 32 21 20 201 39 26 23 25 10 36 30
2850 24 33 21 31 96 1 25 34 27 35 36 30
2851 24 41 39 38 59 1 25 29 29 34 36 30
2852 24 32 27 26 55 44 25 26 29 17 36 30
2853 24 29 34 33 203 45 26 23 26 18 36 30
2854 24 33 29 26 99 31 23 24 32 9 36 30
2855 24 31 32 31 98 25 22 30 28 28 36 30
2856 23 28 21 33 82 17 25 35 27 16 35 30
2857 23 28 33 39 55 32 24 24 33 32 36 30
2858 23 26 24 29 94 1 26 29 30 25 35 30
2859 24 38 42 38 105 1 24 31 31 32 36 30
2860 24 39 34 21 135 1 28 26 28 18 36 30
2861 24 31 36 73 255 29 27 36 38 28 36 30
2862 24 41 46 38 71 1 22 37 30 33 36 30
2863 24 31 22 24 94 1 25 34 26 30 36 30
2864 24 32 34 39 164 1 24 39 26 8 36 30
2865 24 35 36 23 191 1 21 20 30 25 36 30
2866 24 33 32 24 158 1 17 23 26 1 36 30
2867 24 43 46 36 110 52 28 34 30 36 36 30
2868 24 32 26 11 226 1 32 26 42 21 36 30
2869 24 38 34 28 66 1 29 31 28 21 36 30
2870 24 42 39 34 132 44 28 37 22 29 36 30
2871 24 33 25 13 140 1 23 21 31 1 36 30
2872 24 37 36 23 88 43 28 33 34 26 36 30
2873 24 50 47 25 110 57 31 25 38 38 36 30
2874 24 33 26 19 106 5 29 31 29 1 36 30
2875 24 34 25 27 127 1 21 27 30 22 36 30
2876 24 37 38 26 68 72 25 28 28 26 36 30
2877 24 24 21 30 160 24 21 34 22 6 36 30
2878 24 34 30 25 73 17 23 1 27 21 36 30
2879 24 38 30 9 117 1 24 41 30 30 36 30
2880 24 33 30 20 83 52 22 48 32 16 36 30
2881 24 42 53 22 126 7 33 30 33 7 36 30
2882 24 38 26 15 316 47 25 19 22 16 36 30
2883 24 38 47 32 81 1 20 34 29 24 36 30
2884 24 31 22 13 69 24 24 18 30 1 36 30
2885 24 24 21 43 137 4 19 30 28 19 36 30
2886 23 31 24 20 64 1 28 29 25 13 36 30
2887 24 37 31 25 100 22 20 18 22 14 36 30
2888 24 30 29 29 91 33 23 30 34 17 36 30
2889 24 31 25 24 78 12 23 26 32 16 36 30
2890 24 27 29 41 56 45 28 25 26 21 36 30
2891 24 49 52 31 79 76 24 31 30 38 36 30
2892 24 38 33 39 72 5 27 39 28 36 36 30
2893 24 26 22 30 66 36 25 30 29 22 36 30
2894 24 37 31 24 69 30 25 1 31 23 36 30
2895 24 42 55 37 150 149 26 26 34 23 36 30
2896 24 32 25 30 223 34 25 35 29 25 36 30
2897 24 39 29 14 173 92 24 24 21 8 36 30
2898 24 45 41 29 109 8 30 27 35 44 36 30
2899 24 25 29 30 106 1 26 29 26 11 36 30
2900 24 30 30 21 94 3 32 39 33 27 36 30
2901 24 42 32 22 76 1 26 32 26 24 36 30
2902 24 33 33 30 96 44 31 20 27 15 36 30
2903 24 27 20 31 119 8 24 1 36 20 36 30
2904 24 25 32 38 151 1 20 21 29 24 36 30
2905 24 42 48 37 97 73 22 24 29 21 36 30
2906 24 36 29 27 152 25 25 36 37 37 37 30
2907 24 39 36 12 138 1 24 30 32 13 36 30
2908 24 35 40 47 87 90 24 32 31 34 36 30
2909 24 34 23 15 84 31 26 23 33 26 36 30
2910 24 36 34 27 107 14 29 37 31 17 36 30
2911 24 39 32 23 100 55 22 1 40 26 36 30
2912 24 31 29 20 103 20 23 25 36 13 36 30
2913 24 33 28 12 136 70 24 26 29 3 36 30
2914 24 32 30 26 152 19 27 46 28 21 36 30
2915 24 32 34 36 74 60 22 28 24 17 36 30
2916 24 31 30 34 92 50 25 30 38 23 36 30
2917 24 39 43 36 74 7 22 43 32 25 36 30
2918 24 40 38 28 65 53 23 26 25 17 36 30
2919 24 33 33 24 94 76 30 32 34 27 36 30
2920 24 32 34 43 165 61 29 51 27 29 36 30
2921 24 34 18 21 290 1 25 28 26 30 36 30
2922 23 33 39 47 120 27 27 33 39 33 36 30
2923 24 29 29 31 72 19 21 29 29 25 36 30
2924 24 41 38 20 224 1 21 27 32 33 36 30
2925 24 23 30 48 72 58 26 27 35 25 36 30
2926 24 33 25 33 49 6 22 30 46 25 36 30
2927 24 30 30 25 82 37 26 20 25 7 36 30
2928 24 23 16 14 92 1 26 30 36 22 36 30
2929 24 34 39 30 180 77 25 30 32 21 36 30
2930 24 32 31 18 94 36 19 26 25 13 36 30
2931 24 33 35 23 96 1 26 17 31 6 36 30
2932 24 30 28 26 87 38 22 29 28 4 36 30
2933 24 21 18 27 62 61 19 38 26 11 36 30
2934 24 41 44 35 131 11 27 36 25 34 36 30
2935 23 25 33 42 117 10 28 31 26 16 36 30
2936 24 35 34 30 300 28 22 26 26 19 36 30
2937 24 40 44 34 81 74 26 15 29 36 36 30
2938 24 37 39 22 68 77 23 24 35 14 36 30
2939 24 33 25 25 71 1 27 42 30 26 36 30
2940 24 29 22 17 128 1 27 31 27 10 36 30
2941 23 25 19 24 80 1 22 23 35 10 36 30
2942 24 26 24 30 61 8 26 47 26 24 35 30
2943 24 32 31 40 176 1 27 37 27 34 36 30
2944 24 31 19 23 70 1 24 32 36 25 36 30
2945 24 33 36 23 141 42 22 25 32 2 36 30
2946 24 31 36 31 70 36 22 36 35 26 36 30
2947 24 35 28 37 115 25 22 30 32 43 36 30
2948 24 29 28 18 143 58 22 29 24 1 36 30
2949 23 27 31 33 70 52 26 30 24 10 35 29
2950 24 35 35 26 88 1 28 22 35 24 36 30
2951 24 31 31 40 72 22 24 40 21 35 36 30
2952 24 29 29 45 151 64 23 16 23 7 36 30
2953 24 31 31 24 67 63 22 33 30 13 36 30
2954 24 36 41 36 82 60 22 30 29 33 36 30
2955 24 25 28 35 84 6 25 39 33 32 36 30
2956 24 48 52 31 64 7 26 43 34 30 36 30
2957 24 27 21 15 75 1 20 26 29 1 36 30
2958 24 36 35 27 130 10 29 29 33 36 36 30
2959 24 33 30 13 98 31 29 26 34 9 36 30
2960 24 27 22 38 53 15 29 40 36 18 36 30
2961 24 31 25 13 114 1 18 22 28 1 36 30
2962 24 39 37 27 88 61 23 31 25 29 36 30
2963 24 37 31 28 79 43 24 33 27 18 36 30
2964 24 38 33 21 53 57 23 30 28 29 36 30
2965 24 32 28 30 56 8 19 27 24 11 36 30
2966 24 30 23 36 95 1 23 1 25 14 36 30
2967 24 42 39 18 85 56 25 36 30 22 36 30
2968 24 37 38 38 84 60 32 29 29 28 36 30
2969 23 33 28 20 88 1 19 23 28 15 35 30
2970 24 30 31 42 87 23 29 38 31 27 36 30
2971 24 37 46 44 65 23 27 35 30 26 36 30
2972 24 25 23 34 137 1 19 20 31 27 36 30
2973 24 31 25 31 90 55 25 31 30 13 36 30
2974 24 35 28 41 45 1 22 33 29 33 36 30
2975 24 35 37 31 86 76 25 37 30 30 36 30
2976 24 34 28 32 99 15 28 19 33 34 36 30
2977 23 34 35 41 79 65 24 12 25 16 36 30
2978 24 39 34 20 128 45 25 1 31 27 36 30
2979 24 28 28 28 191 39 29 29 32 11 36 30
2980 23 42 51 46 58 43 22 32 26 41 36 30
2981 24 35 36 23 213 39 25 28 28 10 36 30
2982 24 38 36 30 59 75 33 33 27 20 36 30
2983 24 37 27 31 93 13 25 30 30 33 36 30
2984 24 37 28 26 159 1 27 32 23 30 36 30
2985 24 30 19 29 95 1 24 24 23 23 36 30
2986 24 30 27 38 55 17 22 32 27 29 36 30
2987 24 32 23 19 54 6 19 23 27 25 36 30
2988 24 40 43 41 128 53 25 22 28 24 36 30
2989 24 32 27 23 206 9 22 26 30 14 36 30
2990 24 36 30 19 185 125 23 29 34 15 36 30
2991 24 34 28 34 77 11 23 28 30 35 36 30
2992 24 36 27 21 86 1 16 22 15 15 36 30
2993 24 31 33 36 103 17 29 25 35 23 36 30
2994 24 33 30 34 134 15 23 39 30 29 36 30
2995 24 23 19 21 106 1 16 11 25 1 36 30
2996 24 33 34 37 64 27 29 22 20 2 36 30
2997 24 35 36 36 140 1 28 27 31 25 36 30
2998 24 40 39 26 70 96 24 28 34 24 36 30
2999 24 38 36 14 92 13 29 36 30 28 36 30
3000 23 30 26 26 92 1 28 32 23 10 35 30
3001 24 38 33 32 62 84 31 33 36 24 36 30
3002 24 30 21 28 78 1 26 29 35 23 36 30
3003 24 35 29 30 102 1 25 35 33 18 36 30
3004 24 34 28 26 76 1 29 37 28 31 36 30
3005 24 36 35 42 121 4 19 28 27 35 36 30
3006 24 36 29 36 72 48 25 32 26 24 36 30
3007 23 33 21 27 163 16 21 37 34 29 36 30
3008 24 34 34 21 98 10 28 28 30 30 36 30
3009 24 39 29 28 126 11 26 31 33 31 36 30
3010 23 18 14 21 56 1 23 35 23 13 36 29
3011 24 40 47 31 69 1 23 29 30 26 36 30
3012 23 32 31 29 123 12 27 42 22 30 36 30
3013 24 32 32 33 257 1 19 29 23 29 36 30
3014 24 37 35 26 92 1 23 39 30 36 36 30
3015 23 35 35 33 121 1 20 25 30 17 36 30
3016 24 31 29 36 95 112 30 1 31 18 35 30
3017 24 27 31 30 115 14 28 31 29 17 36 30
3018 24 39 41 24 86 94 29 29 33 21 36 30
3019 24 40 42 33 116 1 23 15 31 29 36 30
3020 24 36 42 38 93 54 19 32 34 25 36 30
3021 24 36 29 28 96 42 26 29 33 27 36 30
3022 24 25 15 19 120 20 27 37 29 12 35 29
3023 24 29 13 19 114 7 21 30 24 9 36 30
3024 24 36 27 28 110 1 22 1 34 21 36 30
3025 24 37 30 23 295 68 24 32 39 17 36 30
3026 24 32 28 32 97 1 19 25 27 27 36 30
3027 24 26 28 34 91 4 22 23 24 6 36 30
3028 23 32 24 16 104 1 26 27 34 10 36 30
3029 24 32 22 27 171 18 22 44 24 20 36 30
3030 24 31 27 18 116 51 20 23 31 16 36 30
3031 24 35 47 46 105 59 24 30 31 24 36 30
3032 23 37 17 15 83 41 28 28 29 28 36 30
3033 24 31 25 14 94 17 28 26 27 13 36 30
3034 24 31 27 24 61 59 21 32 34 15 36 30
3035 23 18 14 27 142 26 21 1 39 15 36 30
3036 24 24 23 36 49 1 20 35 31 21 36 30
3037 24 28 21 27 130 1 20 29 27 25 36 30
3038 24 39 40 31 227 77 31 23 34 19 36 30
3039 24 34 30 32 72 1 26 35 28 21 36 30
3040 24 30 25 34 75 23 24 26 31 25 35 30
3041 24 43 36 30 66 61 25 34 22 37 36 30
3042 24 35 39 31 134 1 24 23 27 20 36 30
3043 23 24 26 27 126 1 28 27 32 21 35 29
3044 24 40 37 15 100 96 21 28 26 14 36 30
3045 23 25 17 21 111 1 20 17 24 13 36 30
3046 24 26 21 35 111 6 17 1 35 14 35 30
3047 24 38 36 32 172 1 25 35 33 28 36 30
3048 23 40 49 34 95 46 32 26 32 18 36 30
3049 24 39 36 38 63 59 24 15 36 36 36 30
3050 23 38 32 26 144 96 26 23 34 7 36 30
3051 24 31 33 27 101 10 19 30 30 23 36 30
3052 24 38 37 38 78 66 22 30 26 25 36 30
3053 24 41 51 30 105 4 19 29 28 25 36 30
3054 24 43 44 42 87 76 27 37 35 27 36 30
3055 24 37 38 31 98 36 28 31 32 10 36 30
3056 24 31 30 40 62 4 21 27 23 29 36 30
3057 23 21 20 22 119 1 21 17 39 17 35 29
3058 24 33 28 17 114 32 30 1 34 14 36 30
3059 24 36 37 25 387 16 20 25 29 28 36 30
3060 24 34 32 35 59 14 24 21 26 16 36 30
3061 24 38 28 20 92 19 22 32 31 30 36 30
3062 24 38 42 37 121 1 30 23 28 31 36 30
3063 41 39 25 38 169 10 46 58 58 39 58 51
3064 23 35 28 20 115 108 25 23 31 9 36 29
3065 24 44 36 9 62 109 19 1 28 22 36 30
3066 24 36 35 25 72 29 26 40 28 12 36 30
3067 24 36 24 29 51 23 28 40 30 42 36 30
3068 24 33 28 24 97 17 26 39 27 23 36 30
3069 24 29 29 43 46 33 24 42 32 35 36 30
3070 24 42 41 28 68 45 24 26 26 17 36 30
3071 24 40 41 38 188 62 29 29 31 25 36 30
3072 24 34 44 35 180 86 23 34 24 16 36 30
3073 23 38 42 25 89 138 21 17 28 13 36 30
3074 23 32 29 19 74 81 23 28 31 5 36 30
3075 24 29 19 20 352 1 24 25 28 17 36 30
3076 24 28 28 28 73 1 25 21 25 1 35 30
3077 24 31 33 29 62 1 24 33 30 25 36 30
3078 24 33 45 30 76 135 24 23 42 16 36 30
3079 24 33 37 37 53 39 30 27 33 28 36 30
3080 24 31 23 33 67 77 27 33 27 21 36 30
3081 24 26 27 40 146 54 24 23 26 12 36 30
3082 24 29 23 26 58 29 22 23 27 19 35 30
3083 24 42 44 30 101 47 17 27 23 32 36 30
3084 24 35 28 17 75 1 25 43 28 22 35 30
3085 24 34 25 17 75 1 21 24 29 13 36 30
3086 24 40 36 25 139 23 19 23 24 19 36 30
3087 24 29 19 28 97 1 29 20 35 25 35 30
3088 24 41 35 19 216 19 23 27 30 15 36 30
3089 24 33 44 43 330 1 32 33 25 31 36 30
3090 24 34 36 26 56 95 27 21 34 28 36 30
3091 24 39 37 33 89 44 32 32 28 18 36 30
3092 24 30 31 40 125 1 24 43 32 34 36 30
3093 23 28 24 28 97 1 26 36 31 18 35 30
3094 24 45 43 37 60 12 23 31 38 40 36 30
3095 24 51 38 17 70 1 26 28 27 24 36 30
3096 23 27 27 20 86 85 21 18 32 1 35 29
3097 24 33 37 34 169 35 26 29 37 30 36 30
3098 24 42 39 22 159 117 23 24 26 1 36 30
3099 24 36 24 19 83 13 22 30 20 27 36 30
3100 24 33 44 39 91 1 24 27 31 21 36 30
3101 24 34 33 19 88 72 18 15 30 1 36 30
3102 23 36 36 30 55 1 25 29 39 33 36 30
3103 24 33 29 21 77 41 27 29 30 17 36 30
3104 24 34 34 26 87 93 27 18 23 9 36 30
3105 24 33 32 32 65 15 22 34 25 18 36 30
3106 24 31 33 21 183 60 22 20 33 1 36 30
3107 24 35 36 34 132 24 23 25 36 19 36 30
3108 24 33 32 31 117 114 25 34 29 22 36 30
3109 24 30 26 34 237 23 27 34 26 25 36 30
3110 24 35 36 37 131 74 25 40 26 25 36 30
3111 24 34 30 24 156 12 27 27 32 27 36 30
3112 24 40 41 30 96 61 21 40 30 34 36 30
3113 24 32 33 16 88 85 23 30 27 4 36 30
3114 23 30 38 42 76 1 27 1 42 19 36 30
3115 24 22 22 34 107 35 22 30 23 4 36 30
3116 24 26 18 30 114 5 29 26 36 24 36 30
3117 24 36 35 32 143 1 25 40 30 37 36 30
3118 24 36 35 43 89 1 25 35 26 40 36 30
3119 24 35 33 17 95 29 19 27 27 1 36 30
3120 24 31 34 33 71 1 27 36 30 27 36 30
3121 23 29 21 30 56 19 21 36 22 36 36 30
3122 24 35 35 38 240 1 22 32 31 28 36 30
3123 24 26 32 38 128 41 27 35 24 19 36 30
3124 24 36 43 44 80 1 20 32 26 40 36 30
3125 23 33 29 31 53 24 23 18 23 13 36 30
3126 23 33 27 31 149 20 20 31 29 37 36 30
3127 23 21 13 20 127 1 26 28 30 1 36 30
3128 24 36 34 20 136 1 23 27 30 1 36 30
3129 24 37 34 18 118 1 28 23 31 10 36 30
3130 24 49 47 22 61 100 28 30 34 44 36 30
3131 23 36 34 16 83 87 21 21 31 6 36 29
3132 23 23 32 43 88 46 24 27 33 11 36 30
3133 24 36 33 36 94 1 23 31 24 45 36 30
3134 24 28 25 22 99 49 28 24 29 5 36 30
3135 24 36 40 24 113 41 26 24 24 1 36 30
3136 24 34 41 23 125 1 21 19 32 1 36 30
3137 23 19 11 42 157 1 25 1 32 13 35 29
3138 24 39 37 27 108 38 23 21 26 23 36 30
3139 24 33 32 39 105 1 22 22 29 23 36 30
3140 24 29 25 24 400 1 25 31 33 28 36 30
3141 23 35 37 25 573 135 22 17 33 12 36 29
3142 24 35 29 30 87 14 27 29 32 26 36 30
3143 24 30 31 35 63 1 22 41 28 32 36 30
3144 24 32 26 20 138 47 27 36 24 1 36 30
3145 24 35 18 13 71 1 28 28 32 18 36 30
3146 23 29 22 30 49 9 22 23 29 26 36 30
3147 24 30 40 46 78 1 27 31 35 35 36 30
3148 23 35 38 26 48 1 23 21 24 25 36 30
3149 24 34 43 33 108 96 24 25 33 1 36 30
3150 23 35 34 23 173 57 28 22 34 24 36 30
3151 24 40 39 25 113 1 26 27 26 10 36 30
3152 24 38 34 27 68 1 27 26 26 17 36 30
3153 24 30 19 24 84 1 24 1 34 21 36 30
3154 24 32 39 39 172 21 25 44 30 23 36 30
3155 23 20 13 17 61 1 27 32 29 8 36 30
3156 24 45 56 31 71 1 26 30 37 44 36 30
3157 24 25 30 39 82 1 23 23 32 15 36 30
3158 23 31 45 44 153 67 28 31 29 28 36 30
3159 24 32 27 27 119 35 26 23 31 27 36 30
3160 24 34 36 32 125 60 21 30 29 19 35 29
3161 24 32 33 22 177 17 29 43 31 23 36 30
3162 24 32 28 27 116 67 23 25 23 11 36 30
3163 24 27 20 29 56 1 21 30 26 24 36 30
3164 23 32 28 14 128 9 23 25 33 4 36 30
3165 24 36 37 16 73 1 21 25 29 24 36 30
3166 24 35 18 17 118 1 28 22 25 34 36 30
3167 24 28 20 14 115 39 27 40 32 4 36 30
3168 24 31 31 48 76 1 21 23 37 19 36 30
3169 24 37 35 28 68 37 23 34 25 33 37 30
3170 23 48 52 35 74 21 27 28 38 49 36 30
3171 24 29 24 27 105 78 27 10 30 24 35 30
3172 23 48 50 28 142 66 26 35 40 41 36 30
3173 24 38 35 26 94 80 24 28 35 11 36 30
3174 24 34 25 28 67 49 24 16 25 33 36 30
3175 24 46 49 33 109 1 28 23 36 33 36 30
3176 24 32 29 35 78 53 25 28 26 18 36 30
3177 24 33 28 22 101 1 30 30 28 1 35 30
3178 23 40 36 31 81 3 23 35 32 43 36 30
3179 24 35 27 27 116 80 25 43 28 19 36 30
3180 23 29 75 17 158 15 22 24 29 10 36 29
3181 24 43 34 20 90 1 24 25 34 35 36 30
3182 24 39 40 31 158 33 25 37 32 23 36 30
3183 24 47 54 28 82 62 19 30 29 27 36 30
3184 24 36 29 31 82 61 27 34 34 10 36 30
3185 23 30 23 20 140 1 27 35 30 34 36 30
3186 24 40 44 40 66 31 25 40 20 32 36 30
3187 24 31 32 31 78 87 26 30 31 16 36 30
3188 23 22 12 24 164 1 24 28 22 18 36 30
3189 24 30 18 20 64 1 23 29 28 20 36 30
3190 24 34 42 32 73 57 24 31 28 14 36 30
3191 24 24 13 29 63 15 30 32 23 13 36 30
3192 24 42 48 29 84 109 22 20 26 7 36 30
3193 23 31 19 31 84 51 24 32 35 25 36 30
3194 24 42 33 31 126 58 29 23 32 12 36 30
3195 23 26 23 32 103 19 28 25 30 27 35 30
3196 24 29 37 53 98 86 28 30 33 21 36 30
3197 24 30 30 31 55 43 32 41 28 30 36 30
3198 24 35 34 24 189 29 25 28 34 16 36 30
3199 24 32 33 36 70 49 22 44 30 24 36 30
3200 24 38 36 40 93 1 26 33 31 38 36 30
3201 24 106 154 18 81 1 28 41 27 51 36 30
3202 24 39 37 39 56 1 21 38 22 30 36 30
3203 24 47 58 22 74 3 27 23 30 20 36 30
3204 23 34 31 32 141 1 276 35 25 42 36 30
3205 24 43 34 30 53 12 26 29 42 48 36 30
3206 23 27 18 20 260 1 25 20 20 9 35 29
3207 23 33 33 35 139 13 27 33 31 26 36 30
3208 23 33 24 39 56 19 25 40 28 42 36 30
3209 24 37 22 3 120 1 24 1 33 19 35 30
3210 23 29 34 40 122 36 30 38 33 18 35 30
3211 23 24 24 28 149 50 23 30 33 8 36 30
3212 24 30 24 26 114 1 26 24 23 1 36 30
3213 24 48 43 21 72 45 28 19 29 36 36 30
3214 24 27 19 31 57 33 24 35 30 21 36 30
3215 23 27 24 30 72 29 27 36 34 18 36 30
3216 24 32 27 15 67 89 24 19 30 1 36 30
3217 24 43 39 25 75 23 25 33 31 15 36 30
3218 24 28 26 28 135 28 27 27 25 27 36 30
3219 24 35 40 15 182 1 25 39 25 19 36 30
3220 24 38 30 23 86 56 20 23 30 17 36 30
3221 24 38 29 18 135 1 23 34 28 14 36 30
3222 24 37 35 28 89 99 29 38 42 33 36 30
3223 24 38 41 46 95 95 22 1 33 23 36 30
3224 24 32 34 30 95 61 25 32 29 13 36 30
3225 24 37 33 15 126 1 27 20 25 6 36 30
3226 23 21 11 18 51 1 28 28 32 18 36 30
3227 24 35 31 33 100 1 28 37 31 19 36 30
3228 24 44 43 26 131 74 26 28 29 36 36 30
3229 24 34 27 30 74 1 27 29 25 36 36 30
3230 24 32 26 33 87 1 23 1 34 1 36 30
3231 24 41 34 15 176 83 27 30 31 30 36 30
3232 23 21 9 27 99 9 22 22 24 7 35 30
3233 24 36 44 45 234 13 24 45 23 35 36 30
3234 23 21 10 27 70 1 25 29 30 25 35 30
3235 24 28 38 34 82 23 25 39 29 13 36 30
3236 23 27 16 15 103 27 27 27 30 16 35 30
3237 24 35 35 40 105 1 25 35 33 31 36 30
3238 23 37 37 29 102 43 22 17 30 15 36 30
3239 23 36 28 22 190 1 28 32 27 29 36 30
3240 24 40 40 18 155 1 19 29 23 3 36 30
3241 24 39 46 34 118 135 22 32 30 26 36 30
3242 23 22 25 27 210 1 21 27 25 14 35 29
3243 24 23 18 26 98 1 22 19 25 6 36 30
3244 23 24 21 30 119 33 23 27 28 15 36 30
3245 24 41 37 35 99 100 31 28 35 39 36 30
3246 24 39 39 40 142 1 25 22 32 26 36 30
3247 23 39 40 23 247 1 23 22 30 23 35 29
3248 24 35 33 28 62 59 23 27 27 16 36 30
3249 24 46 36 12 110 30 25 29 31 35 36 30
3250 23 24 23 31 101 77 19 23 36 7 35 29
3251 24 30 35 43 91 26 25 1 33 36 36 30
3252 24 38 45 35 80 71 27 25 33 26 36 30
3253 24 36 35 35 77 69 21 27 29 30 36 30
3254 24 32 26 39 93 15 20 27 29 30 36 30
3255 24 36 33 28 87 1 24 33 27 22 36 30
3256 24 31 41 37 183 92 21 26 36 16 36 30
3257 24 35 30 23 80 54 20 23 24 24 36 30
3258 24 31 21 27 73 1 29 32 23 20 35 30
3259 23 43 35 22 52 9 30 29 29 26 36 30
3260 24 37 31 29 158 39 25 29 27 20 36 30
3261 23 28 15 2 91 17 25 32 29 2 36 29
3262 24 41 28 35 54 38 22 33 34 29 36 30
3263 24 42 40 17 112 79 21 24 21 25 36 30
3264 40 60 51 55 188 6 42 52 49 52 57 50
3265 24 33 23 26 43 26 29 33 35 34 36 30
3266 24 40 40 27 69 3 28 24 34 28 36 30
3267 24 38 33 32 175 1 27 19 35 31 36 30
3268 24 21 10 18 62 17 24 28 28 17 35 29
3269 23 35 27 29 157 1 28 33 27 25 36 30
3270 23 32 26 18 106 1 18 28 30 17 36 30
3271 24 32 27 18 67 1 21 31 28 16 36 30
3272 23 32 42 33 100 59 22 28 25 12 36 30
3273 24 29 26 22 99 1 21 21 17 18 35 30
3274 24 52 59 29 66 41 22 20 25 36 36 30
3275 24 32 33 29 126 87 22 22 34 14 36 30
3276 24 40 47 39 240 131 17 1 26 12 36 30
3277 24 36 37 29 95 83 24 31 40 22 36 30
3278 23 47 41 29 97 26 22 9 34 25 36 30
3279 24 43 51 43 59 67 24 26 29 33 36 30
3280 23 30 27 23 63 42 27 24 30 8 36 30
3281 23 29 16 24 91 1 25 23 26 24 35 30
3282 24 33 35 29 92 12 24 29 25 5 36 30
3283 23 37 41 30 100 24 24 26 31 28 36 30
3284 24 39 38 43 59 20 22 30 33 34 36 30
3285 23 37 26 22 75 33 26 22 29 24 36 30
3286 24 26 17 25 75 1 25 31 36 21 35 30
3287 23 39 33 35 113 71 25 30 28 28 36 30
3288 23 35 34 29 102 14 27 30 20 19 36 30
3289 24 31 23 32 130 36 26 30 27 28 36 30
3290 23 25 20 36 55 37 26 37 35 16 36 30
3291 23 30 32 41 72 10 24 30 28 15 36 30
3292 24 32 26 28 154 69 20 18 26 18 36 30
3293 24 36 36 28 86 1 23 34 29 23 36 30
3294 23 29 26 27 54 50 17 19 23 18 36 30
3295 23 25 18 17 106 14 27 20 38 14 36 30
3296 23 37 30 30 232 1 22 40 23 25 36 30
3297 24 36 31 24 72 9 24 47 20 20 36 30
3298 24 29 29 35 123 1 25 25 30 15 36 30
3299 24 32 21 8 92 1 23 31 36 5 36 30
3300 24 38 35 28 66 1 23 29 39 35 36 30
3301 24 47 43 23 100 90 24 44 25 34 36 30
3302 24 31 33 37 54 49 20 32 30 23 36 30
3303 24 32 34 38 60 73 28 25 32 16 36 30
3304 24 45 56 40 104 1 23 38 28 39 36 30
3305 24 36 30 22 142 80 21 28 25 22 36 30
3306 24 32 36 32 243 1 27 21 645 27 36 30
3307 23 39 35 27 96 70 26 32 33 20 36 30
3308 23 38 38 28 88 25 27 24 21 15 36 30
3309 24 38 48 49 84 1 24 30 27 25 36 30
3310 24 40 43 27 93 113 25 24 36 30 36 30
3311 24 30 28 22 106 1 23 32 32 1 36 30
3312 24 39 51 38 73 71 22 30 30 38 36 30
3313 24 37 46 33 110 86 19 29 20 1 36 30
3314 24 26 15 27 65 1 20 30 31 29 36 30
3315 24 38 44 31 93 130 26 33 21 26 36 30
3316 23 47 41 15 95 59 25 55 24 30 36 30
3317 24 44 42 26 95 22 24 1 34 19 36 30
3318 24 33 27 24 140 1 26 30 31 26 36 30
3319 24 46 44 25 96 71 24 24 32 22 36 30
3320 24 27 22 32 67 1 26 37 30 29 36 30
3321 24 38 36 46 86 14 28 34 29 33 36 30
3322 24 31 24 26 161 1 21 27 28 27 36 30
3323 24 28 22 33 86 1 23 28 26 28 36 30
3324 24 34 24 17 91 60 22 27 30 10 36 30
3325 23 24 19 27 82 27 23 32 26 15 35 30
3326 23 35 31 30 96 28 19 24 31 27 36 30
3327 23 34 29 31 86 1 28 26 28 10 36 30
3328 23 27 24 31 52 51 25 28 26 21 35 30
3329 24 20 18 30 154 50 25 35 26 6 36 30
3330 23 40 32 27 161 53 29 36 23 28 36 30
3331 23 33 25 26 170 28 26 25 31 25 36 30
3332 24 31 30 34 95 55 26 28 25 23 36 30
3333 24 41 33 11 66 78 26 51 27 10 36 30
3334 24 30 27 31 108 24 22 34 36 19 35 30
3335 24 28 24 45 117 54 31 41 34 22 36 30
3336 24 29 26 25 179 47 25 25 38 24 36 30
3337 24 41 50 38 87 68 23 26 32 28 36 30
3338 23 35 30 24 99 1 25 31 27 33 36 30
3339 23 23 16 27 183 1 18 38 30 26 36 29
3340 23 28 15 19 196 1 21 16 27 9 36 30
3341 23 30 15 10 105 1 22 29 28 8 36 30
3342 24 39 39 31 138 1 25 26 32 25 36 30
3343 24 48 44 35 129 47 22 37 32 38 36 30
3344 24 33 28 34 122 3 27 37 28 36 36 30
3345 24 42 44 22 87 14 26 29 32 28 36 30
3346 23 33 25 18 60 28 24 26 34 40 36 29
3347 24 40 40 24 91 7 23 24 40 39 36 30
3348 23 28 10 1 71 15 23 28 28 1 36 30
3349 24 28 22 27 57 1 25 34 32 18 35 30
3350 24 27 23 37 133 51 25 28 23 9 36 30
3351 23 32 31 26 147 6 28 22 30 26 36 30
3352 24 31 26 20 103 1 21 22 27 1 36 29
3353 24 37 37 23 139 1 24 31 34 20 36 30
3354 24 32 28 28 84 38 26 26 27 8 36 30
3355 23 29 23 20 141 14 25 18 30 7 35 29
3356 24 37 41 39 52 50 29 28 28 35 36 30
3357 23 27 25 26 141 25 27 24 27 27 35 30
3358 24 37 24 11 59 6 25 42 29 23 36 30
3359 23 33 34 38 54 59 24 41 27 33 36 30
3360 23 37 29 26 177 38 24 38 32 26 36 30
3361 23 39 34 29 98 1 24 42 26 21 36 30
3362 24 33 31 35 128 10 25 24 32 34 36 30
3363 24 29 34 30 80 16 26 26 25 7 36 29
3364 24 39 26 24 79 1 21 29 23 7 36 29
3365 24 45 46 23 140 79 22 21 36 25 36 30
3366 23 40 40 28 61 3 19 24 28 26 36 29
3367 23 30 25 24 58 30 27 23 27 21 35 29
3368 23 43 45 39 90 80 27 29 35 38 36 30
3369 23 31 15 18 80 15 16 22 21 5 36 29
3370 23 34 22 27 98 32 21 31 18 25 35 30
3371 23 30 31 22 117 1 28 27 30 7 36 30
3372 23 43 52 33 78 8 28 45 30 38 36 30
3373 24 28 33 41 49 62 21 16 29 19 36 30
3374 23 34 37 36 92 86 23 30 29 33 36 30
3375 24 33 34 29 95 1 28 35 39 37 36 30
3376 23 36 34 28 75 70 25 32 22 23 35 30
3377 24 40 42 26 79 1 20 36 27 27 36 30
3378 23 33 20 30 132 1 24 36 29 42 36 29
3379 24 34 26 31 77 53 25 1 32 17 35 30
3380 24 35 34 21 72 39 26 44 32 28 36 30
3381 23 36 30 29 84 60 28 26 32 36 36 30
3382 24 28 25 33 153 4 22 28 27 15 35 30
3383 23 38 28 25 70 1 26 23 30 30 36 30
3384 24 30 31 33 59 51 24 18 32 28 36 30
3385 24 35 26 27 62 1 20 24 29 29 36 30
3386 23 27 24 32 77 1 23 31 29 29 35 29
3387 24 36 41 31 66 32 25 30 27 28 36 30
3388 23 35 29 32 91 75 25 31 28 19 36 29
3389 23 32 34 32 98 74 25 23 28 16 36 30
3390 24 31 31 30 70 113 23 1 28 8 35 29
3391 23 37 35 32 79 95 27 30 35 28 36 30
3392 24 42 39 33 108 1 30 40 26 34 36 30
3393 23 39 38 32 185 92 29 42 32 33 36 30
3394 23 23 22 32 138 2 21 32 24 10 35 29
3395 23 30 20 28 79 1 22 38 28 33 36 30
3396 23 36 35 41 81 20 30 32 13 36 36 30
3397 23 32 26 12 75 18 23 27 29 1 36 29
3398 23 34 30 29 125 28 27 21 31 26 36 30
3399 23 38 42 41 63 6 31 25 29 27 36 30
3400 24 29 30 37 65 9 24 41 26 23 35 29
3401 23 37 45 32 115 14 22 29 31 26 36 30
3402 24 32 40 38 159 83 24 48 25 31 36 30
3403 23 32 32 27 71 32 25 29 32 14 35 29
3404 23 29 29 29 90 1 26 23 34 18 35 30
3405 23 32 27 26 150 51 26 30 26 28 36 29
3406 23 24 28 36 222 45 25 1 34 15 35 30
3407 23 33 37 32 88 28 24 37 28 23 36 30
3408 23 29 27 29 97 34 21 27 34 25 35 29
3409 23 36 37 40 150 43 23 36 32 46 36 29
3410 23 29 31 30 64 46 24 32 34 12 35 30
3411 23 27 11 17 96 17 22 1 32 4 35 29
3412 23 39 42 28 202 106 25 21 33 12 36 29
3413 23 41 40 40 154 76 22 34 26 45 36 30
3414 23 30 30 31 195 21 24 7 29 7 36 29
3415 23 22 20 37 184 24 21 39 26 13 35 29
3416 23 35 27 27 269 33 24 26 31 32 36 30
3417 23 40 32 19 60 3 22 24 31 20 35 30
3418 23 38 37 24 124 1 22 38 39 33 36 29
3419 23 35 31 22 62 11 21 26 30 3 36 29
3420 24 28 25 23 69 1 23 25 24 10 35 29
3421 24 38 43 39 97 1 19 27 30 27 35 29
3422 24 40 44 26 110 36 28 30 31 23 36 30
3423 23 27 28 28 125 1 19 23 29 2 35 30
3424 23 23 4 19 88 1 22 25 18 1 35 29
3425 23 37 34 28 129 1 21 34 27 28 36 30
3426 23 40 32 29 62 47 29 34 26 37 36 30
3427 24 28 33 42 112 7 20 34 29 33 36 30
3428 24 47 52 34 89 66 28 47 35 22 36 30
3429 24 32 27 23 169 24 23 42 34 16 36 30
3430 24 38 35 26 107 1 25 28 36 27 35 29
3431 24 38 45 39 84 69 24 39 32 35 36 30
3432 24 39 43 28 104 31 26 30 29 20 36 30
3433 24 42 64 27 121 1 27 39 28 24 36 30
3434 23 38 40 39 151 64 27 25 26 33 36 30
3435 24 34 24 32 77 1 25 21 27 36 36 30
3436 23 44 35 20 237 1 31 42 29 31 36 30
3437 24 33 29 33 106 81 31 33 28 28 36 30
3438 24 30 25 24 55 31 23 34 31 22 35 30
3439 24 34 29 26 85 1 23 28 28 25 36 30
3440 23 34 28 34 131 54 25 30 26 25 36 30
3441 24 42 37 21 96 40 25 41 30 35 36 30
3442 23 45 44 37 148 1 25 26 27 29 36 29
3443 23 35 30 25 75 1 21 31 29 33 36 29
3444 24 33 29 31 98 81 22 30 33 24 35 30
3445 23 33 27 27 77 56 24 53 21 19 36 30
3446 24 36 32 31 69 42 23 28 24 27 36 30
3447 23 32 35 29 128 90 25 25 25 10 36 30
3448 23 31 39 37 152 48 25 28 30 17 36 29
3449 23 27 28 39 66 36 19 28 33 23 35 30
3450 23 29 44 42 209 55 23 32 48 22 35 30
3451 23 32 24 12 111 1 23 23 29 3 35 29
3452 23 34 46 37 84 1 22 30 35 32 36 30
3453 23 31 24 23 92 1 25 25 23 7 35 29
3454 23 37 39 39 61 7 25 36 32 28 36 30
3455 23 39 45 36 61 1 22 30 24 29 36 30
3456 23 38 39 34 84 1 19 20 29 24 35 30
3457 23 40 39 31 89 50 30 20 32 28 36 30
3458 23 33 33 20 146 56 26 32 30 12 36 30
3459 23 31 25 32 82 1 31 32 25 31 36 30
3460 23 41 40 30 130 67 28 30 36 42 36 30
3461 24 42 42 35 117 47 25 30 24 27 36 30
3462 23 34 26 17 101 12 27 27 27 14 36 29
3463 24 24 30 46 101 43 21 30 28 10 36 30
3464 23 33 35 38 53 33 25 30 28 37 36 29
3465 24 30 29 26 157 1 26 26 24 8 35 29
3466 24 38 36 17 84 75 14 28 20 1 36 29
3467 23 31 28 31 101 1 25 30 32 21 35 30
3468 23 35 25 21 107 26 23 28 30 20 35 29
3469 24 36 40 43 115 1 22 34 24 34 36 30
3470 23 38 35 15 148 1 25 22 28 1 36 29
3471 24 44 45 39 79 55 23 25 32 33 36 29
3472 23 34 35 23 176 1 21 18 26 1 36 29
3473 23 32 29 26 169 28 23 35 24 28 36 30
3474 23 39 33 26 96 11 27 19 23 17 36 30
3475 23 35 35 28 91 59 28 22 28 15 36 30
3476 23 37 33 20 83 4 24 32 23 18 36 30
3477 24 31 33 41 95 1 23 27 24 19 36 30
3478 23 36 24 30 46 1 24 39 26 42 36 30
3479 23 39 37 34 66 49 29 34 30 14 36 30
3480 24 23 17 33 107 29 21 31 29 23 35 29
3481 23 38 28 19 44 12 20 36 29 37 36 30
3482 24 37 36 35 93 21 27 28 32 26 36 30
3483 24 37 33 21 96 1 24 26 31 24 36 30
3484 23 34 30 26 55 1 21 18 28 21 35 29
3485 23 32 15 16 90 1 27 35 34 36 36 29
3486 23 40 39 44 51 26 23 29 31 33 36 30
3487 23 36 35 26 235 18 26 29 33 13 35 30
3488 23 49 45 30 83 93 28 40 35 47 36 30
3489 23 35 33 28 155 85 25 22 25 17 36 30
3490 23 35 31 21 115 41 24 22 25 16 36 30
3491 23 32 25 15 143 21 23 20 23 1 36 29
3492 23 42 37 28 96 82 23 29 30 21 35 30
3493 23 31 24 21 103 1 25 33 25 28 36 29
3494 24 34 32 29 95 113 24 35 30 30 36 30
3495 23 28 29 39 100 1 18 31 28 19 35 30
3496 23 34 28 35 72 64 18 32 22 11 36 30
3497 23 33 32 24 218 22 27 30 29 20 35 30
3498 24 29 26 25 74 79 25 16 25 3 36 30
3499 24 36 41 38 124 1 26 20 28 20 36 30
3500 23 33 16 7 98 1 21 29 23 11 36 30
3501 24 40 47 37 99 80 22 30 21 11 36 30
3502 24 31 20 12 88 43 26 31 28 6 36 30
3503 23 30 27 29 157 36 29 21 30 26 36 30
3504 24 36 28 30 131 69 24 37 22 38 36 30
3505 23 23 13 30 106 1 20 28 23 20 35 30
3506 24 29 23 28 99 1 21 18 24 18 35 30
3507 24 32 32 24 109 1 25 23 34 31 36 30
3508 24 33 37 37 56 71 28 24 29 16 36 30
3509 24 36 36 17 100 1 27 30 29 12 36 30
3510 24 39 47 37 63 75 25 33 31 20 36 30
3511 24 33 20 24 89 1 25 32 28 31 36 30
3512 24 46 51 25 155 64 27 43 30 36 36 30
3513 24 43 36 29 77 65 26 24 31 29 36 30
3514 24 30 13 15 59 1 23 25 19 14 36 30
3515 23 31 36 33 64 6 22 47 27 12 36 30
3516 24 37 22 29 157 8 23 37 26 38 36 30
3517 23 35 33 17 78 93 27 30 34 9 36 30
3518 24 35 29 18 84 1 22 33 30 12 35 30
3519 24 29 34 35 67 46 27 27 26 18 36 30
3520 23 393 37 106 162 61 36 27 23 10 36 29
3521 23 42 41 40 76 67 23 31 30 41 36 30
3522 24 39 35 20 96 67 25 27 26 12 36 29
3523 24 34 29 15 136 66 25 23 30 5 36 30
3524 24 31 33 35 161 1 23 19 26 17 36 30
3525 23 27 19 20 100 47 25 26 32 14 36 30
3526 24 34 43 40 151 1 24 38 25 35 36 30
3527 23 31 28 25 71 1 19 21 27 21 35 30
3528 24 44 49 26 108 43 30 23 27 24 36 30
3529 24 34 25 29 132 23 25 23 28 8 35 30
3530 24 25 26 34 89 42 24 50 22 8 36 29
3531 23 32 19 31 170 1 30 44 22 34 36 30
3532 24 38 32 24 65 1 25 25 29 15 36 30
3533 24 36 30 27 125 1 26 32 38 17 36 30
3534 24 35 33 17 160 15 28 35 39 28 36 30
3535 24 43 53 34 109 1 26 1 27 27 36 30
3536 24 40 39 37 64 68 25 26 35 22 36 30
3537 24 29 28 34 55 1 19 30 26 33 36 30
3538 23 26 21 31 103 8 25 32 30 6 36 30
3539 24 33 29 25 68 24 27 6 42 28 36 30
3540 23 34 20 17 79 1 26 13 31 21 35 29
3541 23 29 20 22 113 8 27 28 32 8 35 30
3542 23 28 14 14 124 1 19 18 30 9 35 29
3543 23 34 32 35 56 63 31 24 41 31 36 30
3544 24 38 36 28 84 105 23 31 33 19 36 30
3545 23 32 34 33 56 2 24 32 31 36 36 30
3546 24 36 26 23 81 1 24 28 23 20 36 30
3547 23 27 37 34 96 83 25 28 31 1 36 30
3548 23 30 24 35 80 34 25 35 30 8 36 30
3549 24 31 26 33 90 1 22 33 26 21 36 30
3550 23 33 35 41 69 27 28 35 31 37 36 30
3551 23 44 34 18 465 45 22 28 24 28 36 30
3552 24 34 27 16 76 106 23 34 31 12 36 30
3553 23 26 23 36 156 38 29 28 31 22 36 30
3554 24 40 39 28 87 104 28 41 33 37 36 30
3555 23 35 39 43 101 1 25 34 25 30 36 30
3556 23 30 23 16 217 1 25 27 32 24 35 29
3557 24 28 36 42 123 9 25 35 26 22 35 30
3558 24 36 32 25 108 45 18 26 30 33 36 30
3559 23 20 13 34 101 6 19 35 24 27 36 29
3560 24 33 36 27 139 64 27 31 39 16 36 30
3561 24 45 43 18 149 109 23 32 26 8 36 29
3562 23 46 42 23 60 49 25 21 25 28 36 30
3563 24 33 23 19 340 69 30 29 33 21 36 30
3564 24 30 28 33 109 53 24 26 29 16 36 30
3565 24 32 26 24 67 58 21 23 23 14 36 30
3566 23 30 34 27 293 1 18 19 30 17 36 30
3567 24 39 31 31 72 14 28 41 33 38 36 30
3568 23 30 29 34 105 47 22 38 29 13 35 29
3569 24 32 36 35 162 45 26 27 33 22 36 30
3570 23 36 42 28 142 70 24 20 25 12 36 30
3571 24 30 34 43 84 16 25 27 31 25 36 30
3572 23 43 49 41 124 1 19 44 24 36 36 30
3573 23 32 28 35 46 19 26 32 32 30 36 30
3574 24 47 44 30 90 94 24 31 22 30 36 30
3575 24 34 41 34 49 36 24 29 24 18 36 30
3576 24 31 33 37 96 60 25 38 32 11 36 30
3577 24 41 40 35 94 1 28 32 27 30 36 30
3578 24 35 35 38 76 134 26 30 36 23 36 30
3579 23 39 24 20 94 35 20 37 27 27 36 30
3580 24 29 28 27 149 46 22 25 31 19 35 30
3581 24 38 35 30 117 37 23 35 22 20 36 30
3582 24 39 42 28 79 67 27 24 26 18 36 30
3583 23 34 21 10 78 70 22 20 21 18 36 30
3584 24 34 28 38 89 25 37 28 30 29 36 30
3585 23 35 36 30 157 1 24 40 32 21 36 30
3586 23 29 22 21 93 1 24 26 30 11 35 29
3587 23 36 35 16 90 20 24 20 30 14 36 29
3588 24 38 38 22 78 101 25 18 36 13 36 30
3589 23 32 29 36 91 51 26 1 37 25 35 30
3590 23 36 40 21 205 44 28 34 31 8 36 29
3591 23 27 32 44 101 46 23 33 31 20 35 30
3592 23 32 34 21 188 1 23 27 28 11 36 30
3593 24 32 26 24 120 30 25 19 30 14 36 30
3594 24 33 31 27 77 1 23 35 29 21 36 30
3595 23 36 27 20 95 29 23 31 26 15 35 29
3596 24 40 39 34 125 72 26 35 30 34 36 30
3597 23 35 34 17 130 76 24 32 30 5 36 29
3598 23 32 27 28 104 60 28 36 27 21 35 29
3599 23 28 18 25 180 25 29 16 27 14 35 30
3600 24 23 24 32 65 1 22 1 24 12 36 30
3601 24 37 25 17 57 1 24 42 26 24 36 30
3602 24 31 34 28 117 30 25 28 32 19 36 30
3603 24 46 48 28 144 79 27 41 33 27 36 30
3604 23 33 34 42 167 80 20 23 32 12 36 30
3605 24 31 29 34 139 8 25 36 27 31 36 29
3606 23 35 40 39 131 71 28 28 27 25 36 30
3607 23 28 26 29 114 1 32 34 29 25 35 30
3608 24 38 28 13 108 68 28 30 35 21 35 30
3609 24 39 34 13 387 31 19 24 27 16 36 30
3610 23 37 27 19 69 69 29 27 30 26 36 30
3611 23 34 18 26 138 12 28 45 29 21 36 30
3612 24 34 40 42 108 43 25 35 32 36 36 30
3613 23 32 32 28 142 1 23 33 26 19 36 30
3614 23 37 30 34 84 35 24 32 24 25 36 30
3615 24 37 30 29 57 43 23 30 30 31 36 30
3616 23 31 25 29 270 52 23 22 28 11 36 30
3617 24 30 29 33 161 26 28 43 25 11 36 30
3618 24 39 33 26 89 17 30 33 31 31 36 30
3619 24 33 42 45 117 2 24 45 22 18 36 30
3620 23 49 45 11 130 1 20 26 30 28 36 30
3621 24 37 29 15 150 1 24 1 32 9 36 30
3622 24 29 28 35 66 28 30 29 26 14 36 30
3623 23 41 53 48 102 123 22 1 34 25 36 30
3624 24 33 36 48 157 100 24 31 38 22 36 30
3625 24 31 27 26 90 1 25 33 31 6 36 30
3626 23 29 22 25 494 43 25 26 28 32 36 30
3627 24 41 40 38 205 61 24 39 29 28 36 30
3628 24 48 47 27 100 69 21 25 27 36 36 30
3629 23 30 24 35 111 46 28 18 42 32 36 30
3630 23 26 20 27 256 32 21 27 31 8 35 30
3631 24 34 26 30 96 1 27 41 32 21 36 30
3632 23 29 17 21 88 1 21 31 27 26 35 29
3633 24 40 43 39 151 24 29 42 34 38 36 30
3634 24 32 32 28 74 17 25 38 31 21 36 30
3635 23 36 39 35 169 21 25 30 36 33 36 30
3636 23 34 29 20 201 1 20 22 23 21 35 29
3637 24 33 24 14 113 10 25 24 30 18 35 30
3638 24 44 33 32 81 1 27 43 36 44 36 30
3639 23 33 28 19 126 89 31 27 30 13 36 30
3640 24 36 41 32 163 52 22 30 30 13 36 30
3641 24 39 49 33 72 1 26 31 32 14 36 30
3642 24 27 37 36 66 36 32 23 32 9 36 30
3643 23 40 35 31 107 7 26 38 37 46 36 30
3644 23 31 28 30 157 29 25 31 28 22 35 30
3645 24 31 26 32 69 22 23 35 26 30 36 30
3646 23 31 30 27 71 42 23 26 32 17 36 30
3647 23 36 25 23 173 12 26 23 26 8 35 29
3648 24 35 28 25 115 1 26 30 29 27 36 30
3649 24 39 49 47 142 89 24 47 32 30 36 30
3650 23 32 22 26 107 22 28 33 33 39 36 29
3651 23 40 47 35 66 73 20 35 30 24 36 30
3652 23 42 39 35 54 35 22 34 29 36 36 30
3653 23 28 35 25 98 41 31 20 30 4 36 30
3654 24 28 9 16 93 1 26 19 26 9 36 30
3655 24 42 37 19 117 33 24 35 31 25 36 30
3656 24 34 26 30 143 45 24 40 22 18 36 30
3657 24 31 34 41 187 42 26 38 33 39 36 30
3658 23 40 48 40 183 16 26 31 33 40 36 30
3659 23 28 33 44 129 1 25 35 32 13 36 30
3660 23 28 21 6 70 8 20 26 31 3 36 29
3661 24 26 24 16 108 30 27 27 36 7 35 30
3662 24 31 26 30 55 1 24 33 31 27 36 30
3663 23 28 15 24 156 43 23 35 29 22 35 30
3664 23 38 38 32 245 26 25 15 28 29 36 30
3665 23 35 28 18 124 1 24 12 23 28 36 30
3666 23 40 51 34 158 1 21 35 25 20 36 30
3667 24 32 32 37 86 1 25 38 26 16 36 30
3668 23 29 27 29 119 1 22 29 31 33 36 30
3669 23 37 30 30 95 52 27 32 39 26 36 30
3670 24 23 18 31 80 1 20 24 27 9 36 29
3671 23 31 30 25 189 15 21 28 27 26 36 30
3672 23 39 42 30 110 29 28 30 32 27 36 30
3673 24 35 28 21 88 1 18 32 30 26 35 29
3674 24 41 38 34 92 1 30 29 29 14 36 30
3675 23 26 14 20 119 1 24 48 36 15 36 30
3676 23 35 36 25 69 51 23 31 28 1 36 30
3677 24 35 43 37 60 84 23 22 34 26 36 30
3678 24 33 33 36 76 8 21 37 24 38 36 30
3679 23 33 21 21 89 1 31 33 32 25 35 29
3680 23 34 42 30 65 57 25 36 37 28 36 30
3681 23 28 15 26 47 16 27 32 9 19 36 30
3682 23 27 11 6 134 1 22 45 27 14 35 30
3683 23 31 28 27 135 66 30 26 28 5 36 30
3684 23 32 25 24 58 65 27 30 24 22 35 30
3685 24 40 33 31 247 1 28 35 31 33 36 30
3686 23 44 31 36 115 73 25 40 27 31 36 30
3687 23 27 16 31 59 22 21 36 35 40 36 29
3688 23 30 23 15 59 1 18 25 31 4 35 30
3689 23 31 29 29 97 1 24 23 33 16 35 29
3690 24 38 35 24 73 54 25 29 27 23 36 30
3691 24 29 24 22 102 1 22 1 34 7 35 30
3692 24 39 36 13 82 29 25 35 36 26 36 30
3693 24 36 39 36 78 109 29 30 36 24 36 30
3694 23 37 42 29 85 28 24 37 40 25 36 30
3695 23 30 40 35 77 1 23 27 29 13 36 30
3696 24 38 31 30 91 1 29 34 27 32 36 30
3697 24 34 32 38 75 12 27 45 34 41 36 30
3698 23 38 44 36 322 51 21 38 29 26 35 29
3699 23 32 38 42 92 46 30 34 31 32 36 30
3700 23 34 28 27 94 24 28 44 32 31 36 30
3701 24 29 36 38 89 62 26 27 29 26 36 30
3702 24 27 24 25 87 27 27 33 32 32 36 30
3703 23 37 42 38 249 14 22 36 33 26 36 30
3704 23 37 38 32 64 10 20 23 28 16 36 30
3705 24 36 36 47 132 43 25 36 30 46 37 30
3706 23 34 26 30 88 44 25 23 31 41 36 30
3707 24 34 22 15 144 1 19 27 32 8 36 30
3708 23 29 24 31 76 1 22 32 34 24 35 30
3709 23 39 44 23 77 118 24 21 26 5 36 30
3710 23 30 19 20 161 3 32 31 31 23 35 30
3711 23 35 26 22 70 17 29 5 33 16 36 30
3712 24 30 11 9 269 1 21 17 31 1 36 30
3713 23 29 22 12 95 1 29 14 25 3 36 29
3714 24 36 47 45 65 1 27 28 36 31 36 30
3715 24 30 22 15 86 71 22 27 32 7 36 30
3716 24 35 37 23 80 94 24 22 27 1 36 29
3717 23 24 14 19 95 1 15 25 22 2 36 29
3718 23 35 36 41 52 31 28 29 27 33 36 30
3719 23 40 41 29 188 87 31 19 31 35 36 30
3720 23 39 42 44 87 74 25 36 36 27 36 30
3721 23 28 19 29 125 1 22 32 31 41 36 30
3722 23 36 34 27 139 34 24 28 24 27 36 30
3723 23 22 13 36 43 75 23 13 18 21 35 29
3724 24 38 37 37 98 4 26 33 28 44 36 30
3725 23 28 26 20 96 18 24 29 34 11 35 30
3726 23 45 41 16 137 62 22 30 30 23 36 30
3727 24 38 44 35 113 88 26 28 33 16 36 30
3728 23 54 64 38 124 73 25 32 33 44 36 30
3729 23 29 24 32 59 58 20 15 17 8 36 30
3730 23 37 35 32 198 15 21 43 29 39 36 30
3731 23 28 21 26 58 4 24 27 28 21 35 30
3732 23 34 21 21 105 17 24 32 29 38 36 29
3733 24 40 29 17 86 1 27 24 25 36 36 30
3734 24 38 39 19 252 30 27 24 32 7 36 30
3735 23 29 26 31 52 31 74 9 24 18 36 30
3736 23 39 32 22 106 58 31 30 32 9 36 29
3737 23 35 42 25 82 81 19 24 33 21 36 30
3738 23 39 24 10 78 53 25 40 24 28 36 30
3739 23 33 25 37 52 106 17 29 32 38 36 30
3740 23 37 34 22 169 29 24 33 27 22 36 30
3741 23 35 27 7 222 37 27 24 33 3 36 30
3742 24 38 23 11 80 1 23 35 21 17 36 30
3743 23 34 39 32 109 17 22 26 24 36 36 30
3744 24 37 38 20 92 30 25 21 30 1 36 30
3745 23 44 44 44 74 55 26 1 35 23 35 29
3746 24 35 29 25 115 2 21 22 31 17 36 30
3747 23 34 45 45 119 1 29 33 34 37 36 30
3748 23 30 32 22 144 102 25 30 31 2 36 29
3749 23 31 25 17 210 1 25 18 30 22 35 30
3750 24 32 28 31 173 69 29 40 30 27 36 30
3751 24 34 29 30 148 1 27 40 33 40 36 30
3752 23 42 37 30 99 19 23 26 28 33 36 30
3753 24 38 32 25 105 71 22 43 24 23 36 30
3754 24 35 26 10 67 1 24 23 29 4 36 30
3755 23 31 19 31 181 1 29 37 37 31 36 30
3756 24 35 26 15 87 33 35 25 26 7 36 30
3757 24 41 45 27 93 23 18 44 21 19 36 30
3758 23 19 29 42 100 1 18 22 25 1 36 29
3759 23 31 27 15 105 52 24 22 37 5 36 30
3760 23 37 40 33 63 1 26 28 28 16 36 30
3761 24 35 30 22 62 46 24 26 28 19 36 30
3762 24 41 31 18 105 14 23 21 30 28 36 30
3763 23 34 29 29 124 1 23 44 27 31 36 30
3764 24 53 50 38 55 117 27 32 30 45 36 30
3765 24 39 35 26 93 65 20 25 31 23 36 30
3766 24 39 41 29 91 52 24 25 37 31 36 30
3767 24 36 19 16 117 2 25 43 21 28 36 30
3768 24 32 28 37 128 37 29 31 29 33 36 30
3769 24 33 29 27 74 8 28 33 33 21 35 30
3770 24 37 32 35 158 1 27 28 25 35 36 30
3771 23 23 26 29 179 1 31 29 37 25 35 29
3772 24 34 28 17 142 1 21 27 30 24 36 30
3773 23 25 24 29 151 5 20 29 21 12 35 30
3774 23 25 18 16 54 26 22 19 29 13 35 29
3775 24 32 23 23 112 1 24 31 25 12 36 30
3776 24 26 26 44 51 17 23 25 24 18 35 30
3777 23 27 9 15 119 1 26 23 30 13 36 30
3778 24 28 10 20 91 32 20 22 24 5 35 30
3779 23 36 30 27 470 1 21 29 22 25 36 30
3780 23 35 34 22 73 1 22 37 30 15 36 30
3781 23 45 40 24 90 22 20 21 20 7 36 30
3782 24 33 39 39 148 41 28 25 33 34 36 30
3783 23 32 24 21 102 19 24 29 27 15 35 29
3784 23 34 25 11 109 1 23 26 37 6 35 29
3785 23 25 24 33 102 71 30 25 25 1 35 29
3786 23 34 34 22 98 1 24 28 37 20 36 29
3787 23 40 39 23 81 24 30 32 36 18 36 30
3788 23 34 27 31 62 1 24 20 37 25 35 29
3789 23 33 28 34 79 20 20 34 33 32 36 29
3790 24 30 31 45 100 61 27 31 33 28 36 30
3791 24 37 43 34 207 75 26 43 28 14 36 30
3792 23 38 45 48 59 51 24 39 28 31 36 30
3793 23 35 40 36 186 1 24 35 33 28 36 30
3794 23 44 31 13 105 1 20 29 26 34 36 29
3795 23 26 28 34 114 1 21 38 25 13 35 30
3796 23 29 24 34 134 19 22 25 44 15 35 30
3797 23 27 32 31 85 46 21 18 24 15 36 29
3798 23 45 44 28 96 95 24 27 34 43 36 29
3799 23 35 25 15 91 43 24 15 31 18 36 30
3800 23 35 28 18 177 80 18 25 25 11 36 30
3801 23 34 42 31 108 1 26 21 35 25 36 29
3802 24 36 26 17 73 1 27 29 29 19 35 30
3803 24 48 33 20 132 81 28 27 26 23 36 30
3804 24 39 37 31 190 67 24 17 32 31 36 30
3805 23 32 38 31 104 83 26 18 28 24 36 30
3806 24 34 31 33 186 1 28 30 34 33 36 30
3807 24 30 34 32 74 71 17 41 35 17 36 30
3808 23 34 26 18 119 63 25 36 33 31 36 29
3809 23 33 32 31 122 60 27 23 33 21 36 30
3810 23 35 29 27 162 20 20 32 31 23 36 30
3811 23 19 17 31 106 1 22 31 28 23 35 29
3812 23 38 22 11 178 9 27 38 32 26 36 29
3813 23 45 34 24 162 36 20 17 22 41 36 29
3814 23 34 33 36 88 67 20 1 30 12 35 30
3815 23 35 30 24 103 1 28 1 38 21 35 29
3816 23 23 30 37 76 72 24 29 31 6 35 29
3817 23 29 21 16 109 1 24 31 27 11 36 30
3818 23 38 36 37 142 60 24 21 28 16 36 30
3819 24 27 18 26 85 24 23 32 29 19 36 30
3820 24 31 27 35 86 54 27 26 26 27 36 30
3821 24 38 31 18 205 56 29 29 30 23 36 30
3822 23 37 31 20 156 47 31 22 34 9 36 30
3823 24 32 33 25 63 63 21 25 28 12 36 30
3824 23 29 21 23 60 37 25 27 30 13 35 30
3825 24 38 37 22 167 40 25 30 29 19 36 30
3826 24 34 39 39 151 67 23 29 32 37 36 30
3827 23 39 38 20 145 80 22 20 29 13 36 29
3828 24 37 31 20 91 88 26 37 32 30 36 30
3829 24 33 35 36 121 64 22 33 29 25 36 30
3830 24 35 35 26 103 1 29 27 30 31 36 30
3831 23 32 29 31 101 48 19 27 23 8 36 29
3832 24 35 31 12 279 1 23 21 32 8 36 30
3833 23 37 35 39 93 23 27 23 30 31 36 30
3834 23 34 31 29 58 20 31 27 25 33 36 30
3835 24 38 42 22 104 3 23 26 25 33 36 30
3836 24 32 27 23 68 1 21 34 27 17 36 30
3837 23 38 36 19 156 127 23 19 32 17 36 30
3838 24 32 30 37 67 54 25 32 31 24 36 30
3839 24 40 33 29 97 1 23 33 26 31 36 30
3840 23 38 48 41 96 104 31 35 38 29 36 30
3841 23 33 30 22 224 112 20 19 31 23 35 30
3842 23 43 65 24 124 1 24 23 33 25 35 30
3843 24 38 39 36 93 65 26 29 31 29 36 30
3844 23 32 22 24 89 4 22 30 27 11 35 29
3845 23 28 25 34 79 20 25 30 30 24 35 30
3846 23 35 30 27 119 30 27 32 29 22 36 30
3847 23 39 40 30 66 43 24 29 30 14 35 29
3848 24 29 24 29 162 21 25 44 31 19 35 29
3849 23 34 29 25 327 21 27 31 24 28 35 29
3850 23 25 17 24 100 7 27 42 30 23 35 29
3851 24 27 26 33 66 1 22 21 25 21 35 29
3852 24 33 26 29 128 1 20 1 25 7 35 30
3853 23 40 34 30 106 1 25 32 25 11 36 30
3854 23 31 26 34 80 1 22 37 28 19 35 30
3855 23 30 25 33 74 1 25 31 30 22 35 29
3856 24 41 40 43 79 27 27 31 29 39 36 30
3857 23 31 20 17 77 17 26 22 32 9 36 29
3858 23 28 35 49 116 44 25 8 28 17 35 29
3859 23 33 28 25 161 1 24 30 36 13 35 30
3860 23 35 20 21 192 1 28 37 40 24 36 29
3861 23 42 38 16 122 30 24 26 26 33 36 29
3862 23 35 38 39 219 39 28 24 21 35 36 30
3863 23 83 32 228 132 161 21 34 65 29 36 30
3864 23 31 31 45 89 21 24 14 32 28 36 30
3865 23 29 33 40 154 102 28 27 35 15 36 30
3866 23 34 29 31 60 39 26 29 24 29 36 30
3867 23 35 35 33 58 2 25 32 28 29 36 30
3868 23 36 25 17 150 1 25 30 35 12 35 29
3869 23 48 30 7 84 10 22 26 31 21 35 30
3870 24 31 30 26 86 63 21 25 26 13 36 30
3871 24 38 33 36 94 39 28 28 25 33 36 30
3872 24 36 36 24 98 1 23 34 30 24 36 29
3873 23 42 36 39 80 1 25 35 30 34 36 30
3874 23 27 29 29 96 40 19 26 32 14 35 30
3875 23 24 29 36 106 93 23 38 36 15 35 29
3876 24 38 32 25 99 57 23 26 33 18 36 30
3877 23 27 12 24 112 1 17 30 26 26 35 30
3878 24 38 41 18 111 9 31 28 32 22 36 30
3879 23 32 32 22 105 19 23 27 28 31 36 30
3880 23 38 46 31 133 40 22 37 33 33 36 30
3881 24 33 49 46 87 19 21 27 24 21 35 30
3882 23 26 23 36 90 48 29 39 39 27 36 29
3883 23 32 31 34 93 6 18 34 30 29 36 29
3884 24 39 45 31 94 107 27 23 30 19 36 30
3885 23 38 44 48 61 88 24 27 25 34 36 30
3886 23 36 29 20 124 2 28 34 31 22 36 30
3887 23 28 21 35 99 13 24 34 27 30 36 30
3888 23 33 27 27 285 19 19 28 32 24 36 30
3889 23 37 28 24 259 18 25 32 33 21 35 30
3890 24 29 22 11 72 1 28 30 29 1 35 30
3891 23 33 32 35 112 16 24 29 24 21 36 30
3892 23 30 23 22 221 1 27 34 26 6 35 30
3893 24 40 39 23 85 87 19 28 40 21 36 30
3894 23 41 48 28 65 72 22 25 29 15 36 30
3895 23 33 22 25 114 30 18 26 28 14 36 30
3896 24 33 28 30 82 1 27 40 27 14 36 30
3897 23 32 32 22 108 113 24 26 29 6 36 30
3898 23 34 33 30 106 29 22 27 38 12 36 30
3899 23 35 31 23 111 1 166 25 18 11 35 30
3900 23 31 21 20 248 64 30 24 30 11 36 29
3901 24 26 25 42 56 6 31 41 35 28 36 30
3902 23 28 18 25 73 4 24 26 29 18 35 29
3903 24 38 33 25 90 102 23 20 27 12 36 30
3904 23 28 32 43 93 27 21 20 26 6 36 29
3905 23 33 40 24 99 1 19 22 25 12 35 29
3906 24 39 43 33 103 1 25 25 34 30 36 30
3907 24 42 41 19 97 16 28 38 30 23 36 30
3908 24 36 31 36 74 1 25 32 29 20 35 30
3909 24 34 32 15 132 1 25 26 35 17 35 29
3910 23 33 34 28 69 1 25 32 27 11 36 29
3911 23 29 30 35 45 20 26 18 30 10 35 29
3912 23 37 21 13 269 27 20 15 19 21 35 29
3913 23 38 37 34 92 1 24 20 30 12 36 30
3914 24 39 44 28 79 56 27 29 38 15 36 30
3915 24 40 41 43 127 27 30 31 32 32 36 30
3916 23 33 27 27 130 2 25 22 33 21 35 30
3917 23 38 30 13 76 23 25 24 34 16 35 29
3918 23 31 23 20 69 27 24 27 35 11 36 29
3919 24 37 33 21 68 5 28 20 30 19 36 30
3920 24 40 41 35 308 49 28 31 37 32 36 30
3921 23 45 55 37 115 9 22 31 37 33 36 30
3922 23 32 27 10 106 54 22 28 29 4 35 29
3923 23 29 30 24 76 1 26 38 32 23 35 30
3924 23 38 35 20 62 1 22 31 23 30 36 29
3925 24 30 30 37 72 27 27 32 33 22 35 30
3926 24 37 42 35 116 71 26 1 34 17 36 30
3927 23 26 20 38 96 13 31 29 35 23 35 29
3928 23 47 46 21 197 71 31 30 41 35 36 30
3929 23 32 37 36 63 1 22 28 34 28 36 30
3930 23 40 27 21 159 1 23 30 25 29 36 29
3931 23 22 14 32 101 17 24 26 28 5 36 29
3932 24 31 30 25 123 1 24 31 31 9 36 30
3933 23 22 25 32 65 1 26 31 21 11 35 30
3934 23 30 23 29 119 1 29 28 26 24 35 30
3935 23 40 37 33 50 1 22 32 26 35 36 30
3936 24 35 42 39 126 73 24 35 33 21 36 30
3937 23 29 31 40 77 13 26 34 23 8 36 30
3938 23 26 25 27 120 1 24 27 26 14 35 30
3939 23 32 25 17 120 16 25 29 27 7 36 29
3940 23 41 46 42 93 57 26 28 37 38 36 30
3941 24 37 42 39 313 1 28 41 38 38 36 30
3942 24 38 37 27 138 29 24 27 29 30 36 30
3943 23 25 21 29 95 36 28 26 28 25 35 29
3944 24 36 34 34 83 10 22 37 28 34 36 30
3945 23 33 35 41 50 82 21 25 28 35 36 30
3946 23 38 30 33 150 15 24 26 26 13 36 29
3947 23 30 19 23 89 14 19 38 25 21 35 29
3948 23 43 32 27 56 8 27 25 24 27 36 30
3949 23 33 33 34 96 37 27 46 25 22 36 30
3950 23 35 37 35 116 1 24 26 33 36 36 30
3951 23 27 27 31 111 1 24 29 33 30 36 30
3952 23 26 31 36 73 19 26 24 32 28 36 30
3953 23 31 29 37 93 16 20 33 27 31 36 29
3954 24 30 28 26 132 1 22 27 28 33 36 30
3955 23 31 34 33 130 44 23 19 36 21 36 30
3956 24 40 43 23 306 1 26 28 32 37 36 30
3957 23 22 9 25 118 1 15 16 25 12 35 29
3958 24 23 12 14 56 1 23 28 35 13 35 30
3959 24 36 36 24 67 59 24 23 32 16 36 30
3960 24 34 25 17 60 38 26 29 32 22 36 30
3961 23 36 35 29 98 31 24 24 30 25 35 30
3962 24 36 32 32 62 54 27 33 33 12 36 30
3963 23 29 16 5 84 2 21 26 24 4 35 29
3964 23 25 31 44 58 34 29 22 28 18 36 30
3965 23 36 45 29 115 59 24 28 26 12 36 30
3966 23 37 30 23 105 9 22 20 29 6 36 30
3967 23 25 16 30 55 29 25 39 29 13 35 29
3968 24 31 35 40 111 37 24 35 32 38 36 30
3969 23 38 36 27 104 56 27 28 32 17 36 29
3970 24 31 37 38 216 34 25 13 30 23 36 29
3971 23 31 29 33 164 1 27 26 30 17 35 29
3972 24 28 16 25 82 15 28 1 31 18 35 29
3973 23 46 50 33 66 137 28 49 33 28 36 30
3974 24 41 47 34 94 22 29 1 32 28 36 30
3975 23 33 27 22 156 1 30 31 26 20 35 30
3976 24 43 40 31 58 31 25 30 28 30 36 30
3977 23 35 40 20 113 67 23 36 31 22 36 30
3978 23 45 57 39 175 34 22 43 32 28 36 30
3979 23 24 11 23 65 1 21 26 21 22 35 29
3980 24 25 20 23 49 42 20 19 32 4 36 29
3981 23 39 41 27 68 65 26 25 34 17 36 30
3982 23 31 31 35 110 4 24 34 25 18 36 30
3983 23 32 15 17 78 1 27 31 34 24 35 30
3984 23 30 29 40 117 1 25 40 32 17 35 30
3985 23 30 25 27 172 1 24 31 36 23 35 30
3986 24 36 40 36 86 1 19 37 27 32 36 30
3987 23 30 20 19 123 23 28 24 34 1 36 29
3988 24 39 38 27 71 10 25 20 31 23 36 30
3989 23 32 30 24 86 4 25 28 30 19 36 30
3990 23 27 35 39 91 90 25 37 24 12 36 30
3991 23 36 38 20 102 41 23 15 26 1 36 30
3992 24 33 31 40 64 1 27 34 33 36 36 30
3993 23 33 30 40 96 1 26 31 31 39 36 30
3994 24 31 31 31 95 21 25 29 32 25 36 30
3995 23 27 30 35 114 4 21 29 26 4 36 29
3996 23 32 27 22 102 22 25 1 41 31 36 29
3997 23 35 27 26 88 1 25 35 33 37 36 30
3998 24 30 26 42 50 1 21 27 18 14 36 30
3999 24 45 51 34 121 56 24 22 34 29 36 30
4000 23 34 28 20 69 16 29 20 29 23 36 30
4001 23 29 22 24 121 1 23 29 30 17 35 30
4002 24 36 44 43 83 1 24 48 35 41 36 30
4003 24 35 38 25 105 35 24 26 29 16 36 30
4004 23 42 38 22 143 74 27 34 19 18 36 30
4005 24 36 27 27 81 13 32 36 41 40 36 30
4006 23 30 32 27 55 50 25 25 27 24 35 30
4007 24 45 28 18 89 1 25 16 22 18 35 29
4008 23 45 44 26 62 48 30 25 35 43 36 30
4009 23 34 42 35 211 1 24 35 28 11 36 30
4010 24 43 31 15 59 1 25 1 26 33 36 30
4011 24 40 36 29 90 24 28 22 25 15 36 30
4012 24 38 33 27 70 77 22 31 29 15 36 30
4013 24 34 31 26 90 29 25 28 36 30 36 30
4014 24 33 28 34 71 1 27 42 32 26 36 30
4015 24 35 35 25 99 51 21 26 25 5 36 30
4016 24 37 34 25 93 62 27 37 28 12 36 30
4017 23 33 32 20 228 39 25 29 29 5 36 30
4018 24 31 31 35 41 21 30 35 25 32 36 30
4019 23 24 13 19 134 1 18 29 24 8 36 30
4020 23 27 19 26 380 97 20 32 23 1 36 30
4021 24 37 35 20 258 1 22 17 25 19 36 30
4022 23 44 45 20 192 143 21 26 30 18 35 30
4023 23 37 37 39 132 21 24 31 25 39 36 30
4024 23 30 24 32 141 29 28 30 32 19 36 30
4025 23 30 35 33 134 34 22 28 28 14 35 29
4026 23 40 30 26 118 70 24 23 28 15 35 29
4027 23 32 29 22 56 40 21 26 31 4 35 29
4028 23 31 29 34 129 39 33 25 23 19 35 29
4029 23 36 33 26 104 6 18 35 29 20 35 29
4030 23 28 25 33 108 1 26 35 32 33 36 30
4031 23 35 35 27 66 31 26 50 37 29 36 29
4032 23 30 37 46 67 50 31 37 35 26 36 29
4033 23 31 19 30 88 79 26 35 31 35 36 30
4034 23 41 36 26 189 1 23 30 27 35 36 29
4035 23 38 42 28 105 32 25 29 36 37 36 30
4036 23 34 35 31 122 6 25 24 31 28 36 29
4037 23 31 33 37 60 98 16 27 26 9 36 29
4038 23 35 37 37 161 86 50 29 30 29 36 29
4039 23 48 43 30 138 12 23 24 34 27 36 29
4040 23 41 39 24 169 71 26 22 29 22 35 29
4041 23 44 40 35 115 75 24 28 36 46 36 29
4042 23 36 33 39 55 84 30 1 32 34 36 29
4043 23 32 22 19 98 57 27 36 33 23 36 30
4044 23 30 27 22 82 1 26 41 27 19 35 30
4045 23 39 28 3 138 17 28 33 30 29 36 30
4046 23 48 48 34 102 42 22 41 35 35 36 30
4047 23 49 39 25 138 101 25 38 32 34 36 30
4048 23 33 28 35 62 98 26 31 32 27 36 30
4049 23 30 34 42 68 4 24 24 29 13 36 29
4050 23 27 29 31 54 73 17 41 32 20 35 29
4051 23 38 33 25 85 53 20 46 27 13 35 29
4052 23 36 36 13 65 65 22 16 22 2 35 29
4053 23 37 37 26 58 81 23 30 32 31 36 30
4054 23 29 33 24 123 1 22 17 27 20 35 29
4055 23 36 37 25 86 44 25 26 30 17 35 29
4056 23 46 43 16 257 41 27 23 29 23 35 29
4057 23 29 26 30 65 54 21 20 20 10 35 29
4058 23 25 23 24 120 38 24 26 27 3 35 29
4059 23 33 28 33 73 1 21 26 27 24 35 30
4060 23 45 42 16 65 25 29 26 33 30 36 30
4061 23 42 43 31 101 61 23 23 27 26 36 30
4062 23 42 44 45 171 121 25 33 28 28 36 30
4063 23 25 23 22 90 1 23 28 26 1 35 29
4064 23 29 33 38 56 46 26 36 30 16 35 30
4065 23 39 46 39 71 102 24 29 20 12 36 29
4066 24 40 40 22 75 75 24 20 36 11 36 30
4067 23 48 56 26 322 102 25 25 39 30 36 29
4068 23 36 28 22 89 7 23 32 28 24 35 30
4069 23 34 33 22 60 60 25 31 31 10 36 29
4070 23 29 27 22 135 38 26 21 32 1 35 29
4071 23 36 34 32 71 18 22 21 26 16 36 30
4072 23 24 22 36 125 1 20 28 23 18 35 29
4073 23 27 27 33 109 1 23 22 32 17 35 29
4074 23 46 37 19 95 1 23 41 24 33 36 29
4075 23 23 22 34 55 57 23 32 33 18 35 29
4076 23 24 16 24 81 1 23 31 27 22 35 29
4077 23 21 21 34 56 1 24 36 25 8 35 29
4078 23 37 26 19 529 1 26 29 33 27 36 30
4079 23 35 39 26 111 16 24 25 32 22 35 29
4080 24 29 32 37 98 54 34 21 38 25 35 30
4081 23 37 36 19 91 32 25 33 31 18 36 30
4082 23 32 26 38 96 8 24 33 34 30 36 30
4083 23 38 31 22 56 24 22 32 26 25 35 29
4084 23 37 46 38 120 62 23 28 35 12 36 29
4085 23 41 48 29 135 58 24 23 38 28 36 30
4086 23 34 36 30 66 1 26 30 30 29 36 30
4087 23 30 15 20 152 1 18 1 31 1 35 29
4088 23 41 38 29 65 20 24 24 32 22 35 29
4089 23 31 29 21 72 1 24 45 31 12 35 29
4090 23 34 35 27 95 3 22 26 35 28 35 29
4091 24 38 38 42 88 1 25 40 30 36 36 29
4092 24 39 34 23 69 1 24 40 24 23 36 29
4093 23 39 43 31 156 71 27 39 22 25 35 29
4094 23 39 49 31 194 89 23 18 26 27 36 29
4095 23 30 31 37 230 1 16 1 42 24 35 29
4096 23 35 29 22 119 1 22 33 28 18 35 29
4097 23 26 25 38 83 39 29 25 26 13 35 29
4098 23 39 34 19 110 25 20 20 26 28 35 29
4099 23 48 52 29 88 1 22 33 26 29 36 29
4100 23 33 25 25 62 43 28 38 31 23 35 29
4101 23 28 20 16 103 39 23 23 32 5 35 29
4102 23 32 28 22 59 33 25 31 30 1 35 30
4103 23 33 33 36 138 90 22 7 31 22 35 29
4104 23 30 28 34 160 68 23 22 21 4 35 29
4105 23 29 28 26 187 1 21 21 34 20 35 29
4106 23 33 40 40 59 1 26 26 36 42 36 29
4107 23 35 34 20 136 23 23 25 30 4 36 29
4108 23 36 29 34 79 61 26 25 29 23 35 29
4109 23 44 48 26 109 79 24 22 24 18 35 29
4110 23 40 45 29 143 137 25 34 34 10 36 30
4111 23 40 41 30 61 27 27 30 33 24 35 29
4112 23 37 38 19 133 87 30 22 31 34 36 29
4113 23 37 36 22 73 57 23 25 31 15 35 29
4114 23 28 27 17 211 76 26 25 30 9 35 29
4115 23 36 34 21 92 86 26 24 33 13 35 29
4116 24 41 33 12 89 1 20 9 23 14 35 29
4117 23 31 24 30 111 1 20 32 26 22 35 29
4118 23 30 23 24 59 1 27 26 28 1 35 29
4119 23 30 32 31 163 1 28 24 31 20 35 29
4120 23 33 25 18 275 1 27 25 24 11 36 30
4121 23 34 31 16 170 1 23 49 20 20 35 29
4122 23 35 35 37 99 39 23 34 33 32 36 29
4123 23 36 30 31 53 84 23 26 31 17 35 29
4124 23 34 30 15 158 62 25 23 21 20 35 29
4125 23 31 31 40 90 1 26 30 24 38 36 29
4126 23 36 48 27 79 1 25 32 26 27 35 29
4127 23 28 16 23 151 88 21 34 33 23 35 29
4128 23 29 34 33 85 1 26 35 32 17 35 29
4129 23 22 8 25 103 1 28 32 26 12 35 29
4130 23 39 40 33 196 1 29 33 28 33 36 29
4131 23 24 33 33 122 1 20 1 37 17 35 29
4132 23 34 36 36 53 22 21 30 22 22 35 29
4133 23 35 32 41 87 17 23 30 30 40 36 29
4134 23 39 42 26 86 42 25 26 36 19 35 29
4135 23 27 23 32 86 1 22 22 25 17 35 29
4136 23 32 34 36 52 1 26 23 31 30 36 29
4137 23 33 23 29 82 1 22 20 29 20 35 30
4138 23 30 28 40 80 1 25 35 35 34 36 29
4139 23 34 38 32 116 45 25 23 27 29 36 29
4140 23 34 26 25 110 1 19 29 28 26 35 29
4141 23 37 35 28 156 48 21 24 29 26 35 29
4142 23 36 39 36 55 72 22 24 32 35 36 29
4143 23 30 34 44 88 72 27 31 37 12 35 29
4144 23 30 27 17 95 14 23 20 29 4 35 29
4145 23 40 29 28 106 1 25 30 26 35 36 29
4146 23 30 31 35 100 30 26 1 33 26 35 29
4147 23 39 32 24 137 81 26 40 27 35 36 29
4148 23 51 50 20 88 73 34 41 33 41 36 29
4149 23 29 19 25 121 1 28 39 32 17 35 29
4150 23 36 36 24 143 67 24 22 31 15 36 29
4151 23 44 44 21 130 56 25 21 27 30 35 29
4152 23 46 41 14 118 27 25 25 32 32 36 29
4153 23 28 25 24 88 46 22 24 23 22 35 29
4154 23 24 27 34 84 1 20 1 28 13 35 29
4155 23 29 31 24 89 1 16 16 28 25 35 30
4156 23 29 11 24 77 1 19 36 25 14 35 29
4157 23 39 37 28 116 1 21 31 23 21 35 29
4158 23 42 57 32 148 1 25 23 27 25 35 29
4159 23 38 40 35 56 79 25 35 39 35 36 30
4160 23 29 35 29 60 1 24 30 34 20 35 29
4161 23 34 24 30 54 14 22 32 18 26 35 29
4162 23 36 36 38 61 27 26 28 29 17 36 30
4163 23 36 35 20 131 1 27 27 30 2 35 29
4164 23 41 34 22 108 35 26 27 25 28 36 29
4165 23 36 34 25 63 4 22 19 30 21 35 29
4166 23 27 25 32 150 48 24 32 24 27 35 29
4167 23 28 32 29 96 25 26 42 26 15 35 29
4168 23 44 38 21 76 69 26 42 34 33 36 29
4169 23 28 30 31 79 53 25 27 36 24 35 29
4170 23 37 39 43 80 1 20 33 26 32 36 29
4171 23 43 49 36 150 70 21 24 23 15 36 29
4172 23 31 25 34 100 7 26 34 28 29 36 30
4173 23 42 35 27 266 38 26 20 22 29 36 29
4174 23 46 52 28 222 66 22 29 26 24 35 29
4175 23 35 30 19 127 29 26 20 31 11 35 29
4176 24 38 39 42 57 65 26 1 30 25 35 29
4177 23 35 32 24 112 53 23 22 28 15 35 29
4178 23 34 30 24 103 59 22 27 21 15 35 29
4179 23 28 19 15 85 3 19 28 25 9 35 29
4180 23 26 24 37 135 7 25 1 42 17 35 29
4181 23 28 28 26 105 63 22 25 29 5 35 29
4182 23 31 25 31 78 36 24 35 34 18 35 29
4183 23 32 29 41 86 35 25 25 30 30 36 29
4184 23 35 34 24 95 1 20 26 29 28 35 29
4185 23 39 23 15 52 19 24 25 30 8 35 29
4186 23 43 34 18 79 7 24 43 31 22 35 29
4187 23 26 21 25 125 1 22 27 22 16 35 29
4188 23 37 29 24 144 48 27 27 28 22 35 29
4189 23 39 34 32 115 1 22 35 23 32 36 29
4190 23 43 39 33 144 53 25 47 25 29 36 29
4191 23 35 32 36 149 13 25 44 28 23 35 29
4192 23 35 36 26 101 1 24 26 23 25 35 30
4193 23 39 46 35 79 16 27 27 25 18 35 29
4194 23 37 20 26 43 11 23 29 19 23 35 29
4195 23 39 40 42 173 12 33 31 31 31 36 29
4196 24 42 34 22 110 42 22 28 30 13 36 30
4197 23 37 35 20 107 28 25 37 28 17 35 29
4198 23 28 28 40 64 1 17 22 28 13 35 29
4199 23 34 29 27 92 1 25 29 36 23 35 30
4200 23 45 44 24 103 18 25 1 33 30 36 29
4201 23 37 37 39 187 77 26 28 30 26 35 29
4202 23 31 32 31 79 1 23 36 26 18 35 29
4203 23 29 19 17 96 42 24 33 27 9 35 29
4204 23 37 32 17 161 27 19 28 31 12 35 29
4205 23 20 23 41 70 1 20 19 25 1 35 29
4206 23 39 40 32 86 31 23 33 35 19 35 29
4207 23 44 48 30 88 42 25 26 34 25 35 29
4208 23 32 27 16 145 68 23 19 28 12 35 29
4209 23 33 24 26 81 1 25 34 26 34 36 29
4210 23 37 23 24 187 14 23 24 27 20 35 29
4211 23 39 34 26 90 1 21 30 28 26 35 29
4212 23 37 37 25 102 22 21 27 27 9 35 29
4213 23 26 19 19 138 1 23 23 37 13 35 29
4214 23 38 43 38 102 1 25 37 29 24 36 30
4215 23 32 35 39 108 1 25 36 30 25 35 30
4216 24 34 29 32 132 1 28 36 25 30 36 30
4217 23 35 40 38 119 38 28 29 35 24 36 30
4218 23 42 44 31 139 69 29 31 33 36 36 29
4219 23 41 36 10 168 24 24 25 27 14 35 29
4220 23 38 24 28 98 48 26 26 26 25 35 30
4221 24 41 34 23 195 17 20 15 26 37 36 30
4222 23 57 55 19 124 143 28 32 35 31 36 29
4223 23 42 36 21 113 30 21 27 28 28 36 29
4224 23 37 37 29 96 42 25 35 26 26 36 29
4225 23 35 35 20 136 74 22 25 24 1 36 29
4226 23 33 23 22 126 1 23 21 24 11 35 29
4227 24 38 42 36 119 32 29 32 37 24 36 30
4228 23 33 30 32 231 41 30 34 30 31 36 29
4229 23 32 38 59 143 1 22 46 27 28 36 30
4230 23 21 14 25 105 1 25 37 26 15 35 29
4231 23 30 20 25 77 14 23 21 29 28 35 29
4232 23 37 34 29 105 35 27 26 27 24 35 29
4233 23 50 43 20 274 59 28 28 36 21 35 29
4234 23 34 23 18 93 1 25 31 34 24 35 29
4235 23 36 40 36 89 1 24 32 37 33 36 29
4236 23 27 28 33 70 1 26 28 28 18 35 29
4237 23 37 30 14 103 41 23 31 33 15 35 29
4238 23 34 24 23 59 1 23 31 28 21 35 29
4239 23 31 41 38 117 1 26 25 26 22 35 30
4240 23 33 36 31 75 95 26 17 33 35 36 29
4241 24 34 30 32 72 1 25 33 26 28 36 30
4242 23 31 24 28 100 1 27 37 31 23 35 30
4243 23 36 38 17 212 20 21 26 27 11 36 29
4244 23 28 31 29 85 1 25 26 29 12 35 29
4245 23 39 38 26 156 110 23 29 34 19 35 30
4246 23 27 28 37 106 19 20 28 31 33 36 30
4247 23 31 25 33 200 1 26 26 28 28 36 29
4248 28 44 40 39 230 1 30 43 34 32 41 35
4249 23 28 23 11 105 33 22 23 28 6 35 30
4250 23 38 48 24 106 67 19 26 27 6 35 29
4251 23 29 27 31 74 1 26 26 33 22 35 30
4252 23 32 25 32 144 59 21 32 30 22 35 29
4253 23 30 34 36 105 5 26 29 34 26 35 29
4254 24 26 13 32 44 1 31 30 34 32 36 30
4255 23 31 28 21 114 29 22 19 29 1 35 29
4256 23 31 30 32 105 54 22 7 35 21 35 29
4257 23 46 48 18 91 14 26 26 23 36 36 29
4258 23 38 33 22 59 47 29 45 28 32 36 29
4259 23 24 26 37 45 55 25 34 29 22 35 29
4260 23 30 28 31 58 27 20 23 26 28 35 29
4261 23 27 15 18 128 1 24 27 26 13 35 29
4262 23 36 25 17 78 45 23 31 26 25 35 29
4263 23 28 23 20 93 55 27 30 29 6 35 29
4264 23 33 32 21 162 1 22 26 27 19 35 29
4265 23 42 40 29 167 49 23 40 30 31 36 29
4266 23 35 28 28 132 1 29 47 33 19 35 29
4267 23 37 38 31 168 8 21 19 34 15 35 29
4268 23 34 40 34 67 1 23 1 38 22 35 29
4269 23 32 35 34 88 4 26 23 26 14 35 29
4270 23 33 37 32 57 56 23 27 34 24 35 29
4271 24 41 43 29 148 39 27 29 29 31 36 30
4272 23 40 38 18 156 1 26 33 28 24 35 29
4273 23 29 20 32 43 1 20 37 28 27 35 29
4274 23 37 29 10 89 27 26 31 28 31 36 29
4275 23 39 38 22 84 91 23 37 30 16 35 29
4276 23 32 34 26 87 54 27 28 38 20 35 30
4277 23 38 30 35 124 39 25 23 21 22 35 29
4278 23 31 22 19 103 1 22 36 29 20 35 29
4279 23 34 23 9 170 1 20 24 24 14 35 29
4280 23 30 32 39 93 56 27 31 29 12 35 29
4281 23 32 27 30 137 1 23 24 31 36 36 30
4282 24 20 14 24 56 7 20 28 25 5 35 29
4283 23 31 39 34 162 1 24 40 28 15 35 29
4284 23 39 24 8 123 13 26 23 24 9 35 29
4285 23 26 21 34 62 9 23 15 34 23 35 29
4286 23 24 18 24 98 29 19 42 29 15 35 29
4287 23 38 31 21 70 42 26 31 28 23 35 29
4288 23 36 28 25 121 1 28 26 35 30 36 29
4289 23 45 37 26 59 99 26 26 41 21 35 29
4290 23 33 30 23 81 68 19 22 32 1 35 29
4291 23 38 43 35 135 42 20 36 29 30 36 29
4292 23 36 31 25 102 36 22 30 24 11 35 29
4293 23 34 36 32 62 45 24 24 21 18 35 29
4294 23 39 25 18 57 29 20 25 28 16 35 29
4295 23 42 43 22 98 103 24 23 32 19 35 29
4296 23 31 35 36 113 42 26 28 24 14 36 29
4297 23 23 9 15 174 1 22 20 30 7 35 29
4298 23 41 38 22 86 46 26 13 31 26 35 29
4299 23 37 28 24 133 72 31 40 28 20 35 29
4300 23 25 18 25 64 3 22 19 28 15 35 29
4301 23 39 40 35 143 9 27 35 31 35 36 29
4302 23 36 32 28 85 24 24 29 25 30 36 30
4303 23 34 28 26 72 55 27 32 35 17 35 29
4304 23 35 28 28 88 1 27 33 31 32 36 30
4305 23 41 47 37 80 31 23 30 32 33 36 29
4306 23 44 38 24 115 83 28 33 28 28 36 29
4307 23 32 38 40 125 73 23 35 29 17 35 29
4308 23 46 42 21 99 1 22 31 31 43 36 29
4309 23 34 29 22 122 1 20 31 29 22 35 29
4310 23 37 38 25 110 1 24 29 29 16 35 29
4311 23 26 30 36 109 1 19 29 25 31 36 29
4312 23 28 22 32 93 72 20 32 26 17 35 29
4313 23 37 33 24 119 93 24 33 28 17 35 29
4314 23 36 32 21 63 1 19 25 33 31 36 30
4315 23 39 42 28 87 10 26 23 40 23 35 29
4316 23 39 43 36 114 43 22 24 28 27 36 30
4317 23 34 33 32 134 56 28 32 29 37 36 29
4318 23 27 19 22 50 13 29 23 31 20 35 29
4319 23 32 42 33 149 4 25 41 29 18 35 29
4320 23 42 38 39 80 1 24 35 34 42 36 30
4321 23 34 26 16 155 44 22 24 35 3 35 29
4322 23 33 29 26 86 19 25 16 29 16 35 29
4323 23 43 36 18 89 7 22 1 30 15 35 29
4324 23 38 37 23 213 53 23 51 25 32 36 29
4325 23 32 15 11 97 4 19 17 25 5 35 29
4326 23 31 19 16 220 41 22 24 29 11 35 29
4327 23 29 19 23 88 21 21 24 30 13 35 29
4328 23 41 47 40 54 73 24 27 30 44 36 29
4329 23 38 43 36 104 104 22 33 28 9 35 29
4330 23 39 45 34 105 54 29 29 31 18 35 29
4331 23 32 30 29 167 1 25 26 25 39 36 29
4332 23 25 16 16 70 1 16 23 28 6 35 29
4333 23 33 19 15 107 1 19 25 33 10 35 29
4334 23 40 40 39 109 41 30 1 32 31 36 29
4335 23 28 29 29 232 47 23 34 29 35 36 29
4336 23 35 40 28 88 90 21 30 29 10 35 29
4337 23 41 37 34 160 31 18 1 35 29 35 29
4338 23 28 29 43 49 59 26 36 25 29 35 29
4339 23 24 27 46 116 1 21 40 27 25 35 29
4340 23 34 32 22 130 113 23 22 32 2 35 29
4341 23 24 23 36 103 25 28 30 29 18 35 29
4342 23 30 29 35 61 16 27 34 25 38 36 30
4343 23 35 31 38 55 1 25 42 29 43 36 29
4344 23 28 16 27 77 19 25 33 31 42 36 29
4345 23 34 42 40 111 1 20 37 30 38 36 29
4346 23 31 21 17 97 45 25 29 31 12 35 29
4347 23 37 35 25 70 40 28 21 29 6 35 29
4348 24 46 33 16 109 24 23 21 28 31 36 29
4349 23 33 33 22 82 65 31 26 34 14 35 29
4350 23 31 20 17 102 64 25 24 29 1 35 29
4351 23 25 14 23 68 14 24 28 24 11 35 30
4352 23 30 23 26 137 14 24 33 30 28 35 29
4353 23 21 23 47 132 1 24 20 32 14 35 29
4354 23 37 35 19 166 29 30 19 37 26 35 29
4355 23 39 47 46 88 37 26 44 29 37 36 30
4356 23 40 40 27 147 73 26 16 25 20 35 29
4357 23 37 42 29 91 70 26 32 30 21 35 30
4358 23 35 32 38 46 60 29 38 36 33 36 30
4359 23 32 37 43 56 58 23 34 29 29 36 29
4360 23 36 21 24 65 20 21 39 28 38 36 29
4361 23 31 25 18 78 1 23 30 28 5 35 29
4362 23 36 25 19 97 1 26 25 27 27 35 29
4363 23 38 48 37 54 28 26 17 22 31 36 30
4364 23 34 36 33 75 51 22 38 29 22 36 29
4365 23 36 31 21 117 37 30 32 28 12 35 29
4366 23 32 37 37 187 14 26 36 32 34 36 30
4367 23 39 52 31 107 29 25 49 37 41 36 29
4368 23 35 35 36 86 47 28 26 37 16 35 29
4369 23 35 35 27 65 1 23 33 34 22 35 30
4370 23 28 20 13 214 9 22 17 27 1 35 29
4371 23 37 34 27 73 1 20 32 18 26 35 29
4372 23 20 13 27 91 1 18 21 23 12 35 29
4373 23 40 39 28 79 97 25 28 26 28 35 29
4374 23 34 24 23 91 1 23 35 28 19 35 29
4375 23 38 27 26 45 83 24 22 31 22 35 29
4376 23 47 41 31 172 1 23 26 33 26 35 29
4377 23 21 18 32 157 1 23 43 30 18 35 29
4378 23 35 40 41 76 1 24 39 25 29 36 29
4379 23 33 37 28 141 25 21 26 32 21 35 29
4380 23 39 46 19 147 1 26 27 25 21 35 29
4381 23 41 34 22 73 1 21 22 27 26 35 29
4382 23 33 33 32 103 1 25 37 32 27 35 30
4383 23 33 31 23 89 1 21 19 34 26 35 29
4384 23 39 41 33 105 63 19 25 18 24 35 29
4385 23 32 37 45 81 17 28 39 24 48 36 29
4386 23 26 10 13 301 1 30 29 35 1 35 29
4387 23 35 43 42 89 71 27 38 24 33 36 29
4388 23 37 40 28 67 65 16 25 29 14 35 29
4389 23 29 25 15 84 4 21 27 34 8 35 29
4390 23 28 18 26 107 40 23 34 27 1 35 29
4391 23 32 35 26 89 1 28 34 40 29 36 29
4392 23 38 36 34 107 39 26 36 34 30 36 29
4393 23 30 27 22 88 1 23 24 28 16 35 29
4394 23 34 28 29 57 26 25 24 34 30 36 29
4395 23 29 17 24 75 31 28 31 33 15 35 29
4396 23 25 22 30 49 51 23 17 35 17 35 29
4397 23 27 8 18 96 1 25 24 28 21 35 29
4398 23 15 1 19 76 1 22 28 28 8 35 29
4399 23 43 42 30 62 87 27 19 32 18 35 29
4400 23 32 39 32 139 1 27 26 40 23 35 29
4401 23 43 35 26 142 1 22 24 24 14 35 29
4402 23 36 33 32 53 81 31 31 27 30 36 29
4403 23 28 36 35 119 52 19 27 27 33 36 29
4404 23 36 26 35 79 17 28 34 29 39 36 29
4405 23 39 35 32 75 1 22 1 34 13 35 29
4406 23 30 27 39 204 48 21 24 33 10 35 29
4407 23 40 31 14 118 37 22 21 25 11 35 29
4408 23 38 32 17 58 37 24 34 38 35 36 29
4409 23 32 36 45 58 59 23 27 30 17 35 29
4410 23 23 30 34 104 1 25 31 27 5 35 29
4411 23 34 28 13 89 28 24 21 32 17 35 29
4412 23 27 15 13 152 4 27 29 28 7 35 29
4413 23 34 22 21 83 24 21 23 26 30 36 29
4414 23 32 24 34 95 1 28 8 32 27 35 29
4415 23 40 33 25 87 74 27 37 31 29 36 29
4416 23 22 13 19 53 38 23 30 25 14 35 29
4417 23 21 19 32 88 3 18 30 29 24 35 29
4418 23 37 24 19 108 35 26 21 35 19 35 29
4419 23 45 48 24 107 110 28 28 40 27 35 29
4420 23 30 26 43 160 28 24 30 24 20 35 29
4421 24 39 34 15 58 34 28 23 28 12 36 30
4422 23 32 29 28 155 1 21 26 27 26 35 29
4423 23 36 35 24 157 10 32 23 30 5 35 29
4424 23 33 26 28 232 1 30 28 40 24 35 29
4425 23 41 32 18 104 30 29 22 27 35 36 29
4426 23 46 39 25 215 62 24 22 26 42 36 29
4427 23 29 22 27 80 1 27 24 37 21 35 29
4428 23 39 33 27 83 1 24 30 30 42 36 29
4429 23 38 42 29 77 31 27 27 29 24 35 29
4430 23 23 18 26 67 36 20 25 25 28 35 29
4431 23 35 30 21 133 5 25 36 24 10 36 30
4432 23 35 30 36 144 30 27 39 29 35 36 29
4433 23 38 36 34 116 41 24 23 27 27 35 29
4434 23 32 28 41 47 59 21 35 30 14 35 30
4435 23 29 22 18 92 1 22 28 29 12 35 29
4436 23 28 32 39 241 65 25 30 32 33 36 29
4437 23 33 37 43 60 1 21 36 23 29 36 29
4438 23 33 24 20 93 1 25 32 30 25 35 29
4439 23 32 34 24 143 33 22 25 31 14 35 29
4440 23 29 25 29 104 1 25 30 22 24 35 29
4441 23 32 33 26 82 58 25 30 29 24 35 29
4442 23 38 39 44 63 10 28 24 34 35 36 29
4443 23 30 28 28 79 17 21 33 25 17 35 29
4444 23 26 29 44 93 15 20 30 25 12 35 29
4445 23 43 48 31 78 85 25 33 32 28 35 29
4446 23 38 32 28 83 29 26 32 28 34 36 29
4447 23 29 30 29 61 41 29 19 27 12 35 29
4448 23 35 36 33 222 29 25 32 26 19 35 29
4449 23 39 43 16 206 38 27 31 36 20 35 29
4450 23 34 33 26 209 41 27 23 32 16 35 29
4451 23 31 33 30 141 1 19 22 34 11 35 29
4452 23 43 47 40 101 41 26 25 30 35 36 29
4453 23 34 33 29 68 58 23 21 28 12 36 29
4454 23 30 30 21 166 14 30 32 29 9 35 29
4455 23 34 39 28 101 55 23 30 29 21 35 29
4456 23 40 49 47 81 112 24 23 26 30 36 29
4457 23 32 31 30 213 57 25 23 31 19 35 29
4458 23 46 44 31 109 95 22 32 36 38 36 29
4459 23 35 26 21 111 1 24 43 21 30 36 29
4460 23 36 29 34 92 26 28 30 32 28 35 29
4461 23 32 41 41 106 69 23 37 27 25 35 29
4462 23 35 38 41 98 50 22 27 25 30 36 29
4463 23 35 29 25 89 66 28 33 30 20 35 29
4464 23 37 29 21 78 41 24 33 34 28 36 29
4465 23 38 48 28 90 6 24 32 33 22 35 30
4466 23 44 46 23 208 34 24 30 39 22 35 29
4467 23 43 38 20 88 109 30 32 31 31 36 29
4468 23 34 28 32 136 16 24 32 33 32 36 29
4469 23 29 22 21 87 42 27 27 25 14 35 29
4470 23 36 27 35 227 36 28 34 30 35 36 29
4471 23 36 36 22 66 1 20 31 29 16 35 29
4472 23 18 16 38 281 1 21 28 29 7 35 29
4473 23 33 36 39 159 1 26 26 24 19 35 29
4474 23 33 39 44 87 29 24 24 30 38 36 29
4475 23 28 32 32 52 81 27 29 26 23 35 30
4476 23 35 28 29 127 66 18 17 23 21 35 30
4477 23 33 38 39 85 46 22 26 30 24 36 29
4478 23 40 45 31 115 1 17 26 32 18 35 29
4479 23 39 38 25 85 45 28 24 32 30 36 29
4480 24 38 37 34 113 88 33 37 24 18 35 30
4481 23 28 31 29 74 13 26 22 39 19 35 29
4482 23 27 26 34 119 1 19 30 31 25 35 29
4483 23 35 32 19 92 12 26 31 32 26 36 29
4484 23 40 46 26 94 11 29 40 35 25 35 29
4485 23 34 36 32 78 22 33 27 30 33 36 29
4486 23 26 19 30 44 1 23 23 23 20 35 29
4487 23 39 32 16 85 21 25 25 24 25 35 29
4488 23 30 24 30 109 1 26 28 30 25 35 30
4489 23 33 37 38 96 24 20 28 21 28 36 29
4490 23 34 23 14 76 9 29 26 30 17 35 29
4491 24 41 41 20 183 27 24 34 33 32 36 30
4492 23 31 32 20 71 77 24 27 34 8 36 29
4493 23 33 25 14 115 1 25 21 26 26 35 29
4494 23 19 13 22 71 1 26 7 28 14 35 29
4495 23 41 49 32 91 24 22 24 29 33 36 29
4496 23 33 20 22 85 12 26 19 26 16 35 29
4497 23 26 17 26 86 1 26 30 26 28 35 29
4498 23 34 25 35 69 3 23 29 22 32 36 29
4499 23 34 24 10 90 1 24 32 34 6 35 29
4500 23 31 34 41 94 11 23 36 58 32 36 29
4501 23 34 29 26 117 23 25 34 33 17 35 29
4502 23 31 33 29 126 1 22 30 30 21 35 29
4503 23 41 44 29 90 46 21 21 29 34 36 29
4504 23 33 36 29 91 19 26 25 34 22 35 29
4505 23 32 28 36 117 11 33 32 30 32 36 29
4506 23 40 28 11 144 1 21 26 29 35 36 29
4507 23 37 35 16 70 31 29 28 31 11 35 29
4508 23 27 20 14 86 64 22 28 33 9 35 29
4509 23 29 23 40 138 19 23 34 20 37 36 29
4510 23 31 26 24 85 45 23 24 27 8 35 29
4511 23 35 37 22 126 67 27 23 32 16 36 29
4512 23 36 34 28 60 11 25 34 25 25 35 29
4513 23 41 35 15 119 1 30 27 29 22 35 29
4514 23 35 26 14 69 1 21 31 30 7 35 29
4515 23 44 44 29 210 105 23 19 34 21 35 29
4516 23 37 27 28 246 12 25 31 26 35 36 29
4517 23 34 33 28 59 73 25 25 31 25 35 29
4518 23 31 33 29 121 1 19 29 27 15 35 29
4519 23 34 39 34 58 67 27 34 36 27 36 29
4520 23 34 40 35 129 35 21 19 28 12 35 29
4521 23 37 37 40 98 1 26 42 30 36 36 29
4522 23 39 34 21 93 24 27 24 29 14 36 29
4523 23 34 35 20 221 72 24 30 27 10 35 29
4524 23 41 38 26 64 46 20 29 31 19 35 29
4525 23 28 25 37 60 26 26 31 33 18 35 29
4526 23 32 30 22 64 54 24 20 34 8 35 29
4527 23 40 43 33 88 93 22 26 24 13 35 29
4528 23 35 31 32 101 9 22 32 19 18 35 29
4529 23 28 33 27 56 30 20 31 29 26 35 29
4530 23 46 48 27 171 103 28 23 38 34 36 30
4531 23 29 24 29 67 27 26 28 35 16 35 29
4532 23 28 24 22 131 1 32 32 35 19 35 29
4533 23 23 33 34 116 1 31 27 37 18 35 29
4534 23 33 28 26 96 40 26 33 27 22 35 29
4535 23 34 26 24 59 25 25 1 32 29 35 29
4536 23 49 40 16 76 35 25 27 33 22 35 29
4537 23 41 34 24 136 73 31 29 38 30 36 29
4538 23 29 21 22 71 1 25 18 28 11 35 29
4539 23 33 37 32 212 1 29 25 35 34 36 29
4540 23 39 30 22 171 1 31 42 36 34 36 29
4541 23 36 35 22 69 77 22 19 28 8 36 29
4542 23 44 44 25 70 4 20 17 29 35 36 29
4543 23 23 23 33 82 1 26 41 29 4 35 29
4544 23 34 30 38 162 32 23 37 30 34 36 29
4545 23 28 22 23 81 37 20 34 29 12 35 29
4546 23 40 41 18 97 1 30 32 30 22 35 29
4547 23 29 31 34 107 4 23 25 26 12 35 29
4548 23 38 41 32 82 92 24 37 35 26 36 29
4549 23 25 29 36 153 1 29 1 33 20 35 29
4550 23 18 1 26 50 1 24 31 27 16 36 30
4551 23 37 26 35 62 16 27 35 28 38 36 29
4552 23 24 20 34 124 37 18 22 22 7 35 29
4553 23 26 24 24 94 39 23 1 27 12 35 29
4554 23 30 32 25 85 10 20 25 29 23 36 30
4555 23 29 22 32 164 1 21 37 25 30 36 29
4556 23 26 24 26 141 1 21 23 27 1 35 29
4557 23 35 40 31 62 132 23 29 32 4 35 29
4558 23 28 28 47 62 50 27 1 44 15 35 29
4559 23 33 36 35 102 17 24 26 32 8 36 29
4560 23 21 13 32 91 19 22 1 30 2 35 29
4561 23 31 32 33 83 54 23 4 29 20 35 29
4562 23 43 31 18 221 71 21 34 27 27 36 29
4563 23 46 46 33 94 39 27 33 34 38 36 29
4564 23 32 32 30 88 55 22 29 29 24 35 29
4565 23 33 33 27 878 39 24 20 33 17 35 29
4566 23 35 25 24 134 1 24 14 26 35 36 29
4567 23 35 37 43 119 19 23 25 31 35 36 29
4568 23 33 37 36 55 1 22 30 32 29 36 29
4569 23 32 32 28 205 47 24 32 27 5 35 29
4570 23 28 17 23 100 21 27 25 26 21 35 29
4571 23 36 31 19 69 1 23 27 28 19 35 29
4572 23 30 25 28 84 6 23 37 26 12 35 29
4573 23 36 37 34 59 25 27 29 28 28 36 29
4574 23 20 20 30 59 1 25 7 33 9 35 29
4575 23 31 34 34 66 23 21 26 29 25 36 29
4576 23 33 34 40 90 74 23 22 27 8 35 29
4577 23 36 28 17 62 70 25 40 31 4 36 29
4578 23 36 35 36 107 1 22 41 31 39 36 29
4579 23 40 44 31 113 95 22 26 34 16 36 30
4580 23 27 24 33 75 1 20 40 24 19 35 30
4581 23 35 28 18 146 30 29 25 28 13 35 29
4582 23 26 27 28 51 52 27 32 37 12 35 29
4583 24 31 33 23 195 1 24 44 28 35 36 29
4584 24 27 21 33 121 5 25 33 27 24 36 30
4585 23 31 24 27 63 14 21 32 29 28 35 29
4586 23 26 19 32 136 1 20 27 28 36 36 29
4587 23 36 37 40 193 21 22 35 26 34 36 29
4588 23 33 38 41 83 34 26 24 31 32 36 30
4589 23 32 37 39 50 47 24 38 32 44 36 29
4590 23 28 23 18 150 61 24 25 27 1 36 30
4591 23 25 20 26 157 10 26 17 33 19 35 29
4592 23 37 52 43 88 52 31 38 35 42 36 29
4593 23 27 22 30 64 34 22 33 31 15 35 29
4594 23 40 36 32 72 43 24 31 28 44 36 30
4595 23 29 30 31 90 12 22 37 22 20 35 30
4596 23 40 28 12 95 6 23 31 26 15 36 29
4597 23 36 33 27 81 64 27 32 35 14 36 30
4598 23 31 29 19 118 69 23 27 30 1 36 29
4599 23 23 11 21 120 1 20 23 22 17 35 29
4600 23 35 35 18 63 1 19 24 24 12 35 30
4601 23 41 39 27 118 27 26 19 22 22 35 29
4602 23 44 38 28 73 81 27 29 30 18 36 30
4603 23 29 27 27 77 47 21 25 35 23 35 30
4604 23 24 26 21 97 1 24 26 34 4 35 29
4605 23 28 26 17 113 2 26 20 31 18 35 30
4606 23 26 20 29 84 1 25 27 39 10 35 29
4607 23 28 17 35 85 64 25 34 28 13 36 29
4608 23 42 36 27 128 55 27 27 29 32 36 29
4609 23 34 34 22 111 1 20 27 24 1 35 29
4610 23 51 38 9 133 3 25 37 31 36 36 29
4611 23 32 28 29 54 18 25 29 31 23 35 29
4612 23 36 37 32 215 1 33 30 29 37 36 29
4613 23 38 44 32 219 76 24 30 34 15 35 30
4614 23 43 49 38 251 98 27 26 31 28 35 29
4615 23 30 19 21 97 1 20 11 32 27 35 29
4616 23 30 30 39 199 33 18 22 29 14 35 29
4617 23 47 39 29 56 104 22 36 31 33 36 29
4618 23 28 26 32 86 5 27 35 31 38 36 29
4619 23 31 33 22 81 15 27 36 29 25 36 29
4620 23 31 24 32 62 1 20 31 21 37 36 29
4621 23 36 31 29 193 1 21 32 30 37 36 30
4622 24 41 43 31 117 1 31 28 35 36 36 30
4623 23 30 22 31 59 1 27 26 31 14 35 29
4624 23 34 22 19 105 41 22 31 26 24 36 29
4625 23 27 25 16 93 1 27 23 29 8 35 29
4626 23 33 30 19 99 1 20 19 27 1 35 29
4627 23 38 33 29 77 74 24 34 26 33 36 30
4628 23 39 37 31 84 1 21 31 20 24 35 29
4629 23 35 33 39 47 21 26 43 30 44 36 30
4630 23 33 30 30 60 78 27 27 30 12 36 30
4631 23 33 29 27 86 94 27 24 29 17 36 30
4632 23 24 19 21 316 42 23 21 22 22 35 29
4633 23 30 24 19 96 57 22 22 27 8 35 29
4634 23 34 40 43 87 1 26 39 30 38 36 30
4635 23 32 37 37 125 51 26 28 32 21 36 30
4636 23 36 18 15 78 1 21 32 27 31 36 29
4637 24 39 46 30 114 31 21 33 30 7 36 30
4638 23 33 36 31 139 11 26 28 35 25 35 29
4639 23 39 58 38 106 38 27 31 34 28 36 29
4640 23 39 35 26 102 13 33 27 34 35 36 29
4641 24 33 24 18 133 8 23 23 29 17 36 30
4642 23 39 43 28 96 38 26 38 30 31 36 29
4643 23 37 37 37 174 67 26 26 34 17 36 29
4644 23 40 40 24 169 1 31 37 31 38 36 29
4645 23 21 17 28 154 20 22 35 27 16 35 29
4646 23 33 19 13 130 7 27 36 37 17 35 29
4647 23 25 29 28 98 1 23 22 29 7 35 29
4648 23 45 45 29 336 25 27 24 28 30 36 30
4649 23 30 28 33 83 2 26 35 21 27 36 30
4650 24 31 34 28 124 54 25 36 35 23 36 30
4651 23 33 34 32 83 96 28 23 29 13 35 29
4652 23 47 41 26 173 8 20 37 28 41 36 30
4653 23 32 26 32 44 54 25 40 32 44 36 29
4654 23 37 32 34 79 24 26 35 33 38 36 29
4655 28 48 33 19 217 11 31 27 35 36 42 35
4656 24 39 44 36 132 60 28 26 30 23 36 30
4657 23 31 35 39 101 1 30 37 41 44 36 30
4658 24 38 31 26 116 26 23 20 21 28 36 30
4659 23 33 30 26 58 72 16 34 22 19 35 30
4660 23 38 44 43 219 82 29 29 24 34 36 30
4661 23 34 31 26 74 41 25 32 31 24 36 30
4662 23 40 23 19 77 13 24 37 33 35 36 29
4663 23 39 37 25 73 56 26 34 26 14 36 29
4664 23 35 27 21 99 13 24 26 20 20 35 29
4665 23 25 14 15 175 7 26 33 33 25 35 29
4666 23 33 30 27 50 48 24 24 25 30 36 29
4667 23 31 21 24 126 1 23 35 28 24 35 29
4668 23 21 14 22 83 9 18 27 25 5 35 29
4669 23 30 26 31 51 1 24 18 25 15 35 29
4670 23 33 31 30 193 34 30 38 29 34 36 29
4671 23 27 23 28 206 17 28 31 35 16 35 29
4672 23 36 36 28 96 74 22 21 28 1 36 29
4673 23 32 30 28 115 69 26 32 34 30 36 29
4674 23 25 3 14 82 1 22 22 31 10 35 29
4675 23 41 37 23 88 1 21 29 30 25 35 29
4676 23 32 35 45 85 1 23 39 27 39 36 29
4677 23 30 31 21 86 86 21 32 34 2 35 29
4678 23 27 29 35 93 15 24 26 24 24 35 30
4679 23 31 31 31 161 28 28 44 34 24 35 29
4680 23 26 23 25 411 19 23 45 32 7 35 29
4681 23 33 33 29 78 31 28 35 31 33 36 29
4682 23 30 19 26 59 51 24 22 30 12 36 29
4683 23 38 34 29 162 1 25 15 31 15 36 29
4684 23 12 3 25 59 1 24 35 28 1 35 29
4685 23 33 39 27 102 33 20 26 23 13 35 29
4686 23 29 23 29 100 1 23 18 23 15 35 29
4687 23 39 38 31 107 35 26 23 28 26 35 29
4688 23 23 26 28 115 31 23 20 24 7 35 29
4689 23 32 28 33 63 60 25 26 31 15 36 30
4690 23 30 29 37 54 17 27 36 37 25 35 30
4691 23 31 19 21 76 24 24 30 30 20 35 30
4692 23 34 26 34 49 25 24 37 33 40 36 29
4693 23 30 36 39 80 50 23 24 32 28 36 29
4694 23 32 24 22 81 1 23 23 32 24 35 29
4695 23 38 25 16 93 32 26 41 19 32 36 29
4696 23 19 10 29 102 1 24 31 43 12 35 29
4697 23 37 19 22 318 17 19 24 28 16 36 29
4698 23 35 40 29 83 56 16 23 26 19 35 29
4699 23 31 34 33 60 63 24 24 32 14 35 30
4700 23 29 21 23 85 1 26 37 33 26 35 29
4701 23 30 17 9 177 55 26 37 32 30 36 29
4702 23 34 31 31 54 65 27 36 31 34 36 30
4703 23 28 27 24 57 34 27 24 37 12 35 30
4704 24 33 40 40 94 20 21 31 26 38 36 30
4705 23 31 26 22 100 16 24 18 24 24 35 29
4706 23 27 28 36 84 1 19 32 29 25 35 30
4707 23 27 18 23 57 15 30 39 32 17 35 29
4708 23 37 34 36 90 1 27 33 22 35 36 30
4709 23 31 25 33 50 52 24 35 28 27 36 29
4710 23 27 22 31 116 12 26 38 30 25 35 29
4711 23 39 34 26 69 27 29 30 29 17 36 30
4712 24 39 40 40 63 1 21 39 28 29 36 30
4713 23 31 25 31 62 55 24 26 31 14 35 29
4714 23 41 39 33 60 53 27 22 31 24 35 30
4715 23 45 46 26 62 21 27 37 33 38 36 30
4716 23 34 23 26 653 47 26 34 35 21 35 30
4717 23 39 36 27 72 103 26 24 26 15 36 30
4718 23 34 41 31 173 1 26 25 31 20 35 30
4719 23 29 34 30 152 59 27 27 31 26 36 29
4720 23 35 29 21 94 39 22 19 187 16 35 29
4721 24 32 21 22 287 1 29 22 32 17 36 30
4722 23 37 41 26 84 65 25 29 30 13 36 30
4723 23 44 39 25 93 1 28 29 33 40 36 29
4724 23 35 28 18 80 1 25 19 26 13 35 29
4725 23 33 30 30 61 44 21 48 22 20 35 29
4726 23 32 28 24 102 1 26 23 31 15 35 29
4727 23 16 7 25 148 1 27 32 29 1 35 29
4728 23 23 27 36 169 1 24 47 29 21 35 29
4729 23 32 24 30 264 50 21 31 28 5 35 29
4730 23 33 28 20 62 14 25 23 32 18 35 29
4731 23 30 22 30 87 17 26 35 27 29 36 29
4732 23 30 30 38 139 1 22 31 18 23 35 29
4733 24 38 38 35 70 62 24 35 33 28 36 29
4734 23 42 44 32 97 55 21 37 32 33 36 29
4735 23 31 42 35 90 1 23 31 24 25 35 29
4736 23 26 20 16 289 1 24 19 36 14 35 29
4737 23 38 37 23 71 74 24 25 32 15 35 29
4738 23 29 20 28 63 46 31 27 32 20 35 29
4739 23 34 17 5 102 1 24 21 26 5 35 29
4740 23 33 27 27 122 28 23 27 32 24 35 29
4741 23 35 31 21 82 4 23 21 30 15 35 29
4742 23 35 33 26 64 54 28 33 37 26 35 29
4743 23 46 40 23 82 16 26 36 30 46 36 29
4744 23 30 21 22 83 1 22 30 28 13 35 29
4745 23 35 32 19 128 23 30 23 29 6 35 29
4746 23 34 26 20 272 24 27 25 29 18 35 29
4747 23 29 24 34 202 24 20 33 34 31 36 29
4748 23 38 36 35 87 91 26 29 31 25 35 29
4749 23 38 39 31 394 29 29 30 29 19 36 30
4750 23 32 31 38 90 52 18 39 24 29 35 29
4751 23 35 30 24 116 10 26 27 24 14 35 29
4752 23 30 27 35 45 51 23 21 24 16 35 29
4753 23 26 26 29 102 57 22 27 32 1 35 29
4754 23 39 31 24 109 1 24 24 37 36 36 29
4755 23 33 29 25 93 31 28 29 31 25 35 30
4756 23 32 23 13 135 73 23 30 28 11 35 29
4757 23 32 29 35 192 97 24 21 29 19 35 30
4758 23 33 31 25 125 21 22 21 24 20 35 29
4759 23 43 46 36 150 47 26 34 32 38 36 30
4760 23 31 27 20 170 1 23 42 34 22 35 29
4761 23 36 28 23 207 15 25 28 26 32 36 29
4762 23 35 44 48 54 1 26 36 30 28 36 30
4763 23 28 26 33 146 11 30 33 25 29 36 29
4764 23 41 37 27 124 54 23 42 30 22 35 29
4765 23 46 44 17 117 1 21 21 29 30 36 29
4766 23 29 36 44 129 51 27 30 35 36 36 30
4767 23 31 25 36 89 1 23 39 24 27 35 29
4768 23 28 22 28 60 16 23 33 29 27 36 30
4769 23 30 27 24 66 1 23 25 29 17 35 29
4770 23 25 25 41 101 42 24 37 26 24 35 29
4771 23 31 21 28 152 39 22 27 19 18 35 29
4772 23 47 38 16 93 34 22 22 43 42 36 29
4773 23 27 24 32 58 1 24 34 34 26 35 29
4774 23 28 26 33 114 46 25 20 32 11 35 29
4775 23 47 46 30 145 2 31 34 26 23 35 30
4776 23 31 21 17 139 1 28 37 19 19 35 29
4777 23 28 21 32 108 32 24 26 25 15 35 29
4778 23 29 17 21 73 1 26 23 42 11 35 29
4779 23 34 34 28 65 70 25 23 26 6 36 30
4780 23 37 38 42 145 26 28 33 30 32 36 30
4781 23 39 46 44 60 1 24 30 31 34 36 30
4782 23 35 30 23 127 1 21 30 28 18 35 29
4783 23 37 35 41 151 33 23 33 24 41 36 30
4784 23 26 22 29 153 16 20 29 26 9 35 29
4785 23 35 35 31 79 2 17 24 23 20 36 29
4786 24 45 36 33 122 71 30 31 29 32 36 30
4787 23 42 45 21 102 78 29 23 24 12 36 29
4788 23 34 33 22 110 91 21 30 30 12 35 29
4789 23 32 35 39 94 1 23 31 34 30 36 30
4790 23 33 36 32 62 79 25 22 24 14 36 30
4791 23 29 28 25 191 103 29 36 31 9 36 30
4792 23 40 43 35 321 61 20 19 28 27 35 29
4793 23 32 44 36 88 1 24 40 34 20 35 29
4794 23 40 29 16 260 63 23 29 28 22 35 29
4795 23 29 28 40 77 49 21 40 32 26 35 29
4796 23 30 26 17 103 5 21 21 36 1 35 29
4797 24 32 34 44 73 16 24 24 26 24 36 30
4798 23 34 31 29 113 87 22 30 33 27 36 29
4799 23 39 38 28 149 55 21 28 25 26 35 29
4800 23 33 27 28 79 51 21 12 34 24 35 29
4801 23 37 43 35 185 30 29 30 36 30 36 29
4802 23 24 28 44 60 1 21 24 38 9 35 29
4803 23 32 22 20 94 26 26 26 27 10 35 29
4804 23 27 28 34 60 1 28 23 32 22 35 29
4805 23 35 43 40 91 108 22 1 32 20 35 29
4806 23 35 32 31 176 55 23 28 31 31 36 29
4807 23 33 31 22 96 1 22 21 27 13 35 29
4808 23 32 27 35 64 52 24 32 31 26 35 29
4809 23 20 20 35 100 55 23 23 28 22 35 29
4810 24 43 46 41 85 21 29 35 42 42 36 30
4811 23 28 29 35 139 1 20 1 33 18 35 29
4812 23 30 25 33 65 11 26 24 25 27 35 29
4813 23 36 38 39 113 21 28 44 29 36 36 29
4814 23 40 42 25 119 80 28 31 36 24 35 29
4815 23 33 33 29 164 1 32 34 34 23 35 29
4816 23 35 29 8 67 17 29 25 32 8 35 30
4817 23 27 16 27 117 7 28 27 30 18 35 30
4818 23 35 35 27 75 36 30 1 34 24 35 29
4819 23 27 27 33 100 1 21 34 30 16 35 29
4820 23 31 30 37 81 41 21 31 24 26 36 29
4821 23 36 33 32 95 1 31 30 35 39 36 29
4822 23 25 16 21 50 1 22 26 26 17 35 29
4823 23 44 50 24 142 93 27 24 33 3 35 29
4824 23 32 21 12 120 45 21 30 25 6 35 29
4825 23 37 37 32 90 46 30 15 33 41 36 30
4826 23 30 21 27 107 8 23 29 33 16 35 29
4827 23 38 46 31 164 99 24 30 26 24 36 29
4828 23 39 39 29 67 99 22 25 29 24 35 30
4829 24 45 35 14 126 9 22 28 24 26 36 30
4830 23 26 20 25 141 1 21 23 25 1 35 29
4831 23 29 34 31 98 69 25 34 28 13 35 29
4832 23 36 25 21 88 1 21 27 29 13 35 29
4833 23 32 23 18 62 27 26 24 33 14 35 29
4834 23 33 22 19 149 27 25 38 26 22 36 29
4835 23 33 36 37 125 16 25 28 31 23 36 29
4836 24 35 35 38 90 1 28 34 40 39 36 30
4837 23 36 40 29 73 51 20 29 35 27 35 29
4838 24 31 38 25 99 74 46 21 24 11 36 30
4839 23 23 24 39 135 20 23 23 29 12 35 29
4840 23 31 28 28 173 1 24 33 28 15 35 30
4841 23 35 25 17 170 1 25 37 25 35 36 29
4842 23 33 46 49 115 78 22 27 35 29 36 30
4843 24 35 37 43 99 54 27 35 29 33 36 29
4844 23 27 25 32 114 1 23 40 22 28 36 29
4845 23 38 33 20 69 55 26 24 29 13 36 29
4846 23 26 27 34 56 1 23 30 37 29 36 30
4847 23 28 17 27 66 21 22 26 26 19 35 29
4848 23 34 29 30 167 48 22 33 22 22 35 29
4849 23 35 35 25 128 78 27 27 26 3 35 29
4850 23 39 37 25 146 62 25 38 29 31 36 29
4851 23 34 37 34 119 1 28 30 32 26 35 29
4852 23 28 19 18 60 1 21 23 28 8 35 29
4853 23 36 32 34 90 39 27 39 33 36 36 29
4854 23 34 41 34 73 34 25 32 37 31 36 29
4855 23 31 33 44 59 1 24 33 32 33 36 29
4856 23 30 24 25 85 5 22 30 25 9 35 29
4857 23 34 35 35 105 21 25 18 29 20 35 29
4858 23 30 29 30 60 73 23 22 26 22 35 29
4859 23 34 26 26 130 11 23 32 30 31 36 29
4860 23 39 27 26 115 84 30 40 39 31 36 29
4861 23 29 26 31 160 6 25 29 34 27 35 29
4862 23 35 29 25 118 43 30 31 32 26 35 29
4863 23 38 38 26 93 112 35 26 36 10 35 29
4864 23 34 26 22 108 1 25 37 31 26 35 29
4865 23 31 27 19 99 6 24 29 35 8 35 29
4866 23 47 41 23 107 16 24 28 32 22 35 29
4867 23 30 31 39 58 19 29 21 34 24 35 29
4868 23 32 36 37 98 1 23 27 24 18 35 30
4869 23 33 34 33 94 75 21 20 29 11 35 29
4870 23 32 29 17 179 88 27 26 30 4 35 29
4871 23 41 36 25 168 9 23 24 31 16 35 29
4872 23 26 24 24 111 3 29 29 35 1 35 29
4873 23 34 39 37 109 1 21 40 30 29 35 29
4874 23 29 35 32 94 6 20 1 31 17 35 29
4875 23 36 38 32 88 1 26 34 37 41 36 29
4876 23 37 36 25 86 76 22 26 32 9 35 29
4877 23 31 29 36 98 1 25 6 33 13 35 29
4878 23 35 22 17 104 1 30 24 38 22 35 29
4879 23 26 29 27 106 6 20 25 22 1 35 29
4880 23 28 12 4 99 24 23 30 35 1 35 29
4881 23 30 29 31 114 59 23 21 39 29 35 29
4882 23 29 30 21 64 58 23 25 23 9 35 29
4883 23 36 34 26 103 15 26 25 29 8 35 29
4884 23 34 29 23 83 1 21 19 26 12 35 29
4885 23 30 22 12 61 1 26 21 33 1 35 29
4886 23 33 35 25 76 15 29 23 27 30 36 29
4887 23 31 29 27 84 1 22 41 32 26 35 29
4888 23 29 28 17 104 26 21 30 25 1 35 29
4889 23 25 17 27 1078 70 23 22 31 27 35 29
4890 23 35 38 31 167 1 24 28 36 22 35 29
4891 23 32 25 20 109 38 26 25 33 13 35 29
4892 23 39 43 41 63 43 25 36 28 34 36 29
4893 23 35 30 22 54 36 14 23 18 12 35 29
4894 23 27 32 44 134 1 21 43 37 36 36 29
4895 23 34 31 31 70 1 24 30 20 24 35 29
4896 23 27 34 40 158 1 24 22 35 9 35 29
4897 23 28 30 32 112 23 26 19 25 10 35 29
4898 23 28 29 24 121 4 24 32 35 19 35 29
4899 23 35 41 21 105 1 24 37 29 1 35 29
4900 23 30 30 21 61 1 26 29 30 9 35 29
4901 23 37 41 38 146 27 28 33 31 20 35 29
4902 23 37 34 39 103 33 25 39 30 46 36 29
4903 23 34 26 33 126 28 26 30 32 47 36 29
4904 23 38 32 28 55 79 22 46 30 19 36 30
4905 23 40 41 34 111 72 24 26 26 15 35 29
4906 23 35 38 30 102 78 22 22 30 13 35 29
4907 23 32 24 24 90 45 24 25 27 6 35 29
4908 23 24 8 29 142 1 24 1 41 1 35 29
4909 23 47 40 20 130 40 27 30 28 35 36 29
4910 23 27 27 30 175 10 20 32 26 21 35 29
4911 23 36 24 27 114 24 23 30 31 41 36 29
4912 23 32 28 21 140 38 18 17 17 8 35 29
4913 23 39 47 43 83 74 22 20 27 16 35 29
4914 23 37 48 29 83 1 26 23 29 9 35 29
4915 23 35 27 14 117 1 22 22 28 18 35 29
4916 23 31 31 32 120 1 24 39 21 20 35 29
4917 23 30 19 14 66 18 31 23 34 15 35 29
4918 23 45 39 23 96 11 18 1 31 25 35 29
4919 23 29 20 23 82 7 19 15 25 12 35 29
4920 23 33 26 19 64 49 19 14 22 15 35 29
4921 23 44 41 29 68 47 25 30 29 33 35 29
4922 23 27 27 29 53 54 31 28 29 10 35 29
4923 23 24 22 42 50 40 22 31 26 10 35 29
4924 23 28 26 38 108 1 20 1 34 20 35 29
4925 23 20 28 37 92 60 23 27 32 5 35 29
4926 23 32 28 24 378 1 24 32 29 9 35 29
4927 23 32 27 32 69 7 19 20 31 12 35 29
4928 23 24 12 18 64 47 27 26 37 13 36 30
4929 23 37 39 35 204 30 27 29 32 35 36 29
4930 23 30 33 38 165 32 22 26 22 5 35 29
4931 23 32 27 35 61 1 22 35 21 17 35 29
4932 23 34 18 25 137 46 23 36 29 42 36 29
4933 23 39 40 24 74 26 18 23 32 15 35 29
4934 23 32 25 28 173 3 26 34 41 42 36 29
4935 23 40 39 19 91 23 26 15 26 1 35 29
4936 23 33 32 38 52 55 23 9 26 23 35 29
4937 23 24 17 22 134 31 23 1 29 7 35 29
4938 23 33 25 33 74 1 23 29 30 36 36 29
4939 23 38 44 35 58 94 24 22 33 8 35 29
4940 23 46 36 24 88 1 24 21 27 12 35 29
4941 23 32 15 24 47 1 17 32 30 34 36 29
4942 23 42 37 21 90 14 23 24 30 28 36 29
4943 23 37 37 28 95 1 21 25 28 12 35 29
4944 23 37 39 39 99 1 25 26 25 36 36 29
4945 23 39 45 35 90 51 24 32 29 33 36 29
4946 23 33 31 16 80 1 22 28 36 1 35 29
4947 23 44 43 28 228 96 28 30 39 34 36 29
4948 23 30 21 35 73 24 23 17 23 22 35 29
4949 23 34 32 31 87 2 26 26 26 29 36 29
4950 23 30 33 41 111 64 27 1 41 6 35 29
4951 23 33 29 19 112 1 23 20 28 35 36 29
4952 23 39 40 25 167 45 21 20 26 20 35 29
4953 23 25 19 18 173 48 21 29 39 7 35 29
4954 23 34 35 34 99 58 24 39 29 28 36 30
4955 23 36 36 24 101 25 21 34 26 6 35 29
4956 23 33 40 36 109 84 26 23 33 18 35 30
4957 23 39 37 27 74 1 26 35 34 34 36 30
4958 23 31 36 43 110 40 25 34 23 30 36 30
4959 23 37 32 19 88 21 26 24 26 17 35 29
4960 23 29 35 28 117 29 21 29 29 4 35 29
4961 23 32 30 39 106 1 27 34 29 40 36 29
4962 23 30 25 33 109 9 19 30 26 40 36 29
4963 23 32 35 38 68 41 27 34 30 43 36 29
4964 23 41 39 34 137 56 23 28 34 29 36 29
4965 23 32 30 21 111 31 24 21 29 9 35 29
4966 23 37 37 36 86 46 26 32 34 42 36 29
4967 23 36 47 43 74 45 20 34 23 26 36 30
4968 23 30 25 23 85 15 27 29 27 9 35 29
4969 23 38 27 26 103 25 28 24 32 9 35 29
4970 23 32 25 22 60 69 22 32 29 7 35 29
4971 23 30 20 13 70 17 22 36 34 3 35 29
4972 23 25 23 30 57 16 20 23 25 21 35 29
4973 23 34 28 20 113 25 27 19 26 20 35 29
4974 23 47 48 33 90 97 22 26 32 30 36 29
4975 23 26 22 26 58 1 21 47 27 11 35 29
4976 23 35 29 32 124 31 20 30 26 11 35 29
4977 23 45 46 16 100 1 29 45 21 21 35 29
4978 23 32 34 32 103 59 24 26 35 15 35 29
4979 23 21 13 22 121 36 17 32 20 10 35 29
4980 23 36 30 35 79 34 21 27 27 32 36 29
4981 23 20 5 22 94 6 21 34 23 10 35 29
4982 23 36 34 25 77 1 22 17 30 14 35 29
4983 24 35 39 41 103 105 29 26 42 32 36 30
4984 23 29 29 38 133 8 22 28 28 23 35 29
4985 23 37 35 31 101 7 21 10 24 28 36 29
4986 23 37 28 37 42 53 20 41 24 41 36 29
4987 23 34 24 26 129 1 23 23 25 23 35 29
4988 23 32 39 21 127 6 24 30 31 9 35 29
4989 24 40 28 12 89 1 26 28 36 28 36 29
4990 23 33 39 44 70 1 21 29 27 34 36 29
4991 23 39 47 35 170 45 19 36 23 30 36 29
4992 23 28 28 26 84 3 25 23 38 29 36 29
4993 23 28 27 39 68 1 23 41 34 22 35 29
4994 23 38 45 44 105 28 22 26 26 31 36 30
4995 23 28 15 19 93 31 27 34 24 13 35 29
4996 23 34 34 32 140 1 29 33 39 22 35 29
4997 23 33 34 26 113 15 22 39 33 19 35 29
4998 23 34 32 32 157 12 28 41 32 37 36 29
4999 23 33 29 22 134 18 22 27 27 11 35 29
5000 23 36 27 28 63 55 26 33 29 13 35 29
