1 23 24 23 28 100 50 24 29 30 13 36 30
2 24 36 28 33 76 1 23 26 32 42 36 30
3 24 38 42 22 90 44 27 18 32 1 36 30
4 23 31 18 29 48 37 23 9 31 10 36 30
5 23 32 23 31 76 1 28 35 27 37 36 30
6 23 33 27 39 107 19 27 38 33 42 36 30
7 23 30 27 24 107 21 20 23 21 4 36 30
8 24 36 29 23 80 1 22 1 31 22 35 30
9 23 31 16 32 53 84 27 32 27 21 36 30
10 23 42 51 40 193 67 27 33 27 26 36 30
11 24 41 52 24 228 62 25 31 35 10 36 30
12 24 30 25 28 68 1 31 26 38 29 36 30
13 23 43 46 21 248 23 24 28 34 38 36 30
14 23 24 17 30 72 102 27 42 33 25 36 30
15 23 42 40 30 57 1 26 23 25 22 36 30
16 24 44 37 23 114 72 23 32 30 27 36 30
17 24 30 25 23 47 10 26 34 28 22 35 30
18 23 36 36 28 203 1 23 26 30 28 36 30
19 23 33 33 43 143 1 21 39 28 38 36 30
20 24 33 20 25 196 92 25 33 31 34 36 30
21 24 34 41 39 220 18 28 31 32 23 36 30
22 24 42 45 31 102 54 25 26 27 24 36 30
23 23 34 25 19 105 29 23 33 28 11 35 30
24 24 44 43 19 72 1 24 19 22 17 36 30
25 24 33 35 29 157 71 28 32 30 9 36 30
26 23 29 28 30 70 81 27 23 36 8 36 30
27 23 30 23 26 129 1 24 26 28 2 35 29
28 23 32 20 25 54 54 24 40 32 26 35 29
29 23 32 27 22 175 31 24 31 29 23 35 30
30 24 35 40 39 159 1 21 29 29 35 36 30
31 23 30 17 26 116 15 23 33 28 30 36 30
32 24 30 29 26 70 89 26 25 35 5 36 30
33 23 34 31 43 74 19 26 37 25 43 36 30
34 23 25 9 27 178 1 24 28 22 16 35 30
35 24 19 7 45 56 47 26 30 36 18 36 30
36 23 46 41 25 160 30 25 22 29 21 36 30
37 24 33 37 34 86 69 27 36 28 20 36 30
38 23 33 37 27 59 5 20 27 33 14 35 29
39 24 39 48 39 194 51 24 31 28 32 36 30
40 24 32 26 29 88 1 24 31 32 21 35 30
41 24 42 51 37 130 1 20 26 37 29 36 30
42 24 27 19 28 89 1 20 14 27 14 35 30
43 24 24 16 28 70 28 27 26 36 4 36 29
44 24 34 19 22 61 1 32 25 30 20 36 30
45 23 31 22 27 79 76 24 37 30 31 36 30
46 24 39 34 14 94 1 20 22 25 35 36 30
47 24 32 21 24 158 71 28 21 42 20 36 30
48 23 31 25 30 54 1 25 24 26 15 36 30
49 24 34 35 17 86 9 21 37 31 22 36 30
50 23 30 29 32 77 10 25 33 19 19 35 30
51 24 36 33 33 77 57 25 29 28 34 36 30
52 24 40 43 39 56 1 21 38 27 44 36 30
53 24 28 17 38 86 1 27 33 27 13 36 30
54 24 32 21 18 104 7 20 26 28 13 36 30
55 23 39 44 23 112 19 31 29 35 13 35 29
56 23 31 29 24 149 25 27 28 33 8 36 30
57 23 32 22 22 62 16 25 25 26 11 36 30
58 24 32 21 26 129 5 26 27 28 14 36 30
59 23 20 8 30 69 13 52 38 33 12 36 29
60 23 23 11 23 143 11 39 19 21 4 36 30
61 24 24 23 28 59 13 22 29 30 12 36 30
62 24 34 23 17 99 24 23 27 26 1 36 30
63 23 28 27 33 713 1 23 28 25 27 36 30
64 23 34 21 21 87 1 19 18 21 6 35 30
65 24 43 47 25 107 1 24 45 25 29 36 30
66 23 26 17 26 72 18 25 32 31 16 36 30
67 24 35 36 22 136 1 27 31 29 27 36 29
68 24 36 26 23 99 40 26 24 33 18 36 30
69 23 33 35 23 96 31 27 45 31 24 36 30
70 24 33 26 20 79 30 25 26 29 13 36 30
71 24 30 27 33 103 56 28 30 31 18 36 30
72 24 43 50 26 72 72 24 24 30 11 36 30
73 23 34 37 33 96 94 30 28 29 16 36 30
74 24 47 52 32 115 131 34 1 44 26 36 30
75 23 26 17 29 63 22 29 33 35 35 36 30
76 24 42 40 17 69 1 18 23 30 30 36 30
77 24 29 25 22 186 32 26 31 27 4 36 30
78 24 40 48 28 65 1 24 27 27 15 36 30
79 24 38 40 31 87 1 30 26 28 25 36 30
80 24 24 20 28 214 103 22 27 33 17 36 30
81 23 32 28 23 56 1 26 42 35 26 36 30
82 24 32 24 31 254 51 26 36 26 41 36 30
83 23 30 31 41 164 1 28 43 26 33 36 30
84 24 40 45 16 101 1 25 37 28 24 36 30
85 23 25 10 25 166 1 21 19 25 17 35 30
86 24 34 22 25 44 1 24 37 22 34 36 30
87 24 36 39 31 72 1 23 38 29 38 36 30
88 24 35 38 27 61 41 25 25 33 19 36 30
89 23 28 22 35 283 45 25 31 30 23 36 30
90 24 33 24 17 82 64 21 31 27 6 36 30
91 23 44 40 35 65 51 23 29 33 33 36 30
92 23 29 19 38 99 134 27 34 25 16 35 30
93 24 39 46 37 51 16 22 29 32 46 36 30
94 24 29 21 27 119 51 22 27 25 24 36 30
95 24 34 22 21 57 59 22 25 23 14 36 30
96 24 41 40 22 159 16 24 29 39 9 36 30
97 24 27 23 27 53 1 21 31 29 20 35 30
98 23 24 16 37 42 19 23 31 29 33 36 30
99 24 38 41 26 65 53 27 27 33 26 36 30
100 24 33 31 45 52 69 24 21 26 16 36 30
101 23 35 28 27 143 65 25 26 34 21 36 30
102 24 43 48 36 85 43 26 1 31 31 36 30
103 24 40 37 14 171 68 21 29 30 13 36 30
104 24 33 32 35 125 25 31 36 32 21 36 30
105 23 45 46 27 106 38 33 36 29 31 36 30
106 23 29 16 37 76 55 26 27 32 5 36 30
107 23 31 18 23 80 37 32 24 34 12 36 30
108 23 28 23 31 85 19 32 30 31 18 35 30
109 23 29 30 48 193 15 25 35 23 29 36 30
110 23 31 16 15 94 1 24 28 32 21 35 29
111 24 30 32 30 185 74 29 43 30 14 36 30
112 23 30 25 24 148 34 28 28 30 13 36 30
113 23 27 21 49 76 102 22 33 28 21 36 30
114 24 35 38 28 91 13 21 27 28 23 36 30
115 23 35 43 35 70 87 25 35 34 19 36 30
116 24 37 40 24 103 64 27 22 29 10 36 30
117 23 31 25 26 76 70 28 23 31 10 35 30
118 24 39 35 14 152 53 21 25 28 29 36 30
119 23 41 53 34 80 22 28 31 32 33 36 30
120 24 29 22 31 92 50 29 31 34 20 36 30
121 24 42 44 27 441 123 24 38 36 25 36 30
122 24 38 46 26 102 71 30 25 39 25 36 30
123 23 20 4 18 144 21 23 23 23 1 35 29
124 24 31 29 26 140 45 25 31 23 23 36 30
125 24 40 40 42 88 1 21 24 25 31 36 30
126 24 35 37 41 120 26 28 33 27 37 36 30
127 23 41 43 22 141 11 29 22 30 21 35 30
128 24 31 26 18 147 44 27 26 31 13 36 30
129 23 26 19 32 70 1 30 29 32 14 36 30
130 24 38 36 19 117 1 29 33 33 14 36 30
131 23 33 28 26 88 33 27 33 31 19 36 30
132 24 45 56 20 173 1 29 33 38 29 36 30
133 24 39 36 27 59 55 27 29 25 24 36 30
134 23 39 41 38 112 1 25 30 25 34 36 30
135 24 38 37 48 62 55 25 33 25 28 36 30
136 24 37 39 19 111 1 24 29 38 20 36 30
137 23 34 36 28 61 1 28 32 30 17 36 30
138 24 36 37 16 65 33 22 27 24 25 36 30
139 24 44 47 47 290 125 50 35 28 32 36 30
140 23 31 26 25 84 8 24 31 19 24 35 29
141 23 36 41 37 94 10 26 33 31 24 36 30
142 24 34 35 30 87 49 21 26 31 23 36 30
143 23 33 33 42 94 58 31 28 36 21 36 30
144 24 39 41 41 117 84 27 26 33 16 36 30
145 23 34 27 19 85 1 20 30 39 19 36 30
146 23 32 29 30 107 16 22 27 27 17 36 30
147 24 37 38 20 114 1 25 15 32 21 36 30
148 23 27 21 27 74 1 28 30 22 13 36 30
149 23 28 20 7 90 18 22 32 33 8 36 30
150 23 31 23 22 98 19 26 29 34 26 36 30
151 24 41 51 32 77 46 26 36 32 30 36 30
152 23 33 27 30 213 52 34 36 26 18 36 30
153 24 30 27 16 105 11 18 37 34 16 36 30
154 23 33 31 33 92 41 22 36 30 29 36 29
155 24 30 33 17 70 26 23 27 35 12 36 30
156 23 30 17 19 100 40 26 23 29 13 36 29
157 24 37 32 23 126 1 22 22 26 17 36 30
158 24 30 32 39 49 50 24 34 31 29 36 30
159 24 41 38 24 107 1 26 25 31 23 36 30
160 23 43 42 24 69 81 22 2 22 30 36 30
161 24 33 33 33 166 1 26 30 31 23 36 30
162 24 32 40 38 144 72 20 36 32 22 36 30
163 23 21 19 41 79 59 16 23 26 15 36 30
164 24 33 32 32 89 1 24 32 27 31 36 30
165 24 33 28 36 118 1 25 42 31 24 36 30
166 23 24 14 37 129 28 23 32 29 13 36 30
167 23 41 41 28 76 105 20 23 34 21 36 30
168 24 42 44 24 50 47 27 43 33 33 36 30
169 24 28 25 27 136 9 31 28 40 16 35 30
170 23 32 20 19 128 14 25 24 34 17 36 30
171 23 40 43 26 215 98 22 33 32 17 36 30
172 24 28 24 30 83 1 29 33 36 26 36 30
173 24 33 36 41 78 28 24 31 28 30 36 30
174 24 29 15 30 96 26 25 39 29 15 36 30
175 23 31 33 24 107 63 25 28 27 5 36 29
176 23 33 28 31 72 84 26 26 32 12 36 30
177 23 25 12 20 80 2 22 26 22 16 35 30
178 24 42 48 23 101 116 24 23 32 29 36 30
179 24 32 37 24 72 88 24 30 29 1 36 30
180 24 31 32 24 102 28 22 26 32 18 36 30
181 24 40 46 28 130 65 31 22 34 27 36 30
182 24 32 32 42 93 1 27 30 27 35 36 30
183 23 35 42 27 106 39 17 1 36 19 36 30
184 24 31 29 24 103 1 19 27 28 6 36 30
185 24 31 33 23 90 1 22 31 23 11 36 30
186 24 33 30 33 55 30 20 39 25 18 36 30
187 24 36 33 24 120 13 19 26 31 13 36 30
188 23 23 11 19 60 12 25 18 34 14 36 29
189 24 46 48 29 69 60 28 18 29 31 36 30
190 24 34 31 27 93 90 26 34 29 24 36 30
191 24 31 26 12 101 1 20 29 29 5 36 30
192 23 37 48 36 163 1 21 33 24 22 36 30
193 24 35 29 23 123 87 26 32 24 13 36 30
194 24 31 30 39 57 1 23 1 36 20 35 30
195 24 31 30 22 233 1 24 27 36 25 36 30
196 24 43 48 26 106 65 26 28 33 25 36 30
197 24 39 26 19 111 1 22 35 31 18 35 30
198 24 30 31 27 117 21 27 29 25 17 36 30
199 23 41 40 21 93 1 23 30 23 14 36 29
200 24 36 33 33 48 67 24 26 34 33 36 30
201 24 36 38 27 212 138 588 31 28 7 36 30
202 23 26 14 25 82 11 29 22 23 17 35 29
203 23 29 33 38 330 1 24 23 29 18 36 30
204 24 41 39 28 89 1 31 36 20 24 36 30
205 23 22 13 35 44 97 23 24 32 9 36 30
206 23 28 22 26 226 1 28 19 30 17 35 30
207 23 25 16 20 138 22 22 22 35 22 35 30
208 24 35 38 33 89 121 23 28 30 12 36 30
209 24 29 24 22 98 1 22 28 24 5 36 30
210 23 29 20 24 67 6 18 11 31 25 35 30
211 24 30 23 27 101 1 22 26 31 4 36 30
212 23 17 5 40 236 9 23 26 34 21 36 30
213 24 40 39 11 99 7 24 40 21 25 36 30
214 23 30 27 35 117 59 19 26 26 25 36 30
215 23 38 45 37 80 72 26 31 26 33 36 30
216 23 25 30 35 100 1 18 30 32 23 35 30
217 23 32 43 28 256 1 22 35 27 24 36 30
218 24 42 47 24 61 51 27 40 23 31 36 29
219 23 31 29 21 78 24 23 35 31 26 36 30
220 24 26 30 41 83 35 25 31 27 18 36 30
221 24 28 16 35 93 12 26 30 33 25 36 30
222 24 40 41 41 67 1 25 29 28 31 36 30
223 23 33 39 39 215 57 26 30 36 29 36 30
224 24 31 19 17 82 20 27 23 29 21 36 30
225 24 29 26 36 47 3 21 23 33 34 36 30
226 23 30 27 30 135 1 27 39 35 40 36 30
227 23 35 34 35 103 76 22 28 28 30 36 30
228 24 40 37 35 137 1 21 37 31 33 36 30
229 23 41 34 27 125 5 21 36 24 31 36 30
230 23 28 24 28 140 10 24 31 32 24 35 30
231 23 34 34 26 70 1 26 22 31 23 36 30
232 23 34 27 29 72 9 24 33 31 10 36 30
233 23 28 19 26 179 1 22 32 25 16 35 30
234 24 40 44 30 61 121 22 29 30 29 36 30
235 23 29 27 20 86 1 21 28 22 10 35 30
236 24 33 35 30 61 19 26 34 31 28 36 30
237 24 25 24 31 64 88 21 20 23 10 36 30
238 24 33 30 27 83 109 21 17 33 15 36 30
239 23 42 47 26 104 85 24 24 29 5 36 30
240 24 22 7 34 43 8 25 39 30 31 36 30
241 24 41 42 14 100 1 19 29 29 9 36 30
242 23 25 15 25 150 1 25 34 30 14 36 29
243 24 43 55 36 104 109 25 31 20 27 36 30
244 23 30 30 34 144 64 22 27 26 9 36 30
245 23 28 24 29 69 81 21 20 29 27 36 30
246 24 41 43 30 133 40 22 31 28 16 36 30
247 23 34 33 24 81 34 21 33 34 22 36 30
248 24 38 35 32 168 15 22 32 32 36 36 30
249 23 19 15 23 222 1 22 25 26 9 36 29
250 24 35 35 39 96 80 24 29 38 18 36 30
251 24 22 6 27 110 16 26 35 27 18 36 30
252 24 31 28 31 58 1 25 38 24 25 36 30
253 24 31 24 26 55 6 29 26 31 7 36 30
254 23 21 6 38 56 34 21 24 25 10 36 30
255 24 33 34 18 120 4 24 25 28 6 36 30
256 24 39 48 24 113 75 26 37 35 18 36 30
257 24 37 41 33 128 101 22 1 38 25 36 30
258 24 38 41 28 60 1 23 16 26 33 36 30
259 24 39 47 34 94 1 21 26 30 18 36 30
260 23 22 6 15 55 27 25 37 25 6 36 29
261 24 41 46 31 63 1 19 37 27 36 36 30
262 23 45 45 43 114 83 29 28 38 39 36 30
263 23 30 22 29 65 1 23 32 28 30 36 29
264 24 36 33 21 66 1 23 29 28 22 36 30
265 24 23 14 38 92 1 21 18 25 20 35 30
266 24 35 27 32 338 1 24 38 42 48 36 30
267 23 29 17 24 114 1 27 31 28 26 36 29
268 23 36 45 34 88 42 24 36 27 21 36 30
269 24 29 23 35 73 1 24 46 31 34 36 30
270 23 23 19 24 142 1 19 25 26 1 35 29
271 24 41 49 42 91 42 25 37 33 37 36 30
272 24 27 23 36 58 1 27 32 25 24 36 30
273 24 30 24 34 80 1 28 27 30 35 36 30
274 24 24 22 34 112 68 31 25 32 9 36 30
275 23 29 28 34 110 56 29 19 31 16 36 30
276 23 32 30 19 102 1 21 26 28 19 36 30
277 23 31 21 17 57 1 22 40 26 32 36 29
278 23 50 47 28 96 71 27 25 27 32 36 30
279 23 34 33 37 97 1 21 40 27 24 36 30
280 24 32 36 26 102 40 25 19 35 1 36 30
281 23 29 31 30 98 73 28 32 27 3 36 30
282 23 42 41 21 132 1 24 49 30 31 36 30
283 24 42 47 26 101 7 27 26 35 27 36 30
284 23 43 47 36 112 1 22 24 32 25 36 30
285 23 34 24 24 168 1 31 27 27 29 36 30
286 23 24 3 23 109 1 26 29 25 3 35 30
287 24 27 21 22 143 54 29 25 25 18 36 30
288 24 35 33 19 145 3 23 26 30 20 36 30
289 23 25 17 20 51 31 29 31 28 11 36 30
290 24 38 39 32 117 99 22 36 23 17 36 30
291 24 38 33 19 175 15 27 27 19 21 36 30
292 24 32 29 35 82 25 27 36 35 31 36 30
293 23 36 30 22 103 1 30 27 35 2 35 30
294 24 36 42 31 94 95 24 29 29 25 36 30
295 24 31 25 38 82 35 24 35 33 31 36 30
296 24 32 24 30 102 1 23 32 30 31 36 30
297 23 31 29 17 204 22 22 26 26 1 36 30
298 23 30 20 25 91 35 22 25 30 18 36 30
299 24 39 39 27 94 60 29 28 33 24 36 30
300 24 39 39 27 92 11 20 31 33 20 36 30
301 24 36 42 46 95 1 16 36 35 32 36 30
302 24 34 30 38 108 1 26 34 28 43 36 30
303 24 34 30 32 60 4 28 38 28 37 36 30
304 24 39 44 46 73 16 28 37 31 42 36 30
305 24 40 34 19 110 1 25 17 27 26 36 30
306 24 33 31 16 105 1 23 25 24 10 36 30
307 23 31 21 27 66 49 29 25 35 29 36 30
308 24 29 29 26 157 1 30 25 24 10 36 30
309 24 35 34 24 144 30 24 28 27 29 36 30
310 24 32 33 38 85 31 21 1 44 26 35 30
311 23 32 21 19 62 29 27 25 23 23 36 29
312 24 33 28 35 83 115 30 26 31 13 36 30
313 24 47 59 49 62 9 27 44 26 36 36 30
314 23 39 35 34 204 85 24 25 25 31 36 30
315 24 45 48 28 106 67 26 30 32 37 36 30
316 24 29 35 37 160 135 30 24 31 6 36 30
317 23 37 39 35 94 77 22 29 25 32 36 30
318 23 27 24 21 115 37 25 30 29 1 36 30
319 24 28 26 29 78 1 24 27 37 6 36 30
320 24 27 21 35 79 9 27 26 28 21 36 30
321 24 30 31 22 86 53 19 33 23 11 36 30
322 24 29 23 30 152 1 25 33 32 31 36 30
323 24 28 30 29 85 1 23 30 21 26 36 30
324 23 29 22 21 110 35 26 20 26 1 36 30
325 24 31 28 17 83 1 28 24 27 12 36 30
326 24 46 53 39 65 84 25 30 33 24 36 30
327 24 35 31 19 131 53 20 22 31 10 36 30
328 24 28 14 25 117 1 29 3 35 22 36 30
329 24 36 30 16 61 33 30 27 30 15 36 30
330 24 33 20 22 53 18 18 37 21 19 36 30
331 23 30 27 24 174 1 28 35 34 34 36 30
332 24 37 42 25 74 107 27 34 29 1 36 30
333 24 47 52 24 99 1 27 28 41 34 36 30
334 24 28 34 31 86 48 26 24 35 13 36 30
335 24 35 36 34 87 1 25 40 27 43 36 30
336 24 34 40 35 91 25 21 26 25 17 36 30
337 24 33 26 28 341 1 23 22 32 34 36 30
338 24 36 30 20 91 51 22 35 33 22 36 30
339 24 32 20 7 168 3 24 36 32 37 36 30
340 24 37 43 30 82 50 22 25 32 1 36 30
341 24 34 27 17 72 29 20 23 30 15 36 30
342 24 36 33 27 108 1 25 37 28 30 36 30
343 23 23 16 30 105 74 24 39 30 20 36 30
344 24 37 34 26 53 8 24 25 31 39 36 30
345 24 41 35 18 153 28 28 29 32 17 36 30
346 24 36 40 20 129 13 28 30 31 27 36 30
347 24 36 30 14 103 67 24 22 34 25 36 30
348 24 33 35 26 97 1 23 32 33 1 36 30
349 24 48 47 27 71 5 26 31 38 41 36 30
350 23 37 23 22 53 32 18 20 25 11 36 30
351 24 37 43 30 69 30 25 31 28 35 36 30
352 24 42 40 32 129 1 17 33 18 35 36 30
353 24 32 37 36 46 62 26 49 30 34 36 30
354 23 33 39 24 119 68 29 28 31 2 36 30
355 24 28 26 23 148 1 30 34 34 26 36 30
356 24 34 25 29 78 8 27 40 34 43 36 30
357 24 47 45 6 141 3 19 50 23 17 36 30
358 24 37 44 35 140 52 24 1 28 27 36 30
359 24 40 39 33 71 41 22 26 28 21 36 30
360 24 38 39 28 59 1 26 26 35 33 36 30
361 24 36 31 18 89 1 27 33 36 12 36 30
362 24 42 47 28 82 28 22 33 26 13 36 30
363 24 35 40 35 75 35 27 36 32 19 36 30
364 24 37 29 30 45 30 17 33 30 37 36 30
365 24 37 39 35 477 51 26 17 40 29 36 30
366 23 36 34 25 91 1 29 27 35 22 36 30
367 24 31 27 25 82 30 26 26 30 1 36 30
368 24 43 50 36 83 93 23 26 23 32 36 30
369 24 27 27 34 66 1 36 28 36 22 35 30
370 24 39 32 33 70 47 21 46 25 22 36 30
371 24 40 45 32 118 43 29 19 30 10 36 30
372 23 29 22 20 169 60 22 27 30 11 36 30
373 24 34 29 25 60 22 23 22 31 21 36 30
374 24 28 22 20 79 3 23 23 24 6 36 30
375 24 35 23 24 123 28 21 34 25 44 36 30
376 24 34 44 28 113 77 22 15 36 1 36 30
377 24 36 31 37 90 11 27 31 35 24 36 30
378 24 40 43 40 94 98 26 27 29 32 36 30
379 24 26 17 26 70 48 26 30 30 17 36 30
380 24 34 46 31 101 108 21 21 28 20 36 30
381 24 31 33 35 144 1 30 27 43 21 36 30
382 23 27 18 30 128 1 23 28 29 19 36 30
383 24 34 29 32 107 1 24 41 26 37 36 30
384 24 34 28 34 100 10 33 36 29 27 36 30
385 24 28 21 20 93 1 20 33 30 3 36 30
386 24 31 17 27 95 22 23 29 32 40 36 30
387 24 39 28 15 57 42 24 16 32 9 36 30
388 24 41 49 31 131 68 21 26 25 32 36 30
389 23 22 6 20 89 50 25 27 32 19 36 30
390 24 41 41 24 59 1 31 33 29 28 36 30
391 24 36 29 21 100 16 25 32 26 37 36 30
392 24 36 40 29 112 1 21 22 26 4 36 30
393 24 36 31 28 127 46 26 44 30 34 36 30
394 24 33 29 23 243 1 20 29 27 22 36 30
395 23 41 42 28 105 54 22 22 31 32 36 30
396 24 43 41 27 79 73 22 27 26 29 36 30
397 23 38 45 34 141 46 348 29 32 34 36 30
398 24 29 20 27 100 39 27 28 38 21 35 30
399 24 34 31 27 122 1 24 20 26 13 36 30
400 24 31 27 34 65 50 21 35 39 14 36 30
401 24 35 37 38 290 1 23 31 38 20 36 30
402 24 34 32 15 140 19 23 20 27 18 36 30
403 24 29 28 28 110 32 26 28 29 23 36 30
404 24 33 27 25 81 1 25 29 35 26 36 30
405 23 35 32 38 134 46 25 31 32 39 36 30
406 23 32 31 35 109 17 29 38 31 28 36 29
407 24 36 43 17 106 84 26 24 29 17 36 30
408 24 41 47 36 199 1 24 28 29 35 36 30
409 24 30 16 30 48 49 24 23 31 26 36 30
410 24 35 31 30 88 53 26 37 32 33 36 30
411 23 33 28 26 93 1 25 30 21 18 36 30
412 24 31 20 23 85 77 22 31 41 17 36 30
413 24 30 31 42 242 1 27 37 34 21 36 30
414 24 40 49 28 77 47 29 36 31 37 36 30
415 24 34 26 24 65 9 22 28 28 25 36 30
416 24 43 41 31 137 55 24 29 29 27 36 30
417 24 35 32 36 110 5 22 36 26 35 36 30
418 24 33 26 17 91 52 29 29 30 14 36 30
419 24 40 42 30 85 67 26 1 26 26 36 30
420 24 40 38 32 53 82 29 1 38 27 36 30
421 24 36 38 22 195 29 31 31 27 7 36 30
422 24 29 18 23 72 39 25 22 32 22 36 30
423 24 31 26 36 107 22 24 1 39 23 36 30
424 24 34 29 27 96 53 23 28 26 25 36 30
425 24 32 23 24 102 1 25 25 29 13 36 30
426 24 35 29 26 136 37 27 23 35 31 36 30
427 24 34 39 41 103 39 28 43 26 20 36 30
428 24 38 39 18 66 33 23 24 34 7 36 30
429 24 33 32 29 84 1 23 35 25 30 36 30
430 24 41 44 29 103 1 24 33 26 14 36 30
431 24 39 42 41 130 95 27 29 26 33 36 30
432 24 28 23 47 78 59 32 33 31 26 36 30
433 24 34 34 28 181 1 26 27 31 16 36 30
434 24 30 27 20 85 1 19 14 29 16 36 30
435 23 21 6 37 100 1 24 32 23 8 36 30
436 24 29 23 22 58 1 20 36 31 21 36 30
437 24 34 30 29 102 1 20 27 25 17 36 30
438 24 31 24 30 91 47 24 26 27 32 36 30
439 24 38 50 26 121 17 25 30 33 10 36 30
440 24 40 40 20 87 1 27 20 30 20 36 30
441 24 27 24 32 67 1 20 22 19 1 36 30
442 24 48 49 31 102 117 26 34 32 27 36 30
443 24 31 30 21 126 78 24 23 28 4 36 30
444 24 31 31 28 83 61 27 24 37 19 36 30
445 24 36 29 19 90 7 24 33 36 24 36 30
446 24 29 24 32 88 1 25 25 26 33 36 30
447 24 32 22 35 86 29 22 41 31 20 36 30
448 24 37 33 25 134 24 28 28 23 18 36 30
449 24 39 37 37 98 94 32 30 40 30 36 30
450 24 36 37 23 65 64 22 25 35 34 37 30
451 24 29 27 29 77 1 29 32 27 23 36 30
452 23 27 19 24 52 18 25 22 29 11 36 30
453 23 21 1 45 109 4 25 38 26 7 36 30
454 24 37 36 32 77 59 27 29 31 17 36 30
455 24 26 29 38 107 50 24 22 27 19 36 30
456 24 30 21 31 91 17 29 26 34 24 36 30
457 24 27 25 21 87 5 25 32 29 8 36 30
458 24 24 10 31 152 1 25 28 30 18 36 30
459 24 33 31 17 68 1 18 28 26 17 36 30
460 24 38 35 23 127 1 24 24 24 24 36 30
461 24 30 26 28 101 53 29 32 39 20 36 30
462 24 34 24 16 201 57 27 22 26 20 36 30
463 24 32 32 30 63 100 24 24 30 24 36 30
464 24 42 37 31 225 1 20 32 31 35 36 30
465 24 38 29 27 65 1 29 5 35 19 36 30
466 24 42 45 24 126 28 30 28 37 24 36 30
467 24 28 33 36 94 1 18 1 31 9 36 30
468 23 22 18 40 106 50 24 18 31 12 36 30
469 23 28 17 15 122 47 19 27 32 18 36 30
470 23 32 28 39 95 1 19 39 21 27 36 30
471 23 30 24 13 66 1 29 19 33 5 36 30
472 23 28 11 32 90 1 25 36 28 19 36 30
473 24 29 19 32 113 1 23 35 31 17 36 30
474 24 36 31 19 210 1 28 30 32 15 36 30
475 23 39 39 25 131 12 23 1 32 22 36 30
476 24 37 39 32 141 2 26 32 32 23 36 30
477 24 33 30 27 138 17 29 34 28 27 36 30
478 24 38 39 31 60 1 26 26 32 23 36 30
479 24 28 24 26 75 1 22 26 27 15 35 30
480 24 28 26 36 98 63 23 19 27 14 36 30
481 24 34 33 22 55 10 21 29 29 28 36 30
482 24 24 13 36 80 1 26 34 41 26 36 30
483 24 31 30 31 95 54 27 33 26 18 36 30
484 24 40 45 30 63 1 27 30 35 24 36 30
485 24 41 38 37 59 70 28 21 27 38 36 30
486 23 31 35 25 67 32 26 31 24 15 36 30
487 24 35 29 29 80 87 41 25 27 18 36 30
488 24 27 24 30 90 1 31 26 33 17 36 30
489 24 47 62 25 142 110 29 12 34 39 36 30
490 23 25 10 37 100 90 28 19 30 18 36 30
491 24 34 24 21 57 1 21 21 33 22 36 30
492 24 38 43 23 92 35 29 31 37 31 36 30
493 24 35 37 26 86 22 25 30 29 28 36 30
494 24 31 25 24 90 1 21 44 33 25 36 30
495 24 40 30 16 74 1 26 28 33 35 36 30
496 24 33 25 28 83 1 21 30 29 27 36 30
497 24 36 37 21 105 71 26 24 36 13 36 30
498 24 38 32 22 139 28 24 39 21 23 36 30
499 24 35 39 26 63 59 29 19 28 19 36 30
500 24 41 51 28 52 28 30 30 31 27 36 30
501 24 34 24 26 86 1 20 30 27 37 36 30
502 24 34 31 28 123 36 26 35 192 31 36 30
503 24 34 32 22 232 1 24 44 32 19 36 30
504 24 30 31 26 131 52 28 32 37 39 36 30
505 24 38 40 27 117 111 31 30 41 35 36 30
506 24 40 33 16 99 47 22 22 29 11 36 30
507 24 46 55 19 108 1 28 29 31 32 37 30
508 23 25 19 38 69 1 24 27 28 14 36 30
509 24 36 31 31 198 1 22 31 28 22 36 30
510 24 29 21 28 75 59 26 40 27 23 36 30
511 24 35 29 23 127 17 24 29 29 30 36 30
512 24 32 29 22 65 1 24 21 30 11 36 30
513 24 46 47 25 174 55 29 36 30 32 36 30
514 24 32 24 30 96 60 28 28 30 23 36 30
515 24 34 32 23 151 38 26 34 32 22 36 30
516 24 33 26 28 52 34 26 29 33 26 36 30
517 24 32 31 35 92 85 26 21 29 23 36 30
518 24 41 53 30 132 41 30 29 32 23 36 30
519 24 49 51 30 76 87 26 27 29 26 36 30
520 24 29 24 35 126 1 21 30 20 17 36 30
521 24 28 11 27 111 1 28 27 33 25 35 30
522 24 31 30 20 93 3 26 25 30 17 36 30
523 24 38 42 41 126 61 28 27 32 35 36 30
524 24 26 20 19 58 1 28 41 33 28 36 30
525 23 28 16 40 115 34 22 32 28 17 36 30
526 23 28 16 17 70 1 26 20 28 4 36 29
527 24 44 47 26 163 45 28 26 28 21 36 30
528 24 37 36 13 121 114 24 20 34 6 36 30
529 24 40 32 16 98 1 21 23 31 22 36 30
530 24 42 44 35 195 1 28 32 32 37 36 30
531 24 37 30 19 77 33 26 27 29 15 36 30
532 24 31 27 24 98 52 25 27 28 5 36 30
533 24 28 22 29 87 20 22 28 28 8 36 30
534 24 40 45 22 93 17 24 20 27 25 36 30
535 24 41 41 31 74 19 27 41 26 39 36 30
536 24 44 48 22 107 78 23 25 31 21 36 30
537 24 39 51 35 165 82 23 25 26 22 36 30
538 24 39 35 12 77 1 23 49 27 29 36 30
539 24 37 45 47 62 1 27 25 18 19 36 30
540 24 35 36 28 81 89 25 29 25 14 36 30
541 24 31 28 26 58 1 22 30 34 24 36 30
542 24 39 42 25 65 30 23 28 30 17 36 30
543 24 24 19 31 109 1 25 25 23 6 36 30
544 24 29 13 17 71 1 25 33 32 4 36 30
545 23 18 1 24 128 1 20 29 36 5 36 30
546 24 38 43 21 80 7 20 32 31 26 36 30
547 24 44 35 7 106 56 25 24 28 17 36 30
548 24 30 22 21 90 62 26 30 27 12 36 30
549 24 35 30 19 114 4 21 24 24 7 36 30
550 24 34 36 32 50 18 27 29 27 40 36 30
551 24 31 33 33 83 25 28 34 35 35 36 30
552 24 45 45 5 71 1 31 21 32 29 36 30
553 23 24 14 29 188 2 25 27 34 23 36 30
554 24 39 42 20 173 32 22 26 22 1 36 30
555 23 28 19 20 118 35 21 27 30 2 36 30
556 24 34 32 11 65 8 28 25 31 14 36 30
557 24 36 41 29 102 42 26 48 28 30 36 30
558 24 33 30 42 70 14 23 30 20 42 36 30
559 24 30 21 24 123 37 26 1 27 14 35 29
560 24 40 49 31 81 24 25 34 32 28 36 30
561 24 38 43 38 55 41 27 35 26 31 36 30
562 24 43 46 29 190 89 23 29 26 13 36 30
563 24 36 37 35 237 23 23 24 30 25 36 30
564 24 40 41 27 113 1 25 1 28 42 36 30
565 24 33 24 27 220 7 22 25 30 33 36 30
566 24 29 21 21 54 1 25 28 30 41 36 30
567 24 33 27 21 58 1 17 39 33 23 36 30
568 24 47 48 14 141 88 21 24 27 27 36 30
569 24 32 23 35 89 1 30 32 28 37 36 30
570 24 32 24 23 92 1 27 24 32 20 36 30
571 24 37 22 18 81 22 23 33 29 38 36 29
572 24 35 44 24 122 1 22 26 30 19 36 30
573 24 36 45 44 66 1 24 44 34 38 36 30
574 24 29 21 26 106 33 30 47 29 16 36 30
575 24 37 47 32 114 37 24 33 30 27 36 30
576 23 21 4 29 103 1 25 30 24 17 36 30
577 24 39 40 26 139 13 27 42 28 26 36 30
578 24 34 25 14 93 1 19 34 23 13 36 30
579 24 28 20 15 176 1 21 18 25 19 36 30
580 24 44 43 40 46 48 34 33 34 39 36 30
581 24 38 45 32 143 77 25 27 26 25 36 30
582 24 25 18 37 152 92 23 24 29 13 36 30
583 24 33 23 24 112 32 24 31 30 35 36 30
584 24 29 23 20 180 1 27 32 28 15 36 30
585 24 38 34 28 74 32 24 28 23 33 36 30
586 23 26 19 31 47 1 27 39 34 33 36 30
587 24 28 23 44 124 1 32 22 23 10 36 30
588 24 32 28 16 52 32 24 15 44 1 36 30
589 24 35 34 25 162 1 20 29 32 16 36 30
590 24 32 27 27 53 1 33 32 26 38 36 30
591 24 33 28 29 136 82 22 35 28 27 36 30
592 24 39 36 1 63 1 25 32 35 28 36 30
593 23 43 43 21 573 47 23 34 33 30 36 30
594 24 32 34 38 102 65 21 33 26 22 36 30
595 24 33 28 33 115 35 17 33 23 1 36 30
596 23 35 30 22 97 20 27 26 25 20 36 30
597 24 39 40 15 97 1 23 28 31 24 36 30
598 24 38 38 19 70 55 24 28 26 1 36 30
599 24 48 65 26 131 1 22 1 37 27 36 30
600 24 31 25 32 59 58 23 25 30 17 36 30
601 24 42 54 26 135 78 26 25 25 19 36 30
602 24 33 37 21 107 36 20 22 31 28 36 30
603 24 28 28 36 78 11 28 25 35 39 36 30
604 24 38 40 20 184 81 25 32 34 21 36 30
605 24 32 30 22 67 102 25 30 30 6 36 30
606 24 26 21 36 169 21 18 25 31 17 36 30
607 24 42 37 29 119 1 23 37 24 44 36 30
608 23 26 7 27 77 16 26 50 24 19 35 30
609 23 33 30 34 139 85 25 22 32 25 36 30
610 24 39 23 11 113 1 28 35 37 29 36 30
611 24 34 33 23 108 96 26 29 27 12 36 30
612 24 38 42 33 89 1 26 26 24 24 36 30
613 24 30 22 22 94 29 26 25 38 15 36 30
614 23 35 37 39 103 55 25 40 33 39 36 30
615 24 36 36 30 95 50 28 24 33 25 36 30
616 24 35 44 29 100 75 30 32 38 31 36 30
617 23 38 43 36 91 140 21 29 38 3 35 29
618 24 38 33 28 106 1 23 32 28 45 36 30
619 24 29 22 30 81 1 27 33 32 40 36 30
620 24 34 33 28 87 24 23 13 28 20 36 30
621 24 34 43 25 122 28 28 22 33 14 36 30
622 24 35 31 23 123 1 30 31 32 28 36 30
623 24 43 51 28 63 19 29 31 28 36 36 30
624 24 24 18 31 68 26 26 33 23 10 36 30
625 24 35 34 30 49 34 22 36 27 33 36 30
626 24 41 44 27 143 69 16 1 30 43 36 30
627 24 26 20 53 64 54 25 1 41 24 36 30
628 24 42 47 8 137 34 20 26 30 24 36 30
629 24 40 48 37 113 30 24 29 29 30 36 30
630 24 39 51 29 168 57 25 31 29 24 36 30
631 24 49 58 23 92 26 24 51 22 24 36 30
632 24 33 23 32 85 1 27 41 21 46 36 30
633 24 34 26 22 165 71 23 16 35 22 36 30
634 24 36 26 20 164 7 27 34 29 13 36 30
635 24 38 44 32 99 1 24 36 32 28 36 30
636 24 41 45 27 65 39 24 21 25 12 36 30
637 24 29 16 5 221 4 24 21 29 1 36 30
638 24 25 5 27 51 6 25 27 37 8 36 30
639 24 43 42 30 112 98 24 1 30 32 36 30
640 24 23 22 28 166 35 29 49 33 1 36 30
641 24 22 6 29 137 1 21 31 22 20 36 30
642 24 47 44 25 86 71 29 18 29 28 36 30
643 24 31 18 24 159 36 30 30 30 32 36 30
644 24 47 44 25 92 1 24 32 27 31 36 30
645 24 30 20 28 102 17 26 29 29 33 36 30
646 24 36 29 25 92 27 28 27 26 34 36 30
647 24 46 47 23 64 88 17 25 19 28 36 30
648 24 32 26 26 95 40 16 1 34 27 36 30
649 24 28 27 36 124 49 25 22 23 15 36 30
650 24 27 23 40 63 96 23 43 31 13 36 30
651 24 27 27 45 103 80 26 24 26 32 36 30
652 24 33 31 34 120 1 21 38 27 38 36 30
653 24 19 13 22 72 1 20 26 23 5 36 30
654 24 35 31 29 93 1 21 9 35 27 36 30
655 24 27 26 29 52 27 18 28 26 34 36 30
656 24 40 35 28 64 43 22 41 34 32 36 30
657 24 31 20 25 156 1 20 32 29 24 36 30
658 23 29 19 25 64 27 24 30 31 19 35 30
659 24 39 34 36 68 1 30 38 30 39 36 30
660 24 24 20 45 77 84 17 21 25 13 36 30
661 24 37 38 33 145 44 27 37 29 40 36 30
662 24 29 19 24 87 1 28 31 38 12 36 30
663 24 34 29 29 84 77 26 41 26 14 36 30
664 24 32 38 37 191 1 26 13 27 12 36 30
665 24 35 29 26 89 9 28 32 28 17 36 30
666 24 30 24 40 92 39 26 26 23 24 36 30
667 24 31 26 32 137 1 21 44 28 42 36 30
668 24 33 28 22 118 89 23 33 30 4 36 30
669 24 28 25 26 259 1 26 26 32 25 36 30
670 24 31 31 36 70 25 27 30 29 23 36 30
671 24 36 38 21 95 13 26 20 29 5 36 30
672 24 41 41 19 147 1 27 27 28 11 36 30
673 24 29 25 33 111 1 24 38 28 18 36 30
674 24 47 49 30 184 23 26 26 32 36 36 30
675 24 33 33 19 77 12 17 18 26 21 36 30
676 24 37 35 36 60 1 26 47 29 41 36 30
677 24 32 31 33 127 1 25 36 28 38 36 30
678 24 31 39 30 136 1 22 31 40 15 36 30
679 24 34 28 33 374 94 24 35 35 37 36 30
680 24 32 32 32 109 36 23 23 34 26 36 30
681 24 40 30 30 61 1 22 40 24 33 36 30
682 24 36 35 22 64 1 27 32 35 26 36 30
683 24 43 47 17 82 56 20 1 29 17 36 30
684 24 27 19 10 98 1 22 26 31 5 36 30
685 24 35 41 40 142 10 25 36 29 30 36 30
686 24 39 32 34 97 36 29 37 32 37 36 30
687 24 35 34 30 54 67 19 27 33 24 36 30
688 24 35 26 31 114 23 23 35 22 22 36 30
689 24 91 23 15 97 12 26 25 18 86 36 30
690 24 38 33 26 149 21 18 16 30 13 36 30
691 24 32 36 45 93 43 43 35 35 24 36 30
692 24 35 29 28 110 6 19 29 19 24 36 30
693 24 24 5 22 171 71 26 38 27 10 36 30
694 24 39 46 41 60 1 25 35 31 44 37 30
695 24 35 34 39 93 1 20 48 28 35 36 30
696 24 42 37 32 119 72 26 50 31 19 36 30
697 24 39 44 42 108 1 25 37 33 42 36 30
698 24 38 43 23 96 37 24 38 31 28 36 30
699 24 27 20 31 85 20 23 22 27 14 35 30
700 24 38 39 23 107 70 24 24 37 4 36 30
701 24 49 47 21 87 2 25 9 27 37 36 30
702 24 29 20 25 119 10 463 29 30 23 36 30
703 24 36 40 26 114 81 22 30 33 9 36 30
704 24 31 25 33 57 1 21 39 32 33 36 30
705 24 25 18 32 62 8 18 27 29 29 36 30
706 24 22 7 40 92 1 29 28 27 19 36 30
707 24 29 22 36 128 1 25 31 28 34 36 30
708 24 41 43 24 73 1 24 29 23 29 36 30
709 23 27 13 15 115 1 28 38 28 15 36 30
710 24 36 33 36 49 2 22 37 24 31 36 30
711 24 42 47 35 74 25 21 34 27 29 36 30
712 24 29 18 18 130 32 23 32 30 2 36 30
713 24 34 29 14 150 52 23 22 30 11 36 30
714 24 26 15 25 140 22 27 34 35 23 36 30
715 24 38 36 43 164 1 27 37 32 30 36 30
716 24 30 34 26 55 50 18 25 31 24 36 30
717 24 36 39 25 64 81 23 22 31 15 36 30
718 24 35 30 23 232 44 24 25 34 25 36 30
719 24 52 64 20 139 66 30 33 30 33 36 30
720 24 44 38 35 57 26 26 36 23 32 36 30
721 24 28 25 45 96 51 26 31 31 22 36 30
722 24 42 43 37 105 48 28 41 34 26 36 30
723 24 27 12 26 89 31 18 24 22 9 36 30
724 24 40 44 26 159 32 27 16 36 27 36 30
725 24 37 30 29 250 42 26 1 29 21 36 30
726 24 27 26 34 116 18 27 26 37 19 36 30
727 24 34 30 12 111 41 23 24 35 19 36 30
728 24 36 42 41 63 43 26 31 29 20 36 30
729 24 46 44 12 117 108 27 37 37 23 36 30
730 24 39 38 45 243 47 27 29 29 30 36 30
731 24 32 31 30 233 22 25 27 30 14 36 30
732 24 40 45 38 84 1 21 29 30 26 36 30
733 24 32 15 17 132 33 27 30 38 16 36 30
734 24 31 25 31 94 51 29 22 29 16 36 30
735 24 29 21 28 133 12 22 18 26 22 36 30
736 24 27 16 5 106 1 26 19 25 2 36 30
737 24 29 9 17 119 1 27 29 34 15 36 30
738 24 38 37 35 138 1 27 30 26 37 36 30
739 24 31 28 35 77 2 24 32 30 33 36 30
740 24 44 50 35 98 61 23 27 34 33 37 30
741 24 49 57 29 106 1 27 26 32 32 36 30
742 24 30 20 25 90 24 25 18 40 20 36 30
743 24 30 31 41 99 83 19 22 28 8 36 30
744 24 31 38 28 80 110 28 25 32 18 36 30
745 24 43 47 29 132 8 21 25 28 30 36 30
746 24 28 18 21 126 29 20 26 18 13 36 30
747 24 35 23 24 188 24 25 30 32 31 36 30
748 23 31 34 31 61 44 30 37 27 23 36 30
749 24 30 21 22 66 31 26 39 26 14 36 30
750 24 44 48 21 126 29 29 30 29 28 36 30
751 24 43 58 27 96 95 22 35 30 31 36 30
752 24 31 34 40 119 16 30 23 30 19 36 30
753 24 33 30 36 171 24 24 37 26 32 36 30
754 24 35 35 15 155 1 20 21 29 9 36 30
755 24 27 16 19 86 1 24 24 27 12 36 30
756 23 23 1 34 100 1 25 35 39 16 35 30
757 24 31 28 31 103 15 23 50 30 21 36 30
758 24 31 29 19 73 1 24 27 29 12 36 30
759 24 45 52 22 89 64 24 22 31 13 36 30
760 24 43 52 26 128 15 20 33 33 30 36 30
761 24 39 40 22 136 22 27 19 23 21 36 30
762 24 48 51 25 140 69 22 28 33 48 36 30
763 24 34 37 27 110 25 21 29 24 27 36 30
764 24 35 31 19 69 55 24 25 26 11 36 30
765 24 40 45 17 127 19 25 1 32 19 36 30
766 24 39 43 26 104 38 28 27 40 27 36 30
767 24 31 29 27 86 45 27 30 34 18 36 30
768 24 34 31 30 87 64 29 24 33 12 36 30
769 24 41 43 27 86 1 22 27 24 21 36 30
770 24 38 39 20 146 26 25 24 31 11 36 30
771 24 40 41 22 128 1 27 31 39 16 36 30
772 24 29 16 17 137 1 19 31 24 21 36 30
773 24 44 50 19 83 69 25 37 29 25 36 30
774 24 33 36 28 115 1 22 26 29 21 36 30
775 24 37 37 18 118 55 24 33 28 12 36 30
776 24 32 32 28 114 36 25 32 37 23 36 30
777 24 23 12 23 114 1 24 33 24 25 36 30
778 24 28 29 40 55 15 24 32 28 26 36 30
779 24 38 41 39 117 12 23 29 34 28 36 30
780 24 40 36 16 72 1 29 38 32 22 36 30
781 24 34 22 30 94 51 34 24 29 32 36 30
782 24 35 39 33 151 67 23 20 24 15 36 30
783 24 46 39 29 89 1 28 33 31 41 36 30
784 24 26 24 36 51 1 25 23 30 18 36 30
785 24 48 43 14 90 85 23 23 38 23 36 30
786 24 31 28 29 117 58 19 31 29 23 36 30
787 24 32 26 21 84 1 20 23 30 11 36 30
788 24 41 49 27 134 113 24 36 29 26 36 30
789 24 44 36 16 78 50 23 24 25 19 36 30
790 24 38 45 23 144 113 25 26 27 18 36 30
791 24 28 19 34 56 1 26 37 28 24 36 30
792 24 36 32 29 103 1 24 1 37 22 36 30
793 24 26 9 19 184 65 23 32 33 11 36 30
794 24 35 25 17 65 1 15 36 26 26 36 30
795 24 35 35 29 85 1 21 18 28 19 36 30
796 24 35 31 35 202 39 25 41 24 14 36 30
797 24 36 36 21 169 75 31 23 33 8 36 30
798 24 39 38 29 118 16 32 21 40 24 36 30
799 23 36 43 34 73 39 24 36 33 40 36 30
800 24 30 29 23 85 37 21 31 31 2 36 30
801 24 29 21 27 58 39 27 34 30 13 36 30
802 24 36 40 23 106 80 25 27 32 9 36 30
803 23 33 23 24 61 46 20 27 24 5 36 30
804 24 40 32 22 205 1 21 23 30 20 36 30
805 24 31 36 32 86 1 28 26 33 16 36 30
806 24 30 29 28 111 1 27 31 31 25 36 30
807 24 34 27 15 118 56 29 26 26 14 36 30
808 24 34 33 26 87 82 28 22 31 14 36 30
809 24 33 29 23 93 15 24 20 27 14 36 30
810 23 42 43 21 131 86 25 26 28 2 36 30
811 24 38 29 42 85 93 24 32 30 17 36 30
812 24 30 28 30 126 4 28 17 31 17 36 30
813 24 37 45 33 67 141 24 28 33 18 36 30
814 24 28 26 29 99 45 26 4 33 14 36 30
815 24 41 26 31 98 1 24 28 29 33 36 30
816 24 30 34 34 117 3 20 23 22 12 36 30
817 24 33 29 32 68 80 20 29 23 23 36 30
818 24 30 22 26 168 28 25 25 29 24 36 30
819 24 45 41 34 121 19 28 33 34 33 36 30
820 24 36 30 22 81 27 22 27 26 28 36 30
821 24 35 35 25 89 47 22 33 29 11 36 30
822 24 28 17 23 53 27 26 25 36 24 36 30
823 24 31 32 20 92 1 18 16 23 1 36 30
824 24 39 35 15 103 75 27 18 30 7 36 30
825 24 29 35 37 88 55 21 24 27 14 36 30
826 24 52 70 46 106 96 29 36 32 42 36 30
827 24 41 32 39 51 55 27 41 39 41 36 30
828 24 32 35 36 73 1 20 27 22 25 36 30
829 24 42 44 34 77 1 34 36 31 34 36 30
830 24 40 48 24 72 58 27 33 30 14 36 30
831 24 20 11 39 57 31 22 22 30 4 36 30
832 24 28 13 24 49 1 26 30 32 30 36 30
833 24 36 28 22 106 79 27 33 28 6 36 30
834 23 16 1 40 73 1 20 30 34 12 36 30
835 24 41 38 12 117 22 25 30 34 19 36 30
836 24 44 37 23 100 1 29 33 42 46 36 30
837 24 44 46 25 161 1 24 27 35 38 36 30
838 24 46 48 29 52 51 26 1 40 34 36 30
839 24 33 23 27 201 1 22 30 25 5 36 30
840 24 40 52 34 210 1 28 36 36 29 36 30
841 24 43 37 36 161 1 26 34 26 38 36 30
842 24 41 45 36 61 72 24 18 28 26 36 30
843 24 36 36 39 127 1 23 34 25 42 36 30
844 24 31 32 25 140 98 25 20 28 25 36 30
845 24 35 31 18 213 1 21 31 22 14 36 30
846 24 42 45 20 94 51 17 1 24 33 36 30
847 24 35 31 21 77 54 25 45 28 28 36 30
848 24 31 29 49 98 61 25 33 26 36 36 30
849 24 37 30 20 71 11 25 26 29 22 36 30
850 24 31 28 45 107 1 25 27 27 33 36 30
851 24 29 38 35 68 1 21 25 34 18 36 30
852 24 33 26 25 80 1 20 30 23 31 36 30
853 24 43 47 29 98 33 26 34 24 32 36 30
854 24 35 19 18 79 33 26 23 30 13 36 30
855 24 33 31 29 58 25 25 28 26 27 36 30
856 24 50 50 23 94 18 29 29 27 35 36 30
857 24 28 31 30 83 1 25 26 32 21 36 30
858 24 39 42 36 119 81 25 33 32 28 36 30
859 23 33 38 35 135 1 21 27 22 13 35 29
860 24 31 26 24 223 42 22 28 28 10 36 30
861 24 40 47 37 99 54 27 38 31 35 36 30
862 24 33 30 37 77 1 23 37 26 39 36 30
863 24 26 15 25 59 1 21 24 31 24 35 30
864 24 44 58 31 128 1 25 22 34 36 36 30
865 24 28 27 37 112 1 29 45 33 29 36 30
866 24 38 37 33 109 56 24 32 32 38 36 30
867 24 36 30 34 103 19 28 30 28 41 36 30
868 24 32 28 30 104 1 22 27 32 19 36 30
869 24 26 16 21 130 1 30 32 29 17 36 30
870 24 34 35 24 81 67 23 27 23 6 36 30
871 24 37 41 32 162 39 27 22 25 25 36 30
872 24 35 33 34 59 54 24 36 29 28 36 30
873 24 29 12 20 117 3 24 17 32 14 36 30
874 24 35 28 32 150 46 30 39 28 27 36 30
875 24 38 37 21 176 84 25 45 31 25 36 30
876 24 36 30 14 149 2 25 17 27 2 36 30
877 24 33 25 24 126 38 27 38 31 27 36 30
878 24 38 24 24 84 8 20 1 38 19 36 30
879 24 28 19 9 208 73 21 32 27 1 36 30
880 24 33 23 33 91 1 25 28 28 48 36 30
881 24 35 34 32 78 67 24 20 36 17 36 30
882 24 41 41 28 126 61 31 28 37 23 36 30
883 24 35 33 24 138 32 26 26 28 10 36 30
884 24 34 27 32 150 75 28 29 39 27 36 30
885 24 29 24 30 66 25 28 32 29 19 36 30
886 24 27 15 38 51 50 29 25 30 18 36 30
887 24 40 37 33 109 77 24 30 33 28 36 30
888 24 36 41 40 100 39 25 28 35 20 36 30
889 24 31 27 17 139 7 21 23 24 4 36 30
890 24 23 7 27 73 1 26 32 35 15 36 30
891 24 31 29 19 66 57 23 21 30 7 36 30
892 24 49 61 28 370 67 25 27 35 31 36 30
893 24 34 26 45 100 25 31 31 36 35 36 30
894 24 30 23 25 102 55 39 27 36 8 36 30
895 24 38 36 31 180 10 26 40 29 49 36 30
896 24 35 28 33 91 40 27 44 39 32 36 30
897 23 24 8 31 123 31 27 42 32 12 36 30
898 24 35 35 32 110 1 30 30 36 14 36 30
899 24 34 28 33 92 53 25 34 26 34 36 30
900 24 45 51 28 89 119 29 24 36 24 36 30
901 24 22 15 36 59 1 23 31 27 1 36 30
902 24 42 39 31 90 1 26 35 23 37 36 30
903 24 35 37 30 119 84 26 32 30 14 36 30
904 24 37 40 33 147 1 25 36 11 32 36 30
905 24 42 47 35 67 10 30 29 36 43 36 29
906 24 33 38 28 116 17 21 28 31 31 36 30
907 24 50 62 24 83 75 27 40 30 34 36 30
908 23 22 13 27 109 26 22 24 28 11 36 30
909 24 26 28 33 49 49 25 25 26 26 36 30
910 24 36 28 26 80 85 24 30 33 17 36 30
911 24 50 48 19 63 20 21 30 28 31 36 30
912 24 34 31 34 71 64 27 24 35 16 36 30
913 24 30 29 37 105 1 23 12 35 20 36 30
914 24 28 34 38 84 19 25 34 28 9 36 30
915 24 46 52 25 80 52 23 40 25 25 36 30
916 23 21 1 18 128 1 26 18 32 13 36 30
917 24 43 39 16 73 20 28 23 28 15 36 30
918 24 32 34 22 106 1 25 23 28 12 36 30
919 24 27 7 23 85 1 24 28 35 22 36 30
920 24 36 38 22 73 25 21 32 30 15 36 30
921 24 34 34 32 171 29 25 22 30 31 36 30
922 23 34 44 37 194 7 21 26 35 34 36 30
923 24 32 30 24 76 7 24 23 26 10 36 30
924 24 38 47 32 112 74 27 31 31 25 36 30
925 24 29 27 36 96 1 26 36 30 40 36 30
926 24 35 38 26 77 2 19 22 33 20 36 30
927 23 25 13 26 119 1 20 18 35 13 36 30
928 24 27 15 27 59 1 28 30 28 27 36 30
929 24 35 39 35 93 81 44 36 28 30 36 30
930 23 26 21 19 103 1 23 23 32 13 36 30
931 24 39 32 28 390 1 28 33 30 38 36 30
932 24 36 30 36 119 58 28 35 33 25 36 30
933 24 39 40 37 175 10 20 37 31 44 36 30
934 24 42 42 33 143 69 26 28 37 26 36 30
935 24 33 29 27 212 101 23 1 34 9 36 30
936 24 26 21 32 84 1 25 48 36 21 36 30
937 24 31 23 25 111 29 26 17 30 22 36 30
938 24 36 32 28 189 31 23 38 30 18 36 30
939 24 30 30 16 64 52 24 30 29 2 36 30
940 24 46 52 17 96 45 30 25 31 23 36 30
941 24 18 4 28 163 22 22 39 28 10 36 30
942 23 38 44 43 65 1 29 34 32 41 36 30
943 24 28 23 27 59 64 23 15 27 7 36 30
944 24 31 37 35 76 56 29 23 37 25 36 30
945 24 41 42 28 139 27 25 39 33 28 36 30
946 24 29 19 20 73 54 21 27 27 9 36 30
947 24 34 21 14 131 20 23 22 23 25 36 30
948 24 23 1 21 61 1 28 29 34 12 36 30
949 24 37 38 35 179 1 23 21 25 24 36 30
950 24 28 24 35 106 71 20 30 24 12 36 30
951 24 29 15 35 77 70 25 1 28 17 36 30
952 23 34 29 30 85 14 26 29 37 33 36 30
953 23 35 30 29 195 17 27 32 34 23 36 30
954 24 35 32 38 64 111 22 35 31 31 36 30
955 24 34 29 28 78 34 29 28 29 25 36 30
956 24 42 38 30 90 37 28 28 25 18 36 30
957 24 40 35 34 89 1 21 35 26 33 36 30
958 24 36 41 37 82 11 20 33 32 31 36 30
959 24 32 14 14 123 1 22 21 26 13 36 30
960 24 30 32 32 136 28 25 28 23 16 36 30
961 24 34 28 36 109 1 27 34 28 37 36 30
962 24 30 24 29 141 67 21 24 31 13 36 30
963 24 40 36 24 208 6 19 36 19 34 36 30
964 24 29 32 31 125 36 23 28 33 16 36 30
965 24 39 34 34 80 1 27 28 28 30 36 30
966 24 28 29 21 311 12 24 23 32 1 36 30
967 24 50 47 22 77 10 25 36 33 29 36 30
968 24 41 44 26 104 143 29 31 42 30 36 30
969 24 36 30 26 91 1 27 39 27 27 36 30
970 24 33 25 27 58 25 29 37 31 33 36 30
971 24 34 23 11 100 69 28 25 30 15 36 30
972 24 36 38 22 80 25 24 20 20 9 36 30
973 24 49 51 29 98 50 23 17 24 28 36 30
974 24 35 42 41 184 1 19 31 28 36 36 30
975 24 33 26 18 109 1 24 22 27 1 36 30
976 24 28 21 32 112 1 24 39 30 33 36 30
977 24 41 42 37 101 30 22 37 20 39 36 30
978 24 48 59 16 108 6 21 19 28 25 36 30
979 24 34 30 20 126 75 24 34 23 14 36 30
980 24 41 45 12 72 4 23 20 34 23 36 30
981 24 34 26 33 95 70 26 32 32 30 36 30
982 24 33 38 58 106 40 28 26 34 17 36 30
983 24 47 54 38 75 68 26 33 37 34 36 30
984 24 43 44 22 161 33 26 40 30 22 36 30
985 24 35 38 40 63 1 19 29 22 28 36 30
986 24 34 33 24 61 35 24 31 38 20 36 30
987 24 35 35 22 86 1 21 39 31 18 36 30
988 24 32 29 41 54 38 21 1 28 28 36 30
989 24 35 29 20 167 30 24 27 31 2 36 30
990 24 34 41 19 242 1 27 20 19 13 36 30
991 24 43 41 131 291 8 20 23 22 24 36 30
992 23 22 18 37 268 1 24 28 28 20 36 30
993 24 36 40 41 130 10 23 20 25 24 36 30
994 24 38 34 76 56 14 27 35 23 22 36 30
995 24 37 52 38 138 51 22 25 26 20 36 30
996 24 40 50 31 125 68 25 45 25 27 36 30
997 24 51 58 15 142 21 26 35 37 31 36 30
998 23 16 1 35 125 1 31 27 33 7 36 30
999 24 40 36 8 114 45 21 34 28 25 36 30
1000 24 40 47 35 82 1 23 29 26 35 36 30
1001 24 28 21 41 66 117 25 33 36 31 36 30
1002 24 36 33 15 72 1 25 28 29 38 36 30
1003 24 39 27 19 71 57 20 21 24 24 36 30
1004 24 40 42 43 80 1 24 29 23 31 36 30
1005 24 34 24 28 56 45 23 21 24 8 36 30
1006 24 33 42 43 83 1 22 28 26 27 36 30
1007 24 35 42 35 162 2 37 34 34 26 36 30
1008 23 28 27 21 113 59 28 23 29 11 36 30
1009 24 29 27 24 114 100 24 19 28 8 36 30
1010 24 33 32 32 155 1 24 35 28 19 36 30
1011 24 34 35 41 84 62 20 29 24 23 36 30
1012 24 33 30 24 88 42 31 34 27 14 36 30
1013 24 38 32 18 81 3 19 21 26 26 36 30
1014 24 47 56 27 99 72 24 30 24 38 36 30
1015 24 31 24 12 63 3 25 36 32 14 36 30
1016 24 36 47 32 91 1 26 10 34 25 36 30
1017 23 29 12 25 74 35 23 31 19 11 36 30
1018 24 26 14 31 163 1 25 1 40 18 36 30
1019 24 32 29 22 202 9 28 19 26 10 36 30
1020 24 31 28 36 66 8 22 38 19 21 36 30
1021 24 37 34 1 129 1 23 27 30 22 36 30
1022 24 33 38 42 124 54 27 52 32 21 36 30
1023 24 40 47 39 103 34 29 26 32 33 36 30
1024 24 29 19 30 84 1 21 30 33 37 36 30
1025 24 30 27 19 116 28 21 30 27 5 36 30
1026 24 38 46 28 121 72 31 27 35 9 36 30
1027 24 34 36 30 67 16 28 30 30 31 36 30
1028 24 35 29 31 51 12 19 40 27 27 36 30
1029 24 31 29 36 96 69 27 39 31 30 36 30
1030 24 32 26 33 73 1 28 30 38 18 36 30
1031 24 49 56 27 109 1 25 30 34 32 36 30
1032 24 33 30 12 112 38 27 23 29 13 36 30
1033 24 35 34 23 98 42 23 21 24 6 36 30
1034 24 33 28 30 118 6 21 30 26 25 36 30
1035 24 34 36 30 55 67 22 30 27 18 36 30
1036 24 47 59 17 160 51 30 22 32 28 36 30
1037 24 30 24 31 53 1 27 34 32 30 36 30
1038 24 33 30 41 107 23 27 27 27 32 36 30
1039 24 33 23 14 137 13 23 29 30 12 36 30
1040 24 25 17 31 177 1 27 46 30 10 36 30
1041 24 34 33 31 140 1 26 38 29 21 36 30
1042 24 35 44 38 127 1 26 33 31 36 36 30
1043 24 30 20 14 128 25 31 29 26 9 36 30
1044 24 32 23 18 82 6 21 25 15 15 36 30
1045 24 32 34 38 97 75 28 32 33 18 36 30
1046 24 35 40 42 92 1 24 26 35 35 36 30
1047 24 36 39 50 187 74 28 35 35 30 36 30
1048 23 24 11 30 55 1 28 31 25 14 36 30
1049 24 32 29 25 80 41 20 32 26 23 36 30
1050 24 35 41 28 93 58 26 24 31 15 36 30
1051 24 31 32 30 102 64 23 23 31 19 36 30
1052 24 46 47 27 71 70 25 35 28 31 36 30
1053 24 39 45 17 68 69 24 35 28 18 36 30
1054 24 29 24 27 94 1 25 32 31 31 36 30
1055 24 39 42 38 60 55 25 29 31 19 36 30
1056 24 37 33 21 218 86 24 30 31 16 36 30
1057 24 35 34 28 163 54 21 31 25 10 36 30
1058 24 41 40 25 151 1 36 48 30 37 36 30
1059 24 36 44 42 92 20 25 35 35 38 36 30
1060 24 35 45 46 59 60 31 35 27 33 36 30
1061 24 39 37 23 149 44 21 25 35 8 36 30
1062 24 42 35 24 90 1 25 20 26 26 36 30
1063 24 33 36 27 67 1 26 38 37 33 36 30
1064 24 26 22 22 68 29 24 24 24 6 36 30
1065 24 35 31 28 65 38 23 23 25 20 36 30
1066 24 32 27 33 188 23 31 25 30 16 36 30
1067 24 40 40 30 69 63 22 28 29 26 36 30
1068 24 30 26 37 69 19 30 38 27 20 36 30
1069 24 31 33 34 58 57 22 18 26 10 36 30
1070 23 27 15 23 60 1 23 25 26 14 36 30
1071 24 33 37 18 89 20 24 21 27 18 36 30
1072 24 35 37 33 174 88 24 32 32 23 36 30
1073 24 29 24 19 125 1 30 30 38 19 36 30
1074 24 48 55 25 136 1 22 21 38 29 36 30
1075 24 32 25 30 75 93 28 1 33 13 36 30
1076 24 35 33 30 93 1 20 31 27 29 36 30
1077 24 30 26 32 90 1 25 25 28 17 36 30
1078 24 34 44 48 88 52 30 39 29 36 36 30
1079 24 42 51 31 69 47 24 25 30 24 36 30
1080 24 27 16 26 455 1 24 30 34 22 36 30
1081 24 40 32 19 73 20 30 31 33 19 36 30
1082 24 29 27 41 95 55 23 32 31 20 36 30
1083 24 25 21 39 83 1 25 34 32 20 36 30
1084 24 33 29 19 72 83 24 23 27 24 36 30
1085 24 34 38 31 195 24 27 20 27 33 36 30
1086 24 26 25 36 133 60 24 28 26 32 36 30
1087 24 39 44 30 100 48 27 30 30 23 36 30
1088 24 38 30 13 75 1 23 29 29 24 36 30
1089 24 44 51 18 128 1 20 25 26 20 36 30
1090 24 54 55 25 55 43 27 35 32 41 36 30
1091 24 39 41 37 255 1 29 33 33 26 36 30
1092 24 37 41 35 58 85 29 41 33 18 36 30
1093 24 27 27 23 82 13 20 23 33 5 36 30
1094 24 39 45 34 173 130 25 33 31 24 36 30
1095 24 41 35 37 57 48 24 32 35 29 36 30
1096 24 35 39 33 90 7 25 35 34 30 36 30
1097 23 29 14 19 100 9 28 27 28 11 36 30
1098 23 24 28 34 143 1 23 18 34 15 35 29
1099 24 38 38 30 87 6 25 29 23 25 36 30
1100 24 33 34 17 113 1 29 20 26 10 36 30
1101 24 37 39 22 72 66 23 29 35 14 36 30
1102 23 23 9 16 273 1 27 19 35 14 36 30
1103 24 29 27 24 89 79 25 23 31 4 36 30
1104 24 40 41 27 108 12 26 21 29 29 36 30
1105 24 34 36 33 104 1 27 24 34 22 36 30
1106 24 32 34 40 57 39 25 42 30 34 36 30
1107 24 44 45 29 77 75 30 38 32 38 36 30
1108 24 28 13 16 49 1 19 34 27 7 36 30
1109 24 36 33 33 137 66 21 29 24 22 36 30
1110 24 38 34 26 267 1 23 1 26 18 36 30
1111 24 41 45 28 89 23 24 25 27 22 36 30
1112 24 40 42 31 99 85 24 25 31 1 36 30
1113 24 34 27 23 125 15 28 27 29 10 36 30
1114 24 26 20 18 197 1 23 32 34 2 36 30
1115 24 32 22 30 116 1 24 29 31 37 36 29
1116 24 36 52 28 167 61 28 25 26 23 36 30
1117 24 31 33 34 58 15 25 18 36 15 36 30
1118 24 35 26 20 128 20 26 23 28 22 36 30
1119 24 42 46 35 57 25 24 19 28 25 36 30
1120 24 38 25 19 119 1 19 35 30 14 36 30
1121 24 37 30 25 186 1 29 43 31 29 36 30
1122 24 49 57 16 116 1 30 40 36 36 36 30
1123 24 31 29 22 121 7 24 31 27 18 36 30
1124 24 39 37 25 58 77 21 22 29 20 36 30
1125 24 35 38 31 58 27 29 29 36 37 36 30
1126 24 36 26 37 44 51 27 39 26 26 36 30
1127 24 44 51 26 61 1 24 34 32 36 36 30
1128 24 35 34 29 65 49 22 27 28 14 36 30
1129 24 41 31 24 88 29 23 36 33 35 36 30
1130 24 27 23 37 109 1 21 25 29 16 36 30
1131 24 39 39 27 135 22 26 22 35 38 36 30
1132 24 38 33 13 133 1 24 45 24 18 36 30
1133 24 41 44 43 61 1 28 35 30 43 36 30
1134 24 29 26 33 99 28 26 32 31 19 36 30
1135 24 36 41 25 85 69 27 37 33 25 36 30
1136 24 41 46 39 61 1 26 36 30 38 36 30
1137 24 49 57 31 60 66 27 19 30 33 36 30
1138 24 42 46 23 92 80 17 22 26 19 36 30
1139 24 37 28 29 87 1 30 29 30 20 36 30
1140 24 43 62 27 151 109 30 24 34 21 36 30
1141 24 34 30 30 58 3 29 28 26 20 36 30
1142 24 38 34 30 116 64 29 41 29 21 36 30
1143 24 35 31 32 71 19 29 28 27 32 36 30
1144 24 29 20 29 68 1 22 27 25 17 36 30
1145 24 35 38 34 68 59 27 38 32 14 36 30
1146 24 32 28 19 109 7 23 22 28 2 36 30
1147 24 29 27 28 64 36 22 19 30 7 36 30
1148 23 24 8 19 77 15 27 26 27 26 36 30
1149 24 29 29 21 134 19 28 22 32 12 36 30
1150 24 31 19 25 94 1 19 30 25 4 36 30
1151 24 34 46 29 115 97 26 50 28 24 36 30
1152 24 36 26 29 75 67 25 32 27 25 36 30
1153 24 34 35 26 193 38 27 32 32 32 36 30
1154 24 42 45 26 95 17 23 31 27 22 36 30
1155 24 41 41 19 154 96 22 27 27 14 36 30
1156 24 32 30 25 76 45 23 26 35 17 36 30
1157 24 40 39 23 102 45 28 30 18 39 36 30
1158 23 35 17 26 186 12 18 23 24 13 36 30
1159 24 34 29 32 159 1 23 1 36 29 36 30
1160 24 43 50 25 83 1 29 39 30 15 36 30
1161 24 27 25 45 84 1 24 33 36 28 36 30
1162 24 29 38 41 53 29 25 36 40 48 36 30
1163 24 33 29 14 91 61 27 28 35 13 36 30
1164 24 34 34 14 115 1 28 34 27 33 36 30
1165 24 37 34 34 220 1 27 31 29 42 36 30
1166 24 25 22 37 90 30 17 26 20 18 36 30
1167 24 36 42 36 67 7 26 27 27 23 36 30
1168 24 36 24 10 126 15 25 31 35 14 36 30
1169 24 36 37 10 120 23 28 21 29 1 36 30
1170 24 29 29 36 227 17 22 25 36 24 36 30
1171 24 32 21 11 82 11 22 42 26 22 36 30
1172 24 35 31 25 184 52 26 32 41 32 36 30
1173 24 47 68 39 77 10 23 28 37 32 36 30
1174 24 28 25 22 72 1 21 23 32 7 36 30
1175 24 17 13 36 59 5 17 28 20 1 36 29
1176 24 32 28 39 126 41 22 43 27 43 36 30
1177 24 30 33 39 91 1 27 42 27 25 36 30
1178 24 22 19 47 78 14 23 28 28 24 36 30
1179 23 25 1 19 64 1 24 36 26 15 36 30
1180 24 38 36 22 89 1 23 29 34 29 36 30
1181 24 31 24 33 70 68 30 33 27 17 36 30
1182 24 28 30 27 157 1 23 23 27 27 36 30
1183 24 36 44 24 166 87 24 22 28 12 36 30
1184 24 36 32 15 156 38 21 22 32 26 36 30
1185 24 37 37 77 134 197 27 29 186 15 36 30
1186 24 30 27 38 51 28 26 34 30 30 36 30
1187 24 45 52 30 147 1 25 26 33 27 36 30
1188 24 30 31 29 58 14 21 38 28 23 36 30
1189 24 39 46 32 88 66 24 1 35 22 36 30
1190 24 32 23 28 146 1 20 30 32 23 36 30
1191 24 27 25 38 124 1 28 36 29 41 36 30
1192 24 32 29 20 206 25 25 34 31 25 36 30
1193 24 31 28 18 189 8 19 27 26 5 36 30
1194 24 41 38 13 103 1 25 32 30 15 36 30
1195 24 34 31 23 58 1 27 44 29 32 36 30
1196 24 33 25 23 153 31 25 38 32 23 36 30
1197 24 24 25 40 66 1 19 44 29 18 36 30
1198 24 36 38 26 120 64 27 24 30 27 36 30
1199 24 45 50 41 78 23 23 29 34 40 36 30
1200 24 37 34 17 259 15 26 23 27 11 36 30
1201 24 35 32 20 108 1 24 26 33 4 36 30
1202 24 32 26 30 79 1 25 27 28 31 36 30
1203 24 34 31 19 65 19 24 40 26 11 36 30
1204 24 32 30 22 105 1 25 26 28 24 36 30
1205 24 25 24 19 62 1 22 24 25 1 36 30
1206 24 49 57 27 94 82 31 22 27 41 36 30
1207 24 29 28 24 94 1 21 16 26 7 36 30
1208 24 34 32 37 162 1 22 36 33 38 36 30
1209 24 40 44 19 152 11 25 29 27 8 36 30
1210 24 42 42 36 129 1 26 29 32 36 36 30
1211 24 34 27 5 65 1 26 22 35 19 36 30
1212 24 39 40 36 71 44 22 29 23 33 36 30
1213 24 30 25 29 242 37 23 19 36 15 36 30
1214 23 35 33 32 175 1 29 23 38 20 36 30
1215 24 28 19 23 144 60 23 30 27 17 36 30
1216 24 31 24 30 106 12 23 36 28 9 36 30
1217 24 36 40 20 82 26 19 18 33 1 36 30
1218 24 33 28 21 56 63 23 24 30 24 36 30
1219 24 53 63 22 132 1 31 27 32 42 36 30
1220 24 34 29 38 222 16 23 1 35 24 36 30
1221 24 40 46 24 92 67 20 26 21 24 36 30
1222 24 30 28 19 91 6 293 27 36 28 36 30
1223 24 28 29 26 96 73 21 36 34 14 36 30
1224 24 35 45 38 61 44 26 38 24 32 36 30
1225 24 27 12 28 138 63 25 23 30 15 36 30
1226 24 37 33 26 158 1 25 39 32 31 36 30
1227 24 44 37 32 85 39 28 26 31 32 36 30
1228 24 35 32 27 122 23 21 30 29 18 36 30
1229 24 37 37 45 81 1 26 32 34 43 36 30
1230 24 27 19 25 87 35 27 24 34 10 36 30
1231 24 37 46 34 58 13 21 25 26 27 36 30
1232 24 41 47 31 185 104 23 22 24 20 36 30
1233 24 26 12 33 84 27 20 25 27 19 36 30
1234 24 34 40 43 84 26 20 26 32 30 36 30
1235 24 36 27 21 47 23 23 12 19 24 36 30
1236 23 24 19 21 116 46 21 25 28 14 36 30
1237 24 27 25 39 151 1 25 34 30 38 36 30
1238 24 31 29 19 94 1 21 22 26 11 36 30
1239 24 34 29 33 96 12 25 33 22 36 36 30
1240 24 31 27 32 139 29 25 29 32 27 36 30
1241 24 34 31 18 347 2 28 22 30 11 36 30
1242 24 34 27 20 77 1 29 21 34 7 36 30
1243 24 35 42 34 142 60 27 29 32 29 36 30
1244 24 30 17 23 88 94 28 30 37 21 36 30
1245 23 29 26 24 67 24 24 29 35 14 35 29
1246 24 45 42 11 107 9 22 32 31 27 36 30
1247 24 45 34 25 88 41 23 28 28 27 36 30
1248 24 32 31 24 127 84 26 28 34 6 36 30
1249 24 26 18 21 135 11 27 24 33 7 36 30
1250 24 35 35 24 79 46 27 24 33 33 36 30
1251 24 30 32 37 153 3 26 27 35 20 36 30
1252 24 31 26 34 87 62 19 38 28 17 36 30
1253 24 32 35 27 115 24 24 23 29 22 36 30
1254 24 39 43 30 65 39 26 26 32 15 36 30
1255 24 29 15 19 63 1 24 33 18 30 36 30
1256 24 36 40 33 81 32 20 27 28 28 36 30
1257 24 41 43 36 115 77 28 27 33 25 36 30
1258 24 36 33 18 63 1 21 35 29 29 36 30
1259 24 33 29 24 278 4 25 25 23 6 36 30
1260 24 42 48 22 69 90 27 34 32 13 36 30
1261 24 35 31 19 185 1 24 26 32 9 36 30
1262 24 40 45 21 91 38 27 31 31 7 36 30
1263 24 43 45 35 64 54 28 46 35 28 36 30
1264 24 26 29 38 91 1 25 28 27 26 36 30
1265 24 31 20 21 59 1 20 31 23 20 36 30
1266 24 42 45 28 107 12 26 37 33 28 36 30
1267 24 33 27 35 144 23 22 30 27 30 36 30
1268 24 34 30 24 104 68 24 21 29 10 36 30
1269 24 40 42 32 70 14 25 25 34 22 36 30
1270 24 34 26 18 53 27 26 18 28 25 36 30
1271 24 36 33 29 92 36 34 30 26 21 36 30
1272 24 27 37 40 62 1 23 23 24 12 36 30
1273 24 48 63 32 98 62 26 40 39 32 36 30
1274 24 32 30 34 134 45 29 12 31 13 36 30
1275 24 31 29 28 62 15 26 32 26 21 36 30
1276 24 38 36 27 96 92 24 27 33 11 36 30
1277 24 35 36 41 125 47 23 25 24 24 36 30
1278 24 36 31 8 63 11 21 29 31 4 36 30
1279 24 36 40 24 135 46 24 29 29 26 36 30
1280 24 23 11 32 93 4 20 22 28 22 36 30
1281 24 32 32 26 143 56 28 37 38 21 36 30
1282 24 32 27 36 86 57 22 21 32 23 36 30
1283 24 29 24 23 54 1 26 21 16 11 36 30
1284 24 42 46 35 103 1 27 1 36 23 36 30
1285 24 36 42 22 74 24 29 41 25 31 36 30
1286 24 36 34 28 52 94 24 33 33 33 36 30
1287 24 35 43 48 62 31 30 33 40 36 36 30
1288 24 31 28 24 59 7 23 29 26 20 36 30
1289 24 34 27 34 74 1 23 33 25 32 36 30
1290 24 35 29 28 84 38 26 41 40 20 36 30
1291 24 30 26 33 82 25 21 33 25 32 36 30
1292 24 34 39 39 130 4 26 30 33 26 36 30
1293 23 30 18 20 59 5 21 31 28 16 36 30
1294 24 27 27 35 63 1 18 33 35 20 36 30
1295 24 37 35 28 114 16 27 35 34 16 36 30
1296 24 32 34 27 159 64 26 37 29 17 36 30
1297 24 30 37 41 134 58 23 20 26 12 36 30
1298 24 35 36 32 67 38 27 23 36 13 36 30
1299 24 32 34 49 206 1 29 35 27 23 36 30
1300 24 25 22 40 160 37 29 26 27 9 36 30
1301 24 30 23 27 134 1 23 14 26 6 36 30
1302 24 34 28 21 70 66 19 37 30 11 36 30
1303 24 31 37 34 60 21 25 21 24 10 36 30
1304 24 37 39 45 127 60 28 33 29 35 36 30
1305 24 29 28 32 84 37 26 27 29 25 36 30
1306 24 25 17 37 185 2 25 20 35 25 36 30
1307 24 33 29 25 132 11 26 27 39 21 36 30
1308 24 38 36 22 89 85 21 37 27 18 36 30
1309 24 43 42 22 110 49 22 25 26 18 36 30
1310 24 28 21 29 114 4 27 30 36 19 36 30
1311 23 23 5 23 93 1 27 24 28 14 36 30
1312 24 34 20 12 190 1 19 7 28 16 36 30
1313 24 40 40 16 101 1 24 21 31 19 36 30
1314 24 32 35 27 179 42 24 35 37 16 36 30
1315 24 42 52 33 205 1 23 31 30 29 36 30
1316 24 24 21 27 129 6 22 6 40 23 36 30
1317 24 37 31 19 117 37 23 29 19 27 36 30
1318 24 40 44 30 63 23 24 28 31 27 36 30
1319 24 30 20 33 85 1 24 41 22 33 36 30
1320 24 30 20 17 148 1 27 26 26 22 36 30
1321 24 36 28 31 96 1 24 31 32 28 36 30
1322 24 27 22 38 187 1 26 23 26 2 36 30
1323 24 31 30 38 114 1 21 25 25 26 36 30
1324 24 34 23 41 112 35 27 31 30 36 36 30
1325 24 28 17 21 54 1 24 38 32 19 36 30
1326 24 32 22 18 97 33 29 24 39 23 36 30
1327 24 33 27 19 102 54 30 31 32 14 36 30
1328 24 43 44 10 95 1 28 26 28 31 36 30
1329 24 33 22 20 92 27 27 37 32 11 36 30
1330 24 43 53 24 136 88 27 28 27 30 36 30
1331 24 29 27 30 133 92 23 20 34 26 36 30
1332 24 32 24 17 94 21 26 28 27 10 36 30
1333 24 31 32 40 209 1 21 29 29 25 36 30
1334 24 35 33 26 128 1 27 30 34 21 36 30
1335 23 29 20 25 349 17 30 27 33 10 35 29
1336 24 27 17 31 52 55 28 30 37 28 36 30
1337 24 31 30 35 86 30 25 34 34 26 36 30
1338 24 38 36 26 48 88 21 24 26 33 36 30
1339 24 42 40 29 76 9 32 28 39 39 36 30
1340 24 39 34 13 88 1 30 24 26 11 36 30
1341 24 37 38 30 137 100 28 40 30 20 36 30
1342 24 37 33 23 85 1 20 37 38 37 36 30
1343 24 33 24 15 142 1 27 25 37 25 36 30
1344 24 41 37 16 97 76 25 25 26 23 36 30
1345 24 41 39 26 82 96 24 33 28 17 36 30
1346 24 35 32 25 255 67 24 46 25 29 36 30
1347 24 33 49 44 220 76 26 28 39 21 36 30
1348 24 25 16 36 95 26 27 43 34 13 36 30
1349 24 33 30 11 121 2 26 31 31 30 36 30
1350 24 29 26 16 156 14 28 33 30 9 36 30
1351 24 35 25 22 176 1 29 26 31 37 36 30
1352 24 28 20 30 40 43 27 22 30 19 36 30
1353 24 50 52 29 88 3 20 26 35 36 36 30
1354 24 34 34 20 241 14 26 30 27 15 36 30
1355 24 39 32 23 113 32 28 27 31 27 36 30
1356 24 33 33 32 93 1 24 38 31 24 36 30
1357 24 25 15 37 133 61 20 33 31 3 36 30
1358 24 41 51 32 158 1 20 30 38 27 36 30
1359 24 37 36 26 58 1 27 34 26 31 36 30
1360 24 36 35 20 70 96 23 23 32 25 36 30
1361 24 36 34 23 115 1 28 40 35 33 36 30
1362 24 39 34 20 56 7 30 42 34 30 36 30
1363 24 39 37 26 86 10 22 21 30 29 36 30
1364 24 25 17 23 108 41 26 24 33 4 36 30
1365 23 23 5 29 84 1 20 29 22 8 36 30
1366 24 29 29 29 162 1 24 27 31 18 36 30
1367 24 24 13 20 67 109 26 28 29 1 36 30
1368 24 38 38 20 288 34 28 34 39 27 36 30
1369 24 26 20 37 123 1 23 37 32 8 36 30
1370 24 33 23 25 145 50 27 25 29 18 36 30
1371 24 34 43 38 108 74 23 30 35 20 36 30
1372 24 32 17 13 71 37 24 29 31 21 36 30
1373 24 40 34 24 492 65 25 1 31 19 36 30
1374 24 27 23 45 117 37 30 43 26 27 36 30
1375 24 33 30 38 78 47 29 54 31 21 36 30
1376 23 40 41 27 121 1 19 7 31 15 36 30
1377 24 34 25 30 95 1 26 33 29 33 36 30
1378 23 19 4 38 87 15 25 17 19 12 36 30
1379 24 28 15 26 150 1 23 34 30 13 36 30
1380 24 25 21 19 123 22 22 27 23 20 36 30
1381 24 34 35 22 109 54 28 31 25 1 36 30
1382 24 43 39 26 185 32 23 32 26 21 36 30
1383 24 39 52 26 127 48 25 38 26 35 36 30
1384 24 39 44 32 183 1 24 33 32 13 36 30
1385 24 31 25 23 122 6 26 22 27 9 36 30
1386 24 32 23 15 188 5 24 14 33 9 36 30
1387 24 39 36 29 261 1 26 24 26 31 36 30
1388 24 41 48 23 124 8 22 36 33 25 36 30
1389 24 43 40 22 102 1 26 42 34 36 36 30
1390 24 31 24 31 63 78 17 1 34 14 36 30
1391 24 33 24 27 112 11 30 26 35 31 36 30
1392 24 30 33 29 111 10 27 23 37 20 36 30
1393 24 31 26 33 78 59 26 17 25 15 36 30
1394 24 44 46 37 95 69 23 1 32 27 36 30
1395 24 41 41 22 64 72 26 26 25 20 36 30
1396 24 35 45 49 78 40 24 35 33 39 36 30
1397 24 32 31 34 54 21 23 27 28 22 36 30
1398 24 38 37 19 92 25 24 23 23 18 36 30
1399 24 24 10 36 91 1 25 31 21 1 36 30
1400 24 35 35 26 103 19 26 32 29 22 36 30
1401 24 33 27 22 257 16 23 33 28 20 36 30
1402 24 32 34 26 164 66 21 26 29 6 36 30
1403 24 50 62 17 82 61 22 22 31 30 36 30
1404 24 39 32 20 63 6 22 27 31 14 36 30
1405 24 42 37 14 98 121 32 33 34 13 36 30
1406 24 23 10 21 63 5 26 27 32 23 36 30
1407 24 33 27 28 88 1 29 31 26 35 36 30
1408 24 26 14 23 93 7 17 17 31 18 36 30
1409 24 42 30 17 67 1 20 29 24 9 36 30
1410 24 40 37 36 46 79 28 35 25 46 36 30
1411 24 38 36 24 85 1 29 36 36 36 36 30
1412 24 35 30 25 154 1 26 8 36 26 36 30
1413 24 55 7 12 120 1 20 25 31 21 36 30
1414 24 37 35 31 84 24 26 23 31 35 36 30
1415 24 38 34 27 87 68 41 24 23 15 36 30
1416 24 37 38 42 327 81 29 28 36 13 36 30
1417 24 32 35 21 190 1 24 35 30 29 36 30
1418 24 25 24 29 105 28 23 29 29 29 36 30
1419 24 39 37 27 127 48 28 35 21 25 36 30
1420 24 33 24 28 100 1 24 36 30 25 36 30
1421 24 34 37 30 86 30 24 20 25 15 36 30
1422 24 28 23 26 55 9 29 35 23 20 36 30
1423 24 35 33 21 98 60 24 26 25 1 36 30
1424 24 34 40 23 96 44 21 25 32 17 36 30
1425 24 26 14 33 63 1 25 31 25 28 36 30
1426 24 31 25 23 83 1 22 30 38 33 36 30
1427 24 41 43 19 86 19 25 29 35 29 36 30
1428 24 32 30 38 132 35 28 37 26 32 36 30
1429 23 42 31 21 70 23 28 1 37 34 36 30
1430 24 37 47 31 157 88 20 34 31 17 36 30
1431 24 28 20 27 57 1 21 28 23 37 36 30
1432 24 35 29 26 61 98 24 44 25 29 36 30
1433 24 38 37 25 64 82 22 22 29 1 36 30
1434 24 41 34 22 62 1 26 37 33 37 36 30
1435 24 33 33 40 92 45 30 28 23 27 36 30
1436 24 43 50 41 192 61 29 28 29 30 36 30
1437 24 32 24 36 100 8 31 31 31 39 36 30
1438 23 33 33 31 64 1 19 26 29 18 36 30
1439 24 36 38 30 86 54 19 35 37 32 36 30
1440 24 41 48 43 99 90 25 36 41 44 36 30
1441 23 26 14 21 70 9 18 31 30 5 36 30
1442 24 43 49 25 73 36 21 6 28 13 36 30
1443 24 34 38 24 154 1 17 40 22 21 36 30
1444 24 44 49 25 62 1 27 17 28 35 36 30
1445 24 41 45 39 67 75 28 36 33 31 36 30
1446 23 36 34 7 351 1 24 17 29 12 36 30
1447 24 35 32 31 90 1 26 32 33 25 36 30
1448 24 35 27 28 124 32 23 33 34 38 36 30
1449 24 32 39 71 98 1 23 29 29 30 36 30
1450 23 27 16 14 141 1 27 24 30 5 36 30
1451 24 46 40 13 63 17 25 26 32 34 36 30
1452 24 29 10 25 82 21 23 29 33 12 36 30
1453 24 32 24 29 100 44 21 34 31 26 36 30
1454 24 33 28 19 67 1 19 28 27 16 36 30
1455 24 32 37 42 89 81 26 36 28 22 36 30
1456 24 40 37 11 81 7 27 17 26 14 36 30
1457 24 32 28 24 94 1 27 36 28 37 36 30
1458 23 25 15 21 70 18 23 26 31 1 36 30
1459 24 32 34 31 90 1 21 5 31 18 36 30
1460 24 49 39 16 66 1 27 39 26 20 36 30
1461 24 41 28 35 117 22 26 35 35 46 36 30
1462 24 36 31 33 90 1 28 34 34 35 36 30
1463 24 32 30 29 85 4 24 25 25 23 36 30
1464 24 37 42 16 99 18 23 14 25 12 36 30
1465 24 33 37 21 104 43 21 1 33 15 36 30
1466 24 31 21 30 116 1 27 39 28 35 36 30
1467 23 21 19 37 55 55 24 24 30 13 35 29
1468 24 32 19 27 92 66 21 34 21 28 36 30
1469 24 28 20 22 78 58 24 34 24 17 36 30
1470 24 35 28 20 55 3 21 19 29 23 36 30
1471 24 36 35 16 83 5 21 20 27 24 36 30
1472 24 32 31 40 115 48 29 30 30 20 36 30
1473 24 32 39 38 77 1 24 19 32 18 36 30
1474 24 44 50 25 116 1 24 24 29 25 36 30
1475 24 36 31 23 58 1 31 26 33 20 36 30
1476 24 39 41 30 86 1 25 27 24 20 36 30
1477 24 40 30 19 99 24 24 15 32 9 36 30
1478 24 36 29 13 72 1 25 22 34 1 36 30
1479 24 31 21 22 74 1 26 19 28 28 36 30
1480 24 30 20 29 93 5 29 35 33 33 36 30
1481 24 30 20 26 101 65 21 30 28 27 36 30
1482 24 25 9 24 132 1 26 28 30 21 36 30
1483 24 37 38 33 78 32 19 26 22 17 36 30
1484 24 39 29 21 64 58 23 50 26 32 36 30
1485 24 32 30 29 97 18 25 25 27 11 36 30
1486 24 31 23 27 148 1 23 43 28 23 36 30
1487 23 36 40 31 287 1 25 44 22 22 35 29
1488 24 35 28 21 74 1 24 24 30 10 36 30
1489 24 36 38 25 135 82 25 28 34 26 36 30
1490 24 32 31 27 97 47 21 32 30 5 36 30
1491 24 35 35 36 172 40 30 28 34 8 36 30
1492 24 47 53 22 180 81 23 20 26 33 36 30
1493 24 42 41 20 95 15 22 22 24 16 36 30
1494 24 35 35 26 178 8 25 23 34 18 36 30
1495 24 27 21 16 66 1 25 30 32 1 36 30
1496 24 54 53 20 175 27 27 28 35 38 36 30
1497 24 39 39 24 65 26 25 1 34 28 36 30
1498 24 42 37 11 73 70 25 47 29 31 36 30
1499 24 33 21 26 233 1 22 27 28 25 36 30
1500 24 33 35 83 164 74 28 30 28 31 36 30
1501 23 29 21 19 213 59 22 24 34 8 36 30
1502 24 27 26 37 111 19 26 1 29 19 35 30
1503 23 21 4 40 254 5 30 24 26 14 36 30
1504 24 26 22 33 97 1 34 24 36 19 36 30
1505 24 32 29 30 108 1 27 27 29 24 36 30
1506 24 28 25 42 82 17 21 27 28 26 36 30
1507 24 31 25 44 47 55 30 30 35 47 36 30
1508 24 45 53 30 164 19 22 25 33 34 36 30
1509 24 31 21 35 111 25 28 27 34 31 36 30
1510 24 31 29 28 95 94 25 25 34 10 36 30
1511 24 33 22 30 104 30 18 32 26 29 36 30
1512 24 25 13 25 115 16 25 18 29 10 36 30
1513 24 29 29 38 79 1 26 26 30 34 36 30
1514 24 28 21 33 57 29 25 33 41 13 36 30
1515 24 30 21 28 62 1 32 41 33 40 36 30
1516 24 35 38 30 70 137 24 32 27 9 36 30
1517 24 27 19 20 104 66 24 24 32 13 36 30
1518 23 31 18 33 87 71 28 30 31 28 36 30
1519 24 35 37 40 59 1 27 27 32 31 36 30
1520 24 39 34 29 201 39 27 23 36 33 36 30
1521 24 33 28 33 90 43 24 36 32 27 36 30
1522 24 39 35 18 89 1 25 30 26 18 36 30
1523 24 37 47 38 58 28 22 39 30 35 36 30
1524 24 41 40 17 176 11 24 21 28 12 36 30
1525 24 30 16 16 95 2 22 43 25 28 36 30
1526 24 34 31 31 83 85 24 26 27 11 36 30
1527 24 40 44 36 140 71 24 24 29 11 36 30
1528 24 28 17 33 58 21 37 23 32 23 36 30
1529 24 42 47 30 159 63 26 34 28 25 36 30
1530 24 48 54 28 96 81 28 27 36 33 36 30
1531 23 36 34 22 120 29 26 27 31 14 36 30
1532 24 37 34 19 70 1 20 34 29 13 36 30
1533 24 35 28 27 102 1 27 39 30 32 36 30
1534 24 31 28 34 119 31 20 27 30 38 36 30
1535 24 34 38 31 69 87 23 27 27 11 36 30
1536 24 32 25 23 87 1 23 30 31 20 36 30
1537 24 35 34 30 125 1 25 33 29 31 36 30
1538 24 48 47 25 72 45 25 33 36 46 36 30
1539 23 29 26 40 99 11 30 32 34 30 36 30
1540 24 38 39 28 94 1 23 31 21 15 36 30
1541 24 37 27 36 60 55 36 27 30 39 36 30
1542 23 31 20 30 128 1 25 28 32 24 36 30
1543 24 48 55 14 228 50 28 21 25 31 36 30
1544 24 37 42 27 224 12 20 29 28 16 36 30
1545 24 27 15 24 88 1 19 29 28 22 36 30
1546 24 43 56 34 154 41 17 1 31 20 36 30
1547 24 40 43 33 81 1 20 40 33 20 36 30
1548 24 31 29 29 112 67 24 30 34 16 36 30
1549 24 33 30 29 113 1 22 27 34 26 36 30
1550 24 31 22 23 196 1 24 34 30 23 36 30
1551 23 35 35 27 65 55 24 25 26 13 36 30
1552 23 43 51 29 150 25 27 17 36 27 36 30
1553 24 27 24 20 245 1 25 25 40 13 36 30
1554 23 26 14 21 99 1 19 36 35 23 35 29
1555 23 31 25 33 81 66 22 29 29 19 35 30
1556 23 36 45 39 56 85 22 30 33 30 36 29
1557 23 35 32 33 78 35 23 24 28 29 36 30
1558 23 22 13 46 85 68 22 25 30 13 35 29
1559 23 32 31 38 77 41 21 27 28 26 36 30
1560 24 40 33 26 158 34 30 29 26 21 36 30
1561 23 33 36 24 84 24 25 20 30 11 36 30
1562 24 33 37 30 124 1 25 30 30 25 35 30
1563 23 36 30 31 105 48 22 37 25 25 36 29
1564 23 33 37 37 236 1 28 39 38 33 36 29
1565 24 23 13 23 111 46 23 30 23 7 36 30
1566 23 38 37 34 70 13 27 23 26 28 36 30
1567 23 33 29 33 52 59 25 24 30 20 35 30
1568 24 32 34 31 92 60 26 52 28 3 36 30
1569 23 34 34 38 105 25 22 44 31 19 36 30
1570 23 21 8 32 106 1 25 40 23 8 36 29
1571 23 22 9 25 66 1 26 20 24 8 35 29
1572 24 53 57 16 110 22 30 31 65 32 36 30
1573 24 33 27 29 124 1 25 29 28 23 35 30
1574 23 37 30 20 69 1 23 37 27 21 35 30
1575 23 39 35 22 140 60 22 22 25 30 36 29
1576 23 28 20 30 52 1 25 30 30 25 35 29
1577 24 31 26 27 62 1 24 36 26 25 36 30
1578 23 33 30 16 73 1 18 28 23 10 35 29
1579 23 32 25 29 92 21 26 33 26 36 36 30
1580 23 26 28 29 58 98 25 28 32 18 35 30
1581 23 28 19 26 62 8 26 27 31 23 35 29
1582 23 37 39 34 115 121 31 27 36 27 36 30
1583 23 20 9 37 100 6 22 25 30 11 35 29
1584 23 39 42 28 154 41 22 25 34 16 35 29
1585 23 29 22 37 40 1 26 31 30 36 36 29
1586 24 43 52 16 100 65 21 33 17 19 36 30
1587 23 34 31 35 100 99 23 29 26 12 36 30
1588 23 37 42 49 76 77 24 26 32 37 36 29
1589 23 39 38 25 85 60 20 32 25 20 36 29
1590 23 30 30 32 183 6 26 37 31 32 36 30
1591 23 36 36 34 65 1 24 1 33 20 35 30
1592 23 33 32 38 93 1 20 24 33 20 35 30
1593 23 25 12 22 115 20 25 22 28 22 36 30
1594 24 29 20 38 79 6 24 41 27 28 36 29
1595 23 36 35 35 167 1 24 30 22 33 36 30
1596 23 28 29 34 137 37 23 30 32 19 35 30
1597 23 38 39 30 140 32 21 34 25 23 35 30
1598 23 43 58 38 75 25 25 35 32 32 36 30
1599 23 31 33 21 83 10 21 27 24 19 36 29
1600 23 39 44 33 155 1 28 37 39 37 36 30
1601 23 35 41 32 75 90 26 29 30 12 36 29
1602 23 21 9 31 113 28 26 36 24 3 36 29
1603 23 43 36 15 241 74 26 10 31 35 36 29
1604 23 29 33 26 99 1 20 26 36 8 36 29
1605 23 25 21 38 55 26 28 55 31 28 35 29
1606 23 38 36 8 66 89 30 33 25 14 36 30
1607 23 30 25 36 95 1 19 31 22 15 35 29
1608 23 31 15 25 122 1 25 31 36 28 36 29
1609 23 25 17 38 76 1 24 36 30 17 35 29
1610 23 49 74 30 210 86 25 27 34 31 36 30
1611 23 31 35 34 94 92 22 24 29 10 36 30
1612 23 37 33 33 219 15 30 35 36 29 36 30
1613 23 20 1 23 144 42 24 33 25 9 35 29
1614 23 35 49 39 100 31 31 32 30 28 36 30
1615 24 43 45 29 102 25 28 22 36 37 36 30
1616 23 35 41 44 122 72 24 29 29 19 36 29
1617 23 27 21 33 177 46 24 35 20 30 36 30
1618 24 33 25 27 50 27 29 32 29 25 35 30
1619 23 25 9 42 62 23 30 39 34 25 35 29
1620 23 23 25 26 117 19 25 33 30 12 35 29
1621 24 30 36 37 71 9 21 16 33 19 35 30
1622 23 38 31 23 123 1 26 27 25 21 36 30
1623 24 29 18 22 91 24 29 26 32 18 36 30
1624 24 36 29 27 94 37 27 32 30 31 36 30
1625 23 34 35 23 96 21 20 25 27 13 36 30
1626 23 48 38 31 128 125 22 26 33 26 36 30
1627 24 35 45 41 77 57 26 31 33 26 36 30
1628 23 39 37 23 122 1 28 21 37 23 36 30
1629 24 39 47 41 63 72 24 36 26 17 35 30
1630 23 28 10 11 92 18 26 24 30 7 35 29
1631 24 35 33 28 90 26 27 30 28 12 36 29
1632 23 29 19 22 160 11 22 24 33 15 35 29
1633 23 28 14 7 129 1 20 27 26 2 35 29
1634 23 34 34 28 116 15 23 21 28 25 36 30
1635 23 27 14 29 282 22 18 26 21 18 35 29
1636 23 25 11 28 73 94 26 27 32 13 35 30
1637 24 38 25 11 171 28 28 31 35 16 36 30
1638 23 24 23 35 57 64 24 29 30 13 35 29
1639 24 31 25 32 79 96 17 21 19 4 36 29
1640 23 27 15 26 182 33 21 30 31 12 35 29
1641 23 31 26 30 100 80 19 22 24 10 35 29
1642 23 29 41 46 138 1 25 33 27 21 35 30
1643 23 24 16 30 252 22 21 25 24 23 35 29
1644 23 40 39 30 223 27 22 30 36 27 36 30
1645 24 34 27 30 54 1 25 24 27 19 36 30
1646 24 40 38 24 234 100 24 26 30 20 36 30
1647 24 40 38 33 64 11 21 26 33 36 37 30
1648 24 33 36 39 171 1 19 31 28 20 36 30
1649 24 38 41 39 65 1 21 34 23 29 36 30
1650 23 38 36 33 93 1 18 34 26 33 36 30
1651 24 27 27 32 57 30 25 1 28 11 35 30
1652 24 34 32 43 46 31 31 33 28 35 36 30
1653 24 34 41 36 97 31 26 1 40 31 36 30
1654 24 32 37 37 111 42 23 21 27 28 36 30
1655 23 39 39 19 122 64 30 20 33 30 36 30
1656 24 35 33 26 71 1 24 33 25 29 36 30
1657 23 25 27 29 67 140 23 32 346 17 35 30
1658 24 26 24 35 104 54 25 51 31 24 36 30
1659 24 41 37 21 67 38 23 24 32 22 36 30
1660 24 43 48 22 109 33 34 31 30 27 36 30
1661 24 30 20 31 101 23 19 28 25 25 36 30
1662 24 35 31 27 81 111 28 23 28 16 36 30
1663 23 31 26 19 145 86 28 25 30 16 36 30
1664 24 36 35 39 87 1 27 41 27 36 36 30
1665 24 35 35 28 74 96 28 32 31 17 36 30
1666 24 44 47 39 86 77 25 1 31 20 35 30
1667 23 33 32 33 162 12 20 27 30 25 36 30
1668 23 26 20 32 198 32 26 33 29 24 36 30
1669 23 41 54 43 273 104 23 24 27 35 36 30
1670 23 23 1 35 99 1 26 1 31 1 35 29
1671 24 45 47 25 138 63 28 29 42 40 36 30
1672 24 34 30 22 77 55 20 32 33 16 36 30
1673 24 43 43 23 106 46 26 23 26 23 36 30
1674 24 34 32 18 59 59 25 25 29 13 36 30
1675 24 33 32 18 63 1 23 28 37 13 36 30
1676 24 47 45 15 56 60 22 42 29 27 36 30
1677 23 30 18 17 243 1 22 43 27 27 36 30
1678 24 36 40 45 88 1 26 39 31 36 36 30
1679 24 31 29 39 48 21 27 29 32 28 36 30
1680 23 32 17 28 66 99 20 3 31 14 36 30
1681 23 28 17 20 105 1 20 34 21 21 35 30
1682 24 24 9 23 86 23 25 49 22 18 36 30
1683 23 20 9 37 77 14 25 35 35 20 36 30
1684 24 47 59 24 78 1 21 21 26 32 36 30
1685 24 36 29 19 127 23 27 28 41 31 36 30
1686 23 33 36 41 85 5 22 30 29 34 36 29
1687 24 39 41 27 124 36 25 19 28 13 36 30
1688 24 38 41 28 251 68 26 28 39 20 36 30
1689 24 35 21 13 58 70 30 21 35 21 36 30
1690 24 54 55 9 60 76 25 33 36 35 36 30
1691 24 39 32 15 95 19 27 37 35 25 36 30
1692 24 44 41 29 82 125 25 35 34 32 36 30
1693 24 35 35 21 61 79 22 34 30 10 36 29
1694 24 40 38 25 77 2 27 27 21 23 36 30
1695 24 40 44 40 89 52 27 31 25 31 36 30
1696 23 21 7 24 320 1 21 23 24 9 35 29
1697 24 26 26 36 86 1 25 40 40 31 36 30
1698 23 29 27 20 192 23 23 20 24 7 35 30
1699 24 31 33 23 87 52 22 28 30 18 36 30
1700 24 41 48 34 119 29 30 40 32 20 36 30
1701 24 35 43 37 93 1 25 30 24 16 36 30
1702 24 31 21 30 89 49 34 28 27 17 36 30
1703 23 32 25 23 136 37 25 220 27 12 36 30
1704 24 39 39 41 83 11 24 34 30 35 36 30
1705 24 35 32 38 262 65 27 37 31 20 36 30
1706 23 35 38 27 249 41 22 26 32 27 36 30
1707 24 38 43 29 91 108 30 33 35 11 36 30
1708 24 40 33 17 128 5 29 20 31 20 36 30
1709 24 33 27 19 111 1 27 24 31 32 36 30
1710 23 25 24 30 122 1 20 24 26 20 35 30
1711 24 46 48 16 106 114 30 40 32 31 36 30
1712 23 34 27 26 97 31 23 23 26 13 36 30
1713 23 32 25 17 94 95 26 18 30 2 36 30
1714 23 42 46 15 113 28 21 22 25 25 36 30
1715 24 40 41 27 105 87 27 24 27 13 36 30
1716 24 34 31 33 100 44 21 1 31 7 36 30
1717 24 22 17 35 114 53 24 44 28 22 36 30
1718 24 36 24 15 99 16 30 27 32 16 36 30
1719 24 38 45 28 82 51 23 33 28 30 36 30
1720 24 38 38 18 68 88 25 23 26 1 36 30
1721 24 40 34 19 99 1 21 1 32 17 36 30
1722 24 32 19 12 142 1 28 31 31 9 36 30
1723 23 39 35 4 136 20 25 24 29 27 36 30
1724 24 28 21 22 132 34 30 30 26 29 36 30
1725 24 35 37 30 86 9 26 28 34 33 36 30
1726 24 36 29 18 69 51 25 42 35 21 36 30
1727 24 28 17 24 123 72 24 32 30 17 36 30
1728 24 36 22 21 74 43 22 27 23 19 36 30
1729 24 40 42 30 142 129 24 31 34 12 36 30
1730 23 28 18 24 211 1 17 26 28 15 36 30
1731 24 29 29 32 124 29 25 25 32 15 36 29
1732 24 39 27 19 94 53 25 34 29 24 36 30
1733 23 29 291 148 187 105 24 25 25 2 35 29
1734 24 37 47 33 156 1 23 24 30 20 36 30
1735 24 30 24 24 115 18 22 35 26 7 36 30
1736 24 32 35 18 90 1 21 16 26 14 36 30
1737 24 26 16 12 113 1 25 29 31 1 36 30
1738 24 30 20 30 118 59 26 28 30 17 36 30
1739 24 33 33 31 134 102 26 5 39 17 36 30
1740 24 42 37 35 105 44 23 37 22 23 36 30
1741 24 32 36 40 116 1 29 35 31 38 36 30
1742 24 29 31 37 58 50 24 24 34 1 36 30
1743 24 31 21 23 180 1 23 23 28 25 36 30
1744 24 30 18 29 55 1 25 36 33 38 36 30
1745 23 36 28 21 98 53 27 19 31 19 36 30
1746 24 30 37 33 123 26 29 34 34 9 36 30
1747 24 22 11 37 53 1 25 24 28 18 36 30
1748 23 17 343 20 100 1 26 28 40 3 36 30
1749 23 26 14 40 64 1 22 38 36 38 36 30
1750 24 30 29 32 126 12 23 37 23 35 36 30
1751 23 32 16 25 90 41 23 21 26 2 36 30
1752 24 33 31 23 126 1 26 25 22 9 36 30
1753 24 37 41 40 58 1 25 45 25 43 36 30
1754 24 27 13 24 75 1 29 1 39 12 35 30
1755 24 40 41 31 79 70 24 24 33 23 36 30
1756 24 40 35 25 60 1 28 27 29 19 36 30
1757 23 21 3 24 83 7 22 22 27 8 36 30
1758 24 41 41 27 199 69 26 25 43 19 36 30
1759 23 36 40 35 104 86 24 46 23 12 36 30
1760 24 39 39 23 68 1 26 29 19 32 36 30
1761 24 23 22 33 127 64 23 30 26 1 36 30
1762 23 29 27 33 79 1 19 32 29 21 35 30
1763 24 41 44 25 158 25 23 35 31 13 36 30
1764 24 37 37 38 140 33 23 33 23 26 36 30
1765 24 32 27 33 85 19 31 32 36 30 36 30
1766 24 44 36 19 78 2 21 34 27 35 36 30
1767 24 39 38 15 122 49 30 24 26 7 36 30
1768 24 40 45 22 54 1 28 26 34 25 36 30
1769 24 37 30 18 108 1 24 18 27 37 36 30
1770 24 44 53 36 103 120 30 23 36 37 36 30
1771 23 26 20 30 126 1 22 28 36 12 36 30
1772 24 36 40 22 119 37 25 18 26 1 36 30
1773 24 33 33 23 85 32 26 28 31 15 36 30
1774 24 31 25 24 47 1 24 32 35 32 36 30
1775 24 31 30 35 85 15 26 46 30 18 36 30
1776 24 35 30 34 63 7 23 32 29 46 36 30
1777 24 35 29 13 77 38 25 14 26 10 36 30
1778 23 30 25 24 209 8 30 24 35 6 36 30
1779 24 47 45 36 65 67 26 26 26 32 36 30
1780 23 38 40 22 111 53 22 26 27 8 36 30
1781 24 33 28 42 80 11 20 12 25 16 36 30
1782 24 29 31 38 99 62 21 1 22 15 36 30
1783 24 35 35 31 68 97 18 26 28 28 36 30
1784 23 28 18 20 101 1 24 31 25 15 35 30
1785 23 31 33 23 144 38 20 21 26 1 36 30
1786 24 34 39 25 135 50 26 23 33 12 36 30
1787 23 28 17 21 96 6 27 25 23 1 36 30
1788 24 39 42 31 67 36 28 30 31 25 36 30
1789 24 37 38 32 72 1 23 29 29 34 36 30
1790 24 35 28 21 62 15 22 23 20 8 36 30
1791 24 30 19 14 109 5 21 29 32 15 36 30
1792 24 35 35 22 89 1 29 28 35 23 36 30
1793 23 30 22 22 282 1 23 29 30 9 35 30
1794 24 29 24 25 85 39 29 41 28 24 36 30
1795 24 40 37 28 78 16 25 30 73 28 36 30
1796 24 30 19 19 83 25 29 18 27 2 36 30
1797 24 28 33 31 120 1 28 21 34 14 36 30
1798 23 38 45 29 61 65 30 28 39 14 36 30
1799 23 42 43 25 64 25 30 25 33 29 36 30
1800 24 43 46 34 59 74 24 31 35 34 36 30
1801 24 39 39 32 59 36 28 1 39 27 36 30
1802 24 33 24 31 79 14 22 27 27 24 36 30
1803 23 32 36 24 81 71 30 20 33 12 36 30
1804 23 14 1 37 70 1 24 22 29 1 35 29
1805 24 29 25 18 134 2 25 32 29 1 36 29
1806 23 37 38 18 247 1 27 29 30 12 36 30
1807 24 31 31 32 79 1 26 29 30 10 36 30
1808 24 38 36 25 322 31 28 30 34 11 36 30
1809 24 44 33 16 71 1 28 32 32 42 36 30
1810 23 29 15 23 82 51 24 26 29 21 35 30
1811 24 30 26 22 132 53 27 36 30 12 36 30
1812 24 35 36 30 365 19 23 47 27 31 36 30
1813 24 24 22 38 220 1 18 35 27 12 36 30
1814 24 35 26 31 60 14 28 37 26 30 36 30
1815 23 39 42 38 78 103 27 39 33 35 36 30
1816 23 37 42 31 58 35 33 15 29 25 36 30
1817 23 17 2 39 142 1 23 26 29 15 36 29
1818 24 34 41 41 183 19 25 25 33 17 36 30
1819 24 38 37 28 84 60 29 19 24 16 36 30
1820 23 34 23 23 261 22 20 33 28 20 35 30
1821 24 34 30 21 60 20 24 13 24 21 36 30
1822 24 34 29 5 59 1 21 24 31 24 36 30
1823 24 34 29 18 134 1 23 34 28 1 36 30
1824 23 39 44 38 106 42 31 36 31 35 36 30
1825 23 40 37 26 145 33 21 29 28 36 36 30
1826 24 31 32 14 131 40 22 28 31 8 36 30
1827 24 35 26 20 72 64 29 29 29 24 36 30
1828 24 26 15 30 91 16 26 36 26 14 36 30
1829 24 40 38 41 199 51 29 34 22 36 36 30
1830 23 28 17 15 143 12 24 19 29 5 35 30
1831 24 33 41 50 88 100 27 38 29 25 36 30
1832 24 40 31 31 86 11 27 24 33 37 36 30
1833 24 26 20 24 136 36 21 27 29 5 36 30
1834 23 44 49 30 135 37 25 28 29 28 36 30
1835 24 33 32 26 119 65 22 30 25 13 36 30
1836 24 32 30 28 60 1 26 36 20 21 36 30
1837 24 37 37 31 164 61 22 20 26 21 36 30
1838 24 27 10 22 96 27 21 31 26 25 36 30
1839 24 38 39 36 63 1 24 32 24 26 36 30
1840 23 27 19 27 59 23 23 34 34 13 36 30
1841 24 23 10 43 96 4 24 1 39 8 36 30
1842 24 31 34 44 83 1 29 39 29 32 36 30
1843 24 36 46 27 84 19 28 13 31 5 36 30
1844 24 42 45 28 63 10 22 20 29 26 36 30
1845 24 32 25 29 148 25 26 45 33 25 36 30
1846 24 33 29 13 86 46 26 36 33 1 36 30
1847 24 30 19 18 82 14 21 25 28 7 36 30
1848 24 37 41 47 411 68 25 37 29 38 36 30
1849 23 29 20 29 175 22 24 28 20 10 35 29
1850 24 33 37 30 97 94 24 37 35 13 36 30
1851 23 30 20 29 202 21 23 20 32 17 36 30
1852 24 32 22 32 148 32 24 34 35 26 36 30
1853 24 27 25 25 77 1 22 27 38 7 36 30
1854 24 26 20 36 86 47 57 49 34 7 36 30
1855 24 32 38 32 196 24 22 29 20 20 36 30
1856 24 37 46 35 101 44 20 26 31 29 36 30
1857 23 33 29 35 137 34 25 21 26 18 36 30
1858 24 40 36 29 151 1 24 26 22 30 36 30
1859 24 28 23 24 132 25 28 26 30 25 36 30
1860 24 38 30 19 106 1 20 19 27 10 36 30
1861 24 40 38 27 109 33 24 26 26 35 36 30
1862 24 36 32 17 96 64 24 31 31 9 36 30
1863 24 34 33 27 140 1 25 41 25 29 36 30
1864 24 41 34 9 49 19 34 23 30 16 36 30
1865 23 36 29 24 105 6 26 38 31 35 36 30
1866 24 36 45 38 99 61 26 23 29 27 36 30
1867 24 32 36 38 60 84 24 26 31 9 36 30
1868 24 32 35 24 66 15 21 27 32 14 36 30
1869 24 34 34 27 93 1 28 25 42 20 36 30
1870 23 47 49 22 121 16 26 27 35 23 36 30
1871 24 34 30 24 97 1 24 32 35 33 36 30
1872 24 53 62 36 88 2 28 33 31 40 36 30
1873 24 36 37 36 124 1 29 33 28 25 36 30
1874 23 25 21 38 115 1 22 27 22 6 35 29
1875 23 37 44 30 168 104 26 35 32 16 36 30
1876 24 37 47 37 62 85 27 26 32 20 36 30
1877 23 31 27 33 347 82 27 35 32 27 36 30
1878 24 29 17 29 96 1 24 29 30 15 36 30
1879 23 25 18 30 85 18 20 20 32 9 36 30
1880 24 32 27 33 171 58 21 36 30 31 36 30
1881 24 39 39 21 68 29 26 30 35 29 36 30
1882 24 29 22 39 95 1 26 38 29 28 36 30
1883 23 32 20 23 90 1 17 34 23 13 36 30
1884 24 33 34 24 88 94 26 32 37 12 36 30
1885 24 35 44 27 122 82 19 26 31 30 36 30
1886 24 34 26 30 103 90 24 30 32 12 36 30
1887 23 43 46 33 119 11 27 33 30 38 36 30
1888 24 40 41 27 111 79 24 20 34 11 36 30
1889 24 30 31 32 90 1 25 33 28 21 36 30
1890 24 41 45 31 108 51 26 27 28 29 36 30
1891 24 43 52 19 128 34 23 35 34 24 36 30
1892 24 33 30 24 79 35 16 25 26 24 36 30
1893 24 46 43 29 47 31 28 27 54 41 36 30
1894 24 34 35 25 119 1 23 28 24 20 36 30
1895 24 24 8 24 151 43 27 39 34 10 36 30
1896 24 31 26 30 83 2 28 38 19 21 36 30
1897 23 28 22 28 73 57 20 19 31 11 36 30
1898 24 38 44 28 138 1 21 24 29 11 36 30
1899 23 30 13 35 103 40 29 30 29 27 36 30
1900 24 31 30 29 405 68 24 26 24 3 36 30
1901 24 28 25 31 54 103 24 34 26 24 36 30
1902 24 42 49 44 91 76 23 28 26 25 36 30
1903 24 40 50 45 130 62 25 28 35 32 36 30
1904 23 32 24 29 66 2 23 29 37 17 35 30
1905 24 34 35 23 116 1 21 20 35 1 36 29
1906 23 28 21 36 250 1 20 28 30 18 36 30
1907 23 29 11 13 89 1 25 24 30 25 36 30
1908 23 23 1 22 166 6 24 40 30 9 36 30
1909 24 45 45 18 71 65 19 24 30 30 36 30
1910 23 34 35 28 101 1 19 32 27 11 35 29
1911 24 37 39 31 97 46 26 32 28 33 36 30
1912 24 33 22 14 60 67 29 28 31 12 36 30
1913 23 35 36 31 77 21 27 33 32 31 36 30
1914 24 25 6 30 89 1 26 28 33 17 36 30
1915 24 37 36 27 91 134 21 37 31 23 36 30
1916 24 45 43 20 99 72 23 22 28 22 36 30
1917 24 29 28 33 150 60 23 25 38 12 36 30
1918 24 52 68 28 127 86 26 26 34 23 36 30
1919 23 31 30 19 94 41 18 23 26 15 36 30
1920 24 37 33 32 87 48 24 37 29 22 36 30
1921 23 35 40 21 69 125 22 40 29 16 36 30
1922 23 31 30 29 124 60 23 38 31 27 36 30
1923 24 35 36 28 63 1 23 28 34 9 36 30
1924 24 38 41 30 172 111 26 25 32 15 36 30
1925 24 36 40 40 106 32 33 31 29 27 36 30
1926 24 39 51 28 80 1 24 29 25 26 36 30
1927 24 52 57 30 58 13 26 30 39 44 36 30
1928 24 28 24 38 126 24 21 18 23 11 36 30
1929 23 39 35 26 62 26 28 1 35 29 36 30
1930 24 32 22 14 87 29 28 36 25 23 36 30
1931 24 39 38 42 128 21 28 30 38 34 36 30
1932 24 37 38 16 117 2 25 33 31 16 36 30
1933 24 30 23 39 82 34 25 18 34 20 36 30
1934 24 37 38 33 76 59 21 30 21 16 36 30
1935 24 30 28 25 65 1 26 41 29 9 36 30
1936 24 46 61 36 145 76 29 47 40 43 36 30
1937 24 31 24 22 55 50 21 40 29 22 36 30
1938 24 31 27 32 94 6 26 23 32 18 36 30
1939 24 25 22 41 86 1 22 21 26 14 36 30
1940 44 47 44 41 115 164 55 64 64 29 62 55
1941 23 26 25 43 111 8 26 22 29 5 36 30
1942 23 29 18 27 49 37 29 26 32 23 36 30
1943 24 40 36 17 85 52 22 25 28 27 36 30
1944 24 33 33 27 97 88 26 27 25 10 36 30
1945 23 25 11 26 79 28 25 29 32 32 36 30
1946 23 31 21 34 45 14 28 39 30 34 36 30
1947 24 34 42 36 71 1 27 34 24 22 36 30
1948 24 35 30 37 97 14 28 39 22 41 36 30
1949 24 39 44 37 94 32 28 34 32 36 36 30
1950 24 35 29 26 76 23 22 29 25 18 36 30
1951 23 45 51 24 97 26 32 28 28 28 36 30
1952 24 28 24 35 79 1 27 30 34 32 36 30
1953 23 25 27 48 148 108 20 22 29 16 36 30
1954 24 25 21 34 63 17 26 29 22 23 36 30
1955 24 34 22 26 242 48 28 27 28 38 36 30
1956 24 42 42 36 51 1 31 39 27 31 36 30
1957 24 39 43 32 97 66 26 35 32 27 36 30
1958 24 40 38 31 65 23 28 33 33 22 36 30
1959 24 32 35 31 183 81 26 20 31 18 36 30
1960 24 32 35 27 97 82 27 27 32 22 36 30
1961 24 35 37 32 206 37 21 27 34 25 36 30
1962 24 47 57 23 75 28 22 23 31 34 36 30
1963 23 23 13 30 95 2 23 30 20 6 36 30
1964 24 33 34 39 70 54 21 29 24 19 36 30
1965 24 36 38 39 70 18 27 30 27 38 36 30
1966 24 44 50 39 72 70 26 1 32 34 36 30
1967 23 32 23 36 55 9 25 31 29 36 36 30
1968 24 62 32 19 87 27 27 26 34 14 36 30
1969 24 39 38 18 262 1 25 43 30 20 36 30
1970 24 38 40 33 111 82 27 30 27 25 36 30
1971 24 38 41 37 77 9 25 27 30 34 36 30
1972 24 27 25 31 122 9 26 46 33 24 36 30
1973 24 32 28 26 93 49 28 27 30 30 36 30
1974 23 36 29 38 117 47 25 21 35 24 36 30
1975 24 37 46 36 98 53 25 15 28 23 36 30
1976 24 27 26 40 135 34 22 53 20 15 36 30
1977 23 35 29 19 156 53 24 29 27 13 36 30
1978 24 34 34 41 95 1 22 31 23 37 36 30
1979 24 38 38 17 113 90 20 38 36 27 36 30
1980 24 29 30 23 204 1 29 32 32 18 36 30
1981 24 27 25 35 84 61 28 15 29 12 36 30
1982 24 35 39 26 72 31 30 24 26 27 36 30
1983 24 34 43 29 127 95 24 23 35 1 36 30
1984 24 29 22 36 70 7 24 32 30 20 36 30
1985 23 41 45 25 142 76 27 29 29 16 36 30
1986 23 22 14 31 56 19 23 25 24 15 36 29
1987 23 31 22 24 223 65 24 18 29 26 36 30
1988 23 43 44 20 90 3 25 41 29 18 36 30
1989 24 43 43 28 66 72 26 33 29 18 36 30
1990 24 48 61 43 491 43 26 45 30 43 36 30
1991 24 43 46 33 105 17 26 31 45 34 36 30
1992 23 27 22 27 86 44 28 36 32 11 36 30
1993 24 33 30 41 52 26 22 45 32 38 36 30
1994 24 30 23 18 92 8 27 27 31 12 36 30
1995 24 33 22 26 76 37 31 26 36 35 36 30
1996 24 32 17 11 68 1 28 49 27 35 36 30
1997 23 36 33 32 79 43 22 22 25 35 36 30
1998 24 34 20 13 74 37 29 17 35 16 36 30
1999 24 43 46 31 108 18 20 29 35 21 36 30
2000 23 20 3 24 220 1 22 28 22 16 36 29
2001 24 37 39 28 120 75 28 29 34 21 36 30
2002 23 34 34 30 85 1 28 32 30 24 35 30
2003 24 38 38 16 107 61 25 33 34 4 36 30
2004 24 40 49 22 144 1 26 1 26 26 36 30
2005 24 43 42 17 94 1 26 27 27 19 36 30
2006 24 25 22 21 111 81 18 31 20 1 35 29
2007 24 29 19 23 97 88 21 28 27 20 36 30
2008 24 31 32 45 93 1 29 41 31 38 36 30
2009 24 36 35 27 66 1 24 16 32 29 36 30
2010 24 38 44 33 120 1 22 18 36 40 36 30
2011 23 24 12 29 85 34 20 25 19 5 36 30
2012 23 41 45 26 108 60 21 34 28 10 36 30
2013 24 34 30 22 71 49 26 22 29 1 36 30
2014 23 31 32 33 107 1 24 31 30 18 36 30
2015 23 25 17 22 59 1 26 41 31 30 36 30
2016 24 39 42 33 80 1 25 31 34 28 36 30
2017 24 41 42 27 72 71 22 28 25 20 36 30
2018 23 43 36 18 88 33 26 19 27 9 36 30
2019 24 33 24 24 77 1 22 30 23 31 36 30
2020 24 33 24 21 122 28 20 23 27 10 36 30
2021 23 29 27 51 132 73 27 1 37 21 35 30
2022 24 33 29 20 153 1 22 31 32 1 36 30
2023 24 39 37 8 118 89 25 19 32 10 36 30
2024 23 35 30 29 107 46 28 16 25 18 36 30
2025 24 34 32 28 67 100 24 31 28 5 36 30
2026 24 30 21 30 50 22 27 30 29 37 36 30
2027 24 40 38 36 75 44 30 25 38 41 36 30
2028 24 42 38 10 93 97 23 29 28 26 36 30
2029 24 38 30 31 49 25 25 39 33 43 36 30
2030 23 33 39 30 111 1 16 23 21 22 36 30
2031 24 30 25 29 87 1 28 32 30 33 36 30
2032 24 46 45 24 137 77 23 21 26 25 36 30
2033 23 30 20 24 142 1 21 25 25 4 36 30
2034 23 37 46 35 85 57 29 31 30 29 36 30
2035 24 27 19 29 64 1 21 27 29 19 35 30
2036 23 35 36 31 65 1 28 31 34 26 36 30
2037 23 35 24 9 105 19 22 22 27 21 36 30
2038 24 35 21 11 197 1 27 29 44 32 36 30
2039 24 41 46 27 72 1 26 33 35 43 36 30
2040 24 24 13 22 118 1 24 26 28 16 35 30
2041 24 44 54 24 128 8 28 25 25 10 36 30
2042 24 36 29 23 88 23 22 33 30 26 36 30
2043 24 45 46 22 116 125 22 25 31 7 36 30
2044 24 32 31 34 82 92 22 1 39 17 36 30
2045 24 28 20 31 98 6 26 26 37 25 36 30
2046 24 34 14 22 82 33 29 25 32 33 36 30
2047 24 30 27 19 109 1 24 38 30 30 36 30
2048 24 37 35 35 142 99 27 30 29 1 36 30
2049 23 24 26 33 127 22 22 25 31 13 36 30
2050 24 29 19 34 60 21 24 38 28 24 36 30
2051 23 21 1 42 95 36 18 25 29 7 35 29
2052 24 41 43 26 112 93 26 27 28 1 36 30
2053 24 29 19 15 56 1 17 22 25 2 36 30
2054 24 36 37 38 88 1 26 34 34 22 36 30
2055 23 27 15 38 94 56 24 27 31 8 36 30
2056 23 38 39 22 135 1 19 26 29 20 36 30
2057 24 30 28 21 261 9 20 38 27 16 36 30
2058 23 28 24 37 84 119 28 29 29 1 36 30
2059 24 15 7 40 78 35 23 1 33 7 36 30
2060 24 30 18 30 61 28 23 27 31 24 36 30
2061 24 15 1 26 83 1 27 18 30 8 36 30
2062 24 35 30 39 79 1 26 29 27 37 36 30
2063 24 31 27 36 81 52 32 22 34 31 36 30
2064 24 39 40 37 87 1 25 31 30 30 36 30
2065 24 47 51 31 96 78 26 33 24 23 36 30
2066 24 46 54 19 116 40 24 31 29 26 36 30
2067 23 17 20 42 49 35 27 30 34 27 36 30
2068 24 39 36 33 84 46 25 32 30 23 36 30
2069 24 29 25 17 88 16 26 21 34 11 36 30
2070 24 34 24 15 56 1 18 24 31 22 36 30
2071 24 30 15 24 116 1 26 1 31 6 36 30
2072 24 36 37 28 112 65 29 33 34 13 36 30
2073 24 26 1 15 118 1 26 22 25 1 36 30
2074 24 38 49 36 119 33 23 1 38 22 36 30
2075 24 38 36 27 101 1 22 30 29 37 36 30
2076 23 22 7 22 81 1 21 22 28 10 36 30
2077 24 28 14 23 112 1 21 34 33 28 36 30
2078 24 36 36 33 103 22 27 33 33 33 36 30
2079 24 29 36 31 214 1 25 28 41 15 36 30
2080 24 36 31 16 51 63 23 23 29 18 36 30
2081 23 26 15 28 99 9 25 42 28 35 36 30
2082 23 26 15 18 113 24 26 32 35 11 36 30
2083 24 39 44 17 105 23 25 20 29 6 36 30
2084 24 24 12 31 67 1 24 1 34 11 35 30
2085 24 36 27 29 99 1 32 34 32 34 36 30
2086 24 43 43 20 78 9 26 32 26 23 36 30
2087 24 38 33 26 223 1 22 28 21 23 36 30
2088 24 39 40 29 139 46 24 24 34 26 36 30
2089 24 28 15 32 99 83 24 30 30 24 36 30
2090 23 31 16 29 112 1 24 30 18 25 35 30
2091 24 30 19 8 171 1 19 24 82 23 36 30
2092 24 37 27 17 65 13 22 23 23 23 36 30
2093 24 30 22 17 74 8 24 23 32 12 36 30
2094 24 27 27 24 103 46 31 31 29 12 36 30
2095 23 30 25 36 81 1 27 32 31 41 36 30
2096 24 31 31 39 113 41 27 25 35 19 36 30
2097 24 43 36 23 88 24 26 38 28 24 36 30
2098 24 34 22 32 39 1 27 24 37 34 36 30
2099 24 31 14 29 44 37 24 29 23 13 36 30
2100 23 27 18 19 396 1 23 21 24 7 35 29
2101 24 44 56 37 58 48 26 23 33 33 36 30
2102 24 32 38 40 58 44 24 22 27 33 36 30
2103 24 25 6 42 89 14 20 1 35 15 36 30
2104 24 46 49 25 66 26 25 29 37 34 36 30
2105 24 27 22 17 64 1 23 27 29 2 36 30
2106 23 26 25 33 109 1 26 34 32 27 36 30
2107 24 33 35 34 90 2 26 30 34 30 36 30
2108 24 36 33 30 331 48 24 19 32 18 36 30
2109 24 49 54 30 160 81 28 28 23 25 36 30
2110 23 29 17 22 88 11 27 33 26 17 36 30
2111 24 36 32 15 95 58 17 1 29 21 36 30
2112 24 31 21 32 75 25 38 29 26 15 36 30
2113 24 40 39 29 107 23 28 34 16 24 36 30
2114 24 34 25 23 61 22 26 25 38 13 36 30
2115 24 29 26 27 56 1 26 37 34 28 36 30
2116 24 23 17 31 76 46 22 14 23 14 35 30
2117 24 32 26 25 112 1 27 31 30 20 36 30
2118 23 38 27 7 117 12 26 29 21 6 36 30
2119 23 33 24 15 132 1 29 22 30 14 36 30
2120 24 28 28 20 115 25 26 28 24 7 36 30
2121 23 34 36 29 132 31 28 19 22 4 35 29
2122 23 44 50 37 195 68 23 31 26 21 35 30
2123 23 44 46 35 84 88 24 27 31 22 35 29
2124 23 33 32 31 77 1 21 34 23 25 35 29
2125 23 29 37 41 53 101 20 19 27 19 36 30
2126 23 38 44 27 100 51 23 32 31 15 36 29
2127 23 32 31 29 119 77 23 29 29 20 35 30
2128 23 39 41 34 98 1 19 30 23 16 36 29
2129 23 39 43 26 94 3 22 25 27 27 35 29
2130 23 35 43 29 92 95 24 53 33 21 35 29
2131 23 37 34 23 122 61 29 33 33 21 35 29
2132 23 39 43 34 80 130 23 24 28 10 35 29
2133 23 40 44 28 105 3 23 26 33 32 36 29
2134 23 20 12 41 72 15 18 25 25 11 36 29
2135 23 28 22 20 81 41 23 31 32 12 35 29
2136 23 28 31 32 56 47 25 19 31 21 35 29
2137 23 42 45 29 145 86 22 35 31 33 36 30
2138 23 34 38 22 91 127 30 17 26 2 35 29
2139 23 39 48 32 89 17 24 28 25 29 36 29
2140 23 38 28 30 64 24 26 25 31 21 35 29
2141 23 36 38 29 121 20 27 17 37 33 36 29
2142 23 33 33 39 102 26 21 26 31 18 35 29
2143 23 26 22 27 89 15 25 17 26 9 35 29
2144 23 31 34 20 55 52 27 26 30 20 35 29
2145 23 46 53 19 76 1 21 25 29 23 35 29
2146 23 33 32 23 109 1 25 29 28 27 35 30
2147 23 34 32 41 131 1 24 34 31 38 36 29
2148 23 35 40 26 104 32 27 29 28 13 35 29
2149 23 36 36 29 139 7 26 24 26 16 35 29
2150 23 40 39 22 270 81 24 26 26 14 36 30
2151 23 26 9 19 106 2 21 29 27 29 35 29
2152 23 28 20 35 84 88 18 23 21 18 35 29
2153 23 41 44 26 87 28 24 25 33 30 36 30
2154 23 31 17 18 119 26 24 17 31 18 35 29
2155 23 33 29 25 75 51 28 25 31 23 35 29
2156 23 38 35 28 158 21 29 24 31 29 35 29
2157 23 31 30 25 84 1 29 20 29 20 35 29
2158 23 13 1 39 109 1 21 26 31 9 35 29
2159 23 35 27 32 85 1 18 20 30 22 35 29
2160 23 29 29 33 51 1 21 27 28 27 35 29
2161 23 25 8 9 86 32 22 30 45 20 35 29
2162 23 38 34 30 60 7 21 32 20 25 35 30
2163 36 41 30 44 262 64 37 34 36 39 52 45
2164 23 30 42 39 89 40 28 30 29 25 35 30
2165 23 33 25 32 197 1 24 40 33 30 36 29
2166 23 33 30 37 85 32 22 24 30 27 36 30
2167 23 24 20 27 192 8 26 34 30 17 35 29
2168 23 27 29 39 78 53 25 26 27 17 35 29
2169 23 37 32 26 63 1 27 15 21 22 35 29
2170 24 31 23 22 141 1 26 42 30 25 35 29
2171 23 38 38 10 58 19 25 38 26 14 35 29
2172 23 23 8 34 90 10 20 26 38 25 35 29
2173 23 33 25 30 71 1 26 32 33 37 36 29
2174 24 30 32 38 148 1 22 33 28 16 36 29
2175 23 42 50 19 80 91 25 37 35 32 36 29
2176 23 27 15 28 50 46 28 39 34 13 35 29
2177 23 35 37 27 164 32 23 34 33 17 36 29
2178 23 30 30 35 89 45 24 29 28 22 35 30
2179 23 43 51 32 291 36 29 27 27 29 36 30
2180 23 36 41 33 269 120 23 31 34 18 35 29
2181 23 31 26 28 82 2 24 32 28 10 35 29
2182 23 27 31 52 53 33 26 1 33 25 35 29
2183 23 20 1 29 144 1 20 35 21 9 35 29
2184 23 20 2 30 71 24 23 6 29 7 35 29
2185 23 23 22 28 133 33 21 32 29 14 35 29
2186 23 34 29 28 112 53 31 35 31 23 35 29
2187 23 32 22 26 63 51 21 33 35 28 35 29
2188 23 45 49 27 100 31 22 22 20 20 35 30
2189 23 32 18 13 116 26 28 29 37 18 35 29
2190 23 36 36 35 55 13 22 29 32 27 36 30
2191 23 39 46 33 126 1 28 27 27 31 36 29
2192 23 29 29 33 168 3 25 26 28 21 35 29
2193 23 33 31 26 246 25 28 25 31 14 35 29
2194 23 33 33 28 137 15 28 1 34 7 35 29
2195 23 39 38 21 121 17 23 24 38 21 35 30
2196 23 32 27 30 109 17 21 31 30 22 35 29
2197 23 38 35 27 348 61 24 34 34 27 36 30
2198 23 38 35 16 74 93 23 25 29 14 35 30
2199 24 36 34 41 52 1 24 42 22 34 36 30
2200 24 39 49 47 61 1 28 42 31 35 36 30
2201 23 37 38 36 169 21 25 23 26 22 35 29
2202 23 23 25 40 69 13 21 28 41 20 35 29
2203 24 31 28 23 141 35 28 30 33 16 36 30
2204 23 19 3 38 61 31 25 8 32 5 35 29
2205 23 46 47 27 120 15 26 50 26 37 36 29
2206 23 32 33 30 135 4 25 32 32 34 36 30
2207 23 36 41 28 59 1 24 27 23 20 35 29
2208 23 29 20 25 200 88 25 25 26 18 35 29
2209 23 30 35 33 99 32 28 28 32 20 35 29
2210 23 33 39 26 100 49 25 28 25 11 35 29
2211 23 36 34 24 97 81 26 31 28 20 35 29
2212 24 38 36 31 58 101 28 1 34 18 35 30
2213 23 48 47 17 71 31 22 46 29 25 35 29
2214 23 34 27 40 56 80 29 33 29 38 36 30
2215 23 33 29 20 101 45 24 34 34 11 35 29
2216 23 36 29 23 84 1 30 28 36 20 35 30
2217 23 38 44 38 54 74 31 35 39 32 36 30
2218 23 35 29 23 73 65 21 29 31 25 35 29
2219 23 30 24 27 84 46 20 30 25 13 35 29
2220 23 34 37 40 58 73 21 39 31 24 36 30
2221 24 35 36 20 65 1 25 1 37 12 36 30
2222 23 33 35 26 67 1 27 1 34 29 35 29
2223 23 41 48 25 71 68 24 26 30 24 35 29
2224 23 31 24 26 91 20 19 31 33 11 35 29
2225 23 34 23 13 95 16 25 30 31 13 36 29
2226 23 38 43 22 67 1 29 27 27 22 35 29
2227 23 44 49 26 56 46 28 23 30 16 35 30
2228 23 32 31 37 55 1 19 29 28 21 35 29
2229 23 28 32 34 102 1 29 33 25 22 35 30
2230 23 32 36 23 127 1 29 26 30 29 36 29
2231 23 34 23 9 100 1 28 27 25 9 35 29
2232 23 55 77 23 127 34 29 28 27 27 36 29
2233 23 35 30 23 65 48 27 20 25 20 35 29
2234 23 41 37 29 118 57 19 24 20 22 35 29
2235 23 34 34 32 78 28 22 26 29 5 35 29
2236 23 37 46 33 118 1 23 24 28 30 36 29
2237 23 29 16 29 131 1 23 30 32 27 35 29
2238 23 26 18 23 67 20 19 21 32 21 35 29
2239 23 30 25 15 144 43 23 33 217 9 35 29
2240 23 34 26 27 96 41 23 23 31 11 35 29
2241 23 43 45 29 73 94 23 32 34 29 36 30
2242 23 41 41 33 86 46 33 24 30 29 36 30
2243 23 32 18 31 167 34 24 37 37 29 36 29
2244 23 33 26 14 83 1 23 50 29 26 35 29
2245 23 27 19 22 105 12 22 22 36 24 35 29
2246 23 30 25 24 64 1 26 24 33 30 35 29
2247 23 30 20 29 51 1 24 30 24 33 36 29
2248 23 30 37 33 143 44 21 27 28 14 35 29
2249 24 37 27 31 130 33 29 41 24 27 36 30
2250 23 27 23 30 82 1 22 38 25 21 35 29
2251 23 40 49 48 101 50 29 39 33 43 36 29
2252 23 31 13 24 87 43 27 44 32 22 36 30
2253 23 26 8 44 54 16 24 29 29 27 36 30
2254 24 37 43 28 117 1 32 25 31 22 36 30
2255 23 34 37 28 64 47 26 24 31 14 36 30
2256 24 45 49 29 89 89 28 26 31 23 36 30
2257 23 27 14 25 104 1 27 31 30 6 35 30
2258 23 26 32 41 134 13 27 27 34 18 36 30
2259 23 41 36 19 62 1 29 29 32 20 36 30
2260 23 26 20 30 103 20 28 17 31 9 36 30
2261 24 42 48 23 85 87 30 34 29 26 36 30
2262 23 32 20 22 101 80 22 33 28 15 36 29
2263 24 44 45 25 58 34 24 27 25 36 36 29
2264 23 28 24 37 365 22 27 38 22 36 36 30
2265 24 27 20 31 58 31 27 1 31 12 35 30
2266 23 33 25 16 237 16 25 23 29 13 36 30
2267 24 35 42 45 64 63 27 38 29 28 36 30
2268 24 46 55 39 110 34 30 44 33 27 36 30
2269 23 29 13 23 326 22 23 8 35 16 36 30
2270 23 21 23 30 80 1 23 31 25 18 35 29
2271 23 35 39 34 54 3 23 28 34 31 36 30
2272 24 33 37 33 120 29 29 27 26 24 36 30
2273 24 34 30 26 113 53 20 28 29 5 36 30
2274 23 36 38 39 176 1 28 39 28 35 36 30
2275 24 27 17 22 173 1 26 29 32 17 35 30
2276 23 33 28 20 113 1 21 35 28 4 35 30
2277 24 29 23 21 71 17 21 32 25 9 35 30
2278 24 40 44 36 104 1 29 38 33 29 36 30
2279 23 23 6 24 251 1 26 24 24 21 35 29
2280 24 28 22 26 66 1 22 27 27 13 35 29
2281 24 35 40 38 66 11 28 28 32 27 36 30
2282 23 34 30 33 149 17 24 30 30 30 36 30
2283 24 36 34 30 212 31 26 25 29 23 36 30
2284 23 28 18 28 95 1 24 1 35 8 35 30
2285 24 32 34 34 127 38 24 27 29 10 36 30
2286 23 36 32 15 95 6 27 21 27 18 36 30
2287 23 30 20 25 113 20 26 29 27 15 35 30
2288 24 33 37 33 128 3 33 38 37 18 36 30
2289 24 35 38 22 117 72 28 24 29 8 36 30
2290 23 32 29 34 603 1 28 35 30 35 36 30
2291 24 37 36 16 112 1 19 29 29 11 35 29
2292 24 34 37 35 88 19 24 30 34 28 36 30
2293 24 33 30 34 122 1 34 34 27 23 36 30
2294 23 26 19 37 135 29 23 26 24 11 36 29
2295 24 24 21 31 101 33 30 30 33 29 36 30
2296 24 27 24 31 145 1 24 30 24 1 36 30
2297 24 37 40 22 72 62 26 21 29 16 36 30
2298 24 39 31 10 87 64 19 31 22 9 36 30
2299 24 37 39 29 63 1 23 35 30 9 36 30
2300 23 38 40 27 119 42 26 36 35 27 36 29
2301 23 44 38 19 117 24 26 26 30 14 36 29
2302 23 33 38 31 75 62 27 25 30 28 36 30
2303 23 31 19 25 64 1 26 1 29 26 35 30
2304 23 19 5 38 66 6 22 28 32 10 35 29
2305 23 31 32 23 140 37 24 25 29 7 35 29
2306 23 36 33 25 115 14 26 20 33 28 36 30
2307 23 41 40 25 72 51 25 32 29 25 35 29
2308 23 25 23 26 155 48 19 24 30 1 35 29
2309 24 46 48 37 114 113 28 27 34 28 36 30
2310 23 33 28 31 105 49 28 27 27 17 36 30
2311 23 26 16 26 54 25 27 25 30 6 35 29
2312 23 33 40 32 110 71 20 30 28 19 36 30
2313 23 35 50 47 73 19 29 24 30 25 35 30
2314 23 34 31 36 56 1 23 32 28 40 36 29
2315 24 35 32 24 134 1 25 18 34 29 36 30
2316 23 37 43 41 52 87 27 37 35 35 36 29
2317 24 35 24 15 121 28 21 26 24 19 36 30
2318 24 47 52 8 64 1 21 17 29 26 36 30
2319 24 30 25 11 74 19 28 19 26 1 36 30
2320 24 33 29 38 98 70 26 12 27 23 36 30
2321 24 40 39 15 140 11 25 21 28 30 36 30
2322 23 27 15 25 59 1 25 20 36 28 35 29
2323 24 31 25 40 119 1 26 36 30 40 36 30
2324 24 33 28 40 80 23 22 28 27 19 36 30
2325 24 37 36 26 61 59 23 19 28 26 36 30
2326 23 34 38 36 172 44 25 21 25 29 36 29
2327 23 38 30 6 107 1 22 38 19 30 36 29
2328 24 30 33 41 135 3 27 41 37 37 36 30
2329 23 39 32 32 66 1 19 35 29 38 36 29
2330 23 36 41 33 108 1 18 29 32 7 36 30
2331 23 33 21 13 146 1 26 28 28 23 36 30
2332 23 28 21 31 151 33 22 39 30 8 35 29
2333 23 39 39 27 93 19 16 30 21 27 35 29
2334 23 38 44 35 81 14 27 29 30 36 36 29
2335 24 33 28 20 241 1 22 30 23 25 36 30
2336 24 32 29 22 65 83 24 27 31 9 36 30
2337 23 29 17 29 94 1 25 36 31 34 36 30
2338 24 45 53 29 64 32 27 22 25 25 36 30
2339 23 38 35 30 125 1 18 25 26 25 35 29
2340 24 36 32 39 85 84 30 28 23 22 36 30
2341 23 41 46 22 62 19 27 25 25 13 35 29
2342 24 28 19 31 41 34 24 30 31 16 36 30
2343 23 34 42 40 69 53 29 36 35 42 36 30
2344 24 34 33 19 69 60 25 27 34 1 36 30
2345 23 40 46 26 89 92 26 23 28 10 36 30
2346 24 40 45 31 91 6 22 26 28 24 36 30
2347 23 36 28 22 57 22 25 35 32 25 35 29
2348 24 27 22 20 138 46 21 22 28 7 36 30
2349 24 36 35 34 112 1 23 39 33 34 36 30
2350 23 31 27 24 55 1 27 1 34 30 35 29
2351 24 30 31 40 111 9 29 30 38 43 36 30
2352 23 32 34 39 69 34 24 30 23 32 36 29
2353 23 27 23 40 94 41 22 25 32 28 36 29
2354 24 38 35 34 69 41 32 26 36 13 36 30
2355 24 22 22 38 126 1 19 26 29 2 36 30
2356 24 42 42 39 141 1 28 33 32 40 36 30
2357 23 45 42 9 91 52 21 27 34 32 36 30
2358 24 31 22 28 128 1 28 37 44 28 36 30
2359 24 42 49 37 148 1 25 38 21 34 36 30
2360 23 30 29 39 46 55 26 21 29 28 35 29
2361 23 41 38 25 101 1 22 32 28 20 35 30
2362 23 36 42 36 95 55 23 23 25 11 36 30
2363 23 14 4 43 84 1 26 20 35 7 36 30
2364 23 44 43 34 58 59 27 31 31 33 36 30
2365 24 35 36 18 276 1 23 23 28 1 36 30
2366 24 34 35 23 83 20 23 38 26 13 36 30
2367 24 39 40 36 121 18 21 41 28 25 36 30
2368 24 41 40 25 45 40 26 27 33 41 36 30
2369 24 29 27 29 50 35 26 42 41 34 36 30
2370 23 22 9 35 98 86 29 33 39 31 36 30
2371 23 30 22 21 139 19 26 29 30 16 36 30
2372 24 38 36 25 106 25 20 25 31 24 36 30
2373 24 29 18 18 127 49 31 35 29 17 36 29
2374 23 44 51 18 186 1 25 20 34 24 35 29
2375 24 37 29 27 73 31 30 29 37 30 36 30
2376 24 30 17 36 138 43 31 37 29 23 36 30
2377 24 26 17 33 58 23 17 23 24 11 36 30
2378 23 50 43 29 58 64 26 32 31 43 36 30
2379 24 44 50 34 100 26 27 37 25 41 36 30
2380 24 29 26 20 109 1 24 28 28 12 36 30
2381 24 35 33 23 89 29 30 19 33 11 36 30
2382 23 36 37 29 71 13 22 1 35 19 35 29
2383 24 55 61 21 141 1 21 39 32 45 36 30
2384 24 32 37 40 77 77 26 46 30 20 36 30
2385 23 36 39 38 256 72 30 28 35 23 35 29
2386 23 46 63 27 104 116 24 30 30 6 35 29
2387 23 36 34 33 90 37 23 28 25 22 35 29
2388 23 30 18 28 165 46 23 36 29 27 35 29
2389 24 43 47 32 59 51 27 26 29 33 36 30
2390 24 31 30 16 172 13 25 24 27 1 36 30
2391 24 30 18 24 114 1 21 37 24 24 36 30
2392 23 24 13 34 50 1 21 27 30 7 35 29
2393 23 31 38 32 147 38 25 33 31 29 36 29
2394 24 31 23 27 118 90 29 31 30 22 36 30
2395 24 49 59 37 119 88 27 31 36 40 36 30
2396 24 37 35 31 58 47 24 28 32 26 36 30
2397 24 39 36 23 141 62 25 24 27 2 36 30
2398 24 24 21 25 94 12 27 30 26 12 35 30
2399 24 32 25 34 67 28 27 29 30 40 36 30
2400 23 45 46 32 86 62 22 30 34 25 36 29
2401 24 32 34 25 102 12 22 38 34 39 36 30
2402 24 35 35 39 105 25 25 33 28 33 36 30
2403 24 44 51 22 78 1 28 26 36 25 36 30
2404 23 29 33 37 57 66 21 46 31 12 35 30
2405 24 33 32 34 97 73 22 28 29 20 36 30
2406 23 35 35 45 189 66 30 49 34 26 36 30
2407 24 38 35 31 47 29 27 39 31 44 36 30
2408 24 38 41 26 223 88 27 24 28 10 36 30
2409 24 37 35 21 95 5 25 32 27 13 36 30
2410 24 41 56 38 103 87 23 27 32 10 36 30
2411 23 39 35 21 90 47 21 33 30 13 36 30
2412 23 49 50 9 112 34 23 28 27 17 36 30
2413 23 44 57 44 129 44 27 17 40 38 36 29
2414 24 47 49 26 159 42 21 26 26 38 36 30
2415 23 41 57 41 97 1 27 42 31 38 36 29
2416 24 27 25 27 297 21 27 34 31 14 35 30
2417 24 36 42 36 93 1 24 1 31 13 36 30
2418 24 34 35 22 89 3 28 23 29 20 36 30
2419 24 36 32 22 268 75 28 32 30 9 36 30
2420 24 48 47 15 277 31 23 24 33 29 36 30
2421 23 31 33 28 54 9 25 19 30 27 36 29
2422 24 53 60 27 55 106 30 27 24 29 36 30
2423 24 28 21 12 71 1 25 29 26 4 36 30
2424 23 33 33 33 117 110 27 34 30 29 36 30
2425 24 28 31 33 109 55 25 1 43 16 36 30
2426 24 24 12 30 98 1 24 26 37 27 36 30
2427 24 29 16 15 110 29 27 32 30 9 36 30
2428 23 30 17 17 83 1 29 24 32 12 35 29
2429 23 37 37 38 60 32 27 32 21 37 36 30
2430 23 46 44 22 58 54 24 30 25 26 36 30
2431 24 26 26 35 104 1 24 1 33 17 36 30
2432 24 39 46 29 103 50 26 24 32 14 36 30
2433 23 35 31 28 94 47 20 24 30 28 36 30
2434 24 28 24 32 134 27 22 26 33 19 36 30
2435 23 36 28 18 121 24 27 27 34 31 36 29
2436 24 32 28 22 117 95 23 32 27 26 35 30
2437 24 31 28 22 114 1 24 38 32 24 36 30
2438 24 39 46 36 276 114 25 23 27 19 36 30
2439 24 41 37 33 77 1 25 40 30 28 36 30
2440 23 33 25 16 71 1 25 25 32 1 35 29
2441 24 29 20 23 135 1 24 41 31 23 35 30
2442 24 31 28 34 68 19 23 44 27 12 36 30
2443 24 44 51 35 172 1 24 1 34 14 36 30
2444 23 38 44 15 87 59 21 27 33 26 35 29
2445 24 41 43 31 95 13 25 39 33 30 36 30
2446 23 37 30 25 156 11 20 23 28 8 36 29
2447 23 40 40 29 176 124 22 26 28 20 36 30
2448 23 30 30 23 124 30 25 20 25 6 35 29
2449 23 37 38 22 66 33 27 26 22 11 35 29
2450 23 36 36 24 68 1 29 32 33 18 36 30
2451 24 28 16 19 54 1 27 45 25 20 36 30
2452 23 36 42 37 241 30 29 36 37 29 36 29
2453 23 37 32 32 59 61 23 24 31 21 36 30
2454 23 31 39 37 77 33 27 9 38 21 36 30
2455 23 34 34 33 71 89 25 40 36 19 36 30
2456 24 41 36 41 51 32 24 36 21 38 36 30
2457 23 35 43 21 180 82 25 20 40 8 35 29
2458 24 40 42 24 93 38 23 32 28 26 36 30
2459 23 36 35 39 167 48 23 25 29 22 36 30
2460 24 38 41 36 87 85 33 27 27 33 36 30
2461 24 29 29 28 94 7 22 29 32 21 36 30
2462 24 37 34 23 83 1 24 7 33 26 36 30
2463 23 26 7 20 111 1 21 24 30 22 35 29
2464 24 22 9 35 77 77 23 22 23 8 36 30
2465 24 30 21 18 74 24 25 35 29 18 36 30
2466 24 50 60 15 96 1 26 21 28 19 36 30
2467 23 34 36 33 183 25 24 22 29 26 35 29
2468 23 33 34 32 68 95 24 37 31 17 36 30
2469 23 34 32 29 128 1 25 35 28 24 35 29
2470 23 37 30 25 138 6 24 35 35 26 35 29
2471 23 37 32 21 76 6 24 27 25 25 35 29
2472 23 25 19 23 97 1 27 32 28 7 35 29
2473 23 29 20 38 88 6 23 39 28 36 36 30
2474 23 39 46 32 82 88 27 28 34 22 35 29
2475 23 39 31 6 60 1 27 58 27 27 36 30
2476 24 39 56 35 67 63 26 25 20 25 36 30
2477 23 28 21 34 104 15 24 26 31 20 35 30
2478 23 18 1 32 44 11 23 37 30 23 36 29
2479 23 38 41 27 113 57 24 30 32 19 35 30
2480 23 41 44 29 99 1 21 26 32 35 36 30
2481 24 35 30 37 127 1 25 38 34 38 36 30
2482 23 24 15 24 65 63 27 22 37 14 36 30
2483 24 32 30 27 67 77 31 24 33 19 36 30
2484 24 35 39 25 96 24 30 35 24 29 36 30
2485 24 32 28 16 72 28 20 14 32 13 36 30
2486 23 43 46 26 148 21 19 30 20 21 35 29
2487 23 31 30 28 68 5 18 16 26 14 35 29
2488 24 35 30 17 71 16 27 37 41 19 36 30
2489 24 31 26 23 89 9 32 23 27 21 36 30
2490 24 32 29 40 73 23 21 1 40 18 36 30
2491 24 27 20 23 85 50 28 18 28 17 36 30
2492 24 33 30 24 88 48 16 34 26 15 36 30
2493 24 47 46 16 443 29 27 39 40 34 36 30
2494 24 31 26 24 60 3 28 22 28 16 36 30
2495 24 25 31 36 104 5 22 23 35 15 35 30
2496 23 38 36 26 72 14 25 17 31 36 36 30
2497 24 39 31 40 85 70 25 28 34 22 35 30
2498 23 30 21 35 185 52 26 22 31 16 36 29
2499 23 35 26 19 79 73 20 26 27 21 36 30
2500 24 43 41 28 65 86 24 40 17 24 36 30
2501 23 40 40 26 66 38 21 1 29 20 35 29
2502 24 36 35 21 85 1 24 39 32 10 36 30
2503 24 33 25 30 85 25 23 31 30 13 36 30
2504 23 35 32 19 71 88 29 29 35 5 35 29
2505 23 32 16 26 79 1 23 27 21 16 35 30
2506 23 36 28 26 163 1 27 23 32 17 35 30
2507 24 41 47 24 89 7 25 41 35 22 36 30
2508 23 32 39 21 78 42 20 25 29 15 35 29
2509 23 31 33 37 99 60 25 39 25 26 36 29
2510 24 35 32 39 139 70 25 30 30 14 36 30
2511 24 33 27 20 208 100 24 29 23 9 36 30
2512 24 32 24 29 114 1 23 30 28 31 36 30
2513 24 33 31 36 50 39 32 33 28 36 36 30
2514 23 37 36 43 84 87 20 1 33 23 35 29
2515 23 26 15 30 144 34 25 31 26 26 36 30
2516 24 34 33 34 62 1 28 26 39 28 36 30
2517 24 31 32 59 186 31 23 27 30 29 36 30
2518 23 29 28 33 67 2 28 27 32 15 35 29
2519 23 30 25 17 85 1 26 24 31 18 35 30
2520 23 39 36 21 91 10 24 21 32 27 36 29
2521 23 32 32 28 169 30 37 25 25 28 35 29
2522 24 34 33 20 93 1 26 32 33 19 36 30
2523 23 42 42 30 120 108 21 20 35 27 36 29
2524 23 34 25 22 246 6 22 22 25 13 36 29
2525 23 24 14 36 106 1 21 30 34 22 35 29
2526 23 49 54 23 67 13 26 26 27 33 36 29
2527 24 42 47 34 109 40 21 33 28 15 36 30
2528 24 30 32 25 97 1 22 25 32 14 36 30
2529 24 29 25 24 66 1 24 27 32 16 36 30
2530 24 38 38 24 60 47 25 34 29 23 36 30
2531 24 33 38 45 232 1 21 22 28 28 36 30
2532 24 32 26 17 122 1 33 33 29 13 36 30
2533 23 26 12 28 74 1 25 19 34 15 35 29
2534 23 32 27 22 93 62 19 32 27 23 35 30
2535 24 41 40 25 78 41 49 26 26 32 36 30
2536 23 34 30 26 66 78 24 36 33 18 36 30
2537 23 28 20 29 194 56 26 24 30 12 35 29
2538 23 37 34 16 95 73 23 28 32 10 35 29
2539 23 29 19 28 141 14 25 25 28 30 36 30
2540 23 29 15 19 61 27 27 34 33 7 35 29
2541 24 38 31 17 70 1 24 22 27 16 36 30
2542 23 36 32 20 66 14 27 27 35 14 36 30
2543 24 46 58 31 67 95 27 40 28 30 36 30
2544 24 47 51 27 100 24 24 23 30 23 36 30
2545 23 20 1 32 62 1 20 19 28 14 35 29
2546 24 35 40 31 60 17 24 28 33 23 36 30
2547 24 34 44 32 103 1 24 24 35 22 36 30
2548 23 39 33 26 119 1 23 23 27 20 35 29
2549 24 28 15 23 76 80 26 29 30 13 36 30
2550 24 43 43 30 93 70 21 19 28 39 36 30
2551 24 31 34 37 94 63 25 38 27 12 36 30
2552 24 35 33 37 60 1 25 35 32 33 36 30
2553 24 26 25 16 97 8 26 24 32 13 36 30
2554 24 37 27 21 123 41 28 28 31 24 36 30
2555 24 26 30 34 94 1 26 28 39 17 36 30
2556 24 38 35 19 447 36 27 27 35 14 36 30
2557 24 34 35 25 218 1 23 34 26 12 36 30
2558 24 34 36 26 68 72 32 33 34 26 36 30
2559 24 43 48 32 73 53 29 32 36 43 36 30
2560 24 35 37 27 126 27 20 24 19 13 36 30
2561 23 24 17 24 56 36 31 20 29 21 36 29
2562 23 35 42 42 101 35 26 33 24 13 35 29
2563 24 31 28 27 194 1 23 30 33 26 36 30
2564 24 30 9 10 116 1 17 22 29 16 36 30
2565 24 34 35 30 81 74 26 30 34 20 36 30
2566 23 22 22 29 107 1 26 39 30 18 35 29
2567 24 29 38 45 88 65 26 32 30 22 36 30
2568 23 34 35 36 68 22 24 31 27 24 36 30
2569 24 41 53 39 231 15 25 31 31 32 36 30
2570 23 20 7 42 136 20 26 31 26 16 36 30
2571 23 25 21 38 97 26 26 33 30 21 35 29
2572 23 33 33 15 66 1 22 23 23 20 35 29
2573 23 26 15 32 92 1 23 32 30 22 35 29
2574 23 13 1 25 106 1 20 23 26 2 36 29
2575 23 41 47 33 221 67 22 18 28 22 35 29
2576 24 33 36 25 106 26 22 25 26 1 36 30
2577 24 30 25 31 132 1 31 49 32 18 36 30
2578 23 32 24 16 79 31 20 26 26 4 35 29
2579 24 36 27 16 123 21 19 34 29 3 36 30
2580 23 38 43 29 76 71 21 31 29 12 36 30
2581 24 38 36 17 65 1 24 26 34 18 36 30
2582 24 42 43 30 118 31 25 27 26 34 36 30
2583 23 32 21 28 131 14 29 28 33 14 36 29
2584 24 32 26 21 117 1 26 25 27 23 35 30
2585 23 27 24 45 55 91 25 25 38 22 35 29
2586 23 33 32 20 97 6 23 29 26 8 35 29
2587 23 38 42 19 59 29 23 31 30 16 35 29
2588 23 33 22 35 123 22 26 36 25 33 36 29
2589 23 48 50 11 86 58 29 26 30 17 35 29
2590 23 29 37 39 89 115 19 30 28 15 35 29
2591 23 38 41 25 312 43 22 25 26 27 35 29
2592 23 29 32 43 76 33 24 32 27 18 35 29
2593 23 38 42 33 207 59 24 29 23 18 35 29
2594 23 40 44 35 59 93 23 22 25 28 36 29
2595 24 38 35 17 68 124 21 27 30 25 36 30
2596 23 34 38 47 55 63 23 21 31 28 36 29
2597 23 41 50 33 166 50 22 35 30 24 35 29
2598 23 34 36 50 155 1 27 28 23 39 36 29
2599 23 35 31 32 114 31 19 28 35 19 35 30
2600 23 48 55 32 106 63 23 17 28 25 35 29
2601 24 45 57 21 109 1 24 29 31 32 36 29
2602 23 29 28 42 182 18 34 30 35 30 36 29
2603 23 36 47 30 76 78 27 31 35 4 36 30
2604 23 27 23 38 125 13 28 25 32 22 35 29
2605 23 26 24 37 105 21 17 6 30 12 35 29
2606 23 31 31 18 129 1 24 27 25 4 35 29
2607 23 45 45 25 89 9 22 23 33 24 35 29
2608 24 40 44 28 97 80 23 26 32 27 36 30
2609 23 35 34 27 147 54 24 18 33 4 35 29
2610 23 29 18 36 57 1 21 31 32 8 35 29
2611 24 40 37 35 82 1 21 32 25 38 36 30
2612 23 31 28 26 67 56 24 26 29 16 35 29
2613 24 40 43 28 132 54 28 26 29 8 36 30
2614 23 38 34 18 93 56 21 27 26 17 35 29
2615 24 36 30 25 86 62 20 19 28 11 35 30
2616 24 35 32 29 75 1 22 29 29 33 36 30
2617 24 30 23 26 187 1 24 29 17 18 36 30
2618 23 28 23 39 117 1 23 43 24 32 36 29
2619 23 34 27 23 101 37 21 26 33 23 36 30
2620 24 30 33 27 76 21 21 28 33 4 36 30
2621 24 34 36 39 135 11 24 44 27 33 36 30
2622 24 40 39 24 130 11 26 13 32 14 36 30
2623 24 34 34 30 62 86 19 43 29 13 36 30
2624 23 25 4 37 46 39 24 24 31 11 36 30
2625 24 42 38 13 74 1 28 25 25 22 36 30
2626 23 28 25 26 244 42 24 23 30 26 35 29
2627 24 33 32 24 86 1 25 20 29 24 36 30
2628 23 26 16 17 150 14 25 19 33 5 36 30
2629 23 24 19 25 63 1 29 18 33 14 35 29
2630 23 38 36 15 75 65 23 22 15 11 36 29
2631 24 47 49 11 84 1 24 34 31 22 36 30
2632 24 25 18 12 134 19 20 21 25 1 36 29
2633 24 42 51 39 137 87 26 31 24 41 36 30
2634 24 27 27 25 83 1 27 36 29 13 36 30
2635 24 30 28 20 115 1 27 27 32 10 36 30
2636 23 29 21 20 64 1 24 28 30 6 36 30
2637 24 32 25 28 77 44 25 31 31 9 36 30
2638 24 35 44 26 102 73 24 23 33 9 36 30
2639 24 37 36 27 78 1 27 36 25 14 36 30
2640 23 39 34 29 86 39 28 38 29 32 36 29
2641 24 30 17 25 56 1 23 29 26 20 36 30
2642 24 38 34 27 60 11 26 19 29 27 36 30
2643 23 37 40 25 75 52 25 24 34 21 36 29
2644 23 29 30 30 96 1 22 32 29 28 35 29
2645 23 31 23 17 99 1 25 27 25 14 35 29
2646 24 27 18 24 121 1 19 36 22 15 35 30
2647 24 39 43 24 74 6 21 1 32 15 36 30
2648 23 27 13 29 85 1 29 21 39 18 35 29
2649 24 27 9 29 96 32 25 44 31 36 36 30
2650 24 45 43 32 60 90 28 13 27 22 36 30
2651 24 35 36 15 132 1 26 37 37 13 36 30
2652 23 35 32 27 73 44 26 31 32 25 36 30
2653 24 47 44 23 106 1 24 32 24 36 36 30
2654 23 28 17 21 66 46 26 37 27 9 35 29
2655 24 41 35 18 73 1 25 24 30 18 36 29
2656 23 31 30 36 59 24 25 33 31 36 36 29
2657 24 33 23 30 58 1 20 41 26 34 36 30
2658 23 43 44 30 149 40 26 30 23 41 36 30
2659 23 24 15 28 229 1 27 1 35 17 35 29
2660 23 29 16 37 230 29 29 27 29 22 35 30
2661 23 33 35 37 69 1 17 42 29 22 36 29
2662 23 28 26 25 46 33 21 23 30 11 35 29
2663 23 44 49 34 161 1 29 19 31 37 36 29
2664 23 38 46 29 91 1 25 30 34 16 36 30
2665 23 36 36 22 75 119 21 21 29 10 36 29
2666 24 28 17 29 61 1 25 1 29 15 35 30
2667 24 37 37 26 94 32 27 24 31 1 36 30
2668 24 32 32 26 61 106 23 31 30 1 36 30
2669 24 39 39 16 133 1 23 41 29 21 36 30
2670 24 31 22 11 92 4 25 28 34 5 36 30
2671 23 31 30 34 130 1 33 28 28 22 36 30
2672 24 41 50 24 74 36 28 26 39 19 36 30
2673 24 30 27 20 95 15 25 36 29 1 35 30
2674 43 73 67 64 205 80 53 71 58 83 62 54
2675 23 30 20 31 80 57 23 26 23 25 36 30
2676 24 32 27 34 97 65 22 32 30 28 36 30
2677 24 38 38 46 127 37 24 29 31 46 36 30
2678 24 30 23 23 121 1 29 30 36 31 36 30
2679 24 32 29 33 149 1 23 29 34 28 36 30
2680 24 40 46 34 104 1 28 24 31 35 36 30
2681 24 42 39 29 61 57 24 28 33 30 36 30
2682 24 42 42 31 57 39 24 38 26 38 36 30
2683 24 23 18 37 123 1 21 26 23 7 35 30
2684 24 30 35 32 89 76 24 31 30 2 36 30
2685 24 41 51 37 79 116 43 25 31 12 36 30
2686 23 37 35 20 180 1 28 30 24 22 35 29
2687 24 26 10 21 83 1 22 21 32 18 36 30
2688 24 40 33 14 58 35 26 47 29 24 36 30
2689 24 47 51 35 88 4 27 23 30 36 36 30
2690 24 26 7 21 89 20 20 35 28 23 36 30
2691 24 45 54 28 60 108 27 51 30 32 36 30
2692 24 35 33 39 144 1 24 33 31 45 36 30
2693 24 37 35 34 94 41 25 40 35 46 36 30
2694 24 33 43 26 114 20 25 27 35 1 36 30
2695 23 18 2 36 45 12 23 24 23 21 36 30
2696 24 36 32 28 63 1 24 29 28 10 36 30
2697 24 40 49 39 114 84 29 1 38 25 36 30
2698 24 36 29 33 114 78 25 27 18 28 36 30
2699 23 20 6 46 78 67 19 1 50 17 36 30
2700 24 30 34 26 84 9 29 24 24 6 36 30
2701 24 41 51 32 130 51 27 20 33 32 36 30
2702 24 36 32 29 87 70 26 30 28 22 36 30
2703 24 42 49 24 109 43 28 32 33 23 36 30
2704 24 33 33 27 175 58 31 25 26 1 36 30
2705 24 39 40 27 139 1 27 26 28 28 36 30
2706 24 32 31 36 91 1 26 35 30 32 36 30
2707 24 26 11 29 54 1 21 21 22 1 36 30
2708 24 30 24 12 130 1 23 26 29 1 36 30
2709 24 45 43 8 144 1 31 32 28 12 36 30
2710 24 35 34 28 116 119 27 20 34 17 36 30
2711 24 33 29 15 71 4 26 33 22 4 36 30
2712 24 40 43 40 123 79 24 35 32 29 36 30
2713 24 37 32 14 98 10 22 31 31 8 36 30
2714 24 22 26 33 92 1 28 38 31 7 36 30
2715 24 34 30 34 73 1 24 33 30 47 36 30
2716 24 26 25 21 115 35 26 20 26 4 36 30
2717 24 35 31 16 90 5 21 27 33 1 36 30
2718 24 30 29 41 186 1 26 42 30 37 36 30
2719 24 37 39 30 52 57 24 29 29 34 36 30
2720 24 36 28 25 72 1 23 36 32 35 36 30
2721 24 29 26 30 143 15 21 42 32 28 36 30
2722 24 27 13 30 66 1 27 25 28 13 36 30
2723 24 42 47 25 96 92 25 24 31 24 36 30
2724 24 31 33 24 62 7 22 19 34 31 36 30
2725 24 34 28 35 75 45 26 30 27 37 36 30
2726 24 35 28 22 95 1 24 6 38 20 36 29
2727 24 30 20 28 59 20 28 32 21 15 36 30
2728 24 30 23 15 143 26 21 29 28 12 36 30
2729 24 47 49 24 109 62 22 19 31 24 36 30
2730 24 30 20 18 189 41 26 29 34 1 36 30
2731 24 41 45 19 63 26 32 40 36 37 36 30
2732 24 33 28 23 90 102 21 26 29 4 36 30
2733 24 27 23 34 106 34 25 26 28 17 36 30
2734 23 29 14 16 114 57 30 20 33 23 36 30
2735 24 29 35 38 85 85 25 1 32 22 36 30
2736 24 38 36 22 90 21 24 20 34 21 36 30
2737 24 37 37 34 136 39 26 23 35 11 36 30
2738 24 36 30 31 91 5 24 33 26 39 36 30
2739 24 36 36 35 94 78 32 28 39 22 36 30
2740 24 32 23 21 58 54 24 31 19 12 36 30
2741 24 35 25 15 133 33 23 30 24 9 36 30
2742 24 28 26 28 70 18 25 1 35 13 36 30
2743 23 23 1 19 141 1 24 34 28 1 36 29
2744 24 32 28 23 114 1 24 23 25 13 36 30
2745 23 43 42 23 77 66 23 31 33 30 36 30
2746 24 37 33 33 57 13 28 26 19 38 36 30
2747 24 37 31 33 145 1 23 16 28 16 36 30
2748 24 36 29 16 172 1 24 23 29 20 36 30
2749 24 36 38 28 151 59 25 25 27 25 36 30
2750 24 47 61 21 78 74 25 43 28 34 36 30
2751 24 28 14 29 75 1 25 39 22 33 36 30
2752 24 29 25 32 97 1 25 21 28 16 36 30
2753 24 32 21 33 85 1 25 30 36 37 36 30
2754 24 37 25 10 66 1 32 29 33 27 36 30
2755 24 31 36 37 69 83 27 22 25 13 36 30
2756 23 30 22 21 288 15 26 27 30 23 36 30
2757 24 38 36 37 71 53 24 33 32 30 36 30
2758 24 22 18 34 147 1 22 25 30 14 36 30
2759 24 33 24 13 83 57 21 25 26 5 36 30
2760 24 52 64 34 258 50 28 32 34 36 36 30
2761 24 31 31 34 116 48 22 29 37 16 36 30
2762 24 40 48 30 133 58 29 33 32 34 36 30
2763 24 41 38 15 63 66 24 24 25 4 36 30
2764 24 40 37 24 205 103 29 31 35 20 36 30
2765 24 30 16 29 60 1 21 33 25 35 36 30
2766 24 43 53 33 79 53 25 33 28 31 36 30
2767 24 32 28 31 75 1 19 21 35 23 36 30
2768 24 36 47 22 132 1 25 48 26 21 36 30
2769 24 36 33 29 85 48 24 22 29 22 36 30
2770 24 35 39 39 106 1 20 30 25 16 36 30
2771 24 42 51 33 107 59 25 30 26 36 36 30
2772 24 33 23 31 130 1 25 35 26 30 36 30
2773 24 34 33 41 70 43 28 36 35 36 36 30
2774 24 24 3 17 84 1 22 22 26 8 36 30
2775 24 45 45 23 139 28 22 36 27 26 36 30
2776 24 30 26 27 120 64 29 38 36 17 36 30
2777 24 43 55 29 138 1 24 1 38 25 36 30
2778 24 45 52 30 64 1 27 24 29 31 36 30
2779 24 27 23 43 98 26 24 15 28 24 36 30
2780 24 29 24 17 58 55 25 33 32 20 36 30
2781 24 34 43 33 142 40 27 32 31 29 36 30
2782 23 26 8 17 105 1 27 23 33 26 36 30
2783 24 39 49 20 85 12 20 22 33 22 36 30
2784 24 32 22 14 101 3 24 26 32 10 36 30
2785 24 32 33 24 65 1 26 21 26 15 36 30
2786 24 26 19 34 85 1 25 42 24 19 36 30
2787 24 31 29 32 98 11 20 24 26 6 36 30
2788 24 26 27 37 147 74 24 24 29 9 36 30
2789 24 42 46 39 61 1 27 37 33 31 36 30
2790 24 31 32 26 148 59 25 31 40 14 36 30
2791 24 45 42 25 103 35 24 1 30 38 36 30
2792 24 37 46 40 74 22 22 25 28 24 36 30
2793 24 31 27 34 68 1 23 28 22 19 36 30
2794 24 41 42 15 63 1 34 7 30 30 36 30
2795 24 43 47 33 212 16 25 21 31 26 36 30
2796 24 37 38 32 58 37 27 31 35 32 36 30
2797 24 43 33 36 147 38 31 26 27 34 36 30
2798 24 32 30 22 67 1 24 23 30 16 36 30
2799 24 33 33 33 112 52 26 32 31 24 36 30
2800 23 30 35 39 140 74 23 36 28 25 36 30
2801 24 683 32 27 258 1 23 36 29 35 36 30
2802 24 26 20 36 121 51 29 29 31 23 36 30
2803 24 27 29 31 71 58 26 40 36 18 36 30
2804 24 39 44 39 152 1 25 34 25 36 36 30
2805 24 38 30 22 96 23 31 33 38 31 36 30
2806 24 36 33 23 153 62 30 47 37 35 36 30
2807 24 39 55 32 224 46 26 38 37 32 37 30
2808 24 39 40 32 111 43 25 27 37 24 36 30
2809 24 36 39 34 47 48 25 30 32 32 36 30
2810 24 30 24 27 175 1 24 24 29 32 36 30
2811 24 38 40 32 165 87 25 28 38 25 36 30
2812 24 35 31 36 156 1 21 27 24 34 36 30
2813 24 35 33 20 88 69 22 31 23 21 36 30
2814 24 44 60 26 108 108 20 30 30 21 36 30
2815 24 37 33 20 76 28 26 30 33 14 36 30
2816 24 49 56 23 174 30 30 45 26 41 36 30
2817 23 29 28 28 68 1 29 19 41 24 36 30
2818 24 26 19 34 91 23 25 26 28 18 36 30
2819 24 34 22 30 83 91 22 36 29 19 36 30
2820 24 42 50 40 112 37 22 30 31 26 36 30
2821 24 36 38 23 104 14 25 24 26 29 36 30
2822 24 36 28 37 106 1 26 34 32 29 36 30
2823 23 36 30 16 134 1 22 28 32 12 36 30
2824 24 32 30 18 64 65 22 24 30 18 36 30
2825 24 29 16 30 207 1 24 26 27 23 36 30
2826 24 35 31 31 83 52 21 29 29 27 36 30
2827 23 18 7 33 67 1 25 20 29 14 36 30
2828 24 32 22 30 78 41 24 32 28 29 36 30
2829 24 26 21 30 110 16 20 19 21 11 36 30
2830 24 37 37 25 83 87 25 23 29 28 36 30
2831 24 39 41 28 142 1 25 25 29 25 36 30
2832 24 32 30 21 195 23 22 21 29 19 36 30
2833 23 23 14 26 72 1 24 24 33 13 35 30
2834 24 37 33 28 118 67 28 33 26 26 36 30
2835 24 37 37 39 96 101 27 36 31 33 36 30
2836 24 37 43 32 93 1 26 38 29 16 36 30
2837 23 33 40 40 72 54 31 28 31 27 36 30
2838 24 24 14 27 204 1 22 36 24 20 36 30
2839 24 28 18 25 57 1 22 33 28 5 36 30
2840 23 30 18 17 115 7 27 49 29 13 35 29
2841 24 31 27 37 48 1 26 33 31 17 36 30
2842 24 39 44 27 69 82 30 29 40 22 36 30
2843 24 34 40 24 110 88 16 29 33 7 36 30
2844 24 38 40 26 73 111 27 24 36 15 36 30
2845 24 40 41 27 62 1 26 32 34 26 36 30
2846 24 37 39 43 103 16 25 45 27 32 36 30
2847 39 57 59 61 344 1 44 50 41 51 56 49
2848 24 39 46 21 113 71 27 29 30 11 36 30
2849 24 35 37 26 211 61 23 41 29 20 36 30
2850 24 33 27 36 125 116 24 37 30 26 36 30
2851 24 32 31 33 144 37 19 44 29 23 36 30
2852 24 27 19 30 106 6 28 9 32 1 36 30
2853 24 34 27 32 90 30 26 33 33 29 36 30
2854 24 36 30 24 91 17 20 38 24 14 36 30
2855 24 33 26 21 165 1 31 40 36 31 36 30
2856 24 42 52 37 52 9 25 30 32 36 36 30
2857 24 43 52 24 109 73 25 27 32 30 36 30
2858 24 27 19 36 68 17 31 30 33 24 35 30
2859 24 39 40 24 90 1 22 34 22 20 36 30
2860 24 37 34 20 117 33 22 16 32 15 36 30
2861 24 29 17 22 67 1 27 26 37 19 36 30
2862 24 44 38 22 104 38 26 29 25 42 36 30
2863 24 39 47 47 78 47 25 29 29 32 36 30
2864 24 28 16 18 61 35 26 31 28 13 36 30
2865 24 30 29 34 164 36 26 30 30 28 36 30
2866 24 32 32 26 65 4 22 22 26 21 36 30
2867 24 34 33 31 80 1 24 37 27 18 35 29
2868 24 36 25 22 165 15 29 21 25 23 36 30
2869 24 37 40 30 191 48 26 37 34 23 36 30
2870 24 33 31 21 66 46 26 30 27 1 36 30
2871 24 33 24 19 103 8 24 28 29 22 36 30
2872 24 26 15 30 80 29 21 35 28 23 36 30
2873 24 32 18 25 37 24 32 33 29 35 36 30
2874 23 17 10 31 241 1 25 1 33 3 36 30
2875 24 27 20 25 199 12 22 36 29 17 36 30
2876 24 34 35 16 74 1 20 26 23 10 36 30
2877 24 28 28 24 68 45 23 28 33 12 36 30
2878 24 48 44 27 192 49 30 27 40 28 36 30
2879 24 40 51 30 89 1 24 19 26 22 36 30
2880 23 23 11 38 130 60 16 8 28 20 36 30
2881 23 30 30 36 159 1 29 19 27 25 36 30
2882 24 38 51 36 64 10 30 23 36 37 36 30
2883 24 26 23 31 150 75 24 54 28 16 36 30
2884 24 34 31 19 133 1 25 28 30 30 36 29
2885 24 29 22 14 54 7 24 33 34 5 36 30
2886 24 37 31 21 61 70 24 31 30 19 36 30
2887 24 26 16 24 52 14 24 26 33 12 36 30
2888 24 30 28 24 63 12 29 23 29 10 36 30
2889 23 32 28 33 146 1 24 18 32 18 35 29
2890 24 30 32 31 86 14 25 26 30 20 36 30
2891 24 23 16 27 68 27 26 29 25 15 36 30
2892 24 37 36 26 118 81 28 33 41 26 36 30
2893 24 34 29 15 86 1 20 26 27 24 36 30
2894 24 39 33 25 95 1 22 18 24 12 36 30
2895 24 44 52 27 129 11 34 35 35 17 36 30
2896 24 29 26 21 133 1 24 30 30 4 36 30
2897 24 27 18 29 50 1 23 23 24 23 36 30
2898 24 42 43 39 67 23 27 35 37 42 36 30
2899 24 37 47 31 92 91 20 30 27 19 36 30
2900 24 36 37 24 69 122 21 35 28 10 36 30
2901 24 35 37 31 82 10 24 36 34 27 36 30
2902 24 39 42 27 148 65 23 32 29 23 36 30
2903 24 32 33 33 173 29 22 93 31 16 36 30
2904 24 30 17 23 98 1 19 19 19 1 36 30
2905 24 34 30 19 94 1 26 25 30 14 36 30
2906 24 34 42 31 63 55 22 36 33 23 36 30
2907 24 33 28 30 72 24 22 28 19 8 36 30
2908 24 39 39 16 89 31 19 47 26 23 36 30
2909 24 30 21 33 403 55 21 15 20 12 36 30
2910 24 36 27 4 380 1 20 20 25 12 36 30
2911 23 33 30 40 88 1 15 34 27 28 36 30
2912 24 28 31 39 145 34 26 28 32 27 36 30
2913 24 37 46 33 90 37 24 29 27 26 36 30
2914 24 39 40 32 90 83 23 37 30 14 36 30
2915 24 37 36 27 179 1 26 28 28 29 36 30
2916 24 40 47 49 64 1 27 1 33 22 36 30
2917 24 28 22 28 87 76 25 23 27 21 36 30
2918 24 43 37 21 119 55 28 23 31 30 36 30
2919 24 34 25 28 86 60 19 22 20 17 36 30
2920 23 18 1 31 107 1 25 33 35 6 36 29
2921 24 29 20 33 82 12 26 30 33 17 36 30
2922 24 40 47 20 76 55 25 29 27 15 36 30
2923 24 43 52 23 71 2 31 38 32 24 36 30
2924 24 32 24 27 65 114 21 23 30 17 36 30
2925 24 29 21 23 60 1 28 16 32 11 36 30
2926 24 34 35 131 85 82 26 43 25 27 36 30
2927 24 44 42 38 87 100 32 31 38 32 36 30
2928 24 33 22 29 106 1 19 24 28 14 35 30
2929 24 53 55 38 239 116 27 25 29 38 36 30
2930 23 21 11 35 104 3 23 20 23 11 36 29
2931 24 33 29 28 58 1 23 27 32 13 36 30
2932 24 27 25 34 65 18 23 25 30 13 36 30
2933 23 16 7 39 114 2 24 20 21 4 36 29
2934 24 42 44 30 91 73 26 30 26 41 36 30
2935 24 32 35 37 121 90 26 21 33 23 36 30
2936 23 27 19 16 92 1 19 19 22 1 36 30
2937 24 38 37 23 101 51 27 28 27 17 36 30
2938 24 39 48 26 119 13 260 24 26 8 36 30
2939 24 33 36 38 88 40 24 25 27 28 36 30
2940 24 28 18 32 72 1 25 1 40 21 36 30
2941 24 38 41 26 95 1 24 24 28 20 36 30
2942 24 27 24 36 92 78 23 32 28 11 36 30
2943 24 35 38 20 146 107 21 21 29 15 36 30
2944 24 33 29 31 91 51 24 30 25 13 36 30
2945 24 43 42 27 86 36 32 29 30 34 36 30
2946 24 36 32 21 140 78 22 35 27 4 36 30
2947 24 34 28 37 72 76 22 36 36 16 36 30
2948 24 41 45 19 82 95 24 20 28 10 36 30
2949 24 39 46 29 63 69 24 24 30 16 36 30
2950 24 29 24 30 152 17 22 26 26 17 36 30
2951 24 41 46 34 142 59 28 28 32 16 36 30
2952 24 40 37 17 115 59 25 22 27 6 36 30
2953 24 34 33 15 75 36 22 26 33 7 36 30
2954 24 38 30 18 100 1 26 21 27 14 36 30
2955 23 33 26 25 149 29 30 21 31 23 35 29
2956 23 32 33 22 112 105 28 26 29 13 36 30
2957 24 21 12 18 101 33 21 29 33 12 36 30
2958 24 33 23 16 157 13 25 28 22 18 36 30
2959 24 40 47 39 118 1 27 37 28 37 36 30
2960 24 43 42 26 106 48 27 27 34 32 36 30
2961 24 29 14 31 126 1 24 25 29 29 36 30
2962 24 28 19 35 42 15 24 28 26 34 36 30
2963 24 37 36 32 59 1 26 38 36 32 36 30
2964 24 32 20 20 225 26 25 38 27 19 36 30
2965 24 36 27 15 70 23 23 23 31 5 36 30
2966 24 37 35 27 161 46 26 23 26 7 36 30
2967 24 42 46 34 72 92 27 32 31 40 36 30
2968 24 30 20 33 49 1 21 44 25 39 36 30
2969 23 36 35 23 98 79 23 20 25 7 36 30
2970 24 41 49 31 108 10 24 30 28 18 36 30
2971 24 38 27 16 64 10 24 43 29 32 36 30
2972 24 30 39 46 92 79 22 1 36 5 36 30
2973 23 31 26 34 58 1 22 47 32 29 36 30
2974 24 32 23 16 66 1 31 35 31 25 36 30
2975 24 38 36 25 93 64 25 25 31 28 36 30
2976 24 24 14 27 103 1 29 21 26 10 36 30
2977 24 37 37 40 133 1 24 36 28 39 36 30
2978 24 36 36 25 108 1 26 30 32 31 36 30
2979 24 41 45 18 64 1 29 21 30 29 36 30
2980 24 33 16 16 114 16 25 27 27 7 36 30
2981 24 30 23 31 106 1 26 34 32 36 36 30
2982 24 25 14 29 72 26 25 31 32 23 36 30
2983 23 41 37 15 210 1 19 20 34 16 36 30
2984 24 37 32 27 55 18 29 35 30 35 36 30
2985 23 31 29 29 107 56 28 22 31 14 36 30
2986 24 29 29 20 154 1 28 32 28 13 36 30
2987 23 31 36 36 68 58 23 24 25 1 36 30
2988 24 33 34 30 94 41 22 36 31 17 36 30
2989 23 28 24 34 97 42 28 24 33 22 36 30
2990 24 30 31 28 152 55 25 33 23 19 36 30
2991 24 40 45 31 113 56 23 37 30 32 36 30
2992 24 31 26 34 66 11 25 32 28 7 36 30
2993 24 33 33 21 218 89 21 31 30 20 36 30
2994 24 41 47 26 117 68 24 23 30 8 36 30
2995 24 34 28 5 130 43 27 18 28 4 36 30
2996 24 37 42 33 64 57 26 27 26 22 36 30
2997 24 30 26 27 69 53 40 19 27 8 36 30
2998 24 41 49 22 65 15 28 22 34 32 36 29
2999 23 42 38 23 115 59 24 28 28 41 36 30
3000 24 31 19 28 137 1 27 27 23 32 36 30
3001 24 30 30 40 77 1 19 16 30 27 36 30
3002 23 23 24 31 147 33 29 21 31 12 36 30
3003 24 26 26 25 146 27 14 19 20 13 35 30
3004 24 41 53 36 61 122 28 25 32 27 36 30
3005 24 51 53 21 145 59 28 33 33 27 36 30
3006 23 27 20 28 100 8 22 32 31 27 36 30
3007 23 17 9 42 59 1 24 29 33 2 36 30
3008 23 21 1 32 195 22 24 30 33 8 36 30
3009 24 31 24 33 52 1 25 41 28 39 36 30
3010 23 29 10 40 132 63 25 24 34 24 36 30
3011 24 31 83 28 109 31 27 30 30 23 36 30
3012 24 37 35 23 99 1 30 24 31 11 36 30
3013 24 32 16 16 125 1 22 34 25 8 36 30
3014 24 33 21 30 55 50 24 30 37 15 36 30
3015 24 37 38 24 59 48 24 22 29 14 36 30
3016 24 35 25 26 91 1 21 34 26 26 36 30
3017 24 36 39 38 73 41 24 35 26 38 36 30
3018 24 28 20 30 112 1 30 31 29 20 36 30
3019 24 37 27 12 134 16 25 25 29 9 36 30
3020 24 32 33 27 340 1 29 34 27 21 36 30
3021 24 32 32 22 134 67 24 43 40 30 36 30
3022 23 33 34 38 56 55 25 32 23 34 36 30
3023 24 40 32 30 84 47 28 42 30 30 36 30
3024 24 34 40 32 110 80 23 32 28 13 36 30
3025 24 41 42 35 125 30 26 38 30 44 36 30
3026 24 30 37 36 93 55 23 17 31 16 36 30
3027 24 34 36 24 137 44 27 36 38 24 36 30
3028 24 22 7 26 138 1 23 20 21 20 36 30
3029 24 29 20 22 76 1 28 25 29 11 36 30
3030 24 33 26 24 62 1 20 34 19 19 36 30
3031 24 29 23 38 279 50 25 37 34 17 36 30
3032 24 34 35 20 140 1 25 52 37 28 36 30
3033 24 34 35 27 79 16 25 25 27 13 36 30
3034 24 25 1 17 67 1 25 1 28 18 36 30
3035 24 40 32 27 122 75 22 24 27 27 36 30
3036 24 38 28 27 102 38 22 35 27 29 36 30
3037 24 36 24 37 253 23 24 31 33 40 36 30
3038 24 36 36 20 72 55 29 17 27 15 36 30
3039 24 28 18 24 93 36 30 26 29 22 36 30
3040 24 34 40 35 100 15 25 28 27 23 36 30
3041 24 33 24 24 198 1 25 31 40 12 36 30
3042 24 36 25 31 213 1 25 32 32 37 36 30
3043 24 33 38 34 69 54 22 22 27 10 36 30
3044 24 33 30 36 77 1 25 43 31 42 36 30
3045 24 30 21 21 90 22 28 28 20 12 36 30
3046 24 44 46 30 200 68 27 44 37 35 36 30
3047 24 31 23 18 151 33 28 20 32 18 36 30
3048 24 33 41 47 174 106 28 27 34 28 36 30
3049 24 34 24 32 53 1 27 35 24 40 36 30
3050 24 36 29 33 87 1 32 36 42 24 36 30
3051 24 26 12 25 254 1 25 34 30 20 36 30
3052 24 31 22 24 107 61 28 29 22 16 36 30
3053 24 26 18 23 74 1 26 19 33 10 36 30
3054 24 44 51 32 106 122 24 31 32 19 36 30
3055 24 49 65 27 147 134 24 25 31 23 36 30
3056 24 33 34 45 52 30 27 29 29 41 37 30
3057 23 23 1 40 164 23 27 27 32 18 36 30
3058 24 31 29 23 146 41 17 25 26 6 36 30
3059 24 32 26 20 117 17 24 17 27 1 36 30
3060 23 35 26 33 232 21 23 53 29 35 36 30
3061 24 40 37 32 94 16 21 35 32 31 36 30
3062 24 43 42 36 76 45 28 30 30 21 36 30
3063 23 23 8 19 80 1 24 41 22 27 36 30
3064 24 35 45 35 145 87 25 23 35 11 36 30
3065 24 29 25 32 232 1 27 1 36 19 36 30
3066 24 36 32 33 95 1 27 45 33 36 36 30
3067 23 20 1 28 98 1 24 43 22 13 36 30
3068 24 39 46 32 107 100 25 23 28 15 36 30
3069 24 41 46 22 160 68 23 22 30 6 36 30
3070 24 33 34 46 72 46 25 37 25 34 36 30
3071 24 38 39 38 106 70 21 33 26 35 36 30
3072 24 32 40 22 90 67 28 22 31 2 36 30
3073 23 24 17 31 92 40 29 33 29 19 35 30
3074 24 25 23 40 108 106 21 35 23 14 36 30
3075 24 34 29 15 150 59 24 24 37 1 36 30
3076 24 35 28 22 178 36 27 35 29 11 36 30
3077 24 32 23 30 157 2 29 18 39 21 36 30
3078 24 34 38 19 68 1 24 24 27 24 36 30
3079 24 34 32 27 55 44 27 16 32 24 36 30
3080 24 33 29 24 277 5 23 31 26 27 36 30
3081 24 33 23 15 72 41 25 27 32 9 36 30
3082 24 30 31 27 90 8 26 41 31 29 36 30
3083 24 33 25 17 87 52 23 24 28 4 36 30
3084 23 34 20 23 101 1 20 27 25 21 36 30
3085 24 34 31 30 59 84 26 31 29 31 36 30
3086 24 22 7 29 79 1 23 17 20 2 36 30
3087 24 33 29 33 315 11 23 30 24 25 36 30
3088 24 28 26 30 56 25 28 28 38 9 36 30
3089 24 44 50 24 72 9 24 1 25 19 36 30
3090 24 35 33 27 91 1 24 35 27 18 36 30
3091 24 30 31 17 114 62 23 23 28 1 36 30
3092 24 27 21 28 116 19 30 1 38 15 36 30
3093 24 32 36 26 71 48 27 27 31 15 36 30
3094 24 42 53 38 64 73 22 31 29 24 36 30
3095 23 31 30 21 93 33 27 19 35 8 36 30
3096 24 36 38 15 56 21 24 1 32 26 36 30
3097 24 24 15 40 46 52 27 32 33 26 36 30
3098 24 47 56 24 64 1 24 37 25 28 36 30
3099 24 35 33 30 142 1 23 37 27 35 36 30
3100 23 37 50 40 110 1 29 29 34 32 36 29
3101 24 38 37 18 142 41 27 27 32 1 36 30
3102 24 31 26 32 65 1 31 22 34 16 36 30
3103 24 31 35 31 100 3 27 31 31 26 36 30
3104 24 31 27 25 80 21 23 30 27 26 36 30
3105 23 22 9 25 148 58 27 34 30 9 36 30
3106 24 33 38 39 136 38 25 37 29 31 36 30
3107 24 38 31 14 75 1 27 25 29 15 36 30
3108 24 51 54 28 140 99 26 34 33 36 36 30
3109 24 36 34 30 152 51 27 34 27 22 36 30
3110 24 32 26 19 89 26 27 25 30 11 36 30
3111 24 36 41 32 151 96 26 34 36 13 36 30
3112 24 30 23 29 134 1 33 30 32 23 35 30
3113 24 30 28 26 86 19 22 32 29 19 36 30
3114 24 38 43 30 75 1 24 29 30 25 36 30
3115 24 41 41 29 80 17 23 32 30 30 36 30
3116 24 30 20 20 121 7 24 26 32 20 36 30
3117 24 35 40 35 72 18 18 1 35 21 36 30
3118 24 34 36 29 116 1 25 21 39 16 36 30
3119 24 35 38 31 119 31 27 34 26 23 36 30
3120 24 41 46 33 129 97 32 29 26 28 36 30
3121 24 36 38 26 240 1 18 24 35 15 36 30
3122 24 40 43 26 242 30 21 25 36 27 36 30
3123 24 36 26 31 75 1 27 24 34 20 36 30
3124 24 43 40 33 153 50 26 18 31 31 36 30
3125 24 33 31 16 92 1 23 21 30 2 36 30
3126 24 48 58 32 70 97 26 23 43 35 36 30
3127 24 36 34 36 115 35 22 32 27 35 36 30
3128 24 26 16 25 46 11 23 34 28 12 36 30
3129 24 35 37 32 165 45 22 30 28 34 36 30
3130 24 35 43 28 103 49 26 30 32 23 36 30
3131 24 41 49 45 132 110 27 31 31 29 36 30
3132 24 37 42 35 129 17 21 28 33 19 36 30
3133 24 41 47 36 186 106 25 24 31 28 36 30
3134 23 32 26 32 80 53 24 19 36 31 36 30
3135 24 43 55 17 110 1 29 30 47 19 36 30
3136 24 39 38 41 261 45 24 36 27 31 36 30
3137 24 36 32 16 65 53 19 19 28 21 36 30
3138 24 43 46 26 63 68 26 15 30 30 36 30
3139 23 33 21 27 182 5 21 25 31 15 36 30
3140 23 43 38 18 504 63 27 14 28 23 36 29
3141 24 33 27 19 78 1 23 31 30 10 36 30
3142 23 41 47 55 177 1 26 32 24 37 36 30
3143 24 39 36 11 82 25 25 24 24 13 36 30
3144 24 31 25 29 124 34 24 33 21 12 36 30
3145 24 41 37 29 69 40 26 39 32 38 36 30
3146 24 24 15 36 151 1 18 1 25 15 35 29
3147 24 39 48 43 72 1 27 27 37 30 36 30
3148 24 30 32 33 113 26 25 37 34 28 36 30
3149 24 37 38 28 72 1 30 25 35 21 36 30
3150 23 28 14 22 643 2 21 31 29 9 35 29
3151 24 36 52 39 83 75 24 27 32 33 36 30
3152 24 38 37 31 105 5 25 32 40 36 36 30
3153 24 53 71 41 96 88 26 31 34 39 36 30
3154 24 39 41 29 104 1 26 10 29 27 36 30
3155 24 46 64 38 155 80 26 31 30 31 36 30
3156 24 32 25 18 96 1 21 33 31 16 36 30
3157 24 31 20 16 80 1 27 34 30 23 36 30
3158 24 27 24 31 115 8 24 23 33 19 36 30
3159 24 43 46 21 185 115 27 28 30 7 36 30
3160 24 35 29 14 116 62 22 24 31 7 36 30
3161 24 33 40 37 69 84 23 29 28 18 36 30
3162 24 39 48 40 89 25 20 1 57 25 36 30
3163 24 37 33 25 197 1 30 42 26 18 36 30
3164 24 42 39 24 66 92 27 28 31 30 36 30
3165 24 34 49 35 77 123 18 30 31 22 36 30
3166 24 31 31 24 92 18 27 29 33 11 36 30
3167 24 36 35 27 65 15 29 35 26 26 36 30
3168 24 38 33 22 211 12 33 22 28 29 36 30
3169 24 26 28 35 75 1 20 30 26 17 35 30
3170 24 42 39 20 108 27 21 15 22 24 36 30
3171 23 28 23 26 177 1 23 16 30 15 36 30
3172 23 33 27 28 190 41 24 23 29 29 36 30
3173 24 27 24 34 63 7 25 44 32 22 35 30
3174 23 40 35 35 53 64 26 32 30 36 36 30
3175 24 30 23 23 135 71 24 34 23 8 36 30
3176 23 30 28 22 172 24 26 37 38 12 36 30
3177 24 43 34 25 111 88 32 30 38 27 36 30
3178 24 28 31 43 86 8 23 43 28 34 36 30
3179 23 35 45 31 107 81 28 32 35 21 36 30
3180 24 32 29 33 144 1 24 33 22 28 36 30
3181 23 33 23 33 223 52 25 32 26 20 36 30
3182 23 25 21 34 127 1 29 23 30 20 35 29
3183 24 37 33 31 174 1 24 26 22 23 36 30
3184 23 34 34 31 157 89 23 31 28 12 36 30
3185 23 32 26 26 149 76 18 36 27 14 36 30
3186 24 45 46 24 147 1 21 1 34 11 36 30
3187 23 37 37 22 71 28 18 24 27 5 36 29
3188 24 32 32 39 109 115 26 27 26 23 36 30
3189 23 25 20 30 63 1 27 19 28 11 36 30
3190 24 37 35 19 70 39 26 23 28 27 36 30
3191 24 32 16 24 51 19 27 25 26 19 36 30
3192 24 30 28 24 165 11 27 26 32 19 36 30
3193 24 30 24 16 67 36 25 31 29 15 36 30
3194 24 37 39 26 134 50 23 26 30 18 36 30
3195 23 16 2 37 75 25 25 25 27 3 36 30
3196 23 28 17 36 76 76 24 33 41 21 35 29
3197 23 35 40 36 78 94 30 24 33 38 36 30
3198 24 38 30 26 96 1 27 42 30 33 36 30
3199 24 34 32 28 106 1 22 31 34 19 36 30
3200 24 32 30 31 85 1 25 30 29 5 35 30
3201 24 25 6 39 83 1 17 20 17 5 36 30
3202 24 31 25 33 108 70 28 25 27 25 36 30
3203 23 33 23 22 106 36 24 24 26 13 36 29
3204 24 30 31 24 134 98 23 24 27 13 36 30
3205 24 47 60 19 97 23 25 24 33 27 36 30
3206 23 29 20 25 152 40 23 27 26 23 35 30
3207 24 32 32 27 66 1 23 29 25 15 35 30
3208 23 36 26 16 110 37 29 21 28 15 36 30
3209 24 40 34 23 106 71 22 21 27 19 36 30
3210 24 36 36 27 61 44 25 28 28 26 36 30
3211 24 36 32 24 114 1 25 23 26 18 36 30
3212 23 17 1 26 110 1 20 23 24 10 35 29
3213 24 39 52 36 132 147 28 29 35 17 36 30
3214 23 33 25 30 54 1 24 23 27 19 36 30
3215 23 27 16 21 45 14 30 27 33 21 36 30
3216 23 30 22 14 63 1 22 36 27 14 36 30
3217 24 39 33 30 135 65 22 25 25 25 36 30
3218 23 38 44 39 62 122 25 24 31 22 35 30
3219 23 31 21 34 277 1 25 32 35 24 35 30
3220 24 34 34 26 154 1 22 26 26 16 36 30
3221 24 35 38 25 97 66 23 21 27 17 36 30
3222 23 35 40 39 76 43 27 27 40 43 36 30
3223 23 32 36 20 112 60 18 24 19 7 36 30
3224 24 41 44 18 179 46 26 29 32 24 36 30
3225 23 39 35 20 69 1 28 22 29 24 36 30
3226 24 32 29 42 49 25 28 27 30 22 36 30
3227 23 26 18 21 107 6 28 24 27 5 36 30
3228 23 45 50 31 55 103 25 1 29 38 36 29
3229 24 38 33 25 145 83 28 24 25 32 36 30
3230 24 32 29 30 103 18 25 20 25 24 36 30
3231 24 20 15 40 99 21 22 22 24 21 36 30
3232 24 30 24 25 57 1 27 35 30 19 36 30
3233 24 38 35 41 78 117 29 20 30 18 36 30
3234 23 35 36 24 129 68 24 26 21 17 36 30
3235 23 19 1 36 84 1 24 22 23 16 36 30
3236 24 35 40 28 97 80 28 22 34 15 36 30
3237 23 32 21 15 181 18 22 23 36 5 36 30
3238 24 33 25 13 68 6 25 29 28 19 36 30
3239 24 34 32 31 61 34 24 28 22 12 36 30
3240 24 46 53 25 63 35 28 27 37 46 36 30
3241 24 36 36 14 122 1 23 21 25 17 36 30
3242 23 35 45 37 73 3 24 20 35 20 36 30
3243 24 33 30 30 112 55 27 25 28 25 36 30
3244 24 38 39 37 164 27 29 25 24 29 36 30
3245 23 36 42 23 154 39 24 27 31 7 35 29
3246 24 31 30 38 171 20 21 34 26 23 35 30
3247 24 34 23 24 48 20 20 30 27 34 36 30
3248 23 31 22 31 138 1 30 39 25 36 36 30
3249 24 35 40 37 125 61 25 25 36 17 36 30
3250 23 29 20 32 109 1 27 35 31 35 36 30
3251 23 34 33 17 111 16 23 25 28 3 36 30
3252 24 41 44 19 101 24 25 32 27 33 36 30
3253 24 40 30 16 128 36 26 20 33 20 36 30
3254 24 40 31 17 112 1 22 36 32 26 36 30
3255 23 94 424 29 267 228 26 39 39 24 36 30
3256 24 40 39 21 68 2 24 35 35 36 36 30
3257 23 32 33 25 60 37 24 26 27 11 36 30
3258 24 34 25 31 96 1 26 28 30 32 36 30
3259 24 37 22 4 160 1 27 25 31 37 36 30
3260 24 28 28 18 138 4 22 20 27 1 36 29
3261 23 21 21 34 72 70 29 29 33 19 36 30
3262 24 37 44 30 143 54 35 35 35 18 36 30
3263 23 19 6 23 98 39 24 28 27 14 36 30
3264 24 36 38 29 99 51 27 20 29 23 36 30
3265 24 31 21 24 46 41 20 22 27 14 36 30
3266 23 38 33 30 58 78 28 29 33 14 36 30
3267 24 32 29 40 57 21 23 37 28 26 36 30
3268 24 42 43 22 233 16 23 23 22 25 36 29
3269 24 41 43 30 75 6 29 35 37 24 36 30
3270 23 33 27 17 106 1 23 22 32 28 36 30
3271 24 41 37 31 170 12 27 28 33 29 36 30
3272 24 37 30 29 99 28 23 26 26 32 36 30
3273 24 49 46 13 111 36 27 24 26 32 36 30
3274 24 33 26 48 159 25 27 21 25 21 35 30
3275 23 42 37 22 116 11 25 41 30 35 36 30
3276 24 24 15 27 73 19 22 40 30 15 36 30
3277 24 39 33 25 577 93 146 301 267 2 36 30
3278 24 34 32 27 94 19 29 31 38 25 36 30
3279 23 37 43 27 220 30 26 19 31 14 36 30
3280 23 37 40 34 107 41 23 33 28 23 35 30
3281 24 29 22 25 92 1 19 26 21 4 35 30
3282 24 41 45 30 71 70 26 25 34 23 36 30
3283 24 38 42 35 96 32 26 37 26 34 36 30
3284 24 35 31 45 101 8 26 38 31 41 36 30
3285 24 32 28 27 71 33 27 32 33 27 36 30
3286 23 28 23 36 118 1 22 32 33 33 36 30
3287 23 46 53 35 118 54 19 26 24 28 36 30
3288 23 31 33 26 197 43 23 31 28 16 36 30
3289 24 37 37 28 266 35 29 27 33 33 36 30
3290 23 30 21 21 84 13 24 28 29 13 36 30
3291 24 27 26 18 64 78 25 24 28 2 36 30
3292 24 40 45 32 73 32 20 32 24 36 36 30
3293 24 26 17 11 95 1 21 28 37 1 36 30
3294 24 32 36 28 56 2 30 28 34 34 36 30
3295 23 23 15 23 133 15 28 30 35 14 35 29
3296 23 27 16 22 138 47 24 9 38 18 35 30
3297 23 32 42 38 83 30 24 13 39 24 36 30
3298 24 32 31 33 78 1 30 36 33 38 36 30
3299 24 33 36 20 131 59 23 18 29 1 36 30
3300 23 36 34 21 92 1 28 20 38 29 36 30
3301 24 41 42 42 64 1 27 45 27 43 36 30
3302 24 42 37 37 64 44 30 29 33 47 36 30
3303 23 22 14 32 63 31 27 29 25 1 36 30
3304 24 42 58 31 115 1 23 26 36 24 36 30
3305 24 32 34 33 93 38 28 33 28 27 36 30
3306 23 43 36 22 134 47 28 23 31 32 36 30
3307 24 40 49 52 60 1 26 39 27 48 36 30
3308 24 28 19 29 60 1 24 40 36 24 35 30
3309 24 35 30 21 73 1 21 27 31 19 36 30
3310 24 32 25 33 54 1 23 34 33 22 35 30
3311 24 28 22 15 177 14 24 14 292 1 35 29
3312 24 33 32 30 67 1 27 36 28 27 36 30
3313 24 36 37 33 116 1 25 35 35 22 36 30
3314 23 32 31 16 375 5 23 42 25 16 35 30
3315 24 40 46 35 136 54 23 35 29 30 36 30
3316 23 27 24 27 78 1 20 22 29 2 35 30
3317 24 48 47 10 137 2 24 27 31 10 36 30
3318 24 36 42 45 104 1 27 25 25 17 36 30
3319 23 37 34 19 88 1 22 28 26 23 36 30
3320 24 33 22 9 137 18 26 30 29 19 36 30
3321 23 24 17 12 104 1 20 21 23 1 35 29
3322 24 35 24 29 81 1 26 28 28 42 36 30
3323 24 44 47 34 77 59 29 30 31 44 36 30
3324 23 32 28 11 87 46 24 24 32 12 36 29
3325 23 26 20 40 58 61 31 40 30 14 36 30
3326 23 33 24 31 111 1 23 36 33 42 36 30
3327 24 29 30 25 98 1 24 26 37 17 36 30
3328 23 30 19 19 144 1 21 19 25 3 36 29
3329 23 39 40 24 180 56 25 21 33 20 36 30
3330 23 31 32 24 93 46 22 25 30 8 36 30
3331 23 37 30 22 70 58 20 29 16 23 36 30
3332 23 33 24 31 112 55 25 20 26 14 36 30
3333 24 32 17 14 131 11 27 30 30 19 35 30
3334 23 38 37 35 60 108 24 28 29 35 36 30
3335 24 28 28 32 64 49 26 26 33 17 36 30
3336 24 39 49 37 106 98 23 34 25 15 36 30
3337 24 30 25 40 95 13 26 44 27 40 36 30
3338 24 39 27 13 106 27 26 22 28 23 36 30
3339 23 41 53 46 61 102 24 1 32 31 36 30
3340 24 40 44 30 86 82 27 27 33 31 36 30
3341 24 38 24 33 47 44 23 27 34 40 37 30
3342 23 40 33 35 68 68 29 23 34 21 36 30
3343 23 38 44 25 113 102 20 30 22 15 35 29
3344 23 37 30 34 54 50 26 30 21 31 36 30
3345 23 40 50 43 104 39 28 15 33 24 36 30
3346 23 15 1 31 155 11 23 30 27 17 36 30
3347 24 32 32 45 255 51 23 36 32 24 36 30
3348 23 34 32 18 99 11 24 23 30 1 36 29
3349 24 49 53 14 83 35 26 33 36 37 36 30
3350 23 29 23 25 70 73 33 29 33 22 35 30
3351 24 32 32 39 219 27 26 22 36 17 36 30
3352 24 34 28 42 52 47 25 31 27 33 36 30
3353 23 32 31 36 81 16 23 27 24 30 36 30
3354 23 50 87 171 140 211 26 214 306 1 36 30
3355 24 38 33 27 67 46 23 33 27 18 36 30
3356 24 34 39 44 104 44 28 40 31 36 36 30
3357 24 30 25 24 69 36 26 28 31 18 36 30
3358 24 46 53 20 109 52 21 11 30 18 36 30
3359 24 37 34 26 265 78 22 28 33 24 36 30
3360 23 36 30 20 60 13 22 22 26 3 36 30
3361 24 39 42 24 72 7 24 38 32 32 36 30
3362 23 25 17 37 138 109 24 24 29 14 35 29
3363 24 42 51 31 194 105 22 31 26 22 36 30
3364 24 23 18 35 91 1 29 33 28 6 36 30
3365 24 37 38 39 122 57 23 34 29 32 36 30
3366 24 32 26 44 81 75 19 21 35 20 36 30
3367 23 30 22 32 78 1 27 35 35 31 36 30
3368 24 39 50 32 64 23 24 15 29 16 36 30
3369 23 31 22 16 59 56 19 41 22 24 35 29
3370 24 31 27 18 84 1 19 25 30 4 36 30
3371 23 38 44 38 131 46 22 27 27 27 36 30
3372 24 38 29 13 60 31 25 35 26 31 36 30
3373 23 30 28 30 85 37 24 28 30 19 36 30
3374 23 32 24 19 152 73 26 32 28 14 36 30
3375 24 53 57 22 117 34 29 28 35 35 36 30
3376 23 31 35 39 72 14 24 35 33 22 36 30
3377 24 40 44 34 151 68 29 26 25 33 36 30
3378 24 37 33 17 89 30 27 16 32 12 36 30
3379 23 38 31 23 107 1 27 36 27 26 36 30
3380 24 30 27 37 55 80 26 25 31 19 36 30
3381 23 33 38 32 88 31 27 37 28 16 36 30
3382 23 34 34 23 162 20 20 28 33 8 36 30
3383 23 40 37 31 65 9 30 33 27 35 36 30
3384 24 33 29 23 109 1 25 16 29 19 36 30
3385 23 39 51 30 73 121 32 22 34 19 36 30
3386 24 35 45 40 99 1 23 27 32 24 36 30
3387 23 31 30 56 106 19 22 29 29 9 36 30
3388 24 28 25 22 83 17 23 32 30 12 35 30
3389 23 37 34 19 115 1 27 33 19 20 35 29
3390 24 39 45 19 98 1 23 21 26 26 36 30
3391 23 20 11 13 112 4 24 28 32 1 36 29
3392 24 41 45 17 109 58 30 19 28 18 36 30
3393 24 36 25 31 79 1 25 40 30 36 36 30
3394 23 29 23 35 248 5 23 35 26 32 36 30
3395 23 21 8 34 135 12 24 33 24 4 35 29
3396 24 43 46 15 146 13 26 40 30 26 36 30
3397 24 37 45 33 104 50 27 34 33 27 36 30
3398 24 45 44 17 119 14 25 23 26 18 35 29
3399 24 42 31 11 108 17 29 26 40 31 36 30
3400 23 19 11 46 221 46 20 21 30 14 35 29
3401 23 34 29 11 178 1 24 32 35 23 35 30
3402 24 33 30 28 189 41 26 23 35 24 35 30
3403 23 32 28 15 93 13 22 28 25 10 36 29
3404 24 38 42 35 145 87 27 41 35 19 36 30
3405 23 38 38 40 239 9 25 24 28 36 36 30
3406 24 39 41 31 159 1 18 28 27 23 36 30
3407 24 37 48 33 91 73 29 37 40 17 36 30
3408 24 36 43 42 58 1 23 31 26 20 36 30
3409 23 40 48 19 147 35 28 22 33 20 36 30
3410 24 29 22 29 50 87 25 21 27 13 36 30
3411 24 43 43 28 56 66 23 21 27 22 36 30
3412 23 34 36 39 50 1 30 32 33 26 35 30
3413 23 37 43 40 171 1 23 42 28 25 36 30
3414 23 38 36 29 95 1 26 31 28 27 36 30
3415 23 30 29 27 156 40 22 40 36 19 35 30
3416 24 45 57 34 67 65 22 33 30 28 36 30
3417 23 39 45 54 158 27 30 42 35 39 36 29
3418 24 38 37 34 84 16 23 33 31 19 36 30
3419 23 36 48 47 117 68 21 1 34 19 35 30
3420 23 27 18 29 192 1 26 13 41 8 35 30
3421 23 47 52 16 660 1 27 26 28 21 36 30
3422 23 40 40 27 129 28 23 16 22 19 36 30
3423 23 40 50 32 141 1 23 24 27 30 36 30
3424 24 30 29 34 101 39 21 32 30 21 36 30
3425 24 47 54 34 81 1 22 39 24 35 36 30
3426 24 38 45 33 115 130 27 27 27 18 36 30
3427 23 112 257 35 98 34 26 29 39 38 36 30
3428 23 40 39 17 79 48 35 1 34 16 35 30
3429 24 34 31 24 96 27 24 2 32 20 36 30
3430 23 39 34 29 80 1 26 36 32 33 36 30
3431 24 36 30 20 95 2 23 31 28 30 36 29
3432 24 36 37 34 190 66 27 23 27 28 36 30
3433 24 34 34 31 124 111 25 30 29 14 36 30
3434 24 43 43 16 68 13 26 32 34 20 36 30
3435 24 36 36 18 81 26 30 30 32 23 36 30
3436 23 31 29 34 99 3 28 36 27 22 35 30
3437 24 34 28 28 82 1 25 30 28 16 35 30
3438 24 39 41 14 118 21 25 22 28 27 36 30
3439 24 28 27 38 57 1 25 29 23 28 36 30
3440 23 32 37 42 82 60 26 26 30 38 36 30
3441 24 31 23 28 115 8 21 32 29 25 36 30
3442 23 30 21 26 131 57 30 28 31 15 36 30
3443 23 25 17 31 90 8 26 33 25 20 36 30
3444 23 30 22 32 65 1 24 16 32 5 36 30
3445 24 39 46 11 247 1 23 24 25 12 36 30
3446 23 27 18 24 99 106 25 24 28 13 36 29
3447 23 31 15 30 91 32 29 41 30 10 36 30
3448 24 34 41 28 103 20 25 36 36 16 36 30
3449 23 28 19 29 65 31 27 31 27 37 36 30
3450 23 39 32 35 93 24 28 37 26 34 36 30
3451 24 36 31 35 48 68 22 27 27 25 36 30
3452 24 36 32 34 57 76 26 26 34 28 36 30
3453 24 27 21 30 56 4 26 25 37 20 36 30
3454 24 37 43 35 99 1 24 18 27 38 36 30
3455 24 30 25 24 55 22 28 29 26 21 35 30
3456 24 37 27 28 74 63 33 27 26 20 36 30
3457 23 34 37 24 78 8 30 26 30 15 36 29
3458 23 37 35 16 111 52 23 29 36 9 36 30
3459 23 39 40 40 66 20 20 28 33 30 36 30
3460 24 38 48 21 104 69 27 32 31 14 36 30
3461 23 36 41 23 126 56 32 31 33 12 35 29
3462 23 40 42 19 99 31 26 31 29 19 36 30
3463 23 27 14 14 51 5 22 28 32 18 36 30
3464 24 32 37 35 88 1 26 33 27 26 36 30
3465 23 33 31 15 100 34 24 30 29 21 36 30
3466 24 35 36 23 92 12 21 31 31 29 36 30
3467 23 30 26 27 111 50 20 23 32 13 35 30
3468 23 36 29 26 66 65 24 32 24 32 36 29
3469 23 29 25 28 259 1 23 34 27 29 36 30
3470 23 29 25 21 61 58 24 28 35 10 35 30
3471 23 40 39 31 61 18 26 31 36 28 36 29
3472 23 31 18 30 44 55 22 34 27 30 36 29
3473 23 22 6 11 112 1 22 33 22 5 35 29
3474 23 37 47 34 64 106 25 33 32 26 36 30
3475 23 42 45 18 70 26 20 24 29 10 36 29
3476 23 34 35 25 87 1 23 17 30 24 36 30
3477 23 20 11 35 157 1 18 33 29 12 35 29
3478 23 34 30 19 89 1 28 31 28 22 35 30
3479 23 34 33 35 222 26 19 34 25 30 36 30
3480 23 29 18 27 63 1 25 31 28 16 35 29
3481 24 32 24 24 133 5 20 25 27 18 35 30
3482 23 34 31 36 81 1 27 33 33 32 36 30
3483 24 37 27 28 58 4 24 32 30 34 36 30
3484 23 23 27 41 91 10 30 21 33 19 35 29
3485 23 23 12 34 64 54 24 37 28 18 36 30
3486 23 32 33 34 203 71 23 28 31 15 35 29
3487 24 36 34 31 99 48 23 27 26 32 36 29
3488 23 29 23 28 82 45 22 29 26 15 35 29
3489 23 40 36 30 79 1 27 26 31 28 36 30
3490 23 26 21 34 87 104 22 23 31 15 35 29
3491 23 45 38 23 89 60 23 39 19 25 36 30
3492 23 33 39 38 77 1 27 30 30 55 36 29
3493 24 39 32 34 80 56 29 30 34 39 36 30
3494 23 32 20 30 86 19 29 28 28 19 35 30
3495 23 25 23 23 115 1 22 30 30 1 35 29
3496 23 37 43 32 113 60 26 37 27 10 36 30
3497 24 33 32 33 137 34 20 1 29 20 36 30
3498 23 28 10 18 178 1 28 27 30 15 35 29
3499 24 34 22 24 219 1 27 32 29 36 36 30
3500 23 36 32 20 188 52 24 25 32 27 36 30
3501 24 35 33 29 98 1 26 33 26 16 36 30
3502 23 16 1 33 66 33 22 33 32 13 36 29
3503 23 37 30 8 231 1 22 28 30 21 36 30
3504 23 37 42 23 124 77 27 34 27 23 36 30
3505 23 21 1 14 90 1 25 27 32 21 35 29
3506 23 26 11 23 114 52 17 26 23 12 35 30
3507 24 39 44 29 100 54 26 21 33 29 36 30
3508 23 33 33 35 96 44 27 22 25 28 36 30
3509 23 33 30 36 92 50 23 36 29 33 36 30
3510 23 37 34 31 162 1 27 33 28 36 36 29
3511 23 31 26 24 104 26 24 28 32 5 35 29
3512 23 32 24 20 60 1 28 25 34 25 35 30
3513 24 33 27 30 142 1 29 38 41 23 36 30
3514 24 29 19 36 129 29 24 32 35 33 36 29
3515 23 37 39 36 114 62 26 25 35 26 36 30
3516 23 32 29 20 246 1 25 29 35 12 35 29
3517 24 41 47 30 200 85 27 34 40 32 36 30
3518 23 26 19 13 67 53 26 18 31 11 35 29
3519 23 28 23 18 113 42 25 26 33 9 35 29
3520 23 28 26 27 143 1 27 26 32 13 35 29
3521 23 37 29 11 133 26 27 35 34 13 36 30
3522 24 32 26 29 69 1 28 32 34 30 36 30
3523 23 34 29 10 82 1 20 26 28 1 35 29
3524 23 28 26 29 108 32 20 36 34 23 35 30
3525 23 24 17 39 90 43 23 24 22 22 35 29
3526 23 24 13 32 115 7 20 20 27 9 35 29
3527 24 36 31 34 51 60 30 34 22 32 36 30
3528 23 28 25 24 350 2 25 1 34 21 35 29
3529 23 29 23 28 47 1 23 29 31 35 36 30
3530 23 34 36 24 156 1 25 32 30 14 36 29
3531 23 39 42 21 90 1 19 23 34 22 35 30
3532 23 25 19 44 91 49 22 1 28 7 35 29
3533 24 30 31 36 161 33 25 31 61 24 36 30
3534 23 38 38 41 73 68 22 36 30 33 36 30
3535 24 39 29 25 76 29 29 28 23 32 36 30
3536 23 57 67 32 92 65 25 24 29 43 36 30
3537 24 29 40 38 96 113 28 24 29 19 36 30
3538 23 42 32 29 133 1 28 33 29 31 36 30
3539 23 37 39 39 91 31 23 33 22 27 36 29
3540 23 28 31 22 120 55 25 27 28 1 35 29
3541 23 48 59 33 102 1 24 32 30 37 36 29
3542 23 41 39 27 91 1 37 23 34 33 36 30
3543 24 40 38 35 276 1 23 36 31 37 36 30
3544 23 36 46 34 189 71 18 40 28 25 36 30
3545 23 30 19 31 72 48 20 23 30 14 35 29
3546 23 27 18 35 106 88 25 23 30 17 35 29
3547 23 35 29 23 185 1 23 28 21 1 35 30
3548 23 30 27 23 70 62 20 26 33 1 36 30
3549 23 33 19 17 83 28 22 35 26 5 36 29
3550 23 37 38 36 91 32 24 30 35 19 35 30
3551 23 33 29 19 143 1 24 18 27 30 36 30
3552 24 32 27 19 200 17 27 25 29 1 36 30
3553 23 33 30 21 155 2 30 28 34 27 36 30
3554 24 30 28 32 63 88 22 21 30 12 36 30
3555 24 40 48 32 136 43 30 25 26 21 36 30
3556 23 34 35 26 112 1 26 32 28 37 36 30
3557 23 27 23 23 60 37 24 28 34 9 35 29
3558 24 29 21 34 43 1 27 33 30 36 36 29
3559 24 38 45 47 75 1 25 41 31 43 36 30
3560 23 31 27 39 203 1 24 26 28 13 35 30
3561 23 33 39 23 101 1 28 27 27 30 36 30
3562 23 25 17 34 171 1 25 31 34 34 36 29
3563 24 16 6 43 58 9 20 16 18 10 36 30
3564 23 29 37 38 73 62 26 27 37 19 36 30
3565 23 31 20 32 138 133 25 25 36 8 36 29
3566 23 33 38 50 143 110 28 29 37 31 36 29
3567 23 32 21 26 128 63 26 33 26 20 35 30
3568 24 37 45 44 106 43 21 29 29 33 36 30
3569 23 49 54 28 167 95 25 26 25 21 36 30
3570 23 26 27 34 74 83 26 24 31 17 35 30
3571 23 45 46 29 116 89 30 28 33 15 36 30
3572 24 35 30 19 68 1 26 22 36 12 35 29
3573 23 37 32 20 151 1 25 19 27 21 35 29
3574 24 34 42 42 110 30 28 30 36 25 36 30
3575 23 32 28 25 60 32 22 23 26 1 36 30
3576 23 30 23 33 72 1 22 35 27 29 35 29
3577 23 25 13 17 77 65 29 28 28 1 36 29
3578 23 41 36 31 49 35 24 29 27 44 36 30
3579 23 36 31 28 110 1 24 36 26 33 36 30
3580 23 26 26 31 132 91 20 25 30 13 35 30
3581 24 28 27 38 56 20 22 28 28 18 35 30
3582 23 34 37 25 70 60 26 30 30 14 36 30
3583 23 33 24 21 83 21 27 27 26 20 35 30
3584 23 23 13 31 97 44 24 34 33 25 35 29
3585 23 35 29 39 51 75 26 34 36 48 36 30
3586 24 37 29 18 79 16 26 41 29 22 36 30
3587 24 39 31 24 122 29 30 40 33 31 36 30
3588 24 36 34 39 73 48 20 29 29 39 36 30
3589 24 32 33 33 96 69 26 35 28 29 36 30
3590 23 19 11 43 105 24 22 30 36 22 35 29
3591 23 44 51 28 112 1 25 34 31 33 36 30
3592 23 37 39 30 120 18 29 1 32 19 35 30
3593 23 32 23 20 73 31 24 30 34 33 36 30
3594 24 31 36 31 53 1 23 37 34 29 36 30
3595 23 29 31 27 143 18 20 26 42 7 36 29
3596 23 41 38 21 73 24 20 24 33 34 36 29
3597 24 33 34 27 180 30 27 23 27 12 36 30
3598 23 32 35 34 62 39 25 30 29 31 36 30
3599 23 42 42 24 74 17 28 42 18 31 36 30
3600 23 30 26 25 71 20 23 29 32 10 36 30
3601 23 28 17 24 94 14 23 27 23 17 35 30
3602 23 31 27 38 251 1 22 25 30 18 35 30
3603 23 28 19 19 73 1 27 33 34 8 35 29
3604 23 40 47 30 59 73 23 1 24 32 36 30
3605 24 39 31 30 383 1 26 34 30 33 36 30
3606 23 40 38 28 99 1 22 36 29 29 35 29
3607 24 31 24 24 56 39 26 27 32 14 35 29
3608 23 33 26 30 156 1 25 30 24 38 36 30
3609 23 39 40 34 99 45 29 29 38 18 35 29
3610 23 31 22 27 95 1 21 32 26 36 36 29
3611 23 42 45 32 226 50 25 10 41 34 36 30
3612 23 37 35 25 61 1 26 29 29 15 36 29
3613 24 34 38 24 67 24 25 27 27 1 36 30
3614 23 34 39 25 212 73 27 27 29 1 36 29
3615 23 52 51 12 98 1 23 27 29 28 36 30
3616 23 42 37 31 96 18 28 30 23 31 36 30
3617 23 28 36 39 83 46 28 40 31 20 35 30
3618 23 37 22 21 88 1 24 33 26 40 36 29
3619 24 35 35 31 150 7 27 40 32 40 36 30
3620 24 27 21 41 79 1 23 21 33 29 36 30
3621 23 52 43 11 94 1 24 31 35 35 36 30
3622 24 37 37 23 59 92 20 29 24 8 36 30
3623 23 37 39 27 93 1 30 33 28 39 36 30
3624 23 31 26 36 51 42 26 22 28 12 35 30
3625 23 27 17 24 67 1 23 30 36 1 36 29
3626 23 27 10 15 113 13 19 29 33 18 35 29
3627 23 32 27 15 59 1 24 15 25 23 35 30
3628 23 32 27 22 65 1 23 21 23 12 35 29
3629 23 23 8 33 116 27 27 10 30 11 36 30
3630 23 41 38 24 174 58 26 24 25 30 36 30
3631 24 54 56 16 132 30 29 19 28 26 36 30
3632 23 38 34 19 100 34 26 27 36 27 36 30
3633 23 33 31 33 129 1 23 16 33 25 36 29
3634 23 33 18 16 118 22 27 47 30 31 36 30
3635 23 31 27 35 87 13 25 49 31 31 36 30
3636 23 30 29 27 82 2 30 41 29 25 35 30
3637 24 34 35 26 73 52 25 34 32 7 36 29
3638 23 30 32 47 71 42 24 19 28 13 36 30
3639 23 31 21 18 64 24 23 26 30 21 36 30
3640 23 22 9 25 73 1 27 1 40 19 35 29
3641 23 36 31 15 87 1 27 29 32 21 35 30
3642 23 32 46 46 121 117 26 24 22 18 36 30
3643 23 29 23 21 67 61 25 25 27 9 35 29
3644 23 34 26 22 96 57 27 25 36 19 35 30
3645 23 36 42 30 119 1 28 38 35 27 35 30
3646 23 28 24 21 71 40 24 27 28 1 35 29
3647 23 30 22 18 63 1 25 27 32 4 35 29
3648 24 32 25 36 120 77 27 51 35 27 36 30
3649 24 52 61 17 142 1 23 25 36 39 36 30
3650 24 40 40 36 105 51 22 26 29 38 36 30
3651 24 36 32 25 113 1 30 28 36 24 36 30
3652 24 36 37 30 60 60 22 28 28 31 36 30
3653 24 38 34 22 82 73 29 25 31 36 36 30
3654 23 44 49 21 135 1 27 25 38 39 36 29
3655 24 36 33 28 126 106 27 22 16 17 36 30
3656 24 27 14 23 192 6 27 32 34 19 36 30
3657 23 36 39 37 116 69 17 9 31 24 36 30
3658 24 23 16 35 152 1 24 37 24 6 36 30
3659 24 30 20 24 58 3 26 30 34 23 36 30
3660 23 32 37 38 71 1 25 24 29 8 35 29
3661 24 33 37 42 238 15 22 49 20 14 36 30
3662 23 26 10 19 223 25 28 28 32 30 36 30
3663 23 40 40 41 103 1 28 40 34 43 36 29
3664 24 29 42 43 155 20 23 1 37 20 36 30
3665 24 40 36 35 156 40 24 5 35 16 36 30
3666 24 31 28 19 73 48 23 27 34 3 36 30
3667 24 31 32 25 52 14 24 18 28 13 36 30
3668 24 34 35 26 151 38 26 38 37 40 37 30
3669 24 36 30 30 90 50 26 37 33 38 36 30
3670 24 38 45 35 93 20 29 22 41 19 36 30
3671 24 33 31 26 69 8 27 12 25 21 36 30
3672 24 28 23 40 121 28 28 32 40 27 36 30
3673 24 33 29 25 112 70 24 27 28 8 36 30
3674 24 23 13 19 81 1 25 34 34 21 36 30
3675 24 37 41 30 119 9 30 30 29 21 36 30
3676 23 36 38 34 100 15 27 26 35 30 36 30
3677 24 37 41 21 107 26 31 33 29 32 36 30
3678 24 44 42 21 120 5 23 26 32 25 36 30
3679 24 17 6 24 48 1 19 30 25 23 36 30
3680 24 35 33 34 102 30 24 33 31 36 36 30
3681 24 35 35 30 119 1 21 18 24 24 36 30
3682 24 35 27 25 106 30 24 38 31 34 36 30
3683 24 33 29 13 99 21 20 24 29 2 36 30
3684 24 26 16 26 82 44 24 17 32 25 36 30
3685 24 42 52 36 116 53 21 33 30 34 36 30
3686 23 21 13 39 104 1 28 30 36 11 36 30
3687 23 25 13 23 47 1 25 26 30 29 36 30
3688 24 30 23 32 81 67 23 32 22 20 36 30
3689 24 47 40 20 91 32 27 33 25 32 36 30
3690 24 42 45 28 108 106 23 29 32 8 36 30
3691 24 39 36 39 85 71 29 28 42 29 36 30
3692 24 42 43 32 56 1 27 26 29 32 36 30
3693 24 44 41 22 132 84 31 30 28 25 36 30
3694 24 33 39 47 45 42 24 31 32 38 36 30
3695 23 31 27 29 85 59 26 41 33 13 36 30
3696 24 35 33 34 66 23 24 32 26 32 36 30
3697 24 33 30 35 117 1 24 26 27 23 36 30
3698 24 23 14 37 100 81 23 39 24 6 36 30
3699 24 40 42 31 72 45 25 23 33 29 36 30
3700 23 35 39 31 447 6 22 23 31 30 36 29
3701 24 33 31 35 123 96 25 39 34 22 36 30
3702 24 31 28 18 164 99 20 27 21 8 36 30
3703 24 40 48 43 113 43 29 34 31 21 36 30
3704 24 30 29 37 110 14 21 31 29 22 36 30
3705 24 27 24 31 229 26 23 30 28 8 36 30
3706 24 41 40 27 112 54 28 27 31 24 36 30
3707 24 48 66 33 102 57 24 29 32 31 36 30
3708 24 43 47 26 109 1 28 32 35 31 36 30
3709 24 40 35 21 244 20 26 35 33 24 36 30
3710 24 31 20 18 108 1 24 39 25 21 36 30
3711 24 33 30 37 47 59 26 23 27 34 36 30
3712 23 47 42 5 110 45 26 24 27 21 36 30
3713 23 37 30 22 82 87 24 24 29 24 36 30
3714 23 33 23 14 67 1 25 50 24 16 35 29
3715 23 42 43 39 88 1 25 23 26 34 36 29
3716 23 40 40 27 118 31 25 31 23 21 36 30
3717 24 35 36 25 229 85 24 22 34 13 36 30
3718 24 34 36 31 121 52 24 33 24 20 36 30
3719 24 36 34 21 74 54 21 23 33 11 36 30
3720 24 18 2 33 86 21 22 20 32 9 36 30
3721 24 30 15 25 60 26 27 1 37 33 36 30
3722 24 34 25 22 92 21 24 26 26 12 35 29
3723 23 33 29 21 125 22 19 23 32 14 36 29
3724 23 39 40 41 94 18 26 38 37 35 36 30
3725 24 33 26 11 71 1 24 25 30 2 36 30
3726 24 31 27 25 115 91 26 27 32 22 36 30
3727 24 35 44 29 70 129 24 24 37 10 36 30
3728 24 31 30 34 75 6 26 35 24 30 36 30
3729 24 36 34 28 151 1 23 33 28 20 36 30
3730 24 32 27 29 67 1 23 32 28 13 36 30
3731 24 27 22 27 96 50 22 25 31 18 36 30
3732 24 31 28 22 79 29 24 25 29 21 36 30
3733 24 44 44 13 89 7 26 34 25 33 36 30
3734 24 34 43 26 87 34 25 23 35 23 36 30
3735 24 38 34 24 159 90 28 26 26 12 36 30
3736 24 29 40 45 246 43 23 1 31 19 36 30
3737 24 40 40 15 125 1 26 23 29 4 36 30
3738 24 34 38 40 83 92 24 6 39 22 36 30
3739 24 34 32 21 75 1 24 25 29 7 36 30
3740 24 34 29 18 216 1 21 31 29 13 36 30
3741 24 31 34 48 172 26 24 39 35 24 36 30
3742 24 37 40 33 110 64 23 30 29 21 36 30
3743 23 29 20 24 102 5 24 36 29 12 36 30
3744 24 29 26 34 82 1 23 24 29 28 36 30
3745 24 52 59 38 59 91 25 1 37 37 36 30
3746 24 32 35 21 170 1 20 23 25 19 36 30
3747 24 42 45 29 107 80 23 40 30 22 36 30
3748 24 34 26 32 48 1 22 33 29 37 36 30
3749 24 36 37 28 65 62 25 22 32 18 36 30
3750 24 35 26 22 73 20 23 31 28 10 36 30
3751 24 36 34 27 90 29 25 25 36 17 36 30
3752 24 34 35 31 57 1 24 31 23 23 36 30
3753 24 25 17 27 251 1 22 24 31 5 36 30
3754 24 31 33 40 89 49 22 20 27 28 36 30
3755 24 34 35 36 156 51 19 30 23 27 36 30
3756 24 30 23 46 109 1 26 28 36 23 36 30
3757 24 39 36 25 117 61 25 25 32 14 36 30
3758 24 27 12 25 70 1 29 29 26 27 36 30
3759 24 39 41 37 220 1 29 46 26 38 36 30
3760 24 39 39 27 110 54 25 29 30 18 36 30
3761 24 26 18 20 102 1 24 17 31 7 36 30
3762 24 35 33 27 69 26 22 26 25 24 36 30
3763 24 23 13 45 125 49 29 38 29 11 36 30
3764 24 39 39 41 105 122 26 38 26 25 36 30
3765 24 33 19 11 201 16 26 27 32 7 36 30
3766 24 217 593 177 283 66 58 85 32 12 36 30
3767 24 43 48 31 62 10 21 31 33 35 36 30
3768 23 29 17 27 45 19 24 23 27 29 36 30
3769 24 39 32 25 94 1 26 27 28 33 36 30
3770 24 32 34 33 59 60 18 24 28 24 36 30
3771 24 27 27 40 152 5 24 32 22 32 36 30
3772 24 30 31 18 133 84 22 31 30 11 36 30
3773 24 36 32 30 82 1 27 31 23 24 36 30
3774 23 39 39 26 63 67 30 14 32 25 36 30
3775 24 36 31 34 77 30 26 24 11 25 36 30
3776 24 35 33 32 54 27 26 31 29 24 36 30
3777 24 36 40 33 105 117 24 24 32 22 36 30
3778 23 32 31 35 67 28 24 28 29 30 36 30
3779 24 31 31 16 150 18 25 20 34 8 36 29
3780 24 39 43 38 97 71 27 27 29 29 36 30
3781 24 38 41 30 52 24 24 22 26 20 36 30
3782 24 37 37 21 180 44 24 30 34 25 36 30
3783 23 35 29 40 109 45 27 22 37 22 36 30
3784 24 34 39 37 59 12 20 32 28 30 36 30
3785 24 44 50 30 199 90 20 31 28 20 36 30
3786 24 39 31 28 118 19 25 31 22 24 36 30
3787 23 32 25 29 69 6 21 32 23 27 35 29
3788 24 30 33 38 95 1 26 29 35 20 36 30
3789 24 38 37 25 55 62 24 33 31 27 36 30
3790 24 37 38 28 86 31 26 29 26 17 36 30
3791 24 34 34 35 91 99 21 34 28 25 36 30
3792 24 28 26 31 107 75 27 8 31 20 36 30
3793 24 47 52 27 86 52 29 30 31 32 36 30
3794 23 31 22 23 100 11 26 31 24 13 36 30
3795 24 26 9 24 80 14 24 26 25 15 36 30
3796 24 36 43 38 102 85 25 24 30 27 36 30
3797 24 33 33 20 109 42 28 30 33 18 36 30
3798 23 32 28 34 67 1 25 29 31 32 36 30
3799 24 35 41 25 180 89 34 29 31 11 36 30
3800 24 33 38 28 93 64 27 32 35 23 36 30
3801 24 42 40 28 78 1 25 28 38 31 36 30
3802 24 42 46 12 107 1 29 32 34 33 36 30
3803 24 24 10 16 59 48 21 28 33 8 36 30
3804 24 31 38 35 167 23 28 28 33 21 36 30
3805 24 39 49 34 114 65 28 19 28 14 36 30
3806 24 33 31 32 91 92 22 29 31 9 36 30
3807 24 34 35 26 67 1 21 43 23 11 36 30
3808 24 47 60 26 75 96 28 30 26 29 36 30
3809 24 34 27 32 246 68 29 32 36 30 36 30
3810 24 29 24 28 125 51 18 28 16 1 35 30
3811 24 51 67 29 104 62 31 60 35 40 36 30
3812 24 36 46 36 142 96 29 44 35 29 36 30
3813 23 32 20 22 76 55 28 32 36 19 36 30
3814 24 35 32 37 55 40 25 20 35 20 36 30
3815 24 35 30 39 176 1 25 36 23 30 36 30
3816 24 41 41 34 84 69 28 27 27 31 36 30
3817 24 39 28 17 89 73 25 25 27 8 36 30
3818 24 29 28 46 114 38 30 39 39 31 36 30
3819 24 31 25 40 126 48 21 27 27 29 36 30
3820 24 41 47 24 122 51 22 34 26 35 36 30
3821 24 39 42 19 142 1 22 19 26 16 36 30
3822 24 35 42 33 95 34 22 36 37 30 36 30
3823 24 33 24 40 81 17 25 19 26 18 36 30
3824 24 32 23 32 62 44 28 34 30 36 36 30
3825 24 31 24 18 76 1 26 33 34 25 36 30
3826 24 34 36 29 127 61 22 35 24 12 36 30
3827 23 37 41 23 160 1 24 42 32 29 36 30
3828 23 36 34 41 417 24 28 28 37 28 36 30
3829 23 22 14 32 119 15 24 32 26 11 35 29
3830 24 48 59 39 71 76 23 1 42 30 36 30
3831 24 37 29 14 131 1 26 28 34 20 36 30
3832 24 42 39 1 80 1 25 30 29 30 36 30
3833 23 39 44 22 75 58 27 20 29 34 36 30
3834 24 35 34 19 72 39 26 15 24 25 36 30
3835 24 39 50 31 110 99 28 29 27 22 36 30
3836 24 32 31 42 109 24 27 38 28 36 36 30
3837 24 37 31 30 72 57 27 30 29 31 36 30
3838 24 30 19 31 171 13 22 32 25 24 36 30
3839 24 39 33 30 64 21 29 26 39 28 36 30
3840 24 33 31 23 103 12 27 26 31 26 36 30
3841 24 23 20 25 93 40 29 34 36 30 36 30
3842 24 35 29 25 117 1 24 22 33 15 35 29
3843 24 41 39 24 81 1 23 32 38 38 36 30
3844 24 36 41 36 59 9 23 27 19 21 36 30
3845 24 31 35 33 53 19 30 30 34 37 36 30
3846 24 34 39 43 59 45 22 26 25 26 36 30
3847 24 31 18 18 95 20 29 35 37 22 36 30
3848 24 43 41 2 91 7 26 24 31 19 36 30
3849 24 37 29 34 55 64 25 28 25 33 36 30
3850 24 42 43 25 70 119 27 38 35 19 36 30
3851 24 29 16 31 52 72 22 31 29 21 36 30
3852 24 38 36 18 65 47 26 19 20 15 36 30
3853 24 32 28 42 78 62 26 1 31 23 36 30
3854 24 39 37 44 129 68 26 35 29 35 36 30
3855 24 31 22 32 52 10 26 32 30 39 36 30
3856 24 27 26 36 73 1 21 33 27 27 36 30
3857 24 29 31 35 224 65 23 1 39 12 36 30
3858 24 37 39 31 183 1 25 27 30 30 36 30
3859 24 23 15 26 123 4 23 23 30 17 36 30
3860 24 28 28 35 121 1 28 35 37 30 36 30
3861 24 39 29 30 87 26 26 37 32 39 36 30
3862 24 46 56 45 76 80 17 1 33 26 36 30
3863 24 34 28 23 196 52 23 20 34 24 36 30
3864 24 36 37 19 81 1 21 21 27 24 36 30
3865 24 47 54 21 78 1 25 19 33 31 36 30
3866 24 37 36 31 90 1 30 32 32 37 36 30
3867 23 31 20 16 83 1 27 21 32 19 36 30
3868 24 32 23 26 71 1 23 28 30 8 36 30
3869 24 33 27 18 138 77 21 22 26 3 36 30
3870 24 34 34 38 211 1 23 33 30 39 36 30
3871 24 29 20 20 66 24 21 23 28 8 36 30
3872 24 36 37 30 85 11 27 47 26 23 36 30
3873 24 35 36 34 222 32 28 29 35 39 36 30
3874 24 32 18 23 56 23 32 38 33 26 36 30
3875 23 19 7 34 112 1 23 1 41 7 36 30
3876 24 33 30 36 125 1 26 33 37 35 36 30
3877 24 35 41 45 61 31 26 43 30 31 36 30
3878 24 25 15 25 468 1 31 32 33 10 36 30
3879 24 42 38 18 502 9 28 30 36 40 36 30
3880 24 41 44 33 123 1 28 49 32 31 36 30
3881 24 23 3 20 115 1 27 32 33 13 36 30
3882 24 22 1 27 52 1 58 20 30 2 36 30
3883 24 26 17 26 83 19 27 26 31 27 36 30
3884 24 33 36 26 59 58 21 22 31 31 36 30
3885 24 36 39 40 164 118 27 23 34 34 36 30
3886 24 42 42 40 117 45 23 34 30 45 36 30
3887 24 34 37 37 66 1 23 25 28 14 36 30
3888 23 42 47 32 101 85 25 27 27 19 36 30
3889 24 43 47 39 52 46 25 32 30 40 36 30
3890 24 30 11 31 74 49 28 34 26 30 36 30
3891 24 29 32 37 175 54 29 31 32 12 36 30
3892 23 26 16 26 156 1 25 31 29 18 36 30
3893 24 32 22 37 120 49 26 34 35 33 36 30
3894 24 38 34 19 108 70 27 20 33 1 36 30
3895 24 34 30 20 89 5 25 26 31 22 36 30
3896 24 39 28 11 214 1 24 32 29 36 36 30
3897 24 39 34 28 192 1 24 35 31 30 36 30
3898 24 29 24 38 82 1 27 49 31 16 36 30
3899 24 43 48 27 133 81 28 23 33 25 36 30
3900 24 24 28 37 189 64 22 1 31 1 36 30
3901 24 21 15 25 65 25 28 33 28 10 36 30
3902 23 27 8 27 82 1 19 31 27 16 36 30
3903 24 33 25 20 56 15 22 24 23 20 36 29
3904 24 39 50 32 60 88 27 20 32 23 36 30
3905 24 29 34 31 98 46 25 25 36 23 36 30
3906 24 33 32 38 74 5 22 36 26 39 36 30
3907 24 33 34 42 140 1 23 30 24 31 36 30
3908 24 36 43 27 70 67 20 24 31 4 36 30
3909 23 40 46 27 68 1 24 26 25 22 36 30
3910 24 29 33 42 106 1 24 43 28 31 36 30
3911 24 35 32 35 123 20 31 35 27 38 36 30
3912 24 39 39 31 107 60 29 28 29 17 36 30
3913 24 33 16 12 167 1 26 29 35 17 36 30
3914 24 44 41 21 122 49 26 37 29 23 36 30
3915 24 38 43 38 58 31 24 32 31 38 36 30
3916 24 44 40 35 85 32 27 26 44 30 36 30
3917 24 45 45 21 196 62 27 38 32 32 36 30
3918 24 38 37 38 53 15 28 28 26 41 36 30
3919 24 35 39 32 90 1 25 34 31 38 36 30
3920 24 42 43 30 81 56 26 22 25 34 36 30
3921 24 31 25 13 353 43 17 24 23 7 36 30
3922 24 29 26 30 110 51 23 41 28 13 36 30
3923 24 37 34 21 105 76 22 23 28 7 36 30
3924 24 26 26 30 70 29 15 1 32 2 36 30
3925 24 40 38 25 144 26 23 28 29 30 36 30
3926 24 33 38 32 70 1 27 35 20 25 36 30
3927 24 31 22 32 107 1 22 26 27 16 36 30
3928 24 38 39 36 81 47 21 36 31 45 36 30
3929 24 34 42 41 98 10 22 37 23 27 36 30
3930 24 36 31 25 147 42 21 29 30 19 36 30
3931 24 29 20 12 97 3 21 18 30 2 36 30
3932 24 38 30 23 77 48 26 28 35 29 36 30
3933 24 39 34 22 83 23 24 29 30 35 37 30
3934 24 42 42 21 682 49 24 29 33 22 36 30
3935 24 35 29 35 100 1 21 41 30 39 36 30
3936 24 32 24 29 201 24 19 18 34 32 36 30
3937 24 29 26 26 89 59 24 22 31 13 36 30
3938 24 39 36 31 116 55 27 34 26 34 36 30
3939 24 30 17 23 70 1 26 27 27 23 36 30
3940 24 39 45 32 179 119 25 25 33 11 36 30
3941 24 24 14 36 223 1 27 28 32 19 36 30
3942 24 40 38 27 80 15 28 24 31 30 36 30
3943 24 35 41 32 70 82 25 27 24 13 36 30
3944 24 53 61 30 127 39 23 32 37 44 36 30
3945 24 38 34 33 91 77 23 33 27 47 36 30
3946 24 33 30 37 92 1 22 41 27 32 36 30
3947 23 30 20 33 93 49 27 33 33 37 36 30
3948 24 32 23 27 96 98 31 44 32 27 36 30
3949 24 38 36 21 144 8 27 29 35 19 36 30
3950 24 27 26 38 49 5 28 33 34 37 36 30
3951 24 31 28 41 95 15 29 34 34 45 36 30
3952 24 34 28 26 149 12 22 23 31 21 36 30
3953 24 28 22 38 48 44 24 32 27 31 36 30
3954 24 40 45 32 181 30 24 20 29 24 36 30
3955 24 36 40 39 156 62 26 27 29 30 36 30
3956 24 24 9 26 92 39 21 24 26 1 36 30
3957 24 36 27 37 102 107 26 31 30 14 36 30
3958 24 31 37 31 61 36 27 43 26 19 36 30
3959 24 33 22 27 55 2 34 35 29 16 36 30
3960 24 32 30 34 84 39 29 27 34 25 36 30
3961 24 35 38 35 157 94 24 1 28 12 36 30
3962 24 27 16 8 83 1 23 21 28 8 36 30
3963 24 28 16 26 77 1 28 37 28 18 36 30
3964 24 32 24 30 140 14 23 42 33 29 36 30
3965 24 28 7 6 116 1 24 31 27 1 36 30
3966 24 39 44 32 89 38 26 33 26 20 36 30
3967 24 19 17 32 96 10 21 22 34 21 36 30
3968 24 30 33 24 121 22 25 29 40 14 36 30
3969 24 31 32 41 71 3 26 37 29 42 36 30
3970 24 32 25 39 54 14 28 34 34 29 36 30
3971 24 24 23 31 107 1 24 26 34 20 35 30
3972 24 40 46 46 122 39 22 28 33 45 36 30
3973 24 33 21 32 45 1 28 38 38 37 36 30
3974 24 33 35 36 101 53 25 29 30 28 36 30
3975 24 30 10 25 90 6 26 28 31 27 36 30
3976 24 31 31 15 76 1 25 30 29 11 36 30
3977 24 38 46 40 168 1 24 29 30 36 36 30
3978 24 40 44 29 59 1 19 20 21 23 36 30
3979 24 37 35 22 57 26 25 28 32 24 36 30
3980 24 45 55 24 262 1 24 19 23 15 36 30
3981 23 36 34 30 236 20 23 24 30 22 36 30
3982 24 36 41 24 121 12 25 30 30 20 36 30
3983 24 35 38 40 96 1 25 29 25 35 36 30
3984 24 46 37 15 110 59 26 31 27 29 36 30
3985 24 36 42 35 228 1 26 3 37 33 36 30
3986 24 28 13 14 58 1 21 29 28 24 36 30
3987 24 48 55 29 139 111 26 24 31 27 36 30
3988 24 39 40 35 64 1 20 35 32 34 36 30
3989 24 36 33 21 136 1 20 30 37 4 36 30
3990 24 37 41 31 114 45 31 23 36 14 36 30
3991 24 34 29 26 50 34 25 26 26 29 36 30
3992 24 39 35 14 116 24 22 24 26 31 36 30
3993 24 36 35 29 143 1 25 38 33 33 36 30
3994 24 39 33 26 104 3 27 17 28 33 36 30
3995 24 37 39 40 133 1 30 32 27 31 36 30
3996 24 34 30 40 61 39 28 43 28 22 36 30
3997 24 40 40 25 83 41 30 31 28 11 36 30
3998 24 33 25 34 103 50 30 18 40 17 36 30
3999 24 34 34 31 54 43 26 28 33 34 36 30
4000 24 29 27 38 60 28 22 27 33 34 36 30
4001 24 38 37 31 85 71 25 29 28 25 36 30
4002 24 33 40 27 145 17 26 33 41 21 36 30
4003 24 29 13 23 129 1 26 22 21 15 36 30
4004 24 38 34 22 62 52 27 26 27 19 36 30
4005 24 35 36 40 119 7 26 26 33 42 36 30
4006 24 37 34 29 148 1 25 30 33 35 36 30
4007 24 27 18 29 51 10 26 44 25 16 36 30
4008 24 36 33 32 74 81 25 29 30 31 36 30
4009 24 32 27 27 136 1 21 25 29 28 36 30
4010 24 44 56 30 72 77 23 30 31 23 36 30
4011 24 29 20 26 96 31 24 19 32 31 36 30
4012 24 43 49 32 109 32 24 30 30 28 36 30
4013 24 30 28 35 415 1 19 32 18 16 36 30
4014 24 40 43 29 82 66 26 30 36 30 36 30
4015 24 35 25 34 152 1 20 28 26 33 36 30
4016 24 35 30 28 53 20 25 1 40 32 36 30
4017 24 35 27 27 129 32 26 35 30 35 36 30
4018 24 33 24 19 96 1 24 24 25 23 36 30
4019 24 25 19 30 94 1 30 42 36 25 36 30
4020 24 29 30 31 237 1 21 53 27 8 36 30
4021 24 39 33 9 69 1 26 1 34 19 36 30
4022 23 24 19 24 422 21 29 28 37 25 36 30
4023 24 39 45 34 88 1 22 21 27 26 36 30
4024 24 27 16 25 123 31 25 31 25 8 36 30
4025 23 31 30 34 51 1 23 38 21 34 35 29
4026 24 42 49 32 60 48 20 23 26 20 36 30
4027 24 38 39 32 110 12 21 34 38 27 36 30
4028 24 38 34 15 57 1 22 35 30 23 36 30
4029 24 39 26 18 176 69 29 21 36 20 36 30
4030 24 52 53 20 202 70 25 25 27 31 36 30
4031 24 38 38 16 97 1 20 17 32 11 36 30
4032 24 35 29 36 47 13 23 27 31 33 36 30
4033 24 32 32 32 101 1 24 38 32 7 36 30
4034 24 26 24 51 90 56 25 34 32 27 36 30
4035 24 33 31 38 117 1 26 28 29 22 36 30
4036 24 33 28 31 84 1 22 30 29 16 36 30
4037 24 38 33 16 170 1 26 27 27 20 36 30
4038 24 25 23 30 96 29 24 21 33 22 36 30
4039 24 27 29 33 106 7 28 33 39 22 36 30
4040 24 32 32 36 71 1 24 31 28 23 36 30
4041 24 33 38 40 126 35 22 28 30 36 36 30
4042 24 42 50 40 106 81 29 38 29 28 36 30
4043 24 35 36 29 112 53 21 1 26 21 36 30
4044 24 47 41 7 75 1 28 23 33 31 36 30
4045 24 28 15 9 113 1 25 33 33 23 36 30
4046 24 43 46 38 140 26 27 21 28 26 36 30
4047 24 31 29 37 69 1 28 36 37 34 36 30
4048 24 20 22 39 75 1 28 24 28 19 36 30
4049 24 33 33 16 94 61 22 1 35 15 36 30
4050 24 41 47 20 92 60 20 38 31 28 36 30
4051 24 36 33 38 112 61 26 32 30 23 36 30
4052 24 42 34 17 64 53 23 1 31 24 36 30
4053 24 40 44 45 66 104 25 42 30 29 36 30
4054 24 23 12 26 118 1 21 25 23 17 36 30
4055 24 26 18 41 67 1 19 11 27 20 36 30
4056 24 33 28 35 65 20 31 31 22 28 36 30
4057 24 31 34 34 55 9 22 33 28 27 36 30
4058 24 44 45 16 67 9 20 38 20 31 36 30
4059 24 29 30 29 121 6 26 29 32 27 36 30
4060 24 33 35 39 43 77 23 34 27 22 36 30
4061 24 44 46 29 90 1 25 32 34 30 36 30
4062 24 42 51 22 171 43 24 25 36 25 36 30
4063 24 33 42 36 65 1 23 27 27 20 36 30
4064 24 22 12 39 154 59 24 17 34 11 36 30
4065 24 39 44 40 81 23 28 22 19 30 36 30
4066 24 27 22 29 56 57 24 35 30 27 36 30
4067 24 37 42 35 111 76 25 29 33 17 36 30
4068 24 37 29 21 60 14 23 40 30 28 36 30
4069 24 34 28 34 94 1 22 37 33 31 36 30
4070 24 29 31 40 112 5 21 18 30 28 36 30
4071 24 36 41 34 206 23 26 35 31 34 36 30
4072 24 35 37 21 111 1 24 25 27 7 36 30
4073 24 34 34 42 55 1 27 1 40 33 36 30
4074 24 27 24 37 79 42 28 17 31 25 36 30
4075 24 46 48 26 144 63 21 26 30 29 36 30
4076 24 32 32 23 402 1 25 20 24 16 36 30
4077 24 34 39 18 139 1 26 32 27 16 36 30
4078 24 29 18 18 138 1 20 31 19 16 36 30
4079 24 33 37 29 128 80 25 38 31 12 36 30
4080 24 32 36 42 55 55 25 38 26 30 36 30
4081 24 33 36 29 180 104 19 19 24 13 36 30
4082 24 38 36 17 82 23 27 21 29 21 36 30
4083 24 30 24 23 92 26 23 26 31 9 36 30
4084 23 38 39 42 108 1 27 31 29 40 36 30
4085 24 40 45 25 182 10 22 37 27 14 36 30
4086 23 30 22 25 80 1 24 39 23 18 36 29
4087 24 31 33 28 55 65 17 31 23 16 36 30
4088 23 32 37 40 221 126 26 20 29 19 36 30
4089 24 36 32 33 85 75 20 24 27 13 36 30
4090 24 38 41 34 102 36 20 31 34 28 36 30
4091 23 32 32 40 108 28 27 37 30 31 36 30
4092 24 35 34 38 190 63 22 34 24 29 36 30
4093 24 31 19 31 168 1 31 28 32 32 36 30
4094 24 38 30 19 97 1 24 28 26 25 36 30
4095 23 33 33 30 108 20 26 23 26 31 36 30
4096 23 35 40 36 113 20 25 45 28 34 36 30
4097 24 42 45 38 74 13 24 37 26 32 36 30
4098 24 38 45 35 109 76 22 25 26 13 36 30
4099 24 39 37 26 191 50 25 25 41 26 36 30
4100 24 34 38 27 95 95 23 23 31 8 36 30
4101 24 28 29 35 85 54 23 31 32 26 36 30
4102 24 30 27 28 178 57 21 29 29 35 36 30
4103 24 34 26 19 159 1 22 30 33 30 36 30
4104 23 35 38 19 100 39 26 21 35 29 36 30
4105 24 31 26 27 105 67 29 54 33 9 36 30
4106 24 32 30 37 54 1 23 31 41 30 36 30
4107 24 42 41 26 215 64 27 29 29 17 36 30
4108 24 35 25 32 84 8 26 39 32 29 36 30
4109 24 43 45 25 117 62 21 31 25 12 36 30
4110 24 46 50 18 116 20 21 35 30 21 36 30
4111 24 30 24 32 117 19 18 44 23 25 36 30
4112 24 30 24 28 75 86 27 24 31 14 36 30
4113 24 24 12 28 77 1 24 27 26 26 35 30
4114 24 30 18 26 53 42 24 30 20 15 36 30
4115 24 32 25 35 63 65 27 24 30 30 36 30
4116 24 27 22 31 103 5 25 33 27 30 36 30
4117 24 35 24 28 106 1 26 18 33 24 36 30
4118 24 33 31 23 100 1 28 24 29 23 36 30
4119 23 38 29 25 112 70 32 28 30 7 36 30
4120 23 19 1 41 52 1 21 37 22 6 35 29
4121 24 37 38 27 92 87 19 24 26 18 36 30
4122 24 27 26 32 58 1 29 25 33 14 36 30
4123 24 35 30 30 84 28 26 34 29 26 36 30
4124 24 42 41 27 101 51 23 30 24 27 36 30
4125 24 32 33 26 63 1 26 19 34 17 36 30
4126 24 35 41 41 117 127 23 29 29 20 36 30
4127 24 27 25 30 64 13 26 27 28 7 36 30
4128 24 32 29 21 54 5 23 19 25 16 36 30
4129 24 30 16 31 41 20 23 29 29 17 36 30
4130 23 18 12 45 1040 4 26 24 30 21 36 30
4131 24 38 38 37 54 44 31 21 31 36 36 30
4132 24 40 58 39 127 137 19 23 32 23 36 30
4133 24 37 40 26 72 15 26 20 36 24 36 30
4134 24 33 30 30 141 61 23 40 29 19 36 30
4135 24 38 35 24 252 1 28 34 29 23 36 30
4136 24 35 39 40 115 1 20 43 20 20 36 30
4137 24 38 42 30 145 33 26 28 36 31 36 30
4138 24 32 32 27 148 90 24 27 32 12 36 30
4139 24 36 30 33 100 43 22 29 30 23 36 30
4140 24 31 30 26 59 76 25 28 31 10 36 30
4141 24 33 36 30 80 39 25 27 28 4 36 30
4142 24 34 28 26 53 51 20 29 16 19 36 30
4143 24 37 46 30 145 17 26 23 37 23 36 30
4144 24 30 34 39 49 80 17 25 24 19 36 30
4145 24 34 24 26 64 53 26 25 24 31 36 30
4146 24 40 44 23 83 12 20 22 22 20 36 30
4147 24 31 31 32 88 50 25 28 32 9 36 30
4148 23 28 17 36 122 63 25 25 26 7 36 30
4149 24 44 51 19 99 45 32 34 38 35 36 30
4150 23 18 9 38 122 61 25 17 30 6 36 30
4151 24 46 55 15 188 40 31 30 36 21 36 30
4152 24 48 62 37 77 67 25 33 28 25 36 30
4153 24 38 36 24 93 51 26 43 34 24 36 30
4154 24 33 26 13 63 12 24 47 31 25 36 30
4155 24 41 47 19 74 66 29 22 29 11 36 30
4156 23 28 18 26 94 1 24 30 27 27 36 30
4157 24 30 26 27 80 1 27 31 34 23 36 30
4158 24 31 38 28 69 78 28 29 24 2 36 30
4159 24 33 29 34 54 45 28 33 31 27 36 30
4160 24 34 29 32 58 71 27 22 33 27 36 30
4161 24 31 31 23 129 1 23 29 31 35 36 30
4162 23 26 13 18 66 1 23 26 31 14 36 30
4163 23 38 46 35 157 39 25 18 18 19 36 30
4164 24 34 30 26 98 10 25 30 28 7 36 30
4165 24 35 36 18 104 102 24 19 28 5 36 30
4166 24 24 10 11 96 1 18 20 24 13 36 30
4167 24 27 20 45 126 1 23 42 28 27 36 30
4168 24 35 24 27 106 31 25 26 41 35 36 30
4169 24 35 34 33 115 5 20 33 28 42 36 30
4170 24 24 24 43 101 35 23 34 36 31 36 30
4171 24 33 25 28 119 83 29 23 33 17 36 29
4172 24 28 23 17 78 1 26 21 26 18 36 30
4173 24 33 31 21 93 6 27 24 32 22 36 30
4174 24 46 48 40 257 101 28 28 34 38 36 30
4175 24 24 15 44 228 1 26 27 30 23 36 30
4176 24 30 19 19 60 63 26 33 30 5 36 30
4177 24 34 27 26 94 2 25 165 23 34 36 30
4178 24 31 20 11 133 6 23 30 26 2 36 30
4179 24 38 35 14 101 11 26 29 26 4 36 29
4180 24 36 35 29 57 51 28 1 32 38 36 30
4181 24 34 40 28 67 79 21 28 30 7 36 30
4182 24 28 22 25 146 28 26 28 24 22 36 30
4183 24 31 22 26 53 14 24 31 25 29 36 30
4184 24 32 28 37 82 1 21 32 32 30 36 30
4185 23 23 11 33 185 1 27 27 32 16 36 30
4186 24 41 42 22 269 73 19 29 27 16 36 30
4187 24 42 38 20 91 92 24 17 30 16 36 30
4188 24 19 15 36 56 1 21 26 25 21 36 30
4189 24 36 44 34 63 62 28 27 31 25 36 30
4190 23 37 28 16 139 1 25 27 30 13 36 30
4191 24 28 14 16 58 11 22 28 29 4 36 30
4192 24 34 35 19 62 27 19 32 25 14 36 30
4193 24 35 30 26 68 1 27 22 27 25 36 30
4194 24 29 30 44 54 30 23 31 29 26 36 30
4195 23 23 17 27 99 30 24 31 37 20 36 30
4196 23 41 47 31 88 8 19 28 34 35 36 30
4197 24 21 16 28 76 39 23 33 32 19 36 30
4198 24 35 35 32 91 1 25 32 36 22 36 30
4199 24 32 37 25 75 102 26 23 30 3 36 30
4200 24 26 30 32 69 49 23 25 34 20 36 30
4201 24 40 40 32 59 63 24 26 33 25 36 30
4202 24 41 37 1 160 1 22 21 21 15 36 30
4203 24 34 38 36 88 24 24 35 31 26 36 30
4204 24 39 41 19 106 66 23 30 32 5 36 30
4205 24 32 27 36 94 13 24 33 24 24 36 30
4206 24 44 52 27 130 74 28 30 31 37 36 30
4207 24 35 42 41 93 41 24 26 30 38 36 30
4208 24 34 30 25 74 1 25 25 26 11 36 30
4209 24 34 34 28 64 82 22 27 27 9 36 30
4210 24 34 35 48 69 67 25 35 22 28 36 30
4211 24 24 24 32 106 1 26 32 27 10 36 30
4212 24 40 48 35 121 24 30 37 26 40 36 30
4213 24 36 25 27 66 5 19 23 27 16 36 30
4214 24 39 39 39 91 42 25 37 27 39 36 30
4215 24 28 24 31 99 12 29 22 27 18 35 30
4216 24 33 20 35 45 95 27 19 27 24 36 30
4217 24 28 20 24 60 1 19 29 27 4 36 30
4218 24 33 33 26 66 18 27 36 25 20 36 30
4219 24 43 35 30 82 30 23 35 31 33 36 30
4220 24 45 58 47 150 15 31 37 29 49 36 30
4221 24 37 34 15 103 2 26 48 32 21 36 30
4222 24 26 29 45 128 27 25 26 31 33 36 30
4223 24 40 52 33 126 114 22 28 26 12 36 30
4224 24 42 33 9 100 13 23 13 29 32 36 30
4225 24 41 36 26 174 12 25 31 38 33 36 30
4226 24 24 28 40 62 4 17 35 29 19 36 30
4227 24 43 38 33 98 21 25 38 27 34 36 30
4228 24 44 45 23 111 63 20 24 30 24 36 30
4229 24 43 43 33 131 1 25 37 29 38 36 30
4230 24 37 44 41 252 81 27 1 39 27 36 30
4231 24 45 48 19 66 14 27 29 31 28 36 30
4232 24 38 34 27 159 21 28 38 33 38 36 30
4233 24 33 28 32 60 78 23 28 26 1 36 30
4234 24 42 50 31 209 98 26 24 26 19 36 30
4235 24 49 55 23 87 17 25 16 23 37 36 30
4236 24 29 21 28 165 52 26 30 35 32 36 30
4237 24 39 30 21 115 22 28 29 33 37 36 30
4238 24 33 27 16 180 1 25 24 31 17 36 30
4239 24 32 33 39 131 25 26 36 29 44 37 30
4240 24 33 24 36 105 1 23 38 28 42 36 30
4241 24 40 49 15 67 9 22 22 28 11 36 30
4242 24 30 32 42 49 38 25 26 30 33 36 30
4243 24 38 35 27 85 23 23 21 27 19 36 30
4244 24 35 28 15 56 47 24 30 32 19 36 30
4245 24 45 41 22 148 52 24 33 27 37 36 30
4246 24 36 34 21 65 78 23 18 25 1 36 30
4247 24 34 39 37 153 32 23 27 28 13 36 30
4248 24 32 37 23 89 1 28 22 40 22 36 30
4249 24 24 23 33 65 1 26 23 32 1 36 30
4250 24 37 31 24 140 13 27 18 25 23 36 30
4251 24 24 23 30 89 41 22 1 35 16 36 30
4252 24 48 43 22 182 7 28 15 29 30 36 30
4253 24 33 27 29 139 9 31 41 28 21 35 30
4254 24 35 33 21 69 51 27 25 24 11 36 30
4255 23 34 31 19 97 12 24 25 32 16 36 30
4256 23 27 20 48 127 45 23 34 30 30 36 30
4257 24 33 29 24 73 43 24 36 27 7 36 30
4258 24 35 38 37 89 1 31 29 28 40 36 30
4259 23 41 32 21 59 36 25 20 29 30 36 30
4260 24 29 26 42 123 1 25 32 35 26 36 30
4261 23 33 31 27 60 1 26 25 32 30 36 30
4262 24 26 16 18 78 23 28 27 35 21 35 30
4263 24 48 50 20 164 1 26 30 32 32 36 30
4264 24 41 48 33 94 1 23 31 33 31 36 30
4265 24 26 16 39 88 50 28 1 42 4 36 30
4266 24 37 31 11 100 1 20 15 23 24 36 30
4267 24 35 31 26 80 50 24 28 28 8 36 30
4268 24 29 12 19 60 1 27 25 32 16 36 30
4269 24 33 37 35 135 30 29 21 37 30 36 30
4270 24 30 12 17 58 1 26 24 35 4 36 30
4271 24 27 31 42 74 128 25 19 26 6 36 30
4272 23 35 41 42 89 1 24 25 29 42 36 30
4273 24 37 46 33 70 88 29 25 35 10 36 30
4274 24 34 37 35 107 27 26 35 28 41 36 30
4275 24 32 24 35 55 1 25 36 37 39 36 30
4276 24 44 48 27 77 91 30 27 33 15 36 30
4277 24 33 40 47 91 66 31 29 30 31 36 30
4278 24 26 15 29 306 15 25 29 27 30 36 30
4279 24 30 26 40 84 47 26 36 34 38 36 30
4280 24 42 50 20 131 64 24 23 28 25 36 30
4281 24 36 29 22 106 25 23 24 24 24 36 30
4282 24 33 35 28 74 1 22 45 32 24 36 30
4283 23 18 6 37 83 1 15 17 25 13 36 30
4284 24 36 37 41 74 1 30 37 31 42 36 30
4285 24 37 41 31 72 95 22 24 31 11 36 30
4286 24 37 44 25 113 64 32 26 34 10 36 30
4287 24 32 33 36 98 64 28 29 45 23 36 30
4288 24 31 30 27 96 27 23 25 36 16 36 30
4289 24 37 43 34 117 13 24 26 31 14 36 30
4290 23 27 12 19 59 6 28 35 25 19 35 30
4291 23 39 41 27 131 1 28 36 29 30 36 30
4292 24 34 28 17 61 1 22 27 28 31 36 30
4293 24 30 32 29 159 20 27 29 26 19 36 30
4294 24 33 35 29 102 49 26 33 32 20 36 30
4295 24 38 38 24 69 77 22 23 32 6 36 30
4296 24 43 37 26 55 94 29 31 25 31 36 30
4297 24 39 43 28 126 58 26 32 30 15 36 30
4298 23 27 22 18 68 9 25 25 33 17 36 30
4299 24 27 29 32 92 1 26 47 24 18 36 30
4300 23 27 14 32 208 8 24 42 28 32 36 30
4301 24 35 26 17 89 13 21 20 23 15 36 30
4302 24 36 36 16 95 1 68 30 36 1 36 30
4303 24 39 34 16 140 1 24 41 32 37 36 30
4304 24 20 1 22 59 11 22 18 24 19 36 30
4305 24 29 25 16 155 4 25 31 30 19 36 30
4306 23 24 28 42 47 21 21 35 34 33 36 30
4307 24 36 36 26 131 23 17 30 26 15 36 30
4308 24 30 22 19 110 30 30 24 31 6 36 30
4309 24 36 30 25 57 53 28 19 26 7 36 30
4310 24 36 35 27 50 86 28 26 33 26 36 30
4311 24 35 29 35 91 72 24 1 36 23 36 30
4312 24 26 4 13 73 10 30 27 32 16 36 30
4313 23 26 16 29 71 78 25 43 24 14 36 30
4314 24 34 29 38 83 1 23 48 26 33 36 30
4315 24 31 23 32 654 76 21 26 28 1 36 30
4316 24 33 27 31 57 1 24 29 27 34 36 30
4317 24 31 26 28 63 23 25 32 34 27 36 30
4318 24 38 37 32 83 47 26 27 36 23 36 30
4319 24 32 19 25 117 32 26 48 30 32 36 30
4320 24 29 30 23 66 1 25 30 31 15 36 30
4321 24 33 30 33 139 53 24 43 27 27 36 30
4322 24 25 17 35 86 93 26 36 31 12 36 30
4323 23 31 29 35 87 1 27 32 35 35 36 29
4324 24 35 32 24 60 1 22 15 18 14 36 30
4325 23 29 11 18 99 1 25 28 32 10 36 30
4326 24 37 43 36 130 92 28 23 42 23 36 30
4327 23 35 49 47 104 76 24 27 27 40 36 30
4328 24 35 28 38 91 1 22 31 35 34 36 30
4329 24 30 19 25 50 5 26 32 25 29 36 30
4330 24 29 19 23 119 33 24 33 29 21 36 30
4331 24 41 25 19 146 14 25 25 32 12 36 30
4332 24 47 43 13 113 84 22 25 25 34 36 30
4333 23 24 13 28 63 1 24 16 28 14 36 30
4334 24 34 35 39 94 38 17 37 30 42 36 30
4335 24 25 21 42 110 3 20 13 30 14 36 30
4336 24 34 28 11 62 51 26 33 33 20 36 30
4337 24 34 35 40 82 1 23 35 30 29 36 30
4338 24 37 32 39 53 11 19 32 27 33 36 30
4339 23 28 16 39 415 95 22 27 22 14 36 30
4340 24 29 31 22 215 10 21 30 27 14 36 30
4341 24 33 36 21 134 81 24 17 29 4 36 30
4342 24 38 37 25 131 9 23 35 27 32 36 30
4343 24 43 49 24 139 1 19 24 27 15 36 30
4344 24 26 28 38 72 1 19 23 29 25 36 30
4345 23 23 20 30 62 10 27 19 26 7 36 30
4346 24 36 48 49 90 120 32 30 26 19 36 30
4347 24 33 33 23 66 18 24 27 26 11 36 30
4348 24 35 28 22 550 1 33 26 31 27 36 30
4349 24 37 30 15 77 26 23 37 29 28 36 30
4350 24 32 29 35 145 1 25 28 20 27 36 30
4351 24 36 36 26 139 34 27 28 33 24 36 30
4352 24 30 27 32 80 62 29 48 31 27 36 30
4353 23 35 26 12 183 11 20 21 25 6 36 30
4354 24 33 34 35 163 1 25 32 30 19 36 30
4355 24 39 36 41 88 38 26 32 23 35 36 30
4356 23 32 36 36 160 1 26 34 26 13 36 30
4357 24 33 33 38 101 57 22 40 28 31 36 30
4358 24 45 53 32 136 38 24 22 33 32 36 30
4359 24 42 40 3 167 1 24 27 29 19 36 30
4360 24 41 40 29 135 25 25 39 39 32 36 30
4361 24 33 28 21 128 60 24 26 30 20 36 30
4362 24 29 14 21 58 1 26 30 26 24 36 29
4363 24 41 37 33 261 1 25 32 27 16 36 30
4364 24 30 26 23 84 71 24 50 27 21 36 30
4365 23 29 29 35 84 23 26 33 23 33 36 29
4366 24 31 30 24 87 33 20 11 33 26 36 30
4367 24 37 45 26 58 1 21 26 29 29 36 30
4368 24 42 46 31 95 67 24 50 26 36 36 30
4369 24 36 28 22 110 24 25 23 33 15 36 30
4370 24 24 18 33 95 81 22 31 21 1 36 30
4371 24 31 19 15 89 32 27 19 29 6 36 30
4372 24 39 39 20 118 21 25 42 32 27 36 30
4373 24 35 32 15 137 1 21 24 29 7 36 30
4374 24 36 40 30 306 1 18 20 26 25 36 30
4375 24 35 48 47 177 51 27 31 27 25 36 30
4376 24 38 35 20 142 23 25 35 32 20 36 30
4377 24 36 31 23 151 15 21 35 29 31 36 30
4378 24 36 40 29 85 33 23 32 25 25 36 30
4379 24 32 22 27 105 42 26 9 36 32 36 30
4380 24 36 38 19 85 96 22 23 30 7 36 30
4381 24 44 50 28 114 40 30 28 37 21 36 30
4382 24 40 39 32 109 94 20 19 26 21 36 30
4383 24 36 20 10 134 2 28 43 32 29 36 30
4384 24 35 40 29 62 64 24 22 31 17 36 30
4385 23 21 1 7 177 1 26 23 28 6 36 30
4386 23 23 14 37 127 26 25 25 28 14 36 30
4387 23 35 35 24 104 1 26 25 32 29 36 29
4388 23 40 37 23 120 54 23 29 24 17 36 30
4389 24 29 27 29 59 4 21 27 22 20 36 30
4390 24 33 30 15 178 1 25 21 28 11 36 30
4391 24 37 36 37 58 1 27 38 26 29 36 30
4392 24 31 28 19 239 42 27 3 32 21 36 30
4393 24 27 13 20 80 28 29 35 23 22 36 30
4394 24 39 47 16 188 5 23 26 30 14 36 30
4395 24 38 41 25 121 90 26 28 30 17 36 30
4396 24 29 34 45 149 43 27 31 42 29 36 30
4397 24 31 28 26 95 57 21 39 30 19 36 30
4398 24 45 39 15 78 1 22 24 20 28 36 30
4399 24 43 51 36 185 1 26 1 42 29 36 30
4400 24 37 35 31 67 29 23 1 37 23 36 30
4401 24 35 40 35 121 15 21 37 33 35 36 30
4402 24 29 19 27 68 1 37 23 34 17 36 30
4403 24 33 35 25 153 70 23 25 29 14 36 30
4404 24 36 31 21 116 1 22 25 36 14 36 30
4405 24 29 24 33 74 78 26 29 38 25 36 30
4406 24 30 27 42 83 13 23 1 23 17 36 30
4407 24 33 25 19 131 15 30 21 29 11 36 30
4408 24 34 37 26 69 1 26 20 38 26 36 30
4409 24 30 25 26 122 1 26 23 27 11 36 30
4410 24 27 15 40 95 49 24 26 32 21 36 30
4411 24 30 32 23 97 97 21 31 32 9 36 30
4412 24 42 29 11 91 16 26 34 36 34 36 30
4413 24 34 38 25 84 1 26 35 33 30 36 30
4414 24 36 32 31 115 40 23 33 30 20 36 30
4415 24 28 21 25 76 89 23 26 26 10 35 30
4416 24 41 46 29 70 126 31 24 29 13 36 30
4417 24 36 32 12 69 1 23 27 30 8 36 30
4418 24 35 38 41 62 1 21 33 27 27 36 30
4419 24 39 38 26 59 1 20 30 26 17 36 30
4420 23 23 12 26 77 37 28 27 24 18 36 30
4421 24 30 31 34 59 24 24 19 30 10 36 30
4422 24 27 25 34 82 1 32 38 35 25 36 30
4423 24 24 23 44 129 36 28 46 39 17 36 30
4424 24 34 30 14 173 45 24 20 26 13 36 30
4425 24 30 22 16 54 24 24 40 32 18 36 30
4426 24 36 30 25 86 81 21 23 25 20 36 30
4427 23 29 20 36 150 4 28 35 31 29 36 30
4428 24 30 33 40 84 26 24 28 29 12 36 30
4429 24 29 14 23 77 1 27 29 33 31 36 30
4430 24 33 31 31 60 40 22 33 31 21 36 30
4431 23 37 32 41 84 86 22 33 24 26 36 30
4432 24 32 24 10 102 1 18 21 20 11 36 30
4433 24 31 31 27 108 20 27 30 32 17 36 30
4434 24 29 25 38 64 82 22 22 35 22 36 30
4435 24 43 38 11 227 24 27 27 30 29 36 30
4436 24 38 32 19 98 1 27 22 25 26 36 30
4437 24 53 66 28 87 97 26 31 29 40 36 30
4438 24 29 12 21 58 5 25 22 29 11 36 30
4439 24 37 32 30 85 25 24 28 30 35 36 30
4440 24 38 30 28 151 23 24 37 26 36 36 30
4441 24 31 31 21 89 7 27 21 30 25 36 30
4442 24 37 34 23 91 7 28 26 25 19 36 30
4443 24 29 13 20 181 1 23 27 33 3 36 30
4444 24 43 40 30 83 36 26 28 27 30 36 30
4445 24 44 28 10 49 14 22 42 27 32 36 30
4446 24 40 39 33 68 56 31 30 32 41 36 30
4447 24 31 25 24 118 1 27 35 34 21 36 30
4448 24 47 41 16 68 1 26 29 42 37 36 30
4449 23 31 22 32 158 1 25 34 23 21 36 30
4450 24 42 42 23 151 124 23 25 33 20 36 30
4451 24 39 46 21 151 102 24 29 32 16 36 30
4452 24 35 38 47 198 1 25 6 30 27 36 30
4453 24 27 24 26 127 54 22 28 30 11 36 30
4454 24 24 26 46 55 70 25 44 26 23 35 30
4455 24 35 35 28 110 1 25 49 24 16 36 30
4456 24 37 32 26 59 81 24 30 33 18 36 30
4457 24 25 16 23 153 3 25 25 27 19 36 30
4458 23 25 31 46 152 1 27 34 34 7 36 30
4459 24 37 35 37 68 13 26 36 28 32 36 30
4460 24 24 11 34 76 29 23 38 26 31 36 30
4461 24 39 36 22 59 46 28 37 34 24 36 30
4462 24 38 42 22 154 100 30 22 32 9 36 30
4463 24 45 42 20 270 1 24 1 33 25 36 30
4464 24 36 39 33 124 47 25 28 36 31 36 30
4465 24 41 46 35 90 60 26 33 33 33 36 30
4466 24 37 26 12 61 9 18 26 24 13 36 30
4467 24 27 17 31 100 1 25 25 41 22 36 30
4468 24 43 41 32 48 23 26 22 29 32 36 30
4469 24 38 34 10 107 7 25 29 25 19 36 30
4470 24 29 24 23 95 26 24 27 30 25 36 30
4471 24 31 29 19 92 82 29 24 29 11 36 30
4472 24 39 43 27 117 21 31 22 35 24 36 30
4473 24 34 37 30 127 18 27 29 21 22 36 30
4474 24 35 33 28 105 24 23 32 27 24 36 30
4475 24 31 25 32 94 91 26 39 34 18 36 30
4476 24 39 37 24 60 35 21 23 27 31 36 30
4477 24 29 30 19 84 1 26 33 32 12 36 30
4478 24 34 34 31 426 1 26 25 31 11 36 30
4479 24 32 25 20 59 1 28 45 37 30 36 30
4480 24 34 31 29 73 1 26 28 22 27 36 30
4481 24 32 30 26 65 16 26 27 28 20 36 30
4482 24 39 41 28 101 35 23 23 26 2 36 30
4483 24 28 25 32 94 1 24 30 32 26 36 30
4484 24 32 33 39 210 71 25 31 24 20 36 30
4485 24 34 29 15 90 24 29 39 28 20 36 30
4486 23 33 25 37 130 1 33 27 38 28 36 30
4487 24 35 27 17 50 17 23 30 29 26 36 30
4488 24 27 21 27 210 19 26 1 36 11 36 30
4489 24 30 29 25 188 1 24 32 30 25 36 30
4490 24 45 44 17 86 71 22 38 17 25 36 30
4491 24 36 31 34 175 1 29 28 30 36 36 30
4492 24 33 28 20 107 1 23 31 31 27 36 30
4493 24 43 47 17 113 1 22 18 22 15 36 30
4494 24 40 42 25 99 4 25 24 27 23 36 30
4495 24 33 28 40 125 31 27 31 25 38 36 30
4496 24 40 43 22 95 49 29 31 30 27 36 30
4497 24 36 34 41 85 1 23 39 27 28 36 30
4498 24 40 41 34 122 32 25 41 38 38 36 30
4499 24 42 46 44 72 13 25 33 35 36 36 30
4500 24 38 44 25 107 49 19 28 29 10 36 30
4501 24 45 39 20 114 44 29 27 27 25 36 30
4502 24 32 25 11 87 1 22 26 28 1 36 30
4503 24 25 16 43 180 34 23 23 35 24 36 30
4504 24 33 36 39 100 109 26 30 32 33 36 30
4505 24 33 23 17 132 1 27 25 26 26 36 30
4506 23 23 12 38 100 45 24 20 28 9 36 30
4507 24 42 35 6 128 9 25 27 27 8 36 30
4508 24 48 50 19 70 133 23 21 31 26 36 30
4509 24 33 36 29 83 1 20 36 31 28 36 30
4510 23 18 1 29 56 1 22 29 26 9 36 30
4511 23 22 1 18 179 1 18 18 31 2 36 30
4512 24 21 7 36 101 2 24 35 28 10 36 30
4513 24 32 43 30 153 69 23 3 34 21 36 30
4514 23 19 7 41 107 71 21 34 23 8 36 30
4515 24 37 46 26 92 43 30 17 36 33 36 30
4516 24 46 47 13 104 28 24 44 17 25 36 30
4517 24 27 27 44 63 18 24 22 30 18 36 30
4518 24 38 34 20 95 18 20 28 28 14 36 30
4519 24 32 35 22 70 43 19 18 29 5 36 30
4520 24 29 23 25 67 59 30 31 30 1 36 30
4521 24 35 28 19 59 4 23 26 32 16 36 30
4522 24 37 41 29 119 76 19 29 23 1 36 30
4523 24 42 46 24 86 16 27 36 36 40 36 30
4524 24 34 24 29 54 17 25 25 34 36 36 30
4525 23 20 7 35 59 51 24 21 31 20 36 30
4526 24 34 24 30 53 90 25 54 33 25 36 30
4527 24 32 28 16 160 1 23 29 26 1 36 30
4528 24 37 32 10 88 74 24 23 26 1 36 30
4529 24 46 51 27 105 1 22 23 29 21 36 30
4530 24 33 39 42 133 62 24 24 26 21 36 30
4531 24 32 27 37 120 1 24 30 37 40 36 30
4532 23 22 16 34 53 57 23 44 19 22 36 30
4533 24 33 36 29 128 53 23 22 29 2 36 30
4534 23 24 24 27 213 1 24 1 25 8 35 30
4535 24 36 39 23 149 1 17 25 28 6 36 30
4536 24 37 32 38 111 1 27 41 31 46 36 30
4537 24 44 35 15 257 26 28 23 27 26 36 30
4538 24 39 42 37 96 43 26 57 36 32 36 30
4539 24 34 33 36 59 1 25 32 31 37 36 30
4540 24 38 30 25 53 43 29 30 27 20 36 30
4541 24 27 14 21 64 12 26 32 35 12 36 30
4542 24 30 21 18 58 1 23 33 25 33 36 30
4543 24 35 43 31 71 1 27 21 32 22 36 30
4544 23 23 13 13 83 1 24 17 29 14 36 30
4545 24 33 42 42 99 74 22 31 29 15 36 30
4546 24 38 44 25 125 82 27 29 30 13 36 30
4547 24 34 31 35 53 66 20 29 24 31 36 30
4548 24 35 39 36 102 43 25 22 30 17 36 30
4549 24 31 27 30 131 20 23 28 32 19 36 30
4550 24 34 23 20 144 1 24 25 27 20 36 30
4551 24 32 27 25 119 14 23 30 24 12 36 30
4552 24 26 15 21 103 1 24 28 30 16 36 30
4553 24 49 63 40 122 22 24 37 26 33 36 30
4554 24 37 37 43 46 50 26 36 25 48 36 30
4555 24 36 26 15 54 24 27 30 27 14 36 30
4556 24 38 42 25 134 80 24 30 31 15 36 30
4557 24 26 22 37 57 31 24 32 29 36 36 30
4558 24 26 31 41 77 10 26 22 30 19 36 30
4559 24 29 18 22 115 1 27 19 28 13 35 30
4560 24 38 39 31 105 69 27 19 27 5 36 30
4561 24 30 31 26 68 10 22 36 24 5 36 30
4562 23 27 22 34 89 1 21 32 25 25 35 29
4563 24 39 40 24 95 108 25 31 32 14 36 30
4564 24 40 41 20 80 66 21 33 31 10 36 30
4565 24 40 48 28 120 82 19 10 22 15 36 30
4566 24 34 30 31 86 1 22 40 34 14 36 30
4567 24 29 26 18 80 1 25 17 28 15 36 30
4568 24 27 22 32 54 20 28 27 25 20 36 30
4569 24 33 32 22 169 53 24 19 27 3 36 30
4570 24 39 44 24 98 28 24 31 28 10 36 30
4571 24 39 37 29 52 66 24 32 36 44 36 30
4572 23 35 34 20 66 54 19 32 28 8 36 30
4573 24 35 47 51 86 44 25 1 32 7 36 30
4574 24 32 34 45 57 106 23 19 33 19 36 30
4575 24 43 55 37 89 58 21 18 19 23 36 30
4576 23 25 13 27 78 10 25 22 26 12 36 30
4577 24 31 33 38 53 7 27 31 34 39 36 30
4578 24 42 31 20 150 43 19 23 32 38 36 30
4579 24 39 31 23 207 25 22 33 31 29 36 30
4580 24 25 21 30 116 67 26 33 33 20 35 30
4581 24 34 36 39 76 1 24 31 26 35 36 30
4582 24 29 26 16 91 1 29 15 34 9 36 30
4583 24 36 32 30 173 43 25 29 34 32 36 30
4584 24 25 19 11 82 66 25 30 30 2 36 30
4585 24 38 46 31 69 1 20 27 27 18 36 30
4586 24 31 17 31 98 15 20 29 30 47 36 30
4587 24 33 32 29 74 8 19 27 23 10 36 30
4588 24 38 43 21 94 1 21 31 28 14 36 30
4589 24 33 26 23 58 1 24 30 32 30 36 30
4590 24 30 33 20 108 2 22 40 26 26 36 30
4591 24 41 46 31 79 54 21 22 32 37 36 30
4592 23 21 6 24 85 2 20 18 29 1 36 29
4593 24 44 45 32 220 83 26 26 33 27 36 30
4594 24 30 31 31 86 73 27 39 37 30 36 30
4595 24 34 31 32 95 21 24 37 30 24 36 30
4596 24 32 31 38 167 1 33 39 29 31 36 30
4597 24 36 26 22 60 18 26 31 33 24 36 30
4598 24 27 22 35 49 1 24 38 26 32 36 30
4599 24 32 31 39 50 63 22 26 31 33 36 30
4600 23 26 9 27 45 25 27 36 35 26 36 30
4601 24 34 37 46 134 68 29 1 37 32 36 30
4602 24 31 27 42 111 39 26 28 26 11 36 30
4603 24 40 43 36 92 49 27 30 33 37 36 30
4604 23 31 34 28 136 50 26 25 29 5 36 30
4605 24 32 27 31 109 1 15 33 32 25 36 30
4606 24 29 24 25 60 1 30 35 35 22 36 30
4607 24 34 32 36 130 71 26 28 35 19 36 30
4608 24 34 34 36 302 1 23 23 24 23 36 30
4609 24 34 38 24 71 1 27 28 30 9 36 30
4610 24 31 26 35 94 2 27 18 28 31 36 30
4611 24 30 22 26 94 1 22 59 30 26 36 30
4612 24 32 23 25 61 1 29 36 33 39 36 30
4613 24 33 15 19 115 61 19 17 22 18 36 30
4614 24 28 29 26 98 1 23 27 26 25 35 30
4615 24 42 40 34 73 1 24 24 22 29 36 30
4616 24 27 14 31 56 24 20 21 27 15 36 30
4617 24 42 45 33 111 1 30 30 34 39 36 30
4618 24 31 29 39 82 1 22 31 23 36 36 30
4619 24 43 47 27 98 1 25 26 27 18 36 30
4620 24 27 26 37 98 6 24 40 23 20 36 30
4621 24 44 45 27 124 18 23 24 29 25 36 30
4622 24 33 36 31 154 36 32 23 36 19 36 30
4623 24 31 35 31 77 99 22 27 30 5 36 30
4624 24 33 37 25 99 14 20 31 24 10 36 30
4625 24 30 28 30 96 1 24 31 31 22 36 30
4626 24 30 24 28 66 31 27 31 30 27 36 30
4627 24 39 42 18 93 1 25 27 35 32 36 30
4628 24 37 42 32 87 1 25 28 33 25 36 30
4629 24 33 37 38 96 55 21 29 34 29 36 30
4630 24 34 26 19 90 1 24 34 36 19 36 30
4631 24 33 29 35 76 2 28 29 27 31 36 30
4632 24 32 21 16 152 25 23 23 26 1 36 30
4633 24 33 37 40 169 25 28 23 36 28 36 30
4634 24 36 40 40 108 1 24 37 22 38 36 30
4635 24 47 51 24 147 1 31 31 35 35 36 30
4636 24 33 37 48 62 56 22 44 32 38 36 30
4637 24 29 21 25 96 34 25 31 30 26 36 30
4638 24 39 42 23 95 25 26 52 34 31 36 30
4639 24 30 14 21 67 29 23 27 20 19 36 30
4640 23 26 10 16 88 1 22 18 30 2 36 30
4641 24 39 45 45 97 33 24 34 30 37 36 30
4642 24 33 28 34 127 32 24 34 20 21 36 30
4643 23 37 33 33 52 41 24 30 31 33 36 30
4644 24 41 39 34 58 1 18 32 27 31 36 30
4645 24 32 21 26 121 1 25 36 21 25 36 30
4646 24 34 38 18 66 75 25 23 29 3 36 30
4647 24 32 32 29 160 71 22 25 23 12 36 30
4648 24 34 33 36 91 1 29 33 32 38 36 30
4649 24 41 44 28 252 1 27 22 30 28 36 30
4650 24 32 34 35 97 45 20 24 26 19 36 30
4651 24 34 23 13 63 1 27 24 35 20 36 30
4652 24 27 21 33 56 40 28 21 31 26 36 30
4653 24 40 41 19 112 1 23 24 24 13 36 30
4654 24 32 25 23 57 1 24 25 37 24 36 30
4655 24 30 23 11 86 62 23 29 32 14 36 30
4656 23 26 13 21 101 1 23 29 32 1 36 29
4657 24 36 36 21 150 1 29 40 30 23 36 30
4658 24 34 33 33 100 59 29 19 30 17 36 30
4659 23 38 39 27 78 1 27 24 25 30 36 30
4660 23 38 40 39 80 1 28 32 25 35 36 30
4661 24 34 21 15 88 52 25 30 33 19 36 30
4662 24 35 34 39 140 92 33 20 26 22 36 30
4663 24 34 22 11 67 1 25 21 28 9 36 30
4664 24 25 20 40 61 1 27 1 28 8 36 30
4665 24 33 29 25 314 45 24 1 28 19 36 30
4666 23 32 22 28 94 1 19 31 27 31 36 30
4667 23 25 14 28 229 15 30 23 39 19 35 30
4668 23 36 31 34 104 14 28 26 27 26 36 30
4669 23 40 36 20 53 13 25 50 35 41 36 30
4670 24 21 12 37 164 1 29 37 34 15 36 30
4671 24 38 38 22 97 106 29 36 33 12 36 30
4672 23 36 30 29 92 1 25 37 24 32 36 30
4673 24 25 14 35 109 21 23 25 25 10 36 30
4674 24 43 45 33 50 1 23 34 29 34 36 30
4675 23 32 28 25 132 7 25 35 28 21 36 30
4676 24 35 33 28 73 20 27 25 32 32 36 30
4677 24 43 49 25 85 70 23 44 22 24 36 30
4678 24 33 30 13 107 16 22 23 32 7 36 30
4679 23 33 29 19 300 1 25 36 30 18 36 30
4680 24 31 32 30 111 1 21 27 28 27 36 30
4681 23 28 28 26 112 117 24 28 29 11 36 30
4682 24 30 26 18 106 31 20 18 29 15 36 30
4683 24 34 37 37 157 82 24 30 30 19 36 30
4684 24 40 40 25 97 51 24 34 27 26 36 30
4685 24 38 39 42 94 1 24 41 30 33 36 30
4686 24 44 41 7 103 55 30 33 42 26 36 30
4687 24 27 26 41 90 43 25 22 30 22 36 30
4688 24 34 22 29 171 34 27 22 38 23 36 30
4689 24 37 24 4 86 5 24 17 28 15 36 30
4690 23 33 32 29 58 75 26 39 37 31 36 30
4691 23 28 21 28 161 1 26 31 18 18 36 30
4692 24 22 19 31 78 29 24 24 25 16 36 30
4693 24 24 19 28 66 33 21 22 29 17 36 30
4694 24 30 22 24 72 1 30 29 27 17 36 30
4695 24 36 38 35 77 85 20 29 31 28 36 30
4696 24 29 31 31 252 63 25 1 34 16 36 30
4697 24 20 8 21 61 1 22 27 29 17 36 30
4698 24 30 15 19 374 28 25 23 32 20 36 30
4699 23 31 38 27 132 65 26 24 35 14 35 29
4700 24 26 16 29 102 1 24 32 31 23 36 30
4701 24 42 42 25 90 1 20 21 25 27 36 30
4702 24 36 40 23 56 1 20 18 22 20 35 30
4703 24 39 39 40 126 29 28 28 36 37 36 30
4704 24 33 34 34 126 1 26 21 23 9 36 30
4705 24 30 26 32 76 26 27 26 29 21 36 30
4706 24 27 22 38 60 1 22 29 26 26 36 30
4707 24 39 34 25 98 11 21 20 28 25 36 30
4708 24 27 30 33 78 1 26 44 24 12 36 30
4709 24 26 11 19 53 1 29 20 23 10 36 30
4710 24 29 28 29 55 8 23 52 27 15 36 30
4711 24 37 30 29 154 40 21 31 24 20 36 30
4712 24 30 35 42 97 39 20 33 25 16 36 30
4713 24 35 43 38 60 23 33 32 29 25 36 30
4714 23 37 38 27 87 26 25 36 23 32 36 30
4715 24 36 27 13 153 29 33 29 30 31 36 30
4716 24 31 36 34 332 79 25 27 31 23 36 30
4717 24 34 33 29 100 69 23 21 28 15 36 30
4718 24 29 21 28 154 12 31 28 33 25 36 30
4719 24 27 21 40 38 6 25 27 26 33 36 30
4720 24 33 25 17 100 1 23 18 33 20 36 30
4721 24 33 32 20 220 79 23 34 32 16 36 30
4722 24 43 41 29 102 1 21 43 28 28 36 30
4723 24 34 35 20 99 87 25 29 31 15 36 30
4724 24 43 52 29 143 8 23 28 24 25 36 30
4725 24 32 30 31 61 23 21 31 21 13 36 30
4726 24 25 14 34 54 1 24 30 34 12 36 30
4727 24 41 39 20 58 8 24 1 29 13 36 30
4728 24 37 33 20 97 51 29 27 32 25 36 30
4729 24 26 17 25 85 51 20 52 27 13 36 30
4730 24 42 43 33 71 43 27 33 26 34 36 30
4731 24 28 19 40 69 1 24 32 26 25 36 30
4732 24 32 40 42 97 26 27 32 13 15 36 30
4733 24 33 26 36 149 32 27 32 26 24 36 30
4734 24 29 24 30 71 7 21 21 18 20 36 30
4735 24 26 16 24 91 1 24 1 32 25 35 30
4736 24 35 40 29 85 1 28 31 36 9 36 30
4737 24 34 22 13 108 8 27 30 32 14 36 30
4738 24 34 33 26 132 59 25 32 27 13 36 30
4739 24 39 39 35 181 2 27 33 33 36 36 30
4740 24 37 37 27 122 36 27 33 26 24 36 30
4741 24 40 41 27 115 1 18 40 22 31 36 30
4742 24 36 27 24 128 88 26 27 24 9 36 30
4743 24 27 26 31 104 1 22 26 29 17 36 30
4744 24 38 45 35 66 65 21 24 30 21 36 30
4745 24 24 27 34 59 27 23 40 25 25 36 30
4746 24 34 32 40 93 11 23 31 30 36 36 30
4747 24 29 31 36 180 4 27 20 36 18 36 30
4748 24 35 38 27 94 84 21 35 31 9 36 30
4749 24 40 50 31 65 61 24 35 29 27 36 30
4750 24 34 27 29 61 1 19 28 22 31 36 30
4751 24 36 44 36 70 109 31 28 35 25 36 30
4752 24 33 19 21 119 38 18 25 24 12 36 30
4753 23 21 1 18 75 1 24 22 30 16 36 30
4754 24 51 57 15 99 73 26 32 31 20 36 30
4755 24 31 24 26 69 26 22 27 20 24 36 30
4756 24 41 53 37 79 82 26 30 33 28 36 30
4757 24 31 29 29 143 1 26 34 26 34 36 30
4758 24 31 29 38 177 17 28 43 22 30 36 30
4759 24 36 32 33 98 1 45 32 27 32 36 30
4760 24 35 25 19 107 1 30 35 34 28 36 30
4761 24 34 37 45 88 1 27 28 32 27 36 30
4762 24 44 37 24 150 51 28 22 33 37 36 30
4763 24 51 53 23 164 31 22 27 28 36 36 30
4764 24 30 20 30 94 5 25 34 27 24 36 30
4765 24 28 25 23 78 16 19 33 33 1 36 30
4766 24 34 32 34 69 45 20 33 22 25 36 30
4767 24 35 39 25 154 43 23 22 33 15 36 30
4768 24 39 36 25 132 51 25 25 28 31 36 30
4769 24 37 35 38 54 44 24 31 36 38 36 30
4770 24 30 23 20 60 82 22 28 33 14 36 30
4771 24 36 22 13 114 13 18 30 29 21 36 30
4772 24 29 24 22 121 1 25 26 26 24 35 30
4773 24 44 43 26 62 66 21 27 25 28 36 30
4774 24 31 30 20 114 21 25 19 30 1 36 30
4775 24 35 31 21 128 70 25 28 23 2 36 30
4776 23 33 34 26 97 18 23 25 31 7 36 30
4777 24 33 28 13 159 10 24 25 26 10 36 30
4778 24 34 28 18 76 4 22 25 31 6 36 30
4779 24 37 39 36 85 29 26 36 31 36 36 30
4780 24 33 36 38 85 67 25 36 34 29 36 30
4781 24 32 28 34 60 1 22 34 29 21 36 30
4782 24 35 39 29 81 48 26 32 30 18 36 30
4783 24 38 43 47 173 40 24 29 29 42 36 30
4784 24 38 38 28 65 58 19 25 29 14 36 30
4785 24 35 43 26 70 61 24 28 31 16 36 30
4786 24 28 25 39 118 1 27 35 27 23 36 30
4787 24 37 42 34 98 1 21 26 24 29 36 30
4788 23 32 22 32 96 1 25 36 28 21 36 30
4789 24 29 17 24 73 63 26 31 24 33 36 30
4790 24 46 54 21 74 14 26 32 27 32 36 30
4791 24 29 31 22 362 7 23 29 25 2 36 30
4792 24 39 43 18 86 1 27 48 34 32 36 30
4793 24 34 35 28 57 31 25 35 30 22 36 30
4794 24 40 36 31 52 32 26 16 45 38 36 30
4795 24 37 37 31 89 1 25 33 30 39 36 30
4796 24 45 52 27 133 1 23 31 34 31 36 30
4797 24 158 273 312 761 1 34 43 191 65 36 30
4798 24 28 26 29 58 71 25 24 30 21 36 30
4799 24 38 39 29 70 32 22 27 32 24 36 30
4800 24 36 39 29 73 35 27 20 22 23 36 30
4801 24 41 48 19 110 1 22 25 35 36 36 30
4802 24 39 40 34 50 37 35 28 36 46 36 30
4803 24 39 43 31 105 64 28 29 31 29 36 30
4804 24 40 40 32 86 78 25 27 26 31 36 30
4805 24 34 19 17 135 1 29 13 32 15 36 30
4806 24 33 25 25 148 66 22 31 29 23 36 30
4807 24 51 60 24 111 32 29 30 34 39 36 30
4808 24 20 12 41 94 10 24 27 33 9 36 30
4809 24 37 40 41 113 14 26 32 36 33 36 30
4810 24 42 49 29 106 88 27 25 27 26 36 30
4811 24 33 40 42 132 47 30 38 34 32 36 30
4812 24 29 23 19 366 51 24 25 31 3 36 30
4813 24 35 36 19 86 55 26 27 28 23 36 30
4814 24 45 51 25 63 29 26 22 33 34 36 30
4815 24 27 33 39 94 60 23 24 32 18 36 30
4816 24 37 34 21 108 35 27 32 32 23 36 30
4817 24 39 36 22 93 11 22 29 27 22 36 30
4818 24 35 32 14 66 1 24 35 29 21 36 30
4819 24 37 32 24 141 36 23 36 32 40 36 30
4820 24 32 26 29 163 26 28 34 27 9 36 30
4821 24 40 47 33 119 32 28 35 30 29 36 30
4822 24 31 33 36 105 55 32 24 39 22 36 30
4823 24 35 38 23 73 1 23 30 31 15 36 30
4824 24 27 23 20 116 38 22 19 28 1 36 30
4825 24 31 27 22 56 69 24 33 27 1 36 30
4826 24 30 29 24 82 25 24 21 27 1 36 30
4827 24 32 18 19 108 1 26 26 31 15 36 30
4828 24 33 32 29 118 8 24 33 27 23 36 30
4829 24 26 27 32 85 1 20 29 29 15 36 30
4830 24 36 36 24 56 42 24 1 37 26 36 30
4831 24 35 42 43 78 1 23 39 32 40 36 30
4832 24 41 44 41 143 1 26 42 37 46 36 30
4833 24 30 21 36 72 5 30 31 37 24 36 30
4834 24 38 41 15 184 1 22 21 27 19 36 30
4835 24 52 58 24 87 47 26 42 29 35 36 30
4836 24 39 39 32 74 38 27 29 32 29 36 30
4837 24 29 20 26 55 8 25 26 29 25 36 30
4838 24 33 38 41 194 1 24 28 33 35 36 30
4839 24 33 34 37 84 79 26 31 23 27 36 30
4840 24 49 54 11 214 29 24 33 34 17 36 30
4841 24 38 41 25 99 64 27 31 28 24 36 30
4842 23 29 26 43 406 82 24 26 26 28 36 30
4843 24 47 68 36 138 32 26 30 37 27 36 30
4844 24 40 39 35 93 1 21 33 35 43 36 30
4845 24 36 38 30 117 1 26 18 23 10 36 30
4846 24 40 43 29 76 20 25 34 26 13 36 30
4847 24 36 41 30 88 68 26 28 27 18 36 30
4848 24 39 43 30 53 14 27 33 36 44 36 30
4849 24 35 26 21 102 1 22 28 33 32 36 30
4850 24 22 12 34 129 1 20 26 28 33 36 30
4851 24 41 48 26 141 1 28 21 28 22 36 30
4852 24 48 59 21 114 27 29 32 30 31 36 30
4853 24 36 31 22 82 126 26 28 28 16 36 30
4854 24 43 40 17 64 78 27 32 30 12 36 30
4855 24 37 45 30 115 92 23 33 26 12 36 30
4856 23 29 13 20 51 12 27 27 32 19 36 30
4857 24 30 24 18 161 1 25 22 27 11 36 30
4858 24 33 21 19 154 18 24 39 25 20 36 30
4859 24 29 19 15 93 69 20 23 29 4 36 30
4860 24 38 35 13 163 16 24 25 26 28 36 30
4861 24 39 35 9 71 1 26 24 26 19 36 30
4862 24 37 42 27 140 1 22 23 29 19 36 30
4863 24 41 47 35 75 108 25 16 37 15 36 30
4864 24 29 19 25 209 45 22 14 27 11 36 30
4865 24 33 23 24 79 1 28 35 34 34 36 30
4866 24 35 30 20 59 1 27 5 37 27 36 30
4867 24 46 42 23 101 81 24 32 29 25 36 30
4868 24 34 27 26 111 29 27 34 37 28 36 30
4869 24 34 29 30 304 30 26 41 26 32 36 30
4870 24 29 23 15 267 1 19 24 26 15 36 30
4871 24 33 24 25 97 1 23 19 39 13 36 30
4872 24 31 34 22 85 1 31 33 32 16 36 30
4873 24 32 26 17 127 64 26 24 27 1 36 30
4874 24 38 42 47 73 80 21 38 30 31 36 30
4875 24 31 42 35 65 1 22 47 28 21 36 30
4876 24 37 39 33 141 65 28 33 36 26 35 29
4877 24 36 24 17 168 32 21 36 36 32 36 30
4878 24 36 32 30 224 11 24 21 28 19 36 30
4879 24 44 46 35 82 75 25 28 36 37 36 30
4880 24 41 44 29 115 49 27 27 32 17 36 30
4881 24 27 21 30 137 1 30 22 27 14 36 30
4882 24 29 20 30 81 3 25 27 31 16 36 30
4883 24 37 45 26 107 57 26 24 30 4 36 30
4884 24 37 39 25 143 12 18 31 21 26 36 30
4885 24 33 39 29 167 28 26 28 26 23 36 30
4886 24 31 28 40 73 29 25 32 22 37 36 29
4887 24 39 30 31 40 41 23 21 26 28 36 30
4888 24 26 27 34 190 18 21 84 25 14 36 30
4889 24 42 42 13 150 9 25 23 31 35 36 30
4890 24 47 60 39 64 109 24 39 25 33 37 30
4891 24 32 26 21 65 23 25 25 29 6 36 30
4892 24 29 28 22 131 9 25 33 32 8 36 30
4893 24 29 22 19 101 60 21 30 28 15 36 30
4894 24 36 35 20 221 6 25 29 37 17 36 30
4895 24 38 32 17 106 106 24 26 24 3 36 30
4896 24 25 21 25 56 1 21 41 34 25 35 30
4897 24 32 40 39 138 104 25 23 31 17 36 30
4898 24 37 29 19 83 1 24 30 30 20 36 30
4899 24 36 30 29 65 20 24 31 29 29 36 30
4900 24 39 41 34 75 72 25 41 25 27 36 30
4901 24 30 38 46 98 57 25 40 29 29 36 30
4902 24 33 41 31 103 28 21 40 34 14 36 30
4903 24 26 14 22 62 26 27 34 34 10 36 30
4904 24 44 50 20 78 1 24 21 29 23 36 30
4905 24 29 27 35 70 46 22 33 19 33 36 30
4906 24 29 18 16 317 23 25 20 26 3 36 30
4907 24 43 46 32 147 59 20 27 30 33 36 30
4908 24 26 22 22 143 27 28 41 28 6 36 30
4909 24 34 36 31 146 2 29 28 24 30 36 30
4910 24 36 39 43 139 42 28 30 34 38 36 30
4911 42 63 78 63 164 42 43 51 55 46 60 53
4912 24 41 52 36 169 65 22 33 32 34 36 30
4913 43 60 51 74 244 84 54 54 47 87 61 54
4914 24 30 24 29 145 14 27 23 29 20 36 30
4915 24 32 29 38 388 82 24 40 23 29 36 30
4916 24 36 35 22 131 1 25 23 31 8 36 30
4917 24 43 50 27 71 1 24 30 30 23 36 30
4918 24 36 34 23 65 25 27 27 32 17 36 30
4919 24 32 37 34 58 14 24 45 26 21 36 30
4920 24 38 33 24 112 32 310 33 33 24 36 30
4921 24 39 41 33 129 8 16 31 22 17 36 30
4922 24 26 13 14 90 1 23 39 33 13 36 30
4923 24 34 38 25 103 78 23 29 29 4 36 30
4924 24 32 26 31 133 18 21 26 31 23 36 30
4925 24 34 33 24 335 1 22 33 30 37 36 30
4926 23 34 34 18 137 48 21 22 25 7 36 30
4927 24 26 1 33 118 1 30 23 32 11 36 30
4928 24 39 39 8 102 1 22 17 23 5 36 30
4929 24 33 37 23 133 26 22 28 29 21 36 30
4930 24 39 30 36 72 1 22 38 28 32 36 30
4931 24 44 44 25 112 1 20 19 23 18 36 30
4932 24 32 31 31 159 150 19 39 25 18 36 30
4933 24 31 19 23 76 14 21 39 35 10 36 30
4934 24 26 17 33 73 12 27 18 33 18 36 30
4935 24 34 38 23 141 1 27 28 25 20 36 30
4936 24 33 34 36 134 27 22 31 29 20 36 30
4937 24 42 51 41 123 53 29 11 33 40 36 30
4938 24 31 28 28 63 1 26 29 23 22 36 30
4939 24 32 27 36 56 32 25 42 30 12 36 30
4940 24 44 50 39 60 59 21 23 30 32 36 30
4941 24 33 26 34 72 5 24 36 25 34 36 30
4942 24 32 26 22 117 38 25 22 35 11 36 30
4943 24 32 28 8 112 6 27 29 32 8 36 30
4944 24 43 52 38 162 47 28 42 33 27 36 30
4945 24 36 41 25 86 51 25 22 31 26 36 30
4946 24 40 47 31 122 5 26 35 33 25 36 30
4947 24 38 39 39 65 102 32 38 31 31 36 30
4948 24 39 35 17 269 48 24 33 58 34 36 30
4949 24 44 46 13 79 1 25 25 32 23 36 30
4950 23 33 29 13 70 38 24 28 34 8 35 29
4951 24 35 34 32 108 1 20 29 31 22 36 30
4952 24 29 27 29 130 45 24 1 27 14 36 30
4953 24 30 25 46 81 67 20 33 29 23 36 30
4954 24 30 22 10 110 24 24 33 32 6 36 30
4955 24 28 21 29 129 21 24 1 37 16 36 30
4956 24 27 22 17 123 1 25 45 34 23 36 30
4957 24 29 36 54 57 143 19 22 27 21 36 30
4958 24 33 32 28 92 18 26 18 37 28 36 30
4959 24 34 46 47 102 1 27 31 32 21 36 30
4960 24 30 27 33 100 12 25 47 28 21 36 30
4961 24 33 26 29 68 17 24 36 31 33 36 30
4962 23 22 1 17 83 1 27 20 26 24 36 30
4963 24 30 16 20 100 8 19 22 30 5 36 30
4964 24 33 36 38 105 1 25 39 27 27 36 30
4965 24 39 42 36 92 89 22 40 29 35 36 30
4966 24 24 26 41 85 1 25 31 25 11 36 30
4967 24 37 43 31 165 61 21 25 25 24 36 30
4968 24 31 37 34 128 88 27 29 29 18 36 30
4969 24 37 36 19 65 1 26 28 36 29 36 30
4970 24 28 25 25 83 44 27 24 33 12 36 30
4971 24 36 35 24 89 12 25 21 28 17 36 30
4972 24 39 44 36 107 59 22 23 30 25 36 30
4973 24 29 31 42 164 1 24 33 38 22 36 30
4974 24 33 32 40 66 1 22 30 27 28 36 30
4975 24 34 32 34 72 1 26 24 33 22 36 30
4976 24 35 33 34 46 1 24 34 28 33 36 30
4977 24 43 45 26 53 66 32 20 40 35 36 30
4978 24 34 28 29 138 30 21 32 29 25 36 30
4979 24 23 12 11 74 1 21 36 27 6 36 30
4980 24 43 38 38 159 1 28 23 28 30 36 30
4981 24 41 56 34 93 7 25 28 35 22 36 30
4982 24 39 47 35 66 133 29 33 30 20 36 30
4983 24 36 41 29 235 67 27 25 30 8 36 30
4984 24 33 31 20 68 23 24 27 31 10 36 30
4985 24 29 26 39 191 29 26 35 25 28 36 30
4986 24 45 38 22 95 83 26 24 21 30 36 30
4987 24 41 50 24 127 15 27 35 26 21 36 30
4988 24 29 8 20 158 9 25 39 24 12 36 30
4989 23 25 19 45 117 6 18 2 39 22 36 30
4990 24 30 15 22 127 1 26 33 26 16 36 30
4991 24 31 25 48 166 62 27 24 30 26 36 30
4992 24 39 40 25 95 31 23 42 30 28 36 30
4993 24 38 35 20 76 13 24 27 28 16 36 30
4994 24 28 26 38 106 34 20 36 29 28 36 30
4995 24 30 28 28 114 1 24 30 35 17 36 30
4996 24 41 50 41 112 43 26 24 28 21 36 30
4997 24 34 26 38 184 50 24 26 28 35 36 30
4998 24 29 18 19 59 1 29 26 30 7 36 30
4999 24 27 21 35 120 1 21 24 21 12 36 30
5000 24 35 40 28 108 40 31 3 40 29 36 30
