1 21 33 34 20 135 71 24 26 30 1 33 27
2 21 34 30 12 276 63 27 21 22 19 33 27
3 21 34 39 27 145 1 24 41 33 24 33 27
4 21 28 30 39 100 82 20 20 31 6 33 27
5 21 35 35 29 102 30 19 23 26 16 33 27
6 21 30 25 20 429 1 26 28 27 1 33 27
7 21 28 17 26 63 1 22 29 26 25 33 27
8 21 29 27 28 110 18 28 36 36 7 33 27
9 21 35 37 21 137 38 29 28 38 30 33 27
10 21 28 25 15 80 38 24 25 32 14 33 27
11 21 34 36 39 123 1 23 37 24 53 33 27
12 21 27 30 30 74 79 24 31 32 1 33 27
13 21 34 37 29 83 49 25 49 31 32 33 27
14 21 33 27 13 94 64 24 38 27 26 33 27
15 21 31 32 24 304 31 24 23 36 1 33 27
16 21 28 29 13 90 38 20 20 36 1 32 27
17 21 32 28 33 121 1 23 32 30 45 33 27
18 21 27 24 29 63 37 23 32 25 3 33 27
19 21 28 24 19 107 14 21 46 24 25 33 27
20 21 32 26 30 57 65 22 33 27 37 33 27
21 21 35 34 14 125 48 20 22 31 1 33 27
22 21 36 35 25 105 54 21 27 21 27 33 27
23 21 25 15 27 67 42 22 23 28 13 33 27
24 21 26 22 37 77 1 17 18 23 10 33 27
25 21 30 32 26 141 1 23 23 28 18 33 27
26 21 33 35 35 136 70 19 40 26 38 33 27
27 21 35 38 9 184 1 22 23 25 21 33 27
28 21 29 27 31 113 52 25 32 30 26 33 27
29 21 31 26 9 54 48 20 23 29 7 33 27
30 21 33 35 21 81 1 26 20 29 10 33 27
31 21 24 17 16 190 1 22 21 29 9 33 27
32 21 34 33 27 199 27 26 54 25 17 33 27
33 21 33 32 31 69 57 25 24 24 17 33 27
34 21 32 35 26 73 82 21 20 21 10 33 27
35 21 34 35 29 67 1 24 26 20 36 33 27
36 21 35 39 38 64 1 19 23 26 21 33 27
37 21 34 38 29 238 25 23 38 29 22 33 27
38 21 31 33 23 66 39 24 24 28 13 33 27
39 21 27 21 24 78 7 20 25 32 7 33 27
40 21 30 26 31 112 81 27 32 30 3 33 27
41 21 25 21 23 120 25 19 25 27 1 33 27
42 21 32 30 27 133 20 25 30 24 41 33 27
43 21 33 35 24 175 1 22 28 30 39 33 27
44 21 33 32 31 59 11 21 29 24 24 33 27
45 21 32 37 41 103 96 24 29 29 39 33 27
46 21 25 25 24 110 40 23 17 22 27 33 27
47 21 34 38 34 123 18 20 33 26 34 33 27
48 21 24 20 26 197 29 22 27 31 1 33 27
49 21 30 24 22 100 7 26 41 31 9 33 27
50 21 32 38 28 237 17 24 27 27 1 32 26
51 21 25 17 23 87 8 22 19 28 1 33 27
52 21 34 36 26 164 1 27 23 31 23 33 27
53 21 31 25 17 110 16 24 22 31 21 33 27
54 21 30 23 28 59 41 23 22 19 7 33 27
55 21 36 44 29 141 38 23 13 27 1 33 27
56 21 30 28 31 40 1 18 36 23 30 33 27
57 21 38 48 40 108 72 21 27 24 33 33 27
58 21 32 36 30 104 77 23 19 27 1 33 27
59 21 31 34 29 102 51 24 26 31 15 33 27
60 21 34 30 18 105 65 23 28 26 10 33 27
61 21 25 20 26 100 21 22 28 28 1 33 27
62 21 26 17 23 71 36 24 25 22 22 33 27
63 21 30 22 20 83 7 22 15 32 23 33 27
64 21 34 37 37 71 1 21 23 26 21 33 27
65 21 25 20 36 67 3 23 16 22 3 33 27
66 21 27 23 26 123 65 21 20 23 8 33 27
67 21 34 36 33 64 48 24 33 25 24 33 27
68 21 36 42 24 66 33 23 25 25 6 33 27
69 21 28 17 23 103 12 17 19 24 11 33 27
70 21 34 43 35 93 1 20 27 27 25 33 27
71 21 34 33 24 129 95 22 16 31 2 33 27
72 21 34 36 23 79 16 22 22 29 5 33 27
73 21 40 49 36 152 74 23 17 37 10 33 27
74 21 27 23 22 85 24 25 26 26 12 33 27
75 21 36 40 22 56 71 21 22 32 30 33 27
76 21 28 30 16 166 22 26 17 31 1 33 27
77 21 35 35 27 80 19 22 18 34 29 33 27
78 21 21 6 30 173 35 23 23 23 1 33 27
79 21 32 30 30 177 34 23 25 23 19 33 27
80 21 30 24 20 93 50 25 21 26 1 33 27
81 21 30 24 24 66 1 24 32 23 50 33 27
82 21 32 31 39 139 18 27 29 20 33 33 27
83 21 33 35 36 85 69 23 22 30 11 33 27
84 21 30 29 27 78 22 20 23 23 11 33 27
85 21 32 29 34 88 1 25 23 37 20 33 27
86 21 32 29 9 141 72 23 20 30 1 33 27
87 21 31 32 19 131 71 25 25 25 2 33 27
88 21 32 35 40 158 25 28 31 36 33 33 27
89 21 35 41 24 107 37 19 22 35 8 33 27
90 21 36 39 36 96 1 22 34 22 46 33 27
91 21 28 18 21 86 1 20 32 26 17 33 27
92 21 38 46 30 175 64 23 32 27 21 33 27
93 21 23 18 30 90 4 24 19 24 6 33 27
94 21 23 14 25 122 1 17 30 23 23 33 27
95 21 31 35 30 60 1 21 11 22 8 33 27
96 21 25 27 42 44 28 29 29 34 9 33 27
97 21 35 41 29 302 100 26 27 30 10 33 27
98 21 31 28 16 59 76 22 27 23 8 33 27
99 21 35 43 36 198 22 18 29 26 31 33 27
100 21 22 10 15 77 1 20 29 22 3 33 27
101 21 31 30 36 78 55 24 40 27 15 33 27
102 21 31 26 34 71 33 28 1 28 20 33 27
103 21 36 39 28 506 13 14 21 29 24 33 27
104 21 30 23 28 60 25 27 28 28 31 33 27
105 21 29 25 21 71 49 23 23 26 1 33 27
106 21 32 36 20 116 9 15 20 29 25 33 27
107 21 28 21 29 157 49 22 35 25 1 33 27
108 21 30 29 29 108 1 20 25 30 13 33 27
109 21 25 19 27 149 53 29 26 22 1 33 27
110 21 36 38 28 74 17 27 25 37 40 33 27
111 21 34 41 30 71 27 24 47 22 38 33 27
112 21 35 35 33 164 1 26 25 36 24 33 27
113 21 35 35 21 117 71 19 24 31 24 33 27
114 21 31 33 27 105 38 21 28 26 16 33 27
115 21 35 38 25 116 50 19 30 28 1 33 27
116 21 32 33 31 160 59 22 18 29 35 33 27
117 21 28 20 20 43 12 18 24 29 23 33 27
118 21 38 43 28 76 25 24 18 27 46 33 27
119 22 26 23 31 89 39 23 1 36 1 32 27
120 21 30 27 24 107 31 22 33 26 2 33 27
121 21 30 30 36 167 1 20 32 18 42 33 27
122 21 30 25 20 98 9 23 27 21 33 33 27
123 21 43 55 26 71 1 23 23 33 37 33 27
124 22 29 13 9 86 1 28 24 25 19 33 27
125 21 30 23 14 80 61 26 26 29 9 33 27
126 21 32 25 18 178 44 25 17 25 23 33 27
127 21 32 27 15 79 3 22 24 31 24 33 27
128 21 44 54 32 139 63 21 1 31 53 33 27
129 21 32 29 17 60 28 22 29 22 19 33 27
130 21 28 21 13 153 1 21 22 30 13 33 27
131 21 25 22 23 153 1 20 42 23 5 33 27
132 21 34 33 26 113 51 27 25 35 2 33 27
133 21 35 31 23 60 1 21 29 26 31 33 27
134 21 32 31 24 122 1 22 24 30 14 33 27
135 21 37 40 23 68 30 20 10 23 40 33 27
136 21 28 25 30 50 29 25 23 35 3 33 27
137 21 30 26 13 65 41 23 30 28 3 33 27
138 22 29 25 33 85 1 19 29 19 28 33 27
139 21 31 29 27 99 1 24 35 22 16 33 27
140 21 26 15 14 160 1 22 27 25 18 33 27
141 21 30 29 14 113 66 23 22 31 1 32 27
142 21 27 16 21 69 1 24 32 20 25 33 27
143 21 33 35 20 100 14 24 35 23 28 33 27
144 21 31 23 14 58 1 25 24 35 21 33 27
145 21 30 31 32 103 80 21 36 29 5 33 27
146 21 31 34 29 64 1 22 24 27 19 33 27
147 21 31 28 22 86 32 23 27 23 4 33 27
148 21 33 33 30 144 1 16 28 27 27 33 27
149 21 30 24 16 151 1 27 23 33 26 33 27
150 21 33 37 36 78 1 23 33 25 35 33 27
151 21 25 20 35 101 4 23 37 33 15 33 27
152 21 36 35 14 74 79 19 1 26 21 33 27
153 21 37 37 23 97 33 26 25 31 43 33 27
154 21 35 33 16 117 1 24 41 25 15 33 27
155 21 33 36 34 97 1 21 37 22 28 33 27
156 21 29 32 46 100 59 27 35 30 8 33 27
157 21 34 38 32 234 63 18 28 27 3 33 27
158 21 28 21 26 44 3 21 21 18 21 33 27
159 21 28 23 18 132 1 19 19 23 22 33 27
160 21 33 36 36 156 79 23 35 27 18 33 27
161 21 31 29 34 74 1 16 26 27 19 33 27
162 21 31 31 24 106 36 27 27 27 5 32 27
163 21 33 36 25 100 34 17 17 30 7 33 27
164 21 27 18 10 71 38 22 15 25 1 33 27
165 21 34 41 35 73 33 26 31 36 18 33 27
166 21 26 24 32 68 12 23 34 22 13 33 27
167 21 30 24 30 48 1 21 21 26 32 33 27
168 21 30 26 24 87 1 22 27 25 21 33 27
169 21 29 20 18 87 23 22 24 26 26 33 27
170 21 21 8 7 159 1 23 20 33 1 33 27
171 21 37 37 20 82 46 22 26 32 30 33 27
172 21 33 32 26 129 49 24 23 25 19 33 27
173 21 30 25 20 82 76 21 33 30 9 33 27
174 21 31 32 38 83 13 25 28 25 35 33 27
175 21 36 43 34 59 84 25 33 30 34 33 27
176 21 30 26 27 90 1 25 31 29 3 33 27
177 21 28 20 30 70 66 18 30 19 26 33 27
178 22 29 26 27 100 1 28 52 25 17 33 27
179 21 33 37 30 108 89 20 28 27 12 33 27
180 21 27 23 27 290 1 22 20 23 1 33 27
181 21 33 32 19 99 3 25 22 31 5 33 27
182 21 34 39 22 150 49 22 22 25 34 33 27
183 21 28 21 28 138 1 21 20 25 10 33 27
184 21 22 8 20 85 1 21 27 20 5 33 27
185 21 38 45 31 151 14 21 16 25 31 33 27
186 21 31 29 31 218 1 21 23 20 10 33 27
187 21 31 30 32 91 1 18 21 23 8 33 27
188 21 34 37 23 167 1 19 30 19 20 33 27
189 21 33 33 23 83 9 20 23 27 10 33 27
190 21 30 31 33 137 52 25 22 28 1 33 27
191 21 33 35 17 123 28 20 20 25 15 33 27
192 21 28 19 27 36 1 22 28 22 36 33 27
193 21 27 18 22 75 1 18 1 35 12 33 27
194 21 34 38 26 93 1 26 25 30 41 33 27
195 21 31 28 32 182 86 24 31 31 19 33 27
196 21 28 19 26 101 51 21 27 29 19 33 27
197 21 32 28 30 112 1 20 34 30 33 33 27
198 21 35 39 38 84 57 27 30 26 1 33 27
199 21 30 25 18 74 14 18 24 26 26 33 27
200 21 37 43 25 76 74 24 19 29 1 32 27
201 21 29 26 18 161 34 17 28 28 14 33 27
202 21 28 19 23 70 9 19 29 24 1 33 27
203 21 29 25 29 108 1 20 26 30 13 33 27
204 21 37 35 16 147 18 22 28 30 51 33 27
205 21 37 42 24 85 56 23 28 24 27 33 27
206 21 25 17 21 89 32 21 20 25 5 33 27
207 21 34 39 32 88 14 24 24 22 22 33 27
208 21 33 40 32 157 44 20 12 21 1 32 27
209 21 33 30 18 89 1 19 19 24 29 33 27
210 21 32 37 38 49 80 27 42 29 11 33 27
211 21 37 44 29 62 1 26 28 32 31 33 27
212 21 29 24 26 78 1 26 27 32 15 33 27
213 21 34 40 31 55 18 27 30 34 25 33 27
214 21 35 38 29 106 40 24 16 25 27 33 27
215 21 32 33 24 420 54 23 24 27 1 33 27
216 21 31 23 28 115 1 22 35 27 47 33 27
217 21 28 24 21 203 17 22 1 31 22 32 27
218 21 34 33 33 132 1 25 30 30 44 33 27
219 21 37 40 32 56 68 23 27 24 35 33 27
220 21 33 36 22 101 1 21 29 22 9 33 27
221 21 27 19 17 52 1 19 16 25 18 33 27
222 21 31 35 27 151 1 23 47 29 3 33 27
223 21 32 22 13 112 1 27 17 22 19 33 27
224 21 27 18 20 46 1 23 25 30 29 33 27
225 21 33 29 25 113 31 27 34 29 25 33 27
226 21 41 45 27 91 8 22 28 31 44 33 27
227 21 32 28 22 85 42 22 1 33 13 33 27
228 21 32 35 37 72 1 17 27 29 27 33 27
229 22 38 40 16 66 12 21 24 20 49 33 27
230 21 30 35 37 58 1 20 35 17 24 33 27
231 21 38 44 31 141 47 21 25 28 30 33 27
232 21 30 27 20 87 1 22 23 31 22 33 27
233 21 32 30 31 51 72 24 41 19 18 33 27
234 21 30 25 21 118 8 23 25 19 25 33 27
235 21 36 38 27 86 26 22 44 25 44 33 27
236 21 30 29 27 62 1 24 34 22 38 33 27
237 21 35 35 20 121 86 20 27 25 27 33 27
238 21 33 29 24 67 19 22 29 26 20 33 27
239 21 32 30 12 210 5 28 27 27 22 33 27
240 21 37 36 24 255 1 25 1 39 34 33 27
241 21 40 43 24 122 62 21 29 28 28 33 27
242 21 35 35 29 97 20 21 18 32 19 33 27
243 21 31 30 31 76 23 26 24 27 39 33 27
244 21 29 25 29 53 28 22 29 26 38 33 27
245 21 33 31 34 90 9 20 42 19 12 33 27
246 21 32 30 28 156 35 20 20 27 22 33 27
247 21 30 30 40 68 17 23 34 21 42 33 27
248 21 31 27 21 99 6 18 30 21 23 33 27
249 21 40 34 16 121 16 23 32 28 26 33 27
250 21 29 24 35 83 20 24 26 27 38 33 27
251 21 34 34 15 83 10 20 25 26 37 33 27
252 21 36 39 31 84 1 24 17 22 14 33 27
253 21 29 29 21 83 1 22 31 25 33 33 27
254 21 29 25 14 155 1 23 19 24 1 32 27
255 21 33 32 20 99 23 25 26 22 10 33 27
256 21 30 24 34 318 12 20 1 38 16 33 27
257 21 31 32 15 122 89 21 20 28 10 33 27
258 21 27 19 18 83 17 17 30 27 1 33 27
259 21 31 29 32 113 101 21 27 32 7 33 27
260 21 28 20 30 297 1 21 27 25 36 33 27
261 21 30 30 24 63 31 20 29 32 7 33 27
262 21 30 23 23 87 25 22 22 25 23 33 27
263 21 32 30 34 126 1 24 41 22 46 33 27
264 21 36 42 30 135 51 21 31 20 30 33 27
265 21 28 27 20 59 52 23 30 26 1 32 27
266 21 30 27 18 62 60 22 23 25 1 33 27
267 21 25 14 26 101 57 25 20 25 2 33 27
268 21 30 25 14 221 1 24 34 22 21 33 27
269 21 30 23 23 103 1 22 30 23 13 33 27
270 21 40 49 23 96 55 21 19 22 8 33 27
271 21 32 33 32 119 25 23 34 21 31 33 27
272 21 28 25 36 221 1 23 10 33 20 33 27
273 21 36 33 24 102 25 23 30 20 39 33 27
274 21 31 31 21 78 62 29 21 21 1 32 27
275 21 34 36 32 81 54 26 33 29 28 33 27
276 21 34 35 25 53 58 19 23 22 20 33 27
277 21 32 32 34 70 39 22 28 30 12 33 27
278 21 29 20 17 320 40 22 21 28 1 32 27
279 21 32 29 15 149 19 26 16 31 13 33 27
280 21 28 20 20 58 12 19 35 18 32 33 27
281 21 31 30 30 86 52 19 22 20 16 33 27
282 21 37 41 44 80 1 25 38 29 52 33 27
283 21 30 21 20 88 1 23 29 31 40 33 27
284 21 28 22 22 53 1 19 1 22 11 33 27
285 21 37 36 18 79 42 24 27 30 15 33 27
286 21 28 16 24 102 1 21 32 34 29 33 27
287 21 30 33 29 58 74 22 22 30 11 33 27
288 21 29 21 21 55 35 20 25 25 1 32 27
289 21 30 22 24 50 11 21 35 25 42 33 27
290 21 26 19 26 143 16 25 31 33 38 33 27
291 21 34 31 25 80 81 19 24 18 18 33 27
292 21 31 32 26 73 12 19 26 22 8 33 27
293 21 33 38 35 97 57 25 33 27 33 33 27
294 21 32 33 36 67 38 25 29 29 15 33 27
295 21 30 33 37 130 33 26 27 21 13 33 27
296 21 26 21 26 99 1 16 18 32 1 33 27
297 21 31 24 14 56 44 25 19 25 30 33 27
298 21 27 25 20 131 1 19 26 25 1 32 27
299 21 33 36 37 101 1 22 36 34 32 33 27
300 21 33 38 36 108 1 21 25 24 25 33 27
301 21 30 30 36 117 9 21 29 27 28 33 27
302 21 33 31 12 69 1 22 1 29 8 33 27
303 21 31 30 32 68 1 20 32 19 23 33 27
304 21 29 21 31 45 1 20 32 26 33 33 27
305 21 112 29 32 91 1 17 33 28 37 33 27
306 21 30 22 12 109 28 20 20 24 1 33 27
307 21 27 18 29 60 10 20 29 28 3 33 27
308 21 30 27 31 111 1 22 30 32 29 33 27
309 21 30 35 38 96 23 22 40 23 17 33 27
310 21 32 36 32 117 53 23 31 22 28 33 27
311 21 29 20 28 106 1 27 36 27 48 33 27
312 21 26 17 27 41 1 23 20 26 9 33 27
313 21 34 30 22 55 24 24 29 28 26 33 27
314 21 26 16 22 104 1 23 42 19 28 33 27
315 21 37 27 6 122 1 20 61 20 44 33 27
316 21 39 43 28 98 1 27 24 26 28 33 27
317 21 40 43 16 236 1 25 1 31 36 33 27
318 21 38 41 20 62 60 20 25 22 29 33 27
319 21 41 47 36 58 1 20 28 30 43 33 27
320 21 30 30 16 93 54 25 25 24 1 33 27
321 22 28 20 19 73 21 18 24 21 1 33 27
322 21 32 30 38 225 55 23 26 30 30 33 27
323 21 36 42 39 80 56 23 32 29 22 33 27
324 21 29 25 19 70 13 22 24 27 31 33 27
325 21 31 32 35 83 30 24 29 27 34 33 27
326 21 27 20 18 78 8 21 22 30 1 32 27
327 21 30 30 20 102 1 24 16 22 3 33 27
328 21 29 21 19 64 2 23 29 28 10 33 27
329 21 28 14 13 81 9 25 18 34 1 33 27
330 21 29 20 12 59 1 25 11 23 1 32 27
331 21 36 35 23 95 11 21 25 19 30 33 27
332 21 35 39 34 56 1 23 38 25 47 33 27
333 21 33 30 32 279 50 23 38 23 55 33 27
334 21 33 37 30 76 1 24 22 26 28 33 27
335 21 32 37 35 71 80 21 22 19 6 33 27
336 21 38 47 29 131 18 20 24 22 45 33 27
337 21 37 41 25 69 1 23 24 27 25 33 27
338 21 35 43 35 115 102 16 26 33 19 33 27
339 21 31 27 19 51 1 23 20 28 1 32 27
340 21 32 29 22 220 43 25 23 27 25 33 27
341 21 30 26 23 76 1 21 22 20 25 33 27
342 21 27 21 24 152 1 20 16 20 10 33 27
343 21 32 28 21 205 7 20 27 31 39 33 27
344 21 29 29 14 135 70 19 23 28 1 32 27
345 21 38 47 29 83 117 24 28 30 23 33 27
346 21 30 29 22 106 1 23 21 24 14 33 27
347 21 40 46 35 60 1 25 26 35 23 33 27
348 21 25 20 13 165 1 23 16 29 1 32 27
349 21 30 26 20 64 18 21 23 25 20 33 27
350 21 29 22 33 57 1 21 22 24 5 33 27
351 21 29 29 33 54 15 22 46 31 23 33 27
352 21 36 50 46 54 46 27 36 31 33 33 27
353 21 30 30 20 69 1 24 32 29 39 33 27
354 21 28 23 22 62 1 19 34 28 5 33 27
355 21 28 27 18 129 25 26 17 36 4 33 27
356 21 33 33 32 127 1 25 32 22 33 33 27
357 21 33 36 19 61 75 16 34 25 9 33 27
358 21 28 23 39 63 34 26 38 28 7 33 27
359 21 28 19 27 116 9 25 36 30 34 33 27
360 21 22 13 29 70 1 24 41 30 8 33 27
361 21 30 22 28 57 19 26 23 30 29 33 27
362 22 38 40 20 82 68 27 20 25 26 33 27
363 21 31 21 19 109 31 26 28 26 33 33 27
364 21 31 34 22 62 29 22 18 28 1 33 27
365 21 32 38 20 92 41 19 32 27 1 32 27
366 21 33 30 30 84 1 18 21 25 9 33 27
367 21 30 21 20 61 1 20 27 26 43 33 27
368 22 34 39 35 56 55 21 22 26 9 33 27
369 21 31 27 26 75 47 21 15 34 1 32 27
370 21 31 28 16 91 8 16 17 23 1 33 27
371 21 146 25 31 188 26 23 32 25 49 33 27
372 21 29 28 36 273 17 20 34 25 37 33 27
373 21 31 26 22 138 44 23 20 26 17 33 27
374 21 31 19 25 167 1 24 35 32 38 33 27
375 21 35 35 17 92 1 24 23 31 7 33 27
376 21 28 24 16 122 9 22 17 23 1 32 27
377 21 32 32 21 58 11 20 26 30 1 32 27
378 21 31 30 27 79 103 22 30 30 4 33 27
379 21 33 34 23 101 1 20 21 32 20 33 27
380 21 32 29 22 52 45 23 14 27 1 33 27
381 21 32 33 22 78 1 24 26 23 11 33 27
382 21 33 28 22 74 42 23 20 31 14 33 27
383 21 35 39 32 112 42 21 17 25 36 33 27
384 21 35 37 27 73 38 21 27 34 29 33 27
385 21 32 31 29 127 18 20 16 30 16 33 27
386 21 27 17 44 98 42 23 28 25 16 33 27
387 21 31 29 23 74 101 24 21 29 1 33 27
388 21 30 30 37 271 78 24 23 24 16 33 27
389 21 30 24 28 111 31 27 27 32 23 33 27
390 21 34 26 23 51 47 22 24 24 19 33 27
391 21 33 35 24 227 108 16 24 32 9 33 27
392 21 27 21 25 297 6 23 32 27 20 33 27
393 21 31 25 19 105 1 25 36 25 1 33 27
394 21 34 31 24 117 1 18 24 26 34 33 27
395 21 32 26 25 109 3 24 18 20 24 33 27
396 21 30 26 23 77 1 21 16 26 17 33 27
397 21 33 35 36 59 1 26 25 28 13 33 27
398 21 25 20 29 80 37 21 23 29 1 33 27
399 21 29 21 31 63 1 23 25 28 47 33 27
400 21 32 33 31 109 1 18 34 32 32 33 27
401 21 33 25 33 112 1 28 30 22 46 33 27
402 21 35 30 17 94 1 21 22 29 18 33 27
403 21 30 27 18 78 102 22 22 30 3 33 27
404 21 21 10 35 134 1 18 1 31 3 33 27
405 21 27 19 26 97 1 19 8 18 8 32 26
406 21 33 30 22 115 1 21 21 26 23 33 27
407 21 26 17 18 113 38 24 20 28 2 33 27
408 21 30 26 20 139 16 23 29 28 9 33 27
409 21 29 31 23 158 5 17 22 27 13 33 27
410 21 30 32 34 223 1 23 28 32 1 33 27
411 21 29 31 42 135 49 19 1 28 22 33 27
412 21 40 50 34 221 108 24 26 23 34 33 27
413 21 28 30 31 58 1 24 37 30 17 33 27
414 21 29 20 10 145 1 19 24 23 12 33 27
415 21 32 33 31 75 1 18 25 20 18 33 27
416 21 23 20 30 95 64 28 38 20 6 33 27
417 21 24 16 17 121 4 22 27 29 1 33 27
418 21 28 24 20 46 41 20 24 34 26 33 27
419 21 32 32 35 66 29 20 21 26 20 33 27
420 21 26 20 31 72 1 27 22 27 29 33 27
421 21 34 37 38 92 8 18 42 32 26 33 27
422 21 34 32 27 119 74 24 38 30 38 33 27
423 21 28 20 10 72 19 27 31 25 1 33 27
424 21 34 36 31 72 1 24 24 29 1 32 27
425 21 37 41 24 77 72 24 22 27 24 33 27
426 12 18 20 5 27 36 11 3 13 1 18 12
427 21 32 22 19 85 16 23 32 20 25 33 27
428 21 29 25 19 71 71 24 16 29 1 33 27
429 21 35 53 35 88 97 23 40 22 24 33 27
430 21 23 16 30 48 8 24 33 38 1 33 27
431 21 33 37 35 137 1 23 24 25 13 33 27
432 21 31 29 25 55 1 18 1 27 16 33 27
433 21 29 20 18 64 1 21 24 23 1 33 27
434 21 25 18 27 59 17 22 33 23 10 33 27
435 21 32 30 25 74 21 19 26 32 25 33 27
436 21 34 39 37 78 1 26 31 29 40 33 27
437 21 31 28 22 53 71 22 13 27 1 32 27
438 21 34 25 33 126 13 25 36 32 31 33 27
439 21 31 19 10 109 13 19 18 24 24 33 27
440 21 33 37 24 253 80 24 27 29 4 33 27
441 21 36 45 32 59 1 22 30 25 45 33 27
442 21 28 19 22 48 37 22 29 23 22 33 27
443 21 32 25 29 80 6 19 24 34 14 33 27
444 21 28 17 24 121 12 23 28 22 20 33 27
445 21 27 23 33 87 6 22 1 30 17 33 27
446 21 37 40 25 55 1 25 21 17 30 33 27
447 21 35 30 11 117 31 21 19 20 21 33 27
448 21 30 27 30 55 1 19 28 25 20 33 27
449 21 29 24 51 93 33 31 26 37 4 33 27
450 21 37 42 29 82 25 25 25 28 46 33 27
451 21 28 23 23 73 28 21 23 26 1 33 27
452 21 34 31 28 51 5 27 24 26 45 33 27
453 21 39 37 29 88 1 22 12 36 23 33 27
454 21 29 25 27 519 91 27 29 30 14 33 27
455 21 36 41 39 228 62 26 20 25 33 33 27
456 21 33 31 22 188 35 25 23 28 32 33 27
457 21 37 41 21 161 38 21 25 30 24 33 27
458 21 35 43 28 101 1 19 22 27 28 33 27
459 21 28 17 19 81 20 21 1 30 11 32 26
460 21 30 26 23 194 44 24 25 27 21 33 27
461 21 34 37 29 112 93 24 47 31 8 33 27
462 21 27 20 25 65 21 21 22 29 6 33 27
463 21 205 25 22 253 1 24 25 28 15 33 27
464 21 30 26 24 68 45 20 33 33 6 33 27
465 21 31 29 14 90 66 23 17 27 1 33 27
466 21 30 28 19 224 75 19 17 26 1 33 27
467 21 26 10 17 85 1 23 23 27 1 33 27
468 21 30 28 18 82 24 20 37 17 23 33 27
469 21 29 29 35 114 22 24 29 25 24 33 27
470 21 36 39 37 88 70 25 27 31 28 33 27
471 21 29 23 26 110 43 23 22 34 28 33 27
472 21 36 40 33 61 93 27 20 32 30 33 27
473 21 32 32 43 67 86 25 25 32 5 33 27
474 21 29 26 24 68 21 20 23 29 21 33 27
475 21 23 16 32 129 1 20 27 32 1 33 27
476 21 35 34 18 85 19 19 17 18 21 33 27
477 21 34 32 20 89 1 20 12 30 8 33 27
478 21 33 27 16 75 1 26 20 21 35 33 27
479 21 33 31 21 49 24 25 23 25 17 33 27
480 21 35 37 38 53 6 25 31 31 37 33 27
481 22 36 33 25 64 1 19 39 23 30 33 27
482 21 34 35 24 61 19 20 25 26 37 33 27
483 21 31 30 32 97 1 24 47 20 37 33 27
484 21 32 23 21 102 35 16 16 28 21 33 27
485 21 29 31 36 50 34 25 24 26 15 33 27
486 21 34 34 23 91 43 23 37 27 33 33 27
487 21 26 18 25 113 13 19 19 28 1 33 27
488 21 30 27 15 63 57 22 26 26 2 33 27
489 21 31 22 16 178 12 24 119 25 26 33 27
490 21 34 37 20 110 6 22 30 29 1 33 27
491 21 30 27 15 50 17 25 21 35 23 33 27
492 21 32 39 26 57 51 24 18 25 9 33 27
493 21 28 18 21 71 1 21 21 25 22 32 26
494 21 38 43 31 92 43 24 16 28 28 33 27
495 21 31 32 32 336 1 26 23 24 18 33 27
496 21 28 21 27 99 18 25 29 23 27 33 27
497 21 30 34 31 65 26 23 28 33 34 33 27
498 21 31 27 19 113 1 25 24 26 21 33 27
499 21 33 37 30 67 1 23 21 25 15 33 27
500 21 39 45 25 74 75 22 23 32 40 33 27
501 21 29 25 36 153 56 28 21 30 17 33 27
502 21 26 20 26 102 28 21 22 25 1 33 27
503 21 30 26 27 243 1 21 30 26 25 33 27
504 22 36 38 32 89 29 23 1 32 31 33 27
505 21 26 16 11 107 15 21 25 28 1 33 27
506 21 28 26 28 92 21 21 23 28 15 33 27
507 21 29 25 40 46 34 26 32 26 23 33 27
508 21 34 36 25 184 2 21 31 27 43 33 27
509 21 32 30 15 121 30 21 19 29 10 33 27
510 21 33 30 18 85 59 25 23 24 20 33 27
511 21 38 41 23 109 61 25 19 16 24 33 27
512 21 32 26 26 76 1 23 28 29 7 33 27
513 21 31 34 33 59 31 21 37 24 24 33 27
514 21 33 31 16 93 34 26 21 25 12 33 27
515 21 29 19 28 79 1 21 33 30 13 33 27
516 21 31 36 37 110 36 22 35 28 14 33 27
517 21 30 26 30 107 1 21 29 26 38 33 27
518 21 28 23 35 101 1 20 21 26 34 33 27
519 21 32 34 30 100 1 23 20 24 29 33 27
520 21 33 31 29 124 1 23 31 23 28 33 27
521 21 31 26 31 85 39 19 29 17 33 33 27
522 21 33 30 33 74 1 23 25 30 33 33 27
523 21 37 39 26 114 74 22 18 27 24 33 27
524 21 34 30 24 121 62 20 26 28 24 33 27
525 21 33 36 26 68 54 21 18 29 35 33 27
526 21 35 37 25 100 48 24 26 25 15 33 27
527 21 38 39 26 191 119 28 21 27 21 33 27
528 21 30 29 14 511 34 20 14 25 1 33 27
529 22 27 21 34 59 65 24 27 23 4 33 27
530 21 37 42 21 165 20 26 23 25 16 33 27
531 21 29 20 22 74 70 17 25 26 1 32 27
532 21 32 28 24 106 1 22 20 32 12 33 27
533 21 32 30 24 165 1 19 25 29 16 33 27
534 21 26 21 24 75 30 23 32 27 9 33 27
535 21 29 25 26 67 52 20 26 23 14 33 27
536 21 30 32 30 72 38 20 24 30 25 33 27
537 21 26 16 21 158 96 20 25 26 5 33 27
538 21 30 26 23 181 1 24 22 18 20 33 27
539 21 36 31 21 135 1 21 22 29 32 33 27
540 21 31 29 16 96 37 26 18 28 32 33 27
541 21 35 35 21 98 85 25 29 24 3 33 27
542 21 33 33 31 50 1 25 34 26 45 33 27
543 21 311 29 342 240 32 23 38 28 3 33 27
544 21 29 32 31 56 50 23 44 20 13 33 27
545 21 30 32 27 78 32 20 26 23 6 33 27
546 21 30 31 26 81 85 21 22 31 7 33 27
547 21 30 22 20 62 34 21 37 26 15 33 27
548 21 33 26 21 81 107 26 29 31 22 33 27
549 21 33 32 35 49 17 23 32 30 29 33 27
550 21 33 34 29 61 54 23 33 29 10 33 27
551 21 28 22 29 77 30 21 29 25 21 33 27
552 22 39 46 22 65 1 19 28 20 37 33 27
553 21 32 31 17 71 29 20 20 19 8 33 27
554 21 30 23 27 83 50 24 25 26 16 33 27
555 21 23 14 27 83 1 22 1 22 17 32 27
556 21 25 18 14 53 33 23 30 25 1 33 27
557 21 30 30 13 112 20 20 22 29 3 33 27
558 21 29 24 28 73 18 22 38 21 18 33 27
559 21 28 21 30 55 16 18 32 20 13 33 27
560 21 31 23 22 149 13 21 28 27 32 33 27
561 21 33 36 42 53 1 24 30 26 38 33 27
562 21 34 36 22 105 88 22 23 30 16 33 27
563 21 31 26 30 114 1 17 1 24 26 33 27
564 21 30 25 28 60 1 21 26 25 28 33 27
565 21 28 25 29 68 90 22 37 30 11 33 27
566 21 34 32 25 114 1 23 52 31 32 33 27
567 21 33 36 38 95 1 21 32 21 29 33 27
568 21 31 29 30 76 44 20 30 25 27 33 27
569 21 26 16 22 51 18 27 26 30 23 33 27
570 21 33 36 28 59 56 21 22 27 26 33 27
571 21 30 27 26 210 5 24 27 24 27 33 27
572 21 26 15 9 71 12 21 24 32 1 33 27
573 21 29 28 26 109 51 23 21 30 20 33 27
574 21 30 28 33 103 1 23 23 28 32 33 27
575 21 33 31 28 81 49 25 29 28 33 33 27
576 21 30 21 30 49 1 22 26 23 29 33 27
577 21 36 40 24 105 81 21 22 23 27 33 27
578 21 25 6 22 75 1 23 25 22 13 33 27
579 21 33 25 27 113 88 21 27 27 11 33 27
580 21 34 37 31 57 1 25 18 30 20 33 27
581 21 34 37 31 70 52 21 29 29 1 32 27
582 21 34 39 33 77 35 24 26 23 30 33 27
583 21 28 22 29 53 12 24 30 25 18 33 27
584 21 36 38 36 96 1 26 36 30 47 33 27
585 21 29 24 24 99 64 22 20 31 8 32 27
586 21 36 38 24 131 63 20 26 23 18 33 27
587 21 29 28 24 127 9 22 36 19 7 33 27
588 21 31 28 23 85 43 24 24 33 1 33 27
589 21 30 27 34 160 54 19 27 23 15 33 27
590 21 25 24 32 58 17 21 21 21 5 33 27
591 21 33 30 29 131 68 22 28 24 11 33 27
592 21 23 11 20 135 3 22 22 22 18 33 27
593 21 27 16 18 132 1 19 22 26 22 33 27
594 21 27 24 36 60 9 23 20 28 1 33 27
595 21 31 35 10 67 1 25 22 27 26 33 27
596 21 32 31 29 49 37 20 38 23 22 33 27
597 21 31 31 19 251 49 26 16 28 14 33 27
598 21 30 26 32 96 1 22 36 22 34 33 27
599 21 29 19 22 144 1 24 25 31 33 33 27
600 21 24 21 35 104 36 23 29 33 6 33 27
601 21 32 33 31 49 26 21 29 29 28 33 27
602 21 32 29 13 99 6 20 17 25 8 33 27
603 21 28 24 36 37 49 25 36 25 27 33 27
604 21 30 33 35 108 15 21 29 30 31 33 27
605 21 29 26 16 103 42 23 24 23 1 33 27
606 21 33 38 20 138 1 28 19 23 17 33 27
607 21 36 35 24 83 28 18 20 33 31 33 27
608 21 35 39 32 284 44 37 1 29 37 33 27
609 21 34 33 24 64 22 22 25 30 28 33 27
610 21 35 35 28 129 32 26 32 31 38 33 27
611 21 34 37 36 103 1 20 34 30 34 33 27
612 21 37 42 30 87 59 23 36 21 31 33 27
613 21 29 22 23 106 1 23 44 24 16 33 27
614 21 29 26 28 91 51 22 29 30 1 32 27
615 21 34 34 31 305 53 21 23 31 34 33 27
616 21 34 34 18 124 24 25 27 32 13 33 27
617 21 31 23 18 274 1 17 27 20 22 33 27
618 21 33 35 28 126 43 25 12 30 20 33 27
619 21 31 32 39 64 22 25 1 34 32 33 27
620 21 32 32 30 101 1 24 1 35 27 33 27
621 21 35 35 21 140 73 25 25 27 4 33 27
622 21 35 31 18 149 1 28 21 30 10 33 27
623 21 33 38 24 132 57 22 25 27 1 33 27
624 21 30 22 20 122 57 26 27 31 38 33 27
625 21 24 13 28 76 30 24 36 18 1 33 27
626 21 27 37 24 100 100 22 23 31 1 32 27
627 21 36 41 23 115 72 24 19 29 30 33 27
628 21 29 29 30 76 63 20 29 23 18 33 27
629 21 24 18 37 45 11 29 40 36 26 33 27
630 21 28 20 23 90 35 20 30 28 19 33 27
631 21 32 35 27 55 49 24 36 30 28 33 27
632 21 32 28 31 131 16 25 28 24 42 33 27
633 21 27 25 27 112 37 24 16 23 1 33 27
634 21 26 18 28 129 1 20 27 22 16 33 27
635 21 33 26 24 54 2 24 26 26 42 33 27
636 21 33 29 16 97 41 21 28 23 31 33 27
637 21 40 47 18 125 58 26 23 26 35 33 27
638 21 37 42 33 86 3 24 18 30 10 33 27
639 21 28 26 35 86 52 24 23 23 4 33 27
640 21 33 29 23 115 1 17 31 26 41 33 27
641 21 27 20 19 56 1 23 32 21 28 33 27
642 21 33 24 10 60 1 19 39 20 33 33 27
643 21 23 11 21 217 1 23 33 26 32 33 27
644 21 35 36 33 115 28 24 35 30 47 33 27
645 21 37 37 20 77 29 22 26 28 26 33 27
646 21 34 30 32 90 53 24 31 31 51 33 27
647 21 26 16 23 43 1 24 32 17 23 33 27
648 21 28 18 17 161 1 21 37 25 42 33 27
649 21 39 45 15 108 29 19 24 20 38 33 27
650 21 32 35 30 121 39 22 34 31 43 33 27
651 21 35 40 25 51 54 18 24 19 44 33 27
652 21 32 19 21 55 1 21 2 22 13 33 27
653 21 27 23 23 55 47 26 21 26 6 33 27
654 21 37 44 36 81 1 22 30 32 22 33 27
655 21 26 23 31 72 1 23 21 26 13 33 27
656 21 31 34 23 165 27 35 28 33 29 33 27
657 21 28 24 23 68 2 20 24 28 1 33 27
658 21 27 23 30 80 104 21 1 19 1 33 27
659 21 24 6 16 119 18 22 20 13 11 33 27
660 21 25 16 21 53 1 19 16 21 1 33 27
661 21 32 31 33 44 55 21 29 31 36 33 27
662 21 28 22 18 139 42 23 17 23 1 32 27
663 21 24 14 21 84 18 24 22 34 4 33 27
664 21 32 25 30 72 1 24 31 26 49 33 27
665 21 27 20 22 66 56 21 1 27 4 33 27
666 21 31 27 23 89 1 24 20 25 22 33 27
667 21 32 34 30 96 66 25 30 28 17 33 27
668 21 38 40 21 216 90 18 1 36 30 33 27
669 21 29 26 42 44 1 21 31 28 14 33 27
670 21 31 31 25 88 44 26 22 35 33 33 27
671 21 27 34 30 152 94 23 28 30 1 33 27
672 21 29 24 14 96 1 27 26 22 1 33 27
673 21 35 31 20 142 17 25 23 26 25 33 27
674 21 34 37 36 135 1 25 23 28 25 33 27
675 21 33 31 18 203 87 21 22 19 29 33 27
676 21 29 22 19 97 33 22 33 25 32 33 27
677 21 27 28 26 99 1 22 32 19 1 33 27
678 21 29 32 33 107 67 17 23 20 10 33 27
679 21 27 19 22 75 17 24 22 28 1 33 27
680 21 25 22 39 91 1 18 23 24 1 33 27
681 21 39 42 20 56 1 24 23 35 44 33 27
682 21 22 7 24 67 21 27 26 24 7 33 27
683 21 28 27 32 144 8 24 36 22 21 33 27
684 21 33 35 35 119 40 23 26 23 43 33 27
685 21 34 38 30 56 52 23 27 31 19 33 27
686 21 31 32 28 89 1 22 27 33 30 33 27
687 21 33 34 29 92 62 26 21 20 23 33 27
688 21 27 19 16 112 18 20 24 25 1 32 27
689 21 27 20 25 95 8 18 30 29 10 33 27
690 21 28 20 28 103 1 25 33 25 17 33 27
691 21 27 20 25 70 21 20 26 24 1 33 27
692 21 32 29 28 109 8 34 27 32 29 33 27
693 21 35 39 30 70 82 15 29 23 10 33 27
694 21 38 37 21 103 1 28 29 28 22 33 27
695 21 35 36 24 130 11 18 1 34 36 33 27
696 21 33 36 34 317 1 22 33 26 31 33 27
697 21 30 24 12 172 1 19 31 20 20 33 27
698 21 33 28 19 200 46 23 16 26 23 33 27
699 21 26 12 16 139 14 23 29 21 25 33 27
700 21 32 30 20 117 35 19 18 24 1 32 27
701 21 32 24 20 62 29 15 1 22 28 33 27
702 21 28 20 24 77 1 22 21 22 17 33 27
703 21 33 40 36 266 57 23 26 30 1 33 27
704 21 33 32 30 110 50 27 42 26 28 33 27
705 21 29 23 20 51 1 21 26 21 2 33 27
706 22 34 35 31 64 88 20 1 24 30 33 27
707 21 24 6 19 78 1 18 32 27 30 33 26
708 21 33 35 46 84 1 22 31 30 46 33 27
709 21 33 37 38 140 1 25 34 38 41 33 27
710 21 26 17 27 87 26 20 16 26 1 33 27
711 21 29 18 20 125 1 24 24 29 22 33 27
712 21 28 26 25 76 1 23 22 23 27 33 27
713 21 32 35 39 59 1 23 38 20 29 33 27
714 21 32 32 25 86 64 20 20 27 6 33 27
715 21 25 17 31 140 39 18 18 24 19 33 27
716 21 32 35 33 101 1 24 26 24 17 33 27
717 21 29 22 22 91 100 18 22 26 4 33 27
718 21 33 31 26 51 1 26 20 25 32 33 27
719 22 30 30 27 154 18 24 28 19 1 33 27
720 21 35 35 28 62 1 28 34 23 50 33 27
721 21 26 14 29 54 33 22 1 35 17 32 27
722 21 27 23 21 75 1 21 27 27 19 33 27
723 21 27 14 24 73 8 22 30 31 31 33 27
724 21 34 31 32 103 1 22 30 27 37 33 27
725 21 28 29 27 53 94 20 24 32 1 33 27
726 21 26 18 20 99 41 23 37 36 12 33 27
727 21 28 19 13 56 1 23 30 24 4 33 27
728 21 28 29 39 76 73 22 32 21 9 33 27
729 21 30 29 21 209 26 22 23 21 16 33 27
730 21 29 27 19 86 75 20 19 27 1 33 27
731 21 36 37 28 65 36 22 27 20 13 33 27
732 21 31 27 29 68 70 22 18 36 6 33 27
733 21 33 37 31 144 42 21 20 29 13 33 27
734 21 32 28 29 56 1 22 22 33 27 33 27
735 21 20 12 29 209 7 17 20 20 1 33 27
736 21 32 37 36 59 72 22 27 32 16 33 27
737 21 33 31 16 89 4 24 22 24 17 33 27
738 21 32 39 31 82 105 20 26 24 12 33 27
739 21 28 25 29 105 12 23 29 28 18 33 27
740 21 28 19 12 102 5 20 16 26 1 33 27
741 21 28 21 31 64 6 19 33 28 27 33 27
742 21 24 15 26 67 1 18 1 27 19 32 27
743 21 38 43 25 60 52 30 21 32 33 33 27
744 21 30 15 10 75 6 23 26 28 38 33 27
745 21 28 30 30 84 1 18 9 20 12 33 27
746 21 27 17 25 91 92 22 18 20 10 33 27
747 21 26 21 27 47 31 21 31 31 28 33 27
748 21 34 38 38 59 10 24 31 29 33 33 27
749 21 40 49 44 103 31 25 30 25 53 33 27
750 21 28 22 22 53 1 19 35 21 27 33 27
751 21 33 36 24 60 1 22 21 36 16 33 27
752 21 30 23 23 78 36 25 23 31 19 33 27
753 21 30 23 26 108 1 20 19 25 5 33 27
754 21 33 33 31 60 95 22 33 28 20 33 27
755 21 30 28 21 58 21 24 36 23 19 33 27
756 21 30 22 28 46 10 21 14 23 26 33 27
757 21 32 34 25 106 59 23 21 29 13 33 27
758 21 30 36 34 46 32 26 29 27 11 33 27
759 21 30 26 24 93 39 21 22 26 26 33 27
760 21 28 22 18 85 57 24 27 26 1 33 27
761 21 28 23 22 76 1 19 25 25 21 33 27
762 21 27 14 22 106 1 22 34 21 15 33 27
763 21 28 20 23 179 1 21 31 26 19 33 27
764 21 35 37 32 78 55 22 1 37 25 33 27
765 21 25 10 15 47 1 25 20 28 14 32 27
766 22 34 29 29 92 1 23 22 31 36 34 27
767 21 39 43 20 97 60 24 26 32 28 33 27
768 21 30 31 24 78 54 21 20 28 1 33 27
769 21 27 24 24 117 1 20 26 18 23 33 27
770 21 35 45 38 86 22 21 29 27 41 33 27
771 21 32 30 25 62 10 22 45 25 27 33 27
772 21 31 24 18 75 1 16 26 22 16 33 27
773 21 29 26 27 54 1 22 16 28 13 33 27
774 21 27 17 21 51 1 20 28 20 33 33 27
775 21 26 23 37 104 40 26 32 25 10 33 27
776 21 31 34 25 128 67 24 29 33 1 33 27
777 21 30 30 36 55 33 26 33 28 14 33 27
778 21 34 30 17 67 1 21 19 31 40 33 27
779 21 36 35 18 99 59 26 23 30 11 33 27
780 21 28 19 26 101 32 28 32 31 19 33 27
781 21 32 35 35 208 75 23 26 27 1 33 27
782 21 29 25 18 134 1 23 25 32 1 33 27
783 21 33 32 39 54 1 21 38 32 42 33 27
784 21 31 28 22 56 6 26 24 28 22 33 27
785 21 37 38 25 70 48 25 28 34 41 33 27
786 21 38 36 23 64 56 26 48 28 35 33 27
787 21 24 15 13 942 21 14 20 22 2 33 27
788 21 34 32 27 123 8 18 1 33 6 33 27
789 21 35 36 26 71 104 20 26 29 28 33 27
790 21 33 28 2 96 1 18 27 33 9 33 27
791 21 33 32 32 91 44 16 17 19 11 33 27
792 21 28 19 12 85 17 26 32 26 14 33 27
793 21 34 38 23 143 79 23 28 16 11 33 27
794 21 22 14 25 70 1 20 15 21 1 33 27
795 22 33 31 29 61 56 23 32 27 35 34 27
796 21 38 34 12 70 73 24 45 20 44 33 27
797 21 30 19 18 102 1 23 27 26 25 33 27
798 21 29 24 20 45 64 21 31 28 18 33 27
799 21 25 14 12 94 1 21 30 29 3 33 27
800 21 34 45 43 51 26 22 28 21 36 33 27
801 21 29 28 26 44 47 24 25 25 33 33 27
802 21 32 37 28 91 86 23 24 26 6 33 27
803 21 31 33 24 74 79 23 28 24 4 33 27
804 21 31 29 24 50 3 19 16 29 16 33 27
805 21 143 63 27 145 43 23 23 26 52 33 27
806 21 31 34 22 108 60 25 24 24 23 33 27
807 21 28 26 17 82 3 20 24 22 1 33 27
808 22 37 41 26 62 57 23 35 29 40 33 27
809 21 27 13 13 97 1 20 32 25 15 33 27
810 22 34 35 34 102 47 25 29 33 23 33 27
811 21 27 20 28 115 10 19 24 27 10 33 27
812 21 22 7 26 144 15 24 18 25 1 32 27
813 21 34 30 25 77 1 20 32 23 39 33 27
814 21 29 21 25 47 47 24 33 21 16 33 27
815 21 32 30 22 64 52 19 1 32 22 33 27
816 21 30 14 17 82 1 28 28 24 27 33 27
817 21 33 41 36 67 36 17 1 28 15 33 27
818 21 28 24 27 164 78 26 18 22 11 33 27
819 21 30 25 21 195 1 22 19 34 31 33 27
820 21 27 20 12 83 1 29 29 28 10 33 27
821 21 33 33 23 58 42 23 23 22 23 33 27
822 21 30 30 23 75 12 24 24 26 14 33 27
823 21 31 26 23 97 1 30 20 33 23 33 27
824 21 28 20 26 102 11 21 26 26 17 33 27
825 21 32 26 13 89 76 25 26 28 3 33 27
826 21 32 31 19 105 1 22 27 22 1 33 27
827 21 33 31 21 118 102 21 25 21 12 33 27
828 21 32 35 40 76 32 16 30 29 14 33 27
829 21 27 29 30 50 1 21 22 28 12 33 27
830 21 27 16 11 80 1 27 46 34 26 33 27
831 21 34 43 37 80 100 23 25 21 25 33 27
832 21 37 37 37 280 66 19 1 31 30 33 27
833 22 35 37 29 102 54 25 1 22 25 33 27
834 21 36 42 32 227 26 19 26 29 29 33 27
835 21 36 38 22 156 64 25 23 29 8 33 27
836 21 32 28 14 88 1 23 21 29 1 33 27
837 21 26 22 24 74 33 16 1 29 7 33 27
838 21 28 24 30 104 1 23 28 29 31 33 27
839 21 34 38 28 106 1 20 14 28 6 33 27
840 21 34 33 15 107 1 20 19 22 6 33 27
841 21 34 30 20 146 98 25 28 26 10 33 27
842 21 34 33 24 116 51 20 19 27 25 33 27
843 21 34 34 27 57 11 22 32 23 39 33 27
844 21 31 25 10 66 1 18 22 26 12 33 27
845 21 30 30 35 150 1 21 14 33 1 33 27
846 21 29 28 28 48 1 24 23 33 31 33 27
847 21 34 39 37 69 15 23 30 30 32 33 27
848 21 20 7 23 163 1 23 18 21 13 33 27
849 21 32 35 27 96 28 20 18 28 25 33 27
850 21 33 33 17 105 74 25 32 28 23 33 27
851 21 30 27 11 68 1 21 37 22 15 33 27
852 21 29 27 32 77 8 23 29 22 30 33 27
853 21 32 34 30 116 116 23 22 24 15 33 27
854 21 35 34 27 181 15 21 27 31 19 33 27
855 21 24 17 14 183 33 20 25 25 1 33 27
856 21 32 26 24 108 9 22 22 18 13 33 27
857 21 35 30 24 76 19 23 24 21 28 33 27
858 21 30 26 17 694 29 23 24 29 3 33 27
859 21 26 24 18 73 17 22 21 34 1 33 27
860 21 30 33 28 96 74 22 30 18 15 33 27
861 21 37 44 33 76 48 23 31 23 28 33 27
862 21 29 23 29 77 1 26 34 21 28 33 27
863 21 29 28 36 84 24 21 33 27 31 33 27
864 21 31 34 34 52 1 26 22 29 34 33 27
865 21 30 26 37 70 1 24 34 29 34 33 27
866 21 26 21 26 119 1 25 34 30 15 33 27
867 21 26 15 19 81 1 22 31 24 24 33 27
868 21 30 26 25 164 60 25 32 32 23 33 27
869 21 32 30 21 127 44 17 16 27 26 33 27
870 21 35 43 34 99 82 24 29 26 20 33 27
871 21 37 43 27 132 26 23 44 34 23 33 27
872 21 34 33 23 78 36 30 18 31 26 33 27
873 21 29 25 27 110 1 21 21 25 17 33 27
874 22 33 32 30 60 1 25 37 26 30 33 27
875 21 31 34 32 128 91 26 26 37 4 33 27
876 21 42 54 37 61 18 25 21 23 37 33 27
877 21 33 34 37 51 1 22 38 28 28 33 27
878 21 33 29 23 106 42 15 25 31 23 33 27
879 21 31 35 26 131 6 22 20 30 1 33 27
880 22 29 21 26 73 1 28 34 29 27 33 27
881 21 37 41 27 63 1 25 1 34 42 33 27
882 21 34 33 21 279 1 23 18 26 26 33 27
883 21 28 23 26 83 95 23 28 30 11 33 27
884 21 30 26 18 57 1 23 26 30 1 33 27
885 21 31 34 37 71 14 19 1 27 20 33 27
886 21 31 39 40 260 1 20 24 35 19 33 27
887 21 31 38 35 66 59 26 40 27 15 33 27
888 21 28 25 18 59 50 21 26 28 3 33 27
889 21 28 23 23 56 24 26 30 29 24 33 27
890 21 28 24 34 85 28 22 26 24 3 33 27
891 21 37 36 20 149 49 23 20 31 27 33 27
892 21 37 40 36 114 1 26 25 31 32 33 27
893 21 29 26 31 167 54 21 33 28 28 33 27
894 21 28 21 23 237 1 20 28 26 5 33 27
895 21 30 28 17 92 22 20 26 28 1 33 27
896 21 33 39 25 173 27 23 23 26 5 33 27
897 21 42 46 16 106 17 23 16 36 28 33 27
898 21 33 24 20 49 14 23 18 25 20 33 27
899 21 34 35 23 148 1 23 29 33 24 33 27
900 21 34 33 26 69 1 23 18 29 36 33 27
901 21 31 30 23 76 83 26 28 24 2 33 27
902 21 33 31 33 53 1 19 25 31 30 33 27
903 21 34 36 23 74 57 24 25 35 19 33 27
904 21 33 36 26 146 26 21 19 23 23 33 27
905 21 37 39 20 57 68 22 20 35 30 33 27
906 21 32 27 21 64 87 24 22 22 20 33 27
907 21 29 24 29 61 9 26 27 25 21 33 27
908 21 34 33 18 131 64 25 29 32 20 33 27
909 21 34 31 25 102 12 20 24 20 30 33 27
910 21 27 19 33 38 1 25 27 22 31 33 27
911 21 31 25 31 90 95 23 9 31 9 33 27
912 21 35 41 24 122 71 21 28 29 33 33 27
913 21 32 31 15 72 11 24 14 27 1 33 27
914 21 27 14 22 65 1 22 17 28 13 33 27
915 21 32 30 26 88 1 23 23 26 31 33 27
916 21 34 42 31 91 100 22 29 23 17 33 27
917 21 31 27 25 124 35 22 22 25 34 33 27
918 21 31 28 21 182 1 23 29 28 5 33 27
919 21 28 27 28 87 1 21 31 30 1 33 27
920 21 37 38 37 161 102 26 30 33 30 33 27
921 21 37 43 31 118 70 20 28 30 32 33 27
922 21 32 34 40 93 13 23 36 24 46 33 27
923 21 39 44 17 105 129 20 22 25 1 32 27
924 21 30 28 23 73 1 22 43 20 28 33 27
925 21 34 39 22 103 55 23 35 29 17 33 27
926 21 35 39 31 79 1 22 27 29 35 33 27
927 21 35 42 26 115 1 22 13 30 31 33 27
928 21 29 28 17 117 37 20 16 34 1 32 27
929 21 33 30 28 57 1 25 31 24 7 33 27
930 21 27 19 21 49 1 23 22 21 23 33 27
931 21 31 33 25 79 8 22 26 25 24 33 27
932 21 36 45 38 148 103 23 27 30 42 33 27
933 21 28 22 19 108 1 23 27 27 8 33 27
934 21 28 24 34 76 1 23 42 31 12 33 27
935 21 32 37 29 303 37 22 26 27 16 33 27
936 21 33 33 32 83 1 23 36 26 22 33 27
937 21 30 25 23 54 1 19 38 31 7 33 27
938 22 39 42 23 68 1 24 35 36 51 33 27
939 21 32 30 36 126 1 25 31 25 39 33 27
940 21 34 38 34 77 106 25 15 30 17 33 27
941 21 26 20 16 56 41 24 20 26 1 33 27
942 21 31 38 37 105 77 19 22 23 5 33 27
943 21 26 18 13 68 7 19 22 25 1 33 27
944 21 31 32 22 68 30 22 26 28 1 33 27
945 21 29 29 30 231 65 23 28 21 4 33 27
946 21 32 28 21 51 1 27 34 31 31 33 27
947 21 29 23 21 209 11 25 29 25 6 33 27
948 21 28 15 24 90 1 22 28 30 23 33 27
949 21 30 24 15 307 6 20 18 26 23 33 27
950 21 25 16 34 139 18 24 35 24 1 33 27
951 21 30 28 28 93 11 27 25 25 8 33 27
952 21 37 44 25 114 41 22 32 34 29 33 27
953 21 34 24 23 70 1 20 23 29 28 33 27
954 21 28 23 35 262 1 21 28 25 21 33 27
955 21 27 18 12 82 24 21 31 24 1 32 27
956 21 38 48 26 112 90 22 20 24 11 33 27
957 21 34 40 25 367 1 23 20 29 21 33 27
958 21 42 49 32 184 9 27 25 28 51 33 27
959 21 34 41 29 146 1 20 27 23 26 33 27
960 21 27 26 37 72 66 27 21 30 19 33 27
961 21 31 27 17 64 33 21 23 25 1 33 27
962 21 27 19 16 232 11 22 31 23 29 33 27
963 22 38 37 23 98 31 27 24 26 42 33 27
964 21 31 26 36 68 65 25 19 33 28 33 27
965 21 32 35 32 143 2 20 31 27 15 33 27
966 21 32 32 31 61 69 22 22 24 31 33 27
967 21 24 16 19 49 1 20 17 22 1 33 27
968 21 27 18 22 54 43 25 1 24 1 33 27
969 21 29 27 25 161 25 24 33 32 23 32 27
970 21 29 20 18 129 25 25 20 24 12 33 27
971 21 28 21 30 72 19 19 28 29 28 33 27
972 21 29 27 39 122 23 18 1 36 1 33 27
973 22 31 22 17 94 1 25 26 30 20 33 27
974 21 40 45 24 118 79 28 24 32 27 33 27
975 21 29 18 22 122 1 23 20 31 12 33 27
976 21 35 40 25 63 77 22 31 20 10 33 27
977 22 33 28 17 111 9 22 26 25 26 33 27
978 21 34 36 27 99 27 20 25 31 19 33 27
979 21 31 33 25 336 1 19 31 31 8 33 27
980 21 38 46 27 145 1 24 28 30 22 33 27
981 21 34 37 33 52 83 20 34 25 21 33 27
982 22 29 25 27 69 20 20 27 31 34 33 27
983 21 30 25 31 102 1 21 26 27 35 33 27
984 21 34 34 31 84 1 26 30 21 27 33 27
985 21 32 30 24 83 39 22 21 29 23 33 27
986 21 35 26 27 78 101 24 26 24 28 33 27
987 21 32 28 32 116 1 20 38 27 44 33 27
988 21 27 19 29 53 36 18 27 24 29 33 27
989 21 31 32 27 115 63 23 31 29 1 33 27
990 21 27 19 12 48 19 24 19 26 1 33 27
991 21 36 39 31 81 4 26 28 30 32 33 27
992 21 30 34 38 193 63 23 23 17 24 33 27
993 21 34 35 20 93 1 25 23 28 24 33 27
994 21 27 28 26 98 34 21 24 22 8 33 27
995 21 21 16 34 73 24 21 16 25 1 33 27
996 21 29 33 44 158 58 19 20 25 1 33 27
997 21 35 34 26 114 83 23 25 33 23 33 27
998 21 35 45 37 79 119 22 23 24 7 33 27
999 21 25 21 25 173 36 22 18 32 3 33 27
1000 21 24 14 21 126 1 23 18 29 1 33 27
1001 21 36 43 34 56 1 22 13 31 22 33 27
1002 21 32 31 24 82 74 18 17 28 14 33 27
1003 21 27 29 28 99 55 24 28 29 3 33 27
1004 21 30 23 21 131 1 21 24 23 39 33 27
1005 21 28 19 13 49 1 24 21 26 11 33 27
1006 21 35 37 24 58 4 25 42 22 23 33 27
1007 21 29 29 31 76 66 21 29 24 1 33 27
1008 21 31 35 16 118 57 19 25 26 12 33 27
1009 21 33 32 23 113 60 24 23 20 1 33 27
1010 21 26 17 19 110 1 22 22 28 1 33 27
1011 21 23 16 22 71 23 15 20 30 1 33 27
1012 21 37 40 36 91 29 24 37 27 46 33 27
1013 21 37 43 24 81 91 24 21 23 31 33 27
1014 21 40 45 30 94 1 26 32 60 22 33 27
1015 21 35 34 18 92 26 23 21 28 25 33 27
1016 22 32 27 35 87 42 22 28 20 25 33 27
1017 21 32 30 18 64 69 25 18 27 1 33 27
1018 21 26 19 25 176 1 15 1 28 5 33 27
1019 21 30 27 18 61 16 23 26 24 5 33 27
1020 21 35 31 31 139 29 24 39 28 48 33 27
1021 21 27 19 29 129 1 18 36 30 18 33 27
1022 21 25 20 24 119 48 19 26 23 2 33 27
1023 21 31 22 21 124 41 26 32 27 39 33 27
1024 21 30 33 31 70 1 19 21 27 11 33 27
1025 21 31 34 38 113 29 25 26 26 32 33 27
1026 21 32 34 25 89 48 23 25 26 25 33 27
1027 21 27 23 34 40 1 19 31 28 29 33 27
1028 21 27 24 27 49 1 19 16 25 10 33 27
1029 21 32 28 19 142 55 20 23 23 17 33 27
1030 21 27 27 33 100 50 25 25 26 1 32 27
1031 21 28 27 26 52 1 24 16 25 10 33 27
1032 21 27 14 20 127 1 16 18 21 9 33 27
1033 21 31 35 40 47 19 27 32 29 33 33 27
1034 21 24 13 18 177 11 20 25 27 13 33 27
1035 21 35 41 34 76 55 19 33 24 40 33 27
1036 21 35 32 24 73 27 26 23 29 35 33 27
1037 21 37 37 14 50 84 21 24 29 37 33 27
1038 21 35 40 26 67 49 21 37 27 30 33 27
1039 21 28 21 22 51 1 21 34 21 4 33 27
1040 21 30 25 34 64 7 24 27 22 18 33 27
1041 21 27 22 30 129 46 22 21 25 17 33 27
1042 21 37 40 33 68 65 22 1 30 39 33 27
1043 21 35 40 29 64 107 16 19 23 1 33 27
1044 21 30 26 36 95 21 20 1 34 17 33 27
1045 21 35 35 24 58 1 22 30 36 21 33 27
1046 21 32 31 18 315 66 20 27 25 1 33 27
1047 21 28 20 26 83 38 24 22 28 18 33 27
1048 21 30 29 27 75 43 25 27 30 10 33 27
1049 21 33 38 24 66 40 24 19 29 1 33 27
1050 21 25 20 25 73 59 21 20 23 6 33 27
1051 21 24 16 19 90 18 24 21 25 1 33 27
1052 21 30 20 21 72 37 27 31 32 37 33 27
1053 21 31 25 12 84 1 21 27 35 21 33 27
1054 21 33 32 25 119 19 28 21 26 19 33 27
1055 21 31 34 33 94 57 23 28 34 6 33 27
1056 21 29 26 29 76 1 25 26 14 15 33 27
1057 21 31 32 18 65 1 20 20 27 12 33 27
1058 21 31 32 22 395 23 22 29 29 22 33 27
1059 21 34 34 33 89 30 20 29 29 42 33 27
1060 21 41 46 28 76 106 26 29 31 43 33 27
1061 21 39 47 33 103 72 23 38 24 19 33 27
1062 21 25 16 30 42 23 25 36 25 14 33 27
1063 21 30 28 32 86 40 24 31 31 14 33 27
1064 21 26 13 24 196 25 25 27 30 21 33 27
1065 21 23 7 18 65 1 17 15 19 1 33 27
1066 21 28 15 28 57 1 24 36 31 31 33 27
1067 21 29 23 24 113 1 24 38 28 37 33 27
1068 21 26 15 15 116 55 20 29 28 1 33 27
1069 21 30 25 31 290 1 21 42 22 33 33 27
1070 21 36 43 39 203 12 24 31 21 36 33 27
1071 21 32 25 21 76 29 22 1 38 20 33 27
1072 21 33 29 10 56 6 23 29 31 27 33 27
1073 21 32 32 26 84 8 21 18 27 26 33 27
1074 21 36 36 22 74 62 20 24 28 33 33 27
1075 21 29 24 18 63 17 19 17 31 8 33 27
1076 21 29 25 29 52 14 24 25 37 20 33 27
1077 21 30 35 27 90 30 19 16 24 26 33 27
1078 21 25 19 28 85 4 19 22 26 1 33 27
1079 21 28 21 13 115 31 19 18 25 1 32 27
1080 21 28 18 20 86 1 21 38 22 31 33 27
1081 21 30 31 23 83 29 24 26 28 14 33 27
1082 21 32 35 29 97 42 24 19 30 19 33 27
1083 21 26 11 16 91 1 22 34 22 27 33 27
1084 21 31 33 31 163 37 22 23 21 7 33 27
1085 21 28 22 25 231 24 23 13 26 5 32 27
1086 21 32 34 30 157 56 22 38 30 11 33 27
1087 21 26 14 27 209 1 21 31 29 39 33 27
1088 21 30 24 25 63 3 28 33 22 30 33 27
1089 22 27 20 15 160 19 19 27 29 1 33 27
1090 21 25 19 32 44 5 25 24 27 1 33 27
1091 21 32 31 30 67 1 20 1 32 38 33 27
1092 21 255 42 31 117 50 22 30 35 94 33 27
1093 21 30 27 32 46 16 21 28 28 30 33 27
1094 21 29 21 24 171 47 25 30 25 10 33 27
1095 21 29 25 25 62 1 22 36 27 31 33 27
1096 21 34 35 33 104 62 21 30 17 16 33 27
1097 21 30 20 9 243 1 19 26 19 15 33 27
1098 21 30 21 22 132 23 22 33 32 33 34 27
1099 21 34 36 12 217 1 21 35 20 15 33 27
1100 21 34 41 45 57 1 20 37 22 50 33 27
1101 21 27 18 25 86 1 20 29 30 42 33 27
1102 21 29 32 37 53 37 21 26 31 14 33 27
1103 21 29 20 16 58 45 19 17 21 16 32 26
1104 22 35 34 30 78 10 24 23 27 46 34 27
1105 21 27 21 13 102 57 22 20 27 3 33 27
1106 21 30 33 29 72 41 22 21 22 17 33 27
1107 21 34 35 21 147 1 26 35 23 52 33 27
1108 21 34 33 32 53 73 27 27 32 25 33 27
1109 21 33 22 21 81 1 27 21 23 12 33 27
1110 21 30 25 20 194 5 22 21 32 30 33 27
1111 21 30 25 30 42 1 26 24 27 40 33 27
1112 21 29 26 29 151 42 28 36 25 41 33 27
1113 21 36 42 30 60 42 25 19 29 24 33 27
1114 21 27 21 22 53 30 20 17 27 1 33 27
1115 21 33 34 27 87 7 26 29 37 23 33 27
1116 21 27 25 20 84 65 22 13 29 1 33 27
1117 21 29 32 35 129 28 24 50 33 1 33 27
1118 21 37 43 32 73 1 23 27 26 45 33 27
1119 21 31 28 27 87 1 23 31 30 26 33 27
1120 22 29 29 37 78 25 23 33 27 40 34 27
1121 21 30 31 36 84 45 20 1 26 33 33 27
1122 21 32 41 29 84 73 19 21 31 16 33 27
1123 21 30 32 73 55 99 24 19 31 3 33 27
1124 21 33 32 23 107 109 23 21 24 8 33 27
1125 21 29 28 22 134 59 21 21 28 1 33 27
1126 21 33 36 16 149 65 27 45 27 32 33 27
1127 21 28 25 28 93 13 17 32 24 2 33 27
1128 21 37 39 21 86 79 25 26 30 1 33 27
1129 21 25 16 13 76 20 22 20 25 4 33 27
1130 21 30 25 29 120 10 23 37 29 44 33 27
1131 21 31 28 21 95 1 27 21 35 2 33 27
1132 21 27 20 15 48 3 19 32 31 16 33 27
1133 21 37 47 29 74 1 23 22 23 17 33 27
1134 21 34 34 20 151 86 23 16 21 30 33 27
1135 21 31 24 29 63 57 29 30 27 18 33 27
1136 21 34 31 26 56 1 20 32 27 35 33 27
1137 21 29 24 22 135 31 24 20 26 1 33 27
1138 21 34 39 26 82 52 30 23 28 2 33 27
1139 21 31 28 21 100 1 23 26 25 22 33 27
1140 21 28 23 11 156 1 20 15 27 1 32 27
1141 21 28 21 25 48 1 21 31 32 18 33 27
1142 21 37 44 37 103 105 21 28 30 36 33 27
1143 21 38 40 23 56 7 24 31 24 29 33 27
1144 21 31 31 20 60 31 24 23 25 8 33 27
1145 21 33 38 22 259 52 22 19 25 1 33 27
1146 21 36 37 27 155 53 25 22 31 42 33 27
1147 21 32 36 37 83 22 22 18 28 17 33 27
1148 21 32 29 24 85 9 21 15 27 23 33 27
1149 21 39 48 37 85 15 24 23 29 53 33 27
1150 21 31 26 28 280 1 19 22 22 11 33 27
1151 21 31 21 19 51 1 23 27 32 26 33 27
1152 21 36 43 30 62 34 16 26 29 27 33 27
1153 21 29 22 28 51 49 23 25 31 19 33 27
1154 22 34 33 22 81 64 27 29 33 35 33 27
1155 21 35 36 28 61 56 21 24 29 11 33 27
1156 21 30 18 24 74 35 22 19 25 7 33 27
1157 21 32 35 34 137 68 23 30 24 18 33 27
1158 21 36 38 35 70 1 23 36 33 41 33 27
1159 21 29 31 25 65 1 19 27 28 37 33 27
1160 21 28 23 24 85 1 17 37 31 32 33 27
1161 21 34 32 25 111 105 23 1 27 30 33 27
1162 21 26 19 18 121 1 19 17 30 3 33 27
1163 21 34 37 27 181 1 24 23 22 18 33 27
1164 21 28 20 32 59 9 20 1 33 4 33 27
1165 21 29 26 16 69 1 21 19 28 1 33 27
1166 21 30 28 27 143 53 24 21 29 1 33 27
1167 21 27 14 19 91 30 22 1 30 1 33 27
1168 21 30 24 18 209 57 23 21 25 29 33 27
1169 21 32 31 24 105 1 17 18 27 1 33 27
1170 21 30 34 25 147 78 22 22 31 1 32 27
1171 21 31 33 31 149 42 23 29 28 4 33 27
1172 21 33 32 29 158 1 23 1 26 11 33 27
1173 21 33 29 20 118 31 23 24 25 31 33 27
1174 21 31 36 38 179 30 24 24 26 18 33 27
1175 21 37 43 37 168 21 22 39 24 48 33 27
1176 21 30 19 25 43 1 23 31 24 36 33 27
1177 21 27 26 27 64 1 17 22 24 13 33 27
1178 21 32 34 32 98 75 20 33 26 3 33 27
1179 21 31 29 30 48 84 21 32 24 24 33 27
1180 21 33 34 30 92 1 24 52 22 21 33 27
1181 21 32 27 21 84 23 20 19 32 14 33 27
1182 21 29 24 17 97 53 20 20 28 1 33 27
1183 21 40 49 40 76 62 23 33 23 39 33 27
1184 22 35 38 36 90 1 23 39 33 39 34 27
1185 21 37 47 40 117 88 26 33 25 30 33 27
1186 21 22 10 24 90 6 22 20 29 1 33 27
1187 21 24 19 37 42 8 22 19 25 19 33 27
1188 21 34 36 40 118 23 23 34 24 37 33 27
1189 22 37 42 28 73 1 21 23 26 18 33 27
1190 21 29 31 34 51 1 24 28 26 17 33 27
1191 21 33 34 36 71 18 24 25 23 40 33 27
1192 21 28 31 45 124 27 21 28 33 8 33 27
1193 21 31 29 38 62 10 21 25 34 13 33 27
1194 21 37 40 25 227 4 26 36 25 30 33 27
1195 21 33 36 34 74 1 20 1 22 9 33 27
1196 21 32 38 46 55 36 20 1 32 3 33 27
1197 21 40 46 20 121 10 22 35 34 26 33 27
1198 21 27 19 32 237 42 23 36 27 21 33 27
1199 21 28 21 21 120 1 21 23 26 15 32 27
1200 21 27 23 26 57 27 19 32 28 5 33 27
1201 21 30 25 15 103 17 25 15 29 1 33 27
1202 21 34 38 29 88 6 20 22 28 19 33 27
1203 21 30 25 25 58 35 24 32 31 11 33 27
1204 21 29 25 21 112 51 21 23 15 21 33 27
1205 21 28 29 28 258 1 21 33 23 10 33 27
1206 21 25 18 38 119 26 24 25 28 1 33 27
1207 21 28 18 21 56 1 22 23 31 13 33 27
1208 21 31 30 32 49 40 28 24 25 26 33 27
1209 21 32 36 33 82 43 26 38 29 39 33 27
1210 21 33 31 23 70 18 23 29 32 22 33 27
1211 21 30 23 31 81 7 25 40 20 42 33 27
1212 21 24 5 16 118 1 21 19 30 1 33 27
1213 21 27 15 17 321 18 26 33 26 11 33 27
1214 21 30 21 14 170 1 19 29 22 9 32 26
1215 21 28 26 28 134 1 21 25 31 10 33 27
1216 21 29 24 30 181 4 21 26 26 17 33 27
1217 21 28 21 17 99 31 22 27 33 1 33 27
1218 21 33 39 31 279 78 22 21 28 15 33 27
1219 21 27 27 28 94 1 20 33 23 7 33 27
1220 21 29 23 19 75 1 21 25 22 18 33 27
1221 21 31 32 23 94 1 21 17 26 15 33 27
1222 21 35 34 16 54 48 21 23 26 26 33 27
1223 21 27 23 39 56 9 23 27 25 4 33 27
1224 21 37 45 33 65 88 26 41 28 41 33 27
1225 21 34 28 23 90 14 22 27 23 18 33 27
1226 21 32 38 31 85 11 23 25 19 23 33 27
1227 21 30 27 16 67 53 16 22 27 1 33 27
1228 22 36 40 33 78 37 27 22 28 32 33 27
1229 21 33 36 27 144 44 18 30 20 18 33 27
1230 21 33 35 28 96 19 22 26 28 29 33 27
1231 21 26 17 24 97 39 24 28 25 11 33 27
1232 21 33 35 21 137 73 24 24 26 1 33 27
1233 21 37 34 26 52 32 20 21 29 34 33 27
1234 21 33 33 32 71 47 19 25 19 27 33 27
1235 21 34 30 20 101 1 20 26 29 23 33 27
1236 21 33 29 16 119 13 19 19 20 14 33 27
1237 21 34 35 27 46 40 21 32 28 22 33 27
1238 21 26 19 12 88 20 23 26 27 1 33 27
1239 21 34 31 24 117 1 17 1 33 32 33 27
1240 21 30 28 22 57 1 19 21 28 12 33 27
1241 21 26 19 31 94 1 22 8 32 17 33 27
1242 21 29 22 31 73 1 24 33 30 16 33 27
1243 21 30 21 23 83 4 23 30 19 36 33 27
1244 21 33 31 22 107 44 25 25 19 17 33 27
1245 21 26 23 26 87 22 18 14 28 16 33 27
1246 21 31 31 29 147 88 25 18 23 23 33 27
1247 21 32 33 19 121 69 24 30 36 5 33 27
1248 21 29 28 32 78 47 21 20 31 9 33 27
1249 21 34 35 17 180 8 19 18 22 9 33 27
1250 21 33 31 21 144 15 21 29 30 32 33 27
1251 21 32 30 19 111 41 21 23 30 6 33 27
1252 21 34 39 34 156 1 19 30 24 24 33 27
1253 21 36 36 23 104 1 24 33 31 27 33 27
1254 21 30 32 32 130 29 18 27 26 11 33 27
1255 21 27 16 10 120 1 22 25 24 1 33 27
1256 21 33 34 27 210 62 26 17 29 38 33 27
1257 21 31 28 26 54 36 25 21 33 13 33 27
1258 21 29 22 33 62 1 19 25 28 32 33 27
1259 21 30 26 15 157 1 17 20 29 17 33 27
1260 21 29 27 22 99 46 23 29 23 1 33 27
1261 21 36 39 18 88 3 26 19 30 40 33 27
1262 21 36 33 23 115 21 29 17 27 27 33 27
1263 21 39 48 45 101 1 20 26 25 40 33 27
1264 21 31 28 17 98 65 24 25 44 18 33 27
1265 21 28 21 28 200 60 20 25 30 16 33 27
1266 21 39 45 37 53 113 21 1 25 3 33 27
1267 21 27 23 20 223 61 23 17 32 14 33 27
1268 21 22 11 27 55 1 19 11 17 1 32 27
1269 21 34 35 19 71 39 24 16 32 6 33 27
1270 21 34 36 28 93 83 17 1 23 22 33 27
1271 21 44 59 27 142 1 23 21 31 42 33 27
1272 21 26 20 28 61 1 22 28 25 29 33 27
1273 21 30 24 24 59 25 21 26 27 24 33 27
1274 21 31 27 28 69 87 24 16 29 14 33 27
1275 21 21 15 26 87 30 28 20 31 1 33 27
1276 21 33 29 17 79 55 23 27 28 6 33 27
1277 21 21 8 33 43 17 22 23 26 1 33 27
1278 21 33 32 33 50 26 22 30 30 25 33 27
1279 22 29 30 30 53 1 23 30 37 17 33 27
1280 21 26 14 34 59 1 21 31 24 6 33 27
1281 21 35 36 15 81 91 18 26 25 9 33 27
1282 21 32 31 26 72 64 25 25 26 16 33 27
1283 21 31 34 31 156 43 22 27 31 2 33 27
1284 21 36 43 28 99 54 27 50 19 40 33 27
1285 21 26 21 26 121 44 21 21 26 8 33 27
1286 21 32 35 31 337 86 18 24 30 4 33 27
1287 21 30 26 18 114 29 26 21 25 1 33 27
1288 21 33 30 32 64 22 25 31 27 20 33 27
1289 21 19 7 15 98 22 20 20 24 6 33 27
1290 21 41 48 23 217 55 23 29 28 33 33 27
1291 21 28 20 13 168 3 25 44 19 23 32 26
1292 21 31 26 17 79 1 21 19 22 30 33 27
1293 21 30 21 17 51 1 20 18 30 23 33 27
1294 21 33 32 26 157 6 23 26 28 43 33 27
1295 21 32 37 39 74 52 23 26 20 16 33 27
1296 21 27 19 21 96 63 28 31 26 12 33 27
1297 21 30 29 21 147 12 23 26 25 4 33 27
1298 21 26 20 30 86 7 23 30 29 14 33 27
1299 21 33 37 37 49 1 27 26 29 36 33 27
1300 21 35 41 35 81 44 21 34 27 19 33 27
1301 21 24 15 27 390 1 23 25 22 11 33 27
1302 22 34 32 21 225 64 24 27 28 7 33 27
1303 21 28 22 25 175 12 18 17 25 31 33 27
1304 21 34 36 18 153 78 21 18 25 15 33 27
1305 21 39 42 33 48 1 23 38 34 43 33 27
1306 21 37 34 24 56 19 22 15 29 32 33 27
1307 21 31 32 31 55 43 23 24 21 14 33 27
1308 21 37 45 34 209 86 24 19 27 34 33 27
1309 21 36 39 29 92 77 17 29 20 21 33 27
1310 21 26 18 19 48 21 17 29 23 9 33 27
1311 21 30 30 25 255 21 19 29 17 16 33 27
1312 21 31 27 21 87 1 18 23 29 21 33 27
1313 21 30 30 30 98 16 24 28 25 18 33 27
1314 21 23 12 16 55 22 26 23 27 1 33 27
1315 21 38 50 34 129 90 22 30 24 27 33 27
1316 21 31 36 36 61 50 24 22 30 19 33 27
1317 21 44 53 23 100 77 19 50 23 38 33 27
1318 21 32 31 26 63 6 21 26 29 27 33 27
1319 21 34 28 24 63 71 23 23 21 27 33 27
1320 21 26 27 29 118 82 21 22 24 1 33 27
1321 21 27 21 17 119 45 21 21 26 8 33 27
1322 22 32 29 18 73 1 22 1 28 37 33 27
1323 21 31 28 21 148 16 21 25 39 3 33 27
1324 21 34 37 25 151 83 20 36 29 26 33 27
1325 21 27 19 19 110 1 22 23 26 23 33 27
1326 22 29 25 29 83 4 21 23 27 22 33 27
1327 21 31 28 27 63 1 21 20 10 29 33 27
1328 21 36 39 31 71 1 23 30 29 33 33 27
1329 21 30 24 32 87 11 18 34 25 23 33 27
1330 21 32 23 9 59 15 24 20 27 8 33 27
1331 21 32 37 34 125 63 24 26 28 9 33 27
1332 21 29 24 29 50 6 30 40 26 16 33 27
1333 21 31 27 18 82 75 21 27 29 19 33 27
1334 21 32 38 23 83 95 24 20 28 1 32 27
1335 21 36 41 37 108 1 21 32 27 28 33 27
1336 21 36 40 25 118 40 28 27 31 37 33 27
1337 21 33 38 27 286 72 24 27 26 6 33 27
1338 21 28 21 22 106 24 21 30 28 16 33 27
1339 21 35 40 29 91 89 21 24 25 26 33 27
1340 21 34 42 33 58 27 17 25 32 36 33 27
1341 21 30 28 15 62 1 20 18 23 6 33 27
1342 21 29 32 32 58 1 22 19 24 20 33 27
1343 21 25 18 27 102 54 22 19 24 1 33 27
1344 21 30 29 30 82 32 26 29 34 23 33 27
1345 21 22 9 26 34 14 21 32 27 14 33 27
1346 21 33 32 16 89 71 27 24 31 10 33 27
1347 21 25 15 20 99 1 22 22 24 9 33 27
1348 21 35 37 27 105 50 21 27 17 19 33 27
1349 21 32 31 30 84 1 27 41 25 31 33 27
1350 21 30 29 33 116 22 23 29 23 22 33 27
1351 21 36 37 25 96 73 27 28 26 15 33 27
1352 21 28 24 25 99 27 21 19 22 14 33 27
1353 21 28 27 27 74 50 24 14 19 1 33 27
1354 21 35 40 30 172 29 27 32 35 14 33 27
1355 21 31 27 25 202 25 24 14 28 13 33 27
1356 21 29 23 31 98 31 19 36 22 34 33 27
1357 21 34 37 28 123 116 29 24 29 28 33 27
1358 21 35 36 27 200 26 24 30 25 25 33 27
1359 21 39 49 36 62 30 22 34 39 48 33 27
1360 21 31 27 30 93 1 20 36 32 39 33 27
1361 21 35 33 21 110 26 27 27 29 20 33 27
1362 21 29 21 21 167 35 22 21 26 9 33 27
1363 22 31 29 28 60 50 25 31 29 21 33 27
1364 21 34 28 21 233 16 23 24 28 23 33 27
1365 21 27 23 23 59 21 22 20 34 7 33 27
1366 21 28 19 21 48 1 25 26 25 25 33 27
1367 21 34 28 6 151 17 23 17 23 25 33 27
1368 21 29 26 34 94 46 21 30 30 13 33 27
1369 21 39 48 28 101 73 20 40 28 23 33 27
1370 21 28 24 30 99 71 22 26 27 15 33 27
1371 21 31 39 37 113 6 24 17 32 5 33 27
1372 22 35 39 41 87 65 26 30 29 28 33 27
1373 21 29 21 31 94 1 24 30 29 13 33 27
1374 21 31 28 23 108 1 19 25 29 9 33 27
1375 22 30 26 32 99 11 22 25 30 4 33 27
1376 21 32 32 23 94 78 25 26 31 4 33 27
1377 21 36 38 33 49 15 27 33 26 30 33 27
1378 21 31 21 24 156 30 26 35 33 28 33 27
1379 21 32 32 23 68 79 25 23 29 1 33 27
1380 21 37 42 34 323 100 15 29 18 17 33 27
1381 21 29 16 11 121 1 17 27 29 13 33 27
1382 21 32 30 23 52 19 25 24 24 30 33 27
1383 21 34 34 14 331 67 19 21 28 7 33 27
1384 21 31 28 20 81 25 24 20 33 25 33 27
1385 21 34 31 19 57 9 20 24 29 16 33 27
1386 21 31 30 23 120 50 23 22 28 23 33 27
1387 21 40 52 31 59 92 21 24 24 42 33 27
1388 21 25 21 28 75 1 24 17 23 8 33 27
1389 21 30 27 25 105 25 26 28 31 9 33 27
1390 21 33 22 18 131 1 25 16 27 21 33 27
1391 21 34 35 38 53 40 28 28 28 41 33 27
1392 21 32 29 17 209 48 18 18 22 1 32 26
1393 21 30 33 31 85 44 20 26 26 16 33 27
1394 21 36 40 28 91 27 21 28 24 23 33 27
1395 21 33 35 30 77 14 23 27 26 33 33 27
1396 21 23 13 19 54 1 24 23 28 1 33 27
1397 21 34 32 17 190 11 18 1 26 29 33 27
1398 21 28 24 25 84 1 22 25 23 19 33 27
1399 21 26 26 20 53 1 20 17 28 1 33 27
1400 21 29 26 37 69 1 23 30 24 38 33 27
1401 21 33 32 37 68 58 29 32 28 35 33 27
1402 21 32 30 16 78 1 23 27 18 37 33 27
1403 21 36 45 44 74 35 24 35 24 47 33 27
1404 21 33 36 37 91 84 22 31 28 32 33 27
1405 21 27 17 12 70 5 19 26 22 1 33 27
1406 21 32 27 24 72 1 21 1 34 24 33 27
1407 21 32 31 25 91 1 24 1 32 10 33 27
1408 21 38 42 25 89 1 19 31 23 38 33 27
1409 21 36 39 24 95 22 25 30 23 7 33 27
1410 21 33 39 29 67 1 17 25 25 15 33 27
1411 21 31 26 29 60 1 20 19 25 14 33 27
1412 21 30 24 29 86 1 21 29 22 10 33 27
1413 21 28 28 32 71 31 24 17 35 7 33 27
1414 21 31 23 18 74 1 20 27 29 34 33 27
1415 21 34 31 21 82 24 28 34 29 34 33 27
1416 21 25 18 24 148 48 23 17 22 4 33 27
1417 21 31 27 24 86 39 23 25 27 29 33 27
1418 21 33 29 26 50 46 25 26 19 23 33 27
1419 21 30 23 29 108 19 22 1 25 16 33 27
1420 21 27 19 29 38 54 23 24 24 19 33 27
1421 21 32 28 20 133 33 23 29 24 20 33 27
1422 21 27 18 23 57 45 24 27 23 1 32 27
1423 21 33 34 26 98 37 19 1 22 11 33 27
1424 21 33 19 16 73 24 28 29 26 30 33 27
1425 21 33 35 23 99 82 26 23 23 11 33 27
1426 21 35 36 28 58 87 20 25 23 19 33 27
1427 21 34 35 20 67 25 24 26 19 9 33 27
1428 21 31 24 32 99 1 24 33 22 31 33 27
1429 21 37 43 28 88 52 20 22 23 20 33 27
1430 21 30 29 23 69 79 20 24 32 1 33 27
1431 21 25 14 13 51 23 18 10 25 1 32 26
1432 21 33 31 30 61 1 22 38 24 38 33 27
1433 21 28 29 40 76 1 24 33 24 29 33 27
1434 21 31 28 20 71 57 17 24 24 23 33 27
1435 21 34 38 29 92 50 20 23 25 12 33 27
1436 21 35 34 25 93 52 21 34 29 17 33 27
1437 21 35 41 25 163 55 23 20 38 26 33 27
1438 21 34 34 34 75 20 20 27 29 37 33 27
1439 21 33 31 27 101 83 22 34 36 12 33 27
1440 21 26 15 21 71 10 20 24 31 20 33 27
1441 21 32 25 26 71 42 23 22 28 12 33 27
1442 21 31 25 18 81 18 23 21 24 27 33 27
1443 21 36 34 18 155 1 20 25 30 23 33 27
1444 21 32 30 26 105 56 21 28 19 36 33 27
1445 21 36 34 31 77 30 21 24 26 40 33 27
1446 21 29 29 29 105 1 23 21 34 13 33 27
1447 21 30 23 14 48 1 23 36 21 27 33 27
1448 21 29 30 33 97 64 18 28 26 19 33 27
1449 21 27 24 32 252 1 28 32 34 29 33 27
1450 21 36 43 26 259 71 22 19 28 27 33 27
1451 21 31 28 25 60 69 22 22 23 29 33 27
1452 22 33 37 27 94 7 28 29 33 39 33 27
1453 21 30 24 29 107 39 17 37 26 45 33 27
1454 21 33 30 30 96 33 26 23 25 38 33 27
1455 21 27 21 17 57 41 20 23 30 1 33 27
1456 21 32 25 21 63 51 22 22 26 13 33 27
1457 21 30 35 35 126 1 21 23 31 1 33 27
1458 21 31 32 25 111 84 18 23 20 1 32 27
1459 21 29 20 17 88 40 23 32 28 27 33 27
1460 21 30 32 29 157 1 24 25 27 14 32 27
1461 21 35 37 21 127 83 21 15 28 2 33 27
1462 21 33 32 25 243 1 23 26 30 33 33 27
1463 21 29 31 28 120 15 23 16 23 1 33 27
1464 21 36 43 36 66 62 20 25 31 19 33 27
1465 21 32 30 23 250 20 18 23 24 7 33 27
1466 21 34 32 31 98 1 24 30 28 36 33 27
1467 21 29 22 32 54 16 23 35 28 24 33 27
1468 21 29 31 31 107 27 18 26 31 1 33 27
1469 21 33 34 32 89 1 22 31 27 38 33 27
1470 21 33 33 33 102 34 26 27 31 31 33 27
1471 21 27 18 25 47 76 23 15 36 9 33 27
1472 22 34 39 25 65 68 22 27 20 1 33 27
1473 21 27 15 22 89 1 23 43 28 1 33 27
1474 21 35 33 21 93 23 23 29 25 37 33 27
1475 21 36 40 28 91 1 23 25 27 28 33 27
1476 21 29 18 20 142 1 25 42 23 43 33 27
1477 21 27 24 31 112 1 19 33 31 8 33 27
1478 21 34 28 23 53 61 23 27 27 33 33 27
1479 21 27 23 31 120 24 23 23 32 23 33 27
1480 21 33 35 31 86 59 27 30 27 28 33 27
1481 21 35 31 12 61 36 20 37 22 24 33 27
1482 21 35 39 32 81 85 21 30 25 33 33 27
1483 21 31 26 19 64 7 22 20 28 19 33 27
1484 21 25 17 25 264 31 24 21 28 17 33 27
1485 21 32 36 29 106 85 25 15 27 4 33 27
1486 21 35 40 28 165 18 22 27 23 17 33 27
1487 21 31 28 24 152 1 27 27 23 28 33 27
1488 21 32 31 27 54 1 21 13 25 16 33 27
1489 21 33 29 21 111 40 22 27 26 33 33 27
1490 21 37 43 32 55 44 21 24 24 32 33 27
1491 21 33 28 26 264 32 25 40 30 24 33 27
1492 21 35 38 32 55 24 28 28 21 32 33 27
1493 21 28 21 27 100 5 22 33 23 32 33 27
1494 21 33 34 25 97 15 22 24 26 14 33 27
1495 21 28 24 27 155 1 22 22 20 1 32 27
1496 21 34 37 35 78 38 24 37 30 38 33 27
1497 21 38 48 30 90 1 19 34 28 25 33 27
1498 21 33 37 29 98 16 25 21 25 20 33 27
1499 21 24 13 21 75 1 17 23 29 8 32 27
1500 21 33 30 34 127 1 23 34 27 46 33 27
1501 21 30 26 28 79 11 20 39 24 41 33 27
1502 21 38 42 35 109 50 24 40 26 36 33 27
1503 21 28 24 28 60 18 22 23 29 1 33 27
1504 21 32 27 27 58 1 27 37 33 35 33 27
1505 21 28 21 26 64 1 20 33 22 22 33 27
1506 21 25 26 31 69 71 23 24 19 1 33 27
1507 21 28 18 20 118 28 19 22 19 2 33 27
1508 21 35 40 31 110 1 20 1 32 14 33 27
1509 21 29 28 30 176 19 19 38 30 22 33 27
1510 21 30 17 18 63 45 26 25 30 22 33 27
1511 21 30 25 19 175 66 24 27 21 14 33 27
1512 21 30 30 33 54 110 32 35 24 1 33 27
1513 21 28 23 23 85 75 20 17 26 13 33 27
1514 21 33 29 23 54 39 26 19 28 31 33 27
1515 21 28 23 12 83 1 22 24 31 5 33 27
1516 21 22 12 26 79 32 22 33 26 10 33 27
1517 21 34 40 29 134 44 21 23 26 1 33 27
1518 21 36 38 21 301 47 22 31 30 27 33 27
1519 21 32 30 32 133 23 22 1 34 17 33 27
1520 21 27 27 34 73 54 21 24 27 10 33 27
1521 21 32 31 22 63 48 19 29 26 1 33 27
1522 21 32 33 19 117 1 20 26 29 15 33 27
1523 21 30 34 38 117 24 22 32 22 31 33 27
1524 21 29 28 19 68 1 18 28 34 12 33 27
1525 21 34 39 32 166 18 26 22 29 24 33 27
1526 21 29 29 35 124 14 21 35 29 38 33 27
1527 21 29 24 30 113 1 17 29 25 30 33 27
1528 21 32 31 34 89 11 23 27 23 39 33 27
1529 21 28 20 13 106 1 23 27 24 18 33 27
1530 21 35 40 29 87 64 24 21 26 38 33 27
1531 21 27 25 33 80 1 21 29 21 30 33 27
1532 21 38 35 15 70 63 25 23 30 32 33 27
1533 21 26 30 36 56 10 31 39 32 5 33 27
1534 21 28 23 35 90 66 23 27 24 28 33 27
1535 21 30 26 24 84 42 26 29 25 28 33 27
1536 21 30 28 31 96 1 25 39 23 26 33 27
1537 21 31 33 36 53 39 25 21 29 10 33 27
1538 21 37 45 31 65 9 21 26 28 33 33 27
1539 21 30 34 34 51 96 17 20 23 5 33 27
1540 21 33 27 17 85 1 24 16 30 21 33 27
1541 21 32 31 38 148 1 21 39 27 32 33 27
1542 21 33 39 33 188 122 21 30 26 14 33 27
1543 21 25 28 42 357 91 18 18 27 1 33 27
1544 21 29 15 25 100 42 19 27 26 22 33 27
1545 21 37 43 29 69 1 21 28 19 33 33 27
1546 21 34 36 31 225 37 25 26 32 22 33 27
1547 21 30 21 15 100 31 28 21 34 14 33 27
1548 21 34 32 33 78 1 22 27 21 48 33 27
1549 21 30 23 18 162 1 21 25 28 1 33 27
1550 21 28 28 20 191 13 21 25 24 17 33 27
1551 21 29 23 24 138 6 24 30 31 13 33 27
1552 21 35 41 42 242 1 25 36 27 40 33 27
1553 21 28 25 22 84 1 23 15 22 4 33 27
1554 21 32 34 22 143 58 24 17 32 4 33 27
1555 21 34 38 31 98 15 24 21 28 21 33 27
1556 21 27 19 13 81 1 20 24 27 5 33 27
1557 21 37 42 28 82 1 18 36 27 34 33 27
1558 21 29 28 33 156 70 21 28 19 8 33 27
1559 21 33 31 31 106 50 20 20 29 20 33 27
1560 21 29 18 23 128 1 26 31 31 41 33 27
1561 21 26 20 29 148 24 25 28 29 20 32 27
1562 21 31 35 22 173 1 22 25 22 1 33 27
1563 21 25 13 19 90 41 19 1 29 9 32 27
1564 21 21 8 32 51 1 18 28 20 1 33 27
1565 21 31 28 25 74 1 24 29 34 17 33 27
1566 21 34 31 16 233 1 23 25 26 29 33 27
1567 21 31 30 32 78 1 23 25 17 22 33 27
1568 21 31 30 27 65 1 21 32 23 35 33 27
1569 21 37 42 22 66 1 21 36 31 27 33 27
1570 21 34 31 18 56 1 19 18 28 29 33 27
1571 21 30 33 32 176 1 28 29 28 7 33 27
1572 21 33 34 24 90 1 41 32 27 30 33 27
1573 21 33 32 27 127 77 23 25 26 8 33 27
1574 21 28 23 24 84 26 24 21 30 10 33 27
1575 21 31 27 29 143 1 24 33 29 26 33 27
1576 21 30 28 22 54 7 24 25 31 30 33 27
1577 21 30 24 18 97 26 23 20 24 19 33 27
1578 21 26 13 19 63 1 23 26 42 18 33 27
1579 21 28 26 26 58 20 23 21 29 24 33 27
1580 21 30 30 23 129 8 23 17 29 18 33 27
1581 21 30 35 33 174 65 19 25 26 16 33 27
1582 21 35 37 24 145 22 22 23 22 26 33 27
1583 21 33 33 24 73 85 24 22 30 6 33 27
1584 21 29 24 11 69 29 20 28 30 2 33 27
1585 21 40 50 36 61 65 20 30 24 42 33 27
1586 21 32 37 36 199 45 22 25 29 17 33 27
1587 21 31 28 25 84 17 23 22 21 17 33 27
1588 21 30 28 29 188 43 22 27 29 20 33 27
1589 21 32 31 21 152 44 21 28 29 18 33 27
1590 21 27 19 25 71 3 26 14 35 31 33 27
1591 21 26 22 24 63 1 24 23 23 8 33 27
1592 21 29 21 21 68 1 20 33 25 10 33 27
1593 21 30 27 26 160 26 23 23 28 1 33 27
1594 21 31 26 27 71 1 24 30 32 25 33 27
1595 21 26 26 33 107 43 25 32 36 1 33 27
1596 21 25 19 20 91 32 21 30 23 2 33 27
1597 21 35 28 19 150 13 24 31 24 26 33 27
1598 21 40 44 24 76 99 25 31 29 40 33 27
1599 21 28 21 27 57 13 23 31 24 29 33 27
1600 21 33 32 24 141 57 19 1 27 26 33 27
1601 21 29 25 30 50 3 22 35 27 21 33 27
1602 21 36 39 22 113 1 23 19 28 18 33 27
1603 21 34 34 23 70 93 25 21 25 33 33 27
1604 21 30 31 23 88 95 24 27 28 19 33 27
1605 21 34 36 28 198 8 20 25 29 34 33 27
1606 21 32 29 14 93 15 24 23 27 1 33 27
1607 21 39 38 9 123 20 18 27 25 38 33 27
1608 21 23 15 34 131 19 18 22 19 6 33 27
1609 21 38 39 36 124 1 25 24 24 23 33 27
1610 21 32 40 28 92 42 25 17 24 1 33 27
1611 21 33 44 31 115 98 23 16 30 10 33 27
1612 21 29 19 27 112 9 19 32 26 37 33 27
1613 21 31 29 30 128 1 27 31 27 20 33 27
1614 21 32 30 30 68 45 25 22 32 24 33 27
1615 21 33 29 24 84 49 26 30 25 13 33 27
1616 21 28 26 32 134 1 22 25 24 13 33 27
1617 21 31 27 23 112 40 23 24 29 15 33 27
1618 22 36 37 28 60 1 20 24 21 27 33 27
1619 21 28 25 41 90 1 20 24 22 19 33 27
1620 21 31 27 21 67 6 22 20 28 15 33 27
1621 21 31 30 32 182 60 25 31 31 18 33 27
1622 21 28 16 19 209 41 18 22 31 23 33 27
1623 21 33 33 28 48 30 24 32 29 22 33 27
1624 21 31 34 30 150 27 25 42 27 20 33 27
1625 21 24 16 37 75 68 17 1 36 1 33 27
1626 21 26 12 18 116 20 18 1 22 1 32 27
1627 21 32 29 17 137 8 22 21 26 21 33 27
1628 21 27 27 34 117 48 22 36 35 9 33 27
1629 22 39 53 33 123 98 21 27 33 25 33 27
1630 21 31 30 24 165 44 23 23 25 26 33 27
1631 21 34 35 19 171 48 25 26 33 13 33 27
1632 21 27 22 21 221 32 22 24 22 9 33 27
1633 21 30 28 21 109 29 21 21 30 6 33 27
1634 21 31 26 28 153 1 22 32 26 26 33 27
1635 21 32 32 31 94 1 24 28 23 39 33 27
1636 21 35 39 21 69 28 18 20 26 39 33 27
1637 21 32 30 29 122 20 21 28 26 23 33 27
1638 21 33 35 15 109 62 22 19 27 13 33 27
1639 21 33 35 34 97 96 23 24 28 15 33 27
1640 21 34 37 21 126 22 20 21 27 22 33 27
1641 21 36 39 22 132 53 26 24 20 10 33 27
1642 21 29 26 20 57 63 24 21 32 4 33 27
1643 21 28 23 23 51 1 20 25 21 23 33 27
1644 21 28 19 24 115 3 21 32 20 1 33 27
1645 21 30 22 12 161 1 24 25 25 21 33 27
1646 21 33 34 30 117 22 20 1 33 13 33 27
1647 21 34 34 21 57 5 26 21 24 24 33 27
1648 21 29 28 31 87 2 22 13 27 7 33 27
1649 21 31 28 21 107 1 20 19 24 17 33 27
1650 21 32 37 28 99 35 23 23 27 24 33 27
1651 21 37 48 33 184 95 23 22 27 13 33 27
1652 21 38 39 27 105 39 22 1 30 41 33 27
1653 21 27 32 30 84 39 25 35 27 5 33 27
1654 21 27 21 22 98 4 23 25 26 4 33 27
1655 21 24 15 25 104 8 18 21 26 11 33 27
1656 21 36 39 28 101 41 20 46 26 14 33 27
1657 21 33 31 27 93 1 19 34 24 25 33 27
1658 21 33 28 24 78 29 25 21 29 34 33 27
1659 21 33 34 23 65 46 28 20 31 9 33 27
1660 21 31 29 35 185 1 22 40 27 38 33 27
1661 21 29 30 25 73 58 19 30 25 3 33 27
1662 21 34 37 26 91 60 17 23 21 27 33 27
1663 21 31 28 17 56 1 22 22 28 15 33 27
1664 21 35 29 21 86 1 24 32 29 31 33 27
1665 21 30 30 40 59 1 19 28 21 16 33 27
1666 21 32 31 23 62 65 22 24 27 1 33 27
1667 21 35 28 18 71 63 22 28 29 30 33 27
1668 21 29 27 25 88 63 21 32 25 17 33 27
1669 21 22 7 30 198 1 22 24 32 1 33 27
1670 21 34 35 28 51 1 24 29 31 27 33 27
1671 21 26 16 23 100 6 19 34 20 23 33 27
1672 21 33 34 25 49 45 26 17 30 16 33 27
1673 21 29 33 32 74 30 24 19 28 13 33 27
1674 21 35 39 29 207 28 28 21 29 13 33 27
1675 21 42 51 28 95 18 22 35 32 16 33 27
1676 21 30 33 25 409 88 21 23 24 15 33 27
1677 21 35 44 28 116 120 23 24 20 6 33 27
1678 21 32 23 15 234 23 25 19 23 12 33 27
1679 21 29 26 34 47 1 21 37 31 22 33 27
1680 21 37 41 29 77 33 27 20 32 34 33 27
1681 21 26 16 24 75 52 25 15 26 9 33 27
1682 21 39 46 22 78 68 27 22 26 40 33 27
1683 21 31 22 22 71 26 20 21 26 17 33 27
1684 21 34 36 35 145 1 21 27 26 30 33 27
1685 21 21 11 30 150 1 20 16 21 1 33 27
1686 21 26 18 28 139 47 23 23 37 22 33 27
1687 21 31 32 28 61 57 22 28 20 8 33 27
1688 21 27 30 44 67 74 23 30 20 21 33 27
1689 21 35 36 34 81 1 21 28 23 32 33 27
1690 21 40 49 28 85 51 24 28 25 40 33 27
1691 21 35 37 21 126 40 24 26 24 18 33 27
1692 21 32 23 23 113 3 20 31 37 27 33 27
1693 21 26 17 24 107 1 17 29 26 11 33 27
1694 21 36 41 26 112 60 21 22 24 18 33 27
1695 21 25 15 20 55 1 19 24 26 9 32 27
1696 21 29 26 23 109 1 23 32 25 26 33 27
1697 21 38 40 16 63 21 24 15 27 37 33 27
1698 21 39 47 35 182 45 19 21 25 31 33 26
1699 21 31 27 18 105 4 20 21 29 15 33 27
1700 21 36 41 27 199 27 22 27 25 24 33 27
1701 21 34 42 33 72 77 27 24 30 1 33 27
1702 21 28 28 23 204 1 21 27 32 5 33 27
1703 21 32 32 23 136 1 22 20 28 16 33 27
1704 21 32 31 26 56 1 21 36 23 44 33 27
1705 21 40 49 27 62 72 27 23 32 46 33 27
1706 21 27 25 27 70 7 17 30 24 16 33 27
1707 21 26 12 1 129 22 23 19 23 1 33 27
1708 21 29 28 28 57 29 22 28 30 2 33 27
1709 21 27 20 27 74 31 26 25 27 30 33 27
1710 21 31 33 36 228 1 22 36 25 39 33 27
1711 21 35 34 28 55 29 25 25 30 32 33 27
1712 21 29 29 18 165 1 21 24 24 28 33 27
1713 21 33 32 21 118 1 22 25 20 28 33 27
1714 21 31 25 33 109 1 21 35 28 34 33 27
1715 21 32 32 21 53 33 22 17 23 24 33 27
1716 21 33 31 28 99 33 20 30 25 44 33 27
1717 21 30 30 33 61 11 21 24 22 1 32 27
1718 21 27 23 32 63 41 26 27 30 1 32 27
1719 21 23 15 20 103 1 23 28 19 10 33 27
1720 21 34 43 37 113 1 19 29 27 42 33 27
1721 22 34 34 19 68 31 22 19 26 12 33 27
1722 22 37 43 26 142 1 17 30 23 23 33 27
1723 21 30 21 15 107 21 22 1 37 17 33 27
1724 21 32 40 23 79 49 19 21 23 19 33 27
1725 21 34 34 32 73 38 22 24 24 36 33 27
1726 21 31 32 30 54 80 18 30 25 20 33 27
1727 21 33 31 23 81 76 22 18 30 19 33 27
1728 21 36 38 34 168 9 21 52 27 18 33 27
1729 21 32 33 37 77 30 22 30 28 28 33 27
1730 21 41 47 20 107 23 24 22 31 21 33 27
1731 21 33 41 26 121 72 24 16 26 1 32 27
1732 21 32 26 19 198 1 20 1 29 33 33 27
1733 21 33 33 34 77 1 24 37 22 43 33 27
1734 21 35 39 38 52 46 23 32 26 36 33 27
1735 21 36 39 24 64 1 22 24 26 18 33 27
1736 21 31 27 20 83 26 24 24 21 21 33 27
1737 21 26 18 9 87 7 19 21 29 1 33 27
1738 21 27 20 22 55 48 22 23 24 14 33 27
1739 21 34 37 25 100 11 26 40 30 31 33 27
1740 21 30 31 17 104 55 26 17 26 1 33 27
1741 21 29 30 33 89 47 19 27 25 10 33 27
1742 21 29 29 27 80 38 28 26 29 8 33 27
1743 21 29 28 25 86 65 20 24 28 1 33 27
1744 21 32 37 33 66 46 23 34 21 20 33 27
1745 21 29 24 18 137 1 21 21 30 1 33 27
1746 21 33 30 25 79 20 23 29 29 24 33 27
1747 21 34 35 34 71 1 22 32 22 42 33 27
1748 21 29 25 30 91 15 22 27 25 23 33 27
1749 21 34 33 23 73 37 23 21 24 21 33 27
1750 21 35 36 35 56 29 18 1 32 28 33 27
1751 21 30 31 27 93 75 21 24 29 1 33 27
1752 21 32 26 27 64 1 23 32 34 38 33 27
1753 21 34 32 30 50 26 24 37 29 51 33 27
1754 21 25 17 24 107 26 27 17 26 2 33 27
1755 21 29 30 31 489 1 23 35 24 35 33 27
1756 21 29 29 29 61 32 24 29 29 7 33 27
1757 21 38 46 30 86 83 29 23 30 19 33 27
1758 21 31 26 26 229 91 21 16 20 10 33 27
1759 21 37 42 31 96 1 26 23 34 7 33 27
1760 21 34 33 29 61 38 23 27 28 34 33 27
1761 21 25 12 25 88 1 21 29 26 24 33 27
1762 21 30 24 22 47 1 23 27 21 32 33 27
1763 21 33 35 28 64 34 20 33 27 34 33 27
1764 21 30 34 34 104 87 26 21 22 11 33 27
1765 21 37 38 29 138 55 21 25 26 29 33 27
1766 21 33 33 20 85 49 28 27 29 14 33 27
1767 21 30 26 28 101 1 21 34 34 32 33 27
1768 21 25 16 30 68 1 21 24 24 17 33 27
1769 21 34 32 30 172 49 22 26 22 15 33 27
1770 21 33 29 21 121 24 21 37 26 14 33 27
1771 21 32 34 28 76 6 26 26 21 12 33 27
1772 21 26 17 5 71 14 27 22 27 17 33 27
1773 21 25 19 37 89 1 22 20 25 7 33 27
1774 21 30 32 41 73 72 22 17 24 9 33 27
1775 21 29 29 28 87 77 23 27 29 3 33 27
1776 21 32 29 22 100 1 23 27 25 27 33 27
1777 21 27 23 31 64 76 21 19 26 6 33 27
1778 21 30 29 33 120 1 23 26 8 23 33 27
1779 21 28 19 8 252 16 22 16 27 1 33 27
1780 21 31 34 26 56 86 22 24 24 1 33 27
1781 21 33 40 25 146 79 24 30 31 8 33 27
1782 21 34 29 16 124 7 21 21 27 36 33 27
1783 21 28 14 14 107 29 27 31 29 36 33 27
1784 21 34 34 15 103 66 23 20 32 5 33 27
1785 21 35 41 34 99 58 23 14 26 20 33 27
1786 21 24 15 17 82 23 20 19 25 1 33 27
1787 21 34 31 22 250 6 18 22 28 36 33 27
1788 21 35 35 19 91 66 23 27 29 31 33 27
1789 21 23 7 15 70 13 21 27 25 8 33 27
1790 21 32 26 27 50 33 20 1 32 19 33 27
1791 21 40 39 20 55 67 22 29 29 36 33 27
1792 22 35 35 25 67 1 24 20 33 27 33 27
1793 21 27 25 26 113 17 23 21 25 1 33 27
1794 21 31 29 28 92 73 23 27 35 15 33 27
1795 21 31 31 32 99 1 23 30 41 33 33 27
1796 22 34 35 20 249 1 20 23 30 15 33 27
1797 21 32 30 29 73 16 23 34 20 30 33 27
1798 21 28 28 32 88 1 20 34 25 23 33 27
1799 21 32 25 20 102 6 23 27 27 37 33 27
1800 21 31 21 19 163 11 24 18 33 23 33 27
1801 21 36 40 33 59 13 21 21 26 31 33 27
1802 21 28 22 33 77 12 21 21 25 12 33 27
1803 21 33 32 16 146 1 24 21 26 4 33 27
1804 22 32 29 33 124 70 19 1 28 16 33 27
1805 21 40 44 34 132 6 28 21 37 35 33 27
1806 21 33 27 26 93 2 23 30 32 41 33 27
1807 21 28 20 24 88 61 25 15 27 23 33 27
1808 21 41 46 21 91 59 25 20 31 38 33 27
1809 21 31 32 22 141 15 24 48 30 23 33 27
1810 21 29 23 18 183 70 20 24 26 3 33 27
1811 21 25 19 19 56 1 17 1 32 6 33 27
1812 21 32 35 38 71 1 20 33 27 34 33 27
1813 21 28 29 35 113 79 25 20 26 4 33 27
1814 21 31 35 31 201 46 22 23 26 23 33 27
1815 21 34 29 29 126 40 25 25 23 33 33 27
1816 21 35 41 26 97 90 21 17 24 1 33 27
1817 21 27 19 29 217 35 19 38 28 18 33 27
1818 21 32 28 22 48 37 23 17 29 22 33 27
1819 21 26 20 28 70 1 22 1 29 11 32 27
1820 21 32 28 14 107 23 24 26 28 21 33 27
1821 21 35 41 23 74 1 20 16 23 7 33 27
1822 22 27 16 12 71 11 22 28 28 12 33 27
1823 21 22 11 17 42 29 16 34 23 18 33 27
1824 21 32 33 28 83 41 22 34 26 25 33 27
1825 21 32 34 29 55 61 16 20 22 1 32 27
1826 21 28 20 30 66 68 23 27 24 14 33 27
1827 21 25 18 27 46 31 24 25 30 19 33 27
1828 21 27 22 21 63 83 21 28 31 7 33 27
1829 21 27 21 25 89 38 22 31 33 6 33 27
1830 21 33 36 35 338 15 31 27 23 29 33 27
1831 21 29 23 21 51 1 21 32 28 21 33 27
1832 21 32 29 34 151 1 20 35 27 41 33 27
1833 21 24 11 23 67 6 22 1 21 5 32 27
1834 21 29 27 22 66 86 23 18 31 8 32 26
1835 21 29 30 33 50 60 27 33 30 2 33 27
1836 21 38 41 41 107 12 24 40 23 48 33 27
1837 21 33 36 19 91 18 22 21 29 13 33 27
1838 21 29 27 28 170 25 22 29 24 23 33 27
1839 21 35 38 32 148 1 22 33 28 39 33 27
1840 21 34 35 16 63 1 25 17 30 21 33 27
1841 21 35 36 21 151 45 23 21 24 28 33 27
1842 21 32 32 29 101 23 26 33 23 30 33 27
1843 21 28 28 20 105 35 23 24 26 8 33 27
1844 21 24 18 27 120 26 26 26 30 25 33 27
1845 21 29 25 24 58 30 18 37 25 31 33 27
1846 21 26 10 21 83 1 24 28 22 13 33 27
1847 21 35 27 16 66 42 22 16 28 29 33 27
1848 21 41 52 30 162 79 25 46 27 49 33 27
1849 21 39 45 25 66 114 20 12 30 22 33 27
1850 21 32 32 18 66 10 20 29 23 7 33 27
1851 21 32 35 36 103 10 23 28 26 35 33 27
1852 21 34 43 42 57 48 25 30 25 15 33 27
1853 21 35 39 33 191 54 24 24 27 32 33 27
1854 22 33 31 25 121 47 22 24 32 20 33 27
1855 21 27 18 29 102 44 22 34 23 27 33 27
1856 21 38 40 30 61 20 20 34 19 47 33 27
1857 21 33 29 24 133 40 26 21 30 19 33 27
1858 21 32 28 15 97 12 23 22 34 21 33 27
1859 21 35 40 34 52 85 23 26 29 20 33 27
1860 21 30 24 26 185 1 23 24 30 22 33 27
1861 21 34 37 34 99 67 27 46 29 27 33 27
1862 21 46 52 34 115 96 26 33 26 52 33 27
1863 21 31 31 19 129 29 23 26 25 1 32 27
1864 21 34 33 37 89 1 25 37 35 29 33 27
1865 21 28 19 28 37 1 19 36 25 22 33 27
1866 21 35 35 18 166 1 21 15 26 22 33 27
1867 22 32 29 28 64 1 22 38 24 30 33 27
1868 21 34 38 15 69 53 21 14 30 1 33 27
1869 22 34 37 33 64 34 23 24 27 23 33 27
1870 21 37 42 29 107 9 25 31 35 36 33 27
1871 21 32 25 31 92 26 27 37 30 41 33 27
1872 21 34 37 56 56 1 23 37 32 21 33 27
1873 21 34 33 12 126 1 20 23 25 1 33 27
1874 21 37 46 34 116 11 22 15 22 23 33 27
1875 21 36 30 25 301 93 27 25 34 24 33 27
1876 21 36 41 25 121 42 24 27 29 42 33 27
1877 21 29 24 28 127 37 21 39 27 24 33 27
1878 21 35 37 39 94 1 22 40 25 44 33 27
1879 21 26 15 18 94 46 23 19 25 10 33 27
1880 21 31 31 26 210 62 22 33 21 15 33 27
1881 21 33 30 18 88 74 19 17 31 30 33 27
1882 22 37 41 26 58 44 17 32 28 35 33 27
1883 21 29 24 17 179 34 23 17 26 15 33 27
1884 21 26 20 35 70 16 22 22 14 1 33 27
1885 21 29 27 12 104 33 19 19 27 1 32 26
1886 21 34 34 22 58 1 20 29 34 25 33 27
1887 21 33 31 25 105 33 18 21 25 19 33 27
1888 21 29 28 32 74 76 16 17 19 9 33 27
1889 21 32 30 25 60 1 25 25 28 13 33 27
1890 21 34 37 22 105 52 17 27 22 1 33 27
1891 21 24 21 49 76 44 19 1 29 10 33 27
1892 21 29 25 23 56 19 23 22 25 22 33 27
1893 21 34 37 27 77 1 20 26 25 28 33 27
1894 22 32 33 38 58 1 24 41 23 45 33 27
1895 21 25 16 15 129 48 19 31 25 2 33 27
1896 21 30 22 23 192 17 21 13 29 18 33 27
1897 21 29 25 13 82 73 23 14 21 1 33 27
1898 21 26 19 31 82 45 23 24 30 12 33 27
1899 21 24 9 17 103 1 21 19 29 4 33 27
1900 21 39 41 13 100 1 21 28 35 46 33 27
1901 21 28 20 26 69 1 23 28 26 31 33 27
1902 21 30 25 13 78 2 23 28 28 1 33 27
1903 21 33 33 29 87 42 26 22 27 1 33 27
1904 21 34 31 23 77 80 23 13 23 22 33 27
1905 21 33 36 42 112 55 20 30 22 23 33 27
1906 21 30 23 19 296 31 26 33 30 32 33 27
1907 21 27 18 33 64 31 22 1 37 8 33 27
1908 21 37 34 11 97 1 21 24 26 31 33 27
1909 21 30 35 23 67 63 19 26 18 2 33 27
1910 21 33 32 30 126 1 23 32 23 26 33 27
1911 21 31 25 27 83 14 25 27 27 30 33 27
1912 21 30 28 25 83 1 22 23 24 28 33 27
1913 21 31 29 23 96 49 270 1 29 19 33 27
1914 21 30 23 27 128 24 26 30 31 33 33 27
1915 21 25 16 10 109 15 22 37 21 1 33 27
1916 21 28 27 20 89 14 22 28 27 2 33 27
1917 21 27 23 11 89 16 23 18 29 1 33 27
1918 21 36 32 10 67 1 19 28 19 30 33 27
1919 21 28 19 23 107 1 24 21 27 19 33 27
1920 22 34 36 33 101 12 22 30 22 19 33 27
1921 21 31 28 18 76 13 20 17 29 6 33 27
1922 21 28 27 33 68 36 25 31 31 25 33 27
1923 21 31 29 23 65 35 23 36 30 23 33 27
1924 21 32 33 13 186 52 23 10 26 1 33 27
1925 21 32 29 30 118 9 25 31 24 39 33 27
1926 21 27 17 20 83 21 24 16 29 9 33 27
1927 21 31 29 32 84 1 22 23 32 18 33 27
1928 21 31 30 35 92 1 24 30 27 32 33 27
1929 21 32 25 27 106 50 20 32 23 36 33 27
1930 21 27 24 27 100 8 21 9 21 3 33 27
1931 21 33 28 15 85 5 22 16 27 19 33 27
1932 21 24 18 23 59 12 23 31 26 5 33 27
1933 21 29 24 30 61 1 22 34 25 31 33 27
1934 21 32 36 25 96 1 25 25 24 25 33 27
1935 21 39 46 26 92 26 27 33 31 38 33 27
1936 21 24 9 19 77 16 23 29 25 15 33 27
1937 21 27 23 27 57 1 19 35 20 9 33 27
1938 21 36 42 27 93 63 25 23 22 15 33 27
1939 21 28 24 19 73 37 19 15 24 1 32 27
1940 21 32 33 26 228 41 29 17 22 20 33 27
1941 21 32 36 29 62 68 25 19 30 1 33 27
1942 21 33 40 43 65 2 21 20 26 15 33 27
1943 21 36 38 31 84 9 23 30 29 30 33 27
1944 21 30 22 23 51 40 18 30 25 11 33 27
1945 21 34 36 29 54 1 24 25 24 27 33 27
1946 21 30 22 18 48 23 24 19 27 3 33 27
1947 21 29 20 28 164 1 26 33 31 19 33 27
1948 21 33 30 30 65 39 28 40 31 33 33 27
1949 21 33 31 28 102 44 22 27 22 26 33 27
1950 21 37 46 32 54 12 23 43 22 24 33 27
1951 21 31 37 36 245 1 22 35 23 24 33 27
1952 21 35 36 20 154 16 22 21 23 16 33 27
1953 21 32 29 9 65 1 21 24 35 16 33 27
1954 21 32 33 24 120 37 24 25 27 15 33 27
1955 21 39 43 26 64 1 27 25 26 22 33 27
1956 21 28 25 24 76 26 19 25 20 1 33 27
1957 21 37 41 25 111 1 23 1 30 38 33 27
1958 21 30 23 20 69 1 21 22 27 8 32 26
1959 21 38 43 33 57 1 22 29 23 46 33 27
1960 21 29 22 25 67 2 23 25 28 30 33 27
1961 21 32 27 24 86 1 25 29 31 44 33 27
1962 21 31 31 30 91 51 24 39 36 16 33 27
1963 21 37 44 30 57 34 23 22 28 31 33 27
1964 21 31 25 15 103 61 22 28 25 3 33 27
1965 21 34 33 26 94 1 21 26 26 25 33 27
1966 21 34 37 33 82 1 18 32 30 17 33 27
1967 21 32 36 24 110 1 20 24 24 21 33 27
1968 21 33 37 34 123 1 22 27 25 37 33 27
1969 21 32 28 26 60 1 27 20 39 10 33 27
1970 21 40 47 30 68 1 22 21 25 38 33 27
1971 21 30 21 21 221 58 23 26 16 23 33 27
1972 21 32 30 29 135 63 21 38 26 26 33 27
1973 21 35 37 16 74 45 23 23 26 28 33 27
1974 21 34 32 33 134 34 22 34 35 34 33 27
1975 21 35 44 26 83 27 22 31 24 25 33 27
1976 21 35 34 11 72 19 18 1 28 33 33 27
1977 21 29 19 15 70 68 28 22 35 8 33 27
1978 21 30 30 29 112 96 22 22 32 12 33 27
1979 21 29 29 26 73 105 21 33 24 1 33 27
1980 21 33 38 27 94 92 25 30 31 7 33 27
1981 21 34 35 31 90 29 20 1 31 23 33 27
1982 21 23 11 16 75 4 22 35 22 22 33 27
1983 21 30 29 36 188 15 21 32 23 28 33 27
1984 21 36 34 29 66 1 18 8 30 28 33 27
1985 21 32 33 17 118 1 20 24 24 13 33 27
1986 21 40 49 39 106 4 19 21 22 36 33 27
1987 21 35 39 18 119 15 17 24 28 28 33 27
1988 21 33 31 30 209 24 23 32 24 29 33 27
1989 21 28 26 32 79 16 26 40 22 19 33 27
1990 21 26 22 33 98 26 26 36 28 21 33 27
1991 21 25 23 20 77 18 23 22 29 1 33 27
1992 21 23 18 34 70 19 26 24 28 1 33 27
1993 21 27 18 23 82 37 22 20 26 1 32 27
1994 21 30 23 18 101 1 21 25 26 2 33 27
1995 21 67 217 32 585 177 22 27 28 26 33 27
1996 21 29 20 20 84 35 20 25 18 13 33 27
1997 21 30 19 9 81 1 18 25 26 19 33 27
1998 21 22 10 25 51 1 20 35 22 9 33 27
1999 21 35 38 29 156 1 24 36 24 27 33 27
2000 21 30 31 34 67 1 25 25 21 15 33 27
2001 21 39 47 32 175 1 28 30 33 25 33 27
2002 21 32 35 27 111 48 22 30 30 15 33 27
2003 21 31 30 30 81 44 22 29 23 21 33 27
2004 21 31 28 29 124 1 24 25 25 28 33 27
2005 21 32 30 28 81 114 24 30 24 2 33 27
2006 21 32 32 21 150 105 23 27 21 22 33 27
2007 21 29 26 32 161 1 25 32 30 22 33 27
2008 21 32 32 15 65 37 23 20 31 19 33 27
2009 21 32 30 27 90 1 21 19 23 23 33 27
2010 21 33 39 27 91 65 24 23 27 11 33 27
2011 21 31 30 17 102 62 24 24 26 3 33 27
2012 21 30 28 21 55 37 27 16 28 18 33 27
2013 21 26 16 22 64 19 18 20 26 6 33 27
2014 21 29 22 28 46 1 23 32 26 42 33 27
2015 21 29 20 21 77 24 23 26 32 6 33 27
2016 21 27 24 30 89 17 22 9 31 1 33 27
2017 21 30 21 33 104 26 20 33 24 30 33 27
2018 21 31 28 8 143 61 23 21 24 3 33 27
2019 21 35 38 29 315 66 24 22 22 12 33 27
2020 21 25 16 32 59 30 23 19 24 13 33 27
2021 21 32 35 34 114 55 23 22 25 30 33 27
2022 21 33 36 23 145 39 20 22 29 10 33 27
2023 21 30 24 30 48 28 22 18 25 19 33 27
2024 21 25 14 17 37 14 21 5 20 9 33 27
2025 21 29 22 14 106 1 18 24 26 9 33 27
2026 21 33 31 13 79 1 25 33 25 32 33 27
2027 21 37 46 25 167 123 24 25 31 1 33 27
2028 21 21 8 16 118 1 22 42 15 6 33 27
2029 21 29 24 17 81 44 21 16 19 25 33 27
2030 21 26 19 14 62 1 18 24 26 15 33 27
2031 21 31 30 26 54 8 21 32 21 18 33 27
2032 21 34 36 27 58 45 20 17 29 19 33 27
2033 21 35 38 30 63 115 20 23 12 26 33 27
2034 21 33 36 22 80 42 27 21 27 17 33 27
2035 21 28 26 31 54 19 23 48 20 13 33 27
2036 21 33 37 25 132 64 25 30 27 4 33 27
2037 21 29 24 28 57 14 26 22 21 23 33 27
2038 21 26 21 26 87 1 21 22 24 6 33 27
2039 21 29 25 33 75 55 25 20 27 17 33 27
2040 21 35 29 22 65 44 25 25 29 22 33 27
2041 21 22 16 22 158 1 18 18 27 1 33 27
2042 21 32 29 29 92 1 20 29 34 42 33 27
2043 21 30 23 17 83 39 19 14 25 23 33 27
2044 21 30 27 21 66 1 21 23 26 15 33 27
2045 21 30 25 20 92 2 21 27 27 14 33 27
2046 21 28 27 32 70 1 26 37 26 19 33 27
2047 21 27 20 31 37 26 23 31 21 31 33 27
2048 21 35 40 35 111 82 21 37 26 10 33 27
2049 21 34 29 37 76 1 20 36 26 35 33 27
2050 21 38 42 25 59 27 18 16 29 26 33 27
2051 21 35 40 38 54 1 29 25 28 36 33 27
2052 21 30 25 23 106 1 18 26 25 21 33 27
2053 21 30 27 17 158 53 26 17 25 12 33 27
2054 21 36 37 21 138 1 21 21 28 39 33 27
2055 21 26 25 34 159 67 24 3 29 6 33 27
2056 21 35 39 29 61 1 21 25 26 27 33 27
2057 21 33 34 23 81 40 27 25 33 7 33 27
2058 22 32 32 35 76 57 25 36 26 35 33 27
2059 21 31 24 19 63 65 24 27 28 25 33 27
2060 21 31 29 32 76 1 24 34 27 34 33 27
2061 21 28 19 16 67 7 18 22 26 30 33 27
2062 21 30 20 28 44 33 25 30 31 26 33 27
2063 21 17 1 24 79 1 17 37 15 1 33 27
2064 21 34 39 28 190 71 24 32 31 11 33 27
2065 21 28 24 33 128 32 22 20 26 14 33 27
2066 21 39 46 19 58 67 20 21 31 24 33 27
2067 21 29 29 42 111 30 23 37 22 34 33 27
2068 21 31 30 28 98 34 22 26 29 28 33 27
2069 21 33 26 20 171 39 23 28 28 26 33 27
2070 21 29 22 20 43 1 23 27 23 21 33 27
2071 21 31 30 26 103 1 21 25 28 30 33 27
2072 21 25 20 32 92 1 20 23 24 26 33 27
2073 21 38 41 20 139 31 23 27 29 40 33 27
2074 21 33 43 33 113 93 19 28 30 17 33 27
2075 21 32 32 39 69 1 327 25 20 30 33 27
2076 22 29 25 28 54 84 23 28 20 15 33 27
2077 21 35 41 27 62 1 20 25 28 24 33 27
2078 21 33 38 29 90 1 20 22 25 20 33 27
2079 21 32 30 27 74 1 18 18 26 29 33 27
2080 21 32 29 18 114 33 22 21 28 20 33 27
2081 21 30 26 15 90 7 23 22 25 1 33 27
2082 21 34 30 6 179 1 26 27 27 26 33 27
2083 21 32 30 22 111 1 24 24 35 28 33 27
2084 21 29 27 33 186 55 25 24 30 26 33 27
2085 21 32 32 17 82 16 24 22 28 11 33 27
2086 21 33 39 30 64 16 20 26 29 14 33 27
2087 21 30 23 26 53 71 21 25 30 3 33 27
2088 21 34 35 22 117 21 18 34 28 28 33 27
2089 21 26 28 43 50 15 23 25 24 13 33 27
2090 21 33 33 29 98 8 22 25 28 32 33 27
2091 21 29 24 18 160 1 21 27 30 27 33 27
2092 21 30 30 35 95 15 18 26 22 18 33 27
2093 21 30 37 39 211 80 20 31 24 1 33 27
2094 21 31 29 34 95 28 20 27 26 26 33 27
2095 21 33 39 35 86 35 25 24 29 8 33 27
2096 21 30 26 22 57 51 22 26 25 3 33 27
2097 21 28 25 31 45 61 25 1 29 8 33 27
2098 21 32 28 33 89 34 25 16 29 32 33 27
2099 21 34 37 29 67 44 25 28 21 17 33 27
2100 21 31 32 26 221 79 20 28 26 1 33 27
2101 21 31 32 32 58 76 21 26 23 27 33 27
2102 21 31 31 28 69 56 23 24 31 14 33 27
2103 21 29 25 26 52 26 25 20 31 8 33 27
2104 21 32 32 20 69 56 19 20 26 1 33 27
2105 22 29 22 20 67 10 22 30 30 11 33 27
2106 21 26 23 31 76 21 22 24 27 7 33 27
2107 21 36 34 14 87 1 28 20 31 40 33 27
2108 21 33 29 16 137 23 23 17 27 4 33 27
2109 21 32 30 20 78 1 24 42 25 24 33 27
2110 21 29 25 23 74 1 58 24 22 31 33 27
2111 21 32 29 35 118 6 24 1 33 19 33 27
2112 21 29 31 30 66 53 21 24 21 15 33 27
2113 21 25 21 35 69 10 22 32 29 20 33 27
2114 22 34 32 26 140 38 28 29 29 22 33 27
2115 21 23 15 29 136 21 24 33 23 1 33 27
2116 21 37 42 25 79 5 25 19 31 24 33 27
2117 21 36 43 28 50 50 22 24 30 33 33 27
2118 21 31 27 18 111 20 23 33 31 21 33 27
2119 21 33 34 15 156 13 22 30 15 19 33 27
2120 21 32 35 29 53 1 21 33 30 29 33 27
2121 21 27 19 24 56 17 21 18 26 1 33 27
2122 21 33 33 35 55 28 21 27 23 38 33 27
2123 22 34 26 6 88 41 23 28 28 25 33 27
2124 21 31 28 22 44 54 18 27 27 31 33 27
2125 22 34 36 33 94 85 24 31 25 21 33 27
2126 21 30 22 29 57 74 25 26 31 17 33 27
2127 22 38 47 35 84 1 25 31 28 25 33 27
2128 21 28 28 26 60 1 21 27 24 17 33 27
2129 21 32 37 29 106 60 27 27 33 1 33 27
2130 21 29 25 30 41 1 23 30 25 27 33 27
2131 21 26 14 13 88 26 23 24 20 1 33 27
2132 22 36 36 24 127 12 20 23 24 37 33 27
2133 21 33 29 15 153 1 21 22 20 1 33 27
2134 21 29 34 38 91 43 20 36 24 18 33 27
2135 21 30 25 16 64 20 24 44 24 11 33 27
2136 21 37 42 34 69 60 21 32 24 38 33 27
2137 21 24 16 26 459 29 17 33 23 14 33 27
2138 21 28 27 21 71 1 25 17 26 1 33 27
2139 21 33 26 14 277 56 20 19 27 1 33 27
2140 21 34 32 26 89 1 21 18 26 24 33 27
2141 21 32 35 37 48 1 23 31 30 39 33 27
2142 21 31 27 33 111 51 24 30 31 6 33 27
2143 21 29 21 16 50 84 24 25 30 1 33 27
2144 21 29 24 13 58 14 23 22 30 1 33 27
2145 21 32 39 36 83 1 19 30 28 30 33 27
2146 21 27 18 27 67 17 23 1 29 20 33 27
2147 21 36 37 23 130 1 25 30 26 36 33 27
2148 21 35 35 29 72 13 21 30 33 41 33 27
2149 21 31 33 30 83 1 17 37 25 1 33 27
2150 21 27 24 33 141 17 27 27 32 1 33 27
2151 21 36 40 30 75 40 22 26 31 41 33 27
2152 21 32 30 36 92 1 22 42 27 42 33 27
2153 21 29 20 25 45 1 22 27 31 16 33 27
2154 21 27 21 15 82 1 23 29 21 25 33 27
2155 21 28 26 25 53 31 26 34 30 7 33 27
2156 22 30 28 28 151 1 17 37 22 25 33 27
2157 21 35 33 31 76 78 19 25 30 32 33 27
2158 21 29 28 39 104 48 22 29 28 11 33 27
2159 21 39 45 32 99 51 24 26 26 12 33 27
2160 21 31 32 22 108 11 26 25 27 23 33 27
2161 21 31 24 24 54 26 26 29 20 5 33 27
2162 21 32 32 23 90 59 22 8 25 1 33 27
2163 22 31 30 26 148 1 21 31 35 25 33 27
2164 21 22 15 29 52 25 20 32 24 1 33 27
2165 21 37 42 23 60 82 23 33 23 47 33 27
2166 21 33 37 33 60 77 23 21 29 1 33 27
2167 21 34 32 26 107 23 22 29 30 35 33 27
2168 21 31 29 33 44 1 26 35 35 39 33 27
2169 21 36 37 33 54 58 24 1 39 33 33 27
2170 21 26 20 24 131 1 22 30 32 35 33 27
2171 21 31 26 29 51 77 22 32 26 30 33 27
2172 21 36 32 21 235 57 26 27 26 36 33 27
2173 21 32 27 9 85 66 21 15 22 6 33 27
2174 21 34 35 30 92 19 24 29 22 35 33 27
2175 21 34 45 31 84 57 21 26 28 14 33 27
2176 21 31 27 11 121 1 24 26 33 11 33 27
2177 21 28 27 27 48 20 24 38 24 8 33 27
2178 21 30 26 16 86 1 22 18 26 1 33 27
2179 21 34 40 41 180 58 21 35 27 38 33 27
2180 21 38 44 43 213 34 25 31 25 42 33 27
2181 21 35 39 22 93 43 22 24 20 17 33 27
2182 21 29 23 30 86 9 19 32 27 19 33 27
2183 21 27 25 26 126 25 18 20 23 1 32 27
2184 21 30 27 29 78 1 24 28 30 18 33 27
2185 21 30 25 34 86 1 25 28 33 4 33 27
2186 21 36 36 29 72 54 23 1 28 30 33 27
2187 21 26 17 20 98 5 20 23 32 1 32 27
2188 21 30 25 24 126 18 25 29 31 35 33 27
2189 21 33 35 33 87 4 19 26 26 28 33 27
2190 21 22 22 32 78 42 21 14 30 11 33 27
2191 21 34 38 38 60 69 23 20 27 16 33 27
2192 21 31 30 25 60 14 23 59 27 39 33 27
2193 21 29 18 26 114 24 19 31 23 21 33 27
2194 21 28 18 18 92 1 22 51 30 29 33 27
2195 21 33 32 16 87 17 22 11 22 6 33 27
2196 21 32 30 22 137 1 24 24 31 19 33 27
2197 21 30 27 24 104 28 19 28 22 23 33 27
2198 21 37 43 25 102 98 21 23 26 21 33 27
2199 21 33 35 25 57 107 22 20 27 11 33 27
2200 21 27 22 19 121 34 23 30 31 10 33 27
2201 21 33 34 24 56 1 19 26 31 30 33 27
2202 21 38 33 17 124 1 23 33 23 39 33 27
2203 21 25 31 48 142 112 26 18 35 1 33 27
2204 21 36 46 27 125 45 20 21 28 1 32 27
2205 21 30 32 39 92 10 21 34 26 22 33 27
2206 21 28 19 23 52 27 25 26 29 18 33 27
2207 21 26 17 8 130 1 23 25 25 1 33 27
2208 21 35 33 23 114 37 26 25 33 39 33 27
2209 21 23 17 36 111 8 21 22 31 1 33 27
2210 22 30 31 33 74 3 18 23 22 14 33 27
2211 21 36 38 31 134 1 22 25 30 12 33 27
2212 21 38 42 38 78 77 16 58 30 31 33 27
2213 21 30 27 32 159 47 23 32 26 21 33 27
2214 21 28 22 20 74 33 20 17 27 1 32 27
2215 21 35 37 24 108 31 22 20 28 23 33 27
2216 21 26 20 14 84 45 20 22 29 1 33 27
2217 21 26 24 36 61 67 21 17 23 1 32 27
2218 21 27 24 24 79 39 24 36 24 27 33 27
2219 21 34 38 20 158 90 25 15 28 1 33 27
2220 21 30 27 23 48 12 23 22 34 1 33 27
2221 21 35 37 25 69 1 23 20 24 12 33 27
2222 21 27 16 25 84 16 23 38 22 30 33 27
2223 21 33 29 22 112 1 22 18 19 1 33 27
2224 21 27 20 17 73 6 24 32 22 13 33 27
2225 21 36 38 31 84 40 24 30 31 24 33 27
2226 21 33 39 31 96 15 24 23 33 1 33 27
2227 21 32 36 33 61 60 20 42 27 11 33 27
2228 21 28 26 16 60 1 20 30 28 1 32 27
2229 21 32 31 33 104 1 20 36 24 46 33 27
2230 21 27 18 21 84 27 22 27 25 20 33 27
2231 21 28 28 21 88 1 23 23 26 1 32 27
2232 21 27 14 21 243 2 21 20 24 9 33 27
2233 21 32 31 37 87 30 23 32 26 45 33 27
2234 21 38 47 30 89 53 21 26 22 22 33 27
2235 21 29 26 24 57 90 21 29 23 7 33 27
2236 21 25 18 25 148 5 21 8 22 1 33 27
2237 21 29 33 39 120 87 25 18 29 1 33 27
2238 21 39 47 28 65 37 26 25 27 16 33 27
2239 21 37 43 34 140 77 19 26 27 24 33 27
2240 21 31 22 24 41 19 26 29 25 46 33 27
2241 21 27 16 22 43 25 22 13 21 10 33 27
2242 21 34 34 23 56 11 21 19 19 24 33 27
2243 21 30 28 18 62 68 22 28 27 1 32 27
2244 21 33 29 38 67 1 21 38 29 31 33 27
2245 21 202 46 24 120 56 26 25 27 33 33 27
2246 21 30 26 9 66 25 19 24 30 1 33 27
2247 21 26 21 19 63 50 19 25 23 5 33 27
2248 21 33 40 32 60 1 24 26 30 26 33 27
2249 21 27 18 18 86 14 22 29 28 18 33 27
2250 21 30 31 27 54 38 19 14 33 1 33 27
2251 21 32 35 36 249 22 23 17 23 13 33 27
2252 21 27 16 27 121 12 21 19 29 1 33 27
2253 21 29 25 17 80 59 20 27 23 1 33 27
2254 21 33 40 27 99 33 25 24 32 7 33 27
2255 21 32 31 22 122 27 25 28 31 41 33 27
2256 21 27 22 25 49 1 22 19 33 11 33 27
2257 21 34 38 14 195 1 20 30 27 27 33 27
2258 21 26 19 17 80 10 19 23 22 7 33 27
2259 21 24 15 27 65 26 23 25 30 20 33 27
2260 21 32 24 22 109 1 22 38 24 32 33 27
2261 21 25 9 8 120 1 19 25 29 1 33 27
2262 21 35 42 29 69 1 18 21 20 24 33 27
2263 21 34 37 27 87 7 22 40 28 10 33 27
2264 21 27 18 23 69 5 20 35 26 19 33 27
2265 21 34 39 32 96 125 23 24 29 8 33 27
2266 21 34 36 38 190 1 26 36 24 47 33 27
2267 21 31 31 19 102 1 19 24 21 4 33 27
2268 21 28 22 25 54 1 20 33 27 1 33 27
2269 21 29 28 14 161 1 26 13 27 2 33 27
2270 21 34 38 26 85 87 19 39 28 13 33 27
2271 21 33 27 25 67 1 22 35 23 22 33 27
2272 21 30 21 22 76 1 22 40 27 37 33 27
2273 21 31 33 27 64 1 22 20 27 13 33 27
2274 21 29 25 27 84 59 22 22 28 19 33 27
2275 21 30 26 31 75 1 21 28 26 26 33 27
2276 21 28 26 39 126 44 21 41 27 19 33 27
2277 21 34 40 32 60 1 24 18 25 24 33 27
2278 21 20 18 36 41 10 24 16 23 1 33 27
2279 21 31 17 1 119 12 25 28 29 19 33 27
2280 21 35 41 22 295 40 21 13 28 24 33 27
2281 21 30 23 8 66 1 25 35 24 32 33 27
2282 21 28 31 27 51 39 26 18 26 2 33 27
2283 21 36 36 17 67 66 25 31 25 5 33 27
2284 21 32 36 30 89 24 23 11 27 15 33 27
2285 21 31 28 28 84 1 20 30 20 34 33 27
2286 21 34 34 19 66 57 25 17 22 6 33 27
2287 21 32 36 23 84 28 17 22 27 1 33 27
2288 22 34 38 30 69 60 25 33 29 19 33 27
2289 21 29 21 20 87 49 19 20 27 20 33 27
2290 21 40 40 29 98 35 24 33 27 39 33 27
2291 21 34 30 21 74 7 19 21 24 29 33 27
2292 21 41 48 26 92 59 23 21 31 37 33 27
2293 21 32 26 30 70 1 26 26 23 28 33 27
2294 21 32 30 30 85 1 24 34 21 37 33 27
2295 21 24 15 17 74 1 21 18 25 11 33 27
2296 22 29 23 12 83 1 20 23 26 3 33 27
2297 21 32 29 23 51 1 22 28 22 35 33 27
2298 22 37 42 27 88 1 22 23 21 21 33 27
2299 21 40 44 25 102 66 21 1 30 26 33 27
2300 21 28 22 24 107 1 25 23 27 13 33 27
2301 21 27 19 22 87 1 20 18 25 13 33 27
2302 21 32 29 19 91 17 26 21 23 12 33 27
2303 21 34 33 28 166 1 25 23 30 21 33 27
2304 21 33 30 21 157 1 25 17 29 30 33 27
2305 21 29 22 21 91 5 25 32 32 11 33 27
2306 21 33 34 26 109 1 22 25 33 9 33 27
2307 21 33 23 23 263 1 17 22 25 17 33 27
2308 21 32 22 21 85 21 26 32 25 22 33 27
2309 21 24 17 23 43 17 23 27 28 13 33 27
2310 21 31 32 32 57 38 26 22 31 20 33 27
2311 21 33 31 15 145 19 25 29 25 19 33 27
2312 21 33 30 31 105 1 24 29 28 31 33 27
2313 21 31 9 23 122 1 123 26 18 1 33 27
2314 21 29 25 31 110 35 23 26 28 14 33 27
2315 21 24 16 36 382 7 17 25 26 1 33 27
2316 21 31 31 28 89 31 25 15 29 15 33 27
2317 21 32 27 11 143 1 19 20 28 25 33 27
2318 21 31 34 26 97 49 25 32 29 14 33 27
2319 21 33 35 26 55 52 23 35 23 22 33 27
2320 21 29 30 27 57 48 25 24 25 1 33 27
2321 21 29 20 21 51 1 20 29 28 34 33 27
2322 21 30 28 32 53 55 25 25 26 18 33 27
2323 21 22 13 27 102 1 22 17 22 15 33 27
2324 21 27 21 20 47 7 20 25 25 24 33 27
2325 21 30 32 26 55 49 25 19 28 1 33 27
2326 21 32 26 20 85 1 24 1 31 22 33 27
2327 21 32 37 30 52 35 22 28 30 13 33 27
2328 21 39 39 21 109 103 21 20 28 14 33 27
2329 22 32 28 27 154 8 22 32 15 35 33 27
2330 21 35 36 23 160 41 19 18 22 6 33 27
2331 21 38 47 29 104 86 19 35 25 18 33 27
2332 21 30 32 19 92 1 21 18 27 1 33 27
2333 21 36 39 32 58 15 31 1 35 15 33 27
2334 21 25 20 22 90 29 19 30 25 6 33 27
2335 21 28 21 25 114 15 24 27 32 16 33 27
2336 21 28 18 16 52 26 25 28 27 11 33 27
2337 21 30 31 20 64 21 21 32 25 7 33 27
2338 21 31 30 15 76 1 20 25 33 13 33 27
2339 21 29 22 24 164 1 20 30 24 7 33 27
2340 21 33 38 44 215 1 24 30 23 34 33 27
2341 21 36 35 35 75 46 20 29 26 24 33 27
2342 21 37 41 15 118 69 22 21 24 36 33 27
2343 21 31 29 26 101 10 18 23 27 17 33 27
2344 21 34 36 20 98 51 21 31 31 8 33 27
2345 21 34 40 27 178 30 20 21 24 2 33 27
2346 21 31 25 18 110 54 22 1 32 39 33 27
2347 21 34 34 22 117 34 18 20 25 33 33 27
2348 21 31 33 29 100 61 21 30 25 25 33 27
2349 21 31 31 28 161 1 22 31 26 26 33 27
2350 21 26 22 27 64 26 20 26 20 18 32 27
2351 21 35 40 31 61 101 21 17 22 25 33 27
2352 21 38 40 30 92 37 25 29 28 11 33 27
2353 21 34 36 32 86 80 23 32 29 18 33 27
2354 21 32 33 22 56 54 26 20 24 28 33 27
2355 21 37 45 33 74 1 20 29 25 22 33 27
2356 21 33 34 19 146 10 24 22 32 16 33 27
2357 21 30 21 29 75 5 22 1 35 15 33 27
2358 21 32 23 15 40 3 24 27 27 22 33 27
2359 21 31 22 17 64 25 25 34 25 28 33 27
2360 21 26 20 23 64 13 19 27 23 1 33 27
2361 21 32 35 35 52 64 26 20 35 21 33 27
2362 21 32 27 12 80 84 25 18 27 2 33 27
2363 21 35 35 38 44 3 24 29 22 40 33 27
2364 21 32 32 21 75 17 19 24 20 12 33 27
2365 21 35 33 21 79 8 21 19 22 32 33 27
2366 21 28 24 35 58 2 28 31 28 13 33 27
2367 22 36 45 35 142 7 24 21 26 22 33 27
2368 21 35 35 25 62 21 24 26 31 29 33 27
2369 22 34 29 16 74 1 20 25 30 35 34 27
2370 21 28 24 27 75 44 29 21 27 23 33 27
2371 21 27 20 13 154 1 19 25 25 15 33 27
2372 21 29 26 13 104 7 20 20 29 27 33 27
2373 21 25 16 23 51 16 23 31 24 21 33 27
2374 21 28 21 18 112 1 23 26 32 8 33 27
2375 21 33 30 13 57 71 25 22 31 1 33 27
2376 21 28 26 27 55 28 26 30 22 16 33 27
2377 21 27 19 20 95 45 17 25 24 1 33 27
2378 21 34 37 33 43 64 25 25 32 44 33 27
2379 22 30 25 20 49 1 17 27 30 23 33 27
2380 21 33 34 26 61 60 22 24 31 10 33 27
2381 21 28 25 22 90 21 23 23 35 12 33 27
2382 21 27 19 28 63 23 26 29 31 20 33 27
2383 21 28 22 21 45 12 19 22 25 13 33 27
2384 21 28 22 27 98 78 26 24 29 14 33 27
2385 21 31 30 26 155 79 24 16 27 21 33 27
2386 21 27 23 21 56 1 25 16 28 2 33 27
2387 22 27 17 24 90 40 25 25 23 17 33 27
2388 21 25 24 37 164 53 24 26 33 5 33 27
2389 21 28 27 24 94 104 20 24 21 5 33 27
2390 21 25 14 16 108 17 21 25 26 9 33 27
2391 21 31 26 23 91 51 20 32 28 32 33 27
2392 21 35 34 25 150 23 23 28 24 16 33 27
2393 21 31 24 15 131 24 21 21 26 1 33 27
2394 21 31 25 26 117 42 23 27 27 13 33 27
2395 21 30 34 27 49 1 22 29 28 32 33 27
2396 21 28 26 26 111 1 21 22 24 11 33 27
2397 21 37 44 40 75 68 23 26 23 28 33 27
2398 21 30 26 27 73 10 24 29 25 27 33 27
2399 21 31 36 20 144 44 22 20 28 19 33 27
2400 21 31 25 25 42 17 22 30 27 39 33 27
2401 21 33 37 33 77 22 25 31 27 38 33 27
2402 21 26 22 30 90 14 24 19 33 9 33 27
2403 21 29 23 15 62 44 22 30 30 1 33 27
2404 21 24 18 26 45 1 28 1 30 12 33 27
2405 21 32 32 25 99 52 18 27 32 4 33 27
2406 21 33 33 28 54 1 23 24 28 38 33 27
2407 21 29 19 18 115 52 26 24 37 22 33 27
2408 21 32 28 26 197 1 21 34 25 32 33 27
2409 21 35 40 24 121 83 27 22 21 2 33 27
2410 21 33 39 33 118 115 20 24 28 1 33 27
2411 21 32 38 36 78 20 21 1 26 2 33 27
2412 21 30 30 21 82 45 25 30 29 8 33 27
2413 21 36 38 35 85 82 24 27 31 40 33 27
2414 21 25 24 41 50 32 21 21 30 1 32 27
2415 21 28 27 31 82 1 19 28 31 23 33 27
2416 21 33 32 26 173 1 23 33 30 28 33 27
2417 21 25 15 24 67 23 19 22 19 16 33 27
2418 21 33 32 27 101 83 25 27 24 15 33 27
2419 21 25 15 21 75 35 20 33 29 1 33 27
2420 21 30 22 13 80 1 20 21 27 8 33 27
2421 21 24 13 17 82 14 21 27 25 1 33 27
2422 21 32 32 36 80 9 20 29 29 26 33 27
2423 21 32 24 18 54 1 22 13 23 30 33 27
2424 21 27 16 16 136 2 18 32 18 13 33 27
2425 21 33 36 29 79 1 21 33 25 17 33 27
2426 21 34 34 19 55 16 21 23 28 14 33 27
2427 21 30 25 26 100 1 23 28 27 27 33 27
2428 21 28 21 11 86 1 21 13 25 15 33 27
2429 21 25 17 26 307 21 24 25 24 24 33 27
2430 21 30 23 27 125 46 23 34 26 19 33 27
2431 21 31 31 32 85 1 19 35 26 29 33 27
2432 21 32 30 25 307 1 22 27 29 26 33 27
2433 21 29 23 22 532 44 19 30 33 1 33 27
2434 21 28 15 25 82 1 23 36 28 7 33 27
2435 21 31 31 37 69 1 25 37 24 43 33 27
2436 21 31 31 44 96 44 22 21 29 10 33 27
2437 21 31 31 37 84 1 24 35 26 36 33 27
2438 21 32 38 36 55 1 20 19 21 1 33 27
2439 21 29 29 24 137 1 22 28 28 6 33 27
2440 21 33 27 18 53 1 20 42 23 32 33 27
2441 21 33 24 1 93 4 19 25 29 34 33 27
2442 21 34 40 23 103 58 25 34 31 24 33 27
2443 21 25 16 29 50 21 24 23 24 8 33 27
2444 21 26 26 44 64 37 24 30 34 27 33 27
2445 21 32 34 37 88 1 27 28 35 14 33 27
2446 21 33 37 30 84 47 18 32 28 14 33 27
2447 21 35 37 32 82 1 23 30 30 39 33 27
2448 21 31 29 6 166 53 22 25 21 1 33 27
2449 21 34 36 16 63 128 22 24 26 5 33 27
2450 22 33 32 35 124 64 24 29 27 28 33 27
2451 21 34 28 25 262 73 21 23 25 28 33 27
2452 21 30 24 31 538 16 24 31 26 28 33 27
2453 21 29 26 17 222 72 21 27 25 1 32 26
2454 21 24 20 32 80 22 23 27 31 5 33 27
2455 21 27 25 31 74 62 28 27 28 16 33 27
2456 22 33 30 30 87 69 24 34 25 37 33 27
2457 21 26 20 15 96 1 22 25 27 6 33 27
2458 21 28 27 28 116 67 22 29 22 21 33 27
2459 21 31 28 30 78 1 25 30 34 24 33 27
2460 21 32 36 47 56 22 27 32 31 31 33 27
2461 21 29 24 24 78 1 18 34 25 23 33 27
2462 21 27 23 30 89 15 23 20 23 8 33 27
2463 21 37 40 27 179 76 24 31 31 38 34 27
2464 21 37 50 32 106 16 23 29 30 18 33 27
2465 21 31 32 40 211 6 23 28 33 26 33 27
2466 21 31 26 26 116 27 24 29 29 20 33 27
2467 21 28 18 23 139 1 20 21 26 15 33 27
2468 21 31 27 21 227 1 20 21 21 1 33 27
2469 22 30 26 24 56 1 24 35 27 30 33 27
2470 21 33 41 38 94 74 23 30 29 14 33 27
2471 21 27 17 17 60 12 17 35 23 21 33 27
2472 21 31 25 21 67 17 21 20 21 3 33 27
2473 21 29 23 21 85 3 20 31 26 5 33 27
2474 21 33 26 20 87 33 23 30 26 33 33 27
2475 21 31 26 30 272 1 24 29 25 38 33 27
2476 21 26 20 27 140 1 23 23 22 32 33 27
2477 21 30 25 26 55 1 28 22 30 7 33 27
2478 21 29 25 28 62 81 23 21 21 5 33 27
2479 21 32 32 29 101 1 23 30 32 41 33 27
2480 21 31 33 23 68 64 21 23 24 1 33 27
2481 21 28 21 20 314 106 19 16 26 1 33 27
2482 21 35 39 22 167 33 19 19 27 1 32 27
2483 21 29 27 26 86 29 18 31 20 11 33 27
2484 21 25 16 16 59 6 20 22 26 1 33 27
2485 21 32 28 30 74 1 25 28 26 27 33 27
2486 21 29 20 23 67 33 19 29 26 5 33 27
2487 21 32 26 14 106 15 24 18 32 26 33 27
2488 21 29 24 32 82 80 20 1 29 1 33 27
2489 21 23 17 33 158 46 19 28 26 1 33 27
2490 22 30 24 27 208 1 24 32 28 44 33 27
2491 21 30 25 25 88 1 21 36 34 30 33 27
2492 21 36 42 24 92 13 22 27 24 37 33 27
2493 21 32 37 35 117 100 25 25 30 20 33 27
2494 21 26 27 31 47 1 17 24 21 3 33 27
2495 21 28 29 31 116 25 25 34 25 8 33 27
2496 21 35 37 24 108 1 24 27 24 25 33 27
2497 21 33 27 22 130 1 21 29 25 13 33 27
2498 21 27 22 29 62 1 22 17 30 11 33 27
2499 21 36 39 28 61 27 22 30 26 32 33 27
2500 21 27 21 29 101 1 26 26 26 1 33 27
2501 22 37 40 41 114 1 21 35 38 34 33 27
2502 21 32 28 17 57 67 17 20 17 14 33 27
2503 21 27 23 27 95 52 27 27 27 1 33 27
2504 21 33 33 19 105 48 25 27 29 11 33 27
2505 21 35 34 23 85 94 24 29 26 25 33 27
2506 21 33 35 35 48 68 21 14 27 15 33 27
2507 21 25 17 21 73 56 21 25 29 10 33 27
2508 21 32 32 27 94 66 23 25 22 22 33 27
2509 21 33 29 27 147 9 23 29 27 47 33 27
2510 21 29 24 23 55 1 25 32 27 39 33 27
2511 21 33 24 22 90 10 22 24 31 13 33 27
2512 21 32 31 31 128 57 22 34 25 9 33 27
2513 22 29 23 13 46 17 21 17 19 18 33 27
2514 21 29 17 23 108 44 26 40 27 33 33 27
2515 21 38 42 35 138 37 22 31 22 37 33 27
2516 21 33 34 32 86 56 23 25 25 16 33 27
2517 21 28 22 36 71 9 26 28 21 42 33 27
2518 21 29 25 21 125 77 26 25 28 15 33 27
2519 21 31 29 22 128 26 24 26 27 24 33 27
2520 21 35 30 18 120 52 20 17 21 26 33 27
2521 21 28 25 23 126 2 24 28 25 1 33 27
2522 21 28 24 25 48 1 22 18 30 3 32 26
2523 21 29 31 25 297 35 20 39 30 20 33 27
2524 21 30 36 39 66 48 26 21 25 19 33 27
2525 21 23 25 35 52 75 22 17 17 1 32 27
2526 21 31 36 40 125 47 23 25 29 21 33 27
2527 21 35 33 17 60 1 21 22 21 28 33 27
2528 21 30 28 17 157 67 21 18 25 1 33 27
2529 21 31 29 33 120 27 28 21 34 10 33 27
2530 21 33 30 24 202 1 22 34 30 31 33 27
2531 21 32 29 25 75 32 21 19 21 10 33 27
2532 21 29 27 10 63 15 21 21 30 2 33 27
2533 21 37 34 20 94 8 23 13 40 31 33 27
2534 21 36 40 24 156 88 28 27 29 20 33 27
2535 21 34 39 21 67 64 23 10 29 26 33 27
2536 21 25 18 26 201 37 22 24 23 1 32 27
2537 21 23 15 26 116 20 21 29 22 6 33 27
2538 21 26 23 38 49 27 20 24 26 1 33 27
2539 21 34 37 20 73 29 21 31 29 1 32 27
2540 21 31 34 30 54 12 26 27 27 14 33 27
2541 21 27 20 31 48 1 25 32 29 37 33 27
2542 21 33 34 32 54 57 25 1 32 38 33 26
2543 21 35 37 28 78 72 23 29 26 28 33 27
2544 21 29 24 31 301 63 22 21 26 15 33 27
2545 21 34 36 34 46 1 24 40 21 40 33 27
2546 21 33 32 7 116 58 19 46 17 20 33 27
2547 21 31 33 37 54 1 23 26 33 23 33 27
2548 21 25 22 25 75 29 18 13 25 1 33 27
2549 21 31 30 19 128 47 21 17 23 1 33 27
2550 21 29 19 21 48 1 23 35 26 33 33 27
2551 21 29 27 36 59 1 21 34 23 14 33 27
2552 21 29 22 28 51 1 19 34 27 42 33 27
2553 21 35 40 36 80 1 22 26 24 16 33 27
2554 21 35 33 29 57 1 26 36 25 41 33 27
2555 21 35 38 26 108 77 18 28 20 9 33 27
2556 21 30 28 26 45 41 21 40 21 23 33 27
2557 21 29 28 26 122 97 19 27 32 1 32 27
2558 21 31 25 16 50 1 21 24 25 37 33 27
2559 21 32 28 30 64 59 24 25 30 12 33 27
2560 21 30 27 35 76 67 18 22 21 11 33 27
2561 21 30 29 22 246 1 24 19 23 14 33 27
2562 21 31 28 27 121 33 23 24 22 28 33 27
2563 21 29 24 29 53 1 23 28 33 25 33 27
2564 21 33 34 20 89 1 24 19 27 28 33 27
2565 21 29 22 5 78 10 19 14 26 11 33 27
2566 21 31 34 36 84 1 21 35 28 16 33 27
2567 21 35 37 24 88 1 17 30 22 28 33 27
2568 21 32 26 19 116 20 22 26 23 23 33 27
2569 21 31 34 36 77 100 25 32 26 29 33 27
2570 21 25 18 29 109 23 18 23 24 1 33 27
2571 21 27 19 29 80 1 22 40 35 19 33 27
2572 21 25 17 27 188 19 22 17 30 13 33 27
2573 21 32 30 31 82 69 19 27 28 19 33 27
2574 21 36 36 23 84 1 27 25 21 34 33 27
2575 21 31 34 38 104 18 24 25 30 26 33 27
2576 21 31 27 26 71 55 23 24 24 18 33 27
2577 21 28 23 16 88 1 22 15 27 1 33 27
2578 21 29 29 15 98 5 23 20 22 1 32 27
2579 21 34 38 25 90 42 23 23 34 7 33 27
2580 21 30 25 16 114 32 20 20 28 1 32 27
2581 21 34 38 28 86 1 20 1 24 39 33 27
2582 21 31 31 31 82 40 19 15 28 18 33 27
2583 22 40 46 32 339 1 23 26 25 36 34 27
2584 21 34 39 22 71 79 24 16 27 1 33 27
2585 21 34 34 35 97 1 20 40 28 48 33 27
2586 21 35 39 24 108 77 26 26 32 22 33 27
2587 21 30 30 29 54 51 24 22 22 16 33 27
2588 21 28 25 25 123 53 16 25 23 17 33 27
2589 21 34 33 23 63 12 22 23 26 28 33 27
2590 21 30 20 26 81 1 22 37 26 41 33 27
2591 21 34 39 33 54 48 20 40 29 18 33 27
2592 21 35 34 21 202 67 24 41 28 25 33 27
2593 21 28 21 28 44 3 23 31 24 28 33 27
2594 21 36 40 35 93 58 22 30 22 42 33 27
2595 21 172 15 24 225 14 23 22 24 3 33 27
2596 21 26 19 21 80 37 24 18 26 7 33 27
2597 21 35 41 39 66 1 22 26 24 13 33 27
2598 21 32 33 37 54 1 31 29 29 47 33 27
2599 21 27 26 15 83 35 18 16 23 1 33 27
2600 21 27 18 17 47 1 17 22 26 22 33 27
2601 21 36 36 22 93 44 20 35 29 35 33 27
2602 22 35 41 27 69 46 22 22 28 1 33 27
2603 21 36 37 21 109 44 23 22 37 1 33 27
2604 21 28 28 10 95 31 17 22 26 6 33 27
2605 21 35 37 16 109 1 19 22 21 31 33 27
2606 21 30 25 12 114 1 24 14 29 1 32 27
2607 21 30 24 29 68 70 25 33 28 25 33 27
2608 21 30 29 19 113 48 22 21 23 4 33 27
2609 21 28 17 20 53 36 26 31 34 18 33 27
2610 21 24 22 31 93 13 25 24 28 1 33 27
2611 21 34 40 31 67 71 18 20 25 35 33 27
2612 21 26 24 26 51 20 24 16 29 1 33 27
2613 21 37 44 35 149 1 21 26 28 33 33 27
2614 21 35 34 25 216 1 25 36 29 31 33 27
2615 21 28 19 30 91 72 26 25 29 6 33 27
2616 21 36 42 38 76 1 23 22 26 25 33 27
2617 21 30 22 30 45 50 21 36 23 18 33 27
2618 21 36 43 29 60 78 26 30 40 14 33 27
2619 21 27 14 22 91 8 28 30 26 13 33 27
2620 21 28 23 23 46 1 18 27 28 22 33 27
2621 21 26 20 29 205 1 23 34 22 4 33 27
2622 21 25 13 23 135 13 21 38 33 24 33 27
2623 21 28 28 32 177 11 19 34 26 25 33 27
2624 21 29 24 19 50 1 24 29 24 8 33 27
2625 21 29 28 29 142 37 19 1 31 3 33 27
2626 21 36 41 28 127 1 21 31 26 45 33 27
2627 21 36 40 31 136 64 21 29 24 29 33 27
2628 22 33 24 16 58 12 20 24 34 39 33 27
2629 21 32 35 33 119 3 26 28 29 22 33 27
2630 21 32 38 21 139 17 18 25 30 15 33 27
2631 21 29 24 29 145 55 24 21 30 1 33 27
2632 21 30 25 33 77 88 22 32 29 4 33 27
2633 21 30 22 24 70 1 23 27 30 33 33 27
2634 21 33 31 28 52 1 23 25 22 26 33 27
2635 21 32 31 25 277 21 23 26 27 42 33 27
2636 21 34 34 22 144 15 23 21 25 29 33 27
2637 21 38 38 20 99 31 24 21 22 39 33 27
2638 21 30 27 16 89 7 24 18 33 1 33 27
2639 21 32 28 25 66 1 21 18 28 37 33 27
2640 21 33 33 37 130 43 23 7 30 28 33 27
2641 21 28 19 23 75 11 22 23 31 14 33 27
2642 21 34 40 32 121 43 21 27 34 20 33 27
2643 21 26 17 27 51 1 24 34 20 33 33 27
2644 21 27 24 19 62 86 25 21 21 1 33 27
2645 21 32 37 28 165 1 22 23 28 2 33 27
2646 22 31 29 26 59 8 28 1 34 8 33 27
2647 21 34 39 25 112 12 21 24 27 9 33 27
2648 21 26 23 31 138 1 25 1 33 17 33 27
2649 21 20 13 31 83 14 24 31 27 1 33 27
2650 21 30 29 7 130 1 23 23 31 1 33 27
2651 21 36 41 37 80 48 26 26 27 29 33 27
2652 21 32 31 36 97 27 24 25 28 23 33 27
2653 21 32 31 28 101 8 22 34 29 28 33 27
2654 21 29 34 35 61 108 21 21 32 1 32 27
2655 21 31 30 33 111 9 36 22 28 19 33 27
2656 21 31 22 22 122 1 15 25 21 24 33 27
2657 21 33 32 14 94 181 23 14 26 1 33 27
2658 21 30 30 29 72 1 25 32 32 28 33 27
2659 21 29 28 34 55 64 23 30 23 25 33 27
2660 21 25 15 8 61 35 18 21 27 1 33 27
2661 21 36 43 33 134 96 22 32 25 24 33 27
2662 21 29 24 33 89 1 20 20 18 20 33 27
2663 21 31 33 24 231 45 22 30 31 15 33 27
2664 21 33 32 30 76 14 23 29 28 35 33 27
2665 21 34 41 34 65 1 26 30 40 22 33 27
2666 21 32 29 34 59 30 21 33 28 31 33 27
2667 21 27 20 35 92 48 22 1 34 13 33 27
2668 21 28 19 30 65 1 16 1 26 11 33 27
2669 21 38 36 17 95 98 28 24 26 36 33 27
2670 21 39 49 33 63 85 21 16 27 23 33 27
2671 21 35 43 45 53 75 24 40 21 37 33 27
2672 21 33 34 19 145 1 25 15 33 20 33 27
2673 21 35 35 30 96 1 27 31 35 36 33 27
2674 21 32 33 35 156 9 22 27 31 13 33 27
2675 21 20 8 27 43 8 22 20 27 1 32 27
2676 21 31 35 37 70 1 23 29 26 34 33 27
2677 22 33 35 32 103 47 25 40 23 6 33 27
2678 21 31 32 28 62 60 26 24 28 8 33 27
2679 21 28 18 18 52 1 19 26 29 11 33 27
2680 21 32 35 25 155 90 23 36 28 19 33 27
2681 21 29 28 28 154 1 24 18 24 5 33 27
2682 22 37 36 22 150 57 20 1 27 41 33 27
2683 21 31 27 21 61 1 23 28 26 15 33 27
2684 21 38 40 20 76 66 20 25 24 37 33 27
2685 21 21 11 28 44 1 21 20 21 1 32 27
2686 21 28 23 28 118 1 26 33 22 29 33 27
2687 21 31 27 23 51 55 26 27 28 7 33 27
2688 22 30 20 24 66 1 20 11 22 15 33 27
2689 21 24 15 33 186 14 23 16 28 1 33 27
2690 21 34 32 20 96 28 24 27 31 43 33 27
2691 21 30 21 12 52 1 25 25 21 27 33 27
2692 21 36 33 19 116 108 16 18 26 13 33 27
2693 21 33 38 40 93 19 27 36 26 29 33 27
2694 21 31 31 22 98 69 22 32 27 22 33 27
2695 21 28 15 18 45 61 26 25 31 11 33 27
2696 21 31 28 19 143 33 21 29 21 24 33 27
2697 21 26 21 27 162 1 20 22 22 3 33 27
2698 21 31 26 33 53 13 54 30 22 44 33 27
2699 21 30 23 16 91 22 21 31 23 21 33 27
2700 21 31 27 29 115 26 21 26 27 33 33 27
2701 21 29 21 32 219 8 21 30 27 39 33 27
2702 21 31 27 22 52 10 23 26 29 7 33 27
2703 21 36 43 22 87 58 27 30 27 19 33 27
2704 21 34 33 20 51 29 26 24 31 34 33 27
2705 21 30 20 7 53 20 19 24 27 19 33 27
2706 21 37 41 28 163 79 28 22 24 7 33 27
2707 21 30 24 29 63 18 24 32 25 27 33 27
2708 21 30 20 26 70 1 22 21 29 10 33 27
2709 21 32 32 19 49 1 20 24 24 29 33 27
2710 21 43 52 24 85 70 20 16 26 32 33 27
2711 21 31 25 17 102 59 20 23 28 15 33 27
2712 21 34 31 35 71 1 23 31 21 36 33 27
2713 21 32 35 31 77 56 22 51 24 18 33 27
2714 21 37 36 24 57 1 22 26 23 23 33 27
2715 21 28 21 25 49 1 21 33 22 30 33 27
2716 21 29 28 21 91 30 25 29 29 1 33 27
2717 21 33 33 22 63 61 21 26 25 21 33 27
2718 22 37 39 15 148 1 22 22 30 15 33 27
2719 21 34 40 31 66 31 22 23 41 30 33 27
2720 21 26 17 15 198 19 21 20 22 1 33 27
2721 21 35 38 37 47 74 21 31 28 30 33 27
2722 21 26 23 25 88 46 22 28 23 8 33 27
2723 21 20 1 24 300 1 19 28 29 10 33 27
2724 21 27 26 30 52 13 19 30 26 18 33 27
2725 21 30 20 12 187 29 20 21 30 8 33 27
2726 21 30 22 12 149 27 19 20 24 31 33 27
2727 21 27 17 26 76 1 23 21 25 22 33 27
2728 21 38 40 25 61 10 28 25 25 23 33 27
2729 21 34 41 39 116 69 25 22 28 29 33 27
2730 21 32 28 18 93 109 22 29 30 4 33 27
2731 21 29 19 11 60 57 21 28 28 4 33 27
2732 21 36 38 18 80 1 22 28 28 24 33 27
2733 21 29 19 8 92 36 18 21 29 5 33 27
2734 21 36 42 29 86 61 26 25 31 26 33 27
2735 21 35 39 36 116 45 22 22 26 27 33 27
2736 21 27 22 28 89 30 24 26 28 1 33 27
2737 22 34 34 26 94 44 25 29 25 29 34 27
2738 21 28 24 15 53 2 20 23 17 1 33 27
2739 21 31 31 25 112 118 23 29 27 5 33 27
2740 21 27 18 15 89 51 19 25 30 1 33 27
2741 21 31 29 25 98 49 24 27 30 5 33 27
2742 21 35 35 29 85 58 26 19 26 27 33 27
2743 21 35 37 19 57 63 22 32 35 13 33 27
2744 22 38 39 23 61 5 24 1 33 51 33 27
2745 21 27 21 29 137 43 22 31 24 2 33 27
2746 21 31 29 32 60 15 24 30 24 17 33 27
2747 21 34 32 24 115 39 19 29 25 19 33 27
2748 21 31 26 29 74 1 20 36 27 41 33 27
2749 21 39 44 18 113 1 25 25 26 33 33 27
2750 21 31 24 16 86 1 24 27 27 20 33 27
2751 21 23 10 18 52 1 27 36 23 9 33 27
2752 21 32 26 21 58 70 20 33 33 46 33 27
2753 22 31 29 30 137 40 23 15 24 8 33 27
2754 21 30 28 24 95 42 18 24 23 10 33 27
2755 21 28 24 31 65 19 26 28 33 18 33 27
2756 21 31 27 18 90 1 20 24 26 11 33 27
2757 21 31 36 28 104 51 20 16 25 4 33 27
2758 21 32 31 16 83 6 23 21 31 5 33 27
2759 21 32 32 24 79 54 24 25 26 11 33 27
2760 21 32 30 23 67 1 20 15 24 7 33 27
2761 21 31 32 35 72 49 29 26 25 20 33 27
2762 21 38 41 22 102 31 24 30 28 39 33 27
2763 21 32 26 25 100 29 21 23 28 8 33 27
2764 21 29 30 34 49 6 23 36 27 40 33 27
2765 21 34 30 23 62 38 20 29 23 25 33 27
2766 21 34 33 35 120 1 22 20 32 17 33 27
2767 21 27 20 10 139 1 20 17 19 4 33 27
2768 21 29 23 24 69 37 23 29 33 1 33 27
2769 21 40 50 28 82 66 24 23 30 29 33 27
2770 21 37 42 22 110 50 25 19 27 7 33 27
2771 21 33 38 34 65 34 25 36 31 29 33 27
2772 21 27 19 32 90 1 26 31 33 8 33 27
2773 21 31 25 7 165 16 24 27 25 7 33 27
2774 21 30 34 30 60 6 20 18 24 34 33 27
2775 21 29 24 33 47 7 20 29 23 12 33 27
2776 21 30 32 30 62 84 24 17 26 1 33 27
2777 21 28 27 27 87 1 19 30 25 10 33 27
2778 21 35 33 26 76 39 22 28 24 27 33 27
2779 21 33 34 36 45 1 21 34 24 30 33 27
2780 21 30 27 28 69 44 18 23 20 26 33 27
2781 21 29 22 14 52 1 18 23 25 1 33 27
2782 21 34 37 33 160 1 25 26 28 5 33 27
2783 21 27 25 27 60 20 25 25 27 9 33 27
2784 21 31 24 25 127 49 23 1 25 16 33 27
2785 21 32 31 28 50 71 21 30 28 28 33 27
2786 21 32 27 22 55 14 24 26 35 26 33 27
2787 21 30 26 28 78 6 21 39 28 13 33 27
2788 21 32 31 41 96 27 22 33 28 34 33 27
2789 21 34 32 27 62 1 23 33 30 29 33 27
2790 21 36 34 19 128 38 25 13 25 26 33 27
2791 21 25 13 24 37 8 21 22 21 15 33 27
2792 21 33 23 22 59 14 22 31 29 34 33 27
2793 21 30 28 31 112 1 24 24 34 18 33 27
2794 21 33 32 24 70 1 25 46 27 24 33 27
2795 21 30 25 15 72 19 21 21 29 1 33 27
2796 21 35 42 22 107 59 24 25 30 11 33 27
2797 21 30 26 29 65 46 28 33 28 1 33 27
2798 21 30 34 33 56 24 28 24 28 16 33 27
2799 21 35 32 24 86 1 20 18 25 25 33 27
2800 21 29 27 25 107 52 25 32 29 22 33 27
2801 21 34 36 27 70 20 24 31 30 37 33 27
2802 21 24 18 23 190 1 19 22 26 13 33 27
2803 21 35 31 25 158 1 24 1 38 27 33 27
2804 21 30 23 27 80 57 23 25 29 3 33 27
2805 21 36 33 19 136 1 25 28 28 35 33 27
2806 21 35 41 28 90 65 22 21 33 16 33 27
2807 21 28 22 33 112 37 22 37 31 21 33 27
2808 21 28 22 23 59 30 24 22 30 1 33 27
2809 21 25 21 19 56 1 24 19 23 1 33 27
2810 22 36 34 26 91 1 22 35 26 34 33 27
2811 21 28 22 31 49 52 24 33 22 8 33 27
2812 22 33 28 20 71 1 18 21 27 21 33 27
2813 21 35 36 28 61 12 25 34 32 28 33 27
2814 21 32 32 27 59 90 21 20 25 1 33 27
2815 21 29 23 17 64 14 26 19 25 14 33 27
2816 21 25 17 20 84 24 20 21 20 17 33 27
2817 21 28 30 25 83 40 23 35 25 5 33 27
2818 21 28 28 35 102 26 26 23 23 1 33 27
2819 21 31 32 24 80 57 24 14 26 1 32 27
2820 21 28 26 39 52 42 20 1 29 12 33 27
2821 21 34 40 35 73 23 15 1 22 18 33 27
2822 21 27 24 33 150 45 21 27 27 1 32 27
2823 21 30 25 30 129 1 21 28 27 10 33 27
2824 21 35 35 30 62 1 20 36 28 40 33 27
2825 21 28 23 28 430 1 20 32 32 16 33 27
2826 21 30 31 29 57 1 23 30 21 25 33 27
2827 22 33 29 29 56 8 23 23 27 29 33 27
2828 21 27 17 24 114 3 22 24 28 2 33 27
2829 21 30 26 19 74 14 23 23 27 9 33 27
2830 21 23 5 13 103 1 22 23 26 1 33 27
2831 21 29 27 25 52 60 22 29 29 7 33 27
2832 21 27 29 33 117 67 25 20 32 2 33 27
2833 21 26 31 44 54 60 24 29 17 1 33 27
2834 21 32 27 18 107 2 24 43 24 38 33 27
2835 21 32 26 32 113 54 22 30 20 34 33 27
2836 21 40 46 19 63 75 17 22 21 23 33 27
2837 21 34 28 19 49 39 22 27 19 20 33 27
2838 21 29 26 29 38 44 23 21 24 25 33 27
2839 21 26 14 21 64 1 22 1 31 1 33 27
2840 21 33 25 14 73 25 21 14 21 40 33 27
2841 21 31 29 19 79 30 25 23 27 6 33 27
2842 21 35 38 37 95 1 24 35 29 46 33 27
2843 21 29 25 14 109 14 23 20 28 5 33 27
2844 21 21 9 33 99 36 21 35 27 21 33 27
2845 21 32 30 22 147 7 20 17 24 9 33 27
2846 22 34 37 20 82 40 21 24 19 1 33 27
2847 22 36 39 28 53 47 23 1 27 33 33 27
2848 21 28 24 25 94 9 21 28 25 11 33 27
2849 21 33 37 21 91 57 19 22 28 1 33 27
2850 21 35 38 23 58 96 24 22 24 20 33 27
2851 21 35 35 26 135 13 25 27 26 13 33 27
2852 21 36 39 17 128 36 25 22 28 34 33 27
2853 21 31 29 25 72 20 17 17 24 16 33 27
2854 21 32 31 22 108 1 27 28 21 15 33 27
2855 21 33 30 36 154 10 23 38 24 38 33 27
2856 21 32 33 30 138 47 20 28 30 25 33 27
2857 21 29 22 8 156 23 23 21 24 1 32 27
2858 21 28 22 11 161 1 17 21 27 5 33 27
2859 21 27 22 24 91 1 26 26 34 14 33 27
2860 21 31 32 29 56 40 25 17 28 12 33 27
2861 21 27 24 20 79 65 21 23 23 1 32 27
2862 21 30 26 26 80 35 24 15 24 23 33 27
2863 21 35 37 24 155 46 26 15 25 14 33 27
2864 21 30 23 30 72 1 25 40 27 41 33 27
2865 21 36 38 37 60 26 26 25 34 22 33 27
2866 21 35 37 43 113 68 27 28 24 21 33 27
2867 21 32 28 29 88 10 25 44 24 51 33 27
2868 21 36 39 30 105 7 26 38 43 47 33 27
2869 21 28 22 32 95 1 25 1 28 22 33 27
2870 21 37 41 35 121 75 27 17 33 33 33 27
2871 21 29 28 31 101 1 21 31 24 22 33 27
2872 21 29 28 33 86 44 20 34 27 19 33 27
2873 21 41 39 16 58 71 23 18 29 34 33 27
2874 21 36 37 37 68 41 25 31 21 44 33 27
2875 21 30 33 26 92 1 25 30 27 30 33 27
2876 21 35 43 34 99 54 25 28 30 26 33 27
2877 22 35 32 25 68 25 23 33 34 43 33 27
2878 21 33 36 33 193 58 24 18 27 12 33 27
2879 21 31 27 28 58 68 23 29 27 21 33 27
2880 21 28 23 31 48 29 19 1 30 1 33 27
2881 22 33 31 26 89 1 20 33 25 18 33 27
2882 21 27 19 13 185 12 19 26 31 1 32 27
2883 22 29 24 20 83 1 24 29 25 17 33 27
2884 21 35 34 20 75 15 27 28 28 23 33 27
2885 21 34 37 22 62 92 22 23 29 1 33 27
2886 21 25 11 20 298 1 23 16 33 6 33 27
2887 21 33 38 37 175 51 22 15 23 17 33 27
2888 21 31 32 23 78 63 19 23 27 1 33 27
2889 21 31 27 25 64 19 20 20 27 25 33 27
2890 21 33 35 26 248 44 23 29 27 1 33 27
2891 21 25 18 27 69 34 26 23 36 16 33 27
2892 21 36 39 33 88 14 22 1 26 21 33 27
2893 21 28 23 22 132 3 17 24 23 12 33 27
2894 21 35 39 22 68 1 19 24 22 34 33 27
2895 21 36 35 24 139 1 28 34 21 34 33 27
2896 21 28 27 34 85 1 24 24 21 14 33 27
2897 21 31 31 17 91 113 19 17 24 1 33 27
2898 21 34 35 33 81 40 24 32 31 54 33 27
2899 21 29 32 21 83 36 23 26 32 6 33 27
2900 21 25 9 16 59 1 21 13 23 1 33 27
2901 21 36 37 31 115 1 24 39 28 31 33 27
2902 21 30 28 16 52 25 19 13 20 1 32 27
2903 21 30 30 20 182 51 22 20 30 1 33 27
2904 21 32 28 22 65 74 26 18 25 11 33 27
2905 21 28 24 26 125 1 22 35 28 1 33 27
2906 21 32 28 31 47 1 23 26 30 36 33 27
2907 21 37 40 24 64 39 24 23 31 19 33 27
2908 21 32 30 19 103 29 25 19 32 2 33 27
2909 21 31 23 23 90 1 24 25 20 18 33 27
2910 21 34 30 30 151 1 24 32 36 30 33 27
2911 21 32 37 23 146 1 22 30 30 1 33 27
2912 21 33 31 22 56 59 22 24 26 18 33 27
2913 21 27 25 26 66 15 24 19 32 4 33 27
2914 21 29 15 13 105 1 20 30 29 30 33 27
2915 21 27 25 32 51 46 17 26 28 16 33 27
2916 21 31 21 31 119 1 27 35 21 46 33 27
2917 21 34 31 33 81 23 25 28 30 28 33 27
2918 21 26 17 24 196 21 21 21 24 1 33 27
2919 21 30 26 17 218 51 23 21 25 4 33 27
2920 21 23 11 30 86 2 20 17 26 1 33 27
2921 21 30 30 35 58 17 25 25 34 22 33 27
2922 21 32 30 23 170 1 23 34 27 28 33 27
2923 21 31 31 37 53 1 21 33 25 42 33 27
2924 22 34 33 30 79 1 23 22 24 27 33 27
2925 21 37 40 21 94 83 22 18 33 18 33 27
2926 21 35 33 18 71 87 26 25 31 22 33 27
2927 21 35 35 25 133 1 24 37 26 27 33 27
2928 21 36 42 23 131 108 20 23 24 12 33 27
2929 21 36 39 13 219 44 20 20 28 12 33 27
2930 21 29 21 17 72 5 21 47 26 2 33 27
2931 22 33 24 18 92 67 23 17 22 24 33 27
2932 21 29 30 35 84 1 22 45 27 22 33 27
2933 21 30 28 33 89 9 23 38 33 38 33 27
2934 21 28 22 21 198 1 26 30 26 19 33 27
2935 21 30 26 26 101 1 17 38 18 9 33 27
2936 21 31 35 24 53 51 19 15 34 1 33 27
2937 21 27 22 20 118 30 24 23 29 1 33 27
2938 22 36 41 28 141 101 17 19 32 1 33 27
2939 21 29 20 28 67 18 22 35 27 26 33 27
2940 21 35 41 37 102 55 23 10 20 26 33 27
2941 21 29 19 17 294 21 24 25 27 1 33 27
2942 21 30 28 33 116 58 26 36 26 2 33 27
2943 21 33 31 31 171 23 22 17 25 22 33 27
2944 21 32 33 23 117 99 27 29 23 3 33 27
2945 21 32 29 29 171 19 23 24 25 32 33 27
2946 21 32 32 25 92 20 24 26 27 17 33 27
2947 21 32 36 37 85 102 20 21 27 10 33 27
2948 21 32 36 24 150 73 20 25 28 7 33 27
2949 21 26 21 18 48 20 17 18 24 15 33 27
2950 21 34 37 28 102 10 21 19 30 24 33 27
2951 21 26 20 22 75 32 24 25 27 29 33 27
2952 21 37 35 29 60 1 21 24 31 22 33 27
2953 21 32 34 33 118 1 20 22 30 27 33 27
2954 21 25 14 26 41 1 22 32 23 31 33 27
2955 21 34 33 32 52 1 20 35 19 25 33 27
2956 21 30 22 27 114 1 21 25 22 20 33 27
2957 21 33 27 15 99 1 25 17 24 26 33 27
2958 22 32 25 20 64 9 24 31 29 13 33 27
2959 21 24 14 27 176 42 25 27 22 9 33 27
2960 21 28 24 23 74 51 21 24 21 30 33 27
2961 21 29 32 36 100 24 23 32 26 1 33 27
2962 21 29 24 33 79 4 20 27 22 26 33 27
2963 22 34 35 29 53 1 24 27 22 22 33 27
2964 21 25 17 13 115 1 22 27 26 7 33 27
2965 22 29 23 13 103 10 24 20 27 1 33 27
2966 21 32 30 25 51 13 25 11 28 24 33 27
2967 21 30 33 28 160 26 21 31 28 18 33 27
2968 21 36 28 12 116 22 26 24 32 33 33 27
2969 21 28 24 12 158 11 18 22 30 3 33 27
2970 21 29 25 29 101 1 23 22 27 20 33 27
2971 21 31 33 24 52 64 19 24 30 11 33 27
2972 21 32 39 34 112 91 26 28 31 8 33 27
2973 21 28 24 30 127 1 21 1 27 8 33 27
2974 21 31 23 24 90 53 18 19 24 15 33 27
2975 21 35 36 40 47 1 26 31 28 44 33 27
2976 21 28 17 24 56 1 19 23 24 27 33 27
2977 21 38 44 36 98 1 24 26 25 26 33 27
2978 21 30 26 28 40 13 21 30 29 32 33 27
2979 21 31 33 29 94 97 21 27 31 9 33 27
2980 22 32 36 32 103 1 19 1 28 13 33 27
2981 21 31 33 33 68 60 25 24 26 23 33 27
2982 21 31 29 29 132 1 25 33 25 40 33 27
2983 21 27 18 15 52 1 19 21 25 5 33 27
2984 21 31 29 32 136 45 25 33 26 27 33 27
2985 21 26 25 28 58 1 19 35 25 18 33 27
2986 21 31 31 26 97 76 25 16 29 19 33 27
2987 21 30 28 23 193 71 17 27 26 4 33 27
2988 21 28 15 9 81 1 19 20 26 24 33 27
2989 22 30 31 33 81 56 24 14 23 23 33 27
2990 21 29 34 42 84 89 24 29 28 3 33 27
2991 21 28 27 31 147 15 23 28 33 17 33 27
2992 21 33 32 20 66 31 21 27 27 1 33 27
2993 21 38 45 31 116 57 18 22 29 30 33 27
2994 21 27 29 34 154 65 19 18 25 1 33 27
2995 21 32 25 19 117 21 24 40 25 31 33 27
2996 21 30 29 25 100 26 27 24 29 6 33 27
2997 21 29 22 20 91 24 21 25 26 14 33 27
2998 21 33 31 15 119 1 20 28 33 24 33 27
2999 21 29 28 25 113 45 24 26 26 25 33 27
3000 21 26 19 29 76 7 22 45 28 26 33 27
3001 21 36 31 24 54 79 26 28 28 24 33 27
3002 22 32 31 22 137 35 23 20 29 3 33 27
3003 21 28 18 13 117 1 24 30 31 14 33 27
3004 21 31 31 29 57 48 21 22 26 17 33 27
3005 21 35 41 32 141 54 24 14 24 26 33 27
3006 21 35 37 33 56 1 25 28 21 36 33 27
3007 21 28 22 24 163 1 27 25 29 18 33 27
3008 21 30 28 28 85 1 25 34 24 1 33 27
3009 21 38 40 29 214 61 24 28 26 34 33 27
3010 21 31 25 31 137 19 22 26 30 37 33 27
3011 21 26 17 20 134 1 23 18 25 6 33 27
3012 21 33 35 25 97 1 20 17 28 33 33 27
3013 21 37 41 26 110 1 23 22 27 25 33 27
3014 21 28 22 14 50 4 18 25 21 13 33 27
3015 21 30 27 31 68 1 24 37 21 7 33 27
3016 22 40 41 22 60 80 23 23 27 30 34 27
3017 21 30 27 30 87 28 25 31 19 30 33 27
3018 21 34 31 15 74 34 20 26 23 33 33 27
3019 22 22 17 30 81 1 17 29 27 17 33 27
3020 21 27 17 22 97 39 22 24 21 18 33 27
3021 21 30 22 23 48 71 19 26 26 10 33 27
3022 21 34 40 26 86 1 23 21 28 21 33 27
3023 21 38 47 35 95 17 30 25 30 28 33 27
3024 21 28 25 26 48 1 19 30 26 16 33 27
3025 21 26 23 35 86 65 19 22 23 1 32 27
3026 21 31 29 24 56 1 17 18 28 18 33 27
3027 22 35 36 31 51 1 22 30 28 36 33 27
3028 21 32 31 30 117 17 23 27 22 15 33 27
3029 21 27 24 31 110 8 19 31 19 14 33 27
3030 21 32 29 30 107 1 21 28 26 41 33 27
3031 22 31 29 20 93 38 17 26 22 7 33 27
3032 21 36 30 30 69 1 23 22 30 12 33 27
3033 21 33 33 30 53 40 21 20 26 14 33 27
3034 21 30 30 17 62 23 22 22 25 14 33 27
3035 21 30 23 21 108 34 26 22 25 12 33 27
3036 21 35 41 28 110 1 20 25 31 25 33 27
3037 21 34 34 36 157 7 23 32 28 28 33 27
3038 21 29 25 32 125 1 24 28 23 35 33 27
3039 21 34 39 37 78 10 24 23 30 25 33 27
3040 21 24 16 36 148 43 25 29 28 4 33 27
3041 21 34 34 27 52 98 24 22 26 16 33 27
3042 21 33 26 17 84 51 25 21 32 10 33 27
3043 21 32 32 16 63 44 23 23 25 1 33 27
3044 21 30 24 13 253 13 21 29 24 3 33 27
3045 21 37 38 26 58 1 20 26 30 28 33 27
3046 21 35 35 12 109 1 21 20 29 29 33 27
3047 22 37 39 27 60 1 25 26 23 15 33 27
3048 21 29 27 26 202 23 21 31 31 33 33 27
3049 21 29 21 20 69 3 25 43 30 10 33 27
3050 21 31 29 26 77 62 17 29 24 12 33 27
3051 21 34 48 45 93 48 24 22 30 12 33 27
3052 21 27 27 31 56 90 23 33 22 16 33 27
3053 21 30 23 15 53 53 25 20 25 1 33 27
3054 21 24 14 17 100 7 33 24 20 1 33 27
3055 21 34 35 28 109 1 29 25 18 21 33 27
3056 21 25 21 33 46 49 20 31 22 25 33 27
3057 21 35 36 41 100 86 21 1 29 19 33 27
3058 21 29 29 24 276 1 23 28 35 18 33 27
3059 21 31 22 23 227 41 23 21 25 25 33 27
3060 21 31 31 26 148 14 23 22 32 1 33 27
3061 21 36 34 23 131 77 20 28 26 27 33 27
3062 21 31 23 25 48 7 26 29 30 28 33 27
3063 21 32 29 20 227 37 23 25 26 1 33 27
3064 21 25 15 26 74 12 21 1 33 1 33 27
3065 21 38 38 17 51 19 27 17 32 27 33 27
3066 21 31 24 20 85 1 18 26 22 19 33 27
3067 21 31 30 16 66 23 21 11 26 1 33 27
3068 21 35 35 12 94 65 17 22 26 19 33 27
3069 21 35 40 26 64 42 21 23 30 24 33 27
3070 21 26 25 33 64 37 23 21 29 1 32 27
3071 21 27 22 26 117 30 24 27 33 17 33 27
3072 22 30 29 37 47 1 19 32 25 37 34 27
3073 21 33 34 36 161 51 22 38 25 24 33 27
3074 21 34 36 32 129 1 22 1 25 33 33 27
3075 21 28 29 32 57 70 24 35 30 1 33 27
3076 21 31 28 27 51 24 20 25 34 39 33 27
3077 21 36 37 24 94 21 25 44 25 43 33 27
3078 21 32 34 20 128 48 26 24 25 5 33 27
3079 21 36 31 19 146 38 22 22 32 48 33 27
3080 21 32 25 1 284 41 25 27 26 14 33 27
3081 21 33 27 14 150 1 21 3 33 17 33 27
3082 21 26 20 26 95 20 16 1 18 16 32 27
3083 21 31 33 25 112 16 24 25 27 32 33 27
3084 21 34 35 29 107 1 22 27 22 32 33 27
3085 21 30 34 34 97 1 18 30 28 12 33 27
3086 21 30 25 12 57 24 19 27 23 27 33 27
3087 21 30 28 25 79 4 24 27 26 2 33 27
3088 21 32 30 39 51 43 25 28 27 34 33 27
3089 21 30 27 16 150 67 25 25 23 1 33 27
3090 21 30 24 16 131 1 24 28 25 20 33 27
3091 21 32 29 15 120 1 22 28 26 17 33 27
3092 21 34 37 25 52 29 23 26 30 32 33 27
3093 21 33 33 28 147 1 24 1 30 32 33 27
3094 21 33 38 19 113 75 25 28 23 4 33 27
3095 21 32 33 42 81 24 21 1 39 23 33 27
3096 21 30 30 23 101 13 22 18 26 1 33 27
3097 21 33 31 19 100 38 23 17 27 18 33 27
3098 21 27 14 12 58 15 22 25 26 4 33 27
3099 21 26 19 20 132 1 20 19 26 18 33 27
3100 21 31 29 23 129 41 23 20 29 31 33 27
3101 21 29 32 41 47 35 28 23 30 18 33 27
3102 21 34 38 20 62 84 20 19 22 19 33 27
3103 21 31 26 15 203 22 28 22 31 1 33 27
3104 21 29 26 18 126 8 23 25 29 10 33 27
3105 21 30 23 20 52 34 22 19 27 25 33 27
3106 21 32 37 36 129 1 24 23 33 12 33 27
3107 21 28 26 30 292 1 19 27 30 19 33 27
3108 21 36 42 30 108 56 23 23 31 26 33 27
3109 21 41 46 17 92 16 25 26 29 40 33 27
3110 21 30 23 8 129 107 21 19 26 6 33 27
3111 21 26 16 21 80 4 26 50 31 4 33 27
3112 21 33 29 11 65 19 23 36 22 20 33 27
3113 21 27 30 31 63 19 25 20 25 12 33 27
3114 21 31 29 18 92 69 21 15 24 22 33 27
3115 21 35 35 34 78 23 22 34 32 41 33 27
3116 21 37 38 28 60 72 26 26 31 21 33 27
3117 21 31 35 29 57 59 21 31 31 15 33 27
3118 21 28 22 27 81 4 21 1 31 20 33 27
3119 21 28 29 25 55 1 20 18 25 4 33 27
3120 21 29 24 16 143 5 25 24 26 1 33 27
3121 21 31 33 38 60 85 21 36 16 22 33 27
3122 21 25 16 24 124 40 27 26 25 10 33 27
3123 21 25 21 24 73 1 20 11 23 1 32 26
3124 21 29 28 26 55 1 19 25 23 8 33 27
3125 21 21 9 25 126 20 16 22 27 1 33 27
3126 21 24 13 14 94 15 20 15 23 1 33 27
3127 21 30 24 28 444 47 18 39 21 15 33 27
3128 21 38 44 35 57 17 18 1 28 28 33 27
3129 21 37 44 21 109 31 23 17 31 36 33 27
3130 21 25 20 21 98 18 18 31 22 6 33 27
3131 21 30 24 26 55 66 23 33 30 32 33 27
3132 21 26 22 31 54 21 29 43 32 16 33 27
3133 21 35 41 36 119 1 20 23 28 8 33 27
3134 21 28 22 17 49 60 21 25 18 19 33 27
3135 21 32 32 21 112 11 17 24 31 30 33 27
3136 21 33 33 27 69 49 23 16 23 24 33 27
3137 21 36 40 33 210 40 24 27 36 35 33 27
3138 21 22 13 26 48 1 21 29 22 1 33 27
3139 21 24 14 36 48 30 29 17 36 4 33 27
3140 21 34 40 43 78 60 25 40 28 40 33 27
3141 21 28 28 18 86 35 22 19 28 4 33 27
3142 21 40 48 27 80 47 24 26 28 45 33 27
3143 21 30 22 22 52 1 21 25 25 20 33 27
3144 21 30 27 32 43 56 22 26 19 28 33 27
3145 21 31 33 33 119 2 24 31 28 44 33 27
3146 21 31 34 34 45 37 23 43 26 42 33 27
3147 21 38 52 28 127 25 22 26 31 26 33 27
3148 21 34 32 29 56 43 26 28 22 31 33 27
3149 21 29 23 13 168 1 20 25 24 6 33 27
3150 21 34 39 36 62 89 24 20 28 13 33 27
3151 21 30 29 17 66 13 21 22 23 4 33 27
3152 21 37 47 29 59 113 21 12 32 15 33 27
3153 22 33 35 22 79 34 21 24 27 14 33 27
3154 21 31 32 22 118 92 22 20 22 1 32 27
3155 21 32 33 39 108 68 23 24 25 1 33 27
3156 22 30 27 29 75 25 26 1 35 12 33 27
3157 21 37 39 30 97 1 19 32 25 42 33 27
3158 21 36 43 31 160 29 23 37 28 31 33 27
3159 21 37 45 30 143 75 29 32 33 12 33 27
3160 21 39 40 17 157 1 24 26 24 36 33 27
3161 21 36 37 18 98 61 25 20 25 6 33 27
3162 21 37 36 20 65 25 18 21 24 21 33 27
3163 21 33 22 1 83 4 26 36 28 30 33 27
3164 21 29 32 24 89 1 26 22 27 1 32 26
3165 21 36 43 13 72 11 22 19 26 24 33 27
3166 21 24 12 19 73 57 26 28 25 1 33 27
3167 21 36 43 28 62 5 28 29 29 13 33 27
3168 21 32 30 24 104 15 22 14 32 7 33 27
3169 21 23 22 33 45 30 20 28 34 5 33 27
3170 21 30 29 26 136 110 23 26 26 8 33 27
3171 21 25 17 22 59 1 19 24 20 1 32 27
3172 21 28 22 19 67 37 23 37 31 15 33 27
3173 21 27 23 33 233 44 20 23 26 16 33 27
3174 21 28 20 25 52 58 26 45 25 17 33 27
3175 21 33 38 23 65 57 25 19 29 1 33 27
3176 21 33 34 13 88 1 27 15 21 11 33 27
3177 21 32 26 28 98 1 22 29 24 29 33 27
3178 21 35 36 30 252 28 17 30 22 44 33 27
3179 21 32 35 32 66 1 21 1 21 26 33 27
3180 21 34 30 25 58 1 20 29 23 22 33 27
3181 21 31 31 29 57 15 20 22 33 7 33 27
3182 21 34 33 28 89 6 26 31 25 31 33 27
3183 21 34 37 42 214 46 29 32 35 35 33 27
3184 21 29 27 20 84 28 24 21 26 1 32 27
3185 21 26 19 21 70 1 23 24 29 2 33 27
3186 21 23 10 11 93 1 21 31 32 18 32 27
3187 21 29 21 25 52 1 27 31 24 37 33 27
3188 21 25 23 27 606 1 23 16 28 19 33 27
3189 21 37 38 26 91 38 22 28 21 29 33 27
3190 21 29 28 27 206 28 23 26 27 25 33 27
3191 21 31 28 32 121 1 21 37 25 47 33 27
3192 21 18 1 31 79 1 20 35 33 1 33 27
3193 21 34 33 27 81 37 21 28 33 8 33 27
3194 21 36 44 34 110 1 21 12 20 29 33 27
3195 21 34 38 33 53 54 24 28 33 13 33 27
3196 21 26 17 20 334 3 22 35 23 28 33 27
3197 21 31 20 16 68 1 20 22 29 11 33 27
3198 22 40 45 30 177 69 28 26 27 33 33 27
3199 21 23 13 30 118 1 25 40 31 1 33 27
3200 21 33 35 24 140 1 21 26 29 27 33 27
3201 21 40 52 27 215 35 20 26 36 10 33 27
3202 21 28 23 30 112 3 14 1 31 1 33 27
3203 21 30 31 31 195 1 18 37 32 26 33 27
3204 22 35 34 25 83 57 27 32 27 34 34 27
3205 21 30 21 12 57 28 20 26 26 31 33 27
3206 21 28 19 26 100 1 22 38 26 34 33 27
3207 21 32 34 41 47 51 27 19 34 26 33 27
3208 21 35 32 20 69 58 25 35 21 20 33 27
3209 21 30 30 26 54 30 21 19 26 1 32 27
3210 21 30 17 24 85 37 23 1 30 5 33 27
3211 21 27 21 19 116 12 23 17 28 4 33 27
3212 22 35 43 23 65 74 24 26 25 1 33 27
3213 21 34 32 24 83 74 23 30 26 23 33 27
3214 21 27 22 28 64 46 25 15 28 16 33 27
3215 21 29 23 28 149 1 21 18 34 6 33 27
3216 21 32 32 29 53 22 24 33 34 25 33 27
3217 21 24 23 45 39 49 22 16 29 11 33 27
3218 21 32 36 35 60 74 20 25 26 14 33 27
3219 21 32 36 27 55 32 19 17 26 18 33 27
3220 21 31 26 31 108 24 25 33 31 38 33 27
3221 21 28 23 17 157 40 22 24 28 1 33 27
3222 21 28 20 25 66 1 21 42 26 23 33 27
3223 21 29 23 28 78 1 19 18 24 9 33 27
3224 21 30 25 31 97 30 23 27 26 28 33 27
3225 21 30 27 23 220 14 24 37 25 16 33 27
3226 21 33 35 26 84 89 22 32 23 20 33 27
3227 21 31 29 21 108 72 24 23 30 1 33 27
3228 21 31 26 18 82 4 21 22 28 9 33 27
3229 21 24 9 19 84 6 21 22 29 1 33 27
3230 21 38 43 36 77 1 19 27 24 40 33 27
3231 21 26 29 40 100 60 21 1 22 4 33 27
3232 22 38 46 28 72 26 21 41 29 37 34 27
3233 21 31 23 24 46 14 23 35 27 15 33 27
3234 21 30 28 15 83 73 26 22 28 1 33 27
3235 21 29 22 25 61 1 24 36 31 22 33 27
3236 21 38 42 32 61 21 23 30 34 22 33 27
3237 21 36 40 25 90 37 21 32 31 17 33 27
3238 21 25 18 37 69 1 19 21 23 1 33 27
3239 21 33 32 17 100 1 23 21 26 17 33 27
3240 21 34 33 16 205 68 19 27 26 1 33 27
3241 21 29 16 14 147 24 20 11 24 14 33 27
3242 21 36 35 22 68 1 24 32 25 37 33 27
3243 21 37 43 21 99 46 24 21 28 8 33 27
3244 21 36 41 41 153 5 23 37 27 45 33 27
3245 21 31 35 25 163 65 25 9 22 5 33 27
3246 21 30 28 31 74 18 20 22 26 22 33 27
3247 21 34 35 21 122 82 24 24 30 1 33 27
3248 21 35 37 40 58 72 25 29 28 38 33 27
3249 21 37 42 24 54 1 27 23 26 32 33 27
3250 21 27 27 32 86 1 20 28 25 17 33 27
3251 21 30 28 41 52 1 21 40 27 30 33 27
3252 21 28 23 6 98 3 19 21 29 46 33 27
3253 21 33 35 26 152 9 21 15 29 36 33 27
3254 21 32 40 37 142 39 21 32 29 28 33 27
3255 21 30 19 26 73 1 26 28 32 10 33 27
3256 21 24 20 29 73 1 18 35 19 7 33 27
3257 22 34 31 24 131 25 25 1 33 23 33 27
3258 21 33 29 35 131 55 24 7 27 29 33 27
3259 21 33 34 35 88 54 19 27 23 31 33 27
3260 22 33 34 37 75 61 27 32 29 20 33 27
3261 21 29 21 25 59 11 22 27 35 19 33 27
3262 21 33 37 26 99 58 24 24 34 18 33 27
3263 21 38 46 29 159 67 24 27 27 27 33 27
3264 21 35 40 29 55 103 21 21 29 5 33 27
3265 21 35 41 34 71 100 19 27 25 33 33 27
3266 22 35 35 28 78 56 21 22 29 23 33 27
3267 21 31 29 34 106 1 23 18 32 12 33 27
3268 21 29 26 27 97 6 25 33 26 29 33 27
3269 21 31 27 23 72 6 21 22 24 25 33 27
3270 21 26 23 29 81 1 21 34 25 7 33 27
3271 21 31 24 12 68 1 24 25 26 8 33 27
3272 21 27 16 26 66 1 24 18 35 15 33 27
3273 22 31 34 24 124 74 22 27 29 1 33 27
3274 21 29 24 15 304 53 24 20 29 1 33 27
3275 21 32 34 28 304 33 25 33 30 17 33 27
3276 21 31 25 30 93 1 22 33 23 41 33 27
3277 22 35 33 28 153 42 24 24 23 27 33 27
3278 21 36 34 18 79 1 23 11 34 22 33 27
3279 21 25 22 28 71 20 22 13 38 24 33 27
3280 21 33 34 29 96 17 20 25 19 18 33 27
3281 21 31 31 18 82 38 25 21 31 1 33 27
3282 21 28 23 29 91 26 25 29 22 22 33 27
3283 21 31 28 19 99 1 19 27 31 17 33 27
3284 21 33 33 25 176 54 23 18 30 10 33 27
3285 21 30 27 27 104 60 22 25 25 15 33 27
3286 21 32 28 17 77 31 23 29 25 30 33 27
3287 21 30 22 17 155 10 22 30 35 16 33 27
3288 21 28 19 27 48 30 18 18 25 14 33 27
3289 21 39 45 32 70 1 22 1 36 32 33 27
3290 21 31 25 29 78 15 23 28 20 36 33 27
3291 21 31 20 20 56 1 22 28 18 25 33 27
3292 21 37 35 27 96 39 20 19 21 27 33 27
3293 21 32 27 25 86 13 23 24 27 28 33 27
3294 22 31 31 27 92 1 26 20 30 5 33 27
3295 21 39 38 22 124 11 26 28 20 29 33 27
3296 21 36 39 38 73 1 21 43 24 29 33 27
3297 21 30 25 24 177 24 24 25 24 29 33 27
3298 21 31 31 33 115 1 25 31 26 20 33 27
3299 21 35 40 27 55 59 26 15 32 41 33 27
3300 21 33 34 26 152 1 21 25 30 10 33 27
3301 21 31 31 32 53 18 22 29 29 29 33 27
3302 21 33 33 28 87 113 27 15 26 14 33 27
3303 21 28 18 17 65 47 17 19 26 2 33 27
3304 21 27 22 25 45 1 21 31 26 13 33 27
3305 21 24 19 34 54 46 25 18 28 1 32 27
3306 21 32 31 23 59 48 21 28 20 1 33 27
3307 21 35 38 30 120 38 21 27 25 17 33 27
3308 21 31 30 15 55 1 22 18 30 1 33 27
3309 21 29 18 26 41 8 17 39 23 32 33 27
3310 21 30 28 29 115 56 27 23 27 15 33 27
3311 21 40 46 18 85 14 22 21 25 33 33 26
3312 21 31 30 31 155 7 25 25 27 16 33 27
3313 21 30 25 18 114 22 22 19 27 23 33 27
3314 21 29 24 25 45 40 19 21 26 9 33 27
3315 21 34 41 30 97 60 22 22 28 14 33 27
3316 21 33 38 20 65 46 23 19 36 19 33 27
3317 21 29 22 32 87 36 19 26 26 37 33 27
3318 21 28 26 28 77 44 23 20 28 8 33 27
3319 21 32 23 16 109 1 23 24 29 24 33 27
3320 21 31 33 29 107 1 18 27 23 13 33 27
3321 21 31 34 29 98 43 19 1 22 36 33 27
3322 21 32 37 37 46 1 24 25 26 20 33 27
3323 21 29 22 13 79 24 25 26 23 11 32 26
3324 21 34 36 34 243 76 25 32 27 30 33 27
3325 21 29 25 28 69 23 24 28 24 13 33 27
3326 21 27 20 25 53 29 23 31 27 17 33 27
3327 21 27 14 13 48 12 18 26 22 9 33 27
3328 21 35 43 31 125 1 22 28 27 20 33 27
3329 21 27 24 23 136 1 25 16 25 6 33 27
3330 21 29 23 32 55 1 20 30 31 38 33 27
3331 21 34 40 24 79 42 21 38 20 13 33 27
3332 21 33 35 26 143 1 16 29 24 14 33 27
3333 21 28 28 32 80 1 19 30 24 1 32 27
3334 21 35 39 18 102 16 23 26 30 10 33 26
3335 21 29 22 19 75 1 21 26 26 5 33 27
3336 21 29 30 39 69 61 18 1 28 12 33 27
3337 21 29 30 37 48 58 23 25 26 16 33 27
3338 21 29 32 28 63 15 19 30 30 18 33 27
3339 21 33 39 30 83 1 24 28 25 31 33 27
3340 21 29 25 22 62 15 24 25 30 29 33 27
3341 21 35 35 21 85 1 17 34 24 30 33 27
3342 21 28 26 25 101 1 20 34 18 9 33 27
3343 21 27 17 20 147 23 25 25 27 1 32 27
3344 21 33 31 22 134 7 24 23 33 26 33 27
3345 21 32 33 30 60 47 22 24 26 12 33 26
3346 21 33 35 14 88 83 17 25 30 3 33 27
3347 21 35 39 25 56 8 23 17 27 22 33 27
3348 21 33 28 28 95 1 23 1 28 27 33 27
3349 21 27 19 25 78 1 26 24 19 14 33 27
3350 21 32 30 23 92 54 22 15 24 32 33 27
3351 21 32 33 24 131 6 19 31 37 14 33 27
3352 21 30 24 33 112 67 21 31 31 20 33 27
3353 21 32 30 20 84 75 22 22 26 12 33 27
3354 21 34 39 32 120 55 25 28 34 3 33 27
3355 21 32 39 34 119 59 20 25 25 11 33 27
3356 21 30 29 27 55 57 22 30 26 7 33 27
3357 21 28 18 16 185 1 24 27 29 8 33 27
3358 21 34 35 27 50 33 26 24 28 21 33 27
3359 21 33 37 35 54 88 23 24 32 21 33 27
3360 21 30 33 21 171 17 23 19 24 17 33 27
3361 21 33 32 23 86 70 28 42 32 28 33 27
3362 21 31 29 33 49 11 24 34 23 29 33 27
3363 21 31 31 22 105 8 24 24 22 6 33 27
3364 21 22 16 33 80 1 20 32 26 12 33 27
3365 21 34 36 24 96 93 26 23 23 25 33 27
3366 21 35 36 31 116 17 18 31 28 28 33 27
3367 21 33 35 29 96 39 21 30 31 26 33 27
3368 21 30 23 23 87 1 22 33 31 8 33 27
3369 21 33 35 27 133 12 26 48 28 35 33 27
3370 21 36 31 22 52 27 26 21 25 12 33 27
3371 21 35 34 25 173 6 17 14 13 33 33 27
3372 21 34 33 30 53 13 27 28 27 23 33 27
3373 21 32 25 20 228 19 23 31 31 21 33 27
3374 21 36 38 16 303 63 17 21 27 30 33 27
3375 21 29 28 26 135 18 23 22 29 11 33 27
3376 21 27 22 20 87 1 26 28 25 13 32 27
3377 21 32 31 26 106 1 25 31 28 26 33 27
3378 21 34 29 18 49 104 25 26 30 22 33 27
3379 21 31 29 19 66 25 21 17 22 14 33 27
3380 21 30 27 27 53 43 20 16 22 17 33 27
3381 21 34 37 16 70 66 22 21 23 4 33 27
3382 21 32 33 32 76 1 19 27 21 24 33 27
3383 21 36 38 26 57 58 24 25 30 16 33 27
3384 21 28 28 33 41 1 24 31 29 12 33 27
3385 21 35 35 31 70 101 20 23 28 38 33 27
3386 21 31 28 24 118 20 25 24 26 27 33 27
3387 21 33 40 32 254 106 18 28 24 2 33 27
3388 21 30 32 28 109 23 22 29 30 8 33 27
3389 21 27 23 32 71 1 17 32 21 22 33 27
3390 21 31 27 11 92 1 26 23 24 10 33 27
3391 21 38 43 20 101 2 22 28 29 12 33 27
3392 21 33 28 31 112 1 20 26 27 14 33 27
3393 21 34 37 29 62 120 25 40 21 17 33 27
3394 21 33 40 23 62 58 24 21 23 2 33 27
3395 21 30 31 41 58 7 23 25 27 41 33 27
3396 21 31 22 23 38 25 26 34 24 44 33 27
3397 21 30 31 36 196 16 20 25 26 29 33 27
3398 21 36 39 24 83 119 22 25 36 19 33 27
3399 21 34 42 36 139 18 22 32 36 23 33 27
3400 21 34 38 31 129 1 23 30 27 27 33 27
3401 21 26 23 22 55 14 24 29 30 1 33 27
3402 21 31 20 22 111 14 22 40 24 15 33 27
3403 22 32 28 13 62 12 28 25 22 8 33 27
3404 21 38 41 28 250 73 22 30 32 24 33 27
3405 21 29 27 25 114 1 22 31 27 15 33 27
3406 21 31 20 8 58 1 23 24 25 12 33 27
3407 21 30 30 29 90 1 22 35 25 12 33 27
3408 21 32 33 29 74 50 25 29 21 8 33 27
3409 21 29 24 20 121 3 23 21 30 4 33 27
3410 21 38 39 19 103 1 21 30 29 43 33 27
3411 21 36 35 29 95 1 25 29 21 36 33 27
3412 21 29 26 29 121 52 20 26 23 22 33 27
3413 21 33 34 26 57 63 25 21 25 24 33 27
3414 21 32 28 11 242 35 19 21 21 2 33 27
3415 21 33 32 19 61 3 19 38 32 33 33 27
3416 21 33 31 27 83 60 28 16 25 28 33 27
3417 21 27 23 37 43 14 26 37 28 36 33 27
3418 21 21 16 32 55 1 23 53 25 7 33 27
3419 21 36 39 29 140 68 18 33 29 20 33 27
3420 21 25 22 19 60 1 22 14 30 1 32 27
3421 21 30 27 26 63 30 20 23 23 6 33 27
3422 21 23 10 27 130 30 17 21 26 3 33 27
3423 21 38 34 12 102 39 21 23 28 41 33 27
3424 21 33 26 16 135 47 23 17 30 5 33 27
3425 21 32 28 21 232 12 22 36 20 33 33 27
3426 21 31 35 30 83 58 22 25 26 1 32 27
3427 21 26 20 22 63 8 17 21 28 1 33 27
3428 21 32 29 33 85 1 22 31 27 46 33 27
3429 21 32 32 25 100 61 25 25 21 1 32 27
3430 21 36 39 35 68 16 24 32 30 19 33 27
3431 21 23 14 19 66 14 24 18 24 1 33 27
3432 22 41 45 18 70 1 20 20 29 22 33 27
3433 21 34 33 21 58 75 23 15 27 1 32 27
3434 21 30 24 15 72 11 21 23 27 20 33 27
3435 21 30 26 14 88 19 24 23 25 25 33 27
3436 21 32 30 33 87 1 24 29 27 40 33 27
3437 21 33 34 34 52 1 20 30 25 31 33 27
3438 21 35 38 32 107 1 21 31 29 33 33 27
3439 21 32 27 20 136 48 25 22 25 33 33 27
3440 21 23 1 28 203 1 20 32 17 17 33 27
3441 21 29 26 33 64 1 23 40 22 39 33 27
3442 21 30 30 21 88 67 18 21 30 6 33 27
3443 21 32 29 8 106 49 25 22 26 1 33 27
3444 21 32 28 29 109 7 20 31 27 36 33 27
3445 21 33 30 26 80 1 20 14 25 4 33 27
3446 21 37 40 26 92 32 26 28 33 25 33 27
3447 21 32 33 39 86 1 29 1 32 19 32 27
3448 21 35 29 28 64 1 25 33 29 41 33 27
3449 21 33 25 18 67 38 18 1 27 35 33 27
3450 21 29 16 19 73 1 24 21 28 6 33 27
3451 21 33 40 37 113 61 23 16 27 28 33 27
3452 21 29 20 26 160 1 22 36 31 46 33 27
3453 21 29 30 34 54 66 28 26 30 12 33 27
3454 21 33 38 37 68 83 16 26 29 39 33 27
3455 21 30 20 24 119 67 21 36 18 18 33 27
3456 21 32 29 15 51 58 23 21 29 17 33 27
3457 21 34 37 19 185 16 22 21 22 23 33 27
3458 21 34 35 22 82 52 22 24 28 5 33 27
3459 21 33 34 35 191 20 23 34 24 47 33 27
3460 21 31 27 18 57 1 24 30 24 4 33 27
3461 22 36 45 30 81 45 26 19 24 4 33 27
3462 21 30 33 26 99 4 26 19 32 9 33 27
3463 21 31 30 18 87 1 22 22 26 1 33 27
3464 21 30 30 29 72 1 21 22 28 1 33 27
3465 21 29 26 19 133 22 24 25 28 1 33 27
3466 21 27 17 30 64 1 22 31 30 42 33 27
3467 21 26 25 32 79 1 18 32 27 21 33 27
3468 21 34 33 25 140 68 21 34 25 37 33 27
3469 21 30 25 16 71 97 24 22 28 1 33 27
3470 21 37 47 28 94 1 24 28 33 12 33 27
3471 21 32 31 11 101 1 15 24 19 4 33 27
3472 21 23 9 22 93 15 23 15 30 8 33 27
3473 21 27 20 20 139 38 23 29 20 16 33 27
3474 21 32 36 39 53 2 20 37 29 25 33 27
3475 21 30 31 34 149 1 22 32 31 25 33 27
3476 21 32 30 22 63 54 22 17 28 1 33 27
3477 21 33 28 25 109 68 22 27 25 31 33 27
3478 21 31 30 25 76 1 23 29 33 23 33 27
3479 21 35 40 26 456 65 20 21 26 4 33 27
3480 21 32 32 35 90 1 18 37 26 43 33 27
3481 21 26 13 26 64 1 22 33 18 23 33 27
3482 21 36 43 41 89 1 21 32 34 37 33 27
3483 21 32 33 12 68 44 20 18 29 1 32 27
3484 21 26 22 327 126 236 26 36 26 1 33 27
3485 21 28 25 30 49 83 24 17 32 9 33 27
3486 21 30 27 22 110 47 21 25 28 1 33 27
3487 21 32 27 16 104 51 23 20 29 1 33 27
3488 21 35 31 8 142 1 20 18 29 18 33 27
3489 21 30 32 21 224 44 22 19 27 1 33 27
3490 21 32 32 19 59 49 19 19 28 1 32 27
3491 21 39 39 33 140 48 26 20 29 13 33 27
3492 21 29 21 26 289 1 26 30 29 27 33 27
3493 21 33 33 25 100 73 22 20 27 4 33 27
3494 21 32 31 25 66 18 21 25 32 9 33 27
3495 21 37 42 31 109 59 18 24 25 34 33 27
3496 22 29 24 31 51 53 23 30 32 14 33 27
3497 21 30 29 43 63 1 22 36 25 33 33 27
3498 21 27 18 25 60 1 19 40 22 1 33 27
3499 21 25 20 25 119 2 22 21 26 1 32 26
3500 21 35 42 39 77 1 22 26 27 29 33 27
3501 21 26 19 24 72 3 19 23 27 25 33 27
3502 21 36 30 21 47 1 24 33 28 46 33 27
3503 21 29 28 33 90 41 23 23 30 15 33 27
3504 21 32 28 30 99 39 24 22 28 26 33 27
3505 21 30 24 28 122 56 23 38 24 25 33 27
3506 21 33 32 28 73 17 19 13 22 12 33 27
3507 21 27 21 31 92 24 22 25 24 4 33 27
3508 21 28 20 25 65 60 18 28 31 17 33 27
3509 21 38 46 32 216 46 21 21 20 19 33 27
3510 21 29 26 25 121 1 19 25 29 3 33 27
3511 21 33 36 21 107 1 20 19 29 5 33 27
3512 21 26 23 17 112 59 23 18 25 1 33 27
3513 21 30 27 16 117 32 22 23 24 1 32 27
3514 21 34 35 17 92 1 20 16 22 10 33 27
3515 22 39 38 9 76 29 23 20 31 31 33 27
3516 22 32 30 19 142 1 19 27 25 7 33 27
3517 21 31 32 33 66 20 18 24 20 34 33 27
3518 21 25 14 13 60 15 20 14 25 1 33 27
3519 21 31 26 37 53 30 22 30 27 44 33 27
3520 22 27 21 26 50 40 26 31 30 7 33 27
3521 21 31 31 28 83 12 22 1 30 1 33 27
3522 21 38 52 39 70 64 24 30 29 13 33 27
3523 21 30 28 23 56 1 21 32 28 22 33 27
3524 21 38 38 26 50 50 24 20 32 39 33 27
3525 21 26 23 25 59 1 15 5 21 1 33 27
3526 21 34 34 28 88 58 24 25 22 23 33 27
3527 21 28 23 28 50 54 25 29 28 3 33 27
3528 21 30 28 22 61 64 24 22 28 1 33 27
3529 21 33 33 32 307 68 21 24 26 29 33 27
3530 21 34 36 28 47 15 24 33 18 33 33 27
3531 22 36 34 13 70 12 23 48 25 24 33 27
3532 21 28 23 23 126 48 18 24 28 13 33 27
3533 21 33 30 25 93 57 28 32 32 15 33 27
3534 21 31 27 28 127 1 21 34 23 32 33 27
3535 21 26 15 20 99 1 22 32 34 22 33 27
3536 21 29 28 24 168 58 23 33 28 8 33 27
3537 21 31 32 41 194 70 22 1 28 13 33 27
3538 21 39 41 15 87 1 17 22 24 22 33 27
3539 21 35 40 31 156 1 22 34 22 31 33 27
3540 21 38 38 11 112 82 26 30 35 19 33 27
3541 21 27 29 44 124 16 24 1 31 15 33 27
3542 21 32 25 21 58 2 24 18 29 20 33 27
3543 21 24 9 6 63 1 24 34 28 6 33 27
3544 21 28 26 27 105 1 23 26 28 26 33 27
3545 21 27 28 43 91 16 18 17 22 20 33 27
3546 21 29 23 25 83 1 21 20 22 16 33 27
3547 21 33 34 39 88 42 24 1 26 8 33 27
3548 21 38 37 22 102 1 25 43 31 40 33 27
3549 21 34 37 30 97 27 18 1 18 25 33 26
3550 21 35 42 27 80 53 17 29 26 42 33 27
3551 21 39 42 31 160 63 23 29 33 33 33 27
3552 21 29 24 15 63 1 21 14 27 1 32 27
3553 21 29 23 14 56 74 22 21 28 4 33 27
3554 21 34 32 33 97 1 24 30 23 46 33 27
3555 21 31 31 29 113 20 20 17 30 20 33 27
3556 21 33 35 20 99 1 19 42 27 25 33 27
3557 21 33 35 23 98 1 23 21 23 8 33 27
3558 21 26 15 25 92 1 24 37 23 31 33 27
3559 21 35 39 33 252 29 22 31 25 24 33 27
3560 21 34 36 29 48 86 24 30 29 18 33 27
3561 21 32 29 27 62 35 22 24 24 18 33 27
3562 22 27 19 23 114 1 20 20 23 5 33 27
3563 21 28 22 18 103 1 18 22 23 1 33 27
3564 21 31 24 21 47 56 26 33 26 35 33 27
3565 21 30 29 32 357 41 23 14 29 12 33 27
3566 22 34 31 26 47 26 21 25 29 34 34 27
3567 21 30 28 22 85 45 23 29 23 15 33 27
3568 21 34 38 30 95 64 22 35 31 38 33 27
3569 21 32 34 41 64 1 22 1 36 1 33 27
3570 21 27 25 26 235 75 21 29 18 6 33 27
3571 21 36 39 17 77 1 21 23 28 26 33 27
3572 21 33 34 30 248 45 22 23 23 20 33 27
3573 21 21 9 16 72 18 22 37 33 14 33 27
3574 21 29 23 34 80 45 22 41 26 32 33 27
3575 21 38 37 15 65 20 24 22 27 12 33 27
3576 21 34 38 33 100 26 23 33 22 33 33 27
3577 21 40 48 17 74 52 23 27 27 29 33 27
3578 21 30 27 13 81 63 19 41 24 27 33 27
3579 21 34 30 18 67 96 25 23 23 18 33 27
3580 21 31 33 19 86 93 20 19 28 1 33 27
3581 21 33 36 29 120 1 22 34 32 33 33 27
3582 21 26 18 22 121 1 25 25 32 16 33 27
3583 21 32 28 30 67 1 20 27 25 32 33 27
3584 21 32 29 22 83 13 24 27 31 28 33 27
3585 21 38 41 21 109 3 28 33 31 30 33 27
3586 22 33 34 26 273 53 25 18 31 14 33 27
3587 21 30 27 18 65 56 20 25 30 10 33 27
3588 21 29 29 20 66 66 20 25 28 13 33 27
3589 21 31 29 18 56 33 24 23 26 10 33 27
3590 21 35 30 28 87 1 27 33 31 36 33 27
3591 21 33 33 32 91 116 26 24 32 26 33 27
3592 21 31 28 15 68 1 22 17 25 24 33 27
3593 21 33 29 25 96 1 21 26 26 35 33 27
3594 21 31 25 17 191 29 21 17 22 16 33 27
3595 21 30 27 18 128 75 23 24 30 1 33 27
3596 21 33 34 34 178 61 20 20 23 43 33 27
3597 21 30 26 27 179 1 19 18 24 15 33 27
3598 21 27 16 21 78 87 22 40 19 7 33 27
3599 21 34 35 26 99 35 19 28 32 29 33 27
3600 21 26 12 7 178 14 21 28 25 1 33 27
3601 21 28 18 18 82 25 22 24 35 17 33 27
3602 21 31 30 33 51 28 19 12 21 15 33 27
3603 21 33 32 23 82 56 24 26 30 8 33 27
3604 21 33 33 34 103 1 23 37 20 44 33 27
3605 21 35 40 30 58 115 28 27 26 9 33 27
3606 21 28 26 32 65 4 20 19 24 1 33 27
3607 21 31 26 20 83 41 21 18 25 3 33 27
3608 22 28 25 18 113 37 26 29 28 1 32 26
3609 21 38 43 28 56 6 24 22 27 38 33 26
3610 21 32 26 22 103 1 18 25 23 29 33 27
3611 21 34 42 43 69 110 25 24 27 14 33 27
3612 22 33 34 28 145 21 22 25 21 24 33 27
3613 21 29 23 11 200 18 23 20 26 1 33 27
3614 21 30 22 14 286 31 22 26 30 1 33 27
3615 21 37 40 21 68 34 23 28 25 23 33 27
3616 21 23 11 23 59 31 22 40 24 9 33 27
3617 21 29 22 31 39 11 25 32 29 31 33 27
3618 21 32 34 34 158 56 23 37 30 10 33 27
3619 21 33 33 26 118 75 25 32 28 19 33 27
3620 21 29 26 31 46 67 22 34 40 28 33 27
3621 21 34 34 35 41 30 22 30 25 22 33 27
3622 21 28 20 16 154 77 19 29 28 28 33 27
3623 21 28 20 11 69 30 29 26 34 1 33 27
3624 21 34 37 29 53 104 23 27 24 27 33 27
3625 21 27 23 22 90 1 19 25 28 8 33 27
3626 21 34 34 29 195 18 22 37 24 32 33 27
3627 21 33 33 22 55 10 18 15 23 25 33 27
3628 21 30 22 13 124 26 23 26 30 7 33 27
3629 21 30 25 25 149 1 24 32 28 23 33 27
3630 21 33 32 38 45 61 24 28 25 38 33 27
3631 21 40 40 18 613 14 26 18 35 45 33 27
3632 21 30 29 31 56 1 26 39 27 23 33 27
3633 21 30 30 38 55 68 21 36 25 18 33 27
3634 21 26 16 27 141 1 18 21 24 1 33 27
3635 21 28 17 18 52 16 23 23 29 2 33 27
3636 33 39 25 43 204 1 37 52 43 35 48 42
3637 21 38 47 29 69 1 21 27 34 20 33 27
3638 21 25 15 13 83 28 20 20 26 1 33 27
3639 21 30 28 33 70 60 23 28 31 18 33 27
3640 21 29 28 25 53 37 19 26 34 12 33 27
3641 21 33 33 18 80 41 19 13 23 18 33 27
3642 21 29 23 21 71 46 23 38 26 20 33 27
3643 21 33 36 33 98 81 21 27 17 17 33 27
3644 21 31 34 26 56 72 21 23 28 10 33 27
3645 21 32 30 34 92 25 24 31 27 35 34 27
3646 21 30 25 31 51 1 23 31 24 30 33 27
3647 21 37 42 34 110 72 23 21 33 37 33 27
3648 22 33 33 34 54 1 25 30 25 35 34 27
3649 21 28 22 21 54 1 22 30 25 21 33 27
3650 21 28 22 31 63 249 24 27 27 24 33 27
3651 21 33 40 41 202 13 22 34 29 18 33 27
3652 21 34 27 16 73 85 22 30 26 2 33 27
3653 21 32 20 26 43 58 21 22 26 11 33 27
3654 21 31 27 33 51 63 26 28 33 31 33 27
3655 21 30 29 17 148 14 20 23 26 6 33 27
3656 21 36 42 30 63 17 20 29 29 34 33 27
3657 21 31 25 28 67 83 27 46 23 19 33 27
3658 21 30 30 30 111 21 20 25 29 28 33 27
3659 21 30 31 19 92 16 19 18 25 6 33 27
3660 21 31 31 19 106 20 26 22 26 26 33 27
3661 21 34 39 18 139 3 20 27 24 33 33 27
3662 21 22 14 22 52 32 26 19 28 1 33 27
3663 21 32 30 25 409 1 25 33 22 24 33 27
3664 21 30 18 19 98 35 19 17 25 27 33 27
3665 21 42 52 34 72 56 28 25 34 30 33 27
3666 21 30 25 14 74 24 23 22 25 7 33 27
3667 21 32 32 34 99 1 25 40 38 27 33 27
3668 21 31 29 38 119 40 21 1 31 17 33 27
3669 21 35 37 35 149 1 24 31 29 35 33 27
3670 21 27 28 33 52 10 23 28 22 27 33 27
3671 21 30 31 30 113 1 21 20 22 9 33 27
3672 21 32 36 30 100 4 20 21 19 29 33 27
3673 21 32 36 33 58 64 21 18 26 1 33 27
3674 22 30 30 29 101 1 26 15 31 1 33 27
3675 21 31 24 30 86 47 24 29 22 31 33 27
3676 21 32 31 29 72 12 25 26 27 27 33 27
3677 21 23 8 17 51 1 28 22 26 4 33 27
3678 21 28 24 23 263 51 21 28 19 9 33 27
3679 21 35 38 25 95 81 24 24 30 14 33 27
3680 21 32 30 17 110 78 26 24 27 1 33 27
3681 21 24 17 27 66 80 19 17 20 2 33 27
3682 21 36 30 8 117 8 25 12 28 30 33 27
3683 21 38 46 39 109 55 22 28 24 32 33 27
3684 21 28 17 16 219 4 21 20 20 21 33 27
3685 21 32 28 16 95 25 25 21 28 5 33 27
3686 21 27 20 28 241 12 22 25 24 1 33 27
3687 21 31 29 19 91 52 19 22 25 1 33 27
3688 21 31 29 35 55 26 17 33 28 36 33 27
3689 21 31 29 17 62 1 23 20 30 13 33 27
3690 21 24 17 15 59 1 21 32 27 17 33 27
3691 21 25 23 34 51 1 17 30 24 9 33 27
3692 21 33 33 21 93 29 22 25 18 1 33 27
3693 21 29 25 19 50 83 21 26 25 7 33 27
3694 21 29 26 23 88 1 22 30 21 27 33 27
3695 21 30 27 30 139 79 22 25 26 13 33 27
3696 21 35 33 20 62 86 27 19 25 3 33 27
3697 21 32 34 36 82 31 24 28 21 27 33 27
3698 21 28 23 32 64 1 19 17 24 9 33 27
3699 21 31 29 20 77 1 23 15 20 16 33 27
3700 21 32 28 22 410 72 22 20 30 11 33 27
3701 21 31 32 25 84 16 25 19 28 2 33 27
3702 21 31 32 25 57 1 22 22 28 1 33 27
3703 21 32 30 24 66 62 21 22 23 1 33 27
3704 21 27 29 33 138 1 24 22 28 11 33 27
3705 21 30 25 20 50 1 24 30 30 27 33 27
3706 21 33 29 26 77 1 20 31 23 33 33 27
3707 21 29 26 36 68 49 22 31 20 26 33 27
3708 21 33 41 33 121 105 19 26 28 5 33 27
3709 21 23 14 30 51 1 24 31 26 18 33 27
3710 21 28 14 16 113 2 19 20 26 33 33 27
3711 21 38 36 22 60 70 24 22 33 23 33 27
3712 21 32 35 35 65 1 21 30 30 20 33 27
3713 21 24 17 21 150 44 22 24 22 1 32 27
3714 21 31 35 34 138 34 23 24 28 32 33 26
3715 21 37 38 34 61 55 24 34 30 44 33 27
3716 21 31 26 24 87 1 23 20 27 1 33 27
3717 21 26 24 25 123 16 21 17 25 18 33 27
3718 21 29 30 44 59 1 24 26 33 17 33 27
3719 21 31 30 18 98 1 23 27 23 21 33 27
3720 21 39 48 27 64 45 24 24 28 46 33 27
3721 21 30 25 20 85 15 24 24 30 13 33 27
3722 21 37 38 22 90 8 24 16 26 26 33 27
3723 21 28 23 31 86 1 24 27 27 20 33 27
3724 21 28 24 22 82 48 19 1 32 9 33 27
3725 21 32 28 38 104 41 23 25 24 47 33 27
3726 21 31 28 23 297 53 22 19 30 1 33 27
3727 21 29 25 30 80 19 25 33 22 7 33 27
3728 21 32 26 30 76 1 22 30 27 41 33 27
3729 21 30 26 28 72 1 28 30 28 35 33 27
3730 21 30 21 27 146 34 26 18 28 27 33 27
3731 21 33 32 28 276 1 18 1 26 30 33 27
3732 21 34 33 25 62 65 23 36 35 5 33 27
3733 21 32 30 18 328 12 20 21 26 1 32 27
3734 21 26 20 25 113 45 23 19 26 1 32 27
3735 21 24 14 33 80 30 29 21 29 1 32 26
3736 21 33 39 26 91 29 22 25 34 1 33 27
3737 21 287 632 84 112 227 41 51 36 119 33 27
3738 21 38 45 28 83 30 24 30 22 8 33 27
3739 21 34 29 27 160 34 26 24 29 18 33 27
3740 21 36 48 39 173 70 21 30 25 24 33 27
3741 21 33 35 28 54 31 20 26 26 12 33 27
3742 21 35 39 33 45 70 25 26 25 37 33 27
3743 21 26 13 17 46 1 23 30 32 31 33 27
3744 21 35 38 27 111 16 23 23 30 18 33 27
3745 21 29 25 23 63 1 18 15 22 21 33 27
3746 21 30 24 30 156 61 23 20 27 17 33 27
3747 21 32 31 25 109 13 21 23 23 8 33 27
3748 21 34 36 25 51 54 25 38 32 46 33 27
3749 21 34 34 26 253 55 24 19 19 18 33 27
3750 21 37 37 30 106 17 24 23 27 32 33 27
3751 21 33 27 31 64 1 24 27 29 45 33 27
3752 21 32 33 22 123 48 24 20 25 21 33 27
3753 21 36 40 31 108 1 24 22 24 28 33 27
3754 21 34 41 28 187 5 26 27 324 29 33 27
3755 21 25 18 30 51 15 19 20 23 1 32 27
3756 21 37 41 30 69 47 24 33 29 29 33 27
3757 21 32 21 14 93 47 21 18 19 16 33 27
3758 21 35 36 15 151 51 21 13 27 1 33 27
3759 21 31 31 37 64 39 22 33 27 34 33 27
3760 21 34 40 29 135 118 23 19 22 3 33 27
3761 21 30 30 39 105 53 21 25 27 5 33 27
3762 21 34 40 26 125 64 18 22 25 29 33 27
3763 21 26 16 24 54 1 23 1 34 17 33 27
3764 21 28 22 32 159 60 22 30 22 21 33 27
3765 21 31 25 24 157 20 24 22 33 6 33 27
3766 21 30 23 28 69 38 23 28 30 41 33 27
3767 21 36 41 33 81 84 24 29 29 25 33 27
3768 21 32 32 22 92 26 20 15 32 28 33 27
3769 21 32 28 34 66 1 25 37 31 41 33 27
3770 21 32 34 21 98 46 19 18 26 1 32 27
3771 22 30 25 21 101 41 26 34 33 36 34 27
3772 21 34 37 22 122 62 19 26 26 1 33 27
3773 21 28 22 22 295 40 26 28 24 1 33 27
3774 22 28 21 16 105 23 22 18 24 1 33 27
3775 21 31 21 13 48 11 21 13 30 15 33 27
3776 21 33 36 33 59 1 22 35 23 28 33 27
3777 21 30 25 11 89 16 24 16 26 7 33 27
3778 21 38 43 38 103 37 22 36 24 47 33 27
3779 21 35 36 29 75 7 22 38 31 46 33 27
3780 21 30 24 24 158 35 22 26 26 13 33 27
3781 21 32 34 28 138 28 19 29 24 8 33 27
3782 21 34 34 24 129 46 24 20 38 16 33 27
3783 21 35 38 24 105 78 24 20 28 24 33 27
3784 21 34 38 31 52 36 18 23 22 35 33 27
3785 21 26 16 26 71 24 20 48 22 17 33 27
3786 21 32 29 23 111 1 179 17 20 25 33 27
3787 21 28 28 31 122 33 24 35 29 29 33 27
3788 21 35 41 22 105 1 24 25 30 28 33 27
3789 21 33 30 24 74 16 27 26 28 34 33 27
3790 21 32 23 19 164 15 21 29 34 29 33 27
3791 22 36 33 18 165 90 22 31 18 31 34 27
3792 21 32 22 24 45 2 23 30 27 44 33 27
3793 21 35 38 36 45 18 25 32 30 43 33 27
3794 21 35 35 19 58 1 17 19 30 13 33 27
3795 21 23 17 35 71 1 25 33 28 12 33 27
3796 21 28 31 29 134 1 18 27 25 6 33 27
3797 21 32 28 33 48 16 26 37 28 39 33 27
3798 21 24 21 24 220 22 18 28 28 1 33 27
3799 21 36 43 27 68 1 23 19 30 1 33 27
3800 21 31 27 35 60 37 17 1 28 24 33 27
3801 21 34 34 37 55 1 24 35 28 29 33 27
3802 21 28 22 24 41 46 20 23 29 29 33 27
3803 21 29 24 32 92 7 23 40 27 43 33 27
3804 21 26 23 37 106 61 22 26 30 1 33 27
3805 21 31 33 20 86 1 20 15 23 18 33 27
3806 21 30 22 26 122 42 21 36 36 20 33 27
3807 21 34 43 34 97 103 21 27 25 32 33 27
3808 21 31 33 36 90 6 21 30 25 39 33 27
3809 21 33 27 20 144 38 19 18 24 38 33 27
3810 21 27 19 24 52 22 24 27 31 11 33 27
3811 21 38 43 30 56 68 26 27 28 40 33 27
3812 21 32 25 28 58 49 22 43 21 32 33 27
3813 21 32 34 41 71 56 18 25 21 8 33 27
3814 21 30 32 32 124 27 21 19 17 1 33 27
3815 21 34 44 34 111 72 22 30 30 28 33 27
3816 21 29 26 21 74 40 23 19 32 1 32 27
3817 21 34 42 33 158 45 23 37 34 32 33 27
3818 21 40 46 17 99 52 24 17 27 33 33 27
3819 21 28 11 5 86 27 23 42 28 27 33 27
3820 21 27 26 28 132 1 22 27 24 19 33 27
3821 21 28 21 16 75 1 19 35 25 26 33 27
3822 21 28 22 25 113 26 20 25 25 10 33 27
3823 21 29 18 16 46 40 21 21 28 12 33 27
3824 21 34 36 27 51 85 24 27 28 19 33 27
3825 21 29 27 27 161 35 23 19 29 16 33 27
3826 21 35 35 23 314 71 20 25 35 15 33 27
3827 21 31 32 28 101 64 23 31 28 27 33 27
3828 21 33 34 23 86 1 19 17 28 1 33 27
3829 21 28 31 27 62 15 22 29 33 1 33 27
3830 21 31 31 37 298 39 21 39 20 40 33 27
3831 21 37 42 39 79 1 17 31 26 35 33 27
3832 21 34 27 32 64 4 24 29 29 41 33 27
3833 21 37 43 27 61 74 24 24 26 9 33 27
3834 21 30 27 27 46 45 20 23 30 21 33 27
3835 21 35 40 31 105 1 20 28 16 25 33 27
3836 21 29 24 20 74 21 23 16 21 9 33 27
3837 21 28 21 24 86 78 20 27 39 1 33 27
3838 21 26 23 32 64 13 27 38 28 26 33 27
3839 22 33 27 20 75 1 19 24 31 28 33 27
3840 21 29 21 22 69 46 23 33 27 28 33 27
3841 21 37 42 26 83 106 24 25 30 16 33 27
3842 21 30 31 22 62 102 20 27 24 1 33 27
3843 21 29 23 29 125 18 26 32 32 37 33 27
3844 21 33 29 29 98 1 26 33 22 38 33 27
3845 22 28 25 14 55 38 21 18 29 1 32 27
3846 21 22 6 28 131 5 22 22 26 1 33 27
3847 21 37 43 23 125 1 21 19 21 13 33 27
3848 21 35 34 24 94 22 25 25 29 33 33 27
3849 21 31 25 20 105 49 24 23 29 18 33 27
3850 21 31 26 20 62 17 24 30 27 13 33 27
3851 21 22 9 28 89 35 21 33 26 23 33 27
3852 21 35 47 28 65 77 23 36 26 22 33 27
3853 21 30 26 23 125 48 22 22 28 34 34 27
3854 21 33 35 24 52 44 20 24 32 10 33 27
3855 21 31 26 15 87 38 22 20 28 2 33 27
3856 21 28 18 32 53 8 25 31 20 28 33 27
3857 21 36 46 29 91 1 26 26 33 26 33 27
3858 21 37 37 28 59 46 20 36 28 35 33 27
3859 21 39 37 17 59 51 24 31 26 36 33 27
3860 21 32 30 29 47 7 24 21 34 31 33 27
3861 21 30 31 38 73 71 24 27 26 37 33 27
3862 21 34 35 40 130 36 27 36 23 42 33 27
3863 21 36 34 14 60 49 23 24 26 25 33 27
3864 21 32 34 36 113 68 25 23 29 22 33 27
3865 21 29 26 27 86 42 23 21 28 14 33 27
3866 21 28 20 29 72 1 24 36 28 40 33 27
3867 21 30 34 32 57 50 22 26 32 29 33 27
3868 21 32 32 32 45 1 22 36 26 39 33 27
3869 21 32 31 28 149 43 23 22 31 21 33 27
3870 21 36 33 30 104 88 25 35 26 32 33 27
3871 21 27 23 30 43 72 21 28 29 20 33 27
3872 21 33 37 26 137 40 24 17 34 28 33 27
3873 21 30 27 20 90 47 15 25 28 17 33 27
3874 21 32 28 27 171 62 23 32 30 9 33 27
3875 21 32 25 30 143 49 20 18 34 14 33 27
3876 22 34 39 31 82 90 22 35 24 32 33 27
3877 21 36 32 20 149 6 20 25 24 26 33 27
3878 21 37 45 34 108 53 23 21 24 33 33 27
3879 21 29 29 33 92 1 21 28 23 22 33 27
3880 21 27 19 18 73 1 23 23 29 1 33 27
3881 21 32 31 26 51 55 23 12 34 25 33 27
3882 21 34 36 27 206 1 20 13 18 23 33 27
3883 21 30 25 26 70 1 24 26 25 37 33 27
3884 21 26 18 32 96 54 23 32 30 12 33 27
3885 21 32 27 18 227 36 21 20 30 22 33 27
3886 21 30 28 23 60 24 25 28 30 28 33 27
3887 21 32 28 16 144 10 20 26 23 17 33 27
3888 21 29 21 25 77 41 24 44 24 26 33 27
3889 22 33 36 29 52 72 26 23 31 25 33 27
3890 21 33 29 22 140 17 28 23 29 13 33 27
3891 21 31 28 33 44 1 19 33 22 41 33 27
3892 21 32 38 24 261 51 18 18 23 21 33 27
3893 21 33 46 39 68 1 21 22 33 21 33 27
3894 21 33 34 32 116 1 21 32 27 23 33 27
3895 21 30 33 29 54 61 20 19 20 15 33 27
3896 21 28 23 21 60 51 23 23 24 1 33 27
3897 21 32 31 17 102 40 28 25 21 12 33 27
3898 21 30 29 13 113 1 22 20 26 26 33 27
3899 21 29 26 17 104 43 17 23 25 1 33 27
3900 21 27 12 14 74 1 24 30 25 20 33 27
3901 21 32 36 32 78 53 23 11 30 1 33 27
3902 21 31 25 31 62 47 23 33 22 9 33 27
3903 21 26 26 33 111 50 24 1 28 16 33 27
3904 21 32 30 17 57 62 20 22 33 29 33 27
3905 22 30 24 14 109 74 23 20 32 1 33 27
3906 21 23 5 19 51 8 21 30 23 11 33 27
3907 21 34 39 39 121 1 24 31 26 37 33 27
3908 21 32 32 33 97 79 19 17 22 5 33 27
3909 21 25 22 29 47 42 25 20 22 14 32 27
3910 21 30 19 18 85 48 20 23 32 1 33 27
3911 21 29 25 23 114 1 23 32 31 23 33 27
3912 21 30 31 23 56 15 20 23 27 19 33 27
3913 21 35 34 31 47 1 19 31 24 47 34 27
3914 21 38 46 26 101 1 24 22 40 38 33 27
3915 21 26 12 19 65 13 23 32 24 14 33 27
3916 21 27 19 22 53 2 19 30 27 25 33 27
3917 21 35 34 18 165 35 20 17 23 24 33 27
3918 22 37 42 42 62 1 25 34 31 38 34 27
3919 21 28 24 17 121 1 22 20 23 3 33 27
3920 21 32 33 27 87 32 22 12 28 10 33 27
3921 21 29 23 20 82 1 19 25 27 21 33 27
3922 21 38 47 44 97 63 21 32 20 36 33 27
3923 21 29 25 29 48 49 26 34 28 20 33 27
3924 21 30 27 31 59 62 23 18 25 21 33 27
3925 21 27 14 21 93 15 18 24 25 21 33 27
3926 21 29 30 27 82 44 27 22 34 8 33 27
3927 21 29 39 47 95 1 23 37 26 14 33 27
3928 21 30 27 23 169 8 20 12 24 13 33 27
3929 21 28 18 21 45 1 17 24 18 22 33 27
3930 21 37 40 26 343 1 21 36 24 25 33 27
3931 21 31 35 25 160 1 24 22 27 13 33 27
3932 21 31 31 22 197 61 23 23 31 18 33 27
3933 21 33 36 25 178 3 25 26 22 33 33 27
3934 21 63 36 21 81 28 27 29 32 23 33 27
3935 21 29 27 26 87 60 20 1 31 12 33 27
3936 21 29 21 14 67 31 25 22 25 9 33 27
3937 21 38 51 38 66 123 23 32 28 10 33 27
3938 21 27 22 30 49 1 24 15 36 22 33 27
3939 21 34 41 21 77 24 20 28 30 21 33 27
3940 21 27 15 18 98 1 20 25 28 4 33 27
3941 21 25 19 24 100 1 23 20 22 20 33 27
3942 21 32 34 20 86 21 22 18 23 3 33 27
3943 21 30 31 19 113 1 24 25 36 13 33 27
3944 21 29 32 32 66 23 23 30 24 8 33 27
3945 21 35 44 38 55 41 26 26 23 30 33 27
3946 21 30 27 25 102 1 20 26 25 27 33 27
3947 21 31 31 22 73 1 24 19 23 30 33 27
3948 21 39 52 38 92 47 21 28 32 41 33 27
3949 21 34 31 27 86 72 23 21 22 12 33 27
3950 21 35 43 27 98 93 22 24 31 12 33 27
3951 22 34 35 27 89 7 25 27 25 22 33 27
3952 21 39 46 29 104 1 23 17 25 36 33 26
3953 21 28 17 28 73 1 26 29 30 24 33 27
3954 21 31 25 17 115 12 25 34 36 30 33 27
3955 21 29 20 23 224 1 21 24 21 21 33 27
3956 21 33 27 19 96 31 20 25 30 12 33 27
3957 21 28 13 14 95 18 22 31 25 20 33 27
3958 21 36 42 26 70 97 21 19 26 8 33 27
3959 21 24 18 29 45 13 18 1 29 8 33 27
3960 21 25 22 20 100 1 23 28 23 3 33 27
3961 21 31 29 28 123 2 21 30 25 24 33 27
3962 21 36 39 31 112 104 28 1 30 23 33 27
3963 21 35 37 20 136 1 24 25 30 28 33 27
3964 21 31 30 20 65 11 21 26 28 24 33 27
3965 21 30 35 35 92 81 22 22 30 19 33 27
3966 21 30 30 16 200 79 18 31 33 1 33 27
3967 21 28 22 11 124 57 21 20 22 1 33 27
3968 21 30 31 35 81 1 23 24 29 25 33 27
3969 21 28 22 29 124 26 24 17 22 11 33 27
3970 21 32 26 17 76 23 25 26 27 1 33 27
3971 21 32 28 27 74 14 23 24 24 25 33 27
3972 21 34 33 17 67 42 20 23 31 13 33 27
3973 21 27 27 30 131 17 23 21 31 5 33 27
3974 21 27 26 40 84 18 24 22 31 8 33 27
3975 21 35 36 14 82 1 27 16 24 31 33 27
3976 22 33 29 21 65 1 23 16 34 13 33 27
3977 21 35 45 40 101 1 23 26 17 18 33 27
3978 21 33 35 33 87 22 25 27 29 12 33 27
3979 21 38 46 34 112 82 20 39 20 30 33 27
3980 21 33 34 25 143 36 23 23 30 6 33 27
3981 21 25 16 18 113 54 22 23 21 1 33 27
3982 21 26 18 31 49 1 20 23 22 10 33 27
3983 21 35 37 21 109 78 25 21 30 24 33 27
3984 21 35 35 26 104 17 25 23 23 25 33 27
3985 21 37 37 17 62 89 20 12 26 16 33 27
3986 21 33 30 17 84 11 24 28 26 20 33 27
3987 21 28 25 32 77 1 22 38 30 34 33 27
3988 21 31 34 32 53 13 19 24 27 13 33 27
3989 21 30 32 22 70 15 22 23 28 1 33 27
3990 21 517 412 501 120 274 54 50 368 57 33 27
3991 21 30 33 31 148 45 25 14 27 9 33 27
3992 21 30 32 34 111 36 24 26 26 7 33 27
3993 21 29 25 21 376 1 27 28 30 23 33 27
3994 21 34 43 38 119 35 23 32 31 29 33 27
3995 21 31 29 29 73 1 20 40 27 40 33 27
3996 21 31 31 35 44 4 23 34 28 36 33 27
3997 21 33 32 23 153 46 21 24 27 36 33 27
3998 21 31 34 22 64 19 22 19 31 25 33 27
3999 21 30 34 32 57 27 23 26 19 15 33 27
4000 21 31 32 14 93 52 22 22 26 3 33 27
4001 21 33 33 20 141 72 24 23 32 14 33 27
4002 21 30 30 29 60 1 21 27 24 24 33 27
4003 21 31 31 17 74 18 23 25 26 1 33 27
4004 21 30 27 27 76 1 21 18 27 22 33 27
4005 21 35 36 22 151 1 21 18 21 12 33 27
4006 21 29 20 24 41 67 27 19 27 24 33 27
4007 21 35 34 29 55 50 20 34 26 29 33 27
4008 21 27 18 24 103 34 25 26 20 14 33 27
4009 21 29 26 36 77 37 19 1 30 15 33 27
4010 21 29 18 14 68 23 26 20 31 8 33 27
4011 22 33 37 23 154 50 23 21 26 1 33 27
4012 21 31 24 18 155 31 23 26 26 11 33 27
4013 21 34 36 20 103 1 22 16 16 23 33 27
4014 21 32 31 24 99 1 20 31 36 32 33 27
4015 21 34 33 24 54 44 25 31 27 28 33 27
4016 21 27 21 26 151 24 21 27 23 19 33 27
4017 21 32 29 21 88 42 25 19 28 1 33 27
4018 21 29 25 12 83 13 21 32 26 9 33 27
4019 21 35 37 35 194 33 25 26 27 31 33 27
4020 21 31 38 20 101 13 21 19 30 23 33 27
4021 21 31 29 32 93 19 20 33 22 25 33 27
4022 21 28 17 22 88 12 22 20 25 12 33 27
4023 21 32 32 35 105 1 21 36 19 36 33 27
4024 21 34 29 17 100 19 19 1 31 22 33 27
4025 21 24 1 27 74 1 24 23 26 1 32 26
4026 21 33 29 21 92 56 24 23 25 20 33 27
4027 21 32 31 27 143 7 23 21 22 19 33 27
4028 21 26 31 38 67 89 23 33 22 1 33 27
4029 21 30 25 11 143 49 22 18 23 9 33 27
4030 21 32 29 22 149 30 25 28 35 11 33 27
4031 21 29 31 22 54 13 24 21 27 22 33 27
4032 21 25 15 22 47 1 19 29 21 12 33 27
4033 21 34 33 28 74 1 17 42 28 43 33 27
4034 21 38 41 29 56 24 26 31 34 31 33 27
4035 21 26 15 27 85 45 21 81 27 15 33 27
4036 21 31 29 15 111 5 21 29 28 39 33 27
4037 21 29 28 27 77 36 19 27 31 6 33 27
4038 21 26 26 34 75 57 17 25 22 1 32 27
4039 21 30 23 23 127 22 23 26 26 25 33 27
4040 21 28 18 17 78 1 22 23 27 27 33 27
4041 22 33 35 17 96 1 22 22 24 17 33 27
4042 21 40 48 22 109 44 23 24 22 41 33 26
4043 21 27 21 19 69 1 23 25 31 5 33 27
4044 21 29 19 23 71 20 22 26 30 34 33 27
4045 21 37 45 33 120 42 24 24 25 28 33 27
4046 21 28 29 28 62 1 20 24 28 10 33 27
4047 21 33 34 27 49 1 26 24 28 14 33 27
4048 21 29 16 17 49 10 19 34 24 29 33 27
4049 21 30 22 16 170 9 21 24 28 27 33 27
4050 21 37 40 20 65 66 25 23 30 3 33 27
4051 21 34 35 30 87 1 23 25 34 38 33 27
4052 21 34 37 28 58 1 21 24 26 28 33 27
4053 21 35 41 34 52 99 24 27 25 18 33 27
4054 21 35 33 29 146 40 21 28 35 32 33 27
4055 21 32 33 32 61 1 24 18 28 32 33 27
4056 21 25 21 33 124 63 19 24 28 1 33 27
4057 21 30 26 23 79 1 22 29 27 31 33 27
4058 21 33 35 30 110 47 22 27 30 18 33 27
4059 21 30 23 19 59 70 26 17 31 18 33 27
4060 21 25 19 25 110 1 22 26 25 10 33 27
4061 21 36 36 25 70 51 16 21 27 21 33 27
4062 21 30 27 33 105 1 24 27 23 35 33 27
4063 21 33 33 26 92 7 20 26 26 38 33 27
4064 21 32 26 29 60 4 21 25 28 40 33 27
4065 21 28 20 20 62 1 17 29 29 21 33 27
4066 22 28 28 31 61 1 24 19 25 3 33 27
4067 21 33 29 28 50 29 24 28 26 15 33 27
4068 21 34 38 19 102 1 19 11 25 19 33 27
4069 21 32 30 18 111 92 25 35 26 28 33 27
4070 21 28 22 24 54 1 21 17 23 25 33 27
4071 21 39 46 32 91 39 23 26 33 39 33 27
4072 21 25 13 4 95 1 22 24 23 2 33 27
4073 21 30 24 20 54 1 27 32 26 26 33 27
4074 21 33 29 15 102 1 25 21 24 24 33 27
4075 21 34 38 33 69 1 20 38 25 13 33 27
4076 21 31 23 28 102 23 21 28 24 32 33 27
4077 21 36 34 32 116 75 24 35 26 31 33 27
4078 21 30 19 9 56 26 20 22 24 20 32 26
4079 21 41 45 17 72 1 19 1 30 31 33 27
4080 21 32 30 24 127 76 23 28 26 35 33 27
4081 21 34 40 27 64 83 23 21 30 22 33 27
4082 21 25 14 27 63 19 23 33 26 34 33 27
4083 21 30 28 28 63 63 26 23 33 13 33 27
4084 21 33 26 21 66 26 24 30 24 11 33 27
4085 21 32 33 32 128 54 23 24 27 8 33 27
4086 21 37 42 27 75 38 22 28 23 20 33 27
4087 21 31 22 27 68 3 22 29 25 47 33 27
4088 21 33 35 32 47 35 25 21 30 22 33 27
4089 21 33 29 19 141 1 23 18 26 2 33 27
4090 21 34 35 20 105 1 22 18 29 29 33 27
4091 21 29 21 11 106 15 24 39 23 21 33 27
4092 21 29 25 12 124 36 23 28 28 1 32 27
4093 21 33 28 20 195 1 20 27 23 26 33 27
4094 21 26 19 21 67 1 21 22 29 20 33 27
4095 21 36 43 27 66 65 25 26 25 15 33 27
4096 21 30 23 23 114 1 26 24 32 29 33 27
4097 21 34 33 30 129 10 19 19 27 18 33 27
4098 21 38 39 28 63 1 22 28 26 31 33 27
4099 21 35 42 26 227 35 24 19 33 29 33 27
4100 21 38 42 20 57 53 21 30 28 29 33 27
4101 21 31 30 25 96 59 15 23 23 28 33 27
4102 21 32 24 23 104 63 19 23 26 26 33 27
4103 21 29 30 29 75 26 25 18 25 8 33 27
4104 21 32 29 36 55 35 23 30 33 39 33 27
4105 21 34 36 28 91 29 22 25 26 38 33 27
4106 21 21 10 19 68 2 25 26 25 11 33 27
4107 21 25 17 26 95 24 22 25 30 9 33 27
4108 22 35 39 19 65 80 25 21 27 1 33 27
4109 21 29 26 16 96 24 21 25 30 10 33 27
4110 21 27 20 20 88 48 18 26 23 10 33 27
4111 21 30 32 33 67 34 23 25 31 18 33 27
4112 21 35 41 32 75 46 20 1 32 35 33 27
4113 21 29 22 27 60 1 22 23 28 31 33 27
4114 22 37 31 12 104 8 24 22 32 21 33 27
4115 22 34 34 19 101 50 20 28 21 6 33 27
4116 21 31 30 35 175 61 20 1 31 1 33 27
4117 21 25 23 38 77 1 26 28 27 1 33 27
4118 21 30 27 33 288 17 25 24 28 25 33 27
4119 21 31 15 19 66 56 26 27 32 35 33 27
4120 21 36 43 30 59 36 21 18 30 31 33 27
4121 21 29 27 33 223 70 23 26 20 6 33 27
4122 21 32 26 30 48 33 25 36 20 24 33 27
4123 21 31 36 35 110 34 21 39 31 3 33 27
4124 21 29 23 22 61 1 23 27 29 6 33 27
4125 21 29 15 22 140 14 27 30 25 37 33 27
4126 21 36 41 19 110 22 22 21 23 30 33 27
4127 21 33 29 29 42 17 21 28 27 29 33 27
4128 21 32 31 26 48 42 21 26 28 15 33 27
4129 22 29 29 35 84 31 25 32 22 38 33 27
4130 21 37 45 36 146 2 21 30 31 22 33 27
4131 21 33 32 23 110 43 21 23 29 21 33 27
4132 21 33 24 14 75 67 22 14 22 34 33 27
4133 21 28 27 30 87 29 23 23 33 13 33 27
4134 21 30 28 28 75 70 24 7 32 16 33 27
4135 21 29 31 33 65 1 27 23 29 3 33 27
4136 21 28 26 17 124 1 22 26 27 1 33 27
4137 22 36 33 21 74 76 20 27 24 21 33 27
4138 21 34 35 26 140 104 18 17 27 1 32 27
4139 21 29 21 28 71 11 24 39 25 38 33 27
4140 21 29 22 26 109 1 24 22 25 1 33 27
4141 21 32 33 26 51 19 24 32 25 27 33 27
4142 21 31 31 33 110 38 25 20 35 17 33 27
4143 21 31 27 30 48 42 21 31 24 40 33 27
4144 21 34 37 34 153 75 21 24 25 40 33 27
4145 22 38 45 32 111 1 25 37 27 28 33 27
4146 21 35 33 24 74 17 26 26 33 34 33 27
4147 21 32 29 34 76 41 23 42 23 39 33 27
4148 21 27 22 20 99 49 17 17 25 1 33 27
4149 21 31 34 32 188 65 27 32 32 12 33 27
4150 21 31 31 35 78 19 22 41 26 34 33 27
4151 21 33 31 19 73 48 26 28 31 30 33 27
4152 21 29 32 36 68 36 19 23 25 22 33 27
4153 21 36 38 36 56 4 18 36 26 45 33 27
4154 21 32 34 24 163 90 21 19 30 1 33 27
4155 21 32 33 20 71 25 24 18 26 1 32 27
4156 21 31 30 22 57 63 20 23 33 2 33 27
4157 21 35 23 15 118 1 23 29 27 31 33 27
4158 21 36 39 34 54 1 23 28 21 41 33 27
4159 21 30 28 41 111 1 21 19 27 1 33 27
4160 21 31 28 37 94 6 24 38 29 21 33 27
4161 22 29 25 30 68 30 21 21 22 5 33 27
4162 21 30 25 30 63 3 23 39 33 34 33 27
4163 22 35 36 26 130 1 24 25 23 27 33 27
4164 21 24 13 9 97 13 21 21 31 1 33 27
4165 21 27 15 24 110 56 20 22 28 19 33 27
4166 21 29 28 16 96 41 18 17 23 1 33 27
4167 21 26 19 23 110 32 25 24 33 1 33 27
4168 21 28 17 13 144 1 20 14 23 10 33 27
4169 21 28 22 19 70 35 22 14 28 1 33 27
4170 21 31 35 36 85 71 28 26 26 20 33 27
4171 21 34 39 28 75 61 20 19 27 7 33 27
4172 21 32 29 22 190 19 23 29 19 18 33 27
4173 21 35 36 29 75 24 21 26 29 27 33 27
4174 21 31 31 23 79 1 19 16 27 13 33 27
4175 21 35 39 43 102 1 23 31 28 37 33 27
4176 21 29 30 34 72 1 24 48 18 13 33 27
4177 22 26 20 17 61 36 21 32 29 1 32 27
4178 21 32 27 32 80 17 23 38 25 43 33 27
4179 21 36 34 24 124 1 22 26 28 46 33 27
4180 21 24 16 26 40 44 22 23 27 3 33 27
4181 21 29 23 28 231 1 21 25 24 13 33 27
4182 21 25 18 18 61 21 20 31 28 7 33 27
4183 21 30 28 16 153 66 22 22 27 18 33 27
4184 21 33 34 19 67 90 25 26 26 1 32 27
4185 21 29 28 34 200 11 25 21 30 21 33 27
4186 21 33 34 22 161 1 23 27 30 16 33 27
4187 21 31 33 34 81 31 21 29 23 20 33 27
4188 21 32 36 27 95 35 19 22 26 18 33 27
4189 21 32 29 23 313 1 20 28 29 21 33 27
4190 21 36 41 33 55 40 23 41 24 40 33 27
4191 21 31 29 19 362 25 17 27 22 21 33 27
4192 22 37 50 37 56 103 26 17 28 14 33 27
4193 21 34 41 24 81 78 22 22 25 1 33 27
4194 21 27 21 23 88 81 24 20 29 1 33 27
4195 21 31 30 27 157 85 19 18 28 8 33 27
4196 21 34 33 30 101 1 25 42 26 36 33 27
4197 21 27 20 17 90 22 18 24 28 1 33 27
4198 21 26 19 37 101 75 20 1 31 23 33 27
4199 21 34 33 25 90 3 23 21 21 29 33 27
4200 21 28 18 16 60 1 21 23 25 8 33 27
4201 21 32 28 31 349 53 18 31 28 24 33 27
4202 21 30 26 23 154 32 20 24 26 29 33 27
4203 21 30 29 31 66 1 19 23 23 1 33 27
4204 21 36 37 24 84 77 22 22 25 31 33 27
4205 21 24 16 27 73 1 29 1 25 6 32 27
4206 21 33 39 29 115 96 21 20 29 9 33 27
4207 21 30 32 21 288 14 20 19 24 4 33 27
4208 21 30 23 21 65 6 25 26 23 18 33 27
4209 22 31 29 14 85 1 21 1 32 21 33 27
4210 21 32 31 20 74 11 22 27 29 15 33 27
4211 21 42 56 25 67 1 20 21 26 34 33 27
4212 22 28 21 28 73 34 24 34 27 15 33 27
4213 21 35 39 35 44 49 26 28 29 26 33 27
4214 21 27 22 28 90 63 25 34 32 21 33 27
4215 21 29 23 18 315 1 20 17 28 1 33 27
4216 21 33 31 28 199 16 21 32 26 24 33 27
4217 21 25 22 23 116 1 21 16 23 6 33 27
4218 21 30 34 21 91 14 20 23 25 13 33 27
4219 21 30 31 28 59 84 24 27 30 12 33 27
4220 21 33 34 18 89 1 22 42 23 22 33 27
4221 21 35 37 22 131 1 27 27 28 11 33 27
4222 22 32 28 16 85 27 22 30 26 2 33 27
4223 21 35 33 29 82 6 20 21 24 28 33 27
4224 21 33 41 29 96 60 20 29 23 1 33 27
4225 21 33 34 25 141 1 23 26 28 24 33 27
4226 21 30 27 36 106 44 22 24 28 22 33 27
4227 21 37 37 22 285 69 23 36 27 15 33 27
4228 22 36 39 23 113 56 23 32 29 27 33 27
4229 21 25 19 16 103 1 21 26 29 4 33 27
4230 21 34 32 20 60 8 22 28 25 24 33 27
4231 21 30 21 21 56 48 22 27 32 21 33 27
4232 21 28 19 24 74 20 25 24 26 13 33 27
4233 21 27 22 17 140 1 17 25 19 9 33 27
4234 21 29 24 21 53 1 21 26 23 14 33 27
4235 21 36 35 29 79 39 21 30 25 35 33 27
4236 22 36 35 28 75 74 25 26 28 14 33 27
4237 21 32 30 26 86 10 24 36 31 21 33 27
4238 21 36 34 24 86 43 20 3 23 33 33 27
4239 21 32 28 20 124 48 22 30 26 30 33 27
4240 21 32 31 37 67 8 20 31 29 39 33 27
4241 21 29 30 33 57 4 23 21 24 13 33 27
4242 21 35 38 25 64 55 26 1 34 22 33 27
4243 22 27 23 34 68 4 22 31 26 40 33 27
4244 21 30 26 28 210 1 16 6 23 1 33 27
4245 21 34 28 20 53 1 21 24 23 27 33 27
4246 21 28 17 24 37 53 20 37 23 7 33 27
4247 21 22 14 37 57 12 19 23 21 1 33 27
4248 21 33 35 35 117 22 26 25 30 34 33 27
4249 21 25 17 30 110 9 19 36 22 6 33 27
4250 21 27 18 21 65 1 20 25 17 24 33 27
4251 21 30 27 28 178 26 27 42 28 18 33 27
4252 21 27 22 22 94 1 29 36 27 3 33 27
4253 21 34 29 22 112 21 22 31 34 8 33 27
4254 21 30 21 24 126 35 17 30 28 22 33 27
4255 21 35 36 23 84 20 22 1 32 46 33 27
4256 21 32 26 21 132 1 23 23 24 23 33 27
4257 21 35 40 35 63 1 21 28 24 28 33 27
4258 21 27 22 27 64 37 21 18 27 18 33 27
4259 21 31 24 25 130 1 20 30 29 29 33 27
4260 21 41 45 18 60 1 26 28 29 34 33 27
4261 21 34 32 29 140 57 26 25 31 21 32 26
4262 21 33 33 38 55 50 22 1 34 14 33 27
4263 21 29 24 29 87 37 23 37 29 1 33 27
4264 21 27 20 29 150 47 24 29 26 1 33 27
4265 21 32 28 33 46 37 25 24 27 34 33 27
4266 21 42 50 34 69 60 24 16 27 27 33 27
4267 21 35 33 4 86 1 21 23 28 18 33 27
4268 21 38 36 19 56 83 21 1 27 22 33 27
4269 21 29 30 29 58 1 37 1 31 2 33 27
4270 21 25 16 30 53 35 23 21 27 1 33 27
4271 21 32 32 29 77 82 29 25 36 14 33 27
4272 21 31 30 23 79 49 21 25 25 18 33 27
4273 21 38 43 27 128 79 21 31 26 11 33 27
4274 21 37 42 31 75 114 23 38 31 25 33 27
4275 21 31 23 26 87 28 20 29 19 29 33 27
4276 21 30 26 20 78 31 20 8 31 33 33 27
4277 21 33 31 28 162 23 18 34 22 25 33 27
4278 21 38 39 24 131 1 25 30 34 30 33 27
4279 21 31 27 25 551 53 27 46 27 23 33 27
4280 21 35 36 30 47 35 25 26 24 37 33 27
4281 21 28 23 18 118 39 24 24 27 1 33 27
4282 21 36 40 22 61 82 24 29 30 11 33 27
4283 21 33 41 42 91 105 22 14 31 19 33 27
4284 21 29 27 28 182 1 19 31 18 27 33 27
4285 21 31 26 15 184 36 27 27 26 2 33 27
4286 21 31 32 29 193 23 22 25 27 17 33 27
4287 21 28 23 26 49 23 28 21 26 19 32 27
4288 21 28 30 43 82 1 19 15 27 12 33 27
4289 21 28 21 19 222 1 23 26 25 16 33 27
4290 21 34 37 27 106 73 20 19 25 5 33 27
4291 21 30 29 22 62 40 20 28 31 23 33 27
4292 21 35 37 16 74 38 26 21 23 18 33 27
4293 21 37 38 27 98 42 18 35 32 38 33 27
4294 21 28 19 12 110 1 24 28 22 16 33 27
4295 21 28 23 26 138 61 23 18 27 10 33 27
4296 21 32 31 18 409 1 23 22 26 3 33 27
4297 21 31 28 19 45 9 24 22 25 16 33 27
4298 21 30 28 23 97 62 24 31 28 31 33 27
4299 21 30 24 5 89 1 20 24 30 1 33 27
4300 21 31 30 12 182 8 22 23 27 13 33 27
4301 21 26 19 24 45 10 20 26 32 20 33 27
4302 21 28 13 11 137 1 21 26 29 17 33 27
4303 21 25 24 36 93 27 18 27 28 3 33 27
4304 21 35 38 21 126 83 22 25 29 9 33 27
4305 21 33 35 22 156 63 22 24 28 6 33 27
4306 21 30 31 23 66 43 19 22 28 29 33 27
4307 21 23 9 27 191 1 29 15 28 4 33 27
4308 21 29 27 24 99 20 26 15 31 22 33 27
4309 21 29 28 24 121 28 22 22 33 10 33 27
4310 21 29 29 20 64 46 25 17 31 20 33 27
4311 21 31 27 18 103 16 19 26 20 16 33 27
4312 21 25 16 22 60 1 20 23 27 17 33 27
4313 21 39 43 29 51 31 21 41 25 38 33 27
4314 21 26 18 20 94 1 19 28 19 29 33 27
4315 21 33 37 26 151 62 26 25 22 9 33 27
4316 21 30 29 31 63 51 20 1 29 9 33 27
4317 21 35 37 26 163 70 28 32 29 25 33 27
4318 21 31 31 21 124 71 20 20 27 8 33 27
4319 21 28 25 19 71 32 20 23 27 15 33 27
4320 22 37 43 26 200 44 26 27 27 27 33 27
4321 21 31 30 28 77 55 21 27 28 19 33 27
4322 21 33 29 21 166 1 24 21 24 22 33 27
4323 21 26 18 28 98 48 23 17 37 13 33 27
4324 21 34 37 24 186 5 22 25 25 19 33 27
4325 21 31 28 32 221 23 20 35 23 27 33 27
4326 21 33 31 22 57 20 26 29 26 21 33 27
4327 21 27 20 28 99 1 22 1 24 12 33 27
4328 21 35 38 39 59 1 24 31 31 36 33 27
4329 21 33 29 25 96 1 21 1 36 25 33 27
4330 21 28 25 29 57 13 24 29 30 19 33 27
4331 21 34 34 30 111 1 24 27 32 37 33 27
4332 21 25 20 32 72 10 24 30 29 12 33 27
4333 22 31 30 25 100 1 27 33 25 4 33 27
4334 21 20 6 27 49 4 22 26 24 24 33 27
4335 21 32 34 24 72 1 19 19 26 19 33 27
4336 21 34 30 20 102 35 24 26 30 7 33 27
4337 21 27 21 15 82 8 21 23 28 5 33 27
4338 21 26 22 29 143 1 25 28 26 22 32 27
4339 21 23 19 29 54 1 29 25 28 1 33 27
4340 21 29 18 16 97 1 23 28 31 17 33 27
4341 21 29 25 33 122 1 15 1 28 22 32 27
4342 21 34 34 28 54 8 24 23 30 22 33 27
4343 21 39 40 24 113 1 22 20 25 28 33 27
4344 21 30 29 30 60 45 23 52 29 21 33 27
4345 21 30 33 42 71 47 23 14 25 14 33 27
4346 21 32 35 32 72 89 24 22 27 16 33 27
4347 21 36 38 23 122 6 20 24 26 35 33 27
4348 21 36 37 21 58 1 23 30 21 12 33 27
4349 21 31 30 30 82 33 21 29 26 23 33 27
4350 21 33 31 32 171 1 27 34 27 33 33 27
4351 22 30 24 25 136 1 26 25 28 5 33 27
4352 21 33 32 31 51 38 25 18 30 22 33 27
4353 21 29 26 20 122 1 19 32 31 30 33 27
4354 21 29 22 28 102 6 26 24 25 1 33 27
4355 21 29 25 23 77 1 22 29 25 1 33 27
4356 21 29 24 27 51 49 27 26 27 1 32 27
4357 21 36 39 14 70 1 16 28 29 8 33 27
4358 21 39 43 23 170 1 27 25 31 37 33 27
4359 21 30 26 14 132 47 23 20 28 1 33 27
4360 21 29 22 23 129 1 21 32 29 11 33 27
4361 21 29 28 15 146 11 26 19 30 1 33 27
4362 21 33 33 17 112 21 22 22 30 1 33 27
4363 21 37 46 28 135 72 21 24 32 15 33 27
4364 21 28 19 23 240 10 21 24 29 14 33 27
4365 21 34 33 14 64 37 21 19 27 11 33 27
4366 21 25 20 22 57 1 23 21 31 12 33 27
4367 21 30 23 23 93 23 22 26 32 26 33 27
4368 21 42 53 21 411 77 19 29 27 20 33 27
4369 21 30 25 16 83 1 19 24 22 20 33 27
4370 21 28 15 11 176 1 19 27 21 9 33 27
4371 21 30 24 28 106 31 18 24 26 16 33 27
4372 21 32 30 10 64 1 28 21 31 20 33 27
4373 21 31 33 43 110 95 23 47 25 14 33 27
4374 21 31 31 29 82 121 22 30 19 13 33 27
4375 21 32 35 25 105 13 22 23 32 9 33 27
4376 21 34 36 40 70 51 23 33 30 39 33 27
4377 21 37 38 29 109 63 22 26 30 35 33 27
4378 21 32 34 38 86 22 26 34 25 33 33 27
4379 21 30 29 30 97 68 24 30 29 4 33 27
4380 21 28 28 37 76 1 23 30 29 10 33 27
4381 21 26 16 27 108 1 20 29 26 27 33 27
4382 21 34 33 36 137 36 23 1 38 17 33 27
4383 21 31 28 16 121 1 19 32 27 7 33 27
4384 21 27 20 23 107 1 23 36 28 31 33 27
4385 21 33 30 10 60 13 18 21 22 6 33 27
4386 21 31 29 15 147 27 24 24 28 13 33 27
4387 21 30 24 28 205 15 17 38 31 38 33 27
4388 21 28 24 23 108 15 18 24 26 23 33 27
4389 21 33 35 21 86 71 28 20 26 13 33 27
4390 21 34 34 21 125 1 23 26 26 1 33 27
4391 21 39 46 31 119 20 25 31 26 30 33 27
4392 21 29 20 21 51 49 21 46 25 3 33 27
4393 21 30 25 31 85 1 20 42 27 42 33 27
4394 22 34 32 23 91 1 24 22 29 11 33 27
4395 21 26 23 30 60 16 22 30 34 1 33 27
4396 21 33 32 27 67 106 23 24 26 15 33 27
4397 21 33 31 27 212 4 22 33 25 41 33 27
4398 21 30 27 26 75 8 20 20 32 5 33 27
4399 21 30 25 17 65 12 22 24 27 9 33 27
4400 21 34 36 21 95 78 26 17 25 9 33 27
4401 21 23 16 22 87 12 17 18 24 1 33 27
4402 21 30 29 32 93 29 21 33 31 35 33 27
4403 21 28 29 25 163 51 22 25 26 4 33 27
4404 21 28 31 46 62 1 26 37 28 10 33 27
4405 21 35 34 20 78 7 23 24 26 38 33 27
4406 21 36 38 28 123 58 24 25 24 8 33 27
4407 21 35 33 20 109 1 19 29 27 25 33 27
4408 21 34 38 35 55 43 23 34 37 27 33 27
4409 21 27 24 30 55 43 21 25 35 8 33 27
4410 21 30 24 33 44 29 22 36 20 35 33 27
4411 21 30 31 28 65 60 21 19 32 26 33 27
4412 21 32 31 24 68 76 18 19 25 27 33 27
4413 21 30 26 33 135 71 21 1 35 25 33 27
4414 21 29 23 21 56 1 20 33 24 17 33 27
4415 21 33 28 22 67 1 22 36 23 34 33 27
4416 21 28 18 27 236 40 21 1 27 20 33 27
4417 21 34 33 21 176 70 23 17 26 26 33 27
4418 21 30 26 25 71 12 24 36 29 43 33 27
4419 21 28 26 36 87 21 19 34 24 26 33 27
4420 21 24 14 17 123 1 18 16 25 1 33 27
4421 21 33 29 12 195 54 19 16 26 18 33 27
4422 21 29 24 39 65 41 23 33 27 26 33 27
4423 21 26 15 24 178 1 22 32 23 33 33 27
4424 21 33 28 19 117 60 22 10 33 35 33 27
4425 21 30 35 34 163 55 26 24 31 7 33 27
4426 21 36 38 39 52 54 20 30 22 33 33 27
4427 21 30 22 15 66 5 22 30 21 17 33 27
4428 21 40 51 26 83 18 20 25 28 40 33 27
4429 21 34 32 29 217 1 23 21 24 14 33 27
4430 21 30 24 31 102 1 23 29 23 35 33 27
4431 21 27 27 23 344 35 20 20 25 1 33 27
4432 21 33 35 28 118 65 24 30 26 6 33 27
4433 21 38 42 31 64 57 28 25 31 42 33 27
4434 21 35 43 33 180 37 28 28 32 41 33 27
4435 21 32 25 13 111 1 21 25 27 20 33 27
4436 21 29 27 32 55 40 21 1 24 14 33 27
4437 21 29 26 25 107 37 21 22 32 3 33 27
4438 21 29 27 18 189 38 24 31 34 10 33 27
4439 21 31 28 12 95 61 27 15 25 1 33 27
4440 21 34 30 26 138 1 20 38 30 22 33 27
4441 21 36 38 34 101 1 26 28 26 42 33 27
4442 21 26 16 21 76 1 22 21 28 13 33 27
4443 21 36 38 34 57 107 25 20 33 35 33 27
4444 21 27 20 24 86 76 24 46 35 9 33 27
4445 21 29 19 22 114 32 22 1 31 9 33 27
4446 21 31 30 37 73 45 21 1 29 8 33 27
4447 21 27 23 37 176 60 25 20 26 12 33 27
4448 21 29 20 20 66 18 21 27 29 5 33 27
4449 21 28 20 28 78 1 18 34 27 9 33 27
4450 21 31 24 26 45 1 20 44 26 33 33 27
4451 21 28 21 19 45 1 23 28 34 34 33 27
4452 21 33 38 26 82 15 22 28 24 28 33 27
4453 21 32 35 35 73 56 26 31 30 26 33 27
4454 21 26 24 27 44 33 24 26 33 9 33 27
4455 21 26 15 25 96 1 24 19 24 13 33 27
4456 21 30 30 25 60 98 24 23 31 3 33 27
4457 21 32 32 28 183 64 25 24 28 21 33 27
4458 21 35 36 33 100 56 21 20 24 27 33 27
4459 22 35 38 27 147 51 27 27 34 1 33 27
4460 21 24 13 3 128 12 19 16 25 1 32 27
4461 22 32 33 34 92 21 25 27 33 30 34 27
4462 21 27 15 25 113 36 23 17 28 9 33 27
4463 21 27 17 21 77 1 24 24 26 9 33 27
4464 21 33 37 29 86 21 22 24 31 16 33 27
4465 21 26 24 38 119 21 23 17 27 1 33 27
4466 21 29 22 15 70 31 22 1 31 17 33 27
4467 21 36 41 21 87 34 23 14 20 28 33 27
4468 21 26 21 33 119 1 20 31 23 29 33 27
4469 21 32 36 28 60 9 24 35 29 24 33 27
4470 21 27 15 22 100 18 21 24 32 1 32 27
4471 21 29 29 27 105 1 18 29 24 19 33 27
4472 22 30 25 14 87 28 23 27 29 3 33 27
4473 21 31 34 23 129 87 21 19 24 2 33 27
4474 21 28 22 27 136 1 19 1 37 1 33 27
4475 21 34 32 23 150 57 23 11 27 25 33 27
4476 21 31 20 15 111 1 23 34 29 23 33 27
4477 21 31 28 19 62 24 20 18 26 1 32 27
4478 21 34 40 41 59 48 23 36 26 27 33 27
4479 21 29 24 17 81 31 20 1 29 16 33 27
4480 21 28 19 14 218 23 20 24 23 8 33 27
4481 22 30 29 35 84 1 20 1 31 13 33 27
4482 21 29 20 17 154 21 27 26 29 14 33 27
4483 21 34 33 36 125 66 20 24 34 31 33 27
4484 21 32 32 27 66 54 22 19 28 25 33 27
4485 21 30 28 29 61 19 24 31 25 28 33 27
4486 21 38 40 33 123 78 24 30 31 47 33 27
4487 21 36 40 17 107 84 21 23 32 27 33 27
4488 21 35 34 19 79 63 31 35 29 42 33 27
4489 21 29 29 37 62 1 18 1 32 17 33 27
4490 21 35 41 34 100 64 25 29 33 29 33 27
4491 21 27 25 21 115 59 22 36 29 35 33 27
4492 21 27 20 28 61 11 46 38 28 19 33 27
4493 21 27 21 28 79 28 24 31 32 26 33 27
4494 21 37 45 34 91 26 24 24 28 27 33 27
4495 21 40 39 20 76 21 18 33 21 48 33 27
4496 21 30 28 21 407 13 25 25 22 10 33 27
4497 21 31 25 31 96 1 23 28 26 41 33 27
4498 21 30 28 28 154 78 22 23 32 1 33 27
4499 21 28 20 23 68 1 24 24 26 23 33 27
4500 21 26 15 32 85 38 21 24 22 8 33 27
4501 21 35 30 12 60 26 24 46 26 29 33 27
4502 21 30 38 45 89 37 26 30 27 1 33 27
4503 21 31 32 23 53 11 22 16 26 8 33 27
4504 21 34 37 18 380 1 21 11 25 18 33 27
4505 21 29 19 21 76 37 23 27 22 22 33 27
4506 21 40 43 19 58 1 20 50 22 31 33 27
4507 21 33 36 35 52 29 24 29 25 33 33 27
4508 22 37 44 26 63 1 18 26 22 27 33 27
4509 21 27 23 31 52 1 21 29 29 14 33 27
4510 21 32 28 22 155 1 22 25 16 27 33 27
4511 21 38 34 26 157 69 25 24 26 23 33 27
4512 21 24 7 30 55 1 19 1 35 12 33 27
4513 21 32 29 33 82 43 25 33 25 23 33 27
4514 21 32 30 22 86 40 25 34 27 18 33 27
4515 21 28 20 21 48 1 21 29 27 32 33 27
4516 21 38 45 31 91 72 22 18 24 31 33 27
4517 21 26 21 25 60 52 20 14 21 14 33 27
4518 21 28 15 8 75 13 19 28 22 1 32 27
4519 21 34 38 24 70 58 21 26 30 5 33 27
4520 21 30 32 23 177 85 22 18 31 2 33 27
4521 21 28 23 33 105 32 22 26 30 17 33 27
4522 21 28 21 23 84 17 20 30 22 22 33 27
4523 21 33 32 36 170 32 28 36 26 37 33 27
4524 21 34 37 23 170 75 26 28 29 14 33 27
4525 21 33 24 22 51 1 23 20 26 26 33 27
4526 21 30 29 24 101 1 24 25 27 5 33 27
4527 21 33 32 12 112 49 26 46 27 21 33 27
4528 21 29 20 12 52 47 21 25 22 21 33 27
4529 21 34 37 24 90 80 26 25 33 25 33 27
4530 21 33 32 26 81 1 21 16 27 31 33 27
4531 21 31 28 21 144 5 27 33 22 39 33 27
4532 21 33 24 23 49 63 22 18 24 12 33 27
4533 21 33 30 35 172 1 23 30 22 19 33 27
4534 21 30 26 25 99 74 28 24 40 29 33 27
4535 21 29 24 19 134 25 21 26 22 18 33 27
4536 21 26 21 35 100 6 23 17 27 1 33 27
4537 21 28 25 27 178 5 25 32 27 17 33 27
4538 22 30 25 20 98 12 19 19 28 1 33 27
4539 21 25 17 24 62 1 20 33 30 14 33 27
4540 21 35 34 25 55 64 23 27 28 33 33 27
4541 22 31 25 30 76 18 24 29 22 19 33 27
4542 21 35 35 25 95 47 22 19 24 30 33 27
4543 21 36 38 29 81 86 27 18 27 39 33 27
4544 22 31 34 35 141 86 24 30 31 13 33 27
4545 21 31 24 30 48 1 22 27 24 26 33 27
4546 21 33 33 19 68 67 21 13 33 12 33 27
4547 21 32 28 27 50 86 21 26 23 27 33 27
4548 21 31 25 26 95 63 22 23 25 32 33 27
4549 21 29 29 17 133 6 15 21 26 1 33 27
4550 21 37 46 27 199 6 17 26 20 15 33 27
4551 21 30 22 35 38 18 23 35 24 42 33 27
4552 21 33 35 23 167 1 24 28 24 3 33 27
4553 22 32 29 18 100 3 22 28 27 26 33 27
4554 21 31 23 24 48 79 22 26 28 41 33 27
4555 21 29 29 25 55 96 21 27 26 1 32 26
4556 21 24 13 34 100 1 23 27 18 10 33 27
4557 21 29 19 25 35 7 20 28 18 41 33 27
4558 21 36 41 39 65 1 20 28 25 30 33 27
4559 21 41 48 21 141 56 22 41 27 38 33 27
4560 21 33 36 33 98 62 23 28 23 27 33 27
4561 21 27 21 23 112 16 21 27 26 3 33 27
4562 21 30 26 15 149 67 23 21 29 1 33 27
4563 21 35 35 32 69 1 22 31 28 29 33 27
4564 21 32 27 29 80 19 27 40 35 34 33 27
4565 21 20 12 31 105 5 20 25 28 4 33 27
4566 21 24 22 27 71 19 22 16 25 3 33 27
4567 21 28 24 12 165 69 22 11 27 1 33 27
4568 21 27 20 27 56 10 24 21 25 5 33 27
4569 21 32 35 35 159 22 20 37 18 32 33 27
4570 21 33 34 27 88 29 24 28 30 8 33 27
4571 22 33 33 23 57 55 24 27 29 30 33 27
4572 21 32 34 35 127 35 22 33 31 23 33 27
4573 21 30 31 23 108 1 19 21 27 14 33 27
4574 21 34 32 21 77 88 26 28 32 22 33 27
4575 21 26 19 18 87 1 23 16 36 21 33 27
4576 21 38 43 33 54 5 21 31 27 36 33 27
4577 21 37 39 19 862 1 23 27 32 41 33 27
4578 21 30 28 16 83 18 22 23 25 20 33 27
4579 21 33 31 28 69 89 28 1 38 15 33 27
4580 21 28 24 14 322 63 20 16 24 8 33 27
4581 21 33 33 23 104 20 23 31 22 14 33 27
4582 21 32 34 30 117 15 18 18 27 8 33 27
4583 21 31 25 21 127 64 25 28 29 23 33 27
4584 21 40 43 28 91 54 23 34 26 25 33 27
4585 21 34 35 24 178 1 22 27 22 29 33 27
4586 21 34 42 45 54 3 21 40 25 36 33 27
4587 21 30 31 22 78 17 21 26 23 8 33 27
4588 21 37 39 32 126 25 24 1 36 24 33 27
4589 21 27 23 30 96 2 20 37 27 25 33 27
4590 21 41 42 19 95 40 22 18 29 43 33 27
4591 21 29 20 30 104 17 23 28 26 9 33 27
4592 21 28 25 28 95 1 23 26 27 12 33 27
4593 21 35 37 20 107 29 23 30 33 1 33 27
4594 21 29 32 43 105 87 25 24 26 25 33 27
4595 21 30 32 36 47 1 22 25 28 9 33 27
4596 21 30 23 29 44 1 23 29 23 35 33 27
4597 21 33 32 24 119 64 24 25 22 26 33 27
4598 21 34 33 25 174 22 22 21 27 29 33 27
4599 21 33 35 30 84 85 24 28 23 16 33 27
4600 21 29 26 18 77 47 23 20 25 17 33 27
4601 21 23 9 26 84 1 19 1 29 6 33 27
4602 21 33 36 29 148 52 22 27 26 25 33 27
4603 21 29 28 29 55 47 19 37 24 3 33 27
4604 21 28 23 30 113 75 26 19 31 5 33 27
4605 21 32 29 24 67 12 22 14 26 29 33 27
4606 21 33 35 38 134 1 23 36 28 39 33 27
4607 21 30 25 23 53 1 23 27 24 20 33 27
4608 21 36 38 30 58 88 23 30 27 19 33 27
4609 21 28 22 14 61 3 25 21 28 1 32 26
4610 21 26 24 26 111 21 21 24 23 18 33 27
4611 21 33 34 30 51 29 24 23 33 10 33 27
4612 21 36 38 20 76 1 26 38 29 25 33 27
4613 21 31 30 24 53 1 19 21 27 24 33 27
4614 21 34 34 25 142 68 23 15 29 27 33 27
4615 21 36 45 39 66 1 25 39 35 30 33 27
4616 21 31 26 16 73 26 22 45 26 36 33 27
4617 21 31 28 21 45 47 24 23 26 30 33 27
4618 21 34 37 19 243 65 24 21 29 5 33 27
4619 22 37 42 33 82 32 29 25 31 29 33 27
4620 21 25 23 36 52 75 25 42 29 1 33 27
4621 21 38 44 31 56 61 25 25 35 23 33 27
4622 21 32 28 30 107 49 29 31 31 30 33 27
4623 21 25 14 19 86 1 22 22 26 1 33 27
4624 21 28 14 14 67 15 21 25 22 21 33 27
4625 21 37 47 39 112 8 20 30 27 42 33 27
4626 21 28 25 33 41 1 20 21 30 25 33 27
4627 22 29 21 25 63 26 25 33 24 22 33 27
4628 21 33 34 16 145 36 22 26 30 2 33 27
4629 21 34 39 24 154 25 21 29 29 3 33 27
4630 21 33 34 22 63 50 24 25 33 22 33 27
4631 21 29 23 30 91 1 22 26 25 31 33 27
4632 21 34 35 31 81 104 27 27 30 11 33 27
4633 21 28 21 26 296 4 21 21 28 23 33 27
4634 21 41 55 32 134 76 21 1 36 29 33 27
4635 21 40 43 12 124 1 23 30 27 35 33 27
4636 21 31 33 35 59 32 19 30 24 32 33 27
4637 21 31 28 31 242 53 21 13 28 25 33 27
4638 21 27 17 19 100 5 20 21 17 17 33 27
4639 21 33 30 20 98 52 19 19 24 34 33 27
4640 21 30 28 20 99 1 26 18 27 9 33 27
4641 21 29 25 32 55 35 21 19 28 15 33 27
4642 21 31 27 32 164 18 26 38 35 38 33 27
4643 21 37 41 24 160 31 28 37 25 34 33 27
4644 21 32 32 21 102 1 22 29 32 31 33 27
4645 21 31 30 36 83 1 20 26 18 29 33 27
4646 21 27 19 24 49 1 18 29 26 29 33 27
4647 21 40 55 33 69 81 20 32 21 39 33 27
4648 21 32 37 39 55 1 19 35 25 34 33 27
4649 21 32 32 32 80 89 27 22 29 19 33 27
4650 21 32 29 19 82 25 25 21 25 14 33 27
4651 21 32 29 26 84 26 24 29 33 27 33 27
4652 21 31 32 26 63 36 26 32 26 1 33 27
4653 21 34 29 23 77 7 21 28 22 39 33 27
4654 21 31 29 32 71 41 26 19 30 8 33 27
4655 21 32 32 32 109 1 19 29 23 19 33 27
4656 21 34 36 22 226 26 23 19 33 32 33 27
4657 21 32 29 23 76 35 22 21 30 19 33 27
4658 21 40 38 16 58 1 22 20 27 37 33 27
4659 21 24 16 33 55 13 20 30 23 6 33 27
4660 21 32 31 23 187 3 24 28 28 11 33 27
4661 21 33 33 34 50 59 27 41 20 35 33 27
4662 21 28 18 7 115 29 26 32 24 3 33 27
4663 21 36 44 25 94 67 23 18 24 6 33 27
4664 22 35 32 25 107 46 19 1 35 39 33 27
4665 21 35 32 17 62 79 25 35 26 18 33 27
4666 21 32 37 43 50 54 25 25 27 21 33 27
4667 21 36 37 29 84 1 23 25 31 32 33 27
4668 21 35 34 15 51 57 27 38 28 28 33 27
4669 21 32 30 31 81 20 22 30 23 25 33 27
4670 21 27 20 32 97 1 20 40 25 22 33 27
4671 21 34 34 28 245 39 23 28 29 20 33 27
4672 21 36 36 28 57 41 20 21 24 17 33 27
4673 21 30 30 32 59 1 21 30 23 27 33 27
4674 21 28 20 12 119 1 23 40 28 9 33 27
4675 21 33 38 28 65 53 21 21 30 3 33 27
4676 21 30 24 29 58 1 22 27 23 24 33 27
4677 21 34 32 20 54 21 20 20 26 14 33 27
4678 21 26 25 23 125 3 21 19 31 3 33 27
4679 21 31 24 28 43 11 20 13 27 18 33 27
4680 21 29 19 26 812 1 21 37 25 34 33 27
4681 21 34 25 8 100 1 19 27 21 35 33 27
4682 21 32 31 22 110 17 25 21 34 23 33 27
4683 21 33 39 36 67 43 26 32 30 15 33 27
4684 21 35 40 32 89 70 24 31 33 18 33 27
4685 21 25 17 32 75 48 24 23 25 15 33 27
4686 21 30 23 21 46 12 23 31 28 33 33 27
4687 21 30 20 11 169 9 28 18 30 19 33 27
4688 21 26 16 15 137 1 60 27 23 7 33 27
4689 21 34 36 21 67 1 28 24 26 15 33 27
4690 21 40 49 31 105 35 26 29 28 33 33 27
4691 21 32 36 22 89 6 20 21 29 8 33 27
4692 21 29 20 15 74 36 22 29 25 4 33 27
4693 21 35 31 16 56 22 20 21 27 36 33 27
4694 21 30 24 18 99 1 24 29 29 11 33 27
4695 21 33 34 22 157 50 28 23 34 17 33 27
4696 21 29 26 19 149 42 21 19 23 3 33 27
4697 21 34 41 26 178 69 19 19 24 9 33 27
4698 21 28 25 28 50 9 23 30 28 25 33 27
4699 21 35 37 36 62 1 23 41 33 36 33 27
4700 21 32 32 31 96 67 27 22 27 6 33 27
4701 21 36 38 20 144 78 27 28 24 25 33 27
4702 21 29 25 29 117 1 22 44 22 11 33 27
4703 21 28 19 26 147 1 22 25 26 36 33 27
4704 21 34 38 19 147 70 20 1 26 13 33 27
4705 21 35 36 27 100 59 23 20 32 30 33 27
4706 21 27 20 28 105 1 16 1 26 14 32 27
4707 21 30 29 28 56 49 17 7 27 1 33 27
4708 21 39 44 22 61 24 21 39 20 37 33 27
4709 21 29 29 30 123 22 22 18 25 1 33 27
4710 21 34 41 27 87 58 20 20 27 28 33 27
4711 21 34 36 38 251 39 17 22 26 13 33 27
4712 21 31 27 24 101 42 25 18 28 19 33 27
4713 21 33 27 17 79 1 21 27 25 27 33 27
4714 21 30 24 30 275 28 24 25 22 12 33 27
4715 21 31 30 20 225 1 22 15 24 23 33 27
4716 21 30 33 36 53 51 22 30 28 33 33 27
4717 21 29 26 26 118 90 23 21 29 6 33 27
4718 21 30 31 18 227 1 24 24 30 8 33 27
4719 21 34 45 44 88 54 19 21 24 16 33 27
4720 21 29 23 26 99 6 25 1 31 25 33 27
4721 21 23 14 31 69 1 23 26 24 10 33 27
4722 21 30 23 16 144 20 24 20 28 1 33 27
4723 21 42 53 33 104 73 21 1 29 41 33 27
4724 21 33 32 27 85 1 24 25 37 29 33 27
4725 21 32 29 10 101 19 26 23 23 5 33 27
4726 21 37 43 39 86 1 26 30 28 41 33 27
4727 21 33 27 21 145 48 22 28 28 37 33 27
4728 21 34 34 26 82 34 23 24 30 8 33 27
4729 21 33 31 28 70 44 19 29 29 31 33 27
4730 21 28 21 27 71 5 26 26 22 20 33 27
4731 21 29 26 24 56 19 26 23 28 8 33 27
4732 21 31 30 21 94 77 22 21 26 26 33 27
4733 21 29 21 27 263 56 22 35 27 1 33 27
4734 21 28 22 20 194 1 21 23 23 1 33 27
4735 21 35 30 16 97 1 23 25 31 40 33 27
4736 21 36 36 22 71 39 22 22 29 32 33 27
4737 21 29 23 30 65 46 20 29 30 20 33 27
4738 21 24 18 34 55 1 21 1 32 20 32 27
4739 21 34 34 27 80 1 24 37 25 25 33 27
4740 21 24 8 17 68 1 19 22 20 1 33 27
4741 21 32 27 19 100 1 25 26 28 15 33 27
4742 21 34 35 26 97 1 27 25 33 27 33 27
4743 21 30 19 22 58 23 20 28 20 27 33 27
4744 21 32 37 26 66 49 24 18 31 10 33 27
4745 21 29 20 28 84 1 21 34 25 36 33 27
4746 21 30 21 17 102 10 24 21 25 29 33 27
4747 21 33 36 32 85 86 23 21 26 1 33 27
4748 21 29 21 27 45 1 21 36 25 33 33 27
4749 21 33 38 34 163 56 25 32 25 25 33 27
4750 21 34 39 26 133 95 24 20 25 5 33 27
4751 21 34 38 32 100 1 22 22 26 34 33 27
4752 21 30 27 20 88 21 25 26 28 17 33 27
4753 21 28 28 41 108 38 26 32 24 23 33 27
4754 21 34 35 36 137 1 17 31 24 43 33 27
4755 21 33 37 38 80 1 19 31 22 22 33 27
4756 21 31 23 18 76 1 20 21 21 12 33 27
4757 21 35 38 26 48 1 21 23 37 37 33 27
4758 21 31 24 12 89 58 24 29 26 43 33 27
4759 21 29 25 24 59 1 23 27 26 33 33 27
4760 21 33 28 30 534 1 22 32 30 31 33 27
4761 21 39 45 24 98 69 25 20 23 22 33 27
4762 21 26 19 22 56 21 23 18 23 1 33 27
4763 21 31 25 31 73 39 21 26 22 37 33 27
4764 21 33 35 25 91 34 17 27 26 14 33 27
4765 21 30 26 25 107 1 23 31 33 21 32 27
4766 21 31 28 29 148 1 18 28 23 20 33 27
4767 21 19 5 33 65 17 20 33 26 3 33 27
4768 21 28 19 20 74 4 22 35 29 29 33 27
4769 21 30 23 16 85 1 21 25 26 37 33 27
4770 21 29 24 31 59 24 21 22 36 6 33 27
4771 21 34 35 31 52 2 23 22 28 33 33 27
4772 21 26 21 13 142 1 22 26 28 6 33 27
4773 21 34 36 37 203 1 20 38 25 38 33 27
4774 21 29 24 25 72 1 18 32 24 17 33 27
4775 21 29 25 33 81 59 20 27 27 9 33 27
4776 21 33 37 41 81 57 27 25 32 30 33 27
4777 22 34 37 37 123 47 23 23 27 18 33 27
4778 21 31 30 18 68 41 23 24 27 19 33 27
4779 21 35 37 20 114 84 22 26 20 1 33 27
4780 21 30 23 26 121 1 19 35 25 33 33 27
4781 21 37 44 34 68 1 18 15 24 33 33 27
4782 21 31 30 26 71 35 26 33 25 28 33 27
4783 21 25 21 38 47 19 15 24 22 16 33 27
4784 21 30 23 15 103 10 21 18 20 17 33 27
4785 21 28 25 16 134 13 21 16 20 1 33 27
4786 21 36 36 37 119 22 20 34 26 28 33 27
4787 21 28 19 19 274 1 17 30 25 19 33 27
4788 21 75 19 93 97 43 23 23 24 7 33 27
4789 21 26 17 30 117 51 25 34 24 20 33 27
4790 21 32 27 23 98 1 25 17 26 35 33 27
4791 21 28 21 25 126 1 24 32 24 39 33 27
4792 21 28 24 24 42 4 21 40 30 39 33 27
4793 21 31 38 28 84 73 23 31 27 10 33 27
4794 21 25 18 25 91 55 24 44 30 1 32 27
4795 21 33 43 44 91 103 22 25 25 27 33 27
4796 21 35 39 42 86 1 24 45 29 47 33 27
4797 21 28 26 20 250 1 21 24 25 18 33 27
4798 21 33 32 25 88 18 27 43 26 40 33 27
4799 21 31 27 28 50 38 20 30 22 27 33 27
4800 21 30 30 31 117 36 23 31 30 36 33 27
4801 21 35 39 24 56 1 20 18 18 21 33 27
4802 21 35 39 33 72 46 24 26 30 27 33 27
4803 21 30 29 18 233 66 23 11 30 1 32 27
4804 21 35 39 30 197 1 23 23 32 29 33 27
4805 21 32 35 40 100 39 26 22 32 16 33 27
4806 21 29 24 35 91 65 26 38 26 22 33 27
4807 21 29 24 18 107 1 20 25 27 3 33 27
4808 21 34 37 33 104 66 18 19 23 17 33 27
4809 21 28 22 22 114 30 29 22 22 1 32 27
4810 21 35 38 16 86 12 21 19 28 7 33 27
4811 21 24 14 24 46 1 20 19 26 1 32 27
4812 21 29 26 18 67 7 25 26 28 1 33 27
4813 21 28 21 20 81 87 26 16 29 1 33 27
4814 21 28 25 24 151 10 24 27 28 14 33 27
4815 21 33 36 30 108 1 16 21 30 19 33 27
4816 21 33 33 21 89 1 19 21 24 19 33 27
4817 21 32 29 25 53 30 24 32 34 7 33 27
4818 21 22 8 19 59 2 19 45 26 18 33 27
4819 21 28 23 33 100 1 22 30 25 13 33 27
4820 21 28 979 25 94 1 25 38 25 41 33 27
4821 21 33 40 26 84 90 21 22 28 1 33 27
4822 21 32 30 23 50 34 21 20 29 34 33 27
4823 21 35 35 24 117 51 18 24 28 36 33 27
4824 21 29 25 24 71 3 17 31 21 10 33 27
4825 22 31 30 29 187 60 25 26 20 4 33 27
4826 21 33 35 31 50 1 23 8 29 31 33 27
4827 21 34 41 41 138 8 18 25 24 18 33 27
4828 21 33 32 29 88 28 22 28 24 23 33 27
4829 21 28 25 28 66 1 25 41 19 36 33 27
4830 21 33 28 22 75 49 17 23 30 22 33 27
4831 21 31 23 23 71 35 15 16 26 10 33 27
4832 21 32 40 39 84 38 23 16 26 14 33 27
4833 21 28 26 29 89 25 20 27 24 12 33 27
4834 21 31 31 24 142 50 24 29 23 1 33 27
4835 21 34 37 29 58 66 26 30 32 34 33 27
4836 21 35 38 28 56 57 20 29 22 24 33 27
4837 21 26 18 28 147 1 20 1 24 13 33 27
4838 21 31 34 33 101 7 23 13 27 9 33 27
4839 21 29 28 15 141 29 20 16 25 1 33 27
4840 22 32 37 37 55 55 27 21 27 26 33 27
4841 21 36 50 35 185 106 22 19 28 1 32 27
4842 21 29 14 20 47 1 23 33 33 30 33 27
4843 21 32 23 24 144 42 24 22 20 38 33 27
4844 21 36 40 25 100 22 28 19 27 13 33 27
4845 21 34 32 31 72 1 24 38 23 44 33 27
4846 21 29 21 30 123 26 23 37 21 43 33 27
4847 21 38 41 14 70 1 21 23 25 22 33 27
4848 21 27 26 33 49 48 27 44 27 8 33 27
4849 22 31 29 20 66 18 22 23 22 1 32 27
4850 21 33 28 26 150 65 20 23 31 5 33 27
4851 21 30 19 16 61 12 21 34 23 29 33 27
4852 21 30 29 19 101 4 19 22 26 1 32 26
4853 21 27 21 14 89 36 23 16 27 1 32 27
4854 21 31 31 24 82 34 21 18 23 1 33 27
4855 21 30 28 26 50 1 22 27 28 32 33 27
4856 21 31 33 26 135 1 22 27 40 23 33 27
4857 22 36 42 30 77 12 22 30 26 25 33 27
4858 21 31 25 18 129 1 28 21 31 13 33 27
4859 21 41 51 28 64 7 20 28 29 34 33 27
4860 21 38 43 31 126 1 18 30 23 37 33 27
4861 21 23 13 23 47 21 21 32 24 24 33 27
4862 21 40 51 28 69 56 24 33 22 24 33 27
4863 21 29 23 30 95 4 24 27 26 11 33 27
4864 21 31 32 35 111 80 20 31 21 13 33 27
4865 21 30 16 12 121 34 20 35 19 30 33 27
4866 21 35 38 40 87 38 24 26 29 46 33 27
4867 21 32 30 37 64 33 18 42 29 32 33 27
4868 21 24 21 33 141 10 20 31 27 5 33 27
4869 21 35 37 19 135 41 19 28 24 3 33 27
4870 21 30 22 11 133 9 24 23 27 1 33 27
4871 21 36 40 32 130 32 20 32 26 30 33 27
4872 21 32 37 30 96 79 20 22 25 3 33 27
4873 21 40 44 22 69 46 23 40 26 45 33 27
4874 21 30 31 21 71 1 20 24 25 34 33 27
4875 21 26 22 37 91 47 23 45 26 7 33 27
4876 21 32 34 33 105 20 24 38 29 15 33 27
4877 22 28 21 30 97 24 24 30 30 17 33 27
4878 21 28 18 2 116 1 23 20 34 1 33 27
4879 21 28 26 33 45 1 23 34 33 28 33 27
4880 21 28 24 29 82 24 24 41 20 5 33 27
4881 21 28 22 27 112 1 23 36 23 24 33 27
4882 21 30 20 18 52 1 22 31 25 8 33 27
4883 21 34 36 26 47 10 22 28 27 35 33 27
4884 21 33 34 42 67 14 28 30 33 34 33 27
4885 21 33 27 24 45 32 23 26 27 35 33 27
4886 21 32 32 39 50 1 25 32 24 46 33 27
4887 21 33 27 20 188 1 23 24 25 28 33 27
4888 22 30 25 16 120 35 24 21 28 1 33 27
4889 21 34 37 39 54 1 24 35 31 33 33 27
4890 21 37 40 35 101 1 28 34 33 43 33 27
4891 21 35 39 29 65 49 26 29 30 21 33 27
4892 21 31 27 31 56 1 24 34 34 38 33 27
4893 21 34 34 27 113 115 19 1 25 26 33 27
4894 21 27 18 28 212 1 21 27 23 23 32 26
4895 21 29 26 32 53 28 27 25 26 10 33 27
4896 21 32 27 26 91 1 20 20 28 35 33 27
4897 21 21 2 29 50 12 22 19 25 1 33 27
4898 21 28 26 31 169 1 23 28 31 25 33 27
4899 21 36 40 28 65 70 23 20 33 13 33 27
4900 21 28 20 17 200 8 21 13 25 7 33 27
4901 21 28 23 24 75 1 23 27 32 10 33 27
4902 21 34 34 22 61 61 19 25 27 1 33 27
4903 21 27 21 17 79 33 19 21 28 3 33 27
4904 21 33 36 26 148 32 24 19 21 26 33 27
4905 21 30 22 21 93 7 26 27 27 31 33 27
4906 21 24 20 31 144 19 23 28 30 3 33 27
4907 21 32 35 27 117 1 25 30 31 39 33 27
4908 21 28 20 27 84 1 17 1 26 10 33 27
4909 21 35 39 33 102 40 23 25 31 38 33 27
4910 21 32 32 31 53 64 24 21 28 1 33 27
4911 21 24 14 21 51 1 17 24 21 1 33 27
4912 21 35 38 32 95 53 22 30 21 1 33 27
4913 21 36 33 27 199 1 18 32 21 48 33 27
4914 21 24 18 29 418 1 27 18 29 1 33 27
4915 22 30 32 26 87 14 26 33 32 27 33 27
4916 21 36 32 21 135 9 19 24 15 29 33 27
4917 21 25 18 20 101 36 24 20 23 1 33 27
4918 21 30 28 26 89 1 25 37 26 3 33 27
4919 21 32 36 24 68 67 20 22 31 4 33 27
4920 21 38 38 17 144 11 19 20 23 28 33 27
4921 21 29 29 26 72 12 25 26 25 13 33 27
4922 21 41 46 17 75 1 27 23 27 41 33 27
4923 21 32 31 24 76 17 22 23 28 12 33 27
4924 21 33 31 27 88 54 23 24 29 22 33 27
4925 21 39 44 32 91 54 21 26 29 41 33 27
4926 21 28 24 31 122 70 23 1 28 4 33 27
4927 21 31 29 30 87 1 21 28 23 19 33 27
4928 21 36 39 27 70 19 24 33 32 16 33 27
4929 21 40 48 27 79 1 25 1 28 39 33 27
4930 21 19 1 14 54 1 19 21 18 7 33 27
4931 22 30 29 16 179 3 23 21 31 3 33 27
4932 21 33 39 35 64 56 20 20 36 11 33 27
4933 21 33 33 12 118 52 21 20 24 21 33 27
4934 21 34 34 29 155 9 19 25 24 22 33 27
4935 21 30 35 26 81 1 21 22 25 3 33 27
4936 21 21 6 14 55 1 25 35 30 9 33 27
4937 21 25 18 23 56 19 24 26 29 1 33 27
4938 21 30 31 29 56 28 20 31 23 19 33 27
4939 21 26 23 37 50 80 17 29 24 4 33 27
4940 21 30 28 28 243 22 23 30 31 8 33 27
4941 21 31 26 29 51 10 24 31 28 31 33 27
4942 21 15 1 20 115 1 22 20 25 1 33 27
4943 21 30 24 31 55 63 22 28 36 14 33 27
4944 21 30 28 22 546 5 19 26 29 7 33 27
4945 21 26 15 36 88 1 14 1 21 11 33 27
4946 21 36 40 27 86 1 22 27 32 20 33 27
4947 21 31 30 30 146 17 20 27 23 31 33 27
4948 21 28 17 25 75 1 248 27 18 8 33 27
4949 21 26 19 18 48 48 26 21 30 1 33 27
4950 21 29 31 38 60 61 25 16 28 1 33 27
4951 21 26 21 23 88 35 21 25 26 14 33 27
4952 21 33 32 21 78 1 25 32 33 21 33 27
4953 21 38 43 39 112 37 28 34 31 39 33 27
4954 21 33 31 19 119 1 22 29 32 18 33 27
4955 21 27 14 25 39 30 23 31 25 34 33 27
4956 21 30 26 19 57 1 21 20 24 9 33 27
4957 21 32 33 30 162 1 23 29 27 26 33 27
4958 21 35 37 25 100 49 25 28 24 26 33 27
4959 21 29 19 19 96 6 27 37 31 17 33 27
4960 21 24 16 28 54 19 24 15 24 1 32 26
4961 21 39 39 25 222 36 26 25 27 38 33 27
4962 21 32 26 23 111 7 25 26 26 42 33 27
4963 21 36 44 31 109 30 23 27 30 22 33 27
4964 21 32 32 32 282 30 22 25 25 27 33 27
4965 21 29 22 32 46 3 20 25 28 35 33 27
4966 21 30 29 16 126 68 22 24 29 10 33 27
4967 21 35 41 30 92 1 24 28 25 30 33 27
4968 22 32 28 23 60 71 24 29 29 9 33 27
4969 21 31 20 17 72 14 24 24 29 19 33 27
4970 22 33 31 21 58 23 23 49 29 32 33 27
4971 21 29 27 29 86 18 23 21 28 2 33 27
4972 21 33 35 26 89 43 25 27 26 5 33 27
4973 21 28 21 18 54 1 23 23 26 21 33 27
4974 21 30 21 34 90 1 21 35 30 40 33 27
4975 21 32 24 19 53 22 23 30 27 14 33 27
4976 21 35 41 24 252 18 27 25 25 28 33 27
4977 21 31 29 20 65 81 20 22 28 1 33 27
4978 21 30 21 24 77 1 24 28 33 27 33 27
4979 21 30 36 33 127 1 21 20 19 5 33 27
4980 21 33 28 25 58 21 21 27 23 29 33 27
4981 21 35 35 27 69 1 27 23 28 35 33 27
4982 21 30 28 28 92 87 22 24 30 6 33 27
4983 21 37 44 32 109 66 22 17 27 23 33 27
4984 21 28 24 24 102 1 22 5 38 9 33 27
4985 21 30 22 12 89 1 21 22 21 14 33 27
4986 21 47 64 26 81 102 21 34 31 37 33 27
4987 21 32 31 20 109 26 19 20 24 1 33 27
4988 21 33 28 22 88 1 25 34 31 27 33 27
4989 21 37 34 21 60 27 27 29 28 26 33 27
4990 21 34 35 27 49 20 22 41 27 27 33 27
4991 21 35 42 39 53 1 25 33 18 43 33 27
4992 21 25 19 21 64 10 15 1 62 25 33 27
4993 21 29 23 33 47 28 27 31 34 35 33 27
4994 21 30 25 18 75 1 20 24 26 22 33 27
4995 21 30 22 29 69 49 26 32 24 31 33 27
4996 21 34 34 57 93 1 22 37 23 37 33 27
4997 21 35 37 32 60 1 26 29 29 29 33 27
4998 21 39 127 36 69 208 22 43 22 19 33 27
4999 21 41 43 17 146 50 23 26 30 30 33 27
5000 21 32 35 35 58 1 28 18 34 6 33 27
