1 22 1 1 25 29 12 364 30 32 20 34 29
2 23 51 61 27 35 1 305 27 31 23 35 29
3 22 1 1 37 18 63 316 27 25 25 35 29
4 23 1 1 34 31 1 354 34 19 26 35 29
5 23 48 39 26 40 92 219 28 31 17 35 29
6 22 1 1 26 23 25 204 186 28 21 34 29
7 22 1 1 36 18 1 149 26 27 24 34 28
8 23 11 25 32 41 96 305 26 31 11 35 29
9 23 30 20 24 34 60 114 29 25 15 35 29
10 23 1 108 31 20 1 641 29 30 28 35 29
11 23 31 34 43 26 45 318 209 26 30 36 29
12 23 108 88 29 35 32 721 26 29 22 35 29
13 23 68 70 16 35 18 251 246 21 16 35 29
14 23 91 80 19 33 70 219 103 358 17 35 29
15 23 22 35 20 31 20 290 31 31 35 35 29
16 22 1 1 33 25 48 222 501 447 18 34 28
17 22 1 1 31 15 11 326 25 16 22 34 28
18 22 1 1 37 21 44 257 24 22 7 35 28
19 22 1 1 27 34 1 250 28 30 12 34 28
20 23 103 89 22 32 47 177 18 27 17 35 29
21 22 105 1 22 34 2 510 23 32 4 35 29
22 22 72 1 30 32 1 443 167 30 19 35 29
23 23 28 34 34 49 79 113 27 29 14 35 29
24 23 21 55 29 37 1 234 335 31 26 35 29
25 22 1 1 27 24 86 146 43 23 6 34 28
26 23 28 1 35 29 1 699 34 33 20 35 29
27 23 33 29 24 28 1 134 34 26 20 35 29
28 23 32 50 33 37 24 197 126 30 25 35 29
29 22 1 1 18 35 1 143 32 39 23 34 28
30 23 1 1 34 22 14 201 17 30 27 35 29
31 23 3 23 37 24 1 102 34 26 29 35 29
32 23 23 57 23 36 37 150 21 36 26 35 29
33 22 1 1 36 29 1 245 129 23 29 35 28
34 23 31 41 26 28 103 237 22 29 25 35 29
35 22 1 1 24 31 1 375 21 25 13 34 28
36 23 90 81 33 37 63 249 27 28 14 35 29
37 23 39 47 22 30 20 284 24 32 20 35 29
38 23 95 82 26 29 91 316 359 26 18 35 29
39 23 9 30 39 26 41 325 28 40 39 36 29
40 23 110 96 27 28 1 340 31 28 26 35 29
41 23 61 73 26 36 62 757 33 33 29 36 29
42 22 1 1 20 28 2 541 24 27 7 34 28
43 23 76 1 25 32 1 222 16 22 5 35 29
44 23 171 172 24 40 1 318 1 26 24 35 29
45 22 1 1 32 24 1 266 31 29 21 34 28
46 22 1 1 26 30 49 313 32 31 24 34 28
47 22 1 1 36 33 54 248 180 27 20 34 29
48 22 1 1 24 21 16 188 237 34 11 34 28
49 22 1 1 28 24 30 246 20 33 14 34 28
50 23 1 1 21 37 16 297 34 34 17 35 29
51 23 66 76 36 36 82 441 23 22 24 35 29
52 23 1 8 42 36 1 617 37 33 32 35 29
53 23 1 2 41 27 1 286 36 35 37 36 29
54 23 12 28 32 41 84 235 29 26 12 35 29
55 22 2 1 32 31 117 366 215 27 16 34 29
56 23 77 61 23 32 54 557 18 27 18 35 29
57 22 1 1 24 24 82 172 24 26 20 34 29
58 23 109 77 13 42 33 195 178 31 5 35 29
59 23 84 78 25 39 37 949 35 25 13 35 29
60 22 1 1 31 20 1 191 21 28 32 35 28
61 22 1 1 23 18 22 290 213 149 15 34 28
62 23 63 63 15 39 77 245 17 27 6 35 29
63 22 1 1 33 26 5 535 23 33 2 34 28
64 23 86 59 32 24 1 559 32 27 33 36 30
65 23 23 30 22 26 12 228 207 23 34 36 29
66 23 44 56 39 28 33 202 508 28 34 36 29
67 23 1 4 22 34 74 312 24 33 31 35 29
68 23 119 88 18 39 39 500 26 29 8 36 29
69 23 52 41 24 31 62 240 134 26 10 35 29
70 23 89 101 24 32 1 406 29 25 26 35 29
71 23 90 79 20 33 64 455 15 27 14 35 29
72 23 91 96 26 35 1 230 204 331 19 35 29
73 22 1 1 27 26 6 233 33 29 13 34 28
74 22 1 1 28 26 47 310 29 40 27 35 29
75 23 6 24 16 35 1 249 248 27 25 35 29
76 23 54 63 37 31 96 235 130 31 21 35 29
77 23 81 77 28 25 42 449 35 33 25 35 29
78 22 1 1 34 24 43 739 46 30 17 34 29
79 22 1 1 31 19 32 679 223 463 26 34 28
80 22 1 1 19 29 1 230 149 32 23 34 29
81 23 57 94 22 31 88 286 204 33 29 36 29
82 22 1 1 55 23 61 90 41 32 22 34 28
83 23 59 38 18 34 55 365 25 27 2 35 29
84 22 1 1 28 24 1 233 262 33 34 34 28
85 23 89 125 27 41 69 102 25 22 22 35 29
86 23 69 53 40 38 17 288 27 28 9 35 29
87 23 63 62 26 22 1 229 35 29 36 35 29
88 23 75 65 64 35 34 205 25 33 13 35 29
89 23 35 51 27 21 1 265 36 31 38 35 29
90 22 1 1 38 29 20 205 34 26 18 34 28
91 23 36 37 20 42 126 287 20 79 6 35 29
92 23 57 60 30 23 81 300 274 27 37 36 29
93 23 42 35 24 34 13 389 25 28 18 35 29
94 23 1 28 34 32 50 300 179 34 34 36 29
95 22 1 1 26 22 50 452 411 28 12 34 28
96 22 86 1 23 17 73 138 40 21 9 35 29
97 22 1 1 28 20 8 190 24 36 17 34 28
98 23 71 66 14 30 33 155 32 28 20 35 29
99 22 1 1 25 16 40 174 235 24 20 34 28
100 23 109 105 18 41 49 189 27 34 18 35 29
101 23 183 155 26 35 2 296 303 24 16 35 29
102 22 1 1 13 28 1 409 21 25 1 34 28
103 22 1 1 20 35 18 127 17 26 1 34 28
104 23 110 115 27 35 56 292 25 29 26 35 29
105 23 86 107 19 29 3 111 19 29 27 35 29
106 23 25 38 32 23 103 258 106 34 21 35 29
107 23 17 40 17 28 31 358 17 20 27 35 29
108 22 1 1 25 25 1 124 37 33 30 34 28
109 23 53 45 26 32 1 206 248 150 12 35 29
110 23 90 77 16 41 82 424 19 23 6 35 29
111 23 44 58 21 41 54 222 30 33 18 35 29
112 22 1 1 37 31 29 213 207 227 18 34 28
113 23 85 71 18 43 56 291 16 30 10 35 29
114 23 5 38 30 37 34 519 16 29 40 35 29
115 22 1 1 29 32 39 389 14 27 26 35 29
116 23 1 14 28 33 1 615 1 41 35 36 29
117 23 63 74 15 36 54 242 18 30 16 35 29
118 22 1 1 29 21 1 172 43 36 33 35 29
119 23 136 111 22 37 1 330 43 29 25 35 29
120 22 1 1 28 28 80 194 31 29 16 34 29
121 23 1 2 24 32 17 585 28 30 27 35 29
122 22 1 1 28 20 61 181 39 112 34 35 29
123 22 1 1 44 35 2 559 31 29 32 35 29
124 23 59 71 30 29 65 392 23 31 21 35 29
125 23 26 30 31 37 94 299 1 38 21 35 29
126 22 1 1 24 34 43 86 16 26 11 34 28
127 23 118 102 21 38 8 233 180 369 7 35 29
128 22 1 1 23 26 47 111 25 33 24 34 29
129 22 1 1 33 19 1 439 44 40 35 35 28
130 23 57 93 33 33 14 459 29 25 30 35 29
131 23 28 49 40 23 50 90 39 29 48 36 29
132 23 26 1 29 43 66 203 153 31 6 35 29
133 22 1 1 34 28 1 503 43 22 42 35 28
134 23 37 23 33 22 17 261 176 33 21 35 29
135 22 1 1 35 25 1 340 37 30 35 35 28
136 23 22 21 51 32 28 127 24 27 25 35 29
137 23 143 155 25 31 11 477 21 25 37 36 29
138 22 1 16 27 36 40 293 188 272 24 35 29
139 23 68 65 39 29 43 245 36 27 38 36 29
140 23 113 1 23 38 8 502 261 36 5 35 29
141 23 237 210 14 43 18 197 23 27 23 35 29
142 23 77 48 37 31 26 480 189 20 14 35 29
143 23 57 57 33 37 1 273 31 31 16 35 29
144 23 109 56 21 39 59 277 25 29 8 35 29
145 23 95 102 18 36 1 724 25 32 31 36 29
146 22 1 1 27 23 31 367 21 28 7 35 28
147 22 1 1 26 32 36 458 234 342 19 34 28
148 22 1 1 37 28 62 90 26 30 22 34 28
149 22 1 1 35 14 58 110 27 31 19 35 29
150 23 90 65 21 33 57 496 26 32 11 35 29
151 22 1 1 24 30 51 200 29 27 5 34 28
152 22 1 1 28 20 8 384 214 218 17 34 28
153 23 1 4 39 21 6 128 37 23 44 36 29
154 22 1 1 39 18 22 210 36 27 33 35 28
155 22 1 1 38 21 16 311 267 24 11 34 29
156 41 1 1 52 54 1 843 70 66 16 60 53
157 22 1 1 33 17 32 350 22 25 23 34 28
158 22 1 1 30 24 1 147 178 20 33 35 28
159 22 38 1 17 32 45 347 29 27 1 35 29
160 23 119 116 36 40 40 263 140 29 17 35 29
161 23 61 64 24 26 72 257 19 26 11 35 29
162 23 110 84 26 27 25 288 8 30 11 35 29
163 23 65 61 32 26 29 328 32 26 21 35 29
164 23 64 57 20 40 63 144 197 35 14 35 29
165 22 1 1 27 33 51 242 38 25 15 34 28
166 23 39 47 27 41 141 264 29 26 3 35 29
167 22 1 1 34 21 19 245 29 25 41 35 29
168 23 10 10 23 37 41 445 137 33 11 35 29
169 22 1 1 28 12 43 478 27 29 32 35 28
170 23 16 1 33 18 37 199 36 31 32 35 29
171 22 1 1 27 27 1 378 40 23 35 35 29
172 22 1 1 41 37 70 239 437 27 14 34 28
173 23 71 86 20 33 1 318 28 31 23 35 29
174 22 1 1 25 20 7 224 211 20 13 34 28
175 23 19 25 28 42 60 385 132 26 1 35 29
176 22 59 1 24 34 29 460 30 34 3 35 29
177 22 87 1 18 34 27 261 25 30 10 35 29
178 22 1 1 20 28 77 330 143 26 4 34 28
179 22 1 1 43 24 44 119 15 29 11 34 28
180 23 1 3 25 44 75 377 20 33 8 35 29
181 23 22 53 22 40 17 414 27 34 37 36 29
182 23 48 34 32 27 1 139 514 175 25 35 29
183 23 45 1 24 24 22 192 21 30 11 35 29
184 23 1 12 27 29 1 287 16 25 23 35 29
185 23 129 130 3 33 19 278 16 33 23 35 29
186 24 705 231 630 455 267 2005 2005 2005 764 36 29
187 23 31 30 32 15 40 101 32 20 31 35 29
188 23 26 18 24 36 45 249 128 37 20 35 29
189 22 1 1 31 43 1 100 29 24 1 34 28
190 23 20 17 32 29 37 319 24 26 10 35 29
191 22 1 1 39 31 45 219 31 24 19 34 28
192 22 1 1 23 36 1 206 269 27 5 34 28
193 23 66 66 23 37 1 294 266 27 7 35 29
194 23 35 32 36 24 39 516 31 29 37 36 29
195 23 34 30 26 16 23 281 26 24 27 35 29
196 23 104 111 13 38 57 244 137 31 28 35 29
197 23 39 43 34 30 1 153 1 32 31 36 29
198 23 75 77 18 38 1 231 210 26 9 35 29
199 23 121 127 26 26 1 90 29 22 24 35 29
200 23 31 28 39 21 15 213 121 499 34 36 29
201 22 1 1 32 28 77 217 142 29 12 34 29
202 23 18 10 40 21 35 280 35 27 40 36 29
203 23 32 27 10 37 17 375 204 31 6 35 29
204 23 53 62 34 36 1 481 33 29 39 36 29
205 22 1 1 22 21 15 416 26 27 22 34 28
206 23 26 20 24 32 28 248 110 35 11 35 29
207 23 1 1 26 30 1 480 46 35 29 35 29
208 23 15 1 26 27 1 257 30 24 25 35 29
209 23 75 83 22 38 19 204 32 29 9 35 29
210 23 26 22 30 39 30 360 223 29 24 35 29
211 23 120 140 33 45 37 262 30 27 29 35 29
212 23 89 98 24 29 55 398 30 26 28 35 29
213 23 30 27 38 23 17 745 29 25 15 35 29
214 23 63 72 26 39 60 393 36 31 16 35 29
215 23 42 46 24 29 35 358 349 24 19 35 29
216 23 10 6 35 21 1 334 26 22 20 35 29
217 23 45 47 34 28 1 215 27 27 28 35 29
218 23 46 53 30 34 29 279 162 41 19 35 29
219 22 1 1 39 27 46 294 24 20 1 35 28
220 22 1 1 35 29 20 204 33 19 19 34 28
221 23 90 94 23 25 43 898 24 32 23 35 29
222 23 7 1 38 33 60 253 168 177 21 35 29
223 22 1 1 42 26 101 297 33 35 7 35 28
224 23 41 41 27 25 1 351 26 21 12 35 29
225 23 54 53 26 24 1 295 170 31 22 36 30
226 23 18 9 36 36 1 245 138 30 32 36 29
227 22 1 1 22 29 28 99 31 31 8 34 29
228 22 15 14 19 35 41 390 19 26 2 35 29
229 22 1 1 29 22 12 221 220 32 32 35 29
230 23 24 22 24 35 1 139 33 29 26 35 29
231 22 1 1 26 32 1 189 25 27 18 34 28
232 23 30 32 34 31 99 218 55 29 22 35 29
233 23 46 45 28 22 58 294 31 30 11 35 29
234 23 72 75 28 29 53 302 199 28 21 35 29
235 23 125 140 12 35 51 340 332 33 17 35 29
236 23 81 90 19 33 7 386 31 22 21 35 29
237 22 1 1 23 25 24 177 165 33 18 34 29
238 22 1 1 42 30 1 474 220 24 27 35 28
239 22 1 1 25 28 11 272 21 19 15 34 28
240 23 42 44 46 24 30 303 40 27 35 36 29
241 23 58 70 27 29 1 222 33 29 27 35 29
242 22 1 1 29 27 1 218 27 33 22 34 28
243 22 1 1 24 29 8 426 46 28 5 34 28
244 23 57 52 23 24 17 129 30 30 28 36 29
245 22 1 1 20 19 1 339 25 27 13 34 28
246 22 35 1 25 27 15 128 25 32 11 35 29
247 23 88 105 31 28 41 427 30 36 19 35 29
248 23 40 39 31 28 34 327 27 30 20 35 29
249 22 1 1 20 16 1 448 29 29 18 34 28
250 23 6 7 42 20 1 152 147 31 39 36 29
251 23 50 57 29 37 50 325 28 36 18 35 29
252 23 76 83 39 40 17 227 26 27 17 35 29
253 24 46 51 36 30 9 133 27 30 27 36 30
254 23 65 77 34 33 63 609 247 46 21 35 29
255 23 2 1 16 29 7 174 22 26 19 35 29
256 23 47 43 32 30 46 394 287 29 24 35 29
257 23 32 31 19 39 1 182 180 30 10 35 29
258 22 1 1 39 17 78 211 1 34 20 34 29
259 23 7 3 30 24 59 193 18 29 20 35 29
260 23 43 35 23 18 13 240 212 31 31 36 29
261 22 1 1 31 24 21 259 37 27 7 35 28
262 22 1 1 15 33 51 465 27 24 9 35 28
263 22 1 1 39 19 66 113 24 19 19 34 28
264 23 114 127 33 37 1 176 135 241 32 36 29
265 23 19 11 29 31 39 420 38 26 19 35 29
266 23 60 52 23 31 72 423 215 28 13 35 30
267 23 82 93 20 32 28 296 25 31 21 35 29
268 22 1 1 27 28 2 98 30 31 18 34 29
269 23 81 82 27 20 31 101 36 29 23 35 29
270 23 59 57 20 36 55 377 24 30 11 35 29
271 23 40 49 29 39 1 218 33 28 25 35 29
272 23 6 1 19 31 1 256 278 233 16 35 29
273 23 76 78 26 30 63 82 34 25 18 36 30
274 23 32 20 6 31 26 452 185 33 16 35 29
275 22 1 1 42 23 82 101 36 34 24 34 28
276 23 1 1 29 33 15 181 28 29 17 35 29
277 22 1 1 32 30 1 522 483 32 19 34 28
278 22 1 1 24 27 11 214 174 76 4 34 28
279 23 42 40 16 38 1 121 28 36 20 35 29
280 22 1 1 42 26 66 262 171 26 12 35 28
281 23 37 36 20 25 43 662 27 20 18 35 29
282 23 14 18 25 30 36 517 30 32 25 35 29
283 23 62 63 30 37 40 280 25 30 20 35 29
284 22 1 1 34 27 24 241 185 34 14 34 28
285 22 1 1 23 33 1 137 28 36 22 35 29
286 22 1 1 31 21 37 364 275 27 21 34 28
287 23 69 73 29 29 61 160 27 33 29 36 29
288 22 1 1 38 25 11 140 263 29 15 35 29
289 23 20 24 36 30 35 365 371 32 31 36 29
290 23 37 46 22 33 34 178 129 26 20 35 29
291 22 1 1 24 19 59 411 30 23 15 35 29
292 23 38 38 25 34 25 307 29 24 19 35 29
293 22 1 1 18 35 1 179 14 33 23 34 28
294 23 25 20 37 33 105 727 28 27 10 35 29
295 23 23 23 35 35 27 219 184 34 20 35 29
296 23 65 66 31 27 81 187 1 36 15 35 29
297 22 1 1 26 32 1 249 276 28 25 35 29
298 23 35 36 21 43 80 323 29 31 10 35 29
299 23 45 47 19 36 28 904 35 29 29 36 29
300 23 21 24 35 22 1 246 413 213 29 36 29
301 23 30 14 28 21 66 222 377 29 14 35 29
302 22 1 1 27 31 50 247 32 16 13 35 29
303 23 59 57 18 34 19 198 180 68 16 35 29
304 23 42 41 28 22 16 239 207 26 39 36 29
305 23 100 100 11 37 30 190 185 244 7 35 29
306 23 21 24 36 34 79 251 35 32 21 35 29
307 22 1 1 27 27 2 309 22 26 22 35 29
308 24 36 34 27 28 8 110 28 28 20 36 30
309 23 25 30 38 31 22 282 163 30 32 35 29
310 23 61 63 28 26 84 257 31 31 17 35 29
311 23 2 1 27 21 34 207 232 28 22 35 29
312 22 1 1 15 27 1 379 242 28 5 35 29
313 22 1 1 43 18 21 263 34 22 30 35 29
314 22 1 1 34 24 5 269 26 24 18 34 28
315 23 41 39 30 32 1 259 223 35 26 35 29
316 22 1 1 27 24 35 283 140 410 16 35 29
317 22 1 1 33 30 1 263 423 27 24 34 29
318 23 39 35 32 20 1 328 185 24 32 36 29
319 23 26 28 37 28 1 196 34 30 33 36 29
320 23 38 39 26 25 42 334 315 256 16 35 29
321 22 1 1 21 16 1 370 208 19 6 34 28
322 22 1 1 33 24 50 368 27 33 21 35 29
323 22 1 1 26 23 1 236 33 25 28 35 29
324 23 30 24 22 24 40 253 650 965 35 36 29
325 23 9 10 28 26 30 313 28 25 29 35 29
326 23 66 70 17 40 20 408 12 41 5 35 29
327 23 23 1 21 29 16 142 50 22 17 35 29
328 24 84 90 13 37 14 161 32 37 38 36 30
329 23 9 9 19 28 39 415 16 34 32 36 29
330 23 16 16 28 26 26 220 12 28 23 35 29
331 23 31 34 34 29 12 277 34 29 35 35 29
332 23 23 17 20 22 1 207 27 26 29 35 29
333 22 1 1 33 21 29 278 32 31 23 35 29
334 23 56 56 13 37 11 518 138 27 23 36 29
335 23 70 11 11 33 55 325 284 242 8 35 29
336 23 28 28 26 29 55 290 24 29 18 35 29
337 22 1 1 32 29 36 477 211 37 21 35 29
338 22 1 1 34 27 1 249 32 28 20 35 29
339 23 29 35 27 35 33 165 420 28 22 35 29
340 22 41 1 29 34 74 200 54 34 8 34 29
341 23 50 46 13 28 36 225 32 31 23 35 29
342 23 46 43 16 37 1 531 130 28 1 35 29
343 23 45 49 34 23 1 129 46 28 37 36 29
344 23 42 41 18 35 88 282 27 27 9 36 29
345 23 40 33 27 17 28 537 34 35 34 36 29
346 22 1 1 37 26 54 411 20 30 18 34 28
347 23 53 48 27 24 21 348 168 25 32 36 29
348 23 22 21 22 33 16 243 26 33 31 36 29
349 23 20 22 20 37 6 321 304 1626 4 35 29
350 23 12 1 36 24 1 272 23 29 18 35 29
351 23 59 57 27 42 106 251 24 33 9 35 29
352 23 47 49 28 35 3 202 278 24 22 35 29
353 23 34 39 37 18 37 321 243 26 38 36 29
354 22 1 1 28 20 1 414 34 29 27 34 28
355 23 51 41 31 29 21 243 41 27 32 36 29
356 23 31 26 29 27 82 114 14 35 23 35 29
357 22 1 1 26 29 37 114 26 78 22 34 29
358 23 30 23 24 30 33 110 29 27 29 35 29
359 22 1 1 20 31 26 456 29 28 5 34 28
360 23 77 87 28 36 1 241 389 31 38 36 29
361 23 54 47 24 33 50 168 25 25 19 35 29
362 23 12 4 17 28 22 127 33 30 19 35 29
363 22 1 1 34 26 62 267 30 18 3 34 29
364 22 1 1 22 31 20 83 22 27 6 35 28
365 23 74 81 35 37 130 359 41 32 28 36 29
366 23 1 1 21 32 20 240 179 371 27 35 29
367 23 64 68 32 38 56 323 142 262 20 35 29
368 23 60 62 20 36 104 87 12 31 8 36 29
369 23 39 41 33 35 43 300 276 21 9 35 29
370 23 26 22 27 37 1 374 95 34 36 35 29
371 23 77 81 32 26 48 380 28 25 34 35 29
372 23 107 111 29 45 55 212 14 27 19 35 29
373 23 68 75 28 32 23 293 25 27 21 35 29
374 22 1 1 34 27 1 439 41 30 29 35 29
375 22 1 1 23 19 34 272 34 24 25 34 28
376 22 1 1 21 23 75 363 175 33 27 35 29
377 22 1 1 30 31 5 289 23 23 3 35 28
378 23 2 1 20 39 46 125 20 28 1 35 29
379 23 64 73 33 39 46 304 32 21 15 35 29
380 23 33 37 36 30 33 729 31 34 32 36 29
381 23 48 1 34 23 1 233 1 28 12 35 29
382 23 122 132 20 39 106 414 15 27 34 36 29
383 23 30 29 31 35 1 684 32 28 20 35 29
384 22 1 1 23 42 74 211 22 27 9 34 28
385 22 1 1 29 42 83 230 20 26 11 34 29
386 23 49 47 21 36 23 179 21 25 9 36 29
387 23 105 102 37 31 34 295 1 21 25 35 29
388 23 1 2 37 27 1 250 44 26 46 36 29
389 22 1 1 20 18 7 295 33 32 31 35 29
390 23 40 33 24 22 19 273 31 28 26 35 29
391 23 14 18 30 30 22 112 31 36 35 36 29
392 23 16 1 37 25 38 592 21 31 12 35 29
393 23 14 17 37 28 1 356 31 33 43 36 29
394 23 43 55 17 41 78 241 26 30 13 35 29
395 22 1 1 26 22 79 137 32 34 34 35 29
396 22 1 1 41 30 1 291 30 26 28 35 28
397 23 33 32 24 37 70 298 20 33 2 35 29
398 23 70 59 20 34 1 261 1 32 11 35 29
399 23 56 58 23 33 89 679 30 30 14 35 29
400 22 1 1 29 23 4 237 210 357 17 34 29
401 23 71 70 33 38 1 276 208 32 24 35 29
402 23 46 50 22 31 18 228 27 28 12 36 30
403 22 1 1 27 34 63 321 22 29 2 34 28
404 23 65 72 29 31 96 362 23 42 18 35 29
405 23 77 83 19 35 42 295 170 30 14 35 29
406 23 78 79 22 31 58 270 29 27 20 35 29
407 23 41 35 18 27 2 219 45 30 27 35 29
408 23 27 1 33 36 104 272 27 31 8 35 29
409 23 50 49 27 28 70 223 24 23 26 35 29
410 23 70 77 19 41 107 420 20 31 1 36 29
411 22 1 1 26 22 27 265 34 33 7 34 28
412 23 37 32 22 23 1 222 110 22 23 35 29
413 23 35 39 23 39 1 279 131 482 16 35 29
414 23 44 40 12 41 28 359 251 36 15 35 29
415 22 1 1 31 23 1 140 30 27 12 35 29
416 23 41 32 38 32 56 217 176 434 10 36 30
417 23 83 83 25 29 19 283 24 30 16 35 29
418 23 66 76 21 28 8 244 32 30 39 36 29
419 23 73 75 16 38 1 405 33 26 29 36 29
420 22 1 1 29 21 20 895 27 24 9 34 28
421 22 1 1 25 26 65 580 23 27 1 34 28
422 23 57 63 28 35 1 249 176 24 16 35 29
423 23 94 103 20 39 13 280 30 27 33 36 29
424 23 66 77 30 37 10 308 19 27 23 35 29
425 22 1 1 22 18 20 268 135 21 21 34 28
426 22 1 1 39 29 16 2003 35 35 36 35 28
427 23 13 1 20 32 1 545 30 31 11 35 29
428 23 32 33 37 21 1 137 38 29 39 36 29
429 23 61 60 27 33 6 491 30 26 2 35 29
430 23 89 91 20 33 1 293 36 28 40 36 29
431 22 1 1 29 32 43 436 35 30 29 35 28
432 23 18 20 17 39 43 103 17 26 2 35 29
433 22 1 1 25 14 4 274 358 25 32 35 29
434 23 41 41 24 36 16 215 309 131 16 35 29
435 23 46 50 43 32 1 264 27 28 35 36 29
436 22 1 1 34 30 38 506 15 26 10 34 28
437 23 47 53 22 36 40 281 18 29 20 35 29
438 23 30 36 30 28 63 442 53 32 38 35 29
439 23 34 32 34 29 10 239 33 25 30 36 29
440 22 1 1 30 28 86 162 37 32 44 34 28
441 22 1 1 35 26 15 372 322 31 22 34 29
442 23 15 20 22 35 19 198 25 33 15 35 29
443 22 1 1 18 25 45 287 256 29 1 35 28
444 23 58 68 31 32 86 472 24 35 24 35 29
445 23 18 16 31 17 1 246 40 29 33 36 29
446 23 56 61 21 35 11 116 34 29 35 36 29
447 23 47 47 27 32 71 283 289 28 20 35 29
448 22 1 1 29 30 64 312 50 33 10 34 28
449 23 6 2 26 30 1 299 344 949 29 35 29
450 22 1 1 26 21 1 377 29 29 31 35 28
451 22 1 1 31 29 61 254 25 28 19 35 29
452 23 50 44 35 31 1 447 13 30 21 35 29
453 24 35 29 25 26 12 2004 31 26 33 35 29
454 23 22 6 22 27 52 350 388 44 12 35 29
455 22 1 1 41 29 24 284 224 31 14 34 28
456 23 19 23 36 33 47 465 32 29 23 35 29
457 23 30 14 29 20 14 152 42 26 34 35 29
458 23 18 26 27 29 41 265 41 34 36 35 29
459 23 7 1 33 29 1 361 33 35 31 36 29
460 23 18 11 18 20 6 490 210 32 30 36 29
461 23 56 53 35 26 3 599 39 27 17 35 29
462 23 101 109 36 40 4 368 1 34 22 35 29
463 23 24 29 34 24 21 281 13 23 26 35 29
464 22 1 1 19 31 43 181 275 27 8 34 28
465 22 1 1 21 39 59 156 10 26 1 34 28
466 23 22 31 25 34 46 233 24 30 25 35 29
467 22 1 1 23 25 1 81 23 21 7 34 28
468 23 52 50 28 38 32 478 172 24 13 35 29
469 23 22 1 33 26 63 297 21 32 19 35 29
470 23 1 1 35 32 73 133 34 26 25 35 29
471 22 1 1 26 22 26 231 33 44 26 35 29
472 23 129 129 25 36 1 286 29 22 26 35 29
473 23 38 1 28 15 43 370 82 414 21 35 29
474 23 28 31 22 33 63 303 316 33 35 36 29
475 23 17 17 30 27 55 580 30 26 33 36 29
476 22 1 1 31 23 12 536 29 27 11 34 29
477 23 35 41 34 27 12 340 29 22 39 36 29
478 23 9 11 28 22 73 441 29 27 34 36 29
479 23 13 1 33 28 6 2004 22 19 18 35 29
480 23 24 23 36 21 11 157 37 27 39 36 29
481 22 1 1 34 43 84 254 176 34 8 34 29
482 22 1 1 11 23 10 343 24 37 13 35 29
483 23 51 52 15 49 110 473 20 28 5 35 29
484 23 3 3 29 24 19 204 99 607 34 36 29
485 23 53 60 36 32 52 189 39 27 24 35 29
486 23 13 3 22 30 1 508 32 23 21 35 29
487 23 3 1 25 32 71 243 287 1150 24 35 29
488 23 70 75 20 37 34 118 23 41 13 35 29
489 22 1 1 16 26 7 238 22 33 8 34 28
490 22 1 1 38 22 41 322 36 23 22 34 29
491 22 1 1 26 24 21 368 206 67 5 35 29
492 23 48 47 19 27 67 195 37 34 17 35 29
493 23 40 45 26 43 77 266 461 629 9 35 29
494 23 34 39 24 34 17 245 19 30 27 35 29
495 22 1 1 25 35 4 230 13 27 11 34 28
496 23 37 37 20 31 16 221 226 215 8 35 29
497 23 13 16 26 36 48 359 298 31 26 35 29
498 23 57 56 31 24 28 770 174 32 29 36 30
499 22 1 1 30 25 81 359 20 25 28 35 29
500 22 1 1 28 30 1 264 195 169 8 35 29
501 24 57 51 20 26 31 505 23 31 24 36 30
502 23 60 65 36 28 1 228 39 26 32 36 29
503 23 26 30 26 36 36 606 21 25 29 35 29
504 22 1 1 30 21 1 365 1 34 14 34 28
505 22 1 1 34 23 50 196 266 710 25 35 29
506 23 43 31 25 20 39 235 185 31 35 36 29
507 23 94 96 26 33 1 111 28 29 10 35 29
508 23 56 62 18 37 79 247 29 30 13 35 29
509 23 157 161 18 28 26 259 23 20 20 35 29
510 22 1 1 34 25 11 332 184 46 11 34 29
511 22 1 1 31 28 6 636 38 27 25 34 29
512 22 1 1 34 30 69 139 15 30 18 35 29
513 23 26 31 34 32 1 583 273 22 31 36 29
514 22 1 1 24 36 9 231 29 35 11 34 29
515 23 34 36 34 32 1 226 33 28 26 35 29
516 23 47 46 29 28 7 113 27 32 26 35 29
517 23 92 106 35 42 110 189 32 33 25 35 29
518 22 1 1 43 27 13 117 31 27 31 35 29
519 23 17 17 36 35 1 311 33 26 29 35 29
520 23 42 47 42 27 25 489 28 26 37 36 29
521 23 95 105 31 45 86 364 1 37 36 35 29
522 23 46 55 21 36 33 268 28 33 19 35 29
523 23 21 24 37 28 62 140 25 36 28 35 29
524 23 30 21 28 33 6 206 52 33 30 35 29
525 22 1 1 23 28 1 226 20 28 6 34 28
526 23 38 41 28 28 37 246 23 25 23 35 29
527 22 1 1 34 20 1 283 176 22 23 34 28
528 23 40 44 24 37 74 294 179 322 13 35 29
529 23 65 62 14 38 11 317 29 32 8 35 29
530 23 41 48 37 31 10 240 116 30 25 35 29
531 23 48 49 26 29 28 514 28 29 22 35 29
532 22 1 1 33 25 44 353 315 24 13 34 29
533 23 23 23 25 44 48 390 29 31 10 35 29
534 23 74 82 28 47 52 223 26 38 23 35 29
535 22 1 1 26 27 6 407 45 27 9 34 28
536 23 89 84 24 27 53 212 23 27 18 35 29
537 22 1 1 41 18 58 451 118 30 32 35 28
538 22 1 1 29 25 1 262 35 28 26 34 29
539 22 22 1 20 41 87 599 20 28 8 35 29
540 23 61 59 19 29 38 347 26 30 22 35 29
541 22 1 1 30 31 8 528 34 32 11 34 28
542 23 28 28 31 34 23 308 388 33 27 35 29
543 23 72 75 25 29 32 530 191 25 14 35 30
544 22 1 1 30 19 52 168 229 32 24 35 28
545 23 99 107 14 37 1 1739 22 27 33 36 30
546 23 36 39 28 31 58 194 26 20 25 35 29
547 22 1 1 17 22 21 322 21 26 25 35 29
548 23 106 114 30 41 91 556 29 29 17 36 29
549 24 57 56 21 35 20 238 24 33 9 36 30
550 23 89 85 15 33 27 342 26 32 12 35 29
551 22 28 1 15 30 17 273 21 25 7 34 28
552 22 1 1 33 22 15 689 1189 27 28 35 29
553 23 60 65 30 41 1 261 21 29 21 35 29
554 23 20 15 29 24 1 132 20 30 15 35 29
555 23 63 54 23 31 20 205 31 23 14 35 29
556 23 1 7 21 30 30 284 32 28 16 35 29
557 23 41 40 42 31 1 295 1 29 17 35 29
558 23 60 65 23 39 43 182 25 22 25 35 29
559 23 49 59 49 27 49 488 24 33 36 36 30
560 23 44 50 32 25 27 223 29 26 32 36 29
561 23 42 42 35 23 1 300 25 27 26 35 29
562 22 1 1 31 18 35 110 35 31 20 34 29
563 22 1 1 29 23 47 158 36 29 11 35 29
564 22 1 1 32 28 61 286 175 27 13 35 29
565 22 1 1 25 29 1 109 32 30 9 34 28
566 23 12 14 26 28 70 319 124 33 34 35 29
567 23 57 63 24 32 41 327 178 31 23 35 29
568 23 37 34 15 34 42 112 15 37 9 36 30
569 23 60 61 20 30 9 227 118 32 21 35 29
570 23 77 79 37 33 91 261 21 31 28 36 29
571 23 1 1 28 16 23 261 307 25 27 35 29
572 23 24 23 19 30 78 556 161 30 27 35 29
573 23 47 49 29 37 19 92 24 29 19 36 29
574 22 1 1 21 37 34 180 25 21 7 35 29
575 22 1 1 32 27 35 96 30 29 14 35 29
576 23 23 23 25 36 69 225 492 345 11 35 29
577 23 31 29 29 32 1 232 137 244 32 36 29
578 23 69 76 27 31 64 296 26 28 31 35 29
579 23 23 32 39 38 22 475 219 418 31 36 29
580 22 1 1 28 27 1 329 31 30 6 34 29
581 23 29 14 24 30 48 465 169 32 16 35 29
582 23 5 1 30 27 1 250 171 29 15 35 29
583 23 126 129 16 40 1 231 31 30 36 36 29
584 23 40 41 24 41 31 1087 23 22 9 35 29
585 23 12 14 27 37 72 197 119 29 6 35 29
586 23 74 80 29 33 49 232 273 33 31 36 29
587 22 1 1 23 23 41 397 227 359 8 35 28
588 23 5 9 39 22 25 212 30 24 27 35 29
589 23 54 55 28 28 25 277 29 34 29 36 30
590 23 76 76 24 30 66 292 291 28 16 35 29
591 23 48 45 26 31 1 212 39 29 19 35 29
592 22 1 1 26 34 114 335 23 26 7 34 28
593 23 79 78 23 21 67 164 126 20 25 35 29
594 22 1 1 27 30 63 114 19 28 19 34 29
595 22 1 1 12 39 22 259 22 27 1 35 29
596 23 41 45 24 26 22 206 28 23 38 36 29
597 23 92 92 18 31 1 385 160 25 24 35 29
598 23 3 1 34 36 1 259 46 25 30 36 29
599 23 17 15 30 31 86 370 29 24 15 35 29
600 23 83 21 24 30 1 642 30 25 15 35 29
601 22 1 1 27 42 90 107 22 28 9 35 29
602 23 48 46 25 36 27 267 36 26 14 35 29
603 23 52 42 25 13 26 385 53 26 27 35 29
604 23 18 20 42 27 1 285 40 30 40 36 29
605 23 71 76 23 35 1 245 30 30 20 35 29
606 23 16 22 24 35 58 271 48 20 23 35 29
607 23 46 45 28 39 1 450 19 25 12 35 29
608 23 14 1 32 41 92 326 24 30 4 35 29
609 23 37 34 21 35 92 271 20 22 8 35 29
610 22 1 1 29 21 1 144 33 27 30 35 29
611 22 1 1 35 29 14 528 31 32 39 35 29
612 23 30 34 39 40 1 371 19 32 25 35 29
613 23 110 112 25 31 1 187 32 30 26 35 29
614 22 1 1 30 25 71 254 30 28 15 34 29
615 23 107 121 18 42 46 185 112 26 30 36 29
616 22 1 1 20 29 3 388 38 41 5 35 29
617 23 31 33 19 38 58 537 93 31 3 35 29
618 23 34 36 16 33 66 490 24 29 3 35 29
619 23 46 48 18 39 49 336 27 32 19 35 29
620 23 59 61 22 35 24 134 19 33 14 35 29
621 23 61 53 17 38 9 441 27 40 26 36 30
622 23 7 1 13 40 28 319 168 33 6 35 29
623 22 1 1 36 18 77 237 537 750 21 34 28
624 23 65 33 35 31 74 276 21 20 10 35 29
625 23 58 62 18 44 46 172 18 23 1 35 29
626 23 1 1 30 18 1 122 29 28 35 36 29
627 23 46 51 25 29 25 346 28 33 21 35 29
628 23 73 89 34 29 51 145 30 34 34 36 29
629 23 92 99 36 39 1 238 30 37 32 36 29
630 23 53 45 17 28 1 194 323 28 39 36 29
631 23 35 33 20 35 110 383 20 31 8 35 29
632 23 11 13 27 27 1 120 42 33 29 36 29
633 23 49 50 20 38 9 721 23 29 3 35 29
634 23 50 50 19 34 1 284 12 19 16 35 29
635 23 55 41 35 28 62 239 29 45 72 36 29
636 23 76 87 23 38 54 81 40 21 30 36 29
637 23 95 92 36 27 42 285 1 42 26 35 29
638 22 1 1 31 20 54 181 29 30 25 34 29
639 23 25 14 19 27 34 260 23 28 14 35 29
640 22 1 1 30 27 86 611 986 335 5 34 29
641 23 31 27 30 33 111 108 23 36 21 35 29
642 23 57 58 29 31 48 129 188 30 30 36 29
643 24 72 71 30 20 2 236 32 28 45 36 30
644 22 1 1 35 25 37 268 1 551 3 34 28
645 23 58 58 28 28 1 200 31 22 16 35 29
646 22 1 1 38 28 69 113 20 27 16 34 28
647 23 86 87 16 26 20 402 185 29 37 36 29
648 23 6 1 36 29 68 249 317 234 23 35 29
649 23 95 97 16 34 16 249 22 30 8 35 29
650 22 1 1 25 27 1 573 272 48 25 34 28
651 23 69 77 35 39 110 253 181 29 16 35 29
652 22 1 1 17 20 1 328 25 29 17 34 28
653 23 13 12 37 27 10 210 240 389 38 35 29
654 23 90 105 26 28 1 344 37 29 41 35 29
655 22 52 1 18 36 112 210 18 30 2 34 28
656 23 42 46 26 29 71 297 21 27 9 35 29
657 22 1 1 33 35 57 542 217 39 8 34 28
658 23 3 1 34 17 1 295 34 30 38 36 29
659 22 1 1 32 17 31 261 287 486 23 34 29
660 22 1 1 36 28 46 275 360 37 1 34 28
661 23 98 106 18 29 61 132 183 345 22 35 29
662 23 1 1 18 33 19 397 37 38 28 35 29
663 22 1 1 27 20 1 275 243 303 16 34 29
664 23 43 53 35 43 66 125 205 36 20 35 29
665 23 38 39 18 33 58 495 24 24 10 35 29
666 23 30 37 34 33 34 243 282 143 18 35 30
667 23 103 106 24 40 23 287 158 23 13 35 29
668 23 114 122 34 41 1 305 70 33 27 35 29
669 23 64 65 11 29 1 200 244 21 25 35 29
670 23 72 78 25 35 12 396 26 31 21 35 29
671 22 1 1 27 31 11 896 38 31 15 34 28
672 23 30 28 20 30 16 116 27 37 26 35 29
673 23 56 65 22 36 42 457 235 31 34 36 29
674 22 1 1 30 28 1 219 34 26 26 35 28
675 23 132 128 17 38 1 256 286 31 36 36 29
676 23 1 1 17 38 1 280 29 31 13 35 29
677 23 104 108 19 44 28 516 238 28 2 36 29
678 23 48 53 39 27 27 251 208 34 20 35 29
679 23 23 27 32 29 1 259 86 28 29 35 29
680 23 47 34 14 25 9 289 243 28 11 35 29
681 23 1 1 34 28 58 1421 27 26 29 35 29
682 23 54 56 30 35 1 258 242 29 29 36 29
683 32 53 59 23 39 55 741 34 43 19 47 41
684 23 102 101 27 32 72 513 187 26 16 35 29
685 22 1 1 25 37 46 245 20 31 11 34 28
686 22 1 1 27 22 49 391 31 29 23 34 28
687 28 1 1 17 53 1 629 38 35 20 42 36
688 23 46 45 22 36 44 376 27 39 38 36 29
689 23 85 86 28 27 50 89 44 24 24 35 29
690 23 56 64 31 37 112 201 13 26 13 35 29
691 22 1 1 13 31 1 316 9 22 3 34 28
692 23 8 2 31 25 8 631 41 31 36 36 29
693 23 83 89 24 39 1 228 215 33 17 35 29
694 23 36 34 39 19 21 279 153 188 44 36 29
695 23 56 61 21 34 39 761 25 27 13 35 29
696 23 22 6 22 15 30 1138 31 29 31 36 29
697 23 44 44 36 25 70 131 29 26 28 36 29
698 23 111 113 17 39 1 87 18 29 7 35 29
699 23 37 43 25 41 1 203 22 21 27 35 29
700 23 6 3 30 36 22 97 18 41 7 35 29
701 23 24 20 35 24 66 157 27 25 29 35 29
702 23 29 34 33 25 1 431 37 23 30 36 29
703 22 1 1 23 26 1 215 28 25 14 34 28
704 23 58 49 26 25 41 428 1 25 15 35 29
705 23 65 70 32 28 39 285 214 26 35 36 29
706 22 1 1 16 27 49 98 18 32 19 34 28
707 23 143 150 20 43 47 308 40 22 16 35 29
708 23 46 46 26 29 70 104 26 23 17 35 29
709 22 1 1 42 21 29 194 38 38 23 34 29
710 23 23 18 22 34 24 214 107 38 8 35 29
711 22 1 1 31 20 10 240 283 36 15 35 29
712 23 79 79 15 24 57 1461 170 23 26 36 29
713 23 13 1 22 34 39 98 30 33 19 35 29
714 23 94 103 30 35 36 121 34 24 22 35 29
715 22 1 1 18 29 23 183 206 30 4 34 28
716 22 1 1 30 29 1 84 36 33 22 35 29
717 23 37 37 16 33 46 239 26 29 13 35 29
718 22 1 1 53 26 1 268 273 21 12 35 29
719 22 1 1 27 31 6 108 25 30 15 35 29
720 23 70 70 19 19 80 312 159 27 15 36 29
721 23 107 106 13 36 5 382 29 39 25 36 29
722 22 1 1 39 32 61 234 22 100 19 35 29
723 23 15 13 34 27 58 252 7 22 25 35 29
724 22 1 1 32 25 30 368 32 28 17 35 29
725 23 1 1 35 29 73 360 16 28 31 36 29
726 22 1 1 17 27 40 283 21 29 24 35 29
727 22 1 1 29 25 1 251 12 25 5 34 28
728 22 1 1 28 24 43 291 29 18 9 35 29
729 23 6 1 37 14 50 252 28 28 22 35 29
730 23 27 38 49 29 66 125 34 35 40 36 29
731 23 28 26 31 32 48 303 39 28 29 35 29
732 23 34 45 29 28 106 118 1 27 22 35 29
733 23 20 12 36 29 44 125 34 26 36 36 29
734 23 7 1 20 29 38 503 606 675 29 36 29
735 23 39 1 26 37 50 220 27 25 20 35 29
736 22 1 1 32 32 1 132 31 33 36 35 28
737 22 1 1 27 34 23 397 373 26 15 34 28
738 22 1 1 21 28 62 207 26 26 19 34 28
739 23 21 14 35 18 1 90 30 28 33 35 29
740 23 21 22 22 24 1 142 233 280 25 35 29
741 23 29 24 14 38 24 317 302 308 15 35 29
742 23 14 23 35 40 82 460 22 23 22 35 29
743 23 1 1 35 25 12 218 32 29 31 35 29
744 22 1 1 28 32 14 326 16 334 21 34 29
745 23 39 49 28 28 1 206 17 25 21 36 29
746 23 51 48 31 21 11 178 38 25 26 35 29
747 23 77 87 36 39 69 597 28 34 15 35 29
748 22 9 1 21 35 88 246 210 1618 10 34 28
749 22 1 1 36 28 57 251 177 17 13 34 28
750 22 1 1 45 28 119 115 31 33 18 35 29
751 23 76 83 25 31 19 137 28 31 19 35 29
752 22 1 1 39 28 13 191 196 30 19 34 28
753 22 1 1 28 36 4 468 52 143 14 34 28
754 23 49 44 22 26 1 339 34 28 15 35 29
755 23 57 64 27 27 17 207 145 26 18 36 29
756 24 123 132 21 41 53 273 216 41 34 36 30
757 23 39 39 27 33 1 274 27 28 28 36 30
758 22 1 1 35 20 1 272 532 198 27 35 29
759 23 73 81 38 33 29 252 24 31 33 36 30
760 23 47 48 42 20 8 375 211 30 30 36 29
761 22 1 1 34 19 1 358 32 33 23 35 29
762 22 1 1 27 18 16 120 27 27 18 35 29
763 22 1 1 17 13 12 447 149 23 21 35 29
764 23 31 36 28 37 77 83 19 31 12 35 29
765 23 39 38 20 32 1 797 36 29 26 36 29
766 22 1 1 32 28 89 177 96 35 22 35 29
767 23 52 56 23 37 43 520 23 34 11 36 29
768 23 34 2 25 38 63 124 35 37 30 35 29
769 23 1 1 22 30 21 195 27 31 7 35 29
770 23 62 67 41 30 1 118 32 24 30 36 30
771 22 1 1 30 17 16 108 515 31 38 35 29
772 23 23 22 41 26 21 117 25 27 33 36 29
773 23 48 44 20 24 24 238 36 31 12 35 29
774 23 89 78 16 31 1 177 25 28 18 35 29
775 23 51 51 23 37 94 333 32 37 11 36 30
776 23 33 32 32 33 49 432 30 36 26 35 29
777 22 1 1 26 31 4 550 219 30 16 35 29
778 23 32 31 31 31 45 344 58 30 34 36 30
779 23 1 1 34 21 1 617 38 26 18 35 29
780 23 114 116 20 36 2 239 26 26 14 36 30
781 23 29 30 34 22 1 161 29 26 34 36 29
782 23 22 11 27 35 84 284 28 29 20 35 29
783 23 27 21 14 36 80 161 139 643 8 36 30
784 23 109 122 28 46 130 449 23 36 19 35 29
785 23 11 17 41 33 25 296 313 375 31 36 30
786 22 1 1 30 31 109 224 29 29 22 34 29
787 23 80 81 9 34 18 176 30 29 33 36 29
788 23 45 56 32 32 1 296 36 27 25 35 30
789 22 1 1 32 26 1 104 33 32 18 35 29
790 23 17 18 24 21 58 325 30 28 16 35 29
791 23 41 45 30 40 1 226 165 30 11 35 30
792 23 28 25 28 34 38 332 30 26 23 35 29
793 23 2 1 33 39 56 288 1 36 25 35 29
794 23 71 70 27 33 14 542 37 32 14 35 29
795 23 1 1 37 30 1 381 25 29 16 35 29
796 23 33 35 33 30 1 242 36 22 28 36 29
797 23 28 23 34 33 60 91 28 32 25 35 29
798 23 68 64 23 29 1 285 1 390 7 35 29
799 23 27 33 44 27 64 206 212 24 35 36 29
800 23 24 26 25 37 101 315 23 35 15 35 29
801 24 80 91 32 38 7 275 199 316 35 36 30
802 23 36 43 25 37 32 388 24 33 24 35 29
803 23 50 64 32 38 28 608 31 23 23 35 30
804 23 57 60 32 33 55 122 23 27 21 35 29
805 23 2 1 31 35 1 358 30 32 26 35 29
806 22 1 1 24 17 22 169 200 375 12 35 29
807 23 34 35 23 40 57 456 23 31 6 35 29
808 22 1 1 24 27 1 532 19 27 19 34 29
809 23 33 32 28 23 22 222 34 25 31 36 29
810 23 12 9 29 27 19 338 24 27 16 35 29
811 23 71 76 25 38 39 209 28 26 14 36 29
812 23 44 50 34 35 1 391 23 33 25 35 29
813 23 43 45 13 39 39 230 24 31 9 35 29
814 22 1 1 22 29 1 201 243 25 11 34 28
815 23 75 77 15 41 1 645 23 25 21 35 29
816 23 71 75 25 31 1 112 42 28 26 35 29
817 22 1 1 28 27 53 331 1 247 5 34 29
818 23 84 90 35 37 69 531 224 25 22 35 29
819 23 66 73 29 38 62 292 24 582 27 36 29
820 22 1 1 30 23 60 160 268 807 28 35 29
821 23 95 109 23 34 48 526 32 21 33 36 29
822 23 31 25 17 28 26 408 32 33 27 35 29
823 23 16 12 31 29 1 195 189 28 28 36 29
824 23 62 53 19 33 95 206 33 31 26 36 29
825 23 39 41 32 28 55 324 22 32 23 36 30
826 23 1 1 15 30 61 257 18 22 9 35 29
827 23 16 18 39 23 1 498 177 25 34 36 29
828 23 19 19 32 38 52 139 26 32 14 35 29
829 22 1 1 21 32 13 182 36 32 12 34 28
830 23 43 46 22 40 36 256 214 414 23 35 30
831 22 1 1 20 27 75 456 51 23 9 34 28
832 23 24 28 38 26 1 358 34 26 26 35 29
833 23 131 146 36 40 62 567 41 36 35 36 29
834 23 51 56 23 20 1 217 191 221 22 35 29
835 23 15 20 38 27 72 295 442 23 36 36 29
836 23 51 58 24 34 14 313 17 30 30 36 29
837 22 1 1 33 20 1 242 36 26 12 34 28
838 23 44 54 44 25 76 281 21 29 37 35 29
839 23 70 65 26 32 40 479 31 31 20 35 29
840 22 1 1 27 17 7 363 516 674 18 35 29
841 23 43 51 32 31 22 291 16 22 29 35 29
842 22 1 1 37 18 16 271 31 27 22 34 28
843 22 1 1 20 30 4 165 1 34 4 34 28
844 22 1 1 14 17 35 415 24 32 11 35 29
845 23 62 70 30 31 84 248 26 31 22 36 30
846 22 1 1 37 28 1 1876 29 31 23 35 29
847 23 1 2 38 38 25 195 24 31 18 35 29
848 23 24 23 43 20 20 245 37 22 35 36 29
849 23 80 79 27 30 29 191 31 34 21 35 29
850 22 1 1 14 34 13 321 278 25 4 34 28
851 23 3 1 21 33 16 178 234 699 10 35 29
852 22 1 1 21 31 42 461 26 26 12 34 28
853 22 1 1 22 31 1 271 27 32 21 34 29
854 22 1 1 24 18 17 228 30 22 21 35 29
855 23 49 52 24 42 75 385 23 30 10 36 29
856 24 99 107 25 35 1 516 23 29 24 35 29
857 23 24 18 37 24 1 186 31 32 32 36 29
858 23 38 1 19 27 1 309 20 32 8 35 29
859 23 28 22 26 27 42 671 1 25 31 36 29
860 22 1 1 45 22 69 186 16 28 18 35 28
861 22 1 1 17 25 59 195 21 21 4 35 29
862 23 1 1 19 33 51 158 37 36 38 35 29
863 23 38 37 25 33 44 221 164 34 25 35 30
864 23 43 42 25 37 70 397 140 37 27 36 30
865 23 32 35 34 37 1 240 219 29 16 35 30
866 22 1 1 27 11 2 353 205 26 25 35 29
867 23 45 49 26 29 13 350 30 32 28 35 29
868 23 45 46 24 28 1 222 30 22 26 35 29
869 23 77 80 30 30 55 517 37 30 30 35 29
870 22 33 1 30 43 1 318 30 29 6 34 28
871 22 1 1 38 26 1 259 73 29 27 34 28
872 23 30 27 42 26 18 937 27 30 29 35 29
873 22 1 1 23 22 8 237 35 19 15 35 29
874 23 44 47 31 32 1 216 38 30 31 36 29
875 22 1 1 22 27 2 299 39 35 25 35 29
876 22 1 1 37 26 46 506 25 25 22 35 29
877 22 1 1 34 24 64 81 27 25 24 35 29
878 22 1 1 37 19 1 431 28 31 18 35 29
879 23 49 45 26 37 11 187 36 32 24 35 29
880 23 95 97 24 32 31 279 20 26 33 36 30
881 23 51 41 13 26 7 594 29 28 23 35 29
882 22 1 1 41 18 41 115 19 28 15 34 28
883 23 26 33 36 34 64 282 305 26 18 35 29
884 23 56 59 24 44 34 398 25 31 6 35 29
885 23 14 5 28 26 1 305 151 30 29 35 29
886 23 16 11 26 26 1 90 31 25 16 35 29
887 22 1 1 14 24 1 298 21 29 11 34 28
888 23 1 1 26 23 31 80 23 32 26 35 29
889 23 1 1 40 19 1 120 33 32 38 35 29
890 23 172 191 16 36 15 283 773 26 29 36 29
891 23 30 25 22 33 57 261 210 34 24 35 29
892 23 39 37 22 39 52 310 19 25 3 36 29
893 22 1 1 35 31 36 91 20 39 21 35 29
894 23 51 48 25 41 33 255 21 24 14 35 29
895 23 23 14 31 25 1 213 113 29 32 35 29
896 22 1 1 28 18 48 310 255 23 20 35 29
897 23 1 12 38 36 67 378 22 32 30 36 29
898 23 2 6 40 23 84 228 36 31 35 36 29
899 23 89 84 24 28 3 222 1 34 20 35 29
900 23 21 1 21 28 28 260 32 30 13 35 29
901 23 46 62 37 39 93 390 1 32 28 35 29
902 23 2 1 18 43 52 137 24 38 23 35 29
903 23 62 17 36 26 41 400 78 36 18 35 29
904 23 90 91 22 40 11 701 19 34 20 35 29
905 23 46 33 25 21 7 390 35 27 30 36 29
906 23 23 17 19 39 59 331 28 25 12 35 29
907 23 76 82 14 41 54 279 28 22 10 35 29
908 22 1 1 34 30 68 372 181 34 31 35 29
909 23 67 72 20 30 1 203 125 271 24 35 30
910 23 12 1 5 31 1 463 9 22 17 35 29
911 23 17 1 27 24 54 236 199 34 18 35 29
912 22 1 1 39 23 61 410 23 28 18 35 29
913 23 33 30 31 20 6 420 180 31 34 36 29
914 22 1 1 26 24 50 197 181 1083 5 35 29
915 23 63 70 17 43 1 501 23 27 17 35 29
916 22 1 1 24 30 7 324 142 23 1 35 29
917 22 1 1 44 25 1 165 27 29 27 35 29
918 23 13 1 41 21 37 107 43 28 31 36 29
919 23 28 22 27 26 1 806 29 21 31 36 29
920 23 55 47 28 31 1 166 25 29 27 35 29
921 23 77 78 21 33 76 88 11 28 17 35 29
922 23 55 56 25 33 47 283 267 35 17 35 29
923 22 2 1 36 31 98 540 40 32 20 35 29
924 23 69 68 22 33 1 308 154 28 18 35 29
925 23 39 36 18 31 37 506 20 25 2 35 29
926 23 41 34 28 30 26 374 39 34 40 36 29
927 23 59 60 16 28 9 284 68 29 24 35 29
928 23 53 56 23 35 106 283 14 25 4 35 29
929 22 1 1 23 24 1 304 36 30 26 35 29
930 23 42 40 25 34 49 214 16 27 8 35 29
931 23 33 32 36 25 14 358 353 30 32 36 29
932 22 1 1 28 27 32 86 25 32 20 35 29
933 23 84 94 29 34 125 316 18 30 20 35 29
934 22 1 1 29 22 1 260 239 153 27 35 29
935 22 1 1 34 29 1 192 32 27 27 35 29
936 22 1 1 34 22 1 152 35 26 30 35 29
937 22 1 1 37 27 62 275 406 24 21 34 29
938 23 71 80 21 38 67 290 26 35 33 36 29
939 23 61 64 24 29 1 237 153 29 29 36 29
940 23 49 40 11 41 51 577 207 27 8 35 29
941 23 63 81 38 40 1 265 405 28 35 36 30
942 23 28 32 30 32 41 334 18 26 28 35 29
943 23 49 57 32 34 90 380 32 31 39 36 29
944 23 40 45 39 38 78 347 245 285 18 35 29
945 23 55 49 25 24 17 314 41 34 40 36 29
946 22 1 1 26 26 1 403 34 25 23 34 29
947 24 41 40 33 29 11 277 22 32 17 35 29
948 23 75 69 21 20 5 270 31 38 18 35 29
949 23 36 38 34 37 85 249 23 32 26 35 29
950 23 33 35 24 45 52 215 168 1158 8 36 29
951 23 67 60 39 36 109 307 114 29 8 36 29
952 24 13 1 29 33 1 301 43 25 20 36 30
953 23 112 122 6 37 1 340 44 27 30 36 29
954 22 1 1 33 20 1 271 40 29 32 35 29
955 23 58 65 21 40 1 118 26 22 6 36 30
956 22 1 1 22 18 25 362 19 26 20 34 29
957 23 52 51 27 31 86 223 30 26 19 35 30
958 23 55 57 19 41 56 644 17 24 1 36 29
959 23 70 70 40 26 1 249 36 24 36 36 29
960 22 1 1 18 24 18 132 63 34 30 35 29
961 22 1 1 30 25 31 275 173 31 12 35 28
962 23 48 48 20 33 18 373 27 27 10 35 29
963 22 1 1 27 28 21 241 26 23 7 35 29
964 23 21 24 17 34 56 351 18 37 11 35 29
965 23 65 71 35 34 1 278 212 30 35 36 30
966 23 109 124 6 32 18 268 253 175 16 35 30
967 22 1 1 47 21 12 306 16 37 26 35 29
968 23 17 22 39 39 1 277 372 27 19 35 29
969 23 1 1 38 31 53 229 40 29 37 36 29
970 22 1 1 32 39 102 351 20 26 8 35 29
971 23 59 62 11 41 1 280 34 28 2 36 29
972 23 62 70 27 31 32 591 31 29 15 35 29
973 22 1 1 38 16 50 309 38 20 23 34 28
974 23 1 1 34 28 36 178 33 33 30 35 29
975 23 72 66 20 24 35 134 23 31 9 36 29
976 23 21 11 28 17 46 405 229 308 19 35 29
977 23 19 13 26 14 16 273 39 28 29 36 29
978 22 1 1 46 27 74 301 42 32 18 35 29
979 23 57 53 35 18 18 85 28 20 26 35 29
980 23 27 21 37 30 1 341 184 32 32 36 29
981 22 1 1 28 33 102 97 32 37 13 35 29
982 23 11 1 25 29 38 192 198 34 38 36 29
983 23 88 82 16 24 43 278 106 25 21 36 29
984 22 1 1 8 34 8 205 17 23 1 34 28
985 22 1 1 31 21 57 287 336 394 19 34 28
986 23 9 5 27 24 1 375 32 23 38 36 29
987 23 48 51 27 30 85 255 15 27 20 35 30
988 23 66 65 10 34 1 275 22 27 20 36 29
989 23 44 45 27 32 142 143 62 35 21 35 29
990 23 12 12 29 35 78 302 29 27 11 35 29
991 23 55 68 36 36 1 324 28 25 30 35 29
992 23 58 66 22 37 60 234 21 29 21 36 29
993 22 1 1 33 24 23 421 24 28 21 34 28
994 22 1 1 38 17 21 293 22 24 4 35 28
995 22 1 1 16 22 1 174 30 390 31 34 28
996 23 114 111 20 28 72 116 27 26 18 35 29
997 23 41 31 37 22 70 261 29 33 40 35 29
998 23 68 68 36 25 59 741 251 30 25 35 29
999 22 1 1 28 29 84 508 14 27 15 34 28
1000 23 92 99 24 38 7 539 16 23 5 35 29
1001 22 1 1 28 25 1 145 13 23 12 34 28
1002 23 38 39 17 28 71 346 135 43 2 35 29
1003 23 1 1 31 22 1 236 43 32 43 36 30
1004 23 20 22 30 35 1 441 31 34 36 36 29
1005 23 35 1 19 44 5 110 18 28 1 35 29
1006 22 1 1 33 25 1 303 29 27 35 34 28
1007 23 54 58 30 27 1 235 23 30 23 35 29
1008 23 75 77 19 35 34 276 387 29 23 35 29
1009 23 40 39 20 32 16 366 19 27 14 35 29
1010 22 1 1 41 19 36 123 24 70 16 34 28
1011 23 100 105 39 40 61 474 41 21 5 36 29
1012 22 1 1 14 30 1 205 28 29 10 34 29
1013 23 22 33 41 36 77 405 178 29 16 36 29
1014 23 51 55 36 30 57 340 158 25 24 36 29
1015 22 9 1 33 24 2 448 35 21 22 34 28
1016 23 1 1 24 27 1 388 44 31 30 35 29
1017 23 55 58 29 29 2 444 311 379 29 35 29
1018 23 60 68 25 39 78 82 12 26 17 35 29
1019 23 50 49 16 40 52 309 174 31 19 35 29
1020 22 1 1 33 34 8 419 206 31 34 35 28
1021 23 13 19 36 31 19 86 33 28 32 36 29
1022 23 29 35 37 29 80 332 39 27 34 36 29
1023 23 79 77 15 38 11 240 149 24 17 35 29
1024 23 76 75 37 36 63 887 41 31 19 36 30
1025 23 59 68 31 39 21 438 29 28 28 36 29
1026 23 102 101 12 38 1 372 6 33 11 35 29
1027 23 48 51 36 37 1 204 112 26 39 35 29
1028 22 1 1 17 32 1 83 31 24 15 34 28
1029 23 38 32 28 18 1 301 222 30 35 36 30
1030 22 1 1 34 23 42 301 41 33 32 35 29
1031 23 37 17 9 33 5 277 23 32 1 36 29
1032 22 1 1 21 27 49 203 163 26 18 35 29
1033 23 25 25 19 25 21 343 21 25 12 35 29
1034 23 13 8 19 41 46 341 20 28 1 36 29
1035 23 78 83 31 30 54 123 27 22 21 36 30
1036 23 63 68 25 37 20 274 22 24 10 36 30
1037 24 53 56 34 35 23 226 309 119 20 36 30
1038 23 24 22 24 30 18 1105 824 2004 30 36 29
1039 23 1 1 45 33 14 307 26 35 27 35 30
1040 23 40 42 25 28 39 874 25 30 33 36 30
1041 23 28 36 37 33 92 235 24 30 24 35 29
1042 23 68 79 29 35 7 275 22 30 12 35 29
1043 23 36 36 34 27 79 1314 527 821 24 36 29
1044 23 1 1 22 25 1 431 34 35 26 35 29
1045 23 126 130 28 36 1 490 39 31 40 36 30
1046 22 1 1 29 26 24 280 136 24 12 35 29
1047 23 55 55 18 25 19 336 25 28 10 36 29
1048 23 81 92 33 35 48 574 28 29 27 36 30
1049 22 1 1 26 33 31 393 236 264 1 35 29
1050 23 18 9 27 31 6 122 26 36 22 35 30
1051 23 38 40 22 32 54 100 27 24 11 36 29
1052 23 21 10 41 22 19 237 37 29 44 36 29
1053 24 111 126 22 31 1 93 36 30 33 36 30
1054 23 72 87 36 35 80 224 22 29 23 35 30
1055 23 25 29 34 37 56 305 280 34 36 36 30
1056 23 105 107 27 37 54 260 189 30 11 36 30
1057 23 49 53 29 27 6 148 25 26 19 35 30
1058 23 1 1 19 31 1 204 26 35 25 35 29
1059 22 1 1 35 28 80 619 27 31 4 35 29
1060 23 41 46 26 35 63 523 21 28 29 36 29
1061 22 1 1 43 29 79 307 233 613 33 35 29
1062 23 30 34 38 33 1 108 24 30 12 35 29
1063 23 44 46 28 30 19 88 36 33 33 36 29
1064 24 135 150 14 35 1 219 19 22 32 36 30
1065 22 1 1 29 14 26 189 22 24 8 35 29
1066 23 23 6 27 23 46 404 176 29 35 36 29
1067 23 6 5 35 29 1 185 32 24 37 36 29
1068 22 1 1 26 7 16 208 168 29 25 35 29
1069 22 1 1 19 22 44 338 197 28 33 35 29
1070 22 1 1 9 21 18 432 21 18 4 35 28
1071 23 51 1 21 29 37 202 230 27 13 35 29
1072 23 23 36 28 35 51 237 24 33 16 36 30
1073 23 12 5 31 23 1 299 38 24 31 36 29
1074 23 43 42 27 33 1 303 30 26 22 35 30
1075 23 35 33 24 32 78 227 161 1039 25 36 30
1076 23 16 1 24 30 1 267 250 350 7 35 29
1077 24 29 29 18 33 18 124 32 33 33 36 30
1078 23 118 119 17 30 64 261 24 28 17 36 30
1079 23 34 1 19 27 1 97 41 26 24 35 29
1080 22 1 1 28 26 54 231 26 27 18 34 28
1081 23 70 73 26 35 1 220 39 27 34 36 29
1082 23 26 23 24 36 38 450 21 28 25 35 29
1083 22 1 1 39 31 28 90 31 29 31 35 29
1084 23 68 70 23 31 71 233 160 32 38 36 29
1085 23 92 93 32 33 20 261 26 26 25 35 29
1086 22 1 1 31 15 20 173 34 30 30 35 28
1087 23 49 44 25 30 1 337 22 24 15 35 29
1088 22 1 1 23 33 38 338 29 24 1 34 28
1089 22 1 1 13 34 3 342 29 31 14 35 29
1090 22 1 1 31 27 92 228 213 25 15 35 29
1091 23 32 1 30 22 42 293 24 30 14 35 29
1092 23 72 74 30 28 1 296 30 26 18 36 30
1093 24 43 52 39 29 48 111 41 36 35 36 30
1094 23 1 1 16 37 25 184 28 28 7 35 29
1095 23 90 87 16 32 10 758 34 23 26 36 29
1096 23 89 88 30 29 1 170 1 32 23 35 29
1097 23 10 6 29 31 4 176 242 238 10 36 29
1098 22 1 1 32 24 62 127 22 25 22 34 28
1099 23 41 42 15 28 19 326 38 39 34 36 29
1100 22 1 1 37 39 57 325 251 36 13 34 28
1101 23 89 88 22 37 1 815 23 35 21 35 29
1102 22 1 1 32 25 46 478 36 34 21 34 28
1103 22 1 1 24 37 57 258 170 25 6 35 29
1104 23 24 17 35 35 38 282 33 29 18 36 29
1105 23 33 36 28 33 55 131 21 23 19 35 30
1106 23 10 8 32 26 8 89 20 29 24 35 29
1107 23 13 1 18 29 1 337 25 28 13 35 29
1108 23 131 134 6 30 40 278 22 27 15 35 29
1109 23 25 18 26 29 1 290 32 35 25 35 29
1110 22 1 1 41 14 46 136 50 32 20 35 29
1111 24 39 41 43 25 1 285 31 31 35 36 30
1112 24 59 56 23 37 52 283 149 30 19 36 29
1113 22 1 1 23 17 6 119 24 22 2 35 29
1114 22 1 1 33 31 1 327 271 25 3 34 28
1115 23 8 11 32 35 75 166 245 403 27 35 29
1116 23 43 42 27 34 6 94 33 35 15 35 29
1117 23 9 1 21 12 7 309 280 31 21 35 29
1118 23 97 97 20 31 74 188 31 30 27 35 29
1119 23 38 39 17 23 1 247 31 22 28 35 29
1120 23 64 69 37 33 76 200 164 28 15 36 29
1121 23 40 37 27 23 75 288 350 27 27 35 29
1122 22 19 1 29 33 58 1204 34 34 20 35 29
1123 23 36 34 32 24 1 218 43 39 29 36 29
1124 23 80 86 30 35 20 366 25 32 33 36 29
1125 22 1 1 22 21 2 90 31 28 21 34 28
1126 22 1 1 37 33 12 245 27 39 22 34 29
1127 23 1 1 35 27 29 120 23 31 38 36 29
1128 22 1 1 30 15 30 221 33 27 28 34 28
1129 23 75 82 30 27 1 402 27 30 35 36 29
1130 23 24 29 38 24 1 228 200 30 36 36 29
1131 22 1 1 23 25 10 408 41 24 24 34 28
1132 22 1 1 40 33 65 260 29 34 20 34 28
1133 22 1 1 31 24 1 241 207 228 25 34 28
1134 23 71 66 23 28 1 463 27 19 19 35 29
1135 23 53 53 37 27 1 346 34 27 34 36 29
1136 23 42 53 33 36 30 234 206 27 22 35 29
1137 22 1 1 15 19 13 229 208 28 16 34 28
1138 23 71 70 26 26 1 358 34 28 31 36 29
1139 23 13 4 23 29 59 235 128 38 15 35 29
1140 22 1 1 27 27 30 270 23 24 3 34 28
1141 23 33 34 38 24 1 407 32 40 28 35 29
1142 23 34 30 22 24 1 578 31 27 24 35 29
1143 23 29 25 19 35 20 293 220 34 8 35 29
1144 23 10 1 25 32 1 337 190 36 20 35 29
1145 23 24 20 15 26 10 292 177 27 31 35 29
1146 23 17 1 36 21 16 530 26 30 14 35 29
1147 23 90 96 19 38 12 259 440 215 21 35 29
1148 22 1 1 33 25 1 564 27 32 26 34 29
1149 22 1 1 29 15 1 124 29 30 20 34 28
1150 22 1 1 33 27 58 310 33 25 15 34 28
1151 23 121 122 28 37 1 306 19 25 11 35 29
1152 23 4 1 35 30 1 288 141 27 15 35 29
1153 23 33 27 17 32 3 318 21 27 17 35 29
1154 23 137 144 16 33 21 312 1 29 32 36 29
1155 23 47 38 24 33 12 317 202 480 13 35 29
1156 22 1 1 40 26 21 741 44 537 28 35 29
1157 23 32 29 19 36 1 340 26 31 25 35 29
1158 23 16 18 25 28 51 349 30 20 28 35 29
1159 23 30 30 27 36 67 415 34 29 25 35 29
1160 22 1 1 27 29 97 267 37 615 14 34 28
1161 23 56 63 46 28 18 240 21 30 33 36 29
1162 23 90 101 23 31 1 377 44 36 33 36 29
1163 23 60 65 17 38 19 197 17 27 22 35 29
1164 23 14 14 35 24 23 246 32 37 33 36 29
1165 23 51 50 19 34 1 95 30 28 27 35 29
1166 23 53 58 21 32 14 342 458 697 13 35 29
1167 22 1 1 25 21 89 246 192 32 8 34 28
1168 23 78 87 23 29 32 262 26 25 31 36 29
1169 23 43 42 24 38 2 1537 30 33 23 35 29
1170 22 1 1 35 31 38 595 24 36 26 35 28
1171 23 43 42 18 26 1 113 37 23 22 35 29
1172 23 38 11 20 31 73 264 20 37 6 35 29
1173 22 16 1 20 35 1 627 226 23 9 35 29
1174 23 33 36 23 45 49 233 26 31 7 35 29
1175 23 46 46 32 30 26 206 362 694 25 35 29
1176 23 35 34 20 26 30 248 255 642 26 35 29
1177 22 1 1 25 33 85 218 182 30 8 34 28
1178 23 23 29 33 36 1 146 24 20 17 35 29
1179 22 1 1 37 26 42 202 37 21 20 34 28
1180 23 2 1 33 34 32 339 33 33 21 35 29
1181 23 40 31 19 35 6 422 27 26 10 35 29
1182 23 63 56 23 25 42 285 200 209 28 35 29
1183 22 1 1 30 29 49 659 36 38 23 35 29
1184 23 55 56 28 20 1 250 22 35 22 35 29
1185 22 1 1 40 33 1 240 32 29 15 35 29
1186 23 88 100 25 41 61 234 1 29 16 35 29
1187 23 159 169 11 42 56 211 1 32 23 35 29
1188 22 1 1 43 26 10 266 170 26 31 35 29
1189 22 1 1 33 21 54 298 226 24 21 34 28
1190 22 1 1 34 27 40 310 200 41 30 35 28
1191 23 45 52 37 33 40 90 33 31 18 35 29
1192 23 77 76 34 25 1 202 21 24 21 35 29
1193 23 47 37 23 29 1 239 39 35 8 35 29
1194 23 88 91 16 39 29 264 196 30 20 35 29
1195 23 49 50 26 25 1 434 29 27 28 36 29
1196 23 92 100 24 42 1 103 14 29 26 35 29
1197 23 49 45 29 39 1 411 26 26 11 35 29
1198 23 18 24 49 27 36 214 42 26 36 36 29
1199 23 48 52 32 34 71 285 31 36 33 36 29
1200 23 1 1 37 27 24 246 196 28 33 36 29
1201 22 1 1 47 25 51 432 31 35 23 35 29
1202 23 34 24 38 34 59 247 16 31 24 35 29
1203 22 1 1 34 37 27 239 37 34 13 35 29
1204 22 1 1 21 34 37 368 74 32 22 35 29
1205 22 1 1 27 28 62 272 28 34 20 34 28
1206 23 44 47 29 31 1 376 293 28 28 35 29
1207 23 53 56 33 28 71 241 214 32 33 35 29
1208 23 69 72 16 42 41 328 151 29 9 35 29
1209 23 48 50 27 31 1 170 1 28 32 36 29
1210 22 1 1 23 20 18 159 309 30 22 34 29
1211 23 58 53 12 25 3 224 24 32 23 35 29
1212 22 1 1 24 26 1 296 24 31 19 34 28
1213 22 1 1 30 25 4 325 36 29 27 34 28
1214 23 40 40 20 45 1 278 28 26 14 35 29
1215 22 1 1 28 22 13 206 37 21 26 34 28
1216 23 27 27 31 28 56 556 100 23 22 35 29
1217 23 30 37 39 33 49 173 181 223 31 36 30
1218 23 7 8 38 24 38 149 31 29 33 36 29
1219 23 56 60 28 24 45 82 28 27 25 35 29
1220 23 47 50 36 30 1 255 40 36 41 36 29
1221 23 8 11 28 43 90 224 125 29 24 35 29
1222 22 1 1 19 41 1 481 157 25 9 34 28
1223 23 40 38 34 30 1 204 321 21 18 35 29
1224 23 16 22 37 27 69 414 25 29 29 36 29
1225 23 68 84 40 38 1 394 41 29 28 36 29
1226 23 58 57 29 28 37 374 36 28 29 36 29
1227 23 6 6 41 26 75 264 27 34 41 36 29
1228 23 32 37 33 40 1 215 273 1132 34 36 29
1229 23 77 64 14 45 8 454 29 35 4 35 29
1230 22 1 1 34 29 86 92 25 33 20 34 29
1231 23 83 87 29 30 1 191 25 25 13 35 29
1232 23 52 51 25 30 41 194 28 25 15 35 29
1233 23 30 22 25 31 50 364 38 28 13 35 29
1234 22 1 1 21 26 1 227 174 28 9 34 28
1235 22 1 1 25 29 11 190 169 300 15 35 29
1236 23 49 51 28 28 14 505 35 26 28 35 29
1237 23 85 92 27 32 20 323 36 26 37 36 29
1238 23 1 1 26 25 1 281 181 31 29 35 29
1239 22 1 1 25 30 57 170 1 25 3 34 28
1240 22 1 1 31 17 9 252 185 32 14 35 29
1241 23 74 75 17 35 11 526 37 25 9 35 29
1242 23 55 59 24 44 89 211 20 33 5 35 29
1243 22 1 1 33 26 31 274 19 28 18 35 29
1244 23 50 59 38 33 1 332 26 32 32 36 29
1245 22 1 1 23 29 1 206 143 35 24 35 29
1246 22 1 1 32 21 30 395 28 25 13 34 29
1247 23 40 39 28 43 1 416 28 34 14 35 29
1248 23 16 19 23 35 29 261 17 26 25 35 29
1249 23 81 81 23 33 37 125 17 33 16 35 29
1250 23 48 51 25 24 34 1115 23 27 29 35 29
1251 23 40 39 20 31 49 414 28 33 37 36 29
1252 23 60 73 33 39 36 138 33 30 33 36 29
1253 22 1 1 28 23 1 233 203 36 27 34 28
1254 22 1 1 38 25 1 228 42 27 26 34 28
1255 23 33 34 34 33 1 85 34 19 22 35 29
1256 23 32 20 25 26 3 254 37 31 25 35 29
1257 23 27 3 23 39 34 183 19 25 3 35 29
1258 23 85 83 17 35 38 234 262 20 16 36 29
1259 23 31 36 23 40 80 375 24 29 7 35 29
1260 23 35 38 32 25 1 725 33 30 27 35 29
1261 23 1 1 29 20 16 187 155 275 39 36 29
1262 23 80 74 19 32 20 333 31 34 27 35 29
1263 23 75 81 31 38 89 298 153 27 13 35 29
1264 23 128 135 11 45 59 96 38 30 37 36 29
1265 22 1 1 21 29 22 498 32 25 8 35 29
1266 23 63 48 34 34 1 377 225 27 9 36 30
1267 23 86 80 24 32 3 270 207 26 21 35 29
1268 23 21 1 23 21 51 305 30 33 25 35 29
1269 23 109 110 22 36 3 322 24 20 15 35 29
1270 22 1 1 40 21 23 216 30 27 24 34 29
1271 23 58 57 26 30 17 493 105 28 23 35 29
1272 22 1 1 24 21 6 251 179 32 25 35 29
1273 23 1 1 42 27 104 232 25 38 39 36 29
1274 23 41 41 11 41 1 404 182 25 1 35 29
1275 23 35 35 20 30 12 140 23 27 32 36 29
1276 23 58 61 33 26 1 196 35 23 39 36 29
1277 23 59 55 24 28 1 170 34 26 31 36 30
1278 22 1 1 23 19 54 237 178 379 6 35 29
1279 23 5 1 34 25 28 253 44 34 45 36 29
1280 22 1 1 30 27 33 435 18 34 12 35 29
1281 23 1 1 15 29 51 430 24 36 6 35 29
1282 22 1 1 36 27 1 355 39 31 35 35 29
1283 22 1 1 27 27 3 270 184 32 3 34 29
1284 23 27 23 16 33 10 237 26 31 8 35 29
1285 23 38 43 23 38 20 234 22 27 4 35 29
1286 23 17 1 26 24 1 240 291 559 24 35 29
1287 23 42 39 31 28 57 221 41 27 25 35 29
1288 23 75 77 15 42 38 496 21 25 1 35 29
1289 22 1 1 33 28 41 127 40 26 21 34 28
1290 22 1 1 28 24 92 247 23 26 19 34 28
1291 23 38 43 21 43 81 336 27 24 1 35 29
1292 23 93 104 27 30 101 232 320 36 33 36 29
1293 23 56 57 29 33 19 302 26 28 19 35 29
1294 22 1 1 12 37 33 238 142 27 5 35 28
1295 23 43 50 34 33 68 312 31 30 27 35 29
1296 23 37 35 34 25 42 342 38 21 26 35 29
1297 22 1 1 18 25 1 564 3 35 1 34 28
1298 23 21 16 23 31 34 115 28 33 21 35 29
1299 23 11 1 36 34 14 377 34 32 31 36 29
1300 23 85 92 14 43 86 467 43 22 25 35 29
1301 23 49 40 42 28 5 228 34 26 34 35 29
1302 23 80 84 18 31 38 268 27 32 20 35 29
1303 23 45 39 23 33 33 220 18 28 12 35 29
1304 23 31 26 28 20 3 227 35 25 35 36 29
1305 22 1 1 19 28 3 288 33 29 12 34 28
1306 23 49 54 28 27 61 207 159 26 24 35 29
1307 22 1 1 25 31 1 313 192 34 4 34 28
1308 23 12 11 23 27 1 138 25 21 28 35 29
1309 23 38 36 20 37 26 303 27 27 19 35 29
1310 22 1 1 30 34 19 502 227 25 7 34 28
1311 22 1 1 40 24 1 479 10 28 11 34 28
1312 22 1 1 32 19 28 232 31 21 17 34 28
1313 23 84 90 21 31 70 340 37 31 23 35 29
1314 23 139 145 9 53 1 896 29 30 8 35 29
1315 23 29 26 41 28 60 303 33 29 37 36 30
1316 23 53 44 24 34 44 436 165 27 29 36 29
1317 22 18 1 31 20 23 125 25 28 20 35 29
1318 23 6 1 27 30 13 79 24 27 24 35 29
1319 23 22 23 25 27 1 214 26 25 25 35 29
1320 23 90 83 24 30 16 331 22 22 14 35 29
1321 23 14 1 30 28 1 116 42 35 22 35 29
1322 23 5 4 37 34 23 181 34 37 40 36 29
1323 23 22 14 25 25 1 87 41 24 41 36 29
1324 23 83 91 24 34 23 429 26 34 29 35 29
1325 23 58 59 9 32 2 226 15 27 29 35 29
1326 23 25 27 27 16 3 229 117 28 20 35 29
1327 22 1 1 24 28 73 485 23 31 15 34 28
1328 22 10 1 26 20 21 249 372 282 13 35 29
1329 23 31 29 37 28 1 339 35 28 41 36 29
1330 22 1 1 20 28 1 289 92 31 7 34 28
1331 22 1 1 30 30 42 229 241 33 15 34 29
1332 23 52 60 22 31 49 782 18 26 8 36 29
1333 22 1 1 32 24 1 244 208 27 34 35 29
1334 23 95 93 15 41 1 443 51 26 19 35 29
1335 22 1 1 30 15 4 391 260 227 23 35 28
1336 23 28 25 29 29 1 296 155 31 37 36 29
1337 23 27 25 22 41 32 273 31 170 11 35 29
1338 23 64 72 25 32 61 291 265 765 12 35 29
1339 28 38 43 29 47 1 498 36 39 35 42 36
1340 23 36 34 37 22 39 328 1 32 21 35 29
1341 23 52 53 28 25 32 163 39 30 29 36 29
1342 23 89 96 20 33 25 206 205 23 14 35 29
1343 22 1 1 42 26 34 457 24 28 28 35 28
1344 23 14 1 21 25 6 823 530 256 3 35 29
1345 23 42 50 37 31 30 327 33 24 30 36 29
1346 23 52 56 30 28 1 920 45 25 37 36 29
1347 23 33 31 22 35 1 1279 1 29 14 35 29
1348 22 1 1 35 13 44 608 35 22 23 35 28
1349 23 31 33 27 34 28 390 46 24 29 35 29
1350 23 21 2 37 22 29 183 30 25 28 35 29
1351 23 1 1 32 29 77 287 43 33 38 36 29
1352 23 48 52 34 28 51 560 36 28 25 35 29
1353 23 103 107 25 38 33 400 1 565 22 35 29
1354 22 1 1 6 28 18 108 20 33 16 34 28
1355 23 54 59 25 32 65 116 26 29 25 35 29
1356 23 16 5 34 20 1 239 43 27 43 36 29
1357 23 78 83 20 33 12 364 136 406 22 35 29
1358 22 1 1 30 37 1 228 217 38 10 34 28
1359 22 1 1 34 29 1 456 26 28 21 34 28
1360 23 35 44 35 40 79 212 116 38 43 36 29
1361 22 1 1 26 32 22 270 273 648 10 34 28
1362 23 47 48 35 16 16 526 36 23 42 36 29
1363 23 15 13 34 22 1 418 232 557 38 36 29
1364 23 29 32 42 32 1 114 35 30 37 36 29
1365 23 26 35 34 32 104 400 202 27 13 35 29
1366 22 1 1 34 23 95 211 31 25 22 34 28
1367 23 5 1 29 18 26 356 32 33 41 36 29
1368 23 18 1 45 28 1 81 40 28 22 35 29
1369 22 1 1 36 28 65 332 35 25 9 35 28
1370 22 1 1 19 30 1 746 29 22 19 34 28
1371 23 64 68 32 30 9 264 27 25 31 36 29
1372 23 22 8 18 45 72 459 27 34 9 35 29
1373 22 1 1 19 29 79 366 233 323 11 34 28
1374 23 26 27 31 26 57 315 32 29 33 36 29
1375 22 1 1 32 20 1 345 180 22 18 34 29
1376 22 1 1 30 23 35 255 157 22 26 34 29
1377 23 21 12 32 31 1 534 233 30 29 35 29
1378 23 123 132 25 41 21 347 24 38 44 36 29
1379 23 54 52 30 28 3 342 36 27 38 35 29
1380 23 56 65 14 35 1 218 23 30 8 35 29
1381 23 59 69 19 43 1 139 279 34 27 35 29
1382 23 71 70 17 31 24 382 267 31 27 35 29
1383 23 115 121 19 35 1 515 21 29 21 35 29
1384 23 64 62 32 30 47 380 16 25 25 35 29
1385 23 7 6 23 32 61 81 26 31 20 35 29
1386 23 87 96 22 32 26 261 342 488 38 36 29
1387 23 40 47 32 33 90 195 141 29 30 36 29
1388 22 1 1 26 35 81 240 17 31 1 34 28
1389 23 16 10 28 35 38 123 168 1062 18 35 29
1390 23 34 27 33 22 2 206 1 25 19 35 29
1391 22 1 1 31 19 29 408 33 27 31 35 28
1392 23 56 48 20 37 1 328 31 23 1 35 29
1393 23 26 24 28 35 89 295 1 39 23 35 29
1394 23 118 128 12 36 27 316 37 27 33 35 29
1395 23 2 1 17 31 36 292 152 32 13 35 29
1396 23 150 178 11 30 23 347 49 19 21 35 29
1397 22 1 1 29 21 16 325 120 29 8 34 28
1398 23 1 1 21 22 19 600 33 29 29 35 29
1399 23 100 112 26 37 14 216 119 26 17 35 29
1400 23 56 61 20 32 24 403 22 25 11 35 29
1401 23 36 28 34 33 4 337 28 31 27 35 29
1402 23 57 58 32 31 1 438 35 27 24 35 29
1403 22 1 1 25 28 1 573 157 27 26 34 28
1404 23 37 29 21 40 48 85 20 29 14 35 29
1405 22 1 1 24 19 15 358 34 35 18 35 29
1406 23 43 50 24 33 56 298 31 34 20 35 29
1407 23 48 47 11 42 31 352 142 29 5 35 29
1408 23 34 1 18 35 64 184 24 31 10 35 29
1409 23 31 43 46 29 83 473 27 26 21 35 29
1410 22 1 1 16 23 10 159 137 31 17 34 28
1411 22 1 1 35 26 83 357 37 28 36 34 28
1412 23 24 20 35 34 1 289 50 27 29 35 29
1413 23 57 52 23 33 70 298 32 32 30 35 29
1414 22 1 1 18 32 1 317 1 30 13 34 28
1415 23 59 66 28 34 18 129 27 23 29 35 29
1416 22 1 1 32 31 13 397 6 33 9 34 28
1417 23 53 54 34 18 15 273 361 274 29 35 29
1418 23 31 37 27 33 1 922 26 28 23 35 29
1419 22 1 1 25 26 25 292 29 23 13 34 28
1420 23 29 13 32 34 1 304 36 29 27 35 29
1421 23 31 36 24 35 75 250 26 30 38 36 29
1422 23 29 42 30 44 14 212 317 28 19 35 29
1423 23 28 23 32 24 21 307 33 25 19 35 29
1424 23 129 144 24 31 64 398 44 33 28 36 29
1425 23 54 49 15 36 29 229 22 26 9 35 29
1426 22 1 1 31 23 100 242 327 294 20 35 29
1427 23 21 31 36 21 29 353 22 25 14 35 29
1428 22 1 1 32 16 15 436 26 27 10 35 29
1429 23 69 71 30 39 1 309 183 29 22 35 29
1430 23 17 11 32 30 7 230 180 200 30 36 29
1431 23 24 19 27 26 33 226 26 26 21 35 29
1432 23 70 73 27 32 39 362 314 25 16 35 29
1433 23 28 27 32 23 37 248 221 26 30 36 29
1434 23 37 31 26 37 68 328 25 31 14 35 29
1435 23 13 1 20 43 41 248 29 31 14 35 29
1436 23 33 33 38 29 1 316 175 28 28 35 29
1437 23 57 59 32 31 73 182 28 27 27 35 29
1438 22 1 1 12 20 27 156 32 25 8 35 29
1439 23 1 1 32 26 1 408 33 24 28 35 29
1440 23 36 1 27 16 66 255 23 29 15 35 29
1441 23 77 75 22 27 48 357 24 27 11 35 29
1442 23 104 106 7 35 28 328 142 36 13 36 29
1443 22 1 1 23 29 68 841 45 39 26 35 28
1444 23 73 76 10 34 7 394 30 36 17 35 29
1445 22 1 1 26 17 25 321 50 21 16 34 29
1446 23 47 53 38 34 64 300 31 32 35 36 29
1447 22 1 1 28 41 1 514 26 32 27 35 29
1448 22 1 1 36 26 20 201 275 277 13 34 29
1449 23 32 36 26 31 37 182 26 31 24 35 29
1450 23 69 71 11 45 22 377 16 25 12 35 29
1451 22 1 1 36 32 2 520 149 23 9 34 29
1452 23 49 42 19 25 16 461 310 23 13 35 29
1453 23 45 46 25 33 10 318 28 21 24 35 29
1454 23 22 17 33 23 14 270 33 38 22 35 29
1455 23 53 44 12 35 64 308 233 29 19 35 29
1456 23 37 46 39 34 60 360 31 33 39 36 29
1457 23 29 38 35 32 41 188 266 25 28 36 30
1458 23 55 59 32 23 12 394 32 28 33 36 29
1459 23 75 84 27 29 61 650 28 25 33 36 29
1460 23 24 19 33 40 4 286 194 27 19 35 29
1461 23 52 64 40 24 40 179 136 27 33 35 29
1462 21 1 1 25 20 15 169 19 34 24 34 28
1463 23 9 14 26 28 62 414 27 21 26 35 29
1464 23 26 27 38 19 23 444 29 31 33 36 29
1465 23 41 33 20 26 38 569 224 27 25 35 29
1466 23 81 80 21 24 70 202 28 32 28 36 29
1467 23 34 37 32 27 1 117 34 27 27 36 29
1468 22 1 1 29 20 80 182 19 25 17 34 28
1469 22 1 1 36 14 35 130 21 21 11 34 28
1470 23 65 66 30 44 61 429 160 33 9 35 29
1471 23 59 56 19 35 1 291 245 25 16 35 29
1472 23 39 34 22 33 44 200 31 30 25 35 29
1473 23 53 57 24 38 29 175 1 27 23 35 29
1474 23 24 21 28 37 40 159 29 27 14 35 29
1475 22 1 1 21 39 23 341 151 292 1 34 28
1476 22 19 1 35 27 9 353 35 29 26 35 28
1477 22 1 1 18 41 1 243 30 33 11 35 29
1478 23 1 1 30 33 103 254 540 29 34 36 29
1479 23 40 39 23 33 7 229 99 24 30 36 29
1480 23 43 47 22 27 3 573 19 29 30 36 29
1481 22 1 1 21 22 28 159 36 921 22 34 28
1482 23 26 37 49 27 34 439 28 30 34 36 29
1483 22 1 1 34 31 1 246 320 28 15 35 29
1484 22 1 1 40 28 6 313 27 33 13 35 28
1485 23 49 40 18 26 1 896 26 26 13 35 29
1486 22 1 1 30 26 68 630 37 23 18 34 29
1487 22 1 1 37 20 1 268 328 27 34 35 29
1488 23 1 1 22 35 38 279 146 31 17 35 29
1489 23 1 1 35 26 8 176 256 716 26 35 29
1490 23 1 1 39 22 8 234 26 26 30 35 29
1491 23 12 16 39 24 1 202 161 26 29 36 29
1492 23 44 51 27 31 38 261 26 23 20 35 29
1493 22 1 1 25 23 1 227 38 20 22 34 28
1494 23 40 43 25 43 76 325 29 32 22 35 29
1495 23 43 45 16 34 37 184 218 289 39 36 29
1496 23 9 8 28 15 2 309 36 29 31 36 29
1497 23 25 20 21 35 12 158 820 29 13 35 29
1498 22 1 1 31 25 37 482 20 24 28 35 29
1499 22 1 1 31 29 69 257 23 31 9 35 29
1500 23 87 84 28 21 1 109 29 29 35 36 29
1501 23 8 5 53 27 15 240 34 30 28 35 29
1502 23 95 91 22 42 87 258 24 32 11 35 29
1503 23 48 48 20 36 1 290 382 23 13 35 29
1504 23 93 92 12 35 21 172 24 29 26 35 29
1505 23 61 69 28 29 27 255 1 160 37 35 29
1506 23 82 99 20 33 1 627 210 29 30 36 29
1507 23 124 133 24 40 27 219 31 27 21 35 29
1508 22 1 1 26 26 1 247 26 27 16 34 29
1509 23 40 43 20 37 29 321 184 34 20 35 29
1510 23 36 39 29 40 89 319 593 296 27 36 29
1511 22 1 1 24 22 7 324 18 32 30 35 29
1512 23 75 71 18 37 1 291 19 38 24 35 29
1513 23 90 94 32 35 6 475 29 32 21 36 30
1514 23 72 69 16 35 36 275 21 34 8 35 29
1515 23 21 3 25 26 21 618 187 36 25 35 29
1516 23 58 63 37 31 106 833 27 27 18 35 29
1517 22 1 1 33 27 58 251 27 34 39 35 29
1518 22 1 1 36 18 8 282 209 26 29 34 28
1519 22 1 1 34 33 1 579 574 373 34 35 29
1520 23 85 91 27 42 12 441 41 35 20 35 29
1521 22 1 1 28 29 48 91 55 24 12 34 29
1522 23 43 48 17 47 62 375 190 31 11 36 29
1523 23 50 58 36 34 38 257 37 26 16 35 29
1524 23 48 55 33 29 91 309 17 28 19 35 29
1525 23 39 41 34 27 1 263 189 29 37 35 29
1526 23 8 1 16 36 44 244 241 1080 22 35 29
1527 22 1 1 38 17 65 264 166 470 28 35 29
1528 23 93 106 16 46 51 162 165 519 11 35 29
1529 23 86 94 31 38 31 259 34 24 21 35 29
1530 23 47 51 27 31 72 122 32 22 17 35 29
1531 23 66 74 23 35 1 302 36 34 27 35 29
1532 23 44 49 36 29 1 361 41 34 30 35 29
1533 23 36 42 21 40 1 276 241 28 26 35 29
1534 23 52 58 28 30 29 154 17 29 35 36 29
1535 23 26 30 25 33 1 292 160 30 25 35 29
1536 23 49 47 15 37 1 177 27 29 21 35 29
1537 23 33 42 42 30 43 255 1 32 20 35 29
1538 23 69 64 23 24 32 330 191 23 7 35 29
1539 23 30 20 21 28 1 170 29 26 33 36 29
1540 23 27 28 16 36 52 312 25 29 22 35 29
1541 22 1 1 45 21 97 277 15 33 14 35 29
1542 23 34 29 27 26 10 280 196 33 33 36 29
1543 23 84 93 28 47 73 1222 25 27 22 35 30
1544 22 1 1 28 27 20 246 174 23 23 34 28
1545 23 38 36 25 32 67 86 24 29 15 35 29
1546 23 17 1 36 24 3 368 31 31 21 35 29
1547 23 91 94 32 15 56 144 44 35 42 35 29
1548 22 1 1 19 28 3 196 263 33 16 34 28
1549 23 55 58 31 28 1 125 35 30 36 36 29
1550 22 1 1 25 34 1 343 11 31 5 35 29
1551 22 1 1 37 14 45 300 89 28 20 35 29
1552 22 1 1 32 28 22 274 28 30 1 35 29
1553 22 1 1 23 20 1 118 29 24 16 35 29
1554 22 1 1 31 19 85 356 36 39 31 34 28
1555 22 1 1 37 18 31 217 49 27 18 35 29
1556 23 44 44 26 37 28 259 148 33 10 36 29
1557 23 156 163 12 39 30 187 36 29 22 35 29
1558 23 20 1 24 31 58 93 32 35 17 35 29
1559 23 70 71 32 23 45 163 20 27 12 36 30
1560 23 75 73 21 42 102 428 25 30 9 35 29
1561 23 42 41 23 33 1 230 29 34 28 35 29
1562 23 58 52 21 41 85 338 512 29 3 36 30
1563 22 1 1 21 29 78 230 31 32 11 35 29
1564 22 1 1 36 25 34 239 55 23 30 34 28
1565 23 148 158 19 33 59 218 39 27 37 36 29
1566 23 88 99 17 44 31 186 48 32 29 36 30
1567 22 1 1 31 22 13 264 177 37 33 35 29
1568 23 16 1 12 27 27 281 414 29 14 35 29
1569 22 1 1 24 16 1 558 27 28 29 35 28
1570 22 1 1 25 26 24 549 24 26 10 34 29
1571 23 66 61 22 28 10 225 30 29 14 35 30
1572 23 48 52 25 32 60 152 23 28 30 36 29
1573 23 1 1 29 36 1 213 45 25 13 35 29
1574 23 51 63 26 30 63 473 13 24 27 35 29
1575 23 81 87 24 32 10 341 693 30 29 36 29
1576 23 2 1 22 29 1 98 32 24 12 35 29
1577 22 1 1 7 34 53 408 21 30 1 35 29
1578 23 14 11 37 23 40 210 40 33 42 35 29
1579 22 1 1 21 32 9 212 143 23 14 34 28
1580 22 1 1 28 30 5 290 25 28 13 34 29
1581 23 53 62 29 41 120 248 448 38 21 35 29
1582 23 72 66 17 29 31 325 34 34 27 35 30
1583 23 62 65 38 15 43 472 40 33 53 36 29
1584 23 82 83 8 35 25 93 21 26 1 36 29
1585 22 1 1 27 26 30 259 36 20 22 34 28
1586 23 43 36 18 33 42 252 200 658 28 36 29
1587 22 1 1 27 29 6 116 11 32 17 34 28
1588 22 1 1 17 16 6 267 27 32 16 34 28
1589 23 44 45 43 33 1 162 25 29 29 36 29
1590 22 1 1 20 31 32 784 419 25 19 35 28
1591 23 18 12 18 37 39 323 248 529 6 35 29
1592 22 1 1 31 25 49 268 43 26 31 35 29
1593 23 37 30 41 20 49 212 38 34 40 36 29
1594 23 24 1 27 30 43 274 117 28 20 35 29
1595 22 1 1 29 27 53 86 30 27 12 35 29
1596 22 1 1 44 34 67 336 1 33 26 35 29
1597 23 32 30 26 34 1 375 28 32 16 35 29
1598 23 29 37 31 44 43 247 20 53 34 35 29
1599 22 1 1 28 23 1 232 196 551 38 35 28
1600 22 1 1 28 24 47 674 596 18 16 34 28
1601 22 1 1 38 21 1 425 28 25 36 34 28
1602 22 1 1 36 26 50 110 22 18 13 34 28
1603 23 36 34 22 29 55 295 30 24 20 35 29
1604 22 1 1 30 27 81 878 645 25 12 34 29
1605 23 77 85 13 35 1 254 176 25 14 36 29
1606 22 1 1 38 28 60 244 255 421 17 35 29
1607 23 51 52 34 33 33 404 30 24 20 35 30
1608 23 20 23 19 28 13 291 19 30 25 35 29
1609 23 2 1 34 20 18 225 30 28 38 36 29
1610 23 106 112 27 32 57 308 43 21 24 35 30
1611 23 39 1 19 31 55 259 248 266 24 35 29
1612 23 98 110 29 32 16 326 21 25 11 35 29
1613 23 43 40 35 29 33 351 31 25 27 35 29
1614 23 86 87 34 28 61 215 39 37 29 35 29
1615 23 50 59 46 31 17 219 25 21 34 36 29
1616 23 24 26 42 27 53 427 36 26 27 35 29
1617 22 1 1 19 33 5 295 38 28 11 35 28
1618 23 19 8 23 29 1 461 23 27 35 36 29
1619 23 66 15 22 37 24 433 27 30 1 35 29
1620 22 1 1 32 20 74 149 227 34 33 35 29
1621 23 29 23 32 19 11 232 38 25 39 36 29
1622 23 5 4 34 23 6 141 38 66 32 36 29
1623 22 1 1 39 19 41 310 213 23 22 34 29
1624 22 1 1 27 20 1 193 33 31 28 35 29
1625 23 27 1 31 32 1 372 29 30 24 35 29
1626 23 16 11 36 27 1 197 175 31 42 36 29
1627 23 4 9 39 27 1 335 35 32 45 36 29
1628 23 45 44 20 33 96 189 38 30 14 35 29
1629 23 23 1 22 29 1 104 48 26 9 35 29
1630 22 26 1 29 27 1 345 36 28 24 34 28
1631 23 50 54 29 31 1 444 36 35 38 35 29
1632 23 67 70 12 40 41 239 23 32 14 35 29
1633 23 53 50 17 30 60 261 8 34 24 35 29
1634 23 17 20 24 32 95 168 27 33 12 35 29
1635 23 28 29 28 42 72 295 23 32 21 35 29
1636 23 129 143 17 39 1 324 21 30 27 35 29
1637 23 54 54 26 33 16 392 384 275 21 36 30
1638 23 39 31 9 40 11 227 134 35 6 35 29
1639 23 61 66 21 42 1 202 23 29 1 35 29
1640 23 62 68 41 37 1 533 39 29 35 36 30
1641 23 17 1 29 35 1 466 27 33 22 35 29
1642 23 75 83 35 34 1 160 39 26 23 35 29
1643 23 28 30 35 23 7 84 31 35 36 35 29
1644 22 1 1 34 23 52 93 1 30 22 34 29
1645 23 24 26 40 34 58 278 220 38 37 36 29
1646 23 32 23 26 18 26 144 19 30 22 35 29
1647 22 1 1 25 37 67 306 20 29 4 35 29
1648 23 36 38 18 33 67 349 57 23 26 35 29
1649 22 1 1 39 23 63 256 160 689 23 34 28
1650 22 1 1 23 30 1 161 187 898 6 35 29
1651 23 1 1 37 30 56 352 180 34 38 36 29
1652 23 38 36 29 38 32 204 17 30 22 35 29
1653 22 1 1 42 23 1 270 43 33 36 35 28
1654 23 51 53 30 39 28 211 291 29 6 36 29
1655 22 1 1 24 35 14 360 31 28 4 35 29
1656 22 1 1 48 30 43 262 20 27 16 34 28
1657 23 59 65 28 26 62 567 22 26 17 35 29
1658 23 57 65 40 30 83 662 28 31 22 35 29
1659 23 24 25 31 29 67 101 31 34 34 35 29
1660 22 1 1 22 32 52 274 38 29 22 35 29
1661 23 95 93 25 31 1 592 37 30 22 35 29
1662 23 31 41 32 33 5 269 27 28 24 35 29
1663 23 61 65 16 39 12 441 221 1244 10 35 29
1664 23 32 21 26 21 49 90 20 28 24 35 29
1665 23 85 87 40 41 72 203 1 36 19 35 29
1666 23 60 63 24 41 56 301 24 38 6 35 29
1667 23 39 40 27 34 26 514 384 557 11 35 29
1668 23 32 33 44 29 11 246 31 31 27 35 29
1669 22 1 1 22 25 29 297 27 33 16 34 29
1670 23 1 1 32 36 42 175 169 669 31 36 29
1671 22 1 1 21 26 5 321 27 27 4 35 29
1672 23 58 69 29 38 78 231 42 23 31 36 29
1673 23 8 7 30 28 25 501 19 31 13 35 29
1674 22 1 1 31 33 62 508 29 31 9 35 29
1675 22 1 1 34 19 13 165 38 28 19 34 29
1676 23 33 36 26 30 33 433 37 24 24 35 29
1677 22 1 1 25 17 31 99 23 30 14 34 29
1678 23 74 88 25 40 34 397 30 25 30 36 29
1679 23 80 70 20 31 27 296 33 32 27 35 29
1680 23 59 55 12 36 7 379 189 19 1 35 29
1681 23 35 41 23 38 48 185 314 255 15 35 29
1682 22 1 1 36 16 39 335 30 26 13 34 28
1683 23 42 38 22 32 29 203 18 33 24 35 29
1684 23 8 12 30 35 27 330 133 335 26 35 29
1685 22 1 1 22 22 1 182 34 20 27 35 28
1686 22 1 1 27 21 10 218 171 23 20 34 28
1687 23 71 79 23 40 68 388 15 33 6 35 29
1688 23 83 80 13 41 1 301 203 30 21 35 29
1689 23 35 38 34 25 1 372 31 25 35 35 29
1690 22 1 1 41 21 15 309 31 31 23 34 28
1691 23 55 69 37 34 92 322 193 28 22 35 29
1692 23 24 1 24 30 41 397 36 28 21 35 29
1693 22 1 1 25 19 10 87 38 26 8 34 28
1694 23 109 118 19 36 56 109 41 29 32 35 29
1695 22 1 1 32 24 1 92 27 31 9 34 28
1696 23 61 67 29 31 44 208 17 31 18 35 29
1697 23 12 5 32 27 1 323 32 25 29 36 30
1698 23 30 34 29 33 19 410 44 37 37 36 29
1699 23 99 99 30 37 33 488 1 45 18 35 29
1700 23 12 5 17 33 6 1450 34 31 7 35 29
1701 23 34 25 24 20 64 104 24 34 23 35 29
1702 23 53 47 10 36 83 184 31 26 13 35 29
1703 22 1 1 37 25 41 237 30 35 27 35 28
1704 22 1 1 33 20 1 121 31 21 5 35 29
1705 22 1 1 26 26 4 387 38 19 11 34 29
1706 22 1 1 35 33 1 252 15 36 15 35 29
1707 22 1 1 40 28 50 309 28 32 18 35 29
1708 23 43 32 19 32 57 87 26 32 18 35 29
1709 23 50 22 32 45 119 266 133 306 12 35 29
1710 22 1 1 36 22 50 286 39 30 22 34 29
1711 23 122 132 16 37 83 277 1 32 27 35 29
1712 23 50 54 26 37 23 248 209 21 24 35 29
1713 23 67 73 31 28 54 498 30 27 35 35 29
1714 23 35 36 28 33 27 357 26 36 16 35 29
1715 23 24 36 40 32 82 90 26 36 34 35 29
1716 22 1 1 40 19 56 247 16 27 27 35 29
1717 23 34 42 39 33 1 110 43 34 28 36 29
1718 23 58 59 26 33 63 125 27 27 22 35 29
1719 23 37 37 23 33 12 340 123 31 14 35 29
1720 22 1 1 25 31 1 103 35 33 27 34 28
1721 23 19 9 29 23 1 154 37 26 20 35 29
1722 22 1 1 25 29 1 123 28 40 27 35 29
1723 23 156 157 14 39 1 187 179 26 18 35 29
1724 23 59 64 15 40 1 209 22 32 11 35 29
1725 22 1 1 27 27 29 492 162 34 33 35 29
1726 23 74 67 30 35 1 461 27 30 25 35 29
1727 22 1 1 22 24 18 390 37 22 14 35 28
1728 23 47 49 21 40 42 250 30 37 10 35 29
1729 23 25 22 26 24 28 183 164 27 21 35 29
1730 22 1 1 26 27 61 223 161 25 20 35 29
1731 23 32 1 30 17 35 530 33 30 26 35 29
1732 22 1 1 31 11 23 347 32 28 32 35 29
1733 22 1 1 11 28 4 517 368 636 3 35 28
1734 22 1 1 37 22 42 728 1 30 25 34 28
1735 23 38 45 47 27 50 330 283 185 32 36 29
1736 23 44 35 29 14 27 269 33 28 29 36 29
1737 22 1 1 35 27 1 438 18 27 12 34 28
1738 23 41 32 17 37 34 101 24 38 12 35 29
1739 23 2 1 37 28 1 119 32 28 26 35 29
1740 23 21 22 32 29 6 295 38 20 26 35 29
1741 23 32 31 41 23 39 140 187 29 35 35 29
1742 22 1 1 27 26 1 302 380 24 11 34 28
1743 23 28 27 24 35 35 122 32 28 13 35 29
1744 22 1 1 22 34 30 305 29 28 12 34 28
1745 23 117 117 5 44 4 227 38 30 21 35 29
1746 23 60 71 33 33 23 94 32 34 34 35 29
1747 22 1 1 22 29 21 95 27 45 7 34 28
1748 23 48 53 31 38 61 135 26 29 26 35 29
1749 23 36 35 35 31 79 702 21 35 33 36 29
1750 22 1 1 35 19 7 254 42 31 16 34 28
1751 23 4 1 16 35 8 338 29 34 13 35 29
1752 22 1 1 25 22 76 120 25 20 12 34 28
1753 23 59 74 32 36 33 351 30 35 35 35 29
1754 23 74 74 30 35 1 246 22 33 14 35 30
1755 23 30 33 37 33 1 452 30 28 27 35 29
1756 23 65 58 32 28 37 154 28 26 27 35 29
1757 23 72 78 40 30 1 251 39 29 30 35 29
1758 22 1 1 33 24 65 449 23 34 28 35 28
1759 22 1 1 23 23 18 259 25 25 15 35 29
1760 23 30 27 24 36 52 180 276 281 16 35 30
1761 22 1 1 27 20 1 259 186 355 31 35 29
1762 23 48 51 35 24 59 626 150 33 23 35 29
1763 22 1 1 17 19 1 219 456 598 1 35 28
1764 23 8 8 21 30 1 320 27 35 27 35 29
1765 22 1 1 25 29 45 332 40 26 16 35 29
1766 22 1 1 40 18 67 92 26 32 26 35 29
1767 23 56 61 18 33 8 286 13 30 31 36 29
1768 23 24 6 20 23 1 87 28 36 26 35 29
1769 22 1 1 33 32 30 177 32 27 6 35 29
1770 23 32 35 32 40 61 176 211 28 13 36 29
1771 23 81 85 21 29 49 505 258 37 30 36 29
1772 23 41 48 31 49 11 277 21 23 13 35 29
1773 23 38 42 17 31 32 273 25 35 13 35 29
1774 23 41 39 19 29 28 205 24 24 25 35 29
1775 23 21 19 28 23 1 304 27 22 27 35 29
1776 22 1 1 20 25 27 284 1 33 1 34 28
1777 22 1 1 40 25 1 219 24 30 10 34 28
1778 22 1 1 33 19 24 311 23 27 11 35 29
1779 22 1 1 34 28 1 152 39 39 29 35 29
1780 22 1 1 33 20 1 331 1 35 8 35 28
1781 22 1 1 34 22 1 326 30 32 23 35 29
1782 22 1 1 21 29 1 113 39 26 25 35 29
1783 22 1 1 28 33 1 575 36 25 10 35 29
1784 23 67 61 25 39 1 712 22 33 19 35 29
1785 22 1 1 33 26 57 132 19 23 31 35 29
1786 23 51 50 14 42 25 148 184 29 2 36 29
1787 23 73 70 27 24 40 294 176 34 23 35 29
1788 23 16 18 50 34 1 501 44 34 36 35 29
1789 23 21 22 21 35 32 116 27 36 21 35 29
1790 23 50 54 20 36 1 371 26 35 27 35 29
1791 22 1 1 30 32 20 410 36 30 15 34 29
1792 23 16 18 25 32 1 339 32 28 31 36 29
1793 23 1 1 28 20 1 207 168 29 29 35 29
1794 23 31 29 32 27 10 188 157 884 34 36 30
1795 23 91 94 20 33 52 130 21 31 15 35 29
1796 23 14 1 24 19 1 333 39 30 21 35 29
1797 22 1 1 33 20 6 164 39 25 28 35 28
1798 23 122 123 26 42 34 182 39 30 14 35 29
1799 22 1 1 31 25 65 130 32 31 9 35 29
1800 22 1 1 31 37 51 179 21 23 1 35 29
1801 22 1 1 27 34 4 279 20 36 11 35 29
1802 22 1 1 49 30 36 101 34 31 34 35 29
1803 22 1 1 38 35 62 413 19 27 2 35 29
1804 23 36 34 25 32 43 256 257 29 28 36 29
1805 22 1 1 30 36 84 117 25 31 18 34 29
1806 22 1 1 29 20 1 216 32 32 28 35 29
1807 23 63 71 26 38 85 99 34 32 32 36 29
1808 23 31 40 38 25 1 390 36 19 27 35 29
1809 22 1 1 29 12 1 224 124 24 9 35 29
1810 22 1 1 36 30 11 199 161 277 31 35 29
1811 24 90 97 30 37 67 303 25 30 18 36 30
1812 22 1 1 24 21 44 227 38 30 19 34 28
1813 22 1 1 32 25 25 334 140 290 25 35 29
1814 22 19 1 33 27 1 129 26 28 7 35 29
1815 23 36 29 25 38 88 569 24 33 11 35 29
1816 23 26 25 24 39 89 186 19 34 5 35 29
1817 22 1 1 7 30 1 133 27 35 5 35 29
1818 23 69 72 28 31 38 83 26 28 9 35 29
1819 22 42 1 16 39 67 272 22 27 1 34 28
1820 23 54 55 37 31 53 285 147 28 21 35 30
1821 23 1 1 24 20 35 123 32 22 31 36 29
1822 22 1 1 21 35 9 144 138 30 5 35 29
1823 23 16 22 26 31 20 268 30 32 19 35 29
1824 23 95 103 22 38 1 134 22 32 40 35 29
1825 23 36 36 19 30 1 504 35 25 25 35 29
1826 36 98 84 26 45 70 1023 33 48 31 52 46
1827 23 40 37 27 27 32 428 225 39 32 36 29
1828 23 6 2 43 27 12 203 40 31 34 36 29
1829 23 48 49 23 28 1 290 21 29 16 35 29
1830 22 1 1 29 18 1 282 233 485 20 34 28
1831 22 1 1 17 30 11 337 15 24 5 35 29
1832 23 36 45 25 38 35 177 26 33 8 35 29
1833 23 20 25 21 34 1 178 20 31 23 35 29
1834 23 96 96 16 35 49 243 21 29 13 35 29
1835 23 55 67 32 34 62 147 65 29 33 36 29
1836 23 75 80 14 43 14 337 25 32 14 36 29
1837 23 28 14 19 25 1 250 115 31 14 35 29
1838 22 1 1 38 25 1 160 21 21 5 34 28
1839 23 1 1 21 37 1 506 25 25 1 35 29
1840 23 17 11 19 26 28 86 16 25 16 35 29
1841 23 45 51 27 35 20 229 21 32 30 36 29
1842 23 41 45 34 28 44 221 215 24 23 35 29
1843 22 1 1 19 28 22 327 1 37 7 34 28
1844 22 1 1 16 26 17 120 40 24 21 34 28
1845 23 33 40 25 34 44 132 142 256 29 36 30
1846 23 16 21 34 35 60 316 25 22 18 35 29
1847 23 12 7 33 22 1 511 37 29 42 36 29
1848 23 57 56 33 28 17 296 192 27 31 35 29
1849 22 1 1 33 27 23 139 24 26 12 35 29
1850 23 7 9 23 32 75 186 29 30 11 35 29
1851 23 28 1 30 30 77 137 19 35 17 35 29
1852 23 33 38 15 38 1 275 216 25 23 35 29
1853 23 27 15 18 29 6 286 23 29 12 35 29
1854 22 1 1 19 21 4 252 195 26 19 35 29
1855 23 44 37 31 32 1 513 39 31 32 36 29
1856 23 53 47 16 26 19 79 28 23 14 35 29
1857 23 45 50 28 32 27 261 20 30 31 36 29
1858 23 28 31 32 34 32 216 262 34 40 36 30
1859 22 1 1 29 23 69 194 198 28 21 34 29
1860 22 1 1 30 35 61 194 311 36 8 34 28
1861 23 32 31 37 27 1 237 267 133 40 35 29
1862 23 64 69 31 20 21 294 35 26 36 35 29
1863 23 26 22 41 27 17 700 27 31 38 35 29
1864 22 1 1 31 22 22 408 32 26 27 35 29
1865 22 1 1 31 26 1 222 121 27 28 35 29
1866 22 1 1 40 38 54 476 217 32 1 35 29
1867 22 1 1 35 32 1 203 19 29 14 35 29
1868 22 1 1 32 26 1 234 17 28 14 35 29
1869 22 1 1 30 27 49 430 35 37 14 35 29
1870 23 27 2 29 29 1 302 38 41 25 35 29
1871 23 36 39 24 38 31 247 17 20 5 35 29
1872 23 89 78 17 18 1 234 120 27 20 35 29
1873 22 1 1 19 21 18 191 49 22 22 34 28
1874 23 54 57 32 25 40 177 32 34 27 36 29
1875 23 75 85 19 40 50 317 23 36 42 36 30
1876 23 91 101 28 37 89 85 24 29 14 35 29
1877 22 1 1 34 26 29 401 148 29 30 35 29
1878 22 3 1 36 29 1 523 25 28 14 35 29
1879 23 44 40 29 28 30 339 133 23 9 35 29
1880 22 1 1 39 37 105 248 202 33 10 34 28
1881 23 61 66 31 32 52 397 214 22 16 35 29
1882 22 1 1 32 31 51 201 33 27 24 35 29
1883 22 1 1 40 18 56 256 1 35 25 34 28
1884 23 22 16 30 19 1 102 35 21 36 36 29
1885 23 25 29 19 39 55 320 222 26 34 36 29
1886 23 52 60 27 33 67 231 29 29 32 35 29
1887 22 1 1 26 26 56 387 185 29 12 34 28
1888 23 42 45 19 37 18 307 30 27 19 35 29
1889 23 30 29 35 16 4 264 285 29 44 35 29
1890 23 3 1 18 30 56 229 112 249 1 35 29
1891 23 59 62 22 37 50 431 30 29 25 35 29
1892 22 1 1 22 36 20 615 23 32 18 34 28
1893 23 1 1 30 25 2 84 52 30 18 35 29
1894 23 13 15 31 32 1 435 34 26 32 36 29
1895 23 5 4 41 18 8 210 40 30 49 36 29
1896 22 1 1 21 13 44 1172 50 23 15 35 29
1897 23 80 85 21 38 63 166 22 26 5 36 30
1898 23 19 15 23 33 1 397 59 30 34 36 29
1899 23 32 31 34 26 27 538 105 29 22 35 29
1900 23 44 42 27 29 1 129 21 30 28 35 29
1901 23 44 49 25 29 77 181 27 29 15 35 29
1902 23 87 100 14 37 37 289 34 37 21 35 29
1903 22 1 1 28 36 75 246 177 411 5 35 29
1904 23 55 58 28 32 1 178 227 224 21 36 29
1905 23 30 21 27 28 80 532 30 27 24 35 29
1906 23 23 5 27 26 6 234 173 29 15 35 29
1907 23 32 33 35 24 48 212 573 238 28 36 29
1908 23 53 51 27 28 1 267 236 33 31 36 29
1909 23 92 90 20 34 21 353 1 949 20 35 29
1910 23 35 37 38 31 42 281 23 26 22 35 29
1911 21 1 1 25 23 33 199 168 24 15 34 28
1912 21 1 1 25 31 38 137 44 33 11 34 28
1913 21 1 1 31 31 25 198 167 24 9 34 28
1914 23 37 35 30 21 2 289 40 22 35 36 29
1915 23 46 46 17 27 64 184 29 35 9 35 29
1916 23 74 74 28 23 4 407 31 17 35 36 29
1917 23 39 43 23 36 24 331 24 23 12 35 29
1918 23 52 56 16 36 52 571 23 27 1 36 29
1919 23 155 161 18 31 15 111 34 28 19 35 29
1920 22 1 1 34 26 1 233 177 19 4 34 29
1921 23 23 16 24 30 41 337 42 21 13 35 29
1922 23 92 89 26 25 16 139 35 30 29 35 29
1923 23 68 73 32 22 69 327 30 25 36 35 29
1924 22 1 1 12 37 1 237 200 30 1 34 28
1925 22 1 1 37 15 18 201 29 27 17 34 28
1926 23 47 46 18 33 1 308 233 28 21 35 29
1927 22 1 1 33 35 1 423 482 44 17 35 29
1928 23 53 65 35 31 8 264 28 29 32 36 29
1929 22 1 1 25 23 75 198 130 354 27 35 29
1930 23 50 55 39 34 13 399 172 33 31 36 29
1931 23 51 45 9 35 2 308 21 31 2 35 29
1932 23 1 1 23 34 19 521 36 30 21 35 29
1933 23 49 40 20 27 1 320 42 30 30 36 29
1934 23 35 1 29 28 38 229 206 28 27 35 29
1935 23 17 18 34 31 44 257 1 42 28 35 29
1936 23 15 15 37 20 1 464 32 26 33 36 29
1937 23 16 18 25 33 64 130 20 28 27 35 29
1938 22 1 1 43 29 69 311 33 28 13 34 29
1939 23 32 39 26 32 1 419 1226 46 23 35 29
1940 23 20 14 19 38 1 245 212 33 10 35 29
1941 23 21 17 35 23 15 268 189 35 26 35 29
1942 23 54 56 27 22 26 285 37 30 40 36 29
1943 22 1 1 29 29 5 292 26 30 13 35 29
1944 22 1 1 24 18 27 303 456 28 13 34 29
1945 22 1 1 34 23 53 461 32 34 9 35 29
1946 23 21 1 36 23 21 172 1 26 12 35 29
1947 23 34 31 32 28 1 186 30 35 27 35 29
1948 23 73 76 42 32 1 337 29 33 34 36 29
1949 23 66 72 24 32 87 188 28 29 15 35 30
1950 23 43 47 25 43 20 207 152 38 20 35 29
1951 23 1 1 22 39 66 86 21 33 12 35 29
1952 22 1 1 32 23 1 163 29 31 12 35 28
1953 23 33 36 24 40 45 300 34 30 16 35 29
1954 23 67 76 28 30 1 127 24 27 17 36 30
1955 22 1 1 18 32 1 470 23 34 1 35 28
1956 23 44 1 17 40 63 285 27 33 10 35 29
1957 23 54 57 17 40 1 638 194 36 29 36 29
1958 23 40 38 30 23 25 255 41 22 32 36 29
1959 23 56 40 31 20 40 804 24 24 20 35 29
1960 22 1 1 32 29 1 229 30 24 36 35 29
1961 22 47 5 19 31 58 285 21 22 4 35 29
1962 23 3 1 38 39 108 280 27 32 16 35 29
1963 23 85 89 43 29 20 183 37 27 38 36 29
1964 23 28 36 25 36 23 304 37 29 32 35 29
1965 23 35 40 34 35 66 236 35 31 31 36 29
1966 22 1 1 34 34 1 400 139 25 16 35 29
1967 23 132 126 16 30 41 251 40 29 28 36 29
1968 23 52 1 28 38 1 193 137 760 8 35 29
1969 23 27 1 19 38 1 231 208 608 4 35 29
1970 23 25 17 34 20 25 221 146 205 24 35 29
1971 23 40 34 22 24 17 177 120 174 22 35 29
1972 29 3 1 17 42 1 2004 69 203 28 43 37
1973 22 1 1 23 22 26 404 27 33 19 34 29
1974 22 1 1 35 22 45 471 37 25 24 34 29
1975 23 48 50 25 32 64 288 24 30 16 35 29
1976 23 53 43 14 33 63 210 206 278 5 35 29
1977 23 15 1 26 41 88 511 30 36 13 35 29
1978 23 1 1 22 36 28 334 20 30 8 35 29
1979 22 1 1 22 30 1 287 226 273 1 34 28
1980 23 71 65 25 33 11 435 53 39 21 35 30
1981 24 120 133 18 37 48 123 25 34 26 36 30
1982 23 1 4 34 31 37 357 380 30 31 36 29
1983 22 1 1 35 28 74 202 44 29 18 34 28
1984 23 71 75 24 31 78 404 218 261 12 35 29
1985 22 1 1 27 27 50 85 25 26 14 34 28
1986 23 50 46 26 34 1 317 308 31 23 35 29
1987 22 1 1 25 20 32 248 29 44 17 34 28
1988 23 48 45 9 37 28 440 25 31 10 35 29
1989 22 1 1 21 31 19 300 37 27 4 35 29
1990 22 1 1 24 31 1 164 31 28 25 35 29
1991 23 45 54 37 37 1 468 25 25 29 36 30
1992 23 27 28 26 26 65 309 282 25 22 35 29
1993 23 27 22 26 34 51 226 239 181 17 35 29
1994 23 15 19 32 32 17 289 671 25 30 36 29
1995 22 1 1 26 32 53 87 22 28 19 34 28
1996 23 31 38 25 33 9 368 29 30 19 35 29
1997 23 36 31 35 30 18 319 29 28 31 36 29
1998 22 1 1 38 31 18 367 21 29 20 35 29
1999 20 1 1 19 31 1 311 29 31 28 33 27
2000 23 47 58 39 32 67 217 40 30 36 36 29
2001 23 51 28 9 35 17 363 23 32 14 35 29
2002 23 51 54 25 32 47 549 26 36 15 35 29
2003 22 1 1 28 36 36 157 28 28 1 35 28
2004 23 60 55 37 43 87 548 27 28 14 35 29
2005 23 37 32 33 30 69 346 26 40 27 35 29
2006 23 41 34 27 31 1 516 152 26 14 35 29
2007 23 73 78 24 31 3 272 27 37 25 35 29
2008 23 6 10 23 28 16 560 26 33 18 35 29
2009 22 1 1 36 25 47 226 28 31 24 34 28
2010 23 54 48 17 30 1 149 36 27 24 35 29
2011 23 86 89 24 29 1 684 31 27 30 36 29
2012 23 72 85 18 48 34 429 14 37 37 36 29
2013 22 4 1 15 36 1 307 30 35 11 34 28
2014 22 22 1 10 46 51 359 400 29 4 34 28
2015 23 90 86 24 24 72 317 19 22 16 35 29
2016 22 1 1 23 30 1 298 28 24 9 35 29
2017 23 44 40 19 30 70 207 27 33 31 36 29
2018 23 49 51 21 27 18 77 28 32 21 35 29
2019 22 1 1 32 29 28 289 22 25 5 34 28
2020 22 1 1 26 21 28 189 20 27 13 35 29
2021 23 4 1 25 29 31 329 28 30 26 35 29
2022 23 45 45 21 44 71 136 26 34 6 35 29
2023 23 22 19 22 38 62 317 32 27 12 35 29
2024 23 67 56 25 31 120 261 23 33 19 35 29
2025 23 6 4 31 27 1 248 38 42 28 35 29
2026 23 56 57 17 38 31 242 202 37 10 35 29
2027 23 54 53 21 44 61 226 202 29 12 35 29
2028 22 1 1 42 23 78 679 45 29 18 35 29
2029 23 70 66 29 41 3 122 1 35 22 35 29
2030 23 78 80 27 39 50 102 30 28 26 35 29
2031 22 1 1 30 8 7 395 30 28 27 35 29
2032 22 1 1 21 35 88 176 189 31 4 35 29
2033 23 85 89 21 27 1 245 15 26 23 35 29
2034 23 53 64 31 25 68 244 314 32 27 36 29
2035 22 1 1 27 20 49 274 10 26 13 35 29
2036 23 40 37 23 35 1 339 183 28 29 36 29
2037 23 44 54 32 34 86 193 238 738 16 35 30
2038 23 1 1 35 31 8 254 24 34 33 35 29
2039 23 83 94 22 37 97 124 24 32 14 35 30
2040 23 3 1 24 32 88 221 155 24 10 35 29
2041 23 59 68 32 28 1 128 33 32 32 36 29
2042 23 1 1 30 23 19 341 31 30 22 35 29
2043 23 32 27 24 27 2 142 133 23 26 35 29
2044 23 22 1 36 28 1 650 346 49 16 35 29
2045 23 21 5 31 36 46 182 29 35 24 35 29
2046 23 12 7 35 20 1 326 37 28 33 36 29
2047 23 16 6 30 23 2 215 283 300 33 36 29
2048 24 41 38 21 35 35 134 27 35 17 36 30
2049 23 40 36 19 35 5 217 26 35 14 35 29
2050 23 42 40 14 29 14 109 35 28 12 35 30
2051 23 61 63 17 39 1 175 27 29 21 35 29
2052 22 1 1 37 21 4 225 149 350 20 35 29
2053 23 59 65 39 21 1 133 27 25 29 36 29
2054 22 1 1 31 28 36 106 18 25 9 35 29
2055 23 38 38 30 40 38 265 201 32 11 35 29
2056 22 1 1 30 31 1 407 486 79 7 34 29
2057 23 26 1 27 32 76 312 124 30 22 35 29
2058 23 51 51 31 32 22 278 400 271 22 35 29
2059 23 43 35 18 32 11 198 24 29 15 36 29
2060 22 1 1 37 25 75 122 26 29 14 34 29
2061 22 1 1 28 29 1 235 32 28 21 34 28
2062 22 1 1 37 22 19 424 307 479 18 34 28
2063 23 16 14 30 24 1 511 34 30 35 36 29
2064 23 82 87 23 32 78 587 306 386 33 36 29
2065 23 41 31 21 34 43 226 134 234 6 35 29
2066 22 1 1 29 16 1 315 24 25 17 34 29
2067 23 72 80 32 28 18 463 28 37 38 36 29
2068 23 27 25 41 27 43 233 37 31 34 36 29
2069 22 1 1 46 23 43 470 31 29 15 34 29
2070 23 52 52 36 27 45 120 40 39 37 35 29
2071 23 92 101 40 43 13 199 33 23 28 36 29
2072 23 35 29 29 24 27 198 20 32 17 35 29
2073 23 33 22 25 29 1 483 38 26 25 35 29
2074 23 67 77 23 35 1 196 31 21 8 35 29
2075 23 72 71 29 37 22 180 112 30 16 35 29
2076 22 1 1 36 26 24 286 25 29 8 35 29
2077 22 1 1 22 26 1 199 30 22 10 34 28
2078 21 1 1 32 21 28 240 27 36 30 34 28
2079 22 1 1 25 30 2 293 26 25 12 34 28
2080 23 63 70 34 29 38 217 42 30 39 36 29
2081 22 1 1 26 24 23 207 279 490 4 35 29
2082 23 21 19 33 30 39 225 643 51 17 35 29
2083 23 12 10 32 25 39 2004 317 30 33 35 29
2084 22 1 1 36 23 10 280 3 26 11 34 28
2085 23 49 39 28 33 1 127 27 28 20 35 29
2086 23 83 93 9 41 58 239 22 34 12 36 29
2087 23 21 1 35 24 1 329 29 26 34 35 29
2088 22 1 1 27 25 53 249 340 426 10 35 29
2089 22 1 1 26 26 1 203 168 407 15 34 28
2090 23 27 22 14 31 11 255 279 26 9 35 29
2091 22 1 1 26 26 44 179 27 28 14 34 28
2092 23 26 14 37 15 22 85 41 25 40 36 29
2093 23 81 97 21 41 1 317 19 30 2 35 29
2094 23 18 13 35 37 62 276 22 33 17 35 29
2095 23 16 1 15 27 29 93 29 25 25 35 29
2096 23 53 55 16 37 1 501 21 33 14 35 29
2097 23 42 45 33 24 15 196 33 33 35 36 29
2098 23 28 20 25 36 72 107 20 26 9 35 29
2099 23 68 222 28 41 50 351 29 28 15 35 29
2100 23 6 1 30 23 5 137 32 27 33 35 29
2101 23 44 44 31 25 10 726 29 29 32 36 29
2102 22 1 1 41 29 40 328 30 29 20 34 28
2103 23 24 18 35 19 1 422 40 26 36 36 29
2104 23 29 1 35 25 35 376 31 31 36 36 29
2105 22 1 1 37 16 4 573 38 28 34 35 28
2106 23 33 29 37 28 1 474 38 30 39 36 29
2107 23 44 50 19 41 40 552 26 37 16 36 29
2108 22 1 1 42 18 1 247 23 36 20 35 29
2109 22 1 1 31 28 2 692 106 31 25 35 29
2110 23 107 116 23 32 1 411 34 25 19 35 29
2111 23 60 62 32 115 64 256 162 29 37 36 30
2112 22 1 1 31 32 1 231 316 27 29 35 29
2113 23 61 67 28 34 111 211 20 29 12 36 29
2114 23 66 70 35 39 59 270 43 34 26 36 29
2115 23 73 80 29 30 47 219 20 27 7 35 29
2116 23 43 49 37 29 33 404 185 33 24 35 29
2117 23 64 62 28 30 50 242 43 160 35 36 29
2118 23 1 1 37 23 39 231 35 34 25 35 29
2119 23 41 40 11 37 33 331 195 34 26 35 29
2120 22 1 1 31 66 101 297 25 32 15 35 29
2121 22 1 1 36 22 4 199 155 25 22 35 28
2122 23 79 80 19 31 1 559 160 32 35 36 29
2123 23 88 106 9 43 23 300 151 28 5 35 29
2124 23 1 1 16 25 2 474 27 27 24 35 29
2125 23 78 72 28 30 20 255 28 24 32 36 29
2126 23 5 1 35 9 15 1697 34 26 34 35 29
2127 23 35 38 38 23 36 409 32 35 39 36 29
2128 22 1 1 35 11 5 544 37 23 27 34 28
2129 22 1 1 27 23 1 265 213 28 4 34 29
2130 23 55 61 18 34 13 204 200 30 17 35 29
2131 23 30 25 25 27 64 108 27 30 13 35 29
2132 22 1 1 31 28 22 314 28 26 30 35 28
2133 23 58 57 31 27 15 728 30 30 38 36 29
2134 23 63 74 25 37 69 344 283 30 9 36 29
2135 23 68 79 22 37 61 227 27 35 23 36 30
2136 23 53 52 22 27 1 359 39 30 29 36 29
2137 23 73 89 23 36 1 242 15 32 8 35 29
2138 23 85 88 12 36 1 228 27 21 7 35 29
2139 22 1 1 19 35 38 243 25 22 1 34 28
2140 23 59 58 26 35 36 457 35 28 27 35 29
2141 22 1 1 36 27 112 271 1 26 12 34 28
2142 22 1 1 37 23 29 246 259 27 13 34 28
2143 22 23 1 43 22 35 120 45 26 42 35 28
2144 22 1 1 23 29 49 258 40 20 6 35 28
2145 23 64 66 28 35 1 322 180 28 18 35 29
2146 23 97 103 15 26 67 296 117 21 16 35 29
2147 22 1 1 38 31 22 231 44 31 30 35 29
2148 22 1 1 28 26 14 1613 21 29 8 35 28
2149 22 1 1 35 44 47 209 43 38 15 35 29
2150 23 85 96 23 41 1 322 29 27 1 35 29
2151 23 52 63 25 39 46 362 226 30 13 35 29
2152 23 1 1 36 28 1 414 31 30 42 36 29
2153 22 1 1 29 30 10 368 23 29 12 34 28
2154 22 1 1 28 34 103 272 217 34 23 35 29
2155 22 1 1 55 31 47 231 1 347 16 34 28
2156 23 5 1 32 17 1 245 44 31 41 36 29
2157 22 1 1 15 21 40 243 20 26 14 34 28
2158 22 1 1 31 31 76 230 1 34 2 35 29
2159 22 1 1 47 32 67 233 188 217 3 35 29
2160 22 1 1 37 25 91 308 23 24 14 35 29
2161 22 1 1 26 23 52 120 42 24 29 35 29
2162 23 56 1 21 41 94 138 30 29 7 35 29
2163 23 53 81 17 23 66 387 27 24 14 35 29
2164 23 6 1 18 28 20 121 37 26 27 35 29
2165 23 59 67 31 30 20 212 189 501 13 36 29
2166 23 15 20 30 26 17 377 16 28 22 35 29
2167 23 41 12 19 37 44 316 20 33 2 35 29
2168 22 1 1 33 16 55 209 46 30 38 35 28
2169 23 25 24 40 31 14 87 31 26 44 35 29
2170 23 73 84 19 48 54 645 21 31 1 35 29
2171 23 59 69 30 32 1 300 28 26 10 35 29
2172 22 1 1 41 22 47 215 1 28 19 34 28
2173 23 43 41 27 30 72 329 28 28 18 35 29
2174 23 49 50 21 30 51 82 26 27 9 35 29
2175 23 28 30 43 42 82 187 76 31 34 36 29
2176 23 59 56 32 21 1 386 182 24 34 36 29
2177 23 21 6 32 44 8 181 31 29 15 35 29
2178 23 23 29 35 23 78 684 30 28 33 36 29
2179 23 72 84 26 38 70 325 26 27 13 36 29
2180 23 54 48 30 32 23 249 202 26 20 35 29
2181 23 120 128 19 34 27 316 170 27 31 36 29
2182 22 1 1 23 34 56 129 33 26 12 35 29
2183 22 1 1 27 31 1 332 13 30 11 35 29
2184 23 116 137 18 37 1 183 190 820 31 36 29
2185 22 1 1 34 22 8 313 32 30 19 35 29
2186 23 50 45 21 38 8 430 30 33 13 35 29
2187 22 1 1 30 20 1 363 37 26 36 34 28
2188 23 69 75 23 29 78 353 23 26 7 35 29
2189 23 21 10 18 35 1 375 201 34 24 35 29
2190 23 50 39 17 35 33 253 44 29 35 36 30
2191 23 29 27 15 36 1 404 176 31 10 35 29
2192 23 31 19 24 32 11 261 192 493 39 36 29
2193 22 1 1 29 23 20 255 34 21 1 34 28
2194 22 1 1 32 25 44 260 50 30 15 35 29
2195 23 35 43 38 40 73 211 132 279 16 36 29
2196 23 95 101 9 37 1 406 29 23 18 35 29
2197 23 30 34 38 29 1 254 34 27 27 35 29
2198 23 12 4 24 40 38 158 24 31 16 35 29
2199 24 58 63 46 35 1 247 153 27 29 36 30
2200 23 67 78 31 42 81 365 22 33 3 36 29
2201 22 1 1 33 39 48 85 22 29 12 35 29
2202 23 42 55 39 37 1 212 30 36 34 36 29
2203 23 39 39 22 24 23 485 28 29 30 36 29
2204 23 15 2 24 34 1 355 138 631 17 35 29
2205 23 19 6 18 24 13 487 462 30 29 36 29
2206 22 1 1 31 27 1 219 240 31 16 34 29
2207 22 1 1 42 28 39 229 24 31 17 35 29
2208 22 1 1 38 26 42 276 27 24 12 35 28
2209 22 1 1 32 32 45 123 83 36 12 35 29
2210 23 37 47 30 20 73 301 261 33 33 36 29
2211 22 1 1 38 31 57 465 22 27 20 35 29
2212 23 2 1 22 37 30 618 28 26 35 36 29
2213 23 31 33 23 38 57 82 31 31 13 35 29
2214 23 91 107 22 29 23 358 28 30 28 36 29
2215 23 36 29 25 28 49 205 234 27 15 35 30
2216 23 26 23 30 34 1 265 1 34 33 36 29
2217 22 1 1 47 33 19 289 202 36 29 35 29
2218 23 15 6 16 31 20 437 16 24 6 35 29
2219 22 1 1 26 31 1 511 269 26 5 35 29
2220 23 56 58 26 18 36 251 328 26 24 35 29
2221 23 59 58 23 40 22 400 31 32 34 36 29
2222 22 1 1 20 30 28 212 28 28 13 35 29
2223 23 28 28 42 36 35 237 27 32 34 36 29
2224 23 21 1 36 24 1 281 39 31 34 35 29
2225 23 27 27 18 40 59 225 147 101 23 36 30
2226 23 62 77 36 30 21 212 183 27 26 35 29
2227 23 51 51 23 28 31 351 181 32 24 35 29
2228 23 43 50 32 24 1 250 32 19 24 35 29
2229 22 1 1 35 14 24 216 27 23 18 35 29
2230 22 1 1 32 30 1 337 222 33 14 35 29
2231 23 4 1 30 25 16 310 23 30 33 36 29
2232 23 121 138 24 37 42 234 135 399 33 36 29
2233 23 40 39 15 25 41 350 22 23 5 35 29
2234 22 1 1 34 21 53 119 51 28 31 35 29
2235 23 97 111 36 38 17 86 19 33 23 35 29
2236 23 86 94 18 39 36 268 23 26 36 36 29
2237 23 1 1 37 21 19 236 342 357 14 35 29
2238 22 16 1 33 16 19 220 34 21 22 34 28
2239 22 1 1 27 29 1 216 342 27 14 34 28
2240 23 33 44 37 35 2 380 1 28 27 35 29
2241 23 57 60 36 31 92 126 45 54 30 36 30
2242 23 104 128 22 26 16 93 17 26 32 35 29
2243 22 1 1 34 24 26 259 301 26 12 35 29
2244 22 1 1 42 22 57 95 18 25 12 35 29
2245 22 1 1 17 29 1 326 32 26 16 35 28
2246 23 9 5 31 27 50 414 24 29 12 35 29
2247 23 19 1 11 26 36 397 26 31 19 35 29
2248 23 1 49 40 31 37 196 14 27 19 35 29
2249 23 83 89 20 31 89 446 23 29 24 35 29
2250 23 23 11 9 28 1 123 37 32 31 36 29
2251 23 73 78 26 28 33 101 19 32 20 35 30
2252 22 1 1 28 32 8 567 49 35 18 34 29
2253 23 20 1 38 39 103 78 25 26 11 35 29
2254 22 1 1 25 27 79 232 156 299 17 34 28
2255 22 1 1 26 22 85 234 18 25 30 35 29
2256 22 1 1 29 32 93 180 22 30 18 35 29
2257 23 40 48 41 32 1 391 24 27 34 36 29
2258 23 48 47 19 36 62 270 26 31 24 35 29
2259 23 75 82 29 33 79 127 41 31 16 35 29
2260 23 50 49 25 35 25 236 257 32 9 36 29
2261 22 1 1 20 26 1 429 25 37 21 35 29
2262 23 40 30 27 21 1 175 31 36 24 35 29
2263 23 42 48 32 34 75 500 128 27 33 35 29
2264 22 1 1 39 37 1 268 175 23 20 34 29
2265 23 50 53 21 39 67 425 29 35 16 35 29
2266 23 84 94 21 26 1 109 35 29 22 35 29
2267 23 37 32 22 33 63 327 20 20 18 35 29
2268 23 19 12 19 33 1 440 36 32 23 35 29
2269 23 32 32 17 30 6 515 24 29 22 36 30
2270 22 1 1 32 29 30 398 19 39 17 34 28
2271 23 95 108 20 34 1 206 29 27 15 35 29
2272 23 23 20 33 31 1 234 177 347 13 35 29
2273 23 2 1 32 30 1 250 197 387 33 36 29
2274 23 60 60 25 27 18 381 200 25 17 35 29
2275 23 68 72 14 23 24 93 23 32 13 36 29
2276 22 1 1 16 32 1 712 24 29 12 34 28
2277 23 36 31 32 40 64 611 38 32 15 35 29
2278 23 41 34 31 30 37 214 36 33 41 36 30
2279 23 56 70 19 30 27 352 20 29 14 35 29
2280 23 42 39 15 34 52 238 19 25 15 35 29
2281 23 52 53 26 22 18 817 35 23 24 35 29
2282 22 1 1 30 22 48 125 14 31 28 35 28
2283 23 43 35 15 31 4 245 27 34 13 35 29
2284 23 24 27 36 26 1 325 330 1059 24 35 29
2285 23 38 39 18 39 1 200 20 33 25 35 29
2286 23 53 45 21 36 6 131 30 32 23 35 29
2287 22 1 1 35 29 2 306 241 35 20 34 28
2288 23 97 112 32 32 59 424 36 32 30 35 29
2289 23 25 1 25 20 59 530 26 24 12 35 29
2290 23 55 61 26 35 61 131 23 48 17 35 29
2291 22 1 1 32 17 1 82 45 31 13 34 29
2292 23 32 34 37 28 1 274 177 29 29 36 29
2293 22 1 1 30 34 6 233 25 26 13 34 28
2294 23 56 60 22 37 32 105 37 28 32 35 29
2295 23 20 10 25 32 58 339 47 33 33 35 29
2296 23 53 52 9 38 1 171 251 63 9 35 29
2297 22 1 1 33 16 44 1466 36 26 27 34 28
2298 23 41 29 35 28 32 171 41 30 29 35 29
2299 23 33 25 19 35 25 135 34 33 11 35 29
2300 22 1 1 33 24 1 113 29 28 26 34 28
2301 23 28 20 17 26 30 175 51 23 26 35 29
2302 23 76 78 16 30 1 158 206 25 9 35 29
2303 23 70 75 34 27 54 352 30 32 27 35 29
2304 22 1 1 29 33 66 168 167 247 9 35 29
2305 23 94 105 22 37 6 177 23 339 21 35 29
2306 22 1 1 30 29 25 244 31 22 12 35 29
2307 23 1 1 27 23 1 263 28 32 28 35 29
2308 23 73 65 26 25 28 247 39 24 26 35 29
2309 23 31 33 21 35 1 419 149 24 16 35 29
2310 22 1 1 30 28 83 721 30 23 19 34 29
2311 24 29 31 33 21 1 109 30 36 34 36 29
2312 23 20 16 35 21 15 266 37 29 34 36 29
2313 23 47 41 12 35 74 1187 18 29 10 35 29
2314 22 1 1 30 38 41 121 20 28 4 34 29
2315 23 45 43 18 27 26 240 34 32 33 36 29
2316 23 30 35 35 28 8 245 27 28 33 36 29
2317 23 62 66 37 35 57 210 183 184 26 36 29
2318 23 27 30 37 24 74 314 1 34 30 36 29
2319 23 128 145 22 44 75 381 17 25 33 36 29
2320 22 1 1 49 19 47 179 26 30 17 35 28
2321 23 46 46 24 32 4 207 28 34 18 35 29
2322 22 1 1 29 25 1 439 22 24 5 34 29
2323 23 40 34 28 32 1 540 38 34 32 36 30
2324 23 31 26 23 40 1 189 1 32 15 35 29
2325 23 67 75 17 39 10 324 235 29 6 35 29
2326 22 1 1 20 19 34 198 137 449 11 35 29
2327 23 88 85 30 30 1 266 28 28 26 36 29
2328 23 31 24 19 28 20 221 274 22 26 35 29
2329 22 1 1 26 33 57 319 57 20 9 35 29
2330 23 54 58 13 34 50 419 32 36 19 35 29
2331 23 70 80 23 37 90 228 183 177 18 35 29
2332 23 12 1 23 24 5 231 176 31 18 35 29
2333 23 36 34 32 36 51 234 28 31 29 36 30
2334 22 1 1 33 26 83 303 1 27 19 34 29
2335 23 87 99 20 38 15 222 16 29 23 36 30
2336 22 1 1 36 15 10 526 418 335 33 35 29
2337 23 32 29 26 32 39 271 338 31 30 36 29
2338 22 1 1 20 25 1 265 50 31 32 35 29
2339 23 10 1 24 31 29 350 37 23 23 35 29
2340 22 1 1 25 17 1 671 1 37 19 34 29
2341 22 1 1 35 12 1 327 147 23 16 35 29
2342 23 57 58 29 19 16 526 42 38 43 36 29
2343 23 51 55 30 24 7 214 33 25 29 35 29
2344 23 64 67 39 44 36 368 34 27 20 36 29
2345 23 81 87 38 32 52 381 32 26 29 36 30
2346 23 34 36 29 37 1 241 26 21 9 35 29
2347 22 1 1 31 22 10 250 226 148 15 35 29
2348 22 1 1 32 23 28 261 234 24 12 35 29
2349 23 34 36 25 38 68 498 24 27 6 35 29
2350 23 102 115 27 36 45 466 23 35 18 35 29
2351 22 1 1 34 10 1 343 34 31 39 35 29
2352 23 48 49 22 36 1 510 172 31 10 35 29
2353 22 1 1 26 25 31 201 25 36 16 35 29
2354 23 38 38 32 23 14 324 39 31 36 36 29
2355 23 41 37 25 26 46 204 22 28 25 35 29
2356 22 1 1 31 26 19 280 49 30 18 34 29
2357 22 1 1 30 24 32 200 234 24 13 35 29
2358 22 1 1 29 32 61 270 32 25 13 34 28
2359 22 1 1 21 28 5 291 29 28 9 34 29
2360 22 1 1 28 34 36 285 199 29 18 35 29
2361 23 1 1 35 30 46 262 1 37 16 35 29
2362 23 13 6 25 22 1 389 33 25 22 35 29
2363 23 63 56 19 30 60 90 28 26 9 35 29
2364 23 4 1 17 29 11 343 1 33 18 35 29
2365 22 8 1 25 28 86 399 31 32 18 35 29
2366 23 89 73 11 35 39 344 19 27 4 35 29
2367 22 1 1 17 28 1 103 35 30 18 35 29
2368 23 69 79 24 38 40 359 267 644 22 35 29
2369 23 64 52 38 23 53 91 29 25 26 35 29
2370 23 28 27 24 35 91 334 27 31 4 35 29
2371 23 38 33 29 38 45 312 29 38 21 35 29
2372 23 51 55 21 31 75 242 61 23 11 35 29
2373 23 62 62 22 44 68 247 187 530 5 36 29
2374 23 9 1 22 23 4 241 133 31 16 35 29
2375 23 13 15 20 37 1 342 21 33 8 35 29
2376 22 1 1 22 22 27 165 365 33 12 35 29
2377 23 62 59 28 18 7 82 43 27 46 36 29
2378 23 28 8 37 30 34 127 1 30 20 35 29
2379 23 62 55 20 36 69 553 34 27 15 35 29
2380 22 1 1 24 24 43 261 20 37 27 35 28
2381 23 17 8 18 32 15 110 27 34 16 35 29
2382 22 1 1 40 20 1 220 31 40 23 34 29
2383 23 51 52 26 37 75 126 30 26 12 36 29
2384 23 54 59 26 32 60 390 24 27 19 35 29
2385 23 101 95 25 35 37 197 210 40 16 35 29
2386 23 30 23 34 30 55 232 33 26 28 35 29
2387 22 1 1 17 18 11 343 25 27 12 35 28
2388 23 19 24 30 30 34 508 15 22 22 35 29
2389 23 27 18 27 28 24 515 31 30 17 35 29
2390 23 65 68 33 26 53 303 177 282 30 36 29
2391 22 1 1 26 25 8 308 208 20 18 35 29
2392 22 1 1 35 25 61 323 122 28 15 34 29
2393 23 70 68 26 30 53 286 22 31 18 35 29
2394 23 40 41 35 27 49 334 25 34 24 35 29
2395 23 21 1 28 35 22 332 158 28 12 35 29
2396 23 56 52 19 33 29 343 267 22 11 35 29
2397 23 44 49 36 32 53 204 181 31 30 36 29
2398 23 55 60 24 38 51 373 31 19 20 35 29
2399 23 86 77 20 27 14 265 280 683 21 35 29
2400 23 30 19 24 40 72 648 22 32 10 35 29
2401 22 1 1 33 27 33 298 31 34 14 35 29
2402 22 1 1 28 19 1 199 333 27 25 35 29
2403 22 1 1 30 27 7 350 38 28 10 35 28
2404 22 1 1 17 27 69 249 23 25 1 35 29
2405 22 1 1 28 28 1 1886 30 31 1 35 29
2406 23 31 24 22 25 57 245 28 35 14 35 29
2407 23 98 84 16 42 59 164 1 29 8 35 29
2408 23 85 73 32 34 35 212 236 30 19 35 29
2409 22 1 1 19 19 11 295 243 1051 11 34 29
2410 23 28 34 38 31 66 590 226 962 43 36 29
2411 23 17 12 33 18 18 221 154 392 37 36 29
2412 22 1 1 41 20 39 123 28 31 8 35 29
2413 23 61 77 27 42 1 203 571 165 28 36 30
2414 23 41 40 15 41 94 128 21 35 1 35 29
2415 23 46 45 18 28 20 242 21 28 22 35 29
2416 23 29 24 34 20 35 525 35 29 42 36 30
2417 23 27 1 27 35 7 202 390 28 24 35 29
2418 23 6 12 39 23 34 267 180 353 25 35 29
2419 23 17 16 26 27 5 221 237 27 28 35 29
2420 23 49 50 24 34 41 456 40 28 28 36 29
2421 23 58 61 21 39 61 340 22 34 26 36 29
2422 23 1 1 23 21 1 323 222 30 22 35 29
2423 23 38 38 34 24 1 283 206 28 37 35 29
2424 22 1 1 22 27 24 313 38 19 13 34 28
2425 22 1 1 36 21 44 438 32 24 36 35 29
2426 23 23 32 34 32 1 846 32 28 27 35 29
2427 23 42 39 22 30 6 278 22 28 16 35 29
2428 23 48 57 20 38 1 350 37 27 14 35 29
2429 23 47 56 25 27 7 252 48 31 28 35 29
2430 23 26 30 38 38 1 235 137 30 14 35 29
2431 23 29 27 36 25 1 158 139 27 37 36 29
2432 22 1 1 26 20 24 326 31 24 27 35 29
2433 23 64 65 38 30 1 251 33 26 44 35 29
2434 23 13 12 43 25 27 316 26 30 20 35 29
2435 23 9 7 35 23 1 319 45 29 41 36 29
2436 23 87 85 25 32 95 228 138 638 20 35 30
2437 22 1 1 19 31 1 252 121 25 1 35 29
2438 22 1 1 47 25 17 375 306 33 33 35 29
2439 22 1 1 21 24 1 195 156 28 24 34 28
2440 23 58 62 33 27 32 571 34 29 33 35 29
2441 23 1 1 36 32 35 334 30 33 29 35 29
2442 22 1 1 38 28 1 408 37 24 42 35 29
2443 22 4 1 29 29 1 539 36 33 23 34 28
2444 22 1 1 20 28 14 293 150 32 7 34 28
2445 23 31 6 27 36 1 235 31 27 14 35 29
2446 23 83 73 37 20 40 232 276 2004 17 36 30
2447 23 32 40 19 25 15 179 32 35 35 36 29
2448 23 64 49 26 24 17 213 1 36 24 35 29
2449 23 70 78 36 37 86 151 24 40 20 35 29
2450 23 85 74 13 34 30 337 31 32 14 35 29
2451 23 1 5 27 25 19 348 34 23 13 35 29
2452 23 44 49 23 31 101 208 313 24 22 35 29
2453 22 1 1 23 35 18 205 36 34 17 35 28
2454 22 1 1 33 19 1 275 38 27 38 34 28
2455 22 1 1 31 30 34 442 1 38 8 34 28
2456 23 18 17 35 27 1 227 195 291 42 36 29
2457 23 141 146 20 34 2 403 170 32 22 35 29
2458 23 44 3 12 38 1 227 34 30 7 35 29
2459 23 54 58 21 34 1 193 191 24 26 35 29
2460 23 23 1 27 30 1 349 127 448 20 35 29
2461 23 5 6 26 29 68 190 72 32 15 35 29
2462 22 1 1 23 26 37 790 36 26 28 35 29
2463 22 1 1 31 32 35 420 211 29 2 34 28
2464 23 16 26 31 32 62 365 185 28 34 36 29
2465 23 79 83 21 38 28 354 25 38 26 35 29
2466 23 41 36 25 32 56 285 26 31 21 35 29
2467 22 1 1 33 23 34 123 19 20 5 34 29
2468 22 1 1 28 24 33 243 37 29 34 35 29
2469 22 1 1 34 33 1 208 176 34 19 34 29
2470 23 16 11 31 20 1 192 32 22 35 36 29
2471 22 1 1 21 28 10 312 24 31 18 34 28
2472 23 33 34 32 23 1 467 33 24 33 35 29
2473 23 10 14 29 25 58 655 39 33 31 36 29
2474 22 7 1 22 27 41 254 34 32 26 34 28
2475 22 1 1 23 26 19 400 20 26 14 34 28
2476 23 94 84 20 27 81 239 260 31 27 36 29
2477 23 32 22 29 21 6 222 30 31 25 35 29
2478 23 43 45 28 35 50 275 316 30 5 35 29
2479 23 1 1 17 21 22 114 32 28 14 35 29
2480 22 1 1 29 18 58 265 1 31 1 34 28
2481 22 1 1 17 27 36 306 40 35 18 35 29
2482 23 38 25 25 26 1 262 166 30 29 35 29
2483 23 1 6 20 35 39 243 194 35 2 35 29
2484 23 1 1 28 29 46 254 115 26 34 36 29
2485 23 23 24 31 33 37 386 615 35 33 36 29
2486 23 17 19 33 35 1 361 12 35 12 35 29
2487 23 24 18 35 26 43 228 360 244 12 35 29
2488 23 57 57 33 29 1 374 77 593 12 35 29
2489 23 36 35 18 35 82 297 233 567 35 35 29
2490 23 11 13 24 25 51 214 138 34 37 35 29
2491 23 17 23 39 34 15 230 31 35 30 35 29
2492 22 1 1 19 29 1 170 164 33 5 34 28
2493 23 13 10 23 25 1 1105 25 31 12 35 29
2494 23 22 26 34 36 34 534 228 29 33 36 29
2495 23 39 38 34 26 17 92 37 21 38 36 29
2496 22 3 1 21 36 59 469 17 26 7 34 28
2497 23 40 37 36 17 24 556 219 359 41 35 29
2498 23 32 32 30 71 1 241 260 499 33 35 29
2499 22 1 1 18 29 10 347 27 22 11 34 28
2500 23 25 26 31 28 37 217 27 25 35 36 30
2501 22 1 1 43 32 51 316 98 29 20 34 29
2502 23 85 84 22 36 45 215 28 33 20 35 29
2503 23 73 65 25 23 9 385 105 27 18 35 29
2504 23 46 39 17 37 9 285 88 32 3 35 29
2505 23 42 40 33 21 1 267 209 32 34 36 29
2506 23 33 41 45 25 37 190 36 28 33 36 29
2507 23 72 72 35 29 58 186 524 313 23 35 29
2508 23 23 18 19 36 69 739 25 28 13 35 29
2509 23 105 91 24 31 57 136 1 27 23 35 29
2510 23 52 11 22 35 122 173 22 31 10 35 29
2511 23 109 112 26 49 82 270 276 27 8 35 29
2512 22 1 1 23 22 4 150 784 375 14 35 29
2513 23 52 69 30 31 50 413 27 32 35 36 29
2514 23 14 12 29 32 55 175 142 19 20 35 29
2515 23 26 26 26 37 10 1283 532 40 25 35 29
2516 22 1 1 19 33 1 481 166 24 12 35 29
2517 23 5 11 19 28 29 316 31 25 25 35 29
2518 23 74 69 30 29 29 247 24 32 29 35 29
2519 23 48 46 19 40 48 470 24 26 6 35 29
2520 23 69 68 23 32 46 1163 19 31 12 35 29
2521 23 41 44 44 34 84 196 156 32 20 35 29
2522 22 1 1 30 12 17 615 28 21 15 35 29
2523 22 1 1 35 15 18 263 1 35 15 34 29
2524 22 1 1 35 29 1 312 290 16 18 34 29
2525 23 36 31 27 28 5 174 21 26 26 36 29
2526 23 49 54 30 27 1 144 25 14 27 35 29
2527 23 34 35 23 36 1 1144 34 40 17 35 29
2528 22 1 1 44 21 46 159 38 31 21 34 28
2529 22 1 1 21 26 90 127 18 27 10 34 29
2530 23 8 13 27 23 20 265 286 31 17 35 29
2531 22 1 1 28 25 31 187 278 446 19 35 29
2532 23 20 24 36 26 1 311 118 251 35 36 29
2533 23 56 56 23 34 1 247 179 30 25 35 29
2534 22 1 1 23 37 33 549 52 29 3 34 28
2535 23 58 57 24 28 89 211 24 30 17 35 29
2536 22 1 1 19 37 7 410 31 35 12 34 28
2537 23 1 12 29 31 28 125 34 24 20 35 29
2538 23 84 77 36 27 57 396 26 25 24 35 29
2539 23 41 40 28 42 52 237 25 32 13 36 29
2540 23 30 12 46 16 77 186 26 29 31 36 29
2541 22 1 1 34 26 51 332 29 34 12 35 28
2542 23 68 72 29 28 20 88 24 24 28 35 29
2543 22 1 1 24 21 65 348 43 28 19 35 29
2544 23 35 31 32 30 3 202 31 30 18 35 29
2545 23 132 137 18 33 75 717 366 27 33 35 29
2546 23 21 19 30 24 1 256 258 29 33 36 29
2547 23 45 55 33 32 7 448 1 34 24 35 29
2548 23 62 54 28 34 71 299 32 32 21 35 30
2549 23 62 57 33 28 4 239 19 29 19 35 29
2550 23 1 1 35 15 64 369 23 21 25 35 29
2551 23 41 44 26 44 105 211 138 29 14 35 30
2552 23 17 16 14 35 1 258 247 28 23 35 29
2553 23 21 20 26 32 1 344 144 33 20 35 29
2554 22 1 1 29 27 33 364 22 28 16 34 29
2555 23 15 19 28 18 24 406 32 27 37 36 29
2556 23 44 54 27 41 74 201 161 38 27 35 29
2557 22 1 1 39 26 52 172 382 620 28 34 28
2558 22 1 1 18 22 13 668 1 25 19 34 28
2559 23 71 56 18 36 1 221 19 27 7 36 29
2560 22 1 1 24 36 25 365 27 25 13 35 29
2561 22 1 1 25 16 6 225 290 21 8 34 28
2562 23 131 124 19 35 26 247 279 30 17 35 29
2563 23 48 56 40 35 35 349 27 36 29 36 29
2564 23 38 36 32 36 29 297 33 35 23 35 29
2565 23 56 51 30 33 34 433 34 20 17 35 29
2566 23 48 45 16 36 1 225 27 32 19 35 29
2567 22 1 1 32 24 1 112 28 23 26 35 29
2568 23 23 23 39 31 21 296 34 30 29 36 29
2569 24 30 26 37 26 1 190 43 35 24 35 30
2570 23 83 78 19 29 27 303 23 32 19 35 29
2571 23 55 48 15 41 5 440 256 37 9 35 29
2572 23 50 53 26 32 1 190 1 38 25 35 29
2573 23 36 32 17 43 1 238 170 34 52 36 29
2574 23 44 43 35 27 20 410 27 27 28 35 29
2575 23 32 26 24 34 17 196 30 25 18 35 29
2576 22 1 1 23 40 1 171 233 29 11 35 29
2577 23 62 59 20 29 41 2005 21 29 26 35 29
2578 22 1 1 36 28 1 384 31 26 23 34 29
2579 23 84 85 18 37 67 480 164 35 21 35 29
2580 23 67 66 21 39 17 272 25 30 14 35 29
2581 22 1 1 31 24 16 377 351 1259 13 35 29
2582 23 36 18 22 35 62 198 112 30 6 35 29
2583 22 1 1 29 35 1 257 1 36 7 34 29
2584 23 37 38 31 24 5 292 207 33 26 35 29
2585 23 65 65 34 30 87 1024 28 34 25 36 29
2586 23 29 25 28 37 42 307 26 23 12 35 29
2587 22 1 1 38 25 1 243 203 33 25 35 29
2588 23 26 37 34 22 61 702 36 33 41 36 29
2589 23 65 64 26 35 35 268 163 25 21 35 29
2590 22 1 1 28 34 33 101 19 29 17 35 29
2591 23 30 22 18 35 53 334 24 34 16 35 29
2592 23 3 9 42 23 83 318 31 30 36 36 29
2593 23 1 1 30 28 56 417 16 29 17 35 29
2594 23 19 13 20 29 1 439 24 27 27 35 29
2595 23 6 1 32 26 37 83 39 33 21 35 29
2596 23 55 55 34 36 44 205 195 31 25 35 29
2597 22 1 1 22 26 20 189 21 27 6 34 28
2598 23 54 51 22 41 19 245 1 26 21 35 29
2599 22 1 1 24 28 68 280 30 28 13 35 29
2600 23 34 33 18 41 18 348 24 27 13 35 29
2601 22 1 1 38 25 67 303 245 28 25 35 29
2602 23 60 63 40 28 43 198 31 24 32 36 29
2603 23 77 74 24 31 45 132 297 33 28 36 29
2604 23 30 31 35 22 9 421 36 35 34 36 29
2605 23 55 57 24 33 1 367 24 28 21 35 29
2606 22 1 1 30 33 1 367 259 24 8 35 29
2607 23 47 49 25 29 24 435 28 37 20 35 29
2608 23 34 33 33 37 8 144 43 28 28 36 29
2609 23 13 18 31 25 22 608 27 18 33 36 29
2610 23 29 24 30 34 1 148 30 32 17 35 29
2611 23 69 64 17 30 1 87 25 33 24 35 29
2612 23 21 20 28 29 5 641 506 454 32 36 29
2613 22 1 1 39 17 23 563 74 30 13 35 29
2614 23 2 1 30 14 16 169 190 32 35 36 29
2615 23 1 1 20 28 1 228 34 38 36 35 29
2616 22 1 1 41 23 57 501 26 27 12 35 29
2617 23 22 15 31 23 24 322 34 35 24 35 29
2618 23 41 43 35 16 22 275 281 326 37 36 30
2619 23 51 50 18 40 32 114 21 27 3 35 29
2620 23 59 64 26 41 14 206 231 186 26 35 29
2621 22 1 1 14 27 83 184 33 28 10 35 29
2622 22 1 1 23 32 41 296 300 30 8 35 29
2623 22 1 1 30 18 6 178 26 28 12 34 29
2624 23 25 25 19 34 52 80 23 26 12 35 29
2625 23 7 10 25 33 30 199 45 36 30 36 29
2626 23 30 26 20 37 52 407 27 27 11 35 29
2627 22 1 1 24 28 34 336 481 25 7 35 29
2628 23 111 115 12 53 47 322 43 34 28 36 29
2629 23 4 9 31 38 1 292 26 24 29 36 29
2630 23 25 31 40 24 1 353 43 27 37 36 29
2631 23 45 52 23 25 16 300 7 30 18 35 29
2632 22 1 1 35 38 47 135 36 30 8 34 28
2633 23 35 39 33 23 1 167 29 26 37 36 29
2634 23 1 1 32 33 39 423 29 30 8 35 29
2635 22 1 1 14 28 8 282 262 361 3 35 29
2636 23 45 50 24 27 66 245 21 24 29 36 29
2637 23 58 54 21 41 6 303 89 31 3 35 29
2638 23 64 66 15 37 16 209 146 33 20 35 29
2639 23 77 67 21 27 42 271 36 28 16 36 29
2640 23 45 42 33 24 6 294 161 31 35 36 29
2641 23 19 21 27 31 12 368 23 33 17 35 29
2642 22 1 1 35 31 5 301 185 35 9 35 29
2643 23 60 67 17 39 7 256 184 34 13 36 29
2644 23 16 7 29 17 9 270 52 34 33 36 29
2645 23 75 66 2 40 4 313 20 20 3 35 29
2646 23 48 54 19 32 84 463 53 25 27 36 29
2647 23 134 128 7 43 45 307 25 31 15 35 29
2648 23 87 87 10 36 20 1266 11 27 7 35 29
2649 23 36 26 15 37 2 192 16 29 1 36 29
2650 23 20 26 34 27 25 377 1 36 29 35 29
2651 23 35 37 20 30 46 378 38 31 29 36 29
2652 23 46 45 37 22 23 269 240 27 31 36 29
2653 23 41 46 37 22 1 559 32 30 37 36 29
2654 23 7 22 28 33 19 202 1 32 26 35 29
2655 23 69 72 34 34 66 371 21 30 25 35 29
2656 23 48 52 22 39 86 228 274 30 10 35 29
2657 22 1 1 24 29 1 243 252 27 12 34 29
2658 22 1 1 36 25 52 96 39 31 15 35 29
2659 23 54 56 32 35 48 215 25 23 13 35 29
2660 23 13 7 33 19 37 252 347 352 37 36 29
2661 23 37 23 17 40 1 339 26 34 12 36 29
2662 23 95 91 21 34 1 281 222 29 21 35 29
2663 23 84 87 26 40 34 326 302 24 9 35 29
2664 23 78 79 26 40 35 228 23 33 13 35 29
2665 23 3 8 35 16 58 247 36 30 36 36 29
2666 23 54 56 33 28 9 310 124 30 34 35 29
2667 23 69 76 17 29 13 418 192 495 22 35 29
2668 23 54 64 19 36 32 247 146 29 15 35 29
2669 23 89 85 11 32 47 727 27 22 2 35 29
2670 22 1 1 31 27 16 418 24 34 19 34 28
2671 22 1 1 20 18 41 227 164 22 20 34 28
2672 22 1 1 27 28 61 495 31 33 10 34 28
2673 22 1 1 16 36 26 581 20 32 1 35 29
2674 23 50 55 25 37 55 210 205 36 16 35 29
2675 22 1 1 39 31 1 175 23 27 10 35 29
2676 23 25 32 29 32 6 313 29 30 36 36 29
2677 23 50 54 25 40 36 547 18 24 1 36 29
2678 22 1 1 23 32 49 233 143 195 14 35 29
2679 22 1 1 31 21 2 388 24 37 12 35 29
2680 23 48 53 35 23 1 224 191 31 32 36 29
2681 23 1 1 25 29 1 267 13 28 25 35 29
2682 23 40 47 29 36 67 727 28 30 18 35 29
2683 22 1 1 26 26 37 653 35 28 6 35 28
2684 23 98 111 16 43 1 415 26 25 20 35 29
2685 23 55 55 30 28 58 252 1 37 29 36 29
2686 22 1 1 34 29 24 204 23 29 17 34 28
2687 23 47 37 32 27 1 252 1 31 25 35 29
2688 23 11 1 34 34 62 389 139 493 17 35 29
2689 22 1 1 21 29 72 246 250 549 1 35 29
2690 23 64 56 27 26 19 494 27 25 20 35 29
2691 23 69 69 25 30 1 264 463 461 10 35 29
2692 23 76 84 30 43 48 246 33 31 15 35 29
2693 23 20 14 17 40 70 225 19 27 1 35 29
2694 23 81 78 35 29 37 552 31 27 27 36 29
2695 23 32 35 26 29 5 238 61 33 20 35 29
2696 23 27 24 27 37 23 100 32 34 18 35 29
2697 23 30 18 17 38 83 212 17 26 1 35 29
2698 23 56 56 17 37 1 194 233 792 13 36 30
2699 23 42 10 43 34 115 311 31 36 21 35 29
2700 23 82 80 36 25 26 214 19 27 25 35 29
2701 22 1 1 24 20 1 238 275 33 38 34 28
2702 22 1 1 32 30 44 686 205 29 5 35 28
2703 23 1 1 22 28 1 125 37 35 34 35 29
2704 23 78 76 37 28 1 241 121 29 41 36 29
2705 23 35 33 18 33 1 326 19 25 31 36 29
2706 23 56 62 22 33 43 175 188 334 34 36 29
2707 22 1 1 44 20 47 322 156 30 16 34 29
2708 23 55 56 26 42 1 120 18 22 1 36 29
2709 22 1 1 21 33 79 220 25 29 8 35 29
2710 23 66 73 25 30 7 302 22 27 17 35 29
2711 23 49 56 27 38 108 112 18 31 11 35 29
2712 23 48 48 25 26 39 322 171 24 37 36 29
2713 23 125 132 19 37 1 184 45 22 33 36 29
2714 23 32 23 21 32 24 206 329 29 11 35 29
2715 23 38 40 27 27 69 176 186 35 30 36 29
2716 23 57 58 25 28 69 375 26 28 23 35 29
2717 22 1 1 30 23 68 304 185 670 30 35 29
2718 22 1 1 36 40 1 193 190 23 6 35 28
2719 23 24 8 31 30 1 312 31 33 23 35 29
2720 23 144 148 22 37 29 238 23 31 14 35 29
2721 23 35 37 38 28 34 461 40 37 47 35 29
2722 22 1 1 36 36 8 219 180 32 23 34 28
2723 23 55 58 27 25 1 264 26 29 33 36 29
2724 23 17 13 22 22 1 304 62 197 36 36 29
2725 23 55 52 38 37 21 224 84 749 32 36 29
2726 23 1 1 31 32 83 236 232 846 5 35 29
2727 23 3 1 25 33 25 128 32 23 12 35 29
2728 23 38 37 33 27 24 456 46 26 25 35 29
2729 22 1 1 28 21 1 293 40 30 37 35 28
2730 22 1 1 14 24 22 234 119 28 2 35 28
2731 22 1 1 32 32 58 352 24 28 1 35 29
2732 22 1 1 23 24 26 272 23 26 17 34 29
2733 23 91 100 27 35 1 308 33 24 12 35 29
2734 23 22 13 31 28 1 215 77 29 10 35 29
2735 23 27 10 26 21 39 603 39 28 28 35 29
2736 22 1 1 20 27 44 314 18 28 13 34 28
2737 23 81 72 30 23 41 314 303 26 30 36 29
2738 23 1 1 29 28 12 328 18 34 19 35 29
2739 23 34 33 31 17 8 276 33 28 40 36 29
2740 23 47 46 13 39 37 187 89 252 1 35 29
2741 23 69 53 26 20 82 470 1 18 18 35 29
2742 23 97 91 22 34 31 238 277 25 9 35 29
2743 23 91 92 35 30 52 520 407 31 30 36 29
2744 24 28 23 21 30 71 198 24 32 24 35 30
2745 23 114 120 21 40 75 342 33 32 33 36 29
2746 23 4 7 32 34 79 190 207 29 18 35 29
2747 23 29 24 36 34 13 719 21 31 29 35 29
2748 22 1 1 28 23 45 102 33 38 30 35 29
2749 24 56 56 34 27 34 627 204 32 43 36 30
2750 23 34 25 30 35 1 368 33 25 18 35 29
2751 23 95 91 27 33 1 402 84 32 26 35 29
2752 23 5 1 32 37 1 219 152 35 26 35 29
2753 23 27 22 35 36 1 176 1 35 8 35 29
2754 23 29 40 29 37 53 234 23 30 28 35 29
2755 23 10 15 24 38 1 249 36 42 19 35 29
2756 23 33 28 40 29 72 246 26 26 25 35 29
2757 22 1 1 26 15 6 361 23 28 15 34 29
2758 23 49 42 28 30 22 222 203 26 33 36 29
2759 23 47 49 38 34 56 369 28 27 22 35 29
2760 22 1 1 26 30 12 266 196 29 8 34 28
2761 22 1 1 32 24 9 352 20 28 16 34 28
2762 23 48 47 26 33 1 152 242 429 19 35 29
2763 22 1 1 20 33 48 260 30 30 6 35 29
2764 23 53 60 26 31 56 454 228 23 3 35 29
2765 23 17 14 30 29 1 133 27 26 33 35 29
2766 21 1 1 33 27 33 353 26 36 29 34 28
2767 23 82 85 15 42 23 702 24 30 29 36 29
2768 23 1 1 28 30 8 290 26 28 20 35 29
2769 23 53 42 13 36 23 273 324 28 9 35 29
2770 23 63 56 23 37 1 285 31 25 23 35 29
2771 23 19 16 42 24 29 215 1 34 26 35 29
2772 23 6 7 31 26 13 256 35 27 28 35 29
2773 23 38 36 32 34 49 395 30 27 13 35 29
2774 22 1 1 29 19 37 260 23 34 18 34 28
2775 23 88 91 28 40 1 305 262 26 22 35 29
2776 23 9 7 23 29 1 323 1 32 39 36 29
2777 23 19 11 32 20 2 113 32 29 37 36 29
2778 22 1 1 19 26 9 254 294 28 20 34 28
2779 23 1 1 28 20 1 606 36 29 35 36 29
2780 23 57 58 17 39 1 179 15 31 1 35 29
2781 22 1 1 32 18 14 322 232 28 10 34 28
2782 22 1 1 48 26 103 268 244 35 22 35 29
2783 23 54 55 26 27 1 240 199 33 41 36 29
2784 23 84 83 27 31 35 221 20 26 18 35 29
2785 23 109 113 24 31 67 188 195 24 14 35 29
2786 23 70 76 21 31 31 253 153 126 27 35 29
2787 23 31 30 34 18 25 116 30 24 27 35 29
2788 22 1 1 20 29 1 190 31 28 26 35 29
2789 22 1 1 33 35 1 287 28 31 12 35 29
2790 23 57 67 40 42 53 256 30 24 17 35 29
2791 22 18 1 14 26 41 289 329 621 1 34 28
2792 23 13 23 37 33 1 257 233 28 35 35 29
2793 23 21 18 23 22 61 181 189 1132 27 35 29
2794 22 1 1 28 27 1 399 24 31 19 34 28
2795 23 100 101 6 35 10 179 20 34 33 36 29
2796 23 15 15 23 42 58 502 88 24 14 35 29
2797 23 11 15 17 37 12 350 23 29 14 35 29
2798 23 54 60 24 32 1 107 28 23 13 35 29
2799 23 21 28 38 37 78 233 24 28 31 35 29
2800 23 52 59 26 21 1 268 26 30 32 35 29
2801 22 1 1 36 21 27 181 19 26 10 34 28
2802 23 39 42 37 24 40 124 26 27 24 35 29
2803 23 115 123 36 30 63 218 30 34 49 36 29
2804 23 53 54 20 43 1 267 21 32 25 35 29
2805 23 83 90 29 41 56 205 235 35 28 35 29
2806 22 1 1 26 23 44 172 28 41 28 34 28
2807 23 56 57 31 24 1 311 180 908 23 35 29
2808 23 46 46 20 24 12 405 295 24 25 35 29
2809 23 31 1 33 33 85 233 45 35 17 35 29
2810 23 24 20 30 24 1 273 38 25 31 35 29
2811 23 27 25 26 37 1 315 35 27 17 35 29
2812 22 1 1 30 27 28 295 23 28 1 34 29
2813 22 1 1 25 30 83 334 95 22 12 34 29
2814 23 135 138 15 41 76 261 29 27 22 35 29
2815 23 20 1 21 17 25 566 29 27 10 35 29
2816 23 70 69 25 27 1 87 40 33 32 36 29
2817 24 40 47 40 33 1 261 30 28 27 35 30
2818 23 24 6 9 35 28 222 276 31 16 35 29
2819 23 42 41 19 29 18 274 1 31 24 35 29
2820 23 35 35 31 24 46 274 40 39 28 36 29
2821 23 38 41 18 39 41 280 41 29 24 35 29
2822 22 1 1 27 24 69 125 27 24 27 35 29
2823 23 47 42 12 39 1 89 24 49 14 35 29
2824 23 6 6 30 25 1 222 297 30 34 36 29
2825 23 107 118 32 31 23 105 29 31 26 35 29
2826 23 35 41 44 27 54 239 257 288 32 36 29
2827 22 1 1 12 25 13 276 34 25 18 34 28
2828 22 1 1 38 18 1 252 1 34 9 34 28
2829 23 32 30 30 36 34 334 330 216 21 35 29
2830 23 53 53 26 29 59 229 30 27 21 35 29
2831 22 1 1 16 30 29 499 24 29 7 35 29
2832 22 1 1 32 25 8 366 23 31 13 35 29
2833 22 1 1 17 38 1 383 40 26 11 35 29
2834 23 26 1 31 29 10 264 40 26 19 35 29
2835 22 1 1 13 23 1 273 40 26 10 34 29
2836 23 57 63 28 27 28 264 1 225 20 35 29
2837 23 30 26 35 30 78 316 38 34 23 35 29
2838 23 30 29 28 37 45 131 28 29 15 35 29
2839 23 43 45 25 35 82 93 26 30 17 36 30
2840 23 51 48 18 33 66 168 14 31 12 35 29
2841 22 1 1 24 26 35 263 323 30 13 35 29
2842 23 48 57 41 28 101 377 21 29 29 36 29
2843 23 63 57 15 42 28 553 26 29 7 36 29
2844 22 1 1 25 24 50 119 21 28 16 34 29
2845 22 1 1 48 23 20 614 33 30 25 34 28
2846 22 1 1 20 20 29 225 196 25 21 34 29
2847 23 44 54 35 45 47 256 25 35 28 36 29
2848 23 62 69 37 36 12 535 30 32 30 36 29
2849 23 26 28 24 35 1 194 121 29 32 36 29
2850 22 1 1 25 29 59 418 25 28 30 35 29
2851 23 50 46 46 23 10 92 29 30 35 36 29
2852 23 45 45 20 40 74 938 162 28 11 35 29
2853 23 86 86 17 33 1 286 78 22 5 35 29
2854 22 1 1 42 32 63 868 155 29 27 35 29
2855 23 64 68 24 35 91 257 28 30 22 35 29
2856 23 22 29 31 22 1 306 156 208 30 35 29
2857 23 49 54 30 22 1 259 252 23 32 36 29
2858 22 1 1 26 25 70 383 52 31 8 35 29
2859 23 105 82 28 30 34 148 449 523 13 35 30
2860 22 1 1 38 32 1 351 385 28 12 35 29
2861 23 56 57 19 37 58 284 18 30 12 35 29
2862 22 1 1 36 12 1 366 35 25 28 35 28
2863 22 1 1 18 23 32 403 18 28 16 34 28
2864 23 25 32 21 29 39 580 298 876 36 35 29
2865 23 32 40 30 42 57 210 260 29 22 35 29
2866 23 28 24 21 32 32 235 31 29 25 35 29
2867 23 32 21 16 25 40 218 25 39 15 35 29
2868 23 1 6 27 39 31 283 159 832 40 36 29
2869 23 19 12 27 22 1 292 29 30 31 35 29
2870 22 1 1 33 29 35 278 241 26 11 35 29
2871 23 28 23 30 34 14 186 209 101 18 35 29
2872 23 52 54 28 28 1 288 205 491 30 35 29
2873 23 145 143 13 40 1 350 26 32 21 35 29
2874 22 1 1 36 18 31 117 34 34 11 34 28
2875 22 1 1 24 24 44 272 24 19 20 34 28
2876 23 11 16 31 27 1 294 32 28 23 35 29
2877 23 26 30 35 40 1 242 28 33 37 35 29
2878 22 1 1 52 19 72 487 257 269 17 35 29
2879 22 1 1 25 22 91 420 262 36 28 35 29
2880 23 45 49 18 32 89 252 260 28 30 36 29
2881 23 108 108 14 36 31 114 25 25 9 35 29
2882 22 1 1 29 33 73 403 30 25 15 35 29
2883 23 54 61 26 31 1 124 14 26 27 35 29
2884 23 5 8 39 26 1 463 41 29 37 36 29
2885 23 58 57 20 40 41 636 21 26 16 35 29
2886 23 44 33 20 35 1 275 212 29 30 36 29
2887 23 62 64 26 31 61 364 23 31 22 35 29
2888 22 1 1 39 25 61 1028 25 29 22 35 29
2889 22 1 1 36 16 1 387 36 31 32 35 28
2890 23 60 67 25 38 1 231 20 26 9 35 29
2891 23 32 34 38 21 68 202 127 30 18 35 29
2892 23 59 59 30 32 68 333 27 30 26 35 29
2893 22 1 1 43 25 43 457 1 32 19 34 28
2894 23 20 25 26 40 31 502 471 38 29 35 29
2895 22 1 1 20 35 62 229 25 31 6 35 29
2896 23 44 52 49 29 22 441 33 33 39 36 29
2897 23 44 47 23 24 53 209 187 27 32 36 29
2898 23 17 17 39 22 30 580 39 31 38 36 30
2899 23 81 88 31 38 73 975 197 30 23 35 29
2900 23 50 59 41 25 23 340 43 32 24 35 29
2901 22 1 1 31 17 7 275 244 309 27 35 29
2902 23 11 6 34 29 32 488 53 29 30 36 29
2903 23 20 22 20 27 10 739 26 29 28 35 29
2904 22 1 1 26 28 23 262 175 25 7 35 28
2905 23 96 100 22 38 1 309 136 28 6 35 29
2906 23 1 4 41 29 81 224 187 32 38 36 29
2907 23 63 66 32 26 75 268 158 29 37 36 29
2908 23 102 103 21 32 54 178 153 260 31 35 29
2909 23 55 59 21 34 88 246 212 288 17 35 29
2910 23 35 44 25 35 18 292 169 182 24 34 28
2911 22 1 1 38 33 41 410 21 24 24 35 29
2912 23 20 1 26 31 19 130 23 24 11 35 29
2913 23 42 47 39 29 52 252 122 35 38 36 29
2914 23 22 17 27 24 32 1053 28 28 33 35 29
2915 23 66 56 24 26 2 275 164 36 16 35 29
2916 22 1 1 36 19 27 260 33 24 22 34 28
2917 22 1 1 41 24 59 125 28 25 23 35 29
2918 22 1 1 27 23 30 93 22 30 11 34 29
2919 22 1 1 42 20 35 148 38 26 23 35 29
2920 22 1 1 32 26 24 308 15 25 7 34 28
2921 22 1 1 26 23 1 324 167 26 4 35 29
2922 23 25 1 32 46 116 369 18 33 5 35 29
2923 22 1 1 33 19 3 554 129 21 20 34 28
2924 23 83 84 22 33 1 183 287 32 34 35 29
2925 23 93 92 21 34 70 137 25 23 9 35 29
2926 23 119 119 18 38 25 225 157 26 14 35 29
2927 23 28 34 44 25 1 77 41 25 41 35 29
2928 22 1 1 44 19 1 257 48 26 27 34 28
2929 22 1 1 36 32 1 149 28 21 28 34 28
2930 23 121 116 25 37 47 275 31 27 13 35 29
2931 23 58 61 29 25 1 296 185 600 37 35 29
2932 22 1 1 27 31 1 191 121 21 10 34 28
2933 23 69 80 23 43 1 320 30 27 30 36 29
2934 23 91 95 27 36 36 373 165 28 36 36 29
2935 22 1 1 28 21 1 849 34 36 21 34 28
2936 22 1 1 24 34 57 227 23 28 7 35 28
2937 22 1 1 30 33 58 107 40 19 16 34 29
2938 22 1 1 21 29 1 217 43 29 9 34 29
2939 22 1 1 21 25 1 584 324 33 21 34 28
2940 22 1 1 27 16 12 439 37 24 31 35 29
2941 23 42 42 35 26 15 284 304 181 29 36 29
2942 23 21 17 32 22 14 307 45 27 41 36 29
2943 22 1 1 28 23 86 92 24 24 9 34 28
2944 23 17 28 38 26 68 537 18 24 26 35 29
2945 23 48 48 31 24 45 273 214 141 34 36 29
2946 23 46 28 27 24 1 387 23 27 5 35 29
2947 23 70 75 32 27 24 278 30 24 31 36 29
2948 23 70 74 29 46 67 235 26 29 1 35 29
2949 23 70 72 37 32 68 322 46 30 15 35 29
2950 23 36 30 28 22 2 440 28 24 36 36 29
2951 22 1 1 31 25 41 474 203 367 14 35 28
2952 22 1 1 23 21 60 84 20 29 26 35 29
2953 22 17 1 26 32 1 348 35 27 11 35 29
2954 23 74 77 20 42 1 339 153 28 9 35 29
2955 23 34 31 28 27 95 225 30 32 24 35 29
2956 23 71 81 21 29 21 404 17 26 29 36 29
2957 23 102 96 21 29 45 281 49 26 14 35 29
2958 22 1 1 37 15 44 183 98 198 14 34 28
2959 22 1 1 25 20 54 80 20 25 15 34 28
2960 22 1 1 35 31 1 417 22 30 2 35 29
2961 22 1 1 15 26 12 160 185 31 12 35 29
2962 23 100 105 18 30 1 272 1 33 13 35 29
2963 23 46 46 20 36 31 232 185 33 16 35 29
2964 23 13 1 24 21 9 175 214 251 23 35 29
2965 22 1 1 34 29 24 231 29 19 1 34 28
2966 22 1 1 24 32 60 359 14 28 5 34 28
2967 22 1 1 30 28 26 353 26 32 4 35 29
2968 22 1 1 28 37 11 299 246 28 12 35 28
2969 23 115 129 27 38 22 294 264 27 26 35 29
2970 22 16 1 13 36 15 276 184 326 1 34 28
2971 22 10 1 18 31 1 500 32 28 11 34 28
2972 22 1 1 33 24 30 136 159 264 18 34 28
2973 22 1 1 47 23 11 309 178 24 14 35 29
2974 23 16 12 24 36 50 442 24 35 18 35 29
2975 22 1 1 37 26 62 568 1 33 14 34 29
2976 23 14 9 31 20 33 265 239 25 36 36 29
2977 23 74 79 26 37 43 488 62 24 24 35 29
2978 22 1 1 35 27 68 555 38 31 22 34 28
2979 22 1 1 31 33 69 206 21 29 5 35 29
2980 23 77 78 20 33 23 249 23 31 12 35 29
2981 23 45 49 43 31 44 1058 39 34 42 36 29
2982 22 1 1 42 26 1 238 40 27 38 35 28
2983 23 35 32 16 36 43 250 30 32 5 35 29
2984 23 40 35 32 29 3 293 26 29 39 36 29
2985 22 1 1 23 27 1 440 17 28 7 34 29
2986 23 1 1 32 24 1 232 33 25 38 35 29
2987 22 1 1 11 37 7 189 21 25 5 35 29
2988 22 1 1 16 31 12 219 143 547 1 35 28
2989 23 36 43 20 43 52 348 20 26 22 35 29
2990 23 83 85 30 25 14 162 159 24 23 35 29
2991 23 20 21 30 24 13 499 33 29 37 36 29
2992 23 98 111 21 36 1 211 23 25 15 35 29
2993 23 33 31 28 38 5 105 21 30 17 35 29
2994 22 1 1 18 34 31 262 28 29 8 34 29
2995 23 27 11 27 28 1 205 31 21 38 36 29
2996 22 1 1 28 26 1 296 30 27 20 34 29
2997 23 37 35 26 24 1 227 39 29 34 35 29
2998 22 1 1 23 24 1 259 124 296 14 34 28
2999 22 1 1 23 23 6 555 311 32 26 34 28
3000 23 81 90 30 35 24 226 1 35 28 35 29
3001 23 69 73 29 34 1 334 146 18 30 36 29
3002 23 39 33 28 29 1 490 222 31 31 36 29
3003 23 73 77 26 25 45 260 135 18 15 35 29
3004 22 1 1 38 21 13 368 248 36 28 35 29
3005 23 17 15 32 26 1 305 43 28 38 36 29
3006 23 23 8 16 17 25 252 150 159 25 35 29
3007 23 91 100 31 26 16 329 252 27 34 36 30
3008 22 19 1 32 41 1 1145 1673 1638 18 35 29
3009 23 32 1 28 38 1 174 1 38 4 35 29
3010 23 20 17 31 23 43 163 40 19 38 36 29
3011 23 43 38 18 24 18 477 25 19 6 36 29
3012 23 64 75 22 32 105 290 19 32 25 35 29
3013 23 53 62 24 44 66 474 23 31 17 35 29
3014 23 81 87 34 27 49 199 226 802 29 36 29
3015 23 4 1 32 16 38 444 34 24 45 36 29
3016 23 30 29 18 33 54 344 45 25 29 35 29
3017 22 1 1 39 32 65 332 23 26 22 34 28
3018 22 1 1 35 31 1 191 1 178 1 34 28
3019 22 1 1 22 29 36 246 305 41 26 34 29
3020 22 1 1 34 23 1 115 20 38 36 35 28
3021 23 29 24 45 19 1 295 33 32 36 36 29
3022 23 42 44 43 36 50 155 26 34 34 36 29
3023 23 50 67 29 31 42 266 405 1298 29 35 29
3024 22 1 1 17 29 1 196 107 31 6 34 28
3025 22 1 1 18 28 1 260 30 27 24 35 29
3026 22 1 1 32 25 1 333 37 26 29 35 29
3027 22 15 1 26 40 125 666 19 31 1 35 29
3028 22 1 1 16 25 28 226 19 24 22 34 28
3029 23 31 32 30 32 53 175 33 49 12 35 29
3030 23 50 56 36 22 30 665 33 21 32 36 30
3031 22 1 1 29 23 62 296 221 32 32 35 29
3032 22 1 1 32 26 1 111 29 31 27 34 28
3033 23 60 67 31 33 97 218 220 414 18 35 29
3034 22 1 1 21 24 49 528 35 31 18 34 28
3035 22 1 1 33 7 18 589 247 25 27 34 28
3036 23 38 33 18 43 78 266 29 31 20 35 29
3037 23 12 1 27 30 69 195 27 34 10 35 29
3038 22 1 1 19 43 1 132 35 30 19 35 29
3039 23 49 48 24 32 65 309 137 28 34 36 30
3040 22 1 1 42 18 47 157 37 29 36 35 29
3041 23 43 47 24 33 17 84 32 33 29 36 29
3042 23 7 1 28 19 1 371 301 32 30 36 29
3043 23 36 31 30 31 39 415 1 27 29 35 29
3044 22 1 1 29 28 1 262 188 33 23 34 29
3045 23 54 61 35 26 71 333 103 34 23 35 29
3046 23 83 99 20 40 47 205 27 30 6 35 29
3047 23 134 163 26 40 74 286 22 31 26 35 29
3048 22 1 1 39 29 31 249 25 30 16 35 29
3049 23 55 64 24 31 36 341 285 27 30 35 29
3050 22 1 1 32 30 79 823 26 24 5 34 28
3051 23 86 91 19 30 12 362 18 24 20 35 29
3052 23 8 11 37 28 15 211 404 714 28 35 29
3053 23 81 90 23 31 11 178 28 28 24 35 29
3054 22 1 1 33 30 62 113 22 34 9 34 28
3055 23 123 140 11 31 1 379 26 25 20 35 29
3056 23 22 20 27 32 40 249 293 21 35 35 29
3057 23 33 33 17 36 78 349 193 27 1 35 29
3058 23 64 71 35 37 38 292 24 36 30 35 29
3059 23 20 13 27 26 14 463 24 29 13 35 29
3060 23 6 1 16 36 23 363 52 29 16 35 29
3061 23 90 92 18 35 19 397 26 27 15 35 29
3062 22 1 1 36 26 97 104 22 30 12 35 29
3063 23 28 27 32 29 33 211 147 27 16 35 30
3064 23 107 131 29 40 114 95 19 31 22 35 29
3065 23 60 60 18 36 43 353 28 29 8 35 29
3066 22 1 1 23 23 106 243 36 25 16 34 29
3067 23 54 66 33 37 102 317 23 26 20 35 29
3068 23 26 17 31 26 1 187 138 22 25 35 29
3069 23 25 9 20 29 1 157 184 747 25 35 29
3070 23 4 1 29 22 1 277 188 23 33 36 29
3071 23 41 1 43 27 70 449 24 29 25 35 29
3072 23 61 65 31 31 75 262 18 24 16 35 29
3073 22 1 1 44 33 76 178 232 1140 2 35 29
3074 23 128 142 10 38 59 232 140 30 30 36 29
3075 23 58 59 25 26 45 220 33 29 17 35 30
3076 23 47 49 33 35 65 219 30 38 11 35 29
3077 22 1 1 24 21 1 111 30 19 23 34 29
3078 22 1 1 28 29 1 482 266 36 27 35 29
3079 22 1 1 29 30 1 413 29 23 7 34 28
3080 22 52 1 22 38 100 445 25 28 11 35 29
3081 23 137 147 14 33 12 299 140 39 19 35 29
3082 23 42 36 14 29 15 243 33 32 29 36 29
3083 23 73 69 34 35 48 343 37 24 20 35 29
3084 22 1 1 26 29 40 245 32 31 29 34 28
3085 23 15 20 36 30 36 607 21 28 27 35 29
3086 22 1 1 17 31 1 119 20 27 1 34 28
3087 23 36 39 26 37 22 292 274 309 21 35 29
3088 23 4 1 10 22 55 252 91 38 13 35 29
3089 23 52 48 26 29 5 329 29 28 12 35 30
3090 22 1 1 32 31 30 357 291 37 14 34 28
3091 22 1 1 19 29 1 209 52 37 23 34 28
3092 23 33 32 24 38 90 205 24 34 22 35 30
3093 23 43 35 23 31 63 213 131 521 12 35 29
3094 22 1 1 32 36 35 397 26 30 17 35 29
3095 23 50 47 30 37 1 270 176 34 26 35 29
3096 23 15 17 26 25 1 185 169 22 23 35 29
3097 22 29 1 12 36 48 433 24 33 7 34 28
3098 23 55 34 33 21 11 395 30 27 8 35 29
3099 23 36 38 30 38 51 131 25 30 9 35 29
3100 22 1 1 38 13 8 209 355 15 30 34 28
3101 22 1 1 36 18 13 173 171 32 16 35 29
3102 23 41 43 20 30 1 110 30 30 23 35 29
3103 23 41 51 41 31 54 234 32 34 25 35 29
3104 23 61 70 31 31 1 405 28 29 30 36 30
3105 23 58 54 27 10 19 527 35 22 28 35 29
3106 23 82 85 15 39 14 145 219 509 23 35 29
3107 23 54 54 13 33 1 199 29 34 29 36 29
3108 22 1 1 26 31 66 308 192 26 18 35 29
3109 23 24 20 30 41 70 188 234 593 26 35 29
3110 22 1 1 26 17 31 230 29 24 18 34 28
3111 22 26 1 29 36 1 92 22 21 2 34 28
3112 23 87 91 23 36 72 252 17 32 17 35 29
3113 22 1 1 34 21 37 242 1 31 17 34 29
3114 23 35 39 22 37 1 481 22 27 29 36 29
3115 22 1 1 22 23 66 683 31 32 24 35 29
3116 23 48 51 27 27 27 437 18 31 18 35 29
3117 23 55 61 21 41 1 212 25 37 9 36 29
3118 23 40 45 15 34 80 314 159 376 17 35 29
3119 23 31 20 36 30 1 299 349 29 20 35 29
3120 22 1 1 43 21 1 117 52 25 19 34 28
3121 23 24 24 33 29 18 241 28 25 28 35 29
3122 23 13 15 28 30 64 200 206 606 23 35 29
3123 22 1 1 32 32 109 376 150 27 11 35 28
3124 23 30 11 36 19 83 125 26 36 22 35 29
3125 22 1 1 25 35 48 274 1 31 8 34 28
3126 23 64 62 19 35 68 327 277 308 17 35 29
3127 22 48 1 13 41 19 120 25 34 10 34 28
3128 22 18 1 22 32 1 374 156 28 10 34 28
3129 23 29 19 38 35 1 113 32 23 28 36 29
3130 22 1 1 28 29 1 311 22 29 15 34 28
3131 23 25 23 31 19 1 379 34 23 31 36 29
3132 23 31 18 31 27 1 744 249 25 12 35 29
3133 23 32 22 18 13 1 376 194 13 34 36 29
3134 23 18 12 16 36 51 404 50 33 12 35 29
3135 23 66 62 41 35 28 256 234 703 24 35 29
3136 21 1 1 24 20 10 338 32 27 17 34 28
3137 23 62 61 16 29 39 166 26 23 26 35 29
3138 23 7 3 26 34 82 383 30 27 14 35 29
3139 23 50 53 21 35 22 238 26 26 11 35 29
3140 23 34 34 19 35 70 308 271 552 12 35 29
3141 23 52 59 33 25 2 288 223 23 33 35 29
3142 23 26 25 34 21 17 236 22 31 18 35 29
3143 23 85 88 15 31 7 446 25 30 16 35 29
3144 23 63 65 33 28 60 122 54 36 25 35 29
3145 23 25 19 25 21 53 304 202 31 24 35 29
3146 23 46 44 19 30 97 143 22 28 19 35 29
3147 22 1 1 33 28 1 512 32 31 21 34 29
3148 23 126 137 11 45 1 134 32 35 25 35 29
3149 23 92 98 21 39 4 228 27 28 30 36 29
3150 23 49 46 35 30 1 327 247 26 21 35 29
3151 23 75 87 35 29 1 204 33 23 29 36 29
3152 23 31 37 35 43 41 261 1 36 20 35 29
3153 22 1 1 24 34 118 324 25 23 8 35 28
3154 24 86 89 30 35 61 94 35 27 32 36 30
3155 23 89 100 31 40 23 173 76 258 33 36 29
3156 23 55 59 21 38 30 117 32 31 22 35 29
3157 23 15 12 29 30 1 476 30 28 17 35 29
3158 22 1 1 30 31 29 337 17 40 14 35 29
3159 22 1 1 21 16 8 354 287 34 17 34 28
3160 23 40 33 23 34 21 309 71 26 17 35 29
3161 23 1 1 43 29 1 126 29 30 22 35 29
3162 23 49 46 19 27 40 217 187 33 29 36 29
3163 23 62 64 24 37 62 538 26 33 11 35 29
3164 22 1 1 21 26 44 239 158 27 6 35 29
3165 22 1 1 33 24 10 684 49 19 13 34 28
3166 23 74 74 34 32 11 237 222 294 8 36 29
3167 23 88 94 18 37 32 419 147 29 27 35 29
3168 23 51 62 32 36 1 213 159 29 34 36 30
3169 23 1 1 32 26 1 379 55 26 30 36 29
3170 22 1 1 46 26 79 183 42 26 29 35 29
3171 23 59 67 23 32 36 217 355 25 29 36 29
3172 23 77 89 23 38 53 170 340 35 27 36 29
3173 23 1 1 29 21 60 236 46 22 11 35 29
3174 23 97 103 17 33 19 228 23 37 41 36 29
3175 23 64 72 20 45 54 217 21 29 9 36 29
3176 23 50 56 27 40 4 194 24 27 18 35 29
3177 22 1 1 23 26 1 309 20 30 15 34 29
3178 22 1 1 40 33 1 232 29 30 20 35 29
3179 23 50 55 32 34 5 368 32 37 31 36 29
3180 23 42 47 24 37 94 260 1 37 22 35 29
3181 23 65 68 34 32 1 263 41 26 26 35 29
3182 23 84 6 20 38 73 420 28 30 7 35 29
3183 23 50 55 37 34 6 368 142 29 22 35 29
3184 23 20 20 26 32 1 218 131 30 16 35 29
3185 23 50 53 26 32 10 435 38 31 30 36 29
3186 22 1 1 17 22 1 453 308 27 14 35 29
3187 23 68 74 25 27 1 173 187 29 36 35 29
3188 22 1 1 31 27 4 200 27 37 32 34 28
3189 22 1 1 32 26 70 271 152 22 24 34 28
3190 22 4 1 19 38 20 198 99 30 1 34 28
3191 23 57 47 16 31 50 253 241 25 18 35 29
3192 22 1 1 30 34 32 521 12 32 18 34 29
3193 23 21 23 26 36 62 387 33 31 35 36 29
3194 22 1 1 11 33 21 209 20 28 1 35 29
3195 23 41 41 22 32 1 298 223 877 17 35 29
3196 23 47 52 26 24 48 286 75 28 31 35 29
3197 22 1 1 40 23 65 458 490 211 32 34 28
3198 22 1 1 22 25 4 202 1 30 1 34 28
3199 23 38 41 22 37 46 137 12 27 9 35 29
3200 23 43 38 22 29 44 225 32 33 25 35 29
3201 23 38 38 18 44 60 186 195 386 1 35 29
3202 22 1 1 25 31 3 138 26 27 5 34 28
3203 23 34 33 39 29 2 165 253 202 38 36 29
3204 22 1 1 35 26 1 314 37 24 26 35 29
3205 23 54 58 30 35 43 127 22 30 14 35 29
3206 23 33 29 33 28 1 301 32 28 38 36 29
3207 22 1 1 24 31 53 242 27 26 16 35 29
3208 23 42 40 24 28 41 185 29 25 14 35 29
3209 22 1 1 33 27 1 425 30 25 20 34 28
3210 23 38 41 19 44 42 422 26 29 1 36 29
3211 23 107 112 20 40 39 187 210 32 17 35 29
3212 23 16 1 38 27 1 277 271 27 38 35 29
3213 23 79 85 23 31 23 85 56 28 19 35 30
3214 23 89 91 30 39 7 248 161 27 14 35 30
3215 23 42 45 17 32 41 209 119 26 1 35 29
3216 23 62 61 15 41 37 248 227 29 33 36 29
3217 23 4 1 33 25 1 130 37 25 31 35 29
3218 23 1 1 32 27 51 533 176 32 19 35 29
3219 22 1 1 27 35 52 480 25 26 8 35 29
3220 23 26 22 22 35 23 436 130 33 26 35 29
3221 23 25 26 19 39 11 149 31 28 6 35 29
3222 22 1 1 22 29 1 92 19 24 12 34 29
3223 23 45 40 13 31 76 381 211 642 1 36 29
3224 23 47 40 27 26 1 198 65 35 44 36 29
3225 22 1 1 39 17 10 296 29 28 17 35 28
3226 22 1 1 28 27 29 284 198 24 25 34 28
3227 23 49 49 22 42 39 446 43 28 17 35 29
3228 23 46 50 31 24 28 592 23 29 17 36 29
3229 23 65 66 28 32 20 775 30 31 30 36 30
3230 22 1 1 35 32 79 261 243 29 16 34 28
3231 23 63 62 5 37 15 290 292 284 3 36 29
3232 23 58 35 22 29 94 173 24 29 1 35 29
3233 23 66 70 30 34 52 401 20 30 21 35 29
3234 23 32 34 34 32 1 587 328 28 31 35 29
3235 22 1 1 27 23 16 241 244 163 22 35 29
3236 22 1 1 28 30 40 324 22 35 19 34 29
3237 23 93 101 21 42 1 100 19 27 20 35 29
3238 22 1 1 36 23 5 357 37 30 23 34 29
3239 23 18 18 33 23 52 335 43 29 23 35 29
3240 23 35 36 25 35 9 183 32 33 30 36 29
3241 23 35 37 22 36 105 821 17 29 4 35 29
3242 23 55 62 22 39 46 404 25 28 1 35 29
3243 23 52 52 29 20 22 313 32 27 26 35 29
3244 23 32 25 27 21 20 212 33 30 33 36 29
3245 23 75 73 25 17 29 298 35 35 26 35 29
3246 22 1 1 24 27 62 198 207 30 13 34 29
3247 22 1 1 38 27 64 341 24 29 11 35 29
3248 23 63 66 32 31 75 260 28 29 22 35 30
3249 23 83 90 27 24 82 338 26 22 26 35 29
3250 23 41 1 34 29 13 352 30 26 15 35 29
3251 23 61 67 22 44 41 198 195 28 1 35 29
3252 22 1 1 22 28 12 405 29 27 17 34 29
3253 23 140 147 20 32 19 503 29 34 39 36 29
3254 22 1 1 27 23 52 302 38 29 29 35 29
3255 23 19 13 26 27 1 138 39 25 35 36 29
3256 23 61 71 41 27 13 261 43 25 37 36 29
3257 23 1 1 28 36 41 191 1 36 16 35 29
3258 23 1 1 40 29 37 187 1 33 33 35 29
3259 23 53 55 21 25 36 399 158 28 30 35 29
3260 23 21 12 30 41 101 94 21 34 4 36 30
3261 23 86 91 27 39 45 192 241 27 18 35 29
3262 23 77 86 15 37 19 745 16 24 1 35 29
3263 23 25 17 37 34 42 356 23 34 25 35 29
3264 23 64 66 20 36 41 456 184 21 9 35 29
3265 23 75 82 22 40 1 631 44 32 36 35 29
3266 22 1 1 31 24 52 281 224 27 30 35 28
3267 22 1 1 18 29 1 216 26 32 13 34 28
3268 22 1 1 27 25 17 267 207 25 6 34 28
3269 23 44 43 30 35 47 362 25 32 27 36 29
3270 23 66 73 26 36 42 167 33 360 5 35 29
3271 23 65 72 16 29 39 278 47 23 24 35 29
3272 23 17 13 17 42 1 279 22 32 1 35 29
3273 22 1 1 40 18 1 542 272 32 27 35 29
3274 23 4 1 31 26 1 492 43 28 36 35 29
3275 23 60 64 26 36 16 423 24 31 16 35 29
3276 22 1 1 22 26 13 172 40 35 15 34 28
3277 23 61 70 33 29 49 250 42 24 6 35 29
3278 23 73 77 14 40 1 252 19 23 4 35 29
3279 23 71 76 26 31 15 132 29 31 6 35 29
3280 23 1 1 22 35 62 794 18 28 1 35 29
3281 23 16 12 28 38 62 228 30 38 12 35 29
3282 23 43 47 26 33 14 318 127 28 26 35 29
3283 23 73 87 41 47 118 255 1 23 21 35 29
3284 23 56 58 11 37 1 312 25 28 1 35 29
3285 22 1 1 19 25 63 299 21 27 17 34 28
3286 22 1 1 21 30 1 390 26 33 34 35 28
3287 22 1 1 29 14 25 197 37 30 40 35 29
3288 23 75 80 23 36 69 407 23 27 8 36 29
3289 23 8 2 25 39 43 401 33 36 18 35 29
3290 23 53 63 37 31 27 214 112 228 11 36 29
3291 22 1 1 41 16 21 103 1 28 14 34 28
3292 23 60 57 21 40 32 228 130 256 17 35 29
3293 23 56 51 32 35 1 222 124 30 35 36 29
3294 23 16 8 32 26 1 81 23 30 16 35 29
3295 22 41 31 25 16 29 234 32 31 29 35 28
3296 22 1 1 30 25 1 308 31 25 33 34 28
3297 23 64 71 28 30 42 280 13 30 9 36 29
3298 23 73 73 18 33 33 269 29 26 15 35 29
3299 22 1 1 31 23 49 519 1 27 26 34 28
3300 23 14 1 28 29 18 151 35 27 34 36 29
3301 23 54 49 16 32 2 367 30 27 16 35 29
3302 23 1 1 26 23 19 319 42 28 27 35 29
3303 23 54 55 39 23 25 355 31 21 39 36 29
3304 23 13 18 27 40 26 243 19 31 2 35 29
3305 22 1 1 39 18 37 353 31 32 17 35 29
3306 23 92 94 17 44 7 489 17 30 7 35 29
3307 22 1 1 33 29 1 429 32 28 24 34 29
3308 23 33 36 37 36 38 202 206 32 42 36 29
3309 23 115 119 17 44 1 419 149 30 24 35 29
3310 23 71 80 37 39 74 464 300 26 24 35 29
3311 23 8 1 27 34 1 190 222 593 24 35 29
3312 23 26 16 23 24 1 351 25 29 41 35 29
3313 23 68 65 19 35 17 256 1 36 35 36 29
3314 23 40 45 19 44 9 292 87 34 11 35 29
3315 22 1 1 23 17 23 459 20 30 31 35 28
3316 22 1 1 29 33 1 315 37 37 18 34 28
3317 23 63 66 27 36 53 211 35 38 29 35 29
3318 23 6 1 20 32 27 121 12 33 15 35 29
3319 23 58 53 10 30 21 119 33 31 17 35 29
3320 22 1 1 28 21 41 253 218 23 13 34 29
3321 22 1 1 38 20 25 243 327 779 17 35 29
3322 23 40 42 40 28 1 291 40 30 36 35 29
3323 23 37 47 29 30 1 292 28 26 23 35 29
3324 22 1 1 32 35 76 179 232 29 25 34 28
3325 23 58 56 34 24 11 213 33 28 34 36 29
3326 23 81 89 15 34 1 320 30 29 17 36 29
3327 23 16 30 29 38 1 186 35 24 23 35 29
3328 23 32 25 29 28 27 214 28 25 32 36 29
3329 23 66 74 24 40 55 198 19 29 15 35 29
3330 22 1 1 25 28 36 121 30 26 33 35 29
3331 23 49 60 34 33 1 1016 1 33 30 36 29
3332 22 1 1 23 32 65 187 26 26 3 34 28
3333 23 1 1 19 23 8 289 268 185 23 35 29
3334 23 45 39 23 28 44 302 26 34 12 36 29
3335 22 1 1 43 26 1 329 157 27 39 35 29
3336 22 1 1 35 21 12 256 212 28 14 35 29
3337 23 62 61 28 26 1 117 34 30 27 36 29
3338 22 1 1 45 23 1 825 44 32 35 35 29
3339 22 1 1 22 24 2 249 23 28 1 35 29
3340 22 1 1 35 26 39 151 22 27 7 35 29
3341 22 1 1 31 26 1 383 269 280 1 35 29
3342 23 1 7 30 27 34 213 38 41 38 36 29
3343 23 119 105 27 38 97 455 36 29 34 36 29
3344 23 42 50 28 35 37 239 261 162 30 36 29
3345 23 146 121 13 34 31 134 214 29 28 35 29
3346 23 32 33 25 24 38 252 1 28 31 35 29
3347 23 75 72 28 30 1 219 23 29 17 35 29
3348 22 1 1 25 18 60 278 248 280 23 35 29
3349 22 1 1 34 26 15 342 189 28 11 34 28
3350 23 58 63 32 30 25 394 33 26 32 36 30
3351 23 65 45 16 36 21 197 29 28 6 35 29
3352 22 1 1 41 23 1 234 38 29 29 35 28
3353 22 1 1 26 32 1 464 221 30 16 34 28
3354 23 62 57 29 29 1 283 36 24 31 35 29
3355 22 1 1 24 36 7 352 37 30 5 35 29
3356 23 42 53 40 31 1 263 249 343 28 35 29
3357 23 44 27 16 31 12 376 33 26 17 35 29
3358 22 1 1 44 27 29 76 1 22 21 34 28
3359 23 49 34 24 26 60 545 27 28 16 35 29
3360 23 48 45 22 37 12 328 176 31 23 35 29
3361 22 1 1 21 37 1 663 392 724 14 34 28
3362 22 1 1 22 36 18 491 21 32 2 35 29
3363 22 1 1 33 23 84 223 1 31 10 34 28
3364 22 1 1 33 22 5 100 1 36 13 34 28
3365 22 1 1 15 41 1 310 36 29 2 35 28
3366 22 1 1 8 32 3 196 263 30 20 34 28
3367 23 32 36 30 38 1 301 1 576 29 35 29
3368 23 53 33 19 27 1 323 187 31 14 35 29
3369 23 31 33 27 31 1 89 20 30 20 35 30
3370 22 11 1 30 24 1 282 272 27 22 34 28
3371 22 1 1 26 35 48 447 47 28 10 35 29
3372 23 23 32 37 20 52 305 32 28 36 35 29
3373 23 48 43 13 37 63 272 32 27 7 35 29
3374 23 6 22 35 29 1 429 28 29 29 35 29
3375 22 1 7 23 32 1 324 21 29 20 34 28
3376 23 32 51 22 31 14 197 369 986 27 35 29
3377 23 20 29 34 35 82 614 27 25 29 35 29
3378 23 28 21 14 36 9 206 32 28 12 35 29
3379 23 124 118 25 35 14 203 25 29 34 36 29
3380 23 41 50 25 25 1 239 35 28 38 36 29
3381 23 51 38 19 32 29 628 510 252 20 35 29
3382 23 46 46 29 35 18 197 26 24 16 35 29
3383 22 1 1 30 38 61 258 25 31 19 34 28
3384 22 1 1 23 31 17 288 161 22 7 34 28
3385 23 2 11 29 33 5 520 187 25 18 35 29
3386 23 26 31 39 21 21 307 38 26 35 36 29
3387 23 47 39 24 30 14 366 20 31 11 36 29
3388 23 4 1 27 38 1 370 29 36 19 35 29
3389 23 57 65 26 39 23 382 26 25 29 36 29
3390 23 1 1 30 26 15 355 283 26 31 35 29
3391 23 97 59 8 29 12 254 225 28 16 35 29
3392 22 1 1 16 37 16 344 61 24 4 35 28
3393 22 1 1 27 30 1 531 24 28 1 34 29
3394 23 13 1 35 27 28 123 36 23 22 35 29
3395 23 1 1 34 25 37 210 23 30 27 35 29
3396 23 29 1 30 33 1 123 15 35 14 35 29
3397 22 1 1 40 25 1 303 116 27 22 34 28
3398 23 49 1 12 26 15 262 16 25 8 35 29
3399 22 1 1 28 36 1 216 193 195 2 35 29
3400 23 21 19 24 25 77 124 21 31 18 35 29
3401 22 1 1 22 23 40 419 18 35 19 34 28
3402 23 38 39 39 24 1 211 39 27 30 36 30
3403 23 76 62 23 29 45 181 19 31 23 35 29
3404 22 1 1 27 31 63 187 289 34 4 35 28
3405 23 29 12 22 31 7 296 361 74 13 35 30
3406 22 1 1 19 23 1 257 128 32 10 34 29
3407 23 28 52 27 31 24 137 28 32 31 36 29
3408 23 35 34 37 31 1 117 1 30 21 35 29
3409 22 1 1 22 36 35 121 1 39 13 34 28
3410 23 49 47 22 39 1 218 167 318 18 35 29
3411 23 39 26 10 41 1 207 202 27 4 35 29
3412 23 31 23 20 34 18 293 30 22 2 35 29
3413 22 1 1 27 16 2 246 31 26 28 34 28
3414 23 30 24 27 31 82 191 25 34 19 35 29
3415 23 26 38 36 33 28 285 97 32 29 36 29
3416 23 43 23 17 29 1 354 383 26 18 35 29
3417 23 67 70 13 34 36 271 142 31 34 36 29
3418 23 26 24 30 33 44 122 30 22 22 35 29
3419 23 4 6 23 30 6 291 61 26 22 35 29
3420 22 1 1 36 32 45 292 30 41 24 34 28
3421 23 68 65 10 39 25 367 19 26 15 35 29
3422 23 52 57 18 39 1 258 276 360 24 35 29
3423 23 16 21 14 24 17 265 246 35 25 35 29
3424 22 1 1 30 20 1 275 213 449 32 35 29
3425 22 1 1 45 20 51 212 25 26 32 34 28
3426 23 36 31 30 25 74 445 411 650 18 35 29
3427 22 1 13 27 23 57 360 166 38 20 34 28
3428 23 102 82 18 38 22 932 26 20 14 35 29
3429 23 1 4 41 21 1 208 258 427 29 35 29
3430 22 1 1 38 26 14 119 24 35 11 34 28
3431 22 1 1 33 29 116 215 108 29 24 34 29
3432 23 5 5 29 35 3 302 27 34 11 35 29
3433 22 1 1 32 26 75 399 30 23 14 34 29
3434 23 28 1 39 27 31 266 38 35 22 35 29
3435 23 55 59 17 32 27 92 18 30 32 36 29
3436 23 35 1 23 24 17 305 23 29 21 35 29
3437 23 1 26 36 27 1 107 34 28 21 35 29
3438 23 22 17 31 28 1 117 33 28 19 35 29
3439 23 35 33 13 38 3 190 141 26 9 36 29
3440 23 62 68 26 39 1 260 18 31 25 35 29
3441 23 1 7 32 20 19 352 23 28 19 35 30
3442 23 54 49 29 32 63 444 380 404 16 35 29
3443 23 43 47 22 31 1 287 203 23 24 35 29
3444 23 4 28 27 38 3 200 197 27 25 35 29
3445 22 1 1 39 19 37 286 38 30 22 34 28
3446 23 62 53 26 29 53 205 260 41 24 35 29
3447 22 1 1 39 25 89 179 38 34 23 35 29
3448 22 1 1 22 24 1 806 8 33 14 34 28
3449 23 52 50 16 32 1 232 146 223 26 35 29
3450 22 15 1 28 35 106 219 29 25 13 35 29
3451 23 1 1 20 32 25 312 26 21 16 35 29
3452 22 1 1 28 22 22 640 24 25 5 34 28
3453 22 1 1 36 32 69 239 30 27 17 35 28
3454 23 49 46 29 15 24 338 214 24 28 36 29
3455 23 26 27 32 30 81 206 143 282 29 35 29
3456 23 49 46 33 27 52 289 20 28 26 36 29
3457 23 24 29 39 27 39 487 41 26 27 35 29
3458 23 64 65 19 44 59 179 124 1008 12 35 29
3459 23 40 40 34 29 1 260 36 34 34 36 29
3460 23 26 24 26 38 42 252 30 30 14 35 29
3461 22 1 1 24 28 27 604 44 25 6 34 28
3462 22 1 1 26 25 1 251 224 22 27 35 29
3463 23 25 33 22 26 28 165 226 34 28 35 30
3464 23 101 92 24 34 46 253 32 35 24 35 29
3465 23 1 14 33 31 79 265 33 37 25 35 29
3466 23 36 45 26 40 1 483 234 651 20 35 29
3467 23 138 116 16 41 79 125 17 29 19 35 29
3468 22 1 1 38 23 52 109 23 26 11 34 28
3469 23 20 8 23 29 1 97 16 31 19 35 29
3470 22 1 1 14 27 68 584 39 31 27 35 29
3471 22 1 1 30 20 33 417 29 23 30 35 29
3472 23 42 42 19 34 19 593 28 28 19 35 29
3473 22 1 1 27 13 20 128 29 20 15 34 28
3474 23 27 22 21 30 35 440 154 25 9 35 29
3475 23 36 34 28 34 40 390 24 35 9 35 29
3476 23 26 33 29 26 37 304 27 24 30 36 29
3477 23 14 15 22 34 68 543 19 26 6 35 29
3478 23 23 26 31 30 106 175 20 28 22 35 29
3479 22 1 1 45 23 79 103 23 32 21 34 28
3480 23 58 55 21 27 46 469 38 21 31 36 29
3481 23 63 50 19 38 19 362 23 28 11 35 29
3482 23 65 66 31 38 29 311 29 37 16 35 29
3483 22 1 1 38 25 18 151 23 27 13 34 29
3484 23 58 53 27 23 20 629 1061 31 28 35 29
3485 23 37 44 39 25 27 207 37 30 37 36 29
3486 23 35 26 16 37 77 149 25 27 4 35 29
3487 23 52 45 43 25 82 127 37 32 30 36 29
3488 23 1 25 24 29 15 271 26 25 5 35 29
3489 23 36 48 40 28 54 338 31 29 41 36 29
3490 23 38 40 27 39 16 814 149 30 1 35 29
3491 23 94 73 22 20 42 101 44 31 33 36 29
3492 23 74 63 23 29 47 828 32 22 26 35 29
3493 23 48 44 26 28 29 226 159 29 33 35 29
3494 23 35 37 18 32 70 377 154 31 9 35 29
3495 22 1 1 25 22 15 247 25 27 15 34 28
3496 22 1 1 25 20 12 160 240 888 13 35 28
3497 23 83 59 16 29 17 310 259 30 16 36 30
3498 23 55 51 28 34 1 222 32 29 28 36 29
3499 22 1 1 40 24 1 199 408 268 39 35 29
3500 23 19 29 35 29 88 619 27 27 26 35 29
3501 22 19 1 34 29 9 910 48 27 15 35 29
3502 22 1 1 38 22 79 362 237 298 25 34 29
3503 23 101 93 29 41 60 440 31 34 38 36 29
3504 22 1 1 32 23 13 283 35 30 30 35 28
3505 22 1 1 37 36 56 331 14 28 1 35 29
3506 22 1 1 31 29 18 189 220 246 25 34 29
3507 23 33 10 10 35 17 303 166 24 1 35 29
3508 23 1 26 35 24 1 178 37 24 34 35 29
3509 22 1 1 32 30 26 111 21 21 9 35 29
3510 22 1 1 31 39 48 513 254 30 16 35 29
3511 23 28 37 29 24 61 484 476 28 34 36 29
3512 22 1 1 16 29 1 330 24 28 5 34 29
3513 23 30 31 19 28 7 299 23 32 18 35 29
3514 22 1 1 30 38 1 414 149 32 11 34 29
3515 22 1 1 30 35 1 406 319 27 9 35 29
3516 22 1 1 30 25 1 511 21 27 12 34 29
3517 23 58 71 38 38 41 362 24 33 27 35 30
3518 23 1 4 33 21 1 210 125 30 32 35 29
3519 23 33 21 32 20 16 82 18 33 25 35 29
3520 22 1 1 30 24 1 697 32 26 25 34 29
3521 23 65 60 27 34 24 278 488 31 19 35 30
3522 22 1 1 41 18 35 212 269 26 28 35 29
3523 23 1 6 18 38 1 187 26 32 25 35 29
3524 23 51 46 17 39 17 327 23 29 5 35 29
3525 23 32 43 31 39 59 228 21 29 16 35 29
3526 22 1 1 30 31 42 488 173 26 7 35 29
3527 23 40 41 25 42 37 264 23 30 15 35 29
3528 22 1 1 40 25 26 281 188 31 18 34 29
3529 23 105 81 27 26 30 149 24 30 29 36 29
3530 23 150 133 11 37 55 200 40 20 37 36 29
3531 23 25 38 27 39 16 378 38 34 28 35 29
3532 23 27 30 29 27 1 239 31 30 37 36 29
3533 23 3 10 36 23 13 117 36 28 37 36 29
3534 22 1 1 24 24 1 231 5 28 13 34 28
3535 23 44 44 20 38 1 346 23 27 13 35 29
3536 23 28 20 20 34 77 326 111 27 9 35 29
3537 23 24 32 35 28 29 432 34 26 38 36 29
3538 23 18 39 23 37 16 365 27 36 35 36 29
3539 23 11 15 28 28 1 212 39 30 34 36 29
3540 22 1 1 27 43 1 520 22 33 16 34 28
3541 23 18 27 29 29 53 283 88 478 33 35 29
3542 22 1 1 37 27 1 352 22 29 10 35 29
3543 22 1 1 32 28 25 130 16 30 15 34 29
3544 22 1 1 31 14 7 411 40 24 19 35 28
3545 23 86 76 23 32 25 157 27 31 22 35 29
3546 22 1 1 36 19 1 291 30 39 27 35 29
3547 23 112 79 6 31 50 437 34 28 29 36 29
3548 23 11 14 32 22 51 262 462 428 37 36 29
3549 23 34 33 33 37 54 244 209 781 9 35 29
3550 23 80 77 10 40 1 206 40 29 32 36 29
3551 24 55 65 56 40 18 340 117 30 31 36 29
3552 23 25 23 31 34 87 333 23 29 23 35 29
3553 23 32 33 17 28 56 260 41 25 27 35 29
3554 23 53 52 28 30 19 245 173 26 22 35 29
3555 23 48 52 16 33 1 230 32 21 32 35 29
3556 22 20 16 16 33 45 308 170 30 1 35 29
3557 23 1 16 37 21 41 436 44 60 30 35 29
3558 21 1 1 21 31 1 145 19 30 23 34 28
3559 23 8 9 28 27 13 284 22 32 10 35 29
3560 23 79 62 22 28 13 391 162 23 12 34 28
3561 21 1 1 37 16 53 261 17 32 28 34 28
3562 23 116 101 26 43 14 214 293 266 21 35 29
3563 22 77 1 25 33 18 321 18 27 8 34 28
3564 23 65 72 16 37 25 285 253 31 25 35 29
3565 23 1 4 34 30 1 549 33 25 27 35 29
3566 22 1 1 23 26 1 125 21 38 17 34 29
3567 23 47 38 27 34 42 222 337 29 4 36 29
3568 23 20 38 31 33 1 155 23 35 26 35 29
3569 23 45 43 26 39 1 213 22 26 11 35 29
3570 23 102 98 22 32 75 374 47 33 35 36 29
3571 23 8 24 43 18 29 393 49 27 46 36 29
3572 23 42 31 30 31 49 417 27 40 13 35 29
3573 23 73 57 25 24 9 262 218 35 25 35 29
3574 23 92 87 29 38 53 610 27 19 29 36 30
3575 23 125 108 21 31 9 244 44 27 29 36 30
3576 23 45 41 20 25 17 292 63 31 23 35 29
3577 23 35 36 36 26 45 276 244 29 18 35 29
3578 23 45 49 29 38 120 209 131 31 14 35 29
3579 23 23 26 32 33 27 122 34 27 25 35 29
3580 23 98 79 26 44 80 436 404 29 18 35 30
3581 22 1 1 32 21 25 389 1 37 9 34 29
3582 23 59 53 28 27 7 278 245 26 22 35 29
3583 23 1 11 31 32 18 351 16 30 27 35 29
3584 22 1 1 20 24 4 326 212 31 13 34 29
3585 23 160 153 24 50 76 234 210 33 32 36 29
3586 23 77 69 33 20 36 790 31 28 39 36 29
3587 23 29 38 13 41 6 275 263 29 20 34 28
3588 22 11 1 19 35 1 274 135 562 4 35 29
3589 22 1 1 25 16 19 236 158 33 21 35 29
3590 22 1 1 29 32 41 894 1037 398 8 35 29
3591 23 1 1 44 21 34 483 62 23 27 35 29
3592 23 50 1 21 27 1 247 213 211 16 35 29
3593 22 1 1 11 32 29 287 17 30 1 35 29
3594 23 46 49 38 27 1 280 178 24 40 36 29
3595 23 1 10 36 26 26 245 31 25 36 36 29
3596 22 1 1 26 36 53 307 20 34 23 35 29
3597 23 1 11 37 30 57 223 178 634 31 36 29
3598 23 55 66 30 29 41 344 37 25 34 36 29
3599 22 1 1 14 35 46 339 14 26 1 35 28
3600 23 16 1 25 32 42 349 222 435 12 35 29
3601 23 79 77 21 44 39 730 37 28 17 36 29
3602 23 37 37 43 24 34 421 38 29 40 36 29
3603 22 1 1 20 29 12 242 84 27 19 34 29
3604 23 1 1 24 26 8 136 23 30 27 35 29
3605 23 77 70 21 43 1 354 368 27 25 35 29
3606 23 35 15 16 31 1 361 26 22 1 35 29
3607 22 1 1 25 38 25 214 27 31 1 35 28
3608 23 73 81 40 35 1 305 32 32 34 35 29
3609 22 1 1 30 22 34 181 38 30 14 34 28
3610 23 33 39 29 37 5 288 33 27 25 35 29
3611 23 21 15 34 24 1 219 29 29 26 35 29
3612 23 18 27 26 34 30 202 34 35 36 36 29
3613 23 18 39 30 34 1 1756 25 401 35 36 29
3614 22 1 1 41 19 29 220 153 22 20 35 29
3615 23 15 23 31 38 25 400 249 27 21 35 29
3616 23 31 39 37 31 1 276 139 28 27 36 29
3617 23 50 1 33 37 3 333 159 22 22 35 29
3618 23 89 91 19 30 54 109 20 29 33 36 29
3619 23 82 61 27 35 1 138 32 30 15 35 29
3620 23 7 7 26 22 17 186 33 30 34 36 29
3621 23 1 1 26 22 1 281 38 26 28 35 29
3622 23 39 29 12 41 23 303 218 33 3 35 29
3623 23 83 82 20 34 1 438 32 23 19 35 29
3624 23 1 6 26 31 88 278 31 32 12 35 29
3625 23 30 33 32 35 35 211 25 23 27 35 29
3626 23 44 42 26 38 95 244 188 37 6 36 29
3627 22 1 1 31 25 45 367 20 30 8 35 29
3628 23 48 37 27 31 46 253 208 32 9 35 29
3629 23 88 73 27 36 14 173 278 21 21 35 29
3630 22 1 1 32 30 1 106 23 28 18 34 28
3631 23 20 28 22 37 14 122 1 44 22 35 29
3632 23 128 94 27 25 59 86 33 31 26 35 29
3633 23 69 64 25 29 7 122 29 25 22 35 29
3634 23 85 67 29 26 12 284 40 23 30 36 29
3635 23 69 72 43 26 126 281 28 36 36 36 30
3636 23 5 15 40 23 1 383 33 20 34 36 29
3637 22 1 1 39 39 34 335 220 30 8 35 29
3638 23 63 58 32 26 18 229 195 28 27 36 30
3639 23 40 38 29 30 39 235 28 35 15 36 29
3640 23 30 35 31 37 5 275 27 27 11 36 29
3641 23 30 15 17 36 1 120 24 29 11 35 29
3642 23 41 44 36 26 19 213 35 27 34 36 30
3643 23 1 1 30 29 23 401 32 26 26 35 29
3644 23 141 108 9 38 1 352 1 38 21 35 29
3645 23 77 65 24 39 1 303 319 31 23 35 29
3646 23 66 68 20 36 15 293 26 35 21 35 29
3647 23 52 61 46 28 38 264 69 25 34 36 29
3648 23 17 12 35 24 24 303 1 31 15 35 29
3649 23 62 63 22 37 1 254 17 32 26 35 29
3650 23 19 20 38 30 122 326 15 20 13 35 29
3651 23 8 20 24 34 14 432 34 30 21 35 29
3652 22 1 1 32 23 34 205 28 26 19 35 29
3653 23 39 35 20 36 17 320 24 30 32 36 29
3654 23 15 18 22 39 121 556 22 33 13 35 29
3655 23 51 27 22 27 1 272 199 33 10 35 29
3656 23 40 44 24 38 31 306 17 26 24 35 29
3657 22 1 1 24 27 23 269 42 22 8 34 29
3658 23 36 30 17 22 12 319 16 29 17 35 29
3659 22 1 1 26 35 11 492 15 24 20 35 29
3660 23 7 29 25 34 68 487 20 29 25 35 29
3661 23 30 21 22 32 19 1351 751 524 19 35 29
3662 23 64 47 13 39 47 291 25 27 4 35 29
3663 22 1 1 23 20 7 253 43 25 12 34 28
3664 23 81 60 17 30 37 245 28 32 20 35 29
3665 22 1 1 28 20 24 175 245 27 11 34 28
3666 23 5 18 30 39 90 208 170 514 21 35 29
3667 22 1 1 25 28 1 228 29 37 18 34 28
3668 23 23 34 33 25 1 443 38 32 28 35 29
3669 23 88 79 26 28 49 227 27 30 25 35 29
3670 23 14 25 25 42 1 133 30 37 9 35 29
3671 23 9 28 23 27 14 289 1 36 34 36 29
3672 22 1 1 26 18 1 88 24 19 1 34 28
3673 22 1 1 25 29 18 246 138 34 11 34 28
3674 23 46 47 30 29 49 214 29 38 23 35 29
3675 22 1 1 28 19 1 274 211 29 29 35 29
3676 22 1 1 22 19 3 631 27 25 22 34 28
3677 23 6 17 28 30 7 174 25 29 22 35 29
3678 23 44 49 20 31 53 213 22 35 22 35 29
3679 23 36 31 25 32 80 212 149 34 15 35 29
3680 23 15 34 28 31 1 270 474 27 31 35 29
3681 22 1 1 23 29 67 359 224 38 17 34 28
3682 23 32 27 27 32 25 222 26 32 18 35 29
3683 23 36 34 45 32 1 355 36 27 28 36 29
3684 23 12 37 36 29 55 144 33 24 33 36 29
3685 22 1 1 22 32 39 232 272 32 11 34 28
3686 23 5 30 24 35 5 468 51 33 33 35 29
3687 23 35 41 40 28 1 232 27 25 32 35 29
3688 23 28 25 33 35 1 338 204 26 22 35 29
3689 23 12 18 19 34 12 390 279 27 18 35 29
3690 23 88 74 21 34 70 447 30 33 25 35 29
3691 23 33 27 27 36 61 116 29 28 13 35 29
3692 23 112 26 11 40 11 2003 22 23 1 35 29
3693 23 21 17 24 32 1 128 27 32 16 35 29
3694 23 42 53 27 34 62 225 25 21 26 35 29
3695 23 55 47 23 35 51 475 25 29 11 35 29
3696 23 22 19 29 26 33 297 27 27 19 35 29
3697 22 1 1 29 31 32 355 445 25 18 35 29
3698 22 1 1 31 18 67 228 167 643 21 34 29
3699 23 36 40 32 28 23 130 176 34 36 36 30
3700 23 44 53 38 37 1 241 32 31 39 36 29
3701 24 56 69 17 52 1 526 165 192 22 36 30
3702 22 1 1 33 21 1 433 26 19 13 35 28
3703 22 1 1 24 26 69 355 24 29 17 35 29
3704 23 18 26 41 28 1 185 33 23 30 36 29
3705 22 1 1 30 29 84 226 125 26 15 34 28
3706 23 36 34 24 25 40 262 23 26 25 35 29
3707 23 52 48 24 35 100 392 27 28 17 35 29
3708 23 60 58 17 37 56 282 150 35 12 35 29
3709 22 1 1 24 18 38 113 26 28 13 35 29
3710 22 1 1 27 23 54 824 33 24 11 35 29
3711 23 35 13 25 31 18 438 19 28 10 35 29
3712 23 18 17 20 29 23 347 226 370 16 35 29
3713 22 1 1 31 31 1 102 30 24 21 34 28
3714 22 1 1 24 22 7 187 152 37 21 34 29
3715 23 60 46 21 31 1 336 23 51 21 35 29
3716 22 1 1 22 31 13 232 19 38 27 35 29
3717 23 45 37 25 26 44 421 44 29 16 35 29
3718 23 20 25 38 25 1 481 35 30 32 36 29
3719 23 80 79 25 40 78 124 17 25 25 35 29
3720 22 1 1 31 29 41 200 24 32 19 35 29
3721 23 18 14 19 25 46 379 135 22 14 35 29
3722 23 39 50 34 40 113 260 131 28 20 35 29
3723 22 1 1 38 28 15 193 20 25 17 34 28
3724 23 92 91 16 37 43 275 262 24 26 35 29
3725 23 3 14 36 24 1 329 36 31 30 36 29
3726 22 1 1 27 16 1 296 178 32 15 35 29
3727 23 51 51 26 37 81 283 145 31 14 35 29
3728 23 17 30 45 32 91 264 47 28 28 35 29
3729 23 47 1 30 26 4 530 236 25 16 35 29
3730 23 49 50 33 33 33 139 29 34 26 35 29
3731 23 10 23 29 30 1 300 284 34 21 35 29
3732 23 16 27 25 33 49 388 221 594 13 35 29
3733 23 41 44 23 30 17 88 23 19 24 35 29
3734 23 62 52 29 36 62 255 22 24 19 35 29
3735 22 1 1 37 33 30 192 34 29 17 35 29
3736 23 86 73 36 36 1 365 38 30 26 35 29
3737 23 3 19 29 33 41 115 28 27 20 35 29
3738 23 19 23 23 27 12 297 28 25 15 35 29
3739 22 1 1 24 12 6 2004 140 26 25 34 28
3740 22 1 1 28 24 7 353 165 32 20 34 28
3741 23 83 88 35 36 1 250 261 167 34 36 30
3742 23 67 63 25 33 64 235 168 34 26 35 29
3743 23 21 23 27 24 1 509 35 31 33 36 29
3744 23 98 75 30 42 1 257 1 30 4 35 29
3745 22 1 1 22 25 1 639 20 19 14 34 28
3746 23 55 44 19 32 8 372 25 32 21 35 30
3747 23 32 38 40 29 30 388 247 87 21 35 29
3748 23 34 31 18 32 13 215 157 39 18 35 30
3749 23 48 35 17 32 36 289 129 629 17 36 30
3750 22 1 1 37 26 30 773 36 27 21 35 29
3751 22 1 1 29 7 1 80 20 21 8 34 28
3752 22 1 1 32 35 1 82 1 19 8 34 28
3753 23 63 53 24 24 37 244 316 140 14 35 29
3754 23 14 16 36 28 49 253 123 26 24 35 29
3755 23 20 21 24 35 64 213 208 30 13 35 29
3756 23 146 129 17 42 10 324 108 29 21 35 29
3757 23 6 22 38 19 15 295 846 402 43 35 29
3758 23 83 69 23 37 27 356 156 21 12 35 29
3759 22 1 1 32 30 93 281 697 346 12 35 29
3760 22 1 1 33 22 8 308 318 32 24 34 29
3761 23 33 50 36 33 34 213 30 33 32 36 29
3762 23 24 29 33 39 1 240 22 29 8 35 29
3763 22 1 1 28 24 42 334 29 38 21 35 29
3764 22 1 1 14 28 33 126 25 30 1 35 29
3765 23 26 36 41 14 57 342 45 28 30 36 29
3766 23 28 16 25 33 6 215 150 32 22 35 29
3767 23 68 72 21 38 14 595 50 28 29 36 29
3768 23 4 22 22 26 27 364 198 31 32 35 29
3769 23 2 13 37 19 62 303 36 32 29 36 29
3770 23 74 59 23 36 1 300 216 28 14 35 29
3771 23 51 44 33 37 61 238 180 27 20 35 29
3772 22 62 1 24 31 29 1007 97 130 9 34 28
3773 23 22 20 26 31 1 579 32 29 26 35 29
3774 23 111 99 18 43 58 268 241 295 29 36 29
3775 23 29 30 24 32 6 264 1 26 21 35 29
3776 23 62 65 23 38 25 340 116 39 26 35 29
3777 23 77 79 20 35 1 1066 27 22 15 35 29
3778 22 1 1 36 24 9 170 29 31 21 34 28
3779 22 1 1 15 28 54 206 21 27 2 34 28
3780 23 38 39 34 36 1 293 198 39 15 35 29
3781 22 1 1 38 21 1 323 33 34 32 35 29
3782 24 35 30 15 26 17 268 23 23 30 36 30
3783 23 51 39 21 34 31 166 22 29 9 36 29
3784 22 1 1 23 25 1 212 276 25 1 35 29
3785 23 57 64 34 35 39 398 1 30 23 35 29
3786 23 12 16 33 26 17 213 186 48 21 35 29
3787 23 15 21 44 24 30 488 40 32 28 35 29
3788 23 33 30 31 17 26 302 173 29 19 35 30
3789 23 37 50 44 27 31 414 40 32 42 36 29
3790 22 1 1 27 37 59 841 951 25 10 35 29
3791 23 28 28 40 26 22 414 180 26 33 36 29
3792 23 44 47 30 29 1 387 33 24 32 36 29
3793 23 14 21 20 32 1 204 35 30 16 35 29
3794 23 20 40 31 39 88 94 29 30 26 35 30
3795 23 72 66 32 34 32 180 32 29 29 36 29
3796 23 1 21 23 24 1 111 24 34 40 36 29
3797 23 1 4 35 16 31 173 168 38 32 36 29
3798 23 11 15 26 21 81 270 1 31 24 35 29
3799 23 1 24 39 32 20 272 210 36 23 35 29
3800 22 1 1 23 31 1 121 30 35 16 35 29
3801 23 5 14 35 22 48 214 135 26 35 36 29
3802 23 50 63 32 38 16 778 25 32 32 36 29
3803 23 49 39 23 37 62 281 257 486 18 36 29
3804 22 1 1 19 37 1 319 25 34 1 34 29
3805 22 1 1 33 30 3 491 39 27 19 35 29
3806 23 1 1 25 33 1 494 119 26 8 35 29
3807 23 1 1 35 24 8 303 97 34 30 35 29
3808 23 73 76 39 39 49 122 24 32 35 36 29
3809 23 111 78 18 33 17 390 7 32 21 36 29
3810 22 1 1 14 27 4 230 278 700 14 35 29
3811 23 37 39 37 33 47 143 34 23 21 35 29
3812 22 1 1 30 21 40 223 693 33 14 35 29
3813 23 66 54 6 39 73 249 87 35 12 35 29
3814 23 45 37 30 24 1 722 37 40 34 36 29
3815 23 9 3 52 27 74 199 1 32 29 35 29
3816 22 1 1 32 22 39 577 22 27 12 35 29
3817 23 91 79 34 32 1 401 440 283 20 35 30
3818 23 144 138 19 50 36 347 171 27 23 35 29
3819 23 3 18 46 40 1 869 1 34 19 35 29
3820 23 65 50 31 25 31 126 34 33 38 36 29
3821 23 82 95 24 41 1 720 29 34 38 36 29
3822 23 6 1 23 31 9 138 27 35 18 35 29
3823 23 25 12 30 26 2 249 4 33 20 35 29
3824 23 1 27 40 28 35 176 240 28 31 35 29
3825 23 11 6 37 37 1 382 35 25 25 35 29
3826 23 37 33 17 41 47 97 18 28 1 35 29
3827 23 24 34 43 27 1 113 35 33 40 35 29
3828 23 23 19 39 24 1 478 367 800 28 36 29
3829 23 86 73 43 27 97 472 30 30 25 36 29
3830 22 1 1 30 25 8 290 18 31 17 35 29
3831 22 1 1 31 22 1 311 192 196 27 35 29
3832 23 28 31 19 30 58 373 163 33 28 35 29
3833 23 1 8 33 24 1 255 32 27 39 36 29
3834 23 53 67 23 36 69 507 11 30 28 35 29
3835 22 1 1 38 37 23 412 25 29 16 35 29
3836 23 56 57 36 31 64 313 154 27 18 35 29
3837 23 38 29 23 23 67 171 177 376 27 35 29
3838 23 83 83 33 28 1 229 168 33 32 36 30
3839 23 37 36 29 32 87 395 26 34 28 35 29
3840 23 30 22 21 29 29 191 244 28 16 35 29
3841 23 66 60 29 32 67 380 27 33 21 35 29
3842 22 1 1 26 35 116 338 200 642 10 35 29
3843 23 62 54 32 28 64 230 233 25 18 35 29
3844 23 106 93 3 42 1 290 24 25 25 35 29
3845 23 65 57 21 28 41 305 149 908 14 35 29
3846 22 1 1 19 23 45 479 206 33 12 35 29
3847 23 1 16 23 36 15 393 25 21 10 35 29
3848 23 23 21 24 32 35 187 24 26 5 35 29
3849 23 31 33 31 22 40 269 34 24 22 35 29
3850 23 25 34 28 36 1 284 22 27 26 35 29
3851 23 33 30 28 30 1 312 39 31 40 36 29
3852 23 47 44 23 30 1 297 56 27 24 35 29
3853 23 82 68 16 36 46 130 28 25 8 35 29
3854 23 40 28 27 27 14 215 26 33 15 35 29
3855 22 1 1 30 21 10 174 247 26 33 34 28
3856 23 1 5 37 27 1 245 155 32 40 36 29
3857 23 51 51 27 21 37 255 29 29 31 36 30
3858 22 1 1 37 20 59 201 277 37 34 35 29
3859 23 1 1 19 32 1 316 498 288 20 35 29
3860 23 1 18 30 21 52 188 35 31 31 35 29
3861 23 24 29 36 23 1 203 316 674 42 36 29
3862 23 52 46 18 45 23 108 19 28 2 35 29
3863 23 1 20 28 29 40 345 22 32 28 35 29
3864 23 67 65 25 42 89 211 18 30 16 35 29
3865 22 1 1 31 13 37 260 654 1569 17 34 28
3866 22 26 1 24 32 24 88 25 30 8 34 28
3867 22 1 1 30 20 1 189 122 306 35 35 29
3868 23 21 24 28 32 9 245 31 31 20 35 30
3869 23 85 36 16 39 60 134 35 24 5 36 29
3870 23 127 124 20 35 44 272 256 579 32 36 29
3871 23 106 92 23 42 27 128 47 23 29 36 29
3872 22 19 1 8 38 1 375 26 30 9 35 29
3873 23 57 48 24 29 65 260 21 32 12 35 29
3874 23 5 11 20 23 1 294 15 30 22 35 29
3875 23 35 41 16 37 29 175 23 23 23 35 29
3876 23 56 51 30 28 2 83 25 26 17 35 29
3877 22 1 1 36 26 44 165 188 25 15 34 28
3878 22 1 5 36 31 1 92 1 35 20 34 28
3879 22 1 1 21 17 23 441 37 25 13 34 28
3880 22 1 1 42 31 26 171 43 31 17 35 29
3881 23 40 56 37 43 64 116 26 30 20 35 30
3882 22 1 1 27 27 1 275 27 26 20 34 29
3883 22 1 1 21 26 4 477 214 187 13 34 28
3884 22 1 1 38 29 62 250 176 147 11 34 28
3885 22 1 1 39 33 58 282 42 34 27 35 29
3886 22 1 1 30 39 114 218 222 485 16 35 29
3887 23 31 1 33 29 1 380 19 33 19 35 29
3888 23 48 47 26 43 82 119 24 26 11 35 29
3889 22 1 1 23 32 1 316 258 29 27 34 28
3890 23 80 65 18 28 17 314 29 23 21 35 29
3891 23 64 60 33 27 1 236 31 25 36 36 29
3892 22 1 1 28 33 1 168 1 32 9 34 28
3893 23 24 34 35 27 110 106 22 28 35 36 29
3894 23 39 48 37 34 84 406 35 28 32 36 29
3895 23 32 49 32 37 1 273 33 30 33 36 29
3896 23 37 35 21 39 1 460 19 26 17 36 29
3897 22 1 1 17 32 19 187 139 32 4 35 29
3898 23 40 44 19 39 63 199 30 32 21 36 30
3899 23 1 16 29 35 13 977 24 25 28 36 29
3900 23 1 10 28 29 52 580 162 331 26 35 29
3901 23 22 35 35 31 1 638 22 28 19 36 29
3902 23 80 59 19 21 8 473 27 19 24 35 29
3903 22 1 1 29 30 4 230 31 40 22 34 28
3904 22 1 1 31 22 1 300 736 134 13 34 28
3905 23 1 9 26 40 29 264 34 32 30 35 29
3906 23 52 37 15 39 15 119 21 28 6 35 29
3907 22 1 1 25 15 44 305 33 29 26 34 28
3908 23 17 27 40 29 16 346 42 28 35 36 29
3909 23 125 117 19 38 17 135 20 30 35 36 29
3910 22 1 1 23 22 6 91 23 32 12 35 29
3911 23 18 1 24 31 54 310 229 137 7 36 29
3912 30 58 69 51 47 1 2004 42 43 44 45 38
3913 23 1 3 36 21 1 222 37 33 31 36 29
3914 23 15 47 37 40 22 205 391 723 40 36 30
3915 23 64 75 32 32 87 350 215 27 29 36 30
3916 23 29 17 29 29 17 764 18 29 12 35 29
3917 23 30 43 36 38 1 96 38 25 27 36 29
3918 23 25 19 38 20 42 277 306 35 26 35 29
3919 23 43 43 30 40 83 219 22 35 10 36 30
3920 23 33 40 34 23 13 315 213 30 31 35 29
3921 23 16 18 25 28 23 704 54 31 27 35 29
3922 23 1 16 33 40 42 268 218 193 19 35 29
3923 23 10 21 34 27 105 186 209 270 12 36 29
3924 23 78 69 31 24 34 403 260 28 23 35 29
3925 23 13 24 38 44 1 251 217 32 18 35 30
3926 23 40 43 36 26 2 220 41 24 23 35 29
3927 23 51 44 18 39 1 131 25 38 3 35 29
3928 23 45 45 20 23 1 294 28 27 26 35 29
3929 22 1 1 17 24 23 357 427 29 28 35 29
3930 22 1 1 32 31 50 233 352 25 5 34 28
3931 23 40 37 26 33 1 534 37 31 32 35 29
3932 23 23 1 28 35 1 171 36 32 9 35 29
3933 23 9 34 27 23 27 188 1 39 32 36 29
3934 22 1 1 30 34 49 111 17 31 15 35 29
3935 23 27 34 35 28 1 326 32 30 34 36 30
3936 23 28 33 27 38 59 306 149 30 12 36 29
3937 23 46 49 41 15 51 483 30 33 24 35 29
3938 22 1 1 25 29 52 622 33 39 19 35 29
3939 23 20 30 27 30 38 156 47 32 38 36 29
3940 23 6 12 26 25 1 164 238 34 22 35 29
3941 22 1 1 43 19 9 228 3 28 3 34 28
3942 22 1 1 27 32 42 295 315 33 10 35 29
3943 23 34 35 38 23 50 413 48 39 23 35 30
3944 22 1 1 41 24 1 327 262 27 21 35 29
3945 23 50 46 31 37 28 140 27 32 25 36 29
3946 23 35 31 24 32 31 630 28 24 20 36 30
3947 23 50 55 34 24 3 447 37 26 33 36 30
3948 23 26 24 34 30 41 107 20 30 13 35 30
3949 23 1 1 39 30 1 422 206 25 21 35 29
3950 22 1 1 28 25 69 285 18 30 20 35 29
3951 23 56 58 28 35 28 353 28 34 22 35 29
3952 23 60 49 20 32 16 150 26 28 13 35 29
3953 23 1 22 37 28 25 185 220 22 28 35 29
3954 23 19 26 29 23 20 247 33 26 26 35 29
3955 23 71 80 18 44 56 138 260 36 29 36 29
3956 23 39 38 41 20 81 212 23 35 26 35 29
3957 23 74 65 26 31 1 184 36 24 27 35 29
3958 22 1 1 20 28 45 232 276 28 9 35 29
3959 23 56 66 18 28 1 210 215 27 31 36 29
3960 23 1 4 26 26 41 253 352 35 25 35 29
3961 23 34 31 22 38 1 494 32 23 23 35 30
3962 23 46 42 22 38 43 193 35 30 18 36 29
3963 23 11 1 28 31 21 304 226 132 18 35 29
3964 22 1 1 33 27 58 128 1 30 22 34 28
3965 23 66 41 17 26 42 460 18 23 15 35 29
3966 23 34 25 17 29 63 385 22 30 16 35 29
3967 23 1 1 16 33 44 106 26 34 15 35 29
3968 22 1 1 25 25 31 208 144 303 12 34 28
3969 23 1 1 29 24 1 1149 33 31 19 35 29
3970 23 1 1 27 25 6 275 38 27 23 35 29
3971 23 41 39 27 28 19 720 213 137 21 35 30
3972 23 54 66 32 30 44 251 217 231 34 36 30
3973 23 35 36 37 24 13 147 31 27 27 35 29
3974 23 83 85 27 35 51 240 249 29 26 35 29
3975 23 46 42 31 22 27 337 23 27 28 35 29
3976 23 82 68 27 36 29 201 26 29 12 35 29
3977 23 1 7 34 36 68 260 38 37 24 35 29
3978 23 37 55 25 36 6 186 18 28 26 36 29
3979 23 109 75 21 39 52 349 244 220 12 35 29
3980 23 1 4 34 26 36 530 39 27 28 35 29
3981 22 1 1 27 30 25 233 277 38 23 35 29
3982 23 58 53 25 40 46 144 31 32 14 36 30
3983 22 1 1 22 32 1 643 190 28 23 34 28
3984 23 9 10 31 20 1 324 31 27 30 35 29
3985 23 38 31 15 35 1 225 30 32 22 35 30
3986 23 19 24 39 21 1 334 222 34 31 36 29
3987 22 1 1 41 26 39 445 28 25 10 35 29
3988 23 26 18 14 39 28 449 28 28 10 35 29
3989 23 30 27 22 34 27 353 751 477 22 35 30
3990 23 1 11 38 28 67 475 115 27 26 35 29
3991 23 53 47 28 30 14 116 28 31 20 35 30
3992 23 68 63 28 29 1 89 34 25 32 36 29
3993 22 1 1 24 30 1 108 15 19 2 34 28
3994 23 41 30 29 27 64 336 190 34 19 35 29
3995 23 41 41 17 31 19 261 265 25 26 35 29
3996 23 15 34 17 37 1 323 38 30 27 35 29
3997 23 1 18 24 38 40 106 37 34 29 35 29
3998 23 52 57 35 29 1 696 31 27 32 36 29
3999 23 50 51 21 40 29 524 26 37 30 36 29
4000 22 1 1 31 27 1 228 127 32 18 34 28
4001 23 18 19 34 30 39 283 295 29 17 35 29
4002 23 73 1 28 29 24 885 1 27 7 35 29
4003 23 54 42 26 25 5 675 29 30 18 35 29
4004 22 1 1 25 23 40 229 162 868 20 35 29
4005 23 60 73 25 34 54 493 27 34 32 36 29
4006 23 51 41 11 34 52 226 223 23 14 36 30
4007 23 127 110 10 53 12 388 19 29 17 35 29
4008 23 51 11 31 35 42 490 29 26 11 36 30
4009 23 48 56 37 32 84 333 31 36 33 36 29
4010 23 139 115 18 38 73 433 16 35 21 35 29
4011 22 1 1 20 26 18 320 30 21 4 34 28
4012 22 1 1 16 31 52 284 25 28 7 34 29
4013 22 1 1 25 18 19 274 31 26 23 34 29
4014 22 1 1 46 27 1 84 41 28 31 35 29
4015 23 88 77 26 28 37 162 28 21 28 36 30
4016 23 29 1 35 36 14 396 132 31 11 35 29
4017 23 47 58 29 40 1 398 141 30 29 36 29
4018 23 28 24 32 22 20 259 38 19 23 35 29
4019 23 12 10 20 32 1 377 192 26 16 35 29
4020 23 49 58 33 32 71 208 304 289 40 36 29
4021 23 28 32 36 27 1 376 31 28 35 36 29
4022 23 16 15 19 29 1 330 33 30 22 35 29
4023 22 1 1 32 38 60 283 31 29 13 35 29
4024 23 109 92 11 36 49 249 163 39 20 35 29
4025 22 1 1 23 26 55 182 34 29 14 35 29
4026 23 64 36 18 33 1 418 22 27 13 36 29
4027 23 19 1 34 28 73 328 29 27 16 35 29
4028 23 64 55 21 38 96 405 24 24 14 35 29
4029 23 62 67 25 32 1 275 247 558 38 36 29
4030 23 93 78 22 29 13 135 34 32 26 35 29
4031 23 64 1 11 26 5 324 34 30 7 35 29
4032 23 24 3 21 33 5 120 26 29 6 35 29
4033 23 58 55 21 44 76 303 168 29 8 35 29
4034 23 76 58 35 38 1 136 1 28 21 35 29
4035 23 47 56 30 30 38 115 35 26 32 36 29
4036 23 71 64 26 37 65 335 26 31 11 35 30
4037 22 1 1 16 16 42 253 195 28 25 35 29
4038 23 37 28 19 32 66 583 34 27 17 35 29
4039 23 68 68 44 33 93 122 39 34 21 35 29
4040 22 1 1 23 18 1 276 24 31 23 34 29
4041 23 107 80 21 39 50 307 22 28 14 35 29
4042 23 60 55 23 44 42 335 83 21 9 35 29
4043 23 30 22 15 36 50 141 20 26 6 35 29
4044 23 38 50 39 33 67 294 207 242 29 36 29
4045 22 1 1 31 27 60 337 23 29 17 34 29
4046 23 42 57 45 38 41 250 336 33 33 36 29
4047 23 21 21 21 31 48 135 13 26 12 35 29
4048 22 16 1 27 25 13 197 19 171 9 35 29
4049 23 44 47 30 42 70 484 19 27 7 35 29
4050 22 7 1 29 29 21 1950 34 29 11 34 28
4051 22 1 1 41 25 12 349 29 33 8 35 29
4052 23 108 96 21 38 50 289 13 27 13 35 29
4053 23 30 48 35 36 87 465 37 38 34 36 29
4054 23 55 47 28 32 72 284 263 37 20 35 29
4055 23 39 35 20 40 32 248 405 517 1 35 29
4056 23 1 17 35 37 45 206 117 264 23 35 29
4057 22 1 1 39 23 3 296 19 23 16 34 28
4058 23 36 25 24 27 34 95 29 31 24 35 29
4059 23 45 43 21 25 1 254 158 37 32 36 29
4060 23 18 30 31 21 38 557 31 33 39 36 29
4061 22 1 1 18 31 98 201 146 256 2 35 28
4062 23 66 48 12 44 1 322 22 25 1 36 29
4063 23 54 1 29 19 59 362 18 21 13 35 29
4064 23 1 1 28 23 1 263 23 25 24 35 29
4065 23 23 19 24 38 1 202 40 32 27 35 29
4066 23 121 101 29 39 15 236 31 26 24 35 29
4067 22 1 1 39 20 38 219 97 24 10 35 29
4068 23 59 61 37 28 95 302 201 391 39 36 29
4069 23 67 63 36 27 48 126 41 34 35 36 30
4070 22 1 1 28 24 4 104 28 29 10 34 28
4071 23 86 68 26 28 21 211 240 988 22 35 29
4072 22 1 1 36 24 25 227 47 28 23 34 29
4073 23 95 81 41 32 67 277 172 30 27 36 29
4074 22 1 1 36 21 35 254 226 33 27 35 29
4075 22 1 9 45 21 24 811 39 27 29 35 29
4076 23 71 60 16 34 1 696 525 29 6 35 29
4077 23 142 117 22 34 4 218 205 27 28 35 29
4078 23 35 37 33 21 1 101 40 31 43 35 29
4079 23 85 70 23 33 28 400 38 33 22 35 29
4080 23 93 84 18 37 48 181 278 35 25 35 29
4081 22 1 1 31 27 57 325 44 23 13 34 28
4082 23 73 66 17 33 89 114 34 27 16 35 29
4083 23 12 34 31 26 37 355 21 31 35 35 29
4084 23 53 45 34 25 1 492 42 34 37 36 29
4085 23 59 53 27 28 42 255 30 30 25 35 29
4086 23 14 17 27 14 1 280 129 31 36 36 29
4087 23 42 42 30 29 1 276 31 31 37 36 30
4088 23 33 36 29 37 90 386 148 31 5 35 29
4089 23 48 45 24 28 15 147 26 186 22 35 29
4090 22 1 1 31 28 23 174 15 19 10 34 28
4091 23 47 32 25 35 4 133 19 37 13 35 29
4092 22 1 1 35 27 55 244 28 199 14 35 29
4093 23 77 54 26 38 1 237 171 213 11 35 30
4094 23 57 55 27 37 82 291 35 29 8 35 29
4095 23 99 82 20 36 39 386 31 24 21 35 29
4096 23 1 9 25 34 49 377 429 348 29 35 29
4097 23 64 39 22 36 59 222 22 25 12 35 29
4098 23 21 39 38 35 50 318 212 31 37 36 29
4099 23 83 88 45 32 89 459 21 33 36 36 29
4100 23 1 24 37 39 55 229 43 51 29 36 29
4101 22 1 1 24 21 24 307 360 32 15 34 29
4102 23 48 3 27 29 27 318 220 23 12 35 29
4103 23 54 71 30 34 82 264 25 30 25 35 29
4104 22 1 1 22 27 1 456 20 18 6 34 29
4105 22 1 1 26 31 59 322 125 41 25 34 29
4106 23 52 39 22 33 65 225 22 29 7 36 29
4107 23 28 26 29 26 5 122 36 35 28 35 29
4108 23 22 14 12 22 8 91 36 31 22 35 29
4109 22 1 1 37 18 1 214 30 22 18 35 28
4110 23 33 30 28 26 29 228 42 27 27 35 30
4111 22 1 1 20 28 60 185 157 203 1 35 29
4112 23 1 1 27 17 70 183 25 25 41 36 29
4113 22 31 1 16 28 44 438 39 35 9 35 29
4114 23 38 38 36 45 17 163 57 36 14 35 29
4115 22 1 1 34 33 1 277 126 30 20 34 29
4116 23 1 8 41 29 74 313 167 36 32 36 29
4117 23 2 38 41 36 109 250 1 37 34 35 29
4118 22 1 1 16 39 37 548 29 35 5 35 28
4119 23 31 41 42 20 19 315 190 26 40 36 29
4120 23 88 68 29 33 34 207 41 35 29 36 29
4121 22 1 6 36 27 33 373 35 35 33 35 29
4122 23 77 80 33 45 1 232 27 27 21 35 29
4123 23 58 1 27 33 1 279 151 19 6 35 29
4124 23 55 59 33 31 27 391 25 28 25 35 29
4125 23 30 25 18 27 5 220 32 25 24 35 29
4126 23 77 68 20 36 1 230 12 33 11 36 30
4127 23 42 47 17 30 17 877 34 35 36 36 29
4128 23 7 8 29 11 8 227 293 30 40 36 29
4129 23 58 51 18 36 43 661 192 23 8 36 29
4130 23 35 24 16 24 1 272 35 25 33 36 29
4131 23 51 35 15 38 20 248 26 29 8 36 29
4132 23 66 68 26 23 24 266 32 27 36 36 29
4133 23 1 8 33 33 89 494 33 29 20 35 29
4134 22 1 1 37 36 88 281 34 32 17 35 29
4135 23 67 62 26 35 1 346 30 30 24 35 29
4136 23 29 48 24 40 1 323 148 33 29 35 29
4137 22 1 1 39 24 52 741 23 35 18 34 28
4138 23 46 36 18 42 86 322 18 35 9 36 29
4139 23 57 58 26 27 47 237 35 28 42 36 29
4140 22 1 1 13 33 42 199 177 28 23 35 29
4141 23 3 1 21 47 30 394 26 29 1 35 29
4142 22 1 1 21 30 1 340 15 23 10 34 29
4143 23 5 27 30 37 1 395 50 21 38 35 29
4144 23 1 6 27 29 1 360 51 27 31 35 29
4145 23 47 39 11 40 57 254 154 31 1 36 29
4146 22 1 1 25 29 11 220 151 1213 11 35 29
4147 22 1 1 34 31 1 303 17 26 5 35 29
4148 23 62 56 25 27 1 658 25 30 21 35 29
4149 23 61 52 18 43 5 519 29 30 1 35 29
4150 23 97 80 23 43 54 191 132 34 19 35 29
4151 23 57 38 32 34 1 380 39 26 33 36 29
4152 23 1 6 31 32 42 312 171 23 28 35 29
4153 22 1 1 19 32 1 231 19 25 13 35 29
4154 22 1 1 20 35 1 744 21 19 1 35 28
4155 23 8 9 30 25 10 399 44 29 33 35 29
4156 23 82 76 25 37 32 1947 29 22 26 35 29
4157 23 5 11 31 17 29 257 89 30 38 36 29
4158 23 1 1 15 31 1 273 20 30 19 35 29
4159 23 11 14 32 29 1 369 243 890 28 35 29
4160 23 83 70 14 38 18 253 211 212 13 35 29
4161 23 39 32 29 31 1 154 239 621 11 35 30
4162 23 25 23 31 31 1 269 254 457 28 35 29
4163 23 77 66 32 31 6 228 733 47 20 36 29
4164 23 46 28 15 29 15 256 294 29 5 35 29
4165 23 42 39 21 30 1 196 132 27 42 36 29
4166 22 24 1 30 36 61 215 152 24 10 34 28
4167 23 36 37 22 35 36 185 20 28 6 35 29
4168 23 25 19 23 34 46 106 32 28 10 35 29
4169 22 1 1 31 25 4 309 318 27 10 34 28
4170 23 37 29 16 38 88 233 28 28 14 35 29
4171 23 46 39 18 38 35 377 157 29 16 35 29
4172 22 1 1 37 24 53 222 177 464 10 35 29
4173 23 67 60 28 24 24 304 27 28 29 35 29
4174 22 1 1 29 22 4 115 28 29 17 34 29
4175 23 43 48 28 25 1 233 165 24 26 35 29
4176 22 1 1 31 30 88 319 1 26 4 35 29
4177 22 1 1 34 22 74 307 47 31 18 35 29
4178 22 1 1 41 28 1 197 29 27 25 35 29
4179 23 49 40 30 35 40 357 277 508 17 35 30
4180 23 34 34 21 34 9 169 212 517 14 35 29
4181 22 1 1 30 29 15 181 46 26 19 35 29
4182 22 1 1 23 23 25 340 35 31 30 35 28
4183 23 23 28 38 27 1 541 33 27 36 36 29
4184 23 51 45 16 25 28 92 28 32 17 35 29
4185 23 1 6 28 29 1 291 18 28 24 35 29
4186 22 1 1 18 34 1 1135 24 24 2 35 29
4187 23 31 33 28 40 88 449 22 32 12 35 29
4188 22 1 1 37 30 1 306 36 20 22 34 28
4189 23 100 94 7 30 32 116 48 19 42 35 29
4190 22 1 1 43 24 75 110 16 21 7 34 28
4191 23 1 17 29 34 34 790 26 30 23 35 29
4192 23 1 29 36 36 82 208 40 31 37 36 29
4193 22 1 1 25 31 21 694 34 25 12 35 29
4194 22 1 1 19 22 25 299 23 27 14 34 29
4195 23 12 6 27 25 50 183 326 27 36 36 29
4196 23 132 116 27 39 1 316 180 28 32 36 29
4197 23 78 72 30 28 55 314 30 21 24 35 29
4198 23 38 47 28 28 83 389 20 31 28 35 29
4199 23 1 8 36 18 35 114 41 38 28 36 29
4200 23 31 47 16 36 6 121 19 33 34 36 29
4201 22 1 1 24 23 89 379 26 29 21 34 28
4202 22 1 1 15 35 70 593 271 32 7 35 29
4203 22 1 1 34 17 74 93 19 31 12 35 29
4204 23 40 52 45 30 10 305 24 28 24 35 29
4205 23 37 23 26 23 60 226 278 331 26 35 29
4206 23 48 46 26 29 29 118 28 25 20 35 29
4207 23 36 41 29 41 1 210 222 622 19 35 29
4208 23 40 45 39 28 1 222 118 347 39 36 29
4209 23 31 32 22 34 60 157 24 33 13 36 29
4210 23 57 52 26 36 46 247 29 33 19 36 30
4211 23 18 21 28 30 68 510 21 29 18 35 29
4212 23 85 87 29 33 1 196 28 30 33 36 29
4213 23 88 68 14 35 51 313 24 38 13 36 29
4214 23 57 67 30 33 41 203 501 272 32 36 29
4215 22 1 1 29 19 1 374 209 29 19 35 29
4216 23 1 1 22 28 1 556 240 26 24 35 29
4217 23 40 42 38 38 77 289 38 30 24 35 29
4218 23 36 37 27 34 63 133 29 31 17 36 30
4219 23 9 1 28 19 36 300 18 31 19 35 29
4220 23 62 70 24 41 41 176 109 22 21 35 30
4221 22 1 1 22 32 65 356 14 27 7 35 28
4222 23 30 23 23 21 1 266 180 26 28 36 29
4223 23 38 40 22 34 39 349 33 32 19 35 30
4224 23 54 45 33 31 12 459 21 27 21 35 29
4225 23 4 24 41 23 26 187 27 29 36 36 29
4226 23 17 9 28 26 1 369 21 30 21 35 29
4227 23 1 1 29 29 35 236 30 33 21 35 29
4228 23 44 37 15 39 26 174 178 264 6 35 29
4229 22 1 1 19 23 1 123 26 32 19 35 29
4230 23 35 39 20 39 1 196 32 27 30 36 30
4231 23 84 62 32 31 39 368 33 29 16 36 29
4232 23 39 35 27 27 54 523 305 25 20 35 30
4233 22 1 1 38 32 101 86 27 26 11 35 29
4234 23 18 15 18 32 27 212 31 27 15 35 29
4235 23 45 44 25 43 12 93 35 31 24 35 29
4236 23 15 31 37 32 35 399 11 42 29 36 29
4237 23 75 68 7 40 35 285 172 25 21 36 30
4238 23 62 59 29 27 33 155 28 29 26 35 29
4239 23 56 48 28 26 1 526 36 22 30 36 29
4240 23 27 25 40 28 1 188 262 27 21 35 29
4241 23 70 60 28 35 60 354 35 26 24 35 29
4242 23 91 72 31 26 97 222 294 23 23 35 30
4243 22 1 1 31 22 12 388 34 32 25 34 29
4244 23 43 41 18 38 42 254 32 34 17 35 29
4245 23 83 66 28 33 63 168 27 28 15 35 29
4246 23 34 38 23 31 1 402 24 33 22 35 29
4247 23 87 80 23 35 105 523 35 31 26 35 29
4248 23 11 17 37 29 33 338 53 28 29 36 29
4249 23 69 58 20 34 36 330 34 33 22 35 30
4250 23 34 37 31 33 1 270 25 30 21 35 29
4251 23 1 1 39 34 1 91 30 36 23 35 29
4252 23 11 5 21 37 23 305 19 29 16 35 29
4253 23 10 17 26 26 42 431 34 27 33 36 29
4254 22 1 7 34 24 59 256 205 33 31 35 29
4255 23 43 32 28 19 22 210 41 27 14 35 29
4256 23 39 39 23 30 39 299 24 32 31 36 29
4257 23 76 65 13 32 37 238 29 209 20 36 29
4258 23 70 66 29 26 71 303 34 40 24 35 29
4259 22 1 1 38 18 1 329 36 36 21 35 29
4260 23 51 54 8 44 60 252 33 38 30 36 29
4261 23 1 9 33 23 35 106 28 30 27 35 29
4262 23 23 27 36 34 5 201 190 23 10 35 29
4263 23 132 113 18 38 45 288 20 21 20 35 29
4264 23 41 53 37 36 67 446 374 27 33 36 29
4265 23 54 56 31 31 30 226 210 28 28 36 29
4266 23 37 47 38 33 26 204 29 28 28 36 30
4267 23 72 70 24 34 1 87 27 32 25 35 29
4268 23 78 6 22 26 12 217 214 902 18 35 29
4269 23 1 21 37 35 1 342 37 39 25 35 29
4270 23 1 25 31 26 32 292 24 21 30 35 29
4271 23 27 32 34 27 40 200 114 384 23 35 29
4272 23 18 19 31 28 1 204 195 409 28 35 29
4273 23 44 41 24 41 81 83 25 33 11 35 29
4274 22 1 36 34 31 19 306 179 25 23 35 29
4275 23 35 33 25 36 12 214 25 29 6 35 29
4276 22 1 1 26 42 1 519 522 29 10 34 28
4277 23 67 54 19 29 17 241 171 34 24 35 29
4278 22 1 1 40 12 15 364 245 626 20 35 29
4279 23 97 109 21 41 12 155 147 322 38 36 29
4280 22 1 1 22 33 20 96 4 28 12 34 29
4281 23 38 42 32 37 6 132 9 31 19 35 29
4282 23 19 21 21 25 7 506 27 36 23 36 29
4283 23 31 7 23 27 24 205 36 19 16 35 29
4284 23 40 35 25 29 1 118 29 26 25 35 29
4285 22 1 1 18 33 10 318 28 28 2 35 29
4286 23 44 44 39 26 49 233 53 31 29 36 30
4287 23 1 10 30 28 29 238 195 40 36 36 29
4288 23 28 21 27 27 1 276 32 26 24 35 29
4289 22 1 1 21 25 26 306 29 32 12 34 28
4290 23 31 45 20 33 1 363 137 33 32 35 29
4291 22 1 1 36 26 4 604 18 31 6 35 29
4292 23 63 53 16 37 31 188 101 30 12 35 29
4293 22 1 1 36 29 55 232 319 293 20 35 29
4294 22 1 1 35 30 37 331 382 226 20 35 29
4295 22 1 1 26 15 11 344 1 28 6 34 29
4296 23 65 1 30 30 54 492 20 26 13 35 29
4297 22 1 1 20 30 56 78 28 26 3 35 28
4298 22 1 1 52 24 37 322 45 23 22 34 28
4299 23 19 13 24 28 45 221 188 448 17 36 29
4300 22 1 1 18 25 1 213 28 25 18 34 29
4301 23 31 31 28 33 1 460 195 30 13 35 29
4302 23 48 48 40 27 3 255 46 895 36 36 30
4303 23 71 59 20 28 17 261 98 603 12 36 29
4304 22 1 1 29 21 1 879 1 26 19 34 29
4305 22 1 1 20 24 21 250 138 32 16 35 29
4306 24 95 83 27 34 1 238 207 286 30 36 30
4307 23 60 46 27 29 13 289 40 28 26 35 29
4308 23 38 35 33 30 53 187 1 36 21 35 29
4309 23 72 51 24 31 70 413 30 30 22 35 29
4310 23 23 33 22 34 67 366 21 26 19 35 29
4311 22 1 1 29 22 1 264 28 33 19 35 29
4312 23 44 35 25 31 71 533 32 29 19 35 29
4313 23 26 14 16 32 1 289 26 29 10 35 29
4314 23 66 52 31 36 51 302 29 32 11 35 29
4315 23 14 20 27 34 1 401 29 31 26 35 29
4316 23 19 6 32 35 72 118 28 31 11 35 29
4317 23 1 1 47 17 24 166 29 25 32 35 29
4318 23 67 64 30 39 66 1151 26 33 13 35 29
4319 23 97 89 23 36 20 141 216 1782 44 36 29
4320 23 82 1 16 25 1 166 25 28 7 35 29
4321 23 67 55 23 23 1 341 317 26 26 36 29
4322 22 1 1 44 30 1 2004 32 30 25 35 29
4323 23 63 1 39 38 69 228 27 31 21 35 29
4324 22 1 1 23 29 1 382 21 37 9 35 29
4325 23 33 48 45 26 47 312 41 29 43 36 29
4326 23 24 12 30 29 1 377 35 26 22 35 29
4327 22 1 1 26 17 11 360 37 30 7 35 29
4328 23 102 76 25 32 82 228 376 34 23 35 30
4329 23 1 1 13 36 1 415 182 28 17 35 29
4330 26 1 1 28 34 77 1726 252 92 22 40 34
4331 23 44 47 29 42 62 335 111 26 9 35 29
4332 24 25 34 40 28 1 174 35 29 39 36 30
4333 23 1 1 16 21 6 266 42 39 31 36 29
4334 23 78 66 17 22 1 169 196 164 31 35 29
4335 23 58 63 20 26 1 85 28 27 38 36 29
4336 23 1 7 38 24 1 216 370 31 37 36 29
4337 22 1 1 41 22 48 435 191 22 16 35 29
4338 23 40 45 29 25 9 246 284 467 29 36 29
4339 22 1 1 24 30 8 364 28 28 16 34 28
4340 23 21 13 25 36 1 536 87 315 11 35 29
4341 22 1 1 24 31 1 649 19 25 8 35 29
4342 23 56 69 17 36 14 397 276 70 32 36 30
4343 23 37 29 39 30 45 602 219 179 16 35 29
4344 23 41 37 26 36 1 285 28 365 23 35 29
4345 22 1 1 27 28 62 196 33 31 9 34 29
4346 22 1 1 23 28 76 101 25 27 13 35 29
4347 22 1 1 19 27 1 319 130 27 6 34 28
4348 22 1 1 36 31 93 264 120 30 17 34 28
4349 23 1 1 31 20 1 239 33 25 33 36 29
4350 23 51 1 30 27 1 118 22 24 14 35 29
4351 23 60 40 30 19 16 265 32 36 24 35 29
4352 23 19 27 33 24 1 273 307 21 29 35 29
4353 23 37 26 21 21 1 325 39 34 39 36 29
4354 23 39 48 23 33 11 267 17 27 27 36 29
4355 23 1 10 32 27 102 181 211 28 20 35 30
4356 23 48 40 31 33 63 211 140 31 18 36 30
4357 23 28 36 48 50 1 383 1 39 29 35 29
4358 23 63 47 24 27 58 283 22 22 21 35 29
4359 23 47 27 29 27 4 466 30 30 18 35 30
4360 22 1 1 22 27 19 769 1 24 6 34 29
4361 23 123 106 29 35 19 1004 24 29 27 35 29
4362 23 50 48 38 27 1 237 225 33 44 36 29
4363 23 48 47 34 23 45 224 1 183 34 35 29
4364 23 65 66 27 36 72 162 21 29 12 35 29
4365 23 51 47 13 44 1 204 14 32 1 35 29
4366 23 15 14 12 33 25 628 28 27 1 35 29
4367 22 1 1 27 30 52 238 20 27 11 35 29
4368 23 49 47 24 35 58 316 29 32 26 35 29
4369 23 24 23 15 40 27 234 24 33 1 35 29
4370 22 1 1 25 23 1 205 28 27 23 35 29
4371 22 1 1 34 16 68 561 871 174 14 35 29
4372 22 1 1 14 23 1 256 32 23 6 35 28
4373 23 41 35 21 39 110 186 117 35 1 36 29
4374 23 55 45 20 35 25 394 28 33 21 35 29
4375 23 120 115 15 41 46 280 366 29 29 36 29
4376 23 60 60 19 35 57 311 33 26 19 35 29
4377 22 1 1 16 23 1 446 21 32 10 35 29
4378 23 42 55 31 32 1 227 154 33 36 36 29
4379 23 108 90 23 32 52 209 236 29 25 35 29
4380 23 33 39 24 38 8 567 29 26 21 35 29
4381 23 64 72 28 27 62 157 246 308 34 36 29
4382 23 5 11 43 21 4 600 127 30 37 36 29
4383 22 1 1 35 29 53 565 26 27 6 35 29
4384 23 51 47 9 36 50 327 18 29 1 36 29
4385 22 1 1 33 32 1 199 17 26 1 35 29
4386 23 57 42 39 23 1 317 165 32 38 36 29
4387 23 55 50 23 36 76 355 30 28 12 35 29
4388 23 83 75 19 32 37 378 18 24 15 35 29
4389 23 122 93 15 37 56 354 24 30 22 35 29
4390 22 1 1 28 24 54 239 37 34 15 35 29
4391 23 29 29 23 39 102 185 23 23 5 35 29
4392 22 1 1 23 37 37 296 195 26 2 35 29
4393 23 35 27 30 37 13 362 24 26 15 35 30
4394 23 1 17 23 35 27 132 22 34 29 35 29
4395 23 28 34 26 29 39 94 35 29 34 36 29
4396 23 101 85 22 36 1 318 31 26 14 35 29
4397 23 56 51 29 28 1 928 280 27 32 36 29
4398 23 16 23 35 25 1 218 34 33 41 36 29
4399 22 1 1 29 33 32 288 34 25 3 35 29
4400 22 1 1 18 33 3 319 301 22 17 34 29
4401 22 1 1 35 25 1 354 267 460 29 35 29
4402 23 20 12 15 32 14 350 20 34 7 35 29
4403 22 1 1 26 19 61 252 19 30 18 35 29
4404 22 1 1 28 31 52 423 301 34 23 35 29
4405 22 1 1 20 20 36 305 21 32 10 35 29
4406 23 8 20 40 25 31 216 609 23 36 36 29
4407 23 48 32 33 22 55 255 1 39 24 35 29
4408 23 83 72 23 35 15 91 26 25 20 35 29
4409 23 19 17 22 38 91 249 28 33 14 35 29
4410 23 38 31 31 29 1 242 22 30 4 35 29
4411 23 90 87 31 37 95 138 33 37 31 36 29
4412 23 29 25 18 34 62 222 13 24 1 35 29
4413 22 1 1 33 32 69 232 30 33 24 35 29
4414 22 1 1 32 23 12 208 27 24 6 35 29
4415 23 57 47 30 33 44 368 20 28 19 35 29
4416 23 50 58 23 30 23 114 23 26 23 35 30
4417 23 1 4 33 22 16 260 21 28 23 35 29
4418 22 1 1 20 25 20 424 28 38 2 35 28
4419 23 12 18 32 30 1 286 33 26 25 35 29
4420 23 86 67 11 29 11 540 20 24 17 35 29
4421 23 56 71 30 34 51 227 19 40 36 35 29
4422 23 45 39 20 30 49 332 17 27 13 35 29
4423 23 2 11 33 11 1 686 41 22 38 35 29
4424 23 1 5 32 24 24 205 42 25 29 36 29
4425 22 1 1 25 27 39 187 31 27 22 35 29
4426 23 50 50 31 21 14 244 30 20 36 36 29
4427 23 58 58 33 38 51 378 16 29 21 35 29
4428 23 1 1 25 31 1 203 29 34 23 35 29
4429 22 1 1 30 23 6 132 30 27 28 35 29
4430 24 31 33 39 27 22 196 1 31 11 35 30
4431 22 1 1 30 24 1 81 27 28 8 35 29
4432 23 1 9 25 29 53 228 206 36 11 35 29
4433 22 1 1 21 37 1 199 21 27 4 34 29
4434 23 74 69 39 34 105 710 23 21 19 35 29
4435 23 54 39 33 17 1 405 37 25 27 36 29
4436 23 52 44 32 26 1 274 38 30 37 36 29
4437 23 41 50 17 33 24 220 25 32 29 36 29
4438 22 1 1 22 34 28 260 216 28 1 35 29
4439 23 72 65 15 27 10 244 16 27 16 36 30
4440 23 93 75 22 39 62 301 20 24 11 35 29
4441 23 56 45 27 31 105 371 29 30 22 35 29
4442 23 41 40 23 29 3 275 194 28 21 35 29
4443 22 2 1 32 33 81 290 33 40 15 35 29
4444 23 65 65 21 43 37 203 11 22 22 35 30
4445 23 74 72 39 28 8 325 294 295 37 36 29
4446 23 132 103 21 40 1 347 20 25 22 35 29
4447 23 53 40 14 32 35 184 264 210 3 36 30
4448 23 4 5 19 23 1 378 1 34 25 35 29
4449 23 54 71 26 51 1 459 30 33 27 35 29
4450 22 1 1 32 37 34 250 159 488 24 35 29
4451 23 33 43 27 33 30 449 28 33 23 35 29
4452 22 1 2 20 35 41 262 40 32 29 35 28
4453 23 48 59 24 40 6 799 46 28 18 35 29
4454 22 1 1 25 19 4 103 18 32 6 35 29
4455 23 28 23 30 33 1 85 38 34 15 35 29
4456 23 39 36 16 42 1 86 21 30 9 35 29
4457 23 47 26 20 24 36 356 37 21 22 35 29
4458 23 18 10 25 34 20 209 293 29 22 35 29
4459 22 1 1 44 49 1 264 177 191 25 35 29
4460 22 1 1 29 16 27 456 33 26 31 35 28
4461 23 82 79 42 23 8 240 38 21 42 36 30
4462 23 5 17 29 32 82 194 29 32 18 35 29
4463 23 10 25 37 29 1 330 43 27 38 36 29
4464 22 1 1 27 24 28 256 25 27 18 35 29
4465 24 82 79 30 38 4 112 33 27 23 36 30
4466 23 1 1 25 24 4 237 29 28 7 35 29
4467 22 1 1 35 24 5 114 37 26 23 35 29
4468 23 1 1 38 21 32 247 245 361 33 36 29
4469 23 32 41 34 37 43 193 241 28 21 35 29
4470 23 33 50 34 32 1 1143 121 36 36 36 29
4471 22 1 1 29 24 1 273 196 242 9 35 29
4472 23 1 8 28 25 23 277 270 36 25 35 29
4473 22 1 1 57 18 8 394 30 27 32 35 29
4474 23 1 4 30 32 47 81 17 26 24 35 29
4475 22 1 1 31 17 57 632 21 30 15 35 29
4476 23 36 32 41 23 24 234 43 24 35 36 30
4477 23 61 64 38 28 1 493 30 25 31 36 29
4478 23 32 20 18 33 11 304 218 335 18 35 29
4479 23 8 17 32 23 29 220 32 18 30 36 29
4480 23 41 44 24 38 34 2005 21 31 11 36 29
4481 23 53 60 29 36 1 342 184 32 24 36 29
4482 23 38 41 26 37 1 313 27 30 12 35 29
4483 23 44 44 31 30 60 793 26 29 19 35 30
4484 22 1 1 14 26 13 261 1 34 6 34 28
4485 23 15 32 27 41 11 327 174 27 8 35 29
4486 22 1 1 38 20 87 288 189 28 22 35 29
4487 23 1 9 31 31 35 330 29 32 14 35 29
4488 23 49 36 32 25 28 175 101 344 22 35 29
4489 23 76 64 23 39 39 504 18 29 10 35 29
4490 23 47 43 33 30 1 352 31 24 22 35 30
4491 23 14 19 26 33 12 251 34 29 25 35 29
4492 23 85 67 19 33 1 322 26 27 29 36 29
4493 23 76 69 31 40 11 632 23 32 18 36 30
4494 22 1 1 38 26 57 563 44 35 17 35 29
4495 23 42 46 27 36 41 404 30 25 15 35 29
4496 23 31 30 20 33 1 134 21 30 14 35 29
4497 23 37 39 36 22 20 333 34 23 37 35 29
4498 22 1 1 34 24 58 326 25 27 9 35 29
4499 23 22 25 20 31 12 208 27 32 28 35 29
4500 22 1 1 33 25 97 235 22 21 10 34 28
4501 23 56 44 24 26 8 273 15 22 15 35 29
4502 22 1 1 31 25 1 139 29 26 9 34 28
4503 22 1 1 23 24 25 84 20 33 10 35 29
4504 22 1 1 29 27 1 428 16 26 6 35 29
4505 23 24 29 30 21 23 280 325 234 26 35 29
4506 22 1 1 19 31 107 610 23 27 8 35 29
4507 23 35 33 26 41 39 256 181 314 4 35 29
4508 23 22 29 21 24 45 451 32 29 33 35 29
4509 23 1 27 31 22 68 206 359 28 31 35 29
4510 23 113 101 24 36 1 212 23 30 20 35 29
4511 23 49 58 45 24 4 666 33 27 38 36 29
4512 22 1 1 21 29 24 343 24 31 6 35 29
4513 23 60 57 45 24 70 304 249 23 25 36 29
4514 22 1 1 28 16 7 229 227 277 21 34 29
4515 23 32 28 28 24 34 476 30 23 23 35 29
4516 22 1 1 24 21 65 792 19 26 19 34 29
4517 23 37 29 23 23 1 201 224 23 18 35 29
4518 23 87 81 28 35 1 178 119 26 27 35 29
4519 22 1 1 27 12 1 84 29 23 28 35 28
4520 23 75 60 33 30 1 277 23 27 19 35 29
4521 23 34 27 26 33 37 301 21 30 12 35 29
4522 22 1 1 28 19 53 456 235 704 25 35 29
4523 22 1 1 34 28 1 329 153 25 20 34 29
4524 23 29 8 16 28 1 377 16 30 11 35 30
4525 23 58 45 18 28 28 286 202 22 19 35 29
4526 23 1 8 38 23 4 423 45 33 32 36 29
4527 23 26 34 32 20 25 100 24 30 28 35 29
4528 23 27 35 28 27 1 253 293 31 23 35 29
4529 23 9 20 32 30 69 592 23 30 20 35 29
4530 23 93 77 29 27 65 615 114 26 22 35 29
4531 23 43 43 22 41 11 205 209 33 15 35 29
4532 23 14 13 28 28 1 337 36 26 24 35 29
4533 23 71 19 26 25 28 79 30 30 11 35 29
4534 23 19 8 27 26 11 273 23 31 19 35 29
4535 23 56 61 26 29 45 263 191 32 29 35 29
4536 22 1 1 21 31 30 81 19 27 5 34 28
4537 23 40 41 24 39 39 143 22 28 14 35 29
4538 23 47 47 24 31 3 233 27 24 29 36 29
4539 22 1 1 39 32 81 351 374 314 17 35 29
4540 22 1 1 40 20 75 291 6 22 11 34 28
4541 23 17 29 25 37 30 308 170 26 20 35 29
4542 23 43 46 40 23 1 267 248 30 35 36 29
4543 23 26 38 26 32 15 384 152 29 27 35 29
4544 22 1 1 33 19 5 326 202 27 12 34 28
4545 23 26 17 29 26 17 292 28 26 16 34 29
4546 21 1 1 16 34 45 1334 27 24 2 34 28
4547 23 2 8 23 33 36 198 35 30 26 35 29
4548 22 1 1 30 33 39 631 39 31 7 34 28
4549 23 84 63 34 37 122 381 24 34 17 35 29
4550 22 1 1 24 30 26 519 32 24 11 35 28
4551 23 62 74 23 28 64 461 36 26 35 35 29
4552 22 1 1 27 17 6 265 18 21 14 34 28
4553 23 1 1 24 32 14 222 129 255 11 35 29
4554 23 56 69 33 31 74 344 529 674 27 36 29
4555 23 18 20 28 38 36 241 26 30 12 35 29
4556 23 74 55 16 37 14 221 34 30 7 36 29
4557 23 46 41 37 25 34 219 31 24 25 35 29
4558 23 49 52 26 44 1 107 30 25 13 35 29
4559 23 31 56 32 36 31 101 30 31 33 36 30
4560 22 1 1 17 37 48 231 331 25 3 35 28
4561 23 1 35 29 33 31 276 180 335 18 35 29
4562 22 14 1 28 17 1 231 140 29 13 35 29
4563 22 1 1 39 25 57 445 44 34 20 35 29
4564 23 106 96 20 34 21 161 166 266 21 35 29
4565 23 100 83 31 29 39 343 37 67 31 36 29
4566 23 1 1 25 33 14 238 24 31 8 35 29
4567 23 47 40 14 39 1 128 29 30 14 35 29
4568 22 1 1 34 32 18 312 33 27 19 34 29
4569 23 81 82 23 44 54 162 190 27 24 35 29
4570 22 1 1 35 33 41 322 167 30 12 35 29
4571 23 111 100 24 30 14 388 35 30 29 36 29
4572 23 52 51 37 19 11 322 36 22 38 36 29
4573 23 69 62 20 35 1 236 28 22 15 35 29
4574 23 65 1 22 25 17 422 29 27 15 35 29
4575 23 67 58 32 28 1 141 27 35 29 36 30
4576 23 54 50 25 42 115 131 20 32 15 35 29
4577 23 34 35 30 27 1 132 44 28 27 35 29
4578 22 1 1 33 32 30 168 1 355 14 34 29
4579 22 1 1 23 35 36 221 25 29 9 35 29
4580 23 48 39 15 44 33 342 31 36 15 35 29
4581 23 47 49 21 24 1 182 27 22 29 35 29
4582 23 128 104 11 38 1 276 28 33 24 35 29
4583 23 63 60 25 19 25 131 39 29 40 36 29
4584 22 1 1 29 21 1 292 35 42 15 34 29
4585 22 1 1 15 26 17 527 40 31 30 35 29
4586 23 26 24 30 17 19 341 382 28 38 36 29
4587 23 46 47 19 35 40 92 46 27 27 35 29
4588 23 67 50 25 25 48 345 180 27 13 35 29
4589 23 21 30 24 27 9 263 42 33 37 36 29
4590 23 29 24 31 25 54 1146 48 30 20 35 29
4591 23 89 80 16 29 97 147 28 32 21 35 29
4592 23 74 73 32 30 27 267 35 38 30 36 29
4593 22 1 1 27 26 1 270 39 31 18 35 29
4594 23 1 1 19 32 14 195 341 27 3 35 29
4595 23 74 63 30 38 65 238 131 27 13 35 29
4596 23 23 15 25 35 15 172 1 37 9 35 29
4597 23 44 45 30 28 44 541 26 30 29 36 30
4598 23 1 1 26 30 1 338 202 23 19 35 29
4599 22 1 1 34 28 36 231 220 20 9 35 29
4600 23 25 24 30 25 1 423 138 23 19 35 29
4601 22 1 1 23 22 9 246 151 297 2 34 29
4602 23 60 67 37 45 100 145 27 36 16 35 29
4603 23 101 69 29 31 29 307 28 30 15 35 29
4604 22 1 1 24 23 58 169 27 28 18 34 29
4605 23 25 36 26 25 1 363 68 28 37 36 29
4606 23 57 49 20 39 33 549 25 26 2 35 29
4607 22 3 1 16 30 17 280 20 27 4 34 28
4608 23 23 19 30 32 10 196 298 262 12 35 29
4609 23 47 47 20 33 17 220 121 26 21 35 29
4610 23 77 68 12 38 1 540 19 29 22 35 29
4611 22 1 1 37 24 68 245 48 25 25 34 28
4612 23 1 16 41 18 1 210 55 26 43 36 29
4613 23 18 1 26 24 1 1035 28 26 21 35 29
4614 23 1 1 19 14 1 219 28 28 29 35 29
4615 23 52 43 20 30 20 257 105 35 22 35 29
4616 23 61 56 26 25 57 83 28 39 31 36 29
4617 23 14 3 23 33 32 245 1 25 13 35 29
4618 23 11 32 30 28 101 219 25 32 37 36 29
4619 22 1 1 19 29 1 280 141 31 19 34 29
4620 22 20 1 16 24 39 371 33 32 13 34 28
4621 22 1 1 29 21 41 331 17 29 10 34 28
4622 22 1 1 30 22 1 374 29 30 17 34 28
4623 23 83 80 28 26 47 251 216 30 36 36 29
4624 23 26 36 27 27 80 193 30 40 36 36 29
4625 23 59 62 19 35 43 180 190 37 18 35 29
4626 23 45 50 18 39 71 235 110 32 24 35 29
4627 23 38 37 31 31 63 510 29 22 22 35 29
4628 23 51 53 21 36 70 272 299 26 13 35 29
4629 22 1 1 33 26 8 267 1 28 10 34 28
4630 23 48 51 26 33 52 369 25 38 30 36 29
4631 22 1 1 26 34 67 334 19 26 1 35 29
4632 23 68 1 27 19 1 295 1 27 17 35 29
4633 23 18 5 16 27 26 220 23 30 16 35 29
4634 22 57 1 31 33 10 131 9 17 7 34 28
4635 22 1 1 25 13 1 99 34 29 22 34 28
4636 22 1 1 24 29 1 280 187 25 1 35 28
4637 23 23 29 30 29 1 314 164 29 29 35 29
4638 23 1 7 34 17 6 742 47 30 39 35 29
4639 23 12 24 37 19 20 362 39 34 35 36 29
4640 23 52 53 30 31 63 212 148 32 11 35 29
4641 23 8 37 42 33 24 294 33 34 43 36 29
4642 23 70 1 31 27 54 243 179 22 13 35 29
4643 23 17 19 24 19 49 294 138 26 33 36 29
4644 23 1 23 38 33 31 312 148 24 31 36 29
4645 23 18 25 38 26 96 287 201 320 13 35 29
4646 23 1 5 31 31 1 301 39 28 29 35 29
4647 23 49 1 25 26 3 345 22 26 4 35 29
4648 23 1 11 29 31 1 344 44 33 34 36 30
4649 23 12 18 31 38 1 270 32 42 19 35 29
4650 23 27 46 27 36 1 97 31 37 30 36 29
4651 23 107 83 27 38 52 245 27 25 13 35 29
4652 23 87 67 26 35 1 222 52 30 18 36 30
4653 22 31 22 12 31 49 401 24 27 1 33 27
4654 23 1 1 30 23 1 221 36 33 33 36 29
4655 23 23 30 26 24 18 241 200 1421 46 36 29
4656 23 1 9 27 28 23 316 24 29 24 35 29
4657 22 1 1 27 22 44 376 253 30 10 34 29
4658 23 20 11 29 27 27 281 223 30 28 35 29
4659 22 1 1 39 17 39 224 23 26 1 35 29
4660 23 1 1 33 22 1 79 40 28 32 35 29
4661 23 28 28 20 33 38 357 2 34 23 35 29
4662 23 55 43 28 36 35 325 231 31 12 35 29
4663 33 44 51 34 48 42 920 34 46 36 48 42
4664 22 1 1 18 37 64 296 24 30 1 34 28
4665 23 96 85 31 34 35 408 23 25 23 34 28
4666 22 1 1 22 28 26 203 191 255 20 35 28
4667 23 58 59 32 28 26 99 25 30 19 35 29
4668 23 1 1 41 27 13 109 25 31 28 35 29
4669 23 8 13 30 21 26 147 40 33 39 36 29
4670 23 76 59 31 25 37 118 166 27 36 36 29
4671 23 59 48 24 25 23 524 36 31 31 36 29
4672 23 103 88 15 31 1 100 50 19 33 36 29
4673 23 70 52 27 30 4 232 18 34 19 35 29
4674 23 9 12 37 12 1 213 177 27 37 36 29
4675 23 43 39 27 41 109 223 33 35 12 35 29
4676 23 39 31 25 29 34 866 37 37 13 35 29
4677 23 21 35 26 32 87 191 195 289 41 36 29
4678 23 50 46 26 40 1 372 25 26 12 35 29
4679 23 69 66 34 36 1 153 24 27 17 35 29
4680 23 74 48 30 29 38 438 23 21 14 35 29
4681 23 51 54 22 34 77 350 18 27 12 35 29
4682 22 1 1 34 25 11 244 24 32 30 35 28
4683 23 93 94 26 23 13 261 24 33 27 35 29
4684 23 22 22 34 28 51 130 28 32 39 36 29
4685 22 1 1 42 20 37 219 174 23 26 35 28
4686 23 28 22 28 25 82 182 96 24 19 35 29
4687 23 43 34 24 37 1 316 42 34 11 36 29
4688 23 42 37 18 25 14 253 212 32 31 36 29
4689 23 38 45 38 25 3 122 42 34 43 36 29
4690 23 48 48 30 23 26 372 284 122 23 35 29
4691 22 1 1 33 26 73 186 50 36 27 34 28
4692 23 29 23 16 39 6 100 30 33 18 35 29
4693 22 1 1 27 28 99 385 31 39 27 35 29
4694 22 1 1 34 29 1 98 28 33 6 35 29
4695 23 1 8 33 19 50 377 26 33 27 35 29
4696 23 51 33 31 30 1 209 1 28 19 35 29
4697 23 54 43 38 26 18 177 223 29 24 35 29
4698 22 1 1 37 30 1 193 250 33 27 35 29
4699 22 1 1 36 34 1 281 1 41 26 34 29
4700 23 45 48 30 27 18 204 211 35 31 36 29
4701 23 65 53 17 31 1 215 109 34 15 35 29
4702 23 73 62 18 34 28 439 22 24 13 35 29
4703 23 21 26 31 21 78 541 33 30 35 36 29
4704 23 15 1 16 32 1 451 16 26 6 35 29
4705 22 1 1 36 25 1 252 172 29 16 35 29
4706 23 23 1 19 22 34 272 30 25 14 35 29
4707 22 1 1 31 25 100 148 399 248 18 34 28
4708 23 75 56 32 32 1 378 139 26 16 35 29
4709 23 67 71 28 36 47 131 46 23 24 35 29
4710 23 1 11 34 18 37 275 23 28 29 35 29
4711 23 28 25 16 33 1 99 27 28 24 35 29
4712 22 1 1 10 28 1 446 27 30 10 34 28
4713 23 20 39 37 28 1 260 31 31 40 36 29
4714 23 71 56 23 14 19 1211 28 24 22 35 29
4715 23 17 11 12 35 1 372 28 23 13 35 29
4716 23 20 20 35 31 75 122 29 29 13 35 29
4717 23 2 1 22 26 13 229 37 36 26 35 29
4718 23 23 41 26 28 28 87 22 29 24 35 29
4719 23 52 50 26 24 1 305 232 30 35 36 29
4720 23 58 50 25 36 30 235 137 35 10 35 29
4721 23 125 113 16 36 5 332 46 30 32 36 29
4722 23 1 1 23 39 23 243 187 28 21 35 29
4723 23 51 46 31 33 70 181 212 38 13 35 29
4724 22 1 1 28 31 10 261 35 30 27 35 29
4725 23 60 66 7 41 1 312 41 30 27 35 29
4726 23 72 73 25 41 46 250 217 337 28 36 30
4727 22 1 1 23 22 22 206 31 23 24 34 28
4728 23 130 127 40 39 23 248 1 34 26 35 29
4729 23 45 40 15 37 52 446 24 29 12 35 29
4730 23 56 1 36 38 32 107 21 21 8 35 29
4731 23 62 61 24 29 60 133 13 28 16 35 29
4732 23 32 26 39 16 21 367 295 23 36 35 29
4733 23 41 47 42 30 60 215 29 28 19 35 29
4734 23 28 29 19 35 1 137 19 25 32 35 29
4735 22 1 1 10 27 1 293 25 23 5 34 28
4736 23 31 38 29 38 50 320 28 43 23 35 29
4737 22 1 1 32 30 23 512 26 27 9 35 28
4738 23 81 90 28 37 48 96 27 30 23 35 29
4739 23 47 54 29 40 10 607 26 38 10 35 29
4740 23 36 44 41 30 27 195 195 565 42 36 29
4741 23 50 55 30 33 18 288 26 32 18 35 29
4742 23 19 13 31 30 20 248 40 31 29 36 29
4743 23 24 24 25 34 54 220 33 24 24 35 29
4744 22 1 1 26 22 17 462 239 849 14 35 29
4745 22 1 1 46 20 24 260 144 353 27 35 29
4746 22 1 1 41 22 10 801 296 23 14 34 28
4747 23 77 65 16 34 1 312 21 32 15 35 29
4748 23 101 78 15 30 36 182 171 266 30 36 29
4749 23 60 43 28 25 1 395 158 23 26 35 29
4750 23 86 63 24 34 60 373 576 364 26 35 29
4751 23 21 13 25 32 12 436 15 30 11 35 29
4752 23 24 23 36 26 25 489 303 625 31 36 29
4753 23 70 61 28 37 1 311 6 33 23 35 29
4754 23 41 35 18 33 56 186 158 40 19 35 29
4755 22 1 1 28 30 97 262 33 22 16 35 29
4756 23 30 44 38 31 40 108 35 32 37 36 29
4757 23 42 45 40 23 30 208 159 447 34 36 29
4758 23 14 25 18 40 61 609 33 37 21 35 29
4759 23 52 56 34 28 17 256 68 143 23 35 30
4760 23 31 24 22 29 87 96 28 33 23 35 29
4761 22 1 1 31 31 1 155 20 21 8 34 28
4762 23 50 45 24 31 6 239 26 27 17 35 29
4763 23 39 30 16 38 31 100 24 29 3 35 29
4764 23 1 9 15 27 17 112 30 36 25 35 29
4765 23 73 64 28 40 80 766 37 28 23 35 29
4766 22 1 1 36 28 22 458 23 31 21 34 28
4767 22 1 1 16 21 7 131 22 27 9 34 28
4768 23 2 8 30 27 58 251 237 474 27 35 29
4769 23 25 35 41 28 1 152 129 23 32 36 29
4770 22 1 1 33 21 1 500 26 25 26 35 28
4771 23 45 45 26 28 1 516 30 41 35 36 29
4772 23 62 58 17 35 2 173 11 22 27 35 29
4773 23 48 39 28 34 71 301 220 29 22 35 29
4774 23 44 46 22 24 1 120 24 28 25 35 29
4775 23 17 27 35 26 9 311 198 35 29 35 29
4776 23 34 41 22 35 36 570 466 446 25 35 29
4777 23 1 7 28 25 58 268 28 32 18 35 29
4778 22 1 1 33 30 26 117 1 43 16 34 29
4779 22 1 1 32 25 1 253 226 1141 21 34 29
4780 23 81 78 25 32 44 159 216 27 26 35 29
4781 23 1 17 47 28 33 297 157 28 32 36 29
4782 22 1 1 38 30 1 368 145 27 3 35 28
4783 23 1 29 30 31 32 281 22 27 32 36 29
4784 23 105 78 20 25 74 280 11 38 20 35 29
4785 23 18 38 27 35 42 194 45 30 35 35 29
4786 22 1 1 37 35 90 237 31 31 13 34 28
4787 22 1 1 31 21 1 251 141 859 12 35 29
4788 22 1 1 38 27 10 356 43 24 10 35 29
4789 23 34 44 35 34 1 275 30 27 27 35 29
4790 23 37 41 40 17 26 480 31 24 37 36 29
4791 23 44 32 21 38 1 119 35 30 14 35 29
4792 23 8 28 20 40 29 246 1 36 31 36 29
4793 23 41 39 29 38 67 233 28 30 16 35 29
4794 22 1 1 34 25 31 200 184 26 22 35 29
4795 24 35 41 34 29 1 277 28 29 32 36 29
4796 23 11 10 27 23 95 549 23 24 11 35 29
4797 23 18 18 28 29 27 231 212 33 21 35 29
4798 23 20 25 25 31 1 228 30 39 26 35 29
4799 23 88 82 35 32 44 444 28 30 27 35 29
4800 23 101 79 25 22 23 193 17 25 25 35 29
4801 23 1 5 31 32 50 914 25 25 20 35 29
4802 23 14 26 29 39 46 708 23 22 24 35 29
4803 23 11 11 22 31 52 175 31 33 10 35 29
4804 23 60 2 28 39 1 87 48 28 10 35 29
4805 23 42 50 33 23 54 551 32 30 37 36 29
4806 23 89 78 28 42 55 216 488 167 23 36 29
4807 23 141 110 20 26 50 184 1 21 26 35 29
4808 23 108 94 28 38 1 218 176 345 31 36 29
4809 23 16 23 36 26 35 153 40 35 26 35 29
4810 22 1 1 32 25 29 267 18 31 24 35 29
4811 23 82 45 29 35 56 339 29 24 19 35 29
4812 23 28 30 28 26 1 189 118 31 33 36 29
4813 23 43 41 28 27 71 263 28 32 17 36 30
4814 23 48 51 12 41 1 162 28 39 23 35 29
4815 23 32 35 32 38 43 226 25 33 20 35 29
4816 23 51 40 22 33 20 266 25 24 12 36 30
4817 22 1 1 31 21 8 398 355 310 23 35 29
4818 23 28 38 35 27 8 126 31 36 29 36 30
4819 23 39 42 27 37 145 270 147 37 15 36 30
4820 22 1 1 32 37 1 485 229 25 5 35 29
4821 23 62 55 19 44 1 296 197 509 10 35 29
4822 23 104 87 34 33 65 192 219 712 22 35 29
4823 23 42 47 27 34 69 572 1 45 26 35 29
4824 22 1 1 32 36 1 292 211 275 35 35 29
4825 23 38 30 16 39 52 115 183 26 7 35 29
4826 22 1 1 28 28 36 154 21 26 12 35 29
4827 22 1 1 19 30 25 427 26 28 3 34 28
4828 23 1 1 27 33 1 365 25 27 15 35 29
4829 23 47 53 31 34 100 104 38 20 33 36 29
4830 23 41 47 23 40 13 195 23 26 14 35 29
4831 23 37 27 21 30 37 374 32 26 18 35 29
4832 23 33 56 29 38 26 219 84 30 27 35 29
4833 23 54 42 32 15 4 287 47 19 24 35 29
4834 23 50 39 17 36 4 270 27 29 4 35 29
4835 23 38 39 19 21 40 214 26 39 28 36 29
4836 23 120 109 19 35 31 528 28 29 31 36 29
4837 23 1 1 28 29 50 344 31 26 10 35 29
4838 23 26 23 27 30 38 213 34 36 14 35 29
4839 23 31 42 27 34 83 134 21 24 22 35 29
4840 23 26 31 36 11 38 467 33 28 36 36 29
4841 22 1 1 29 24 13 239 26 31 9 35 29
4842 23 22 47 32 33 78 116 24 34 34 36 29
4843 22 1 1 21 26 22 402 33 23 7 34 28
4844 23 139 121 12 42 94 252 24 36 22 35 29
4845 23 25 13 17 32 38 122 23 30 7 35 29
4846 23 24 31 27 25 8 328 36 27 33 36 29
4847 23 40 36 29 38 116 347 26 30 7 35 29
4848 23 33 31 29 36 79 255 169 32 25 35 29
4849 23 75 69 17 43 10 306 33 31 20 36 29
4850 23 119 110 16 52 1 282 254 36 22 35 29
4851 23 9 11 18 35 2 312 229 30 17 35 29
4852 24 40 37 35 29 72 354 39 26 24 36 30
4853 23 19 24 29 28 1 313 37 27 28 35 29
4854 23 36 31 20 46 1 368 165 327 4 35 29
4855 23 70 73 22 31 1 348 128 28 24 35 29
4856 22 1 1 34 24 61 244 21 28 23 35 29
4857 23 55 59 25 31 94 178 429 29 29 36 29
4858 23 54 43 22 21 1 260 257 31 24 35 29
4859 22 1 1 26 28 102 437 32 33 11 35 29
4860 23 37 43 24 36 1 611 64 28 25 35 29
4861 23 130 95 10 50 60 419 28 23 11 36 29
4862 22 1 1 28 30 1 252 47 25 14 34 29
4863 23 24 23 26 41 1 261 199 28 3 35 29
4864 22 1 1 41 26 10 231 25 30 13 34 29
4865 22 1 1 8 33 26 108 12 28 8 35 29
4866 23 66 68 22 33 1 239 298 27 32 36 29
4867 22 1 1 37 22 45 357 270 149 19 34 28
4868 23 18 45 29 38 72 224 136 36 34 35 29
4869 23 14 21 19 29 29 366 29 32 16 35 29
4870 22 1 12 25 31 70 287 190 283 14 35 29
4871 22 1 1 22 18 1 448 37 24 36 35 28
4872 22 1 1 31 38 31 326 144 36 29 35 29
4873 22 1 1 23 21 1 642 32 30 8 35 29
4874 23 1 6 43 20 20 1362 38 25 41 35 29
4875 22 1 1 34 29 73 254 34 33 24 35 29
4876 23 76 62 37 37 1 463 1 26 11 35 29
4877 23 15 35 40 36 93 644 26 26 17 36 29
4878 23 29 28 29 24 17 234 216 32 22 35 30
4879 23 45 36 20 29 79 1012 26 34 19 36 29
4880 23 1 3 32 14 1 464 184 25 42 35 29
4881 23 26 19 20 35 1 200 140 446 19 35 29
4882 23 38 40 25 32 34 329 38 34 28 36 29
4883 22 1 1 15 34 45 218 304 31 15 35 29
4884 23 35 45 40 42 1 300 210 28 37 36 30
4885 22 1 1 32 27 31 150 32 28 8 35 29
4886 23 38 34 32 29 36 333 38 31 33 36 29
4887 23 27 12 23 28 26 291 281 494 15 35 29
4888 23 23 24 24 32 1 258 30 31 23 35 29
4889 23 44 43 31 26 66 93 37 30 40 36 29
4890 22 1 1 29 35 1 113 26 32 23 34 29
4891 22 1 1 31 25 85 165 173 27 9 35 29
4892 23 66 73 37 36 42 300 1 32 24 35 30
4893 22 1 1 14 27 1 273 233 31 12 34 28
4894 23 61 56 24 36 84 180 36 24 5 35 29
4895 23 50 35 28 36 1 683 15 29 18 35 29
4896 22 1 1 22 23 21 105 33 38 21 34 28
4897 23 17 39 32 33 71 333 39 39 34 36 29
4898 23 67 62 18 37 84 295 15 23 6 36 29
4899 22 1 1 26 28 71 140 27 32 25 35 29
4900 23 40 35 24 26 34 79 25 26 21 35 29
4901 23 39 21 31 32 1 299 39 27 28 35 29
4902 23 62 1 32 30 1 199 157 25 12 35 29
4903 23 86 68 19 33 48 215 186 31 19 35 29
4904 23 1 9 19 30 43 264 239 283 24 35 29
4905 23 44 52 31 25 3 405 37 29 30 35 29
4906 23 13 11 25 29 13 254 241 421 6 35 29
4907 23 27 30 35 17 28 323 29 30 42 35 28
4908 23 55 15 32 38 92 318 182 35 19 35 29
4909 23 14 10 40 29 31 287 30 35 24 35 29
4910 22 1 1 24 20 28 224 130 331 17 35 29
4911 23 56 42 29 34 33 1346 35 24 13 35 29
4912 23 43 58 42 39 45 292 202 25 34 36 29
4913 23 77 58 20 32 1 527 21 27 22 35 29
4914 23 56 49 30 32 1 119 32 24 18 35 29
4915 23 59 56 30 32 23 301 34 28 16 35 29
4916 23 37 40 38 36 47 259 31 30 22 35 29
4917 23 23 32 24 29 17 280 138 23 20 35 29
4918 23 26 31 36 17 11 258 226 27 38 36 29
4919 23 1 1 39 21 44 471 295 1306 28 35 29
4920 23 48 30 21 36 73 469 21 32 1 35 29
4921 22 1 1 22 27 92 116 48 24 14 34 29
4922 23 1 21 30 28 62 149 34 24 24 35 29
4923 22 1 1 40 23 46 282 247 551 15 35 29
4924 23 45 35 16 37 91 463 17 31 1 35 29
4925 22 1 1 46 30 48 352 1 42 8 34 28
4926 22 1 1 25 26 53 199 213 351 13 35 29
4927 23 6 18 35 23 60 292 24 27 30 35 29
4928 22 1 1 21 41 1 222 25 35 5 35 28
4929 22 1 1 34 26 78 556 10 33 25 35 29
4930 23 89 73 18 29 83 461 250 26 21 35 29
4931 23 32 38 29 30 50 123 29 34 29 36 29
4932 23 24 40 16 34 28 642 32 29 29 36 29
4933 23 1 8 24 31 31 91 28 28 31 35 29
4934 23 11 35 24 36 107 255 200 35 31 36 29
4935 23 46 43 20 43 56 164 483 1849 1 35 29
4936 23 56 39 19 22 36 286 19 32 23 35 29
4937 22 1 1 11 28 1 423 23 29 15 34 28
4938 22 1 1 36 21 21 343 18 31 20 35 29
4939 23 81 71 28 32 52 352 22 25 30 36 29
4940 23 54 47 23 31 1 334 26 32 21 35 29
4941 23 1 6 31 28 39 963 37 30 29 35 29
4942 23 1 1 25 28 1 350 42 21 29 35 29
4943 23 13 28 26 30 1 553 1 39 25 35 29
4944 23 35 18 31 25 1 94 21 30 12 35 29
4945 23 9 21 15 26 18 452 20 25 29 36 29
4946 23 34 37 20 32 37 275 82 35 14 35 29
4947 23 28 29 26 17 5 429 45 33 26 35 29
4948 23 52 63 45 35 38 366 34 26 38 36 29
4949 23 61 60 46 37 33 266 106 26 33 36 29
4950 23 68 69 34 40 84 404 167 32 12 36 29
4951 23 106 94 25 35 33 307 162 237 24 35 30
4952 22 1 1 28 16 46 227 34 27 24 34 29
4953 22 1 1 37 31 56 362 1 36 10 35 29
4954 23 17 32 34 37 55 242 32 28 12 35 29
4955 23 80 73 20 39 52 308 25 29 24 35 29
4956 23 27 44 18 38 1 130 27 34 21 35 29
4957 23 37 41 6 36 29 206 28 32 17 35 29
4958 23 28 34 22 40 1 253 294 548 15 35 29
4959 23 40 38 33 31 38 451 31 29 20 35 29
4960 23 1 1 30 25 63 452 34 26 20 35 29
4961 23 1 6 33 30 66 298 64 29 23 35 29
4962 23 1 4 32 30 1 249 32 31 31 35 29
4963 23 44 38 21 40 81 341 137 261 11 35 29
4964 23 1 9 27 22 29 244 303 36 37 36 29
4965 23 19 8 16 34 1 243 274 32 11 35 29
4966 23 39 54 28 36 14 179 18 32 35 35 29
4967 23 23 40 19 37 13 322 28 28 31 35 29
4968 23 1 3 15 31 22 487 24 26 21 35 29
4969 22 1 1 39 21 1 85 33 21 21 34 29
4970 23 41 27 38 34 44 244 166 28 10 35 29
4971 23 12 10 20 26 35 145 29 28 26 35 29
4972 23 36 11 27 36 72 127 39 27 16 35 29
4973 23 52 44 19 32 26 126 30 25 17 35 29
4974 22 1 1 20 24 29 599 25 34 11 35 29
4975 22 1 1 29 33 1 186 205 29 13 35 29
4976 22 1 1 37 13 29 333 40 25 11 35 29
4977 23 69 60 19 41 8 88 13 29 8 36 29
4978 22 1 1 30 25 18 205 1 35 2 34 28
4979 22 1 1 36 32 78 166 18 36 19 35 29
4980 23 64 54 30 37 49 534 22 37 17 35 29
4981 23 10 18 25 24 13 486 30 38 38 36 29
4982 23 34 29 16 36 21 1112 38 29 13 35 29
4983 23 1 12 20 40 1 277 23 30 19 35 29
4984 23 63 63 20 42 68 126 258 31 12 35 29
4985 23 25 26 19 35 45 398 135 26 10 35 29
4986 23 41 44 34 27 1 94 34 35 26 35 29
4987 23 25 13 16 29 41 244 296 37 10 35 29
4988 22 1 1 21 20 1 520 352 30 13 34 28
4989 23 98 88 14 39 69 261 181 24 19 35 29
4990 22 1 1 17 32 19 382 32 33 6 35 28
4991 23 11 24 38 25 1 683 29 23 30 36 29
4992 24 52 54 30 40 30 163 40 29 30 36 30
4993 23 26 33 41 30 35 356 321 26 21 36 30
4994 24 83 60 11 28 7 346 22 31 18 36 30
4995 23 33 35 30 31 9 307 25 25 26 36 30
4996 23 65 56 19 31 15 541 26 28 12 36 29
4997 23 89 81 27 31 45 156 15 29 30 36 30
4998 23 40 33 27 25 1 128 31 27 40 36 30
4999 23 29 16 30 18 66 373 25 34 22 35 30
5000 23 1 1 22 34 17 128 31 17 22 35 29
