1 1777280862 3550 3694 389 3644 3582 3624 3625 3593 4063 4063 4062 4062 4062 4062 4062 4062
2 1777280862 3550 3693 388 3643 3582 3624 3624 3592 4063 4063 4063 4063 4063 4063 4063 4063
3 1777280862 3551 3695 388 3644 3582 3624 3624 3592 4063 4063 4063 4063 4063 4063 4063 4063
4 1777280862 3551 3695 390 3644 3583 3625 3625 1707 4063 4063 4062 4062 4062 4062 4062 4062
5 1777280862 3550 3695 389 3644 3582 3624 3624 3592 4063 4063 4062 4062 4062 4062 4062 4062
6 1777280862 3550 3694 388 3643 3582 3624 3624 3592 4063 4063 4062 4062 4062 4062 4062 4062
7 1777280862 3553 3698 388 3648 287 1629 1354 1638 4063 4063 4062 4062 4062 4062 4062 4062
8 1777280862 3550 3694 389 3644 3583 3625 3625 3592 4063 4063 4062 4062 4062 4062 4062 4062
9 1777280862 3550 3695 388 3644 3582 3624 3625 3592 4063 4063 4062 4062 4062 4062 4062 4062
10 1777280862 3549 3693 386 3643 3580 3623 3623 3591 4061 4061 4061 4061 4061 4061 4061 4061
11 1777280862 3547 3692 387 3642 3580 3621 3622 3589 4063 4063 4062 4062 4062 4062 4062 4062
12 1777280862 3549 3694 387 3643 3582 3623 3623 3592 4063 4063 4062 4062 4062 4062 4062 4062
13 1777280862 3549 3693 387 3643 3581 3622 3623 3590 4063 4063 4062 4062 4062 4062 4062 4062
14 1777280862 3548 3692 386 3642 3580 3623 3623 3591 4063 4063 4062 4062 4062 4062 4062 4062
15 1777280862 3549 3694 386 3642 3580 3622 3623 3590 4063 4061 4061 4061 4061 4061 4061 4061
16 1777280862 3548 3692 386 3641 3580 3622 3622 3590 4063 4063 4062 4062 4062 4062 4062 4062
17 1777280870 3548 3692 386 3642 3579 3622 3622 3589 4063 4063 4062 4062 4062 4062 4062 4062
18 1777280870 3548 3692 387 3642 3580 3622 3622 3590 4063 4063 4062 4062 4062 4062 4062 4062
19 1777280870 3548 3693 386 3643 3581 3623 3623 3591 4063 4063 4062 4062 4062 4062 4062 4062
20 1777280870 3548 3693 386 3643 3580 3622 3623 3590 4061 4061 4061 4061 4061 4061 4061 4061
21 1777280870 3548 3692 387 3641 3580 3622 3622 3591 4063 4063 4062 4062 4062 4062 4062 4062
22 1777280870 3548 3692 387 3642 3580 3622 3622 3590 4063 4063 4062 4062 4062 4062 4062 4062
23 1777280870 3548 3693 387 3642 3580 3622 3622 3590 4063 4063 4062 4062 4062 4062 4062 4062
24 1777280870 3549 3693 387 3643 3581 3623 3623 3592 4063 4063 4062 4062 4062 4062 4062 4062
25 1777280870 3548 3693 387 3642 3581 3623 3623 3592 4063 4063 4062 4062 4062 4062 4062 4062
26 1777280870 3549 3693 386 3643 3581 3623 3623 3591 4063 4063 4062 4062 4062 4062 4062 4062
27 1777280870 3549 3693 386 3643 3581 3623 3623 3592 4063 4063 4063 4063 4063 4063 4063 4063
28 1777280870 3553 3697 387 3646 3584 3626 3626 3595 4063 4063 4063 4063 4063 4063 4063 4063
29 1777280870 3548 3693 386 3642 3580 3623 3623 3591 4061 4061 4061 4061 4061 4061 4061 4061
30 1777280870 3549 3693 387 3642 3581 3623 3623 3591 4063 4063 4062 4062 4062 4062 4062 4062
31 1777280870 3549 3693 387 3643 3581 3623 3623 3591 4063 4063 4062 4062 4062 4062 4062 4062
32 1777280870 3549 3693 386 3642 3581 3622 3622 3590 4063 4063 4063 4063 4063 4063 4063 4063
33 1777280870 3548 3693 386 3643 3580 3623 3623 3591 4063 4063 4062 4062 4062 4062 4062 4062
34 1777280870 3548 3693 387 3642 3580 3622 3622 3590 4063 4063 4063 4063 4063 4063 4063 4063
35 1777280870 3548 3693 386 3643 3581 3623 3623 3591 4061 4061 4061 4061 4061 4061 4061 4061
36 1777280870 3549 3694 387 3643 3582 3624 3624 3592 4063 4063 4063 4063 4063 4063 4063 4063
37 1777280870 3549 3693 387 3643 3581 3622 3622 3591 4063 4063 4062 4062 4062 4062 4062 4062
38 1777280870 3549 3694 387 3642 3581 3623 3623 3591 4063 4063 4063 4063 4063 4063 4063 4063
39 1777280870 3549 3693 387 3643 3581 3623 3623 3591 4063 4063 4062 4062 4062 4062 4062 4062
40 1777280870 3549 3693 387 3644 3581 3623 3623 3591 4065 4063 4063 4063 4063 4063 4063 4063
41 1777280870 3548 3693 386 3643 3581 3623 3623 3591 4063 4063 4062 4062 4062 4062 4062 4062
42 1777280870 3549 3694 387 3644 3582 3624 3624 3592 4063 4063 4062 4062 4062 4062 4062 4062
43 1777280870 3549 3694 386 3642 3581 3623 3623 3590 4061 4061 4061 4061 4061 4061 4061 4061
44 1777280870 3549 3693 386 3644 3581 3623 3623 3591 4063 4063 4062 4062 4062 4062 4062 4062
45 1777280870 3548 3693 386 3642 3581 3623 3622 3591 4063 4063 4063 4063 4063 4063 4063 4063
46 1777280870 3550 3694 387 3642 3581 3623 3623 3592 4061 4061 4061 4061 4061 4061 4061 4061
47 1777280870 3550 3694 387 3643 3581 3624 3624 3592 4063 4063 4063 4063 4063 4063 4063 4063
48 1777280870 3549 3693 386 3642 3580 3622 3622 3590 4063 4063 4063 4063 4063 4063 4063 4063
49 1777280870 3550 3694 387 3643 3581 3623 3623 3592 4063 4063 4062 4062 4062 4062 4062 4062
50 1777280870 3549 3694 387 3643 3581 3623 3623 3591 4063 4063 4062 4062 4062 4062 4062 4062
51 1777280870 3548 3693 386 3643 3581 3623 3623 3591 4063 4063 4063 4063 4063 4063 4063 4063
52 1777280870 3549 3693 387 3643 3581 3623 3623 3591 4063 4063 4062 4062 4062 4062 4062 4062
53 1777280870 3549 3694 388 3643 3581 3624 3624 3592 4063 4063 4062 4062 4062 4062 4062 4062
54 1777280870 3549 3694 387 3643 3582 3623 3623 3591 4061 4061 4060 4060 4060 4060 4060 4060
55 1777280870 3550 3694 386 3644 3582 3624 3624 3592 4063 4063 4062 4062 4062 4062 4062 4062
56 1777280870 3550 3694 387 3644 3582 3624 3624 3592 4061 4061 4061 4061 4061 4061 4061 4061
57 1777280870 3549 3693 387 3643 3580 3623 3623 3591 4063 4063 4063 4063 4063 4063 4063 4063
58 1777280871 3548 3693 387 3642 3581 3623 3623 3591 4063 4063 4062 4062 4062 4062 4062 4062
59 1777280871 3549 3694 387 3643 3582 3624 3624 3592 4062 4063 4062 4062 4062 4062 4062 4062
60 1777280871 3548 3693 387 3643 3581 3623 3623 3592 4063 4063 4063 4063 4063 4063 4063 4063
61 1777280871 3548 3693 386 3643 3581 3623 3623 3591 4063 4063 4063 4063 4063 4063 4063 4063
62 1777280871 3550 3695 387 3645 3583 3625 3626 3593 4063 4063 4062 4062 4062 4062 4062 4062
63 1777280871 3549 3694 387 3643 3581 3623 3623 3592 4063 4063 4062 4062 4062 4062 4062 4062
64 1777280871 3549 3693 387 3643 3581 3623 3624 3592 4063 4063 4063 4063 4063 4063 4063 4063
65 1777280871 3549 3693 388 3643 3581 3623 3624 3592 4061 4061 4061 4061 4061 4061 4061 4061
66 1777280871 3548 3693 387 3642 3581 3623 3623 3591 4063 4063 4062 4062 4062 4062 4062 4062
67 1777280871 3549 3693 387 3642 3581 3623 3623 3591 4063 4063 4063 4063 4063 4063 4063 4063
68 1777280871 3549 3693 387 3643 3581 3623 3623 3592 4063 4062 4062 4062 4062 4062 4062 4062
69 1777280871 3550 3695 388 3644 3582 3624 3624 3593 4063 4063 4063 4063 4063 4063 4063 4063
70 1777280871 3548 3693 387 3643 3581 3623 3624 3592 4063 4063 4063 4063 4063 4063 4063 4063
71 1777280871 3548 3693 386 3643 3581 3622 3622 3591 4063 4063 4063 4063 4063 4063 4063 4063
72 1777280871 3549 3694 387 3644 3581 3623 3623 3591 4063 4062 4062 4062 4062 4062 4062 4062
73 1777280871 3549 3693 386 3643 3581 3623 3623 3591 4063 4063 4062 4062 4062 4062 4062 4062
74 1777280871 3549 3694 387 3644 3581 3623 3624 3591 4063 4063 4062 4062 4062 4062 4062 4062
75 1777280871 3549 3694 387 3643 3581 3623 3623 3591 4061 4061 4061 4061 4061 4061 4061 4061
76 1777280871 3549 3694 387 3643 3581 3623 3623 3591 4063 4063 4062 4062 4062 4062 4062 4062
77 1777280871 3550 3694 387 3643 3581 3623 3624 3591 4063 4063 4063 4063 4063 4063 4063 4063
78 1777280871 3549 3694 387 3642 3581 3623 3623 3591 4063 4063 4062 4062 4062 4062 4062 4062
79 1777280871 3549 3694 387 3643 3581 3624 3624 3592 4063 4063 4063 4063 4063 4063 4063 4063
80 1777280871 3549 3693 387 3643 3581 3623 3624 3591 4061 4061 4061 4061 4061 4061 4061 4061
81 1777280871 3549 3693 387 3643 3581 3623 3624 3591 4063 4063 4062 4062 4062 4062 4062 4062
82 1777280871 3550 3694 387 3644 3582 3624 3624 3592 4063 4063 4063 4063 4063 4063 4063 4063
83 1777280871 3549 3693 387 3643 3581 3623 3623 3592 4063 4063 4063 4063 4063 4063 4063 4063
84 1777280871 3549 3693 387 3644 3581 3623 3623 3592 4063 4063 4062 4062 4062 4062 4062 4062
85 1777280871 3550 3694 387 3644 3582 3624 3624 3592 4063 4063 4062 4062 4062 4062 4062 4062
86 1777280871 3550 3694 387 3643 3582 3623 3624 3591 4065 4063 4063 4063 4063 4063 4063 4063
87 1777280871 3549 3694 387 3643 3581 3623 3623 3591 4063 4063 4062 4062 4062 4062 4062 4062
88 1777280871 3549 3694 387 3643 3582 3623 3624 3592 4063 4063 4063 4063 4063 4063 4063 4063
89 1777280871 3549 3694 387 3643 3581 3623 3623 3591 4061 4061 4061 4061 4061 4061 4061 4061
90 1777280871 3550 3694 387 3643 3581 3623 3623 3591 4063 4063 4063 4063 4063 4063 4063 4063
91 1777280871 3550 3694 387 3644 3582 3624 3625 3593 4061 4061 4061 4061 4061 4061 4061 4061
92 1777280871 3549 3694 387 3643 3582 3624 3624 3592 4063 4063 4063 4063 4063 4063 4063 4063
93 1777280871 3549 3694 388 3643 3582 3624 3624 3592 4063 4063 4063 4063 4063 4063 4063 4063
94 1777280871 3549 3693 387 3642 3581 3623 3623 3591 4061 4061 4061 4061 4061 4061 4061 4061
95 1777280871 3549 3693 387 3643 3581 3623 3623 3592 4063 4063 4063 4063 4063 4063 4063 4063
96 1777280871 3549 3694 387 3644 3581 3624 3624 3592 4061 4061 4061 4061 4061 4061 4061 4061
97 1777280871 3549 3694 388 3643 3581 3624 3623 3591 4063 4063 4063 4063 4063 4063 4063 4063
98 1777280871 3549 3693 387 3643 3581 3624 3623 3592 4063 4063 4063 4063 4063 4063 4063 4063
99 1777280871 3549 3694 386 3643 3581 3623 3624 3591 4061 4061 4061 4061 4061 4061 4061 4061
100 1777280871 3549 3695 387 3644 3582 3624 3624 3592 4063 4063 4062 4062 4062 4062 4062 4062
101 1777280871 3550 3694 388 3644 3582 3624 3624 3593 4063 4063 4062 4062 4062 4062 4062 4062
102 1777280871 3549 3694 387 3644 3582 3624 3624 3592 4063 4062 4062 4062 4062 4062 4062 4062
103 1777280871 3550 3695 387 3645 3582 3625 3625 3593 4063 4063 4062 4062 4062 4062 4062 4062
104 1777280871 3550 3695 387 3645 3582 3624 3624 3592 4063 4062 4062 4062 4062 4062 4062 4062
105 1777280871 3549 3694 387 3643 3581 3623 3624 3591 4063 4063 4063 4063 4063 4063 4063 4063
106 1777280871 3550 3694 387 3644 3582 3623 3624 3592 4063 4063 4063 4063 4063 4063 4063 4063
107 1777280871 3548 3693 387 3643 3581 3623 3623 3591 4063 4063 4063 4063 4063 4063 4063 4063
108 1777280871 3549 3694 387 3644 3582 3624 3624 3592 4063 4063 4062 4062 4062 4062 4062 4062
109 1777280871 3550 3694 387 3643 3582 3624 3623 3592 4059 4059 4059 4059 4059 4059 4059 4059
110 1777280871 3549 3693 387 3642 3581 3624 3624 3592 4063 4063 4063 4063 4063 4063 4063 4063
111 1777280871 3550 3694 387 3644 3581 3624 3624 3592 4063 4063 4062 4062 4062 4062 4062 4062
112 1777280871 3550 3694 387 3644 3581 3624 3624 3591 4063 4063 4062 4062 4062 4062 4062 4062
113 1777280871 3550 3695 387 3643 3582 3624 3624 3592 4063 4063 4062 4062 4062 4062 4062 4062
114 1777280871 3550 3695 387 3644 3582 3624 3624 3592 4063 4063 4063 4063 4063 4063 4063 4063
115 1777280871 3550 3694 387 3644 3582 3625 3624 3592 4063 4063 4062 4062 4062 4062 4062 4062
116 1777280871 3549 3694 387 3644 3582 3624 3624 3592 4063 4063 4062 4062 4062 4062 4062 4062
117 1777280871 3548 3693 388 3643 3580 3623 3623 3591 4063 4063 4062 4062 4062 4062 4062 4062
118 1777280871 3549 3694 387 3643 3581 3624 3623 3592 4063 4063 4062 4062 4062 4062 4062 4062
119 1777280871 3550 3694 387 3644 3582 3624 3624 3592 4063 4061 4061 4061 4061 4061 4061 4061
120 1777280871 3549 3694 388 3643 3581 3623 3623 3592 4063 4061 4061 4061 4061 4061 4061 4061
121 1777280871 3549 3694 388 3643 3580 3623 3623 3591 4063 4063 4062 4062 4062 4062 4062 4062
122 1777280871 3549 3694 387 3644 3582 3624 3624 3592 4063 4063 4062 4062 4062 4062 4062 4062
123 1777280871 3549 3694 388 3644 3582 3624 3624 3592 4061 4061 4061 4061 4061 4061 4061 4061
124 1777280871 3549 3693 387 3643 3581 3623 3623 3592 4063 4063 4063 4063 4063 4063 4063 4063
125 1777280871 3549 3694 388 3643 3581 3623 3624 3592 4063 4063 4063 4063 4063 4063 4063 4063
126 1777280871 3549 3694 387 3643 3581 3623 3624 3592 4063 4063 4063 4063 4063 4063 4063 4063
127 1777280871 3551 3696 387 3645 3583 3625 3625 3593 4065 4063 4063 4063 4063 4063 4063 4063
128 1777280871 3550 3695 387 3644 3582 3624 3624 3592 4063 4061 4061 4061 4061 4061 4061 4061
129 1777280871 3550 3695 387 3644 3582 3624 3625 3593 4063 4063 4062 4062 4062 4062 4062 4062
130 1777280871 3550 3694 387 3644 3582 3624 3624 3593 4061 4061 4061 4061 4061 4061 4061 4061
131 1777280871 3550 3694 387 3644 3582 3623 3624 3592 4063 4063 4062 4062 4062 4062 4062 4062
132 1777280871 3550 3695 389 3644 3582 3624 3624 3592 4063 4063 4062 4062 4062 4062 4062 4062
133 1777280871 3550 3694 388 3643 3582 3624 3624 3592 4063 4063 4062 4062 4062 4062 4062 4062
134 1777280871 3549 3693 387 3643 3581 3623 3623 3591 4061 4061 4061 4061 4061 4061 4061 4061
135 1777280871 3549 3694 387 3644 3582 3624 3624 3592 4065 4063 4063 4063 4063 4063 4063 4063
136 1777280871 3549 3694 388 3644 3581 3623 3624 3592 4063 4063 4062 4062 4062 4062 4062 4062
137 1777280871 3550 3694 387 3644 3582 3624 3624 3592 4063 4063 4062 4062 4062 4062 4062 4062
138 1777280871 3549 3694 387 3643 3581 3623 3623 3591 4061 4061 4061 4061 4061 4061 4061 4061
139 1777280871 3550 3694 387 3644 3582 3624 3624 3592 4061 4061 4061 4061 4061 4061 4061 4061
140 1777280871 3550 3694 387 3644 3582 3624 3624 3592 4063 4063 4062 4062 4062 4062 4062 4062
141 1777280871 3550 3695 387 3643 3582 3624 3624 3592 4063 4062 4062 4062 4062 4062 4062 4062
142 1777280872 3550 3695 387 3645 3582 3624 3624 3593 4063 4063 4062 4062 4062 4062 4062 4062
143 1777280872 3550 3695 387 3645 3583 3624 3624 3593 4063 4063 4062 4062 4062 4062 4062 4062
144 1777280872 3550 3694 387 3644 3583 3625 3625 3593 4063 4063 4062 4062 4062 4062 4062 4062
145 1777280872 3551 3696 387 3645 3584 3625 3625 1708 4063 4063 4062 4062 4062 4062 4062 4062
146 1777280872 3550 3694 388 3644 3582 3623 3624 3592 4063 4063 4062 4062 4062 4062 4062 4062
147 1777280872 3550 3695 388 3645 3582 3625 3625 3593 4061 4061 4060 4060 4060 4060 4060 4060
148 1777280872 3550 3694 387 3644 3582 3624 3625 3592 4063 4063 4063 4063 4063 4063 4063 4063
149 1777280872 3550 3694 388 3644 3582 3624 3624 3592 4063 4063 4062 4062 4062 4062 4062 4062
150 1777280872 3549 3694 387 3644 3582 3624 3624 3592 4061 4061 4061 4061 4061 4061 4061 4061
151 1777280872 3550 3694 388 3644 3582 3624 3625 3592 4061 4061 4061 4061 4061 4061 4061 4061
152 1777280872 3550 3695 387 3644 3582 3624 3624 3592 4063 4063 4063 4063 4063 4063 4063 4063
153 1777280872 3549 3694 387 3643 3582 3624 3624 3592 4063 4063 4062 4062 4062 4062 4062 4062
154 1777280872 3550 3695 387 3643 3582 3623 3624 3592 4062 4063 4062 4062 4062 4062 4062 4062
155 1777280872 3550 3694 388 3644 3582 3624 3624 3593 4063 4063 4062 4062 4062 4062 4062 4062
156 1777280872 3549 3694 388 3643 3582 3623 3624 3592 4063 4063 4062 4062 4062 4062 4062 4062
157 1777280872 3550 3695 388 3645 3583 3624 3625 3593 4063 4062 4062 4062 4062 4062 4062 4062
158 1777280872 3550 3695 387 3645 3582 3624 3624 3592 4063 4063 4063 4063 4063 4063 4063 4063
159 1777280872 3550 3695 387 3645 3583 3625 3625 3593 4063 4063 4062 4062 4062 4062 4062 4062
160 1777280872 3549 3694 388 3644 3582 3624 3624 3592 4063 4063 4062 4062 4062 4062 4062 4062
161 1777280872 3550 3694 387 3644 3582 3624 3624 3592 4061 4061 4061 4061 4061 4061 4061 4061
162 1777280872 3550 3694 387 3644 3582 3624 3624 3592 4061 4061 4061 4061 4061 4061 4061 4061
163 1777280872 3550 3695 388 3645 3583 3625 3624 3592 4063 4063 4062 4062 4062 4062 4062 4062
164 1777280872 3550 3695 388 3644 3582 3625 3625 3593 4061 4061 4061 4061 4061 4061 4061 4061
165 1777280872 3550 3695 388 3645 3583 3625 3625 3592 4061 4061 4061 4061 4061 4061 4061 4061
166 1777280872 3550 3695 387 3644 3582 3624 3625 3593 4063 4063 4062 4062 4062 4062 4062 4062
167 1777280872 3549 3694 388 3644 3582 3624 3624 3592 4063 4061 4061 4061 4061 4061 4061 4061
168 1777280872 3549 3694 387 3644 3582 3624 3624 3592 4063 4063 4063 4063 4063 4063 4063 4063
169 1777280872 3551 3695 388 3645 3583 3625 3625 3593 4063 4063 4062 4062 4062 4062 4062 4062
170 1777280872 3550 3695 388 3645 3583 3624 3625 3593 4061 4061 4061 4061 4061 4061 4061 4061
171 1777280872 3549 3694 388 3644 3582 3624 3624 3592 4063 4063 4062 4062 4062 4062 4062 4062
172 1777280872 3551 3695 387 3644 3583 3625 3625 3593 4063 4063 4063 4063 4063 4063 4063 4063
173 1777280872 3548 3693 388 3643 3581 3623 3623 3591 4061 4061 4061 4061 4061 4061 4061 4061
174 1777280872 3550 3694 387 3644 3582 3624 3624 3592 4063 4063 4062 4062 4062 4062 4062 4062
175 1777280872 3550 3695 388 3645 3583 3625 3625 3593 4063 4063 4062 4062 4062 4062 4062 4062
176 1777280872 3551 3696 388 3645 3583 3625 3625 3593 4063 4063 4062 4062 4062 4062 4062 4062
177 1777280872 3550 3695 387 3644 3582 3624 3624 3592 4063 4063 4063 4063 4063 4063 4063 4063
178 1777280872 3550 3695 388 3644 3582 3624 3624 3592 4061 4061 4061 4061 4061 4061 4061 4061
179 1777280872 3550 3694 388 3643 3582 3623 3624 3592 4063 4063 4063 4063 4063 4063 4063 4063
180 1777280872 3550 3694 388 3643 3581 3624 3624 3592 4063 4063 4062 4062 4062 4062 4062 4062
181 1777280872 3549 3693 388 3643 3581 3624 3624 3592 4063 4063 4062 4062 4062 4062 4062 4062
182 1777280872 3550 3694 387 3645 3582 3625 3624 3592 4063 4063 4062 4062 4062 4062 4062 4062
183 1777280872 3550 3694 388 3644 3582 3624 3624 3593 4063 4063 4062 4062 4062 4062 4062 4062
184 1777280872 3551 3696 387 3644 3583 3625 3625 3593 4063 4063 4062 4062 4062 4062 4062 4062
185 1777280872 3550 3694 388 3644 3582 3624 3624 3592 4063 4063 4062 4062 4062 4062 4062 4062
186 1777280872 3550 3695 387 3644 3583 3624 3625 3592 4063 4063 4062 4062 4062 4062 4062 4062
187 1777280872 3550 3694 387 3644 3582 3624 3624 3592 4062 4063 4062 4062 4062 4062 4062 4062
188 1777280872 3550 3695 387 3644 3582 3624 3625 3593 4063 4063 4062 4062 4062 4062 4062 4062
189 1777280872 3550 3694 388 3644 3582 3624 3624 3592 4059 4059 4059 4059 4059 4059 4059 4059
190 1777280872 3550 3695 387 3645 3582 3624 3625 3592 4063 4063 4062 4062 4062 4062 4062 4062
191 1777280872 3550 3695 387 3644 3582 3625 3625 3593 4063 4062 4062 4062 4062 4062 4062 4062
192 1777280872 3550 3694 388 3644 3582 3624 3624 3592 4063 4063 4062 4062 4062 4062 4062 4062
193 1777280872 3551 3695 388 3645 3583 3625 3625 3593 4063 4063 4063 4063 4063 4063 4063 4063
194 1777280872 3551 3696 387 3645 3583 3625 3625 3593 4059 4059 4059 4059 4059 4059 4059 4059
195 1777280872 3551 3695 388 3645 3583 3625 3625 3593 4063 4063 4062 4062 4062 4062 4062 4062
196 1777280872 3551 3696 389 3645 3583 3625 3626 3593 4063 4063 4062 4062 4062 4062 4062 4062
197 1777280872 3551 3696 388 3645 3583 3625 3624 3592 4063 4063 4063 4063 4063 4063 4063 4063
198 1777280872 3550 3695 388 3644 3582 3624 3625 3593 4063 4063 4062 4062 4062 4062 4062 4062
199 1777280872 3551 3695 388 3645 3583 3625 3625 3593 4063 4061 4061 4061 4061 4061 4061 4061
200 1777280872 3549 3693 388 3644 3582 3623 3624 3591 4063 4063 4062 4062 4062 4062 4062 4062
201 1777280872 3551 3695 388 3645 3583 3624 3624 3592 4063 4063 4062 4062 4062 4062 4062 4062
202 1777280872 3550 3695 387 3645 3583 3624 3624 3592 4063 4063 4062 4062 4062 4062 4062 4062
203 1777280872 3551 3695 388 3645 3583 3624 3625 3592 4061 4061 4061 4061 4061 4061 4061 4061
204 1777280872 3551 3695 388 3644 3583 3625 3625 3593 4061 4061 4061 4061 4061 4061 4061 4061
205 1777280872 3551 3695 388 3643 3583 3625 3625 3593 4061 4061 4061 4061 4061 4061 4061 4061
206 1777280872 3549 3694 388 3642 3581 3624 3623 3592 4063 4063 4063 4063 4063 4063 4063 4063
207 1777280872 3550 3694 388 3644 3582 3624 3624 3593 4061 4061 4061 4061 4061 4061 4061 4061
208 1777280872 3550 3695 387 3644 3583 3625 3625 3593 4061 4061 4061 4061 4061 4061 4061 4061
209 1777280872 3551 3696 388 3645 3584 3625 3626 3593 4063 4063 4062 4062 4062 4062 4062 4062
210 1777280872 3550 3694 388 3644 3582 3624 3625 3592 4063 4063 4063 4063 4063 4063 4063 4063
211 1777280873 3551 3695 388 3645 3583 3625 3625 3593 4065 4063 4063 4063 4063 4063 4063 4063
212 1777280873 3550 3695 389 3644 3583 3624 3625 3593 4063 4063 4062 4062 4062 4062 4062 4062
213 1777280873 3550 3695 388 3645 3583 3625 3625 3593 4063 4063 4062 4062 4062 4062 4062 4062
214 1777280873 3551 3696 388 3645 3583 3626 3626 3593 4063 4063 4063 4063 4063 4063 4063 4063
215 1777280873 3550 3695 388 3645 3583 3624 3625 3593 4063 4063 4062 4062 4062 4062 4062 4062
216 1777280873 3550 3694 388 3644 3582 3624 3624 3592 4063 4063 4063 4063 4063 4063 4063 4063
217 1777280873 3550 3695 388 3645 3583 3625 3625 3593 4063 4063 4062 4062 4062 4062 4062 4062
218 1777280873 3551 3695 387 3645 3583 3625 3625 3593 4061 4061 4061 4061 4061 4061 4061 4061
219 1777280873 3550 3695 388 3645 3583 3625 3625 3593 4063 4062 4062 4062 4062 4062 4062 4062
220 1777280873 3550 3695 389 3644 3583 3625 3625 3593 4063 4063 4062 4062 4062 4062 4062 4062
221 1777280873 3551 3695 388 3645 3583 3625 3625 3593 4063 4063 4062 4062 4062 4062 4062 4062
222 1777280873 3551 3696 388 3646 3584 3626 3626 3594 4061 4061 4061 4061 4061 4061 4061 4061
223 1777280873 3551 3695 388 3645 3583 3625 3625 3593 4063 4063 4063 4063 4063 4063 4063 4063
224 1777280873 3551 3695 388 3644 3583 3625 3625 3593 4061 4061 4061 4061 4061 4061 4061 4061
225 1777280873 3551 3696 388 3645 3583 3625 3625 3593 4063 4063 4062 4062 4062 4062 4062 4062
226 1777280873 3551 3695 388 3645 3583 3625 3626 3593 4063 4063 4062 4062 4062 4062 4062 4062
227 1777280873 3552 3696 388 3645 3584 3626 3627 3594 4065 4063 4063 4063 4063 4063 4063 4063
228 1777280873 3550 3695 389 3645 3583 3625 3625 3593 4065 4063 4063 4063 4063 4063 4063 4063
229 1777280873 3551 3696 388 3645 3583 3624 3625 3593 4063 4063 4063 4063 4063 4063 4063 4063
230 1777280873 3549 3694 388 3643 3582 3624 3624 3592 4063 4063 4062 4062 4062 4062 4062 4062
231 1777280873 3550 3694 388 3644 3582 3624 3624 3592 4063 4063 4063 4063 4063 4063 4063 4063
232 1777280873 3550 3695 388 3645 3583 3625 3625 3593 4061 4061 4061 4061 4061 4061 4061 4061
233 1777280873 3550 3695 388 3644 3582 3624 3625 3592 4063 4063 4062 4062 4062 4062 4062 4062
234 1777280873 3552 3697 388 3646 3584 3625 3626 3594 4063 4063 4063 4063 4063 4063 4063 4063
235 1777280873 3551 3696 388 3645 3584 3626 3626 3594 4059 4058 4058 4058 4058 4058 4058 4058
236 1777280873 3551 3696 388 3644 3584 3626 3626 3594 4063 4063 4063 4063 4063 4063 4063 4063
237 1777280873 3550 3695 388 3645 3583 3625 3626 3594 4061 4061 4061 4061 4061 4061 4061 4061
238 1777280873 3550 3695 388 3645 3583 3625 3626 3593 4063 4063 4063 4063 4063 4063 4063 4063
239 1777280873 3550 3694 388 3644 3582 3624 3625 3593 4063 4063 4062 4062 4062 4062 4062 4062
240 1777280873 3550 3695 389 3644 3583 3625 3625 3593 4061 4061 4061 4061 4061 4061 4061 4061
241 1777280873 3550 3695 388 3645 3583 3625 3625 3593 4065 4063 4063 4063 4063 4063 4063 4063
242 1777280873 3549 3694 388 3643 3582 3624 3624 3593 4063 4063 4062 4062 4062 4062 4062 4062
243 1777280873 3551 3696 388 3645 3583 3625 3625 3593 4063 4063 4062 4062 4062 4062 4062 4062
244 1777280873 3550 3695 388 3644 3583 3625 3625 3593 4063 4063 4062 4062 4062 4062 4062 4062
245 1777280873 3550 3695 388 3644 3582 3624 3624 3592 4063 4063 4063 4063 4063 4063 4063 4063
246 1777280873 3551 3695 388 3644 3583 3625 3625 3593 4063 4063 4062 4062 4062 4062 4062 4062
247 1777280873 3551 3696 388 3645 3583 3625 3625 3593 4063 4062 4062 4062 4062 4062 4062 4062
248 1777280873 3551 3695 388 3645 3583 3625 3625 3593 4063 4061 4061 4061 4061 4061 4061 4061
249 1777280873 3551 3696 388 3645 3583 3625 3625 3593 4061 4061 4061 4061 4061 4061 4061 4061
250 1777280873 3551 3696 388 3646 3584 3625 3626 3594 4061 4061 4061 4061 4061 4061 4061 4061
251 1777280873 3550 3695 388 3645 3583 3625 3625 3593 4063 4063 4062 4062 4062 4062 4062 4062
252 1777280873 3550 3695 388 3644 3583 3625 3625 3593 4063 4063 4063 4063 4063 4063 4063 4063
253 1777280873 3551 3696 388 3646 3584 3625 3626 3593 4063 4063 4063 4063 4063 4063 4063 4063
254 1777280873 3551 3696 388 3645 3583 3626 3626 3594 4063 4063 4063 4063 4063 4063 4063 4063
255 1777280873 3550 3694 388 3644 3582 3624 3624 3592 4063 4063 4062 4062 4062 4062 4062 4062
256 1777280873 3551 3696 388 3645 3583 3625 3625 3594 4061 4061 4061 4061 4061 4061 4061 4061
257 1777280873 3550 3695 388 3645 3583 3624 3625 3593 4059 4059 4059 4059 4059 4059 4059 4059
258 1777280873 3552 3696 387 3645 3583 3626 3625 3594 4063 4063 4063 4063 4063 4063 4063 4063
259 1777280873 3551 3696 390 3645 3583 3625 3625 3593 4063 4063 4063 4063 4063 4063 4063 4063
260 1777280873 3551 3696 389 3645 3583 3625 3625 3594 4063 4063 4062 4062 4062 4062 4062 4062
261 1777280873 3551 3696 388 3645 3584 3626 3626 3594 4061 4061 4061 4061 4061 4061 4061 4061
262 1777280873 3551 3696 388 3644 3583 3625 3625 3593 4061 4061 4061 4061 4061 4061 4061 4061
263 1777280873 3551 3695 388 3645 3583 3625 3625 3593 4063 4063 4063 4063 4063 4063 4063 4063
264 1777280873 3551 3696 388 3646 3583 3625 3625 3593 4063 4063 4063 4063 4063 4063 4063 4063
265 1777280873 3549 3693 386 3643 3581 3624 3624 3591 4063 4063 4062 4062 4062 4062 4062 4062
266 1777280873 3549 3693 387 3642 3581 3623 3623 3591 4063 4063 4062 4062 4062 4062 4062 4062
267 1777280873 3548 3693 386 3642 3580 3622 3623 3590 4061 4061 4061 4061 4061 4061 4061 4061
268 1777280873 3549 3693 386 3643 3581 3623 3623 3591 4063 4063 4063 4063 4063 4063 4063 4063
269 1777280873 3549 3694 386 3643 3581 3623 3623 3591 4063 4063 4062 4062 4062 4062 4062 4062
270 1777280873 3548 3693 386 3642 3581 3623 3623 3591 4063 4062 4062 4062 4062 4062 4062 4062
271 1777280873 3549 3693 386 3643 3581 3623 3623 3591 4063 4063 4063 4063 4063 4063 4063 4063
272 1777280873 3549 3694 386 3644 3582 3624 3624 3592 4063 4062 4062 4062 4062 4062 4062 4062
273 1777280873 3549 3694 387 3643 3581 3624 3624 3591 4063 4063 4062 4062 4062 4062 4062 4062
274 1777280873 3549 3693 387 3644 3581 3624 3624 3592 4061 4061 4061 4061 4061 4061 4061 4061
275 1777280873 3549 3694 387 3643 3581 3623 3624 3592 4063 4063 4062 4062 4062 4062 4062 4062
276 1777280873 3549 3693 387 3643 3581 3623 3623 3591 4063 4063 4062 4062 4062 4062 4062 4062
277 1777280873 3549 3693 387 3643 3581 3623 3623 3591 4063 4063 4063 4063 4063 4063 4063 4063
278 1777280873 3549 3694 387 3643 3581 3623 3623 3592 4063 4061 4061 4061 4061 4061 4061 4061
279 1777280873 3549 3693 387 3642 3580 3622 3623 3591 4061 4061 4061 4061 4061 4061 4061 4061
280 1777280873 3549 3694 387 3644 3582 3624 3624 3592 4063 4063 4062 4062 4062 4062 4062 4062
281 1777280873 3549 3694 386 3643 3582 3624 3624 3592 4063 4063 4062 4062 4062 4062 4062 4062
282 1777280873 3549 3694 386 3644 3581 3623 3623 3591 4063 4063 4063 4063 4063 4063 4063 4063
283 1777280873 3550 3694 386 3644 3582 3623 3623 3591 4063 4063 4062 4062 4062 4062 4062 4062
284 1777280873 3549 3693 387 3642 3581 3623 3623 3592 4063 4063 4062 4062 4062 4062 4062 4062
285 1777280873 3550 3694 386 3643 3582 3624 3624 3592 4063 4063 4062 4062 4062 4062 4062 4062
286 1777280873 3549 3694 387 3644 3581 3623 3624 3591 4063 4063 4062 4062 4062 4062 4062 4062
287 1777280873 3549 3693 387 3643 3581 3623 3623 3591 4063 4063 4063 4063 4063 4063 4063 4063
288 1777280874 3549 3694 387 3644 3582 3624 3624 3592 4061 4061 4061 4061 4061 4061 4061 4061
289 1777280874 3550 3694 386 3643 3582 3624 3624 3592 4063 4063 4062 4062 4062 4062 4062 4062
290 1777280874 3549 3694 387 3643 3581 3623 3623 3592 4063 4063 4062 4062 4062 4062 4062 4062
291 1777280874 3549 3694 386 3643 3581 3624 3624 3591 4063 4063 4063 4063 4063 4063 4063 4063
292 1777280874 3549 3694 387 3644 3582 3623 3624 3592 4065 4063 4063 4063 4063 4063 4063 4063
293 1777280874 3550 3694 386 3644 3582 3624 3624 3592 4063 4063 4062 4062 4062 4062 4062 4062
294 1777280874 3550 3695 387 3644 3582 3624 3625 3592 4063 4063 4062 4062 4062 4062 4062 4062
295 1777280874 3550 3694 387 3644 3582 3624 3624 3592 4063 4063 4063 4063 4063 4063 4063 4063
296 1777280874 3549 3693 387 3643 3581 3623 3624 3592 4063 4063 4062 4062 4062 4062 4062 4062
297 1777280874 3550 3694 387 3643 3581 3624 3624 3592 4063 4063 4062 4062 4062 4062 4062 4062
298 1777280874 3549 3694 387 3644 3582 3624 3624 3591 4063 4063 4062 4062 4062 4062 4062 4062
299 1777280874 3550 3694 386 3643 3582 3624 3623 3591 4063 4063 4063 4063 4063 4063 4063 4063
300 1777280874 3550 3694 386 3643 3582 3624 3623 3592 4063 4063 4062 4062 4062 4062 4062 4062
301 1777280874 3549 3693 386 3643 3581 3623 3624 3591 4061 4061 4061 4061 4061 4061 4061 4061
302 1777280874 3549 3694 387 3642 3582 3624 3624 3592 4063 4063 4063 4063 4063 4063 4063 4063
303 1777280874 3548 3693 386 3643 3581 3623 3622 3590 4061 4061 4061 4061 4061 4061 4061 4061
304 1777280874 3549 3694 386 3644 3581 3624 3624 3591 4063 4063 4062 4062 4062 4062 4062 4062
305 1777280874 3550 3694 387 3644 3582 3624 3624 3592 4063 4063 4062 4062 4062 4062 4062 4062
306 1777280874 3550 3693 387 3644 3582 3624 3624 3592 4063 4063 4063 4063 4063 4063 4063 4063
307 1777280874 3549 3693 387 3643 3581 3623 3624 3592 4063 4063 4063 4063 4063 4063 4063 4063
308 1777280874 3550 3694 387 3644 3581 3623 3624 3592 4061 4061 4061 4061 4061 4061 4061 4061
309 1777280874 3549 3694 387 3643 3581 3623 3623 3591 4063 4063 4063 4063 4063 4063 4063 4063
310 1777280874 3550 3694 387 3644 3582 3624 3624 3592 4063 4063 4062 4062 4062 4062 4062 4062
311 1777280874 3549 3694 387 3643 3581 3624 3623 3592 4063 4063 4063 4063 4063 4063 4063 4063
312 1777280874 3549 3693 387 3644 3582 3624 3624 3592 4063 4063 4063 4063 4063 4063 4063 4063
313 1777280874 3550 3694 387 3644 3582 3624 3624 3592 4061 4061 4061 4061 4061 4061 4061 4061
314 1777280874 3550 3695 387 3644 3582 3625 3625 3593 4063 4063 4062 4062 4062 4062 4062 4062
315 1777280874 3550 3694 387 3644 3582 3624 3624 3592 4063 4063 4062 4062 4062 4062 4062 4062
316 1777280874 3549 3693 387 3644 3582 3624 3624 3592 4063 4062 4062 4062 4062 4062 4062 4062
317 1777280874 3549 3694 388 3643 3581 3623 3624 3591 4063 4063 4063 4063 4063 4063 4063 4063
318 1777280874 3550 3694 387 3643 3581 3623 3624 3592 4063 4063 4062 4062 4062 4062 4062 4062
319 1777280874 3550 3695 387 3644 3581 3624 3624 3592 4063 4063 4062 4062 4062 4062 4062 4062
320 1777280874 3549 3693 387 3643 3581 3623 3624 3592 4063 4063 4062 4062 4062 4062 4062 4062
321 1777280874 3548 3693 387 3643 3581 3623 3624 3591 4063 4063 4062 4062 4062 4062 4062 4062
322 1777280874 3549 3693 387 3644 3582 3624 3624 3592 4063 4063 4062 4062 4062 4062 4062 4062
323 1777280874 3550 3694 387 3644 3582 3624 3623 3592 4063 4063 4062 4062 4062 4062 4062 4062
324 1777280874 3549 3694 389 3644 3581 3624 3624 3592 4061 4061 4061 4061 4061 4061 4061 4061
325 1777280874 3549 3693 388 3643 3581 3623 3623 3591 4063 4063 4063 4063 4063 4063 4063 4063
326 1777280874 3550 3694 387 3643 3582 3624 3624 3592 4063 4063 4063 4063 4063 4063 4063 4063
327 1777280874 3550 3695 387 3644 3582 3624 3624 3592 4061 4061 4061 4061 4061 4061 4061 4061
328 1777280874 3550 3694 387 3643 3582 3623 3624 3592 4063 4063 4063 4063 4063 4063 4063 4063
329 1777280874 3550 3694 386 3643 3581 3623 3623 3592 4063 4063 4063 4063 4063 4063 4063 4063
330 1777280874 3550 3695 387 3644 3582 3624 3624 3592 4061 4061 4061 4061 4061 4061 4061 4061
331 1777280874 3549 3694 387 3644 3581 3624 3624 3592 4063 4063 4062 4062 4062 4062 4062 4062
332 1777280874 3549 3694 387 3644 3582 3624 3624 3592 4061 4061 4060 4060 4060 4060 4060 4060
333 1777280874 3551 3695 387 3643 3583 3625 3625 3593 4063 4063 4062 4062 4062 4062 4062 4062
334 1777280874 3550 3694 387 3644 3582 3625 3625 3593 4063 4061 4061 4061 4061 4061 4061 4061
335 1777280874 3550 3694 387 3644 3582 3624 3624 3592 4063 4063 4063 4063 4063 4063 4063 4063
336 1777280874 3550 3694 388 3644 3582 3624 3625 3592 4063 4063 4062 4062 4062 4062 4062 4062
337 1777280874 3549 3694 386 3643 3581 3623 3624 3592 4063 4063 4062 4062 4062 4062 4062 4062
338 1777280874 3549 3694 387 3643 3581 3624 3624 3592 4063 4062 4062 4062 4062 4062 4062 4062
339 1777280874 3548 3693 387 3643 3581 3622 3623 3591 4063 4063 4063 4063 4063 4063 4063 4063
340 1777280874 3550 3694 387 3644 3582 3624 3624 3592 4063 4063 4063 4063 4063 4063 4063 4063
341 1777280874 3549 3694 388 3643 3581 3624 3624 3591 4063 4063 4062 4062 4062 4062 4062 4062
342 1777280874 3549 3695 387 3644 3582 3624 3623 3591 4063 4063 4062 4062 4062 4062 4062 4062
343 1777280874 3549 3694 387 3643 3581 3624 3624 3592 4063 4063 4062 4062 4062 4062 4062 4062
344 1777280874 3551 3696 387 3646 3584 3625 3625 3593 4063 4063 4063 4063 4063 4063 4063 4063
345 1777280874 3550 3694 387 3644 3582 3624 3624 3592 4061 4061 4061 4061 4061 4061 4061 4061
346 1777280874 3550 3695 387 3644 3582 3624 3624 3592 4061 4061 4061 4061 4061 4061 4061 4061
347 1777280874 3551 3695 387 3644 3583 3625 3624 3592 4063 4063 4062 4062 4062 4062 4062 4062
348 1777280874 3550 3694 387 3644 3582 3624 3624 3592 4063 4063 4062 4062 4062 4062 4062 4062
349 1777280874 3549 3694 388 3643 3581 3623 3624 3592 4061 4061 4061 4061 4061 4061 4061 4061
350 1777280874 3550 3695 387 3644 3583 3625 3625 3593 4063 4063 4062 4062 4062 4062 4062 4062
351 1777280874 3549 3694 387 3644 3582 3624 3624 3592 4063 4063 4062 4062 4062 4062 4062 4062
352 1777280874 3549 3693 388 3643 3581 3623 3623 3592 4063 4063 4062 4062 4062 4062 4062 4062
353 1777280874 3550 3694 388 3643 3581 3624 3624 3592 4063 4063 4063 4063 4063 4063 4063 4063
354 1777280874 3549 3693 387 3643 3581 3623 3623 3591 4063 4063 4063 4063 4063 4063 4063 4063
355 1777280874 3549 3694 387 3643 3582 3624 3624 3592 4063 4063 4062 4062 4062 4062 4062 4062
356 1777280882 3548 3692 388 3643 3580 3623 3623 3591 4063 4063 4063 4063 4063 4063 4063 4063
357 1777280882 3549 3693 387 3643 3581 3623 3623 3591 4063 4063 4062 4062 4062 4062 4062 4062
358 1777280882 3549 3694 387 3643 3581 3623 3623 3591 4063 4063 4063 4063 4063 4063 4063 4063
359 1777280882 3549 3694 387 3643 3581 3623 3623 3592 4063 4063 4062 4062 4062 4062 4062 4062
360 1777280882 3549 3694 387 3643 3582 3623 3624 3592 4063 4063 4062 4062 4062 4062 4062 4062
361 1777280882 3550 3694 387 3644 3582 3623 3623 3591 4063 4063 4063 4063 4063 4063 4063 4063
362 1777280882 3549 3694 387 3644 3581 3624 3624 3592 4063 4063 4062 4062 4062 4062 4062 4062
363 1777280882 3549 3693 387 3643 3581 3623 3623 3591 4063 4063 4063 4063 4063 4063 4063 4063
364 1777280882 3549 3694 387 3643 3581 3623 3623 3591 4063 4063 4062 4062 4062 4062 4062 4062
365 1777280882 3549 3694 387 3642 3581 3624 3624 3591 4063 4063 4062 4062 4062 4062 4062 4062
366 1777280882 3550 3694 387 3643 3581 3623 3624 3592 4063 4063 4063 4063 4063 4063 4063 4063
367 1777280882 3549 3694 387 3644 3581 3624 3624 3592 4063 4063 4062 4062 4062 4062 4062 4062
368 1777280882 3549 3694 387 3643 3581 3624 3623 3592 4061 4061 4061 4061 4061 4061 4061 4061
369 1777280882 3550 3694 387 3644 3582 3624 3624 3592 4063 4063 4062 4062 4062 4062 4062 4062
370 1777280882 3549 3694 387 3643 3582 3624 3624 3591 4063 4063 4062 4062 4062 4062 4062 4062
371 1777280882 3549 3694 387 3643 3581 3623 3624 3592 4063 4063 4062 4062 4062 4062 4062 4062
372 1777280882 3550 3695 388 3645 3583 3625 3624 3593 4063 4063 4063 4063 4063 4063 4063 4063
373 1777280882 3550 3695 387 3644 3582 3625 3625 3592 4063 4063 4063 4063 4063 4063 4063 4063
374 1777280883 3550 3694 388 3644 3582 3624 3625 3592 4063 4063 4062 4062 4062 4062 4062 4062
375 1777280883 3549 3694 387 3643 3582 3623 3624 3592 4063 4063 4062 4062 4062 4062 4062 4062
376 1777280883 3550 3695 387 3644 3582 3624 3624 3592 4061 4061 4061 4061 4061 4061 4061 4061
377 1777280883 3549 3694 387 3643 3581 3624 3623 3591 4063 4063 4063 4063 4063 4063 4063 4063
378 1777280883 3550 3694 387 3643 3581 3623 3623 3592 4063 4063 4063 4063 4063 4063 4063 4063
379 1777280883 3550 3694 387 3644 3582 3625 3625 3592 4065 4063 4063 4063 4063 4063 4063 4063
380 1777280883 3550 3694 388 3643 3582 3624 3624 3592 4063 4063 4062 4062 4062 4062 4062 4062
381 1777280883 3549 3693 387 3642 3581 3624 3624 3592 4063 4061 4061 4061 4061 4061 4061 4061
382 1777280883 3549 3694 387 3643 3582 3624 3624 3591 4063 4063 4062 4062 4062 4062 4062 4062
383 1777280883 3550 3695 388 3644 3582 3624 3624 3592 4063 4063 4063 4063 4063 4063 4063 4063
384 1777280883 3550 3695 387 3643 3582 3624 3624 3593 4063 4063 4062 4062 4062 4062 4062 4062
385 1777280883 3550 3694 387 3643 3582 3624 3624 3592 4063 4063 4062 4062 4062 4062 4062 4062
386 1777280883 3549 3694 390 3644 3582 3624 3624 3592 4063 4063 4062 4062 4062 4062 4062 4062
387 1777280883 3550 3694 389 3644 3581 3623 3623 3591 4061 4061 4061 4061 4061 4061 4061 4061
388 1777280883 3549 3694 388 3644 3582 3624 3624 3592 4063 4063 4063 4063 4063 4063 4063 4063
389 1777280883 3550 3694 387 3644 3582 3624 3625 3593 4063 4063 4062 4062 4062 4062 4062 4062
390 1777280883 3549 3694 387 3644 3582 3624 3624 3592 4063 4063 4063 4063 4063 4063 4063 4063
391 1777280883 3549 3695 387 3644 3582 3624 3624 3592 4063 4063 4062 4062 4062 4062 4062 4062
392 1777280883 3549 3694 388 3643 3581 3624 3624 3592 4063 4063 4062 4062 4062 4062 4062 4062
393 1777280883 3549 3694 387 3643 3582 3624 3624 3591 4063 4063 4063 4063 4063 4063 4063 4063
394 1777280883 3550 3695 388 3644 3582 3625 3624 3593 4063 4063 4063 4063 4063 4063 4063 4063
395 1777280891 3548 3692 387 3642 3581 3623 3623 3591 4059 4059 4059 4059 4059 4059 4059 4059
396 1777280891 3549 3693 388 3642 3580 1685 3622 3592 4063 4063 4062 4062 4062 4062 4062 4062
397 1777280891 3549 3693 387 3643 3581 3623 3623 3591 4061 4061 4061 4061 4061 4061 4061 4061
398 1777280891 3549 3693 387 3642 3581 3623 3623 3591 4063 4062 4062 4062 4062 4062 4062 4062
399 1777280891 3550 3694 387 3644 3582 3624 3624 3592 4063 4063 4062 4062 4062 4062 4062 4062
400 1777280891 3550 3694 387 3643 3582 3623 3624 3592 4063 4063 4062 4062 4062 4062 4062 4062
401 1777280891 3550 3694 388 3644 3582 3624 3625 3592 4063 4063 4063 4063 4063 4063 4063 4063
402 1777280891 3549 3693 389 3643 3581 3623 3624 3592 4061 4061 4061 4061 4061 4061 4061 4061
403 1777280891 3549 3693 388 3642 3580 3623 3623 3591 4063 4063 4062 4062 4062 4062 4062 4062
404 1777280891 3550 3694 387 3644 3582 3623 3624 3592 4063 4063 4062 4062 4062 4062 4062 4062
405 1777280891 3550 3694 388 3643 3582 3624 3624 3592 4063 4062 4062 4062 4062 4062 4062 4062
406 1777280891 3550 3694 387 3643 3581 3624 3624 3592 4063 4063 4062 4062 4062 4062 4062 4062
407 1777280891 3550 3696 387 3645 3583 3625 3625 3593 4061 4061 4061 4061 4061 4061 4061 4061
408 1777280891 3550 3695 387 3644 3582 3624 3624 3591 4063 4063 4063 4063 4063 4063 4063 4063
409 1777280891 3550 3694 388 3644 3581 3623 3624 3591 4063 4063 4063 4063 4063 4063 4063 4063
410 1777280891 3549 3695 387 3644 3582 3624 3625 3593 4063 4063 4063 4063 4063 4063 4063 4063
411 1777280891 3550 3694 387 3643 3582 3624 3623 3592 4061 4061 4061 4061 4061 4061 4061 4061
412 1777280891 3549 3693 387 3643 3581 3623 3624 3592 4063 4063 4062 4062 4062 4062 4062 4062
413 1777280891 3550 3695 388 3644 3582 3625 3624 3593 4063 4063 4063 4063 4063 4063 4063 4063
414 1777280891 3550 3695 388 3644 3583 3624 3625 3592 4061 4061 4061 4061 4061 4061 4061 4061
415 1777280891 3549 3694 388 3643 3582 3624 3624 3592 4063 4063 4062 4062 4062 4062 4062 4062
416 1777280891 3549 3694 387 3644 3582 3624 3624 3592 4061 4061 4061 4061 4061 4061 4061 4061
417 1777280891 3550 3695 387 3644 3583 3625 3625 3593 4063 4063 4063 4063 4063 4063 4063 4063
418 1777280891 3550 3694 388 3644 3582 3624 3624 3592 4063 4063 4063 4063 4063 4063 4063 4063
419 1777280891 3550 3695 388 3644 3583 3624 3624 3593 4063 4063 4062 4062 4062 4062 4062 4062
420 1777280891 3550 3695 387 3644 3582 3624 3624 3592 4061 4061 4061 4061 4061 4061 4061 4061
421 1777280891 3550 3695 387 3645 3582 3624 3624 3592 4061 4061 4061 4061 4061 4061 4061 4061
422 1777280891 3551 3695 387 3645 3583 3625 3625 3593 4061 4061 4061 4061 4061 4061 4061 4061
423 1777280891 3550 3694 388 3644 3582 3624 3624 3592 4063 4063 4063 4063 4063 4063 4063 4063
424 1777280891 3551 3695 387 3645 3583 3624 3625 3593 4063 4063 4063 4063 4063 4063 4063 4063
425 1777280891 3551 3695 387 3645 3583 3625 3625 3593 4063 4063 4062 4062 4062 4062 4062 4062
426 1777280891 3551 3696 387 3644 3583 3625 3625 3593 4063 4063 4063 4063 4063 4063 4063 4063
427 1777280891 3551 3695 388 3645 3583 3624 3625 3593 4063 4063 4062 4062 4062 4062 4062 4062
428 1777280891 3550 3694 387 3644 3582 3624 3624 3592 4063 4063 4063 4063 4063 4063 4063 4063
429 1777280891 3550 3695 387 3644 3582 3624 3624 3592 4063 4063 4063 4063 4063 4063 4063 4063
430 1777280891 3551 3696 388 3645 3583 3625 3625 3593 4061 4061 4061 4061 4061 4061 4061 4061
431 1777280891 3551 3696 388 3645 3583 3625 3625 3593 4061 4061 4061 4061 4061 4061 4061 4061
432 1777280891 3551 3695 387 3645 3582 3624 3625 3593 4063 4063 4063 4063 4063 4063 4063 4063
433 1777280891 3549 3694 388 3644 3582 3624 3624 3593 4063 4063 4062 4062 4062 4062 4062 4062
434 1777280891 3550 3694 388 3644 3582 3624 3624 3592 4063 4063 4062 4062 4062 4062 4062 4062
435 1777280891 3550 3695 388 3645 3582 3625 3625 3593 4063 4062 4062 4062 4062 4062 4062 4062
436 1777280891 3551 3695 387 3645 3583 3625 3625 3593 4063 4063 4062 4062 4062 4062 4062 4062
437 1777280891 3552 3696 387 3646 3584 3626 3626 3594 4063 4063 4063 4063 4063 4063 4063 4063
438 1777280891 3550 3695 387 3644 3582 3625 3625 3593 4061 4061 4061 4061 4061 4061 4061 4061
439 1777280891 3552 3697 388 3646 3584 3627 3626 1708 4063 4063 4062 4062 4062 4062 4062 4062
440 1777280891 3550 3695 388 3644 3583 3624 3625 3592 4061 4061 4061 4061 4061 4061 4061 4061
441 1777280891 3550 3695 388 3645 3583 3625 3625 3593 4061 4061 4061 4061 4061 4061 4061 4061
442 1777280891 3551 3696 389 3644 3583 3625 3625 3593 4061 4061 4061 4061 4061 4061 4061 4061
443 1777280891 3551 3695 388 3645 3583 3625 3626 3594 4063 4063 4062 4062 4062 4062 4062 4062
444 1777280891 3550 3695 387 3645 3583 3625 3625 3593 4063 4063 4063 4063 4063 4063 4063 4063
445 1777280891 3551 3696 388 3645 3583 3625 3625 3593 4063 4063 4062 4062 4062 4062 4062 4062
446 1777280891 3550 3694 388 3644 3582 3624 3624 3593 4063 4062 4062 4062 4062 4062 4062 4062
447 1777280891 3550 3695 388 3644 3581 3624 3624 3592 4063 4063 4063 4063 4063 4063 4063 4063
448 1777280891 3550 3695 387 3644 3583 3625 3625 3594 4065 4063 4063 4063 4063 4063 4063 4063
449 1777280891 3550 3694 388 3644 3582 3625 3625 3592 4061 4061 4061 4061 4061 4061 4061 4061
450 1777280891 3551 3695 389 3645 3583 3625 3625 3594 4063 4063 4063 4063 4063 4063 4063 4063
451 1777280892 3549 3693 388 3643 3581 3624 3624 3592 4061 4061 4061 4061 4061 4061 4061 4061
452 1777280892 3550 3695 387 3645 3582 3624 3625 3593 4063 4063 4062 4062 4062 4062 4062 4062
453 1777280892 3550 3695 388 3645 3582 3625 3625 3594 4063 4062 4062 4062 4062 4062 4062 4062
454 1777280892 3551 3695 388 3644 3582 3624 3624 3592 4065 4063 4063 4063 4063 4063 4063 4063
455 1777280892 3550 3695 388 3645 3582 3625 3625 3593 4063 4061 4061 4061 4061 4061 4061 4061
456 1777280892 3550 3695 388 3645 3582 3625 3624 3592 4063 4063 4063 4063 4063 4063 4063 4063
457 1777280892 3551 3694 388 3645 3582 3624 3625 3593 4063 4063 4062 4062 4062 4062 4062 4062
458 1777280892 3550 3695 389 3644 3582 3625 3624 3593 4063 4063 4063 4063 4063 4063 4063 4063
459 1777280892 3551 3695 388 3643 3582 3624 3625 3593 4063 4063 4063 4063 4063 4063 4063 4063
460 1777280892 3550 3695 388 3645 3583 3624 3625 3593 4063 4063 4062 4062 4062 4062 4062 4062
461 1777280892 3550 3695 388 3645 3583 3624 3625 3593 4061 4061 4061 4061 4061 4061 4061 4061
462 1777280892 3551 3695 388 3645 3583 3625 3625 3593 4063 4063 4062 4062 4062 4062 4062 4062
463 1777280892 3550 3695 388 3645 3582 3624 3625 3592 4063 4063 4062 4062 4062 4062 4062 4062
464 1777280892 3550 3695 388 3645 3583 3625 3625 3593 4063 4063 4062 4062 4062 4062 4062 4062
465 1777280892 3551 3695 387 3645 3583 3624 3625 3593 4063 4063 4062 4062 4062 4062 4062 4062
466 1777280892 3551 3695 388 3645 3583 3625 3626 3593 4063 4063 4062 4062 4062 4062 4062 4062
467 1777280892 3550 3695 388 3645 3583 3625 3625 3593 4063 4063 4062 4062 4062 4062 4062 4062
468 1777280892 3551 3695 387 3644 3583 3625 3625 3593 4063 4063 4062 4062 4062 4062 4062 4062
469 1777280892 3550 3695 388 3645 3583 3625 3625 3593 4063 4063 4062 4062 4062 4062 4062 4062
470 1777280892 3551 3696 387 3645 3583 3625 3625 3593 4063 4061 4061 4061 4061 4061 4061 4061
471 1777280892 3550 3695 388 3645 3583 3625 3625 3593 4063 4063 4062 4062 4062 4062 4062 4062
472 1777280892 3551 3695 387 3646 3584 3626 3626 3594 4063 4063 4062 4062 4062 4062 4062 4062
473 1777280892 3550 3695 388 3644 3582 3624 3624 3593 4063 4063 4062 4062 4062 4062 4062 4062
474 1777280892 3551 3695 388 3645 3583 3625 3625 3593 4063 4063 4063 4063 4063 4063 4063 4063
475 1777280892 3551 3696 388 3645 3583 3625 3625 3593 4063 4063 4062 4062 4062 4062 4062 4062
476 1777280892 3551 3695 388 3645 3583 3625 3626 3594 4063 4063 4062 4062 4062 4062 4062 4062
477 1777280892 3551 3695 388 3645 3583 3625 3625 3594 4061 4061 4061 4061 4061 4061 4061 4061
478 1777280892 3551 3695 388 3644 3582 3625 3625 3593 4063 4063 4063 4063 4063 4063 4063 4063
479 1777280892 3550 3695 388 3645 3582 3625 3625 3593 4063 4063 4062 4062 4062 4062 4062 4062
480 1777280892 3552 3696 388 3645 3583 3625 3625 3593 4063 4063 4062 4062 4062 4062 4062 4062
481 1777280892 3551 3695 388 3645 3582 3624 3624 3592 4063 4063 4062 4062 4062 4062 4062 4062
482 1777280892 3551 3695 389 3644 3582 3625 3624 3593 4063 4063 4063 4063 4063 4063 4063 4063
483 1777280892 3550 3695 388 3644 3582 3625 3625 3594 4063 4063 4063 4063 4063 4063 4063 4063
484 1777280892 3550 3695 388 3644 3582 3625 3624 3593 4061 4061 4060 4060 4060 4060 4060 4060
485 1777280892 3551 3696 388 3645 3584 3625 3626 3593 4063 4063 4062 4062 4062 4062 4062 4062
486 1777280892 3551 3696 388 3646 3584 3626 3626 3594 4063 4063 4062 4062 4062 4062 4062 4062
487 1777280900 3549 3693 388 3643 3581 3624 3623 3591 4061 4061 4061 4061 4061 4061 4061 4061
488 1777280900 3550 3694 388 3644 3582 3624 3624 3592 4063 4063 4062 4062 4062 4062 4062 4062
489 1777280900 3550 3694 388 3644 3582 3624 3625 3593 4063 4063 4062 4062 4062 4062 4062 4062
490 1777280900 3548 3693 388 3642 3580 3623 3623 3591 4062 4063 4062 4062 4062 4062 4062 4062
491 1777280900 3549 3694 388 3644 3582 3624 3624 3592 4063 4063 4063 4063 4063 4063 4063 4063
492 1777280900 3550 3695 388 3645 3582 3624 3625 3593 4063 4063 4062 4062 4062 4062 4062 4062
493 1777280900 3549 3694 388 3644 3582 3624 3624 3592 4063 4063 4062 4062 4062 4062 4062 4062
494 1777280900 3550 3695 389 3645 3583 3625 3625 3592 4063 4063 4062 4062 4062 4062 4062 4062
495 1777280900 3549 3694 388 3643 3582 3624 3624 3593 4063 4063 4062 4062 4062 4062 4062 4062
496 1777280900 3549 3693 388 3643 3581 3623 3623 3591 4063 4061 4061 4061 4061 4061 4061 4061
497 1777280900 3550 3694 389 3644 3582 3624 3624 3592 4063 4063 4062 4062 4062 4062 4062 4062
498 1777280900 3551 3695 388 3645 3583 1663 3625 3594 4063 4063 4063 4063 4063 4063 4063 4063
499 1777280900 3550 3694 388 3644 3583 3625 3625 3593 4063 4063 4063 4063 4063 4063 4063 4063
500 1777280900 3550 3695 388 3645 3583 3625 3625 3593 4061 4061 4061 4061 4061 4061 4061 4061
501 1777280900 3550 3695 389 3644 3582 3625 3625 3592 4061 4061 4061 4061 4061 4061 4061 4061
502 1777280900 3550 3695 388 3645 3582 3625 3625 3593 4063 4062 4062 4062 4062 4062 4062 4062
503 1777280900 3551 3695 387 3645 3583 3624 3625 3593 4063 4063 4063 4063 4063 4063 4063 4063
504 1777280900 3551 3695 388 3645 3584 3625 3625 3593 4061 4061 4061 4061 4061 4061 4061 4061
505 1777280900 3550 3695 389 3644 3582 3625 3625 3593 4063 4063 4062 4062 4062 4062 4062 4062
506 1777280900 3551 3695 388 3645 3583 3626 3626 3594 4063 4063 4062 4062 4062 4062 4062 4062
507 1777280900 3549 3694 388 3644 3582 3624 3624 3592 4063 4063 4062 4062 4062 4062 4062 4062
508 1777280900 3549 3694 388 3643 3581 3624 3624 3592 4063 4063 4062 4062 4062 4062 4062 4062
509 1777280900 3550 3695 389 3644 3582 3624 3625 3593 4063 4063 4062 4062 4062 4062 4062 4062
510 1777280900 3550 3694 388 3643 3582 3625 3624 3592 4061 4061 4061 4061 4061 4061 4061 4061
511 1777280900 3551 3695 388 3645 3583 3624 3625 3593 4063 4063 4062 4062 4062 4062 4062 4062
512 1777280900 3551 3694 390 3644 3582 3624 3625 3593 4063 4063 4062 4062 4062 4062 4062 4062
513 1777280900 3551 3696 389 3645 3584 3625 3625 3593 4061 4061 4061 4061 4061 4061 4061 4061
514 1777280900 3550 3694 389 3645 3582 3625 3625 3593 4061 4061 4061 4061 4061 4061 4061 4061
515 1777280900 3550 3695 388 3644 3583 3625 3625 3593 4063 4063 4063 4063 4063 4063 4063 4063
516 1777280900 3550 3695 388 3644 3582 3624 3625 3593 4063 4063 4063 4063 4063 4063 4063 4063
517 1777280900 3550 3695 388 3645 3583 3625 3625 3593 4063 4063 4062 4062 4062 4062 4062 4062
518 1777280900 3548 3692 386 3642 3580 3622 3622 3590 4063 4063 4062 4062 4062 4062 4062 4062
519 1777280900 3549 3693 387 3643 3581 3623 3624 3591 4063 4063 4063 4063 4063 4063 4063 4063
520 1777280900 3548 3692 386 3642 3580 3622 3622 3590 4063 4063 4062 4062 4062 4062 4062 4062
521 1777280900 3549 3693 387 3644 3581 3623 3623 3591 4063 4063 4063 4063 4063 4063 4063 4063
522 1777280900 3548 3692 386 3642 3580 3622 3622 3590 4061 4061 4061 4061 4061 4061 4061 4061
523 1777280900 3549 3694 386 3642 3581 3623 3623 3591 4063 4063 4062 4062 4062 4062 4062 4062
524 1777280900 3549 3693 387 3641 3581 3622 3623 3591 4061 4061 4061 4061 4061 4061 4061 4061
525 1777280900 3548 3693 386 3643 3581 3623 3623 3591 4063 4063 4063 4063 4063 4063 4063 4063
526 1777280900 3549 3693 387 3643 3581 3623 3623 3591 4061 4061 4061 4061 4061 4061 4061 4061
527 1777280900 3549 3693 387 3643 3581 3623 3623 3591 4063 4063 4063 4063 4063 4063 4063 4063
528 1777280900 3549 3693 387 3643 3581 3623 3623 3591 4061 4061 4061 4061 4061 4061 4061 4061
529 1777280900 3548 3693 387 3642 3580 3622 3622 3591 4061 4061 4061 4061 4061 4061 4061 4061
530 1777280900 3549 3693 386 3643 3581 3623 3623 3591 4063 4063 4062 4062 4062 4062 4062 4062
531 1777280900 3549 3694 387 3643 3582 3623 3624 3592 4063 4063 4062 4062 4062 4062 4062 4062
532 1777280900 3548 3693 386 3643 3580 3622 3622 3590 4063 4063 4062 4062 4062 4062 4062 4062
533 1777280900 3549 3693 386 3642 3581 3623 3623 3591 4063 4063 4062 4062 4062 4062 4062 4062
534 1777280900 3549 3694 386 3643 3581 3624 3624 3591 4063 4063 4063 4063 4063 4063 4063 4063
535 1777280900 3548 3693 387 3642 3580 3623 3623 3590 4063 4063 4063 4063 4063 4063 4063 4063
536 1777280900 341 3693 387 3644 366 3621 3624 3593 4063 4063 4062 4062 4062 4062 4062 4062
537 1777280900 3549 3693 386 3642 3580 3622 3622 3590 4063 4063 4063 4063 4063 4063 4063 4063
538 1777280900 3548 3693 387 3643 3580 3622 3623 3590 4063 4062 4062 4062 4062 4062 4062 4062
539 1777280900 3548 3693 387 3642 3581 3623 3623 3591 4063 4063 4062 4062 4062 4062 4062 4062
540 1777280900 3549 3694 386 3643 3581 3623 3624 3591 4063 4063 4063 4063 4063 4063 4063 4063
541 1777280900 3549 3694 387 3643 3581 3623 3623 3592 4063 4063 4062 4062 4062 4062 4062 4062
542 1777280901 3550 3694 387 3643 3582 3623 3623 3591 4063 4062 4062 4062 4062 4062 4062 4062
543 1777280901 3549 3694 386 3643 3581 3623 3623 3591 4063 4063 4062 4062 4062 4062 4062 4062
544 1777280901 3549 3693 387 3643 3581 3623 3623 3591 4063 4063 4062 4062 4062 4062 4062 4062
545 1777280901 3550 3694 386 3644 3582 3624 3624 3592 4063 4063 4062 4062 4062 4062 4062 4062
546 1777280901 3549 3694 388 3643 3581 3624 3624 3592 4065 4063 4063 4063 4063 4063 4063 4063
547 1777280901 3549 3694 387 3643 3582 3624 3624 3592 4063 4063 4062 4062 4062 4062 4062 4062
548 1777280901 3549 3694 387 3643 3581 3623 3623 3591 4063 4063 4062 4062 4062 4062 4062 4062
549 1777280901 3549 3693 387 3642 3581 3623 3623 3591 4063 4061 4061 4061 4061 4061 4061 4061
550 1777280901 3549 3693 387 3643 3582 3624 3624 3592 4063 4063 4062 4062 4062 4062 4062 4062
551 1777280901 3549 3694 387 3643 3581 3624 3624 3591 4063 4063 4062 4062 4062 4062 4062 4062
552 1777280901 3549 3693 386 3643 3581 3624 3623 3591 4063 4062 4062 4062 4062 4062 4062 4062
553 1777280901 3549 3694 387 3644 3581 3623 3624 3592 4061 4061 4061 4061 4061 4061 4061 4061
554 1777280901 3549 3694 387 3643 3581 3623 3623 3592 4061 4061 4061 4061 4061 4061 4061 4061
555 1777280901 3550 3694 387 3644 3582 3624 3624 3592 4063 4063 4062 4062 4062 4062 4062 4062
556 1777280901 3549 3694 387 3643 3581 3623 3624 3592 4063 4063 4063 4063 4063 4063 4063 4063
557 1777280901 3549 3693 387 3643 3581 3623 3624 3592 4063 4063 4062 4062 4062 4062 4062 4062
558 1777280901 3549 3694 386 3643 3581 3623 3623 3592 4063 4062 4062 4062 4062 4062 4062 4062
559 1777280901 3550 3695 387 3644 3582 3624 3624 3592 4063 4063 4062 4062 4062 4062 4062 4062
560 1777280901 3550 3694 387 3644 3583 3625 3625 3593 4063 4063 4062 4062 4062 4062 4062 4062
561 1777280901 3550 3694 387 3644 3581 3624 3623 3591 4063 4063 4062 4062 4062 4062 4062 4062
562 1777280901 3549 3693 388 3643 3581 3623 3623 3591 4063 4063 4062 4062 4062 4062 4062 4062
563 1777280901 3549 3693 387 3644 3582 3623 3623 3591 4063 4063 4063 4063 4063 4063 4063 4063
564 1777280901 3549 3694 387 3643 3581 3623 3622 3591 4063 4063 4062 4062 4062 4062 4062 4062
565 1777280901 3549 3693 387 3643 3581 3623 3623 3591 4063 4063 4062 4062 4062 4062 4062 4062
566 1777280901 3550 3695 387 3644 3582 3624 3624 3592 4063 4063 4063 4063 4063 4063 4063 4063
567 1777280901 3549 3694 387 3644 3582 3624 3623 3591 4063 4063 4063 4063 4063 4063 4063 4063
568 1777280901 3550 3694 387 3644 3582 3624 3624 3592 4063 4063 4062 4062 4062 4062 4062 4062
569 1777280901 3548 3693 386 3643 3581 3623 3623 3591 4063 4063 4062 4062 4062 4062 4062 4062
570 1777280901 3549 3694 387 3643 3581 3623 3624 3592 4063 4061 4061 4061 4061 4061 4061 4061
571 1777280901 3550 3694 387 3644 3582 3624 3624 3593 4063 4062 4062 4062 4062 4062 4062 4062
572 1777280901 3549 3694 387 3643 3582 3624 3624 3592 4063 4062 4062 4062 4062 4062 4062 4062
573 1777280901 3548 3692 387 3643 3580 3623 3623 3591 4061 4061 4061 4061 4061 4061 4061 4061
574 1777280901 3549 3694 387 3643 3582 3624 3624 3592 4063 4063 4062 4062 4062 4062 4062 4062
575 1777280901 3549 3694 387 3643 3581 3623 3623 3591 4063 4063 4062 4062 4062 4062 4062 4062
576 1777280901 3549 3693 387 3643 3581 3623 3623 3591 4063 4063 4062 4062 4062 4062 4062 4062
577 1777280901 3549 3693 387 3643 3581 3623 3623 3592 4063 4063 4063 4063 4063 4063 4063 4063
578 1777280901 3550 3694 388 3644 3582 3624 3624 3592 4063 4063 4062 4062 4062 4062 4062 4062
579 1777280901 3549 3694 387 3643 3582 3623 3624 3592 4061 4061 4061 4061 4061 4061 4061 4061
580 1777280901 3550 3694 387 3644 3582 3624 3625 3593 4063 4063 4062 4062 4062 4062 4062 4062
581 1777280901 3550 3695 387 3644 3582 3624 3624 3592 4061 4061 4061 4061 4061 4061 4061 4061
582 1777280901 3550 3694 386 3644 3582 3624 3624 3592 4063 4063 4062 4062 4062 4062 4062 4062
583 1777280901 3550 3695 387 3644 3582 3624 3624 3592 4063 4063 4062 4062 4062 4062 4062 4062
584 1777280901 3549 3694 387 3643 3582 3624 3624 3592 4061 4061 4061 4061 4061 4061 4061 4061
585 1777280901 3550 3695 387 3644 3582 3625 3625 3592 4063 4063 4063 4063 4063 4063 4063 4063
586 1777280901 3550 3694 387 3643 3582 3624 3624 3592 4063 4063 4063 4063 4063 4063 4063 4063
587 1777280901 3550 3695 387 3642 3582 3624 3624 3592 4065 4063 4063 4063 4063 4063 4063 4063
588 1777280901 3549 3694 387 3641 3581 3623 3623 3591 4063 4063 4063 4063 4063 4063 4063 4063
589 1777280901 3549 3694 387 3644 3582 3624 3624 3592 4063 4063 4062 4062 4062 4062 4062 4062
590 1777280901 3549 3693 387 3643 3580 3623 3623 3590 4063 4063 4063 4063 4063 4063 4063 4063
591 1777280909 3548 3693 387 3643 3581 3622 3622 3591 4063 4063 4063 4063 4063 4063 4063 4063
592 1777280909 3548 3693 387 3642 3581 3623 3623 3591 4063 4063 4062 4062 4062 4062 4062 4062
593 1777280909 3549 3693 387 3643 3581 3623 3623 3591 4063 4063 4062 4062 4062 4062 4062 4062
594 1777280909 3549 3694 387 3644 3582 3623 3623 3591 4063 4063 4062 4062 4062 4062 4062 4062
595 1777280909 3550 3694 387 3644 3582 3624 3624 3592 4061 4061 4061 4061 4061 4061 4061 4061
596 1777280909 3549 3694 387 3644 3582 3624 3624 3592 4061 4061 4061 4061 4061 4061 4061 4061
597 1777280909 3550 3694 387 3644 3582 3624 3625 3592 4063 4063 4062 4062 4062 4062 4062 4062
598 1777280909 3549 3694 387 3644 3582 3624 3624 3592 4063 4063 4062 4062 4062 4062 4062 4062
599 1777280909 3549 3694 387 3643 3581 3623 3623 3591 4061 4061 4061 4061 4061 4061 4061 4061
600 1777280909 3549 3693 387 3642 3580 3622 3623 3591 4063 4063 4063 4063 4063 4063 4063 4063
601 1777280909 3549 3694 387 3643 3581 3623 3624 3592 4063 4063 4063 4063 4063 4063 4063 4063
602 1777280909 3549 3693 387 3642 3581 3624 3624 3592 4063 4063 4063 4063 4063 4063 4063 4063
603 1777280909 3549 3694 387 3643 3581 3623 3624 3592 4063 4063 4062 4062 4062 4062 4062 4062
604 1777280909 3549 3694 387 3643 3581 3624 3624 3592 4063 4063 4063 4063 4063 4063 4063 4063
605 1777280909 3549 3693 387 3643 3581 3623 3623 3591 4061 4061 4061 4061 4061 4061 4061 4061
606 1777280909 3550 3694 387 3643 3582 3624 3624 3592 4063 4063 4062 4062 4062 4062 4062 4062
607 1777280909 3548 3693 387 3643 3580 3623 3623 3591 4063 4063 4063 4063 4063 4063 4063 4063
608 1777280909 3548 3693 387 3643 3581 3623 3623 3591 4063 4063 4062 4062 4062 4062 4062 4062
609 1777280909 3549 3693 388 3643 3581 3623 3623 3591 4061 4061 4061 4061 4061 4061 4061 4061
610 1777280909 3550 3694 387 3644 3582 3624 3624 3592 4063 4063 4063 4063 4063 4063 4063 4063
611 1777280909 3549 3694 387 3644 3581 3623 3624 3592 4063 4063 4063 4063 4063 4063 4063 4063
612 1777280909 3549 3694 387 3643 3581 3623 3623 3591 4063 4063 4062 4062 4062 4062 4062 4062
613 1777280909 3550 3695 387 3644 3582 3625 3625 1701 4063 4063 4062 4062 4062 4062 4062 4062
614 1777280909 3549 3694 387 3643 3581 3623 3623 3591 4063 4063 4062 4062 4062 4062 4062 4062
615 1777280909 3550 3694 388 3644 3582 3624 3624 3593 4063 4062 4062 4062 4062 4062 4062 4062
616 1777280910 3550 3695 387 3644 3582 3624 3624 3592 4063 4063 4062 4062 4062 4062 4062 4062
617 1777280910 3549 3694 387 3643 3581 3623 3623 3591 4063 4063 4062 4062 4062 4062 4062 4062
618 1777280910 3549 3693 387 3642 3581 3623 3623 3591 4063 4063 4063 4063 4063 4063 4063 4063
619 1777280910 3550 3695 387 3644 3582 3624 3625 3593 4061 4061 4060 4060 4060 4060 4060 4060
620 1777280910 3549 3693 387 3643 3581 3623 3624 3592 4063 4063 4062 4062 4062 4062 4062 4062
621 1777280910 3550 3694 387 3643 3581 3624 3624 3592 4063 4063 4062 4062 4062 4062 4062 4062
622 1777280910 3549 3694 387 3644 3582 3623 3624 3592 4063 4063 4063 4063 4063 4063 4063 4063
623 1777280910 3550 3695 387 3645 3582 3625 3625 3592 4063 4063 4062 4062 4062 4062 4062 4062
624 1777280910 3549 3693 388 3643 3581 3624 3624 3592 4063 4063 4062 4062 4062 4062 4062 4062
625 1777280910 3551 3695 388 3645 3583 3624 3625 3593 4063 4063 4062 4062 4062 4062 4062 4062
626 1777280910 3550 3694 387 3644 3582 3624 3624 3592 4063 4063 4063 4063 4063 4063 4063 4063
627 1777280910 3549 3694 387 3643 3582 3624 3624 3592 4063 4063 4062 4062 4062 4062 4062 4062
628 1777280910 3550 3694 387 3644 3582 3624 3624 3592 4063 4063 4062 4062 4062 4062 4062 4062
629 1777280910 3550 3694 387 3644 3582 3624 3624 3592 4063 4063 4062 4062 4062 4062 4062 4062
630 1777280910 3549 3694 387 3643 3582 3624 3623 3592 4063 4063 4062 4062 4062 4062 4062 4062
631 1777280910 3550 3694 388 3644 3582 3624 3624 3592 4063 4063 4063 4063 4063 4063 4063 4063
632 1777280910 3549 3694 387 3644 3582 3624 3624 3592 4063 4063 4063 4063 4063 4063 4063 4063
633 1777280910 3549 3694 387 3643 3582 3624 3624 3592 4061 4061 4061 4061 4061 4061 4061 4061
634 1777280910 3550 3694 387 3644 3582 3624 3624 3592 4063 4062 4062 4062 4062 4062 4062 4062
635 1777280910 3550 3694 387 3643 3582 3624 3624 3592 4063 4063 4062 4062 4062 4062 4062 4062
636 1777280910 3551 3695 387 3644 3583 3624 3625 3593 4063 4063 4062 4062 4062 4062 4062 4062
637 1777280910 3549 3694 387 3643 3581 3623 3624 3592 4063 4062 4062 4062 4062 4062 4062 4062
638 1777280910 3550 3695 387 3643 3582 3624 3624 3592 4063 4063 4063 4063 4063 4063 4063 4063
639 1777280910 3550 3694 387 3644 3582 3624 3623 3592 4063 4063 4063 4063 4063 4063 4063 4063
640 1777280910 3549 3694 389 3644 3582 3624 3624 3592 4063 4063 4063 4063 4063 4063 4063 4063
641 1777280910 3550 3695 388 3645 3583 3625 3625 3592 4063 4063 4063 4063 4063 4063 4063 4063
642 1777280910 3549 3694 387 3644 3582 3624 3624 3591 4063 4063 4063 4063 4063 4063 4063 4063
643 1777280910 3550 3695 388 3644 3582 3624 3625 3593 4063 4063 4062 4062 4062 4062 4062 4062
644 1777280910 3550 3695 387 3645 3583 3624 3625 3592 4063 4063 4063 4063 4063 4063 4063 4063
645 1777280910 3550 3694 388 3643 3582 3624 3624 3592 4061 4061 4061 4061 4061 4061 4061 4061
646 1777280910 3550 3695 387 3645 3582 3625 3625 3592 4063 4063 4063 4063 4063 4063 4063 4063
647 1777280910 3550 3696 387 3645 3583 3624 3625 3593 4063 4063 4062 4062 4062 4062 4062 4062
648 1777280910 3550 3694 388 3644 3582 3625 3625 3593 4063 4063 4062 4062 4062 4062 4062 4062
649 1777280910 3550 3695 388 3643 3582 3624 3624 3592 4063 4063 4062 4062 4062 4062 4062 4062
650 1777280910 3549 3694 387 3642 3582 3623 3624 3591 4063 4063 4062 4062 4062 4062 4062 4062
651 1777280910 3550 3695 387 3645 3583 3624 3625 3593 4063 4063 4062 4062 4062 4062 4062 4062
652 1777280910 3549 3694 388 3644 3582 3624 3624 3592 4061 4061 4061 4061 4061 4061 4061 4061
653 1777280910 3549 3694 388 3644 3582 3624 3624 3592 4063 4063 4062 4062 4062 4062 4062 4062
654 1777280910 3549 3694 387 3643 3582 3624 3624 3592 4063 4063 4063 4063 4063 4063 4063 4063
655 1777280910 3549 3693 387 3643 3581 3623 3623 3591 4063 4063 4063 4063 4063 4063 4063 4063
656 1777280910 3550 3695 387 3644 3582 3624 3624 3592 4063 4063 4062 4062 4062 4062 4062 4062
657 1777280910 3549 3694 388 3643 3582 3624 3624 3592 4063 4063 4063 4063 4063 4063 4063 4063
658 1777280910 3550 3694 387 3644 3582 3623 3623 3592 4063 4063 4062 4062 4062 4062 4062 4062
659 1777280910 3550 3695 388 3645 3582 3624 3625 3592 4061 4061 4061 4061 4061 4061 4061 4061
660 1777280910 3550 3694 387 3644 3582 3624 3624 3592 4063 4063 4062 4062 4062 4062 4062 4062
661 1777280910 3550 3695 388 3644 3582 3624 3624 3592 4063 4063 4063 4063 4063 4063 4063 4063
662 1777280910 3550 3695 387 3644 3582 3624 3624 3593 4063 4063 4063 4063 4063 4063 4063 4063
663 1777280910 3550 3695 388 3644 3582 3624 3624 3592 4063 4063 4062 4062 4062 4062 4062 4062
664 1777280910 3550 3695 387 3644 3582 3624 3625 3593 4061 4061 4061 4061 4061 4061 4061 4061
665 1777280910 3550 3694 388 3643 3581 3624 3624 3592 4063 4063 4062 4062 4062 4062 4062 4062
666 1777280910 3550 3695 387 3645 3583 3624 3625 3593 4063 4063 4062 4062 4062 4062 4062 4062
667 1777280910 3550 3694 388 3644 3582 3624 3624 3592 4061 4061 4061 4061 4061 4061 4061 4061
668 1777280910 3552 3697 388 3646 3584 3626 3626 1702 4061 4061 4061 4061 4061 4061 4061 4061
669 1777280910 3550 3694 387 3644 3582 3624 3624 3592 4063 4063 4062 4062 4062 4062 4062 4062
670 1777280910 3551 3695 387 3644 3582 3624 3624 3593 4063 4063 4062 4062 4062 4062 4062 4062
671 1777280910 3550 3695 387 3645 3582 3624 3625 3593 4063 4063 4063 4063 4063 4063 4063 4063
672 1777280910 3550 3694 387 3644 3582 3624 3624 3592 4063 4063 4063 4063 4063 4063 4063 4063
673 1777280910 3549 3693 388 3643 3582 3623 3624 3591 4063 4062 4062 4062 4062 4062 4062 4062
674 1777280910 3550 3695 388 3645 3583 3625 3625 3593 4063 4061 4061 4061 4061 4061 4061 4061
675 1777280910 3550 3694 387 3644 3582 3624 3624 3593 4063 4063 4062 4062 4062 4062 4062 4062
676 1777280910 3550 3694 387 3644 3582 3624 3624 3592 4061 4061 4061 4061 4061 4061 4061 4061
677 1777280910 3550 3694 388 3644 3582 3624 3624 3592 4063 4063 4063 4063 4063 4063 4063 4063
678 1777280910 3550 3694 387 3644 3582 3624 3624 3592 4063 4063 4062 4062 4062 4062 4062 4062
679 1777280910 3550 3694 388 3644 3582 3624 3624 3591 4063 4062 4062 4062 4062 4062 4062 4062
680 1777280910 3550 3694 388 3644 3582 3624 3624 3592 4063 4063 4062 4062 4062 4062 4062 4062
681 1777280910 3550 3695 387 3643 3583 3624 3625 3592 4063 4063 4062 4062 4062 4062 4062 4062
682 1777280910 3550 3694 388 3642 3582 3624 3624 3592 4061 4061 4061 4061 4061 4061 4061 4061
683 1777280910 3550 3694 388 3644 3582 3624 3625 3593 4063 4063 4062 4062 4062 4062 4062 4062
684 1777280910 3550 3695 387 3645 3583 3625 3625 3593 4063 4062 4062 4062 4062 4062 4062 4062
685 1777280910 3550 3695 388 3645 3582 3625 3624 3592 4063 4063 4062 4062 4062 4062 4062 4062
686 1777280910 3550 3695 388 3644 3582 3624 3624 3592 4063 4063 4062 4062 4062 4062 4062 4062
687 1777280910 3551 3696 387 3645 3583 3625 3625 3593 4061 4061 4061 4061 4061 4061 4061 4061
688 1777280910 3550 3695 389 3644 3582 3624 3624 3592 4061 4061 4061 4061 4061 4061 4061 4061
689 1777280910 3551 3695 388 3645 3583 3625 3625 3593 4063 4063 4062 4062 4062 4062 4062 4062
690 1777280910 3550 3695 388 3645 3583 3625 3625 3593 4063 4062 4062 4062 4062 4062 4062 4062
691 1777280910 3550 3695 387 3645 3583 3624 3624 3593 4061 4061 4061 4061 4061 4061 4061 4061
692 1777280911 3549 3694 387 3644 3582 3625 3624 3592 4063 4063 4062 4062 4062 4062 4062 4062
693 1777280911 3551 3695 387 3645 3583 3625 3624 3593 4063 4063 4063 4063 4063 4063 4063 4063
694 1777280911 3549 3694 388 3644 3582 3624 3624 3592 4063 4063 4062 4062 4062 4062 4062 4062
695 1777280911 3551 3695 387 3645 3583 3625 3625 3593 4063 4063 4062 4062 4062 4062 4062 4062
696 1777280911 3550 3695 388 3644 3583 3625 3625 3593 4063 4063 4063 4063 4063 4063 4063 4063
697 1777280911 3550 3695 388 3644 3582 3624 3625 3592 4063 4063 4062 4062 4062 4062 4062 4062
698 1777280911 3550 3695 388 3645 3583 3625 3625 3593 4063 4063 4063 4063 4063 4063 4063 4063
699 1777280911 3550 3694 388 3644 3582 3624 3625 3593 4063 4063 4062 4062 4062 4062 4062 4062
700 1777280911 3550 3695 388 3644 3582 3624 3624 3592 4063 4063 4062 4062 4062 4062 4062 4062
701 1777280911 3550 3694 388 3644 3582 3624 3625 3592 4063 4063 4062 4062 4062 4062 4062 4062
702 1777280911 3551 3695 387 3645 3583 3625 3626 3594 4062 4063 4062 4062 4062 4062 4062 4062
703 1777280911 3550 3695 387 3645 3583 3624 3625 3593 4061 4061 4061 4061 4061 4061 4061 4061
704 1777280911 3551 3696 389 3646 3583 3626 3626 3594 4063 4063 4062 4062 4062 4062 4062 4062
705 1777280911 3550 3695 388 3644 3582 3624 3624 3593 4063 4063 4063 4063 4063 4063 4063 4063
706 1777280911 3550 3695 387 3645 3583 3625 3625 3593 4063 4063 4062 4062 4062 4062 4062 4062
707 1777280911 3551 3695 388 3645 3582 3625 3625 3593 4063 4063 4062 4062 4062 4062 4062 4062
708 1777280911 3549 3693 388 3644 3581 3623 3624 3592 4063 4063 4062 4062 4062 4062 4062 4062
709 1777280911 3550 3694 388 3644 3582 3624 3624 3592 4065 4063 4063 4063 4063 4063 4063 4063
710 1777280911 3549 3695 388 3644 3582 3624 3624 3592 4063 4063 4063 4063 4063 4063 4063 4063
711 1777280911 3549 3694 388 3644 3582 3624 3624 3593 4061 4061 4061 4061 4061 4061 4061 4061
712 1777280911 3549 3694 388 3644 3582 3624 3624 3592 4061 4061 4061 4061 4061 4061 4061 4061
713 1777280911 3550 3695 388 3643 3583 3625 3625 3593 4065 4063 4063 4063 4063 4063 4063 4063
714 1777280911 3551 3696 388 3645 3583 3625 3626 3594 4063 4063 4063 4063 4063 4063 4063 4063
715 1777280911 3551 3695 388 3644 3583 3625 3625 3594 4063 4063 4062 4062 4062 4062 4062 4062
716 1777280911 3551 3696 387 3645 3583 3625 3626 3594 4061 4061 4061 4061 4061 4061 4061 4061
717 1777280911 3551 3696 388 3645 3583 3625 3625 3593 4063 4063 4062 4062 4062 4062 4062 4062
718 1777280911 3550 3694 388 3644 3582 3624 3624 3592 4063 4063 4063 4063 4063 4063 4063 4063
719 1777280911 3550 3694 388 3644 3582 3624 3624 3592 4063 4063 4062 4062 4062 4062 4062 4062
720 1777280911 3550 3695 389 3644 3583 3625 3625 3593 4063 4063 4063 4063 4063 4063 4063 4063
721 1777280911 3550 3695 388 3644 3582 3624 3624 3593 4063 4063 4063 4063 4063 4063 4063 4063
722 1777280911 3551 3696 388 3645 3583 3625 3625 3593 4063 4063 4063 4063 4063 4063 4063 4063
723 1777280911 3551 3695 388 3645 3583 3625 3625 3593 4063 4063 4062 4062 4062 4062 4062 4062
724 1777280911 3550 3695 388 3644 3583 3625 3625 3594 4065 4063 4063 4063 4063 4063 4063 4063
725 1777280911 3550 3695 388 3645 3583 3625 3625 3593 4063 4063 4062 4062 4062 4062 4062 4062
726 1777280911 3550 3695 387 3645 3583 3625 3625 3592 4061 4061 4060 4060 4060 4060 4060 4060
727 1777280911 3550 3694 388 3644 3582 3624 3624 3592 4063 4063 4063 4063 4063 4063 4063 4063
728 1777280911 3551 3696 388 3644 3583 3625 3625 3593 4063 4063 4063 4063 4063 4063 4063 4063
729 1777280911 3551 3695 388 3645 3583 3625 3625 3593 4063 4063 4062 4062 4062 4062 4062 4062
730 1777280911 3550 3694 388 3644 3582 3625 3624 3593 4063 4063 4063 4063 4063 4063 4063 4063
731 1777280911 3551 3695 388 3645 3583 3625 3626 3593 4063 4063 4062 4062 4062 4062 4062 4062
732 1777280911 3551 3695 388 3644 3583 3625 3625 3593 4063 4063 4062 4062 4062 4062 4062 4062
733 1777280911 3550 3694 388 3643 3582 3624 3625 3593 4061 4061 4061 4061 4061 4061 4061 4061
734 1777280911 3551 3696 387 3646 3584 3626 3625 3593 4063 4063 4062 4062 4062 4062 4062 4062
735 1777280911 3550 3696 388 3645 3583 3625 3625 3593 4063 4063 4062 4062 4062 4062 4062 4062
736 1777280911 3551 3696 389 3645 3583 3625 3625 3593 4061 4061 4061 4061 4061 4061 4061 4061
737 1777280911 3551 3695 388 3645 3582 3624 3625 3593 4063 4063 4062 4062 4062 4062 4062 4062
738 1777280911 3551 3695 388 3645 3583 3625 3625 3593 4063 4063 4062 4062 4062 4062 4062 4062
739 1777280911 3551 3696 388 3645 3584 3626 3626 3594 4063 4063 4063 4063 4063 4063 4063 4063
740 1777280911 3551 3696 388 3645 3583 3625 3625 3593 4063 4063 4062 4062 4062 4062 4062 4062
741 1777280911 3551 3695 388 3645 3583 3625 3625 3592 4063 4063 4062 4062 4062 4062 4062 4062
742 1777280911 3551 3696 388 3645 3584 3626 1409 3593 4061 4061 4061 4061 4061 4061 4061 4061
743 1777280911 3551 3696 388 3645 3583 3626 3626 3594 4059 4059 4059 4059 4059 4059 4059 4059
744 1777280911 3551 3695 388 3644 3583 3625 3625 3594 4063 4063 4063 4063 4063 4063 4063 4063
745 1777280911 3550 3695 388 3643 3583 3625 3625 3593 4063 4063 4062 4062 4062 4062 4062 4062
746 1777280911 3550 3694 388 3644 3582 3625 3624 3593 4063 4063 4062 4062 4062 4062 4062 4062
747 1777280911 3551 3695 388 3645 3583 3625 3626 3593 4063 4063 4062 4062 4062 4062 4062 4062
748 1777280911 3550 3695 388 3644 3582 3625 3625 3593 4063 4063 4063 4063 4063 4063 4063 4063
749 1777280911 3552 3696 388 3646 3584 3626 3626 3594 4063 4063 4063 4063 4063 4063 4063 4063
750 1777280911 3551 3695 388 3644 3583 3625 3625 3593 4061 4061 4061 4061 4061 4061 4061 4061
751 1777280911 3551 3695 388 3645 3583 3625 3625 3593 4063 4063 4063 4063 4063 4063 4063 4063
752 1777280911 3550 3694 389 3644 3582 3624 3624 3592 4063 4063 4063 4063 4063 4063 4063 4063
753 1777280911 3551 3695 388 3645 3583 3625 3626 3594 4063 4063 4063 4063 4063 4063 4063 4063
754 1777280911 3551 3695 388 3644 3583 3625 3625 3593 4061 4061 4061 4061 4061 4061 4061 4061
755 1777280911 3550 3695 388 3645 3583 3625 3625 3593 4063 4063 4062 4062 4062 4062 4062 4062
756 1777280911 3550 3695 388 3645 3583 3625 3625 3593 4065 4063 4063 4063 4063 4063 4063 4063
757 1777280911 3551 3695 388 3645 3583 3625 3625 3593 4063 4063 4062 4062 4062 4062 4062 4062
758 1777280911 3551 3695 388 3645 3583 3625 3624 3593 4063 4063 4063 4063 4063 4063 4063 4063
759 1777280911 3551 3695 388 3645 3583 3625 3625 3593 4063 4063 4062 4062 4062 4062 4062 4062
760 1777280911 3550 3694 389 3644 3582 3624 3624 3592 4063 4063 4062 4062 4062 4062 4062 4062
761 1777280911 3551 3696 388 3646 3583 3626 3625 3594 4063 4063 4062 4062 4062 4062 4062 4062
762 1777280911 3551 3695 388 3645 3583 3625 3626 3593 4061 4061 4061 4061 4061 4061 4061 4061
763 1777280911 3550 3695 388 3645 3583 3625 3625 3594 4063 4063 4062 4062 4062 4062 4062 4062
764 1777280911 3551 3695 389 3645 3583 3625 3625 3593 4057 4057 4057 4057 4057 4057 4057 4057
765 1777280911 3551 3695 388 3645 3582 3625 3625 3593 4063 4063 4062 4062 4062 4062 4062 4062
766 1777280911 3551 3695 388 3645 3583 3625 3625 3593 4063 4063 4063 4063 4063 4063 4063 4063
767 1777280911 3551 3696 390 3645 3583 3625 3625 3593 4063 4063 4062 4062 4062 4062 4062 4062
768 1777280911 3552 3697 389 3648 3585 3627 3627 3595 4063 4063 4063 4063 4063 4063 4063 4063
769 1777280911 3551 3695 388 3645 3583 3625 3625 3594 4063 4063 4062 4062 4062 4062 4062 4062
770 1777280911 3551 3697 388 3646 3583 3626 3626 3594 4063 4063 4062 4062 4062 4062 4062 4062
771 1777280911 3550 3695 389 3645 3583 3625 3625 3593 4063 4063 4063 4063 4063 4063 4063 4063
772 1777280911 3551 3696 388 3646 3583 3625 3626 3594 4063 4063 4063 4063 4063 4063 4063 4063
773 1777280911 3548 3693 386 3643 3581 3623 3623 3591 4063 4062 4062 4062 4062 4062 4062 4062
774 1777280911 3549 3693 387 3643 3581 3623 3624 3592 4063 4063 4062 4062 4062 4062 4062 4062
775 1777280912 3549 3694 386 3643 3582 3623 3623 3592 4063 4063 4063 4063 4063 4063 4063 4063
776 1777280912 3549 3694 387 3644 3582 3624 3624 3592 4065 4063 4063 4063 4063 4063 4063 4063
777 1777280912 3551 3695 386 3643 3582 3624 3624 3593 4063 4063 4062 4062 4062 4062 4062 4062
778 1777280912 3548 3693 387 3642 3580 3623 3622 3591 4063 4063 4062 4062 4062 4062 4062 4062
779 1777280912 3550 3694 387 3645 3582 3624 3625 3593 4063 4063 4063 4063 4063 4063 4063 4063
780 1777280912 3549 3694 386 3644 3581 3624 3623 3591 4063 4063 4062 4062 4062 4062 4062 4062
781 1777280912 3550 3694 387 3643 3582 3624 3624 3592 4063 4063 4063 4063 4063 4063 4063 4063
782 1777280912 3549 3694 387 3642 3581 3623 3623 3591 4063 4063 4063 4063 4063 4063 4063 4063
783 1777280912 3549 3694 386 3643 3581 3623 3624 3591 4063 4063 4063 4063 4063 4063 4063 4063
784 1777280912 3550 3694 387 3644 3582 3624 3624 3592 4063 4063 4062 4062 4062 4062 4062 4062
785 1777280912 3550 3694 386 3643 3582 3624 3624 3592 4063 4063 4063 4063 4063 4063 4063 4063
786 1777280912 3549 3694 387 3644 3581 3623 3623 3592 4063 4063 4063 4063 4063 4063 4063 4063
787 1777280912 3550 3694 387 3643 3582 3623 3624 3592 4063 4063 4062 4062 4062 4062 4062 4062
788 1777280912 3549 3694 387 3644 3581 3624 3624 3592 4063 4063 4062 4062 4062 4062 4062 4062
789 1777280912 3550 3694 386 3644 3582 3624 3624 3592 4063 4063 4063 4063 4063 4063 4063 4063
790 1777280912 3550 3694 387 3643 3581 3623 3623 3592 4061 4061 4061 4061 4061 4061 4061 4061
791 1777280912 3549 3694 386 3643 3581 3623 3624 3592 4063 4063 4062 4062 4062 4062 4062 4062
792 1777280912 3550 3694 387 3644 3582 3624 3624 3592 4063 4063 4062 4062 4062 4062 4062 4062
793 1777280912 3549 3693 387 3643 3582 3624 3624 3592 4063 4063 4063 4063 4063 4063 4063 4063
794 1777280912 3549 3694 387 3644 3582 3624 3624 3591 4063 4063 4063 4063 4063 4063 4063 4063
795 1777280912 3549 3693 387 3643 3581 3624 3623 3592 4063 4061 4061 4061 4061 4061 4061 4061
796 1777280912 3551 3695 386 3644 3583 3625 3625 3592 4063 4063 4062 4062 4062 4062 4062 4062
797 1777280912 3549 3694 387 3643 3582 3624 3624 3592 4063 4062 4062 4062 4062 4062 4062 4062
798 1777280912 3549 3693 387 3642 3581 3623 3623 3591 4063 4063 4062 4062 4062 4062 4062 4062
799 1777280912 3550 3694 386 3644 3582 3624 3624 3592 4063 4061 4061 4061 4061 4061 4061 4061
800 1777280912 3550 3695 386 3644 3582 3624 3624 3592 4061 4061 4061 4061 4061 4061 4061 4061
801 1777280912 3550 3694 387 3643 3582 3624 3624 3592 4061 4061 4061 4061 4061 4061 4061 4061
802 1777280912 3550 3694 387 3644 3582 3624 3624 3593 4063 4063 4062 4062 4062 4062 4062 4062
803 1777280912 3550 3695 386 3644 3582 3624 3624 3592 4063 4063 4062 4062 4062 4062 4062 4062
804 1777280912 3550 3694 387 3644 3582 3624 3625 3592 4063 4063 4062 4062 4062 4062 4062 4062
805 1777280912 3550 3694 386 3643 3582 3624 3623 3592 4063 4063 4062 4062 4062 4062 4062 4062
806 1777280912 3549 3694 387 3643 3581 3623 3623 3591 4061 4061 4061 4061 4061 4061 4061 4061
807 1777280912 3550 3694 386 3644 3582 3624 3624 3592 4063 4063 4062 4062 4062 4062 4062 4062
808 1777280912 3549 3694 387 3644 3582 3623 3623 3592 4061 4061 4061 4061 4061 4061 4061 4061
809 1777280912 3550 3695 387 3643 3583 3625 3624 3593 4063 4063 4062 4062 4062 4062 4062 4062
810 1777280912 3549 3693 387 3644 3582 3624 3624 3592 4063 4062 4062 4062 4062 4062 4062 4062
811 1777280912 3550 3695 387 3644 3582 3624 3624 3592 4063 4063 4062 4062 4062 4062 4062 4062
812 1777280912 3550 3695 387 3644 3583 3624 3624 3593 4063 4062 4062 4062 4062 4062 4062 4062
813 1777280912 3549 3694 386 3643 3582 3624 3624 3591 4063 4063 4062 4062 4062 4062 4062 4062
814 1777280912 3550 3694 387 3644 3582 3624 3624 3592 4063 4063 4062 4062 4062 4062 4062 4062
815 1777280912 3550 3694 387 3644 3582 3624 3624 3592 4061 4061 4061 4061 4061 4061 4061 4061
816 1777280912 3549 3694 386 3644 3581 3624 3624 3592 4061 4061 4061 4061 4061 4061 4061 4061
817 1777280912 3550 3695 386 3644 3583 3624 3624 3592 4063 4063 4063 4063 4063 4063 4063 4063
818 1777280912 3550 3695 387 3644 3582 3624 3624 3592 4063 4063 4062 4062 4062 4062 4062 4062
819 1777280912 3550 3694 386 3644 3582 1648 3623 3592 4061 4061 4061 4061 4061 4061 4061 4061
820 1777280912 3550 3695 387 3644 3582 3624 3624 3592 4061 4061 4061 4061 4061 4061 4061 4061
821 1777280912 3549 3694 386 3643 3581 3624 3624 3592 4063 4063 4062 4062 4062 4062 4062 4062
822 1777280912 3549 3694 387 3643 3581 3623 3623 3591 4063 4063 4063 4063 4063 4063 4063 4063
823 1777280912 3550 3694 387 3644 3582 3624 3624 3592 4061 4061 4061 4061 4061 4061 4061 4061
824 1777280912 3549 3693 387 3643 3581 3623 3623 3592 4063 4063 4062 4062 4062 4062 4062 4062
825 1777280912 3551 3695 386 3645 3583 3625 3625 3593 4063 4063 4063 4063 4063 4063 4063 4063
826 1777280912 3549 3694 387 3643 3581 3624 3624 3592 4063 4063 4062 4062 4062 4062 4062 4062
827 1777280912 3550 3694 387 3644 3582 3624 3624 3592 4063 4063 4063 4063 4063 4063 4063 4063
828 1777280912 3549 3693 387 3644 3582 3624 3624 3592 4063 4063 4063 4063 4063 4063 4063 4063
829 1777280912 3549 3694 387 3644 3582 3624 3623 3591 4063 4063 4062 4062 4062 4062 4062 4062
830 1777280912 3550 3694 387 3644 3582 3624 3624 3592 4063 4063 4063 4063 4063 4063 4063 4063
831 1777280912 3550 3695 387 3645 3582 3624 3624 3592 4063 4063 4062 4062 4062 4062 4062 4062
832 1777280912 3550 3694 387 3644 3582 3625 3624 3592 4063 4063 4063 4063 4063 4063 4063 4063
833 1777280912 3549 3694 388 3643 3581 3624 3624 3592 4063 4063 4062 4062 4062 4062 4062 4062
834 1777280912 3551 3695 387 3644 3582 3624 3625 3593 4063 4063 4063 4063 4063 4063 4063 4063
835 1777280912 3549 3694 387 3643 3581 3624 3624 3591 4063 4062 4062 4062 4062 4062 4062 4062
836 1777280912 3550 3694 387 3644 3582 3625 3625 3592 4063 4063 4063 4063 4063 4063 4063 4063
837 1777280912 3551 3696 387 3644 3582 3624 3624 3592 4063 4063 4062 4062 4062 4062 4062 4062
838 1777280912 3550 3695 387 3644 3582 3624 3624 3592 4063 4063 4062 4062 4062 4062 4062 4062
839 1777280912 3550 3694 386 3644 3582 3624 3625 3593 4063 4063 4063 4063 4063 4063 4063 4063
840 1777280912 3549 3694 388 3643 3582 3624 3624 3592 4063 4063 4062 4062 4062 4062 4062 4062
841 1777280912 3549 3693 387 3643 3581 3623 3623 3592 4063 4063 4062 4062 4062 4062 4062 4062
842 1777280912 3550 3694 387 3644 3583 3625 3624 3593 4063 4063 4062 4062 4062 4062 4062 4062
843 1777280912 3550 3695 386 3645 3583 3625 3625 3593 4063 4063 4063 4063 4063 4063 4063 4063
844 1777280912 3550 3694 387 3644 3582 3624 3624 3592 4063 4063 4063 4063 4063 4063 4063 4063
845 1777280912 3549 3693 388 3643 3581 3624 3624 3591 4063 4063 4063 4063 4063 4063 4063 4063
846 1777280912 3550 3695 387 3645 3583 3625 3625 3593 4063 4063 4062 4062 4062 4062 4062 4062
847 1777280912 3549 3694 387 3644 3581 3624 3624 3592 4063 4063 4063 4063 4063 4063 4063 4063
848 1777280912 3550 3694 387 3644 3582 3624 3624 3592 4063 4063 4062 4062 4062 4062 4062 4062
849 1777280912 3549 3694 388 3643 3582 3624 3624 3592 4063 4063 4062 4062 4062 4062 4062 4062
850 1777280912 3550 3695 387 3644 3582 3624 3625 3593 4063 4063 4062 4062 4062 4062 4062 4062
851 1777280913 3550 3694 387 3643 3581 3623 3623 3592 4061 4061 4061 4061 4061 4061 4061 4061
852 1777280913 3550 3694 387 3644 3582 3624 3624 3592 4063 4063 4062 4062 4062 4062 4062 4062
853 1777280913 3550 3695 387 3645 3583 3624 3625 3593 4063 4063 4063 4063 4063 4063 4063 4063
854 1777280913 3550 3695 387 3644 3582 3624 3624 3592 4063 4063 4062 4062 4062 4062 4062 4062
855 1777280913 3549 3694 387 3643 3581 3623 3623 3591 4063 4063 4062 4062 4062 4062 4062 4062
856 1777280913 3550 3694 387 3644 3583 3625 3625 3593 4063 4063 4062 4062 4062 4062 4062 4062
857 1777280913 3549 3694 388 3643 3582 3624 3624 3592 4063 4063 4063 4063 4063 4063 4063 4063
858 1777280913 3550 3694 387 3644 3582 3624 3625 3593 4063 4063 4063 4063 4063 4063 4063 4063
859 1777280913 3550 3695 387 3645 3583 3625 3625 3593 4063 4063 4062 4062 4062 4062 4062 4062
860 1777280913 3550 3695 387 3644 3583 3625 3625 3593 4063 4063 4062 4062 4062 4062 4062 4062
861 1777280913 3550 3695 386 3645 3584 3625 3625 3593 4063 4063 4063 4063 4063 4063 4063 4063
862 1777280913 3549 3694 387 3643 3582 3623 3624 3591 4063 4063 4063 4063 4063 4063 4063 4063
863 1777280913 3550 3694 387 3645 3582 3624 3625 3592 4061 4061 4061 4061 4061 4061 4061 4061
864 1777280913 3550 3694 387 3644 3581 3624 3624 3592 4061 4061 4061 4061 4061 4061 4061 4061
865 1777280913 3551 3695 388 3644 3583 3625 3624 3592 4063 4063 4063 4063 4063 4063 4063 4063
866 1777280913 3550 3695 387 3645 3583 3625 3625 3593 4061 4061 4061 4061 4061 4061 4061 4061
867 1777280913 3550 3695 387 3645 3582 3625 3625 3593 4063 4063 4063 4063 4063 4063 4063 4063
868 1777280913 3550 3694 387 3644 3582 3624 3624 3593 4063 4063 4062 4062 4062 4062 4062 4062
869 1777280913 3551 3695 387 3645 3582 3625 3625 3593 4063 4063 4062 4062 4062 4062 4062 4062
870 1777280913 3549 3693 387 3642 3581 3623 3623 3591 4063 4063 4063 4063 4063 4063 4063 4063
871 1777280913 3551 3695 388 3645 3583 3625 3625 3594 4065 4063 4063 4063 4063 4063 4063 4063
872 1777280913 3550 3694 387 3644 3582 3624 3624 3592 4063 4063 4062 4062 4062 4062 4062 4062
873 1777280913 3550 3694 387 3643 3582 3624 3624 3592 4063 4063 4062 4062 4062 4062 4062 4062
874 1777280913 3550 3695 387 3644 3582 3624 3624 3593 4063 4063 4063 4063 4063 4063 4063 4063
875 1777280913 3551 3696 387 3645 3583 3625 3625 3593 4063 4063 4062 4062 4062 4062 4062 4062
876 1777280913 3550 3694 387 3644 3582 3624 3624 3592 4063 4063 4062 4062 4062 4062 4062 4062
877 1777280913 3550 3694 387 3643 3582 3624 3624 3592 4063 4062 4062 4062 4062 4062 4062 4062
878 1777280913 3550 3695 387 3645 3583 3625 3625 3593 4063 4063 4063 4063 4063 4063 4063 4063
879 1777280913 3550 3695 387 3645 3583 3625 3625 3593 4063 4063 4063 4063 4063 4063 4063 4063
880 1777280913 3550 3694 389 3644 3582 3624 3624 3592 4063 4063 4062 4062 4062 4062 4062 4062
881 1777280913 3550 3694 387 3643 3582 3624 3624 3592 4063 4063 4062 4062 4062 4062 4062 4062
882 1777280913 3551 3695 387 3645 3583 3625 3625 3593 4063 4063 4062 4062 4062 4062 4062 4062
883 1777280913 3550 3695 387 3644 3582 3624 3624 3593 4063 4063 4062 4062 4062 4062 4062 4062
884 1777280913 3551 3696 387 3645 3583 3625 3625 3593 4061 4061 4061 4061 4061 4061 4061 4061
885 1777280913 3550 3694 387 3644 3582 3624 3624 3592 4061 4061 4060 4060 4060 4060 4060 4060
886 1777280913 3551 3695 387 3644 3583 3625 3625 3594 4063 4063 4063 4063 4063 4063 4063 4063
887 1777280913 3550 3695 388 3644 3582 3624 3625 3593 4061 4061 4061 4061 4061 4061 4061 4061
888 1777280913 3550 3695 387 3644 3583 3625 3625 3592 4063 4063 4062 4062 4062 4062 4062 4062
889 1777280913 3550 3694 388 3644 3582 3624 3625 3592 4063 4063 4062 4062 4062 4062 4062 4062
890 1777280913 3550 3694 388 3644 3582 3624 3624 3592 4063 4063 4062 4062 4062 4062 4062 4062
891 1777280913 3550 3695 387 3644 3582 3625 3624 3593 4063 4062 4062 4062 4062 4062 4062 4062
892 1777280913 3550 3695 387 3644 3583 3624 3625 3593 4061 4061 4061 4061 4061 4061 4061 4061
893 1777280913 3551 3695 388 3645 3583 3625 3625 3593 4063 4063 4063 4063 4063 4063 4063 4063
894 1777280913 3549 3693 387 3642 3581 3623 3624 3592 4063 4063 4062 4062 4062 4062 4062 4062
895 1777280913 3550 3695 387 3644 3582 3624 3624 3593 4061 4061 4061 4061 4061 4061 4061 4061
896 1777280913 3550 3695 389 3644 3582 3624 3624 3592 4063 4063 4062 4062 4062 4062 4062 4062
897 1777280913 3550 3695 388 3644 3582 3625 3624 3593 4063 4063 4063 4063 4063 4063 4063 4063
898 1777280913 3549 3694 387 3644 3582 3625 3625 3592 4061 4061 4061 4061 4061 4061 4061 4061
899 1777280913 3550 3694 387 3645 3582 3625 3625 3593 4063 4063 4063 4063 4063 4063 4063 4063
900 1777280913 3550 3695 387 3644 3582 3624 3625 3593 4063 4063 4063 4063 4063 4063 4063 4063
901 1777280913 3550 3694 388 3644 3582 3625 3625 3593 4063 4063 4063 4063 4063 4063 4063 4063
902 1777280913 3551 3696 387 3644 3582 3624 3625 3593 4063 4063 4063 4063 4063 4063 4063 4063
903 1777280913 3550 3695 387 3645 3582 3625 3625 3593 4063 4063 4063 4063 4063 4063 4063 4063
904 1777280913 3550 3695 388 3644 3583 3625 3625 3593 4063 4063 4062 4062 4062 4062 4062 4062
905 1777280913 3550 3694 388 3643 3583 3625 3625 3593 4063 4063 4062 4062 4062 4062 4062 4062
906 1777280913 3550 3694 387 3644 3582 3624 3625 3593 4063 4063 4063 4063 4063 4063 4063 4063
907 1777280913 3550 3694 387 3644 3582 3624 3624 3593 4063 4063 4063 4063 4063 4063 4063 4063
908 1777280913 3551 3695 388 3645 3583 3625 3626 3593 4061 4061 4061 4061 4061 4061 4061 4061
909 1777280913 3551 3696 388 3645 3583 3625 3626 3593 4061 4061 4061 4061 4061 4061 4061 4061
910 1777280913 3550 3694 387 3644 3582 3624 3624 3592 4063 4063 4062 4062 4062 4062 4062 4062
911 1777280913 3550 3695 387 3645 3583 3624 3625 3593 4063 4063 4063 4063 4063 4063 4063 4063
912 1777280913 3550 3695 387 3644 3582 3625 3625 3593 4063 4063 4062 4062 4062 4062 4062 4062
913 1777280913 3551 3695 387 3645 3583 3625 3625 3593 4063 4062 4062 4062 4062 4062 4062 4062
914 1777280913 3550 3695 387 3644 3582 3624 3625 3592 4063 4063 4062 4062 4062 4062 4062 4062
915 1777280913 3550 3695 387 3645 3583 3625 3625 3593 4063 4063 4062 4062 4062 4062 4062 4062
916 1777280913 3551 3695 387 3644 3583 3625 3625 3593 4063 4063 4063 4063 4063 4063 4063 4063
917 1777280913 3550 3695 387 3644 3582 3624 3624 3593 4063 4063 4062 4062 4062 4062 4062 4062
918 1777280913 3551 3695 387 3644 3582 3624 3625 3593 4063 4063 4062 4062 4062 4062 4062 4062
919 1777280913 3551 3695 388 3645 3583 3625 3625 3593 4063 4063 4062 4062 4062 4062 4062 4062
920 1777280913 3550 3694 388 3644 3583 3624 3625 3593 4061 4061 4060 4060 4060 4060 4060 4060
921 1777280913 3550 3695 387 3644 3582 3625 3624 3593 4061 4061 4061 4061 4061 4061 4061 4061
922 1777280913 3550 3695 387 3645 3582 3624 3625 3592 4063 4063 4062 4062 4062 4062 4062 4062
923 1777280913 3550 3695 388 3644 3582 3624 3624 3592 4063 4063 4062 4062 4062 4062 4062 4062
924 1777280913 3551 3695 388 3644 3583 3625 3625 3593 4063 4063 4063 4063 4063 4063 4063 4063
925 1777280913 3550 3694 387 3645 3583 3624 3625 3592 4063 4063 4063 4063 4063 4063 4063 4063
926 1777280914 3550 3694 387 3644 3583 3624 3625 3592 4063 4063 4062 4062 4062 4062 4062 4062
927 1777280914 3550 3694 387 3644 3582 3624 3624 3592 4063 4063 4062 4062 4062 4062 4062 4062
928 1777280914 3551 3695 387 3645 3583 3625 3625 3593 4063 4063 4062 4062 4062 4062 4062 4062
929 1777280914 3550 3694 388 3643 3582 3624 3624 3592 4063 4063 4063 4063 4063 4063 4063 4063
930 1777280914 3550 3695 388 3645 3583 3625 3625 3593 4063 4063 4063 4063 4063 4063 4063 4063
931 1777280914 3551 3695 388 3645 3584 3626 3626 3594 4061 4061 4061 4061 4061 4061 4061 4061
932 1777280914 3551 3696 388 3645 3583 3625 3625 3593 4063 4062 4062 4062 4062 4062 4062 4062
933 1777280914 3551 3695 388 3645 3583 3626 3626 3594 4063 4063 4063 4063 4063 4063 4063 4063
934 1777280914 3551 3696 387 3645 3583 3625 3625 3593 4063 4063 4062 4062 4062 4062 4062 4062
935 1777280914 3551 3695 387 3645 3583 3625 3625 3593 4067 4063 4063 4063 4063 4063 4063 4063
936 1777280914 3551 3695 387 3645 3583 3625 3625 3593 4063 4062 4062 4062 4062 4062 4062 4062
937 1777280914 3551 3695 388 3645 3583 3625 3626 3593 4063 4061 4061 4061 4061 4061 4061 4061
938 1777280914 3551 3695 388 3645 3583 3625 3626 3593 4063 4063 4062 4062 4062 4062 4062 4062
939 1777280914 3551 3695 387 3645 3583 3625 3625 3593 4063 4063 4062 4062 4062 4062 4062 4062
940 1777280914 3550 3695 387 3645 3583 3625 3625 3593 4061 4061 4061 4061 4061 4061 4061 4061
941 1777280914 3551 3696 388 3645 3583 3625 3626 3594 4061 4061 4061 4061 4061 4061 4061 4061
942 1777280914 3551 3696 388 3646 3584 3626 3626 3594 4063 4063 4063 4063 4063 4063 4063 4063
943 1777280914 3551 3695 387 3645 3582 3625 3625 3592 4063 4063 4062 4062 4062 4062 4062 4062
944 1777280914 3551 3696 387 3646 3584 3625 3625 3594 4063 4063 4062 4062 4062 4062 4062 4062
945 1777280914 3551 3696 388 3645 3584 3626 3626 3594 4063 4063 4062 4062 4062 4062 4062 4062
946 1777280914 3550 3695 387 3645 3583 3625 3625 3593 4063 4063 4062 4062 4062 4062 4062 4062
947 1777280914 3551 3696 388 3646 3584 3626 3626 3594 4061 4061 4061 4061 4061 4061 4061 4061
948 1777280914 3550 3695 388 3644 3583 3624 3624 3593 4063 4063 4062 4062 4062 4062 4062 4062
949 1777280914 3550 3695 388 3645 3582 3624 3625 3593 4063 4063 4062 4062 4062 4062 4062 4062
950 1777280914 3550 3695 388 3644 3583 3624 3625 3593 4063 4063 4062 4062 4062 4062 4062 4062
951 1777280914 3551 3696 388 3645 3583 3625 3625 3594 4063 4061 4061 4061 4061 4061 4061 4061
952 1777280914 3551 3695 388 3645 3583 3625 3625 3593 4063 4063 4062 4062 4062 4062 4062 4062
953 1777280914 3551 3695 388 3645 3583 3625 3625 3593 4063 4063 4063 4063 4063 4063 4063 4063
954 1777280914 3551 3695 387 3646 3583 3625 3626 3594 4063 4062 4062 4062 4062 4062 4062 4062
955 1777280914 3551 3696 387 3645 3584 3626 3626 3594 4063 4062 4062 4062 4062 4062 4062 4062
956 1777280914 3551 3695 388 3645 3583 3625 3625 3593 4063 4063 4062 4062 4062 4062 4062 4062
957 1777280914 3551 3695 388 3645 3583 3625 3625 3593 4061 4061 4060 4060 4060 4060 4060 4060
958 1777280914 3550 3694 387 3644 3582 3624 3624 3592 4063 4063 4062 4062 4062 4062 4062 4062
959 1777280914 3551 3695 388 3645 3583 3625 3625 3593 4063 4063 4062 4062 4062 4062 4062 4062
960 1777280914 3550 3695 389 3644 3582 3625 3625 3593 4063 4062 4062 4062 4062 4062 4062 4062
961 1777280914 3550 3695 388 3644 3582 3624 3624 3593 4063 4063 4062 4062 4062 4062 4062 4062
962 1777280914 3551 3695 388 3645 3583 3625 3625 3593 4063 4063 4062 4062 4062 4062 4062 4062
963 1777280914 3551 3695 388 3645 3583 3625 3625 3593 4063 4063 4063 4063 4063 4063 4063 4063
964 1777280914 3551 3695 387 3645 3583 3625 3625 3593 4063 4062 4062 4062 4062 4062 4062 4062
965 1777280914 3551 3696 388 3645 3584 3626 3625 3593 4063 4063 4063 4063 4063 4063 4063 4063
966 1777280914 3550 3694 388 3644 3582 3624 3623 3592 4063 4063 4062 4062 4062 4062 4062 4062
967 1777280914 3550 3695 388 3644 3582 3625 3625 3593 4063 4063 4062 4062 4062 4062 4062 4062
968 1777280914 3551 3695 388 3644 3583 3625 3625 3594 4063 4062 4062 4062 4062 4062 4062 4062
969 1777280914 3551 3696 388 3643 3583 3625 3626 3594 4063 4062 4062 4062 4062 4062 4062 4062
970 1777280914 3551 3696 388 3646 3583 3625 3625 3594 4063 4063 4062 4062 4062 4062 4062 4062
971 1777280914 3551 3696 388 3645 3583 3625 3626 3594 4063 4063 4063 4063 4063 4063 4063 4063
972 1777280914 3550 3695 388 3644 3582 3624 3624 3592 4063 4063 4062 4062 4062 4062 4062 4062
973 1777280914 3552 3696 388 3646 3583 3626 3626 3594 4063 4063 4062 4062 4062 4062 4062 4062
974 1777280914 3551 3696 388 3645 3583 3625 3625 3594 4063 4063 4062 4062 4062 4062 4062 4062
975 1777280914 3551 3695 388 3644 3583 3624 3625 3593 4063 4063 4062 4062 4062 4062 4062 4062
976 1777280914 3551 3695 388 3644 3583 3625 3625 3593 4063 4063 4062 4062 4062 4062 4062 4062
977 1777280914 3551 3696 388 3646 3584 3626 3626 3594 4063 4063 4063 4063 4063 4063 4063 4063
978 1777280914 3551 3696 388 3645 3583 3625 3626 3593 4063 4063 4063 4063 4063 4063 4063 4063
979 1777280914 3550 3695 388 3645 3584 3625 3625 3593 4063 4062 4062 4062 4062 4062 4062 4062
980 1777280914 3551 3696 388 3646 3584 3626 3626 3594 4063 4063 4063 4063 4063 4063 4063 4063
981 1777280914 3550 3695 388 3644 3583 3625 3625 3594 4063 4063 4062 4062 4062 4062 4062 4062
982 1777280914 3551 3696 387 3646 3584 3626 3626 3594 4067 4063 4063 4063 4063 4063 4063 4063
983 1777280914 3550 3695 388 3644 3582 3625 3625 3593 4065 4063 4063 4063 4063 4063 4063 4063
984 1777280914 3551 3695 388 3645 3583 3625 3626 3594 4063 4063 4062 4062 4062 4062 4062 4062
985 1777280914 3550 3694 388 3643 3582 3624 3624 3593 4063 4063 4062 4062 4062 4062 4062 4062
986 1777280914 3551 3695 388 3644 3583 3625 3625 3594 4063 4063 4063 4063 4063 4063 4063 4063
987 1777280914 3551 3696 388 3645 3583 3626 3626 3594 4061 4061 4061 4061 4061 4061 4061 4061
988 1777280914 3551 3696 388 3645 3583 3625 3625 3593 4063 4063 4062 4062 4062 4062 4062 4062
989 1777280914 3551 3696 388 3646 3584 3626 3626 3594 4061 4061 4061 4061 4061 4061 4061 4061
990 1777280914 3551 3696 388 3645 3583 3625 3626 3594 4063 4063 4063 4063 4063 4063 4063 4063
991 1777280914 3551 3696 387 3645 3583 3625 3625 3593 4061 4061 4061 4061 4061 4061 4061 4061
992 1777280914 3551 3696 389 3645 3583 3625 3626 3593 4063 4063 4062 4062 4062 4062 4062 4062
993 1777280914 3552 3696 388 3645 3583 3625 3626 3594 4063 4063 4063 4063 4063 4063 4063 4063
994 1777280914 3551 3696 388 3646 3583 3625 3626 3594 4063 4063 4062 4062 4062 4062 4062 4062
995 1777280914 3551 3696 388 3646 3584 3626 3626 3594 4063 4063 4062 4062 4062 4062 4062 4062
996 1777280914 3551 3696 388 3646 3583 3625 3626 3594 4063 4063 4063 4063 4063 4063 4063 4063
997 1777280914 3551 3696 388 3645 3583 3625 3625 3594 4061 4061 4061 4061 4061 4061 4061 4061
998 1777280914 3551 3696 388 3645 3583 3625 3625 3593 4063 4063 4062 4062 4062 4062 4062 4062
999 1777280914 3552 3696 388 3645 3583 3625 3625 3593 4063 4063 4062 4062 4062 4062 4062 4062
1000 1777280914 3550 3695 387 3644 3583 3625 3625 3592 4063 4063 4062 4062 4062 4062 4062 4062
1001 1777280914 3551 3696 388 3645 3583 3625 3625 3593 4063 4063 4062 4062 4062 4062 4062 4062
1002 1777280915 3551 3696 388 3646 3583 3626 3626 3594 4063 4063 4063 4063 4063 4063 4063 4063
1003 1777280915 3550 3695 388 3645 3583 3625 3625 3593 4063 4063 4063 4063 4063 4063 4063 4063
1004 1777280915 3551 3695 388 3646 3584 3626 3626 3594 4063 4063 4062 4062 4062 4062 4062 4062
1005 1777280915 3550 3695 388 3644 3583 3625 3625 3593 4061 4061 4061 4061 4061 4061 4061 4061
1006 1777280915 3551 3696 388 3645 3584 3626 3626 3594 4063 4063 4062 4062 4062 4062 4062 4062
1007 1777280915 3552 3696 388 3646 3584 3627 3627 3594 4063 4063 4063 4063 4063 4063 4063 4063
1008 1777280915 3551 3696 387 3645 3583 3625 3625 3593 4063 4063 4063 4063 4063 4063 4063 4063
1009 1777280915 3552 3696 388 3645 3583 3626 3625 3593 4063 4063 4063 4063 4063 4063 4063 4063
1010 1777280915 3552 3696 388 3645 3583 3625 3625 3594 4063 4063 4062 4062 4062 4062 4062 4062
1011 1777280915 3551 3695 388 3645 3583 3625 3625 3594 4063 4063 4063 4063 4063 4063 4063 4063
1012 1777280915 3551 3696 389 3645 3583 3625 3626 3593 4063 4062 4062 4062 4062 4062 4062 4062
1013 1777280915 3552 3696 388 3645 3583 3625 3626 3593 4065 4063 4063 4063 4063 4063 4063 4063
1014 1777280915 3552 3696 388 3646 3583 3626 3626 3594 4063 4063 4062 4062 4062 4062 4062 4062
1015 1777280915 3551 3696 388 3645 3583 3625 3625 3593 4063 4063 4062 4062 4062 4062 4062 4062
1016 1777280915 3552 3696 387 3646 3584 3626 3626 3594 4063 4063 4062 4062 4062 4062 4062 4062
1017 1777280915 3551 3695 388 3645 3583 3626 3626 3594 4063 4063 4062 4062 4062 4062 4062 4062
1018 1777280915 3551 3696 389 3645 3583 3625 3625 3594 4063 4063 4062 4062 4062 4062 4062 4062
1019 1777280915 3551 3696 388 3645 3583 3626 3626 3594 4063 4063 4063 4063 4063 4063 4063 4063
1020 1777280915 3552 3696 388 3646 3584 3626 3626 3594 4063 4063 4062 4062 4062 4062 4062 4062
1021 1777280915 3551 3696 388 3645 3584 3626 3626 3594 4063 4063 4062 4062 4062 4062 4062 4062
1022 1777280915 3553 3696 388 3646 3584 3627 3626 3594 4061 4061 4061 4061 4061 4061 4061 4061
1023 1777280915 3551 3696 390 3645 3584 3626 3626 3593 4063 4063 4062 4062 4062 4062 4062 4062
1024 1777280915 3551 3696 389 3645 3583 3625 3625 3593 4063 4063 4063 4063 4063 4063 4063 4063
1025 1777280915 3552 3696 388 3646 3584 3626 3627 3595 4063 4063 4062 4062 4062 4062 4062 4062
1026 1777280915 3551 3696 388 3646 3583 3625 3626 3594 4061 4061 4061 4061 4061 4061 4061 4061
1027 1777280915 3551 3695 388 3645 3583 3625 3625 3593 4063 4063 4062 4062 4062 4062 4062 4062
1028 1777280915 3551 3695 389 3645 3583 3625 3626 3594 4063 4063 4063 4063 4063 4063 4063 4063
1029 1777280915 3549 3693 386 3643 3581 3623 3624 3591 4063 4063 4063 4063 4063 4063 4063 4063
1030 1777280915 3549 3694 387 3643 3581 3623 3624 3592 4063 4063 4062 4062 4062 4062 4062 4062
1031 1777280915 3549 3694 386 3643 3582 3623 3623 3591 4063 4063 4062 4062 4062 4062 4062 4062
1032 1777280915 3549 3693 387 3643 3581 3623 3624 3592 4061 4061 4061 4061 4061 4061 4061 4061
1033 1777280915 3549 3694 387 3643 3581 3624 3624 3592 4061 4061 4061 4061 4061 4061 4061 4061
1034 1777280915 3549 3694 387 3642 3581 3623 3623 3591 4063 4063 4062 4062 4062 4062 4062 4062
1035 1777280915 3550 3695 387 3644 3582 3624 3624 3592 4063 4063 4063 4063 4063 4063 4063 4063
1036 1777280915 3549 3694 387 3644 3581 3623 3623 3592 4061 4061 4061 4061 4061 4061 4061 4061
1037 1777280915 3549 3694 387 3644 3582 3625 3624 3593 4057 4057 4057 4057 4057 4057 4057 4057
1038 1777280915 3549 3694 387 3643 3582 3623 3624 3591 4063 4063 4062 4062 4062 4062 4062 4062
1039 1777280915 3550 3694 386 3644 3582 3624 3623 3592 4063 4063 4062 4062 4062 4062 4062 4062
1040 1777280915 3550 3694 386 3644 3582 3624 3624 3592 4063 4063 4062 4062 4062 4062 4062 4062
1041 1777280915 3548 3693 387 3643 3581 3623 3623 3591 4063 4063 4063 4063 4063 4063 4063 4063
1042 1777280915 3549 3693 387 3644 3582 3623 3624 3592 4063 4063 4062 4062 4062 4062 4062 4062
1043 1777280915 3549 3693 386 3643 3580 3623 3623 3591 4063 4063 4062 4062 4062 4062 4062 4062
1044 1777280915 3549 3693 386 3644 3581 3623 3624 3592 4063 4063 4062 4062 4062 4062 4062 4062
1045 1777280915 3550 3694 386 3643 3582 3624 3624 3592 4063 4063 4062 4062 4062 4062 4062 4062
1046 1777280915 3549 3695 386 3644 3582 3623 3624 3592 4063 4063 4063 4063 4063 4063 4063 4063
1047 1777280915 3550 3694 386 3644 3583 3625 3624 3593 4063 4063 4062 4062 4062 4062 4062 4062
1048 1777280915 3549 3693 387 3644 3581 3624 3624 3592 4063 4063 4063 4063 4063 4063 4063 4063
1049 1777280915 3549 3693 387 3643 3581 3623 3623 3592 4063 4062 4062 4062 4062 4062 4062 4062
1050 1777280915 3550 3694 387 3644 3582 3624 3624 3592 4063 4063 4062 4062 4062 4062 4062 4062
1051 1777280915 3550 3695 387 3645 3582 3624 3625 3593 4063 4063 4063 4063 4063 4063 4063 4063
1052 1777280915 3550 3695 387 3644 3582 3625 3624 3592 4063 4062 4062 4062 4062 4062 4062 4062
1053 1777280915 3551 3695 387 3645 3583 3625 3625 3593 4063 4063 4062 4062 4062 4062 4062 4062
1054 1777280915 3551 3695 387 3645 3583 3625 3625 3593 4065 4063 4063 4063 4063 4063 4063 4063
1055 1777280915 3549 3693 386 3643 3581 3623 3623 3592 4061 4061 4061 4061 4061 4061 4061 4061
1056 1777280915 3549 3694 386 3644 3582 3624 3624 3592 4063 4063 4062 4062 4062 4062 4062 4062
1057 1777280915 3550 3694 388 3643 3582 3624 3624 3593 4063 4063 4062 4062 4062 4062 4062 4062
1058 1777280915 3550 3694 387 3644 3582 3624 3624 3592 4063 4063 4063 4063 4063 4063 4063 4063
1059 1777280915 3550 3695 387 3644 3582 3625 3624 3593 4061 4061 4061 4061 4061 4061 4061 4061
1060 1777280915 3549 3694 387 3644 3581 3623 3624 3592 4063 4063 4062 4062 4062 4062 4062 4062
1061 1777280915 3550 3694 386 3643 3581 3624 3624 3592 4063 4062 4062 4062 4062 4062 4062 4062
1062 1777280915 3551 3694 387 3644 3582 3624 3624 3592 4063 4063 4063 4063 4063 4063 4063 4063
1063 1777280915 3550 3695 386 3644 3582 3625 3624 3593 4061 4061 4061 4061 4061 4061 4061 4061
1064 1777280915 3549 3694 387 3644 3582 3624 3624 3592 4061 4061 4061 4061 4061 4061 4061 4061
1065 1777280915 3549 3694 388 3643 3582 3624 3624 3592 4063 4063 4062 4062 4062 4062 4062 4062
1066 1777280915 3550 3694 387 3643 3581 3624 3624 3592 4063 4062 4062 4062 4062 4062 4062 4062
1067 1777280915 3551 3696 386 3645 3583 3625 3625 3593 4063 4063 4062 4062 4062 4062 4062 4062
1068 1777280915 3550 3694 387 3644 3581 3624 3624 3592 4063 4063 4062 4062 4062 4062 4062 4062
1069 1777280915 3550 3694 387 3644 3583 3624 3625 3593 4063 4063 4062 4062 4062 4062 4062 4062
1070 1777280916 3550 3695 387 3644 3582 3623 3624 3592 4065 4063 4063 4063 4063 4063 4063 4063
1071 1777280916 3550 3695 386 3645 3582 3625 3625 3592 4063 4063 4062 4062 4062 4062 4062 4062
1072 1777280916 3549 3693 387 3643 3581 3623 3623 3592 4061 4061 4061 4061 4061 4061 4061 4061
1073 1777280916 3550 3694 387 3643 3582 3624 3624 3592 4063 4063 4062 4062 4062 4062 4062 4062
1074 1777280916 3550 3695 387 3644 3582 3624 3625 3593 4063 4063 4063 4063 4063 4063 4063 4063
1075 1777280916 3549 3694 387 3644 3582 3623 3624 3592 4063 4062 4062 4062 4062 4062 4062 4062
1076 1777280916 3550 3695 386 3644 3582 3624 3624 3592 4061 4061 4061 4061 4061 4061 4061 4061
1077 1777280916 3551 3695 387 3645 3583 3625 3625 3593 4063 4063 4062 4062 4062 4062 4062 4062
1078 1777280916 3551 3695 387 3645 3583 3625 3625 3593 4063 4063 4062 4062 4062 4062 4062 4062
1079 1777280916 3550 3695 387 3644 3582 3624 3624 3592 4063 4063 4063 4063 4063 4063 4063 4063
1080 1777280916 3549 3694 387 3644 3581 3623 3624 3592 4063 4063 4062 4062 4062 4062 4062 4062
1081 1777280916 3549 3694 388 3643 3582 3624 3624 3592 4061 4061 4061 4061 4061 4061 4061 4061
1082 1777280916 3550 3695 387 3645 3582 3625 3624 3593 4061 4061 4061 4061 4061 4061 4061 4061
1083 1777280916 3550 3695 387 3645 3583 3625 3625 3593 4063 4063 4063 4063 4063 4063 4063 4063
1084 1777280916 3550 3695 387 3644 3583 3624 3624 3593 4063 4063 4062 4062 4062 4062 4062 4062
1085 1777280916 3550 3695 386 3644 3582 3624 3624 3592 4063 4063 4062 4062 4062 4062 4062 4062
1086 1777280916 3550 3694 387 3644 3582 3624 3624 3592 4061 4061 4061 4061 4061 4061 4061 4061
1087 1777280916 3550 3695 387 3644 3583 3625 3625 3593 4063 4063 4062 4062 4062 4062 4062 4062
1088 1777280916 3549 3694 387 3644 3581 3623 3624 3592 4061 4061 4061 4061 4061 4061 4061 4061
1089 1777280916 3549 3694 388 3643 3581 3623 3623 3591 4061 4061 4061 4061 4061 4061 4061 4061
1090 1777280916 3550 3694 387 3644 3582 3624 3625 3593 4063 4063 4062 4062 4062 4062 4062 4062
1091 1777280916 3550 3695 387 3644 3582 3624 3624 3592 4063 4063 4062 4062 4062 4062 4062 4062
1092 1777280916 3550 3695 387 3644 3583 3625 3625 3593 4063 4063 4062 4062 4062 4062 4062 4062
1093 1777280916 3550 3694 387 3644 3582 3623 3623 3592 4063 4063 4062 4062 4062 4062 4062 4062
1094 1777280916 3550 3695 387 3645 3582 3625 3624 3592 4063 4063 4062 4062 4062 4062 4062 4062
1095 1777280916 3550 3695 386 3645 3582 3624 3624 3593 4063 4063 4063 4063 4063 4063 4063 4063
1096 1777280916 3550 3694 387 3644 3582 3624 3624 3592 4063 4063 4062 4062 4062 4062 4062 4062
1097 1777280916 3549 3694 388 3643 3582 3624 3624 3592 4063 4063 4062 4062 4062 4062 4062 4062
1098 1777280916 3550 3694 387 3644 3582 3624 3625 3593 4063 4063 4063 4063 4063 4063 4063 4063
1099 1777280916 3550 3695 387 3644 3582 3625 3625 3593 4063 4063 4063 4063 4063 4063 4063 4063
1100 1777280916 3550 3694 387 3644 3582 3624 3624 3592 4063 4063 4062 4062 4062 4062 4062 4062
1101 1777280916 3550 3694 387 3644 3582 3625 3625 3593 4063 4063 4063 4063 4063 4063 4063 4063
1102 1777280916 3550 3695 387 3645 3583 3625 3626 3593 4063 4063 4063 4063 4063 4063 4063 4063
1103 1777280916 3550 3695 387 3644 3582 3624 3624 3593 4061 4061 4061 4061 4061 4061 4061 4061
1104 1777280916 3550 3694 387 3644 3582 3624 3624 3592 4061 4061 4061 4061 4061 4061 4061 4061
1105 1777280916 3550 3694 387 3643 3582 3624 3624 3592 4061 4061 4061 4061 4061 4061 4061 4061
1106 1777280916 3549 3694 387 3644 3582 3624 3624 3592 4061 4061 4061 4061 4061 4061 4061 4061
1107 1777280916 3551 3696 386 3645 3583 3625 3626 3594 4065 4063 4063 4063 4063 4063 4063 4063
1108 1777280916 3550 3695 387 361 3581 3625 3625 3593 4061 4060 4060 4060 4060 4060 4060 4060
1109 1777280916 3549 3694 386 3644 3582 3624 3624 3592 4063 4063 4062 4062 4062 4062 4062 4062
1110 1777280916 3550 3695 387 3644 3582 3624 3625 3593 4062 4062 4062 4062 4062 4062 4062 4062
1111 1777280916 3549 3694 387 3644 3582 3624 3624 3592 4063 4061 4061 4061 4061 4061 4061 4061
1112 1777280916 3551 3695 387 3644 3583 3625 3625 3593 4065 4063 4063 4063 4063 4063 4063 4063
1113 1777280916 3550 3695 388 3645 3583 3624 3625 3593 4063 4063 4062 4062 4062 4062 4062 4062
1114 1777280916 3550 3695 387 3644 3582 3624 3625 3592 4063 4063 4062 4062 4062 4062 4062 4062
1115 1777280916 3550 3695 387 3644 3582 3624 3624 3592 4063 4063 4062 4062 4062 4062 4062 4062
1116 1777280916 3551 3695 387 3644 3583 3624 3624 3593 4063 4063 4062 4062 4062 4062 4062 4062
1117 1777280924 3549 3693 387 3642 3581 3623 3623 3591 4063 4063 4062 4062 4062 4062 4062 4062
1118 1777280924 3549 3693 387 3643 3581 3624 3624 3591 4063 4063 4062 4062 4062 4062 4062 4062
1119 1777280924 3549 3693 387 3643 3581 3623 3623 3591 4061 4061 4061 4061 4061 4061 4061 4061
1120 1777280924 3548 3693 388 3643 3581 3623 3623 3591 4063 4063 4062 4062 4062 4062 4062 4062
1121 1777280924 3549 3694 387 3644 3582 3624 3624 3592 4063 4063 4062 4062 4062 4062 4062 4062
1122 1777280924 3550 3694 387 3643 3581 3624 3624 3592 4061 4061 4061 4061 4061 4061 4061 4061
1123 1777280924 3549 3694 387 3643 3581 3623 3624 3592 4063 4063 4062 4062 4062 4062 4062 4062
1124 1777280924 3550 3694 388 3644 3582 3624 3625 3593 4063 4063 4062 4062 4062 4062 4062 4062
1125 1777280924 3549 3693 387 3644 3581 3623 3623 3592 4063 4063 4062 4062 4062 4062 4062 4062
1126 1777280924 3550 3694 387 3645 3582 3624 3624 3592 4063 4063 4062 4062 4062 4062 4062 4062
1127 1777280924 3548 3693 387 3643 3581 3623 3623 3591 4063 4063 4063 4063 4063 4063 4063 4063
1128 1777280924 3550 3694 387 3643 3582 3624 3624 3592 4063 4063 4062 4062 4062 4062 4062 4062
1129 1777280924 3549 3693 387 3642 3581 3624 3624 3592 4063 4063 4062 4062 4062 4062 4062 4062
1130 1777280924 3549 3694 387 3643 3582 3624 3624 3592 4063 4063 4062 4062 4062 4062 4062 4062
1131 1777280924 3550 3695 387 3644 3582 3624 3624 3592 4063 4063 4062 4062 4062 4062 4062 4062
1132 1777280924 3550 3694 387 3644 3582 3624 3624 3592 4063 4062 4062 4062 4062 4062 4062 4062
1133 1777280924 3549 3694 387 3644 3582 3624 3624 3592 4063 4062 4062 4062 4062 4062 4062 4062
1134 1777280924 3548 3693 387 3643 3581 3624 3623 3591 4061 4061 4061 4061 4061 4061 4061 4061
1135 1777280924 3550 3694 387 3644 3582 3624 3625 3593 4063 4063 4062 4062 4062 4062 4062 4062
1136 1777280924 3549 3694 388 3643 3582 3624 3624 3592 4063 4063 4062 4062 4062 4062 4062 4062
1137 1777280924 3550 3694 387 3644 3582 3624 3624 3592 4061 4061 4061 4061 4061 4061 4061 4061
1138 1777280924 3549 3694 387 3643 3581 3624 3623 3591 4061 4061 4061 4061 4061 4061 4061 4061
1139 1777280924 3550 3694 387 3644 3582 3624 3624 3592 4063 4062 4062 4062 4062 4062 4062 4062
1140 1777280924 3550 3695 387 3645 3582 3625 3625 3593 4063 4063 4063 4063 4063 4063 4063 4063
1141 1777280924 3550 3694 387 3643 3582 3624 3624 3592 4063 4063 4062 4062 4062 4062 4062 4062
1142 1777280924 3549 3694 387 3643 3581 3623 3624 3592 4063 4063 4063 4063 4063 4063 4063 4063
1143 1777280924 3550 3694 387 3644 3582 3624 3624 3592 4063 4063 4062 4062 4062 4062 4062 4062
1144 1777280924 3550 3695 388 3644 3582 3624 3625 3592 4061 4061 4061 4061 4061 4061 4061 4061
1145 1777280924 3549 3694 387 3644 3581 3624 3623 3591 4063 4063 4062 4062 4062 4062 4062 4062
1146 1777280924 3550 3695 387 3645 3582 3624 3624 3593 4063 4063 4062 4062 4062 4062 4062 4062
1147 1777280924 3550 3694 387 3644 3582 3624 3624 3592 4063 4063 4062 4062 4062 4062 4062 4062
1148 1777280924 3550 3694 387 3644 3582 3624 3624 3592 4063 4063 4062 4062 4062 4062 4062 4062
1149 1777280932 3548 3693 387 3643 3581 3622 3623 3591 4063 4063 4062 4062 4062 4062 4062 4062
1150 1777280932 3549 3693 389 3642 3581 3623 3623 3591 4063 4063 4062 4062 4062 4062 4062 4062
1151 1777280932 3549 3694 388 3643 3582 3623 3623 3591 4061 4061 4061 4061 4061 4061 4061 4061
1152 1777280932 3550 3694 388 3644 3582 3624 3624 3592 4063 4062 4062 4062 4062 4062 4062 4062
1153 1777280932 3549 3694 387 3643 3581 3622 3623 3591 4061 4061 4060 4060 4060 4060 4060 4060
1154 1777280932 3549 3694 387 3643 3582 3624 3624 3592 4063 4063 4063 4063 4063 4063 4063 4063
1155 1777280932 3547 3692 387 3641 3580 3621 3621 3589 4063 4063 4063 4063 4063 4063 4063 4063
1156 1777280932 3549 3694 387 3644 3582 3623 3624 3591 4063 4063 4063 4063 4063 4063 4063 4063
1157 1777280932 3549 3693 388 3643 3581 3623 3623 3591 4063 4063 4062 4062 4062 4062 4062 4062
1158 1777280932 3550 3694 387 3644 3582 3624 3624 3593 4063 4063 4063 4063 4063 4063 4063 4063
1159 1777280932 3549 3694 387 3643 3581 3623 3623 3592 4061 4061 4061 4061 4061 4061 4061 4061
1160 1777280932 3550 3695 387 3644 3582 3624 3625 3592 4063 4063 4062 4062 4062 4062 4062 4062
1161 1777280932 3550 3694 387 3644 3582 3624 3624 3592 4063 4062 4062 4062 4062 4062 4062 4062
1162 1777280932 3550 3695 387 3644 3583 3625 3625 3593 4063 4063 4062 4062 4062 4062 4062 4062
1163 1777280932 3549 3694 388 3643 3582 3624 3624 3593 4063 4063 4062 4062 4062 4062 4062 4062
1164 1777280932 3550 3694 387 3644 3582 3624 3625 3593 4063 4063 4063 4063 4063 4063 4063 4063
1165 1777280932 3550 3694 388 3644 3582 3623 3623 3592 4063 4063 4062 4062 4062 4062 4062 4062
1166 1777280932 3549 3693 387 3643 3581 3623 3624 3592 4063 4063 4062 4062 4062 4062 4062 4062
1167 1777280932 3549 3694 388 3643 3581 3623 3624 3592 4061 4061 4061 4061 4061 4061 4061 4061
1168 1777280932 3549 3694 387 3643 3581 3623 3623 3591 4063 4063 4062 4062 4062 4062 4062 4062
1169 1777280932 3549 3694 388 3644 3582 3624 3624 3592 4063 4063 4063 4063 4063 4063 4063 4063
1170 1777280932 3551 3695 387 3645 3583 3624 3625 3592 4063 4063 4062 4062 4062 4062 4062 4062
1171 1777280933 3549 3694 388 3643 3582 3624 3624 3592 4063 4063 4063 4063 4063 4063 4063 4063
1172 1777280933 3550 3694 387 3644 3582 3623 3624 3592 4063 4063 4062 4062 4062 4062 4062 4062
1173 1777280933 3549 3694 388 3643 3581 3624 3624 3592 4063 4063 4062 4062 4062 4062 4062 4062
1174 1777280933 3550 3695 387 3644 3583 3624 3625 3593 4063 4063 4062 4062 4062 4062 4062 4062
1175 1777280933 3550 3695 388 3644 3583 3624 3625 3593 4063 4063 4063 4063 4063 4063 4063 4063
1176 1777280933 3550 3695 387 3644 3582 3624 3624 3592 4063 4063 4063 4063 4063 4063 4063 4063
1177 1777280933 3549 3694 388 3643 3582 3624 3624 3592 4061 4061 4060 4060 4060 4060 4060 4060
1178 1777280933 3549 3694 387 3643 3581 3624 3624 3592 4063 4063 4063 4063 4063 4063 4063 4063
1179 1777280933 3550 3694 388 3644 3583 3624 3624 3593 4063 4063 4063 4063 4063 4063 4063 4063
1180 1777280933 3550 3695 387 3644 3583 3624 3624 3593 4063 4063 4062 4062 4062 4062 4062 4062
1181 1777280933 3550 3695 388 3644 3582 3625 3625 3593 4063 4063 4063 4063 4063 4063 4063 4063
1182 1777280933 3550 3694 387 3644 3582 3624 3624 3592 4063 4063 4062 4062 4062 4062 4062 4062
1183 1777280933 3550 3695 388 3644 3582 3624 3624 3592 4063 4063 4063 4063 4063 4063 4063 4063
1184 1777280933 3549 3693 387 3643 3582 3624 3624 3591 4061 4061 4061 4061 4061 4061 4061 4061
1185 1777280933 3550 3694 388 3644 3582 3624 3625 3593 4062 4063 4062 4062 4062 4062 4062 4062
1186 1777280933 3550 3695 387 3644 3582 3624 3625 3593 4063 4063 4062 4062 4062 4062 4062 4062
1187 1777280933 3550 3695 388 3644 3582 3624 3624 3592 4063 4063 4063 4063 4063 4063 4063 4063
1188 1777280933 3550 3695 387 3644 3582 3624 3624 3593 4063 4063 4062 4062 4062 4062 4062 4062
1189 1777280933 3551 3696 388 3645 3583 3625 3625 3593 4061 4061 4061 4061 4061 4061 4061 4061
1190 1777280933 3550 3694 388 3644 3582 3624 3624 3592 4063 4063 4062 4062 4062 4062 4062 4062
1191 1777280933 3550 3695 387 3643 3582 3624 3624 3592 4063 4063 4062 4062 4062 4062 4062 4062
1192 1777280933 3550 3694 388 3644 3582 3624 3625 3592 4063 4063 4063 4063 4063 4063 4063 4063
1193 1777280933 3550 3694 388 3644 3582 3625 3625 3593 4063 4063 4062 4062 4062 4062 4062 4062
1194 1777280933 3550 3695 387 3644 3583 3624 3624 3593 4063 4063 4063 4063 4063 4063 4063 4063
1195 1777280933 3550 3694 388 3644 3582 3624 3624 3592 4063 4063 4062 4062 4062 4062 4062 4062
1196 1777280933 3550 3695 388 3644 3583 3624 3625 3593 4063 4063 4063 4063 4063 4063 4063 4063
1197 1777280933 3550 3694 388 3644 3583 3624 3625 3593 4063 4063 4062 4062 4062 4062 4062 4062
1198 1777280933 3550 3695 387 3644 3582 3625 3625 3593 4063 4063 4062 4062 4062 4062 4062 4062
1199 1777280933 3551 3696 388 3645 3582 3624 3625 3593 4061 4061 4061 4061 4061 4061 4061 4061
1200 1777280933 3551 3695 388 3645 3583 3625 3626 3593 4063 4063 4062 4062 4062 4062 4062 4062
1201 1777280933 3552 3696 388 3645 3584 3626 3626 3593 4063 4063 4063 4063 4063 4063 4063 4063
1202 1777280933 3549 3693 387 3644 3582 3624 3625 3592 4063 4063 4062 4062 4062 4062 4062 4062
1203 1777280933 3551 3694 388 3644 3583 3624 3624 3593 4063 4062 4062 4062 4062 4062 4062 4062
1204 1777280933 3550 3695 387 3645 3583 3625 3625 3593 4063 4063 4063 4063 4063 4063 4063 4063
1205 1777280933 3550 3695 388 3644 3582 3624 3624 3592 4063 4063 4063 4063 4063 4063 4063 4063
1206 1777280933 3551 3695 387 3645 3583 3625 3625 3593 4063 4063 4063 4063 4063 4063 4063 4063
1207 1777280933 3550 3694 388 3644 3583 3624 3625 3593 4063 4063 4062 4062 4062 4062 4062 4062
1208 1777280933 3550 3694 388 3644 3583 3624 3624 3592 4061 4061 4061 4061 4061 4061 4061 4061
1209 1777280933 3550 3694 388 3644 3582 3624 3624 3593 4063 4063 4063 4063 4063 4063 4063 4063
1210 1777280933 3551 3695 388 3645 3583 3625 3625 3593 4063 4063 4062 4062 4062 4062 4062 4062
1211 1777280933 3550 3695 388 3644 3583 3625 3625 3593 4063 4063 4062 4062 4062 4062 4062 4062
1212 1777280933 3551 3695 388 3645 3582 3625 3625 3593 4061 4061 4061 4061 4061 4061 4061 4061
1213 1777280933 3549 3694 388 3643 3582 3624 3624 3592 4063 4063 4062 4062 4062 4062 4062 4062
1214 1777280933 3551 3694 389 3644 3583 3625 3625 3593 4063 4063 4062 4062 4062 4062 4062 4062
1215 1777280933 3550 3695 388 3645 3582 3624 3624 3592 4063 4063 4063 4063 4063 4063 4063 4063
1216 1777280933 3551 3696 387 3646 3584 3626 3626 3594 4063 4063 4063 4063 4063 4063 4063 4063
1217 1777280933 3550 3695 388 3645 3583 3625 3625 3593 4063 4063 4063 4063 4063 4063 4063 4063
1218 1777280933 3551 3696 387 3645 3584 3625 3625 3593 4063 4063 4062 4062 4062 4062 4062 4062
1219 1777280933 3550 3695 388 3644 3582 3624 3624 3593 4063 4063 4062 4062 4062 4062 4062 4062
1220 1777280933 3549 3695 387 3644 3582 3624 3624 3592 4061 4061 4061 4061 4061 4061 4061 4061
1221 1777280933 3550 3695 388 3645 3583 3625 3625 3593 4063 4063 4063 4063 4063 4063 4063 4063
1222 1777280933 3551 3695 388 3644 3582 3625 3625 3593 4063 4063 4062 4062 4062 4062 4062 4062
1223 1777280933 3551 3695 388 3643 3583 3624 3625 3593 4061 4061 4060 4060 4060 4060 4060 4060
1224 1777280933 3551 3695 388 3645 3583 3625 3626 3593 4061 4061 4061 4061 4061 4061 4061 4061
1225 1777280933 3550 3695 388 3644 3583 3625 3625 3593 4063 4063 4062 4062 4062 4062 4062 4062
1226 1777280933 3551 3695 388 3644 3583 3625 3625 3593 4063 4063 4062 4062 4062 4062 4062 4062
1227 1777280933 3551 3696 388 3645 3583 3625 3625 3593 4061 4061 4061 4061 4061 4061 4061 4061
1228 1777280933 3549 3694 388 3645 3582 3625 3625 3593 4063 4063 4063 4063 4063 4063 4063 4063
1229 1777280933 3551 3695 388 3645 3582 3624 3625 3593 4063 4063 4063 4063 4063 4063 4063 4063
1230 1777280933 3549 3694 388 3644 3582 3624 3624 3592 4063 4063 4062 4062 4062 4062 4062 4062
1231 1777280933 3551 3696 388 3645 3583 3625 3625 3593 4063 4063 4062 4062 4062 4062 4062 4062
1232 1777280933 3551 3695 388 3644 3583 3625 3625 3593 4063 4063 4063 4063 4063 4063 4063 4063
1233 1777280933 3551 3695 388 3645 3583 3625 3626 3593 4061 4061 4061 4061 4061 4061 4061 4061
1234 1777280933 3550 3695 388 3644 3582 3624 3625 3593 4063 4063 4062 4062 4062 4062 4062 4062
1235 1777280933 3550 3695 388 3644 3582 3625 3625 3593 4063 4062 4062 4062 4062 4062 4062 4062
1236 1777280933 3551 3695 388 3645 3583 3625 3625 3593 4063 4062 4062 4062 4062 4062 4062 4062
1237 1777280933 3551 3695 388 3645 3583 3625 3626 3593 4063 4063 4063 4063 4063 4063 4063 4063
1238 1777280933 3551 3696 388 3644 3583 3625 3625 3593 4063 4062 4062 4062 4062 4062 4062 4062
1239 1777280933 3550 3695 388 3644 3582 3624 3624 3592 4063 4063 4062 4062 4062 4062 4062 4062
1240 1777280933 3550 3695 388 3644 3582 3624 3624 3592 4063 4063 4063 4063 4063 4063 4063 4063
1241 1777280933 3550 3694 388 3644 3582 3624 3624 3592 4063 4063 4062 4062 4062 4062 4062 4062
1242 1777280933 3551 3696 388 3645 3583 3625 3625 3593 4063 4063 4062 4062 4062 4062 4062 4062
1243 1777280933 3550 3695 388 3645 3583 3625 3626 3593 4061 4061 4061 4061 4061 4061 4061 4061
1244 1777280933 3551 3695 388 3645 3583 3625 3625 3593 4061 4061 4061 4061 4061 4061 4061 4061
1245 1777280933 3550 3695 388 3645 3583 3625 3625 3593 4063 4063 4062 4062 4062 4062 4062 4062
1246 1777280933 3552 3696 389 3646 3584 3626 3626 3594 4061 4061 4060 4060 4060 4060 4060 4060
1247 1777280933 3552 3696 388 3646 3584 3626 3626 3594 4063 4063 4062 4062 4062 4062 4062 4062
1248 1777280934 3551 3695 388 3645 3583 3625 3625 3593 4063 4063 4062 4062 4062 4062 4062 4062
1249 1777280934 3551 3696 388 3645 3583 3625 3625 3593 4063 4063 4062 4062 4062 4062 4062 4062
1250 1777280934 3552 3697 388 3646 3584 3625 3626 3594 4063 4063 4062 4062 4062 4062 4062 4062
1251 1777280934 3551 3696 388 3645 3583 3624 3625 3593 4063 4063 4063 4063 4063 4063 4063 4063
1252 1777280934 3551 3696 388 3645 3584 3626 3626 3594 4061 4061 4061 4061 4061 4061 4061 4061
1253 1777280934 3551 3696 388 3645 3584 3626 3626 3594 4063 4063 4063 4063 4063 4063 4063 4063
1254 1777280934 3551 3696 388 3644 3583 3625 3625 3594 4065 4063 4063 4063 4063 4063 4063 4063
1255 1777280934 3551 3696 388 3646 3584 3626 3626 3594 4063 4063 4063 4063 4063 4063 4063 4063
1256 1777280934 3551 3696 388 3645 3583 3625 3626 3594 4063 4063 4062 4062 4062 4062 4062 4062
1257 1777280934 3551 3696 388 3645 3583 3625 3625 3593 4063 4063 4062 4062 4062 4062 4062 4062
1258 1777280934 3551 3696 388 3646 3584 3626 3626 3594 4063 4063 4063 4063 4063 4063 4063 4063
1259 1777280934 3551 3696 388 3645 3582 3625 3625 3593 4063 4063 4062 4062 4062 4062 4062 4062
1260 1777280934 3549 3694 388 3644 3582 3624 3624 3592 4063 4063 4063 4063 4063 4063 4063 4063
1261 1777280934 3551 3695 388 3645 3583 3625 3625 3593 4063 4063 4062 4062 4062 4062 4062 4062
1262 1777280934 3551 3695 388 3644 3582 3624 3624 3592 4063 4063 4062 4062 4062 4062 4062 4062
1263 1777280934 3551 3696 388 3645 3583 3625 3626 3594 4061 4061 4061 4061 4061 4061 4061 4061
1264 1777280934 3552 3697 388 3646 3584 3626 3627 3594 4063 4062 4062 4062 4062 4062 4062 4062
1265 1777280934 3552 3696 388 3646 3584 3626 3626 3594 4063 4063 4062 4062 4062 4062 4062 4062
1266 1777280934 3552 3697 388 3645 3584 3626 3626 3594 4063 4063 4062 4062 4062 4062 4062 4062
1267 1777280934 3551 3696 388 3645 3583 3624 3625 3593 4063 4063 4063 4063 4063 4063 4063 4063
1268 1777280934 3550 3695 388 3644 3583 3625 3625 3593 4063 4063 4062 4062 4062 4062 4062 4062
1269 1777280934 3550 3695 388 3644 3583 3625 3625 3593 4061 4061 4061 4061 4061 4061 4061 4061
1270 1777280934 3552 3696 389 3645 3583 3625 3626 3594 4063 4063 4062 4062 4062 4062 4062 4062
1271 1777280934 3551 3696 388 3645 3583 3626 3626 3594 4061 4061 4061 4061 4061 4061 4061 4061
1272 1777280934 3551 3695 388 3646 3583 3625 3625 3593 4063 4063 4062 4062 4062 4062 4062 4062
1273 1777280934 3551 3696 388 3645 3583 3625 3626 3594 4063 4063 4063 4063 4063 4063 4063 4063
1274 1777280934 3551 3696 389 3646 3584 3626 3626 3594 4061 4061 4061 4061 4061 4061 4061 4061
1275 1777280934 3550 3694 388 3644 3583 3625 3625 3593 4063 4063 4062 4062 4062 4062 4062 4062
1276 1777280934 3552 3697 388 3646 3584 3626 3626 3594 4063 4063 4063 4063 4063 4063 4063 4063
1277 1777280934 3551 3695 390 3645 3583 3625 3625 3593 4063 4062 4062 4062 4062 4062 4062 4062
1278 1777280934 3550 3695 389 3644 3582 3624 3624 3593 4061 4061 4061 4061 4061 4061 4061 4061
1279 1777280934 3551 3696 388 3645 3583 3625 3626 3594 4063 4063 4062 4062 4062 4062 4062 4062
1280 1777280934 3551 3696 389 3646 3584 3626 3627 3594 4063 4063 4062 4062 4062 4062 4062 4062
1281 1777280934 3552 3696 388 3645 3584 3626 3626 3594 4063 4062 4062 4062 4062 4062 4062 4062
1282 1777280934 3552 3696 389 3645 3583 3625 3625 3593 4063 4063 4062 4062 4062 4062 4062 4062
1283 1777280934 3549 3694 386 3643 3581 3623 3623 3591 4063 4062 4062 4062 4062 4062 4062 4062
1284 1777280934 3549 3694 387 3643 3582 3624 3624 3592 4063 4063 4062 4062 4062 4062 4062 4062
1285 1777280934 3549 3694 386 3643 3582 3623 3623 3591 4063 4063 4062 4062 4062 4062 4062 4062
1286 1777280934 3549 3694 386 3644 3582 3624 3624 3593 4063 4063 4062 4062 4062 4062 4062 4062
1287 1777280934 3550 3694 386 3643 3582 3624 3624 3592 4063 4063 4062 4062 4062 4062 4062 4062
1288 1777280934 3549 3694 387 3642 3582 3624 3624 3592 4063 4063 4062 4062 4062 4062 4062 4062
1289 1777280934 3549 3694 387 3644 3582 3624 3624 3592 4061 4061 4061 4061 4061 4061 4061 4061
1290 1777280934 3550 3694 386 3644 3581 3624 3624 3592 4063 4062 4062 4062 4062 4062 4062 4062
1291 1777280934 3549 3694 387 3643 3581 3624 3624 3592 4065 4063 4063 4063 4063 4063 4063 4063
1292 1777280934 3549 3694 386 3644 3582 3623 3623 3591 4063 4063 4063 4063 4063 4063 4063 4063
1293 1777280934 3549 3693 386 3643 3581 3622 3623 3590 4063 4063 4062 4062 4062 4062 4062 4062
1294 1777280934 3549 3694 387 3644 3582 3624 3624 3592 4063 4063 4062 4062 4062 4062 4062 4062
1295 1777280934 3549 3693 387 3643 3581 3623 3624 3592 4063 4063 4063 4063 4063 4063 4063 4063
1296 1777280934 3549 3693 387 3643 3581 3623 3623 3591 4063 4063 4063 4063 4063 4063 4063 4063
1297 1777280934 3549 3693 387 3643 3581 3623 3623 3591 4063 4062 4062 4062 4062 4062 4062 4062
1298 1777280934 3549 3694 386 3643 3581 3623 3623 3591 4063 4063 4063 4063 4063 4063 4063 4063
1299 1777280934 3550 3694 387 3643 3582 3624 3624 3592 4063 4063 4063 4063 4063 4063 4063 4063
1300 1777280934 3550 3695 387 3644 3582 3624 3624 3593 4063 4063 4062 4062 4062 4062 4062 4062
1301 1777280934 3549 3694 386 3643 3581 3623 3624 3591 4063 4063 4062 4062 4062 4062 4062 4062
1302 1777280934 3550 3693 386 3643 3581 3623 3624 3591 4063 4063 4063 4063 4063 4063 4063 4063
1303 1777280934 3549 3694 386 3643 3581 3623 3623 3591 4063 4063 4062 4062 4062 4062 4062 4062
1304 1777280934 3549 3694 387 3642 3581 3623 3623 3591 4061 4061 4061 4061 4061 4061 4061 4061
1305 1777280934 3548 3693 387 3643 3581 3622 3623 3591 4061 4061 4061 4061 4061 4061 4061 4061
1306 1777280934 3549 3693 387 3643 3581 3623 3623 3591 4061 4061 4061 4061 4061 4061 4061 4061
1307 1777280934 3550 3694 386 3643 3581 3624 3624 3591 4061 4061 4060 4060 4060 4060 4060 4060
1308 1777280934 3550 3694 387 3644 3582 3624 3624 3592 4063 4063 4063 4063 4063 4063 4063 4063
1309 1777280934 3550 3694 387 3644 3582 3624 3624 3592 4063 4063 4062 4062 4062 4062 4062 4062
1310 1777280934 3550 3694 387 3644 3582 3624 3624 3592 4063 4063 4062 4062 4062 4062 4062 4062
1311 1777280934 3550 3695 386 3644 3583 3625 3625 3592 4063 4063 4062 4062 4062 4062 4062 4062
1312 1777280934 3550 3695 387 3644 3582 3624 3624 3592 4061 4061 4061 4061 4061 4061 4061 4061
1313 1777280934 3550 3694 387 3644 3582 3624 3625 3592 4063 4063 4063 4063 4063 4063 4063 4063
1314 1777280934 3549 3694 387 3643 3581 3623 3624 3592 4063 4063 4063 4063 4063 4063 4063 4063
1315 1777280934 3550 3694 387 3643 3582 3624 3624 3592 4063 4063 4062 4062 4062 4062 4062 4062
1316 1777280934 3549 3693 387 3643 3581 3623 3624 3591 4063 4063 4062 4062 4062 4062 4062 4062
1317 1777280934 3550 3693 386 3643 3581 3624 3624 3591 4063 4063 4062 4062 4062 4062 4062 4062
1318 1777280934 3550 3695 387 3644 3582 3625 3625 3593 4063 4063 4062 4062 4062 4062 4062 4062
1319 1777280934 3550 3695 387 3643 3582 3624 3625 3593 4063 4062 4062 4062 4062 4062 4062 4062
1320 1777280934 3549 3693 387 3642 3581 3623 3623 3592 4063 4063 4063 4063 4063 4063 4063 4063
1321 1777280934 3550 3695 386 3645 3582 3624 3624 3593 4063 4063 4062 4062 4062 4062 4062 4062
1322 1777280935 3549 3694 387 3644 3582 3624 3624 3592 4063 4063 4063 4063 4063 4063 4063 4063
1323 1777280935 3550 3694 387 3644 3582 3624 3624 3592 4061 4061 4061 4061 4061 4061 4061 4061
1324 1777280935 3551 3695 387 3644 3582 3625 3625 3593 4063 4063 4063 4063 4063 4063 4063 4063
1325 1777280935 3550 3694 386 3644 3582 3624 3624 3592 4063 4063 4062 4062 4062 4062 4062 4062
1326 1777280935 3549 3694 387 3644 3582 3624 3624 3592 4063 4063 4062 4062 4062 4062 4062 4062
1327 1777280935 3551 3695 386 3644 3582 3625 3624 3592 4063 4063 4062 4062 4062 4062 4062 4062
1328 1777280935 3550 3694 387 3644 3582 3624 3624 3592 4063 4063 4062 4062 4062 4062 4062 4062
1329 1777280935 3550 3694 387 3644 3582 3624 3624 3592 4063 4063 4062 4062 4062 4062 4062 4062
1330 1777280935 3550 3695 387 3645 3583 3625 3625 3593 4063 4063 4063 4063 4063 4063 4063 4063
1331 1777280935 3550 3695 387 3645 3583 3625 3625 3592 4063 4063 4063 4063 4063 4063 4063 4063
1332 1777280935 3550 3694 387 3644 3582 3624 3625 3592 4063 4063 4063 4063 4063 4063 4063 4063
1333 1777280935 3550 3694 387 3644 3582 3624 3624 3592 4063 4063 4062 4062 4062 4062 4062 4062
1334 1777280935 3550 3695 387 3644 3582 3624 3625 3593 4063 4063 4063 4063 4063 4063 4063 4063
1335 1777280935 359 3693 387 3644 3583 3625 3625 3593 4063 4062 4062 4062 4062 4062 4062 4062
1336 1777280935 3550 3694 387 3644 3582 3625 3625 3592 4063 4063 4062 4062 4062 4062 4062 4062
1337 1777280935 3549 3694 387 3644 3582 3624 3624 3592 4061 4061 4061 4061 4061 4061 4061 4061
1338 1777280935 3550 3694 386 3644 3582 3624 3625 3592 4063 4063 4063 4063 4063 4063 4063 4063
1339 1777280935 3550 3694 387 3644 3582 3624 3624 3592 4061 4061 4061 4061 4061 4061 4061 4061
1340 1777280935 3549 3694 387 3644 3582 3624 3624 3592 4063 4063 4063 4063 4063 4063 4063 4063
1341 1777280935 3550 3695 386 3645 3582 3625 3625 3593 4063 4063 4062 4062 4062 4062 4062 4062
1342 1777280935 3550 3694 387 3644 3582 3624 3624 3592 4063 4063 4063 4063 4063 4063 4063 4063
1343 1777280935 3550 3694 388 3643 3581 3624 3624 3592 4063 4063 4063 4063 4063 4063 4063 4063
1344 1777280935 3550 3695 387 3644 3582 3624 3624 3592 4061 4061 4061 4061 4061 4061 4061 4061
1345 1777280935 3550 3695 387 3645 3583 3625 3625 3593 4063 4062 4062 4062 4062 4062 4062 4062
1346 1777280935 3549 3694 386 3644 3582 3624 3624 3592 4063 4061 4061 4061 4061 4061 4061 4061
1347 1777280935 3549 3693 387 3643 3582 3624 3624 3592 4063 4062 4062 4062 4062 4062 4062 4062
1348 1777280935 3551 3695 387 3645 3583 3625 3625 3593 4063 4063 4062 4062 4062 4062 4062 4062
1349 1777280935 3550 3694 387 3644 3581 3624 3623 3591 4061 4061 4061 4061 4061 4061 4061 4061
1350 1777280935 3549 3694 387 3644 3582 3624 3624 3593 4063 4063 4062 4062 4062 4062 4062 4062
1351 1777280935 3550 3694 388 3643 3582 3624 3624 3592 4063 4063 4063 4063 4063 4063 4063 4063
1352 1777280935 3550 3694 387 3642 3582 3624 3625 3592 4063 4063 4063 4063 4063 4063 4063 4063
1353 1777280935 3550 3694 387 3644 3582 3624 3624 3593 4063 4063 4062 4062 4062 4062 4062 4062
1354 1777280935 3550 3695 387 3644 3582 3625 3624 3593 4063 4063 4062 4062 4062 4062 4062 4062
1355 1777280935 3551 3696 387 3645 3583 3624 3625 3593 4063 4063 4062 4062 4062 4062 4062 4062
1356 1777280935 3550 3694 387 3644 3582 3624 3624 3592 4063 4063 4063 4063 4063 4063 4063 4063
1357 1777280935 3550 3695 386 3645 3582 3624 3624 3592 4063 4063 4062 4062 4062 4062 4062 4062
1358 1777280935 3549 3694 387 3643 3582 3624 3624 3592 4061 4061 4061 4061 4061 4061 4061 4061
1359 1777280935 3550 3694 387 3643 3582 3624 3624 3592 4061 4061 4061 4061 4061 4061 4061 4061
1360 1777280935 3550 3695 387 3644 3583 3624 3625 3593 4063 4063 4062 4062 4062 4062 4062 4062
1361 1777280935 3549 3694 387 3643 3582 3623 3624 3592 4063 4063 4062 4062 4062 4062 4062 4062
1362 1777280935 3550 3695 387 3644 3582 3625 3625 3593 4063 4063 4063 4063 4063 4063 4063 4063
1363 1777280935 3551 3695 387 3644 3582 3624 3624 3592 4061 4061 4061 4061 4061 4061 4061 4061
1364 1777280935 3549 3694 387 3643 3582 3623 3623 3592 4061 4061 4061 4061 4061 4061 4061 4061
1365 1777280935 3549 3694 387 3644 3582 3624 3624 3592 4061 4061 4061 4061 4061 4061 4061 4061
1366 1777280935 3552 3696 387 3646 3584 3626 3626 3594 4063 4063 4063 4063 4063 4063 4063 4063
1367 1777280935 3551 3696 386 3645 3583 3625 3625 3594 4063 4063 4063 4063 4063 4063 4063 4063
1368 1777280935 3550 3695 387 3645 3583 3625 3625 3593 4063 4063 4062 4062 4062 4062 4062 4062
1369 1777280935 3549 3694 387 3644 3582 3624 3624 3592 4063 4063 4063 4063 4063 4063 4063 4063
1370 1777280935 3549 3694 387 3643 3581 3624 3624 3592 4063 4063 4063 4063 4063 4063 4063 4063
1371 1777280935 3549 3693 387 3643 3582 3624 3624 3591 4063 4063 4062 4062 4062 4062 4062 4062
1372 1777280935 3550 3695 387 3645 3583 3624 3624 3593 4063 4063 4062 4062 4062 4062 4062 4062
1373 1777280935 3550 3694 386 3644 3582 3624 3624 3592 4061 4061 4061 4061 4061 4061 4061 4061
1374 1777280935 3550 3695 387 3644 3582 3624 3625 3592 4063 4063 4062 4062 4062 4062 4062 4062
1375 1777280935 3550 3694 388 3643 3581 3624 3623 3591 4063 4063 4063 4063 4063 4063 4063 4063
1376 1777280935 3550 3695 387 3644 3582 3624 3624 3592 4063 4063 4062 4062 4062 4062 4062 4062
1377 1777280935 3550 3695 387 3644 3582 3624 3624 3592 4063 4063 4063 4063 4063 4063 4063 4063
1378 1777280935 3550 3695 387 3645 3583 3625 3625 3593 4063 4063 4062 4062 4062 4062 4062 4062
1379 1777280935 3550 3694 387 3644 3582 3624 3624 3592 4063 4063 4062 4062 4062 4062 4062 4062
1380 1777280935 3550 3694 387 3644 3582 3624 3624 3592 4063 4063 4062 4062 4062 4062 4062 4062
1381 1777280935 3551 3696 387 3645 3583 3626 3625 3593 4063 4063 4062 4062 4062 4062 4062 4062
1382 1777280935 3551 3695 387 3644 3583 3625 3625 3593 4063 4063 4062 4062 4062 4062 4062 4062
1383 1777280935 3549 3694 387 3643 3581 3623 3624 3591 4063 4063 4063 4063 4063 4063 4063 4063
1384 1777280935 3550 3695 387 3644 3582 3625 3625 3593 4063 4063 4062 4062 4062 4062 4062 4062
1385 1777280935 3550 3695 387 3644 3582 3624 3624 3592 4063 4063 4063 4063 4063 4063 4063 4063
1386 1777280935 3551 3695 387 3645 3583 3624 3625 3593 4063 4063 4062 4062 4062 4062 4062 4062
1387 1777280935 3549 3694 388 3644 3582 3624 3624 3593 4061 4061 4061 4061 4061 4061 4061 4061
1388 1777280935 3550 3695 387 3644 3582 3624 3625 3592 4063 4062 4062 4062 4062 4062 4062 4062
1389 1777280935 3551 3694 388 3644 3582 3624 3625 3592 4063 4063 4063 4063 4063 4063 4063 4063
1390 1777280935 3550 3694 387 3644 3582 3624 3624 3592 4063 4063 4063 4063 4063 4063 4063 4063
1391 1777280935 3550 3695 387 3645 3583 3625 3625 3593 4063 4063 4063 4063 4063 4063 4063 4063
1392 1777280935 3550 3694 387 3643 3581 3623 3624 3592 4063 4063 4062 4062 4062 4062 4062 4062
1393 1777280935 3550 3694 387 3644 3582 3625 3625 3593 4063 4063 4062 4062 4062 4062 4062 4062
1394 1777280935 3551 3695 387 3645 3583 3625 3626 3593 4063 4063 4062 4062 4062 4062 4062 4062
1395 1777280935 3550 3695 387 3644 3582 3624 3624 3592 4063 4063 4062 4062 4062 4062 4062 4062
1396 1777280935 3551 3695 387 3645 3583 3625 3626 3593 4063 4062 4062 4062 4062 4062 4062 4062
1397 1777280935 3551 3695 388 3645 3582 3624 3625 3593 4063 4063 4062 4062 4062 4062 4062 4062
1398 1777280935 3551 3695 387 3646 3584 3625 3625 3594 4063 4063 4063 4063 4063 4063 4063 4063
1399 1777280935 3550 3694 388 3643 3582 3624 3624 3592 4063 4063 4062 4062 4062 4062 4062 4062
1400 1777280935 3550 3694 387 3644 3582 3624 3624 3592 4063 4062 4062 4062 4062 4062 4062 4062
1401 1777280935 3551 3695 387 3645 3582 3625 3625 3594 4061 4061 4060 4060 4060 4060 4060 4060
1402 1777280935 3551 3696 387 3645 3583 3625 3625 3593 4063 4063 4063 4063 4063 4063 4063 4063
1403 1777280936 3551 3695 388 3645 3583 3625 3625 3593 4063 4063 4062 4062 4062 4062 4062 4062
1404 1777280936 3550 3695 387 3644 3582 3624 3624 3592 4061 4061 4061 4061 4061 4061 4061 4061
1405 1777280936 3550 3694 390 3645 3582 3624 3625 3593 4063 4063 4062 4062 4062 4062 4062 4062
1406 1777280936 3551 3695 389 3644 3583 3625 3625 3592 4063 4063 4062 4062 4062 4062 4062 4062
1407 1777280936 3551 3695 388 3645 3582 3624 3624 3592 4063 4063 4063 4063 4063 4063 4063 4063
1408 1777280936 3550 3694 388 3644 3581 3624 3624 3592 4063 4063 4063 4063 4063 4063 4063 4063
1409 1777280936 3550 3694 387 3644 3582 3624 3624 3592 4063 4062 4062 4062 4062 4062 4062 4062
1410 1777280936 3550 3694 387 3644 3582 3624 3624 3592 4063 4063 4062 4062 4062 4062 4062 4062
1411 1777280936 3549 3694 388 3643 3582 3623 3624 3592 4063 4063 4063 4063 4063 4063 4063 4063
1412 1777280936 3549 3694 387 3644 3582 3624 3624 3592 4063 4063 4063 4063 4063 4063 4063 4063
1413 1777280936 3550 3694 387 3644 3583 3625 3625 3593 4063 4063 4063 4063 4063 4063 4063 4063
1414 1777280936 3551 3695 387 3644 3582 3625 3625 3593 4063 4063 4062 4062 4062 4062 4062 4062
1415 1777280936 3550 3695 388 3643 3583 3624 3625 3593 4063 4063 4062 4062 4062 4062 4062 4062
1416 1777280936 3550 3694 387 3644 3582 3624 3624 3592 4061 4061 4061 4061 4061 4061 4061 4061
1417 1777280936 3550 3695 388 3644 3582 3625 3625 3593 4063 4063 4063 4063 4063 4063 4063 4063
1418 1777280936 3550 3695 387 3644 3583 3625 3625 3593 4061 4061 4061 4061 4061 4061 4061 4061
1419 1777280936 3550 3694 388 3643 3582 3624 3625 3593 4063 4063 4062 4062 4062 4062 4062 4062
1420 1777280936 3551 3695 388 3645 3583 3625 3626 3593 4063 4063 4063 4063 4063 4063 4063 4063
1421 1777280936 3552 3696 388 3645 3584 3626 3626 1692 4061 4061 4061 4061 4061 4061 4061 4061
1422 1777280936 3550 3694 387 3644 3582 3624 3624 3592 4061 4061 4061 4061 4061 4061 4061 4061
1423 1777280936 3550 3695 388 3645 3583 3624 3625 3592 4063 4063 4062 4062 4062 4062 4062 4062
1424 1777280936 3550 3695 387 3644 3582 3624 3624 3593 4063 4061 4061 4061 4061 4061 4061 4061
1425 1777280936 3551 3696 387 3645 3584 3626 3626 3594 4063 4063 4062 4062 4062 4062 4062 4062
1426 1777280936 3551 3697 387 3646 3584 3626 3626 3594 4063 4061 4061 4061 4061 4061 4061 4061
1427 1777280936 3551 3696 387 3646 3584 3626 3626 3594 4063 4063 4063 4063 4063 4063 4063 4063
1428 1777280936 3550 3695 388 3644 3582 3624 3624 3592 4063 4063 4063 4063 4063 4063 4063 4063
1429 1777280936 3550 3695 387 3644 3582 3624 3625 3593 4063 4063 4062 4062 4062 4062 4062 4062
1430 1777280936 3550 3694 387 3644 3583 3625 3625 3593 4063 4063 4062 4062 4062 4062 4062 4062
1431 1777280936 3551 3695 388 3645 3583 3624 3624 3593 4063 4063 4063 4063 4063 4063 4063 4063
1432 1777280936 3551 3695 387 3645 3582 3624 3625 3593 4063 4063 4062 4062 4062 4062 4062 4062
1433 1777280936 3551 3696 388 3645 3583 3625 3625 3593 4063 4063 4062 4062 4062 4062 4062 4062
1434 1777280936 3550 3695 388 3644 3583 3625 3625 3593 4063 4063 4063 4063 4063 4063 4063 4063
1435 1777280936 3551 3695 387 3644 3582 3625 3625 3593 4061 4061 4061 4061 4061 4061 4061 4061
1436 1777280936 3550 3694 387 3644 3582 3624 3624 3592 4063 4063 4062 4062 4062 4062 4062 4062
1437 1777280936 3550 3695 388 3644 3582 3625 3624 3592 4063 4063 4062 4062 4062 4062 4062 4062
1438 1777280936 3551 3696 389 3645 3583 3625 3625 3594 4061 4061 4061 4061 4061 4061 4061 4061
1439 1777280936 3550 3695 388 3645 3583 3625 3625 3593 4063 4063 4062 4062 4062 4062 4062 4062
1440 1777280936 3550 3695 388 3644 3582 3624 3625 3593 4061 4061 4061 4061 4061 4061 4061 4061
1441 1777280936 3551 3695 388 3644 3583 3625 3625 3593 4063 4063 4062 4062 4062 4062 4062 4062
1442 1777280936 3550 3694 388 3644 3582 3624 3625 3593 4063 4063 4063 4063 4063 4063 4063 4063
1443 1777280936 3551 3696 388 3645 3583 3625 3625 3593 4061 4061 4061 4061 4061 4061 4061 4061
1444 1777280936 3551 3696 387 3645 3583 3626 3625 3593 4061 4061 4061 4061 4061 4061 4061 4061
1445 1777280936 3550 3694 387 3644 3582 3624 3625 3593 4063 4063 4062 4062 4062 4062 4062 4062
1446 1777280936 3549 3694 387 3644 3582 3624 3624 3592 4061 4061 4060 4060 4060 4060 4060 4060
1447 1777280936 3551 3695 388 3645 3583 3625 3625 3593 4061 4061 4061 4061 4061 4061 4061 4061
1448 1777280936 3550 3695 387 3644 3582 3624 3625 3593 4063 4063 4063 4063 4063 4063 4063 4063
1449 1777280936 3551 3695 388 3645 3582 3625 3625 3592 4065 4063 4063 4063 4063 4063 4063 4063
1450 1777280936 3551 3695 387 3645 3583 3625 3625 3593 4063 4063 4062 4062 4062 4062 4062 4062
1451 1777280936 3551 3695 388 3645 3583 3625 3625 3593 4063 4063 4062 4062 4062 4062 4062 4062
1452 1777280936 3550 3695 388 3644 3582 3624 3624 3592 4063 4063 4063 4063 4063 4063 4063 4063
1453 1777280936 3551 3695 388 3645 3582 3625 3625 3593 4061 4061 4061 4061 4061 4061 4061 4061
1454 1777280936 3550 3695 387 3644 3583 3624 3624 3593 4063 4063 4062 4062 4062 4062 4062 4062
1455 1777280936 3551 3695 388 3645 3583 3624 3625 3593 4063 4063 4062 4062 4062 4062 4062 4062
1456 1777280936 3551 3696 388 3645 3583 3625 3625 3594 4063 4063 4063 4063 4063 4063 4063 4063
1457 1777280936 3551 3695 387 3645 3583 3625 3625 3593 4063 4063 4063 4063 4063 4063 4063 4063
1458 1777280936 3551 3695 387 3645 3584 3625 3626 3594 4063 4063 4062 4062 4062 4062 4062 4062
1459 1777280936 3551 3696 388 3645 3583 3625 3625 3593 4063 4063 4063 4063 4063 4063 4063 4063
1460 1777280936 3551 3695 387 3645 3583 3624 3625 3593 4063 4063 4063 4063 4063 4063 4063 4063
1461 1777280936 3552 3696 387 3646 3584 3626 3626 3594 4063 4062 4062 4062 4062 4062 4062 4062
1462 1777280936 3551 3695 388 3644 3583 3625 3625 3593 4063 4063 4062 4062 4062 4062 4062 4062
1463 1777280936 3551 3695 388 3645 3583 3625 3625 3593 4063 4062 4062 4062 4062 4062 4062 4062
1464 1777280936 3551 3695 388 3645 3583 3626 3626 3594 4063 4063 4062 4062 4062 4062 4062 4062
1465 1777280936 3551 3695 388 3645 3583 3625 3626 3593 4061 4061 4061 4061 4061 4061 4061 4061
1466 1777280936 3551 3696 388 3645 3583 3625 3626 3594 4063 4063 4063 4063 4063 4063 4063 4063
1467 1777280936 3550 3695 388 3645 3583 3625 3625 3593 4061 4061 4061 4061 4061 4061 4061 4061
1468 1777280936 3551 3695 388 3645 3583 3625 3625 3593 4063 4063 4062 4062 4062 4062 4062 4062
1469 1777280936 3551 3695 388 3645 3582 3625 3625 3593 4063 4063 4063 4063 4063 4063 4063 4063
1470 1777280936 3550 3695 389 3644 3583 3625 3625 3593 4063 4063 4062 4062 4062 4062 4062 4062
1471 1777280936 3551 3695 388 3645 3583 3625 3626 3593 4061 4061 4061 4061 4061 4061 4061 4061
1472 1777280936 3551 3696 388 3645 3583 3625 3625 3593 4063 4063 4062 4062 4062 4062 4062 4062
1473 1777280944 3549 3693 388 3643 3582 3623 3624 3592 4061 4061 4061 4061 4061 4061 4061 4061
1474 1777280944 3550 3695 388 3644 3582 3624 3625 3593 4061 4061 4061 4061 4061 4061 4061 4061
1475 1777280944 3549 3694 388 3643 3582 3624 3624 3592 4063 4063 4063 4063 4063 4063 4063 4063
1476 1777280944 3551 3696 388 3645 3584 3626 3626 3594 4063 4063 4062 4062 4062 4062 4062 4062
1477 1777280944 3550 3695 388 3644 3582 3624 3625 3593 4063 4063 4063 4063 4063 4063 4063 4063
1478 1777280944 3550 3695 388 3643 3582 3624 3624 3592 4063 4063 4063 4063 4063 4063 4063 4063
1479 1777280944 3550 3694 388 3642 3582 3624 3625 3593 4063 4062 4062 4062 4062 4062 4062 4062
1480 1777280944 3550 3695 388 3644 3582 3624 3624 3593 4063 4063 4062 4062 4062 4062 4062 4062
1481 1777280944 3550 3695 387 3644 3583 3625 3625 3593 4063 4062 4062 4062 4062 4062 4062 4062
1482 1777280944 3550 3695 388 3644 3583 3624 3624 3593 4063 4063 4063 4063 4063 4063 4063 4063
1483 1777280944 3550 3695 388 3645 3583 3625 3625 3593 4063 4063 4063 4063 4063 4063 4063 4063
1484 1777280944 3550 3695 388 3645 3583 3625 3625 3593 4063 4062 4062 4062 4062 4062 4062 4062
1485 1777280944 3551 3695 389 3644 3583 3624 3624 3592 4063 4062 4062 4062 4062 4062 4062 4062
1486 1777280944 3550 3695 388 3645 3583 3625 3625 3593 4063 4063 4062 4062 4062 4062 4062 4062
1487 1777280944 3550 3694 388 3644 3582 3624 3625 3593 4063 4063 4063 4063 4063 4063 4063 4063
1488 1777280944 3550 3695 388 3645 3583 3625 3625 3593 4063 4063 4062 4062 4062 4062 4062 4062
1489 1777280944 3552 394 386 376 347 1669 1396 3594 4065 4063 4063 4063 4063 4063 4063 4063
1490 1777280944 3550 3695 388 3645 3583 3625 3625 3593 4063 4063 4062 4062 4062 4062 4062 4062
1491 1777280944 3550 3695 388 3644 3582 3624 3625 3593 4063 4063 4062 4062 4062 4062 4062 4062
1492 1777280945 3551 3695 388 3645 3583 3625 3625 3593 4063 4063 4063 4063 4063 4063 4063 4063
1493 1777280945 3551 3696 388 3646 3584 3626 3626 3594 4063 4063 4062 4062 4062 4062 4062 4062
1494 1777280945 3551 3696 388 3645 3583 3625 3625 3594 4063 4063 4063 4063 4063 4063 4063 4063
1495 1777280945 3550 3694 387 3644 3582 3625 3624 3592 4061 4061 4060 4060 4060 4060 4060 4060
1496 1777280945 3552 3696 388 3645 3584 3626 3626 3593 4061 4061 4061 4061 4061 4061 4061 4061
1497 1777280945 3550 3695 388 3644 3583 3625 3625 3593 4063 4063 4062 4062 4062 4062 4062 4062
1498 1777280945 3551 3695 388 3645 3583 3624 3625 3593 4063 4063 4062 4062 4062 4062 4062 4062
1499 1777280945 3551 3696 388 3646 3583 3626 3626 3594 4061 4061 4061 4061 4061 4061 4061 4061
1500 1777280945 3551 3696 388 3645 3584 3625 3625 3594 4063 4063 4062 4062 4062 4062 4062 4062
1501 1777280945 3551 3695 389 3645 3583 3625 3625 3593 4063 4063 4063 4063 4063 4063 4063 4063
1502 1777280945 3551 3696 388 3646 3584 3626 3626 3594 4063 4063 4063 4063 4063 4063 4063 4063
1503 1777280945 3551 3696 388 3645 3583 3625 3625 3593 4063 4063 4062 4062 4062 4062 4062 4062
1504 1777280945 3550 3695 388 3645 3583 3625 3625 3593 4061 4061 4061 4061 4061 4061 4061 4061
1505 1777280945 3551 3696 388 3645 3584 3626 3625 3594 4063 4063 4062 4062 4062 4062 4062 4062
1506 1777280945 3552 3696 388 3646 3584 3626 3626 3593 4065 4063 4063 4063 4063 4063 4063 4063
1507 1777280945 3552 3696 388 3646 3583 3626 3625 3594 4063 4062 4062 4062 4062 4062 4062 4062
1508 1777280945 3551 3696 388 3645 3583 3626 3626 3594 4063 4063 4063 4063 4063 4063 4063 4063
1509 1777280945 3550 3695 388 3644 3583 3625 3625 3594 4063 4063 4062 4062 4062 4062 4062 4062
1510 1777280945 3551 3696 388 3645 3583 3625 3626 3594 4063 4063 4062 4062 4062 4062 4062 4062
1511 1777280945 3551 3696 388 3646 3583 3625 3626 3593 4061 4061 4061 4061 4061 4061 4061 4061
1512 1777280945 3551 3695 389 3645 3584 3625 3625 3594 4063 4063 4063 4063 4063 4063 4063 4063
1513 1777280945 3552 3697 388 3646 3584 3626 3626 3593 4063 4063 4062 4062 4062 4062 4062 4062
1514 1777280945 3551 3696 388 3645 3583 3625 3625 3593 4063 4063 4062 4062 4062 4062 4062 4062
1515 1777280945 3552 3697 388 3646 3584 3626 3625 3594 4063 4063 4062 4062 4062 4062 4062 4062
1516 1777280945 3551 3695 388 3645 3583 3625 3625 3593 4063 4062 4062 4062 4062 4062 4062 4062
1517 1777280945 3551 3695 389 3645 3583 3625 3625 3593 4063 4063 4063 4063 4063 4063 4063 4063
1518 1777280945 3550 3695 388 3645 3583 3624 3624 3592 4063 4063 4062 4062 4062 4062 4062 4062
1519 1777280945 3551 3695 388 3645 3583 3625 3625 3593 4063 4063 4062 4062 4062 4062 4062 4062
1520 1777280945 3552 3696 388 3645 3583 3625 3625 3594 4063 4063 4062 4062 4062 4062 4062 4062
1521 1777280945 3552 3697 388 3646 3584 3626 3626 3594 4063 4063 4063 4063 4063 4063 4063 4063
1522 1777280945 3551 3696 388 3645 3583 3625 3625 3593 4063 4063 4063 4063 4063 4063 4063 4063
1523 1777280945 3551 3695 388 3645 3583 3625 3626 3594 4061 4061 4061 4061 4061 4061 4061 4061
1524 1777280945 3550 3695 388 3645 3583 3625 3625 3593 4061 4061 4061 4061 4061 4061 4061 4061
1525 1777280945 3551 3695 389 3644 3583 3625 3625 3593 4063 4063 4062 4062 4062 4062 4062 4062
1526 1777280945 3552 3696 388 3646 3584 3626 3626 3595 4063 4063 4062 4062 4062 4062 4062 4062
1527 1777280945 3551 3696 387 3646 3584 3626 3626 3593 4063 4063 4062 4062 4062 4062 4062 4062
1528 1777280945 3551 3696 388 3645 3583 3625 3625 3594 4061 4061 4061 4061 4061 4061 4061 4061
1529 1777280945 3552 3697 388 3646 3584 3626 3626 3593 4063 4063 4062 4062 4062 4062 4062 4062
1530 1777280945 3551 3696 388 3645 3583 3625 3625 3593 4061 4061 4061 4061 4061 4061 4061 4061
1531 1777280945 3552 3696 388 3646 3584 3625 3626 3593 4063 4063 4063 4063 4063 4063 4063 4063
1532 1777280945 3552 3696 388 3645 3584 3626 3626 3594 4061 4061 4061 4061 4061 4061 4061 4061
1533 1777280945 3552 3697 389 3646 3584 3626 3626 3594 4061 4061 4061 4061 4061 4061 4061 4061
1534 1777280945 3551 3696 389 3646 3583 3626 3626 3594 4063 4063 4062 4062 4062 4062 4062 4062
1535 1777280945 3552 3697 388 3646 3584 3627 3626 3594 4061 4061 4061 4061 4061 4061 4061 4061
1536 1777280945 3551 3696 388 3646 3584 3626 3626 3594 4063 4063 4062 4062 4062 4062 4062 4062
1537 1777280945 3551 3696 388 3645 3583 3625 3626 3593 4063 4063 4062 4062 4062 4062 4062 4062
1538 1777280945 3549 3694 386 3644 3582 3624 3624 3592 4063 4063 4062 4062 4062 4062 4062 4062
1539 1777280945 3550 3694 387 3644 3582 3624 3624 3592 4061 4061 4061 4061 4061 4061 4061 4061
1540 1777280945 3550 3694 386 3644 3582 3624 3624 3592 4063 4063 4063 4063 4063 4063 4063 4063
1541 1777280945 3550 3694 387 3644 3582 3624 3624 3592 4063 4063 4062 4062 4062 4062 4062 4062
1542 1777280945 3550 3695 386 3643 3582 3624 3624 3592 4063 4063 4063 4063 4063 4063 4063 4063
1543 1777280945 3549 3694 387 3642 3581 3623 3624 3592 4061 4061 4061 4061 4061 4061 4061 4061
1544 1777280945 3548 3693 387 3641 3581 3623 3623 3591 4063 4063 4062 4062 4062 4062 4062 4062
1545 1777280945 3549 3693 386 3643 3580 3623 3623 3591 4063 4062 4062 4062 4062 4062 4062 4062
1546 1777280945 3549 3694 386 3644 3582 3623 3624 3591 4063 4063 4062 4062 4062 4062 4062 4062
1547 1777280945 3549 3694 386 3643 3582 3623 3623 3591 4063 4063 4062 4062 4062 4062 4062 4062
1548 1777280945 3549 3693 386 3643 3581 3623 3623 3591 4063 4063 4063 4063 4063 4063 4063 4063
1549 1777280945 3550 3695 386 3644 3582 3624 3624 3592 4063 4063 4062 4062 4062 4062 4062 4062
1550 1777280945 3550 3695 387 3644 3582 3624 3625 3592 4061 4061 4061 4061 4061 4061 4061 4061
1551 1777280945 3550 3694 387 3644 3582 3624 3625 3592 4063 4063 4062 4062 4062 4062 4062 4062
1552 1777280945 3550 3694 387 3644 3582 3624 3624 3593 4063 4063 4062 4062 4062 4062 4062 4062
1553 1777280945 3549 3694 387 3643 3581 3623 3624 3592 4061 4061 4060 4060 4060 4060 4060 4060
1554 1777280945 3550 3694 387 3643 3582 3624 3624 3592 4061 4061 4061 4061 4061 4061 4061 4061
1555 1777280945 3550 3695 387 3644 3582 3624 3624 3592 4063 4063 4062 4062 4062 4062 4062 4062
1556 1777280945 3550 3694 386 3644 3582 3623 3624 3591 4063 4063 4063 4063 4063 4063 4063 4063
1557 1777280945 3550 3695 387 3644 3582 3624 3624 3592 4063 4063 4062 4062 4062 4062 4062 4062
1558 1777280946 3551 3696 386 3645 3583 3625 3625 3593 4063 4063 4062 4062 4062 4062 4062 4062
1559 1777280946 3550 3694 387 3642 3581 3623 3624 3591 4061 4061 4061 4061 4061 4061 4061 4061
1560 1777280946 3550 3695 387 3645 3583 3625 3625 3593 4061 4061 4061 4061 4061 4061 4061 4061
1561 1777280946 3550 3694 386 3644 3582 3624 3624 3592 4063 4062 4062 4062 4062 4062 4062 4062
1562 1777280946 3550 3694 386 3644 3582 3624 3624 3592 4063 4063 4062 4062 4062 4062 4062 4062
1563 1777280946 3549 3694 387 3644 3582 3624 3624 3592 4063 4063 4063 4063 4063 4063 4063 4063
1564 1777280946 3550 3694 386 3643 3582 3623 3623 3591 4061 4061 4061 4061 4061 4061 4061 4061
1565 1777280946 3549 3694 387 3643 3581 3623 3623 3591 4063 4063 4063 4063 4063 4063 4063 4063
1566 1777280946 3550 3694 387 3644 3582 3625 3625 3593 4063 4063 4062 4062 4062 4062 4062 4062
1567 1777280946 3550 3694 387 3643 3582 3624 3624 3592 4061 4061 4061 4061 4061 4061 4061 4061
1568 1777280946 3550 3695 386 3644 3582 3624 3625 3592 4063 4063 4063 4063 4063 4063 4063 4063
1569 1777280946 3550 3694 387 3644 3581 3623 3624 3592 4063 4063 4062 4062 4062 4062 4062 4062
1570 1777280946 3549 3694 386 3643 3582 3624 3624 3592 4063 4063 4062 4062 4062 4062 4062 4062
1571 1777280946 3550 3694 387 3644 3582 3624 3624 3592 4063 4063 4062 4062 4062 4062 4062 4062
1572 1777280946 3550 3694 386 3644 3582 3623 3624 3592 4061 4061 4061 4061 4061 4061 4061 4061
1573 1777280946 3549 3693 387 3643 3581 3623 3624 3591 4063 4063 4063 4063 4063 4063 4063 4063
1574 1777280946 3550 3694 386 3643 3582 3624 3624 3593 4063 4063 4062 4062 4062 4062 4062 4062
1575 1777280946 3549 3693 387 3643 3582 3623 3623 3591 4063 4063 4063 4063 4063 4063 4063 4063
1576 1777280946 3550 3694 386 3644 3582 3623 3624 3592 4063 4063 4063 4063 4063 4063 4063 4063
1577 1777280946 3550 3694 387 3644 3582 3624 3624 3593 4061 4061 4061 4061 4061 4061 4061 4061
1578 1777280946 3550 3695 386 3644 3582 3624 3625 3593 4063 4063 4062 4062 4062 4062 4062 4062
1579 1777280946 3551 3695 387 3644 3582 3624 3624 3593 4063 4063 4062 4062 4062 4062 4062 4062
1580 1777280946 3551 3696 387 3645 3583 3625 3626 3594 4061 4061 4061 4061 4061 4061 4061 4061
1581 1777280946 3550 3695 386 3644 3583 3625 3625 3593 4061 4061 4061 4061 4061 4061 4061 4061
1582 1777280946 3550 3695 388 3643 3581 3624 3624 3592 4063 4063 4063 4063 4063 4063 4063 4063
1583 1777280946 3549 3694 387 3644 3582 3624 3624 3592 4063 4063 4062 4062 4062 4062 4062 4062
1584 1777280946 3550 3695 386 3645 3582 3624 3624 3593 4061 4061 4061 4061 4061 4061 4061 4061
1585 1777280946 3550 3695 387 3644 3582 3625 3625 3593 4063 4063 4062 4062 4062 4062 4062 4062
1586 1777280946 3550 3694 387 3644 3582 3624 3624 3592 4063 4063 4062 4062 4062 4062 4062 4062
1587 1777280946 3550 3694 387 3644 3581 3624 3624 3592 4061 4061 4061 4061 4061 4061 4061 4061
1588 1777280946 3549 3694 387 3644 3583 3624 3625 3592 4061 4061 4061 4061 4061 4061 4061 4061
1589 1777280946 3548 3693 387 3643 3581 3623 3623 3591 4063 4063 4062 4062 4062 4062 4062 4062
1590 1777280946 3550 3695 387 3645 3582 3624 3624 3592 4061 4061 4061 4061 4061 4061 4061 4061
1591 1777280946 3550 3695 387 3644 3582 3625 3625 3592 4061 4061 4061 4061 4061 4061 4061 4061
1592 1777280946 3550 3695 387 3644 3582 3624 3625 3592 4061 4061 4061 4061 4061 4061 4061 4061
1593 1777280946 3550 3695 387 3644 3582 3625 3625 3593 4063 4063 4062 4062 4062 4062 4062 4062
1594 1777280946 3548 3694 388 3643 3581 3623 3624 3592 4063 4063 4062 4062 4062 4062 4062 4062
1595 1777280946 3550 3695 387 3644 3582 3624 3624 3592 4063 4063 4062 4062 4062 4062 4062 4062
1596 1777280946 3549 3694 387 3643 3581 3624 3624 3592 4063 4063 4063 4063 4063 4063 4063 4063
1597 1777280946 3550 3694 387 3644 3582 3624 3624 3592 4063 4063 4063 4063 4063 4063 4063 4063
1598 1777280946 3550 3694 388 3644 3582 3624 3624 3593 4063 4063 4062 4062 4062 4062 4062 4062
1599 1777280946 3550 3695 387 3644 3583 3625 3625 3593 4061 4061 4061 4061 4061 4061 4061 4061
1600 1777280946 3550 3695 387 3645 3582 3625 3625 3593 4061 4061 4061 4061 4061 4061 4061 4061
1601 1777280946 3549 3694 387 3644 3582 3624 3624 3592 4061 4061 4061 4061 4061 4061 4061 4061
1602 1777280946 3550 3694 387 3644 3582 3624 3624 3592 4063 4063 4063 4063 4063 4063 4063 4063
1603 1777280946 3550 3695 387 3644 3582 3624 3624 3592 4063 4063 4062 4062 4062 4062 4062 4062
1604 1777280946 3550 3694 387 3645 3582 3624 3625 3593 4063 4063 4062 4062 4062 4062 4062 4062
1605 1777280946 3550 3695 387 3644 3582 3624 3624 3592 4061 4061 4061 4061 4061 4061 4061 4061
1606 1777280946 3550 3694 387 3643 3582 3624 3624 3592 4061 4061 4061 4061 4061 4061 4061 4061
1607 1777280946 3550 3694 387 3642 3582 3624 3624 3593 4063 4063 4062 4062 4062 4062 4062 4062
1608 1777280946 3550 3694 387 3644 3582 3625 3625 3593 4063 4063 4063 4063 4063 4063 4063 4063
1609 1777280946 3549 3693 387 3644 3581 3624 3624 3592 4063 4063 4062 4062 4062 4062 4062 4062
1610 1777280946 3550 3695 387 3645 3583 3625 3625 3593 4063 4063 4062 4062 4062 4062 4062 4062
1611 1777280946 3550 3694 387 3644 3582 3624 3624 3592 4063 4063 4062 4062 4062 4062 4062 4062
1612 1777280946 3550 3695 387 3644 3582 3624 3624 3592 4063 4063 4062 4062 4062 4062 4062 4062
1613 1777280946 3550 3694 387 3644 3582 3624 3624 3592 4063 4063 4062 4062 4062 4062 4062 4062
1614 1777280946 3550 3695 388 3644 3582 3624 3624 3592 4063 4063 4062 4062 4062 4062 4062 4062
1615 1777280946 3550 3694 387 3644 3581 3624 3624 3592 4063 4063 4063 4063 4063 4063 4063 4063
1616 1777280946 3551 3696 386 3645 3583 3625 3625 3593 4063 4063 4062 4062 4062 4062 4062 4062
1617 1777280946 3549 3693 387 3643 3581 3623 3624 3592 4065 4063 4063 4063 4063 4063 4063 4063
1618 1777280946 3551 3696 387 3645 3584 3625 3625 3593 4059 4059 4059 4059 4059 4059 4059 4059
1619 1777280946 3550 3694 387 3644 3582 3624 3624 3592 4063 4063 4062 4062 4062 4062 4062 4062
1620 1777280946 3550 3695 386 3645 3582 3624 3624 3593 4063 4063 4062 4062 4062 4062 4062 4062
1621 1777280946 3551 3695 387 3644 3583 3625 3625 3593 4061 4061 4061 4061 4061 4061 4061 4061
1622 1777280946 3550 3695 388 3643 3582 3624 3624 3592 4061 4061 4061 4061 4061 4061 4061 4061
1623 1777280946 3550 3695 387 3644 3582 3624 3624 3592 4063 4063 4062 4062 4062 4062 4062 4062
1624 1777280946 3550 3695 387 3645 3582 3625 3625 3593 4061 4061 4061 4061 4061 4061 4061 4061
1625 1777280946 3551 3695 387 3644 3582 3624 3625 3593 4063 4063 4063 4063 4063 4063 4063 4063
1626 1777280946 3551 3695 387 3645 3583 3625 3625 3593 4063 4063 4063 4063 4063 4063 4063 4063
1627 1777280946 3550 3694 387 3644 3583 3625 3625 3592 4063 4063 4062 4062 4062 4062 4062 4062
1628 1777280946 3550 3695 387 3645 3583 3625 3626 3593 4063 4063 4062 4062 4062 4062 4062 4062
1629 1777280946 3550 3694 387 3644 3582 3624 3624 3592 4063 4063 4062 4062 4062 4062 4062 4062
1630 1777280946 3550 3694 388 3645 3583 3624 3625 3593 4063 4063 4063 4063 4063 4063 4063 4063
1631 1777280946 3551 3695 387 3644 3583 3625 3625 3593 4063 4063 4062 4062 4062 4062 4062 4062
1632 1777280947 3550 3695 387 3645 3583 3625 3625 3593 4063 4063 4063 4063 4063 4063 4063 4063
1633 1777280947 3550 3695 387 3644 3583 3624 3625 3593 4063 4063 4062 4062 4062 4062 4062 4062
1634 1777280947 3550 3695 387 3644 3582 3624 3624 3593 4063 4062 4062 4062 4062 4062 4062 4062
1635 1777280947 3550 3695 387 3645 3583 3624 3624 3592 4063 4063 4062 4062 4062 4062 4062 4062
1636 1777280947 3551 3695 387 3645 3582 3625 3625 3593 4061 4061 4061 4061 4061 4061 4061 4061
1637 1777280947 3551 3695 388 3644 3583 3624 3625 3593 4063 4063 4062 4062 4062 4062 4062 4062
1638 1777280947 3551 3695 388 3644 3583 3624 3625 3593 4063 4063 4062 4062 4062 4062 4062 4062
1639 1777280947 3549 3693 387 3642 3581 3623 3623 3592 4063 4063 4063 4063 4063 4063 4063 4063
1640 1777280947 3550 3694 387 3645 3583 3625 3625 3593 4063 4063 4062 4062 4062 4062 4062 4062
1641 1777280947 3550 3694 387 3644 3582 3624 3624 3592 4061 4061 4061 4061 4061 4061 4061 4061
1642 1777280947 3550 3695 388 3644 3582 3624 3625 3593 4063 4063 4063 4063 4063 4063 4063 4063
1643 1777280947 3550 3695 387 3644 3583 3625 3625 3593 4063 4063 4063 4063 4063 4063 4063 4063
1644 1777280947 3550 3695 387 3644 3582 3624 3624 3592 4063 4063 4063 4063 4063 4063 4063 4063
1645 1777280947 3551 3695 387 3644 3583 3625 3625 3593 4063 4063 4063 4063 4063 4063 4063 4063
1646 1777280947 3551 3696 388 3645 3584 3626 3625 3594 4063 4063 4063 4063 4063 4063 4063 4063
1647 1777280947 3551 3695 387 3645 3583 3625 3626 3593 4063 4063 4062 4062 4062 4062 4062 4062
1648 1777280947 3550 3694 387 3645 3582 3624 3624 3592 4063 4063 4062 4062 4062 4062 4062 4062
1649 1777280947 3550 3695 387 3644 3582 3625 3625 3593 4063 4063 4062 4062 4062 4062 4062 4062
1650 1777280947 3551 3695 387 3645 3583 3625 3625 3593 4063 4063 4062 4062 4062 4062 4062 4062
1651 1777280947 3550 3695 387 3645 3583 3625 3625 3593 4061 4061 4061 4061 4061 4061 4061 4061
1652 1777280947 3551 3695 387 3645 3583 3625 3625 3593 4063 4063 4062 4062 4062 4062 4062 4062
1653 1777280947 3551 3695 387 3645 3583 3625 3625 3593 4061 4061 4060 4060 4060 4060 4060 4060
1654 1777280947 3551 3695 387 3645 3583 3625 3625 3593 4063 4063 4063 4063 4063 4063 4063 4063
1655 1777280947 3552 3697 387 3646 3584 1670 1402 3593 4063 4063 4062 4062 4062 4062 4062 4062
1656 1777280947 3550 3695 387 3644 3581 3623 3624 3592 4063 4063 4062 4062 4062 4062 4062 4062
1657 1777280947 3550 3695 387 3644 3583 3624 3624 3592 4063 4063 4062 4062 4062 4062 4062 4062
1658 1777280947 3551 3695 387 3645 3583 3625 3625 3593 4063 4063 4062 4062 4062 4062 4062 4062
1659 1777280947 3552 3696 387 3646 3584 3626 3626 3594 4061 4061 4061 4061 4061 4061 4061 4061
1660 1777280947 3551 3695 387 3645 3583 3624 3625 3593 4063 4063 4062 4062 4062 4062 4062 4062
1661 1777280947 3551 3696 389 3645 3583 3625 3626 3593 4063 4063 4063 4063 4063 4063 4063 4063
1662 1777280947 3550 3695 388 3644 3583 3624 3625 3593 4063 4063 4063 4063 4063 4063 4063 4063
1663 1777280947 3551 3695 387 3645 3584 3626 3626 3594 4063 4063 4062 4062 4062 4062 4062 4062
1664 1777280947 3550 3695 387 3645 3582 3624 3624 3592 4063 4062 4062 4062 4062 4062 4062 4062
1665 1777280947 3552 3696 387 3646 3584 3626 3626 3594 4063 4063 4062 4062 4062 4062 4062 4062
1666 1777280947 3550 3695 387 3645 348 3622 3625 3593 4061 4061 4061 4061 4061 4061 4061 4061
1667 1777280947 3551 3695 387 3645 3583 3625 3625 3593 4063 4063 4063 4063 4063 4063 4063 4063
1668 1777280947 3550 3694 387 3644 3582 3624 3624 3592 4063 4063 4062 4062 4062 4062 4062 4062
1669 1777280947 3551 3696 387 3644 3584 3625 3625 3593 4063 4062 4062 4062 4062 4062 4062 4062
1670 1777280947 3550 3695 388 3643 3583 3625 3625 3594 4061 4061 4061 4061 4061 4061 4061 4061
1671 1777280947 3551 3695 387 3644 3583 3625 3625 3593 4063 4063 4063 4063 4063 4063 4063 4063
1672 1777280947 3551 3695 387 3645 3583 3625 3626 3593 4063 4063 4062 4062 4062 4062 4062 4062
1673 1777280947 3551 3695 387 3644 3582 3625 3625 3593 4063 4063 4062 4062 4062 4062 4062 4062
1674 1777280947 3551 3695 387 3645 3582 3625 3625 3593 4063 4063 4062 4062 4062 4062 4062 4062
1675 1777280947 3550 3695 387 3644 3583 3624 3625 3593 4063 4063 4062 4062 4062 4062 4062 4062
1676 1777280947 3551 3695 388 3645 3583 3625 3626 3594 4063 4063 4063 4063 4063 4063 4063 4063
1677 1777280947 3550 3695 387 3644 3583 3625 3625 3593 4063 4063 4062 4062 4062 4062 4062 4062
1678 1777280947 3551 3695 388 3645 3583 3625 3625 3593 4061 4061 4061 4061 4061 4061 4061 4061
1679 1777280947 3551 3695 387 3644 3582 3624 3625 3593 4063 4063 4062 4062 4062 4062 4062 4062
1680 1777280947 3551 3695 387 3645 3583 3625 3626 3594 4063 4063 4062 4062 4062 4062 4062 4062
1681 1777280947 3551 3696 387 3646 3584 3626 3627 3595 4063 4063 4063 4063 4063 4063 4063 4063
1682 1777280947 3550 3695 387 3645 3583 3624 3625 3593 4063 4063 4062 4062 4062 4062 4062 4062
1683 1777280947 3551 3695 387 3644 3583 3625 3624 3593 4061 4061 4061 4061 4061 4061 4061 4061
1684 1777280947 3551 3695 388 3645 3583 3625 3625 3594 4061 4061 4061 4061 4061 4061 4061 4061
1685 1777280947 3552 3696 387 3645 3583 3625 3625 3594 4063 4063 4062 4062 4062 4062 4062 4062
1686 1777280947 3551 3695 388 3644 3583 3625 3625 3593 4063 4062 4062 4062 4062 4062 4062 4062
1687 1777280947 3550 3694 387 3644 3582 3624 3624 3592 4063 4063 4062 4062 4062 4062 4062 4062
1688 1777280947 3551 3695 387 3645 3583 3625 3625 3593 4063 4063 4063 4063 4063 4063 4063 4063
1689 1777280947 3551 3696 388 3645 3583 3626 3626 3594 4063 4063 4062 4062 4062 4062 4062 4062
1690 1777280947 3551 3695 388 3646 3584 3626 3626 3594 4063 4063 4062 4062 4062 4062 4062 4062
1691 1777280947 3551 3696 387 3645 3583 3625 3626 3593 4061 4061 4061 4061 4061 4061 4061 4061
1692 1777280947 3551 3695 387 3645 3583 3625 3625 3593 4063 4063 4062 4062 4062 4062 4062 4062
1693 1777280947 3551 3696 388 3645 3583 3626 3625 3593 4063 4063 4062 4062 4062 4062 4062 4062
1694 1777280947 3551 3696 388 3645 3583 3625 3625 3593 4063 4063 4062 4062 4062 4062 4062 4062
1695 1777280947 3551 3695 388 3645 3583 3625 3625 3593 4061 4061 4061 4061 4061 4061 4061 4061
1696 1777280947 3551 3696 388 3645 3584 3626 3626 3593 4063 4062 4062 4062 4062 4062 4062 4062
1697 1777280947 3551 3695 388 3644 3583 3626 3625 3593 4063 4063 4062 4062 4062 4062 4062 4062
1698 1777280947 3552 3697 388 3647 3584 3627 3627 3595 4061 4061 4061 4061 4061 4061 4061 4061
1699 1777280947 3551 3696 387 3645 3584 3626 3626 3594 4063 4062 4062 4062 4062 4062 4062 4062
1700 1777280947 3551 3695 387 3645 3583 3625 3625 3593 4063 4063 4062 4062 4062 4062 4062 4062
1701 1777280948 3550 3695 387 3644 3583 3625 3625 3593 4063 4063 4062 4062 4062 4062 4062 4062
1702 1777280948 3551 3695 388 3645 3583 3625 3625 3593 4063 4063 4063 4063 4063 4063 4063 4063
1703 1777280948 3550 3695 387 3645 3583 3625 3625 3593 4063 4063 4062 4062 4062 4062 4062 4062
1704 1777280948 3551 3695 387 3645 3583 3624 3625 3593 4063 4063 4063 4063 4063 4063 4063 4063
1705 1777280948 3550 3695 388 3644 3582 3625 3625 3593 4061 4061 4061 4061 4061 4061 4061 4061
1706 1777280948 3550 3695 388 3645 3583 3625 3625 3593 4063 4063 4063 4063 4063 4063 4063 4063
1707 1777280948 3549 3694 388 3643 3582 3624 3624 3592 4063 4063 4063 4063 4063 4063 4063 4063
1708 1777280948 3551 3696 387 3645 3584 3626 3626 3594 4063 4062 4062 4062 4062 4062 4062 4062
1709 1777280948 3551 3696 387 3644 3583 3624 3625 3593 4063 4063 4063 4063 4063 4063 4063 4063
1710 1777280948 3551 3696 388 3645 3584 3626 3626 3594 4061 4061 4061 4061 4061 4061 4061 4061
1711 1777280948 3551 3695 388 3644 3583 3625 3625 3593 4063 4063 4063 4063 4063 4063 4063 4063
1712 1777280948 3551 3695 388 3644 3582 3624 3626 3593 4063 4063 4062 4062 4062 4062 4062 4062
1713 1777280948 3551 3696 387 3646 3584 3626 3626 3594 4063 4063 4062 4062 4062 4062 4062 4062
1714 1777280948 3550 3695 388 3645 3582 3625 3625 3593 4063 4063 4062 4062 4062 4062 4062 4062
1715 1777280948 3552 3696 387 3646 3584 3626 3626 3594 4063 4063 4062 4062 4062 4062 4062 4062
1716 1777280948 3550 3695 388 3645 3583 3625 3625 3593 4063 4063 4062 4062 4062 4062 4062 4062
1717 1777280948 3552 3696 387 3646 3584 3626 3626 3594 4063 4063 4062 4062 4062 4062 4062 4062
1718 1777280948 3551 3695 388 3645 3583 3625 3625 3593 4063 4063 4062 4062 4062 4062 4062 4062
1719 1777280948 3551 3695 388 3646 3584 3626 3626 3595 4063 4063 4063 4063 4063 4063 4063 4063
1720 1777280948 3551 3695 388 3645 3583 3625 3626 3594 4063 4062 4062 4062 4062 4062 4062 4062
1721 1777280948 3551 3695 388 3645 3583 3625 3626 3594 4061 4061 4061 4061 4061 4061 4061 4061
1722 1777280948 3551 3696 388 3646 3584 3626 3626 3594 4063 4062 4062 4062 4062 4062 4062 4062
1723 1777280948 3550 3695 387 3644 3582 3625 3624 3593 4061 4060 4060 4060 4060 4060 4060 4060
1724 1777280948 3551 3696 388 3645 3584 3626 3626 3594 4061 4061 4060 4060 4060 4060 4060 4060
1725 1777280948 3551 3696 389 3645 3584 3626 3626 3594 4061 4061 4061 4061 4061 4061 4061 4061
1726 1777280948 3551 3696 388 3645 3583 3625 3626 3594 4063 4063 4062 4062 4062 4062 4062 4062
1727 1777280948 3551 3696 387 3645 3583 3625 3625 3593 4063 4063 4062 4062 4062 4062 4062 4062
1728 1777280948 3551 3696 387 3646 3584 3626 3626 3593 4061 4061 4061 4061 4061 4061 4061 4061
1729 1777280948 3551 3695 388 3645 3583 3625 3626 3594 4063 4063 4062 4062 4062 4062 4062 4062
1730 1777280948 3551 3696 388 3645 3583 3625 3626 3594 4061 4061 4061 4061 4061 4061 4061 4061
1731 1777280948 3551 3695 388 3645 3583 3625 3626 3594 4063 4063 4062 4062 4062 4062 4062 4062
1732 1777280948 3551 3695 388 3645 3583 3625 3625 3593 4063 4063 4062 4062 4062 4062 4062 4062
1733 1777280948 3550 3695 388 3644 3583 3625 3626 3593 4065 4063 4063 4063 4063 4063 4063 4063
1734 1777280948 3551 3696 388 3643 3582 3625 3625 3593 4063 4063 4062 4062 4062 4062 4062 4062
1735 1777280948 3552 3697 388 3646 3584 3626 3627 3595 4061 4061 4061 4061 4061 4061 4061 4061
1736 1777280948 3551 3695 388 3645 3583 3625 3626 3594 4063 4063 4062 4062 4062 4062 4062 4062
1737 1777280948 3550 3694 388 3644 3583 3625 3624 3593 4063 4063 4063 4063 4063 4063 4063 4063
1738 1777280948 3551 3696 388 3646 3584 3626 3626 3594 4063 4063 4063 4063 4063 4063 4063 4063
1739 1777280948 3551 3695 389 3645 3583 3626 3626 3594 4063 4063 4063 4063 4063 4063 4063 4063
1740 1777280948 3551 3696 388 3645 3584 3626 3626 3594 4063 4063 4063 4063 4063 4063 4063 4063
1741 1777280948 3551 3696 388 3645 3583 3625 3626 3594 4061 4061 4061 4061 4061 4061 4061 4061
1742 1777280948 3551 3696 388 3645 3584 3626 3626 3594 4063 4063 4063 4063 4063 4063 4063 4063
1743 1777280948 3550 3695 388 3645 3583 3625 3625 3593 4063 4063 4062 4062 4062 4062 4062 4062
1744 1777280948 3551 3696 387 3645 3584 3626 3626 3594 4063 4063 4062 4062 4062 4062 4062 4062
1745 1777280948 3551 3696 388 3645 3583 3625 3625 3593 4063 4063 4062 4062 4062 4062 4062 4062
1746 1777280948 3552 3696 388 3646 3583 3625 3625 3593 4063 4063 4063 4063 4063 4063 4063 4063
1747 1777280948 3551 3696 388 3646 3584 3626 3626 3594 4063 4063 4063 4063 4063 4063 4063 4063
1748 1777280948 3551 3695 388 3645 3583 3625 3625 3593 4063 4062 4062 4062 4062 4062 4062 4062
1749 1777280948 3552 3696 387 3646 3584 3626 3625 3594 4063 4063 4063 4063 4063 4063 4063 4063
1750 1777280948 3552 3696 388 3646 3584 3626 3626 3594 4063 4062 4062 4062 4062 4062 4062 4062
1751 1777280948 3551 3695 388 3645 3583 3625 3625 3594 4063 4063 4063 4063 4063 4063 4063 4063
1752 1777280948 3551 3696 387 3645 3583 3625 3625 3593 4063 4062 4062 4062 4062 4062 4062 4062
1753 1777280948 3551 3696 388 3645 3583 3625 3626 3594 4063 4062 4062 4062 4062 4062 4062 4062
1754 1777280948 3552 3696 388 3646 3584 3626 3626 3594 4063 4063 4062 4062 4062 4062 4062 4062
1755 1777280948 3551 3696 388 3646 3584 3626 3626 3594 4061 4061 4061 4061 4061 4061 4061 4061
1756 1777280948 3551 3696 388 3645 3584 3626 3626 3593 4063 4062 4062 4062 4062 4062 4062 4062
1757 1777280948 3552 3696 389 3646 3583 3626 3626 3594 4063 4063 4062 4062 4062 4062 4062 4062
1758 1777280948 3552 3696 388 3647 3585 3627 3627 3595 4063 4063 4063 4063 4063 4063 4063 4063
1759 1777280956 3550 3694 388 3644 3582 3623 3624 3592 4063 4063 4062 4062 4062 4062 4062 4062
1760 1777280956 3550 3695 388 3645 3583 3625 3625 3593 4063 4063 4062 4062 4062 4062 4062 4062
1761 1777280956 3551 3695 388 3645 3583 3625 3625 3593 4061 4061 4061 4061 4061 4061 4061 4061
1762 1777280956 3551 3696 389 3645 3584 3625 3626 3593 4063 4063 4062 4062 4062 4062 4062 4062
1763 1777280956 3551 3695 388 3645 3583 3625 3625 3593 4063 4063 4062 4062 4062 4062 4062 4062
1764 1777280956 3551 3696 388 3644 3583 3625 3625 3593 4061 4061 4061 4061 4061 4061 4061 4061
1765 1777280956 3551 3696 388 3645 3583 3625 3625 3594 4063 4063 4062 4062 4062 4062 4062 4062
1766 1777280956 3551 3696 388 3645 3584 3626 3626 3594 4063 4063 4062 4062 4062 4062 4062 4062
1767 1777280956 3551 3696 388 3645 3584 3626 3626 3594 4063 4063 4063 4063 4063 4063 4063 4063
1768 1777280956 3551 3696 387 3645 3583 3625 3625 3594 4061 4061 4061 4061 4061 4061 4061 4061
1769 1777280956 3551 3696 388 3645 3583 3625 3625 3593 4063 4063 4062 4062 4062 4062 4062 4062
1770 1777280956 3551 3696 388 3646 3584 3626 3626 3594 4063 4063 4062 4062 4062 4062 4062 4062
1771 1777280956 3551 3695 388 3645 3583 3626 3626 3594 4063 4063 4062 4062 4062 4062 4062 4062
1772 1777280956 3551 3696 389 3645 3583 3625 3626 3594 4061 4061 4061 4061 4061 4061 4061 4061
1773 1777280956 3550 3695 388 3645 3583 3625 3625 3593 4063 4063 4062 4062 4062 4062 4062 4062
1774 1777280956 3552 3696 388 3646 3583 3626 3625 3594 4063 4063 4063 4063 4063 4063 4063 4063
1775 1777280956 350 3693 389 3646 3584 3626 3626 3594 4063 4063 4062 4062 4062 4062 4062 4062
1776 1777280956 3551 3696 388 3646 3583 3626 3626 3594 4063 4063 4063 4063 4063 4063 4063 4063
1777 1777280956 3551 3696 388 3645 3583 3625 3625 3593 4063 4063 4063 4063 4063 4063 4063 4063
1778 1777280956 3552 3696 388 3646 3584 3626 3626 3594 4065 4063 4063 4063 4063 4063 4063 4063
1779 1777280956 3551 3695 388 3644 3583 3624 3624 3592 4063 4063 4063 4063 4063 4063 4063 4063
1780 1777280956 3551 3695 389 3645 3583 3626 3625 3594 4063 4063 4062 4062 4062 4062 4062 4062
1781 1777280956 3551 3695 388 3645 3584 3626 3626 3593 4063 4063 4063 4063 4063 4063 4063 4063
1782 1777280956 3551 3695 388 3645 3583 3625 3625 3594 4063 4063 4063 4063 4063 4063 4063 4063
1783 1777280956 3552 3696 388 3646 3584 3627 3626 3595 4063 4063 4062 4062 4062 4062 4062 4062
1784 1777280956 3552 3696 388 3646 3584 3626 3626 3594 4063 4062 4062 4062 4062 4062 4062 4062
1785 1777280956 3550 3695 388 3644 3583 3625 3625 3593 4063 4063 4063 4063 4063 4063 4063 4063
1786 1777280956 3551 3695 388 3646 3583 3625 3626 3593 4063 4063 4063 4063 4063 4063 4063 4063
1787 1777280956 3551 3695 390 3645 3583 3626 3626 3594 4061 4061 4061 4061 4061 4061 4061 4061
1788 1777280956 3552 3696 389 3646 3584 3626 3626 3594 4063 4063 4062 4062 4062 4062 4062 4062
1789 1777280957 3552 3696 388 3646 3584 3625 3626 3594 4063 4063 4062 4062 4062 4062 4062 4062
1790 1777280957 3552 3696 388 3646 3584 3626 3626 3594 4063 4063 4063 4063 4063 4063 4063 4063
1791 1777280957 3550 3695 388 3645 3583 3625 3625 3592 4063 4063 4062 4062 4062 4062 4062 4062
1792 1777280957 3551 3695 388 3645 3583 3625 3625 3593 4063 4063 4062 4062 4062 4062 4062 4062
1793 1777280957 3549 3694 386 3643 3581 3624 3623 3591 4063 4063 4063 4063 4063 4063 4063 4063
1794 1777280957 3549 3693 387 3642 3581 3623 3623 3591 4063 4063 4063 4063 4063 4063 4063 4063
1795 1777280957 3550 3694 386 3643 3582 3623 3624 3592 4063 4063 4063 4063 4063 4063 4063 4063
1796 1777280957 3551 3695 387 3644 3582 3624 3624 3592 4063 4063 4063 4063 4063 4063 4063 4063
1797 1777280957 3550 3694 386 3643 3582 3624 3624 3592 4063 4063 4063 4063 4063 4063 4063 4063
1798 1777280957 3550 3694 386 3642 3581 3623 3623 3591 4063 4063 4062 4062 4062 4062 4062 4062
1799 1777280957 3549 3693 387 3643 3581 3623 3623 3591 4063 4061 4061 4061 4061 4061 4061 4061
1800 1777280957 3550 3694 386 3644 3582 3624 3624 3592 4063 4063 4062 4062 4062 4062 4062 4062
1801 1777280957 3549 3693 388 3643 3582 3624 3624 3592 4063 4063 4062 4062 4062 4062 4062 4062
1802 1777280957 3550 3695 386 3645 3583 3624 3625 3593 4063 4063 4062 4062 4062 4062 4062 4062
1803 1777280957 3549 3693 386 3643 3581 3623 3623 3592 4063 4063 4063 4063 4063 4063 4063 4063
1804 1777280957 3549 3694 386 3643 3582 3624 3624 3591 4063 4063 4062 4062 4062 4062 4062 4062
1805 1777280957 3550 3694 386 3644 3582 3624 3624 3592 4063 4063 4063 4063 4063 4063 4063 4063
1806 1777280957 3549 3693 387 3642 3581 3622 3623 3591 4063 4063 4063 4063 4063 4063 4063 4063
1807 1777280957 3549 3694 386 3644 3581 3624 3624 3591 4063 4063 4063 4063 4063 4063 4063 4063
1808 1777280957 3549 3694 386 3644 3582 3624 3624 3592 4063 4063 4063 4063 4063 4063 4063 4063
1809 1777280957 3549 3694 386 3643 3581 3624 3624 3592 4063 4063 4062 4062 4062 4062 4062 4062
1810 1777280957 3550 3694 387 3644 3582 3623 3624 3592 4063 4063 4062 4062 4062 4062 4062 4062
1811 1777280957 3550 3694 387 3643 3581 3623 3624 3592 4061 4061 4061 4061 4061 4061 4061 4061
1812 1777280957 3548 3693 387 3643 3581 3623 3623 3591 4061 4061 4061 4061 4061 4061 4061 4061
1813 1777280957 3548 3693 386 3642 3580 3623 3623 3591 4063 4063 4063 4063 4063 4063 4063 4063
1814 1777280957 3550 3694 387 3644 3582 3625 3625 3592 4063 4063 4062 4062 4062 4062 4062 4062
1815 1777280957 3550 3694 386 3644 3581 3623 3624 3592 4063 4063 4063 4063 4063 4063 4063 4063
1816 1777280957 3550 3695 387 3644 3582 3624 3624 3592 4063 4063 4063 4063 4063 4063 4063 4063
1817 1777280957 3549 3694 387 3643 3581 3623 3623 3591 4061 4061 4061 4061 4061 4061 4061 4061
1818 1777280957 3549 3694 387 3643 3582 3624 3624 3592 4061 4061 4061 4061 4061 4061 4061 4061
1819 1777280957 3549 3694 386 3643 3581 3623 3623 3591 4065 4063 4063 4063 4063 4063 4063 4063
1820 1777280957 3550 3695 386 3644 3582 3624 3624 3592 4063 4063 4063 4063 4063 4063 4063 4063
1821 1777280957 3551 3695 386 3645 3582 3624 3625 3593 4063 4063 4062 4062 4062 4062 4062 4062
1822 1777280957 3550 3694 387 3644 3581 3623 3624 3591 4061 4061 4061 4061 4061 4061 4061 4061
1823 1777280957 3550 3694 386 3644 3582 3624 3624 3592 4063 4063 4062 4062 4062 4062 4062 4062
1824 1777280957 3550 3695 387 3644 3583 3625 3625 3592 4063 4063 4062 4062 4062 4062 4062 4062
1825 1777280957 3552 3696 387 3645 3583 3625 3625 3593 4063 4063 4062 4062 4062 4062 4062 4062
1826 1777280957 3550 3695 386 3645 3582 3624 3624 3592 4065 4063 4063 4063 4063 4063 4063 4063
1827 1777280957 3550 3694 387 3644 3581 3624 3624 3592 4063 4063 4062 4062 4062 4062 4062 4062
1828 1777280957 3549 3694 387 3643 3581 3623 3623 3591 4063 4063 4063 4063 4063 4063 4063 4063
1829 1777280957 3551 3695 386 3645 3583 3625 3625 3593 4063 4063 4063 4063 4063 4063 4063 4063
1830 1777280957 3549 3694 387 3642 3581 3623 3623 3591 4063 4063 4062 4062 4062 4062 4062 4062
1831 1777280957 3549 3694 387 3644 3582 3624 3624 3592 4063 4063 4062 4062 4062 4062 4062 4062
1832 1777280957 3550 3694 387 3644 3582 3623 3624 3592 4061 4061 4061 4061 4061 4061 4061 4061
1833 1777280965 3548 3693 387 3642 3581 3623 3623 3591 4063 4063 4062 4062 4062 4062 4062 4062
1834 1777280965 3548 3693 386 3643 3580 3622 3622 3591 4063 4063 4063 4063 4063 4063 4063 4063
1835 1777280965 3549 3693 387 3643 3581 3624 3624 3592 4063 4062 4062 4062 4062 4062 4062 4062
1836 1777280965 3549 3693 388 3643 3581 3623 3624 3592 4063 4063 4062 4062 4062 4062 4062 4062
1837 1777280965 3550 3694 387 3644 3582 3624 3624 3592 4063 4063 4063 4063 4063 4063 4063 4063
1838 1777280965 3549 3693 386 3643 3581 3623 3624 3591 4063 4063 4063 4063 4063 4063 4063 4063
1839 1777280965 3549 3694 387 3644 3582 3624 3624 3592 4063 4063 4062 4062 4062 4062 4062 4062
1840 1777280965 3550 3694 386 3644 3582 3624 3624 3592 4063 4063 4062 4062 4062 4062 4062 4062
1841 1777280965 3549 3694 387 3644 3582 3624 3624 3592 4063 4063 4063 4063 4063 4063 4063 4063
1842 1777280965 3549 3694 387 3642 3581 3623 3623 3591 4063 4062 4062 4062 4062 4062 4062 4062
1843 1777280965 3550 3694 387 3644 3582 3624 3624 3592 4063 4063 4063 4063 4063 4063 4063 4063
1844 1777280965 3549 3693 387 3643 3581 3623 3624 3592 4063 4063 4063 4063 4063 4063 4063 4063
1845 1777280965 3549 3693 387 3642 3581 3623 3623 3591 4061 4061 4061 4061 4061 4061 4061 4061
1846 1777280965 3549 3694 386 3644 3582 3624 3624 3592 4061 4061 4061 4061 4061 4061 4061 4061
1847 1777280965 3550 3694 387 3644 3582 3624 3624 3592 4063 4063 4062 4062 4062 4062 4062 4062
1848 1777280965 3550 3694 386 3643 3582 3624 3624 3592 4061 4061 4061 4061 4061 4061 4061 4061
1849 1777280965 3549 3694 387 3643 3581 3623 3623 3592 4063 4063 4062 4062 4062 4062 4062 4062
1850 1777280965 3550 3695 387 3645 3582 3624 3625 3593 4063 4063 4062 4062 4062 4062 4062 4062
1851 1777280965 3550 3694 387 3643 3582 3624 3623 3592 4063 4063 4062 4062 4062 4062 4062 4062
1852 1777280965 3551 3695 388 3645 3582 3624 3625 3593 4061 4061 4061 4061 4061 4061 4061 4061
1853 1777280965 3550 3695 387 3644 3582 3624 3625 3593 4063 4061 4061 4061 4061 4061 4061 4061
1854 1777280965 3550 3695 387 3645 3582 3624 3624 3592 4063 4063 4062 4062 4062 4062 4062 4062
1855 1777280965 3549 3694 387 3644 3582 3624 3624 3592 4063 4063 4062 4062 4062 4062 4062 4062
1856 1777280965 3550 3694 387 3644 3582 3624 3624 3592 4063 4063 4062 4062 4062 4062 4062 4062
1857 1777280965 3550 3695 387 3644 3582 3624 3624 3592 4063 4063 4062 4062 4062 4062 4062 4062
1858 1777280965 3550 3694 386 3643 3582 3624 3624 3592 4063 4063 4062 4062 4062 4062 4062 4062
1859 1777280965 3549 3693 387 3644 3582 3624 3624 3592 4061 4061 4060 4060 4060 4060 4060 4060
1860 1777280965 3549 3695 387 3643 3583 3624 3624 3592 4063 4063 4062 4062 4062 4062 4062 4062
1861 1777280965 3550 3695 387 3645 3582 3625 3625 3593 4063 4063 4062 4062 4062 4062 4062 4062
1862 1777280965 3550 3694 387 3645 3582 3624 3625 3593 4061 4061 4061 4061 4061 4061 4061 4061
1863 1777280965 3550 3694 387 3644 3582 3624 3624 3592 4063 4063 4062 4062 4062 4062 4062 4062
1864 1777280965 3550 3694 387 3644 3582 3624 3624 3592 4063 4063 4062 4062 4062 4062 4062 4062
1865 1777280965 3551 3695 387 3645 3582 3625 3625 3593 4061 4061 4061 4061 4061 4061 4061 4061
1866 1777280965 3549 3694 387 3644 3582 3624 3624 3592 4063 4063 4062 4062 4062 4062 4062 4062
1867 1777280965 3549 3694 387 3644 3582 3624 3624 3592 4061 4061 4061 4061 4061 4061 4061 4061
1868 1777280965 3551 3696 387 3645 3583 3625 3625 3593 4063 4063 4063 4063 4063 4063 4063 4063
1869 1777280965 3550 3694 387 3644 3582 3624 3624 3592 4061 4061 4061 4061 4061 4061 4061 4061
1870 1777280965 3550 3694 387 3644 3583 3625 3625 3593 4063 4063 4062 4062 4062 4062 4062 4062
1871 1777280965 3550 3695 386 3644 3582 3624 3624 3592 4063 4063 4062 4062 4062 4062 4062 4062
1872 1777280966 3550 3694 387 3644 3582 3624 3624 3592 4063 4063 4063 4063 4063 4063 4063 4063
1873 1777280966 3552 3696 387 3645 3584 3625 3626 3594 4063 4063 4062 4062 4062 4062 4062 4062
1874 1777280966 3550 3695 386 3644 3582 3624 3624 3592 4061 4061 4061 4061 4061 4061 4061 4061
1875 1777280966 3550 3695 387 3644 3583 3625 3625 3593 4063 4063 4063 4063 4063 4063 4063 4063
1876 1777280966 3551 3694 386 3644 3582 3624 3625 3593 4063 4063 4062 4062 4062 4062 4062 4062
1877 1777280966 3550 3695 387 3645 3582 3624 3624 1714 4063 4063 4062 4062 4062 4062 4062 4062
1878 1777280966 3550 3694 387 3645 3582 3625 3625 3593 4063 4063 4062 4062 4062 4062 4062 4062
1879 1777280966 3550 3695 387 3644 3583 3625 3625 3593 4063 4063 4062 4062 4062 4062 4062 4062
1880 1777280966 3550 3694 387 3644 3582 3624 3624 3592 4063 4063 4062 4062 4062 4062 4062 4062
1881 1777280966 3550 3695 387 3644 3583 3625 3625 3593 4061 4061 4061 4061 4061 4061 4061 4061
1882 1777280966 3549 3694 387 3643 3582 3624 3624 3592 4063 4063 4062 4062 4062 4062 4062 4062
1883 1777280966 3551 3696 387 3645 3583 3625 3625 3593 4063 4063 4063 4063 4063 4063 4063 4063
1884 1777280966 3551 3696 388 3645 3584 3626 3626 3594 4063 4063 4062 4062 4062 4062 4062 4062
1885 1777280966 3549 3694 387 3644 3582 3624 3624 3592 4063 4063 4062 4062 4062 4062 4062 4062
1886 1777280966 3551 3695 387 3644 3582 3624 3625 3593 4063 4063 4062 4062 4062 4062 4062 4062
1887 1777280966 3550 3695 387 3644 3582 3624 3624 3593 4063 4063 4062 4062 4062 4062 4062 4062
1888 1777280966 3551 3695 388 3645 3583 3624 3625 3593 4063 4063 4063 4063 4063 4063 4063 4063
1889 1777280966 3551 3695 387 3645 3583 3626 3625 3593 4061 4061 4061 4061 4061 4061 4061 4061
1890 1777280966 3550 3695 386 3645 3583 3624 3625 3593 4063 4063 4062 4062 4062 4062 4062 4062
1891 1777280966 3550 3695 387 3644 3583 3624 3625 3593 4061 4061 4061 4061 4061 4061 4061 4061
1892 1777280966 3550 3695 388 3643 3582 3625 3624 3593 4063 4063 4062 4062 4062 4062 4062 4062
1893 1777280966 3551 3696 387 3645 3583 3625 3625 3593 4063 4063 4062 4062 4062 4062 4062 4062
1894 1777280966 3551 3696 387 3645 3583 3625 3626 3593 4065 4063 4063 4063 4063 4063 4063 4063
1895 1777280966 3551 3695 387 3644 3583 3625 3625 3593 4061 4061 4061 4061 4061 4061 4061 4061
1896 1777280966 3550 3695 387 3644 3582 3624 3624 3593 4063 4063 4062 4062 4062 4062 4062 4062
1897 1777280966 3550 3695 387 3644 3582 3624 3624 3592 4063 4062 4062 4062 4062 4062 4062 4062
1898 1777280966 3550 3694 387 3645 3582 3625 3625 3593 4063 4063 4063 4063 4063 4063 4063 4063
1899 1777280966 3550 3694 387 3644 3582 3624 3624 3593 4063 4063 4062 4062 4062 4062 4062 4062
1900 1777280966 3550 3695 388 3645 3582 3624 3624 3592 4061 4061 4061 4061 4061 4061 4061 4061
1901 1777280966 3550 3694 387 3644 3583 3625 3624 3592 4063 4063 4063 4063 4063 4063 4063 4063
1902 1777280966 3550 3694 387 3643 3582 3623 3624 3592 4063 4063 4062 4062 4062 4062 4062 4062
1903 1777280966 3551 3695 387 3645 3583 3625 3625 3593 4063 4063 4062 4062 4062 4062 4062 4062
1904 1777280966 3551 3696 387 3645 3583 3625 3625 3593 4063 4063 4063 4063 4063 4063 4063 4063
1905 1777280966 3550 3695 387 3644 3583 3625 3625 3593 4063 4062 4062 4062 4062 4062 4062 4062
1906 1777280966 3551 3696 387 3645 3583 3625 3625 3593 4063 4063 4063 4063 4063 4063 4063 4063
1907 1777280966 3550 3695 387 3645 3583 3625 3625 3593 4063 4063 4063 4063 4063 4063 4063 4063
1908 1777280966 3551 3695 388 3645 3583 3625 3625 3593 4063 4063 4063 4063 4063 4063 4063 4063
1909 1777280966 3550 3695 387 3644 3582 3624 3624 3592 4063 4063 4063 4063 4063 4063 4063 4063
1910 1777280966 3549 3694 387 3644 3583 3624 3625 3592 4061 4061 4061 4061 4061 4061 4061 4061
1911 1777280966 3551 3695 387 3645 3583 3625 3626 3594 4063 4063 4062 4062 4062 4062 4062 4062
1912 1777280966 3550 3695 387 3644 3582 3624 3624 3592 4065 4063 4063 4063 4063 4063 4063 4063
1913 1777280966 3551 3695 387 3645 3583 3625 3625 3593 4063 4063 4062 4062 4062 4062 4062 4062
1914 1777280966 3551 3695 390 3645 3583 3625 3625 3593 4063 4062 4062 4062 4062 4062 4062 4062
1915 1777280966 3551 3696 389 3646 3584 3626 3627 3594 4063 4063 4062 4062 4062 4062 4062 4062
1916 1777280966 3551 3696 388 3645 3583 3626 3626 3593 4063 4063 4062 4062 4062 4062 4062 4062
1917 1777280966 3551 3695 387 3645 3583 3625 3625 3593 4063 4063 4062 4062 4062 4062 4062 4062
1918 1777280966 3551 3696 387 3645 3583 3625 3625 3592 4063 4063 4062 4062 4062 4062 4062 4062
1919 1777280966 3549 3694 387 3644 3582 3624 3624 3592 4063 4063 4062 4062 4062 4062 4062 4062
1920 1777280966 3550 3694 388 3644 3582 3625 3624 3592 4063 4063 4062 4062 4062 4062 4062 4062
1921 1777280966 3551 3695 387 3646 3583 3626 3625 3593 4061 4061 4061 4061 4061 4061 4061 4061
1922 1777280966 3551 3695 387 3645 3583 3625 3625 3593 4063 4063 4062 4062 4062 4062 4062 4062
1923 1777280966 3551 3695 387 3644 3583 3625 3625 3593 4063 4063 4062 4062 4062 4062 4062 4062
1924 1777280966 3550 3695 388 3643 3582 3624 3624 3593 4061 4061 4061 4061 4061 4061 4061 4061
1925 1777280966 3552 3696 388 3646 3584 3626 3626 3594 4063 4063 4062 4062 4062 4062 4062 4062
1926 1777280966 3551 3694 387 3645 3583 3625 3625 3593 4061 4061 4061 4061 4061 4061 4061 4061
1927 1777280966 3550 3695 388 3644 3583 3625 3625 3593 4063 4063 4062 4062 4062 4062 4062 4062
1928 1777280966 3551 3696 388 3645 3584 3626 3626 3593 4061 4061 4061 4061 4061 4061 4061 4061
1929 1777280966 3550 3695 388 3644 3582 3625 3624 3593 4063 4063 4062 4062 4062 4062 4062 4062
1930 1777280966 3551 3696 387 3645 3583 3626 3626 3593 4063 4063 4062 4062 4062 4062 4062 4062
1931 1777280966 3550 3695 387 3644 3582 3625 3624 3593 4061 4061 4061 4061 4061 4061 4061 4061
1932 1777280966 3550 3695 388 3645 3583 3625 3625 3593 4063 4063 4062 4062 4062 4062 4062 4062
1933 1777280966 3551 3695 388 3645 3583 3625 3625 3593 4063 4063 4062 4062 4062 4062 4062 4062
1934 1777280966 3550 3695 388 3644 3582 3624 3625 3593 4063 4063 4062 4062 4062 4062 4062 4062
1935 1777280966 3551 3695 387 3644 3582 3625 3625 3593 4063 4063 4062 4062 4062 4062 4062 4062
1936 1777280966 3551 3696 388 3645 3583 3626 3625 3593 4063 4063 4062 4062 4062 4062 4062 4062
1937 1777280966 3551 3695 387 3645 3583 3625 3625 3593 4063 4063 4063 4063 4063 4063 4063 4063
1938 1777280966 3551 3695 387 3645 3582 3625 3625 3593 4063 4063 4063 4063 4063 4063 4063 4063
1939 1777280966 3550 3695 388 3644 3583 3625 3625 3593 4063 4062 4062 4062 4062 4062 4062 4062
1940 1777280966 3551 3695 388 3645 3583 3626 3626 3593 4063 4063 4062 4062 4062 4062 4062 4062
1941 1777280966 3551 3695 388 3645 3583 3625 3625 3594 4061 4061 4061 4061 4061 4061 4061 4061
1942 1777280966 3550 3695 388 3645 3582 3624 3625 3593 4063 4063 4062 4062 4062 4062 4062 4062
1943 1777280966 3551 3695 387 3644 3583 3625 3625 3593 4063 4063 4062 4062 4062 4062 4062 4062
1944 1777280966 3551 3695 388 3645 3583 3625 3625 3593 4061 4061 4061 4061 4061 4061 4061 4061
1945 1777280966 386 455 386 382 411 3625 3628 3596 109 4063 4063 4063 4063 4063 4063 4063
1946 1777280967 3550 3695 388 3645 3583 3625 3626 3593 4063 4063 4063 4063 4063 4063 4063 4063
1947 1777280967 3550 3694 387 3644 3582 3624 3625 3593 4063 4063 4062 4062 4062 4062 4062 4062
1948 1777280967 3551 3696 388 3645 3583 3625 3626 3593 4063 4063 4062 4062 4062 4062 4062 4062
1949 1777280967 3551 3695 387 3645 3583 3625 3625 3593 4061 4061 4061 4061 4061 4061 4061 4061
1950 1777280967 3551 3696 387 3645 3584 3625 3626 3594 4063 4063 4062 4062 4062 4062 4062 4062
1951 1777280967 3551 3696 387 3646 3584 3626 3626 3593 4063 4063 4063 4063 4063 4063 4063 4063
1952 1777280967 3550 3695 388 3645 3583 3625 3625 3593 4061 4061 4061 4061 4061 4061 4061 4061
1953 1777280967 3550 3695 387 3645 3583 3624 3625 3593 4063 4063 4062 4062 4062 4062 4062 4062
1954 1777280967 3551 3695 388 3645 3583 3625 3625 3593 4061 4061 4061 4061 4061 4061 4061 4061
1955 1777280967 3551 3695 387 3646 3584 3626 3625 3594 4063 4063 4062 4062 4062 4062 4062 4062
1956 1777280967 3550 3694 388 3643 3582 3624 3624 3593 4063 4062 4062 4062 4062 4062 4062 4062
1957 1777280967 3551 3697 387 3646 3584 3626 3627 3594 4063 4063 4063 4063 4063 4063 4063 4063
1958 1777280967 3551 3696 387 3645 3583 3625 3626 3593 4063 4063 4062 4062 4062 4062 4062 4062
1959 1777280967 3550 3695 388 3644 3583 3625 3625 3593 4063 4063 4063 4063 4063 4063 4063 4063
1960 1777280967 3551 3696 388 3646 3583 3625 3626 3593 4063 4063 4063 4063 4063 4063 4063 4063
1961 1777280967 3551 3695 387 3645 3583 3625 3625 3593 4063 4063 4062 4062 4062 4062 4062 4062
1962 1777280967 3550 3694 388 3644 3582 3624 3625 3593 4061 4061 4060 4060 4060 4060 4060 4060
1963 1777280967 3551 3696 388 3644 3583 3625 3625 3593 4063 4063 4062 4062 4062 4062 4062 4062
1964 1777280967 3552 3697 388 3647 3585 3627 3627 3595 4063 4063 4062 4062 4062 4062 4062 4062
1965 1777280967 3551 3695 387 3645 3583 3625 3625 3593 4063 4063 4062 4062 4062 4062 4062 4062
1966 1777280967 3551 3696 387 3645 3583 3625 3625 3593 4063 4063 4063 4063 4063 4063 4063 4063
1967 1777280967 3551 3696 387 3646 3584 3626 3626 3594 4063 4061 4061 4061 4061 4061 4061 4061
1968 1777280967 3551 3696 388 3646 3584 3625 3626 3594 4061 4061 4061 4061 4061 4061 4061 4061
1969 1777280967 3551 3696 387 3645 3583 3625 3626 3594 4063 4063 4063 4063 4063 4063 4063 4063
1970 1777280967 3551 3696 388 3645 3583 3625 3626 3594 4061 4061 4061 4061 4061 4061 4061 4061
1971 1777280967 3550 3695 388 3644 3583 3625 3625 3593 4063 4062 4062 4062 4062 4062 4062 4062
1972 1777280967 3551 3696 388 3645 3583 3625 3625 3594 4063 4063 4063 4063 4063 4063 4063 4063
1973 1777280967 3551 3695 388 3645 3583 3625 3625 3593 4061 4061 4061 4061 4061 4061 4061 4061
1974 1777280967 3551 3696 387 3645 3583 3625 3625 3593 4063 4063 4062 4062 4062 4062 4062 4062
1975 1777280967 3552 3697 388 3646 3584 3627 3627 3595 4063 4063 4062 4062 4062 4062 4062 4062
1976 1777280967 3551 3695 388 3645 3583 3625 3625 3593 4063 4063 4062 4062 4062 4062 4062 4062
1977 1777280967 3551 3696 387 3645 3583 3625 3625 3593 4063 4063 4062 4062 4062 4062 4062 4062
1978 1777280967 3552 3696 388 3645 3584 3626 3626 3594 4063 4063 4062 4062 4062 4062 4062 4062
1979 1777280967 3550 3695 389 3645 3583 3625 3625 3593 4061 4061 4061 4061 4061 4061 4061 4061
1980 1777280967 3552 3696 388 3646 3584 3626 3626 3594 4063 4063 4063 4063 4063 4063 4063 4063
1981 1777280967 3551 3695 387 3645 3583 3625 3626 3593 4063 4063 4062 4062 4062 4062 4062 4062
1982 1777280967 3551 3696 388 3645 3583 3626 3626 3594 4061 4061 4061 4061 4061 4061 4061 4061
1983 1777280967 3551 3697 388 3645 3584 3626 3625 3594 4061 4061 4061 4061 4061 4061 4061 4061
1984 1777280967 3551 3695 388 3645 3583 3625 3626 3594 4063 4063 4063 4063 4063 4063 4063 4063
1985 1777280967 3550 3696 387 3646 3583 3626 3626 3593 4063 4063 4062 4062 4062 4062 4062 4062
1986 1777280967 3550 3695 388 3645 3583 3625 3625 3593 4061 4061 4061 4061 4061 4061 4061 4061
1987 1777280967 3551 3695 388 3644 3583 3626 3626 3594 4063 4063 4062 4062 4062 4062 4062 4062
1988 1777280967 3552 3696 388 3646 3584 3627 3627 3594 4061 4061 4061 4061 4061 4061 4061 4061
1989 1777280967 3550 3695 388 3642 3582 3625 3625 3593 4061 4061 4061 4061 4061 4061 4061 4061
1990 1777280967 3550 3695 388 3645 3583 3625 3625 3593 4063 4063 4062 4062 4062 4062 4062 4062
1991 1777280967 3551 3696 389 3645 3583 3625 3626 3594 4063 4063 4063 4063 4063 4063 4063 4063
1992 1777280967 3551 3696 388 3646 3584 3626 3626 3594 4061 4061 4061 4061 4061 4061 4061 4061
1993 1777280967 3552 3696 388 3645 3584 3626 3626 3594 4063 4063 4062 4062 4062 4062 4062 4062
1994 1777280967 3551 3695 388 3645 3583 3625 3626 3594 4063 4063 4062 4062 4062 4062 4062 4062
1995 1777280967 3551 3696 388 3646 3583 3626 3626 3593 4061 4061 4061 4061 4061 4061 4061 4061
1996 1777280967 3551 3696 388 3645 3584 3626 3626 3594 4061 4061 4061 4061 4061 4061 4061 4061
1997 1777280967 3552 3697 388 3646 3584 3626 3626 3594 4063 4063 4063 4063 4063 4063 4063 4063
1998 1777280967 3551 3695 388 3645 3583 3626 3625 3594 4061 4061 4060 4060 4060 4060 4060 4060
1999 1777280967 3552 3696 388 3645 3584 3626 3626 3594 4063 4063 4063 4063 4063 4063 4063 4063
2000 1777280967 3551 3695 388 3645 3583 3625 3625 3593 4063 4063 4062 4062 4062 4062 4062 4062
2001 1777280967 3551 3696 388 3646 3584 3626 3626 3594 4061 4061 4061 4061 4061 4061 4061 4061
2002 1777280967 3553 3697 388 3645 3584 3626 3626 3595 4063 4063 4062 4062 4062 4062 4062 4062
2003 1777280967 3550 3695 388 3644 3583 3625 3626 3594 4063 4063 4062 4062 4062 4062 4062 4062
2004 1777280967 3551 3695 388 3645 3583 3624 3625 3593 4063 4063 4062 4062 4062 4062 4062 4062
2005 1777280967 3551 3695 388 3646 3583 3626 3626 3594 4063 4063 4062 4062 4062 4062 4062 4062
2006 1777280967 3551 3695 388 3645 3582 3625 3625 3593 4063 4063 4062 4062 4062 4062 4062 4062
2007 1777280967 3551 3696 388 3646 3584 3625 3626 3594 4063 4063 4062 4062 4062 4062 4062 4062
2008 1777280967 3552 3696 388 3646 3584 3626 3626 3594 4063 4063 4063 4063 4063 4063 4063 4063
2009 1777280967 3552 3697 388 3646 3584 3626 3626 3595 4063 4063 4062 4062 4062 4062 4062 4062
2010 1777280967 3551 3695 388 3645 3583 3626 3626 3594 4061 4061 4061 4061 4061 4061 4061 4061
2011 1777280967 3552 3697 388 3646 3583 3626 3626 3594 4063 4063 4063 4063 4063 4063 4063 4063
2012 1777280967 3551 3696 388 3645 3583 3626 3626 3594 4063 4063 4062 4062 4062 4062 4062 4062
2013 1777280967 3551 3695 388 3645 3583 3625 3625 3593 4063 4063 4062 4062 4062 4062 4062 4062
2014 1777280967 3552 3697 388 3646 3585 3627 3627 3595 4063 4063 4062 4062 4062 4062 4062 4062
2015 1777280967 3552 3696 388 3646 3584 3626 3626 3594 4063 4063 4063 4063 4063 4063 4063 4063
2016 1777280967 3551 3695 388 3645 3583 3625 3625 3594 4063 4062 4062 4062 4062 4062 4062 4062
2017 1777280967 3552 3697 388 3645 3583 3626 3626 3594 4061 4061 4061 4061 4061 4061 4061 4061
2018 1777280967 3551 3696 388 3645 3583 3626 3626 3594 4063 4063 4062 4062 4062 4062 4062 4062
2019 1777280967 3552 3696 388 3644 3583 3625 3625 3594 4063 4063 4062 4062 4062 4062 4062 4062
2020 1777280967 3552 3695 388 3645 3583 3625 3626 3594 4063 4063 4062 4062 4062 4062 4062 4062
2021 1777280967 3552 3696 388 3646 3584 3626 3626 3594 4063 4063 4063 4063 4063 4063 4063 4063
2022 1777280967 3551 3696 388 3645 3583 3626 3626 3594 4063 4063 4062 4062 4062 4062 4062 4062
2023 1777280967 3552 3697 388 3646 3584 3626 3626 3593 4063 4063 4063 4063 4063 4063 4063 4063
2024 1777280968 3552 3697 388 3646 3584 3626 3626 3595 4063 4062 4062 4062 4062 4062 4062 4062
2025 1777280968 3551 3695 388 3645 3583 3626 3626 3594 4063 4063 4063 4063 4063 4063 4063 4063
2026 1777280968 3551 3695 388 3645 3583 3625 3625 3593 4061 4061 4061 4061 4061 4061 4061 4061
2027 1777280968 3552 3697 389 3646 3584 3626 3626 3594 4061 4061 4061 4061 4061 4061 4061 4061
2028 1777280968 3552 3697 388 3646 3585 3627 3627 3595 4063 4063 4063 4063 4063 4063 4063 4063
2029 1777280968 3551 3696 388 3645 3583 3625 3625 3593 4063 4063 4063 4063 4063 4063 4063 4063
2030 1777280968 3551 3696 388 3645 3583 3625 3625 3594 4063 4063 4062 4062 4062 4062 4062 4062
2031 1777280968 3551 3695 388 3645 3583 3625 3625 3593 4063 4063 4063 4063 4063 4063 4063 4063
2032 1777280968 3552 3697 388 3647 3584 3626 3627 3595 4061 4061 4061 4061 4061 4061 4061 4061
2033 1777280968 3551 3696 389 3646 3583 3626 3626 3594 4063 4063 4062 4062 4062 4062 4062 4062
2034 1777280968 3551 3695 388 3645 3583 3625 3625 3593 4061 4061 4061 4061 4061 4061 4061 4061
2035 1777280968 3533 3677 388 3627 3565 3607 3607 3575 4063 4062 4062 4062 4062 4062 4062 4062
2036 1777280968 3552 3697 388 3647 3584 3626 3627 3595 4063 4061 4061 4061 4061 4061 4061 4061
2037 1777280968 3553 3697 388 3647 3585 3627 3627 3595 4063 4063 4062 4062 4062 4062 4062 4062
2038 1777280968 3552 3696 388 3645 3584 3626 3626 3594 4063 4063 4063 4063 4063 4063 4063 4063
2039 1777280968 3552 3696 388 3647 3584 3627 3627 3594 4061 4061 4061 4061 4061 4061 4061 4061
2040 1777280968 3552 3696 388 3646 3584 3626 3627 3595 4063 4063 4062 4062 4062 4062 4062 4062
2041 1777280968 3552 3696 387 3646 3584 3626 3626 3594 4061 4061 4061 4061 4061 4061 4061 4061
2042 1777280968 3551 3696 390 3645 3584 3626 3626 3594 4063 4063 4062 4062 4062 4062 4062 4062
2043 1777280968 3552 3697 389 3646 3584 3627 3627 3595 4063 4063 4062 4062 4062 4062 4062 4062
2044 1777280968 3552 3696 388 3646 3584 3626 3627 3594 4063 4063 4062 4062 4062 4062 4062 4062
2045 1777280968 3552 3697 388 3646 3585 3626 3627 3595 4063 4062 4062 4062 4062 4062 4062 4062
2046 1777280968 3552 3697 388 3646 3584 3626 3626 3594 4063 4063 4062 4062 4062 4062 4062 4062
2047 1777280968 3551 3696 388 3645 3583 3626 3625 3594 4063 4063 4062 4062 4062 4062 4062 4062
2048 1777280968 3549 3694 387 3644 3582 3624 3624 3593 4063 4063 4063 4063 4063 4063 4063 4063
2049 1777280968 3549 3694 386 3644 3582 3623 3624 3592 4063 4063 4062 4062 4062 4062 4062 4062
2050 1777280968 3549 3694 386 3644 3582 3623 3623 3591 4063 4063 4063 4063 4063 4063 4063 4063
2051 1777280968 3549 3694 387 3644 3582 3624 3624 3592 4063 4063 4062 4062 4062 4062 4062 4062
2052 1777280968 3551 3695 386 3643 3583 3625 3625 3593 4061 4061 4061 4061 4061 4061 4061 4061
2053 1777280968 3551 3695 387 3646 3583 3625 3625 3593 4063 4063 4063 4063 4063 4063 4063 4063
2054 1777280968 3549 3693 386 3643 3581 3623 3623 3591 4063 4063 4063 4063 4063 4063 4063 4063
2055 1777280968 3550 3695 386 3645 3582 3625 3625 3593 4063 4063 4062 4062 4062 4062 4062 4062
2056 1777280968 3551 3695 386 3645 3583 3625 3626 3593 4063 4063 4062 4062 4062 4062 4062 4062
2057 1777280968 3550 3695 387 3644 3582 3624 3625 3593 4063 4063 4063 4063 4063 4063 4063 4063
2058 1777280968 3550 3695 386 3645 3582 3625 3625 3593 4061 4061 4061 4061 4061 4061 4061 4061
2059 1777280968 3550 3694 387 3644 3581 3623 3625 3592 4063 4063 4063 4063 4063 4063 4063 4063
2060 1777280968 3550 3695 386 3645 3583 3625 3625 3593 4063 4063 4062 4062 4062 4062 4062 4062
2061 1777280968 3549 3694 387 3643 3582 3624 3625 3592 4063 4063 4063 4063 4063 4063 4063 4063
2062 1777280968 3549 3694 386 3644 3582 3624 3624 3592 4063 4062 4062 4062 4062 4062 4062 4062
2063 1777280968 3550 3694 387 3644 3582 3624 3624 3592 4063 4063 4062 4062 4062 4062 4062 4062
2064 1777280968 3550 3694 387 3643 3582 3624 3624 3592 4063 4063 4062 4062 4062 4062 4062 4062
2065 1777280968 3550 3695 387 3644 3582 3624 3624 3592 4063 4063 4062 4062 4062 4062 4062 4062
2066 1777280968 3550 3695 386 3644 3582 3624 3624 3593 4063 4063 4063 4063 4063 4063 4063 4063
2067 1777280968 3550 3695 387 3644 3583 3625 3625 3593 4063 4063 4063 4063 4063 4063 4063 4063
2068 1777280968 3551 3696 386 3645 3583 3625 3625 3593 4063 4063 4063 4063 4063 4063 4063 4063
2069 1777280968 3551 3696 387 3646 3584 3626 3625 3593 4061 4061 4061 4061 4061 4061 4061 4061
2070 1777280968 3551 3696 386 3645 3582 3625 3625 3593 4063 4063 4063 4063 4063 4063 4063 4063
2071 1777280968 3551 3695 387 3645 3583 3625 3625 3593 4063 4063 4062 4062 4062 4062 4062 4062
2072 1777280968 3550 3695 386 3644 3582 3624 3625 3592 4061 4061 4061 4061 4061 4061 4061 4061
2073 1777280968 3550 3694 387 3644 3583 3625 3625 3593 4063 4063 4063 4063 4063 4063 4063 4063
2074 1777280968 3550 3694 386 3644 3582 3623 3623 3592 4061 4061 4061 4061 4061 4061 4061 4061
2075 1777280968 3550 3695 387 3644 3583 3625 3625 3593 4059 4059 4059 4059 4059 4059 4059 4059
2076 1777280968 3550 3695 386 3644 3582 3624 3625 3592 4063 4063 4062 4062 4062 4062 4062 4062
2077 1777280968 3549 3695 387 3644 3582 3624 3624 3592 4061 4061 4061 4061 4061 4061 4061 4061
2078 1777280968 3551 3695 387 3645 3582 3625 3625 3593 4061 4061 4061 4061 4061 4061 4061 4061
2079 1777280968 3551 3695 386 3644 3582 3624 3624 3592 4063 4063 4063 4063 4063 4063 4063 4063
2080 1777280968 3550 3695 387 3644 3582 3624 3624 3592 4063 4063 4062 4062 4062 4062 4062 4062
2081 1777280968 3551 3695 387 3645 3583 3625 3626 3594 4063 4063 4062 4062 4062 4062 4062 4062
2082 1777280968 3550 3695 386 3644 3581 3623 3624 3592 4063 4063 4062 4062 4062 4062 4062 4062
2083 1777280968 3549 3694 387 3644 3582 3624 3624 3592 4063 4063 4063 4063 4063 4063 4063 4063
2084 1777280968 3551 3695 387 3645 3583 3625 3625 3593 4063 4063 4062 4062 4062 4062 4062 4062
2085 1777280968 3550 3694 387 3644 3582 3625 3625 3592 4063 4063 4063 4063 4063 4063 4063 4063
2086 1777280968 3550 3695 387 3645 3583 3625 3625 3593 4063 4063 4063 4063 4063 4063 4063 4063
2087 1777280968 3550 3695 387 3644 3583 3624 3624 3593 4063 4063 4062 4062 4062 4062 4062 4062
2088 1777280968 3551 3695 387 3644 3583 3624 3624 3593 4063 4063 4062 4062 4062 4062 4062 4062
2089 1777280968 3551 3695 387 3645 3583 3624 3625 3593 4063 4063 4063 4063 4063 4063 4063 4063
2090 1777280968 3550 3695 387 3645 3583 3625 3626 3593 4063 4063 4062 4062 4062 4062 4062 4062
2091 1777280968 3550 3695 386 3644 3582 3625 3624 3592 4063 4063 4062 4062 4062 4062 4062 4062
2092 1777280968 3549 3694 387 3643 3582 3623 3624 3591 4063 4063 4062 4062 4062 4062 4062 4062
2093 1777280968 3549 3694 387 3642 3581 3623 3623 3592 4063 4063 4062 4062 4062 4062 4062 4062
2094 1777280968 3550 3695 386 3645 3582 3624 3624 3593 4063 4063 4062 4062 4062 4062 4062 4062
2095 1777280968 3550 3695 387 3645 3583 3625 3625 3593 4065 4063 4063 4063 4063 4063 4063 4063
2096 1777280968 3550 3695 387 3644 3582 3624 3624 3593 4063 4063 4062 4062 4062 4062 4062 4062
2097 1777280968 3550 3694 387 3643 3582 3624 3624 3592 4063 4063 4062 4062 4062 4062 4062 4062
2098 1777280968 3550 3695 386 3645 3583 3625 3625 3593 4063 4062 4062 4062 4062 4062 4062 4062
2099 1777280968 3550 3695 387 3644 3583 3624 3625 3593 4063 4063 4062 4062 4062 4062 4062 4062
2100 1777280968 3551 3696 386 3645 3583 3625 3625 3593 4063 4062 4062 4062 4062 4062 4062 4062
2101 1777280968 3550 3694 387 3644 3583 3624 3625 3593 4063 4063 4063 4063 4063 4063 4063 4063
2102 1777280968 3550 3694 387 3644 3582 3624 3624 3592 4061 4061 4061 4061 4061 4061 4061 4061
2103 1777280968 3550 3695 387 3644 3582 3625 3624 3593 4063 4063 4062 4062 4062 4062 4062 4062
2104 1777280968 3550 3695 386 3644 3583 3624 3625 3593 4061 4061 4061 4061 4061 4061 4061 4061
2105 1777280968 3550 3695 387 3644 3583 3624 3625 3593 4063 4063 4062 4062 4062 4062 4062 4062
2106 1777280969 3550 3695 387 3644 3582 3624 3624 3592 4063 4063 4063 4063 4063 4063 4063 4063
2107 1777280969 3550 3695 387 3644 3582 3624 3624 3592 4063 4063 4062 4062 4062 4062 4062 4062
2108 1777280969 3551 3695 388 3645 3583 3625 3625 3593 4063 4063 4063 4063 4063 4063 4063 4063
2109 1777280969 3551 3696 387 3646 3584 3625 3626 3594 4063 4063 4063 4063 4063 4063 4063 4063
2110 1777280969 3550 3694 387 3645 3582 3625 3625 3593 4061 4061 4061 4061 4061 4061 4061 4061
2111 1777280969 3551 3695 387 3644 3583 3625 3625 3593 4063 4063 4062 4062 4062 4062 4062 4062
2112 1777280969 3550 3695 387 3645 3583 3625 3625 3593 4063 4063 4063 4063 4063 4063 4063 4063
2113 1777280969 3550 3695 387 3644 3582 3624 3624 3592 4063 4063 4062 4062 4062 4062 4062 4062
2114 1777280969 3550 3695 387 3644 3583 3625 3625 3593 4063 4063 4062 4062 4062 4062 4062 4062
2115 1777280969 3550 3695 387 3644 3582 3624 3625 3593 4063 4061 4061 4061 4061 4061 4061 4061
2116 1777280969 3551 3695 387 3643 3582 3624 3625 3592 4063 4063 4062 4062 4062 4062 4062 4062
2117 1777280969 3550 3695 387 3645 3583 3625 3625 3593 4063 4063 4062 4062 4062 4062 4062 4062
2118 1777280969 3550 3695 386 3645 3582 3624 3624 3592 4063 4062 4062 4062 4062 4062 4062 4062
2119 1777280969 3549 3694 387 3643 3581 3623 3624 3591 4061 4061 4060 4060 4060 4060 4060 4060
2120 1777280969 3550 3694 387 3644 3582 3624 3625 3593 4063 4063 4062 4062 4062 4062 4062 4062
2121 1777280969 3550 3694 387 3644 3582 3624 3624 3592 4063 4063 4062 4062 4062 4062 4062 4062
2122 1777280969 3550 3695 387 3644 3582 3625 3625 3593 4063 4063 4062 4062 4062 4062 4062 4062
2123 1777280969 3551 3695 387 3644 3582 3624 3625 3593 4063 4063 4062 4062 4062 4062 4062 4062
2124 1777280969 3550 3695 387 3645 3583 3625 3625 3593 4063 4063 4062 4062 4062 4062 4062 4062
2125 1777280969 3551 3695 387 3645 3583 3625 3625 3593 4063 4063 4062 4062 4062 4062 4062 4062
2126 1777280969 3550 3695 387 3645 3582 3625 3625 3593 4061 4061 4061 4061 4061 4061 4061 4061
2127 1777280969 3550 3695 387 3644 3582 3624 3625 3593 4061 4061 4061 4061 4061 4061 4061 4061
2128 1777280969 3551 3696 387 3646 3583 3625 3626 3594 4063 4063 4063 4063 4063 4063 4063 4063
2129 1777280969 3550 3695 387 3645 3582 3624 3625 3593 4063 4063 4062 4062 4062 4062 4062 4062
2130 1777280969 3550 3695 387 3644 3582 3624 3624 3592 4061 4061 4061 4061 4061 4061 4061 4061
2131 1777280969 3550 3694 387 3644 3582 3624 3625 3593 4063 4063 4062 4062 4062 4062 4062 4062
2132 1777280969 3551 3696 386 3646 3584 3626 3626 3594 4063 4063 4062 4062 4062 4062 4062 4062
2133 1777280969 3550 3695 387 3644 3582 3624 3624 3592 4063 4063 4063 4063 4063 4063 4063 4063
2134 1777280969 3550 3695 387 3645 3582 3624 3624 3592 4061 4061 4061 4061 4061 4061 4061 4061
2135 1777280969 3551 3695 387 3645 3583 3625 3625 3593 4063 4063 4063 4063 4063 4063 4063 4063
2136 1777280969 3551 3696 387 3645 3584 3625 3626 3593 4063 4063 4062 4062 4062 4062 4062 4062
2137 1777280969 3550 3695 387 3645 3583 3625 3625 3593 4063 4063 4062 4062 4062 4062 4062 4062
2138 1777280969 3550 3695 387 3644 3582 3625 3624 3593 4063 4063 4063 4063 4063 4063 4063 4063
2139 1777280969 3550 3695 387 3644 3582 3624 3624 3592 4063 4063 4062 4062 4062 4062 4062 4062
2140 1777280969 3550 3695 388 3644 3582 3624 3624 3592 4059 4059 4059 4059 4059 4059 4059 4059
2141 1777280969 3551 3695 387 3646 3583 3626 3626 3594 4063 4063 4063 4063 4063 4063 4063 4063
2142 1777280969 3550 3694 387 3644 3582 3624 3624 3592 4063 4063 4063 4063 4063 4063 4063 4063
2143 1777280969 3551 3696 387 3646 3583 3625 3625 3593 4063 4063 4063 4063 4063 4063 4063 4063
2144 1777280969 3550 3695 387 3644 3583 3624 3625 3592 4063 4063 4062 4062 4062 4062 4062 4062
2145 1777280969 3550 3695 387 3644 3582 3624 3624 3593 4063 4063 4062 4062 4062 4062 4062 4062
2146 1777280977 3550 3694 387 3643 3581 3624 3624 3592 4063 4063 4063 4063 4063 4063 4063 4063
2147 1777280977 3549 3694 387 3643 3582 3624 3624 3593 4063 4063 4062 4062 4062 4062 4062 4062
2148 1777280977 3549 3694 387 3642 3581 3624 3624 3592 4063 4063 4062 4062 4062 4062 4062 4062
2149 1777280977 3550 3694 387 3644 3582 3624 3624 3592 4063 4063 4062 4062 4062 4062 4062 4062
2150 1777280977 3550 3695 387 3645 3583 3625 3625 3592 4061 4061 4061 4061 4061 4061 4061 4061
2151 1777280977 3550 3695 387 3644 3582 3625 3625 3593 4063 4063 4062 4062 4062 4062 4062 4062
2152 1777280977 3550 3694 387 3644 3582 3624 3624 3592 4063 4063 4063 4063 4063 4063 4063 4063
2153 1777280977 3550 3694 387 3644 3582 3624 3624 3592 4063 4063 4062 4062 4062 4062 4062 4062
2154 1777280977 3549 3693 387 3643 3581 3623 3623 3592 4063 4063 4062 4062 4062 4062 4062 4062
2155 1777280977 3550 3694 388 3643 3581 3623 3624 3592 4063 4062 4062 4062 4062 4062 4062 4062
2156 1777280977 3550 3694 387 3644 3582 3624 3625 3592 4063 4063 4062 4062 4062 4062 4062 4062
2157 1777280977 3550 3695 387 3644 3582 3625 3624 3593 4061 4061 4061 4061 4061 4061 4061 4061
2158 1777280977 3550 3695 387 3644 3583 3624 3625 3593 4063 4063 4062 4062 4062 4062 4062 4062
2159 1777280977 3550 3694 387 3644 3582 3624 3624 3592 4061 4061 4061 4061 4061 4061 4061 4061
2160 1777280977 3550 3694 387 3644 3582 3624 3624 3592 4061 4061 4061 4061 4061 4061 4061 4061
2161 1777280977 3551 3696 388 3645 3584 3626 3626 3594 4063 4063 4062 4062 4062 4062 4062 4062
2162 1777280977 3549 3694 387 3644 3581 3624 3624 3592 4061 4061 4061 4061 4061 4061 4061 4061
2163 1777280977 3550 3695 387 3645 3582 3624 3625 3593 4063 4063 4063 4063 4063 4063 4063 4063
2164 1777280977 3550 3695 387 3645 3583 3625 3625 3593 4063 4063 4063 4063 4063 4063 4063 4063
2165 1777280977 3550 3695 387 3644 3582 3624 3624 3592 4063 4063 4063 4063 4063 4063 4063 4063
2166 1777280977 3549 3694 387 3644 3581 3623 3624 3592 4063 4063 4062 4062 4062 4062 4062 4062
2167 1777280977 3551 3695 387 3644 3583 3624 3624 3592 4063 4063 4063 4063 4063 4063 4063 4063
2168 1777280977 3550 3695 387 3645 3583 3624 3624 3593 4063 4063 4062 4062 4062 4062 4062 4062
2169 1777280977 3550 3695 387 3645 3582 3624 3625 3592 4063 4063 4062 4062 4062 4062 4062 4062
2170 1777280977 3550 3695 389 3644 3582 3625 3625 3593 4063 4063 4062 4062 4062 4062 4062 4062
2171 1777280977 3550 3694 388 3643 3581 3624 3624 3592 4063 4063 4063 4063 4063 4063 4063 4063
2172 1777280977 3551 3695 387 3645 3583 3625 3625 3593 4063 4063 4062 4062 4062 4062 4062 4062
2173 1777280977 3550 3695 387 3645 3583 3624 3624 3592 4063 4063 4062 4062 4062 4062 4062 4062
2174 1777280977 3549 3694 387 3644 3582 3624 3624 3592 4063 4063 4063 4063 4063 4063 4063 4063
2175 1777280977 3550 3695 387 3645 3583 3624 3625 3593 4061 4061 4061 4061 4061 4061 4061 4061
2176 1777280977 3549 3693 387 3644 3582 3624 3624 3592 4063 4062 4062 4062 4062 4062 4062 4062
2177 1777280977 3551 3695 387 3645 3583 3625 3625 3593 4061 4061 4061 4061 4061 4061 4061 4061
2178 1777280977 3550 3695 387 3644 3582 3625 3625 3593 4063 4063 4062 4062 4062 4062 4062 4062
2179 1777280977 3550 3695 388 3643 3582 3625 3625 3593 4063 4063 4062 4062 4062 4062 4062 4062
2180 1777280977 3551 3695 387 3645 3583 3625 3625 3593 4061 4061 4061 4061 4061 4061 4061 4061
2181 1777280977 3551 3696 387 3645 3583 3625 3625 3593 4063 4063 4062 4062 4062 4062 4062 4062
2182 1777280977 3550 3694 387 3644 3582 3624 3624 3592 4063 4063 4062 4062 4062 4062 4062 4062
2183 1777280977 3550 3695 387 3645 3583 3625 3625 3592 4063 4063 4062 4062 4062 4062 4062 4062
2184 1777280977 3550 3695 387 3644 3582 3624 3624 3592 4063 4063 4062 4062 4062 4062 4062 4062
2185 1777280977 3550 3695 387 3644 3583 3625 3625 3593 4063 4063 4063 4063 4063 4063 4063 4063
2186 1777280977 3550 3695 388 3645 3583 3625 3625 3593 4063 4063 4063 4063 4063 4063 4063 4063
2187 1777280978 3551 3696 388 3645 3583 3625 3625 3593 4063 4063 4062 4062 4062 4062 4062 4062
2188 1777280978 3551 3695 388 3644 3582 3625 3625 3593 4061 4061 4061 4061 4061 4061 4061 4061
2189 1777280978 3551 3695 387 3645 3583 3625 3625 3593 4063 4063 4062 4062 4062 4062 4062 4062
2190 1777280978 3551 3696 387 3645 3583 3625 3625 3593 4063 4063 4062 4062 4062 4062 4062 4062
2191 1777280978 3551 3695 388 3644 3583 3625 3625 3593 4059 4059 4059 4059 4059 4059 4059 4059
2192 1777280978 3550 3695 387 3644 3583 3624 3624 3592 4063 4063 4062 4062 4062 4062 4062 4062
2193 1777280978 3550 3695 387 3644 3582 3624 3624 3593 4063 4063 4062 4062 4062 4062 4062 4062
2194 1777280978 3550 3694 387 3644 3582 3624 3624 3592 4063 4063 4063 4063 4063 4063 4063 4063
2195 1777280978 3551 3696 388 3646 3583 3626 3626 3594 4063 4063 4062 4062 4062 4062 4062 4062
2196 1777280978 3550 3695 388 3645 3582 3625 3625 3593 4063 4063 4062 4062 4062 4062 4062 4062
2197 1777280978 3549 3694 388 3644 3582 3624 3624 3593 4063 4063 4062 4062 4062 4062 4062 4062
2198 1777280978 3551 3696 388 3645 3583 3625 3625 3593 4063 4063 4063 4063 4063 4063 4063 4063
2199 1777280978 3551 3696 388 3645 3584 3626 3626 3594 4061 4061 4061 4061 4061 4061 4061 4061
2200 1777280978 3550 3695 387 3644 3582 3624 3625 3593 4063 4063 4063 4063 4063 4063 4063 4063
2201 1777280978 3551 3695 388 3644 3582 3624 3625 3592 4063 4062 4062 4062 4062 4062 4062 4062
2202 1777280978 3551 3695 387 3645 3583 3625 3625 3592 4063 4063 4062 4062 4062 4062 4062 4062
2203 1777280978 3551 3695 388 3645 3583 3625 3625 3593 4063 4063 4062 4062 4062 4062 4062 4062
2204 1777280978 3551 3696 387 3645 3583 3625 3625 3593 4063 4063 4062 4062 4062 4062 4062 4062
2205 1777280978 3551 3696 388 3645 3583 3626 3626 3594 4061 4061 4061 4061 4061 4061 4061 4061
2206 1777280978 3550 3695 387 3644 3582 3624 3625 3593 4063 4063 4062 4062 4062 4062 4062 4062
2207 1777280978 3551 3696 387 3645 3583 3625 3625 3593 4063 4063 4063 4063 4063 4063 4063 4063
2208 1777280978 3551 3696 388 3645 3583 3625 3626 3594 4063 4063 4062 4062 4062 4062 4062 4062
2209 1777280978 3551 3695 387 3644 3582 3624 3624 3592 4063 4063 4062 4062 4062 4062 4062 4062
2210 1777280978 3551 3695 387 3644 3583 3625 3626 3593 4063 4062 4062 4062 4062 4062 4062 4062
2211 1777280978 3550 3694 388 3643 3582 3624 3625 3592 4063 4063 4062 4062 4062 4062 4062 4062
2212 1777280978 3551 3695 387 3645 3583 3625 3625 3594 4063 4063 4063 4063 4063 4063 4063 4063
2213 1777280978 3550 3695 387 3645 3583 3625 3625 3593 4063 4063 4063 4063 4063 4063 4063 4063
2214 1777280978 3550 3695 387 3644 3583 3625 3625 3593 4063 4063 4063 4063 4063 4063 4063 4063
2215 1777280978 3551 3695 388 3645 3583 3625 3625 3593 4065 4063 4063 4063 4063 4063 4063 4063
2216 1777280978 3551 3695 387 3646 3583 3626 3626 3594 4063 4063 4063 4063 4063 4063 4063 4063
2217 1777280978 3551 3695 388 3645 3583 3625 3625 3594 4061 4061 4061 4061 4061 4061 4061 4061
2218 1777280978 3551 3696 388 3645 3583 3626 3626 3594 4063 4063 4062 4062 4062 4062 4062 4062
2219 1777280978 3550 3695 388 3645 3583 3626 3626 3594 4063 4063 4062 4062 4062 4062 4062 4062
2220 1777280978 3550 3695 388 3645 3583 3625 3625 3593 4061 4061 4061 4061 4061 4061 4061 4061
2221 1777280978 3552 3696 387 3646 3584 3626 3626 3594 4061 4061 4060 4060 4060 4060 4060 4060
2222 1777280978 3551 3696 387 3645 3584 3626 3626 3594 4063 4063 4062 4062 4062 4062 4062 4062
2223 1777280978 3551 3696 388 3645 3584 3625 3626 3593 4063 4063 4062 4062 4062 4062 4062 4062
2224 1777280978 3550 3695 387 3645 3583 3625 3625 3593 4063 4063 4063 4063 4063 4063 4063 4063
2225 1777280978 3551 3695 388 3645 3583 3625 3625 3593 4063 4063 4062 4062 4062 4062 4062 4062
2226 1777280978 3551 3695 387 3644 3583 3625 3625 3594 4063 4063 4063 4063 4063 4063 4063 4063
2227 1777280978 3551 3695 388 3645 3583 3625 3624 3593 4063 4063 4063 4063 4063 4063 4063 4063
2228 1777280978 3550 3695 388 3645 3583 3625 3625 3593 4063 4063 4062 4062 4062 4062 4062 4062
2229 1777280978 3551 3696 388 3645 3584 3626 3626 3594 4061 4061 4061 4061 4061 4061 4061 4061
2230 1777280978 3552 3696 388 3645 3584 3626 3626 3594 4063 4063 4062 4062 4062 4062 4062 4062
2231 1777280978 3552 3696 387 3646 3584 3626 3626 3595 4063 4063 4062 4062 4062 4062 4062 4062
2232 1777280978 3551 3696 388 3645 3583 3625 3625 3593 4063 4063 4063 4063 4063 4063 4063 4063
2233 1777280978 3551 3695 388 3645 3583 3625 3624 3592 4063 4063 4063 4063 4063 4063 4063 4063
2234 1777280978 3550 3695 389 3644 3582 3625 3625 3593 4063 4063 4062 4062 4062 4062 4062 4062
2235 1777280978 3551 3695 388 3646 3584 3626 3625 3594 4063 4063 4062 4062 4062 4062 4062 4062
2236 1777280978 3552 3696 388 3646 3583 3625 3626 3594 4063 4063 4062 4062 4062 4062 4062 4062
2237 1777280978 3550 3695 388 3645 3583 3625 3625 3593 4063 4063 4062 4062 4062 4062 4062 4062
2238 1777280978 3551 3695 388 3645 3583 3625 3626 3593 4063 4063 4062 4062 4062 4062 4062 4062
2239 1777280978 3551 3696 387 3645 3583 3626 3626 3595 4063 4063 4062 4062 4062 4062 4062 4062
2240 1777280978 3551 3695 388 3646 3584 3625 3626 3594 4063 4063 4063 4063 4063 4063 4063 4063
2241 1777280978 3551 3696 388 3645 3583 3626 3626 3594 4063 4063 4062 4062 4062 4062 4062 4062
2242 1777280978 3551 3696 388 3644 3583 3625 3625 3594 4061 4061 4061 4061 4061 4061 4061 4061
2243 1777280978 3551 3695 388 3643 3583 3624 3625 3593 4063 4063 4062 4062 4062 4062 4062 4062
2244 1777280978 3550 3694 388 3642 3582 3624 3625 3592 4063 4063 4063 4063 4063 4063 4063 4063
2245 1777280978 3551 3696 388 3645 3584 3626 3626 3594 4063 4063 4062 4062 4062 4062 4062 4062
2246 1777280978 3551 3696 388 3645 3583 3625 3625 3593 4063 4063 4062 4062 4062 4062 4062 4062
2247 1777280978 3552 3697 388 3646 3584 3625 3626 3594 4063 4063 4063 4063 4063 4063 4063 4063
2248 1777280978 3550 3695 388 3644 3582 3624 3625 3593 4061 4061 4061 4061 4061 4061 4061 4061
2249 1777280978 3551 3695 388 3645 3583 3626 3626 3594 4061 4061 4061 4061 4061 4061 4061 4061
2250 1777280978 3550 3695 389 3644 3582 3625 3625 3593 4063 4063 4063 4063 4063 4063 4063 4063
2251 1777280978 3552 3696 388 3645 3584 3626 3626 3595 4063 4063 4062 4062 4062 4062 4062 4062
2252 1777280978 3550 3695 388 3645 3583 3625 3625 3593 4063 4063 4063 4063 4063 4063 4063 4063
2253 1777280978 3552 3696 388 3645 3583 3625 3626 3593 4063 4063 4063 4063 4063 4063 4063 4063
2254 1777280978 3552 3697 388 3646 3584 3626 3626 3594 4063 4063 4062 4062 4062 4062 4062 4062
2255 1777280978 3551 3696 388 3645 3583 3625 3625 3593 4063 4063 4063 4063 4063 4063 4063 4063
2256 1777280978 3551 3695 388 3645 3583 3625 3626 3594 4061 4061 4061 4061 4061 4061 4061 4061
2257 1777280978 3551 3696 388 3645 3584 3626 3626 3594 4063 4063 4062 4062 4062 4062 4062 4062
2258 1777280978 3551 3696 389 3644 3583 3626 3626 3594 4063 4063 4062 4062 4062 4062 4062 4062
2259 1777280978 3551 3695 388 3645 3583 3626 3626 3594 4063 4063 4062 4062 4062 4062 4062 4062
2260 1777280978 3551 3695 388 3645 3584 3626 3626 3594 4063 4063 4062 4062 4062 4062 4062 4062
2261 1777280978 3551 3696 388 3645 3583 3625 3626 3594 4061 4061 4061 4061 4061 4061 4061 4061
2262 1777280978 3551 3696 388 3646 3583 3625 3625 3593 4063 4063 4062 4062 4062 4062 4062 4062
2263 1777280978 3551 415 386 392 3582 1725 3625 3594 4063 4063 4062 4062 4062 4062 4062 4062
2264 1777280979 3552 3696 388 3645 3584 3625 3626 3594 4063 4063 4062 4062 4062 4062 4062 4062
2265 1777280979 3550 3695 388 3645 3583 3625 3625 3593 4061 4061 4061 4061 4061 4061 4061 4061
2266 1777280979 3551 3696 389 3646 3584 3626 3626 3594 4063 4063 4062 4062 4062 4062 4062 4062
2267 1777280979 3551 3696 388 3645 3583 3625 3626 3594 4061 4061 4061 4061 4061 4061 4061 4061
2268 1777280979 3552 3697 388 3646 3584 3627 3626 3595 4063 4062 4062 4062 4062 4062 4062 4062
2269 1777280979 3552 3696 388 3645 3584 3626 3626 3594 4063 4061 4061 4061 4061 4061 4061 4061
2270 1777280979 3551 3696 388 3645 3583 3625 3625 3594 4063 4063 4063 4063 4063 4063 4063 4063
2271 1777280979 3551 3696 388 3645 3583 3625 3626 3594 4063 4063 4062 4062 4062 4062 4062 4062
2272 1777280979 3550 3695 388 3644 3583 3625 3625 3593 4063 4063 4062 4062 4062 4062 4062 4062
2273 1777280979 3552 3697 388 3646 3585 3627 3627 3595 4063 4063 4063 4063 4063 4063 4063 4063
2274 1777280979 3552 3696 388 3646 3584 3625 3626 3594 4063 4063 4063 4063 4063 4063 4063 4063
2275 1777280979 3551 3696 388 3646 3583 3626 3626 3594 4063 4063 4062 4062 4062 4062 4062 4062
2276 1777280979 3551 3695 387 3646 3583 3626 3626 3594 4063 4063 4062 4062 4062 4062 4062 4062
2277 1777280979 3551 3695 388 3645 3583 3625 3624 3593 4063 4063 4063 4063 4063 4063 4063 4063
2278 1777280979 3552 3696 388 3646 3584 3626 3626 3593 4063 4063 4063 4063 4063 4063 4063 4063
2279 1777280979 3552 3697 388 3646 3584 3626 3626 3594 4063 4063 4062 4062 4062 4062 4062 4062
2280 1777280979 3551 3696 388 3646 3584 3626 3626 3594 4063 4063 4062 4062 4062 4062 4062 4062
2281 1777280979 3552 3696 388 3645 3583 3625 3626 3594 4063 4062 4062 4062 4062 4062 4062 4062
2282 1777280979 3551 3696 388 3646 3584 3626 3626 3593 4063 4063 4062 4062 4062 4062 4062 4062
2283 1777280979 3552 3696 388 3646 3584 3626 3626 3594 4061 4061 4061 4061 4061 4061 4061 4061
2284 1777280979 3551 3696 388 3645 3583 3626 3626 3593 4063 4063 4062 4062 4062 4062 4062 4062
2285 1777280979 3551 3696 388 3645 3583 3626 3626 3594 4063 4063 4063 4063 4063 4063 4063 4063
2286 1777280979 3552 3697 388 3647 3584 3627 3627 3595 4061 4061 4061 4061 4061 4061 4061 4061
2287 1777280979 3552 3696 388 3646 3584 3626 3626 3594 4063 4063 4062 4062 4062 4062 4062 4062
2288 1777280979 3551 3696 387 3646 3584 3626 3626 3594 4063 4063 4062 4062 4062 4062 4062 4062
2289 1777280979 3551 3696 388 3645 3583 3626 3626 3594 4063 4063 4063 4063 4063 4063 4063 4063
2290 1777280979 3552 3696 389 3645 3583 3625 3625 3594 4063 4063 4063 4063 4063 4063 4063 4063
2291 1777280979 3551 3695 388 3645 3583 3625 3625 3593 4063 4063 4062 4062 4062 4062 4062 4062
2292 1777280979 3551 3696 388 3646 3584 3626 3626 3595 4063 4063 4062 4062 4062 4062 4062 4062
2293 1777280979 3552 3696 388 3646 3584 3626 3627 3594 4062 4061 4061 4061 4061 4061 4061 4061
2294 1777280979 3552 3696 388 3646 3584 3626 3626 3594 4063 4063 4063 4063 4063 4063 4063 4063
2295 1777280979 3551 3696 388 3645 3584 3626 3626 3594 4063 4063 4062 4062 4062 4062 4062 4062
2296 1777280979 3552 3696 388 3646 3584 3626 3626 3594 4063 4063 4063 4063 4063 4063 4063 4063
2297 1777280979 3553 3698 390 3647 3585 3627 3628 3595 4061 4061 4061 4061 4061 4061 4061 4061
2298 1777280979 3552 3697 389 3645 3584 3626 3625 3594 4063 4061 4061 4061 4061 4061 4061 4061
2299 1777280979 3552 3696 388 3645 3584 3626 3626 3595 4063 4063 4062 4062 4062 4062 4062 4062
2300 1777280979 3553 3697 388 3647 3585 3627 3627 3595 4063 4063 4062 4062 4062 4062 4062 4062
2301 1777280979 3551 3696 389 3645 3584 3625 3625 3593 4063 4063 4062 4062 4062 4062 4062 4062
2302 1777280979 3552 3697 388 3645 3584 3626 3626 3594 4061 4061 4061 4061 4061 4061 4061 4061
2303 1777280979 3549 3694 386 3644 3582 3624 3624 3592 4063 4063 4063 4063 4063 4063 4063 4063
2304 1777280979 3550 3695 387 3644 3583 3624 3624 3592 4061 4061 4061 4061 4061 4061 4061 4061
2305 1777280979 3550 3694 386 3644 3582 3623 3623 3591 4063 4063 4062 4062 4062 4062 4062 4062
2306 1777280979 3550 3695 386 3644 3583 3624 3625 3593 4063 4063 4062 4062 4062 4062 4062 4062
2307 1777280979 3551 3696 386 3645 3583 3625 3625 1672 4063 4063 4062 4062 4062 4062 4062 4062
2308 1777280979 3550 3695 387 3645 3583 3624 3624 3593 4063 4063 4062 4062 4062 4062 4062 4062
2309 1777280979 3550 3695 386 3645 3583 3624 3625 3593 4061 4061 4061 4061 4061 4061 4061 4061
2310 1777280979 3549 3694 386 3644 3581 3624 3624 3592 4063 4063 4063 4063 4063 4063 4063 4063
2311 1777280979 3551 3695 387 3645 3582 3624 3625 3592 4063 4063 4062 4062 4062 4062 4062 4062
2312 1777280979 3549 3693 387 3642 3581 3623 3623 3591 4061 4061 4061 4061 4061 4061 4061 4061
2313 1777280979 3550 3695 386 3644 3581 3624 3624 3592 4063 4063 4062 4062 4062 4062 4062 4062
2314 1777280979 3549 3693 387 3643 3581 3623 3624 3591 4061 4061 4061 4061 4061 4061 4061 4061
2315 1777280979 3550 3694 386 3643 3582 3624 3624 3592 4063 4063 4062 4062 4062 4062 4062 4062
2316 1777280979 3550 3695 387 3644 3582 3624 3624 3592 4063 4063 4063 4063 4063 4063 4063 4063
2317 1777280979 3550 3694 386 3645 3582 3625 3625 3593 4063 4063 4063 4063 4063 4063 4063 4063
2318 1777280979 3550 3695 387 3644 3582 3624 3624 3593 4063 4063 4062 4062 4062 4062 4062 4062
2319 1777280979 3550 3694 387 3643 3582 3624 3624 3592 4063 4063 4063 4063 4063 4063 4063 4063
2320 1777280979 3550 3694 386 3644 3582 3624 3624 3591 4065 4063 4063 4063 4063 4063 4063 4063
2321 1777280979 3550 3694 387 3644 3581 3623 3623 3592 4063 4063 4062 4062 4062 4062 4062 4062
2322 1777280979 3549 3693 387 3644 3582 3624 3624 3592 4063 4063 4063 4063 4063 4063 4063 4063
2323 1777280979 3550 3694 387 3643 3582 3624 3624 3592 4061 4061 4061 4061 4061 4061 4061 4061
2324 1777280979 3551 3696 387 3645 3583 3625 3625 3593 4063 4063 4062 4062 4062 4062 4062 4062
2325 1777280979 3550 3694 387 3644 3582 3624 3625 3592 4061 4061 4060 4060 4060 4060 4060 4060
2326 1777280979 3550 3694 387 3644 3582 3624 3624 3592 4063 4063 4062 4062 4062 4062 4062 4062
2327 1777280979 3550 3695 387 3644 3583 3625 3625 3593 4063 4063 4063 4063 4063 4063 4063 4063
2328 1777280979 3549 3694 387 3644 3582 3624 3624 3592 4061 4061 4061 4061 4061 4061 4061 4061
2329 1777280979 3550 3694 386 3645 3582 3624 3624 3592 4063 4063 4063 4063 4063 4063 4063 4063
2330 1777280979 3552 3697 387 3646 3584 3626 1286 1636 4063 4063 4062 4062 4062 4062 4062 4062
2331 1777280979 3550 3695 387 3644 3582 3624 3624 3592 4063 4063 4062 4062 4062 4062 4062 4062
2332 1777280979 3551 3695 387 3645 3583 3625 3625 3593 4061 4061 4060 4060 4060 4060 4060 4060
2333 1777280979 3550 3694 387 3644 3582 3624 3624 3592 4063 4063 4062 4062 4062 4062 4062 4062
2334 1777280979 3549 3695 387 3644 3583 3624 3625 3593 4063 4062 4062 4062 4062 4062 4062 4062
2335 1777280979 3550 3694 387 3644 3582 3624 3624 3592 4063 4063 4063 4063 4063 4063 4063 4063
2336 1777280979 3550 3694 387 3644 3582 3624 3624 3592 4061 4061 4061 4061 4061 4061 4061 4061
2337 1777280979 3550 3694 387 3645 3582 3624 3624 3592 4063 4061 4061 4061 4061 4061 4061 4061
2338 1777280979 3550 3695 387 3644 3583 3625 3625 3592 4063 4063 4062 4062 4062 4062 4062 4062
2339 1777280979 3549 3694 386 3643 3582 3624 3624 3592 4061 4061 4061 4061 4061 4061 4061 4061
2340 1777280979 3550 3695 387 3644 3583 3625 3625 3593 4063 4063 4062 4062 4062 4062 4062 4062
2341 1777280980 3550 3694 387 3644 3582 3624 3624 3592 4063 4063 4063 4063 4063 4063 4063 4063
2342 1777280980 3550 3694 387 3644 3582 3624 3624 3592 4063 4062 4062 4062 4062 4062 4062 4062
2343 1777280980 3550 3695 386 3644 3582 3624 3624 3592 4061 4061 4061 4061 4061 4061 4061 4061
2344 1777280980 3549 3694 387 3644 3582 3624 3624 3592 4063 4063 4062 4062 4062 4062 4062 4062
2345 1777280980 3550 3695 387 3644 3583 3624 3625 3592 4061 4061 4061 4061 4061 4061 4061 4061
2346 1777280980 3550 3694 386 3644 3582 3624 3624 3592 4063 4062 4062 4062 4062 4062 4062 4062
2347 1777280980 3550 3695 387 3644 3582 3624 3624 3593 4063 4063 4062 4062 4062 4062 4062 4062
2348 1777280980 3550 3694 387 3644 3582 3624 3624 3592 4063 4063 4062 4062 4062 4062 4062 4062
2349 1777280980 3551 3695 387 3645 3583 3625 3626 3593 4063 4063 4062 4062 4062 4062 4062 4062
2350 1777280980 3550 3694 387 3644 3582 3624 3625 3592 4063 4063 4062 4062 4062 4062 4062 4062
2351 1777280980 3550 3694 387 3645 3581 3624 3624 3592 4063 4063 4062 4062 4062 4062 4062 4062
2352 1777280980 3551 3696 387 3645 3583 3625 3625 3593 4063 4063 4062 4062 4062 4062 4062 4062
2353 1777280980 3551 3694 387 3645 3583 3625 3625 3593 4063 4063 4062 4062 4062 4062 4062 4062
2354 1777280980 3550 3695 387 3644 3582 3624 3624 3592 4063 4062 4062 4062 4062 4062 4062 4062
2355 1777280980 3550 3695 387 3645 3583 3625 3625 3593 4063 4063 4062 4062 4062 4062 4062 4062
2356 1777280980 3550 3694 387 3644 3582 3624 3625 3592 4061 4061 4061 4061 4061 4061 4061 4061
2357 1777280980 3550 3695 387 3645 3583 3625 3625 3593 4061 4061 4061 4061 4061 4061 4061 4061
2358 1777280980 3550 3695 386 3644 3582 3624 3624 3592 4063 4063 4063 4063 4063 4063 4063 4063
2359 1777280980 3550 3694 387 3644 3582 3624 3625 3593 4061 4061 4061 4061 4061 4061 4061 4061
2360 1777280980 3551 3695 387 3644 3583 3625 3625 3593 4063 4063 4062 4062 4062 4062 4062 4062
2361 1777280980 3550 3695 387 3644 3582 3625 3625 3593 4063 4063 4062 4062 4062 4062 4062 4062
2362 1777280980 3551 3695 387 3644 3582 3624 3624 3592 4061 4061 4061 4061 4061 4061 4061 4061
2363 1777280980 3550 3695 388 3645 3583 3624 3625 3592 4063 4063 4062 4062 4062 4062 4062 4062
2364 1777280980 3550 3694 387 3644 3582 3624 3623 3592 4063 4063 4062 4062 4062 4062 4062 4062
2365 1777280980 3550 3694 387 3644 3582 3624 3624 3593 4063 4063 4062 4062 4062 4062 4062 4062
2366 1777280980 3550 3695 387 3644 3583 3624 3625 3593 4063 4063 4062 4062 4062 4062 4062 4062
2367 1777280980 3551 3695 387 3645 3583 3625 3625 3593 4063 4063 4062 4062 4062 4062 4062 4062
2368 1777280980 3550 3695 387 3645 3582 3624 3625 3593 4063 4063 4062 4062 4062 4062 4062 4062
2369 1777280980 3551 3695 386 3644 3582 3624 3625 3592 4063 4063 4062 4062 4062 4062 4062 4062
2370 1777280980 3551 3695 387 3644 3583 3624 3625 3593 4063 4063 4062 4062 4062 4062 4062 4062
2371 1777280980 3550 3694 387 3643 3582 3625 3625 3593 4063 4063 4063 4063 4063 4063 4063 4063
2372 1777280980 3550 3695 387 3642 3582 3624 3624 3592 4063 4063 4062 4062 4062 4062 4062 4062
2373 1777280980 3550 3694 386 3644 3582 3624 3623 3592 4063 4063 4062 4062 4062 4062 4062 4062
2374 1777280980 3551 3695 387 3644 3582 3625 3625 3593 4063 4063 4063 4063 4063 4063 4063 4063
2375 1777280980 3549 3694 387 3643 3582 3624 3624 3592 4063 4063 4063 4063 4063 4063 4063 4063
2376 1777280980 3551 3695 387 3645 3583 3625 3625 3593 4063 4063 4062 4062 4062 4062 4062 4062
2377 1777280980 3550 3695 387 3645 3583 3625 3625 3594 4063 4063 4062 4062 4062 4062 4062 4062
2378 1777280988 3548 3692 388 3642 3580 3623 3623 3591 4063 4063 4063 4063 4063 4063 4063 4063
2379 1777280988 3550 3694 387 3643 3581 3623 3624 3592 4063 4063 4062 4062 4062 4062 4062 4062
2380 1777280988 3549 3693 386 3643 3581 3622 3623 3591 4061 4061 4061 4061 4061 4061 4061 4061
2381 1777280988 3550 3694 387 3644 3582 3624 3624 3592 4063 4063 4062 4062 4062 4062 4062 4062
2382 1777280988 3549 3693 387 3643 3581 3623 3623 3591 4063 4063 4063 4063 4063 4063 4063 4063
2383 1777280988 3550 3694 387 3644 3581 3624 3624 3592 4061 4061 4061 4061 4061 4061 4061 4061
2384 1777280988 3550 3694 387 3644 3582 3624 3625 3592 4063 4063 4062 4062 4062 4062 4062 4062
2385 1777280988 3549 3693 387 3643 3581 3624 3624 3592 4063 4062 4062 4062 4062 4062 4062 4062
2386 1777280988 3551 3696 387 3645 3583 3625 3625 1706 4063 4063 4062 4062 4062 4062 4062 4062
2387 1777280988 3550 3694 387 3644 3582 3624 3624 3592 4063 4063 4063 4063 4063 4063 4063 4063
2388 1777280988 3550 3694 387 3644 3582 3624 3624 3592 4061 4061 4061 4061 4061 4061 4061 4061
2389 1777280988 3551 3696 387 3645 3583 3625 3625 3593 4063 4061 4061 4061 4061 4061 4061 4061
2390 1777280988 3550 3695 388 3644 3582 3624 3624 3592 4063 4063 4063 4063 4063 4063 4063 4063
2391 1777280988 3550 3694 387 3644 3582 3624 3624 3592 4063 4063 4063 4063 4063 4063 4063 4063
2392 1777280988 3550 3694 387 3644 3582 3624 3625 3592 4063 4063 4062 4062 4062 4062 4062 4062
2393 1777280988 3550 3695 387 3644 3582 3624 3624 3592 4063 4063 4063 4063 4063 4063 4063 4063
2394 1777280988 3550 3695 388 3644 3582 3624 3624 3593 4063 4063 4063 4063 4063 4063 4063 4063
2395 1777280988 3550 3694 387 3644 3582 3623 3623 3592 4061 4061 4061 4061 4061 4061 4061 4061
2396 1777280988 3551 3695 387 3645 3582 3625 3624 3592 4063 4063 4062 4062 4062 4062 4062 4062
2397 1777280988 3551 3696 387 3645 3583 3625 3626 3594 4063 4063 4062 4062 4062 4062 4062 4062
2398 1777280988 3550 3694 387 3643 3581 3624 3624 3592 4063 4063 4063 4063 4063 4063 4063 4063
2399 1777280988 3549 3694 387 3644 3582 3624 3624 3592 4063 4063 4062 4062 4062 4062 4062 4062
2400 1777280988 3550 3694 387 3644 3582 3623 3624 3592 4063 4063 4062 4062 4062 4062 4062 4062
2401 1777280988 3550 3694 387 3644 3583 3625 3625 3593 4063 4062 4062 4062 4062 4062 4062 4062
2402 1777280988 3550 3695 386 3643 3583 3624 3624 3592 4063 4063 4062 4062 4062 4062 4062 4062
2403 1777280988 3550 3694 387 3644 3582 3624 3624 3592 4063 4063 4063 4063 4063 4063 4063 4063
2404 1777280988 3551 3695 387 3645 3583 3625 3625 3593 4063 4063 4062 4062 4062 4062 4062 4062
2405 1777280988 3550 3695 387 3644 3582 3624 3624 3593 4063 4063 4063 4063 4063 4063 4063 4063
2406 1777280988 3549 3694 387 3643 3582 3624 3624 3592 4061 4061 4061 4061 4061 4061 4061 4061
2407 1777280988 3550 3695 387 3644 3583 3624 3625 3593 4061 4061 4061 4061 4061 4061 4061 4061
2408 1777280988 3550 3695 387 3644 3582 3624 3625 3593 4063 4062 4062 4062 4062 4062 4062 4062
2409 1777280988 3553 3698 387 3648 3585 3627 3627 3595 4063 4063 4062 4062 4062 4062 4062 4062
2410 1777280988 3550 3695 387 3645 3583 3624 3624 3593 4063 4063 4063 4063 4063 4063 4063 4063
2411 1777280988 3551 3695 387 3645 3583 3625 3625 3593 4063 4063 4062 4062 4062 4062 4062 4062
2412 1777280988 3550 3694 387 3645 3583 3625 3625 3592 4063 4063 4062 4062 4062 4062 4062 4062
2413 1777280988 3550 3694 387 3644 3582 3625 3625 3592 4063 4063 4062 4062 4062 4062 4062 4062
2414 1777280988 3550 3694 387 3643 3582 3624 3624 3592 4063 4062 4062 4062 4062 4062 4062 4062
2415 1777280988 3550 3694 387 3644 3582 3624 3624 3592 4063 4063 4062 4062 4062 4062 4062 4062
2416 1777280988 3549 3694 387 3644 3582 3624 3624 3591 4063 4062 4062 4062 4062 4062 4062 4062
2417 1777280988 3550 3694 387 3644 3582 3624 3624 3592 4063 4063 4062 4062 4062 4062 4062 4062
2418 1777280988 3549 3694 388 3643 3582 3624 3624 3592 4063 4063 4062 4062 4062 4062 4062 4062
2419 1777280988 3551 3695 387 3645 3583 3625 3625 3593 4063 4063 4063 4063 4063 4063 4063 4063
2420 1777280988 3550 3694 387 3644 3582 3625 3624 3592 4063 4063 4062 4062 4062 4062 4062 4062
2421 1777280989 3550 3694 387 3644 3582 3624 3625 3593 4061 4061 4061 4061 4061 4061 4061 4061
2422 1777280989 3550 3694 387 3644 3582 3624 3624 3592 4063 4063 4063 4063 4063 4063 4063 4063
2423 1777280989 3551 3695 387 3645 3584 3626 3626 3594 4063 4063 4062 4062 4062 4062 4062 4062
2424 1777280989 3550 3695 390 3644 3582 3625 3625 3592 4063 4063 4062 4062 4062 4062 4062 4062
2425 1777280989 3550 3694 389 3644 3582 3624 3625 3593 4061 4061 4061 4061 4061 4061 4061 4061
2426 1777280989 3550 3695 388 3644 3583 3625 3625 3593 4063 4063 4062 4062 4062 4062 4062 4062
2427 1777280989 3551 3695 387 3644 3583 3625 3625 3593 4063 4063 4063 4063 4063 4063 4063 4063
2428 1777280989 3550 3695 387 3645 3583 3624 3624 3593 4063 4063 4062 4062 4062 4062 4062 4062
2429 1777280989 3551 3695 388 3644 3582 3625 3625 3593 4063 4062 4062 4062 4062 4062 4062 4062
2430 1777280989 3551 3696 387 3645 3583 3625 3625 3594 4063 4063 4062 4062 4062 4062 4062 4062
2431 1777280989 3550 3695 387 3644 3582 3625 3624 3593 4063 4063 4063 4063 4063 4063 4063 4063
2432 1777280989 3550 3695 388 3645 3582 3625 3625 3593 4061 4061 4061 4061 4061 4061 4061 4061
2433 1777280989 3550 3694 387 3644 3583 3625 3625 3593 4063 4063 4062 4062 4062 4062 4062 4062
2434 1777280989 3550 3694 388 3643 3582 3624 3624 3593 4059 4059 4059 4059 4059 4059 4059 4059
2435 1777280989 3551 3695 387 3645 3583 3626 3625 3594 4057 4057 4057 4057 4057 4057 4057 4057
2436 1777280989 3551 3696 387 3645 3583 3626 3626 3594 4063 4063 4062 4062 4062 4062 4062 4062
2437 1777280989 3552 3696 388 3645 3583 3625 3626 3594 4063 4063 4062 4062 4062 4062 4062 4062
2438 1777280989 3551 3696 387 3646 3584 3626 3625 3593 4061 4061 4061 4061 4061 4061 4061 4061
2439 1777280989 3550 3695 387 3644 3583 3625 3625 3593 4063 4063 4063 4063 4063 4063 4063 4063
2440 1777280989 3551 3695 388 3644 3583 3625 3625 3594 4063 4063 4062 4062 4062 4062 4062 4062
2441 1777280989 3551 3695 387 3646 3583 3626 3626 3593 4063 4063 4062 4062 4062 4062 4062 4062
2442 1777280989 3550 3694 388 3643 3582 3624 3625 3592 4061 4061 4061 4061 4061 4061 4061 4061
2443 1777280989 3551 3695 387 3645 3583 3625 3626 3594 4061 4061 4061 4061 4061 4061 4061 4061
2444 1777280989 3551 3695 387 3645 3583 3625 3625 3594 4063 4063 4062 4062 4062 4062 4062 4062
2445 1777280989 3551 3695 387 3644 3583 3624 3624 3592 4063 4063 4062 4062 4062 4062 4062 4062
2446 1777280989 3550 3696 387 3645 3583 3625 3625 3593 4063 4063 4062 4062 4062 4062 4062 4062
2447 1777280989 3551 3695 387 3645 3583 3625 3624 3592 4063 4063 4063 4063 4063 4063 4063 4063
2448 1777280989 3550 3695 387 3644 3582 3624 3625 3593 4063 4063 4063 4063 4063 4063 4063 4063
2449 1777280989 3551 3695 387 3644 3583 3624 3625 3593 4063 4063 4062 4062 4062 4062 4062 4062
2450 1777280989 3552 3696 388 3646 3584 3626 3626 3594 4063 4063 4062 4062 4062 4062 4062 4062
2451 1777280989 3551 3695 387 3644 3583 3625 3625 3593 4063 4063 4062 4062 4062 4062 4062 4062
2452 1777280989 3550 3695 388 3645 3583 3626 3626 3593 4063 4063 4062 4062 4062 4062 4062 4062
2453 1777280989 3553 3697 387 3647 3585 3627 3627 3595 4063 4063 4062 4062 4062 4062 4062 4062
2454 1777280989 3551 3696 388 3646 3584 3626 3626 3594 4063 4063 4063 4063 4063 4063 4063 4063
2455 1777280989 3551 3695 387 3645 3583 3625 3625 3593 4059 4059 4058 4058 4058 4058 4058 4058
2456 1777280989 3550 3695 387 3645 3583 3625 3625 3593 4061 4061 4061 4061 4061 4061 4061 4061
2457 1777280989 3550 3695 389 3644 3582 3625 3625 3593 4063 4063 4063 4063 4063 4063 4063 4063
2458 1777280989 3550 3695 388 3644 3582 3625 3625 3593 4063 4063 4063 4063 4063 4063 4063 4063
2459 1777280989 3551 3695 388 3644 3582 3624 3625 3593 4063 4063 4062 4062 4062 4062 4062 4062
2460 1777280989 3551 3696 387 3645 3583 3625 3625 3593 4063 4063 4062 4062 4062 4062 4062 4062
2461 1777280989 3550 3695 387 3644 3582 3625 3625 3593 4063 4063 4063 4063 4063 4063 4063 4063
2462 1777280989 3551 3696 388 3646 3584 3626 3626 3594 4061 4061 4061 4061 4061 4061 4061 4061
2463 1777280989 3550 3696 387 3645 3583 3626 3625 3593 4063 4063 4063 4063 4063 4063 4063 4063
2464 1777280989 3552 3697 388 3645 3584 3626 3627 3595 4062 4062 4062 4062 4062 4062 4062 4062
2465 1777280989 3551 3696 387 3644 3584 3625 3626 3594 4061 4061 4061 4061 4061 4061 4061 4061
2466 1777280989 3551 3696 388 3646 3584 3626 3626 3594 4063 4063 4062 4062 4062 4062 4062 4062
2467 1777280989 3551 3696 388 3645 3583 3625 3625 3593 4063 4063 4063 4063 4063 4063 4063 4063
2468 1777280989 3551 3695 387 3645 3583 3625 3625 3593 4063 4063 4062 4062 4062 4062 4062 4062
2469 1777280989 3551 3695 388 3645 3583 3625 3625 3594 4063 4063 4062 4062 4062 4062 4062 4062
2470 1777280989 3551 3696 388 3646 3584 3625 3625 3594 4061 4061 4061 4061 4061 4061 4061 4061
2471 1777280989 3550 3695 387 3645 3583 3625 3625 3594 4063 4062 4062 4062 4062 4062 4062 4062
2472 1777280989 3552 3697 387 3647 3585 3626 3626 3594 4063 4063 4062 4062 4062 4062 4062 4062
2473 1777280989 3552 3696 388 3646 3584 3626 3626 3594 4061 4060 4060 4060 4060 4060 4060 4060
2474 1777280989 3552 3696 388 3645 3583 3625 3625 3592 4063 4063 4062 4062 4062 4062 4062 4062
2475 1777280989 3552 3697 387 3646 3584 3627 3626 3595 4063 4063 4062 4062 4062 4062 4062 4062
2476 1777280989 3551 3695 388 3645 3583 3626 3626 3594 4063 4063 4063 4063 4063 4063 4063 4063
2477 1777280989 3552 3696 388 3645 3584 3625 3626 3593 4063 4063 4062 4062 4062 4062 4062 4062
2478 1777280989 3551 3696 388 3646 3584 3626 3626 3594 4063 4063 4062 4062 4062 4062 4062 4062
2479 1777280989 3550 3695 388 3645 3583 3626 3626 3594 4063 4062 4062 4062 4062 4062 4062 4062
2480 1777280989 3551 3695 388 3645 3583 3625 3626 3594 4061 4061 4061 4061 4061 4061 4061 4061
2481 1777280989 3550 3695 389 3644 3583 3625 3625 3593 4061 4061 4061 4061 4061 4061 4061 4061
2482 1777280989 3550 3695 388 3644 3582 3624 3625 3593 4063 4063 4062 4062 4062 4062 4062 4062
2483 1777280989 3551 3695 388 3645 3583 3625 3626 3594 4063 4063 4062 4062 4062 4062 4062 4062
2484 1777280989 3551 3696 387 3646 3584 3626 3626 3594 4063 4063 4062 4062 4062 4062 4062 4062
2485 1777280989 3551 3695 388 3644 3583 3625 3625 3593 4061 4061 4061 4061 4061 4061 4061 4061
2486 1777280989 3551 3696 388 3645 3584 3625 3625 3594 4063 4063 4063 4063 4063 4063 4063 4063
2487 1777280990 3550 3695 387 3644 3583 3625 3625 3593 4063 4063 4062 4062 4062 4062 4062 4062
2488 1777280990 3551 3695 388 3645 3583 3625 3625 3593 4063 4063 4063 4063 4063 4063 4063 4063
2489 1777280990 3551 3695 389 3645 3583 3625 3625 3594 4061 4061 4061 4061 4061 4061 4061 4061
2490 1777280990 3550 3695 388 3645 3582 3625 3625 3593 4063 4063 4062 4062 4062 4062 4062 4062
2491 1777280990 3550 3695 388 3644 3583 3625 3626 3594 4063 4063 4062 4062 4062 4062 4062 4062
2492 1777280990 3551 3696 387 3645 3584 3626 3626 3594 4063 4063 4062 4062 4062 4062 4062 4062
2493 1777280990 3551 3695 389 3644 3583 3625 3626 3594 4063 4063 4063 4063 4063 4063 4063 4063
2494 1777280990 3552 3696 388 3645 3583 3625 3625 3594 4063 4063 4063 4063 4063 4063 4063 4063
2495 1777280998 3549 3694 388 3644 3582 3623 3624 3592 4061 4061 4061 4061 4061 4061 4061 4061
2496 1777280998 3549 3694 388 3644 3582 3624 3624 3592 4063 4063 4063 4063 4063 4063 4063 4063
2497 1777280998 3550 3695 388 3643 3582 3624 3625 3593 4063 4063 4062 4062 4062 4062 4062 4062
2498 1777280998 3551 3696 387 3645 3584 3626 3626 3594 4061 4061 4061 4061 4061 4061 4061 4061
2499 1777280998 3550 3694 388 3644 3582 3625 3625 3592 4063 4062 4062 4062 4062 4062 4062 4062
2500 1777280998 3550 3695 388 3644 3583 3625 3625 3592 4063 4063 4062 4062 4062 4062 4062 4062
2501 1777280998 3551 3696 388 3645 3583 3625 3625 3593 4061 4061 4060 4060 4060 4060 4060 4060
2502 1777280998 3552 3696 387 3646 3584 3627 3627 3594 4065 4063 4063 4063 4063 4063 4063 4063
2503 1777280998 3551 3696 387 3645 3583 3625 3625 3593 4063 4063 4062 4062 4062 4062 4062 4062
2504 1777280998 1548 3695 389 3645 3584 3626 3626 3595 4063 4063 4063 4063 4063 4063 4063 4063
2505 1777280998 3551 3695 388 3645 3583 3626 3626 3594 4063 4063 4062 4062 4062 4062 4062 4062
2506 1777280998 3550 3695 387 3644 3583 3624 3624 3593 4063 4063 4062 4062 4062 4062 4062 4062
2507 1777280998 3551 3695 388 3645 3583 3625 3625 3593 4063 4063 4062 4062 4062 4062 4062 4062
2508 1777280998 3551 3696 389 3645 3583 3626 3626 3594 4063 4063 4062 4062 4062 4062 4062 4062
2509 1777280998 3550 3695 388 3644 3583 3625 3625 3593 4063 4063 4062 4062 4062 4062 4062 4062
2510 1777280998 3551 3695 387 3645 3582 3624 3625 3593 4063 4063 4062 4062 4062 4062 4062 4062
2511 1777280998 3551 3695 388 3644 3582 3624 3625 3593 4063 4063 4063 4063 4063 4063 4063 4063
2512 1777280998 3551 3695 389 3644 3584 3625 3625 3593 4063 4063 4062 4062 4062 4062 4062 4062
2513 1777280998 3550 3695 388 3644 3583 3625 3625 3593 4063 4063 4062 4062 4062 4062 4062 4062
2514 1777280998 3551 3696 388 3646 3584 3626 3626 3594 4063 4063 4062 4062 4062 4062 4062 4062
2515 1777280998 3551 3696 388 3645 3584 3626 3626 3594 4063 4063 4062 4062 4062 4062 4062 4062
2516 1777280998 3551 3695 388 3644 3583 3625 3625 3593 4061 4061 4061 4061 4061 4061 4061 4061
2517 1777280998 3551 3695 388 3645 3583 3625 3625 3593 4061 4061 4061 4061 4061 4061 4061 4061
2518 1777280998 3551 3695 388 3645 3583 3625 3626 3593 4063 4063 4063 4063 4063 4063 4063 4063
2519 1777280998 3551 3696 388 3645 3583 3625 3625 3593 4061 4061 4061 4061 4061 4061 4061 4061
2520 1777280998 3551 3696 389 3645 3583 3625 3626 3594 4063 4063 4063 4063 4063 4063 4063 4063
2521 1777280998 3550 3695 388 3644 3582 3624 3625 3593 4063 4063 4062 4062 4062 4062 4062 4062
2522 1777280998 3552 3696 388 3645 3583 3626 3625 3593 4063 4063 4063 4063 4063 4063 4063 4063
2523 1777280998 3551 3696 388 3645 3584 3625 3626 3593 4065 4063 4063 4063 4063 4063 4063 4063
2524 1777280998 3551 3695 388 3645 3583 3625 3625 3593 4063 4063 4062 4062 4062 4062 4062 4062
2525 1777280998 3551 3695 388 3645 3583 3625 3625 3593 4063 4063 4063 4063 4063 4063 4063 4063
2526 1777280998 3551 3695 388 3646 3584 3626 3627 3594 4063 4063 4062 4062 4062 4062 4062 4062
2527 1777280998 3551 3696 388 3645 3582 3625 3624 3594 4063 4063 4062 4062 4062 4062 4062 4062
2528 1777280998 3551 3696 388 3645 3583 3625 3626 3593 4063 4063 4062 4062 4062 4062 4062 4062
2529 1777280998 3552 3696 388 3647 3584 3627 3627 3595 4061 4061 4061 4061 4061 4061 4061 4061
2530 1777280998 3551 3695 388 3645 3583 3625 3625 3593 4061 4061 4061 4061 4061 4061 4061 4061
2531 1777280998 3550 3695 388 3645 3583 3625 3625 3593 4063 4063 4063 4063 4063 4063 4063 4063
2532 1777280998 3551 3696 389 3646 3584 3626 3626 3594 4063 4063 4062 4062 4062 4062 4062 4062
2533 1777280998 3552 3697 388 3646 3584 3626 3627 3595 4063 4063 4062 4062 4062 4062 4062 4062
2534 1777280998 364 3694 388 3646 3584 3626 3626 3594 4063 4062 4062 4062 4062 4062 4062 4062
2535 1777280998 3551 3696 389 3645 3584 3626 3626 3594 4063 4063 4062 4062 4062 4062 4062 4062
2536 1777280998 3550 3695 389 3644 3583 3625 3625 3593 4063 4063 4063 4063 4063 4063 4063 4063
2537 1777280998 3552 3697 388 3646 3584 3626 3626 3594 4063 4063 4062 4062 4062 4062 4062 4062
2538 1777280998 3551 3696 387 3645 3583 3625 3625 3594 4061 4061 4061 4061 4061 4061 4061 4061
2539 1777280998 3552 3696 388 3646 3584 3626 3626 3594 4061 4061 4061 4061 4061 4061 4061 4061
2540 1777280998 3551 3696 388 3646 3584 3626 3626 3594 4063 4063 4062 4062 4062 4062 4062 4062
2541 1777280998 3552 3697 388 3646 3584 3626 3626 3593 4063 4063 4063 4063 4063 4063 4063 4063
2542 1777280998 3551 3695 388 3645 3583 3625 3625 3593 4061 4061 4061 4061 4061 4061 4061 4061
2543 1777280998 3551 3696 388 3645 3583 3625 3625 3593 4061 4061 4061 4061 4061 4061 4061 4061
2544 1777280998 3551 3696 389 3646 3584 3626 3626 3595 4063 4063 4062 4062 4062 4062 4062 4062
2545 1777280998 3551 3696 388 3645 3583 3625 3626 3593 4063 4063 4062 4062 4062 4062 4062 4062
2546 1777280998 3551 3697 388 3646 3583 3625 3626 3593 4063 4063 4063 4063 4063 4063 4063 4063
2547 1777280998 3550 3695 388 3645 3582 3625 3625 3593 4061 4061 4061 4061 4061 4061 4061 4061
2548 1777280998 3552 3696 389 3646 3585 3626 3626 3594 4063 4062 4062 4062 4062 4062 4062 4062
2549 1777280998 3552 3696 388 3646 3584 3626 3626 3594 4063 4063 4062 4062 4062 4062 4062 4062
2550 1777280998 3552 3697 388 3646 3584 3626 3626 3594 4061 4061 4061 4061 4061 4061 4061 4061
2551 1777280998 3552 3696 390 3646 3584 3626 3626 3594 4063 4063 4062 4062 4062 4062 4062 4062
2552 1777280998 3551 3696 389 3645 3584 3626 3626 3594 4061 4061 4061 4061 4061 4061 4061 4061
2553 1777280998 3552 3696 389 3645 3584 3626 3626 3594 4063 4063 4062 4062 4062 4062 4062 4062
2554 1777280998 3551 3696 388 3646 3584 3626 3626 3594 4063 4063 4063 4063 4063 4063 4063 4063
2555 1777280998 3551 3696 388 3645 3583 3625 3625 3594 4063 4063 4062 4062 4062 4062 4062 4062
2556 1777280998 3550 3695 388 3644 3583 3625 3625 3593 4063 4063 4062 4062 4062 4062 4062 4062
2557 1777280998 3549 3694 386 3643 3581 3624 3623 3592 4063 4063 4063 4063 4063 4063 4063 4063
2558 1777280998 3550 3694 387 3644 3583 3624 3624 3592 4061 4061 4061 4061 4061 4061 4061 4061
2559 1777280998 3549 3694 386 3644 3582 3624 3624 3592 4063 4063 4062 4062 4062 4062 4062 4062
2560 1777280998 3550 3695 386 3644 3582 3624 3625 3593 4063 4063 4062 4062 4062 4062 4062 4062
2561 1777280998 3550 3694 386 3643 3582 3624 3624 3592 4063 4063 4062 4062 4062 4062 4062 4062
2562 1777280998 3551 3695 386 3645 3583 3625 3625 3593 4061 4061 4061 4061 4061 4061 4061 4061
2563 1777280998 3549 3694 386 3644 3582 3624 3624 3592 4063 4063 4062 4062 4062 4062 4062 4062
2564 1777280998 3551 3695 387 3644 3583 3625 3625 3593 4063 4063 4063 4063 4063 4063 4063 4063
2565 1777280998 3549 3694 387 3643 3581 3624 3624 3592 4063 4063 4063 4063 4063 4063 4063 4063
2566 1777280998 3549 3694 387 3644 3581 3624 3624 3592 4061 4061 4061 4061 4061 4061 4061 4061
2567 1777280998 3550 3694 386 3645 3582 3624 3624 3593 4061 4061 4061 4061 4061 4061 4061 4061
2568 1777280998 3550 3695 387 3644 3583 3625 3625 3593 4061 4061 4061 4061 4061 4061 4061 4061
2569 1777280998 3550 3695 387 3644 3583 3624 3624 3593 4059 4059 4058 4058 4058 4058 4058 4058
2570 1777280998 3550 3695 387 3644 3582 3625 3625 3593 4063 4063 4062 4062 4062 4062 4062 4062
2571 1777280998 3549 3694 387 3644 3582 3624 3624 3593 4063 4063 4062 4062 4062 4062 4062 4062
2572 1777280998 3550 3695 387 3644 3583 3625 3625 3593 4061 4061 4060 4060 4060 4060 4060 4060
2573 1777280998 3549 3694 387 3643 3581 3623 3624 3592 4063 4063 4062 4062 4062 4062 4062 4062
2574 1777280999 3550 3694 386 3644 3581 3623 3624 3591 4063 4063 4063 4063 4063 4063 4063 4063
2575 1777280999 3550 3695 386 3644 3582 3624 3624 3592 4063 4063 4062 4062 4062 4062 4062 4062
2576 1777280999 3550 3694 386 3644 3582 3624 3623 3591 4059 4059 4058 4058 4058 4058 4058 4058
2577 1777280999 3550 3695 386 3645 3582 3624 3624 3592 4063 4063 4062 4062 4062 4062 4062 4062
2578 1777280999 3550 3695 386 3644 3582 3624 3624 3592 4061 4061 4061 4061 4061 4061 4061 4061
2579 1777280999 3549 3694 387 3644 3582 3624 3624 3591 4063 4063 4063 4063 4063 4063 4063 4063
2580 1777280999 3550 3695 387 3644 3582 3624 3624 3592 4063 4063 4062 4062 4062 4062 4062 4062
2581 1777280999 3550 3695 386 3644 3582 3624 3624 3592 4063 4063 4062 4062 4062 4062 4062 4062
2582 1777280999 3550 3694 387 3644 3582 3624 3624 3592 4063 4063 4063 4063 4063 4063 4063 4063
2583 1777280999 3550 3695 386 3644 3582 3624 3625 3593 4063 4063 4062 4062 4062 4062 4062 4062
2584 1777280999 3549 3694 386 3643 3582 3624 3624 3591 4063 4063 4062 4062 4062 4062 4062 4062
2585 1777280999 3549 3694 388 3643 3582 3623 3624 3592 4063 4063 4063 4063 4063 4063 4063 4063
2586 1777280999 3550 3694 387 3644 3581 3624 3623 3591 4063 4063 4062 4062 4062 4062 4062 4062
2587 1777280999 3550 3695 387 3644 3582 3624 3624 3592 4061 4061 4061 4061 4061 4061 4061 4061
2588 1777280999 3549 3695 387 3644 3582 3624 3624 3592 4063 4063 4063 4063 4063 4063 4063 4063
2589 1777280999 3550 3695 387 3645 3583 3625 3625 3593 4061 4061 4061 4061 4061 4061 4061 4061
2590 1777280999 3549 3694 387 3644 3582 3624 3624 3592 4063 4063 4063 4063 4063 4063 4063 4063
2591 1777280999 3550 3694 387 3644 3582 3624 3625 3593 4061 4061 4061 4061 4061 4061 4061 4061
2592 1777280999 3550 3694 386 3644 3582 3624 3625 3593 4063 4063 4063 4063 4063 4063 4063 4063
2593 1777280999 3550 3695 386 3643 3582 3624 3624 3592 4061 4061 4061 4061 4061 4061 4061 4061
2594 1777280999 3550 3694 387 3642 3582 3624 3624 3592 4063 4062 4062 4062 4062 4062 4062 4062
2595 1777280999 3550 3694 386 3645 3582 3624 3625 3593 4061 4061 4061 4061 4061 4061 4061 4061
2596 1777280999 3550 3695 387 3644 3582 3624 3624 3593 4063 4063 4062 4062 4062 4062 4062 4062
2597 1777280999 3551 3696 387 3645 3583 3625 3625 3593 4061 4061 4061 4061 4061 4061 4061 4061
2598 1777280999 3550 3695 387 3645 3583 3625 3625 3593 4063 4063 4063 4063 4063 4063 4063 4063
2599 1777280999 3550 3694 387 3644 3582 3624 3625 3593 4063 4063 4062 4062 4062 4062 4062 4062
2600 1777280999 3550 3694 387 3644 3582 3624 3624 3592 4063 4063 4062 4062 4062 4062 4062 4062
2601 1777280999 3550 3694 388 3643 3582 3624 3624 3593 4063 4063 4062 4062 4062 4062 4062 4062
2602 1777280999 3550 3694 387 3644 3582 3624 3625 3592 4063 4063 4062 4062 4062 4062 4062 4062
2603 1777280999 3550 3694 387 3644 3582 3624 3624 3592 4061 4061 4061 4061 4061 4061 4061 4061
2604 1777280999 3550 3695 387 3644 3582 3624 3624 3592 4063 4063 4062 4062 4062 4062 4062 4062
2605 1777280999 3550 3694 387 3645 3583 3625 3625 3593 4063 4063 4062 4062 4062 4062 4062 4062
2606 1777280999 3550 3694 387 3644 3582 3624 3624 3592 4063 4063 4062 4062 4062 4062 4062 4062
2607 1777280999 3550 3695 387 3644 3581 3624 3624 3592 4063 4063 4063 4063 4063 4063 4063 4063
2608 1777280999 3550 3695 387 3644 3583 3625 3625 3593 4063 4063 4063 4063 4063 4063 4063 4063
2609 1777280999 3550 3694 387 3643 3582 3624 3624 3592 4063 4063 4062 4062 4062 4062 4062 4062
2610 1777280999 3550 3695 387 3644 3583 3624 3624 3592 4061 4061 4061 4061 4061 4061 4061 4061
2611 1777280999 3550 3694 387 3644 3582 3624 3624 3593 4063 4062 4062 4062 4062 4062 4062 4062
2612 1777280999 3549 3694 387 3643 3581 3624 3624 3592 4063 4063 4062 4062 4062 4062 4062 4062
2613 1777280999 3550 3695 387 3644 3582 3624 3624 3592 4061 4061 4061 4061 4061 4061 4061 4061
2614 1777280999 3550 3695 387 3645 3582 3625 3625 3593 4063 4063 4063 4063 4063 4063 4063 4063
2615 1777280999 3551 3695 387 3645 3583 3625 3625 3593 4065 4063 4063 4063 4063 4063 4063 4063
2616 1777280999 3550 3695 386 3644 3582 3625 3624 3592 4063 4063 4063 4063 4063 4063 4063 4063
2617 1777280999 3550 3694 388 3644 3582 3624 3625 3593 4063 4063 4062 4062 4062 4062 4062 4062
2618 1777280999 3551 3695 387 3644 3583 3625 3625 3593 4063 4063 4062 4062 4062 4062 4062 4062
2619 1777280999 3549 3694 387 3644 3582 3624 3624 3592 4063 4063 4062 4062 4062 4062 4062 4062
2620 1777280999 3549 3694 387 3644 3582 3624 3624 3592 4063 4063 4062 4062 4062 4062 4062 4062
2621 1777280999 3550 3695 387 3645 3582 3625 3625 3592 4063 4063 4062 4062 4062 4062 4062 4062
2622 1777280999 3550 3694 387 3644 3582 3624 3624 3592 4063 4063 4062 4062 4062 4062 4062 4062
2623 1777280999 3550 3695 387 3645 3582 3624 3625 3593 4063 4063 4063 4063 4063 4063 4063 4063
2624 1777280999 3550 3695 387 3644 3583 3625 3625 3594 4063 4063 4062 4062 4062 4062 4062 4062
2625 1777280999 3551 3695 388 3643 3583 3624 3625 3593 4061 4061 4061 4061 4061 4061 4061 4061
2626 1777280999 3550 3695 387 3642 3582 3624 3624 3592 4063 4063 4062 4062 4062 4062 4062 4062
2627 1777280999 3551 3695 387 3645 3583 3625 3625 3593 4063 4063 4063 4063 4063 4063 4063 4063
2628 1777280999 3551 3695 387 3645 3582 3625 3625 3592 4063 4063 4062 4062 4062 4062 4062 4062
2629 1777280999 3550 3695 387 3645 3583 3625 3625 3593 4063 4063 4062 4062 4062 4062 4062 4062
2630 1777280999 3549 3693 387 3644 3582 3623 3624 3592 4063 4063 4063 4063 4063 4063 4063 4063
2631 1777280999 3550 3695 387 3644 3583 3624 3624 3593 4063 4063 4062 4062 4062 4062 4062 4062
2632 1777280999 3550 3695 387 3644 3582 3624 3624 3592 4061 4061 4061 4061 4061 4061 4061 4061
2633 1777280999 3550 3695 387 3645 3583 3624 3624 3592 4061 4061 4061 4061 4061 4061 4061 4061
2634 1777280999 3550 3695 387 3644 3583 3625 3625 3593 4063 4063 4063 4063 4063 4063 4063 4063
2635 1777280999 3551 3696 387 3645 3583 3626 3626 3593 4063 4063 4063 4063 4063 4063 4063 4063
2636 1777280999 3550 3695 387 3644 3583 3625 3625 3593 4059 4059 4059 4059 4059 4059 4059 4059
2637 1777280999 3551 3695 386 3645 3583 3625 3625 3593 4063 4063 4062 4062 4062 4062 4062 4062
2638 1777280999 3550 3695 387 3644 3582 3624 3624 3593 4061 4061 4061 4061 4061 4061 4061 4061
2639 1777280999 3550 3695 387 3644 3582 3624 3624 3593 4063 4063 4062 4062 4062 4062 4062 4062
2640 1777280999 3551 3695 387 3644 3582 3625 3625 3593 4063 4063 4062 4062 4062 4062 4062 4062
2641 1777281000 3549 3694 388 3644 3582 3624 3624 3592 4063 4063 4062 4062 4062 4062 4062 4062
2642 1777281000 3551 3695 387 3645 3582 3625 3624 3593 4061 4061 4061 4061 4061 4061 4061 4061
2643 1777281000 3550 3694 387 3644 3583 3625 3625 3593 4061 4061 4061 4061 4061 4061 4061 4061
2644 1777281000 3551 3696 387 3645 3583 3625 3625 3593 4063 4063 4063 4063 4063 4063 4063 4063
2645 1777281000 3552 3697 387 3647 3584 3626 3627 3594 4063 4063 4063 4063 4063 4063 4063 4063
2646 1777281000 3551 3695 387 3645 3583 3625 3625 3593 4063 4062 4062 4062 4062 4062 4062 4062
2647 1777281000 3551 3695 387 3645 3583 3625 3625 3593 4061 4061 4060 4060 4060 4060 4060 4060
2648 1777281000 3551 3696 387 3645 3583 3626 3626 3593 4063 4063 4062 4062 4062 4062 4062 4062
2649 1777281000 3551 3695 388 3645 3583 3625 3625 3593 4063 4063 4063 4063 4063 4063 4063 4063
2650 1777281000 3550 3695 387 3645 3583 3625 3625 3593 4061 4061 4061 4061 4061 4061 4061 4061
2651 1777281000 3550 3695 386 3645 3584 3626 3625 3593 4063 4063 4062 4062 4062 4062 4062 4062
2652 1777281000 3550 3695 388 3644 3582 3624 3625 3593 4063 4061 4061 4061 4061 4061 4061 4061
2653 1777281000 3551 3695 386 3645 3583 3625 3625 3593 4063 4063 4063 4063 4063 4063 4063 4063
2654 1777281000 3551 3695 387 3645 3583 3625 3625 3593 4063 4061 4061 4061 4061 4061 4061 4061
2655 1777281000 3551 3696 387 3645 3584 3625 3625 3594 4063 4063 4062 4062 4062 4062 4062 4062
2656 1777281000 3550 3695 387 3644 3582 3624 3624 3592 4063 4063 4062 4062 4062 4062 4062 4062
2657 1777281000 3551 3695 388 3645 3583 3625 3625 3593 4063 4063 4063 4063 4063 4063 4063 4063
2658 1777281000 3551 3695 387 3644 3582 3624 3624 3593 4063 4063 4063 4063 4063 4063 4063 4063
2659 1777281000 3551 3695 387 3645 3583 3625 3625 3593 4063 4063 4063 4063 4063 4063 4063 4063
2660 1777281008 3548 3693 387 3643 3581 3623 3623 3591 4063 4063 4063 4063 4063 4063 4063 4063
2661 1777281008 3549 3693 387 3644 3581 3623 3623 3592 4061 4061 4060 4060 4060 4060 4060 4060
2662 1777281008 3550 3694 387 3644 3582 3624 3624 3593 4063 4063 4062 4062 4062 4062 4062 4062
2663 1777281008 3549 3694 388 3644 3582 3624 3624 3592 4063 4063 4063 4063 4063 4063 4063 4063
2664 1777281008 3550 3695 388 3645 3583 3625 3624 3592 4061 4061 4060 4060 4060 4060 4060 4060
2665 1777281008 3549 3693 387 3642 3581 3623 3623 3592 4063 4063 4063 4063 4063 4063 4063 4063
2666 1777281008 3550 3695 387 3645 3583 3625 3625 3593 4063 4063 4062 4062 4062 4062 4062 4062
2667 1777281008 3549 3694 388 3644 3582 3624 3624 3593 4061 4061 4061 4061 4061 4061 4061 4061
2668 1777281008 3550 3695 387 3645 3583 3624 3624 3593 4063 4063 4062 4062 4062 4062 4062 4062
2669 1777281008 3550 3694 387 3644 3582 3624 3624 3592 4059 4059 4059 4059 4059 4059 4059 4059
2670 1777281008 3550 3694 388 3643 3582 3624 3624 3592 4057 4057 4056 4056 4056 4056 4056 4056
2671 1777281008 3549 3694 387 3644 3581 3624 3624 3592 4061 4061 4061 4061 4061 4061 4061 4061
2672 1777281008 3550 3695 388 3644 3583 3625 3625 3593 4063 4063 4062 4062 4062 4062 4062 4062
2673 1777281008 3549 3694 387 3644 3582 3624 3624 3592 4061 4061 4061 4061 4061 4061 4061 4061
2674 1777281008 3549 3694 387 3644 3582 3625 3625 3592 4063 4063 4063 4063 4063 4063 4063 4063
2675 1777281008 3551 3695 387 3644 3583 3625 3625 3593 4063 4063 4062 4062 4062 4062 4062 4062
2676 1777281008 3551 3696 387 3645 3583 3625 3625 3593 4063 4063 4062 4062 4062 4062 4062 4062
2677 1777281008 3550 3695 387 3645 3583 3625 3624 3592 4063 4063 4062 4062 4062 4062 4062 4062
2678 1777281008 3550 3694 387 3644 3582 3624 3624 3591 4063 4063 4063 4063 4063 4063 4063 4063
2679 1777281008 3549 3694 389 3643 3582 3624 3624 3592 4061 4061 4061 4061 4061 4061 4061 4061
2680 1777281008 3550 3694 388 3644 3582 3624 3624 3592 4065 4063 4063 4063 4063 4063 4063 4063
2681 1777281008 3550 3695 387 3644 3583 3624 3625 3592 4063 4063 4062 4062 4062 4062 4062 4062
2682 1777281008 3550 3694 387 3644 3582 3624 3624 3592 4063 4063 4063 4063 4063 4063 4063 4063
2683 1777281008 3550 3694 387 3644 3583 3624 3624 3593 4063 4063 4062 4062 4062 4062 4062 4062
2684 1777281008 3549 3693 387 3643 3581 3623 3623 3591 4063 4063 4062 4062 4062 4062 4062 4062
2685 1777281008 3550 3695 387 3645 3582 3624 3625 3592 4063 4062 4062 4062 4062 4062 4062 4062
2686 1777281008 3550 3695 388 3644 3582 3624 3625 3593 4063 4063 4063 4063 4063 4063 4063 4063
2687 1777281008 3551 3695 388 3644 3582 3625 3625 3593 4063 4063 4062 4062 4062 4062 4062 4062
2688 1777281008 3550 3694 388 3643 3582 3624 3624 3592 4063 4063 4063 4063 4063 4063 4063 4063
2689 1777281008 3551 3696 387 3646 3584 1688 3625 3593 4063 4063 4062 4062 4062 4062 4062 4062
2690 1777281008 3550 3695 387 3645 3582 3625 3625 3593 4061 4061 4061 4061 4061 4061 4061 4061
2691 1777281008 3550 3695 387 3644 3582 3624 3624 3592 4061 4061 4061 4061 4061 4061 4061 4061
2692 1777281008 3550 3694 387 3645 3583 3624 3625 3592 4061 4061 4061 4061 4061 4061 4061 4061
2693 1777281008 3550 3695 387 3644 3582 3624 3624 3592 4063 4063 4062 4062 4062 4062 4062 4062
2694 1777281008 3551 3696 388 3645 3583 3626 3626 3594 4061 4061 4061 4061 4061 4061 4061 4061
2695 1777281008 3551 3696 387 3646 3584 3625 3625 3593 4063 4063 4062 4062 4062 4062 4062 4062
2696 1777281008 3550 3694 388 3643 3582 3624 3624 3592 4063 4063 4062 4062 4062 4062 4062 4062
2697 1777281008 3550 3694 387 3644 3582 3624 3624 3593 4063 4063 4062 4062 4062 4062 4062 4062
2698 1777281008 3551 3696 388 3646 3584 3626 3626 3594 4063 4063 4062 4062 4062 4062 4062 4062
2699 1777281008 3550 3695 387 3644 3582 3624 3624 3593 4063 4063 4062 4062 4062 4062 4062 4062
2700 1777281008 3551 3695 388 3645 3583 3625 3625 3593 4061 4061 4061 4061 4061 4061 4061 4061
2701 1777281008 3551 3695 387 3645 3583 3625 3625 3593 4063 4063 4063 4063 4063 4063 4063 4063
2702 1777281008 3551 3695 388 3645 3583 3626 3626 3593 4061 4061 4060 4060 4060 4060 4060 4060
2703 1777281016 3549 3694 388 3643 3582 3624 3625 3593 4063 4063 4062 4062 4062 4062 4062 4062
2704 1777281016 3549 3693 387 3642 3581 3623 3623 3591 4063 4063 4062 4062 4062 4062 4062 4062
2705 1777281016 3550 3695 387 3645 3582 3625 3624 3593 4063 4063 4062 4062 4062 4062 4062 4062
2706 1777281016 3550 3695 387 440 3580 3624 3625 3592 4063 4063 4062 4062 4062 4062 4062 4062
2707 1777281016 3551 3695 387 3645 3583 3625 3625 3594 4063 4063 4062 4062 4062 4062 4062 4062
2708 1777281016 3549 3694 387 3644 3582 3624 3624 3592 4063 4063 4062 4062 4062 4062 4062 4062
2709 1777281016 3549 3694 388 3643 3581 3623 3624 3591 4063 4063 4063 4063 4063 4063 4063 4063
2710 1777281016 3550 3695 389 3644 3583 3625 3625 3593 4063 4063 4062 4062 4062 4062 4062 4062
2711 1777281016 3550 3695 388 3645 3583 3625 3624 3593 4061 4061 4061 4061 4061 4061 4061 4061
2712 1777281016 3550 3694 387 3644 3582 3624 3624 3592 4063 4063 4062 4062 4062 4062 4062 4062
2713 1777281016 3550 3694 387 3645 3583 3625 3625 3593 4063 4063 4062 4062 4062 4062 4062 4062
2714 1777281016 3551 3695 388 3645 3583 3625 3625 3593 4063 4063 4062 4062 4062 4062 4062 4062
2715 1777281016 3552 3696 387 3646 3584 3626 3626 3594 4061 4061 4061 4061 4061 4061 4061 4061
2716 1777281016 3551 3696 387 3645 3583 3625 3626 3594 4063 4063 4062 4062 4062 4062 4062 4062
2717 1777281016 3551 3695 388 3645 3583 3625 3625 3593 4063 4063 4062 4062 4062 4062 4062 4062
2718 1777281016 3551 3696 387 3645 3584 3625 3626 3594 4061 4061 4061 4061 4061 4061 4061 4061
2719 1777281016 3550 3694 388 3643 3582 3624 3624 3592 4061 4061 4061 4061 4061 4061 4061 4061
2720 1777281016 3550 3695 388 3645 3583 3625 3626 3593 4065 4063 4063 4063 4063 4063 4063 4063
2721 1777281016 3550 3695 387 3645 3583 3624 3625 3593 4061 4061 4061 4061 4061 4061 4061 4061
2722 1777281016 3550 3695 387 3645 3584 3625 3625 3593 4063 4063 4062 4062 4062 4062 4062 4062
2723 1777281016 3552 3696 388 3646 3583 3625 3626 3594 4063 4063 4062 4062 4062 4062 4062 4062
2724 1777281016 3550 3695 387 3645 3583 3625 3625 3593 4063 4063 4062 4062 4062 4062 4062 4062
2725 1777281016 3550 3695 388 3645 3582 3624 3624 3593 4063 4063 4063 4063 4063 4063 4063 4063
2726 1777281016 3550 3695 388 3645 3583 3625 3625 3593 4063 4062 4062 4062 4062 4062 4062 4062
2727 1777281016 3550 3695 388 3645 3583 3625 3625 3593 4063 4063 4062 4062 4062 4062 4062 4062
2728 1777281016 3550 3694 388 3644 3582 3624 3624 3592 4063 4063 4062 4062 4062 4062 4062 4062
2729 1777281016 3551 3696 388 3645 3583 3626 3625 3594 4063 4063 4063 4063 4063 4063 4063 4063
2730 1777281016 3550 3695 387 3644 3582 3625 3624 3592 4063 4063 4063 4063 4063 4063 4063 4063
2731 1777281016 3550 3695 388 3645 3583 3625 3625 3593 4063 4062 4062 4062 4062 4062 4062 4062
2732 1777281016 3550 3695 387 3645 3583 3625 3625 3593 4065 4063 4063 4063 4063 4063 4063 4063
2733 1777281016 3551 3696 387 3645 3583 3626 3625 3594 4061 4061 4061 4061 4061 4061 4061 4061
2734 1777281024 3549 3693 388 3643 3581 3623 3623 3591 4063 4063 4062 4062 4062 4062 4062 4062
2735 1777281024 3550 3695 387 3644 3582 3624 3624 3592 4063 4063 4062 4062 4062 4062 4062 4062
2736 1777281024 3549 3694 388 3644 3582 3624 3624 3592 4063 4063 4063 4063 4063 4063 4063 4063
2737 1777281024 3550 3694 388 3644 3582 3625 3625 3593 4063 4063 4062 4062 4062 4062 4062 4062
2738 1777281024 3551 3695 388 3645 3583 3625 3625 3593 4063 4063 4063 4063 4063 4063 4063 4063
2739 1777281024 3550 3695 388 3644 3582 3624 3624 3592 4063 4063 4063 4063 4063 4063 4063 4063
2740 1777281024 3551 3696 388 3645 3584 3625 3626 3594 4063 4063 4062 4062 4062 4062 4062 4062
2741 1777281024 3552 3696 389 3646 3584 3625 3625 3594 4063 4063 4063 4063 4063 4063 4063 4063
2742 1777281024 3551 3695 388 3645 3583 3624 3624 3592 4063 4063 4062 4062 4062 4062 4062 4062
2743 1777281024 3550 3694 387 3644 3583 3624 3625 3593 4063 4063 4062 4062 4062 4062 4062 4062
2744 1777281024 3550 3695 388 3645 3583 3625 3625 3593 4063 4063 4063 4063 4063 4063 4063 4063
2745 1777281024 3550 3695 388 3645 3583 3625 3625 3593 4063 4063 4063 4063 4063 4063 4063 4063
2746 1777281024 3550 3694 388 3644 3582 3624 3624 3592 4063 4063 4062 4062 4062 4062 4062 4062
2747 1777281024 3551 3695 388 3644 3583 3625 3625 3594 4063 4063 4062 4062 4062 4062 4062 4062
2748 1777281025 3550 3695 388 3644 3582 3624 3625 3592 4063 4063 4063 4063 4063 4063 4063 4063
2749 1777281025 3551 3696 388 3644 3583 3625 3625 3593 4063 4063 4062 4062 4062 4062 4062 4062
2750 1777281025 3551 3696 388 3645 3583 3625 3625 3593 4063 4063 4063 4063 4063 4063 4063 4063
2751 1777281025 3550 3695 388 3645 3582 3624 3625 3593 4061 4061 4060 4060 4060 4060 4060 4060
2752 1777281025 3550 3696 387 3645 3583 3626 3626 3594 4063 4063 4063 4063 4063 4063 4063 4063
2753 1777281025 3551 3696 388 3645 3583 3625 3626 3593 4063 4063 4062 4062 4062 4062 4062 4062
2754 1777281025 3551 3696 388 3645 3583 3625 3625 3593 4063 4063 4062 4062 4062 4062 4062 4062
2755 1777281025 3552 3696 387 3646 3584 3626 3626 3594 4061 4061 4061 4061 4061 4061 4061 4061
2756 1777281025 3551 3696 388 3645 3583 3625 3625 3593 4061 4061 4061 4061 4061 4061 4061 4061
2757 1777281025 3551 3696 388 3645 3583 3625 3626 3594 4063 4063 4062 4062 4062 4062 4062 4062
2758 1777281025 3550 3695 388 3644 3583 3624 3625 3592 4063 4063 4062 4062 4062 4062 4062 4062
2759 1777281025 3551 3695 388 3645 3583 3625 3625 3593 4063 4063 4063 4063 4063 4063 4063 4063
2760 1777281025 3551 3695 388 3645 3583 3625 3625 3593 4063 4063 4063 4063 4063 4063 4063 4063
2761 1777281025 3550 3695 388 3644 3582 3625 3625 3593 4063 4063 4062 4062 4062 4062 4062 4062
2762 1777281025 3550 3695 388 3645 3583 3625 3625 3592 4061 4061 4060 4060 4060 4060 4060 4060
2763 1777281025 3551 3695 388 3645 3583 3625 3625 3593 4061 4061 4061 4061 4061 4061 4061 4061
2764 1777281025 3552 3697 388 3646 3584 3626 3626 3594 4063 4063 4063 4063 4063 4063 4063 4063
2765 1777281025 3550 3695 388 3644 3583 3625 3625 3593 4063 4063 4062 4062 4062 4062 4062 4062
2766 1777281025 3551 3696 388 3646 3583 3625 3625 3594 4061 4061 4061 4061 4061 4061 4061 4061
2767 1777281025 3551 3695 388 3646 3583 3625 3626 3593 4063 4063 4063 4063 4063 4063 4063 4063
2768 1777281025 3550 3695 388 3645 3582 3625 3625 3593 4065 4063 4063 4063 4063 4063 4063 4063
2769 1777281025 3551 3695 388 3645 3584 3626 3626 3594 4063 4063 4062 4062 4062 4062 4062 4062
2770 1777281025 3551 3696 388 3645 3583 3625 3625 3594 4063 4063 4063 4063 4063 4063 4063 4063
2771 1777281025 3551 3696 387 3645 3583 3625 3625 3593 4063 4063 4062 4062 4062 4062 4062 4062
2772 1777281025 3552 3697 388 3647 3584 3626 3627 3594 4063 4062 4062 4062 4062 4062 4062 4062
2773 1777281025 3551 3696 389 3646 3584 3626 3625 3594 4063 4063 4062 4062 4062 4062 4062 4062
2774 1777281025 3551 3695 388 3645 3583 3624 3624 3593 4063 4063 4062 4062 4062 4062 4062 4062
2775 1777281025 3551 3696 388 3645 3583 3625 3626 3593 4063 4063 4063 4063 4063 4063 4063 4063
2776 1777281025 3550 3695 388 3645 3583 3624 3625 3593 4063 4063 4063 4063 4063 4063 4063 4063
2777 1777281025 3551 3697 388 3646 3584 3626 3626 3593 4063 4063 4062 4062 4062 4062 4062 4062
2778 1777281025 3550 3695 388 3645 3583 3625 3625 3593 4063 4063 4062 4062 4062 4062 4062 4062
2779 1777281025 3551 3696 388 3645 3584 3626 3625 3594 4063 4063 4062 4062 4062 4062 4062 4062
2780 1777281025 3552 3696 388 3645 3584 3626 3626 3594 4061 4061 4061 4061 4061 4061 4061 4061
2781 1777281025 3551 3696 387 3646 3584 3625 3625 3593 4063 4063 4063 4063 4063 4063 4063 4063
2782 1777281025 3551 3695 388 3644 3583 3625 3625 3593 4063 4063 4063 4063 4063 4063 4063 4063
2783 1777281025 3552 3696 388 3646 3583 3625 3626 3594 4057 4057 4057 4057 4057 4057 4057 4057
2784 1777281025 3551 3696 387 3645 3583 3625 3625 3593 4063 4063 4063 4063 4063 4063 4063 4063
2785 1777281025 3551 3697 388 3646 3584 3626 3626 3594 4063 4062 4062 4062 4062 4062 4062 4062
2786 1777281025 3551 3696 388 3645 3583 3625 3625 3593 4063 4063 4063 4063 4063 4063 4063 4063
2787 1777281025 3551 3696 388 3646 3583 3625 3626 3594 4063 4063 4062 4062 4062 4062 4062 4062
2788 1777281025 3553 3697 388 3646 3584 3626 3627 3595 4061 4061 4061 4061 4061 4061 4061 4061
2789 1777281025 3551 3696 388 3646 3584 3625 3625 3594 4063 4063 4062 4062 4062 4062 4062 4062
2790 1777281025 3552 3696 388 3645 3584 3626 3625 3594 4063 4063 4063 4063 4063 4063 4063 4063
2791 1777281025 3550 3695 388 3644 3583 3624 3624 3592 4063 4062 4062 4062 4062 4062 4062 4062
2792 1777281025 3552 3697 388 3647 3584 3626 3626 3594 4063 4063 4062 4062 4062 4062 4062 4062
2793 1777281025 3550 3694 388 3644 3582 3625 3625 3593 4063 4063 4062 4062 4062 4062 4062 4062
2794 1777281025 3552 3697 388 3647 3584 3627 3626 1728 4063 4063 4063 4063 4063 4063 4063 4063
2795 1777281025 3552 3696 388 3646 3584 3626 3626 3594 4063 4063 4063 4063 4063 4063 4063 4063
2796 1777281025 3550 3695 388 3645 3583 3626 3625 3593 4063 4063 4062 4062 4062 4062 4062 4062
2797 1777281025 3551 3696 389 3646 3583 3626 3625 3593 4063 4063 4063 4063 4063 4063 4063 4063
2798 1777281025 3553 3698 388 3647 3585 3627 3627 3595 4063 4063 4063 4063 4063 4063 4063 4063
2799 1777281025 3550 3695 388 3645 3583 3625 3625 3593 4063 4063 4063 4063 4063 4063 4063 4063
2800 1777281025 3553 3697 388 3647 3584 3626 3627 3595 4063 4063 4063 4063 4063 4063 4063 4063
2801 1777281025 3551 3696 388 3645 3584 3625 3626 3593 4063 4063 4062 4062 4062 4062 4062 4062
2802 1777281025 3552 3696 388 3646 3584 3625 3625 3593 4063 4063 4062 4062 4062 4062 4062 4062
2803 1777281025 3551 3695 388 3645 3583 3625 3624 3593 4061 4061 4061 4061 4061 4061 4061 4061
2804 1777281025 3551 3696 388 3645 3584 3626 3626 3594 4063 4063 4063 4063 4063 4063 4063 4063
2805 1777281025 3551 3696 389 3646 3584 3626 3626 3593 4063 4063 4062 4062 4062 4062 4062 4062
2806 1777281025 3551 3696 388 3645 3583 3625 3626 3594 4063 4063 4063 4063 4063 4063 4063 4063
2807 1777281025 3551 3695 388 3645 3583 3625 3626 3594 4063 4063 4063 4063 4063 4063 4063 4063
2808 1777281025 3551 3695 388 3645 3583 3625 3625 3594 4061 4061 4061 4061 4061 4061 4061 4061
2809 1777281025 3551 3695 388 3645 3583 3625 3625 3594 4063 4063 4062 4062 4062 4062 4062 4062
2810 1777281025 3549 3694 387 3643 3582 3623 3623 3592 4063 4063 4062 4062 4062 4062 4062 4062
2811 1777281025 3549 3694 387 3644 3582 3624 3624 3592 4063 4063 4062 4062 4062 4062 4062 4062
2812 1777281025 3550 3694 386 3644 3582 3624 3624 3592 4061 4061 4061 4061 4061 4061 4061 4061
2813 1777281025 3551 3695 386 3644 3583 3625 3625 3593 4063 4063 4063 4063 4063 4063 4063 4063
2814 1777281025 3550 3694 386 3643 3582 3624 3624 3592 4063 4063 4062 4062 4062 4062 4062 4062
2815 1777281025 3550 3695 386 3644 3582 3624 3624 3592 4063 4063 4063 4063 4063 4063 4063 4063
2816 1777281025 3550 3695 387 3645 3582 3624 3625 3593 4063 4063 4063 4063 4063 4063 4063 4063
2817 1777281025 3549 3693 387 3643 3581 3624 3623 3592 4063 4063 4062 4062 4062 4062 4062 4062
2818 1777281025 3550 3694 386 3644 3582 3624 3624 3592 4063 4063 4062 4062 4062 4062 4062 4062
2819 1777281025 3549 3694 387 3643 3582 3623 3624 3592 4063 4063 4062 4062 4062 4062 4062 4062
2820 1777281025 3550 3694 387 3643 3581 3624 3624 3592 4061 4061 4061 4061 4061 4061 4061 4061
2821 1777281025 3549 3693 387 3643 3581 3623 3623 3591 4063 4063 4062 4062 4062 4062 4062 4062
2822 1777281025 3550 3694 386 3643 3581 3623 3623 3591 4063 4063 4063 4063 4063 4063 4063 4063
2823 1777281026 3550 3695 387 3644 3582 3623 3624 3592 4063 4063 4063 4063 4063 4063 4063 4063
2824 1777281026 3549 3694 386 3643 3581 3624 3624 3592 4063 4063 4062 4062 4062 4062 4062 4062
2825 1777281026 3549 3694 387 3644 3582 3624 3624 3593 4063 4063 4063 4063 4063 4063 4063 4063
2826 1777281026 3550 3695 386 3644 3582 3624 3624 3592 4063 4063 4063 4063 4063 4063 4063 4063
2827 1777281026 3550 3694 386 3644 3582 3624 3624 3592 4063 4063 4062 4062 4062 4062 4062 4062
2828 1777281026 3550 3694 386 3644 3582 3623 3624 3592 4061 4061 4061 4061 4061 4061 4061 4061
2829 1777281026 3549 3694 387 3644 3582 3624 3624 3592 4063 4063 4062 4062 4062 4062 4062 4062
2830 1777281026 3549 3694 387 3643 3582 3623 3624 3592 4063 4063 4062 4062 4062 4062 4062 4062
2831 1777281026 3549 3694 387 3644 3582 3624 3624 3592 4063 4063 4062 4062 4062 4062 4062 4062
2832 1777281026 3550 3694 386 3644 3582 3623 3624 3592 4063 4063 4062 4062 4062 4062 4062 4062
2833 1777281026 3549 3693 386 3643 3581 3623 3623 3591 4063 4062 4062 4062 4062 4062 4062 4062
2834 1777281026 3549 3694 387 3643 3582 3623 3624 3592 4063 4063 4063 4063 4063 4063 4063 4063
2835 1777281026 3550 3694 387 3644 3582 3624 3624 3592 4063 4063 4062 4062 4062 4062 4062 4062
2836 1777281026 3550 3695 386 3645 3583 3624 3625 3593 4061 4061 4061 4061 4061 4061 4061 4061
2837 1777281026 3550 3694 387 3644 3582 3624 3624 3592 4061 4061 4061 4061 4061 4061 4061 4061
2838 1777281026 3550 3695 388 3644 3582 3624 3625 3593 4063 4063 4063 4063 4063 4063 4063 4063
2839 1777281026 3550 3695 387 3644 3582 3624 3624 3592 4063 4063 4063 4063 4063 4063 4063 4063
2840 1777281026 3551 3695 387 3645 3583 3625 3625 3593 4063 4063 4062 4062 4062 4062 4062 4062
2841 1777281026 3549 3694 387 3644 3582 3624 3624 3592 4061 4061 4061 4061 4061 4061 4061 4061
2842 1777281026 3549 3693 387 3643 3581 3623 3623 3591 4063 4063 4062 4062 4062 4062 4062 4062
2843 1777281026 3550 3694 387 3644 3582 3624 3624 3592 4063 4062 4062 4062 4062 4062 4062 4062
2844 1777281026 3550 3694 386 3644 3582 3624 3625 3592 4063 4063 4062 4062 4062 4062 4062 4062
2845 1777281026 410 3694 386 362 3583 3626 1376 1673 4063 4063 4063 4063 4063 4063 4063 4063
2846 1777281026 3550 3694 386 3643 3582 3624 3624 3592 4063 4063 4062 4062 4062 4062 4062 4062
2847 1777281026 3549 3693 387 3642 3581 3623 3624 3591 4063 4063 4062 4062 4062 4062 4062 4062
2848 1777281026 3549 3694 387 3643 3582 3623 3623 3592 4063 4063 4062 4062 4062 4062 4062 4062
2849 1777281026 3549 3694 387 3644 3582 3624 3624 3592 4063 4061 4061 4061 4061 4061 4061 4061
2850 1777281026 3551 3695 387 3645 3582 3625 3625 3593 4063 4063 4063 4063 4063 4063 4063 4063
2851 1777281026 3550 3694 387 3645 3582 3624 3625 3593 4063 4063 4063 4063 4063 4063 4063 4063
2852 1777281026 3550 3695 387 3644 3582 3624 3625 3593 4061 4061 4061 4061 4061 4061 4061 4061
2853 1777281026 3550 3695 386 3644 3583 3624 3625 3593 4063 4063 4062 4062 4062 4062 4062 4062
2854 1777281026 3549 3693 388 3643 3581 3623 3623 3591 4061 4061 4061 4061 4061 4061 4061 4061
2855 1777281026 3550 3694 387 3644 3582 3624 3624 3593 4063 4063 4062 4062 4062 4062 4062 4062
2856 1777281026 3549 3693 387 3643 3582 3623 3623 3591 4063 4063 4062 4062 4062 4062 4062 4062
2857 1777281026 3550 3695 387 3644 3582 3625 3625 3593 4063 4063 4063 4063 4063 4063 4063 4063
2858 1777281026 3550 3694 387 3645 3583 3625 3625 3593 4059 4059 4059 4059 4059 4059 4059 4059
2859 1777281026 3550 3694 387 3644 3582 3625 3625 3593 4061 4061 4061 4061 4061 4061 4061 4061
2860 1777281026 3550 3694 386 3644 3582 3624 3624 3592 4061 4061 4061 4061 4061 4061 4061 4061
2861 1777281026 3551 3695 387 3644 3582 3625 3625 3593 4067 4063 4063 4063 4063 4063 4063 4063
2862 1777281026 3550 3695 386 3645 3582 3624 3624 3592 4063 4063 4062 4062 4062 4062 4062 4062
2863 1777281026 3549 3694 387 3644 3582 3624 3624 3592 4063 4063 4062 4062 4062 4062 4062 4062
2864 1777281026 3551 3696 387 3645 3583 3625 3626 3593 4063 4063 4063 4063 4063 4063 4063 4063
2865 1777281026 3550 3694 386 3644 3582 3625 3624 3593 4061 4061 4061 4061 4061 4061 4061 4061
2866 1777281026 3550 3694 387 3644 3582 3624 3624 3592 4063 4063 4062 4062 4062 4062 4062 4062
2867 1777281026 3550 3694 387 3644 3582 3624 3624 3592 4063 4063 4063 4063 4063 4063 4063 4063
2868 1777281026 3550 3695 387 3645 3582 3625 3625 3593 4061 4061 4061 4061 4061 4061 4061 4061
2869 1777281026 3551 3695 387 3644 3582 3625 3625 3592 4063 4062 4062 4062 4062 4062 4062 4062
2870 1777281026 3549 3694 388 3643 3582 3623 3624 3592 4063 4063 4063 4063 4063 4063 4063 4063
2871 1777281026 3551 3695 387 3645 3583 3625 3625 3593 4063 4063 4063 4063 4063 4063 4063 4063
2872 1777281026 3550 3695 387 3644 3582 3624 3624 3592 4063 4063 4062 4062 4062 4062 4062 4062
2873 1777281026 3551 3695 387 3645 3583 3625 3625 3593 4063 4063 4062 4062 4062 4062 4062 4062
2874 1777281026 3550 3694 387 3644 3582 3624 3624 3592 4063 4063 4063 4063 4063 4063 4063 4063
2875 1777281026 3550 3695 387 3645 3582 3625 3624 3593 4063 4063 4063 4063 4063 4063 4063 4063
2876 1777281026 3550 3695 387 3645 3582 3624 3624 3593 4061 4061 4061 4061 4061 4061 4061 4061
2877 1777281026 3549 3694 387 3643 3581 3623 3623 3592 4063 4063 4062 4062 4062 4062 4062 4062
2878 1777281026 3550 3694 387 3643 3582 3624 3624 3592 4063 4063 4063 4063 4063 4063 4063 4063
2879 1777281026 3551 3696 387 3645 3582 3625 3625 3593 4063 4063 4062 4062 4062 4062 4062 4062
2880 1777281026 3550 3694 387 3644 3582 3624 3624 3593 4061 4061 4061 4061 4061 4061 4061 4061
2881 1777281026 3551 3695 387 3644 3583 3625 3625 3593 4063 4063 4062 4062 4062 4062 4062 4062
2882 1777281026 3550 3694 387 3644 3582 3624 3624 3592 4063 4063 4062 4062 4062 4062 4062 4062
2883 1777281026 3551 3695 387 3644 3582 3625 3624 3593 4063 4063 4062 4062 4062 4062 4062 4062
2884 1777281026 3551 3696 387 3645 3583 3625 3625 3593 4063 4063 4062 4062 4062 4062 4062 4062
2885 1777281034 3548 3693 386 3643 3581 3623 3623 3591 4061 4061 4061 4061 4061 4061 4061 4061
2886 1777281034 3550 3694 387 3644 3582 3623 3624 3591 4063 4063 4062 4062 4062 4062 4062 4062
2887 1777281034 3549 3694 387 3643 3581 3624 3624 3592 4063 4063 4062 4062 4062 4062 4062 4062
2888 1777281042 3549 3693 387 3643 3581 3623 3623 3591 4063 4063 4062 4062 4062 4062 4062 4062
2889 1777281042 3549 3694 387 3643 3581 3623 3623 3591 4063 4063 4062 4062 4062 4062 4062 4062
2890 1777281042 3550 3694 387 3643 3581 3623 3623 3592 4063 4063 4063 4063 4063 4063 4063 4063
2891 1777281042 3552 3697 387 3646 3584 3626 3625 3304 4063 4063 4063 4063 4063 4063 4063 4063
2892 1777281042 3549 3693 387 3643 3581 3623 3623 3591 4061 4061 4061 4061 4061 4061 4061 4061
2893 1777281042 3549 3694 387 3644 3582 3623 3624 3592 4063 4063 4063 4063 4063 4063 4063 4063
2894 1777281042 3551 3695 387 3645 3583 3625 3625 3593 4063 4063 4063 4063 4063 4063 4063 4063
2895 1777281042 3549 3693 387 3644 3582 3624 3624 3592 4065 4063 4063 4063 4063 4063 4063 4063
2896 1777281042 3550 3695 387 3645 3582 3624 3624 3592 4063 4063 4062 4062 4062 4062 4062 4062
2897 1777281042 3549 3694 387 3643 3581 3623 3623 3591 4061 4061 4061 4061 4061 4061 4061 4061
2898 1777281042 3549 3694 387 3644 3582 3624 3624 3592 4063 4063 4062 4062 4062 4062 4062 4062
2899 1777281042 3550 3694 387 3644 3581 3624 3624 3592 4061 4061 4061 4061 4061 4061 4061 4061
2900 1777281042 3549 3694 388 3643 3581 3623 3623 3591 4063 4063 4063 4063 4063 4063 4063 4063
2901 1777281042 3550 3694 387 3644 3582 3623 3624 3592 4061 4061 4061 4061 4061 4061 4061 4061
2902 1777281042 3549 3694 387 3644 3582 3624 3624 3592 4063 4063 4062 4062 4062 4062 4062 4062
2903 1777281042 3550 3694 387 3644 3582 3624 3624 3592 4063 4063 4063 4063 4063 4063 4063 4063
2904 1777281042 3550 3694 387 3644 3582 3624 3624 3592 4063 4063 4062 4062 4062 4062 4062 4062
2905 1777281042 3549 3693 387 3643 3582 3624 3624 3592 4063 4063 4063 4063 4063 4063 4063 4063
2906 1777281042 3549 3694 386 3644 3582 3624 3624 3591 4063 4063 4062 4062 4062 4062 4062 4062
2907 1777281042 3549 3694 387 3644 3582 3624 3624 3592 4063 4063 4062 4062 4062 4062 4062 4062
2908 1777281042 3550 3694 387 3643 3582 3624 3624 3592 4061 4061 4060 4060 4060 4060 4060 4060
2909 1777281042 3549 3694 387 3644 3582 3623 3624 3592 4061 4061 4061 4061 4061 4061 4061 4061
2910 1777281042 3550 3694 387 3644 3582 3624 3624 3592 4063 4063 4062 4062 4062 4062 4062 4062
2911 1777281043 3549 3694 387 3644 3581 3623 3624 3591 4063 4063 4063 4063 4063 4063 4063 4063
2912 1777281043 3550 3694 388 3643 3582 3624 3624 3592 4063 4063 4062 4062 4062 4062 4062 4062
2913 1777281043 3550 3695 387 3644 3582 3624 3624 3593 4063 4063 4062 4062 4062 4062 4062 4062
2914 1777281043 3550 3695 387 3645 3582 3625 3624 3593 4063 4063 4063 4063 4063 4063 4063 4063
2915 1777281043 3551 3695 387 3644 3583 3625 3625 3593 4063 4063 4062 4062 4062 4062 4062 4062
2916 1777281043 3550 3694 388 3644 3582 3624 3624 3592 4063 4063 4062 4062 4062 4062 4062 4062
2917 1777281043 3550 3695 387 3644 3582 3625 3625 3593 4063 4063 4062 4062 4062 4062 4062 4062
2918 1777281043 3550 3694 388 3645 3583 3625 3625 3593 4061 4061 4061 4061 4061 4061 4061 4061
2919 1777281043 3549 3694 387 3644 3582 3623 3623 3592 4063 4063 4062 4062 4062 4062 4062 4062
2920 1777281043 3551 3696 387 3645 3583 3625 3625 3593 4063 4063 4063 4063 4063 4063 4063 4063
2921 1777281043 3550 3695 387 3644 3582 3624 3624 3592 4063 4063 4062 4062 4062 4062 4062 4062
2922 1777281043 3550 3694 387 3644 3582 3624 3624 3592 4063 4063 4062 4062 4062 4062 4062 4062
2923 1777281043 3550 3694 387 3644 3582 3625 3624 3592 4063 4063 4063 4063 4063 4063 4063 4063
2924 1777281043 3549 3694 388 3643 3581 3624 3624 3592 4063 4063 4063 4063 4063 4063 4063 4063
2925 1777281043 3550 3695 387 3645 3583 3625 3625 3593 4063 4063 4062 4062 4062 4062 4062 4062
2926 1777281043 3550 3694 387 3644 3582 3624 3624 3592 4063 4063 4063 4063 4063 4063 4063 4063
2927 1777281043 3551 3695 388 3645 3583 3625 3625 3593 4061 4061 4061 4061 4061 4061 4061 4061
2928 1777281043 3551 3696 388 3644 3583 3625 3625 3593 4063 4063 4062 4062 4062 4062 4062 4062
2929 1777281051 3550 3694 387 3644 3582 3624 3624 3592 4061 4061 4061 4061 4061 4061 4061 4061
2930 1777281051 3550 3694 389 3644 3581 3624 3624 3592 4063 4063 4063 4063 4063 4063 4063 4063
2931 1777281051 3549 3694 388 3643 3582 3624 3623 3592 4063 4063 4062 4062 4062 4062 4062 4062
2932 1777281051 3548 3693 388 3642 3581 3623 3623 3591 4063 4063 4063 4063 4063 4063 4063 4063
2933 1777281051 3550 3694 388 3643 3581 3623 3624 3592 4063 4063 4063 4063 4063 4063 4063 4063
2934 1777281051 3551 3695 387 3644 3582 3625 3624 3592 4063 4063 4062 4062 4062 4062 4062 4062
2935 1777281051 3549 3693 388 3643 3581 3623 3623 3591 4063 4063 4062 4062 4062 4062 4062 4062
2936 1777281051 3549 3694 387 3643 3581 3624 3623 3592 4061 4061 4061 4061 4061 4061 4061 4061
2937 1777281051 3549 3693 388 3642 3581 3623 3623 3591 4061 4061 4061 4061 4061 4061 4061 4061
2938 1777281051 3549 3694 387 3644 3581 3623 3623 3592 4063 4063 4062 4062 4062 4062 4062 4062
2939 1777281051 3549 3694 387 3643 3582 3624 3624 3592 4063 4063 4062 4062 4062 4062 4062 4062
2940 1777281051 3550 3694 387 3644 3582 3624 3624 3592 4061 4061 4061 4061 4061 4061 4061 4061
2941 1777281051 3549 3694 387 3644 3582 3624 3624 3592 4063 4063 4062 4062 4062 4062 4062 4062
2942 1777281051 3551 3696 387 3645 3583 1689 3625 3594 4063 4063 4062 4062 4062 4062 4062 4062
2943 1777281051 3550 3694 387 3643 3582 3624 3624 3592 4063 4063 4063 4063 4063 4063 4063 4063
2944 1777281051 3549 3694 387 3643 3582 3624 3623 3592 4063 4062 4062 4062 4062 4062 4062 4062
2945 1777281051 3550 3695 388 3644 3582 3624 3625 3593 4061 4061 4061 4061 4061 4061 4061 4061
2946 1777281051 3550 3695 387 3644 3582 3624 3624 3592 4062 4063 4062 4062 4062 4062 4062 4062
2947 1777281051 3551 3695 388 3645 3583 3625 3625 3593 4063 4063 4062 4062 4062 4062 4062 4062
2948 1777281051 3550 3694 387 3644 3582 3624 3623 3592 4061 4061 4061 4061 4061 4061 4061 4061
2949 1777281051 3550 3694 387 3644 3582 3624 3624 3593 4065 4063 4063 4063 4063 4063 4063 4063
2950 1777281051 3549 3694 387 3644 3582 3624 3624 3592 4063 4063 4062 4062 4062 4062 4062 4062
2951 1777281051 3550 3695 387 3644 3582 3625 3624 3593 4063 4063 4062 4062 4062 4062 4062 4062
2952 1777281051 3550 3695 387 3645 3583 3625 3625 3593 4063 4063 4062 4062 4062 4062 4062 4062
2953 1777281051 3551 3695 387 3645 3582 3624 3625 3593 4063 4063 4063 4063 4063 4063 4063 4063
2954 1777281051 3550 3694 387 3644 3581 3624 3624 3592 4063 4063 4063 4063 4063 4063 4063 4063
2955 1777281051 3549 3694 388 3643 3582 3624 3624 3592 4063 4061 4061 4061 4061 4061 4061 4061
2956 1777281051 3550 3694 388 3644 3582 3625 3625 3593 4063 4063 4062 4062 4062 4062 4062 4062
2957 1777281051 3550 3694 388 3644 3581 3624 3624 3592 4061 4061 4061 4061 4061 4061 4061 4061
2958 1777281051 3550 3695 387 3644 3583 3624 3624 3592 4063 4063 4062 4062 4062 4062 4062 4062
2959 1777281051 3550 3694 388 3643 3582 3624 3624 3592 4063 4062 4062 4062 4062 4062 4062 4062
2960 1777281051 3551 3695 387 3645 3583 3625 3625 3593 4063 4063 4062 4062 4062 4062 4062 4062
2961 1777281051 3550 3695 388 3644 3582 3624 3625 3593 4063 4063 4062 4062 4062 4062 4062 4062
2962 1777281051 3550 3695 389 3644 3582 3625 3624 3593 4061 4061 4061 4061 4061 4061 4061 4061
2963 1777281051 3550 3695 388 3645 3583 3625 3625 3594 4063 4063 4063 4063 4063 4063 4063 4063
2964 1777281051 3550 3695 388 3644 3582 3624 3625 3593 4061 4061 4061 4061 4061 4061 4061 4061
2965 1777281051 3551 3696 387 3646 3584 3626 3626 3594 4061 4061 4061 4061 4061 4061 4061 4061
2966 1777281051 3551 3695 387 3645 3583 3625 3625 3593 4061 4061 4061 4061 4061 4061 4061 4061
2967 1777281051 3551 3695 388 3645 3582 3624 3625 3593 4061 4061 4061 4061 4061 4061 4061 4061
2968 1777281051 3551 3695 388 3644 3583 3624 3625 3592 4061 4061 4061 4061 4061 4061 4061 4061
2969 1777281051 3550 3694 387 3645 3582 3625 3624 3593 4063 4063 4062 4062 4062 4062 4062 4062
2970 1777281051 3550 3695 388 3644 3583 3625 3625 3593 4061 4061 4061 4061 4061 4061 4061 4061
2971 1777281051 3550 3695 388 3645 3583 3624 3625 3592 4063 4063 4062 4062 4062 4062 4062 4062
2972 1777281051 3550 3694 387 3644 3582 3625 3624 3592 4063 4063 4062 4062 4062 4062 4062 4062
2973 1777281051 3550 3694 387 3643 3582 3624 3624 3592 4061 4061 4061 4061 4061 4061 4061 4061
2974 1777281051 3551 3696 388 3645 3583 3625 3625 3593 4061 4061 4061 4061 4061 4061 4061 4061
2975 1777281051 3551 3696 388 3645 3583 3625 3625 3593 4063 4063 4063 4063 4063 4063 4063 4063
2976 1777281051 3550 3695 388 3644 3583 3625 3625 3593 4061 4061 4061 4061 4061 4061 4061 4061
2977 1777281051 3550 3695 387 3644 3582 3624 3624 3592 4063 4063 4062 4062 4062 4062 4062 4062
2978 1777281051 3552 3696 387 3645 3584 3625 3625 3593 4063 4063 4062 4062 4062 4062 4062 4062
2979 1777281051 3550 3695 388 3645 3583 3625 3624 3593 4063 4063 4062 4062 4062 4062 4062 4062
2980 1777281051 3551 3695 387 3646 3583 3625 3625 3593 4063 4063 4062 4062 4062 4062 4062 4062
2981 1777281051 3551 3695 387 3645 3583 3625 3625 3593 4061 4061 4061 4061 4061 4061 4061 4061
2982 1777281051 3550 3694 388 3644 3583 3625 3625 3593 4063 4063 4062 4062 4062 4062 4062 4062
2983 1777281051 3549 3694 388 3644 3582 3624 3625 3593 4061 4061 4061 4061 4061 4061 4061 4061
2984 1777281051 3550 3695 387 3644 3583 3624 3624 3593 4063 4063 4062 4062 4062 4062 4062 4062
2985 1777281051 3550 3695 388 3645 3583 3625 3626 3593 4063 4062 4062 4062 4062 4062 4062 4062
2986 1777281051 3550 3694 388 3644 3582 3625 3625 3593 4063 4063 4063 4063 4063 4063 4063 4063
2987 1777281051 3551 3696 388 3646 3584 3626 3626 3594 4063 4062 4062 4062 4062 4062 4062 4062
2988 1777281051 3551 3696 387 3645 3583 3625 3625 3593 4063 4063 4062 4062 4062 4062 4062 4062
2989 1777281051 3550 3695 387 3645 3582 3625 3624 3593 4061 4061 4061 4061 4061 4061 4061 4061
2990 1777281051 3551 3696 387 3645 3583 3625 3625 3593 4063 4063 4063 4063 4063 4063 4063 4063
2991 1777281051 3551 3695 388 3644 3582 3624 3625 3593 4063 4063 4063 4063 4063 4063 4063 4063
2992 1777281051 3551 3696 387 3646 3583 3626 3626 3594 4063 4063 4062 4062 4062 4062 4062 4062
2993 1777281052 3550 3695 388 3645 3582 3625 3625 3593 4063 4063 4063 4063 4063 4063 4063 4063
2994 1777281052 3551 3695 389 3644 3583 3625 3625 3593 4063 4063 4062 4062 4062 4062 4062 4062
2995 1777281052 3550 3694 388 3644 3583 3625 3625 3593 4063 4063 4062 4062 4062 4062 4062 4062
2996 1777281052 3551 3695 388 3645 3583 3625 3626 3593 4061 4061 4061 4061 4061 4061 4061 4061
2997 1777281052 3550 3694 388 3644 3582 3624 3625 3593 4061 4061 4061 4061 4061 4061 4061 4061
2998 1777281052 3551 3695 387 3645 3583 3625 3625 3593 4063 4063 4062 4062 4062 4062 4062 4062
2999 1777281052 3551 3696 387 3645 3583 3625 3625 3593 4061 4061 4060 4060 4060 4060 4060 4060
3000 1777281052 3550 3695 388 3644 3582 3625 3625 3593 4059 4059 4058 4058 4058 4058 4058 4058
3001 1777281052 3551 3696 388 3645 3583 3625 3625 3593 4063 4063 4062 4062 4062 4062 4062 4062
3002 1777281052 3551 3695 388 3644 3583 3625 3625 3593 4063 4063 4063 4063 4063 4063 4063 4063
3003 1777281052 3551 3695 388 3643 3583 3625 3625 3593 4063 4063 4062 4062 4062 4062 4062 4062
3004 1777281052 3550 3695 388 3645 3583 3625 3626 3594 4063 4063 4062 4062 4062 4062 4062 4062
3005 1777281052 3550 3696 388 3645 3583 3626 3625 3593 4061 4061 4061 4061 4061 4061 4061 4061
3006 1777281052 3550 3695 388 3644 3583 3625 3625 3592 4063 4063 4063 4063 4063 4063 4063 4063
3007 1777281052 3551 3696 388 3644 3583 3625 3625 3593 4063 4063 4062 4062 4062 4062 4062 4062
3008 1777281052 3551 3695 388 3645 3583 3625 3625 3594 4063 4063 4062 4062 4062 4062 4062 4062
3009 1777281052 3551 3695 388 3645 3583 3626 3626 3594 4063 4062 4062 4062 4062 4062 4062 4062
3010 1777281052 3551 3695 389 3645 3583 3625 3625 3593 4063 4063 4062 4062 4062 4062 4062 4062
3011 1777281052 3551 3696 388 3645 3584 3626 3626 3594 4063 4063 4063 4063 4063 4063 4063 4063
3012 1777281052 3551 3695 388 3645 3583 3625 3625 3593 4062 4062 4062 4062 4062 4062 4062 4062
3013 1777281052 3551 3696 387 3645 3583 3626 3626 3593 4063 4063 4062 4062 4062 4062 4062 4062
3014 1777281052 3551 3696 388 3645 3584 3625 3625 3593 4063 4063 4062 4062 4062 4062 4062 4062
3015 1777281052 3551 3696 387 3645 3583 3625 3626 3594 4061 4061 4061 4061 4061 4061 4061 4061
3016 1777281052 3550 3695 387 3644 3582 3624 3624 3593 4063 4063 4063 4063 4063 4063 4063 4063
3017 1777281052 3552 3696 388 3645 3584 3626 3626 3594 4061 4061 4061 4061 4061 4061 4061 4061
3018 1777281052 3551 3695 388 3644 3583 3624 3625 3593 4063 4062 4062 4062 4062 4062 4062 4062
3019 1777281052 3551 3696 388 3645 3583 3625 3626 3594 4063 4063 4062 4062 4062 4062 4062 4062
3020 1777281052 3551 3696 388 3645 3584 3626 3626 3594 4063 4063 4062 4062 4062 4062 4062 4062
3021 1777281052 3552 3696 388 3645 3583 3626 3626 3594 4061 4061 4061 4061 4061 4061 4061 4061
3022 1777281052 3551 3695 388 3644 3583 3625 3625 3593 4063 4063 4062 4062 4062 4062 4062 4062
3023 1777281052 3551 3696 388 3645 3584 3626 3626 3594 4063 4063 4062 4062 4062 4062 4062 4062
3024 1777281060 3550 3694 388 3644 3582 3624 3623 3591 4063 4063 4062 4062 4062 4062 4062 4062
3025 1777281060 3550 3695 389 3645 3583 3625 3625 3593 4063 4063 4062 4062 4062 4062 4062 4062
3026 1777281060 3550 3695 388 3645 3583 3625 3625 3593 4063 4063 4062 4062 4062 4062 4062 4062
3027 1777281060 3550 3695 388 3644 3582 3624 3624 3592 4063 4063 4062 4062 4062 4062 4062 4062
3028 1777281060 3550 3694 388 3644 3582 3624 3624 3593 4063 4063 4062 4062 4062 4062 4062 4062
3029 1777281060 3550 3695 388 3644 3582 3624 3624 3592 4063 4063 4063 4063 4063 4063 4063 4063
3030 1777281060 3550 3695 388 3644 3583 3624 3625 3593 4063 4063 4062 4062 4062 4062 4062 4062
3031 1777281060 3550 3695 387 3644 3583 3625 3624 3593 4063 4063 4062 4062 4062 4062 4062 4062
3032 1777281060 3550 3695 388 3645 3583 3625 3625 3593 4061 4061 4061 4061 4061 4061 4061 4061
3033 1777281060 3551 3695 389 3644 3583 3625 3625 3593 4063 4062 4062 4062 4062 4062 4062 4062
3034 1777281060 3549 3695 388 3643 3582 3624 3624 3592 4063 4062 4062 4062 4062 4062 4062 4062
3035 1777281060 3550 3694 388 3642 3582 3624 3624 3592 4063 4063 4062 4062 4062 4062 4062 4062
3036 1777281060 3550 3695 388 3644 3582 3624 3625 3593 4063 4063 4063 4063 4063 4063 4063 4063
3037 1777281060 3549 3694 388 3644 3581 3624 3624 3591 4063 4063 4063 4063 4063 4063 4063 4063
3038 1777281060 3550 3694 388 3643 3582 3624 3624 3592 4063 4063 4062 4062 4062 4062 4062 4062
3039 1777281060 3550 3695 388 3645 3583 3625 3625 3593 4063 4063 4063 4063 4063 4063 4063 4063
3040 1777281060 3550 3695 388 3644 3582 3625 3625 3593 4061 4061 4061 4061 4061 4061 4061 4061
3041 1777281060 3550 3695 388 3644 3583 3625 3624 3592 4063 4063 4062 4062 4062 4062 4062 4062
3042 1777281060 3551 3696 389 3644 3582 3624 3625 3593 4063 4063 4062 4062 4062 4062 4062 4062
3043 1777281060 3551 3696 388 3646 3584 3626 3626 3594 4062 4063 4062 4062 4062 4062 4062 4062
3044 1777281060 3551 3695 388 3645 3583 3625 3625 3592 4065 4063 4063 4063 4063 4063 4063 4063
3045 1777281060 3552 3697 388 3646 3584 3626 3626 3594 4063 4062 4062 4062 4062 4062 4062 4062
3046 1777281060 3551 3695 388 3644 3583 3624 3625 3593 4063 4063 4063 4063 4063 4063 4063 4063
3047 1777281060 3552 3696 388 3646 3583 3626 3626 3593 4063 4063 4063 4063 4063 4063 4063 4063
3048 1777281060 3551 3695 388 3645 3583 3625 3625 3593 4063 4063 4063 4063 4063 4063 4063 4063
3049 1777281060 3551 3695 389 3646 3583 3626 3626 3594 4061 4061 4061 4061 4061 4061 4061 4061
3050 1777281060 3551 3696 388 3645 3583 3625 3626 3594 4063 4063 4062 4062 4062 4062 4062 4062
3051 1777281060 3550 3695 388 3645 3583 3625 3625 3593 4063 4063 4062 4062 4062 4062 4062 4062
3052 1777281060 3552 3696 388 3645 3584 3626 3626 3594 4063 4063 4062 4062 4062 4062 4062 4062
3053 1777281060 3552 3696 388 3646 3584 3625 3626 3594 4063 4063 4062 4062 4062 4062 4062 4062
3054 1777281060 3552 3696 388 3646 3584 3625 3625 3593 4063 4061 4061 4061 4061 4061 4061 4061
3055 1777281060 3551 3695 388 3645 3583 3624 3625 3592 4065 4063 4063 4063 4063 4063 4063 4063
3056 1777281060 3551 3695 390 3644 3582 3625 3625 3593 4063 4063 4062 4062 4062 4062 4062 4062
3057 1777281060 3552 3697 389 3646 3584 3627 3627 3595 4063 4063 4062 4062 4062 4062 4062 4062
3058 1777281060 3549 3694 389 3643 3582 3624 3624 3592 4063 4063 4062 4062 4062 4062 4062 4062
3059 1777281060 3551 3696 388 3645 3583 3625 3625 3593 4063 4063 4062 4062 4062 4062 4062 4062
3060 1777281060 3551 3695 389 3645 3583 3625 3625 3594 4063 4063 4062 4062 4062 4062 4062 4062
3061 1777281060 3552 3696 388 3646 3584 3626 3626 3594 4063 4063 4063 4063 4063 4063 4063 4063
3062 1777281060 3548 3693 386 3643 3581 3623 3623 3591 4063 4063 4062 4062 4062 4062 4062 4062
3063 1777281060 3549 3694 387 3644 3582 3624 3624 3592 4063 4063 4063 4063 4063 4063 4063 4063
3064 1777281060 3550 3694 386 3644 3582 3624 3624 3592 4063 4063 4062 4062 4062 4062 4062 4062
3065 1777281060 3549 3694 387 3644 3581 3623 3624 3591 4063 4063 4062 4062 4062 4062 4062 4062
3066 1777281060 3549 3694 387 3643 3581 3623 3623 3591 4061 4061 4061 4061 4061 4061 4061 4061
3067 1777281060 3549 3694 387 3642 3582 3624 3624 3592 4061 4061 4061 4061 4061 4061 4061 4061
3068 1777281060 3548 3693 386 3643 3581 3623 3623 3591 4063 4063 4063 4063 4063 4063 4063 4063
3069 1777281060 3550 3694 387 3644 3582 3624 3624 3592 4063 4063 4063 4063 4063 4063 4063 4063
3070 1777281060 3549 3694 386 3643 3582 3624 3624 3592 4061 4061 4061 4061 4061 4061 4061 4061
3071 1777281060 3550 3694 387 3644 3581 3624 3624 3592 4063 4063 4062 4062 4062 4062 4062 4062
3072 1777281060 3549 3694 386 3643 3581 3623 3624 3592 4063 4063 4063 4063 4063 4063 4063 4063
3073 1777281060 3549 3693 387 3643 3582 3624 3624 3592 4063 4063 4063 4063 4063 4063 4063 4063
3074 1777281060 3549 3695 386 3643 3582 3624 3624 3592 4063 4063 4062 4062 4062 4062 4062 4062
3075 1777281060 3551 3695 387 3645 3583 3625 3625 3593 4063 4063 4062 4062 4062 4062 4062 4062
3076 1777281060 3550 3694 387 3644 3582 3624 3624 3592 4063 4063 4062 4062 4062 4062 4062 4062
3077 1777281060 3548 3693 386 3642 3580 3623 3623 3591 4063 4063 4062 4062 4062 4062 4062 4062
3078 1777281060 3549 3694 386 3643 3582 3624 3624 3592 4061 4061 4061 4061 4061 4061 4061 4061
3079 1777281060 3549 3693 387 3643 3581 3623 3623 3591 4063 4063 4062 4062 4062 4062 4062 4062
3080 1777281060 3549 3694 386 3643 3581 3623 3624 3591 4063 4063 4063 4063 4063 4063 4063 4063
3081 1777281060 3549 3694 387 3643 3581 3624 3624 3592 4065 4063 4063 4063 4063 4063 4063 4063
3082 1777281060 3549 3694 386 3643 3581 3623 3623 3591 4063 4063 4063 4063 4063 4063 4063 4063
3083 1777281060 3550 3694 387 3644 3582 3624 3624 3592 4065 4063 4063 4063 4063 4063 4063 4063
3084 1777281061 3549 3694 386 3644 3582 3624 3623 3592 4065 4063 4063 4063 4063 4063 4063 4063
3085 1777281061 3550 3695 386 3644 3582 3624 3624 3593 4063 4063 4062 4062 4062 4062 4062 4062
3086 1777281061 3550 3694 387 3643 3582 3624 3624 3592 4063 4063 4062 4062 4062 4062 4062 4062
3087 1777281061 3549 3694 386 3644 3581 3623 3623 3591 4063 4063 4062 4062 4062 4062 4062 4062
3088 1777281061 3549 3694 386 3644 3582 3624 3624 3592 4063 4063 4062 4062 4062 4062 4062 4062
3089 1777281061 3549 3693 387 3643 3581 3623 3623 3591 4061 4061 4061 4061 4061 4061 4061 4061
3090 1777281061 3550 3695 386 3645 3583 3624 3625 3593 4063 4063 4062 4062 4062 4062 4062 4062
3091 1777281061 3550 3695 387 3644 3582 3625 3625 3592 4063 4063 4063 4063 4063 4063 4063 4063
3092 1777281061 3550 3695 387 3644 3582 3625 3624 3592 4061 4061 4061 4061 4061 4061 4061 4061
3093 1777281061 3550 3695 387 3645 3583 3625 3624 3593 4063 4063 4062 4062 4062 4062 4062 4062
3094 1777281061 3549 3694 386 3643 3582 3624 3623 3592 4063 4063 4062 4062 4062 4062 4062 4062
3095 1777281061 3550 3694 387 3644 3582 3624 3624 3592 4061 4061 4061 4061 4061 4061 4061 4061
3096 1777281061 3550 3694 386 3643 3582 3623 3623 3591 4063 4063 4062 4062 4062 4062 4062 4062
3097 1777281061 3549 3693 387 3643 3581 3623 3623 3592 4063 4063 4062 4062 4062 4062 4062 4062
3098 1777281061 3550 3695 386 3644 3583 3625 3624 3592 4063 4063 4062 4062 4062 4062 4062 4062
3099 1777281061 3550 3695 387 3645 3583 3625 3625 3592 4061 4061 4061 4061 4061 4061 4061 4061
3100 1777281061 3550 3694 387 3644 3582 3624 3625 3592 4063 4063 4063 4063 4063 4063 4063 4063
3101 1777281061 3550 3695 387 3645 3583 3625 3625 3593 4063 4063 4062 4062 4062 4062 4062 4062
3102 1777281061 3550 3695 387 3645 3583 3625 3625 3593 4061 4061 4061 4061 4061 4061 4061 4061
3103 1777281061 3550 3695 387 3644 3582 3624 3624 3593 4061 4061 4061 4061 4061 4061 4061 4061
3104 1777281061 3550 3694 387 3644 3582 3624 3624 3592 4063 4062 4062 4062 4062 4062 4062 4062
3105 1777281061 3548 3694 387 3643 3582 3624 3624 3592 4063 4063 4063 4063 4063 4063 4063 4063
3106 1777281061 3549 3693 388 3643 3581 3624 3623 3591 4063 4063 4062 4062 4062 4062 4062 4062
3107 1777281061 3550 3695 387 3645 3582 3625 3625 3593 4063 4063 4062 4062 4062 4062 4062 4062
3108 1777281061 3550 3694 387 3644 3582 3624 3624 3591 4061 4061 4061 4061 4061 4061 4061 4061
3109 1777281061 3549 3693 387 3643 3581 3623 3623 3591 4063 4063 4062 4062 4062 4062 4062 4062
3110 1777281061 3550 3694 387 3644 3582 3625 3624 3592 4061 4061 4061 4061 4061 4061 4061 4061
3111 1777281061 3550 3695 387 3644 3583 3625 3624 3593 4063 4063 4063 4063 4063 4063 4063 4063
3112 1777281061 3549 3694 387 3643 3582 3623 3623 3592 4063 4062 4062 4062 4062 4062 4062 4062
3113 1777281061 3550 3694 387 3644 3582 3625 3625 3593 4061 4061 4060 4060 4060 4060 4060 4060
3114 1777281061 3550 3695 387 3644 3582 3624 3624 3592 4061 4061 4061 4061 4061 4061 4061 4061
3115 1777281061 3550 3694 387 3644 3582 3624 3624 3593 4063 4063 4062 4062 4062 4062 4062 4062
3116 1777281061 3551 3695 387 3645 3582 3625 3624 3592 4061 4061 4061 4061 4061 4061 4061 4061
3117 1777281061 3550 3694 387 3644 3581 3623 3624 3592 4063 4063 4062 4062 4062 4062 4062 4062
3118 1777281061 3550 3695 387 3645 3583 3625 3624 3593 4063 4063 4063 4063 4063 4063 4063 4063
3119 1777281061 3550 3694 387 3644 3581 3624 3624 3592 4061 4061 4061 4061 4061 4061 4061 4061
3120 1777281061 3551 3695 387 3645 3582 3625 3625 3593 4063 4063 4062 4062 4062 4062 4062 4062
3121 1777281061 3549 3694 387 3643 3582 3624 3625 3592 4061 4061 4061 4061 4061 4061 4061 4061
3122 1777281061 3550 3695 388 3645 3583 3624 3624 3592 4063 4063 4062 4062 4062 4062 4062 4062
3123 1777281061 3549 3694 387 3644 3582 3624 3624 3592 4063 4063 4063 4063 4063 4063 4063 4063
3124 1777281061 3549 3694 387 3644 3582 3624 3624 3592 4061 4061 4061 4061 4061 4061 4061 4061
3125 1777281061 3550 3694 386 3644 3581 3624 3624 3592 4063 4063 4062 4062 4062 4062 4062 4062
3126 1777281061 3550 3694 387 3644 3582 3624 3624 3592 4063 4063 4063 4063 4063 4063 4063 4063
3127 1777281061 3550 3695 387 3645 3582 3624 3625 3593 4063 4063 4062 4062 4062 4062 4062 4062
3128 1777281061 3550 3694 387 3645 3582 3624 3624 3592 4063 4063 4063 4063 4063 4063 4063 4063
3129 1777281061 3550 3694 387 3644 3582 3624 3624 3592 4061 4061 4061 4061 4061 4061 4061 4061
3130 1777281061 3550 3695 387 3643 3582 3624 3624 3592 4063 4063 4062 4062 4062 4062 4062 4062
3131 1777281061 3550 3694 387 3644 3582 3624 3624 3592 4063 4063 4062 4062 4062 4062 4062 4062
3132 1777281061 3549 3694 387 3644 3582 3624 3624 3592 4063 4063 4062 4062 4062 4062 4062 4062
3133 1777281061 3550 3695 387 3645 3582 3624 3625 3593 4063 4063 4062 4062 4062 4062 4062 4062
3134 1777281061 3550 3694 388 3643 3581 3624 3624 3592 4063 4063 4063 4063 4063 4063 4063 4063
3135 1777281061 3550 3694 387 3644 3582 3624 3625 3592 4063 4063 4063 4063 4063 4063 4063 4063
3136 1777281069 3549 3693 387 3643 3581 3623 3623 3590 4063 4063 4062 4062 4062 4062 4062 4062
3137 1777281069 3549 3694 388 3643 3582 3623 3624 3591 4063 4063 4062 4062 4062 4062 4062 4062
3138 1777281069 3549 3694 387 3644 3582 3624 3624 3591 4057 4057 4057 4057 4057 4057 4057 4057
3139 1777281069 3550 3694 387 3644 3582 3624 3624 3592 4061 4061 4061 4061 4061 4061 4061 4061
3140 1777281069 3550 3694 387 3644 3582 3624 3624 3593 4063 4063 4062 4062 4062 4062 4062 4062
3141 1777281069 3549 3693 387 3643 3581 3624 3624 3592 4063 4063 4062 4062 4062 4062 4062 4062
3142 1777281069 3549 3694 387 3644 3582 3624 3624 3592 4063 4063 4062 4062 4062 4062 4062 4062
3143 1777281069 3550 3695 387 3644 3582 3625 3625 3592 4063 4063 4062 4062 4062 4062 4062 4062
3144 1777281069 3550 3694 387 3644 3582 3624 3624 3592 4063 4063 4062 4062 4062 4062 4062 4062
3145 1777281069 3548 3693 388 3643 3581 3623 3623 3592 4063 4062 4062 4062 4062 4062 4062 4062
3146 1777281069 3550 3695 387 3644 3583 3625 3625 3593 4063 4063 4063 4063 4063 4063 4063 4063
3147 1777281069 3549 3694 387 3643 3581 3623 3624 3592 4063 4063 4062 4062 4062 4062 4062 4062
3148 1777281069 3550 3695 387 3644 3583 3625 3625 3593 4061 4061 4061 4061 4061 4061 4061 4061
3149 1777281069 3551 3695 387 3645 3583 3625 3625 3593 4063 4063 4062 4062 4062 4062 4062 4062
3150 1777281069 3549 3694 387 3643 3581 3623 3623 3591 4063 4063 4063 4063 4063 4063 4063 4063
3151 1777281069 3549 3693 386 3644 3581 3623 3623 3591 4063 4063 4062 4062 4062 4062 4062 4062
3152 1777281069 3549 3694 387 3644 3582 3624 3624 3592 4063 4063 4063 4063 4063 4063 4063 4063
3153 1777281069 3550 3694 388 3643 3582 3624 3624 3592 4063 4062 4062 4062 4062 4062 4062 4062
3154 1777281069 3549 3694 387 3644 3582 3624 3624 3593 4063 4063 4062 4062 4062 4062 4062 4062
3155 1777281069 3550 3694 387 3643 3581 3623 3624 3592 4063 4063 4062 4062 4062 4062 4062 4062
3156 1777281069 3549 3693 387 3643 3581 3623 3624 3591 4063 4063 4062 4062 4062 4062 4062 4062
3157 1777281069 3549 3693 387 3643 3581 3623 3623 3591 4063 4063 4062 4062 4062 4062 4062 4062
3158 1777281069 3550 3694 387 3644 3582 3624 3624 3592 4063 4063 4063 4063 4063 4063 4063 4063
3159 1777281069 3549 3694 387 3643 3581 3623 3623 3591 4063 4063 4062 4062 4062 4062 4062 4062
3160 1777281069 3550 3694 387 3644 3582 3624 3624 3592 4063 4062 4062 4062 4062 4062 4062 4062
3161 1777281069 3549 3695 387 3643 3582 3624 3624 3592 4063 4063 4062 4062 4062 4062 4062 4062
3162 1777281069 3550 3694 387 3644 3582 3624 3624 3592 4063 4063 4063 4063 4063 4063 4063 4063
3163 1777281069 3549 3694 387 3644 3581 3624 3624 3592 4063 4062 4062 4062 4062 4062 4062 4062
3164 1777281069 3550 3694 387 3644 3582 3624 3624 3592 4063 4063 4063 4063 4063 4063 4063 4063
3165 1777281069 3549 3694 387 3644 3582 3624 3624 3592 4061 4061 4060 4060 4060 4060 4060 4060
3166 1777281069 3550 3695 388 3644 3582 3624 3625 3592 4063 4063 4062 4062 4062 4062 4062 4062
3167 1777281069 3550 3694 388 3644 3582 3624 3624 3593 4063 4063 4062 4062 4062 4062 4062 4062
3168 1777281069 3549 3694 387 3644 3582 3624 3624 3592 4063 4063 4062 4062 4062 4062 4062 4062
3169 1777281069 3550 3695 388 3644 3582 3624 3624 3592 4063 4063 4062 4062 4062 4062 4062 4062
3170 1777281069 3550 3695 387 3645 3583 3625 3625 3593 4063 4063 4062 4062 4062 4062 4062 4062
3171 1777281069 3550 3694 387 3644 3582 3623 3624 3592 4063 4063 4062 4062 4062 4062 4062 4062
3172 1777281069 3550 3695 387 3644 3583 3625 3625 3593 4063 4063 4062 4062 4062 4062 4062 4062
3173 1777281070 3550 3695 387 3644 3583 3624 3624 3593 4063 4063 4063 4063 4063 4063 4063 4063
3174 1777281070 3549 3693 387 3643 3581 3624 3624 3591 4063 4063 4062 4062 4062 4062 4062 4062
3175 1777281070 3550 3695 387 3644 3583 3625 3624 3593 4061 4061 4061 4061 4061 4061 4061 4061
3176 1777281070 3550 3694 387 3644 3582 3624 3625 3592 4063 4063 4062 4062 4062 4062 4062 4062
3177 1777281070 3551 3695 387 3644 3583 3625 3625 3592 4063 4063 4063 4063 4063 4063 4063 4063
3178 1777281070 3550 3694 387 3644 3582 3624 3624 3592 4063 4061 4061 4061 4061 4061 4061 4061
3179 1777281070 3550 3695 387 3645 3583 3625 3625 3593 4063 4063 4062 4062 4062 4062 4062 4062
3180 1777281070 3550 3694 387 3644 3581 3623 3624 3592 4061 4061 4061 4061 4061 4061 4061 4061
3181 1777281070 3550 3694 387 3643 3582 3624 3623 3591 4063 4063 4062 4062 4062 4062 4062 4062
3182 1777281070 3549 3694 387 3644 3582 3624 3624 3592 4063 4063 4062 4062 4062 4062 4062 4062
3183 1777281070 3550 3694 390 3644 3582 3625 3625 3593 4063 4063 4062 4062 4062 4062 4062 4062
3184 1777281070 3550 3695 389 3644 3582 3624 3625 3592 4061 4061 4060 4060 4060 4060 4060 4060
3185 1777281070 3550 3694 388 3643 3581 3624 3624 3592 4063 4063 4062 4062 4062 4062 4062 4062
3186 1777281070 3549 3694 387 3643 3582 3624 3624 3593 4063 4063 4062 4062 4062 4062 4062 4062
3187 1777281070 3550 3695 388 3645 3583 3625 3625 3593 4063 4063 4063 4063 4063 4063 4063 4063
3188 1777281070 3550 3694 387 3644 3582 3625 3624 3593 4063 4063 4062 4062 4062 4062 4062 4062
3189 1777281070 3550 3694 388 3644 3582 3624 3624 3592 4063 4063 4062 4062 4062 4062 4062 4062
3190 1777281070 3551 3695 387 3644 3582 3625 3625 3592 4063 4063 4063 4063 4063 4063 4063 4063
3191 1777281070 3551 3695 388 3644 3582 3624 3625 3593 4063 4063 4063 4063 4063 4063 4063 4063
3192 1777281070 3551 3695 387 3644 3583 3625 3625 3593 4063 4063 4062 4062 4062 4062 4062 4062
3193 1777281070 3550 3694 388 3643 3582 3624 3624 3592 4065 4063 4063 4063 4063 4063 4063 4063
3194 1777281070 3551 3695 387 3645 3583 3625 3625 3593 4063 4063 4062 4062 4062 4062 4062 4062
3195 1777281070 3551 3696 387 3645 3582 3625 3624 3593 4063 4063 4063 4063 4063 4063 4063 4063
3196 1777281070 3550 3695 388 3644 3583 3625 3625 3593 4063 4063 4062 4062 4062 4062 4062 4062
3197 1777281070 3550 3695 387 3644 3582 3625 3625 3593 4061 4061 4061 4061 4061 4061 4061 4061
3198 1777281070 3551 3695 387 3645 3583 3625 3625 3593 4063 4063 4062 4062 4062 4062 4062 4062
3199 1777281070 3551 3695 387 3644 3583 3625 3625 3593 4061 4061 4061 4061 4061 4061 4061 4061
3200 1777281070 3549 3694 387 3644 3582 3624 3624 3592 4061 4061 4061 4061 4061 4061 4061 4061
3201 1777281070 3551 3696 387 3645 3583 3625 3625 3593 4063 4063 4062 4062 4062 4062 4062 4062
3202 1777281070 3550 3694 387 3644 3582 3624 3624 3592 4063 4063 4062 4062 4062 4062 4062 4062
3203 1777281070 3550 3695 387 3645 3582 3625 3625 3593 4063 4063 4062 4062 4062 4062 4062 4062
3204 1777281070 3550 3695 387 3645 3583 3625 3625 3593 4063 4063 4062 4062 4062 4062 4062 4062
3205 1777281070 3550 3694 387 3644 3582 3624 3624 3592 4061 4061 4061 4061 4061 4061 4061 4061
3206 1777281070 3551 3695 387 3645 3583 3625 3625 3593 4063 4063 4063 4063 4063 4063 4063 4063
3207 1777281070 3550 3695 387 3645 3582 3625 3625 3592 4063 4063 4062 4062 4062 4062 4062 4062
3208 1777281070 3550 3694 387 3644 3581 3624 3624 3592 4063 4063 4062 4062 4062 4062 4062 4062
3209 1777281070 3551 3695 388 3644 3583 3624 3625 3593 4061 4061 4061 4061 4061 4061 4061 4061
3210 1777281070 3551 3696 387 3645 3583 3625 3626 3594 4063 4063 4062 4062 4062 4062 4062 4062
3211 1777281070 3550 3695 387 3644 3582 3624 3624 3593 4063 4063 4063 4063 4063 4063 4063 4063
3212 1777281070 3550 3695 388 3644 3582 3624 3625 3592 4061 4061 4061 4061 4061 4061 4061 4061
3213 1777281070 3551 3695 388 3645 3583 3625 3625 3593 4063 4063 4062 4062 4062 4062 4062 4062
3214 1777281070 3550 3694 388 3644 3582 3624 3625 3593 4063 4063 4063 4063 4063 4063 4063 4063
3215 1777281070 3551 3696 388 3646 3583 3625 3626 3594 4063 4063 4063 4063 4063 4063 4063 4063
3216 1777281070 3551 3696 387 3645 3583 3625 3625 3593 4063 4063 4062 4062 4062 4062 4062 4062
3217 1777281070 3551 3696 388 3645 3583 3625 3626 3594 4061 4061 4061 4061 4061 4061 4061 4061
3218 1777281070 3551 3695 388 3645 3583 3625 3625 3593 4063 4063 4063 4063 4063 4063 4063 4063
3219 1777281070 3550 3695 387 3645 3583 3625 3625 3593 4061 4061 4060 4060 4060 4060 4060 4060
3220 1777281070 3550 3694 388 3644 3582 3624 3624 3592 4063 4063 4062 4062 4062 4062 4062 4062
3221 1777281070 3551 3695 388 3644 3583 3624 3624 3593 4063 4063 4062 4062 4062 4062 4062 4062
3222 1777281070 3550 3695 387 3645 3583 3625 3625 3593 4063 4063 4062 4062 4062 4062 4062 4062
3223 1777281070 3550 3694 388 3644 3582 3624 3624 3593 4063 4063 4063 4063 4063 4063 4063 4063
3224 1777281070 3551 3695 388 3644 3583 3626 3625 3594 4063 4063 4062 4062 4062 4062 4062 4062
3225 1777281070 3550 3694 388 3643 3582 3624 3624 3592 4063 4063 4062 4062 4062 4062 4062 4062
3226 1777281070 3550 3695 387 3644 3582 3624 3624 3593 4063 4063 4062 4062 4062 4062 4062 4062
3227 1777281070 3551 3695 388 3645 3583 3625 3625 3593 4061 4061 4061 4061 4061 4061 4061 4061
3228 1777281070 3550 3695 388 3644 3583 3625 3625 3593 4063 4063 4063 4063 4063 4063 4063 4063
3229 1777281070 3551 3694 388 3645 3582 3625 3625 3593 4061 4061 4061 4061 4061 4061 4061 4061
3230 1777281070 3549 3694 387 3644 3582 3624 3624 3592 4063 4063 4062 4062 4062 4062 4062 4062
3231 1777281070 3551 3695 388 3645 3583 3625 3626 3594 4063 4063 4063 4063 4063 4063 4063 4063
3232 1777281070 3550 3694 388 3644 3582 3624 3624 3592 4063 4063 4062 4062 4062 4062 4062 4062
3233 1777281070 3551 3696 388 3645 3584 3626 3626 3594 4063 4062 4062 4062 4062 4062 4062 4062
3234 1777281070 3550 3695 387 3644 3582 3624 3624 3593 4063 4063 4062 4062 4062 4062 4062 4062
3235 1777281070 3551 3694 387 3644 3582 3624 3624 3592 4063 4063 4062 4062 4062 4062 4062 4062
3236 1777281070 3552 3696 388 3645 3583 3625 3625 3594 4063 4063 4063 4063 4063 4063 4063 4063
3237 1777281070 3551 3696 388 3646 3584 3625 3626 3594 4063 4063 4062 4062 4062 4062 4062 4062
3238 1777281070 3550 3694 387 3644 3583 3625 3624 3592 4065 4063 4063 4063 4063 4063 4063 4063
3239 1777281070 3551 3695 388 3645 3583 3625 3625 3593 4063 4063 4063 4063 4063 4063 4063 4063
3240 1777281070 3550 3695 387 3644 3582 3625 3625 3592 4063 4063 4062 4062 4062 4062 4062 4062
3241 1777281070 3551 3696 388 3646 3584 3625 3626 3594 4065 4063 4063 4063 4063 4063 4063 4063
3242 1777281070 3551 3695 387 3645 3583 3625 3626 3593 4063 4063 4062 4062 4062 4062 4062 4062
3243 1777281070 3550 3694 388 3644 3582 3624 3624 3592 4065 4063 4063 4063 4063 4063 4063 4063
3244 1777281070 3551 3696 388 3645 3583 3625 3626 3594 4063 4063 4063 4063 4063 4063 4063 4063
3245 1777281070 3551 3695 388 3645 3583 3625 3625 3593 4063 4063 4062 4062 4062 4062 4062 4062
3246 1777281071 3551 3696 387 3645 3583 3625 3626 3593 4063 4063 4063 4063 4063 4063 4063 4063
3247 1777281071 3551 3695 388 3645 3583 3625 3625 3594 4063 4063 4062 4062 4062 4062 4062 4062
3248 1777281071 3551 3696 389 3645 3583 3626 3626 3593 4063 4063 4062 4062 4062 4062 4062 4062
3249 1777281071 3551 3695 388 3645 3583 3625 3625 3593 4065 4063 4063 4063 4063 4063 4063 4063
3250 1777281071 3551 3695 388 3645 3583 3625 3625 3593 4063 4063 4062 4062 4062 4062 4062 4062
3251 1777281071 3551 3696 388 3645 3583 3625 3625 3594 4063 4063 4062 4062 4062 4062 4062 4062
3252 1777281071 3551 3695 388 3645 3583 3626 3625 3594 4063 4062 4062 4062 4062 4062 4062 4062
3253 1777281071 3551 3696 388 3645 3583 3625 3625 3593 4063 4061 4061 4061 4061 4061 4061 4061
3254 1777281071 3551 3696 388 3645 3583 3625 3626 3593 4063 4063 4062 4062 4062 4062 4062 4062
3255 1777281071 3551 3695 388 3645 3583 3625 3625 3593 4063 4063 4062 4062 4062 4062 4062 4062
3256 1777281071 3550 3694 388 3644 3583 3625 3626 3593 4063 4063 4062 4062 4062 4062 4062 4062
3257 1777281071 3551 3695 388 3643 3583 3625 3625 3593 4063 4063 4063 4063 4063 4063 4063 4063
3258 1777281071 3550 3694 388 3642 3582 3623 3624 3592 4063 4063 4062 4062 4062 4062 4062 4062
3259 1777281071 3551 3696 388 3645 3583 3625 3626 3593 4063 4063 4062 4062 4062 4062 4062 4062
3260 1777281071 3551 3695 388 3644 3583 3625 3625 3593 4063 4063 4062 4062 4062 4062 4062 4062
3261 1777281079 3549 3695 388 3644 3582 3624 3624 3592 4063 4063 4062 4062 4062 4062 4062 4062
3262 1777281079 3550 3695 388 3644 3582 3624 3624 3593 4063 4063 4062 4062 4062 4062 4062 4062
3263 1777281079 3550 3695 388 3644 3583 3625 3625 3593 4061 4061 4061 4061 4061 4061 4061 4061
3264 1777281079 3549 3694 388 3643 3582 3624 3624 3592 4061 4061 4061 4061 4061 4061 4061 4061
3265 1777281079 3551 3695 388 3645 3583 3624 3625 3593 4063 4063 4063 4063 4063 4063 4063 4063
3266 1777281079 3550 3695 388 3645 3583 3625 3624 3593 4063 4063 4063 4063 4063 4063 4063 4063
3267 1777281079 3551 3696 387 3645 3583 3625 3625 3593 4063 4063 4063 4063 4063 4063 4063 4063
3268 1777281079 3550 3694 388 3643 3582 3624 3624 3592 4061 4061 4060 4060 4060 4060 4060 4060
3269 1777281079 3551 3695 388 3644 3582 3624 3624 3592 4061 4061 4061 4061 4061 4061 4061 4061
3270 1777281079 3550 3695 388 3645 3583 3625 3625 3593 4063 4063 4063 4063 4063 4063 4063 4063
3271 1777281079 3550 3694 389 3644 3582 3624 3624 3592 4061 4061 4061 4061 4061 4061 4061 4061
3272 1777281079 3550 3695 388 3643 3582 3624 3625 3593 4061 4061 4061 4061 4061 4061 4061 4061
3273 1777281079 3550 3695 388 3644 3582 3625 3625 3593 4063 4063 4062 4062 4062 4062 4062 4062
3274 1777281079 3551 3696 388 3645 3584 3626 3626 3594 4063 4063 4063 4063 4063 4063 4063 4063
3275 1777281079 3551 3695 388 3645 3583 3625 3625 3594 4063 4063 4062 4062 4062 4062 4062 4062
3276 1777281079 3550 3695 388 3645 3583 3625 3625 3593 4063 4063 4062 4062 4062 4062 4062 4062
3277 1777281079 3551 3695 388 3645 3583 3625 3626 3594 4063 4063 4063 4063 4063 4063 4063 4063
3278 1777281079 3550 3695 388 3644 3582 3624 3624 3592 4063 4063 4062 4062 4062 4062 4062 4062
3279 1777281079 3550 3695 389 3645 3583 3625 3625 3593 4061 4060 4060 4060 4060 4060 4060 4060
3280 1777281079 3550 3695 388 3645 3583 3625 3624 3592 4063 4063 4062 4062 4062 4062 4062 4062
3281 1777281079 3551 3695 388 3645 3583 3625 3625 3593 4063 4063 4062 4062 4062 4062 4062 4062
3282 1777281079 3550 3694 388 3645 3583 3625 3625 3592 4063 4063 4062 4062 4062 4062 4062 4062
3283 1777281079 3550 3695 388 3645 3583 3625 3625 3593 4063 4063 4063 4063 4063 4063 4063 4063
3284 1777281079 3550 3694 388 3645 3583 3625 3625 3593 4063 4063 4062 4062 4062 4062 4062 4062
3285 1777281079 3551 3695 388 3645 3583 3626 3625 3594 4063 4063 4062 4062 4062 4062 4062 4062
3286 1777281079 3550 3695 388 3645 3583 3625 3625 3593 4063 4063 4063 4063 4063 4063 4063 4063
3287 1777281079 3551 3695 389 3644 3583 3625 3625 3594 4065 4063 4063 4063 4063 4063 4063 4063
3288 1777281079 3551 3695 388 3645 3584 3625 3625 3593 4063 4063 4063 4063 4063 4063 4063 4063
3289 1777281079 3550 3694 388 3644 3583 3625 3625 3593 4061 4061 4061 4061 4061 4061 4061 4061
3290 1777281079 3550 3695 388 3645 3582 3625 3625 3593 4063 4063 4062 4062 4062 4062 4062 4062
3291 1777281079 3551 3696 388 3645 3583 3625 3625 3593 4063 4063 4062 4062 4062 4062 4062 4062
3292 1777281079 3550 3695 388 3645 3582 3625 3625 3593 4063 4061 4061 4061 4061 4061 4061 4061
3293 1777281079 3550 3695 388 3644 3583 3625 3625 3592 4063 4063 4063 4063 4063 4063 4063 4063
3294 1777281079 3551 3696 388 3645 3583 3625 3625 3594 4063 4063 4062 4062 4062 4062 4062 4062
3295 1777281079 3550 3695 389 3644 3583 3625 3625 3593 4061 4061 4061 4061 4061 4061 4061 4061
3296 1777281079 3552 3696 388 3645 3584 3626 3626 3594 4063 4063 4062 4062 4062 4062 4062 4062
3297 1777281079 3550 3695 388 3644 3582 3624 3624 3592 4061 4061 4061 4061 4061 4061 4061 4061
3298 1777281079 3551 3696 388 3646 3584 3626 3626 3594 4063 4063 4062 4062 4062 4062 4062 4062
3299 1777281079 3551 3695 388 3645 3583 3625 3625 3593 4063 4063 4062 4062 4062 4062 4062 4062
3300 1777281079 3551 3696 388 3645 3583 3625 3626 3593 4063 4063 4062 4062 4062 4062 4062 4062
3301 1777281079 3552 3696 388 3646 3584 3626 3626 3593 4063 4063 4062 4062 4062 4062 4062 4062
3302 1777281079 3550 3695 388 3645 3583 3625 3625 3593 4061 4061 4061 4061 4061 4061 4061 4061
3303 1777281079 3551 3696 388 3645 3584 3625 3625 3593 4061 4061 4061 4061 4061 4061 4061 4061
3304 1777281079 3552 3696 388 3645 3583 3625 3625 3593 4063 4063 4062 4062 4062 4062 4062 4062
3305 1777281079 3551 3696 388 3646 3584 3626 3626 3594 4063 4063 4063 4063 4063 4063 4063 4063
3306 1777281079 3551 3696 388 3645 3583 3625 3626 3594 4061 4061 4061 4061 4061 4061 4061 4061
3307 1777281079 3551 3695 388 3644 3582 3625 3625 3593 4063 4063 4062 4062 4062 4062 4062 4062
3308 1777281079 3552 3697 388 3647 3585 3626 3626 3595 4063 4063 4063 4063 4063 4063 4063 4063
3309 1777281079 3551 3695 388 3646 3583 3626 3625 3593 4061 4061 4061 4061 4061 4061 4061 4061
3310 1777281079 3552 3696 388 3645 3583 3626 3626 3593 4061 4061 4061 4061 4061 4061 4061 4061
3311 1777281079 3551 3696 389 3645 3583 3625 3625 3593 4063 4063 4063 4063 4063 4063 4063 4063
3312 1777281079 3550 3696 388 3645 3583 3625 3626 3594 4063 4063 4062 4062 4062 4062 4062 4062
3313 1777281079 3552 3696 388 3645 3583 3626 3626 3594 4063 4063 4062 4062 4062 4062 4062 4062
3314 1777281079 3551 3696 388 3645 3584 3626 3626 3594 4063 4063 4063 4063 4063 4063 4063 4063
3315 1777281079 3550 3695 388 3645 3583 3625 3625 3593 4063 4063 4063 4063 4063 4063 4063 4063
3316 1777281079 3550 3694 387 3644 3582 3624 3624 3592 4063 4063 4063 4063 4063 4063 4063 4063
3317 1777281079 3550 3695 386 3644 3582 3624 3623 3592 4059 4059 4058 4058 4058 4058 4058 4058
3318 1777281079 3550 3694 387 3644 3582 3624 3623 3592 4061 4061 4061 4061 4061 4061 4061 4061
3319 1777281079 3549 3694 387 3644 3582 3624 3625 3592 4063 4062 4062 4062 4062 4062 4062 4062
3320 1777281079 3549 3694 386 3643 3582 3624 3624 3592 4061 4061 4061 4061 4061 4061 4061 4061
3321 1777281079 3550 3694 387 3642 3582 3623 3624 3592 4063 4062 4062 4062 4062 4062 4062 4062
3322 1777281079 3549 3694 387 3643 3581 3623 3624 3591 4063 4063 4063 4063 4063 4063 4063 4063
3323 1777281079 3549 3694 387 3643 3582 3623 3624 3592 4063 4063 4062 4062 4062 4062 4062 4062
3324 1777281079 3549 3694 387 3643 3581 3624 3624 3592 4061 4061 4061 4061 4061 4061 4061 4061
3325 1777281079 3549 3694 387 3642 3581 3623 3623 3592 4063 4063 4062 4062 4062 4062 4062 4062
3326 1777281079 3549 3693 387 3643 3581 3623 3623 3591 4063 4063 4063 4063 4063 4063 4063 4063
3327 1777281079 3549 3694 387 3644 3582 3624 3624 3592 4061 4061 4061 4061 4061 4061 4061 4061
3328 1777281080 3550 3694 387 3643 3582 3624 3624 3592 4063 4063 4063 4063 4063 4063 4063 4063
3329 1777281080 3550 3694 387 3644 3582 3624 3624 3592 4063 4063 4063 4063 4063 4063 4063 4063
3330 1777281080 3550 3694 386 3643 3582 3624 3624 3592 4061 4061 4061 4061 4061 4061 4061 4061
3331 1777281080 3550 3694 387 3644 3582 3624 3624 3592 4063 4063 4062 4062 4062 4062 4062 4062
3332 1777281080 3550 3694 386 3644 3581 3624 3623 3592 4063 4063 4062 4062 4062 4062 4062 4062
3333 1777281080 3549 3694 386 3643 3581 3623 3624 3592 4063 4063 4062 4062 4062 4062 4062 4062
3334 1777281080 3549 3694 386 3643 3581 3623 3624 3591 4063 4063 4062 4062 4062 4062 4062 4062
3335 1777281080 3549 3693 387 3643 3582 3623 3624 3591 4063 4063 4063 4063 4063 4063 4063 4063
3336 1777281080 3549 3694 386 3643 3582 3624 3624 3592 4063 4063 4062 4062 4062 4062 4062 4062
3337 1777281080 3550 3695 387 3644 3582 3625 3624 3592 4063 4063 4062 4062 4062 4062 4062 4062
3338 1777281080 3549 3694 387 3643 3581 3623 3624 3592 4063 4063 4062 4062 4062 4062 4062 4062
3339 1777281080 3549 3694 387 3644 3582 3624 3624 3592 4065 4063 4063 4063 4063 4063 4063 4063
3340 1777281080 3549 3693 387 3643 3581 3623 3623 3591 4063 4062 4062 4062 4062 4062 4062 4062
3341 1777281080 3549 3694 387 3643 3582 3624 3623 3591 4061 4061 4061 4061 4061 4061 4061 4061
3342 1777281080 3549 3694 386 3644 3582 3624 3624 3592 4063 4061 4061 4061 4061 4061 4061 4061
3343 1777281080 3549 3694 387 3644 3582 3624 3625 3592 4063 4063 4062 4062 4062 4062 4062 4062
3344 1777281080 3549 3694 386 3643 3581 3624 3624 3592 4063 4063 4062 4062 4062 4062 4062 4062
3345 1777281080 3551 3695 387 3644 3582 3624 3625 3593 4063 4063 4062 4062 4062 4062 4062 4062
3346 1777281080 3549 3693 387 3643 3581 3624 3624 3592 4063 4063 4062 4062 4062 4062 4062 4062
3347 1777281080 3550 3694 387 3644 3582 3624 3624 3592 4063 4063 4062 4062 4062 4062 4062 4062
3348 1777281080 3550 3694 387 3644 3582 3624 3624 3592 4063 4063 4062 4062 4062 4062 4062 4062
3349 1777281080 3550 3694 387 3644 3582 3624 3624 3592 4063 4063 4062 4062 4062 4062 4062 4062
3350 1777281080 3550 3694 386 3644 3582 3624 3624 3592 4063 4063 4063 4063 4063 4063 4063 4063
3351 1777281080 3550 3694 387 3644 3582 3624 3624 3592 4063 4063 4062 4062 4062 4062 4062 4062
3352 1777281080 3549 3694 386 3643 3582 3624 3624 3592 4063 4063 4062 4062 4062 4062 4062 4062
3353 1777281080 3550 3694 387 3644 3582 3625 3624 3592 4063 4063 4062 4062 4062 4062 4062 4062
3354 1777281080 3549 3694 387 3644 3582 3624 3624 3592 4061 4061 4061 4061 4061 4061 4061 4061
3355 1777281080 3549 3694 387 3644 3582 3624 3624 3592 4061 4061 4061 4061 4061 4061 4061 4061
3356 1777281080 3549 3694 387 3644 3582 3624 3624 3592 4059 4059 4058 4058 4058 4058 4058 4058
3357 1777281080 3549 3693 387 3642 3581 3623 3623 3591 4065 4063 4063 4063 4063 4063 4063 4063
3358 1777281080 3549 3694 386 3644 3582 3624 3624 3592 4063 4063 4062 4062 4062 4062 4062 4062
3359 1777281080 3550 3695 387 3644 3583 3625 3625 3592 4063 4063 4063 4063 4063 4063 4063 4063
3360 1777281080 3550 3694 387 3644 3582 3625 3625 3593 4061 4061 4061 4061 4061 4061 4061 4061
3361 1777281080 3549 3693 387 3643 3581 3623 3624 3591 4063 4063 4063 4063 4063 4063 4063 4063
3362 1777281080 3550 3695 387 3644 3582 3624 3624 3592 4063 4063 4062 4062 4062 4062 4062 4062
3363 1777281080 3549 3694 387 3644 3582 3624 3624 3592 4061 4061 4061 4061 4061 4061 4061 4061
3364 1777281080 3550 3694 387 3644 3582 3624 3624 3592 4063 4063 4062 4062 4062 4062 4062 4062
3365 1777281080 3549 3693 387 3643 3581 3623 3624 3591 4063 4063 4062 4062 4062 4062 4062 4062
3366 1777281080 3549 3694 387 3643 3582 3623 3623 3592 4063 4063 4063 4063 4063 4063 4063 4063
3367 1777281080 3550 3694 387 3644 3582 3624 3624 3592 4063 4063 4063 4063 4063 4063 4063 4063
3368 1777281080 3551 3695 386 3645 3583 3625 3624 3593 4063 4063 4062 4062 4062 4062 4062 4062
3369 1777281080 3551 3695 387 3644 3582 3625 3625 3593 4063 4063 4062 4062 4062 4062 4062 4062
3370 1777281080 3549 3694 387 3643 3582 3624 3624 3592 4063 4062 4062 4062 4062 4062 4062 4062
3371 1777281080 3551 3695 387 3644 3583 3625 3625 3593 4063 4063 4062 4062 4062 4062 4062 4062
3372 1777281080 3550 3695 387 3644 3582 3625 3625 3593 4063 4063 4063 4063 4063 4063 4063 4063
3373 1777281080 3549 3694 387 3644 3582 3624 3624 3591 4063 4063 4062 4062 4062 4062 4062 4062
3374 1777281080 3550 3695 387 3644 3582 3624 3624 3593 4063 4063 4063 4063 4063 4063 4063 4063
3375 1777281080 3550 3694 387 3644 3582 3624 3624 3592 4061 4061 4061 4061 4061 4061 4061 4061
3376 1777281080 3550 3694 388 3644 3582 3624 3624 3592 4063 4063 4063 4063 4063 4063 4063 4063
3377 1777281080 3550 3695 387 3645 3583 3625 3625 3593 4063 4063 4062 4062 4062 4062 4062 4062
3378 1777281080 3550 3694 387 3644 3582 3625 3625 3593 4063 4063 4062 4062 4062 4062 4062 4062
3379 1777281080 3550 3695 387 3645 3583 3625 3625 3593 4063 4063 4062 4062 4062 4062 4062 4062
3380 1777281080 3550 3694 387 3644 3582 3624 3625 3593 4063 4063 4062 4062 4062 4062 4062 4062
3381 1777281080 3550 3694 387 3644 3582 3624 3624 3592 4063 4063 4063 4063 4063 4063 4063 4063
3382 1777281080 3550 3695 388 3644 3582 3625 3625 3593 4061 4061 4061 4061 4061 4061 4061 4061
3383 1777281080 3550 3694 387 3644 3582 3623 3624 3592 4063 4063 4063 4063 4063 4063 4063 4063
3384 1777281080 3550 3694 387 3643 3582 3624 3624 3592 4063 4063 4063 4063 4063 4063 4063 4063
3385 1777281080 3550 3695 387 3645 3582 3625 3625 3593 4063 4063 4062 4062 4062 4062 4062 4062
3386 1777281080 3550 3695 386 3645 3582 3625 3624 3593 4063 4063 4062 4062 4062 4062 4062 4062
3387 1777281080 3550 3695 387 3644 3583 3625 3625 3593 4063 4062 4062 4062 4062 4062 4062 4062
3388 1777281080 3550 3695 387 3645 3583 3625 3624 3593 4063 4063 4062 4062 4062 4062 4062 4062
3389 1777281080 3550 3695 387 3645 3583 3625 3625 3593 4063 4063 4062 4062 4062 4062 4062 4062
3390 1777281080 3550 3694 387 3644 3582 3625 3624 3592 4063 4063 4063 4063 4063 4063 4063 4063
3391 1777281080 3549 3694 387 3644 3581 3624 3624 3592 4063 4063 4062 4062 4062 4062 4062 4062
3392 1777281080 3551 3695 388 3644 3583 3624 3625 3592 4061 4061 4061 4061 4061 4061 4061 4061
3393 1777281080 3551 3695 387 3646 3583 3625 3625 3593 4063 4063 4062 4062 4062 4062 4062 4062
3394 1777281080 3552 3697 386 3646 3584 1652 3626 3594 4063 4063 4063 4063 4063 4063 4063 4063
3395 1777281080 3549 3694 387 3644 3582 3624 3624 3593 4061 4061 4061 4061 4061 4061 4061 4061
3396 1777281080 3551 3695 387 3645 3583 3625 3625 3593 4063 4063 4062 4062 4062 4062 4062 4062
3397 1777281080 3551 3695 387 3645 3583 3624 3624 3592 4063 4063 4063 4063 4063 4063 4063 4063
3398 1777281080 3549 3694 387 3643 3581 3623 3623 3591 4063 4063 4062 4062 4062 4062 4062 4062
3399 1777281080 3550 3695 387 3644 3582 3625 3625 3592 4061 4061 4061 4061 4061 4061 4061 4061
3400 1777281080 3549 3694 388 3643 3582 3624 3624 3592 4061 4061 4061 4061 4061 4061 4061 4061
3401 1777281080 3551 3695 387 3645 3583 3625 3625 3593 4063 4063 4062 4062 4062 4062 4062 4062
3402 1777281080 3550 3694 387 3644 3582 3625 3625 3593 4061 4061 4061 4061 4061 4061 4061 4061
3403 1777281080 3551 3695 387 3644 3582 3625 3624 3593 4063 4063 4062 4062 4062 4062 4062 4062
3404 1777281081 3550 3695 387 3645 3582 3625 3624 3592 4061 4061 4061 4061 4061 4061 4061 4061
3405 1777281081 3550 3694 387 3644 3582 3624 3625 3592 4063 4063 4063 4063 4063 4063 4063 4063
3406 1777281081 3550 3695 388 3645 3583 3625 3626 3594 4063 4063 4062 4062 4062 4062 4062 4062
3407 1777281081 3551 3695 387 3644 3583 3625 3626 3593 4063 4063 4062 4062 4062 4062 4062 4062
3408 1777281081 3551 3695 388 3645 3583 3625 3625 3593 4063 4063 4062 4062 4062 4062 4062 4062
3409 1777281081 3550 3695 387 3644 3583 3624 3625 3593 4063 4063 4062 4062 4062 4062 4062 4062
3410 1777281081 3550 3695 387 3644 3582 3625 3624 3593 4063 4063 4062 4062 4062 4062 4062 4062
3411 1777281081 3551 3695 387 3644 3583 3625 3625 3593 4061 4061 4061 4061 4061 4061 4061 4061
3412 1777281081 3551 3695 387 3645 3583 3625 3625 3593 4063 4063 4062 4062 4062 4062 4062 4062
3413 1777281081 3550 3695 387 3645 3582 3624 3625 3593 4063 4063 4062 4062 4062 4062 4062 4062
3414 1777281081 3551 3695 387 3645 3583 3625 3625 3593 4063 4063 4062 4062 4062 4062 4062 4062
3415 1777281081 3551 3695 387 3644 3583 3626 3625 3593 4063 4063 4063 4063 4063 4063 4063 4063
3416 1777281081 3551 3696 387 3646 3584 3626 3626 3593 4061 4061 4061 4061 4061 4061 4061 4061
3417 1777281081 3550 3695 387 3645 3583 3625 3625 3593 4063 4063 4063 4063 4063 4063 4063 4063
3418 1777281081 3550 3696 387 3645 3583 3625 3625 3593 4061 4061 4061 4061 4061 4061 4061 4061
3419 1777281089 3548 3692 387 3643 3581 3623 3623 3591 4063 4062 4062 4062 4062 4062 4062 4062
3420 1777281089 3549 3694 387 3643 3581 3623 3623 3591 4063 4063 4062 4062 4062 4062 4062 4062
3421 1777281089 3550 3694 387 3644 3582 3624 3624 3592 4063 4063 4062 4062 4062 4062 4062 4062
3422 1777281089 3550 3694 387 3644 3582 3624 3624 3592 4063 4062 4062 4062 4062 4062 4062 4062
3423 1777281089 3549 3694 388 3643 3581 3624 3624 3592 4063 4063 4063 4063 4063 4063 4063 4063
3424 1777281089 3549 3693 387 3643 3581 3623 3623 3591 4063 4062 4062 4062 4062 4062 4062 4062
3425 1777281089 3548 3693 387 3642 3580 3622 3622 3591 4061 4059 4059 4059 4059 4059 4059 4059
3426 1777281089 3550 3694 387 3644 3582 3624 3625 3592 4063 4063 4062 4062 4062 4062 4062 4062
3427 1777281089 3549 3694 387 3643 3582 3624 3624 3592 4063 4063 4062 4062 4062 4062 4062 4062
3428 1777281089 3548 3693 387 3642 3581 3623 3623 3591 4063 4063 4062 4062 4062 4062 4062 4062
3429 1777281089 3549 3694 387 3644 3582 3623 3623 3591 4063 4063 4062 4062 4062 4062 4062 4062
3430 1777281089 3550 3694 387 3643 3581 3623 3623 3591 4063 4063 4063 4063 4063 4063 4063 4063
3431 1777281089 3549 3693 387 3643 3581 3623 3624 3592 4061 4061 4061 4061 4061 4061 4061 4061
3432 1777281089 3550 3694 387 3644 3582 3624 3624 3592 4063 4062 4062 4062 4062 4062 4062 4062
3433 1777281089 3550 3695 387 3643 3582 3624 3624 3592 4063 4062 4062 4062 4062 4062 4062 4062
3434 1777281089 3549 3693 387 3644 3582 3623 3624 3592 4063 4063 4062 4062 4062 4062 4062 4062
3435 1777281089 3549 3694 387 3643 3582 3623 3624 3592 4063 4063 4063 4063 4063 4063 4063 4063
3436 1777281089 3550 3694 387 3644 3582 3624 3624 3592 4063 4063 4062 4062 4062 4062 4062 4062
3437 1777281089 3549 3694 387 3644 3582 3623 3623 3591 4063 4063 4062 4062 4062 4062 4062 4062
3438 1777281089 3549 3694 389 3644 3582 3624 3624 3592 4063 4063 4062 4062 4062 4062 4062 4062
3439 1777281089 3552 3696 388 3645 3583 3626 3625 1725 4063 4063 4063 4063 4063 4063 4063 4063
3440 1777281089 3550 3695 387 3644 3583 3625 3624 3592 4063 4063 4062 4062 4062 4062 4062 4062
3441 1777281089 3549 3694 387 3643 3582 3624 3623 3591 4063 4063 4062 4062 4062 4062 4062 4062
3442 1777281089 3549 3693 388 3643 3581 3624 3624 3592 4063 4063 4062 4062 4062 4062 4062 4062
3443 1777281089 3549 3693 388 3643 3582 3623 3623 3592 4061 4061 4061 4061 4061 4061 4061 4061
3444 1777281089 3549 3695 387 3644 3582 3624 3624 3592 4063 4063 4062 4062 4062 4062 4062 4062
3445 1777281089 3550 3694 387 3645 3582 3624 3625 3592 4063 4063 4062 4062 4062 4062 4062 4062
3446 1777281089 3549 3693 387 3643 3581 3624 3624 3592 4061 4061 4061 4061 4061 4061 4061 4061
3447 1777281089 3550 3694 388 3643 3582 3624 3624 3592 4063 4063 4062 4062 4062 4062 4062 4062
3448 1777281089 3550 3695 387 3644 3582 3625 3625 3593 4063 4063 4062 4062 4062 4062 4062 4062
3449 1777281089 3550 3694 388 3644 3582 3624 3624 3593 4063 4063 4063 4063 4063 4063 4063 4063
3450 1777281089 3550 3695 387 3644 3582 3624 3624 3592 4063 4063 4062 4062 4062 4062 4062 4062
3451 1777281089 3550 3694 387 3645 3582 3624 3624 3593 4063 4063 4062 4062 4062 4062 4062 4062
3452 1777281089 3549 3694 387 3644 3582 3624 3624 3592 4063 4062 4062 4062 4062 4062 4062 4062
3453 1777281089 3549 3694 388 3643 3582 3624 3624 3592 4063 4063 4062 4062 4062 4062 4062 4062
3454 1777281089 3551 3695 387 3645 3583 3625 3625 3593 4063 4062 4062 4062 4062 4062 4062 4062
3455 1777281089 3551 3695 388 3645 3583 3625 3625 3594 4061 4061 4061 4061 4061 4061 4061 4061
3456 1777281089 3550 3694 387 3644 3581 3623 3624 3592 4063 4063 4062 4062 4062 4062 4062 4062
3457 1777281089 3550 3694 388 3645 3582 3625 3625 3593 4063 4062 4062 4062 4062 4062 4062 4062
3458 1777281089 3549 3694 388 3643 3581 3624 3624 3592 4061 4061 4061 4061 4061 4061 4061 4061
3459 1777281089 3550 3695 387 3644 3582 3625 3624 3593 4063 4063 4062 4062 4062 4062 4062 4062
3460 1777281089 3551 3695 388 3644 3582 3624 3625 3593 4063 4063 4062 4062 4062 4062 4062 4062
3461 1777281089 3550 3694 388 3644 3582 3624 3624 3592 4063 4063 4062 4062 4062 4062 4062 4062
3462 1777281089 3551 3695 387 3644 3582 3625 3624 3593 4061 4061 4061 4061 4061 4061 4061 4061
3463 1777281089 3549 3694 388 3643 3582 3624 3624 3592 4061 4060 4060 4060 4060 4060 4060 4060
3464 1777281089 3550 3695 387 3644 3582 3625 3625 3593 4063 4063 4063 4063 4063 4063 4063 4063
3465 1777281089 3550 3694 387 3644 3582 3624 3625 3593 4063 4063 4062 4062 4062 4062 4062 4062
3466 1777281089 3550 3694 387 3644 3582 3625 3624 3592 4063 4063 4063 4063 4063 4063 4063 4063
3467 1777281089 3550 3694 388 3644 3582 3624 3624 3592 4063 4063 4062 4062 4062 4062 4062 4062
3468 1777281089 3551 3695 387 3644 3582 3624 3624 3592 4063 4062 4062 4062 4062 4062 4062 4062
3469 1777281089 3550 3694 388 3644 3582 3624 3624 3592 4065 4063 4063 4063 4063 4063 4063 4063
3470 1777281089 3549 3693 387 3643 3582 3624 3624 3592 4063 4063 4062 4062 4062 4062 4062 4062
3471 1777281089 3549 3694 388 3643 3582 3624 3625 3592 4063 4063 4062 4062 4062 4062 4062 4062
3472 1777281089 3550 3694 388 3644 3582 3624 3624 3592 4063 4063 4062 4062 4062 4062 4062 4062
3473 1777281089 3549 3694 387 3644 3581 3623 3623 3592 4063 4063 4062 4062 4062 4062 4062 4062
3474 1777281089 3550 3694 387 3644 3582 3624 3624 3592 4063 4063 4062 4062 4062 4062 4062 4062
3475 1777281089 3550 3695 388 3645 3583 3625 3625 3593 4063 4063 4062 4062 4062 4062 4062 4062
3476 1777281089 3550 3695 387 3644 3582 3624 3624 3592 4061 4061 4061 4061 4061 4061 4061 4061
3477 1777281089 3549 3694 388 3644 3582 3624 3625 3593 4063 4063 4062 4062 4062 4062 4062 4062
3478 1777281089 3551 3696 387 3644 3583 3625 3625 3593 4061 4061 4061 4061 4061 4061 4061 4061
3479 1777281089 3551 3695 388 3645 3583 3625 3625 3593 4063 4063 4063 4063 4063 4063 4063 4063
3480 1777281089 3550 3694 388 3644 3582 3624 3624 3593 4063 4063 4062 4062 4062 4062 4062 4062
3481 1777281089 3550 3695 388 3645 3582 3625 3625 3593 4063 4063 4062 4062 4062 4062 4062 4062
3482 1777281089 3550 3695 388 3644 3583 3625 3625 3593 4063 4063 4063 4063 4063 4063 4063 4063
3483 1777281089 3549 3694 388 3643 3582 3624 3624 3592 4063 4063 4063 4063 4063 4063 4063 4063
3484 1777281089 3551 3695 387 3644 3583 3625 3625 3593 4063 4063 4062 4062 4062 4062 4062 4062
3485 1777281097 3550 3695 389 3644 3582 3624 3624 3592 4063 4063 4063 4063 4063 4063 4063 4063
3486 1777281097 3551 3695 388 3644 3583 3624 3624 3592 4063 4063 4062 4062 4062 4062 4062 4062
3487 1777281097 3549 3694 388 3644 3582 3624 3624 3592 4063 4063 4062 4062 4062 4062 4062 4062
3488 1777281097 3550 3695 388 3644 3582 3624 3625 3593 4061 4061 4061 4061 4061 4061 4061 4061
3489 1777281097 3549 3693 387 3644 3581 3624 3623 3591 4063 4063 4062 4062 4062 4062 4062 4062
3490 1777281097 3549 3694 387 3643 3581 3624 3624 3592 4061 4061 4061 4061 4061 4061 4061 4061
3491 1777281097 3550 3694 387 3644 3582 3623 3624 3592 4061 4061 4061 4061 4061 4061 4061 4061
3492 1777281097 3551 3696 387 3645 3583 1678 1387 3593 4059 4057 4057 4057 4057 4057 4057 4057
3493 1777281097 3550 3694 388 3644 3582 3624 3624 3592 4063 4063 4062 4062 4062 4062 4062 4062
3494 1777281097 3550 3695 388 3643 3582 3624 3624 3592 4063 4063 4063 4063 4063 4063 4063 4063
3495 1777281097 3550 3694 388 3644 3582 3624 3624 3593 4063 4063 4062 4062 4062 4062 4062 4062
3496 1777281097 3550 3695 387 3645 3583 3624 3625 3593 4061 4061 4060 4060 4060 4060 4060 4060
3497 1777281097 3550 3695 388 3644 3582 3625 3625 3593 4063 4063 4062 4062 4062 4062 4062 4062
3498 1777281097 3550 3694 388 3644 3582 3624 3624 3592 4063 4063 4062 4062 4062 4062 4062 4062
3499 1777281097 3551 3695 387 3645 3583 3625 3625 3593 4063 4063 4063 4063 4063 4063 4063 4063
3500 1777281097 3549 3694 387 3644 3582 3623 3623 3591 4063 4063 4063 4063 4063 4063 4063 4063
3501 1777281097 3549 3694 389 3643 3582 3623 3623 3591 4063 4063 4062 4062 4062 4062 4062 4062
3502 1777281097 3550 3695 388 3643 3582 3624 3624 3592 4061 4061 4061 4061 4061 4061 4061 4061
3503 1777281097 3551 3695 387 3644 3582 3624 3624 3593 4063 4063 4062 4062 4062 4062 4062 4062
3504 1777281097 3550 3694 388 3644 3582 3625 3625 3592 4061 4061 4061 4061 4061 4061 4061 4061
3505 1777281097 3551 3695 387 3645 3583 3625 3625 3593 4063 4063 4063 4063 4063 4063 4063 4063
3506 1777281097 3550 3695 387 3644 3582 3625 3624 3592 4063 4063 4062 4062 4062 4062 4062 4062
3507 1777281097 3551 3695 387 3644 3582 3625 3624 3593 4063 4063 4062 4062 4062 4062 4062 4062
3508 1777281098 3550 3694 388 3644 3582 3624 3624 3592 4063 4063 4062 4062 4062 4062 4062 4062
3509 1777281098 3549 3693 388 3644 3582 3624 3624 3592 4061 4061 4061 4061 4061 4061 4061 4061
3510 1777281098 3549 3694 388 3643 3582 3624 3625 3592 4063 4063 4062 4062 4062 4062 4062 4062
3511 1777281098 3550 3695 387 3644 3583 3625 3625 3593 4061 4061 4061 4061 4061 4061 4061 4061
3512 1777281098 3550 3695 388 3645 3583 3625 3625 3593 4063 4063 4062 4062 4062 4062 4062 4062
3513 1777281098 3551 3695 388 3644 3583 3625 3625 3593 4063 4063 4062 4062 4062 4062 4062 4062
3514 1777281098 3550 3694 388 3644 3582 3625 3625 3593 4061 4061 4061 4061 4061 4061 4061 4061
3515 1777281098 3551 3696 388 3646 3583 3625 3625 3594 4063 4063 4062 4062 4062 4062 4062 4062
3516 1777281098 3551 3695 387 3645 3583 3625 3624 3593 4061 4061 4061 4061 4061 4061 4061 4061
3517 1777281098 3551 3696 388 3645 3584 3625 3626 3594 4063 4063 4062 4062 4062 4062 4062 4062
3518 1777281098 3550 3695 388 3645 3583 3624 3625 3593 4063 4063 4062 4062 4062 4062 4062 4062
3519 1777281098 3550 3695 388 3645 3583 3625 3626 3593 4063 4063 4063 4063 4063 4063 4063 4063
3520 1777281098 3550 3695 388 3645 3583 3624 3625 3592 4063 4063 4062 4062 4062 4062 4062 4062
3521 1777281098 3551 3695 388 3645 3583 3625 3625 3593 4063 4063 4063 4063 4063 4063 4063 4063
3522 1777281098 3550 3695 388 3644 3582 3624 3625 3593 4063 4063 4062 4062 4062 4062 4062 4062
3523 1777281098 3551 3695 388 3645 3583 3625 3625 3593 4063 4063 4063 4063 4063 4063 4063 4063
3524 1777281098 3551 3695 388 3645 3582 3625 3625 3592 4063 4063 4062 4062 4062 4062 4062 4062
3525 1777281098 3551 3695 388 3644 3582 3625 3625 3593 4063 4063 4062 4062 4062 4062 4062 4062
3526 1777281098 3551 3696 388 3645 3583 3626 3626 3594 4063 4063 4062 4062 4062 4062 4062 4062
3527 1777281098 3552 3696 388 3646 3583 3625 3625 3594 4063 4063 4062 4062 4062 4062 4062 4062
3528 1777281098 3551 3696 388 3645 3584 3626 3626 3593 4061 4061 4061 4061 4061 4061 4061 4061
3529 1777281098 3551 3696 388 3646 3584 3625 3626 3594 4063 4063 4063 4063 4063 4063 4063 4063
3530 1777281098 3551 3696 388 3645 3583 3625 3625 3593 4063 4063 4062 4062 4062 4062 4062 4062
3531 1777281098 3551 3695 388 3644 3582 3624 3624 3592 4063 4063 4062 4062 4062 4062 4062 4062
3532 1777281098 3550 3694 388 3644 3582 3624 3624 3592 4063 4062 4062 4062 4062 4062 4062 4062
3533 1777281098 3551 3696 389 3645 3583 3626 3625 3593 4063 4063 4062 4062 4062 4062 4062 4062
3534 1777281098 3551 3695 388 3645 3583 3624 3625 3593 4063 4063 4062 4062 4062 4062 4062 4062
3535 1777281098 3551 3695 388 3645 3583 3625 3625 3593 4063 4063 4062 4062 4062 4062 4062 4062
3536 1777281098 3550 3695 388 3645 3582 3625 3625 3592 4063 4063 4062 4062 4062 4062 4062 4062
3537 1777281098 3551 3695 388 3644 3583 3625 3626 3594 4061 4061 4061 4061 4061 4061 4061 4061
3538 1777281098 3551 3696 388 3645 3583 3625 3625 3594 4063 4063 4062 4062 4062 4062 4062 4062
3539 1777281098 3551 3695 388 3645 3583 3625 3625 3593 4063 4063 4063 4063 4063 4063 4063 4063
3540 1777281098 3550 3694 388 3645 3582 3624 3625 3593 4061 4061 4061 4061 4061 4061 4061 4061
3541 1777281098 3550 3695 388 3644 3582 3625 3625 3593 4061 4061 4061 4061 4061 4061 4061 4061
3542 1777281098 3551 3696 388 3645 3583 3626 3626 3593 4063 4063 4063 4063 4063 4063 4063 4063
3543 1777281098 3552 3696 388 3646 3584 3626 3626 3594 4063 4063 4062 4062 4062 4062 4062 4062
3544 1777281098 3551 3696 388 3646 3584 3626 3626 3594 4063 4063 4063 4063 4063 4063 4063 4063
3545 1777281098 3551 3695 388 3644 3582 3625 3625 3593 4061 4061 4061 4061 4061 4061 4061 4061
3546 1777281098 3551 3695 388 3645 3583 3625 3625 3593 4061 4061 4061 4061 4061 4061 4061 4061
3547 1777281098 3551 3696 388 3646 3584 3625 3626 3594 4063 4063 4062 4062 4062 4062 4062 4062
3548 1777281098 3551 3695 388 3645 3583 3625 3625 3593 4063 4063 4063 4063 4063 4063 4063 4063
3549 1777281098 3551 3695 389 3644 3584 3626 3625 3593 4063 4062 4062 4062 4062 4062 4062 4062
3550 1777281098 3550 3695 388 3645 3583 3625 3625 3593 4063 4062 4062 4062 4062 4062 4062 4062
3551 1777281098 3551 3695 388 3644 3583 3625 3625 3593 4061 4061 4061 4061 4061 4061 4061 4061
3552 1777281098 3551 3696 388 3645 3583 3625 3625 3593 4063 4063 4062 4062 4062 4062 4062 4062
3553 1777281098 3551 3696 388 3645 3583 3625 3625 3593 4063 4063 4062 4062 4062 4062 4062 4062
3554 1777281098 3552 3696 388 3645 3584 3625 3625 3594 4063 4063 4062 4062 4062 4062 4062 4062
3555 1777281098 3550 3695 388 3645 3583 3625 3625 3592 4061 4061 4061 4061 4061 4061 4061 4061
3556 1777281098 3551 3696 388 3645 3584 3626 3626 3594 4063 4063 4063 4063 4063 4063 4063 4063
3557 1777281098 3550 3695 388 3644 3583 3625 3625 3593 4061 4061 4061 4061 4061 4061 4061 4061
3558 1777281098 3551 3696 388 3645 3583 3625 3625 3593 4063 4063 4062 4062 4062 4062 4062 4062
3559 1777281098 3551 3695 388 3645 3583 3625 3625 3593 4061 4061 4061 4061 4061 4061 4061 4061
3560 1777281098 3551 3696 388 3646 3583 3626 3626 3594 4065 4063 4063 4063 4063 4063 4063 4063
3561 1777281098 3551 3696 388 3645 3584 3625 3625 3593 4061 4061 4061 4061 4061 4061 4061 4061
3562 1777281098 3552 3696 388 3646 3584 3626 3626 3594 4063 4063 4062 4062 4062 4062 4062 4062
3563 1777281098 3551 3695 388 3645 3583 3626 3625 3594 4063 4063 4063 4063 4063 4063 4063 4063
3564 1777281098 3551 3695 388 3645 3582 3625 3625 3592 4063 4063 4063 4063 4063 4063 4063 4063
3565 1777281098 3550 3695 389 3644 3583 3625 3625 3594 4063 4063 4062 4062 4062 4062 4062 4062
3566 1777281098 3551 3695 388 3645 3583 3626 3626 3593 4063 4063 4062 4062 4062 4062 4062 4062
3567 1777281098 3551 3696 388 3646 3584 3626 3626 3593 4063 4062 4062 4062 4062 4062 4062 4062
3568 1777281098 3551 3696 388 3645 3584 3626 3626 3593 4063 4063 4063 4063 4063 4063 4063 4063
3569 1777281098 3553 3697 389 3646 3585 3627 3627 3595 4063 4061 4061 4061 4061 4061 4061 4061
3570 1777281098 3549 3694 386 3643 3582 3624 3624 3592 4063 4063 4062 4062 4062 4062 4062 4062
3571 1777281098 3549 3694 387 3644 3581 3624 3623 3592 4063 4063 4062 4062 4062 4062 4062 4062
3572 1777281098 3549 3693 386 3643 3580 3623 3622 3591 4061 4061 4061 4061 4061 4061 4061 4061
3573 1777281098 3549 3693 387 3643 3581 3624 3624 3592 4063 4063 4063 4063 4063 4063 4063 4063
3574 1777281098 3549 3694 387 3643 3581 3624 3624 3592 4063 4063 4062 4062 4062 4062 4062 4062
3575 1777281098 3549 3694 387 3642 3581 3623 3623 3591 4061 4061 4061 4061 4061 4061 4061 4061
3576 1777281098 3549 3694 386 3643 3582 3624 3623 3591 4061 4061 4061 4061 4061 4061 4061 4061
3577 1777281098 3550 3695 386 3644 3582 3625 3625 3593 4063 4063 4063 4063 4063 4063 4063 4063
3578 1777281098 3549 3693 386 3643 3581 3624 3624 3591 4063 4063 4063 4063 4063 4063 4063 4063
3579 1777281098 3549 3693 386 3644 3581 3623 3623 3591 4061 4061 4061 4061 4061 4061 4061 4061
3580 1777281098 3549 3694 387 3643 3582 3624 3624 3592 4063 4063 4062 4062 4062 4062 4062 4062
3581 1777281098 3550 3694 387 3644 3582 3624 3624 3592 4061 4061 4061 4061 4061 4061 4061 4061
3582 1777281098 3550 3694 386 3644 3582 3624 3624 3592 4063 4063 4062 4062 4062 4062 4062 4062
3583 1777281098 3549 3693 387 3643 3581 3624 3624 3592 4063 4063 4062 4062 4062 4062 4062 4062
3584 1777281098 3550 3694 386 3644 3582 3624 3624 3592 4063 4063 4062 4062 4062 4062 4062 4062
3585 1777281098 3550 3694 386 3644 3581 3624 3624 3592 4061 4061 4061 4061 4061 4061 4061 4061
3586 1777281098 3549 3693 387 3643 3581 3623 3623 3591 4061 4061 4061 4061 4061 4061 4061 4061
3587 1777281098 3550 3694 386 3644 3582 3624 3624 3592 4061 4061 4061 4061 4061 4061 4061 4061
3588 1777281098 3550 3694 386 3644 3582 3624 3624 3592 4061 4061 4061 4061 4061 4061 4061 4061
3589 1777281099 3550 3695 387 3644 3582 3624 3624 3593 4061 4061 4061 4061 4061 4061 4061 4061
3590 1777281099 3550 3694 387 3643 3581 3623 3624 3592 4063 4063 4062 4062 4062 4062 4062 4062
3591 1777281099 3550 3694 387 3644 3582 3623 3624 3592 4063 4063 4062 4062 4062 4062 4062 4062
3592 1777281099 3550 3695 386 3644 3582 3625 3624 3592 4063 4063 4063 4063 4063 4063 4063 4063
3593 1777281099 3549 3693 387 3643 3582 3623 3624 3592 4063 4063 4063 4063 4063 4063 4063 4063
3594 1777281099 3549 3693 387 3643 3581 3623 3623 3591 4063 4063 4063 4063 4063 4063 4063 4063
3595 1777281106 3548 3693 386 3642 3580 3622 3623 3590 4063 4063 4062 4062 4062 4062 4062 4062
3596 1777281106 3548 3693 387 3642 3581 3623 3623 3592 4063 4063 4062 4062 4062 4062 4062 4062
3597 1777281106 3549 3694 388 3643 3581 3623 3623 3592 4063 4063 4062 4062 4062 4062 4062 4062
3598 1777281106 3549 3694 387 3643 3581 3623 3623 3591 4063 4063 4062 4062 4062 4062 4062 4062
3599 1777281106 3548 3693 387 3642 3580 3622 3622 3590 4063 4063 4062 4062 4062 4062 4062 4062
3600 1777281106 3550 3695 386 3644 3583 3624 3625 1732 4063 4063 4063 4063 4063 4063 4063 4063
3601 1777281106 3548 3693 386 3643 3580 3623 3622 3591 4063 4063 4063 4063 4063 4063 4063 4063
3602 1777281107 3549 3693 387 3643 3581 3623 3623 3591 4063 4063 4063 4063 4063 4063 4063 4063
3603 1777281107 3548 3693 386 3643 3581 3623 3623 3591 4063 4063 4062 4062 4062 4062 4062 4062
3604 1777281107 3549 3693 387 3642 3581 3622 3623 3591 4063 4063 4062 4062 4062 4062 4062 4062
3605 1777281107 3549 3693 387 3643 3582 3624 3624 3592 4063 4063 4062 4062 4062 4062 4062 4062
3606 1777281107 3549 3694 387 3644 3582 3624 3623 3592 4061 4061 4061 4061 4061 4061 4061 4061
3607 1777281107 3549 3693 387 3643 3581 3623 3623 3591 4063 4063 4063 4063 4063 4063 4063 4063
3608 1777281107 3549 3693 387 3644 3582 3624 3624 3592 4063 4063 4063 4063 4063 4063 4063 4063
3609 1777281107 3549 3694 387 3643 3581 3624 3624 3592 4063 4063 4062 4062 4062 4062 4062 4062
3610 1777281107 3549 3694 387 3644 3582 3624 3623 3592 4063 4063 4062 4062 4062 4062 4062 4062
3611 1777281107 3549 3694 386 3643 3581 3624 3623 3592 4063 4063 4062 4062 4062 4062 4062 4062
3612 1777281107 3548 3693 387 3643 3581 3623 3624 3591 4063 4063 4062 4062 4062 4062 4062 4062
3613 1777281107 3549 3694 386 3643 3581 3624 3623 3592 4061 4061 4061 4061 4061 4061 4061 4061
3614 1777281107 3550 3694 387 3644 3582 3624 3623 3591 4061 4061 4061 4061 4061 4061 4061 4061
3615 1777281107 3549 3694 387 3643 3581 3623 3623 3591 4063 4061 4061 4061 4061 4061 4061 4061
3616 1777281107 3551 3695 386 3645 3583 3625 3625 3593 4061 4061 4061 4061 4061 4061 4061 4061
3617 1777281107 3549 3694 387 3643 3581 3623 3624 3592 4063 4063 4062 4062 4062 4062 4062 4062
3618 1777281107 3549 3693 387 3643 3581 3623 3623 3592 4063 4063 4062 4062 4062 4062 4062 4062
3619 1777281107 3549 3694 387 3644 3582 3624 3624 3592 4063 4063 4062 4062 4062 4062 4062 4062
3620 1777281107 3549 3694 387 3644 3582 3624 3624 3592 4061 4061 4061 4061 4061 4061 4061 4061
3621 1777281107 3548 3693 387 3642 3580 3622 3623 3591 4063 4063 4063 4063 4063 4063 4063 4063
3622 1777281107 3548 3694 387 3642 3581 3623 3623 3592 4063 4063 4062 4062 4062 4062 4062 4062
3623 1777281107 3550 3694 387 3643 3582 3624 3624 3592 4061 4061 4061 4061 4061 4061 4061 4061
3624 1777281107 3549 3693 387 3643 3581 3623 3624 3592 4063 4063 4063 4063 4063 4063 4063 4063
3625 1777281107 3550 3694 386 3643 3582 3624 3624 3592 4063 4063 4063 4063 4063 4063 4063 4063
3626 1777281107 3549 3693 387 3643 3581 3623 3623 3591 4063 4063 4062 4062 4062 4062 4062 4062
3627 1777281107 3549 3694 387 3643 3581 3624 3624 3592 4063 4063 4062 4062 4062 4062 4062 4062
3628 1777281107 3549 3694 387 3644 3581 3623 3623 3592 4061 4061 4061 4061 4061 4061 4061 4061
3629 1777281107 3549 3693 388 3643 3581 3623 3623 3591 4063 4063 4062 4062 4062 4062 4062 4062
3630 1777281107 3549 3694 387 3643 3581 3623 3624 3592 4063 4063 4063 4063 4063 4063 4063 4063
3631 1777281107 3550 3694 387 3643 3581 3623 3624 3591 4063 4063 4063 4063 4063 4063 4063 4063
3632 1777281107 3550 3694 387 3644 3582 3624 3624 3592 4061 4061 4060 4060 4060 4060 4060 4060
3633 1777281107 3550 3694 386 3644 3581 3623 3623 3591 4063 4062 4062 4062 4062 4062 4062 4062
3634 1777281107 3551 3695 387 3645 3583 3624 3625 3593 4063 4063 4062 4062 4062 4062 4062 4062
3635 1777281107 3550 3694 387 3644 3582 3625 3625 3593 4059 4059 4059 4059 4059 4059 4059 4059
3636 1777281107 3549 3694 387 3644 3582 3624 3624 3592 4063 4063 4062 4062 4062 4062 4062 4062
3637 1777281107 3550 3695 387 3643 3582 3625 3624 3592 4063 4063 4062 4062 4062 4062 4062 4062
3638 1777281107 3549 3694 387 3642 3582 3623 3624 3592 4063 4063 4062 4062 4062 4062 4062 4062
3639 1777281107 3549 3694 387 3643 3581 3623 3623 3592 4063 4063 4062 4062 4062 4062 4062 4062
3640 1777281107 3550 3694 387 3644 3582 3624 3624 3592 4063 4063 4063 4063 4063 4063 4063 4063
3641 1777281107 3549 3694 387 3644 3582 3624 3624 3592 4061 4061 4061 4061 4061 4061 4061 4061
3642 1777281107 3549 3694 387 3644 3582 3624 3624 3592 4061 4061 4061 4061 4061 4061 4061 4061
3643 1777281107 3549 3694 387 3643 3581 3623 3624 3591 4063 4063 4062 4062 4062 4062 4062 4062
3644 1777281107 3549 3694 387 3644 3582 3624 3625 3592 4063 4063 4062 4062 4062 4062 4062 4062
3645 1777281107 3550 3694 387 3643 3581 3623 3623 3592 4061 4061 4060 4060 4060 4060 4060 4060
3646 1777281107 3550 3694 387 3644 3582 3624 3623 3592 4063 4063 4062 4062 4062 4062 4062 4062
3647 1777281107 3550 3694 387 3644 3582 3624 3624 3592 4063 4063 4062 4062 4062 4062 4062 4062
3648 1777281107 3550 3694 387 3644 3582 3624 3624 3592 4063 4063 4062 4062 4062 4062 4062 4062
3649 1777281107 3550 3695 387 3645 3583 3624 3624 3593 4063 4063 4063 4063 4063 4063 4063 4063
3650 1777281107 3551 3695 387 3644 3583 3625 3625 3593 4063 4063 4063 4063 4063 4063 4063 4063
3651 1777281107 3550 3695 387 3644 3582 3625 3625 3592 4063 4063 4063 4063 4063 4063 4063 4063
3652 1777281107 3549 3694 387 3643 3581 3624 3624 3592 4061 4061 4061 4061 4061 4061 4061 4061
3653 1777281107 3550 3694 387 3643 3582 3624 3624 3592 4063 4063 4062 4062 4062 4062 4062 4062
3654 1777281107 3550 3695 387 3644 3582 3624 3625 3593 4063 4063 4062 4062 4062 4062 4062 4062
3655 1777281107 3550 3694 387 3644 3582 3624 3625 3593 4061 4061 4061 4061 4061 4061 4061 4061
3656 1777281107 3549 3694 387 3644 3581 3624 3624 3592 4061 4061 4061 4061 4061 4061 4061 4061
3657 1777281107 3549 3694 388 3643 3582 3624 3624 3592 4061 4061 4061 4061 4061 4061 4061 4061
3658 1777281107 3550 3695 387 3644 3583 3624 3625 3593 4063 4063 4063 4063 4063 4063 4063 4063
3659 1777281107 3551 3695 387 3644 3583 3624 3625 3593 4063 4062 4062 4062 4062 4062 4062 4062
3660 1777281107 3550 3694 387 3644 3582 3624 3624 3593 4061 4061 4061 4061 4061 4061 4061 4061
3661 1777281107 3551 3695 388 3645 3583 3624 3625 3593 4061 4061 4061 4061 4061 4061 4061 4061
3662 1777281107 3550 3695 387 3644 3582 3624 3625 3593 4063 4063 4062 4062 4062 4062 4062 4062
3663 1777281107 3549 3693 387 3643 3582 3623 3624 3592 4063 4063 4063 4063 4063 4063 4063 4063
3664 1777281107 3550 3695 387 3644 3582 3624 3625 3593 4061 4061 4061 4061 4061 4061 4061 4061
3665 1777281107 3550 3695 387 3645 3582 3624 3624 3592 4061 4061 4061 4061 4061 4061 4061 4061
3666 1777281107 3550 3695 387 3645 3583 3625 3625 3593 4061 4061 4061 4061 4061 4061 4061 4061
3667 1777281107 3550 3695 387 3645 3582 3624 3625 3592 4061 4061 4061 4061 4061 4061 4061 4061
3668 1777281107 3550 3694 387 3644 3583 3625 3625 3593 4063 4063 4063 4063 4063 4063 4063 4063
3669 1777281107 3550 3695 388 3643 3582 3624 3625 3593 4061 4061 4061 4061 4061 4061 4061 4061
3670 1777281107 3551 3695 387 3645 3583 3624 3625 3593 4063 4063 4063 4063 4063 4063 4063 4063
3671 1777281107 3551 3695 387 3644 3582 3625 3625 3593 4063 4061 4061 4061 4061 4061 4061 4061
3672 1777281107 3551 3695 387 3644 3583 3625 3625 3593 4061 4061 4061 4061 4061 4061 4061 4061
3673 1777281108 3550 3695 387 3645 3583 3625 3625 3593 4063 4063 4062 4062 4062 4062 4062 4062
3674 1777281108 3549 3694 387 3643 3581 3623 3624 3591 4063 4063 4063 4063 4063 4063 4063 4063
3675 1777281108 3550 3695 387 3645 3583 3625 3625 3593 4061 4061 4061 4061 4061 4061 4061 4061
3676 1777281108 3550 3695 387 3646 3583 3625 3625 3593 4061 4061 4061 4061 4061 4061 4061 4061
3677 1777281108 3549 3694 388 3644 3582 3624 3624 3592 4061 4061 4061 4061 4061 4061 4061 4061
3678 1777281108 3550 3695 387 3644 3582 3624 3624 3592 4061 4061 4061 4061 4061 4061 4061 4061
3679 1777281108 3551 3695 387 3645 3583 3625 3626 3593 4063 4063 4062 4062 4062 4062 4062 4062
3680 1777281108 3549 3693 387 3643 3581 3623 3624 3592 4063 4063 4062 4062 4062 4062 4062 4062
3681 1777281108 3552 3696 388 3645 3584 3626 3626 3594 4063 4063 4062 4062 4062 4062 4062 4062
3682 1777281108 3551 3695 387 3644 3583 3624 3625 3593 4061 4061 4061 4061 4061 4061 4061 4061
3683 1777281108 3550 3695 387 3644 3582 3624 3625 3592 4063 4063 4062 4062 4062 4062 4062 4062
3684 1777281108 3550 3694 388 3644 3582 3625 3625 3593 4061 4061 4061 4061 4061 4061 4061 4061
3685 1777281108 3550 3695 388 3645 3582 3625 3625 3593 4063 4063 4063 4063 4063 4063 4063 4063
3686 1777281108 3550 3695 387 3644 3583 3625 3625 3593 4061 4061 4061 4061 4061 4061 4061 4061
3687 1777281108 3550 3694 387 3644 3582 3624 3624 3592 4063 4063 4062 4062 4062 4062 4062 4062
3688 1777281108 3550 3694 387 3644 3583 3625 3624 3593 4061 4061 4061 4061 4061 4061 4061 4061
3689 1777281108 3550 3695 387 3645 3582 3625 3624 3592 4063 4063 4062 4062 4062 4062 4062 4062
3690 1777281108 3549 3694 387 3644 3582 3624 3624 3592 4063 4063 4062 4062 4062 4062 4062 4062
3691 1777281108 3550 3695 390 3645 3583 3625 3625 3593 4063 4063 4062 4062 4062 4062 4062 4062
3692 1777281108 3550 3695 389 3644 3582 3624 3624 3592 4063 4063 4062 4062 4062 4062 4062 4062
3693 1777281108 3550 3694 388 3643 3582 3624 3624 3592 4061 4061 4061 4061 4061 4061 4061 4061
3694 1777281108 3550 3695 387 3644 3583 3624 3625 3593 4063 4063 4062 4062 4062 4062 4062 4062
3695 1777281108 3551 3695 387 3645 3583 3625 3625 3593 4063 4063 4062 4062 4062 4062 4062 4062
3696 1777281108 3551 3696 387 3645 3583 3625 3625 3593 4061 4061 4061 4061 4061 4061 4061 4061
3697 1777281108 3550 3694 388 3645 3583 3624 3625 3593 4063 4063 4062 4062 4062 4062 4062 4062
3698 1777281108 3549 3695 387 3644 3583 3624 3625 3592 4063 4063 4061 4061 4062 4061 4061 4061
3699 1777281108 3550 3694 388 3644 3582 3624 3624 3592 4061 4061 4061 4061 4061 4061 4061 4061
3700 1777281108 3550 3694 387 3644 3582 3623 3624 3592 4063 4062 4062 4062 4062 4062 4062 4062
3701 1777281108 3551 3695 388 3643 3582 3624 3625 3593 4061 4061 4061 4061 4061 4061 4061 4061
3702 1777281108 3550 3695 387 3645 3583 3625 3625 3593 4063 4063 4063 4063 4063 4063 4063 4063
3703 1777281108 3551 3696 387 3645 3583 3625 3625 3593 4061 4061 4061 4061 4061 4061 4061 4061
3704 1777281108 3550 3695 387 3644 3582 3625 3625 3593 4063 4062 4062 4062 4062 4062 4062 4062
3705 1777281108 3550 3694 388 3644 3582 3624 3624 3593 4061 4061 4061 4061 4061 4061 4061 4061
3706 1777281108 3550 3695 387 3644 3582 3625 3625 3593 4061 4061 4060 4060 4060 4060 4060 4060
3707 1777281108 3550 3694 387 3644 3582 3624 3624 3592 4063 4063 4063 4063 4063 4063 4063 4063
3708 1777281108 363 3694 387 3645 3584 3625 3626 3594 4061 4061 4061 4061 4061 4061 4061 4061
3709 1777281108 3550 3695 388 3645 3583 3625 3625 3593 4061 4061 4061 4061 4061 4061 4061 4061
3710 1777281108 3551 3695 388 3645 3583 3625 3625 3593 4065 4063 4063 4063 4063 4063 4063 4063
3711 1777281108 3550 3695 387 3645 3583 3624 3625 3593 4063 4063 4062 4062 4062 4062 4062 4062
3712 1777281108 3550 3695 387 3644 3583 3625 3625 3593 4062 4063 4062 4062 4062 4062 4062 4062
3713 1777281108 3550 3694 388 3643 3582 3624 3624 3593 4063 4063 4062 4062 4062 4062 4062 4062
3714 1777281108 3550 3695 387 3644 3583 3625 3625 3593 4063 4063 4062 4062 4062 4062 4062 4062
3715 1777281108 3551 3695 387 3645 3583 3625 3625 3594 4063 4063 4062 4062 4062 4062 4062 4062
3716 1777281108 3550 3695 388 3644 3582 3625 3625 3593 4063 4063 4062 4062 4062 4062 4062 4062
3717 1777281108 3551 3695 388 3645 3583 3625 3625 3593 4063 4062 4062 4062 4062 4062 4062 4062
3718 1777281108 3550 3695 388 3644 3583 3625 3625 3593 4063 4063 4063 4063 4063 4063 4063 4063
3719 1777281108 3551 3696 387 3645 3583 3625 3625 3593 4063 4063 4062 4062 4062 4062 4062 4062
3720 1777281108 3550 3695 387 3644 3582 3624 3625 3593 4063 4063 4062 4062 4062 4062 4062 4062
3721 1777281108 3551 3694 388 3644 3583 3624 3625 3593 4063 4063 4063 4063 4063 4063 4063 4063
3722 1777281108 3550 3695 387 3645 3582 3625 3624 3592 4061 4061 4061 4061 4061 4061 4061 4061
3723 1777281108 3550 3695 388 3645 3583 3625 3625 3593 4063 4062 4062 4062 4062 4062 4062 4062
3724 1777281108 3551 3696 387 3646 3583 3625 3626 3593 4063 4063 4062 4062 4062 4062 4062 4062
3725 1777281108 3551 3695 388 3645 3583 3625 3625 3593 4063 4063 4062 4062 4062 4062 4062 4062
3726 1777281108 3550 3695 387 3645 3583 3625 3625 3594 4063 4063 4063 4063 4063 4063 4063 4063
3727 1777281108 3550 3695 387 3645 3583 3625 3625 3592 4063 4063 4062 4062 4062 4062 4062 4062
3728 1777281108 3550 3695 388 3644 3582 3625 3624 3593 4063 4063 4063 4063 4063 4063 4063 4063
3729 1777281108 3550 3695 388 3645 3583 3625 3625 3593 4061 4061 4061 4061 4061 4061 4061 4061
3730 1777281108 3550 3694 387 3644 3582 3624 3625 3593 4063 4063 4062 4062 4062 4062 4062 4062
3731 1777281108 3550 3694 387 3644 3582 3624 3624 3592 4063 4062 4062 4062 4062 4062 4062 4062
3732 1777281108 3550 3695 388 3644 3583 3625 3625 3593 4061 4061 4061 4061 4061 4061 4061 4061
3733 1777281108 3550 3695 388 3643 3583 3624 3625 3593 4063 4063 4062 4062 4062 4062 4062 4062
3734 1777281108 3550 3695 388 3645 3583 3625 3625 3593 4063 4063 4062 4062 4062 4062 4062 4062
3735 1777281108 3550 3695 388 3645 3582 3624 3624 3593 4064 4063 4063 4063 4063 4063 4063 4063
3736 1777281108 3550 3693 387 3644 3581 3624 3624 3593 4061 4061 4061 4061 4061 4061 4061 4061
3737 1777281108 3551 3695 388 3645 3583 3625 3625 3593 4063 4063 4062 4062 4062 4062 4062 4062
3738 1777281108 3551 3695 387 3645 3583 3626 3625 3593 4063 4063 4062 4062 4062 4062 4062 4062
3739 1777281108 3551 3695 388 3645 3583 3625 3625 3594 4061 4061 4061 4061 4061 4061 4061 4061
3740 1777281108 3550 3694 387 3644 3582 3624 3624 3592 4063 4063 4062 4062 4062 4062 4062 4062
3741 1777281108 3551 3696 388 3645 3582 3624 3625 3593 4063 4063 4062 4062 4062 4062 4062 4062
3742 1777281108 3550 3694 388 3644 3582 3625 3625 3593 4063 4063 4062 4062 4062 4062 4062 4062
3743 1777281108 3550 3695 388 3644 3583 3625 3625 3593 4063 4063 4062 4062 4062 4062 4062 4062
3744 1777281108 3550 3695 387 3645 3583 3625 3625 3593 4061 4061 4061 4061 4061 4061 4061 4061
3745 1777281108 3551 3696 388 3645 3584 3625 3626 3594 4061 4061 4061 4061 4061 4061 4061 4061
3746 1777281108 3551 3695 387 3645 3583 3625 3625 3593 4063 4063 4063 4063 4063 4063 4063 4063
3747 1777281108 3550 3695 387 3644 3583 3624 3625 3592 4063 4063 4062 4062 4062 4062 4062 4062
3748 1777281108 3552 3696 388 3646 3584 3626 3626 3594 4063 4063 4062 4062 4062 4062 4062 4062
3749 1777281108 3551 3695 388 3645 3582 3624 3624 3592 4063 4061 4061 4061 4061 4061 4061 4061
3750 1777281108 3551 3695 388 3645 3583 3625 3625 3593 4063 4063 4062 4062 4062 4062 4062 4062
3751 1777281109 3551 3696 387 3645 3583 3625 3625 3593 4061 4061 4061 4061 4061 4061 4061 4061
3752 1777281109 3550 3695 387 3644 3582 3624 3624 3592 4061 4061 4061 4061 4061 4061 4061 4061
3753 1777281109 3550 3695 388 3645 3583 3625 3625 3593 4063 4063 4062 4062 4062 4062 4062 4062
3754 1777281109 3551 3695 388 3645 3583 3625 3625 3593 4061 4061 4061 4061 4061 4061 4061 4061
3755 1777281109 3551 3695 388 3645 3583 3625 3625 3593 4061 4061 4061 4061 4061 4061 4061 4061
3756 1777281109 3551 3696 388 3646 3583 3625 3626 3593 4063 4063 4062 4062 4062 4062 4062 4062
3757 1777281109 3550 3695 388 3645 3583 3625 3625 3593 4063 4063 4063 4063 4063 4063 4063 4063
3758 1777281109 3550 3695 388 3644 3583 3624 3624 3593 4061 4061 4061 4061 4061 4061 4061 4061
3759 1777281109 3551 3696 388 3645 3584 3625 3626 3594 4063 4063 4062 4062 4062 4062 4062 4062
3760 1777281109 3551 3695 388 3645 3583 3625 3625 3593 4063 4063 4062 4062 4062 4062 4062 4062
3761 1777281109 3550 3694 388 3644 3582 3624 3624 3592 4061 4061 4061 4061 4061 4061 4061 4061
3762 1777281109 3551 3696 388 3645 3583 3625 3626 3594 4061 4061 4061 4061 4061 4061 4061 4061
3763 1777281109 3551 3695 388 3645 3583 3625 3625 3593 4061 4061 4061 4061 4061 4061 4061 4061
3764 1777281109 3552 3696 388 3644 3583 3626 3625 3593 4063 4063 4062 4062 4062 4062 4062 4062
3765 1777281109 3551 3695 388 3643 3583 3625 3625 3593 4063 4063 4062 4062 4062 4062 4062 4062
3766 1777281109 3550 3694 388 3644 3582 3624 3625 3592 4063 4063 4063 4063 4063 4063 4063 4063
3767 1777281109 3551 3696 388 3645 3583 3625 3626 3593 4063 4063 4062 4062 4062 4062 4062 4062
3768 1777281109 3551 3695 388 3645 3583 3625 3625 3593 4063 4063 4062 4062 4062 4062 4062 4062
3769 1777281109 3550 3695 388 3645 3583 3625 3625 3593 4063 4063 4063 4063 4063 4063 4063 4063
3770 1777281109 3551 3696 388 3646 3583 3625 3625 3593 4063 4063 4062 4062 4062 4062 4062 4062
3771 1777281109 3550 3694 388 3644 3582 3624 3625 3592 4063 4063 4063 4063 4063 4063 4063 4063
3772 1777281109 3552 3696 388 3646 3584 3625 3626 3594 4063 4063 4063 4063 4063 4063 4063 4063
3773 1777281109 3551 3695 388 3645 3583 3624 3625 3593 4063 4063 4063 4063 4063 4063 4063 4063
3774 1777281109 3551 3695 388 3645 3583 3625 3625 3594 4063 4063 4062 4062 4062 4062 4062 4062
3775 1777281109 3550 3696 388 3645 3583 3625 3625 3593 4063 4063 4062 4062 4062 4062 4062 4062
3776 1777281109 3552 3696 388 3645 3583 3625 3626 3594 4063 4063 4062 4062 4062 4062 4062 4062
3777 1777281109 3550 3695 388 3645 3583 3625 3625 3593 4063 4063 4063 4063 4063 4063 4063 4063
3778 1777281109 3550 3695 388 3645 3583 3625 3625 3593 4063 4063 4062 4062 4062 4062 4062 4062
3779 1777281109 3551 3695 388 3645 3582 3625 3625 3593 4061 4061 4061 4061 4061 4061 4061 4061
3780 1777281109 3551 3696 388 3644 3583 3625 3625 3593 4063 4063 4063 4063 4063 4063 4063 4063
3781 1777281109 3551 3696 388 3645 3583 3625 3625 3593 4061 4061 4061 4061 4061 4061 4061 4061
3782 1777281109 3552 3697 387 3647 3585 3627 3627 3595 4061 4061 4061 4061 4061 4061 4061 4061
3783 1777281109 3551 3695 388 3645 3583 3625 3626 3594 4063 4063 4063 4063 4063 4063 4063 4063
3784 1777281109 3551 3695 388 3645 3584 3625 3626 3594 4063 4063 4062 4062 4062 4062 4062 4062
3785 1777281109 3551 3696 387 3646 3583 3625 3625 3593 4063 4063 4063 4063 4063 4063 4063 4063
3786 1777281109 3551 3696 388 3645 3583 3625 3626 3594 4063 4063 4062 4062 4062 4062 4062 4062
3787 1777281109 3551 3696 388 3645 3583 3625 3625 3594 4063 4063 4062 4062 4062 4062 4062 4062
3788 1777281109 3551 3696 389 3644 3583 3625 3625 3593 4063 4063 4062 4062 4062 4062 4062 4062
3789 1777281109 3550 3695 388 3645 3582 3624 3625 3593 4063 4063 4062 4062 4062 4062 4062 4062
3790 1777281109 3551 3696 388 3646 3583 3625 3625 3594 4063 4063 4063 4063 4063 4063 4063 4063
3791 1777281109 3552 3695 388 3645 3583 3625 3626 3594 4061 4061 4061 4061 4061 4061 4061 4061
3792 1777281109 3550 3694 388 3644 3582 3624 3624 3592 4063 4063 4062 4062 4062 4062 4062 4062
3793 1777281109 3551 3696 388 3645 3583 3625 3625 3593 4063 4063 4063 4063 4063 4063 4063 4063
3794 1777281109 3551 3696 387 3645 3583 3625 3625 3593 4063 4063 4062 4062 4062 4062 4062 4062
3795 1777281109 3551 3696 388 3645 3583 3625 3625 3593 4063 4062 4062 4062 4062 4062 4062 4062
3796 1777281109 3551 3696 388 3644 3584 3626 3626 3594 4063 4063 4062 4062 4062 4062 4062 4062
3797 1777281109 3551 3695 388 3645 3583 3625 3625 3593 4061 4061 4061 4061 4061 4061 4061 4061
3798 1777281109 3551 3695 387 3645 3583 3625 3625 3594 4061 4061 4061 4061 4061 4061 4061 4061
3799 1777281109 3551 3696 388 3645 3583 3625 3625 3593 4061 4061 4061 4061 4061 4061 4061 4061
3800 1777281109 3552 3696 388 3645 3583 3626 3626 3594 4063 4063 4062 4062 4062 4062 4062 4062
3801 1777281109 3551 3696 388 3645 3583 3625 3625 3593 4063 4063 4062 4062 4062 4062 4062 4062
3802 1777281109 3551 3696 388 3645 3583 3626 3626 3594 4063 4063 4062 4062 4062 4062 4062 4062
3803 1777281109 3552 3696 388 3645 3583 3625 3626 3594 4065 4063 4063 4063 4063 4063 4063 4063
3804 1777281109 3551 3696 389 3646 3584 3626 3626 3594 4063 4063 4063 4063 4063 4063 4063 4063
3805 1777281109 3551 3696 388 3646 3584 3626 3626 3594 4063 4062 4062 4062 4062 4062 4062 4062
3806 1777281109 3551 3695 388 3645 3583 3625 3625 3593 4063 4063 4062 4062 4062 4062 4062 4062
3807 1777281109 3550 3695 388 3645 3583 3625 3625 3593 4063 4063 4062 4062 4062 4062 4062 4062
3808 1777281109 3551 3695 388 3645 3583 3625 3626 3593 4063 4063 4062 4062 4062 4062 4062 4062
3809 1777281109 3551 3696 388 3645 3583 3625 3625 3593 4063 4063 4062 4062 4062 4062 4062 4062
3810 1777281109 3551 3695 388 3645 3583 3625 3625 3594 4063 4063 4062 4062 4062 4062 4062 4062
3811 1777281109 3551 3696 388 3645 3583 3625 3625 3593 4063 4063 4063 4063 4063 4063 4063 4063
3812 1777281109 3552 3697 388 3646 3584 3626 3626 3594 4061 4061 4061 4061 4061 4061 4061 4061
3813 1777281109 3551 3695 388 3645 3583 3625 3625 3593 4061 4061 4061 4061 4061 4061 4061 4061
3814 1777281109 3551 3696 388 3646 3584 3626 3626 3595 4061 4061 4060 4060 4060 4060 4060 4060
3815 1777281109 3551 3696 388 3645 3584 3626 3626 3594 4063 4063 4062 4062 4062 4062 4062 4062
3816 1777281109 3551 3696 388 3645 3584 3626 3626 3594 4063 4063 4062 4062 4062 4062 4062 4062
3817 1777281109 3551 3695 389 3645 3583 3625 3625 3593 4063 4063 4062 4062 4062 4062 4062 4062
3818 1777281109 3551 3696 388 3646 3584 3625 3626 3594 4063 4062 4062 4062 4062 4062 4062 4062
3819 1777281109 3551 3695 390 3645 3582 3625 3625 3593 4063 4063 4062 4062 4062 4062 4062 4062
3820 1777281109 3550 3696 389 3645 3583 3625 3625 3593 4063 4063 4063 4063 4063 4063 4063 4063
3821 1777281109 3552 3696 388 3645 3584 3626 3626 3594 4063 4063 4063 4063 4063 4063 4063 4063
3822 1777281109 3551 3695 388 3645 3583 3625 3625 3593 4063 4063 4062 4062 4062 4062 4062 4062
3823 1777281109 3550 3695 388 3645 3582 3625 3625 3593 4061 4061 4061 4061 4061 4061 4061 4061
3824 1777281109 3551 3696 388 3645 3583 3626 3625 3594 4063 4063 4062 4062 4062 4062 4062 4062
3825 1777281109 3549 3693 386 3643 3582 3623 3624 3591 4063 4063 4062 4062 4062 4062 4062 4062
3826 1777281109 3550 3694 387 3644 3582 3624 3624 3592 4063 4063 4062 4062 4062 4062 4062 4062
3827 1777281109 3549 3694 386 3643 3582 3624 3624 3592 4063 4063 4062 4062 4062 4062 4062 4062
3828 1777281109 3549 3694 387 3644 3582 3625 3625 3593 4063 4063 4062 4062 4062 4062 4062 4062
3829 1777281109 3550 3694 386 3643 3582 3624 3624 3592 4063 4063 4063 4063 4063 4063 4063 4063
3830 1777281109 3549 3694 387 3642 3582 3623 3624 3592 4061 4061 4061 4061 4061 4061 4061 4061
3831 1777281109 3550 3695 386 3645 3583 3624 3624 3593 4063 4063 4063 4063 4063 4063 4063 4063
3832 1777281109 3549 3694 387 3644 3581 3624 3624 3591 4063 4063 4063 4063 4063 4063 4063 4063
3833 1777281109 3550 3694 387 3643 3581 3624 3623 3592 4063 4061 4061 4061 4061 4061 4061 4061
3834 1777281110 3549 3694 387 3643 3581 3623 3624 3592 4063 4063 4062 4062 4062 4062 4062 4062
3835 1777281110 3550 3695 387 3644 3582 3624 3624 3592 4063 4063 4063 4063 4063 4063 4063 4063
3836 1777281110 3550 3695 387 3644 3582 3624 3624 3592 4061 4061 4061 4061 4061 4061 4061 4061
3837 1777281110 3550 3695 386 3645 3582 3624 3624 3592 4063 4062 4062 4062 4062 4062 4062 4062
3838 1777281110 3548 3693 387 3642 3580 3623 3623 3591 4061 4061 4061 4061 4061 4061 4061 4061
3839 1777281110 3550 3694 387 3644 3582 3624 3624 3592 4059 4059 4059 4059 4059 4059 4059 4059
3840 1777281110 3550 3694 387 3644 3583 3625 3624 3593 4061 4061 4060 4060 4060 4060 4060 4060
3841 1777281110 3549 3693 386 3644 3581 3624 3624 3592 4063 4063 4063 4063 4063 4063 4063 4063
3842 1777281110 3549 3694 386 3644 3582 3624 3624 3592 4063 4063 4063 4063 4063 4063 4063 4063
3843 1777281110 3550 3695 386 3645 3582 3624 3624 3592 4063 4063 4062 4062 4062 4062 4062 4062
3844 1777281110 3550 3694 387 3644 3582 3624 3624 3592 4063 4063 4062 4062 4062 4062 4062 4062
3845 1777281110 3549 3694 387 3644 3582 3624 3624 3592 4063 4063 4063 4063 4063 4063 4063 4063
3846 1777281110 3550 3694 387 3644 3582 3625 3625 3593 4061 4061 4061 4061 4061 4061 4061 4061
3847 1777281110 3550 3694 386 3644 3582 3625 3625 3593 4061 4061 4061 4061 4061 4061 4061 4061
3848 1777281110 3550 3694 387 3644 3581 3624 3624 3592 4063 4063 4062 4062 4062 4062 4062 4062
3849 1777281110 3549 3694 387 3643 3581 3623 3623 3592 4063 4063 4062 4062 4062 4062 4062 4062
3850 1777281110 3548 3693 387 3643 3581 3624 3624 3591 4063 4063 4063 4063 4063 4063 4063 4063
3851 1777281110 3550 3694 386 3644 3583 3624 3624 3592 4063 4063 4062 4062 4062 4062 4062 4062
3852 1777281110 3550 3695 386 3644 3582 3624 3624 3592 4063 4063 4062 4062 4062 4062 4062 4062
3853 1777281110 3550 3694 388 3644 3583 3625 3625 3593 4063 4063 4062 4062 4062 4062 4062 4062
3854 1777281110 3549 3694 387 3644 3582 3624 3624 3592 4063 4062 4062 4062 4062 4062 4062 4062
3855 1777281110 3550 3694 387 3644 3582 3624 3625 3593 4063 4061 4061 4061 4061 4061 4061 4061
3856 1777281110 3549 3694 386 3643 3582 3623 3624 3591 4061 4061 4061 4061 4061 4061 4061 4061
3857 1777281110 3551 3695 387 3645 3583 3625 3625 3593 4061 4061 4061 4061 4061 4061 4061 4061
3858 1777281110 3549 3693 387 3643 3582 3624 3624 3592 4061 4061 4061 4061 4061 4061 4061 4061
3859 1777281110 3550 3694 387 3644 3582 3624 3624 3592 4063 4063 4063 4063 4063 4063 4063 4063
3860 1777281110 3549 3694 387 3644 3582 3624 3624 3592 4063 4063 4062 4062 4062 4062 4062 4062
3861 1777281110 3549 3694 387 3643 3581 3623 3624 3592 4063 4063 4063 4063 4063 4063 4063 4063
3862 1777281110 3550 3695 387 3644 3583 3624 3625 3593 4063 4063 4062 4062 4062 4062 4062 4062
3863 1777281110 3549 3693 387 3643 3581 3624 3624 3592 4061 4061 4061 4061 4061 4061 4061 4061
3864 1777281110 3549 3694 387 3643 3581 3624 3624 3592 4063 4063 4062 4062 4062 4062 4062 4062
3865 1777281110 3550 3694 387 3643 3582 3624 3624 3593 4063 4063 4062 4062 4062 4062 4062 4062
3866 1777281110 3550 3694 387 3644 3582 3624 3624 3592 4063 4063 4062 4062 4062 4062 4062 4062
3867 1777281110 3550 3694 386 3644 3582 3624 3624 3592 4063 4063 4063 4063 4063 4063 4063 4063
3868 1777281110 3550 3695 387 3644 3582 3624 3624 3592 4063 4063 4062 4062 4062 4062 4062 4062
3869 1777281110 3550 3695 388 3644 3582 3624 3624 3592 4061 4061 4061 4061 4061 4061 4061 4061
3870 1777281110 3549 3694 387 3644 3582 3624 3624 3592 4061 4061 4061 4061 4061 4061 4061 4061
3871 1777281110 3551 3695 386 3645 3583 3624 3625 3593 4061 4061 4061 4061 4061 4061 4061 4061
3872 1777281110 3550 3694 387 3644 3582 3624 3624 3592 4063 4063 4062 4062 4062 4062 4062 4062
3873 1777281110 3550 3695 387 3644 3581 3623 3624 3592 4063 4063 4062 4062 4062 4062 4062 4062
3874 1777281110 3549 3693 387 3643 3582 3624 3624 3592 4061 4061 4061 4061 4061 4061 4061 4061
3875 1777281110 3550 3694 387 3644 3582 3625 3625 3592 4063 4063 4063 4063 4063 4063 4063 4063
3876 1777281110 3550 3694 387 3644 3582 3624 3624 3592 4061 4061 4061 4061 4061 4061 4061 4061
3877 1777281110 3551 3695 386 3645 3582 3624 3625 3593 4063 4063 4062 4062 4062 4062 4062 4062
3878 1777281110 3550 3694 387 3644 3582 3624 3624 3593 4063 4061 4061 4061 4061 4061 4061 4061
3879 1777281110 3550 3694 387 3644 3582 3624 3624 3592 4061 4061 4061 4061 4061 4061 4061 4061
3880 1777281110 3550 3695 387 3644 3582 3625 3625 3593 4061 4061 4061 4061 4061 4061 4061 4061
3881 1777281110 3550 3694 387 3643 3582 3624 3624 3592 4061 4061 4060 4060 4060 4060 4060 4060
3882 1777281110 3549 3694 387 3644 3582 3623 3624 3591 4063 4063 4062 4062 4062 4062 4062 4062
3883 1777281110 3550 3694 387 3644 3582 3624 3625 3592 4063 4063 4063 4063 4063 4063 4063 4063
3884 1777281110 3551 3695 387 3644 3583 3625 3625 3593 4065 4063 4063 4063 4063 4063 4063 4063
3885 1777281110 3549 3694 388 3643 3581 3623 3624 3591 4063 4062 4062 4062 4062 4062 4062 4062
3886 1777281110 3549 3694 387 3644 3582 3624 3624 3592 4061 4061 4061 4061 4061 4061 4061 4061
3887 1777281110 3550 3694 387 3644 3581 3624 3624 3592 4063 4063 4062 4062 4062 4062 4062 4062
3888 1777281110 3549 3694 387 3644 3582 3624 3624 3592 4063 4061 4061 4061 4061 4061 4061 4061
3889 1777281110 3549 3694 387 3643 3581 3623 3624 3591 4065 4063 4063 4063 4063 4063 4063 4063
3890 1777281110 3549 3695 387 3644 3582 3624 3624 3592 4063 4063 4062 4062 4062 4062 4062 4062
3891 1777281110 3549 3694 387 3644 3582 3624 3624 3593 4062 4063 4062 4062 4062 4062 4062 4062
3892 1777281110 3550 3695 387 3644 3582 3625 3625 3592 4061 4061 4061 4061 4061 4061 4061 4061
3893 1777281110 3550 3693 388 3643 3582 3624 3624 3592 4063 4063 4062 4062 4062 4062 4062 4062
3894 1777281110 3550 3695 387 370 3581 1675 3625 3594 4063 4063 4062 4062 4062 4062 4062 4062
3895 1777281110 3550 3694 387 3645 3583 3624 3625 3593 4061 4061 4060 4060 4060 4060 4060 4060
3896 1777281110 3551 3695 387 3645 3583 3625 3625 3593 4061 4061 4061 4061 4061 4061 4061 4061
3897 1777281110 3550 3694 387 3643 3582 3624 3625 3592 4063 4063 4062 4062 4062 4062 4062 4062
3898 1777281110 3550 3695 387 3644 3582 3624 3624 3592 4061 4061 4061 4061 4061 4061 4061 4061
3899 1777281110 3550 3694 387 3644 3581 3623 3624 3591 4063 4063 4063 4063 4063 4063 4063 4063
3900 1777281110 3551 3696 387 3645 3583 3625 3625 3593 4063 4063 4063 4063 4063 4063 4063 4063
3901 1777281110 3549 3694 388 3643 3581 3624 3624 3592 4061 4061 4061 4061 4061 4061 4061 4061
3902 1777281110 3551 3695 387 3645 3583 3625 3625 3593 4063 4063 4063 4063 4063 4063 4063 4063
3903 1777281110 3550 3694 387 3643 3581 3623 3623 3592 4063 4062 4062 4062 4062 4062 4062 4062
3904 1777281110 3549 3694 387 3644 3582 3624 3623 3592 4061 4061 4061 4061 4061 4061 4061 4061
3905 1777281110 3550 3695 387 3644 3582 3624 3624 3593 4063 4063 4062 4062 4062 4062 4062 4062
3906 1777281110 3550 3695 387 3644 3583 3624 3624 3593 4063 4063 4062 4062 4062 4062 4062 4062
3907 1777281110 3550 3694 387 3645 3582 3624 3624 3592 4063 4063 4062 4062 4062 4062 4062 4062
3908 1777281110 3550 3695 387 3644 3583 3624 3625 3593 4063 4063 4062 4062 4062 4062 4062 4062
3909 1777281110 3551 3695 387 3644 3583 3624 3625 3592 4063 4063 4062 4062 4062 4062 4062 4062
3910 1777281110 3550 3694 387 3645 3583 3625 3625 3593 4063 4062 4062 4062 4062 4062 4062 4062
3911 1777281110 3550 3695 387 3645 3583 3625 3625 3593 4063 4062 4062 4062 4062 4062 4062 4062
3912 1777281110 3550 3695 387 3644 3583 3625 3625 3593 4061 4061 4061 4061 4061 4061 4061 4061
3913 1777281110 3550 3694 388 3645 3582 3625 3625 3593 4061 4061 4061 4061 4061 4061 4061 4061
3914 1777281118 3548 3692 387 3642 3580 3622 3623 3591 4063 4063 4062 4062 4062 4062 4062 4062
3915 1777281118 3549 3693 387 3643 3581 3623 3623 3591 4061 4061 4061 4061 4061 4061 4061 4061
3916 1777281118 3549 3693 388 3643 3582 3624 3624 3592 4063 4063 4062 4062 4062 4062 4062 4062
3917 1777281118 3548 3693 387 3643 3581 3623 3624 3592 4063 4063 4062 4062 4062 4062 4062 4062
3918 1777281118 3551 3695 387 3645 3583 3624 3625 3593 4063 4063 4063 4063 4063 4063 4063 4063
3919 1777281118 3549 3694 387 3644 3581 3624 3624 3591 4063 4063 4062 4062 4062 4062 4062 4062
3920 1777281118 3550 3694 387 3644 3582 3624 3624 3592 4063 4063 4062 4062 4062 4062 4062 4062
3921 1777281118 3548 3692 387 3642 3580 3622 3623 3591 4063 4063 4062 4062 4062 4062 4062 4062
3922 1777281118 3550 3694 387 3644 3582 3624 3624 3592 4063 4063 4062 4062 4062 4062 4062 4062
3923 1777281119 3550 3694 387 3644 3581 3624 3624 3592 4063 4063 4062 4062 4062 4062 4062 4062
3924 1777281119 3549 3693 388 3643 3581 3623 3623 3591 4063 4062 4062 4062 4062 4062 4062 4062
3925 1777281119 3551 3695 387 3645 3583 3625 3625 3593 4063 4063 4062 4062 4062 4062 4062 4062
3926 1777281119 3549 3694 387 3644 3582 3624 3624 3592 4063 4063 4062 4062 4062 4062 4062 4062
3927 1777281119 3549 3694 387 3644 3581 3624 3624 3592 4063 4063 4063 4063 4063 4063 4063 4063
3928 1777281119 3550 3694 387 3644 3582 3624 3624 3592 4063 4063 4063 4063 4063 4063 4063 4063
3929 1777281119 3550 3694 387 3644 3581 3624 3623 3592 4061 4061 4061 4061 4061 4061 4061 4061
3930 1777281119 3549 3694 387 3644 3582 3624 3624 3592 4061 4061 4061 4061 4061 4061 4061 4061
3931 1777281119 3550 3694 387 3644 3582 3624 3624 3592 4061 4061 4061 4061 4061 4061 4061 4061
3932 1777281119 3550 3695 388 3644 3582 3624 3624 3592 4063 4063 4063 4063 4063 4063 4063 4063
3933 1777281119 3548 3693 387 3644 3581 3623 3624 3591 4063 4063 4062 4062 4062 4062 4062 4062
3934 1777281119 3550 3694 387 3645 3582 3624 3625 3592 4063 4063 4062 4062 4062 4062 4062 4062
3935 1777281119 3550 3694 387 3644 3582 3625 3625 3593 4063 4063 4063 4063 4063 4063 4063 4063
3936 1777281119 3549 3694 387 3644 3582 3623 3624 3592 4063 4063 4062 4062 4062 4062 4062 4062
3937 1777281119 3550 3695 387 3644 3583 3624 3625 3592 4063 4063 4063 4063 4063 4063 4063 4063
3938 1777281119 3550 3694 387 3644 3582 3624 3624 3592 4063 4063 4062 4062 4062 4062 4062 4062
3939 1777281119 3549 3693 387 3643 3582 3624 3624 3592 4063 4063 4062 4062 4062 4062 4062 4062
3940 1777281119 3549 3694 388 3643 3582 3624 3624 3592 4063 4063 4062 4062 4062 4062 4062 4062
3941 1777281119 3550 3694 387 3645 3583 3624 3625 3593 4063 4063 4062 4062 4062 4062 4062 4062
3942 1777281119 3550 3695 387 3644 3583 3625 3624 3593 4061 4061 4061 4061 4061 4061 4061 4061
3943 1777281119 3548 3692 388 3642 3581 3623 3623 3591 4063 4063 4063 4063 4063 4063 4063 4063
3944 1777281119 3550 3695 388 3644 3582 3624 3624 3592 4065 4063 4063 4063 4063 4063 4063 4063
3945 1777281119 3550 3695 388 3644 3582 3624 3625 3593 4063 4063 4063 4063 4063 4063 4063 4063
3946 1777281119 3549 3693 387 3643 3581 3623 3623 3591 4063 4063 4062 4062 4062 4062 4062 4062
3947 1777281119 3550 3695 389 3644 3583 3624 3625 3592 4063 4063 4062 4062 4062 4062 4062 4062
3948 1777281119 3551 3695 388 3645 3583 3625 3624 3593 4063 4063 4063 4063 4063 4063 4063 4063
3949 1777281119 3550 3694 387 3644 3582 3624 3624 3592 4063 4063 4062 4062 4062 4062 4062 4062
3950 1777281119 3550 3694 387 3644 3582 3624 3625 3592 4061 4061 4061 4061 4061 4061 4061 4061
3951 1777281119 3550 3694 387 3644 3582 3624 3624 3592 4063 4063 4062 4062 4062 4062 4062 4062
3952 1777281119 3550 3694 387 3644 3582 3624 3624 3593 4063 4061 4061 4061 4061 4061 4061 4061
3953 1777281119 3551 3695 387 3645 3583 3625 3625 3592 4063 4063 4063 4063 4063 4063 4063 4063
3954 1777281119 3550 3694 387 3644 3582 3625 3625 3592 4061 4061 4061 4061 4061 4061 4061 4061
3955 1777281119 3550 3695 388 3644 3582 3624 3624 3593 4061 4061 4061 4061 4061 4061 4061 4061
3956 1777281119 3550 3694 388 3643 3582 3624 3624 3592 4063 4062 4062 4062 4062 4062 4062 4062
3957 1777281119 3550 3694 387 3644 3582 3624 3624 3593 4063 4063 4062 4062 4062 4062 4062 4062
3958 1777281119 3550 3695 387 3645 3583 3625 3625 3593 4063 4063 4062 4062 4062 4062 4062 4062
3959 1777281119 3551 3695 387 3644 3583 3625 3625 3594 4063 4063 4062 4062 4062 4062 4062 4062
3960 1777281119 3550 3694 388 3643 3582 3624 3624 3593 4061 4061 4061 4061 4061 4061 4061 4061
3961 1777281119 3550 3695 387 3644 3582 3625 3625 3593 4063 4063 4063 4063 4063 4063 4063 4063
3962 1777281119 3549 3694 388 3643 3581 3623 3624 3592 4063 4063 4062 4062 4062 4062 4062 4062
3963 1777281119 3550 3694 388 3644 3581 3624 3624 3592 4063 4063 4063 4063 4063 4063 4063 4063
3964 1777281119 3550 3695 388 3644 3582 3624 3624 3592 4063 4063 4062 4062 4062 4062 4062 4062
3965 1777281119 3549 3693 387 3643 3581 3624 3624 3592 4063 4063 4062 4062 4062 4062 4062 4062
3966 1777281119 3550 3695 387 3644 3583 3624 3624 3593 4063 4063 4062 4062 4062 4062 4062 4062
3967 1777281119 3550 3694 387 3644 3582 3624 3624 3592 4063 4063 4062 4062 4062 4062 4062 4062
3968 1777281119 3551 3696 387 3645 3582 3625 3625 3592 4063 4063 4063 4063 4063 4063 4063 4063
3969 1777281119 3550 3695 387 3645 3583 3625 3625 3593 4065 4063 4063 4063 4063 4063 4063 4063
3970 1777281119 3550 3695 387 3644 3582 3625 3625 3593 4063 4063 4063 4063 4063 4063 4063 4063
3971 1777281119 3551 3695 387 3644 3583 3625 3626 3593 4063 4063 4062 4062 4062 4062 4062 4062
3972 1777281119 3550 3695 388 3645 3582 3624 3625 3593 4063 4063 4063 4063 4063 4063 4063 4063
3973 1777281119 3550 3695 388 3644 3582 3625 3625 3593 4063 4063 4063 4063 4063 4063 4063 4063
3974 1777281119 3550 3694 387 3645 3582 3624 3625 3593 4063 4063 4062 4062 4062 4062 4062 4062
3975 1777281119 3551 3695 388 3645 3583 3625 3625 3594 4063 4062 4062 4062 4062 4062 4062 4062
3976 1777281119 3550 3694 388 3644 3582 3624 3624 3592 4063 4063 4062 4062 4062 4062 4062 4062
3977 1777281119 3550 3695 387 3644 3582 3624 3625 3592 4063 4063 4063 4063 4063 4063 4063 4063
3978 1777281119 3551 3696 387 3646 3584 3626 3626 3594 4061 4061 4061 4061 4061 4061 4061 4061
3979 1777281119 3550 3694 389 3644 3582 3625 3625 3593 4063 4063 4062 4062 4062 4062 4062 4062
3980 1777281119 3550 3695 388 3645 3583 3625 3625 3592 4063 4062 4062 4062 4062 4062 4062 4062
3981 1777281119 3550 3695 387 3644 3582 3625 3624 3592 4063 4063 4063 4063 4063 4063 4063 4063
3982 1777281119 3550 3695 388 3645 3583 3625 3625 3593 4063 4063 4062 4062 4062 4062 4062 4062
3983 1777281119 3551 3696 388 3645 3583 3626 3626 3594 4063 4063 4062 4062 4062 4062 4062 4062
3984 1777281119 3550 3695 387 3645 3583 3625 3624 3593 4063 4062 4062 4062 4062 4062 4062 4062
3985 1777281119 3550 3695 387 3645 3583 3625 3625 3593 4063 4063 4063 4063 4063 4063 4063 4063
3986 1777281119 3551 3696 387 3645 3583 3625 3625 3593 4063 4063 4062 4062 4062 4062 4062 4062
3987 1777281119 3550 3695 388 3644 3582 3625 3625 3593 4063 4063 4063 4063 4063 4063 4063 4063
3988 1777281119 3551 3695 387 3645 3583 3625 3625 3593 4063 4062 4062 4062 4062 4062 4062 4062
3989 1777281119 3551 3696 387 3646 3584 3626 3626 3594 4061 4061 4061 4061 4061 4061 4061 4061
3990 1777281119 3550 3695 388 3645 3583 3625 3625 3593 4063 4063 4062 4062 4062 4062 4062 4062
3991 1777281119 3551 3696 388 3645 3583 3625 3625 3593 4063 4063 4062 4062 4062 4062 4062 4062
3992 1777281119 3551 3695 388 3645 3583 3625 3625 3593 4061 4061 4061 4061 4061 4061 4061 4061
3993 1777281119 3551 3695 387 3645 3583 3625 3626 3594 4061 4061 4061 4061 4061 4061 4061 4061
3994 1777281119 3551 3695 387 3645 3583 3625 3625 3593 4063 4063 4062 4062 4062 4062 4062 4062
3995 1777281119 3550 3694 388 3644 3582 3624 3625 3592 4063 4063 4062 4062 4062 4062 4062 4062
3996 1777281119 3551 3696 388 3645 3583 3625 3626 3593 4063 4063 4062 4062 4062 4062 4062 4062
3997 1777281120 3551 3695 388 3645 3583 3625 3625 3593 4063 4063 4062 4062 4062 4062 4062 4062
3998 1777281120 3550 3695 387 3645 3583 3625 3625 3593 4061 4061 4061 4061 4061 4061 4061 4061
3999 1777281120 3550 3694 388 3644 3582 3624 3625 3593 4063 4063 4063 4063 4063 4063 4063 4063
4000 1777281120 3551 3696 387 3645 3583 3625 3625 3593 4063 4063 4062 4062 4062 4062 4062 4062
4001 1777281120 3551 3695 388 3646 3584 3626 3626 3594 4063 4063 4062 4062 4062 4062 4062 4062
4002 1777281120 3551 3695 388 3645 3583 3625 3625 3593 4061 4061 4061 4061 4061 4061 4061 4061
4003 1777281120 3551 3695 388 3644 3583 3625 3625 3594 4063 4063 4063 4063 4063 4063 4063 4063
4004 1777281120 3550 3695 388 3644 3582 3624 3625 3592 4061 4061 4061 4061 4061 4061 4061 4061
4005 1777281120 3551 3695 387 3645 3582 3625 3625 3593 4063 4063 4062 4062 4062 4062 4062 4062
4006 1777281120 3551 3696 388 3645 3583 3625 3625 3593 4061 4061 4061 4061 4061 4061 4061 4061
4007 1777281120 3551 3695 388 3644 3583 3625 3626 3594 4063 4063 4062 4062 4062 4062 4062 4062
4008 1777281120 3551 3695 388 3645 3583 3625 3625 3593 4063 4063 4062 4062 4062 4062 4062 4062
4009 1777281120 3551 3695 387 3645 3583 3625 3625 3593 4061 4061 4061 4061 4061 4061 4061 4061
4010 1777281120 3551 3696 388 3645 3583 3625 3625 3593 4063 4063 4063 4063 4063 4063 4063 4063
4011 1777281120 3551 3695 389 3644 3583 3625 3625 3593 4063 4063 4062 4062 4062 4062 4062 4062
4012 1777281120 3550 3695 388 3645 3582 3624 3624 3592 4063 4063 4063 4063 4063 4063 4063 4063
4013 1777281120 3551 3695 388 3645 3583 3625 3625 3593 4063 4063 4063 4063 4063 4063 4063 4063
4014 1777281120 3550 3695 388 3645 3583 3625 3625 3593 4063 4063 4062 4062 4062 4062 4062 4062
4015 1777281120 3551 3695 388 3644 3583 3625 3625 3593 4063 4063 4063 4063 4063 4063 4063 4063
4016 1777281120 3551 3696 388 3645 3583 3625 3625 3593 4063 4063 4062 4062 4062 4062 4062 4062
4017 1777281120 3550 3695 387 3646 3584 3626 3626 3594 4063 4063 4062 4062 4062 4062 4062 4062
4018 1777281120 3551 3696 388 3645 3583 3625 3626 3594 4063 4063 4062 4062 4062 4062 4062 4062
4019 1777281120 3550 3695 388 3644 3583 3625 3625 3593 4063 4063 4062 4062 4062 4062 4062 4062
4020 1777281120 3551 3696 388 3646 3584 3625 3626 3593 4063 4063 4062 4062 4062 4062 4062 4062
4021 1777281120 3551 3695 388 3644 3583 3625 3625 3593 4061 4061 4061 4061 4061 4061 4061 4061
4022 1777281120 3551 3695 388 3645 3583 3625 3626 3593 4063 4063 4062 4062 4062 4062 4062 4062
4023 1777281120 3551 3695 388 3645 3583 3625 3625 3593 4061 4061 4061 4061 4061 4061 4061 4061
4024 1777281120 3551 3696 388 3646 3584 3626 3626 3593 4061 4061 4060 4060 4060 4060 4060 4060
4025 1777281120 3551 3695 388 3645 3583 3625 3625 3593 4063 4063 4062 4062 4062 4062 4062 4062
4026 1777281120 3551 3695 388 3645 3583 3625 3625 3593 4063 4063 4062 4062 4062 4062 4062 4062
4027 1777281120 3552 3696 387 3646 3584 3626 3626 3594 4063 4063 4063 4063 4063 4063 4063 4063
4028 1777281120 3551 3695 388 3646 3584 3625 3626 3594 4061 4061 4061 4061 4061 4061 4061 4061
4029 1777281120 3551 3696 388 3646 3583 3625 3625 3594 4063 4063 4062 4062 4062 4062 4062 4062
4030 1777281120 3550 3696 388 3645 3583 3625 3625 3593 4063 4063 4062 4062 4062 4062 4062 4062
4031 1777281120 3551 3695 388 3644 3583 3625 3625 3593 4061 4061 4061 4061 4061 4061 4061 4061
4032 1777281120 3551 3695 388 3646 3583 3626 3625 3593 4061 4061 4061 4061 4061 4061 4061 4061
4033 1777281120 3551 3695 388 3645 3583 3625 3625 3594 4063 4062 4062 4062 4062 4062 4062 4062
4034 1777281120 3551 3695 388 3645 3583 3625 3625 3593 4063 4063 4062 4062 4062 4062 4062 4062
4035 1777281120 3551 3695 389 3644 3583 3625 3625 3594 4063 4063 4062 4062 4062 4062 4062 4062
4036 1777281120 3551 3696 388 3645 3582 3625 3625 3593 4063 4063 4063 4063 4063 4063 4063 4063
4037 1777281120 3552 3697 388 3646 3584 3626 3627 3595 4063 4063 4063 4063 4063 4063 4063 4063
4038 1777281120 3551 3696 388 3645 3583 3626 3626 3594 4063 4063 4062 4062 4062 4062 4062 4062
4039 1777281120 3551 3695 389 3644 3583 3625 3625 3594 4061 4061 4061 4061 4061 4061 4061 4061
4040 1777281120 3551 3696 388 3645 3583 3625 3625 3593 4063 4063 4062 4062 4062 4062 4062 4062
4041 1777281120 3551 3696 387 3645 3583 3625 3625 3593 4063 4063 4062 4062 4062 4062 4062 4062
4042 1777281120 3552 3696 388 3645 3584 3626 3626 3594 4061 4061 4061 4061 4061 4061 4061 4061
4043 1777281120 3551 3696 389 3645 3583 3625 3625 3594 4063 4063 4063 4063 4063 4063 4063 4063
4044 1777281120 3551 3695 388 3645 3583 3624 3625 3593 4063 4062 4062 4062 4062 4062 4062 4062
4045 1777281120 3551 3695 388 3645 3583 3626 3626 3594 4063 4063 4063 4063 4063 4063 4063 4063
4046 1777281120 3551 3695 388 3645 3583 3625 3625 3593 4063 4063 4062 4062 4062 4062 4062 4062
4047 1777281120 3551 3695 388 3645 3583 3625 3625 3593 4063 4061 4061 4061 4061 4061 4061 4061
4048 1777281120 3552 3696 388 3645 3584 3625 3626 3593 4061 4061 4061 4061 4061 4061 4061 4061
4049 1777281120 3552 3697 389 3646 3584 3626 3627 3594 4061 4061 4061 4061 4061 4061 4061 4061
4050 1777281120 3550 3695 388 3645 3583 3625 3625 3593 4063 4063 4062 4062 4062 4062 4062 4062
4051 1777281120 3550 3695 388 3644 3582 3624 3625 3593 4063 4063 4062 4062 4062 4062 4062 4062
4052 1777281120 3552 3697 388 3646 3584 3626 3627 3595 4062 4063 4062 4062 4062 4062 4062 4062
4053 1777281120 3550 3695 387 3644 3583 3624 3624 3593 4063 4063 4063 4063 4063 4063 4063 4063
4054 1777281120 3551 3696 388 3645 3583 3625 3626 3594 4063 4063 4062 4062 4062 4062 4062 4062
4055 1777281120 3552 3697 389 3646 3584 3626 3626 3593 4061 4061 4061 4061 4061 4061 4061 4061
4056 1777281120 3551 3695 388 3645 3583 3625 3626 3594 4061 4061 4061 4061 4061 4061 4061 4061
4057 1777281120 3551 3696 388 3645 3583 3625 3624 3593 4061 4061 4061 4061 4061 4061 4061 4061
4058 1777281120 3551 3696 388 3645 3584 3626 3626 3594 4061 4061 4061 4061 4061 4061 4061 4061
4059 1777281120 3550 3695 388 3644 3583 3626 3625 3593 4063 4062 4062 4062 4062 4062 4062 4062
4060 1777281120 3552 3697 388 3646 3584 3626 3626 3594 4061 4061 4061 4061 4061 4061 4061 4061
4061 1777281120 3551 3695 388 3645 3583 3625 3625 3593 4063 4063 4063 4063 4063 4063 4063 4063
4062 1777281120 3551 3696 388 3645 3583 3625 3625 3593 4063 4063 4062 4062 4062 4062 4062 4062
4063 1777281120 3551 3696 388 3644 3583 3625 3625 3593 4063 4063 4062 4062 4062 4062 4062 4062
4064 1777281120 3551 3696 388 3645 3583 3625 3626 3594 4063 4063 4063 4063 4063 4063 4063 4063
4065 1777281120 3552 3697 388 3646 3585 3627 3626 3594 4063 4063 4062 4062 4062 4062 4062 4062
4066 1777281120 3551 3696 388 3645 3584 3626 3626 3594 4061 4061 4061 4061 4061 4061 4061 4061
4067 1777281120 3550 3695 387 3644 3583 3625 3625 3593 4063 4063 4062 4062 4062 4062 4062 4062
4068 1777281120 3551 3695 388 3645 3583 3625 3625 3593 4063 4063 4062 4062 4062 4062 4062 4062
4069 1777281120 3551 3696 388 3645 3583 3625 3625 3594 4063 4063 4062 4062 4062 4062 4062 4062
4070 1777281120 3566 3711 388 3661 3598 3641 3641 3609 4063 4063 4063 4063 4063 4063 4063 4063
4071 1777281120 3550 3695 388 3644 3583 3624 3625 3593 4063 4063 4062 4062 4062 4062 4062 4062
4072 1777281120 3552 3696 388 3646 3584 3625 3626 3594 4063 4063 4062 4062 4062 4062 4062 4062
4073 1777281120 3551 3696 388 3646 3584 3625 3626 3594 4063 4063 4062 4062 4062 4062 4062 4062
4074 1777281120 3552 3696 388 3645 3584 3626 3625 3593 4061 4061 4061 4061 4061 4061 4061 4061
4075 1777281121 3552 3697 389 3646 3584 3625 3625 3593 4063 4063 4062 4062 4062 4062 4062 4062
4076 1777281121 3552 3696 388 3647 3584 3625 3626 3594 4061 4061 4061 4061 4061 4061 4061 4061
4077 1777281121 3550 3695 388 3644 3583 3625 3625 3593 4063 4063 4062 4062 4062 4062 4062 4062
4078 1777281121 3550 3694 389 3645 3583 3625 3625 3593 4063 4063 4062 4062 4062 4062 4062 4062
4079 1777281121 3551 3696 388 3646 3583 3625 3626 3593 4063 4063 4063 4063 4063 4063 4063 4063
4080 1777281121 3548 3693 387 3643 3580 3622 3623 3591 4061 4061 4061 4061 4061 4061 4061 4061
4081 1777281121 3549 3693 387 3643 3581 3623 3623 3591 4063 4063 4062 4062 4062 4062 4062 4062
4082 1777281128 3549 3693 386 3642 3580 3622 3623 3591 4063 4063 4062 4062 4062 4062 4062 4062
4083 1777281128 3549 3693 386 3643 3581 3623 3623 3591 4063 4063 4063 4063 4063 4063 4063 4063
4084 1777281129 3549 3693 387 3642 3581 3623 3623 3591 4061 4061 4061 4061 4061 4061 4061 4061
4085 1777281129 3548 3692 386 3641 3581 3622 3623 3591 4063 4063 4063 4063 4063 4063 4063 4063
4086 1777281129 3549 3693 386 3643 3581 3623 3623 3591 4065 4063 4063 4063 4063 4063 4063 4063
4087 1777281129 3548 3693 386 3643 3581 3623 3623 3591 4063 4063 4063 4063 4063 4063 4063 4063
4088 1777281129 3548 3692 387 3642 3580 3622 3622 3590 4063 4063 4062 4062 4062 4062 4062 4062
4089 1777281129 3548 3693 386 3642 3580 3622 3622 3590 4063 4063 4062 4062 4062 4062 4062 4062
4090 1777281129 3548 3693 386 3642 3580 3623 3623 3590 4063 4063 4063 4063 4063 4063 4063 4063
4091 1777281129 3549 3693 387 3643 3581 3623 3623 3591 4063 4063 4063 4063 4063 4063 4063 4063
4092 1777281129 3548 3693 387 3642 3580 3622 3623 3591 4063 4063 4062 4062 4062 4062 4062 4062
4093 1777281129 3550 3694 386 3643 3582 3624 3624 3592 4063 4063 4062 4062 4062 4062 4062 4062
4094 1777281129 3549 3694 387 3643 3582 3624 3624 3592 4063 4063 4062 4062 4062 4062 4062 4062
4095 1777281129 3549 3694 387 3644 3582 3624 3624 3592 4063 4063 4062 4062 4062 4062 4062 4062
4096 1777281129 3550 3695 386 3645 3583 3624 3624 3592 4063 4063 4062 4062 4062 4062 4062 4062
4097 1777281129 3548 3693 387 3643 3581 3623 3623 3591 4061 4061 4061 4061 4061 4061 4061 4061
4098 1777281129 3549 3694 387 3643 3581 3623 3623 3591 4063 4063 4062 4062 4062 4062 4062 4062
4099 1777281129 3550 3694 387 3644 3582 3625 3625 3593 4063 4062 4062 4062 4062 4062 4062 4062
4100 1777281129 3548 3693 387 3642 3581 3623 3623 3591 4061 4061 4061 4061 4061 4061 4061 4061
4101 1777281129 3549 3694 386 3644 3582 3624 3624 3592 4063 4063 4062 4062 4062 4062 4062 4062
4102 1777281129 3550 3694 387 3644 3582 3624 3624 3592 4063 4063 4062 4062 4062 4062 4062 4062
4103 1777281129 3549 3694 386 3643 3581 3623 3623 3591 4063 4063 4063 4063 4063 4063 4063 4063
4104 1777281129 3550 3695 387 3644 3582 3624 3624 3592 4061 4061 4061 4061 4061 4061 4061 4061
4105 1777281129 3550 3694 387 3644 3582 3624 3624 3592 4063 4063 4062 4062 4062 4062 4062 4062
4106 1777281129 3550 3695 387 3644 3582 3625 3625 3593 4063 4063 4063 4063 4063 4063 4063 4063
4107 1777281129 3550 3694 387 3644 3582 3624 3624 3592 4063 4063 4062 4062 4062 4062 4062 4062
4108 1777281129 3549 3693 387 3642 3581 3623 3623 3591 4061 4061 4061 4061 4061 4061 4061 4061
4109 1777281129 3550 3694 387 3643 3582 3624 3625 3593 4059 4059 4059 4059 4059 4059 4059 4059
4110 1777281129 3549 3694 387 3644 3581 3624 3624 3592 4063 4063 4063 4063 4063 4063 4063 4063
4111 1777281129 3549 3694 386 3643 3581 3623 3623 3591 4061 4061 4061 4061 4061 4061 4061 4061
4112 1777281129 3550 3694 387 3644 3582 3624 3624 3592 4061 4061 4061 4061 4061 4061 4061 4061
4113 1777281129 3550 3694 386 3643 3581 3623 3623 3591 4063 4063 4062 4062 4062 4062 4062 4062
4114 1777281129 3549 3693 387 3643 3580 3623 3623 3591 4063 4063 4062 4062 4062 4062 4062 4062
4115 1777281129 3550 3694 387 3643 3582 3624 3624 3592 4063 4063 4062 4062 4062 4062 4062 4062
4116 1777281129 3549 3694 387 3644 3582 3623 3624 3591 4061 4061 4061 4061 4061 4061 4061 4061
4117 1777281129 3549 3695 386 3645 3582 3624 3624 3592 4063 4063 4062 4062 4062 4062 4062 4062
4118 1777281129 3549 3693 386 3643 3581 3623 3622 3591 4059 4059 4059 4059 4059 4059 4059 4059
4119 1777281129 3550 3694 387 3643 3582 3623 3624 3592 4063 4063 4062 4062 4062 4062 4062 4062
4120 1777281129 3550 3694 387 3644 3581 3624 3624 3592 4063 4061 4061 4061 4061 4061 4061 4061
4121 1777281129 3551 3696 387 3645 3583 3625 3625 1696 4063 4063 4063 4063 4063 4063 4063 4063
4122 1777281129 3549 3693 387 3643 3581 3623 3623 3591 4063 4063 4062 4062 4062 4062 4062 4062
4123 1777281129 3549 3693 388 3643 3581 3624 3623 3592 4061 4061 4061 4061 4061 4061 4061 4061
4124 1777281129 3548 3693 387 3642 3581 3622 3622 3591 4061 4061 4061 4061 4061 4061 4061 4061
4125 1777281129 3549 3694 387 3643 3582 3623 3624 3591 4061 4061 4060 4060 4060 4060 4060 4060
4126 1777281129 3549 3693 387 3644 3582 3624 3624 3592 4061 4061 4061 4061 4061 4061 4061 4061
4127 1777281129 3550 3694 387 3644 3582 3624 3624 3592 4063 4063 4062 4062 4062 4062 4062 4062
4128 1777281129 3549 3694 387 3644 3581 3624 3624 3592 4062 4063 4062 4062 4062 4062 4062 4062
4129 1777281129 3551 3695 387 3644 3582 3625 3624 3593 4063 4063 4062 4062 4062 4062 4062 4062
4130 1777281137 3549 3694 387 3643 3581 3623 3624 3592 4061 4061 4061 4061 4061 4061 4061 4061
4131 1777281137 3548 3693 387 3642 3581 3623 3623 3591 4063 4063 4063 4063 4063 4063 4063 4063
4132 1777281137 3548 3692 387 3642 3581 3623 3623 3591 4063 4063 4063 4063 4063 4063 4063 4063
4133 1777281137 3549 3694 387 3643 3581 3623 3623 3592 4063 4063 4063 4063 4063 4063 4063 4063
4134 1777281137 3548 3693 386 3643 3580 3623 3623 3591 4063 4063 4062 4062 4062 4062 4062 4062
4135 1777281137 3550 3694 387 3643 3581 3623 3623 3592 4063 4063 4062 4062 4062 4062 4062 4062
4136 1777281137 3548 3692 387 3642 3580 3622 3622 3590 4063 4063 4063 4063 4063 4063 4063 4063
4137 1777281137 3548 3693 387 3643 3580 3623 3623 3591 4061 4061 4061 4061 4061 4061 4061 4061
4138 1777281137 3548 3693 388 3643 3581 3623 3623 3591 4063 4063 4063 4063 4063 4063 4063 4063
4139 1777281137 3549 3694 387 3644 3582 3624 3624 3592 4063 4063 4062 4062 4062 4062 4062 4062
4140 1777281137 3549 3693 387 3643 3581 3623 3623 3592 4061 4061 4061 4061 4061 4061 4061 4061
4141 1777281137 3550 3694 387 3644 3582 3624 3624 3592 4063 4061 4061 4061 4061 4061 4061 4061
4142 1777281137 3550 3694 386 3643 3581 3623 3624 3591 4063 4063 4063 4063 4063 4063 4063 4063
4143 1777281137 3550 3695 387 3644 3582 3625 3624 3592 4061 4061 4061 4061 4061 4061 4061 4061
4144 1777281137 3549 3693 387 3643 3581 3623 3623 3592 4063 4063 4062 4062 4062 4062 4062 4062
4145 1777281137 3549 3693 386 3643 3581 3623 3623 3591 4063 4063 4062 4062 4062 4062 4062 4062
4146 1777281137 3550 3694 387 3643 3582 3624 3624 3592 4063 4063 4063 4063 4063 4063 4063 4063
4147 1777281137 3550 3694 387 3642 3582 3625 3624 3592 4063 4063 4062 4062 4062 4062 4062 4062
4148 1777281137 3549 3693 386 3643 3581 3623 3623 3591 4063 4063 4063 4063 4063 4063 4063 4063
4149 1777281137 3550 3695 387 3644 3582 3624 3624 3592 4067 4063 4063 4063 4063 4063 4063 4063
4150 1777281137 3550 3694 387 3643 3581 3624 3624 3592 4063 4063 4062 4062 4062 4062 4062 4062
4151 1777281137 3549 3694 387 3644 3582 3624 3624 3592 4063 4063 4063 4063 4063 4063 4063 4063
4152 1777281137 3549 3693 388 3643 3581 3623 3623 3591 4063 4063 4062 4062 4062 4062 4062 4062
4153 1777281137 3549 3694 387 3644 3582 3624 3624 3592 4063 4063 4063 4063 4063 4063 4063 4063
4154 1777281137 3549 3693 387 3643 3582 3624 3624 3592 4063 4063 4062 4062 4062 4062 4062 4062
4155 1777281137 3549 3694 387 3644 3582 3624 3624 3592 4063 4063 4062 4062 4062 4062 4062 4062
4156 1777281137 3549 3694 387 3643 3581 3624 3624 3592 4061 4061 4061 4061 4061 4061 4061 4061
4157 1777281137 3549 3693 387 3644 3581 3623 3624 3591 4061 4061 4061 4061 4061 4061 4061 4061
4158 1777281137 3550 3694 387 3644 3582 3624 3624 3592 4063 4063 4063 4063 4063 4063 4063 4063
4159 1777281137 3549 3693 387 3643 3581 3624 3624 3592 4063 4063 4062 4062 4062 4062 4062 4062
4160 1777281137 3550 3694 387 3644 3582 3624 3624 3592 4063 4063 4062 4062 4062 4062 4062 4062
4161 1777281137 3548 3693 387 3643 3581 3623 3623 3591 4063 4063 4062 4062 4062 4062 4062 4062
4162 1777281137 3550 3694 388 3643 3582 3624 3624 3592 4061 4061 4061 4061 4061 4061 4061 4061
4163 1777281137 3549 3693 387 3642 3581 3623 3623 3591 4063 4063 4062 4062 4062 4062 4062 4062
4164 1777281137 3550 3695 387 3645 3583 3624 3625 3593 4063 4063 4062 4062 4062 4062 4062 4062
4165 1777281137 3548 3693 387 3643 3580 3623 3623 3591 4061 4061 4061 4061 4061 4061 4061 4061
4166 1777281137 3551 3695 388 3645 3583 3624 3625 3593 4061 4061 4061 4061 4061 4061 4061 4061
4167 1777281137 3550 3694 387 3644 3582 3624 3624 3593 4063 4063 4063 4063 4063 4063 4063 4063
4168 1777281137 3550 3695 387 3645 3582 3624 3625 3593 4063 4063 4062 4062 4062 4062 4062 4062
4169 1777281137 3549 3693 387 3643 3581 3623 3623 3591 4063 4063 4062 4062 4062 4062 4062 4062
4170 1777281137 3550 3694 387 3643 3582 3624 3624 3592 4063 4063 4062 4062 4062 4062 4062 4062
4171 1777281137 3549 3693 388 3642 3581 3623 3623 3592 4063 4063 4062 4062 4062 4062 4062 4062
4172 1777281137 3550 3694 387 3643 3582 3624 3624 3592 4063 4063 4063 4063 4063 4063 4063 4063
4173 1777281138 3549 3694 387 3643 3582 3624 3624 3592 4063 4063 4062 4062 4062 4062 4062 4062
4174 1777281138 3548 3694 387 3643 3581 3623 3623 3591 4063 4063 4063 4063 4063 4063 4063 4063
4175 1777281138 3550 3694 387 3643 3582 3624 3625 3593 4061 4061 4061 4061 4061 4061 4061 4061
4176 1777281138 3549 3694 387 3643 3581 3624 3624 3592 4063 4063 4062 4062 4062 4062 4062 4062
4177 1777281138 3549 3693 387 3644 3582 3623 3623 3592 4063 4063 4062 4062 4062 4062 4062 4062
4178 1777281138 3550 3694 387 3643 3581 3624 3624 3592 4061 4061 4061 4061 4061 4061 4061 4061
4179 1777281138 3549 3694 387 3643 3582 3623 3624 3592 4061 4061 4061 4061 4061 4061 4061 4061
4180 1777281138 3549 3694 387 3643 3582 3624 3624 3592 4063 4063 4063 4063 4063 4063 4063 4063
4181 1777281138 3549 3694 387 3644 3582 3624 3624 3592 4063 4063 4062 4062 4062 4062 4062 4062
4182 1777281138 3550 3694 387 3643 3582 3624 3624 3592 4063 4063 4062 4062 4062 4062 4062 4062
4183 1777281138 3549 3694 387 3644 3582 3624 3624 3592 4063 4063 4062 4062 4062 4062 4062 4062
4184 1777281138 3550 3694 387 3645 3583 3624 3625 3593 4063 4063 4062 4062 4062 4062 4062 4062
4185 1777281138 3549 3693 387 3643 3581 3623 3624 3592 4063 4063 4062 4062 4062 4062 4062 4062
4186 1777281138 3551 3695 388 3645 3583 3624 3624 3593 4063 4062 4062 4062 4062 4062 4062 4062
4187 1777281138 3549 3694 387 3644 3582 3624 3624 3592 4061 4061 4061 4061 4061 4061 4061 4061
4188 1777281138 3550 3695 387 3644 3582 3625 3625 3593 4061 4061 4061 4061 4061 4061 4061 4061
4189 1777281138 3549 3694 387 3643 3581 3623 3624 3592 4063 4062 4062 4062 4062 4062 4062 4062
4190 1777281138 3549 3694 387 3644 3582 3624 3624 3592 4061 4061 4061 4061 4061 4061 4061 4061
4191 1777281138 3550 3695 387 3644 3582 3624 3624 3592 4063 4063 4062 4062 4062 4062 4062 4062
4192 1777281138 3550 3695 388 3645 3583 3625 3625 3593 4063 4063 4062 4062 4062 4062 4062 4062
4193 1777281138 3550 3695 387 3644 3582 3624 3625 3593 4063 4063 4062 4062 4062 4062 4062 4062
4194 1777281138 3550 3694 387 3644 3582 3624 3624 3592 4063 4063 4062 4062 4062 4062 4062 4062
4195 1777281138 3550 3694 387 3643 3581 3623 3624 3592 4063 4063 4062 4062 4062 4062 4062 4062
4196 1777281138 3549 3694 387 3644 3582 3624 3624 3593 4063 4063 4063 4063 4063 4063 4063 4063
4197 1777281138 3550 3695 386 3644 3582 3624 3624 3593 4063 4063 4063 4063 4063 4063 4063 4063
4198 1777281138 3549 3693 388 3643 3582 3623 3623 3592 4063 4063 4062 4062 4062 4062 4062 4062
4199 1777281138 3550 3695 387 3645 3582 3624 3625 3592 4061 4061 4061 4061 4061 4061 4061 4061
4200 1777281138 3550 3694 390 3644 3582 3624 3625 3592 4063 4063 4062 4062 4062 4062 4062 4062
4201 1777281138 3549 3694 389 3644 3582 3624 3624 3592 4063 4063 4062 4062 4062 4062 4062 4062
4202 1777281138 3550 3694 388 3644 3582 3624 3624 3592 4061 4061 4061 4061 4061 4061 4061 4061
4203 1777281138 3549 3694 387 3644 3582 3624 3624 3592 4061 4061 4061 4061 4061 4061 4061 4061
4204 1777281138 3550 3695 387 3645 3583 3625 3625 3593 4063 4063 4062 4062 4062 4062 4062 4062
4205 1777281138 3550 3695 387 3644 3582 3624 3624 3592 4063 4063 4062 4062 4062 4062 4062 4062
4206 1777281138 3550 3695 387 3645 3583 3624 3625 3592 4063 4063 4062 4062 4062 4062 4062 4062
4207 1777281138 3551 3695 387 3645 3583 3624 3625 3593 4063 4063 4063 4063 4063 4063 4063 4063
4208 1777281138 3550 3695 387 3645 3582 3624 3624 3592 4063 4063 4062 4062 4062 4062 4062 4062
4209 1777281138 3550 3694 387 3644 3582 3624 3624 3592 4065 4063 4063 4063 4063 4063 4063 4063
4210 1777281138 3549 3693 388 3643 3581 3622 3623 3591 4063 4063 4063 4063 4063 4063 4063 4063
4211 1777281138 3550 3694 387 3644 3582 3624 3624 3593 4063 4063 4062 4062 4062 4062 4062 4062
4212 1777281138 3550 3694 387 3644 3582 3624 3624 3592 4063 4063 4062 4062 4062 4062 4062 4062
4213 1777281138 3551 3695 388 3644 3583 3625 3625 3593 4063 4061 4061 4061 4061 4061 4061 4061
4214 1777281138 3550 3694 387 3644 3582 3624 3624 3592 4063 4063 4063 4063 4063 4063 4063 4063
4215 1777281138 3550 3695 387 3645 3583 3624 3624 3593 4063 4062 4062 4062 4062 4062 4062 4062
4216 1777281138 3550 3695 388 3644 3582 3624 3625 3593 4063 4061 4061 4061 4061 4061 4061 4061
4217 1777281138 3549 3693 387 3643 3581 3623 3624 3592 4063 4063 4062 4062 4062 4062 4062 4062
4218 1777281138 3550 3695 388 3644 3583 3624 3625 3593 4063 4062 4062 4062 4062 4062 4062 4062
4219 1777281138 332 342 385 3649 319 1662 1362 1670 97 4063 4062 4062 4062 4062 4062 4062
4220 1777281138 3550 3694 388 3644 3582 3624 3624 3592 4063 4063 4062 4062 4062 4062 4062 4062
4221 1777281138 3550 3695 388 3644 3582 3625 3625 3593 4063 4063 4062 4062 4062 4062 4062 4062
4222 1777281138 3550 3695 388 3645 3583 3625 3625 3593 4063 4063 4063 4063 4063 4063 4063 4063
4223 1777281146 3550 3694 388 3643 3581 3623 3624 3592 4061 4061 4061 4061 4061 4061 4061 4061
4224 1777281146 3549 3694 387 3643 3581 3623 3624 3592 4061 4061 4061 4061 4061 4061 4061 4061
4225 1777281146 3551 3695 388 3643 3582 3624 3624 3592 4063 4062 4062 4062 4062 4062 4062 4062
4226 1777281146 3549 3694 387 3644 3581 3624 3624 3592 4063 4063 4062 4062 4062 4062 4062 4062
4227 1777281146 3550 3694 388 3644 3582 3624 3624 3593 4061 4061 4061 4061 4061 4061 4061 4061
4228 1777281146 3550 3694 388 3644 3582 3625 3625 3593 4063 4063 4062 4062 4062 4062 4062 4062
4229 1777281146 3551 3695 388 3645 3583 3625 3625 3593 4063 4063 4062 4062 4062 4062 4062 4062
4230 1777281146 3549 3694 387 3643 3582 3624 3624 3592 4063 4063 4063 4063 4063 4063 4063 4063
4231 1777281146 3550 3694 387 3644 3582 3624 3624 3592 4063 4063 4062 4062 4062 4062 4062 4062
4232 1777281146 3550 3694 387 3644 3582 3624 3624 3592 4063 4063 4062 4062 4062 4062 4062 4062
4233 1777281146 3550 3695 388 3644 3582 3624 3624 3592 4063 4063 4063 4063 4063 4063 4063 4063
4234 1777281146 3550 3695 387 3644 3582 3624 3625 3593 4063 4062 4062 4062 4062 4062 4062 4062
4235 1777281146 3550 3694 387 3644 3581 3624 3624 3592 4063 4063 4062 4062 4062 4062 4062 4062
4236 1777281146 3550 3695 387 3644 3583 3624 3625 3592 4061 4061 4061 4061 4061 4061 4061 4061
4237 1777281146 3550 3694 388 3644 3582 3624 3624 3592 4063 4063 4062 4062 4062 4062 4062 4062
4238 1777281146 3550 3695 387 3644 3582 3624 3624 3592 4061 4061 4061 4061 4061 4061 4061 4061
4239 1777281146 3551 3695 387 3645 3583 3624 3624 3592 4065 4063 4063 4063 4063 4063 4063 4063
4240 1777281146 3550 3695 387 3644 3583 3624 3625 3593 4063 4063 4062 4062 4062 4062 4062 4062
4241 1777281146 3550 3694 388 3643 3582 3624 3625 3593 4063 4063 4062 4062 4062 4062 4062 4062
4242 1777281146 3551 3695 388 3644 3583 3625 3625 3593 4063 4063 4062 4062 4062 4062 4062 4062
4243 1777281146 3550 3694 387 3644 3582 3624 3624 3592 4063 4063 4062 4062 4062 4062 4062 4062
4244 1777281146 3549 3694 388 3644 3582 3625 3625 3593 4061 4061 4060 4060 4060 4060 4060 4060
4245 1777281146 3550 3694 388 3644 3581 3623 3623 3592 4063 4063 4062 4062 4062 4062 4062 4062
4246 1777281146 3550 3695 387 3644 3582 3624 3624 3592 4063 4063 4062 4062 4062 4062 4062 4062
4247 1777281146 3550 3695 388 3645 3583 3625 3625 3593 4061 4061 4061 4061 4061 4061 4061 4061
4248 1777281146 3550 3694 388 3644 3582 3625 3625 3592 4063 4063 4062 4062 4062 4062 4062 4062
4249 1777281146 3549 3694 388 3643 3582 3624 3624 3592 4061 4061 4061 4061 4061 4061 4061 4061
4250 1777281146 3551 3695 387 3645 3583 3625 3625 3593 4063 4062 4062 4062 4062 4062 4062 4062
4251 1777281146 3550 3694 388 3644 3582 3624 3624 3593 4063 4062 4062 4062 4062 4062 4062 4062
4252 1777281146 3550 3695 388 3644 3582 3624 3625 3592 4065 4063 4063 4063 4063 4063 4063 4063
4253 1777281146 3551 3696 387 3645 3584 3625 3625 3594 4063 4062 4062 4062 4062 4062 4062 4062
4254 1777281147 3550 3695 388 3645 3582 3624 3624 3593 4061 4061 4061 4061 4061 4061 4061 4061
4255 1777281147 3550 3695 388 3644 3582 3624 3625 3593 4063 4063 4063 4063 4063 4063 4063 4063
4256 1777281147 3550 3695 387 3644 3582 3624 3624 3592 4059 4059 4059 4059 4059 4059 4059 4059
4257 1777281147 3551 3696 388 3644 3582 3625 3625 3593 4061 4061 4061 4061 4061 4061 4061 4061
4258 1777281147 3550 3694 387 3644 3583 3624 3624 3593 4063 4063 4062 4062 4062 4062 4062 4062
4259 1777281147 3550 3694 388 3645 3583 3625 3625 3593 4063 4063 4062 4062 4062 4062 4062 4062
4260 1777281147 3551 3695 387 3645 3583 3625 3625 3593 4063 4063 4063 4063 4063 4063 4063 4063
4261 1777281147 3551 3695 388 3645 3583 3625 3626 3594 4063 4063 4063 4063 4063 4063 4063 4063
4262 1777281147 3551 3696 387 3645 3583 3625 3625 3593 4063 4063 4062 4062 4062 4062 4062 4062
4263 1777281147 3550 3695 388 3644 3583 3624 3624 3593 4063 4063 4063 4063 4063 4063 4063 4063
4264 1777281147 3550 3695 387 3644 3583 3625 3625 3593 4063 4063 4063 4063 4063 4063 4063 4063
4265 1777281147 3551 3695 388 3644 3583 3625 3625 3593 4063 4063 4062 4062 4062 4062 4062 4062
4266 1777281147 3550 3695 388 3644 3582 3624 3625 3592 4063 4063 4062 4062 4062 4062 4062 4062
4267 1777281147 3550 3695 387 3645 3582 3624 3625 3593 4063 4063 4062 4062 4062 4062 4062 4062
4268 1777281147 3549 3694 388 3644 3582 3624 3625 3593 4063 4063 4062 4062 4062 4062 4062 4062
4269 1777281147 3551 3696 388 3644 3583 3625 3625 3593 4061 4061 4061 4061 4061 4061 4061 4061
4270 1777281147 3551 3696 387 3646 3584 3626 3626 3594 4063 4063 4063 4063 4063 4063 4063 4063
4271 1777281147 3551 3696 387 3645 3584 3626 3626 3594 4061 4061 4061 4061 4061 4061 4061 4061
4272 1777281147 3550 3695 387 3644 3582 3625 3624 3592 4063 4063 4062 4062 4062 4062 4062 4062
4273 1777281147 3550 3695 388 3643 3583 3625 3625 3593 4063 4063 4063 4063 4063 4063 4063 4063
4274 1777281147 3550 3694 388 3642 3582 3624 3625 3592 4063 4063 4062 4062 4062 4062 4062 4062
4275 1777281147 3550 3695 387 3645 3583 3625 3625 3592 4061 4061 4061 4061 4061 4061 4061 4061
4276 1777281147 3550 3695 388 3644 3582 3625 3625 3593 4063 4063 4062 4062 4062 4062 4062 4062
4277 1777281147 3550 3695 388 3644 3582 3624 3624 3592 4063 4063 4063 4063 4063 4063 4063 4063
4278 1777281147 3550 3695 387 3644 3582 3625 3624 3593 4063 4063 4062 4062 4062 4062 4062 4062
4279 1777281147 3552 3696 388 3645 3584 3626 3626 3593 4061 4061 4061 4061 4061 4061 4061 4061
4280 1777281147 3550 3695 388 3644 3582 3625 3624 3593 4063 4063 4063 4063 4063 4063 4063 4063
4281 1777281147 3550 3694 388 3644 3583 3624 3624 3592 4063 4063 4062 4062 4062 4062 4062 4062
4282 1777281147 3552 3696 388 3646 3584 3626 3626 3594 4063 4062 4062 4062 4062 4062 4062 4062
4283 1777281147 3550 3695 388 3644 3582 3624 3625 3593 4063 4063 4062 4062 4062 4062 4062 4062
4284 1777281147 3551 3696 388 3646 3584 3626 3627 3594 4063 4063 4063 4063 4063 4063 4063 4063
4285 1777281147 3550 3695 388 3645 3583 3625 3625 3593 4061 4061 4061 4061 4061 4061 4061 4061
4286 1777281147 3551 3695 387 3645 3583 3625 3625 3593 4063 4062 4062 4062 4062 4062 4062 4062
4287 1777281147 3551 3695 388 3645 3583 3625 3625 3593 4063 4063 4062 4062 4062 4062 4062 4062
4288 1777281147 3551 3694 388 3644 3582 3625 3625 3593 4063 4063 4063 4063 4063 4063 4063 4063
4289 1777281147 3551 3695 388 3645 3583 3625 3625 3593 4063 4063 4063 4063 4063 4063 4063 4063
4290 1777281147 3551 3696 388 3646 3583 3625 3625 3593 4063 4063 4062 4062 4062 4062 4062 4062
4291 1777281147 3551 3696 387 3645 3583 3626 3626 3593 4063 4063 4063 4063 4063 4063 4063 4063
4292 1777281147 3551 3696 388 3645 3583 3625 3625 3593 4063 4063 4062 4062 4062 4062 4062 4062
4293 1777281147 3551 3695 388 3645 3583 3626 3625 3594 4063 4063 4062 4062 4062 4062 4062 4062
4294 1777281147 3551 3695 388 3645 3583 3625 3625 3593 4061 4061 4061 4061 4061 4061 4061 4061
4295 1777281147 3551 3696 388 3645 3583 3625 3625 3593 4063 4063 4062 4062 4062 4062 4062 4062
4296 1777281147 3551 3696 389 3645 3583 3625 3625 3593 4061 4061 4061 4061 4061 4061 4061 4061
4297 1777281147 3550 3695 388 3645 3583 3625 3625 3593 4063 4063 4062 4062 4062 4062 4062 4062
4298 1777281147 3551 3695 388 3645 3582 3625 3625 3593 4063 4063 4063 4063 4063 4063 4063 4063
4299 1777281147 3550 3695 388 3644 3582 3624 3624 3592 4063 4062 4062 4062 4062 4062 4062 4062
4300 1777281147 3552 3696 388 3646 3584 3626 3626 3594 4063 4063 4063 4063 4063 4063 4063 4063
4301 1777281147 3551 3696 388 3645 3583 3625 3625 3593 4061 4061 4061 4061 4061 4061 4061 4061
4302 1777281147 3551 3695 388 3645 3583 3625 3624 3593 4063 4063 4063 4063 4063 4063 4063 4063
4303 1777281147 3553 3697 388 3645 3584 3626 3626 3594 4063 4063 4062 4062 4062 4062 4062 4062
4304 1777281147 3551 3696 388 3644 3584 3626 3626 3593 4061 4061 4061 4061 4061 4061 4061 4061
4305 1777281147 3550 3695 388 3643 3582 3625 3625 3593 4061 4061 4061 4061 4061 4061 4061 4061
4306 1777281147 3550 3695 388 3644 3583 3625 3625 3593 4061 4061 4061 4061 4061 4061 4061 4061
4307 1777281147 3550 3696 388 3645 3583 3625 3625 3594 4063 4063 4063 4063 4063 4063 4063 4063
4308 1777281147 3550 3695 388 3644 3583 3624 3624 3593 4063 4063 4063 4063 4063 4063 4063 4063
4309 1777281147 3551 3696 388 3645 3583 3625 3625 3593 4061 4061 4061 4061 4061 4061 4061 4061
4310 1777281147 3551 3695 387 3645 3583 3625 3626 3594 4063 4063 4063 4063 4063 4063 4063 4063
4311 1777281147 3550 3695 388 3645 3583 3625 3625 3593 4063 4063 4062 4062 4062 4062 4062 4062
4312 1777281147 3550 3695 389 3644 3583 3625 3626 3593 4063 4063 4063 4063 4063 4063 4063 4063
4313 1777281147 3551 3695 388 3645 3584 3625 3626 3593 4063 4063 4062 4062 4062 4062 4062 4062
4314 1777281147 3550 3695 388 3644 3582 3625 3625 3592 4063 4063 4062 4062 4062 4062 4062 4062
4315 1777281147 3552 3696 388 3645 3583 3625 3625 3593 4063 4063 4062 4062 4062 4062 4062 4062
4316 1777281147 3550 3695 389 3645 3583 3625 3625 3594 4063 4063 4062 4062 4062 4062 4062 4062
4317 1777281147 3552 3696 388 3646 3584 3626 3626 3593 4063 4063 4062 4062 4062 4062 4062 4062
4318 1777281147 3551 3696 388 3645 3583 3625 3625 3593 4063 4063 4062 4062 4062 4062 4062 4062
4319 1777281147 3551 3696 388 3645 3584 3626 3626 3594 4063 4063 4063 4063 4063 4063 4063 4063
4320 1777281147 3550 3695 389 3644 3583 3625 3625 3593 4063 4063 4062 4062 4062 4062 4062 4062
4321 1777281147 3552 3697 388 3646 3584 3625 3625 3593 4061 4061 4061 4061 4061 4061 4061 4061
4322 1777281148 3551 3696 388 3646 3584 3626 3626 3594 4063 4063 4063 4063 4063 4063 4063 4063
4323 1777281148 3551 3696 388 3645 3583 3625 3625 3593 4063 4063 4062 4062 4062 4062 4062 4062
4324 1777281148 3551 3696 388 3646 3583 3625 3626 3594 4063 4063 4062 4062 4062 4062 4062 4062
4325 1777281148 3550 3695 388 3645 3583 3625 3625 3593 4063 4063 4062 4062 4062 4062 4062 4062
4326 1777281148 3551 3695 388 3646 3584 3626 3626 3594 4063 4063 4062 4062 4062 4062 4062 4062
4327 1777281148 3551 3696 388 3645 3583 3625 3625 3593 4063 4063 4062 4062 4062 4062 4062 4062
4328 1777281148 3552 3697 389 3646 3584 3627 3626 3594 4063 4063 4062 4062 4062 4062 4062 4062
4329 1777281148 3552 3696 388 3645 3584 3626 3626 3593 4061 4061 4061 4061 4061 4061 4061 4061
4330 1777281148 3551 3695 388 3645 3583 3625 3626 3593 4061 4061 4061 4061 4061 4061 4061 4061
4331 1777281148 3551 3696 388 3645 3583 3625 3625 3593 4063 4063 4062 4062 4062 4062 4062 4062
4332 1777281148 3550 3695 388 3644 3582 3625 3625 3593 4063 4063 4062 4062 4062 4062 4062 4062
4333 1777281148 3549 3693 387 3643 3581 3623 3623 3591 4061 4061 4061 4061 4061 4061 4061 4061
4334 1777281148 3551 3695 386 3645 3583 3625 3625 3593 4063 4063 4062 4062 4062 4062 4062 4062
4335 1777281148 3549 3694 387 3643 3582 3623 3624 3592 4063 4063 4062 4062 4062 4062 4062 4062
4336 1777281148 3549 3694 387 3644 3582 3624 3624 3592 4063 4063 4062 4062 4062 4062 4062 4062
4337 1777281148 3550 3694 386 3643 3583 3624 3624 3592 4063 4063 4062 4062 4062 4062 4062 4062
4338 1777281148 3550 3694 387 3644 3582 3624 3624 3592 4061 4061 4061 4061 4061 4061 4061 4061
4339 1777281148 3549 3694 386 3644 3581 3624 3624 3592 4061 4061 4061 4061 4061 4061 4061 4061
4340 1777281148 3548 3693 387 3642 3580 3623 3623 3591 4063 4063 4063 4063 4063 4063 4063 4063
4341 1777281156 3546 3690 387 3640 3578 3620 3620 3589 4063 4063 4062 4062 4062 4062 4062 4062
4342 1777281156 3549 3693 386 3643 3581 3623 3623 3591 4062 4063 4062 4062 4062 4062 4062 4062
4343 1777281156 3549 3693 387 3643 3582 3624 3623 3592 4063 4063 4062 4062 4062 4062 4062 4062
4344 1777281156 3548 3693 386 3643 3581 3623 3623 3591 4063 4063 4062 4062 4062 4062 4062 4062
4345 1777281156 3548 3693 387 3642 3581 3623 3623 3591 4063 4063 4062 4062 4062 4062 4062 4062
4346 1777281156 3549 3693 386 3643 3581 3623 3623 3591 4063 4063 4062 4062 4062 4062 4062 4062
4347 1777281156 3548 3693 386 3643 3581 3623 3623 3591 4063 4063 4063 4063 4063 4063 4063 4063
4348 1777281156 3548 3693 386 3643 3581 3623 3623 3590 4063 4063 4062 4062 4062 4062 4062 4062
4349 1777281156 3548 3692 387 3642 3580 3622 3623 3591 4063 4063 4062 4062 4062 4062 4062 4062
4350 1777281156 3548 3693 387 3643 3581 3622 3623 3591 4063 4063 4062 4062 4062 4062 4062 4062
4351 1777281156 3549 3693 387 3643 3581 3623 3623 3592 4061 4061 4061 4061 4061 4061 4061 4061
4352 1777281156 3549 3694 386 3643 3581 3623 3623 3591 4063 4063 4063 4063 4063 4063 4063 4063
4353 1777281156 3549 3694 387 3642 3581 3623 3623 3592 4063 4063 4062 4062 4062 4062 4062 4062
4354 1777281156 3549 3694 386 3643 3581 3623 3624 3592 4063 4063 4063 4063 4063 4063 4063 4063
4355 1777281156 3548 3693 387 3643 3581 3623 3622 3590 4063 4063 4062 4062 4062 4062 4062 4062
4356 1777281156 3550 3694 387 3643 3581 3624 3624 3592 4063 4063 4062 4062 4062 4062 4062 4062
4357 1777281156 3548 3693 387 3642 3581 3623 3623 3591 4063 4063 4062 4062 4062 4062 4062 4062
4358 1777281156 3549 3693 387 3643 3581 3623 3624 3591 4063 4063 4062 4062 4062 4062 4062 4062
4359 1777281156 3549 3694 387 3644 3582 3624 3624 3592 4063 4063 4062 4062 4062 4062 4062 4062
4360 1777281156 3549 3693 387 3643 3581 3623 3623 3591 4063 4063 4062 4062 4062 4062 4062 4062
4361 1777281156 3549 3694 387 3644 3582 3624 3624 3592 4061 4061 4061 4061 4061 4061 4061 4061
4362 1777281156 3549 3694 387 3643 3581 3623 3623 3592 4063 4063 4062 4062 4062 4062 4062 4062
4363 1777281156 3550 3695 387 3644 3582 3624 3624 3593 4063 4063 4062 4062 4062 4062 4062 4062
4364 1777281156 3548 3692 387 3642 3580 3622 3623 3591 4063 4063 4062 4062 4062 4062 4062 4062
4365 1777281156 3549 3693 387 3643 3581 3623 3624 3591 4063 4063 4062 4062 4062 4062 4062 4062
4366 1777281156 3548 3694 387 3643 3581 3623 3623 3591 4063 4063 4063 4063 4063 4063 4063 4063
4367 1777281156 3549 3693 387 3643 3581 3624 3623 3592 4063 4063 4062 4062 4062 4062 4062 4062
4368 1777281156 3551 3695 386 3645 3583 3625 3625 3593 4063 4063 4062 4062 4062 4062 4062 4062
4369 1777281156 3550 3694 387 3644 3582 3624 3624 3592 4063 4063 4062 4062 4062 4062 4062 4062
4370 1777281156 3550 3694 386 3643 3582 3624 3624 3592 4063 4063 4062 4062 4062 4062 4062 4062
4371 1777281156 3549 3694 386 3644 3582 3624 3624 3591 4063 4063 4062 4062 4062 4062 4062 4062
4372 1777281156 3550 3694 387 3643 3582 3624 3624 3592 4063 4063 4062 4062 4062 4062 4062 4062
4373 1777281156 3549 3694 387 3643 3582 3624 3624 3592 4061 4061 4061 4061 4061 4061 4061 4061
4374 1777281156 3550 3695 386 3644 3582 3624 3624 3592 4061 4061 4061 4061 4061 4061 4061 4061
4375 1777281156 3550 3693 387 3644 3582 3624 3624 3592 4063 4063 4062 4062 4062 4062 4062 4062
4376 1777281156 3549 3693 386 3643 3581 3623 3623 3591 4061 4061 4061 4061 4061 4061 4061 4061
4377 1777281156 3550 3695 387 3644 3582 3625 3625 3593 4063 4063 4062 4062 4062 4062 4062 4062
4378 1777281156 3549 3693 387 3643 3581 3623 3623 3592 4063 4063 4063 4063 4063 4063 4063 4063
4379 1777281156 3550 3694 387 3643 3581 3624 3624 3592 4063 4063 4062 4062 4062 4062 4062 4062
4380 1777281156 3549 3694 387 3644 3582 3624 3624 3592 4061 4061 4061 4061 4061 4061 4061 4061
4381 1777281156 3549 3694 386 3643 3581 3623 3623 3591 4061 4061 4061 4061 4061 4061 4061 4061
4382 1777281156 3549 3694 386 3644 3582 3624 3624 3592 4063 4063 4062 4062 4062 4062 4062 4062
4383 1777281156 3549 3694 387 3643 3581 3623 3624 3592 4063 4063 4062 4062 4062 4062 4062 4062
4384 1777281156 3549 3694 387 3643 3582 3624 3624 3592 4061 4061 4061 4061 4061 4061 4061 4061
4385 1777281156 3550 3694 387 3644 3582 3624 3624 3592 4061 4061 4061 4061 4061 4061 4061 4061
4386 1777281156 3550 3694 386 3644 3582 3625 3625 3593 4063 4063 4062 4062 4062 4062 4062 4062
4387 1777281156 3550 3694 386 3644 3582 3625 3624 3592 4063 4063 4062 4062 4062 4062 4062 4062
4388 1777281156 3550 3694 387 3644 3582 3624 3624 3592 4063 4063 4062 4062 4062 4062 4062 4062
4389 1777281156 3549 3694 387 3644 3581 3624 3624 3592 4063 4063 4062 4062 4062 4062 4062 4062
4390 1777281156 3550 3694 387 3644 3582 3624 3624 3593 4061 4061 4061 4061 4061 4061 4061 4061
4391 1777281156 3549 3694 387 3644 3582 3624 3624 3592 4063 4063 4062 4062 4062 4062 4062 4062
4392 1777281156 3548 3693 388 3643 3582 3624 3624 3591 4063 4063 4063 4063 4063 4063 4063 4063
4393 1777281156 3550 3694 387 3644 3582 3623 3623 3592 4063 4063 4062 4062 4062 4062 4062 4062
4394 1777281156 3550 3694 387 3644 3582 3625 3625 3593 4063 4063 4063 4063 4063 4063 4063 4063
4395 1777281156 3550 3694 387 3644 3582 3624 3624 3593 4063 4063 4062 4062 4062 4062 4062 4062
4396 1777281156 3550 3694 387 3644 3582 3624 3624 3592 4065 4063 4063 4063 4063 4063 4063 4063
4397 1777281156 3549 3694 387 3644 3582 3624 3624 3592 4063 4063 4062 4062 4062 4062 4062 4062
4398 1777281156 3550 3694 387 3644 3582 3624 3624 3592 4063 4063 4062 4062 4062 4062 4062 4062
4399 1777281156 3550 3695 387 3644 3582 3624 3624 3593 4063 4063 4062 4062 4062 4062 4062 4062
4400 1777281156 3550 3695 386 3643 3582 3624 3624 3592 4063 4061 4061 4061 4061 4061 4061 4061
4401 1777281156 3550 3694 387 3642 3582 3624 3624 3592 4063 4063 4062 4062 4062 4062 4062 4062
4402 1777281156 3550 3694 387 3644 3581 3624 3624 3592 4063 4063 4062 4062 4062 4062 4062 4062
4403 1777281157 3549 3694 387 3644 3581 3624 3625 3592 4063 4062 4062 4062 4062 4062 4062 4062
4404 1777281157 3550 3695 387 3644 3582 3624 3625 3592 4063 4063 4062 4062 4062 4062 4062 4062
4405 1777281157 3549 3693 387 3643 3581 3623 3623 3591 4061 4061 4061 4061 4061 4061 4061 4061
4406 1777281157 3549 3694 387 3643 3582 3624 3624 3592 4063 4063 4062 4062 4062 4062 4062 4062
4407 1777281157 3549 3694 387 3644 3582 3623 3624 3592 4063 4063 4063 4063 4063 4063 4063 4063
4408 1777281157 3550 3695 387 3645 3583 3624 3625 3592 4063 4063 4062 4062 4062 4062 4062 4062
4409 1777281157 3549 3694 387 3643 3582 3624 3624 3592 4063 4063 4062 4062 4062 4062 4062 4062
4410 1777281157 3549 3694 387 3643 3582 3624 3624 3592 4063 4063 4063 4063 4063 4063 4063 4063
4411 1777281157 3550 3695 387 3644 3582 3625 3625 3593 4063 4063 4063 4063 4063 4063 4063 4063
4412 1777281157 3550 3695 387 3644 3583 3624 3624 3592 4063 4063 4062 4062 4062 4062 4062 4062
4413 1777281157 3549 3694 387 3644 3582 3624 3624 3592 4063 4063 4062 4062 4062 4062 4062 4062
4414 1777281157 3550 3694 386 3643 3582 3623 3623 3591 4063 4063 4062 4062 4062 4062 4062 4062
4415 1777281157 3549 3694 387 3643 3581 3623 3624 3592 4063 4063 4062 4062 4062 4062 4062 4062
4416 1777281157 3550 3694 387 3643 3582 3624 3624 3592 4061 4061 4061 4061 4061 4061 4061 4061
4417 1777281157 3550 3694 387 3644 3582 3624 3625 3593 4063 4063 4063 4063 4063 4063 4063 4063
4418 1777281157 3551 3695 386 3645 3582 3625 3625 3592 4063 4063 4062 4062 4062 4062 4062 4062
4419 1777281157 3550 3694 387 3644 3582 3624 3624 3592 4063 4063 4062 4062 4062 4062 4062 4062
4420 1777281157 3550 3694 387 3643 3582 3624 3625 3592 4063 4063 4063 4063 4063 4063 4063 4063
4421 1777281157 3550 3695 387 3644 3582 3624 3625 3592 4063 4063 4063 4063 4063 4063 4063 4063
4422 1777281157 3550 3694 387 3644 3582 3624 3624 3592 4063 4063 4062 4062 4062 4062 4062 4062
4423 1777281157 3549 3694 387 3644 3582 3624 3624 3592 4063 4063 4062 4062 4062 4062 4062 4062
4424 1777281157 3549 3694 388 3643 3582 3624 3624 3592 4063 4063 4062 4062 4062 4062 4062 4062
4425 1777281157 3551 3695 387 3645 3583 3625 3625 3593 4061 4061 4061 4061 4061 4061 4061 4061
4426 1777281157 3549 3693 387 3643 3581 3623 3623 3592 4063 4063 4062 4062 4062 4062 4062 4062
4427 1777281157 3549 3693 388 3643 3581 3624 3624 3592 4063 4063 4062 4062 4062 4062 4062 4062
4428 1777281157 3549 3694 387 3644 3582 3624 3625 3592 4063 4063 4062 4062 4062 4062 4062 4062
4429 1777281157 3550 3694 387 3644 3583 3624 3624 3592 4061 4061 4060 4060 4060 4060 4060 4060
4430 1777281157 3549 3694 387 3643 3582 3624 3624 3592 4061 4061 4061 4061 4061 4061 4061 4061
4431 1777281157 3549 3694 387 3643 3581 3623 3623 3592 4063 4063 4062 4062 4062 4062 4062 4062
4432 1777281157 3552 3696 387 3646 3584 3625 3625 3593 4061 4061 4061 4061 4061 4061 4061 4061
4433 1777281157 3550 3695 387 3644 3582 3624 3624 3592 4063 4062 4062 4062 4062 4062 4062 4062
4434 1777281157 3549 3694 387 3644 3582 3624 3624 3592 4063 4063 4062 4062 4062 4062 4062 4062
4435 1777281157 3550 3695 386 3645 3583 3625 3625 3593 4063 4063 4062 4062 4062 4062 4062 4062
4436 1777281157 3550 3695 387 3645 3583 3625 3625 3593 4061 4061 4061 4061 4061 4061 4061 4061
4437 1777281157 3549 3694 387 3644 3582 3624 3625 3592 4061 4061 4061 4061 4061 4061 4061 4061
4438 1777281157 3550 3695 387 3644 3582 3624 3624 3593 4063 4063 4063 4063 4063 4063 4063 4063
4439 1777281157 3550 3694 387 3644 3582 3624 3624 3592 4063 4063 4062 4062 4062 4062 4062 4062
4440 1777281157 3550 3695 388 3644 3583 3624 3624 3592 4063 4063 4062 4062 4062 4062 4062 4062
4441 1777281157 3550 3695 387 3644 3582 3625 3624 3592 4063 4063 4063 4063 4063 4063 4063 4063
4442 1777281157 3550 3695 387 3645 3583 3625 3625 3593 4063 4063 4062 4062 4062 4062 4062 4062
4443 1777281157 3550 3694 387 3644 3582 3624 3624 3592 4063 4063 4063 4063 4063 4063 4063 4063
4444 1777281157 3550 3694 387 3644 3583 3624 3625 3593 4063 4063 4062 4062 4062 4062 4062 4062
4445 1777281157 3550 3695 387 3645 3582 3624 3625 3592 4063 4063 4062 4062 4062 4062 4062 4062
4446 1777281157 3550 3695 387 3644 3582 3624 3625 3593 4063 4063 4063 4063 4063 4063 4063 4063
4447 1777281157 3550 3694 387 3644 3582 3625 3625 3593 4063 4063 4062 4062 4062 4062 4062 4062
4448 1777281157 3550 3695 388 3643 3582 3624 3625 3593 4063 4063 4063 4063 4063 4063 4063 4063
4449 1777281157 3551 3695 387 3646 3583 3625 3625 3594 4063 4063 4062 4062 4062 4062 4062 4062
4450 1777281157 3549 3694 387 3644 3582 3624 3624 3593 4061 4061 4061 4061 4061 4061 4061 4061
4451 1777281157 3550 3695 387 3645 3583 3625 3625 3593 4063 4063 4062 4062 4062 4062 4062 4062
4452 1777281157 3550 3695 387 3644 3582 3625 3625 3593 4063 4063 4062 4062 4062 4062 4062 4062
4453 1777281157 3550 3694 387 3644 3583 3624 3624 3592 4063 4063 4062 4062 4062 4062 4062 4062
4454 1777281157 3550 3694 388 3644 3582 3624 3625 3593 4061 4061 4061 4061 4061 4061 4061 4061
4455 1777281157 3549 3694 389 3644 3582 3624 3624 3592 4063 4063 4062 4062 4062 4062 4062 4062
4456 1777281157 3551 3695 388 3644 3583 3624 3624 3592 4063 4063 4062 4062 4062 4062 4062 4062
4457 1777281157 3550 3695 388 3644 3582 3624 3624 3592 4063 4063 4063 4063 4063 4063 4063 4063
4458 1777281157 3550 3695 387 3645 3583 3625 3625 3593 4061 4061 4061 4061 4061 4061 4061 4061
4459 1777281157 3551 3695 388 3644 3582 3625 3625 3593 4063 4063 4062 4062 4062 4062 4062 4062
4460 1777281157 3550 3694 387 3645 3583 3625 3625 3593 4063 4063 4063 4063 4063 4063 4063 4063
4461 1777281157 3551 3695 387 3645 3583 3625 3625 3593 4061 4061 4061 4061 4061 4061 4061 4061
4462 1777281157 3551 3695 388 3645 3583 3625 3625 3593 4061 4061 4061 4061 4061 4061 4061 4061
4463 1777281157 3551 3695 387 3644 3582 3625 3625 3593 4063 4063 4062 4062 4062 4062 4062 4062
4464 1777281157 3549 3694 387 3643 3582 3624 3624 3592 4063 4063 4063 4063 4063 4063 4063 4063
4465 1777281157 3551 3695 387 3644 3582 3624 3625 3593 4063 4063 4062 4062 4062 4062 4062 4062
4466 1777281157 3550 3694 387 3644 3582 3624 3625 3592 4063 4063 4063 4063 4063 4063 4063 4063
4467 1777281158 3551 3695 387 3645 3583 3625 3625 3593 4061 4061 4061 4061 4061 4061 4061 4061
4468 1777281158 3551 3696 387 3645 3583 3625 3625 3594 4061 4061 4061 4061 4061 4061 4061 4061
4469 1777281158 3551 3695 387 3644 3583 3625 3624 3593 4063 4063 4062 4062 4062 4062 4062 4062
4470 1777281158 3551 3696 388 3645 3583 3625 3626 3594 4063 4063 4062 4062 4062 4062 4062 4062
4471 1777281158 3550 3695 387 3644 3582 3624 3625 3593 4063 4063 4062 4062 4062 4062 4062 4062
4472 1777281158 3551 3695 388 3645 3583 3625 3625 3593 4059 4059 4059 4059 4059 4059 4059 4059
4473 1777281158 3551 3696 387 3645 3583 3625 3625 3593 4063 4063 4062 4062 4062 4062 4062 4062
4474 1777281158 3551 3695 387 3645 3583 3625 3625 3593 4061 4061 4061 4061 4061 4061 4061 4061
4475 1777281158 3550 3694 388 3645 3582 3625 3625 3593 4063 4063 4062 4062 4062 4062 4062 4062
4476 1777281158 3550 3695 387 3644 3582 3625 3625 3593 4061 4061 4061 4061 4061 4061 4061 4061
4477 1777281158 3551 3695 387 3645 3583 3625 3625 3593 4061 4061 4061 4061 4061 4061 4061 4061
4478 1777281158 3550 3695 388 3644 3582 3624 3624 3592 4063 4063 4062 4062 4062 4062 4062 4062
4479 1777281158 3550 3695 388 3644 3583 3625 3625 3593 4063 4062 4062 4062 4062 4062 4062 4062
4480 1777281158 3550 3693 388 3643 3581 3624 3623 3592 4061 4061 4061 4061 4061 4061 4061 4061
4481 1777281158 3551 3696 387 3646 3584 3626 3626 3594 4063 4063 4062 4062 4062 4062 4062 4062
4482 1777281158 3551 3695 387 3645 3583 3625 3625 3593 4061 4061 4061 4061 4061 4061 4061 4061
4483 1777281158 3549 3694 388 3644 3582 3624 3625 3592 4061 4061 4061 4061 4061 4061 4061 4061
4484 1777281158 3550 3695 387 3645 3583 3625 3625 3593 4063 4063 4063 4063 4063 4063 4063 4063
4485 1777281158 3551 3695 387 3646 3584 3626 3626 3594 4063 4063 4062 4062 4062 4062 4062 4062
4486 1777281158 3551 3695 388 3645 3583 3625 3626 3594 4063 4063 4063 4063 4063 4063 4063 4063
4487 1777281158 3551 3695 388 3645 3583 3625 3626 3594 4063 4063 4063 4063 4063 4063 4063 4063
4488 1777281158 3551 3695 388 3645 3583 3625 3625 3592 4063 4063 4062 4062 4062 4062 4062 4062
4489 1777281158 3550 3695 387 3644 3583 3625 3625 3593 4063 4063 4062 4062 4062 4062 4062 4062
4490 1777281158 3550 3695 388 3644 3583 3625 3626 3594 4063 4063 4063 4063 4063 4063 4063 4063
4491 1777281158 3550 3694 387 3644 3582 3624 3624 3592 4063 4063 4062 4062 4062 4062 4062 4062
4492 1777281158 3549 3694 388 3644 3582 3624 3624 3592 4063 4063 4063 4063 4063 4063 4063 4063
4493 1777281158 3551 3695 387 3645 3583 3625 3625 3593 4063 4063 4062 4062 4062 4062 4062 4062
4494 1777281158 3550 3695 388 3645 3582 3625 3625 3593 4063 4063 4062 4062 4062 4062 4062 4062
4495 1777281158 3550 3694 388 3644 3582 3625 3624 3593 4063 4063 4063 4063 4063 4063 4063 4063
4496 1777281158 3550 3694 388 3643 3582 3624 3624 3592 4061 4061 4061 4061 4061 4061 4061 4061
4497 1777281158 3550 3694 387 3644 3582 3624 3625 3593 4063 4062 4062 4062 4062 4062 4062 4062
4498 1777281158 3551 3696 387 3645 3583 3625 3626 3594 4063 4063 4062 4062 4062 4062 4062 4062
4499 1777281158 3550 3694 387 3644 3583 3624 3625 3593 4063 4062 4062 4062 4062 4062 4062 4062
4500 1777281158 3550 3694 388 3644 3582 3625 3625 3593 4063 4063 4063 4063 4063 4063 4063 4063
4501 1777281158 3550 3695 388 3645 3582 3625 3625 3592 4063 4063 4062 4062 4062 4062 4062 4062
4502 1777281158 3553 3698 387 3647 3585 3627 1392 1690 4061 4061 4061 4061 4061 4061 4061 4061
4503 1777281158 3551 3695 388 3644 3583 3625 3624 3593 4063 4063 4063 4063 4063 4063 4063 4063
4504 1777281158 3551 3696 388 3645 3584 3626 3626 3594 4063 4063 4062 4062 4062 4062 4062 4062
4505 1777281158 3549 3694 388 3644 3582 3624 3624 3592 4061 4061 4061 4061 4061 4061 4061 4061
4506 1777281158 3550 3694 388 3644 3582 3625 3624 3591 4063 4063 4062 4062 4062 4062 4062 4062
4507 1777281158 3551 3696 387 3645 3583 3625 3625 3593 4061 4061 4061 4061 4061 4061 4061 4061
4508 1777281158 3550 3694 388 3644 3582 3624 3625 3592 4061 4061 4061 4061 4061 4061 4061 4061
4509 1777281158 3553 3697 388 3647 3585 3627 3627 3595 4063 4063 4063 4063 4063 4063 4063 4063
4510 1777281158 3551 3696 387 3645 3583 3625 3625 3594 4063 4063 4062 4062 4062 4062 4062 4062
4511 1777281158 3551 3695 387 3644 3583 3625 3625 3593 4063 4063 4062 4062 4062 4062 4062 4062
4512 1777281158 3551 3695 388 3645 3583 3625 3624 3593 4063 4063 4062 4062 4062 4062 4062 4062
4513 1777281158 3550 3695 387 3644 3583 3624 3625 3592 4063 4063 4062 4062 4062 4062 4062 4062
4514 1777281158 3550 3695 387 3645 3582 3624 3624 3593 4063 4063 4062 4062 4062 4062 4062 4062
4515 1777281158 3551 3695 387 3645 3583 3625 3625 3593 4063 4063 4062 4062 4062 4062 4062 4062
4516 1777281158 3551 3695 388 3645 3583 3624 3625 3593 4063 4063 4063 4063 4063 4063 4063 4063
4517 1777281158 3552 3697 387 3646 3584 3626 3626 3594 4061 4061 4061 4061 4061 4061 4061 4061
4518 1777281158 3550 3695 388 3645 3583 3626 3626 3594 4063 4063 4062 4062 4062 4062 4062 4062
4519 1777281158 3550 3694 389 3644 3583 3625 3625 3593 4065 4063 4063 4063 4063 4063 4063 4063
4520 1777281158 3551 3696 388 3645 3584 3626 3626 3594 4063 4061 4061 4061 4061 4061 4061 4061
4521 1777281158 3550 3694 388 3644 3582 3624 3624 3592 4063 4063 4062 4062 4062 4062 4062 4062
4522 1777281158 3550 3695 388 3645 3582 3625 3625 3593 4063 4063 4062 4062 4062 4062 4062 4062
4523 1777281158 3550 3695 387 3644 3583 3625 3625 3593 4063 4063 4062 4062 4062 4062 4062 4062
4524 1777281158 3551 3696 388 3645 3583 3625 3625 3593 4063 4063 4063 4063 4063 4063 4063 4063
4525 1777281158 3550 3695 388 3645 3583 3625 3625 3594 4063 4063 4063 4063 4063 4063 4063 4063
4526 1777281158 3551 3696 388 3645 3583 3625 3625 3594 4063 4063 4063 4063 4063 4063 4063 4063
4527 1777281158 3550 3694 388 3644 3583 3625 3625 3592 4061 4061 4061 4061 4061 4061 4061 4061
4528 1777281158 3551 3695 388 3643 3583 3625 3625 3593 4063 4063 4062 4062 4062 4062 4062 4062
4529 1777281158 3550 3695 388 3644 3582 3625 3625 3593 4063 4063 4063 4063 4063 4063 4063 4063
4530 1777281158 3550 3695 388 3644 3583 3624 3625 3593 4063 4063 4063 4063 4063 4063 4063 4063
4531 1777281158 3551 3695 388 3644 3583 3625 3625 3593 4061 4061 4061 4061 4061 4061 4061 4061
4532 1777281158 3550 3695 388 3644 3582 3624 3625 3593 4063 4063 4062 4062 4062 4062 4062 4062
4533 1777281158 3550 3695 388 3645 3583 3625 3625 3593 4063 4063 4063 4063 4063 4063 4063 4063
4534 1777281158 3551 3695 388 3645 3583 3625 3626 3594 4063 4063 4062 4062 4062 4062 4062 4062
4535 1777281158 3551 3695 388 3645 3583 3625 3625 3593 4063 4063 4063 4063 4063 4063 4063 4063
4536 1777281158 3551 3696 388 3645 3583 3624 3625 3593 4061 4061 4061 4061 4061 4061 4061 4061
4537 1777281158 3551 3695 388 3644 3582 3625 3625 3593 4063 4063 4063 4063 4063 4063 4063 4063
4538 1777281158 3550 3694 388 3644 3582 3624 3625 3593 4063 4063 4062 4062 4062 4062 4062 4062
4539 1777281158 3552 3696 388 3645 3583 3626 3625 3594 4063 4063 4062 4062 4062 4062 4062 4062
4540 1777281158 3552 3696 387 3645 3583 3625 3625 3593 4063 4063 4063 4063 4063 4063 4063 4063
4541 1777281158 3551 3696 387 3646 3583 3626 3626 3594 4063 4063 4063 4063 4063 4063 4063 4063
4542 1777281158 3550 3695 388 3645 3583 3625 3625 3593 4061 4061 4061 4061 4061 4061 4061 4061
4543 1777281159 3550 3695 388 3644 3582 3625 3625 3593 4061 4061 4061 4061 4061 4061 4061 4061
4544 1777281159 3551 3696 388 3645 3583 3625 3626 3594 4065 4063 4063 4063 4063 4063 4063 4063
4545 1777281159 3551 3695 388 3645 3583 3625 3625 3594 4063 4063 4062 4062 4062 4062 4062 4062
4546 1777281159 3550 3695 388 3644 3582 3624 3624 3592 4063 4063 4063 4063 4063 4063 4063 4063
4547 1777281159 3551 3696 388 3644 3583 3625 3625 3593 4063 4063 4062 4062 4062 4062 4062 4062
4548 1777281159 3551 3696 387 3645 3583 3625 3625 3593 4063 4063 4063 4063 4063 4063 4063 4063
4549 1777281159 3551 3695 387 3644 3583 3625 3625 3593 4063 4063 4062 4062 4062 4062 4062 4062
4550 1777281159 3551 3696 388 3645 3584 3625 3626 3593 4061 4061 4061 4061 4061 4061 4061 4061
4551 1777281159 3551 3695 389 3644 3583 3624 3624 3592 4061 4061 4061 4061 4061 4061 4061 4061
4552 1777281159 3551 3696 388 3645 3584 3625 3626 3594 4063 4063 4063 4063 4063 4063 4063 4063
4553 1777281159 3550 3695 388 3644 3582 3624 3625 3593 4063 4063 4062 4062 4062 4062 4062 4062
4554 1777281159 3551 3695 388 3645 3583 3625 3625 3593 4063 4063 4062 4062 4062 4062 4062 4062
4555 1777281159 3552 3696 388 3646 3584 3626 3626 3594 4063 4063 4062 4062 4062 4062 4062 4062
4556 1777281159 3550 3695 388 3644 3582 3625 3624 3592 4063 4063 4062 4062 4062 4062 4062 4062
4557 1777281159 3551 3695 388 3645 3583 3624 3624 3593 4061 4061 4061 4061 4061 4061 4061 4061
4558 1777281159 3551 3695 388 3645 3583 3625 3625 3594 4063 4063 4062 4062 4062 4062 4062 4062
4559 1777281159 3550 3695 388 3644 3583 3625 3625 3593 4061 4061 4060 4060 4060 4060 4060 4060
4560 1777281159 3551 3696 388 3645 3583 3625 3625 3593 4063 4063 4062 4062 4062 4062 4062 4062
4561 1777281159 3551 3696 388 3645 3583 3625 3626 3594 4063 4063 4062 4062 4062 4062 4062 4062
4562 1777281159 3551 3695 388 3645 3584 3625 3626 3594 4063 4063 4062 4062 4062 4062 4062 4062
4563 1777281159 3551 3696 387 3645 3583 3625 3625 3593 4063 4063 4063 4063 4063 4063 4063 4063
4564 1777281159 3552 3696 388 3646 3583 3625 3626 3593 4061 4061 4061 4061 4061 4061 4061 4061
4565 1777281159 3550 3695 388 3645 3583 3625 3625 3594 4063 4063 4062 4062 4062 4062 4062 4062
4566 1777281159 3550 3696 388 3645 3583 3625 3626 3594 4063 4063 4062 4062 4062 4062 4062 4062
4567 1777281159 3551 3696 389 3645 3584 3626 3626 3593 4063 4063 4062 4062 4062 4062 4062 4062
4568 1777281159 3551 3695 388 3645 3583 3625 3625 3593 4063 4063 4062 4062 4062 4062 4062 4062
4569 1777281159 3551 3696 388 3646 3584 3626 3626 3594 4063 4063 4063 4063 4063 4063 4063 4063
4570 1777281159 3550 3694 388 3645 3583 3624 3625 3592 4063 4063 4062 4062 4062 4062 4062 4062
4571 1777281159 3551 3695 388 3645 3583 3625 3625 3593 4063 4063 4062 4062 4062 4062 4062 4062
4572 1777281159 3551 3696 388 3645 3583 3625 3626 3594 4061 4061 4061 4061 4061 4061 4061 4061
4573 1777281159 3551 3695 388 3645 3583 3626 3626 3594 4063 4063 4062 4062 4062 4062 4062 4062
4574 1777281159 3551 3695 388 3644 3583 3625 3625 3593 4063 4062 4062 4062 4062 4062 4062 4062
4575 1777281159 3551 3695 388 3645 3583 3625 3625 3593 4063 4063 4062 4062 4062 4062 4062 4062
4576 1777281159 3555 3700 388 3649 3588 3630 3629 3597 4065 4063 4063 4063 4063 4063 4063 4063
4577 1777281159 3551 3695 388 3645 3583 3625 3626 3594 4063 4063 4063 4063 4063 4063 4063 4063
4578 1777281159 3551 3695 388 3645 3583 3625 3626 3593 4061 4061 4061 4061 4061 4061 4061 4061
4579 1777281159 3551 3696 388 3645 3583 3625 3625 3593 4061 4061 4061 4061 4061 4061 4061 4061
4580 1777281159 3552 3696 388 3646 3584 3626 3627 3594 4063 4063 4062 4062 4062 4062 4062 4062
4581 1777281159 3551 3696 388 3646 3584 3626 3626 3594 4063 4063 4062 4062 4062 4062 4062 4062
4582 1777281159 3551 3695 390 3645 3583 3625 3625 3593 4061 4061 4061 4061 4061 4061 4061 4061
4583 1777281159 3551 3696 389 3645 3583 3625 3626 3594 4063 4063 4062 4062 4062 4062 4062 4062
4584 1777281159 3551 3696 388 3645 3584 3626 3626 3594 4063 4063 4063 4063 4063 4063 4063 4063
4585 1777281159 3551 3696 388 3646 3583 3626 3626 3594 4063 4063 4062 4062 4062 4062 4062 4062
4586 1777281159 3551 3696 388 3645 3584 3626 3626 3594 4059 4059 4059 4059 4059 4059 4059 4059
4587 1777281159 3550 3695 389 3644 3582 3624 3624 3593 4063 4063 4062 4062 4062 4062 4062 4062
4588 1777281159 3548 3693 387 3642 3581 3623 3623 3591 4063 4063 4062 4062 4062 4062 4062 4062
4589 1777281159 3550 3695 387 3644 3582 3624 3625 3593 4063 4063 4062 4062 4062 4062 4062 4062
4590 1777281159 3548 3693 386 3643 3582 3623 3623 3591 4063 4063 4062 4062 4062 4062 4062 4062
4591 1777281159 3549 3693 387 3643 3581 3623 3623 3591 4061 4061 4061 4061 4061 4061 4061 4061
4592 1777281159 3549 3693 386 3643 3581 3623 3623 3591 4063 4063 4062 4062 4062 4062 4062 4062
4593 1777281159 3550 3694 387 3642 3582 3624 3624 3592 4063 4063 4063 4063 4063 4063 4063 4063
4594 1777281159 3549 3693 386 3643 3581 3624 3623 3592 4063 4063 4063 4063 4063 4063 4063 4063
4595 1777281159 3549 3694 386 3643 3581 3623 3623 3591 4061 4061 4061 4061 4061 4061 4061 4061
4596 1777281159 3550 3694 386 3644 3582 3624 3624 3592 4063 4062 4062 4062 4062 4062 4062 4062
4597 1777281159 3549 3693 387 3643 3582 3623 3624 3592 4063 4063 4063 4063 4063 4063 4063 4063
4598 1777281159 3550 3695 386 3644 3582 3625 3625 3593 4061 4061 4061 4061 4061 4061 4061 4061
4599 1777281159 3549 3694 387 3644 3582 3624 3624 3592 4061 4061 4061 4061 4061 4061 4061 4061
4600 1777281159 3549 3693 388 3643 3581 3623 3624 3591 4063 4063 4062 4062 4062 4062 4062 4062
4601 1777281159 3549 3694 387 3643 3581 3623 3623 3591 4063 4063 4063 4063 4063 4063 4063 4063
4602 1777281159 3550 3694 386 3643 3582 3624 3624 3592 4061 4061 4061 4061 4061 4061 4061 4061
4603 1777281159 3549 3693 386 3643 3581 3623 3624 3592 4063 4063 4063 4063 4063 4063 4063 4063
4604 1777281159 3550 3694 386 3643 3581 3623 3623 3592 4063 4063 4063 4063 4063 4063 4063 4063
4605 1777281159 3551 3695 387 3644 3582 3624 3624 3592 4061 4061 4061 4061 4061 4061 4061 4061
4606 1777281159 3550 3694 386 3644 3582 3624 3625 3592 4063 4063 4063 4063 4063 4063 4063 4063
4607 1777281159 3549 3694 386 3644 3582 3624 3625 3593 4061 4061 4061 4061 4061 4061 4061 4061
4608 1777281159 3550 3694 387 3643 3582 3624 3624 3592 4063 4063 4062 4062 4062 4062 4062 4062
4609 1777281159 3549 3694 387 3644 3581 3624 3624 3592 4063 4063 4062 4062 4062 4062 4062 4062
4610 1777281159 3549 3694 386 3643 3581 3622 3623 3591 4063 4063 4063 4063 4063 4063 4063 4063
4611 1777281159 3549 3693 387 3644 3581 3624 3624 3592 4063 4063 4062 4062 4062 4062 4062 4062
4612 1777281159 3550 3694 386 3644 3582 3624 3624 3592 4063 4063 4062 4062 4062 4062 4062 4062
4613 1777281159 3550 3695 387 3644 3583 3624 3624 3592 4061 4061 4061 4061 4061 4061 4061 4061
4614 1777281159 3549 3694 386 3643 3582 3624 3624 3592 4063 4062 4062 4062 4062 4062 4062 4062
4615 1777281159 3549 3694 386 3644 3582 3624 3624 3592 4061 4061 4061 4061 4061 4061 4061 4061
4616 1777281159 3551 3696 386 3645 3583 1678 1412 3593 4063 4063 4062 4062 4062 4062 4062 4062
4617 1777281159 3550 3695 387 3644 3582 3624 3624 3592 4063 4063 4063 4063 4063 4063 4063 4063
4618 1777281159 3549 3694 386 3643 3581 3624 3624 3592 4063 4063 4062 4062 4062 4062 4062 4062
4619 1777281160 3549 3694 386 3644 3582 3624 3625 3593 4061 4061 4061 4061 4061 4061 4061 4061
4620 1777281160 3550 3694 387 3644 3582 3624 3625 3592 4063 4063 4062 4062 4062 4062 4062 4062
4621 1777281160 3550 3694 387 3644 3582 3624 3624 3592 4063 4063 4063 4063 4063 4063 4063 4063
4622 1777281160 3550 3694 387 3644 3581 3624 3624 3592 4061 4061 4061 4061 4061 4061 4061 4061
4623 1777281160 3550 3694 387 3644 3582 3624 3624 3592 4063 4063 4062 4062 4062 4062 4062 4062
4624 1777281160 3549 3694 387 3643 3581 3623 3624 3591 4065 4063 4063 4063 4063 4063 4063 4063
4625 1777281160 3549 3694 387 3642 3581 3623 3624 3592 4061 4061 4061 4061 4061 4061 4061 4061
4626 1777281160 3550 3694 386 3643 3581 3624 3624 3592 4061 4061 4061 4061 4061 4061 4061 4061
4627 1777281160 3549 3694 387 3643 3582 3624 3624 3592 4063 4063 4062 4062 4062 4062 4062 4062
4628 1777281160 3550 3694 388 3643 3581 3624 3624 3592 4063 4063 4062 4062 4062 4062 4062 4062
4629 1777281160 3550 3694 387 3644 3582 3624 3624 3592 4063 4063 4062 4062 4062 4062 4062 4062
4630 1777281160 3550 3695 386 3645 3583 3625 3625 3593 4063 4063 4063 4063 4063 4063 4063 4063
4631 1777281160 3550 3695 387 3644 3582 3624 3624 3592 4063 4061 4061 4061 4061 4061 4061 4061
4632 1777281160 3550 3695 386 3643 3581 3624 3623 3591 4063 4063 4062 4062 4062 4062 4062 4062
4633 1777281160 3549 3694 387 3644 3582 3624 3625 3593 4061 4061 4061 4061 4061 4061 4061 4061
4634 1777281160 3550 3694 386 3644 3582 3624 3624 3592 4063 4063 4063 4063 4063 4063 4063 4063
4635 1777281160 3550 3695 387 3644 3582 3624 3625 3593 4061 4061 4061 4061 4061 4061 4061 4061
4636 1777281160 3550 3694 387 3644 3582 3624 3624 3592 4061 4061 4061 4061 4061 4061 4061 4061
4637 1777281160 3549 3694 387 3644 3581 3623 3624 3591 4061 4061 4061 4061 4061 4061 4061 4061
4638 1777281160 3550 3694 386 3644 3582 3625 3624 3593 4063 4063 4063 4063 4063 4063 4063 4063
4639 1777281160 3549 3693 387 3643 3581 3624 3624 3592 4063 4063 4062 4062 4062 4062 4062 4062
4640 1777281160 3551 3695 387 3645 3583 3625 3625 3593 4063 4063 4063 4063 4063 4063 4063 4063
4641 1777281160 3550 3695 387 3644 3582 3624 3624 3592 4063 4063 4063 4063 4063 4063 4063 4063
4642 1777281160 3551 3696 386 3645 3583 3624 3625 3593 4063 4063 4063 4063 4063 4063 4063 4063
4643 1777281160 3550 3695 387 3644 3582 3624 3625 3592 4063 4063 4062 4062 4062 4062 4062 4062
4644 1777281160 3550 3695 387 3644 3582 3624 3624 3593 4061 4061 4061 4061 4061 4061 4061 4061
4645 1777281160 3550 3694 387 3644 3582 3625 3625 3593 4061 4061 4061 4061 4061 4061 4061 4061
4646 1777281160 3550 3694 386 3645 3583 3624 3624 3592 4063 4063 4062 4062 4062 4062 4062 4062
4647 1777281160 3549 3694 387 3643 3581 3624 3624 3592 4061 4061 4061 4061 4061 4061 4061 4061
4648 1777281160 3550 3695 388 3643 3582 3624 3625 3592 4063 4063 4062 4062 4062 4062 4062 4062
4649 1777281160 3550 3695 387 3644 3582 3624 3624 3593 4063 4063 4062 4062 4062 4062 4062 4062
4650 1777281160 3549 3694 386 3644 3582 3624 3624 3592 4061 4061 4061 4061 4061 4061 4061 4061
4651 1777281160 3551 3695 387 3645 3583 3625 3625 3593 4063 4063 4062 4062 4062 4062 4062 4062
4652 1777281160 3551 3695 387 3645 3583 3625 3625 3593 4063 4063 4063 4063 4063 4063 4063 4063
4653 1777281160 3550 3695 387 3644 3583 3625 3625 3593 4061 4061 4061 4061 4061 4061 4061 4061
4654 1777281160 3550 3695 386 3644 3582 3624 3624 3592 4063 4063 4062 4062 4062 4062 4062 4062
4655 1777281160 3550 3695 387 3644 3583 3625 3625 3593 4061 4061 4061 4061 4061 4061 4061 4061
4656 1777281160 3550 3695 386 3643 3582 3624 3624 3592 4061 4061 4061 4061 4061 4061 4061 4061
4657 1777281160 3550 3694 387 3644 3582 3624 3624 3592 4063 4063 4062 4062 4062 4062 4062 4062
4658 1777281160 3550 3695 387 3644 3582 3624 3624 3592 4063 4063 4062 4062 4062 4062 4062 4062
4659 1777281160 3549 3694 387 3644 3582 3624 3624 3592 4061 4061 4061 4061 4061 4061 4061 4061
4660 1777281160 3549 3694 387 3643 3582 3624 3624 3592 4063 4063 4062 4062 4062 4062 4062 4062
4661 1777281160 3549 3694 387 3643 3582 3624 3624 3593 4063 4061 4061 4061 4061 4061 4061 4061
4662 1777281160 3549 3694 387 3643 3581 3624 3624 3592 4061 4061 4061 4061 4061 4061 4061 4061
4663 1777281160 3549 3693 387 3643 3581 3623 3623 3592 4063 4063 4062 4062 4062 4062 4062 4062
4664 1777281160 3549 3694 388 3643 3582 3624 3624 3592 4063 4063 4062 4062 4062 4062 4062 4062
4665 1777281160 3551 3695 387 3644 3583 3625 3625 3593 4061 4061 4061 4061 4061 4061 4061 4061
4666 1777281160 3550 3695 387 3644 3582 3624 3625 3592 4063 4063 4062 4062 4062 4062 4062 4062
4667 1777281160 3550 3694 387 3644 3582 3624 3624 3593 4063 4063 4063 4063 4063 4063 4063 4063
4668 1777281160 3549 3694 387 3644 3582 3624 3624 3591 4061 4061 4060 4060 4060 4060 4060 4060
4669 1777281160 3550 3695 387 3645 3582 3624 3625 3592 4063 4063 4062 4062 4062 4062 4062 4062
4670 1777281160 3549 3694 387 3644 3582 3624 3624 3592 4063 4063 4062 4062 4062 4062 4062 4062
4671 1777281160 3549 3694 387 3644 3581 3624 3624 3591 4063 4063 4062 4062 4062 4062 4062 4062
4672 1777281160 3550 3695 387 3645 3582 3625 3625 3593 4063 4063 4062 4062 4062 4062 4062 4062
4673 1777281160 3550 3695 387 3645 3583 3625 3625 3593 4063 4063 4062 4062 4062 4062 4062 4062
4674 1777281160 3549 3694 387 3643 3582 3624 3624 3592 4061 4061 4061 4061 4061 4061 4061 4061
4675 1777281160 3549 3695 387 3644 3583 3624 3624 3592 4061 4061 4061 4061 4061 4061 4061 4061
4676 1777281160 3550 3695 388 3644 3582 3624 3625 3592 4061 4061 4061 4061 4061 4061 4061 4061
4677 1777281160 3550 3695 387 3644 3583 3624 3624 3593 4061 4061 4061 4061 4061 4061 4061 4061
4678 1777281160 3550 3694 387 3644 3582 3624 3625 3593 4063 4063 4062 4062 4062 4062 4062 4062
4679 1777281160 3550 3694 387 3644 3582 3625 3625 3592 4061 4061 4061 4061 4061 4061 4061 4061
4680 1777281160 3550 3694 388 3644 3582 3624 3624 3593 4063 4062 4062 4062 4062 4062 4062 4062
4681 1777281160 3551 3695 387 3644 3583 3624 3625 3593 4063 4063 4062 4062 4062 4062 4062 4062
4682 1777281160 3551 3696 387 3645 3583 3625 3625 3593 4063 4063 4062 4062 4062 4062 4062 4062
4683 1777281160 3549 3694 387 3644 3582 3624 3624 3592 4061 4061 4061 4061 4061 4061 4061 4061
4684 1777281160 3551 3696 387 3645 3583 3625 3625 3593 4061 4061 4061 4061 4061 4061 4061 4061
4685 1777281160 3549 3694 387 3644 3582 3624 3624 3593 4063 4063 4062 4062 4062 4062 4062 4062
4686 1777281160 3550 3694 388 3644 3583 3625 3625 3594 4061 4061 4061 4061 4061 4061 4061 4061
4687 1777281160 3550 3695 387 3644 3583 3625 3626 3593 4061 4061 4061 4061 4061 4061 4061 4061
4688 1777281160 3551 3695 387 3645 3583 3625 3625 3593 4063 4063 4063 4063 4063 4063 4063 4063
4689 1777281160 3551 3696 387 3646 3583 3626 3626 3594 4063 4062 4062 4062 4062 4062 4062 4062
4690 1777281160 3550 3694 387 3644 3582 3624 3624 3592 4063 4063 4062 4062 4062 4062 4062 4062
4691 1777281160 3551 3695 387 3645 3583 3625 3625 3593 4061 4061 4061 4061 4061 4061 4061 4061
4692 1777281160 3550 3695 388 3644 3583 3625 3625 3593 4063 4063 4063 4063 4063 4063 4063 4063
4693 1777281161 3551 3696 387 3646 3584 3626 3626 3594 4063 4063 4062 4062 4062 4062 4062 4062
4694 1777281161 3551 3695 387 3645 3583 3625 3624 3592 4061 4061 4061 4061 4061 4061 4061 4061
4695 1777281161 3550 3694 387 3644 3582 3624 3624 3592 4063 4061 4061 4061 4061 4061 4061 4061
4696 1777281161 3551 3695 387 3645 3583 3625 3625 3593 4063 4063 4062 4062 4062 4062 4062 4062
4697 1777281161 3551 3695 387 3645 3583 3626 3626 3593 4063 4063 4063 4063 4063 4063 4063 4063
4698 1777281161 3550 3694 387 3645 3582 3625 3624 3592 4063 4063 4062 4062 4062 4062 4062 4062
4699 1777281161 3550 3695 387 3645 3583 3625 3625 3593 4063 4063 4062 4062 4062 4062 4062 4062
4700 1777281161 3551 3696 388 3645 3583 3625 3625 3593 4063 4063 4062 4062 4062 4062 4062 4062
4701 1777281161 3551 3696 387 3646 3584 3626 3626 3594 4063 4063 4063 4063 4063 4063 4063 4063
4702 1777281161 3551 3695 388 3645 3583 3626 3626 3594 4063 4063 4062 4062 4062 4062 4062 4062
4703 1777281161 3550 3695 387 3644 3582 3624 3625 3593 4059 4059 4059 4059 4059 4059 4059 4059
4704 1777281161 3550 3694 388 3644 3582 3624 3624 3592 4063 4063 4062 4062 4062 4062 4062 4062
4705 1777281161 3550 3695 387 3644 3582 3625 3625 3592 4063 4063 4063 4063 4063 4063 4063 4063
4706 1777281161 3550 3694 387 3644 3582 3624 3624 3593 4061 4061 4061 4061 4061 4061 4061 4061
4707 1777281161 3550 3695 388 3644 3583 3625 3625 3593 4061 4061 4061 4061 4061 4061 4061 4061
4708 1777281161 3550 3694 387 3644 3582 3624 3624 3592 4063 4063 4062 4062 4062 4062 4062 4062
4709 1777281161 3550 3695 387 3644 3583 3625 3625 3593 4061 4061 4061 4061 4061 4061 4061 4061
4710 1777281161 3550 3694 390 3644 3582 3624 3625 3593 4063 4063 4062 4062 4062 4062 4062 4062
4711 1777281161 3551 3695 389 3645 3583 3625 3625 3593 4063 4063 4062 4062 4062 4062 4062 4062
4712 1777281161 3550 3694 388 3644 3582 3624 3624 3592 4061 4061 4061 4061 4061 4061 4061 4061
4713 1777281161 3550 3695 387 3645 3583 3624 3625 3592 4063 4063 4062 4062 4062 4062 4062 4062
4714 1777281161 3550 3695 388 3644 3582 3624 3625 3593 4063 4063 4062 4062 4062 4062 4062 4062
4715 1777281161 3549 3693 388 3644 3582 3624 3624 3592 4061 4061 4061 4061 4061 4061 4061 4061
4716 1777281161 3550 3695 388 3645 3582 3625 3625 3593 4063 4063 4062 4062 4062 4062 4062 4062
4717 1777281161 3550 3695 387 3645 3582 3624 3625 3592 4063 4063 4062 4062 4062 4062 4062 4062
4718 1777281161 3550 3694 388 3644 3582 3624 3624 3592 4061 4061 4061 4061 4061 4061 4061 4061
4719 1777281161 3551 3695 387 3644 3583 3625 3625 3593 4061 4061 4061 4061 4061 4061 4061 4061
4720 1777281161 3550 3695 388 3643 3583 3625 3625 3593 4061 4061 4061 4061 4061 4061 4061 4061
4721 1777281161 3550 3695 387 3645 3583 3625 3625 3593 4063 4063 4063 4063 4063 4063 4063 4063
4722 1777281161 3550 3694 387 3645 3582 3624 3625 3593 4063 4063 4063 4063 4063 4063 4063 4063
4723 1777281161 3551 3695 387 3645 3583 3625 3625 3593 4063 4063 4062 4062 4062 4062 4062 4062
4724 1777281161 3550 3695 387 3645 3583 3625 3625 3593 4061 4061 4061 4061 4061 4061 4061 4061
4725 1777281161 3550 3695 387 3644 3582 3624 3624 3592 4063 4063 4063 4063 4063 4063 4063 4063
4726 1777281161 3551 3697 387 3645 3583 3626 3625 3594 4063 4063 4062 4062 4062 4062 4062 4062
4727 1777281161 3551 3695 387 3644 3582 3625 3625 3593 4063 4062 4062 4062 4062 4062 4062 4062
4728 1777281161 3550 3695 388 3645 3583 3626 3626 3593 4063 4063 4063 4063 4063 4063 4063 4063
4729 1777281161 3550 3694 387 3644 3582 3625 3625 3593 4061 4061 4061 4061 4061 4061 4061 4061
4730 1777281161 3550 3695 387 3644 3583 3624 3625 3593 4061 4061 4061 4061 4061 4061 4061 4061
4731 1777281161 3550 3695 387 3644 3582 3625 3625 3593 4063 4063 4063 4063 4063 4063 4063 4063
4732 1777281161 3551 3696 388 3645 3583 3624 3625 3593 4063 4063 4063 4063 4063 4063 4063 4063
4733 1777281161 3550 3695 387 3645 3583 3625 3625 3593 4061 4061 4061 4061 4061 4061 4061 4061
4734 1777281161 3552 3696 387 3645 3584 3626 3626 3594 4063 4063 4062 4062 4062 4062 4062 4062
4735 1777281161 3550 3694 388 3644 3583 3624 3625 3593 4063 4063 4063 4063 4063 4063 4063 4063
4736 1777281161 3550 3695 388 3644 3582 3625 3625 3593 4063 4063 4062 4062 4062 4062 4062 4062
4737 1777281161 3552 3697 387 3646 3585 3627 3627 1691 4063 4062 4062 4062 4062 4062 4062 4062
4738 1777281161 3551 3696 387 3645 3583 3625 3625 3593 4063 4063 4062 4062 4062 4062 4062 4062
4739 1777281161 3551 3695 388 3644 3582 3625 3625 3593 4063 4063 4062 4062 4062 4062 4062 4062
4740 1777281161 3551 3695 387 3645 3583 3625 3625 3593 4061 4061 4061 4061 4061 4061 4061 4061
4741 1777281161 3551 3695 387 3645 3583 3625 3625 3593 4063 4063 4062 4062 4062 4062 4062 4062
4742 1777281161 3551 3696 387 3645 3583 3626 3626 3593 4059 4059 4059 4059 4059 4059 4059 4059
4743 1777281161 3550 3695 388 3644 3583 3625 3625 3593 4063 4063 4062 4062 4062 4062 4062 4062
4744 1777281161 3551 3696 388 3645 3583 3626 3626 3594 4063 4063 4062 4062 4062 4062 4062 4062
4745 1777281161 3551 3695 388 3645 3583 3625 3625 3594 4063 4063 4063 4063 4063 4063 4063 4063
4746 1777281161 3549 3694 388 3644 3582 3624 3625 3592 4063 4063 4062 4062 4062 4062 4062 4062
4747 1777281161 3551 3695 387 3644 3583 3624 3625 3593 4063 4063 4063 4063 4063 4063 4063 4063
4748 1777281161 3551 3695 388 3645 3582 3624 3625 3593 4063 4063 4062 4062 4062 4062 4062 4062
4749 1777281161 3550 3695 388 3645 3582 3624 3624 3593 4063 4062 4062 4062 4062 4062 4062 4062
4750 1777281161 3550 3695 388 3644 3583 3625 3624 3592 4063 4063 4062 4062 4062 4062 4062 4062
4751 1777281161 3550 3694 387 3644 3582 3624 3624 3592 4063 4063 4062 4062 4062 4062 4062 4062
4752 1777281161 3552 3696 388 3646 3584 3626 3626 3594 4063 4063 4062 4062 4062 4062 4062 4062
4753 1777281161 3551 3696 388 3645 3583 3625 3625 3594 4061 4061 4061 4061 4061 4061 4061 4061
4754 1777281161 3550 3695 387 3644 3582 3624 3625 3593 4063 4063 4062 4062 4062 4062 4062 4062
4755 1777281161 3551 3695 388 3645 3583 3625 3626 3593 4063 4063 4062 4062 4062 4062 4062 4062
4756 1777281161 3551 3696 387 3645 3583 3626 3626 3594 4063 4063 4062 4062 4062 4062 4062 4062
4757 1777281161 3551 3695 387 3645 3583 3624 3624 3593 4063 4063 4062 4062 4062 4062 4062 4062
4758 1777281161 3550 3695 388 3645 3583 3625 3625 3593 4063 4063 4063 4063 4063 4063 4063 4063
4759 1777281161 3551 3696 387 3645 3583 3625 3625 3593 4063 4063 4062 4062 4062 4062 4062 4062
4760 1777281161 3550 3695 388 3645 3583 3625 3625 3593 4063 4063 4062 4062 4062 4062 4062 4062
4761 1777281161 3551 3695 387 3645 3583 3625 3625 3593 4063 4063 4062 4062 4062 4062 4062 4062
4762 1777281161 3551 3695 388 3645 3583 3625 3625 3594 4063 4063 4062 4062 4062 4062 4062 4062
4763 1777281161 3551 3696 388 3646 3583 3626 3626 3594 4061 4061 4061 4061 4061 4061 4061 4061
4764 1777281161 3550 3695 388 3645 3582 3624 3625 3593 4063 4063 4062 4062 4062 4062 4062 4062
4765 1777281161 3552 3697 388 3646 3585 3626 3627 3595 4061 4061 4061 4061 4061 4061 4061 4061
4766 1777281161 3550 3694 388 3644 3583 3624 3624 3593 4061 4061 4061 4061 4061 4061 4061 4061
4767 1777281161 3551 3696 387 3646 3584 3625 3626 3594 4061 4061 4061 4061 4061 4061 4061 4061
4768 1777281161 3550 3695 388 3645 3583 3625 3625 3594 4061 4061 4061 4061 4061 4061 4061 4061
4769 1777281161 3551 3695 387 3645 3583 3625 3625 3594 4063 4063 4063 4063 4063 4063 4063 4063
4770 1777281161 3550 3695 388 3644 3583 3624 3625 3593 4063 4063 4062 4062 4062 4062 4062 4062
4771 1777281162 3551 3695 388 3644 3583 3625 3625 3593 4063 4063 4062 4062 4062 4062 4062 4062
4772 1777281162 3552 3696 388 3646 3583 3626 3626 3594 4061 4061 4061 4061 4061 4061 4061 4061
4773 1777281162 3551 3696 387 3645 3583 3625 3626 3594 4063 4063 4063 4063 4063 4063 4063 4063
4774 1777281162 3551 3695 388 3645 3583 3625 3625 3594 4065 4063 4063 4063 4063 4063 4063 4063
4775 1777281162 3551 3695 389 3644 3583 3625 3625 3593 4061 4061 4061 4061 4061 4061 4061 4061
4776 1777281162 3552 3696 388 3645 3584 3625 3626 3594 4063 4063 4062 4062 4062 4062 4062 4062
4777 1777281162 3550 3695 388 3644 3583 3625 3625 3593 4061 4061 4061 4061 4061 4061 4061 4061
4778 1777281162 3551 3695 387 3645 3583 3624 3625 3593 4063 4063 4062 4062 4062 4062 4062 4062
4779 1777281162 3551 3695 387 3644 3583 3625 3625 3593 4063 4063 4062 4062 4062 4062 4062 4062
4780 1777281162 3551 3696 388 3645 3584 3625 3625 3593 4063 4063 4062 4062 4062 4062 4062 4062
4781 1777281162 3551 3696 388 3645 3583 3625 3625 3593 4063 4063 4062 4062 4062 4062 4062 4062
4782 1777281162 3551 3696 388 3645 3583 3625 3626 3594 4061 4061 4061 4061 4061 4061 4061 4061
4783 1777281162 3552 3696 387 3644 3583 3626 3626 3593 4063 4063 4062 4062 4062 4062 4062 4062
4784 1777281162 3550 3695 388 3643 3583 3625 3625 3593 4063 4063 4063 4063 4063 4063 4063 4063
4785 1777281162 3551 3695 388 3644 3583 3625 3625 3593 4063 4063 4062 4062 4062 4062 4062 4062
4786 1777281162 3550 3695 387 3645 3583 3625 3625 3593 4063 4063 4062 4062 4062 4062 4062 4062
4787 1777281162 3551 3695 388 3644 3583 3625 3625 3594 4063 4063 4062 4062 4062 4062 4062 4062
4788 1777281162 3551 3696 388 3645 3583 3626 3625 3594 4061 4061 4061 4061 4061 4061 4061 4061
4789 1777281162 3551 3695 387 3645 3583 3625 3625 3593 4063 4063 4062 4062 4062 4062 4062 4062
4790 1777281162 3551 3695 388 3645 3583 3626 3626 3594 4063 4063 4062 4062 4062 4062 4062 4062
4791 1777281170 3549 3694 388 3643 3581 3623 3624 3592 4063 4063 4063 4063 4063 4063 4063 4063
4792 1777281170 3550 3694 388 3644 3582 3624 3625 3593 4063 4063 4062 4062 4062 4062 4062 4062
4793 1777281170 3551 3696 387 3645 3583 3626 3626 3594 4061 4061 4061 4061 4061 4061 4061 4061
4794 1777281170 3550 3693 388 3644 3582 3623 3623 3592 4063 4063 4062 4062 4062 4062 4062 4062
4795 1777281170 3550 3695 388 3644 3582 3624 3625 3593 4063 4063 4063 4063 4063 4063 4063 4063
4796 1777281170 3551 3695 388 3644 363 3622 3625 3593 4063 4063 4062 4062 4062 4062 4062 4062
4797 1777281170 3551 3696 388 3645 3583 3625 3626 3594 4063 4062 4062 4062 4062 4062 4062 4062
4798 1777281170 3551 3695 388 3644 3584 3625 3625 3593 4061 4061 4061 4061 4061 4061 4061 4061
4799 1777281170 3551 3696 388 3645 3583 3625 3625 3594 4063 4063 4063 4063 4063 4063 4063 4063
4800 1777281170 3551 3695 388 3644 3583 3625 3625 3593 4063 4063 4063 4063 4063 4063 4063 4063
4801 1777281170 3550 3694 388 3644 3582 3624 3624 3592 4063 4063 4062 4062 4062 4062 4062 4062
4802 1777281170 3551 3695 388 3644 3583 3625 3625 3593 4063 4063 4063 4063 4063 4063 4063 4063
4803 1777281170 3550 3696 388 3645 3583 3625 3625 3593 4063 4063 4063 4063 4063 4063 4063 4063
4804 1777281170 3550 3695 388 3645 3583 3625 3625 3593 4063 4063 4062 4062 4062 4062 4062 4062
4805 1777281170 3551 3696 388 3645 3583 3625 3625 3593 4063 4063 4062 4062 4062 4062 4062 4062
4806 1777281170 3550 3695 389 3644 3583 3625 3624 3593 4063 4063 4063 4063 4063 4063 4063 4063
4807 1777281170 3551 3696 388 3646 3584 3626 3626 3593 4063 4063 4062 4062 4062 4062 4062 4062
4808 1777281170 3550 3695 388 3645 3583 3625 3625 3594 4063 4063 4062 4062 4062 4062 4062 4062
4809 1777281170 3550 3694 388 3645 3583 3625 3626 3593 4063 4063 4062 4062 4062 4062 4062 4062
4810 1777281170 3551 3696 387 3645 3583 3625 3625 3593 4063 4063 4062 4062 4062 4062 4062 4062
4811 1777281170 3551 3695 388 3644 3582 3625 3625 3593 4065 4063 4063 4063 4063 4063 4063 4063
4812 1777281170 3551 3696 388 3645 3583 3625 3625 3593 4061 4061 4061 4061 4061 4061 4061 4061
4813 1777281170 3550 3695 388 3644 3583 3624 3625 3593 4061 4061 4061 4061 4061 4061 4061 4061
4814 1777281170 3550 3694 388 3644 3582 3625 3625 3593 4061 4061 4061 4061 4061 4061 4061 4061
4815 1777281170 3550 3695 388 3643 3582 3624 3624 3592 4063 4063 4062 4062 4062 4062 4062 4062
4816 1777281170 3551 3695 388 3645 3583 3626 3626 3594 4063 4063 4062 4062 4062 4062 4062 4062
4817 1777281170 3550 3696 388 3645 3583 3625 3625 3593 4063 4063 4062 4062 4062 4062 4062 4062
4818 1777281170 3550 3695 389 3644 3583 3625 3625 3593 4063 4063 4062 4062 4062 4062 4062 4062
4819 1777281170 3551 3695 388 3644 3582 3625 3625 3593 4063 4063 4062 4062 4062 4062 4062 4062
4820 1777281170 3551 3696 388 3645 3583 3625 3625 3593 4063 4063 4063 4063 4063 4063 4063 4063
4821 1777281170 3551 3696 388 3645 3584 3626 3626 3594 4063 4063 4062 4062 4062 4062 4062 4062
4822 1777281170 3552 3697 389 3646 3584 3626 3626 3594 4063 4063 4063 4063 4063 4063 4063 4063
4823 1777281170 3552 3696 388 3645 3584 3625 3626 3593 4061 4061 4061 4061 4061 4061 4061 4061
4824 1777281170 3551 3695 388 3645 3583 3625 3625 3593 4063 4063 4062 4062 4062 4062 4062 4062
4825 1777281170 3552 3696 388 3646 3584 3626 3626 3594 4063 4062 4062 4062 4062 4062 4062 4062
4826 1777281170 3552 3697 388 3647 3585 3627 3627 3595 4063 4063 4063 4063 4063 4063 4063 4063
4827 1777281170 3550 3695 388 3645 3583 3625 3625 3593 4061 4061 4061 4061 4061 4061 4061 4061
4828 1777281170 3551 3695 388 3645 3583 3626 3625 3593 4061 4061 4060 4060 4060 4060 4060 4060
4829 1777281170 3551 3696 388 3645 3584 3626 3626 3594 4063 4063 4062 4062 4062 4062 4062 4062
4830 1777281170 3551 3695 389 3644 3583 3625 3625 3593 4063 4063 4063 4063 4063 4063 4063 4063
4831 1777281170 3551 3696 388 3646 3583 3626 3626 3594 4063 4063 4062 4062 4062 4062 4062 4062
4832 1777281170 3551 3696 388 3646 3583 3626 3626 3594 4061 4061 4061 4061 4061 4061 4061 4061
4833 1777281170 3552 3696 388 3646 3584 3625 3626 3594 4063 4063 4063 4063 4063 4063 4063 4063
4834 1777281170 3551 3696 388 3645 3583 3625 3625 3593 4063 4063 4062 4062 4062 4062 4062 4062
4835 1777281170 3561 3705 388 3655 3593 3635 3635 3603 4063 4063 4062 4062 4062 4062 4062 4062
4836 1777281170 3551 3696 388 3646 3583 3625 3626 3594 4063 4063 4062 4062 4062 4062 4062 4062
4837 1777281170 3551 3696 390 3645 3583 3625 3625 3594 4063 4063 4063 4063 4063 4063 4063 4063
4838 1777281170 3551 3695 389 3645 3583 3625 3626 3594 4061 4061 4061 4061 4061 4061 4061 4061
4839 1777281170 3552 3697 388 3647 3585 1685 1400 3594 4063 4063 4063 4063 4063 4063 4063 4063
4840 1777281170 3551 3696 388 3645 3583 3625 3626 3594 4063 4063 4062 4062 4062 4062 4062 4062
4841 1777281170 3551 3695 389 3645 3583 3625 3625 3594 4061 4061 4061 4061 4061 4061 4061 4061
4842 1777281170 3552 3697 388 3646 3584 3626 3626 3594 4063 4063 4063 4063 4063 4063 4063 4063
4843 1777281170 3550 3695 386 3645 3583 3625 3625 3593 4063 4063 4063 4063 4063 4063 4063 4063
4844 1777281170 3551 3695 386 3644 3583 3624 3624 3593 4063 4063 4062 4062 4062 4062 4062 4062
4845 1777281170 3550 3695 386 3644 3582 3624 3624 3592 4063 4063 4063 4063 4063 4063 4063 4063
4846 1777281170 3549 3694 386 3644 3582 3623 3624 3592 4063 4063 4062 4062 4062 4062 4062 4062
4847 1777281170 3549 3694 386 3643 3581 3623 3623 3592 4063 4063 4062 4062 4062 4062 4062 4062
4848 1777281170 3549 3694 387 3644 3581 3624 3624 3592 4061 4061 4061 4061 4061 4061 4061 4061
4849 1777281170 3550 3695 386 3645 3582 3624 3625 3593 4061 4061 4061 4061 4061 4061 4061 4061
4850 1777281170 3550 3695 387 3644 3582 3624 3624 3592 4063 4063 4062 4062 4062 4062 4062 4062
4851 1777281170 3550 3694 387 3643 3582 3624 3624 3593 4063 4063 4062 4062 4062 4062 4062 4062
4852 1777281170 3549 3693 387 3643 3581 3623 3624 3591 4063 4062 4062 4062 4062 4062 4062 4062
4853 1777281171 3549 3693 387 3643 3581 3623 3624 3591 4063 4063 4062 4062 4062 4062 4062 4062
4854 1777281171 3551 3695 386 3644 3583 3625 3624 3592 4063 4063 4062 4062 4062 4062 4062 4062
4855 1777281171 3551 3695 386 3644 3582 3624 3625 3592 4063 4063 4062 4062 4062 4062 4062 4062
4856 1777281171 3549 3693 387 3644 3582 3623 3624 3592 4061 4061 4061 4061 4061 4061 4061 4061
4857 1777281171 3551 3695 386 3645 3583 3625 3625 3594 4063 4063 4062 4062 4062 4062 4062 4062
4858 1777281171 3549 3694 386 3643 3582 3624 3624 3592 4063 4063 4063 4063 4063 4063 4063 4063
4859 1777281171 3549 3694 387 3643 3582 3624 3624 3592 4061 4061 4061 4061 4061 4061 4061 4061
4860 1777281171 3551 3695 386 3644 3582 3624 3624 3593 4063 4063 4062 4062 4062 4062 4062 4062
4861 1777281171 3549 3694 386 3644 3582 3624 3624 3592 4063 4063 4062 4062 4062 4062 4062 4062
4862 1777281171 3550 3695 386 3644 3582 3624 3624 3592 4063 4063 4062 4062 4062 4062 4062 4062
4863 1777281171 3550 3695 386 3644 3583 3625 3625 3593 4063 4063 4063 4063 4063 4063 4063 4063
4864 1777281171 3549 3693 387 3642 3582 3624 3624 3592 4063 4063 4062 4062 4062 4062 4062 4062
4865 1777281171 3550 3695 386 3645 3582 3625 3624 3592 4063 4061 4061 4061 4061 4061 4061 4061
4866 1777281171 3549 3694 387 3643 3581 3623 3624 3592 4063 4063 4062 4062 4062 4062 4062 4062
4867 1777281171 3550 3694 387 3644 3582 3624 3625 3592 4061 4061 4061 4061 4061 4061 4061 4061
4868 1777281171 3550 3695 387 3644 3582 3624 3625 3593 4061 4061 4061 4061 4061 4061 4061 4061
4869 1777281171 3549 3694 387 3644 3582 3624 3624 3592 4063 4063 4063 4063 4063 4063 4063 4063
4870 1777281171 3550 3694 387 3644 3582 3624 3624 3592 4061 4061 4061 4061 4061 4061 4061 4061
4871 1777281171 3550 3695 387 3644 3582 3624 3624 3592 4063 4063 4062 4062 4062 4062 4062 4062
4872 1777281171 3550 3695 387 3645 3583 3625 3625 3593 4063 4063 4062 4062 4062 4062 4062 4062
4873 1777281171 3549 3694 386 3643 3582 3624 3624 3591 4063 4063 4063 4063 4063 4063 4063 4063
4874 1777281171 3550 3695 386 3644 3582 3624 3624 3592 4063 4063 4062 4062 4062 4062 4062 4062
4875 1777281171 3549 3694 387 3643 3582 3624 3624 3592 4063 4063 4062 4062 4062 4062 4062 4062
4876 1777281171 3550 3694 387 3643 3582 3624 3624 3592 4061 4061 4061 4061 4061 4061 4061 4061
4877 1777281171 3550 3694 387 3644 3582 3624 3624 3592 4061 4061 4061 4061 4061 4061 4061 4061
4878 1777281171 3550 3694 387 3644 3582 3624 3625 3593 4063 4063 4063 4063 4063 4063 4063 4063
4879 1777281171 3549 3695 386 3643 3582 3624 3624 3592 4061 4061 4061 4061 4061 4061 4061 4061
4880 1777281171 3550 3694 386 3644 3581 3624 3624 3592 4063 4063 4062 4062 4062 4062 4062 4062
4881 1777281171 3550 3695 386 3644 3582 3624 3625 3593 4063 4063 4062 4062 4062 4062 4062 4062
4882 1777281171 3549 3694 387 3644 3582 3624 3624 3592 4063 4063 4063 4063 4063 4063 4063 4063
4883 1777281171 3550 3694 387 3644 3582 3625 3624 3593 4063 4063 4062 4062 4062 4062 4062 4062
4884 1777281171 3550 3694 386 3644 3582 3624 3624 3592 4063 4063 4062 4062 4062 4062 4062 4062
4885 1777281171 3551 3695 386 3645 3583 3625 3625 3593 4063 4063 4063 4063 4063 4063 4063 4063
4886 1777281171 3550 3695 387 3644 3582 3624 3625 3593 4063 4063 4063 4063 4063 4063 4063 4063
4887 1777281171 3549 3693 387 3643 3581 3624 3623 3591 4063 4063 4062 4062 4062 4062 4062 4062
4888 1777281171 3549 3694 387 3644 3582 3623 3624 3592 4063 4063 4063 4063 4063 4063 4063 4063
4889 1777281171 3550 3695 386 3645 3583 3624 3624 3592 4063 4063 4063 4063 4063 4063 4063 4063
4890 1777281171 3549 3693 387 3642 3581 3623 3623 3591 4063 4063 4063 4063 4063 4063 4063 4063
4891 1777281171 3549 3694 386 3644 3582 3624 3624 3592 4063 4063 4062 4062 4062 4062 4062 4062
4892 1777281171 3549 3693 387 3644 3582 3624 3623 3592 4063 4063 4062 4062 4062 4062 4062 4062
4893 1777281171 3550 3694 386 3644 3583 3625 3625 3593 4063 4063 4063 4063 4063 4063 4063 4063
4894 1777281171 3550 3694 386 3644 3581 3624 3624 3592 4063 4063 4063 4063 4063 4063 4063 4063
4895 1777281171 3550 3695 386 3643 3582 3624 3624 3592 4061 4061 4061 4061 4061 4061 4061 4061
4896 1777281171 3550 3695 387 3644 3583 3625 3626 3594 4063 4063 4062 4062 4062 4062 4062 4062
4897 1777281171 3550 3694 386 3644 3582 3624 3625 3593 4063 4063 4063 4063 4063 4063 4063 4063
4898 1777281171 3552 3697 387 3646 3584 3626 3626 3594 4061 4061 4060 4060 4060 4060 4060 4060
4899 1777281171 3548 3693 387 3643 3581 3623 3624 3592 4063 4063 4063 4063 4063 4063 4063 4063
4900 1777281171 3550 3694 387 3644 3581 3623 3623 3592 4063 4063 4062 4062 4062 4062 4062 4062
4901 1777281171 3550 3695 386 3645 3583 3624 3625 3593 4063 4063 4063 4063 4063 4063 4063 4063
4902 1777281171 3549 3693 387 3643 3581 3623 3624 3592 4063 4063 4063 4063 4063 4063 4063 4063
4903 1777281171 3549 3694 388 3643 3581 3624 3623 3592 4063 4063 4062 4062 4062 4062 4062 4062
4904 1777281171 3550 3695 387 3644 3582 3624 3624 3593 4063 4063 4062 4062 4062 4062 4062 4062
4905 1777281171 3551 3695 387 3645 3583 3625 3626 3593 4063 4063 4062 4062 4062 4062 4062 4062
4906 1777281171 3550 3694 387 3644 3583 3625 3625 3593 4063 4063 4062 4062 4062 4062 4062 4062
4907 1777281171 3550 3694 387 3644 3582 3624 3624 3592 4061 4061 4060 4060 4060 4060 4060 4060
4908 1777281171 3550 3694 387 3643 3582 3624 3624 3592 4063 4063 4062 4062 4062 4062 4062 4062
4909 1777281171 3550 3694 387 3644 3582 3625 3625 3593 4061 4061 4061 4061 4061 4061 4061 4061
4910 1777281171 3550 3694 387 3644 3581 3624 3624 3592 4061 4061 4061 4061 4061 4061 4061 4061
4911 1777281171 3550 3694 386 3643 3582 3624 3624 3592 4063 4063 4063 4063 4063 4063 4063 4063
4912 1777281171 3550 3694 387 3642 3582 3624 3624 3593 4063 4063 4063 4063 4063 4063 4063 4063
4913 1777281171 3549 3694 388 3641 3581 3624 3624 3592 4063 4061 4061 4061 4061 4061 4061 4061
4914 1777281171 3551 3695 387 3644 3583 3625 3625 3593 4063 4063 4062 4062 4062 4062 4062 4062
4915 1777281171 3550 3695 387 3645 3583 3625 3626 3593 4063 4063 4062 4062 4062 4062 4062 4062
4916 1777281171 3550 3694 387 3644 3582 3624 3625 3592 4061 4061 4061 4061 4061 4061 4061 4061
4917 1777281171 3549 3694 387 3644 3582 3624 3624 3592 4063 4063 4062 4062 4062 4062 4062 4062
4918 1777281171 3550 3696 387 3644 3583 3625 3625 3593 4063 4063 4062 4062 4062 4062 4062 4062
4919 1777281171 3551 3695 388 3644 3582 3624 3625 3593 4063 4063 4062 4062 4062 4062 4062 4062
4920 1777281171 3550 3695 387 3644 3582 3624 3625 3593 4061 4061 4061 4061 4061 4061 4061 4061
4921 1777281171 3550 3694 387 3644 3582 3625 3625 3593 4063 4063 4062 4062 4062 4062 4062 4062
4922 1777281171 3550 3695 387 3644 3582 3624 3625 3593 4061 4061 4061 4061 4061 4061 4061 4061
4923 1777281172 3551 3696 387 3645 3583 3625 3626 3594 4063 4063 4062 4062 4062 4062 4062 4062
4924 1777281172 3550 3695 387 3645 3582 3625 3624 3592 4063 4063 4062 4062 4062 4062 4062 4062
4925 1777281172 3550 3695 386 3645 3583 3625 3625 3593 4063 4062 4062 4062 4062 4062 4062 4062
4926 1777281172 3550 3695 387 3644 3582 3624 3625 3593 4061 4061 4061 4061 4061 4061 4061 4061
4927 1777281172 3550 3695 387 3644 3582 3624 3625 3592 4063 4063 4062 4062 4062 4062 4062 4062
4928 1777281172 3550 3695 387 3645 3583 3625 3625 3593 4063 4063 4062 4062 4062 4062 4062 4062
4929 1777281172 3550 3694 387 3644 3582 1688 3624 3593 4063 4063 4062 4062 4062 4062 4062 4062
4930 1777281172 3550 3695 387 3644 3582 3624 3624 3593 4061 4061 4061 4061 4061 4061 4061 4061
4931 1777281172 3550 3695 388 3645 3583 3625 3625 3593 4061 4061 4061 4061 4061 4061 4061 4061
4932 1777281172 3551 3696 386 3645 3583 3625 3625 3593 4061 4061 4061 4061 4061 4061 4061 4061
4933 1777281172 3550 3695 387 3645 3583 3625 3625 3593 4063 4063 4063 4063 4063 4063 4063 4063
4934 1777281172 3550 3694 387 3644 3582 3624 3624 3592 4063 4063 4063 4063 4063 4063 4063 4063
4935 1777281172 3550 3695 388 3645 3583 3625 3625 3593 4061 4061 4061 4061 4061 4061 4061 4061
4936 1777281172 3551 3695 387 3645 3583 3625 3625 3593 4063 4063 4062 4062 4062 4062 4062 4062
4937 1777281172 3550 3695 387 3644 3582 3624 3625 3592 4063 4063 4063 4063 4063 4063 4063 4063
4938 1777281172 3551 3695 387 3645 3583 3625 3625 3593 4063 4063 4063 4063 4063 4063 4063 4063
4939 1777281172 3551 3696 387 3645 3583 3625 3625 3593 4063 4063 4063 4063 4063 4063 4063 4063
4940 1777281172 3551 3695 387 3645 3583 3625 3625 3593 4063 4063 4062 4062 4062 4062 4062 4062
4941 1777281172 3551 3695 387 3645 3583 3625 3625 3593 4063 4063 4062 4062 4062 4062 4062 4062
4942 1777281172 3551 3695 387 3644 3582 3624 3624 3592 4061 4061 4061 4061 4061 4061 4061 4061
4943 1777281172 3552 3696 387 3646 3584 3626 3626 1704 4063 4063 4062 4062 4062 4062 4062 4062
4944 1777281172 3551 3695 387 3645 3583 3625 3625 3593 4063 4063 4062 4062 4062 4062 4062 4062
4945 1777281172 3549 3694 387 3643 3582 3624 3624 3592 4063 4062 4062 4062 4062 4062 4062 4062
4946 1777281172 3551 3695 388 3645 3583 3625 3625 3593 4063 4063 4062 4062 4062 4062 4062 4062
4947 1777281172 3549 3694 388 3643 3582 3624 3624 3592 4063 4063 4062 4062 4062 4062 4062 4062
4948 1777281172 3550 3694 387 3643 3582 3624 3624 3592 4063 4063 4062 4062 4062 4062 4062 4062
4949 1777281172 3551 3695 387 3645 3583 3625 3626 3594 4063 4063 4062 4062 4062 4062 4062 4062
4950 1777281172 3550 3694 387 3644 3583 3624 3624 3592 4061 4061 4061 4061 4061 4061 4061 4061
4951 1777281172 3550 3695 388 3644 3583 3624 3625 3593 4063 4063 4063 4063 4063 4063 4063 4063
4952 1777281172 3551 3695 387 3644 3582 3625 3625 3593 4063 4063 4062 4062 4062 4062 4062 4062
4953 1777281172 3550 3694 387 3644 3582 3624 3624 3593 4063 4063 4062 4062 4062 4062 4062 4062
4954 1777281172 3550 3695 387 3645 3584 3626 3626 3593 4063 4063 4062 4062 4062 4062 4062 4062
4955 1777281172 3551 3695 387 3645 3583 3625 3625 3593 4061 4061 4061 4061 4061 4061 4061 4061
4956 1777281172 3551 3696 387 3645 3583 3625 3625 3593 4061 4061 4061 4061 4061 4061 4061 4061
4957 1777281172 3551 3696 387 3645 3583 3625 3625 3593 4063 4063 4062 4062 4062 4062 4062 4062
4958 1777281172 3549 3694 387 3644 3582 3624 3624 3593 4061 4061 4061 4061 4061 4061 4061 4061
4959 1777281172 3551 3695 387 3645 3582 3625 3625 3593 4063 4063 4062 4062 4062 4062 4062 4062
4960 1777281172 3551 3695 387 3646 3583 3625 3626 3594 4061 4061 4061 4061 4061 4061 4061 4061
4961 1777281172 3550 3694 387 3644 3582 3624 3624 3593 4063 4063 4063 4063 4063 4063 4063 4063
4962 1777281172 3550 3695 387 3644 3583 3625 3625 3593 4063 4063 4063 4063 4063 4063 4063 4063
4963 1777281172 3550 3695 387 3644 3583 3625 3625 3593 4063 4063 4063 4063 4063 4063 4063 4063
4964 1777281172 3550 3694 387 3644 3582 3624 3624 3592 4063 4063 4062 4062 4062 4062 4062 4062
4965 1777281172 3550 3695 390 3644 3582 3624 3624 3592 4061 4061 4061 4061 4061 4061 4061 4061
4966 1777281172 3549 3694 389 3644 3582 3624 3624 3592 4063 4063 4062 4062 4062 4062 4062 4062
4967 1777281172 3551 3695 388 3645 3583 3625 3625 3593 4063 4063 4063 4063 4063 4063 4063 4063
4968 1777281172 3551 3696 387 3645 3583 3625 3625 3593 4063 4063 4062 4062 4062 4062 4062 4062
4969 1777281172 3550 3695 388 3645 3583 3625 3625 3593 4061 4061 4061 4061 4061 4061 4061 4061
4970 1777281172 3551 3696 387 3645 3583 3625 3625 3594 4063 4063 4062 4062 4062 4062 4062 4062
4971 1777281172 3550 3695 388 3645 3583 3625 3625 3593 4063 4063 4063 4063 4063 4063 4063 4063
4972 1777281172 3552 3697 387 3646 3584 3626 3626 1735 4061 4061 4061 4061 4061 4061 4061 4061
4973 1777281172 3550 3694 387 3645 3582 3624 3625 3593 4063 4063 4062 4062 4062 4062 4062 4062
4974 1777281172 3551 3696 387 3644 3583 3625 3625 3594 4061 4061 4061 4061 4061 4061 4061 4061
4975 1777281172 3550 3694 386 3643 3582 3625 3624 3592 4063 4063 4063 4063 4063 4063 4063 4063
4976 1777281172 3550 3695 388 3645 3583 3625 3625 3593 4063 4063 4062 4062 4062 4062 4062 4062
4977 1777281172 3551 3695 387 3645 3582 3624 3625 3593 4061 4061 4061 4061 4061 4061 4061 4061
4978 1777281172 3551 3696 388 3645 3583 3625 3626 3594 4063 4063 4062 4062 4062 4062 4062 4062
4979 1777281172 3551 3695 387 3645 3583 3625 3625 3593 4063 4063 4062 4062 4062 4062 4062 4062
4980 1777281172 3551 3695 387 3645 3582 3625 3625 3593 4063 4063 4062 4062 4062 4062 4062 4062
4981 1777281172 3551 3696 388 3645 3584 3626 3626 3594 4063 4063 4062 4062 4062 4062 4062 4062
4982 1777281172 3552 3696 387 3644 3583 3625 3625 3593 4063 4063 4062 4062 4062 4062 4062 4062
4983 1777281172 3550 3695 387 3645 3583 3625 3624 3592 4063 4063 4062 4062 4062 4062 4062 4062
4984 1777281172 3550 3694 387 3644 3582 3625 3625 3593 4063 4063 4062 4062 4062 4062 4062 4062
4985 1777281172 3551 3696 387 3645 3583 3625 3625 3593 4063 4063 4062 4062 4062 4062 4062 4062
4986 1777281172 3551 3695 387 3645 3583 3625 3625 3593 4063 4063 4062 4062 4062 4062 4062 4062
4987 1777281172 3552 3696 388 3645 3584 3625 3625 3594 4063 4063 4062 4062 4062 4062 4062 4062
4988 1777281172 3551 3695 387 3645 3583 3625 3625 3593 4061 4061 4061 4061 4061 4061 4061 4061
4989 1777281172 3552 3696 388 3645 3584 3626 3626 3594 4061 4061 4061 4061 4061 4061 4061 4061
4990 1777281172 3551 3695 387 3646 3583 3625 3625 3594 4063 4063 4062 4062 4062 4062 4062 4062
4991 1777281172 3550 3695 388 3645 3583 3625 3626 3593 4063 4062 4062 4062 4062 4062 4062 4062
4992 1777281172 3550 3694 388 3644 3583 3624 3624 3593 4063 4063 4062 4062 4062 4062 4062 4062
4993 1777281172 3551 3696 388 3645 3583 3625 3626 3594 4063 4063 4062 4062 4062 4062 4062 4062
4994 1777281172 3550 3694 388 3644 3582 3624 3625 3592 4063 4061 4061 4061 4061 4061 4061 4061
4995 1777281172 3551 3695 388 3645 3583 3625 3625 3593 4063 4062 4062 4062 4062 4062 4062 4062
4996 1777281172 3551 3695 387 3645 3584 3626 3626 3594 4063 4063 4063 4063 4063 4063 4063 4063
4997 1777281172 3551 3696 387 3645 3583 3626 3626 3594 4063 4063 4062 4062 4062 4062 4062 4062
4998 1777281172 3552 3696 387 3645 3583 3625 3626 3594 4063 4063 4062 4062 4062 4062 4062 4062
4999 1777281172 3551 3696 388 3645 3583 3626 3625 3593 4063 4063 4062 4062 4062 4062 4062 4062
5000 1777281172 3551 3695 387 3645 3583 3625 3626 3594 4063 4063 4062 4062 4062 4062 4062 4062
