1 1777285677 3546 3691 3663 379 3577 3620 3621 3589 4061 4061 4061 4061 4061 4061 4061 4061
2 1777285677 3548 3692 3664 379 3578 3622 3622 3590 4063 4063 4062 4062 4062 4062 4062 4062
3 1777285677 3547 3692 3664 380 3578 3622 3622 3590 4063 4063 4062 4062 4062 4062 4062 4062
4 1777285677 3548 3693 3664 379 3578 3622 3622 3590 4061 4061 4061 4061 4061 4061 4061 4061
5 1777285677 3548 3692 3665 380 3579 3622 3622 3591 4063 4063 4062 4062 4062 4062 4062 4062
6 1777285677 3548 3692 3665 379 3578 3623 3623 3591 4063 4063 4062 4062 4062 4062 4062 4062
7 1777285677 3548 3692 3664 379 3577 3622 3622 3590 4063 4063 4062 4062 4062 4062 4062 4062
8 1777285677 3548 3692 3664 379 3578 3622 3622 3590 4063 4063 4062 4062 4062 4062 4062 4062
9 1777285677 3547 3692 3664 379 3579 3623 3623 3591 4063 4063 4062 4062 4062 4062 4062 4062
10 1777285677 3547 3691 3663 379 3578 3622 3621 3590 4063 4063 4063 4063 4063 4063 4063 4063
11 1777285677 3549 3693 3665 379 3579 3623 3623 3591 4063 4063 4062 4062 4062 4062 4062 4062
12 1777285677 3548 3692 3664 379 3578 3622 3622 3590 4063 4063 4062 4062 4062 4062 4062 4062
13 1777285677 3548 3692 3664 380 3579 3622 3622 3590 4063 4063 4062 4062 4062 4062 4062 4062
14 1777285677 3548 3692 3664 379 3578 3622 3622 3591 4063 4063 4062 4062 4062 4062 4062 4062
15 1777285677 3547 3692 3664 379 3577 3622 3622 3589 4063 4063 4063 4063 4063 4063 4063 4063
16 1777285677 3547 3692 3664 379 3578 3621 3622 3590 4061 4061 4061 4061 4061 4061 4061 4061
17 1777285677 3548 3692 3665 380 3579 3623 3623 3591 4061 4061 4061 4061 4061 4061 4061 4061
18 1777285677 3548 3693 3664 379 3578 3622 3622 3591 4063 4063 4062 4062 4062 4062 4062 4062
19 1777285677 3548 3693 3664 380 3578 3622 3622 3590 4063 4063 4062 4062 4062 4062 4062 4062
20 1777285677 3549 3694 3665 379 3580 3623 3623 3591 4063 4063 4062 4062 4062 4062 4062 4062
21 1777285677 3548 3693 3665 380 3579 3623 3623 3591 4063 4063 4062 4062 4062 4062 4062 4062
22 1777285677 3548 3692 3664 379 3578 3622 3622 3590 4063 4063 4062 4062 4062 4062 4062 4062
23 1777285677 3548 3692 3665 379 3579 3622 3623 3590 4063 4063 4062 4062 4062 4062 4062 4062
24 1777285677 3548 3692 3664 379 3578 3622 3622 3591 4061 4061 4061 4061 4061 4061 4061 4061
25 1777285677 3548 3693 3665 379 3579 3623 3623 3592 4063 4063 4062 4062 4062 4062 4062 4062
26 1777285677 3548 3692 3664 380 3578 3622 3623 3591 4061 4061 4061 4061 4061 4061 4061 4061
27 1777285677 3549 3693 3665 380 3579 3623 3623 3591 4063 4063 4063 4063 4063 4063 4063 4063
28 1777285677 3548 3692 3664 379 3579 3623 3623 3591 4063 4063 4062 4062 4062 4062 4062 4062
29 1777285677 3549 3692 3665 380 3579 3622 3622 3590 4063 4063 4062 4062 4062 4062 4062 4062
30 1777285677 3548 3693 3665 379 3578 3622 3623 3591 4063 4062 4062 4062 4062 4062 4062 4062
31 1777285677 3548 3693 3665 379 3579 3622 3623 3590 4063 4063 4062 4062 4062 4062 4062 4062
32 1777285677 3548 3692 3665 379 3579 3623 3623 3590 4063 4063 4062 4062 4062 4062 4062 4062
33 1777285677 3548 3693 3665 380 3579 3623 3623 3591 4063 4063 4062 4062 4062 4062 4062 4062
34 1777285677 3549 3693 3665 379 3578 3622 3623 3591 4063 4062 4062 4062 4062 4062 4062 4062
35 1777285677 3548 3693 3665 380 3579 3623 3623 3591 4063 4063 4062 4062 4062 4062 4062 4062
36 1777285677 3548 3693 3665 381 3578 3623 3623 3591 4063 4063 4062 4062 4062 4062 4062 4062
37 1777285677 3549 3693 3665 380 3579 3622 3623 3591 4063 4063 4062 4062 4062 4062 4062 4062
38 1777285677 3548 3692 3664 379 3578 3622 3622 3591 4063 4063 4062 4062 4062 4062 4062 4062
39 1777285677 3548 3693 3665 379 3579 3622 3623 3590 4063 4063 4063 4063 4063 4063 4063 4063
40 1777285677 3548 3692 3664 380 3578 3622 3623 3591 4061 4061 4061 4061 4061 4061 4061 4061
41 1777285677 3548 3692 3665 380 3579 3622 3623 3591 4061 4061 4061 4061 4061 4061 4061 4061
42 1777285677 3548 3692 3665 379 3579 3622 3623 3591 4063 4063 4063 4063 4063 4063 4063 4063
43 1777285677 3550 3695 3666 379 3580 3624 3624 3592 4063 4063 4062 4062 4062 4062 4062 4062
44 1777285677 3549 3693 3665 380 3580 3623 3624 3591 4063 4063 4062 4062 4062 4062 4062 4062
45 1777285677 3549 3693 3665 380 3579 3623 3623 3591 4063 4062 4062 4062 4062 4062 4062 4062
46 1777285677 3548 3693 3665 380 3578 3622 3622 3591 4063 4063 4062 4062 4062 4062 4062 4062
47 1777285677 3548 3693 3665 379 3579 3623 3623 3592 4063 4063 4062 4062 4062 4062 4062 4062
48 1777285677 3549 3693 3665 380 3579 3622 3623 3591 4063 4063 4062 4062 4062 4062 4062 4062
49 1777285677 3549 3693 3665 380 3579 3623 3624 3592 4061 4061 4061 4061 4061 4061 4061 4061
50 1777285677 3548 3693 3665 379 3579 3623 3623 3590 4063 4063 4062 4062 4062 4062 4062 4062
51 1777285677 3548 3692 3665 380 3579 3622 3622 3591 4063 4063 4062 4062 4062 4062 4062 4062
52 1777285677 3548 3692 3664 380 3579 3623 3622 3590 4061 4061 4061 4061 4061 4061 4061 4061
53 1777285677 3549 3694 3666 380 3579 3623 3624 3592 4063 4063 4062 4062 4062 4062 4062 4062
54 1777285677 3548 3692 3665 379 3578 3623 3623 3591 4063 4063 4062 4062 4062 4062 4062 4062
55 1777285677 3548 3692 3664 380 3578 3622 3622 3590 4063 4063 4063 4063 4063 4063 4063 4063
56 1777285677 3549 3693 3665 379 3579 3623 3623 3591 4061 4061 4060 4060 4060 4060 4060 4060
57 1777285677 3548 3693 3665 380 3579 3622 3623 3591 4063 4063 4062 4062 4062 4062 4062 4062
58 1777285677 3550 3694 3666 379 3580 3623 3624 3592 4063 4063 4062 4062 4062 4062 4062 4062
59 1777285677 3549 3694 3666 379 3580 3623 3624 3591 4063 4063 4063 4063 4063 4063 4063 4063
60 1777285677 3548 3693 3665 380 3579 3623 3624 3592 4063 4063 4063 4063 4063 4063 4063 4063
61 1777285677 3549 3693 3665 380 3579 3622 3622 3591 4063 4063 4062 4062 4062 4062 4062 4062
62 1777285677 3549 3693 3665 380 3580 3623 3623 3592 4061 4061 4061 4061 4061 4061 4061 4061
63 1777285677 3548 3693 3665 380 3579 3623 3623 3591 4063 4063 4062 4062 4062 4062 4062 4062
64 1777285677 3548 3693 3665 379 3578 3623 3623 3591 4063 4063 4062 4062 4062 4062 4062 4062
65 1777285677 3549 3693 3665 380 3579 3623 3623 3591 4063 4063 4062 4062 4062 4062 4062 4062
66 1777285677 3549 3693 3665 379 3579 3623 3624 3592 4063 4063 4063 4063 4063 4063 4063 4063
67 1777285677 3549 3693 3666 380 3580 3623 3623 3591 4061 4061 4061 4061 4061 4061 4061 4061
68 1777285677 3549 3693 3665 381 3580 3623 3624 3592 4063 4063 4062 4062 4062 4062 4062 4062
69 1777285678 3548 3694 3665 380 3579 3624 3624 3592 4061 4061 4061 4061 4061 4061 4061 4061
70 1777285678 3550 3694 3666 380 3580 3623 3623 3591 4063 4063 4062 4062 4062 4062 4062 4062
71 1777285678 3548 3692 3665 379 3579 3622 3623 3591 4063 4063 4063 4063 4063 4063 4063 4063
72 1777285678 3549 3693 3666 380 3580 3624 3625 3593 4063 4063 4062 4062 4062 4062 4062 4062
73 1777285678 3548 3692 3664 380 3579 3622 3623 3590 4063 4063 4063 4063 4063 4063 4063 4063
74 1777285678 3549 3693 3665 380 3579 3623 3623 3591 4061 4061 4061 4061 4061 4061 4061 4061
75 1777285678 3549 3693 3665 380 3579 3623 3623 3591 4063 4063 4062 4062 4062 4062 4062 4062
76 1777285678 3548 3693 3665 380 3580 3623 3623 3591 4063 4063 4062 4062 4062 4062 4062 4062
77 1777285678 3548 3692 3664 380 3579 3622 3622 3590 4061 4061 4061 4061 4061 4061 4061 4061
78 1777285678 3549 3693 3666 379 3580 3624 3623 3591 4063 4063 4062 4062 4062 4062 4062 4062
79 1777285678 3548 3692 3664 380 3578 3622 3622 3590 4063 4063 4063 4063 4063 4063 4063 4063
80 1777285678 3548 3693 3665 380 3579 3623 3623 3591 4063 4063 4062 4062 4062 4062 4062 4062
81 1777285678 3550 3694 3666 380 3580 3624 3624 3592 4063 4063 4062 4062 4062 4062 4062 4062
82 1777285678 3548 3693 3665 379 3579 3623 3623 3591 4063 4063 4062 4062 4062 4062 4062 4062
83 1777285678 3549 3694 3666 380 3580 3623 3624 3592 4063 4063 4062 4062 4062 4062 4062 4062
84 1777285678 3549 3694 3665 380 3580 3624 3624 3592 4063 4063 4062 4062 4062 4062 4062 4062
85 1777285678 3549 3694 3666 380 3579 3623 3623 3592 4063 4063 4062 4062 4062 4062 4062 4062
86 1777285678 3549 3693 3665 379 3578 3622 3622 3590 4061 4061 4061 4061 4061 4061 4061 4061
87 1777285678 3549 3694 3666 380 3580 3624 3624 3592 4061 4061 4061 4061 4061 4061 4061 4061
88 1777285678 3549 3693 3665 379 3579 3623 3623 3592 4063 4063 4062 4062 4062 4062 4062 4062
89 1777285678 3548 3694 3665 380 3579 3623 3623 3591 4063 4063 4062 4062 4062 4062 4062 4062
90 1777285678 3548 3693 3665 380 3579 3623 3623 3591 4061 4061 4061 4061 4061 4061 4061 4061
91 1777285678 3549 3694 3666 380 3580 3623 3624 3592 4063 4063 4062 4062 4062 4062 4062 4062
92 1777285678 3550 3694 3666 379 3580 3624 3624 3592 4063 4063 4062 4062 4062 4062 4062 4062
93 1777285678 3549 3694 3666 380 3580 3624 3624 3592 4061 4061 4061 4061 4061 4061 4061 4061
94 1777285678 3549 3693 3666 379 3580 3624 3624 3592 4061 4061 4061 4061 4061 4061 4061 4061
95 1777285678 3550 3695 3667 379 3582 3625 3626 3593 4063 4063 4063 4063 4063 4063 4063 4063
96 1777285678 3550 3694 3666 380 3580 3624 3624 3592 4063 4063 4062 4062 4062 4062 4062 4062
97 1777285678 3547 3692 3663 378 3577 3622 3622 3590 4063 4063 4062 4062 4062 4062 4062 4062
98 1777285678 3547 3691 3663 378 3578 3621 3622 3589 4063 4063 4063 4063 4063 4063 4063 4063
99 1777285678 3547 3692 3664 378 3578 3622 3622 3590 4063 4063 4062 4062 4062 4062 4062 4062
100 1777285678 3547 3691 3663 378 3577 3621 3621 3590 4061 4061 4061 4061 4061 4061 4061 4061
101 1777285678 3547 3692 3664 380 3578 3621 3622 3589 4061 4061 4061 4061 4061 4061 4061 4061
102 1777285678 3547 3691 3663 379 3578 3621 3622 3590 4061 4061 4061 4061 4061 4061 4061 4061
103 1777285678 3547 3692 3664 378 3577 3622 3622 3590 4063 4063 4063 4063 4063 4063 4063 4063
104 1777285678 3547 3692 3664 378 3576 3622 3622 3589 4063 4063 4062 4062 4062 4062 4062 4062
105 1777285678 3547 3691 3664 378 3578 3622 3622 3590 4063 4062 4062 4062 4062 4062 4062 4062
106 1777285678 3547 3691 3664 378 3578 3622 3623 3590 4063 4063 4062 4062 4062 4062 4062 4062
107 1777285678 3547 3692 3663 378 3577 3621 3621 3589 4061 4061 4061 4061 4061 4061 4061 4061
108 1777285678 3547 3692 3664 378 3578 3622 3622 3590 4061 4061 4061 4061 4061 4061 4061 4061
109 1777285678 3547 3692 3664 379 3578 3621 3623 3590 4063 4063 4062 4062 4062 4062 4062 4062
110 1777285678 3548 3692 3664 379 3578 3622 3622 3590 4063 4063 4062 4062 4062 4062 4062 4062
111 1777285678 3547 3692 3664 378 3577 3621 3621 3590 4061 4061 4061 4061 4061 4061 4061 4061
112 1777285678 3547 3692 3664 377 3578 3622 3622 3590 4063 4063 4062 4062 4062 4062 4062 4062
113 1777285678 3547 3692 3664 378 3578 3622 3621 3590 4061 4061 4061 4061 4061 4061 4061 4061
114 1777285678 3549 3692 3665 379 3579 3622 3623 3591 4063 4063 4062 4062 4062 4062 4062 4062
115 1777285678 3548 3692 3664 378 3579 3622 3623 3591 4063 4063 4062 4062 4062 4062 4062 4062
116 1777285678 3547 3692 3664 378 3578 3622 3622 3590 4063 4063 4063 4063 4063 4063 4063 4063
117 1777285678 3548 3692 3664 378 3578 3622 3623 3590 4063 4063 4062 4062 4062 4062 4062 4062
118 1777285678 3549 3692 3665 379 3578 3622 3622 3590 4063 4063 4062 4062 4062 4062 4062 4062
119 1777285678 3547 3692 3664 378 3577 3622 3621 3590 4063 4063 4062 4062 4062 4062 4062 4062
120 1777285678 3548 3692 3665 378 3578 3622 3622 3590 4063 4063 4062 4062 4062 4062 4062 4062
121 1777285678 3547 3691 3663 378 3577 3621 3622 3589 4061 4061 4061 4061 4061 4061 4061 4061
122 1777285678 3548 3693 3665 378 3578 3622 3622 3591 4063 4063 4063 4063 4063 4063 4063 4063
123 1777285678 3548 3692 3664 378 3577 3621 3621 3589 4063 4063 4062 4062 4062 4062 4062 4062
124 1777285678 3547 3691 3664 379 3578 3621 3621 3590 4063 4063 4062 4062 4062 4062 4062 4062
125 1777285678 3548 3693 3665 378 3579 3623 3623 3590 4063 4063 4062 4062 4062 4062 4062 4062
126 1777285678 3547 3691 3663 379 3578 3621 3622 3589 4063 4063 4062 4062 4062 4062 4062 4062
127 1777285678 3548 3692 3664 378 3579 3622 3622 3590 4063 4063 4063 4063 4063 4063 4063 4063
128 1777285678 3546 3691 3663 379 3576 3620 3621 3589 4063 4063 4062 4062 4062 4062 4062 4062
129 1777285678 3547 3691 3664 378 3578 3621 3622 3589 4063 4063 4062 4062 4062 4062 4062 4062
130 1777285678 3548 3692 3664 378 3578 3622 3622 3590 4063 4063 4062 4062 4062 4062 4062 4062
131 1777285678 3547 3692 3663 378 3578 3622 3622 3590 4061 4061 4061 4061 4061 4061 4061 4061
132 1777285678 3548 3693 3664 379 3578 3622 3622 3590 4063 4063 4062 4062 4062 4062 4062 4062
133 1777285678 3547 3691 3663 379 3578 3622 3622 3590 4063 4063 4062 4062 4062 4062 4062 4062
134 1777285678 3548 3692 3665 379 3578 3623 3623 3591 4061 4061 4061 4061 4061 4061 4061 4061
135 1777285678 3549 3693 3665 378 3579 3623 3623 3591 4062 4063 4062 4062 4062 4062 4062 4062
136 1777285678 3547 3691 3663 378 3576 3622 3622 3589 4061 4061 4061 4061 4061 4061 4061 4061
137 1777285678 3547 3692 3664 378 3577 3621 3621 3589 4063 4063 4063 4063 4063 4063 4063 4063
138 1777285679 3547 3692 3664 378 3578 3622 3622 3590 4063 4063 4062 4062 4062 4062 4062 4062
139 1777285679 3547 3691 3663 378 3578 3621 3622 3590 4063 4063 4062 4062 4062 4062 4062 4062
140 1777285679 3547 3692 3664 378 3578 3622 3622 3590 4063 4063 4062 4062 4062 4062 4062 4062
141 1777285679 3549 3692 3664 378 3579 3623 3623 3591 4063 4063 4062 4062 4062 4062 4062 4062
142 1777285679 3548 3693 3665 379 3578 3622 3622 3591 4063 4063 4062 4062 4062 4062 4062 4062
143 1777285679 3548 3693 3664 378 3579 3622 3622 3591 4061 4061 4061 4061 4061 4061 4061 4061
144 1777285679 3548 3693 3665 378 3580 3623 3623 3591 4061 4061 4061 4061 4061 4061 4061 4061
145 1777285679 3547 3692 3664 378 3578 3622 3622 3590 4061 4061 4061 4061 4061 4061 4061 4061
146 1777285679 3548 3692 3664 379 3578 3622 3622 3590 4063 4063 4062 4062 4062 4062 4062 4062
147 1777285679 3547 3692 3664 379 3577 3621 3622 3590 4063 4063 4062 4062 4062 4062 4062 4062
148 1777285679 3547 3692 3664 379 3578 3622 3622 3590 4061 4061 4061 4061 4061 4061 4061 4061
149 1777285679 3546 3691 3664 378 3578 3621 3622 3589 4063 4063 4062 4062 4062 4062 4062 4062
150 1777285679 3547 3691 3664 379 3578 3622 3622 3590 4061 4061 4061 4061 4061 4061 4061 4061
151 1777285679 3548 3692 3664 378 3578 3622 3622 3590 4063 4063 4063 4063 4063 4063 4063 4063
152 1777285679 3548 3691 3663 379 3578 3621 3621 3589 4061 4061 4061 4061 4061 4061 4061 4061
153 1777285679 3547 3692 3664 378 3578 3621 3622 3590 4063 4063 4062 4062 4062 4062 4062 4062
154 1777285679 3547 3692 3663 379 3578 3621 3622 3590 4063 4063 4062 4062 4062 4062 4062 4062
155 1777285679 3547 3691 3663 378 3577 3621 3622 3589 4063 4063 4062 4062 4062 4062 4062 4062
156 1777285679 3547 3692 3664 379 3578 3622 3622 3590 4061 4061 4061 4061 4061 4061 4061 4061
157 1777285679 3547 3692 3664 378 3578 3621 3622 3590 4061 4061 4061 4061 4061 4061 4061 4061
158 1777285679 3547 3692 3664 379 3578 3622 3623 3590 4061 4061 4061 4061 4061 4061 4061 4061
159 1777285679 3548 3693 3664 379 3578 3622 3622 3590 4063 4063 4062 4062 4062 4062 4062 4062
160 1777285679 3548 3693 3664 378 3578 3622 3622 3591 4063 4063 4062 4062 4062 4062 4062 4062
161 1777285679 3547 3692 3664 378 3579 3622 3623 3591 4063 4062 4062 4062 4062 4062 4062 4062
162 1777285679 3547 3692 3664 379 3578 3622 3622 3590 4063 4063 4062 4062 4062 4062 4062 4062
163 1777285679 3548 3692 3664 378 3579 3622 3622 3590 4063 4062 4062 4062 4062 4062 4062 4062
164 1777285679 3547 3691 3664 379 3578 3621 3622 3590 4063 4063 4062 4062 4062 4062 4062 4062
165 1777285679 3547 3692 3664 380 3578 3622 3622 3590 4063 4063 4062 4062 4062 4062 4062 4062
166 1777285679 3547 3692 3664 379 3578 3622 3622 3590 4061 4061 4061 4061 4061 4061 4061 4061
167 1777285679 3548 3693 3665 378 3579 3623 3623 3591 4063 4063 4063 4063 4063 4063 4063 4063
168 1777285679 3548 3692 3665 378 3578 3622 3622 3590 4063 4063 4062 4062 4062 4062 4062 4062
169 1777285679 3548 3693 3665 378 3579 3622 3623 3590 4063 4063 4062 4062 4062 4062 4062 4062
170 1777285679 3549 3693 3665 379 3579 3623 3623 3591 4063 4063 4062 4062 4062 4062 4062 4062
171 1777285679 3548 3693 3664 378 3579 3622 3623 3590 4063 4063 4062 4062 4062 4062 4062 4062
172 1777285679 3547 3691 3663 379 3577 3621 3622 3590 4063 4063 4063 4063 4063 4063 4063 4063
173 1777285679 3548 3692 3665 379 3579 3622 3623 3591 4063 4063 4062 4062 4062 4062 4062 4062
174 1777285679 3547 3691 3664 379 3577 3622 3622 3590 4063 4063 4062 4062 4062 4062 4062 4062
175 1777285679 3548 3692 3665 378 3578 3622 3622 3591 4063 4063 4062 4062 4062 4062 4062 4062
176 1777285679 3547 3692 3664 379 3578 1707 3622 3590 4063 4062 4062 4062 4062 4062 4062 4062
177 1777285679 3547 3691 3663 379 3577 3621 3622 3590 4061 4061 4061 4061 4061 4061 4061 4061
178 1777285679 3548 3692 3664 379 3578 3622 3622 3590 4059 4059 4059 4059 4059 4059 4059 4059
179 1777285679 3548 3692 3664 379 3578 3622 3622 3590 4061 4061 4061 4061 4061 4061 4061 4061
180 1777285679 3548 3693 3664 379 3578 3622 3622 3590 4063 4063 4062 4062 4062 4062 4062 4062
181 1777285679 3548 3692 3664 379 3579 3622 3622 3590 4063 4063 4062 4062 4062 4062 4062 4062
182 1777285679 3548 3693 3665 379 3578 3622 3623 3591 4061 4061 4061 4061 4061 4061 4061 4061
183 1777285679 3548 3693 3664 379 3578 3622 3622 3590 4061 4061 4061 4061 4061 4061 4061 4061
184 1777285679 3547 3692 3664 379 3578 3622 3622 3590 4063 4063 4062 4062 4062 4062 4062 4062
185 1777285679 3547 3692 3664 378 3578 3621 3621 3589 4063 4063 4062 4062 4062 4062 4062 4062
186 1777285679 3548 3693 3665 379 3578 3622 3622 3590 4063 4062 4062 4062 4062 4062 4062 4062
187 1777285679 3548 3693 3665 378 3579 3622 3623 3591 4063 4063 4062 4062 4062 4062 4062 4062
188 1777285679 3548 3693 3665 379 3579 3622 3623 3591 4063 4063 4063 4063 4063 4063 4063 4063
189 1777285679 3548 3692 3664 378 3579 3622 3622 3591 4063 4063 4062 4062 4062 4062 4062 4062
190 1777285679 3548 3693 3665 379 3579 3622 3622 3590 4063 4063 4063 4063 4063 4063 4063 4063
191 1777285679 3549 3693 3664 378 3578 3622 3622 3590 4063 4063 4062 4062 4062 4062 4062 4062
192 1777285679 3548 3693 3665 379 3579 3622 3622 3590 4063 4063 4062 4062 4062 4062 4062 4062
193 1777285679 3549 3693 3665 379 3579 3623 3623 3591 4061 4061 4061 4061 4061 4061 4061 4061
194 1777285679 3548 3692 3664 379 3578 3622 3622 3590 4063 4063 4062 4062 4062 4062 4062 4062
195 1777285679 3548 3693 3665 379 3579 3622 3623 3591 4063 4063 4063 4063 4063 4063 4063 4063
196 1777285679 3548 3692 3664 379 3579 3622 3622 3591 4061 4061 4061 4061 4061 4061 4061 4061
197 1777285679 3547 3692 3664 380 3578 3621 3622 3590 4063 4063 4062 4062 4062 4062 4062 4062
198 1777285679 3548 3693 3665 379 3578 3623 3623 3591 4063 4063 4062 4062 4062 4062 4062 4062
199 1777285679 3547 3692 3664 379 3577 3622 3622 3590 4063 4063 4062 4062 4062 4062 4062 4062
200 1777285679 3548 3692 3664 379 3579 3622 3623 3591 4063 4063 4062 4062 4062 4062 4062 4062
201 1777285679 3548 3692 3665 379 3579 3623 3623 3592 4061 4061 4061 4061 4061 4061 4061 4061
202 1777285679 3548 3693 3665 378 3579 3623 3623 3591 4061 4061 4061 4061 4061 4061 4061 4061
203 1777285679 3548 3693 3665 379 3579 3622 3622 3591 4063 4063 4062 4062 4062 4062 4062 4062
204 1777285679 3547 3692 3664 379 3578 3622 3621 3590 4063 4063 4062 4062 4062 4062 4062 4062
205 1777285679 3548 3693 3664 379 3579 3623 3623 3591 4061 4061 4061 4061 4061 4061 4061 4061
206 1777285679 3548 3692 3665 379 3578 3623 3623 3591 4061 4061 4061 4061 4061 4061 4061 4061
207 1777285680 3548 3692 3664 379 3578 3622 3623 3590 4063 4063 4063 4063 4063 4063 4063 4063
208 1777285680 3548 3693 3665 378 3578 3623 3622 3591 4063 4063 4062 4062 4062 4062 4062 4062
209 1777285680 3549 3693 3665 378 3579 3623 3624 3591 4063 4063 4062 4062 4062 4062 4062 4062
210 1777285680 3549 3693 3665 379 3579 3622 3622 3590 4063 4063 4063 4063 4063 4063 4063 4063
211 1777285680 3549 3694 3666 379 3580 3623 3623 3591 4061 4061 4061 4061 4061 4061 4061 4061
212 1777285680 3548 3693 3665 379 3579 3623 3624 3592 4063 4063 4063 4063 4063 4063 4063 4063
213 1777285680 3548 3693 3665 380 3579 3622 3622 3591 4061 4061 4061 4061 4061 4061 4061 4061
214 1777285680 3549 3693 412 378 3580 3623 3623 3592 4063 4063 4062 4062 4062 4062 4062 4062
215 1777285680 3548 3692 3665 378 3579 3622 3622 3590 4063 4063 4063 4063 4063 4063 4063 4063
216 1777285680 3548 3692 3665 379 3579 3622 3622 3590 4061 4061 4061 4061 4061 4061 4061 4061
217 1777285680 3548 3692 3664 379 3579 3622 3623 3591 4063 4063 4062 4062 4062 4062 4062 4062
218 1777285680 3548 3693 3665 379 3579 3623 3622 3590 4063 4061 4061 4061 4061 4061 4061 4061
219 1777285680 3548 3693 3665 378 3579 3623 3623 3591 4063 4063 4062 4062 4062 4062 4062 4062
220 1777285680 3549 3693 3665 379 3579 3623 3623 3591 4063 4063 4062 4062 4062 4062 4062 4062
221 1777285680 3549 3693 3665 379 3579 3623 3623 3591 4061 4061 4061 4061 4061 4061 4061 4061
222 1777285680 3548 3692 3665 379 3578 3622 3622 3590 4063 4063 4062 4062 4062 4062 4062 4062
223 1777285680 3548 3693 3665 379 3579 3622 3623 3591 4063 4063 4063 4063 4063 4063 4063 4063
224 1777285680 3548 3693 3665 379 3579 3623 3623 3591 4063 4063 4062 4062 4062 4062 4062 4062
225 1777285680 3549 3693 3665 379 3579 3622 3623 3591 4061 4061 4061 4061 4061 4061 4061 4061
226 1777285688 3547 3691 3664 379 3578 3621 3622 3589 4061 4061 4061 4061 4061 4061 4061 4061
227 1777285688 3547 3691 3663 381 3577 3621 3621 3589 4063 4063 4062 4062 4062 4062 4062 4062
228 1777285688 3547 3692 3663 380 3578 3622 3622 3590 4061 4061 4061 4061 4061 4061 4061 4061
229 1777285688 3548 3692 3664 379 3578 3621 3622 3590 4063 4063 4063 4063 4063 4063 4063 4063
230 1777285688 3548 3693 3665 379 3577 3622 3623 3591 4063 4063 4062 4062 4062 4062 4062 4062
231 1777285688 3548 3692 3665 379 3578 3622 3622 3591 4063 4063 4063 4063 4063 4063 4063 4063
232 1777285688 3548 3692 3664 379 3579 3622 3622 3590 4063 4063 4062 4062 4062 4062 4062 4062
233 1777285688 3547 3692 3664 379 3578 3621 3622 3589 4063 4063 4062 4062 4062 4062 4062 4062
234 1777285688 3548 3692 3664 380 3578 3622 3622 3590 4063 4063 4062 4062 4062 4062 4062 4062
235 1777285688 3548 3693 3665 379 3579 3623 3623 3591 4061 4061 4061 4061 4061 4061 4061 4061
236 1777285688 3548 3692 3664 380 3578 3622 3623 3590 4063 4063 4062 4062 4062 4062 4062 4062
237 1777285688 3548 3692 3665 379 3579 3622 3623 3591 4063 4063 4062 4062 4062 4062 4062 4062
238 1777285688 3548 3691 3664 379 3578 3622 3622 3590 4063 4062 4062 4062 4062 4062 4062 4062
239 1777285688 3549 3693 3665 379 3580 3623 3624 3592 4063 4063 4062 4062 4062 4062 4062 4062
240 1777285688 3548 3692 3664 379 3578 3622 3622 3591 4063 4063 4062 4062 4062 4062 4062 4062
241 1777285688 3547 3692 3664 379 3578 3621 3621 3590 4061 4061 4061 4061 4061 4061 4061 4061
242 1777285688 3549 3694 3665 379 3579 3623 3623 3591 4063 4063 4062 4062 4062 4062 4062 4062
243 1777285688 3548 3692 3664 379 3578 3622 3622 3590 4061 4061 4061 4061 4061 4061 4061 4061
244 1777285688 3548 3692 3665 380 3578 3622 3623 3590 4063 4063 4062 4062 4062 4062 4062 4062
245 1777285688 3548 3692 3664 379 3578 3623 3622 3591 4061 4061 4061 4061 4061 4061 4061 4061
246 1777285688 3549 3693 3665 379 3579 3623 3623 3591 4063 4063 4062 4062 4062 4062 4062 4062
247 1777285688 3548 3693 3665 379 3579 3623 3623 3591 4063 4063 4062 4062 4062 4062 4062 4062
248 1777285688 3548 3692 3664 379 3579 3622 3622 3590 4063 4063 4062 4062 4062 4062 4062 4062
249 1777285688 3548 3692 3665 379 3578 3623 3623 3591 4061 4061 4061 4061 4061 4061 4061 4061
250 1777285688 3548 3693 3665 380 3579 3622 3623 3591 4063 4063 4063 4063 4063 4063 4063 4063
251 1777285688 3547 3692 3664 379 3578 3622 3622 3590 4063 4063 4062 4062 4062 4062 4062 4062
252 1777285688 3549 3693 3665 380 3579 3623 3623 3591 4063 4063 4062 4062 4062 4062 4062 4062
253 1777285688 3547 3692 3664 379 3578 3621 3621 3589 4063 4062 4062 4062 4062 4062 4062 4062
254 1777285688 3548 3693 3665 380 3579 3623 3623 3591 4063 4063 4063 4063 4063 4063 4063 4063
255 1777285688 3549 3693 3666 379 3580 3623 3624 3592 4063 4063 4062 4062 4062 4062 4062 4062
256 1777285688 3548 3693 3665 379 3579 3623 3623 3591 4063 4063 4063 4063 4063 4063 4063 4063
257 1777285688 3548 3692 3664 379 3578 3622 3622 3591 4061 4061 4061 4061 4061 4061 4061 4061
258 1777285688 3548 3693 3665 379 3579 3622 3623 3591 4063 4063 4062 4062 4062 4062 4062 4062
259 1777285688 3549 3693 3665 379 3579 3623 3623 3591 4063 4063 4063 4063 4063 4063 4063 4063
260 1777285688 3549 3693 3665 380 3579 3623 3624 3592 4063 4063 4062 4062 4062 4062 4062 4062
261 1777285688 3549 3693 3665 379 3578 3623 3623 3592 4063 4062 4062 4062 4062 4062 4062 4062
262 1777285688 3548 3693 3666 379 3579 3623 3623 3591 4063 4063 4062 4062 4062 4062 4062 4062
263 1777285688 3548 3693 3665 379 3579 3622 3623 3591 4063 4063 4063 4063 4063 4063 4063 4063
264 1777285688 3549 3694 3666 380 3579 3623 3623 3592 4063 4063 4062 4062 4062 4062 4062 4062
265 1777285688 3549 3693 3665 379 3579 3623 3623 3591 4063 4063 4062 4062 4062 4062 4062 4062
266 1777285688 3548 3693 3665 379 3579 3623 3623 3591 4063 4063 4062 4062 4062 4062 4062 4062
267 1777285688 3549 3694 3666 379 3580 3623 3624 3592 4061 4061 4061 4061 4061 4061 4061 4061
268 1777285688 3549 3694 3665 379 3579 3623 3623 3591 4061 4061 4061 4061 4061 4061 4061 4061
269 1777285688 3548 3693 3665 379 3579 3622 3622 3591 4063 4063 4062 4062 4062 4062 4062 4062
270 1777285688 3549 3693 3665 379 3579 3622 3623 3591 4063 4063 4062 4062 4062 4062 4062 4062
271 1777285688 3548 3693 3665 379 3579 3623 3623 3591 4061 4061 4061 4061 4061 4061 4061 4061
272 1777285688 3549 3693 3665 380 3579 3623 3624 3591 4063 4063 4062 4062 4062 4062 4062 4062
273 1777285688 3550 3694 3666 379 3580 3624 3624 3592 4063 4063 4062 4062 4062 4062 4062 4062
274 1777285688 3549 3693 3665 379 3580 3623 3624 3592 4061 4061 4061 4061 4061 4061 4061 4061
275 1777285688 3548 3694 3666 379 3580 3623 3624 3592 4063 4063 4062 4062 4062 4062 4062 4062
276 1777285688 3549 3693 3666 380 3579 3624 3624 3592 4063 4063 4062 4062 4062 4062 4062 4062
277 1777285688 3548 3692 3665 379 3578 3622 3623 3591 4061 4061 4061 4061 4061 4061 4061 4061
278 1777285688 3550 3694 3666 380 3581 3624 3625 3592 4061 4061 4061 4061 4061 4061 4061 4061
279 1777285688 3550 3694 3666 379 3580 3623 3623 3591 4063 4063 4062 4062 4062 4062 4062 4062
280 1777285689 3549 3693 3666 380 3579 3624 3624 3592 4061 4061 4061 4061 4061 4061 4061 4061
281 1777285689 3549 3693 3665 379 3579 3623 3623 3591 4063 4063 4062 4062 4062 4062 4062 4062
282 1777285689 3550 3694 3667 380 3580 3624 3625 3593 4063 4063 4062 4062 4062 4062 4062 4062
283 1777285689 3549 3694 3665 379 3580 3623 3624 3592 4061 4061 4061 4061 4061 4061 4061 4061
284 1777285689 3549 3694 3666 379 3580 3624 3624 3592 4061 4061 4061 4061 4061 4061 4061 4061
285 1777285689 3549 3694 3666 379 3580 3624 3625 3592 4061 4061 4061 4061 4061 4061 4061 4061
286 1777285689 3549 3694 3666 379 3580 3623 3624 3592 4063 4063 4062 4062 4062 4062 4062 4062
287 1777285689 3549 3693 3665 380 3579 3623 3623 3591 4063 4063 4062 4062 4062 4062 4062 4062
288 1777285689 3549 3694 3665 380 3580 3623 3624 3592 4063 4063 4062 4062 4062 4062 4062 4062
289 1777285689 3549 3693 3665 379 3579 3623 3624 3591 4061 4061 4061 4061 4061 4061 4061 4061
290 1777285689 3548 3693 3665 380 3579 3623 3623 3591 4063 4063 4062 4062 4062 4062 4062 4062
291 1777285689 3549 3694 3666 381 3580 3624 3624 3592 4061 4061 4061 4061 4061 4061 4061 4061
292 1777285689 3550 3694 3665 380 3579 3623 3624 3592 4061 4061 4061 4061 4061 4061 4061 4061
293 1777285689 3549 3694 3666 379 3580 3623 3624 3592 4063 4063 4062 4062 4062 4062 4062 4062
294 1777285689 3550 3694 3666 380 3580 3624 3624 3593 4063 4061 4061 4061 4061 4061 4061 4061
295 1777285689 3549 3693 3665 379 3579 3623 3623 3591 4063 4063 4062 4062 4062 4062 4062 4062
296 1777285689 3548 3693 3665 379 3579 3623 3623 3592 4063 4063 4062 4062 4062 4062 4062 4062
297 1777285689 3549 3694 3666 379 3580 3623 3624 3592 4063 4063 4063 4063 4063 4063 4063 4063
298 1777285689 3549 3694 3666 380 3579 3623 3624 3592 4061 4061 4061 4061 4061 4061 4061 4061
299 1777285689 3549 3694 3665 380 3580 3623 3623 3592 4063 4063 4062 4062 4062 4062 4062 4062
300 1777285689 3549 3693 3665 380 3579 3623 3623 3591 4063 4063 4062 4062 4062 4062 4062 4062
301 1777285689 3549 3693 3666 380 3579 3623 3623 3591 4063 4063 4062 4062 4062 4062 4062 4062
302 1777285689 3549 3693 3666 380 3580 3623 3624 3592 4063 4063 4062 4062 4062 4062 4062 4062
303 1777285689 3549 3693 3665 380 3580 3623 3623 3592 4063 4063 4062 4062 4062 4062 4062 4062
304 1777285689 3548 3693 3665 380 3580 3624 3624 3591 4061 4061 4061 4061 4061 4061 4061 4061
305 1777285689 3549 3694 3666 379 3580 3623 3623 3591 4061 4061 4061 4061 4061 4061 4061 4061
306 1777285689 3549 3693 3666 380 3580 3623 3624 3591 4063 4063 4062 4062 4062 4062 4062 4062
307 1777285689 3549 3693 3665 380 3580 3623 3624 3592 4063 4062 4062 4062 4062 4062 4062 4062
308 1777285689 3549 3694 3666 380 3581 3624 3624 3592 4061 4061 4061 4061 4061 4061 4061 4061
309 1777285689 3549 3694 3665 380 3579 3623 3623 3591 4063 4063 4063 4063 4063 4063 4063 4063
310 1777285689 3549 3693 3665 380 3579 3623 3623 3591 4063 4063 4062 4062 4062 4062 4062 4062
311 1777285689 3550 3694 3666 379 3580 3624 3625 3592 4063 4063 4062 4062 4062 4062 4062 4062
312 1777285689 3550 3694 3666 380 3580 3624 3624 3592 4063 4063 4062 4062 4062 4062 4062 4062
313 1777285689 3549 3694 3666 380 3580 3624 3624 3592 4061 4061 4061 4061 4061 4061 4061 4061
314 1777285689 3549 3694 3666 380 3580 3623 3623 3592 4063 4063 4062 4062 4062 4062 4062 4062
315 1777285689 3550 3694 3666 381 3580 3624 3624 3592 4063 4063 4062 4062 4062 4062 4062 4062
316 1777285689 3549 3694 3666 380 3580 3624 3624 3592 4061 4061 4061 4061 4061 4061 4061 4061
317 1777285689 3548 3693 3665 380 3579 3623 3623 3591 4061 4061 4061 4061 4061 4061 4061 4061
318 1777285689 3549 3693 3665 380 3580 3623 3624 3592 4063 4063 4062 4062 4062 4062 4062 4062
319 1777285689 3549 3693 3666 380 3580 3624 3624 3593 4063 4063 4062 4062 4062 4062 4062 4062
320 1777285689 3550 3694 3666 380 3580 3624 3624 3592 4061 4061 4061 4061 4061 4061 4061 4061
321 1777285689 3548 3693 3664 379 3579 3623 3623 3591 4061 4061 4061 4061 4061 4061 4061 4061
322 1777285689 3550 3694 3667 379 3581 3624 3625 3593 4061 4061 4061 4061 4061 4061 4061 4061
323 1777285689 3548 3693 3665 381 3579 3622 3623 3591 4061 4061 4061 4061 4061 4061 4061 4061
324 1777285689 3550 3695 3666 380 3579 3624 3624 3592 4061 4061 4061 4061 4061 4061 4061 4061
325 1777285689 3549 3694 3666 380 3580 3623 3623 3591 4061 4061 4061 4061 4061 4061 4061 4061
326 1777285689 3549 3693 3665 379 3580 3623 3624 3592 4063 4063 4062 4062 4062 4062 4062 4062
327 1777285689 3550 3695 3666 380 3580 3624 3624 3592 4063 4063 4063 4063 4063 4063 4063 4063
328 1777285689 3550 3694 3666 380 3581 3624 3625 3593 4063 4063 4062 4062 4062 4062 4062 4062
329 1777285689 3549 3694 3666 379 3580 3623 3624 3592 4063 4063 4062 4062 4062 4062 4062 4062
330 1777285689 3549 3693 3666 380 3580 3623 3623 3592 4061 4061 4061 4061 4061 4061 4061 4061
331 1777285689 3549 3693 3666 380 3580 3623 3624 3592 4063 4063 4062 4062 4062 4062 4062 4062
332 1777285689 3549 3694 3665 380 3579 3623 3624 3592 4063 4063 4063 4063 4063 4063 4063 4063
333 1777285689 3549 3694 3666 379 3580 3624 3624 3592 4063 4063 4062 4062 4062 4062 4062 4062
334 1777285689 3550 3694 3666 380 3580 3624 3624 3592 4063 4063 4063 4063 4063 4063 4063 4063
335 1777285689 3550 3694 3667 380 3580 3625 3624 3592 4063 4063 4062 4062 4062 4062 4062 4062
336 1777285689 3549 3694 3666 380 3579 3623 3624 3592 4061 4061 4061 4061 4061 4061 4061 4061
337 1777285689 3550 3695 3667 380 3581 3625 3625 3593 4063 4063 4062 4062 4062 4062 4062 4062
338 1777285689 3549 3694 3666 380 3580 3623 3624 3592 4063 4063 4062 4062 4062 4062 4062 4062
339 1777285689 3549 3693 3665 381 3579 3623 3624 3592 4063 4063 4062 4062 4062 4062 4062 4062
340 1777285689 3550 3694 3666 380 3580 3624 3624 3592 4061 4061 4061 4061 4061 4061 4061 4061
341 1777285689 3549 3694 3666 380 3580 3623 3624 3592 4063 4063 4062 4062 4062 4062 4062 4062
342 1777285689 3549 3693 3665 380 3579 3623 3623 3592 4063 4063 4062 4062 4062 4062 4062 4062
343 1777285689 3549 3694 3666 380 3580 3623 3623 3591 4061 4061 4061 4061 4061 4061 4061 4061
344 1777285689 3549 3694 3665 380 3579 3623 3623 3592 4063 4063 4063 4063 4063 4063 4063 4063
345 1777285689 3549 3693 3665 380 3579 3623 3623 3591 4063 4063 4062 4062 4062 4062 4062 4062
346 1777285689 3548 3693 3665 380 3580 3623 3624 3591 4061 4061 4061 4061 4061 4061 4061 4061
347 1777285689 3549 3694 3666 380 3580 3624 3624 3592 4063 4063 4062 4062 4062 4062 4062 4062
348 1777285690 3549 3694 3666 380 3581 3624 3625 3592 4063 4063 4063 4063 4063 4063 4063 4063
349 1777285690 3549 3694 3665 380 3580 3623 3623 3591 4063 4063 4063 4063 4063 4063 4063 4063
350 1777285690 3549 3694 3666 379 3580 3624 3624 3592 4063 4063 4062 4062 4062 4062 4062 4062
351 1777285690 3551 3695 3667 380 3581 3625 3625 3593 4061 4061 4061 4061 4061 4061 4061 4061
352 1777285690 3547 3692 3664 378 3579 3622 3622 3590 4061 4061 4061 4061 4061 4061 4061 4061
353 1777285690 3548 3692 3664 378 3578 3622 3622 3590 4063 4063 4062 4062 4062 4062 4062 4062
354 1777285690 3548 3692 3664 378 3579 3622 3622 3590 4063 4063 4062 4062 4062 4062 4062 4062
355 1777285690 3547 3692 3664 378 3579 3622 3622 3590 4063 4063 4063 4063 4063 4063 4063 4063
356 1777285690 3547 3691 3663 380 3577 3621 3621 3589 4063 4063 4062 4062 4062 4062 4062 4062
357 1777285690 3548 3692 3664 379 3578 3622 3623 3591 4063 4063 4062 4062 4062 4062 4062 4062
358 1777285690 3548 3692 3664 378 3577 3622 3622 3590 4063 4062 4062 4062 4062 4062 4062 4062
359 1777285690 3547 463 3662 379 3576 3621 3622 3590 4063 4063 4062 4062 4062 4062 4062 4062
360 1777285698 3547 3691 3663 378 3577 3620 3621 3589 4061 4061 4061 4061 4061 4061 4061 4061
361 1777285698 3548 3692 3664 378 3578 3622 3622 3589 4063 4063 4063 4063 4063 4063 4063 4063
362 1777285698 3546 3691 3663 378 3577 3621 3621 3589 4063 4063 4062 4062 4062 4062 4062 4062
363 1777285698 3548 3692 3664 378 3578 3621 3621 3589 4061 4061 4061 4061 4061 4061 4061 4061
364 1777285698 3547 3692 3663 378 3578 3621 3622 3590 4061 4061 4061 4061 4061 4061 4061 4061
365 1777285698 3548 3692 3664 378 3577 3621 3622 3590 4063 4063 4062 4062 4062 4062 4062 4062
366 1777285698 3546 3691 3663 378 3577 3621 3621 3589 4061 4061 4061 4061 4061 4061 4061 4061
367 1777285698 3547 3691 3663 378 3577 3621 3621 3589 4061 4061 4061 4061 4061 4061 4061 4061
368 1777285698 3547 3691 3663 377 3578 3622 3622 3589 4063 4063 4062 4062 4062 4062 4062 4062
369 1777285698 3548 3692 3664 378 3578 3622 3621 3590 4063 4063 4062 4062 4062 4062 4062 4062
370 1777285698 3547 3691 3664 378 3578 3621 3622 3589 4063 4063 4062 4062 4062 4062 4062 4062
371 1777285698 3546 3691 3663 378 3577 3621 3621 3589 4063 4063 4063 4063 4063 4063 4063 4063
372 1777285698 3547 3691 3663 379 3578 3621 3622 3590 4061 4061 4061 4061 4061 4061 4061 4061
373 1777285698 3547 3692 3664 378 3577 3621 3621 3589 4063 4063 4062 4062 4062 4062 4062 4062
374 1777285698 3548 3691 3664 378 3578 3622 3622 3590 4063 4063 4063 4063 4063 4063 4063 4063
375 1777285698 3547 3692 3664 378 3578 3621 3622 3590 4063 4063 4063 4063 4063 4063 4063 4063
376 1777285706 3547 3691 3663 378 3577 3620 3621 3589 4063 4063 4063 4063 4063 4063 4063 4063
377 1777285706 3548 3692 3664 379 3578 3621 3622 3590 4063 4062 4062 4062 4062 4062 4062 4062
378 1777285706 3547 3692 3664 378 3577 3621 3621 3588 4063 4063 4062 4062 4062 4062 4062 4062
379 1777285706 3547 3691 3663 379 3578 3622 3622 3590 4063 4063 4063 4063 4063 4063 4063 4063
380 1777285706 3547 3691 3664 378 3578 3622 3622 3590 4063 4063 4062 4062 4062 4062 4062 4062
381 1777285706 3547 3690 3663 378 3577 3620 3620 3589 4063 4063 4062 4062 4062 4062 4062 4062
382 1777285706 3547 3692 3664 379 3578 3621 3622 3590 4063 4063 4062 4062 4062 4062 4062 4062
383 1777285706 3547 3691 3663 379 3578 3621 3621 3589 4063 4063 4062 4062 4062 4062 4062 4062
384 1777285706 3548 3692 3664 378 3578 3622 3623 3591 4063 4063 4062 4062 4062 4062 4062 4062
385 1777285706 3547 3692 3664 378 3578 3622 3622 3590 4063 4063 4062 4062 4062 4062 4062 4062
386 1777285706 3548 3691 3664 378 3578 3622 3622 3590 4063 4063 4062 4062 4062 4062 4062 4062
387 1777285714 3548 3692 3664 378 3577 3622 3622 3590 4063 4063 4062 4062 4062 4062 4062 4062
388 1777285714 3547 3692 3663 378 3576 3621 3622 3589 4061 4061 4061 4061 4061 4061 4061 4061
389 1777285714 3548 3692 3664 379 3578 3622 3622 3591 4061 4061 4061 4061 4061 4061 4061 4061
390 1777285714 3548 3692 3664 378 3578 3622 3622 3590 4063 4063 4062 4062 4062 4062 4062 4062
391 1777285714 3547 3692 3664 378 3578 3622 3622 3590 4063 4063 4063 4063 4063 4063 4063 4063
392 1777285714 3548 3692 3664 378 3578 3622 3622 3591 4063 4061 4061 4061 4061 4061 4061 4061
393 1777285714 3548 3692 3664 378 3579 3623 3623 3591 4063 4063 4062 4062 4062 4062 4062 4062
394 1777285714 3548 3692 3665 379 3578 3622 3622 3591 4061 4061 4061 4061 4061 4061 4061 4061
395 1777285714 3548 3692 3664 378 3578 3622 3622 3590 4063 4063 4063 4063 4063 4063 4063 4063
396 1777285714 3547 3692 3663 379 3578 3621 3622 3590 4063 4063 4063 4063 4063 4063 4063 4063
397 1777285714 3547 3692 3664 378 3578 3622 3622 3590 4063 4063 4062 4062 4062 4062 4062 4062
398 1777285714 3547 3691 3663 379 3578 3622 3622 3590 4063 4063 4062 4062 4062 4062 4062 4062
399 1777285714 3549 3693 3665 378 3579 3622 3622 3590 4063 4061 4061 4061 4061 4061 4061 4061
400 1777285714 3548 3692 3664 378 3578 3622 3622 3590 4063 4063 4062 4062 4062 4062 4062 4062
401 1777285714 3547 3691 3664 378 3578 3621 3621 3589 4063 4062 4062 4062 4062 4062 4062 4062
402 1777285714 3547 3692 3664 379 3578 3621 3622 3590 4063 4063 4062 4062 4062 4062 4062 4062
403 1777285714 3548 3692 3665 378 3579 3623 3623 3591 4063 4063 4063 4063 4063 4063 4063 4063
404 1777285714 3548 3692 3665 379 3579 3622 3622 3590 4063 4063 4063 4063 4063 4063 4063 4063
405 1777285714 3547 3692 3664 379 3579 3622 3622 3590 4061 4061 4061 4061 4061 4061 4061 4061
406 1777285714 3547 3691 3664 379 3578 3622 3622 3590 4061 4061 4061 4061 4061 4061 4061 4061
407 1777285714 3548 3692 3664 378 3578 3622 3622 3591 4063 4063 4063 4063 4063 4063 4063 4063
408 1777285714 3547 3692 3664 379 3578 3622 3622 3590 4063 4061 4061 4061 4061 4061 4061 4061
409 1777285714 3549 3694 3666 378 3579 3623 3624 3591 4063 4063 4063 4063 4063 4063 4063 4063
410 1777285714 3548 3693 3665 379 3579 3623 3624 3592 4063 4063 4062 4062 4062 4062 4062 4062
411 1777285714 3549 3693 3665 378 3579 3623 3623 3591 4063 4063 4062 4062 4062 4062 4062 4062
412 1777285714 3548 3692 3665 379 3578 3622 3623 3591 4063 4063 4062 4062 4062 4062 4062 4062
413 1777285714 3549 3694 3665 378 3580 3624 3624 3592 4063 4063 4063 4063 4063 4063 4063 4063
414 1777285714 3548 3693 3665 379 3579 3622 3622 3591 4061 4061 4061 4061 4061 4061 4061 4061
415 1777285714 3548 3692 3665 378 3579 3623 3623 3591 4063 4063 4062 4062 4062 4062 4062 4062
416 1777285714 3548 3693 3665 379 3579 3622 3622 3591 4061 4061 4061 4061 4061 4061 4061 4061
417 1777285714 3548 3692 3664 380 3579 3622 3623 3591 4063 4062 4062 4062 4062 4062 4062 4062
418 1777285714 3549 3693 3665 379 3578 3623 3623 3592 4061 4061 4061 4061 4061 4061 4061 4061
419 1777285714 3548 3693 3664 378 3577 3622 3623 3591 4063 4063 4062 4062 4062 4062 4062 4062
420 1777285714 3549 3693 3665 378 3579 3623 3622 3591 4063 4063 4062 4062 4062 4062 4062 4062
421 1777285714 3548 3692 3664 379 3579 3622 3622 3591 4061 4061 4061 4061 4061 4061 4061 4061
422 1777285714 3548 3693 3665 378 3579 3623 3623 3591 4063 4063 4063 4063 4063 4063 4063 4063
423 1777285714 3549 3694 3666 378 3580 3623 3623 3590 4061 4061 4061 4061 4061 4061 4061 4061
424 1777285714 3548 3693 3665 379 3579 3622 3623 3590 4063 4062 4062 4062 4062 4062 4062 4062
425 1777285714 3548 3692 3664 378 3579 3622 3622 3590 4063 4063 4063 4063 4063 4063 4063 4063
426 1777285714 3548 3692 3665 379 3578 3622 3623 3590 4061 4061 4061 4061 4061 4061 4061 4061
427 1777285714 3548 3692 3664 379 3579 3622 3623 3591 4063 4063 4062 4062 4062 4062 4062 4062
428 1777285714 3549 3693 3665 379 3580 3623 3623 3592 4061 4061 4061 4061 4061 4061 4061 4061
429 1777285714 3548 3693 3666 379 3579 3623 3624 3591 4061 4061 4061 4061 4061 4061 4061 4061
430 1777285714 3549 3693 3665 378 3579 3623 3623 3591 4063 4063 4063 4063 4063 4063 4063 4063
431 1777285714 3548 3692 3664 379 3579 3622 3622 3591 4061 4061 4061 4061 4061 4061 4061 4061
432 1777285714 3549 3693 3665 378 3579 3623 3623 3591 4061 4061 4061 4061 4061 4061 4061 4061
433 1777285714 3548 3693 3665 379 3579 3623 3623 3591 4063 4063 4062 4062 4062 4062 4062 4062
434 1777285714 3549 3693 3665 379 3578 3622 3623 3591 4063 4063 4062 4062 4062 4062 4062 4062
435 1777285714 3549 3693 3665 379 3579 3623 3623 3591 4063 4063 4062 4062 4062 4062 4062 4062
436 1777285714 3548 3693 3665 379 3580 3622 3623 3591 4063 4063 4062 4062 4062 4062 4062 4062
437 1777285714 3549 3693 3665 378 3579 3623 3623 3591 4063 4063 4062 4062 4062 4062 4062 4062
438 1777285714 3548 3693 3665 379 3579 3623 3623 3591 4063 4063 4062 4062 4062 4062 4062 4062
439 1777285714 3549 3694 3666 379 3580 3623 3623 3591 4063 4063 4063 4063 4063 4063 4063 4063
440 1777285715 3548 3693 3665 379 3579 3623 3623 3591 4063 4063 4063 4063 4063 4063 4063 4063
441 1777285715 3548 3693 3665 378 3579 3623 3623 3591 4061 4061 4061 4061 4061 4061 4061 4061
442 1777285715 3547 3693 3665 379 3578 3622 3623 3591 4063 4063 4062 4062 4062 4062 4062 4062
443 1777285715 3548 3693 3664 379 3579 3622 3623 3591 4063 4063 4062 4062 4062 4062 4062 4062
444 1777285715 3549 3693 3665 378 3579 3622 3622 3590 4063 4062 4062 4062 4062 4062 4062 4062
445 1777285715 3548 3693 3664 379 3579 3622 3622 3591 4063 4063 4062 4062 4062 4062 4062 4062
446 1777285715 3549 3693 3665 378 3580 3623 3623 3591 4063 4063 4063 4063 4063 4063 4063 4063
447 1777285715 3548 3693 3665 379 3579 3623 3623 3591 4063 4063 4062 4062 4062 4062 4062 4062
448 1777285715 3549 3694 3665 379 3580 3624 3624 3592 4061 4061 4061 4061 4061 4061 4061 4061
449 1777285715 3549 3693 3665 380 3579 3623 3623 3592 4063 4062 4062 4062 4062 4062 4062 4062
450 1777285715 3548 3693 3665 379 3578 3623 3623 3591 4063 4063 4062 4062 4062 4062 4062 4062
451 1777285715 3548 3692 3665 379 3577 3622 3622 3590 4063 4062 4062 4062 4062 4062 4062 4062
452 1777285715 3549 3693 3665 379 3580 3623 3624 3592 4063 4063 4062 4062 4062 4062 4062 4062
453 1777285715 3548 3692 3665 379 3579 3622 3623 3591 4063 4063 4063 4063 4063 4063 4063 4063
454 1777285723 3546 3691 3663 379 3577 3621 3621 3589 4061 4061 4061 4061 4061 4061 4061 4061
455 1777285723 3547 3692 3664 379 3578 3622 3622 3590 4063 4063 4062 4062 4062 4062 4062 4062
456 1777285723 3547 3692 3663 380 3578 3621 3622 3590 4063 4063 4062 4062 4062 4062 4062 4062
457 1777285723 3548 3692 3664 379 3578 3622 3622 3591 4062 4063 4062 4062 4062 4062 4062 4062
458 1777285723 3546 3691 3663 379 3577 3620 3621 3589 4063 4063 4062 4062 4062 4062 4062 4062
459 1777285723 3548 3692 3664 379 3578 3622 3622 3590 4061 4061 4061 4061 4061 4061 4061 4061
460 1777285723 3548 3692 3665 379 3579 3623 3622 3591 4063 4063 4062 4062 4062 4062 4062 4062
461 1777285723 3548 3692 3664 379 3578 3622 3622 3590 4061 4061 4061 4061 4061 4061 4061 4061
462 1777285723 3547 3692 3664 379 3578 3621 3622 3590 4063 4063 4062 4062 4062 4062 4062 4062
463 1777285723 3549 3693 3665 379 3579 3623 3623 3591 4061 4061 4061 4061 4061 4061 4061 4061
464 1777285723 3548 3692 3664 379 3579 3622 3623 3590 4063 4063 4063 4063 4063 4063 4063 4063
465 1777285723 3549 3693 3665 379 3578 3623 3623 3591 4065 4065 4064 4064 4064 4064 4064 4064
466 1777285723 3548 3692 3664 379 3578 3622 3622 3591 4063 4063 4062 4062 4062 4062 4062 4062
467 1777285723 3549 3693 3665 379 3579 3622 3622 3591 4061 4061 4061 4061 4061 4061 4061 4061
468 1777285723 3548 3692 3665 380 3579 3623 3623 3591 4063 4063 4062 4062 4062 4062 4062 4062
469 1777285723 3549 3694 3665 379 3580 3623 3624 3592 4063 4062 4062 4062 4062 4062 4062 4062
470 1777285723 3548 3693 3665 379 3579 3623 3623 3591 4061 4061 4061 4061 4061 4061 4061 4061
471 1777285723 3548 3692 3664 379 3578 3622 3622 3590 4063 4063 4062 4062 4062 4062 4062 4062
472 1777285723 3548 3692 3664 378 3579 3622 3622 3591 4063 4062 4062 4062 4062 4062 4062 4062
473 1777285723 3549 3693 3665 379 3579 3623 3623 3591 4063 4062 4062 4062 4062 4062 4062 4062
474 1777285723 3548 3692 3664 379 3579 3622 3623 3591 4063 4063 4062 4062 4062 4062 4062 4062
475 1777285723 3548 3693 3664 379 3578 3622 3622 3591 4063 4063 4062 4062 4062 4062 4062 4062
476 1777285723 3548 3693 3665 379 3579 3623 3623 3591 4063 4062 4062 4062 4062 4062 4062 4062
477 1777285723 3549 3694 3666 379 3580 3624 3624 3592 4061 4061 4061 4061 4061 4061 4061 4061
478 1777285723 3548 3692 3665 382 3579 3622 3623 3591 4063 4063 4062 4062 4062 4062 4062 4062
479 1777285723 3549 3693 3665 381 3579 3623 3623 3591 4063 4063 4063 4063 4063 4063 4063 4063
480 1777285723 3549 3693 3665 380 3579 3623 3624 3592 4063 4063 4062 4062 4062 4062 4062 4062
481 1777285723 3548 3692 3664 379 3578 3623 3623 3591 4063 4063 4062 4062 4062 4062 4062 4062
482 1777285723 3549 3693 3665 379 3579 3623 3623 3591 4063 4063 4063 4063 4063 4063 4063 4063
483 1777285723 3548 3693 3665 379 3579 3622 3622 3591 4063 4063 4062 4062 4062 4062 4062 4062
484 1777285723 3548 3693 3665 378 3579 3624 3623 3591 4061 4061 4061 4061 4061 4061 4061 4061
485 1777285723 3550 3694 3666 379 3580 3624 3624 3593 4063 4063 4062 4062 4062 4062 4062 4062
486 1777285723 3549 3694 3666 379 3579 3623 3623 3591 4063 4063 4063 4063 4063 4063 4063 4063
487 1777285723 3549 3694 3666 379 3580 3624 3625 3592 4063 4063 4062 4062 4062 4062 4062 4062
488 1777285723 3549 3693 3665 379 3579 3623 3623 3591 4063 4063 4062 4062 4062 4062 4062 4062
489 1777285723 3549 3694 3666 379 3580 3623 3623 3591 4061 4061 4060 4060 4060 4060 4060 4060
490 1777285723 3549 3694 3666 378 3581 3624 3624 3592 4063 4062 4062 4062 4062 4062 4062 4062
491 1777285723 3549 3693 3665 379 3579 3623 3623 3592 4061 4061 4061 4061 4061 4061 4061 4061
492 1777285723 3548 3693 3665 379 3579 3623 3623 3591 4061 4061 4060 4060 4060 4060 4060 4060
493 1777285723 3549 3693 3665 379 3580 3623 3623 3591 4063 4063 4063 4063 4063 4063 4063 4063
494 1777285723 3549 3694 3665 379 3579 3623 3623 3591 4063 4063 4062 4062 4062 4062 4062 4062
495 1777285723 3550 3695 3666 379 3580 3624 3625 3592 4063 4063 4063 4063 4063 4063 4063 4063
496 1777285723 3548 3693 3665 380 3579 3623 3623 3591 4063 4063 4062 4062 4062 4062 4062 4062
497 1777285723 3550 3694 3666 379 3580 3624 3624 3592 4063 4063 4062 4062 4062 4062 4062 4062
498 1777285723 3548 3693 3665 379 3579 3622 3623 3591 4063 4062 4062 4062 4062 4062 4062 4062
499 1777285723 3548 3693 3665 379 3579 3622 3623 3591 4061 4061 4061 4061 4061 4061 4061 4061
500 1777285723 3549 3693 3666 379 3579 3623 3624 3591 4061 4061 4061 4061 4061 4061 4061 4061
501 1777285723 3549 3694 3665 379 3580 3623 3623 3591 4063 4062 4062 4062 4062 4062 4062 4062
502 1777285723 3549 3694 3666 379 3581 3624 3624 3592 4063 4063 4062 4062 4062 4062 4062 4062
503 1777285723 3548 3693 3665 379 3579 3623 3623 3591 4063 4063 4062 4062 4062 4062 4062 4062
504 1777285723 3549 3693 3665 379 3579 3623 3624 3591 4061 4061 4061 4061 4061 4061 4061 4061
505 1777285723 3548 3693 3665 379 3580 3623 3623 3591 4063 4063 4062 4062 4062 4062 4062 4062
506 1777285723 3549 3694 3666 379 3579 3623 3624 3592 4063 4063 4062 4062 4062 4062 4062 4062
507 1777285723 3549 3693 3665 380 3579 3623 3623 3591 4063 4063 4063 4063 4063 4063 4063 4063
508 1777285723 3550 3694 3666 379 3581 3624 3624 3592 4061 4061 4061 4061 4061 4061 4061 4061
509 1777285724 3549 3694 3666 379 3580 3624 3624 3592 4063 4063 4062 4062 4062 4062 4062 4062
510 1777285724 3549 3694 3666 379 3580 3623 3623 3591 4061 4061 4061 4061 4061 4061 4061 4061
511 1777285724 3549 3693 3665 379 3580 3623 3623 3592 4061 4061 4061 4061 4061 4061 4061 4061
512 1777285724 3550 3694 3666 380 3579 3624 3624 3593 4061 4061 4061 4061 4061 4061 4061 4061
513 1777285724 3549 3694 3666 379 3578 3623 1423 3591 4063 4063 4062 4062 4062 4062 4062 4062
514 1777285724 3550 3694 3666 379 3581 3624 3623 3592 4063 4063 4062 4062 4062 4062 4062 4062
515 1777285724 3549 3694 3666 379 3580 3623 3623 3592 4061 4061 4061 4061 4061 4061 4061 4061
516 1777285724 3548 3693 3666 379 3579 3623 3623 3591 4061 4061 4061 4061 4061 4061 4061 4061
517 1777285724 3548 3693 3666 379 3579 3623 3623 3591 4063 4063 4062 4062 4062 4062 4062 4062
518 1777285724 3550 3694 3666 379 3580 3624 3625 3592 4063 4063 4062 4062 4062 4062 4062 4062
519 1777285724 3549 3693 3665 380 3580 3623 3624 3592 4063 4063 4063 4063 4063 4063 4063 4063
520 1777285724 3548 3692 3665 380 3579 3623 3623 3591 4063 4063 4062 4062 4062 4062 4062 4062
521 1777285724 3550 3694 3667 379 3580 3624 3625 3592 4063 4063 4062 4062 4062 4062 4062 4062
522 1777285724 3549 3693 3666 379 3580 3623 3623 3592 4061 4061 4061 4061 4061 4061 4061 4061
523 1777285724 3548 3693 3665 379 3579 3623 3623 3592 4061 4061 4061 4061 4061 4061 4061 4061
524 1777285724 3548 3692 3664 380 3579 3623 3623 3591 4061 4061 4061 4061 4061 4061 4061 4061
525 1777285724 3549 3694 3666 379 3579 3623 3624 3591 4063 4063 4062 4062 4062 4062 4062 4062
526 1777285724 3549 3694 3666 379 3580 3624 3625 3592 4063 4063 4062 4062 4062 4062 4062 4062
527 1777285724 3548 3693 3665 379 3579 3623 3624 3591 4061 4061 4061 4061 4061 4061 4061 4061
528 1777285724 3550 3695 3667 380 3581 3625 3625 3593 4061 4061 4061 4061 4061 4061 4061 4061
529 1777285724 3549 3694 3666 379 3581 3624 3625 3592 4063 4063 4062 4062 4062 4062 4062 4062
530 1777285724 3549 3693 3666 378 3581 3624 3624 3592 4061 4061 4061 4061 4061 4061 4061 4061
531 1777285724 3548 3693 3666 379 3579 3623 3622 3591 4063 4063 4062 4062 4062 4062 4062 4062
532 1777285724 3550 3693 3665 380 3580 3623 3624 3592 4063 4062 4062 4062 4062 4062 4062 4062
533 1777285724 3549 3693 3665 379 3579 3623 3623 3591 4061 4061 4061 4061 4061 4061 4061 4061
534 1777285724 3550 3694 3666 379 3581 3624 3624 3593 4063 4063 4062 4062 4062 4062 4062 4062
535 1777285724 3549 3694 3665 379 3580 3623 3624 3592 4063 4063 4062 4062 4062 4062 4062 4062
536 1777285724 3550 3694 3666 380 3581 3624 3624 3592 4063 4063 4062 4062 4062 4062 4062 4062
537 1777285724 3549 3694 3666 379 3580 3623 3623 3591 4061 4061 4061 4061 4061 4061 4061 4061
538 1777285724 3550 3694 3666 379 3580 3623 3624 3592 4061 4061 4061 4061 4061 4061 4061 4061
539 1777285724 3549 3695 3667 380 3580 3624 3624 3593 4061 4061 4061 4061 4061 4061 4061 4061
540 1777285724 3549 3694 3665 379 3580 3624 3624 3592 4063 4063 4063 4063 4063 4063 4063 4063
541 1777285724 3549 3694 3666 379 3580 3624 3625 3592 4063 4063 4062 4062 4062 4062 4062 4062
542 1777285724 3550 3694 3667 380 3581 3624 3625 3593 4063 4063 4062 4062 4062 4062 4062 4062
543 1777285724 3550 3694 3666 381 3580 3624 3625 3593 4061 4061 4061 4061 4061 4061 4061 4061
544 1777285724 3550 3694 3666 380 3579 3624 3624 3592 4063 4063 4062 4062 4062 4062 4062 4062
545 1777285724 3550 3694 3666 379 3578 3623 3624 3592 4063 4063 4062 4062 4062 4062 4062 4062
546 1777285724 3549 3694 3666 379 3580 3624 3624 3592 4063 4063 4062 4062 4062 4062 4062 4062
547 1777285724 3549 3694 3665 380 3580 3623 3623 3591 4063 4063 4062 4062 4062 4062 4062 4062
548 1777285724 3548 3693 3665 380 3579 3623 3623 3591 4063 4063 4062 4062 4062 4062 4062 4062
549 1777285724 3549 3694 3666 379 3580 3623 3624 3592 4061 4061 4060 4060 4060 4060 4060 4060
550 1777285724 3550 3694 3666 380 3580 3624 3624 3592 4061 4061 4060 4060 4060 4060 4060 4060
551 1777285724 3550 3694 3666 380 3580 3624 3624 3592 4061 4061 4061 4061 4061 4061 4061 4061
552 1777285724 3549 3694 3666 380 3579 3624 3624 3592 4063 4061 4061 4061 4061 4061 4061 4061
553 1777285724 3550 3695 3667 379 3581 3624 3625 3593 4061 4061 4061 4061 4061 4061 4061 4061
554 1777285724 3549 3694 3666 379 3580 3624 3624 3592 4063 4063 4062 4062 4062 4062 4062 4062
555 1777285724 3549 3694 3666 379 3580 3623 3624 3592 4061 4061 4061 4061 4061 4061 4061 4061
556 1777285724 3550 3694 3666 380 3581 3625 3625 3593 4061 4061 4061 4061 4061 4061 4061 4061
557 1777285724 3550 3695 3666 379 3580 3624 3624 3592 4063 4063 4063 4063 4063 4063 4063 4063
558 1777285724 3550 3695 3667 380 3580 3624 3624 3593 4063 4063 4062 4062 4062 4062 4062 4062
559 1777285724 3550 3694 3667 380 3580 3625 3625 3593 4061 4061 4061 4061 4061 4061 4061 4061
560 1777285724 3550 3694 3666 380 3579 3624 3624 3592 4063 4062 4062 4062 4062 4062 4062 4062
561 1777285724 3549 3694 3665 380 3580 3623 3623 3591 4063 4063 4062 4062 4062 4062 4062 4062
562 1777285724 3550 3695 3666 380 3581 3624 3625 3593 4061 4061 4061 4061 4061 4061 4061 4061
563 1777285724 3549 3694 3666 380 3580 3624 3624 3592 4061 4061 4061 4061 4061 4061 4061 4061
564 1777285724 3550 3695 3667 379 3581 3625 3625 3592 4061 4061 4061 4061 4061 4061 4061 4061
565 1777285724 3550 3694 3666 379 3580 3624 3624 3592 4063 4063 4063 4063 4063 4063 4063 4063
566 1777285724 3549 3694 3666 380 3580 3624 3624 3592 4063 4063 4062 4062 4062 4062 4062 4062
567 1777285724 3549 3693 3665 379 3580 3624 3624 3592 4063 4062 4062 4062 4062 4062 4062 4062
568 1777285724 3549 3694 3666 380 3579 3623 3624 3592 4061 4061 4061 4061 4061 4061 4061 4061
569 1777285724 3550 3695 3667 380 3581 3624 3625 3593 4061 4061 4061 4061 4061 4061 4061 4061
570 1777285724 3549 3694 3666 380 3580 3624 3624 3592 4061 4061 4061 4061 4061 4061 4061 4061
571 1777285724 3551 3695 3667 380 3581 3625 3625 3593 4063 4061 4061 4061 4061 4061 4061 4061
572 1777285724 3550 3694 3666 380 3581 3624 3624 3593 4063 4063 4062 4062 4062 4062 4062 4062
573 1777285724 3549 3694 3666 380 3580 3623 3623 3592 4061 4061 4061 4061 4061 4061 4061 4061
574 1777285725 3550 3694 3666 380 3580 3624 3624 3592 4063 4063 4062 4062 4062 4062 4062 4062
575 1777285725 3550 3694 3667 380 3580 3625 3625 3593 4063 4062 4062 4062 4062 4062 4062 4062
576 1777285725 3550 3695 3667 380 3581 3624 3624 3593 4063 4063 4062 4062 4062 4062 4062 4062
577 1777285725 3550 3695 3667 380 3580 3624 3625 3593 4061 4061 4061 4061 4061 4061 4061 4061
578 1777285725 3549 3694 3666 380 3580 3624 3624 3592 4061 4061 4061 4061 4061 4061 4061 4061
579 1777285725 3549 3694 3666 380 3580 3624 3624 3592 4063 4063 4062 4062 4062 4062 4062 4062
580 1777285725 3549 3693 3665 380 3580 3623 3624 3592 4061 4061 4061 4061 4061 4061 4061 4061
581 1777285725 3550 3695 3667 379 3580 3623 3624 3592 4063 4063 4062 4062 4062 4062 4062 4062
582 1777285725 3549 3694 3666 380 3581 3624 3624 3593 4061 4061 4061 4061 4061 4061 4061 4061
583 1777285725 3550 3695 3667 380 3580 3624 3625 3593 4061 4061 4061 4061 4061 4061 4061 4061
584 1777285725 3549 3694 3666 380 3581 3624 3624 3592 4063 4063 4063 4063 4063 4063 4063 4063
585 1777285725 3551 3695 3667 380 3581 3625 3625 3593 4063 4063 4062 4062 4062 4062 4062 4062
586 1777285725 3550 3694 3666 380 3581 3624 3624 3592 4063 4063 4063 4063 4063 4063 4063 4063
587 1777285725 3550 3694 3666 380 3580 3624 3625 3593 4063 4063 4062 4062 4062 4062 4062 4062
588 1777285725 3550 3694 3666 380 3580 3624 3624 3592 4061 4061 4061 4061 4061 4061 4061 4061
589 1777285725 3550 3695 3666 380 3581 3624 3624 3593 4061 4061 4061 4061 4061 4061 4061 4061
590 1777285725 3550 3694 3666 380 3581 3624 3624 3592 4063 4063 4062 4062 4062 4062 4062 4062
591 1777285725 3550 3694 3667 380 3580 3624 3624 3593 4061 4061 4061 4061 4061 4061 4061 4061
592 1777285725 3550 3694 3666 380 3581 3624 3625 3592 4063 4063 4063 4063 4063 4063 4063 4063
593 1777285725 3550 3695 3667 380 3581 3624 3625 3592 4063 4063 4062 4062 4062 4062 4062 4062
594 1777285725 3550 3694 3667 380 3581 3624 3624 3593 4063 4063 4062 4062 4062 4062 4062 4062
595 1777285725 3550 3695 3667 380 3581 3625 3625 3593 4063 4063 4062 4062 4062 4062 4062 4062
596 1777285725 3551 3695 3667 380 3581 3624 3625 3593 4063 4063 4063 4063 4063 4063 4063 4063
597 1777285725 3550 3695 3667 379 3581 3625 3625 3593 4063 4063 4063 4063 4063 4063 4063 4063
598 1777285725 3551 3696 3667 380 3581 3625 3625 3593 4063 4063 4062 4062 4062 4062 4062 4062
599 1777285725 3549 3694 3666 380 3580 3624 3624 3592 4063 4063 4062 4062 4062 4062 4062 4062
600 1777285725 3550 3695 3667 380 3581 3625 3626 3593 4063 4063 4062 4062 4062 4062 4062 4062
601 1777285725 3550 3695 3667 380 3581 3625 3625 3593 4061 4061 4061 4061 4061 4061 4061 4061
602 1777285725 3550 3695 3667 380 3581 3625 3625 3593 4061 4061 4061 4061 4061 4061 4061 4061
603 1777285725 3550 3694 3667 380 3581 3625 3625 3593 4063 4063 4063 4063 4063 4063 4063 4063
604 1777285725 3548 3693 3665 378 3579 3623 3623 3591 4063 4063 4062 4062 4062 4062 4062 4062
605 1777285725 3548 3692 3664 378 3578 3622 3623 3590 4061 4061 4061 4061 4061 4061 4061 4061
606 1777285725 3550 3694 3666 378 3580 3623 3624 3592 4063 4063 4063 4063 4063 4063 4063 4063
607 1777285725 3549 3693 3665 378 3578 3622 3622 3590 4063 4063 4062 4062 4062 4062 4062 4062
608 1777285725 3548 3692 3664 380 3579 3622 3623 3591 4061 4061 4061 4061 4061 4061 4061 4061
609 1777285725 3549 3693 3665 379 3578 3623 3624 3591 4063 4063 4062 4062 4062 4062 4062 4062
610 1777285725 3548 3692 3664 378 3577 3621 3622 3590 4063 4063 4062 4062 4062 4062 4062 4062
611 1777285725 3548 3692 3665 378 3579 3622 3623 3591 4063 4063 4062 4062 4062 4062 4062 4062
612 1777285725 3549 3693 3665 378 3579 3623 3623 3591 4063 4063 4063 4063 4063 4063 4063 4063
613 1777285725 3548 3693 3665 378 3579 3623 3623 3591 4061 4061 4061 4061 4061 4061 4061 4061
614 1777285725 3548 3693 3665 378 3579 3622 3623 3591 4061 4061 4061 4061 4061 4061 4061 4061
615 1777285725 3549 3693 3665 379 3579 3622 3623 3591 4063 4063 4063 4063 4063 4063 4063 4063
616 1777285725 3549 3693 3665 379 3579 3622 3623 3591 4063 4063 4062 4062 4062 4062 4062 4062
617 1777285725 3549 3692 3665 379 3579 3623 3623 3591 4063 4063 4062 4062 4062 4062 4062 4062
618 1777285725 3549 3693 3665 378 3579 3623 3623 3591 4061 4061 4061 4061 4061 4061 4061 4061
619 1777285725 3548 3693 3665 379 3579 3623 3623 3591 4063 4063 4062 4062 4062 4062 4062 4062
620 1777285725 3548 3693 3665 378 3579 3623 3624 3591 4061 4061 4061 4061 4061 4061 4061 4061
621 1777285725 3548 3693 3665 379 3579 3622 3623 3591 4063 4063 4062 4062 4062 4062 4062 4062
622 1777285725 3548 3692 3664 378 3578 3622 3622 3591 4063 4063 4063 4063 4063 4063 4063 4063
623 1777285725 3549 3693 3665 378 3579 3622 3622 3590 4063 4063 4062 4062 4062 4062 4062 4062
624 1777285725 3548 3693 3665 378 3579 3623 3622 3591 4061 4061 4061 4061 4061 4061 4061 4061
625 1777285725 3549 3692 3665 379 3578 3623 3623 3591 4063 4063 4062 4062 4062 4062 4062 4062
626 1777285725 3548 3693 3665 378 3579 3622 3622 3591 4063 4063 4062 4062 4062 4062 4062 4062
627 1777285725 3548 3693 3665 378 3579 3623 3624 3592 4063 4063 4062 4062 4062 4062 4062 4062
628 1777285725 3549 3693 3665 378 3579 3623 3623 3591 4061 4061 4061 4061 4061 4061 4061 4061
629 1777285725 3549 3693 3665 378 3579 3622 3622 3591 4063 4061 4061 4061 4061 4061 4061 4061
630 1777285725 3548 3693 3665 378 3579 3623 3623 3591 4061 4061 4061 4061 4061 4061 4061 4061
631 1777285725 3549 3693 3665 378 3579 3622 3623 3591 4062 4063 4062 4062 4062 4062 4062 4062
632 1777285725 3548 3693 3664 378 3579 3622 3623 3590 4063 4063 4063 4063 4063 4063 4063 4063
633 1777285725 3548 3693 3665 379 3579 3623 3623 3591 4061 4061 4061 4061 4061 4061 4061 4061
634 1777285725 3549 3694 3666 378 3579 3623 3624 3591 4063 4063 4063 4063 4063 4063 4063 4063
635 1777285726 3549 3693 3665 378 3579 3623 3623 3592 4063 4063 4062 4062 4062 4062 4062 4062
636 1777285726 3548 3692 3664 379 3579 3622 3622 3590 4063 4063 4062 4062 4062 4062 4062 4062
637 1777285726 3549 3693 3665 379 3579 3623 3623 3591 4063 4063 4062 4062 4062 4062 4062 4062
638 1777285726 3548 3692 3664 379 3578 3622 3623 3591 4063 4062 4062 4062 4062 4062 4062 4062
639 1777285726 3549 3693 3665 379 3580 3623 3624 3592 4061 4061 4061 4061 4061 4061 4061 4061
640 1777285726 3548 3693 3664 378 3579 3623 3623 3591 4063 4063 4063 4063 4063 4063 4063 4063
641 1777285726 3548 3692 3664 379 3578 3622 3622 3590 4063 4063 4062 4062 4062 4062 4062 4062
642 1777285726 3548 3693 3665 378 3579 3622 3623 3590 4063 4062 4062 4062 4062 4062 4062 4062
643 1777285726 3548 3693 3665 378 3579 3623 3623 3591 4063 4063 4062 4062 4062 4062 4062 4062
644 1777285726 3549 3693 3665 378 3579 3623 3623 3592 4063 4063 4063 4063 4063 4063 4063 4063
645 1777285726 3548 3693 3665 379 3579 3622 3622 3591 4063 4063 4063 4063 4063 4063 4063 4063
646 1777285726 3549 3693 3665 378 3579 3622 3623 3591 4063 4062 4062 4062 4062 4062 4062 4062
647 1777285726 3548 3693 3665 378 3579 3622 3623 3591 4061 4061 4061 4061 4061 4061 4061 4061
648 1777285726 3549 3693 3665 378 3579 3622 3623 3591 4061 4061 4061 4061 4061 4061 4061 4061
649 1777285726 3549 3693 3665 379 3579 3623 3624 3591 4063 4063 4063 4063 4063 4063 4063 4063
650 1777285726 3549 3693 3665 379 3579 3623 3623 3591 4063 4063 4062 4062 4062 4062 4062 4062
651 1777285726 3549 3693 3665 378 3580 3623 3624 3592 4061 4061 4061 4061 4061 4061 4061 4061
652 1777285726 3548 3693 3665 378 3579 3623 3623 3591 4063 4062 4062 4062 4062 4062 4062 4062
653 1777285726 3549 3694 3666 379 3580 3624 3624 3592 4063 4063 4062 4062 4062 4062 4062 4062
654 1777285726 3549 3694 3666 378 3580 3624 3624 3592 4063 4063 4062 4062 4062 4062 4062 4062
655 1777285726 3549 3694 3666 378 3580 3624 3625 3593 4063 4063 4062 4062 4062 4062 4062 4062
656 1777285726 3548 3693 3665 378 3579 3623 3623 3591 4061 4061 4061 4061 4061 4061 4061 4061
657 1777285726 3548 3692 3665 379 3578 3622 3623 3591 4063 4063 4062 4062 4062 4062 4062 4062
658 1777285726 3549 3694 3666 378 3580 3624 3624 3592 4063 4063 4062 4062 4062 4062 4062 4062
659 1777285726 3549 3693 3664 379 3579 3623 3623 3591 4061 4061 4061 4061 4061 4061 4061 4061
660 1777285726 3549 3694 3666 378 3580 3623 3624 3591 4061 4061 4061 4061 4061 4061 4061 4061
661 1777285726 3549 3694 3666 379 3580 3623 3623 3592 4063 4063 4063 4063 4063 4063 4063 4063
662 1777285726 3549 3693 3665 378 3579 3623 3623 3591 4063 4063 4062 4062 4062 4062 4062 4062
663 1777285726 3549 3693 3665 378 3580 3623 3623 3591 4063 4063 4063 4063 4063 4063 4063 4063
664 1777285726 3548 3692 3665 379 3579 3623 3623 3591 4063 4063 4062 4062 4062 4062 4062 4062
665 1777285726 3549 3694 3666 379 3579 3623 3623 3592 4063 4063 4062 4062 4062 4062 4062 4062
666 1777285726 3549 3694 3666 378 3580 3624 3623 3592 4061 4061 4061 4061 4061 4061 4061 4061
667 1777285726 3549 3693 3665 378 3580 3623 3624 3592 4063 4063 4063 4063 4063 4063 4063 4063
668 1777285726 3548 3693 3665 379 3579 3623 3623 3591 4061 4061 4061 4061 4061 4061 4061 4061
669 1777285726 3549 3694 3666 378 3580 3624 3624 3592 4063 4063 4063 4063 4063 4063 4063 4063
670 1777285726 3548 3692 3665 379 3579 3622 3622 3590 4059 4058 4058 4058 4058 4058 4058 4058
671 1777285726 3549 3693 3665 379 3580 3623 3624 3592 4063 4063 4062 4062 4062 4062 4062 4062
672 1777285726 3549 3693 3666 378 3579 3623 3623 3591 4061 4061 4061 4061 4061 4061 4061 4061
673 1777285726 3549 3693 3665 379 3578 3623 3623 3591 4063 4063 4062 4062 4062 4062 4062 4062
674 1777285726 3548 3693 3664 379 3577 3622 3622 3591 4063 4063 4062 4062 4062 4062 4062 4062
675 1777285726 3548 3693 3665 379 3579 3622 3623 3591 4063 4063 4062 4062 4062 4062 4062 4062
676 1777285726 3549 3693 3665 379 3579 3623 3623 3591 4063 4063 4063 4063 4063 4063 4063 4063
677 1777285726 3549 3693 3665 378 3579 3623 3623 3591 4063 4063 4062 4062 4062 4062 4062 4062
678 1777285726 3549 3693 3665 379 3579 3623 3624 3592 4061 4061 4061 4061 4061 4061 4061 4061
679 1777285726 3549 3694 3666 379 3580 3624 3625 3592 4063 4063 4062 4062 4062 4062 4062 4062
680 1777285726 3548 3693 3665 378 3579 3623 3623 3591 4063 4063 4062 4062 4062 4062 4062 4062
681 1777285726 3548 3694 3666 379 3580 3623 3623 3591 4061 4061 4061 4061 4061 4061 4061 4061
682 1777285726 3549 3693 3665 379 3579 3622 3623 3591 4063 4063 4062 4062 4062 4062 4062 4062
683 1777285726 3549 3694 3666 379 3580 3624 3624 3593 4063 4063 4063 4063 4063 4063 4063 4063
684 1777285726 3548 3693 3665 379 3580 3623 3624 3591 4061 4061 4061 4061 4061 4061 4061 4061
685 1777285726 3549 3693 3665 379 3579 3623 3624 3592 4061 4061 4060 4060 4060 4060 4060 4060
686 1777285726 3548 3693 3665 378 3579 3623 3623 3591 4063 4063 4063 4063 4063 4063 4063 4063
687 1777285726 3549 3693 3665 378 3579 3622 3624 3591 4063 4063 4062 4062 4062 4062 4062 4062
688 1777285726 3549 3694 3666 378 3579 3623 3623 3591 4063 4063 4062 4062 4062 4062 4062 4062
689 1777285726 3550 3694 3667 379 3580 3624 3624 3592 4063 4063 4062 4062 4062 4062 4062 4062
690 1777285726 3549 3693 3665 378 3579 3623 3623 3591 4063 4063 4062 4062 4062 4062 4062 4062
691 1777285726 3548 3692 3665 378 3579 3623 3623 3590 4063 4063 4062 4062 4062 4062 4062 4062
692 1777285726 3549 3694 3665 379 3579 3623 3624 3592 4063 4062 4062 4062 4062 4062 4062 4062
693 1777285726 3548 3693 3665 379 3580 3623 3623 3591 4063 4063 4062 4062 4062 4062 4062 4062
694 1777285726 3517 3660 3633 378 3548 3591 3591 3560 4063 4063 4062 4062 4062 4062 4062 4062
695 1777285726 3549 3693 3665 378 3579 3623 3623 3591 4063 4063 4062 4062 4062 4062 4062 4062
696 1777285726 3549 3693 3665 379 3580 3624 3624 3592 4063 4063 4063 4063 4063 4063 4063 4063
697 1777285726 3549 3694 3665 379 3580 3623 3623 3592 4061 4061 4061 4061 4061 4061 4061 4061
698 1777285726 3549 3694 3666 379 3579 3623 3624 3592 4063 4063 4062 4062 4062 4062 4062 4062
699 1777285726 3549 3694 3666 379 3580 3623 3624 3592 4063 4063 4062 4062 4062 4062 4062 4062
700 1777285727 3549 3694 3666 379 3580 3624 3624 3592 4061 4061 4061 4061 4061 4061 4061 4061
701 1777285727 3549 3693 3665 379 3580 3624 3623 3592 4061 4061 4061 4061 4061 4061 4061 4061
702 1777285727 3549 3694 3665 378 3580 3623 3624 3592 4063 4063 4062 4062 4062 4062 4062 4062
703 1777285727 3549 3694 3666 379 3580 3623 3624 3592 4063 4062 4062 4062 4062 4062 4062 4062
704 1777285727 3549 3693 3665 380 3579 3623 3624 3592 4063 4063 4062 4062 4062 4062 4062 4062
705 1777285727 3549 3694 3665 379 3580 3624 3623 3591 4063 4063 4062 4062 4062 4062 4062 4062
706 1777285727 3548 3693 3666 378 3579 3623 3623 3591 4061 4061 4060 4060 4060 4060 4060 4060
707 1777285727 3548 3693 3665 379 3579 3623 3623 3592 4061 4061 4061 4061 4061 4061 4061 4061
708 1777285727 3549 3693 3665 379 3579 3623 3623 3590 4063 4063 4062 4062 4062 4062 4062 4062
709 1777285727 3550 3694 3666 379 3580 3623 3625 3592 4063 4063 4062 4062 4062 4062 4062 4062
710 1777285727 3549 3693 3665 379 3579 3623 3623 3591 4063 4063 4062 4062 4062 4062 4062 4062
711 1777285727 3549 3694 3666 379 3580 3624 3624 3592 4063 4063 4062 4062 4062 4062 4062 4062
712 1777285727 3548 3693 3665 379 3579 3623 3623 3592 4063 4063 4062 4062 4062 4062 4062 4062
713 1777285727 3549 3693 3666 379 3580 3623 3623 3591 4061 4061 4060 4060 4060 4060 4060 4060
714 1777285727 3549 3694 3665 379 3580 3624 3624 3592 4063 4063 4062 4062 4062 4062 4062 4062
715 1777285727 3549 3693 3665 378 3580 3623 3623 3591 4063 4063 4062 4062 4062 4062 4062 4062
716 1777285727 3549 3694 3665 380 3579 3623 3624 3592 4063 4062 4062 4062 4062 4062 4062 4062
717 1777285727 3549 3694 3666 379 3580 3624 3624 3592 4063 4063 4063 4063 4063 4063 4063 4063
718 1777285727 3549 3694 3666 378 3581 3624 3624 3592 4061 4061 4061 4061 4061 4061 4061 4061
719 1777285727 3550 3695 3667 379 3582 3625 3625 3593 4063 4063 4063 4063 4063 4063 4063 4063
720 1777285727 3549 3693 3665 380 3579 3623 3623 3592 4063 4063 4062 4062 4062 4062 4062 4062
721 1777285727 3549 3693 3665 379 3580 3623 3624 3592 4063 4063 4062 4062 4062 4062 4062 4062
722 1777285727 3549 3693 3665 379 3579 3623 3623 3591 4063 4063 4062 4062 4062 4062 4062 4062
723 1777285727 3550 3695 3667 379 3580 3625 3625 3593 4063 4063 4063 4063 4063 4063 4063 4063
724 1777285727 3550 3694 3666 379 3580 3623 3624 3592 4063 4063 4063 4063 4063 4063 4063 4063
725 1777285727 3549 3693 3666 379 3580 3624 3624 3592 4061 4061 4061 4061 4061 4061 4061 4061
726 1777285727 3550 3694 3666 379 3580 3624 3624 3592 4061 4061 4061 4061 4061 4061 4061 4061
727 1777285727 3550 3694 3666 380 3580 3623 3624 3592 4063 4063 4063 4063 4063 4063 4063 4063
728 1777285727 3549 3693 3665 379 3580 3623 3624 3592 4061 4060 4060 4060 4060 4060 4060 4060
729 1777285727 3549 3693 3665 379 3579 3623 3623 3591 4063 4063 4062 4062 4062 4062 4062 4062
730 1777285727 3549 3694 3666 379 3580 3624 3624 3592 4063 4062 4062 4062 4062 4062 4062 4062
731 1777285727 3549 3693 3665 379 3579 3623 3623 3591 4063 4063 4062 4062 4062 4062 4062 4062
732 1777285727 3549 3693 3665 379 3579 3623 3623 3592 4063 4063 4062 4062 4062 4062 4062 4062
733 1777285727 3550 3695 3666 379 3580 3624 3624 3592 4061 4061 4061 4061 4061 4061 4061 4061
734 1777285727 3548 3694 3665 379 3579 3623 3623 3591 4063 4063 4063 4063 4063 4063 4063 4063
735 1777285727 3549 3694 3666 381 3580 3623 3624 3592 4061 4061 4061 4061 4061 4061 4061 4061
736 1777285727 3549 3694 3666 380 3579 3623 3624 3592 4061 4061 4061 4061 4061 4061 4061 4061
737 1777285727 3550 3694 3666 379 3580 3624 3624 3592 4063 4063 4063 4063 4063 4063 4063 4063
738 1777285727 3550 3694 3666 380 3579 3623 3624 3591 4063 4063 4062 4062 4062 4062 4062 4062
739 1777285727 3550 3694 3666 380 3580 3623 3624 3592 4063 4063 4062 4062 4062 4062 4062 4062
740 1777285727 3549 3694 3666 379 3580 3624 3624 3592 4063 4063 4062 4062 4062 4062 4062 4062
741 1777285727 3549 3694 3666 379 3580 3624 3624 3592 4063 4063 4063 4063 4063 4063 4063 4063
742 1777285727 3549 3694 3666 379 3580 3624 3624 3592 4063 4063 4062 4062 4062 4062 4062 4062
743 1777285727 3550 3695 3667 379 3580 3624 3625 3593 4063 4063 4062 4062 4062 4062 4062 4062
744 1777285727 3548 3693 3665 380 3579 3623 3623 3591 4061 4061 4061 4061 4061 4061 4061 4061
745 1777285727 3549 3693 3665 379 3580 3624 3624 3592 4061 4061 4061 4061 4061 4061 4061 4061
746 1777285727 3549 3693 3665 379 3580 3624 3624 3592 4063 4063 4062 4062 4062 4062 4062 4062
747 1777285727 3550 3694 3667 379 3580 3624 3624 3592 4063 4062 4062 4062 4062 4062 4062 4062
748 1777285727 3550 3694 3666 379 3581 3624 3624 3592 4063 4062 4062 4062 4062 4062 4062 4062
749 1777285727 3549 3694 3666 379 3580 3623 3624 3592 4061 4061 4061 4061 4061 4061 4061 4061
750 1777285727 3549 3694 3665 379 3580 3623 3623 3591 4061 4061 4061 4061 4061 4061 4061 4061
751 1777285727 3549 3694 3666 379 3580 3624 3625 3593 4063 4063 4062 4062 4062 4062 4062 4062
752 1777285727 3549 3694 3666 380 3580 3624 3624 3592 4063 4063 4062 4062 4062 4062 4062 4062
753 1777285727 3549 3694 3666 380 3580 3623 3624 3591 4063 4063 4063 4063 4063 4063 4063 4063
754 1777285727 3549 3693 3665 379 3579 3622 3623 3591 4063 4063 4062 4062 4062 4062 4062 4062
755 1777285727 3549 3695 3667 379 3580 3624 3625 3593 4062 4063 4062 4062 4062 4062 4062 4062
756 1777285727 3549 3693 3666 379 3579 3623 3624 3592 4063 4063 4062 4062 4062 4062 4062 4062
757 1777285727 3550 3694 3666 379 3580 3624 3624 3592 4063 4062 4062 4062 4062 4062 4062 4062
758 1777285727 3550 3694 3666 379 3581 3624 3624 3593 4063 4063 4063 4063 4063 4063 4063 4063
759 1777285727 3549 3693 3665 379 3580 3624 3624 3593 4063 4063 4063 4063 4063 4063 4063 4063
760 1777285727 3549 3694 3666 380 3579 3623 3624 3592 4063 4063 4062 4062 4062 4062 4062 4062
761 1777285727 3548 3693 3665 380 3579 3622 3623 3591 4063 4063 4063 4063 4063 4063 4063 4063
762 1777285727 3549 3694 3666 380 3579 3623 3623 3592 4061 4061 4061 4061 4061 4061 4061 4061
763 1777285727 3549 3694 3666 379 3580 3624 3624 3592 4063 4063 4063 4063 4063 4063 4063 4063
764 1777285727 3549 3694 3666 379 3580 3623 3624 3592 4063 4063 4062 4062 4062 4062 4062 4062
765 1777285727 3549 3694 3666 379 3580 3624 3624 3592 4063 4063 4062 4062 4062 4062 4062 4062
766 1777285727 3549 3694 3666 379 3580 3623 3624 3592 4061 4061 4061 4061 4061 4061 4061 4061
767 1777285727 3549 3694 3666 379 3580 3623 3623 3592 4063 4063 4062 4062 4062 4062 4062 4062
768 1777285727 3549 3693 3666 380 3579 3624 3624 3591 4061 4061 4061 4061 4061 4061 4061 4061
769 1777285727 3550 3694 3667 379 3581 3624 3624 3592 4063 4063 4062 4062 4062 4062 4062 4062
770 1777285727 3551 3695 3667 379 3581 3624 3625 3593 4063 4062 4062 4062 4062 4062 4062 4062
771 1777285727 3550 3694 3666 380 3580 3624 3625 3593 4063 4063 4063 4063 4063 4063 4063 4063
772 1777285727 3551 3696 3668 379 3582 3626 3626 3594 4063 4063 4062 4062 4062 4062 4062 4062
773 1777285727 3550 3695 3667 379 3581 3625 3625 3593 4061 4061 4061 4061 4061 4061 4061 4061
774 1777285727 3550 3694 3666 379 3581 3624 3625 3593 4063 4063 4062 4062 4062 4062 4062 4062
775 1777285728 3550 3695 3667 379 3581 3624 3625 3593 4063 4063 4062 4062 4062 4062 4062 4062
776 1777285728 3549 3694 3666 380 3580 3624 3625 3592 4063 4063 4062 4062 4062 4062 4062 4062
777 1777285728 3549 3694 3667 380 3580 3623 3624 3592 4063 4062 4062 4062 4062 4062 4062 4062
778 1777285728 3549 3694 3666 380 3580 3624 3624 3592 4063 4063 4062 4062 4062 4062 4062 4062
779 1777285728 3550 3695 3667 379 3581 3625 3625 3593 4063 4063 4062 4062 4062 4062 4062 4062
780 1777285728 3549 3693 3666 379 3580 3624 3624 3592 4061 4061 4061 4061 4061 4061 4061 4061
781 1777285728 3549 3694 3666 379 3580 3624 3624 3593 4063 4063 4063 4063 4063 4063 4063 4063
782 1777285728 3550 3694 3666 380 3581 3625 3625 3593 4063 4063 4062 4062 4062 4062 4062 4062
783 1777285728 3550 3694 3667 379 3580 3624 3625 3593 4063 4062 4062 4062 4062 4062 4062 4062
784 1777285728 3551 3695 3666 380 3581 3624 3624 3593 4063 4063 4062 4062 4062 4062 4062 4062
785 1777285728 3550 3694 3666 379 3580 3624 3624 3593 4061 4061 4060 4060 4060 4060 4060 4060
786 1777285728 3550 3694 3666 379 3581 3624 3624 3592 4061 4061 4061 4061 4061 4061 4061 4061
787 1777285728 3549 3693 3666 379 3580 3624 3624 3592 4061 4061 4061 4061 4061 4061 4061 4061
788 1777285728 3549 3694 3666 379 3580 3623 3624 3592 4061 4061 4061 4061 4061 4061 4061 4061
789 1777285728 3550 3694 3667 379 3581 3624 3624 3593 4061 4061 4061 4061 4061 4061 4061 4061
790 1777285728 3550 3695 3666 380 3581 3624 3625 3593 4061 4061 4061 4061 4061 4061 4061 4061
791 1777285728 3549 3694 3666 379 3580 3623 3624 3592 4063 4063 4062 4062 4062 4062 4062 4062
792 1777285728 3550 3695 3667 380 3581 3625 3625 3593 4061 4061 4060 4060 4060 4060 4060 4060
793 1777285728 3550 3695 3667 379 3581 3625 3625 3593 4063 4063 4063 4063 4063 4063 4063 4063
794 1777285728 3550 3694 3666 379 3581 3624 3625 3592 4061 4061 4061 4061 4061 4061 4061 4061
795 1777285728 3548 3693 3665 379 3579 3623 3623 3591 4063 4063 4062 4062 4062 4062 4062 4062
796 1777285728 3550 3695 3667 379 3582 3625 3625 3593 4063 4063 4063 4063 4063 4063 4063 4063
797 1777285728 3550 3695 3666 379 3580 3624 3625 3593 4063 4063 4062 4062 4062 4062 4062 4062
798 1777285728 3549 3694 3666 380 3580 3624 3624 3592 4063 4063 4063 4063 4063 4063 4063 4063
799 1777285728 3550 3695 3666 381 3580 3625 3625 3593 4063 4063 4062 4062 4062 4062 4062 4062
800 1777285728 3551 3695 3667 380 3581 3625 3626 3594 4061 4061 4061 4061 4061 4061 4061 4061
801 1777285728 3550 3695 3667 379 3580 3625 3624 3593 4061 4061 4061 4061 4061 4061 4061 4061
802 1777285728 3550 3694 3667 379 3581 3624 3624 3592 4061 4061 4061 4061 4061 4061 4061 4061
803 1777285728 3551 3694 3666 379 3580 3624 3625 3593 4063 4063 4063 4063 4063 4063 4063 4063
804 1777285728 3550 3695 3666 380 3580 3624 3625 3593 4063 4063 4063 4063 4063 4063 4063 4063
805 1777285728 3550 3695 3666 379 3581 3625 3624 3593 4061 4061 4061 4061 4061 4061 4061 4061
806 1777285728 3550 3694 3666 379 3581 3625 3625 3593 4063 4063 4062 4062 4062 4062 4062 4062
807 1777285728 3550 3694 3667 380 3580 3624 3625 3593 4063 4063 4062 4062 4062 4062 4062 4062
808 1777285728 3551 3695 3667 380 3581 3625 3624 3593 4063 4062 4062 4062 4062 4062 4062 4062
809 1777285728 3550 3694 3666 380 3580 3624 3625 3593 4063 4062 4062 4062 4062 4062 4062 4062
810 1777285728 3551 3694 3667 379 3581 3625 3625 3593 4063 4063 4062 4062 4062 4062 4062 4062
811 1777285728 3550 3695 3667 379 3580 3625 3625 3593 4063 4063 4063 4063 4063 4063 4063 4063
812 1777285728 3550 3695 3667 380 3581 3625 3625 3593 4061 4061 4061 4061 4061 4061 4061 4061
813 1777285728 3550 3695 3667 379 3580 3624 3625 3592 4063 4063 4062 4062 4062 4062 4062 4062
814 1777285728 3549 3694 3666 380 3580 3624 3624 3592 4063 4063 4062 4062 4062 4062 4062 4062
815 1777285728 3550 3694 3667 379 3580 3624 3625 3593 4063 4063 4063 4063 4063 4063 4063 4063
816 1777285728 3550 3694 3667 380 3581 3624 3625 3592 4061 4061 4061 4061 4061 4061 4061 4061
817 1777285728 3550 3694 3666 379 3580 3624 3624 3592 4063 4062 4062 4062 4062 4062 4062 4062
818 1777285728 3550 3694 3666 379 3581 3625 3625 3593 4063 4063 4062 4062 4062 4062 4062 4062
819 1777285728 3549 3694 3667 379 3580 3625 3625 3593 4063 4063 4062 4062 4062 4062 4062 4062
820 1777285728 3550 3695 3666 380 3581 3624 3625 3593 4063 4063 4062 4062 4062 4062 4062 4062
821 1777285728 3550 3695 3667 379 3580 3624 3625 3592 4063 4063 4062 4062 4062 4062 4062 4062
822 1777285736 3549 3693 3665 380 3579 3623 3623 3592 4063 4063 4063 4063 4063 4063 4063 4063
823 1777285736 3549 3694 3666 380 3580 3624 3624 3592 4063 4063 4062 4062 4062 4062 4062 4062
824 1777285736 3550 3694 3666 380 3580 3623 3624 3592 4065 4063 4063 4063 4063 4063 4063 4063
825 1777285736 3549 3694 3666 380 3580 3624 3624 3592 4063 4063 4063 4063 4063 4063 4063 4063
826 1777285736 3549 3693 3666 380 3580 3624 3624 3592 4061 4061 4061 4061 4061 4061 4061 4061
827 1777285736 3549 3694 3666 380 3580 3624 3624 3592 4063 4063 4063 4063 4063 4063 4063 4063
828 1777285736 3549 3694 3666 380 3580 3624 3624 3592 4063 4063 4063 4063 4063 4063 4063 4063
829 1777285736 3549 3694 3666 380 3580 3623 3624 3592 4063 4063 4062 4062 4062 4062 4062 4062
830 1777285736 3550 3694 3666 380 3580 3623 3624 3592 4063 4063 4063 4063 4063 4063 4063 4063
831 1777285736 3550 3694 3666 380 3579 3624 3624 3592 4063 4063 4062 4062 4062 4062 4062 4062
832 1777285736 3549 3694 3666 379 3580 3624 3624 3592 4061 4061 4061 4061 4061 4061 4061 4061
833 1777285736 3550 3694 3666 380 3581 3623 3624 3592 4061 4061 4061 4061 4061 4061 4061 4061
834 1777285736 3549 3694 3666 380 3580 3624 3624 3592 4063 4063 4062 4062 4062 4062 4062 4062
835 1777285736 3550 3695 3666 379 3580 3624 3624 3592 4063 4063 4062 4062 4062 4062 4062 4062
836 1777285736 3550 3695 3666 380 3580 3624 3624 3593 4063 4063 4062 4062 4062 4062 4062 4062
837 1777285736 3549 3694 3666 380 3580 3623 3623 3592 4063 4063 4063 4063 4063 4063 4063 4063
838 1777285736 3550 3694 3667 379 3580 3624 3625 3592 4061 4061 4061 4061 4061 4061 4061 4061
839 1777285736 3550 3694 3667 380 3580 3624 3624 3592 4061 4061 4061 4061 4061 4061 4061 4061
840 1777285736 3550 3695 3666 380 3581 3625 3625 3593 4061 4061 4061 4061 4061 4061 4061 4061
841 1777285736 3550 3694 3666 380 3580 3624 3624 3592 4061 4061 4061 4061 4061 4061 4061 4061
842 1777285736 3549 3694 3666 380 3581 3624 3625 3593 4061 4061 4061 4061 4061 4061 4061 4061
843 1777285736 3551 3696 3667 380 3581 3625 3625 3593 4063 4061 4061 4061 4061 4061 4061 4061
844 1777285736 3549 3693 3666 380 3580 3623 3623 3592 4063 4063 4062 4062 4062 4062 4062 4062
845 1777285736 3549 3694 3666 380 3581 3624 3625 3592 4063 4063 4062 4062 4062 4062 4062 4062
846 1777285737 3550 3694 3667 380 3580 3623 3624 3592 4063 4063 4063 4063 4063 4063 4063 4063
847 1777285737 3550 3694 3666 380 3581 3624 3625 3592 4061 4061 4061 4061 4061 4061 4061 4061
848 1777285737 3550 3695 3667 379 3581 3624 3625 3593 4061 4061 4061 4061 4061 4061 4061 4061
849 1777285737 3551 3695 3667 380 3581 3625 3625 3593 4061 4060 4060 4060 4060 4060 4060 4060
850 1777285737 3550 3694 3667 380 3580 3624 3625 3593 4063 4063 4062 4062 4062 4062 4062 4062
851 1777285737 3550 3695 3667 380 3581 3625 3625 3593 4061 4061 4061 4061 4061 4061 4061 4061
852 1777285737 3550 3695 3666 380 3580 3624 3625 3592 4061 4061 4061 4061 4061 4061 4061 4061
853 1777285737 3550 3694 3666 380 3581 3625 3625 3593 4063 4063 4062 4062 4062 4062 4062 4062
854 1777285737 3550 3695 3667 380 3580 3624 3624 3592 4063 4063 4062 4062 4062 4062 4062 4062
855 1777285737 3549 3694 3666 380 3579 3623 3624 3592 4063 4063 4062 4062 4062 4062 4062 4062
856 1777285737 3550 3695 3667 380 3581 3625 3626 3593 4063 4063 4062 4062 4062 4062 4062 4062
857 1777285737 3550 3694 3667 379 3581 3624 3624 3592 4063 4063 4062 4062 4062 4062 4062 4062
858 1777285737 3550 3695 3667 380 3581 3625 3625 3593 4063 4063 4063 4063 4063 4063 4063 4063
859 1777285737 3547 3692 3663 378 3578 3621 3622 3590 4063 4063 4063 4063 4063 4063 4063 4063
860 1777285737 3548 3692 3665 378 3579 3622 3622 3591 4061 4061 4061 4061 4061 4061 4061 4061
861 1777285737 3548 3693 3665 378 3579 3623 3623 3591 4061 4061 4061 4061 4061 4061 4061 4061
862 1777285737 3548 3693 3664 378 3579 3622 3622 3590 4063 4063 4062 4062 4062 4062 4062 4062
863 1777285737 3548 3693 3665 379 3579 3622 3623 3591 4063 4063 4062 4062 4062 4062 4062 4062
864 1777285737 3548 3692 3665 379 3578 3623 3622 3590 4061 4061 4061 4061 4061 4061 4061 4061
865 1777285737 3548 3693 3664 378 3577 3622 3622 3590 4063 4063 4063 4063 4063 4063 4063 4063
866 1777285737 3549 3693 3665 379 3579 3623 3623 3591 4063 4063 4063 4063 4063 4063 4063 4063
867 1777285737 3548 3692 3665 378 3578 3622 3623 3591 4061 4061 4061 4061 4061 4061 4061 4061
868 1777285737 3547 3692 3664 378 3578 3622 3622 3590 4063 4063 4062 4062 4062 4062 4062 4062
869 1777285737 3548 3692 3665 378 3578 3622 3622 3591 4061 4061 4061 4061 4061 4061 4061 4061
870 1777285737 3548 3693 3665 378 3579 3623 3623 3591 4059 4059 4058 4058 4058 4058 4058 4058
871 1777285737 3549 3694 3666 378 3579 3623 3624 3591 4063 4063 4062 4062 4062 4062 4062 4062
872 1777285737 3548 3693 3665 378 3578 3623 3623 3590 4063 4063 4062 4062 4062 4062 4062 4062
873 1777285737 3548 3693 3665 378 3579 3622 3623 3591 4063 4063 4062 4062 4062 4062 4062 4062
874 1777285737 3548 3692 3665 378 3578 3622 3622 3590 4063 4063 4062 4062 4062 4062 4062 4062
875 1777285737 3548 3693 3665 378 3579 3623 3623 3591 4063 4063 4063 4063 4063 4063 4063 4063
876 1777285737 3549 3693 3665 379 3579 3623 3623 3591 4063 4063 4062 4062 4062 4062 4062 4062
877 1777285737 3548 3692 3665 378 3579 3622 3622 3591 4063 4063 4063 4063 4063 4063 4063 4063
878 1777285737 3548 3692 3665 378 3579 3623 3623 3591 4063 4063 4063 4063 4063 4063 4063 4063
879 1777285737 3548 3693 3665 378 3579 3623 3624 3592 4063 4063 4062 4062 4062 4062 4062 4062
880 1777285737 3548 3693 3665 379 3580 3623 3623 3591 4063 4063 4062 4062 4062 4062 4062 4062
881 1777285737 3548 3693 3665 378 3580 3623 3623 3591 4063 4063 4062 4062 4062 4062 4062 4062
882 1777285737 3549 3693 3665 378 3580 3623 3623 3591 4061 4061 4061 4061 4061 4061 4061 4061
883 1777285737 3548 3693 3665 378 3579 3623 3623 3591 4061 4061 4061 4061 4061 4061 4061 4061
884 1777285737 3549 3694 3666 378 3580 3624 3624 3592 4063 4063 4062 4062 4062 4062 4062 4062
885 1777285737 3549 3693 3666 378 3579 3623 3623 3591 4061 4061 4061 4061 4061 4061 4061 4061
886 1777285745 3547 3691 3664 378 3578 3621 3622 3590 4061 4061 4061 4061 4061 4061 4061 4061
887 1777285745 3548 3693 3664 377 3578 3622 3622 3590 4063 4063 4062 4062 4062 4062 4062 4062
888 1777285745 3547 3692 3664 378 3578 3622 3622 3590 4063 4063 4062 4062 4062 4062 4062 4062
889 1777285745 3548 3692 3664 379 3578 3621 3622 3590 4063 4063 4063 4063 4063 4063 4063 4063
890 1777285745 3549 3694 3666 379 3580 3624 3624 3592 4061 4061 4061 4061 4061 4061 4061 4061
891 1777285745 3547 3693 3665 378 3578 3622 3623 3590 4061 4061 4061 4061 4061 4061 4061 4061
892 1777285745 3548 3692 3664 378 3578 3622 3623 3590 4063 4063 4062 4062 4062 4062 4062 4062
893 1777285745 3547 3692 3664 378 3579 3622 3622 3590 4061 4061 4061 4061 4061 4061 4061 4061
894 1777285745 3548 3694 3666 378 3579 3623 3623 3591 4063 4063 4063 4063 4063 4063 4063 4063
895 1777285745 3547 3692 3664 379 3578 3622 3622 3590 4061 4061 4061 4061 4061 4061 4061 4061
896 1777285745 3549 3693 3665 378 3579 3622 3623 3591 4063 4062 4062 4062 4062 4062 4062 4062
897 1777285745 3548 3692 3664 379 3578 3622 3622 3590 4061 4061 4061 4061 4061 4061 4061 4061
898 1777285745 3548 3692 3664 378 3579 3622 3623 3591 4061 4061 4061 4061 4061 4061 4061 4061
899 1777285745 3547 3692 3664 378 3578 3622 3622 3591 4063 4062 4062 4062 4062 4062 4062 4062
900 1777285745 3548 3693 3664 378 3579 3622 3622 3590 4063 4063 4062 4062 4062 4062 4062 4062
901 1777285745 3549 3694 3665 379 3580 3623 3623 3591 4063 4063 4062 4062 4062 4062 4062 4062
902 1777285745 3548 3692 3664 379 3579 3622 3622 3591 4063 4063 4062 4062 4062 4062 4062 4062
903 1777285745 3549 3693 3665 379 3579 3623 3623 3591 4061 4061 4061 4061 4061 4061 4061 4061
904 1777285745 3549 3693 3665 378 3579 3622 3622 3591 4063 4063 4063 4063 4063 4063 4063 4063
905 1777285745 3548 3693 3665 378 3579 3623 3622 3591 4063 4063 4062 4062 4062 4062 4062 4062
906 1777285745 3548 3693 3665 378 3579 3623 3623 3591 4061 4061 4061 4061 4061 4061 4061 4061
907 1777285745 3549 3693 3665 379 3579 3622 3623 3591 4063 4063 4062 4062 4062 4062 4062 4062
908 1777285745 3548 3692 3664 378 3578 3622 3622 3590 4063 4062 4062 4062 4062 4062 4062 4062
909 1777285745 3549 3693 3664 379 3579 3623 3624 3592 4063 4062 4062 4062 4062 4062 4062 4062
910 1777285745 3549 3694 3666 378 3579 3623 3623 3591 4063 4063 4062 4062 4062 4062 4062 4062
911 1777285745 3550 3694 3666 379 3580 3624 3624 3592 4063 4063 4062 4062 4062 4062 4062 4062
912 1777285745 3548 3692 3665 378 3579 3622 3623 3590 4061 4061 4061 4061 4061 4061 4061 4061
913 1777285745 3549 3693 3665 378 3580 3624 3624 3592 4063 4063 4062 4062 4062 4062 4062 4062
914 1777285745 3548 3693 3665 378 3579 3623 3623 3591 4063 4063 4063 4063 4063 4063 4063 4063
915 1777285745 3550 3694 3666 379 3580 3623 3624 3591 4063 4062 4062 4062 4062 4062 4062 4062
916 1777285745 3548 3693 3665 378 3580 3623 3623 3591 4061 4061 4061 4061 4061 4061 4061 4061
917 1777285745 3549 3693 3665 378 3580 3623 3623 3591 4063 4062 4062 4062 4062 4062 4062 4062
918 1777285746 3548 3693 3665 378 3579 3622 3623 3591 4061 4061 4061 4061 4061 4061 4061 4061
919 1777285746 3549 3694 3665 379 3580 3623 3623 3592 4063 4063 4062 4062 4062 4062 4062 4062
920 1777285746 3549 3693 3665 379 3579 3623 3624 3592 4063 4063 4062 4062 4062 4062 4062 4062
921 1777285746 3549 3693 3665 378 3580 3623 3623 3592 4063 4063 4063 4063 4063 4063 4063 4063
922 1777285746 3548 3693 3665 379 3579 3623 3623 3591 4063 4063 4062 4062 4062 4062 4062 4062
923 1777285746 3549 3693 3666 379 3580 3624 3624 3591 4063 4063 4062 4062 4062 4062 4062 4062
924 1777285746 3548 3693 3665 378 3579 3622 3622 3590 4061 4061 4061 4061 4061 4061 4061 4061
925 1777285746 3550 3694 3667 379 3580 3624 3624 3592 4061 4061 4061 4061 4061 4061 4061 4061
926 1777285746 3549 3694 3666 380 3579 3624 3624 3592 4063 4063 4063 4063 4063 4063 4063 4063
927 1777285746 3549 3693 3665 379 3578 3623 3623 3591 4063 4063 4062 4062 4062 4062 4062 4062
928 1777285746 3548 3693 3665 378 3579 3623 3624 3591 4063 4063 4063 4063 4063 4063 4063 4063
929 1777285746 3549 3693 3665 379 3578 3622 3622 3590 4063 4063 4062 4062 4062 4062 4062 4062
930 1777285746 3548 3692 3665 379 3579 3623 3623 3591 4063 4063 4062 4062 4062 4062 4062 4062
931 1777285746 3547 3693 3665 379 3579 3622 3623 3591 4063 4063 4063 4063 4063 4063 4063 4063
932 1777285746 3549 3694 3666 379 3580 3623 3624 3592 4063 4063 4062 4062 4062 4062 4062 4062
933 1777285746 3549 3692 3665 379 3579 3622 3623 3591 4061 4061 4061 4061 4061 4061 4061 4061
934 1777285746 3549 3693 3666 379 3580 3624 3624 3592 4063 4061 4061 4061 4061 4061 4061 4061
935 1777285746 3549 3694 3666 379 3580 3624 3624 3592 4063 4063 4062 4062 4062 4062 4062 4062
936 1777285746 3548 3692 3664 379 3578 3622 3622 3590 4061 4061 4061 4061 4061 4061 4061 4061
937 1777285746 3549 3693 3666 378 3580 3624 3624 3592 4061 4061 4061 4061 4061 4061 4061 4061
938 1777285746 3549 3694 3666 379 3580 3624 3624 3592 4061 4061 4061 4061 4061 4061 4061 4061
939 1777285746 3549 3693 3665 379 3579 3623 3623 3591 4063 4063 4062 4062 4062 4062 4062 4062
940 1777285746 3549 3694 3665 379 3580 3624 3624 3592 4063 4062 4062 4062 4062 4062 4062 4062
941 1777285746 3549 3694 3666 378 3580 3624 3624 3592 4063 4062 4062 4062 4062 4062 4062 4062
942 1777285746 3549 3693 3665 379 3579 3623 3623 3592 4063 4063 4063 4063 4063 4063 4063 4063
943 1777285746 3549 3694 3666 379 3580 3623 3624 3592 4061 4061 4061 4061 4061 4061 4061 4061
944 1777285746 3548 3693 3665 378 3579 3622 3623 3591 4063 4063 4062 4062 4062 4062 4062 4062
945 1777285746 3548 3693 3665 379 3580 3623 3623 3591 4063 4063 4063 4063 4063 4063 4063 4063
946 1777285746 3550 3694 3666 379 3579 3624 3624 3592 4063 4063 4062 4062 4062 4062 4062 4062
947 1777285746 3550 3694 3667 379 3580 3624 3624 3592 4063 4063 4063 4063 4063 4063 4063 4063
948 1777285746 3549 3694 3666 378 3580 3623 3624 3591 4063 4063 4062 4062 4062 4062 4062 4062
949 1777285746 3549 3693 3665 379 3579 3623 3623 3592 4063 4063 4062 4062 4062 4062 4062 4062
950 1777285746 3550 3694 3667 379 3581 3624 3625 3593 4063 4063 4062 4062 4062 4062 4062 4062
951 1777285746 3549 3693 3666 379 3579 3623 3623 3591 4063 4063 4062 4062 4062 4062 4062 4062
952 1777285746 3549 3694 3666 379 3580 3623 3624 3592 4063 4063 4062 4062 4062 4062 4062 4062
953 1777285746 3549 3695 3666 379 3580 3625 3625 3593 4063 4063 4062 4062 4062 4062 4062 4062
954 1777285746 3549 3694 3666 379 3579 3623 3623 3591 4059 4059 4058 4058 4058 4058 4058 4058
955 1777285746 3548 3693 3665 379 3580 3623 3623 3591 4063 4063 4062 4062 4062 4062 4062 4062
956 1777285746 3550 3694 3667 378 3581 3624 3624 3592 4063 4063 4062 4062 4062 4062 4062 4062
957 1777285746 3548 3693 3665 379 3580 3623 3624 3592 4063 4063 4062 4062 4062 4062 4062 4062
958 1777285746 3549 3694 3666 380 3579 3623 3624 3592 4063 4063 4062 4062 4062 4062 4062 4062
959 1777285746 3550 3694 3666 379 3580 3624 3623 3591 4063 4063 4062 4062 4062 4062 4062 4062
960 1777285746 3548 3693 3666 378 3580 3623 3624 3592 4061 4061 4061 4061 4061 4061 4061 4061
961 1777285746 3549 3694 3666 379 3580 3624 3624 3591 4061 4061 4061 4061 4061 4061 4061 4061
962 1777285746 3549 3694 3666 379 3579 3623 3624 3592 4063 4063 4062 4062 4062 4062 4062 4062
963 1777285746 3548 3693 3665 379 3579 3623 3623 3591 4063 4063 4063 4063 4063 4063 4063 4063
964 1777285746 3548 3692 3665 379 3579 3623 3623 3591 4063 4063 4062 4062 4062 4062 4062 4062
965 1777285746 3549 3694 3665 379 3580 3623 3624 3592 4063 4063 4062 4062 4062 4062 4062 4062
966 1777285746 3549 3693 3666 379 3579 3623 3623 3592 4061 4061 4061 4061 4061 4061 4061 4061
967 1777285746 3549 3694 3665 379 3579 3623 3623 3592 4063 4063 4062 4062 4062 4062 4062 4062
968 1777285746 3549 3694 3666 378 3581 3624 3624 3592 4061 4061 4061 4061 4061 4061 4061 4061
969 1777285746 3549 3694 3666 379 3580 3623 3624 3592 4061 4061 4061 4061 4061 4061 4061 4061
970 1777285746 3549 3694 3666 379 3580 3622 3623 3592 4063 4063 4062 4062 4062 4062 4062 4062
971 1777285746 3550 3694 3666 379 3580 3624 3624 3592 4063 4063 4063 4063 4063 4063 4063 4063
972 1777285746 3549 3693 3665 379 3580 3623 3623 3592 4061 4061 4061 4061 4061 4061 4061 4061
973 1777285746 3549 3694 3666 379 3580 3624 3625 3593 4061 4061 4061 4061 4061 4061 4061 4061
974 1777285746 3549 3693 3665 380 3579 3624 3624 3592 4063 4063 4062 4062 4062 4062 4062 4062
975 1777285746 3550 3694 3666 379 3580 3624 3624 3592 4061 4061 4061 4061 4061 4061 4061 4061
976 1777285746 3549 3694 3666 379 3580 3623 3623 3592 4063 4063 4062 4062 4062 4062 4062 4062
977 1777285746 3549 3693 3665 379 3580 3623 3623 3592 4063 4063 4063 4063 4063 4063 4063 4063
978 1777285746 3549 3693 3665 379 3580 3623 3624 3592 4063 4063 4063 4063 4063 4063 4063 4063
979 1777285746 3549 3693 3665 379 3579 3623 3623 3591 4063 4061 4061 4061 4061 4061 4061 4061
980 1777285746 3549 3694 3666 379 3580 3623 3623 3592 4061 4061 4061 4061 4061 4061 4061 4061
981 1777285746 3549 3694 3666 379 3580 3625 3624 3592 4063 4063 4063 4063 4063 4063 4063 4063
982 1777285746 3549 3694 3667 378 3580 3624 3624 3592 4063 4063 4062 4062 4062 4062 4062 4062
983 1777285746 3549 3694 3666 379 3580 3624 3625 3592 4063 4063 4062 4062 4062 4062 4062 4062
984 1777285746 3549 3693 3665 379 3579 3622 3624 3592 4063 4063 4062 4062 4062 4062 4062 4062
985 1777285746 3549 3694 3666 379 3580 3624 3624 3592 4063 4063 4062 4062 4062 4062 4062 4062
986 1777285746 3550 3695 3667 379 3581 3624 3624 3593 4063 4063 4062 4062 4062 4062 4062 4062
987 1777285746 3550 3694 3666 379 3580 3624 3625 3592 4059 4059 4058 4058 4058 4058 4058 4058
988 1777285747 3550 3694 3666 379 3580 3624 3624 3592 4063 4063 4062 4062 4062 4062 4062 4062
989 1777285747 3549 3694 3667 381 3580 3624 3625 3592 4063 4063 4062 4062 4062 4062 4062 4062
990 1777285747 3548 3693 3666 380 3579 3623 3624 3591 4063 4063 4062 4062 4062 4062 4062 4062
991 1777285747 3548 3693 3665 379 3578 3623 3623 3591 4063 4063 4063 4063 4063 4063 4063 4063
992 1777285747 3549 3694 3666 379 3580 3624 3624 3591 4063 4063 4062 4062 4062 4062 4062 4062
993 1777285747 3550 3694 3667 379 3580 3624 3625 3592 4063 4063 4062 4062 4062 4062 4062 4062
994 1777285747 3550 3694 3666 379 3580 3624 3624 3592 4061 4061 4061 4061 4061 4061 4061 4061
995 1777285747 3550 3694 3666 379 3580 3623 3624 3592 4063 4063 4063 4063 4063 4063 4063 4063
996 1777285747 3549 3694 3666 379 3580 3624 3624 3592 4063 4063 4062 4062 4062 4062 4062 4062
997 1777285747 3550 3694 3666 379 3580 3624 3624 3592 4063 4063 4062 4062 4062 4062 4062 4062
998 1777285747 3550 3695 3667 379 3581 3625 3624 3593 4063 4063 4062 4062 4062 4062 4062 4062
999 1777285747 3549 3694 3666 379 3580 3624 3624 3592 4063 4063 4062 4062 4062 4062 4062 4062
1000 1777285747 3550 3694 3667 379 3581 3624 3624 3592 4061 4061 4061 4061 4061 4061 4061 4061
1001 1777285747 3550 3694 3666 379 3580 3624 3623 3592 4061 4061 4061 4061 4061 4061 4061 4061
1002 1777285747 3548 3693 3666 380 3579 3623 3624 3591 4061 4061 4061 4061 4061 4061 4061 4061
1003 1777285747 3550 3695 3666 379 3580 3624 3624 3593 4063 4063 4062 4062 4062 4062 4062 4062
1004 1777285747 3550 3694 3667 379 3580 3624 3624 3592 4063 4063 4062 4062 4062 4062 4062 4062
1005 1777285747 3550 3695 3667 379 3580 3624 3624 3593 4063 4063 4062 4062 4062 4062 4062 4062
1006 1777285747 3549 3693 3666 380 3580 3624 3624 3592 4061 4061 4061 4061 4061 4061 4061 4061
1007 1777285747 3549 3694 3666 379 3580 3624 3624 3592 4063 4062 4062 4062 4062 4062 4062 4062
1008 1777285747 3549 3694 3666 380 3581 3624 3624 3592 4061 4061 4061 4061 4061 4061 4061 4061
1009 1777285747 3550 3694 3666 380 3580 3623 3623 3592 4063 4063 4062 4062 4062 4062 4062 4062
1010 1777285747 3549 3694 3666 379 3579 3624 3624 3592 4061 4061 4061 4061 4061 4061 4061 4061
1011 1777285747 3549 3694 3666 379 3580 3623 3623 3592 4061 4061 4060 4060 4060 4060 4060 4060
1012 1777285747 3549 3693 3666 379 3579 3623 3623 3591 4063 4063 4062 4062 4062 4062 4062 4062
1013 1777285747 3550 3695 3666 379 3580 3624 3625 3593 4061 4061 4061 4061 4061 4061 4061 4061
1014 1777285747 3549 3694 3666 379 3580 3624 3624 3592 4063 4063 4062 4062 4062 4062 4062 4062
1015 1777285747 3550 3694 3666 379 3580 3623 3624 3592 4063 4063 4062 4062 4062 4062 4062 4062
1016 1777285747 3550 3695 3666 379 3581 3624 3625 3593 4063 4062 4062 4062 4062 4062 4062 4062
1017 1777285747 3549 3694 3667 379 3580 3624 3625 3592 4063 4063 4062 4062 4062 4062 4062 4062
1018 1777285747 3550 3694 3666 379 3581 3624 3624 3593 4063 4063 4063 4063 4063 4063 4063 4063
1019 1777285747 3549 3693 3665 379 3579 3623 3623 3591 4061 4061 4061 4061 4061 4061 4061 4061
1020 1777285747 3550 3695 3667 379 3580 3624 3624 3592 4063 4063 4062 4062 4062 4062 4062 4062
1021 1777285747 3550 3695 3666 379 3580 3624 3624 3593 4061 4061 4061 4061 4061 4061 4061 4061
1022 1777285747 3549 3694 3665 380 3579 3623 3624 3592 4063 4063 4062 4062 4062 4062 4062 4062
1023 1777285747 3550 3695 3667 379 3582 3625 3625 3593 4063 4062 4062 4062 4062 4062 4062 4062
1024 1777285747 3549 3694 3666 379 3580 3624 3624 3592 4063 4063 4062 4062 4062 4062 4062 4062
1025 1777285747 3549 3694 3666 379 3580 3624 3624 3593 4061 4061 4060 4060 4060 4060 4060 4060
1026 1777285747 3550 3694 3666 379 3580 3624 3624 3593 4061 4061 4061 4061 4061 4061 4061 4061
1027 1777285747 3550 3695 3667 379 3581 3624 3624 3593 4063 4063 4063 4063 4063 4063 4063 4063
1028 1777285747 3550 3695 3667 379 3581 3625 3624 3593 4063 4062 4062 4062 4062 4062 4062 4062
1029 1777285747 3550 3694 3667 379 3581 3625 3625 3593 4063 4063 4062 4062 4062 4062 4062 4062
1030 1777285747 3549 3694 3666 380 3579 3623 3623 3592 4061 4061 4061 4061 4061 4061 4061 4061
1031 1777285747 3550 3695 3667 379 3580 3624 3625 3593 4061 4061 4061 4061 4061 4061 4061 4061
1032 1777285747 3550 3694 3666 380 3581 3624 3624 3592 4061 4061 4061 4061 4061 4061 4061 4061
1033 1777285747 3549 3694 3666 380 3580 3624 3624 3592 4061 4061 4061 4061 4061 4061 4061 4061
1034 1777285747 3551 3695 3667 379 3581 3625 3625 3593 4063 4063 4062 4062 4062 4062 4062 4062
1035 1777285747 3550 3695 3667 379 3581 3624 3624 3592 4063 4063 4062 4062 4062 4062 4062 4062
1036 1777285747 3551 3695 3667 379 3581 3625 3625 3593 4061 4061 4061 4061 4061 4061 4061 4061
1037 1777285747 3550 3694 3666 379 3580 3624 3624 3593 4063 4062 4062 4062 4062 4062 4062 4062
1038 1777285747 3550 3694 3666 380 3580 3624 3625 3593 4063 4063 4062 4062 4062 4062 4062 4062
1039 1777285747 3550 3694 3666 379 3580 3624 3625 3593 4063 4063 4062 4062 4062 4062 4062 4062
1040 1777285747 3550 3695 3667 379 3581 3624 3624 3592 4061 4061 4061 4061 4061 4061 4061 4061
1041 1777285747 3550 3695 3666 379 3580 3624 3624 3593 4061 4061 4061 4061 4061 4061 4061 4061
1042 1777285747 3551 3696 3667 379 3581 3625 3625 3593 4063 4063 4062 4062 4062 4062 4062 4062
1043 1777285747 3550 3694 3666 379 3580 3624 3624 3593 4063 4063 4062 4062 4062 4062 4062 4062
1044 1777285747 3550 3694 3666 379 3581 3624 3625 3593 4063 4063 4063 4063 4063 4063 4063 4063
1045 1777285747 3549 3694 3666 379 3580 3624 3624 3592 4063 4063 4062 4062 4062 4062 4062 4062
1046 1777285747 3550 3695 3667 380 3581 3624 3625 3593 4063 4063 4062 4062 4062 4062 4062 4062
1047 1777285747 3550 3695 3667 379 3580 3624 3625 3593 4063 4063 4062 4062 4062 4062 4062 4062
1048 1777285747 3551 3695 3668 379 3582 3625 3626 3594 4063 4063 4062 4062 4062 4062 4062 4062
1049 1777285747 3550 3695 3666 379 3580 3624 3625 3593 4063 4063 4062 4062 4062 4062 4062 4062
1050 1777285747 3551 3696 3667 380 3581 3625 3626 3593 4063 4063 4063 4063 4063 4063 4063 4063
1051 1777285747 3549 3694 3667 379 3580 3624 3625 3593 4063 4063 4062 4062 4062 4062 4062 4062
1052 1777285747 3550 3695 3667 380 3581 3624 3624 3593 4061 4061 4061 4061 4061 4061 4061 4061
1053 1777285747 3550 3695 3666 379 3580 3624 3625 3593 4059 4059 4059 4059 4059 4059 4059 4059
1054 1777285747 3550 3695 3667 380 3579 3624 3625 3593 4063 4061 4061 4061 4061 4061 4061 4061
1055 1777285747 3550 3694 3667 380 3580 3624 3625 3593 4063 4062 4062 4062 4062 4062 4062 4062
1056 1777285748 3550 3695 3667 379 3581 3624 3624 3592 4063 4063 4062 4062 4062 4062 4062 4062
1057 1777285748 3550 3694 3666 379 3580 3624 3624 3593 4061 4061 4061 4061 4061 4061 4061 4061
1058 1777285748 3549 3694 3666 380 3580 3624 3624 3592 4063 4063 4062 4062 4062 4062 4062 4062
1059 1777285748 3549 3693 3666 379 3580 3624 3624 3592 4061 4061 4061 4061 4061 4061 4061 4061
1060 1777285748 3550 3694 3667 379 3581 3624 3625 3593 4063 4063 4062 4062 4062 4062 4062 4062
1061 1777285748 3551 3695 3667 380 3581 3625 3625 3593 4061 4061 4061 4061 4061 4061 4061 4061
1062 1777285748 3551 3695 3667 380 3581 3625 3625 3594 4063 4063 4063 4063 4063 4063 4063 4063
1063 1777285748 3551 3695 3667 379 3581 3624 3624 3593 4063 4063 4062 4062 4062 4062 4062 4062
1064 1777285748 3550 3694 3666 379 3580 3624 3624 3592 4063 4063 4062 4062 4062 4062 4062 4062
1065 1777285748 3550 3695 3667 379 3581 3625 3625 3593 4063 4063 4062 4062 4062 4062 4062 4062
1066 1777285748 3550 3695 3667 380 3580 3624 3624 3593 4063 4063 4062 4062 4062 4062 4062 4062
1067 1777285748 3550 3694 3667 379 3581 3624 3625 3593 4061 4061 4061 4061 4061 4061 4061 4061
1068 1777285748 3550 3695 3666 380 3581 3625 3625 3593 4063 4063 4062 4062 4062 4062 4062 4062
1069 1777285748 3550 3694 3666 379 3580 3624 3624 3592 4063 4063 4062 4062 4062 4062 4062 4062
1070 1777285748 3551 3695 3667 380 3581 3625 3625 3593 4061 4061 4061 4061 4061 4061 4061 4061
1071 1777285748 3549 3694 3666 379 3580 3623 3624 3592 4063 4063 4062 4062 4062 4062 4062 4062
1072 1777285748 3550 3695 3667 380 3581 3625 3626 3594 4061 4061 4061 4061 4061 4061 4061 4061
1073 1777285748 3549 3694 3666 379 3580 3624 3625 3592 4063 4062 4062 4062 4062 4062 4062 4062
1074 1777285748 3551 3695 3667 380 3581 3625 3625 3593 4063 4063 4063 4063 4063 4063 4063 4063
1075 1777285748 3550 3694 3666 380 3580 3623 3624 3592 4061 4061 4061 4061 4061 4061 4061 4061
1076 1777285748 3550 3695 3667 380 3581 3624 3625 3593 4063 4063 4062 4062 4062 4062 4062 4062
1077 1777285748 3550 3694 3666 381 3580 3624 3625 3593 4061 4061 4061 4061 4061 4061 4061 4061
1078 1777285748 3550 3695 3667 380 3581 3624 3625 3592 4063 4063 4063 4063 4063 4063 4063 4063
1079 1777285748 3550 3694 3666 380 3580 3624 3624 3592 4063 4063 4062 4062 4062 4062 4062 4062
1080 1777285748 3550 3694 3666 380 3581 3624 3624 3593 4063 4063 4062 4062 4062 4062 4062 4062
1081 1777285748 3551 3695 3667 380 3581 3624 3625 3593 4061 4061 4061 4061 4061 4061 4061 4061
1082 1777285748 3551 3696 3668 379 3581 3625 3625 3593 4063 4063 4062 4062 4062 4062 4062 4062
1083 1777285748 3550 3695 3666 379 3581 3624 3625 3593 4063 4063 4062 4062 4062 4062 4062 4062
1084 1777285748 3551 3695 3666 380 3581 3624 3625 3592 4063 4063 4063 4063 4063 4063 4063 4063
1085 1777285748 3550 3695 3667 379 3580 3624 3624 3593 4063 4063 4063 4063 4063 4063 4063 4063
1086 1777285748 3550 3695 3667 380 3581 3624 3624 3593 4063 4063 4063 4063 4063 4063 4063 4063
1087 1777285748 3550 3695 3667 380 3581 3625 3625 3594 4063 4063 4063 4063 4063 4063 4063 4063
1088 1777285756 3548 3693 3664 380 3578 3622 3622 3590 4063 4063 4063 4063 4063 4063 4063 4063
1089 1777285756 3550 3694 3666 380 3580 3624 3624 3592 4061 4061 4061 4061 4061 4061 4061 4061
1090 1777285756 3550 3694 3666 380 3580 3624 3623 3592 4061 4061 4061 4061 4061 4061 4061 4061
1091 1777285756 3549 3693 3666 380 3580 3623 3624 3592 4061 4061 4061 4061 4061 4061 4061 4061
1092 1777285756 3549 3694 3666 379 3580 3624 3624 3592 4063 4063 4062 4062 4062 4062 4062 4062
1093 1777285756 3551 3695 3667 380 3581 3624 3625 3593 4063 4063 4062 4062 4062 4062 4062 4062
1094 1777285756 3549 3694 3666 379 3580 3624 3624 3592 4063 4063 4063 4063 4063 4063 4063 4063
1095 1777285756 3549 3694 3666 380 3580 3624 3624 3592 4061 4061 4061 4061 4061 4061 4061 4061
1096 1777285756 3549 3694 3666 380 3580 3624 3624 3592 4061 4061 4061 4061 4061 4061 4061 4061
1097 1777285756 3550 3695 3667 380 3581 3624 3624 3592 4061 4061 4061 4061 4061 4061 4061 4061
1098 1777285756 3549 3695 3667 379 3580 3624 3624 3593 4063 4063 4062 4062 4062 4062 4062 4062
1099 1777285756 3550 3694 3666 380 3580 3624 3624 3592 4063 4063 4062 4062 4062 4062 4062 4062
1100 1777285756 3549 3693 3665 380 3579 3623 3623 3591 4063 4063 4062 4062 4062 4062 4062 4062
1101 1777285756 3549 3693 3665 380 3579 3623 3623 3592 4061 4061 4061 4061 4061 4061 4061 4061
1102 1777285756 3550 3694 3666 380 3580 3624 3624 3592 4063 4063 4062 4062 4062 4062 4062 4062
1103 1777285756 3549 3693 3666 379 3579 3623 3623 3592 4063 4063 4062 4062 4062 4062 4062 4062
1104 1777285756 3550 3694 3667 379 3581 3624 3625 3593 4063 4063 4063 4063 4063 4063 4063 4063
1105 1777285756 3551 3695 3667 380 3581 3624 3625 3593 4063 4063 4062 4062 4062 4062 4062 4062
1106 1777285756 3550 3694 3666 380 3580 3624 3624 3592 4063 4063 4062 4062 4062 4062 4062 4062
1107 1777285756 3549 3694 3666 380 3580 3623 3624 3592 4061 4061 4061 4061 4061 4061 4061 4061
1108 1777285756 3550 3694 3667 380 3581 3625 3625 3593 4063 4063 4063 4063 4063 4063 4063 4063
1109 1777285756 3550 3695 3667 380 3581 3625 3625 3593 4061 4061 4061 4061 4061 4061 4061 4061
1110 1777285756 3550 3695 3667 380 3582 3625 3625 3593 4061 4061 4061 4061 4061 4061 4061 4061
1111 1777285756 3550 3694 3667 380 3581 3625 3625 3593 4061 4061 4061 4061 4061 4061 4061 4061
1112 1777285756 3550 3694 3667 380 3580 3625 3624 3593 4061 4061 4061 4061 4061 4061 4061 4061
1113 1777285756 3548 3692 3665 378 3579 3622 3623 3591 4063 4063 4062 4062 4062 4062 4062 4062
1114 1777285756 3548 3692 3664 378 3579 3622 3622 3590 4065 4063 4063 4063 4063 4063 4063 4063
1115 1777285756 3548 3693 3664 378 3579 3622 3623 3590 4063 4063 4063 4063 4063 4063 4063 4063
1116 1777285756 3548 3693 3664 378 3578 3622 3623 3591 4063 4063 4063 4063 4063 4063 4063 4063
1117 1777285756 3549 3693 3665 378 3579 3622 3623 3591 4063 4063 4063 4063 4063 4063 4063 4063
1118 1777285756 3548 3693 3665 379 3578 3623 3623 3591 4061 4061 4061 4061 4061 4061 4061 4061
1119 1777285756 3548 3692 3664 378 3577 3622 3622 3590 4063 4063 4063 4063 4063 4063 4063 4063
1120 1777285756 3549 3693 3665 378 3580 3623 3623 3591 4061 4061 4061 4061 4061 4061 4061 4061
1121 1777285756 3548 3693 3665 378 3579 3622 3623 3590 4061 4061 4061 4061 4061 4061 4061 4061
1122 1777285756 3548 3692 3664 378 3578 3622 3622 3590 4063 4063 4062 4062 4062 4062 4062 4062
1123 1777285756 3549 3694 3666 379 3580 3623 3624 3592 4063 4063 4062 4062 4062 4062 4062 4062
1124 1777285756 3548 3692 3664 379 3578 3622 3623 3590 4063 4062 4062 4062 4062 4062 4062 4062
1125 1777285756 3548 3693 3665 378 3579 3623 3623 3591 4063 4063 4062 4062 4062 4062 4062 4062
1126 1777285756 3549 3693 3665 379 3580 3623 3624 3591 4063 4063 4062 4062 4062 4062 4062 4062
1127 1777285756 3549 3693 3664 378 3579 3623 3623 3592 4063 4063 4062 4062 4062 4062 4062 4062
1128 1777285756 3548 3692 3664 378 3578 3621 3622 3590 4063 4063 4063 4063 4063 4063 4063 4063
1129 1777285756 3548 3693 3665 379 3579 3623 3623 3591 4063 4063 4063 4063 4063 4063 4063 4063
1130 1777285756 3547 3692 3664 378 3578 3622 3622 3591 4063 4063 4063 4063 4063 4063 4063 4063
1131 1777285756 3548 3693 3665 378 3579 3623 3623 3591 4061 4061 4061 4061 4061 4061 4061 4061
1132 1777285756 3548 3693 3664 379 3579 3623 3623 3591 4063 4063 4062 4062 4062 4062 4062 4062
1133 1777285756 3548 3692 3664 378 3579 3622 3623 3591 4063 4063 4062 4062 4062 4062 4062 4062
1134 1777285756 3549 3693 3666 379 3580 3623 3623 3592 4063 4062 4062 4062 4062 4062 4062 4062
1135 1777285756 3549 3693 3665 378 3579 3623 3624 3591 4063 4063 4062 4062 4062 4062 4062 4062
1136 1777285756 3548 3692 3665 378 3578 3623 3623 3590 4061 4061 4060 4060 4060 4060 4060 4060
1137 1777285757 3549 3693 3665 378 3579 3623 3623 3591 4063 4063 4062 4062 4062 4062 4062 4062
1138 1777285757 3549 3693 3665 379 3580 3624 3624 3591 4061 4061 4061 4061 4061 4061 4061 4061
1139 1777285757 3548 3693 3665 378 3578 3622 3622 3590 4063 4063 4062 4062 4062 4062 4062 4062
1140 1777285757 3548 3693 3665 378 3579 3623 3623 3591 4063 4062 4062 4062 4062 4062 4062 4062
1141 1777285757 3548 3693 3665 378 3580 3623 3623 3591 4063 4063 4062 4062 4062 4062 4062 4062
1142 1777285757 3549 3693 3665 379 3580 3623 3623 3592 4063 4063 4063 4063 4063 4063 4063 4063
1143 1777285757 3549 3693 3665 378 3579 3623 3623 3591 4063 4063 4062 4062 4062 4062 4062 4062
1144 1777285757 3549 3692 3664 378 3578 3622 3623 3590 4063 4063 4062 4062 4062 4062 4062 4062
1145 1777285757 3549 3693 3665 378 3579 3623 3623 3591 4063 4063 4063 4063 4063 4063 4063 4063
1146 1777285757 3549 3694 3666 379 3579 3623 3624 3592 4063 4063 4062 4062 4062 4062 4062 4062
1147 1777285757 3549 3694 3665 378 3579 3623 3623 3592 4061 4061 4061 4061 4061 4061 4061 4061
1148 1777285757 3549 3693 3665 379 3579 3623 3623 3592 4063 4063 4063 4063 4063 4063 4063 4063
1149 1777285757 3549 3693 3666 378 3579 3623 3623 3592 4063 4063 4063 4063 4063 4063 4063 4063
1150 1777285757 3548 3692 3665 379 3578 3622 3622 3590 4061 4061 4061 4061 4061 4061 4061 4061
1151 1777285757 3548 3693 3665 378 3579 3622 3623 3591 4063 4063 4063 4063 4063 4063 4063 4063
1152 1777285757 3547 3692 3664 379 3578 3622 3623 3590 4063 4063 4062 4062 4062 4062 4062 4062
1153 1777285757 3549 3693 3665 378 3579 3623 3624 3592 4063 4062 4062 4062 4062 4062 4062 4062
1154 1777285757 3549 3694 3666 378 3580 3623 3624 3592 4063 4063 4062 4062 4062 4062 4062 4062
1155 1777285757 3549 3693 3665 378 3580 3623 3623 3591 4061 4061 4061 4061 4061 4061 4061 4061
1156 1777285757 3549 3694 3666 379 3580 3624 3624 3592 4063 4063 4062 4062 4062 4062 4062 4062
1157 1777285757 3549 3693 3665 379 3579 3623 3623 3592 4061 4061 4061 4061 4061 4061 4061 4061
1158 1777285757 3549 3693 3665 378 3579 3623 3623 3591 4065 4063 4063 4063 4063 4063 4063 4063
1159 1777285757 3548 3693 3665 378 3579 3623 3623 3591 4063 4063 4062 4062 4062 4062 4062 4062
1160 1777285757 3548 3693 3664 378 3579 3623 3623 3591 4061 4061 4061 4061 4061 4061 4061 4061
1161 1777285757 3549 3693 3666 378 3580 3623 3623 3591 4063 4063 4062 4062 4062 4062 4062 4062
1162 1777285757 3549 3693 3665 379 3579 3623 3623 3591 4063 4062 4062 4062 4062 4062 4062 4062
1163 1777285757 3548 3693 3665 378 3579 3622 3622 3591 4061 4061 4061 4061 4061 4061 4061 4061
1164 1777285757 3549 3693 3666 378 3580 3624 3623 3591 4061 4061 4061 4061 4061 4061 4061 4061
1165 1777285757 3549 3694 3666 378 3579 3623 3623 3592 4063 4063 4062 4062 4062 4062 4062 4062
1166 1777285757 3549 3693 3665 379 3580 3623 3623 3591 4063 4063 4062 4062 4062 4062 4062 4062
1167 1777285757 3549 3694 3666 378 3580 3623 3624 3591 4063 4063 4062 4062 4062 4062 4062 4062
1168 1777285757 3550 3695 3666 379 3581 3624 3625 3593 4063 4063 4062 4062 4062 4062 4062 4062
1169 1777285757 3549 3693 3665 378 3579 3623 3624 3591 4061 4061 4061 4061 4061 4061 4061 4061
1170 1777285757 3548 3692 3665 379 3579 3623 3623 3591 4061 4061 4061 4061 4061 4061 4061 4061
1171 1777285757 3548 3693 3665 378 3580 3623 3624 3591 4063 4063 4062 4062 4062 4062 4062 4062
1172 1777285757 3549 3693 3665 378 3580 3623 3624 3591 4061 4061 4061 4061 4061 4061 4061 4061
1173 1777285757 3549 3693 3665 378 3579 3623 3623 3591 4061 4061 4061 4061 4061 4061 4061 4061
1174 1777285757 3550 3694 3666 379 3580 3623 3624 3592 4063 4063 4062 4062 4062 4062 4062 4062
1175 1777285757 3549 3694 3666 379 3580 3624 3624 3592 4061 4061 4061 4061 4061 4061 4061 4061
1176 1777285757 3550 3694 3666 379 3580 3623 3624 3592 4063 4063 4063 4063 4063 4063 4063 4063
1177 1777285757 3549 3693 3665 379 3579 3623 3624 3592 4063 4062 4062 4062 4062 4062 4062 4062
1178 1777285757 3549 3694 3666 378 3580 3623 3623 3591 4063 4063 4063 4063 4063 4063 4063 4063
1179 1777285757 3549 3694 3665 379 3580 3623 3623 3591 4062 4063 4062 4062 4062 4062 4062 4062
1180 1777285757 3549 3693 3665 379 3579 3623 3624 3592 4061 4061 4061 4061 4061 4061 4061 4061
1181 1777285765 3548 3692 3665 379 3578 3622 3622 3591 4063 4063 4062 4062 4062 4062 4062 4062
1182 1777285765 3548 3692 3664 379 3577 3623 3623 3591 4061 4061 4060 4060 4060 4060 4060 4060
1183 1777285765 3549 3693 3665 379 3579 3622 3623 3591 4063 4062 4062 4062 4062 4062 4062 4062
1184 1777285765 3548 3692 3665 379 3579 3622 3622 3591 4063 4063 4062 4062 4062 4062 4062 4062
1185 1777285765 3548 3692 3664 379 3578 3622 3623 3591 4061 4061 4061 4061 4061 4061 4061 4061
1186 1777285765 3548 3692 3665 379 3579 3623 3623 3591 4063 4063 4062 4062 4062 4062 4062 4062
1187 1777285765 3548 3693 3665 379 3579 3623 3623 3590 4063 4063 4062 4062 4062 4062 4062 4062
1188 1777285765 3548 3693 3665 379 3579 3622 3623 3591 4061 4061 4061 4061 4061 4061 4061 4061
1189 1777285765 3548 3693 3664 379 3578 3622 3622 3590 4063 4063 4062 4062 4062 4062 4062 4062
1190 1777285765 3549 3693 3665 378 3579 3623 3623 3591 4063 4063 4062 4062 4062 4062 4062 4062
1191 1777285765 3549 3694 3666 379 3580 3624 3624 3592 4063 4063 4062 4062 4062 4062 4062 4062
1192 1777285765 3548 3694 3665 379 3579 3623 3623 3591 4063 4063 4062 4062 4062 4062 4062 4062
1193 1777285765 3548 3693 3665 379 3579 3623 3623 3591 4061 4061 4061 4061 4061 4061 4061 4061
1194 1777285765 3549 3693 3665 378 3579 3623 3623 3591 4063 4063 4063 4063 4063 4063 4063 4063
1195 1777285765 3549 3693 3665 379 3580 3624 3624 3592 4063 4063 4062 4062 4062 4062 4062 4062
1196 1777285765 3550 3695 3667 379 3581 3624 3625 3593 4063 4063 4062 4062 4062 4062 4062 4062
1197 1777285765 3548 3693 3665 379 3578 3623 3623 3592 4063 4063 4062 4062 4062 4062 4062 4062
1198 1777285765 3549 3693 3665 379 3579 3623 3623 3591 4061 4061 4061 4061 4061 4061 4061 4061
1199 1777285765 3547 3692 3665 379 3578 3622 3623 3590 4061 4061 4061 4061 4061 4061 4061 4061
1200 1777285765 3549 3694 3666 379 3580 3623 3624 3592 4061 4061 4061 4061 4061 4061 4061 4061
1201 1777285765 3549 3693 3666 379 3579 3623 3623 3591 4061 4061 4061 4061 4061 4061 4061 4061
1202 1777285765 3549 3693 3665 379 3580 3622 3623 3592 4061 4061 4060 4060 4060 4060 4060 4060
1203 1777285765 3549 3694 3666 379 3580 3623 3624 3592 4063 4063 4063 4063 4063 4063 4063 4063
1204 1777285765 3548 3693 3665 379 3579 3623 3623 3591 4063 4063 4062 4062 4062 4062 4062 4062
1205 1777285765 3549 3694 3665 379 3580 3624 3624 3592 4063 4063 4062 4062 4062 4062 4062 4062
1206 1777285765 3548 3693 3665 379 3579 3623 3623 3591 4063 4063 4062 4062 4062 4062 4062 4062
1207 1777285765 3549 3693 3665 378 3579 3623 3623 3591 4063 4063 4062 4062 4062 4062 4062 4062
1208 1777285765 3549 3694 3666 379 3580 3624 3624 3592 4063 4062 4062 4062 4062 4062 4062 4062
1209 1777285765 3549 3693 3665 379 3579 3623 3623 3591 4061 4061 4061 4061 4061 4061 4061 4061
1210 1777285765 3550 3694 3666 378 3580 3623 3623 3591 4061 4061 4061 4061 4061 4061 4061 4061
1211 1777285765 3548 3693 3665 379 3580 3623 3623 3591 4063 4062 4062 4062 4062 4062 4062 4062
1212 1777285766 3548 3693 3665 380 3579 3623 3624 3591 4063 4063 4062 4062 4062 4062 4062 4062
1213 1777285766 3550 3694 3667 379 3580 3624 3624 3592 4063 4063 4062 4062 4062 4062 4062 4062
1214 1777285766 3549 3694 3666 379 3580 3623 3624 3592 4063 4063 4062 4062 4062 4062 4062 4062
1215 1777285766 3550 3695 3667 379 3580 3625 3625 3593 4063 4063 4063 4063 4063 4063 4063 4063
1216 1777285766 3552 3696 3668 379 3583 1679 1388 1699 4063 4063 4062 4062 4062 4062 4062 4062
1217 1777285766 3551 3695 3667 379 3581 3625 3625 3593 4063 4063 4062 4062 4062 4062 4062 4062
1218 1777285766 3550 3695 3666 379 3580 3624 3624 3592 4061 4061 4061 4061 4061 4061 4061 4061
1219 1777285766 3549 3693 3665 379 3580 3623 3624 3592 4063 4063 4062 4062 4062 4062 4062 4062
1220 1777285766 3550 3694 3666 379 3580 3623 3624 3592 4063 4062 4062 4062 4062 4062 4062 4062
1221 1777285766 3549 3693 3665 379 3579 3623 3623 3591 4063 4063 4062 4062 4062 4062 4062 4062
1222 1777285766 3550 3695 3666 378 3581 3624 3624 3592 4061 4061 4061 4061 4061 4061 4061 4061
1223 1777285766 3549 3693 3665 379 3579 3623 3623 3591 4063 4063 4062 4062 4062 4062 4062 4062
1224 1777285766 3550 3694 3667 379 3581 3624 3624 3593 4061 4061 4061 4061 4061 4061 4061 4061
1225 1777285766 3550 3694 3666 379 3581 3624 3624 3592 4063 4063 4062 4062 4062 4062 4062 4062
1226 1777285766 3550 3695 3667 379 3581 3624 3625 3592 4059 4059 4059 4059 4059 4059 4059 4059
1227 1777285766 3549 3693 3665 379 3579 3623 3623 3591 4063 4063 4062 4062 4062 4062 4062 4062
1228 1777285766 3549 3693 3665 379 3579 3623 3623 3591 4063 4063 4062 4062 4062 4062 4062 4062
1229 1777285766 3549 3694 3666 379 3580 3624 3625 3592 4063 4063 4062 4062 4062 4062 4062 4062
1230 1777285766 3549 3693 3665 379 3579 3623 3623 3591 4063 4063 4062 4062 4062 4062 4062 4062
1231 1777285766 3549 3693 3665 379 3580 3623 3623 3592 4061 4061 4061 4061 4061 4061 4061 4061
1232 1777285766 3548 3694 3665 379 3579 3623 3623 3591 4063 4063 4062 4062 4062 4062 4062 4062
1233 1777285766 3549 3694 3665 379 3580 3623 3623 3591 4061 4061 4061 4061 4061 4061 4061 4061
1234 1777285766 3549 3693 3666 379 3579 3623 3623 3591 4061 4061 4061 4061 4061 4061 4061 4061
1235 1777285766 3549 3694 3666 379 3580 3624 3624 3592 4061 4061 4061 4061 4061 4061 4061 4061
1236 1777285766 3550 3694 3666 380 3581 3624 3624 3592 4063 4063 4063 4063 4063 4063 4063 4063
1237 1777285766 3550 3694 3666 379 3581 3624 3624 3592 4061 4061 4061 4061 4061 4061 4061 4061
1238 1777285766 3549 3693 3666 379 3579 3623 3623 3592 4063 4063 4062 4062 4062 4062 4062 4062
1239 1777285766 3549 3694 3667 379 3581 3624 3624 3592 4061 4061 4060 4060 4060 4060 4060 4060
1240 1777285766 3550 3695 3667 379 3580 3624 3624 3592 4063 4063 4062 4062 4062 4062 4062 4062
1241 1777285766 3548 3693 3665 379 3579 3622 3623 3591 4063 4063 4062 4062 4062 4062 4062 4062
1242 1777285766 3549 3693 3665 379 3580 3624 3624 3592 4063 4063 4063 4063 4063 4063 4063 4063
1243 1777285766 3549 3694 3666 381 3580 3623 3624 3592 4063 4062 4062 4062 4062 4062 4062 4062
1244 1777285766 3550 3694 3666 380 3579 3624 3624 3592 4061 4061 4061 4061 4061 4061 4061 4061
1245 1777285766 3549 3693 3665 379 3578 3623 3623 3591 4063 4061 4061 4061 4061 4061 4061 4061
1246 1777285766 3549 3693 3665 379 3577 3623 3623 3591 4061 4061 4061 4061 4061 4061 4061 4061
1247 1777285766 3549 3694 3666 379 3580 3624 3625 3593 4063 4063 4062 4062 4062 4062 4062 4062
1248 1777285766 3549 3694 3666 380 3580 3624 3624 3592 4065 4063 4063 4063 4063 4063 4063 4063
1249 1777285766 3549 3694 3666 379 3580 3624 3624 3592 4063 4063 4063 4063 4063 4063 4063 4063
1250 1777285766 3550 3695 3667 379 3580 3624 3624 3592 4063 4063 4062 4062 4062 4062 4062 4062
1251 1777285766 3551 3695 3667 379 3580 3625 3625 3593 4063 4063 4063 4063 4063 4063 4063 4063
1252 1777285766 3549 3693 3666 379 3580 3624 3624 3592 4063 4063 4063 4063 4063 4063 4063 4063
1253 1777285766 3549 3693 3665 379 3580 3623 3624 3592 4061 4061 4061 4061 4061 4061 4061 4061
1254 1777285766 3550 3694 3666 379 3580 3624 3624 3593 4063 4062 4062 4062 4062 4062 4062 4062
1255 1777285766 3549 3693 3665 379 3580 3623 3623 3591 4063 4063 4063 4063 4063 4063 4063 4063
1256 1777285766 3551 3694 3667 380 3581 3624 3625 3593 4063 4063 4062 4062 4062 4062 4062 4062
1257 1777285766 3549 3693 3666 379 3580 3623 3624 3592 4063 4063 4062 4062 4062 4062 4062 4062
1258 1777285766 3550 3694 3666 379 3580 3624 3624 3592 4063 4063 4062 4062 4062 4062 4062 4062
1259 1777285766 3549 3693 3665 379 3580 3623 3623 3591 4063 4063 4062 4062 4062 4062 4062 4062
1260 1777285766 3549 3694 3666 380 3579 3624 3624 3592 4061 4061 4061 4061 4061 4061 4061 4061
1261 1777285766 3549 3693 3666 379 3580 3623 3624 3592 4061 4061 4061 4061 4061 4061 4061 4061
1262 1777285766 3551 3695 3667 379 3581 3625 3625 3593 4063 4063 4063 4063 4063 4063 4063 4063
1263 1777285766 3549 3693 3665 379 3580 3623 3624 3592 4061 4061 4061 4061 4061 4061 4061 4061
1264 1777285766 3550 3694 3666 379 3579 3624 3624 3592 4063 4063 4062 4062 4062 4062 4062 4062
1265 1777285766 3550 3695 3667 379 3581 3624 3625 3593 4063 4063 4062 4062 4062 4062 4062 4062
1266 1777285766 3550 3694 3666 379 3580 3624 3624 3592 4063 4063 4063 4063 4063 4063 4063 4063
1267 1777285766 3550 3694 3667 379 3580 3624 3624 3593 4063 4063 4062 4062 4062 4062 4062 4062
1268 1777285766 3550 3695 3666 380 3580 3624 3624 3592 4061 4061 4061 4061 4061 4061 4061 4061
1269 1777285766 3550 3694 3667 379 3581 3624 3625 3593 4063 4063 4062 4062 4062 4062 4062 4062
1270 1777285766 3550 3694 3666 379 3581 3624 3624 3592 4063 4062 4062 4062 4062 4062 4062 4062
1271 1777285766 3550 3694 3666 379 3580 3624 3624 3592 4063 4063 4062 4062 4062 4062 4062 4062
1272 1777285766 3550 3695 3667 379 3580 3624 3624 3592 4063 4063 4062 4062 4062 4062 4062 4062
1273 1777285766 3549 3694 3666 379 3580 3623 3624 3591 4063 4063 4062 4062 4062 4062 4062 4062
1274 1777285766 3550 3694 3666 379 3581 3624 3624 3593 4061 4061 4061 4061 4061 4061 4061 4061
1275 1777285766 3549 3693 3665 379 3580 3623 3623 3591 4063 4063 4062 4062 4062 4062 4062 4062
1276 1777285766 3549 3694 3666 380 3579 3624 3624 3592 4061 4061 4061 4061 4061 4061 4061 4061
1277 1777285766 3550 3695 3667 379 3581 3624 3625 3593 4063 4063 4062 4062 4062 4062 4062 4062
1278 1777285767 3549 3694 3666 379 3581 3623 3624 3592 4061 4061 4061 4061 4061 4061 4061 4061
1279 1777285767 3550 3694 3666 379 3581 3625 3625 3593 4061 4061 4061 4061 4061 4061 4061 4061
1280 1777285767 3550 3694 3666 379 3580 3623 3624 3592 4063 4063 4062 4062 4062 4062 4062 4062
1281 1777285767 3550 3694 3666 379 3580 3624 3624 3592 4063 4063 4062 4062 4062 4062 4062 4062
1282 1777285767 3549 3694 3665 380 3580 3623 3624 3592 4063 4063 4063 4063 4063 4063 4063 4063
1283 1777285767 3550 3694 3666 379 3580 3623 3624 3592 4063 4063 4062 4062 4062 4062 4062 4062
1284 1777285767 3550 3694 3666 379 3579 3623 3623 3591 4061 4061 4061 4061 4061 4061 4061 4061
1285 1777285767 3549 3694 3667 379 3580 3623 3623 3592 4063 4063 4062 4062 4062 4062 4062 4062
1286 1777285767 3550 3694 3667 379 3581 3624 3624 3592 4063 4063 4062 4062 4062 4062 4062 4062
1287 1777285767 3551 3695 3667 380 3581 3625 3626 3594 4063 4063 4062 4062 4062 4062 4062 4062
1288 1777285767 3550 3695 3667 380 3581 3624 3625 3592 4063 4063 4063 4063 4063 4063 4063 4063
1289 1777285767 3550 3695 3666 379 3580 3624 3624 3592 4063 4063 4062 4062 4062 4062 4062 4062
1290 1777285767 3550 3695 3667 379 3581 3624 3624 3592 4061 4061 4061 4061 4061 4061 4061 4061
1291 1777285767 3550 3694 3667 379 3580 3625 3625 3593 4063 4063 4062 4062 4062 4062 4062 4062
1292 1777285767 3549 3694 3666 380 3580 3624 3624 3592 4061 4061 4061 4061 4061 4061 4061 4061
1293 1777285767 3550 3695 3667 379 3581 3624 3624 3592 4061 4061 4061 4061 4061 4061 4061 4061
1294 1777285767 3549 3694 3666 380 3580 3623 3624 3592 4063 4063 4062 4062 4062 4062 4062 4062
1295 1777285767 3550 3695 3667 379 3580 3625 3625 3593 4063 4063 4062 4062 4062 4062 4062 4062
1296 1777285767 3550 3694 3667 379 3580 3624 3624 3592 4061 4061 4061 4061 4061 4061 4061 4061
1297 1777285767 3550 3695 3667 379 3581 3625 3625 3593 4063 4063 4062 4062 4062 4062 4062 4062
1298 1777285767 3550 3694 3666 379 3581 3624 3624 3592 4063 4063 4062 4062 4062 4062 4062 4062
1299 1777285767 3550 3695 3667 380 3580 3624 3624 3592 4061 4061 4061 4061 4061 4061 4061 4061
1300 1777285767 3549 3693 3666 380 3579 3623 3624 3591 4063 4063 4063 4063 4063 4063 4063 4063
1301 1777285767 3550 3695 3666 379 3581 3625 3625 3593 4063 4063 4062 4062 4062 4062 4062 4062
1302 1777285767 3551 3696 3668 380 3581 3625 3625 3593 4063 4063 4062 4062 4062 4062 4062 4062
1303 1777285767 3550 3695 3667 379 3581 3624 3625 3592 4061 4061 4061 4061 4061 4061 4061 4061
1304 1777285767 3549 3694 3666 380 3580 3624 3624 3593 4063 4063 4062 4062 4062 4062 4062 4062
1305 1777285767 3550 3695 3667 379 3581 3624 3624 3592 4063 4063 4062 4062 4062 4062 4062 4062
1306 1777285767 3550 3694 3666 379 3580 3624 3624 3592 4063 4063 4062 4062 4062 4062 4062 4062
1307 1777285767 3550 3695 3667 381 3580 3625 3625 3593 4061 4061 4061 4061 4061 4061 4061 4061
1308 1777285767 3550 3695 3666 380 3579 3624 3624 3593 4061 4061 4061 4061 4061 4061 4061 4061
1309 1777285767 3550 3694 3667 380 3580 3623 3624 3592 4063 4062 4062 4062 4062 4062 4062 4062
1310 1777285767 3549 3693 3666 380 3580 3624 3624 3592 4063 4063 4062 4062 4062 4062 4062 4062
1311 1777285767 3550 3695 3666 380 3580 3624 3625 3592 4063 4063 4062 4062 4062 4062 4062 4062
1312 1777285767 3550 3695 3667 380 3580 3624 3624 3593 4061 4061 4061 4061 4061 4061 4061 4061
1313 1777285767 3549 3695 3667 379 3581 3624 3624 3592 4063 4063 4062 4062 4062 4062 4062 4062
1314 1777285767 3550 3695 3667 379 3581 3625 3625 3593 4061 4061 4061 4061 4061 4061 4061 4061
1315 1777285767 3550 3694 3666 379 3580 3624 3624 3592 4061 4061 4061 4061 4061 4061 4061 4061
1316 1777285767 3549 3695 3666 380 3579 3624 3624 3592 4061 4061 4061 4061 4061 4061 4061 4061
1317 1777285767 3550 3694 3666 380 3580 3624 3624 3592 4063 4061 4061 4061 4061 4061 4061 4061
1318 1777285767 3550 3694 3666 380 3580 3624 3624 3592 4063 4063 4062 4062 4062 4062 4062 4062
1319 1777285767 3551 3695 3667 380 3582 3625 3626 3593 4061 4061 4061 4061 4061 4061 4061 4061
1320 1777285767 3550 3694 3666 379 3581 3624 3624 3592 4061 4061 4061 4061 4061 4061 4061 4061
1321 1777285767 3550 3695 3666 379 3581 3624 3625 3593 4061 4061 4061 4061 4061 4061 4061 4061
1322 1777285767 3550 3694 3667 380 3581 3624 3624 3593 4063 4062 4062 4062 4062 4062 4062 4062
1323 1777285767 3550 3694 3667 379 3580 3625 3625 3593 4061 4061 4061 4061 4061 4061 4061 4061
1324 1777285767 3549 3694 3666 379 3580 3624 3624 3592 4061 4061 4061 4061 4061 4061 4061 4061
1325 1777285767 3550 3694 3667 380 3581 3624 3624 3592 4063 4063 4062 4062 4062 4062 4062 4062
1326 1777285767 3549 3694 3665 380 3580 3623 3624 3592 4063 4063 4062 4062 4062 4062 4062 4062
1327 1777285767 3549 3694 3666 379 3580 3624 3624 3592 4063 4063 4062 4062 4062 4062 4062 4062
1328 1777285775 3549 3693 3665 380 3579 3622 3623 3590 4061 4061 4061 4061 4061 4061 4061 4061
1329 1777285775 3549 3694 3665 380 3580 3623 3623 3592 4061 4061 4061 4061 4061 4061 4061 4061
1330 1777285775 3549 3694 3666 379 3580 3624 3624 3592 4063 4063 4062 4062 4062 4062 4062 4062
1331 1777285775 3549 3694 3666 380 3579 3623 3624 3591 4063 4063 4062 4062 4062 4062 4062 4062
1332 1777285775 3550 3695 3667 380 3580 3624 3625 3592 4061 4061 4061 4061 4061 4061 4061 4061
1333 1777285775 3549 3693 3666 380 3580 3624 3624 3592 4063 4063 4063 4063 4063 4063 4063 4063
1334 1777285775 3549 3694 3666 380 3581 3624 3624 3592 4061 4061 4061 4061 4061 4061 4061 4061
1335 1777285775 3549 3693 3665 380 3579 3623 3623 3591 4061 4061 4060 4060 4060 4060 4060 4060
1336 1777285775 3550 3694 3666 379 3580 3624 3624 3592 4063 4063 4062 4062 4062 4062 4062 4062
1337 1777285775 3549 3694 3665 380 3580 3624 3624 3592 4063 4063 4062 4062 4062 4062 4062 4062
1338 1777285775 3550 3694 3666 381 3580 3624 3624 3592 4063 4063 4062 4062 4062 4062 4062 4062
1339 1777285775 3550 3695 3667 380 3580 3624 3624 3592 4061 4061 4061 4061 4061 4061 4061 4061
1340 1777285775 3549 3694 3667 379 3581 3624 3624 3592 4061 4061 4061 4061 4061 4061 4061 4061
1341 1777285775 3549 3694 3666 380 3580 3624 3624 3592 4061 4061 4061 4061 4061 4061 4061 4061
1342 1777285775 3550 3695 3666 379 3580 3624 3624 3593 4063 4063 4062 4062 4062 4062 4062 4062
1343 1777285775 3550 3695 3666 380 3580 3624 3624 3592 4063 4063 4062 4062 4062 4062 4062 4062
1344 1777285775 3550 3695 3667 379 3581 3624 3625 3593 4061 4061 4061 4061 4061 4061 4061 4061
1345 1777285775 3549 3694 3666 380 3580 3624 3624 3592 4063 4063 4063 4063 4063 4063 4063 4063
1346 1777285775 3551 3695 3667 380 3581 3625 3625 3593 4061 4061 4061 4061 4061 4061 4061 4061
1347 1777285775 3549 3694 3666 380 3581 3624 3624 3592 4061 4061 4061 4061 4061 4061 4061 4061
1348 1777285775 3550 3695 3667 379 3581 3624 3624 3592 4063 4063 4063 4063 4063 4063 4063 4063
1349 1777285775 3550 3694 3667 380 3581 3624 3625 3593 4061 4061 4061 4061 4061 4061 4061 4061
1350 1777285775 3549 3693 3665 380 3580 3623 3624 3592 4063 4063 4062 4062 4062 4062 4062 4062
1351 1777285775 3550 3695 3667 380 3581 3624 3625 3593 4063 4061 4061 4061 4061 4061 4061 4061
1352 1777285775 3550 3694 3666 380 3580 3624 3624 3592 4063 4063 4062 4062 4062 4062 4062 4062
1353 1777285775 3550 3694 3666 380 358 3621 3624 3592 4063 4063 4063 4063 4063 4063 4063 4063
1354 1777285775 3550 3695 3667 381 3580 3624 3624 3593 4063 4063 4062 4062 4062 4062 4062 4062
1355 1777285775 3551 3696 3668 380 3582 3625 3625 3593 4061 4061 4061 4061 4061 4061 4061 4061
1356 1777285775 3550 3694 3667 380 3580 3624 3624 3593 4061 4061 4061 4061 4061 4061 4061 4061
1357 1777285775 3550 3695 3667 380 3581 3624 3625 3593 4061 4061 4061 4061 4061 4061 4061 4061
1358 1777285775 3550 3694 3667 380 3580 3623 3624 3591 4061 4061 4061 4061 4061 4061 4061 4061
1359 1777285775 3549 3694 3666 380 3581 3624 3625 3592 4063 4061 4061 4061 4061 4061 4061 4061
1360 1777285775 3550 3694 3666 380 3580 3624 3624 3592 4061 4061 4061 4061 4061 4061 4061 4061
1361 1777285775 3550 3695 3667 380 3581 3625 3625 3593 4063 4062 4062 4062 4062 4062 4062 4062
1362 1777285776 3550 3695 3667 381 3581 3625 3625 3594 4063 4063 4063 4063 4063 4063 4063 4063
1363 1777285776 3550 3695 3667 380 3581 3625 3625 3593 4063 4063 4062 4062 4062 4062 4062 4062
1364 1777285776 3550 3695 3667 380 3580 3624 3624 3593 4063 4063 4062 4062 4062 4062 4062 4062
1365 1777285776 3550 3695 3667 379 3581 3624 3625 3593 4063 4063 4062 4062 4062 4062 4062 4062
1366 1777285776 3550 3694 3666 380 3580 3624 3625 3592 4063 4063 4062 4062 4062 4062 4062 4062
1367 1777285776 3548 3692 3665 378 3579 3622 3623 3590 4063 4063 4062 4062 4062 4062 4062 4062
1368 1777285776 3548 3692 3664 378 3578 3622 3622 3590 4061 4061 4061 4061 4061 4061 4061 4061
1369 1777285776 3548 3692 3664 378 3578 3622 3623 3590 4063 4063 4062 4062 4062 4062 4062 4062
1370 1777285776 3548 3692 3664 378 3579 3622 3622 3590 4063 4063 4062 4062 4062 4062 4062 4062
1371 1777285776 3548 3693 3665 380 3579 3623 3623 3591 4061 4061 4061 4061 4061 4061 4061 4061
1372 1777285776 3550 3694 3666 379 3580 3624 3624 3592 4061 4061 4061 4061 4061 4061 4061 4061
1373 1777285776 3550 3694 3666 378 3581 3623 3624 3592 4063 4063 4063 4063 4063 4063 4063 4063
1374 1777285776 3548 3693 3665 378 3579 3623 3623 3591 4061 4061 4061 4061 4061 4061 4061 4061
1375 1777285776 3549 3693 3665 378 3579 3622 3622 3591 4063 4063 4062 4062 4062 4062 4062 4062
1376 1777285776 3548 3692 3664 379 3578 3622 3622 3590 4061 4061 4061 4061 4061 4061 4061 4061
1377 1777285776 3548 3693 3665 379 3579 3623 3623 3591 4063 4062 4062 4062 4062 4062 4062 4062
1378 1777285776 3549 3693 3665 378 3579 3623 3623 3591 4063 4063 4062 4062 4062 4062 4062 4062
1379 1777285776 3548 3693 3664 378 3579 3623 3623 3591 4063 4063 4063 4063 4063 4063 4063 4063
1380 1777285776 3548 3693 3665 379 3579 3622 3623 3591 4063 4063 4062 4062 4062 4062 4062 4062
1381 1777285776 3549 3693 3664 378 3579 3622 3623 3590 4063 4063 4062 4062 4062 4062 4062 4062
1382 1777285776 3549 3693 3665 378 3580 3623 3623 3591 4061 4061 4060 4060 4060 4060 4060 4060
1383 1777285776 3548 3693 3665 378 3579 3623 3623 3591 4063 4061 4061 4061 4061 4061 4061 4061
1384 1777285776 3549 3694 3665 379 3579 3623 3623 3591 4061 4061 4061 4061 4061 4061 4061 4061
1385 1777285776 3548 3694 3666 378 3580 3623 3624 3592 4063 4063 4062 4062 4062 4062 4062 4062
1386 1777285776 3549 3693 3665 379 3579 3622 3623 3591 4063 4063 4062 4062 4062 4062 4062 4062
1387 1777285776 3549 3693 3666 378 3579 3623 3624 3591 4063 4063 4062 4062 4062 4062 4062 4062
1388 1777285776 3549 3693 3665 379 3578 3622 3623 3591 4063 4062 4062 4062 4062 4062 4062 4062
1389 1777285776 3548 3693 3665 379 3579 3623 3623 3591 4063 4063 4062 4062 4062 4062 4062 4062
1390 1777285776 3527 3670 3643 377 3558 3601 3602 3570 4061 4061 4061 4061 4061 4061 4061 4061
1391 1777285776 3549 3693 3665 378 3579 3623 3623 3591 4063 4063 4062 4062 4062 4062 4062 4062
1392 1777285776 3548 3693 3665 378 3579 3622 3623 3591 4063 4063 4062 4062 4062 4062 4062 4062
1393 1777285776 3549 3692 3665 378 3579 3623 3623 3591 4063 4063 4062 4062 4062 4062 4062 4062
1394 1777285776 3548 3693 3665 378 3580 3623 3623 3591 4061 4061 4061 4061 4061 4061 4061 4061
1395 1777285776 3548 3692 3664 378 3579 3623 3622 3591 4063 4063 4062 4062 4062 4062 4062 4062
1396 1777285776 3549 3693 3665 379 3580 3623 3623 3591 4063 4063 4062 4062 4062 4062 4062 4062
1397 1777285776 3549 3693 3665 378 3579 3622 3623 3590 4063 4063 4062 4062 4062 4062 4062 4062
1398 1777285776 3548 3693 3665 378 3579 3623 3623 3591 4061 4061 4061 4061 4061 4061 4061 4061
1399 1777285776 3548 3692 3664 378 3579 3622 3623 3590 4061 4060 4060 4060 4060 4060 4060 4060
1400 1777285776 3549 3693 3665 379 3579 3623 3623 3592 4063 4063 4062 4062 4062 4062 4062 4062
1401 1777285776 3548 3692 3664 378 3578 3622 3622 3590 4063 4063 4062 4062 4062 4062 4062 4062
1402 1777285776 3549 3693 3665 379 3579 3623 3623 3591 4061 4061 4061 4061 4061 4061 4061 4061
1403 1777285776 3549 3693 3665 378 3579 3623 3623 3591 4063 4063 4063 4063 4063 4063 4063 4063
1404 1777285776 3548 3693 3665 379 3578 3623 3623 3591 4063 4063 4063 4063 4063 4063 4063 4063
1405 1777285776 3548 3693 3665 378 3579 3623 3623 3591 4063 4063 4062 4062 4062 4062 4062 4062
1406 1777285776 3548 3693 3665 378 3580 3623 3623 3591 4063 4063 4062 4062 4062 4062 4062 4062
1407 1777285776 3548 3693 3664 378 3579 3622 3623 3591 4063 4063 4062 4062 4062 4062 4062 4062
1408 1777285776 3548 3693 3665 378 3580 3623 3623 3591 4063 4063 4062 4062 4062 4062 4062 4062
1409 1777285776 3548 3692 3665 378 3579 3622 3622 3591 4063 4063 4062 4062 4062 4062 4062 4062
1410 1777285776 3549 3693 3665 378 3579 3623 3623 3591 4063 4063 4062 4062 4062 4062 4062 4062
1411 1777285776 3550 3694 3666 378 3580 3623 3623 3592 4063 4063 4062 4062 4062 4062 4062 4062
1412 1777285776 3548 3693 3665 378 3579 3622 3623 3591 4063 4061 4061 4061 4061 4061 4061 4061
1413 1777285776 3549 3693 3666 378 3580 3623 3623 3591 4065 4063 4063 4063 4063 4063 4063 4063
1414 1777285776 3548 3693 3665 378 3579 3623 3623 3591 4063 4063 4063 4063 4063 4063 4063 4063
1415 1777285776 3549 3694 3666 378 3580 3624 3624 3591 4061 4061 4061 4061 4061 4061 4061 4061
1416 1777285776 3549 3694 3666 379 3580 3624 3624 3592 4063 4063 4063 4063 4063 4063 4063 4063
1417 1777285776 3549 3693 3665 378 3580 3623 3623 3592 4061 4061 4061 4061 4061 4061 4061 4061
1418 1777285776 3549 3693 3665 379 3579 3623 3623 3592 4063 4063 4062 4062 4062 4062 4062 4062
1419 1777285776 3549 3694 3665 378 3579 3623 3623 3591 4061 4061 4061 4061 4061 4061 4061 4061
1420 1777285776 3549 3693 3666 379 3580 3624 3624 3592 4063 4063 4062 4062 4062 4062 4062 4062
1421 1777285776 3549 3693 3665 378 3579 3623 3623 3591 4061 4061 4061 4061 4061 4061 4061 4061
1422 1777285776 3549 3694 3666 379 3580 3624 3625 3592 4063 4063 4063 4063 4063 4063 4063 4063
1423 1777285776 3549 3693 3665 378 3579 3624 3623 3592 4063 4063 4063 4063 4063 4063 4063 4063
1424 1777285776 3547 3692 3664 379 3578 3622 3623 3591 4061 4061 4061 4061 4061 4061 4061 4061
1425 1777285776 3549 3693 3666 378 3580 3623 3624 3592 4061 4061 4061 4061 4061 4061 4061 4061
1426 1777285776 3549 3693 3665 379 3579 3623 3623 3591 4063 4063 4062 4062 4062 4062 4062 4062
1427 1777285776 3549 3694 3666 378 3580 3624 3624 3592 4063 4063 4062 4062 4062 4062 4062 4062
1428 1777285776 3550 3694 3666 379 3580 3623 3624 3591 4061 4061 4061 4061 4061 4061 4061 4061
1429 1777285776 3549 3693 3665 378 3579 3623 3623 3592 4063 4063 4062 4062 4062 4062 4062 4062
1430 1777285776 3549 3694 3666 378 3580 3624 3623 3591 4063 4063 4062 4062 4062 4062 4062 4062
1431 1777285776 3550 3694 3666 379 3580 3624 3624 3592 4063 4063 4063 4063 4063 4063 4063 4063
1432 1777285776 3550 3694 3666 379 3580 3623 3624 3591 4063 4063 4063 4063 4063 4063 4063 4063
1433 1777285776 3549 3694 3665 378 3580 3623 3624 3591 4063 4063 4062 4062 4062 4062 4062 4062
1434 1777285776 3547 3693 3665 378 3578 3622 3623 3591 4063 4063 4062 4062 4062 4062 4062 4062
1435 1777285776 3549 3694 3666 380 3579 3623 3624 3592 4065 4063 4063 4063 4063 4063 4063 4063
1436 1777285776 3549 3693 3665 379 3578 3623 3623 3591 4063 4063 4062 4062 4062 4062 4062 4062
1437 1777285776 3549 3694 3666 379 3579 3623 3623 3592 4063 4063 4063 4063 4063 4063 4063 4063
1438 1777285777 3549 3693 3666 378 3580 3624 3624 3592 4063 4063 4063 4063 4063 4063 4063 4063
1439 1777285777 3549 3694 3665 379 3580 3623 3623 3591 4063 4063 4062 4062 4062 4062 4062 4062
1440 1777285777 3549 3693 3665 379 3580 3623 3623 3591 4063 4063 4062 4062 4062 4062 4062 4062
1441 1777285777 3549 3694 3665 378 3579 3623 3623 3591 4063 4063 4062 4062 4062 4062 4062 4062
1442 1777285777 3549 3694 3666 379 3580 3623 3624 3591 4063 4063 4062 4062 4062 4062 4062 4062
1443 1777285777 3549 3694 3666 378 3579 3623 3624 3592 4061 4061 4061 4061 4061 4061 4061 4061
1444 1777285777 3549 3694 3665 379 3580 3623 3623 3591 4061 4061 4061 4061 4061 4061 4061 4061
1445 1777285777 3550 3694 3666 378 3580 3624 3623 3592 4061 4061 4061 4061 4061 4061 4061 4061
1446 1777285777 3549 3694 3666 379 3580 3624 3624 3592 4063 4063 4062 4062 4062 4062 4062 4062
1447 1777285777 3550 3695 3666 379 3580 3624 3624 3592 4063 4063 4062 4062 4062 4062 4062 4062
1448 1777285777 3549 3694 3666 379 3580 3623 3624 3592 4063 4062 4062 4062 4062 4062 4062 4062
1449 1777285777 3549 3693 3665 378 3580 3623 3623 3591 4063 4063 4062 4062 4062 4062 4062 4062
1450 1777285777 3549 3694 3666 379 3580 3624 3624 3592 4063 4063 4062 4062 4062 4062 4062 4062
1451 1777285777 3549 3694 3665 380 3579 3623 3624 3591 4063 4063 4062 4062 4062 4062 4062 4062
1452 1777285777 3548 3693 3665 379 3580 3623 3624 3592 4063 4063 4062 4062 4062 4062 4062 4062
1453 1777285777 3549 3694 3666 378 3580 3623 3624 3592 4063 4063 4063 4063 4063 4063 4063 4063
1454 1777285777 3549 3693 3665 378 3579 3623 3623 3591 4063 4063 4062 4062 4062 4062 4062 4062
1455 1777285777 3549 3694 3666 379 3580 3624 3624 3593 4063 4063 4063 4063 4063 4063 4063 4063
1456 1777285777 3549 3694 3665 379 3579 3623 3624 3592 4063 4063 4063 4063 4063 4063 4063 4063
1457 1777285777 3550 3694 3666 379 3580 3623 3624 3592 4061 4061 4061 4061 4061 4061 4061 4061
1458 1777285777 3550 3694 3666 379 3580 3624 3624 3592 4063 4063 4062 4062 4062 4062 4062 4062
1459 1777285777 3550 3694 3667 379 3581 3624 3624 3592 4063 4063 4063 4063 4063 4063 4063 4063
1460 1777285777 3549 3694 3666 379 3580 3623 3624 3592 4063 4063 4062 4062 4062 4062 4062 4062
1461 1777285777 3549 3694 3666 379 3580 3623 3623 3591 4063 4062 4062 4062 4062 4062 4062 4062
1462 1777285777 3549 3694 3666 378 3580 3624 3624 3592 4063 4063 4062 4062 4062 4062 4062 4062
1463 1777285777 3550 3695 3667 379 3580 3624 3624 3593 4063 4063 4062 4062 4062 4062 4062 4062
1464 1777285777 3549 3694 3665 379 3579 3623 3623 3592 4063 4063 4063 4063 4063 4063 4063 4063
1465 1777285777 3550 3695 3667 379 3581 3624 3624 3592 4063 4063 4062 4062 4062 4062 4062 4062
1466 1777285777 3550 3695 3667 379 3580 3625 3625 3593 4061 4061 4061 4061 4061 4061 4061 4061
1467 1777285777 3549 3694 3666 380 3579 3624 3624 3592 4063 4063 4062 4062 4062 4062 4062 4062
1468 1777285777 3550 3694 3667 379 3580 3624 3624 3592 4063 4063 4062 4062 4062 4062 4062 4062
1469 1777285777 3548 3693 3665 379 3579 3622 3623 3591 4063 4063 4062 4062 4062 4062 4062 4062
1470 1777285777 3550 3694 3666 379 3580 3624 3624 3591 4063 4063 4063 4063 4063 4063 4063 4063
1471 1777285777 3549 3694 3666 378 3579 3623 3624 3591 4063 4063 4062 4062 4062 4062 4062 4062
1472 1777285777 3549 3694 3666 379 3579 3623 3624 3592 4063 4063 4062 4062 4062 4062 4062 4062
1473 1777285777 3549 3694 3666 379 3579 1709 3623 3592 4063 4062 4062 4062 4062 4062 4062 4062
1474 1777285777 3550 3695 3667 379 3581 3625 3625 3593 4063 4063 4062 4062 4062 4062 4062 4062
1475 1777285785 3548 3693 3665 379 3578 3622 3622 3590 4063 4063 4062 4062 4062 4062 4062 4062
1476 1777285785 3549 3693 3665 378 3579 3622 3622 3591 4061 4061 4061 4061 4061 4061 4061 4061
1477 1777285785 3549 3693 3665 379 3579 3623 3623 3591 4061 4061 4061 4061 4061 4061 4061 4061
1478 1777285785 3549 3693 3665 379 3579 3623 3623 3591 4063 4063 4062 4062 4062 4062 4062 4062
1479 1777285785 3550 3695 3666 379 3580 3624 3624 3592 4061 4061 4061 4061 4061 4061 4061 4061
1480 1777285785 3549 3694 3666 378 3580 3623 3623 3591 4061 4061 4061 4061 4061 4061 4061 4061
1481 1777285785 3548 3693 3665 379 3580 3623 3623 3591 4061 4061 4061 4061 4061 4061 4061 4061
1482 1777285785 3548 3693 3665 379 3579 3623 3623 3591 4063 4063 4062 4062 4062 4062 4062 4062
1483 1777285785 3549 3694 3666 379 3580 3624 3624 3592 4063 4063 4063 4063 4063 4063 4063 4063
1484 1777285785 3549 3693 3665 379 3580 3623 3624 3592 4063 4063 4062 4062 4062 4062 4062 4062
1485 1777285785 3549 3694 3665 379 3580 3623 3624 3592 4063 4063 4062 4062 4062 4062 4062 4062
1486 1777285785 3549 3694 3666 379 3580 3624 3624 3592 4063 4063 4062 4062 4062 4062 4062 4062
1487 1777285785 3549 3693 3665 379 3579 3623 3624 3592 4063 4063 4062 4062 4062 4062 4062 4062
1488 1777285785 3549 3693 3665 379 3579 3623 3623 3591 4063 4063 4062 4062 4062 4062 4062 4062
1489 1777285785 3549 3694 3665 379 3580 3623 3623 3591 4063 4063 4062 4062 4062 4062 4062 4062
1490 1777285785 3549 3694 3666 379 3580 3624 3624 3592 4061 4061 4061 4061 4061 4061 4061 4061
1491 1777285785 3549 3693 3665 379 3579 3623 3623 3591 4061 4061 4061 4061 4061 4061 4061 4061
1492 1777285785 3549 3694 3665 379 3579 3623 3623 3592 4063 4063 4062 4062 4062 4062 4062 4062
1493 1777285785 3550 3694 3666 379 3580 3624 3624 3593 4061 4061 4061 4061 4061 4061 4061 4061
1494 1777285785 3549 3693 3665 379 3579 3623 3624 3591 4063 4063 4062 4062 4062 4062 4062 4062
1495 1777285785 3549 3693 3665 379 3580 3623 3623 3592 4063 4063 4063 4063 4063 4063 4063 4063
1496 1777285785 3549 3694 3666 379 3580 3623 3623 3592 4063 4063 4062 4062 4062 4062 4062 4062
1497 1777285785 3550 3694 3666 381 3580 3624 3624 3592 4063 4063 4062 4062 4062 4062 4062 4062
1498 1777285785 3549 3693 3665 380 3579 3623 3624 3592 4063 4063 4063 4063 4063 4063 4063 4063
1499 1777285785 3548 3693 3665 379 3578 3622 3623 3591 4063 4063 4062 4062 4062 4062 4062 4062
1500 1777285785 3549 3693 3665 379 3577 3623 3624 3591 4063 4063 4062 4062 4062 4062 4062 4062
1501 1777285785 3549 3694 3666 379 3580 3624 3624 3592 4061 4061 4061 4061 4061 4061 4061 4061
1502 1777285785 3550 3694 3666 379 3581 3624 3624 3592 4063 4063 4062 4062 4062 4062 4062 4062
1503 1777285785 3550 3695 3667 379 3581 3625 3624 3593 4063 4063 4062 4062 4062 4062 4062 4062
1504 1777285785 3550 3694 3666 379 3580 3624 3624 3592 4061 4061 4061 4061 4061 4061 4061 4061
1505 1777285785 3549 3693 3665 379 3580 3624 3624 3592 4063 4062 4062 4062 4062 4062 4062 4062
1506 1777285785 3548 3693 3665 380 3579 3623 3623 3591 4063 4063 4062 4062 4062 4062 4062 4062
1507 1777285785 3549 3694 3666 379 3580 3624 3624 3592 4063 4063 4062 4062 4062 4062 4062 4062
1508 1777285786 3549 3693 3665 379 3580 3623 3623 3592 4063 4063 4063 4063 4063 4063 4063 4063
1509 1777285786 3550 3694 3666 379 3581 3624 3625 3593 4063 4063 4062 4062 4062 4062 4062 4062
1510 1777285786 3550 3694 3666 379 3580 3623 3624 3592 4063 4063 4062 4062 4062 4062 4062 4062
1511 1777285786 3549 3693 3665 379 3580 3623 3624 3592 4063 4063 4062 4062 4062 4062 4062 4062
1512 1777285786 3549 3694 3667 379 3580 3624 3624 3592 4063 4063 4062 4062 4062 4062 4062 4062
1513 1777285786 3549 3694 3666 379 3580 3623 3624 3592 4061 4061 4061 4061 4061 4061 4061 4061
1514 1777285786 3549 3693 3666 380 3579 3623 3624 3592 4063 4063 4062 4062 4062 4062 4062 4062
1515 1777285786 3549 3694 3666 379 3580 3624 3624 3592 4063 4062 4062 4062 4062 4062 4062 4062
1516 1777285786 3549 3694 3666 379 3579 3623 3623 3592 4061 4061 4061 4061 4061 4061 4061 4061
1517 1777285786 3550 3695 3666 379 3580 3624 3624 3592 4063 4063 4062 4062 4062 4062 4062 4062
1518 1777285786 3548 3693 3666 379 3579 3623 3624 3591 4063 4063 4062 4062 4062 4062 4062 4062
1519 1777285786 3549 3694 3666 379 3580 3624 3624 3592 4063 4063 4062 4062 4062 4062 4062 4062
1520 1777285786 3550 3695 3666 380 3580 3624 3624 3592 4063 4063 4062 4062 4062 4062 4062 4062
1521 1777285786 3549 3693 3665 379 3579 3622 3623 3591 4061 4061 4061 4061 4061 4061 4061 4061
1522 1777285786 3549 3693 3666 379 3579 3623 3623 3591 4063 4063 4063 4063 4063 4063 4063 4063
1523 1777285786 3549 3693 3665 380 3579 3623 3623 3592 4061 4061 4061 4061 4061 4061 4061 4061
1524 1777285786 3550 3694 3666 380 3580 3624 3624 3592 4063 4063 4062 4062 4062 4062 4062 4062
1525 1777285786 3549 3693 3666 379 3580 3623 3623 3591 4063 4063 4062 4062 4062 4062 4062 4062
1526 1777285786 3550 3695 3666 379 3580 3624 3624 3592 4063 4063 4063 4063 4063 4063 4063 4063
1527 1777285786 3550 3695 3667 379 3580 3624 3624 3592 4061 4061 4061 4061 4061 4061 4061 4061
1528 1777285786 3550 3695 3667 379 3581 3624 3625 3593 4063 4063 4062 4062 4062 4062 4062 4062
1529 1777285786 3549 3694 3665 380 3580 3624 3624 3592 4063 4063 4062 4062 4062 4062 4062 4062
1530 1777285786 3549 3693 3666 380 3579 3624 3624 3592 4061 4061 4061 4061 4061 4061 4061 4061
1531 1777285786 3549 3694 3666 379 3580 3623 3624 3592 4063 4061 4061 4061 4061 4061 4061 4061
1532 1777285786 3549 3694 3666 379 3580 3624 3624 3592 4063 4062 4062 4062 4062 4062 4062 4062
1533 1777285786 3549 3694 3666 379 3579 3623 3624 3592 4061 4061 4061 4061 4061 4061 4061 4061
1534 1777285786 3550 3694 3666 380 3581 3624 3624 3592 4061 4061 4061 4061 4061 4061 4061 4061
1535 1777285786 3550 3695 3666 379 3581 3624 3624 3592 4063 4063 4062 4062 4062 4062 4062 4062
1536 1777285786 3550 3695 3666 379 3581 3625 3625 3593 4063 4063 4062 4062 4062 4062 4062 4062
1537 1777285786 3550 3694 3666 379 3580 3624 3624 3592 4063 4063 4062 4062 4062 4062 4062 4062
1538 1777285786 3549 3694 3666 380 3581 3624 3624 3592 4063 4063 4062 4062 4062 4062 4062 4062
1539 1777285786 3549 3693 3665 379 3580 3623 3623 3591 4061 4061 4061 4061 4061 4061 4061 4061
1540 1777285786 3550 3694 3666 379 3581 3624 3624 3592 4063 4063 4062 4062 4062 4062 4062 4062
1541 1777285786 3550 3694 3666 379 3580 3624 3624 3592 4061 4061 4061 4061 4061 4061 4061 4061
1542 1777285786 3550 3695 3666 379 3580 3624 3624 3592 4063 4063 4062 4062 4062 4062 4062 4062
1543 1777285786 3549 3694 3666 379 3580 3624 3624 3592 4063 4063 4062 4062 4062 4062 4062 4062
1544 1777285786 3550 3694 3666 380 3580 3624 3625 3593 4063 4063 4062 4062 4062 4062 4062 4062
1545 1777285786 3549 3694 3667 379 3580 3624 3624 3592 4061 4061 4061 4061 4061 4061 4061 4061
1546 1777285786 3549 3694 3666 380 3579 3624 3624 3592 4063 4063 4063 4063 4063 4063 4063 4063
1547 1777285786 3550 3695 3667 379 3581 3624 3625 3593 4063 4062 4062 4062 4062 4062 4062 4062
1548 1777285786 3549 3694 3666 379 3580 3624 3624 3592 4063 4063 4062 4062 4062 4062 4062 4062
1549 1777285786 3550 3695 3668 379 3581 3625 3625 3593 4063 4063 4062 4062 4062 4062 4062 4062
1550 1777285786 3550 3694 3667 379 3580 3624 3624 3593 4061 4061 4061 4061 4061 4061 4061 4061
1551 1777285786 3549 3693 3666 379 3580 3624 3624 3591 4061 4061 4060 4060 4060 4060 4060 4060
1552 1777285786 3550 3694 3666 380 3581 3624 3625 3593 4063 4063 4062 4062 4062 4062 4062 4062
1553 1777285786 3549 3694 3666 380 3580 3624 3624 3592 4063 4062 4062 4062 4062 4062 4062 4062
1554 1777285786 3550 3694 3666 380 3580 3624 3624 3592 4063 4063 4062 4062 4062 4062 4062 4062
1555 1777285786 3551 3695 3667 379 3581 3625 3625 3593 4061 4061 4061 4061 4061 4061 4061 4061
1556 1777285786 3550 3694 3666 379 3580 3624 3624 3592 4063 4063 4062 4062 4062 4062 4062 4062
1557 1777285786 3549 3694 3666 379 3580 3623 3624 3592 4061 4061 4061 4061 4061 4061 4061 4061
1558 1777285786 3550 3694 3667 380 3581 3624 3625 3593 4061 4061 4061 4061 4061 4061 4061 4061
1559 1777285786 3551 3695 3667 379 3581 3625 3625 3593 4061 4061 4061 4061 4061 4061 4061 4061
1560 1777285786 3550 3694 3666 380 3581 3624 3625 3592 4063 4063 4062 4062 4062 4062 4062 4062
1561 1777285786 3550 3695 3667 379 3580 3624 3624 3592 4061 4061 4061 4061 4061 4061 4061 4061
1562 1777285786 3551 3696 3667 380 3582 3625 3625 3594 4063 4063 4062 4062 4062 4062 4062 4062
1563 1777285786 3549 3695 3667 380 3581 3624 3625 3592 4061 4061 4061 4061 4061 4061 4061 4061
1564 1777285786 3551 3695 3667 379 3581 3625 3625 3593 4061 4061 4061 4061 4061 4061 4061 4061
1565 1777285786 3550 3695 3666 379 3580 3624 3624 3593 4063 4063 4062 4062 4062 4062 4062 4062
1566 1777285786 3550 3695 3667 379 3580 3624 3624 3592 4065 4063 4063 4063 4063 4063 4063 4063
1567 1777285786 3550 3694 3666 379 3580 3624 3624 3592 4063 4063 4062 4062 4062 4062 4062 4062
1568 1777285786 3550 3694 3665 380 3580 3623 3624 3592 4063 4063 4062 4062 4062 4062 4062 4062
1569 1777285786 3551 3696 3668 379 3581 3625 3625 3593 4063 4063 4063 4063 4063 4063 4063 4063
1570 1777285786 3551 3695 3667 380 3581 3625 3626 3593 4063 4063 4062 4062 4062 4062 4062 4062
1571 1777285786 3550 3695 3667 380 3581 3625 3625 3593 4063 4063 4063 4063 4063 4063 4063 4063
1572 1777285786 3550 3694 3667 379 3581 3624 3625 3593 4061 4061 4061 4061 4061 4061 4061 4061
1573 1777285786 3551 3696 3667 379 3581 3625 3625 3593 4063 4063 4063 4063 4063 4063 4063 4063
1574 1777285786 3550 3694 3666 380 3580 3624 3625 3592 4061 4061 4060 4060 4060 4060 4060 4060
1575 1777285786 3549 3694 3665 380 3580 3623 3624 3592 4061 4061 4061 4061 4061 4061 4061 4061
1576 1777285786 3550 3694 3665 380 3580 3624 3624 3592 4061 4061 4061 4061 4061 4061 4061 4061
1577 1777285786 3550 3695 3667 380 3580 3624 3624 3593 4063 4063 4062 4062 4062 4062 4062 4062
1578 1777285786 3550 3695 3667 380 3581 3624 3624 3592 4063 4063 4062 4062 4062 4062 4062 4062
1579 1777285786 3550 3694 3667 380 3580 3624 3624 3592 4063 4063 4062 4062 4062 4062 4062 4062
1580 1777285786 3551 3696 3667 380 3582 3626 3626 3593 4063 4063 4063 4063 4063 4063 4063 4063
1581 1777285787 3551 3696 3667 380 3581 3625 3625 3593 4063 4062 4062 4062 4062 4062 4062 4062
1582 1777285787 3550 3694 3667 380 3581 3625 3625 3593 4063 4062 4062 4062 4062 4062 4062 4062
1583 1777285787 3550 3695 3667 379 3581 3625 3625 3593 4063 4063 4062 4062 4062 4062 4062 4062
1584 1777285787 3550 3694 3666 380 3580 3624 3624 3593 4063 4063 4062 4062 4062 4062 4062 4062
1585 1777285787 3550 3694 3667 379 3580 3624 3624 3593 4063 4063 4062 4062 4062 4062 4062 4062
1586 1777285787 3550 3695 3666 380 3581 3624 3624 3593 4063 4063 4062 4062 4062 4062 4062 4062
1587 1777285787 3550 3695 3667 380 3581 3625 3625 3593 4061 4061 4061 4061 4061 4061 4061 4061
1588 1777285787 3550 3694 3666 380 3580 3624 3624 3592 4061 4061 4061 4061 4061 4061 4061 4061
1589 1777285787 3550 3695 3667 379 3580 3624 3625 3593 4063 4063 4062 4062 4062 4062 4062 4062
1590 1777285787 3550 3694 3666 380 3580 3624 3624 3592 4063 4063 4062 4062 4062 4062 4062 4062
1591 1777285787 3550 3694 3666 380 3580 3624 3625 3593 4061 4061 4061 4061 4061 4061 4061 4061
1592 1777285787 3550 3694 3666 379 3580 3624 3624 3592 4063 4063 4062 4062 4062 4062 4062 4062
1593 1777285787 3550 3695 3667 381 3580 3625 3625 3593 4061 4061 4061 4061 4061 4061 4061 4061
1594 1777285787 3550 3695 3666 380 3581 3625 3625 3593 4061 4061 4061 4061 4061 4061 4061 4061
1595 1777285787 3550 3695 3667 379 3581 3625 3625 3593 4063 4063 4062 4062 4062 4062 4062 4062
1596 1777285787 3550 3694 3666 380 3581 3625 3625 3593 4061 4061 4061 4061 4061 4061 4061 4061
1597 1777285787 3549 3694 3666 380 3580 3624 3624 3593 4063 4063 4062 4062 4062 4062 4062 4062
1598 1777285787 3549 3694 3665 380 3580 3624 3624 3592 4063 4062 4062 4062 4062 4062 4062 4062
1599 1777285787 3550 3695 3667 379 3581 3625 3625 3593 4063 4063 4062 4062 4062 4062 4062 4062
1600 1777285787 3551 3695 3667 380 3581 3625 3625 3593 4061 4061 4061 4061 4061 4061 4061 4061
1601 1777285787 3550 3695 3667 380 3581 3624 3625 3593 4063 4063 4062 4062 4062 4062 4062 4062
1602 1777285787 3551 3696 3668 379 3582 3625 3625 3593 4063 4063 4062 4062 4062 4062 4062 4062
1603 1777285787 3550 3695 3666 380 3580 3624 3625 3593 4063 4063 4062 4062 4062 4062 4062 4062
1604 1777285787 3550 3695 3667 380 3580 3624 3624 3593 4063 4062 4062 4062 4062 4062 4062 4062
1605 1777285787 3550 3694 3666 380 3580 3624 3625 3593 4063 4063 4062 4062 4062 4062 4062 4062
1606 1777285787 3551 3695 3667 380 3582 3625 3626 3593 4063 4063 4062 4062 4062 4062 4062 4062
1607 1777285787 3551 3695 3667 380 3581 3625 3625 3593 4061 4061 4061 4061 4061 4061 4061 4061
1608 1777285787 3550 3695 3668 380 3581 3624 3625 3593 4061 4061 4061 4061 4061 4061 4061 4061
1609 1777285787 3550 3695 3667 381 3580 3624 3624 3592 4061 4061 4061 4061 4061 4061 4061 4061
1610 1777285787 3551 3695 3667 380 3582 3625 3625 3593 4062 4063 4062 4062 4062 4062 4062 4062
1611 1777285787 3550 3695 3667 380 3581 3625 3626 3593 4063 4063 4063 4063 4063 4063 4063 4063
1612 1777285787 3550 3696 3667 380 3581 3625 3625 3593 4061 4061 4061 4061 4061 4061 4061 4061
1613 1777285787 3551 3695 3667 380 3580 3624 3625 3593 4061 4061 4061 4061 4061 4061 4061 4061
1614 1777285787 3551 3695 3668 380 3581 3625 3625 3593 4061 4061 4061 4061 4061 4061 4061 4061
1615 1777285787 3550 3695 3667 380 3581 3625 3625 3593 4063 4063 4062 4062 4062 4062 4062 4062
1616 1777285787 3551 3695 3667 380 3581 3625 3625 3593 4063 4063 4062 4062 4062 4062 4062 4062
1617 1777285787 3550 3696 3668 380 3582 3625 3625 3593 4065 4063 4063 4063 4063 4063 4063 4063
1618 1777285787 3550 3695 3667 380 3581 3625 3626 3593 4063 4063 4062 4062 4062 4062 4062 4062
1619 1777285787 3550 3695 3667 380 3581 3625 3625 3593 4063 4063 4062 4062 4062 4062 4062 4062
1620 1777285787 3551 3695 3668 380 3581 3625 3626 3593 4063 4063 4062 4062 4062 4062 4062 4062
1621 1777285787 3551 3695 3668 380 3582 3625 3625 3593 4061 4061 4061 4061 4061 4061 4061 4061
1622 1777285787 3549 3694 3666 378 3579 3623 3623 3591 4063 4063 4062 4062 4062 4062 4062 4062
1623 1777285787 3548 3692 3665 379 3579 3623 3623 3591 4063 4063 4062 4062 4062 4062 4062 4062
1624 1777285787 3549 3694 3665 378 3580 3623 3623 3591 4063 4063 4063 4063 4063 4063 4063 4063
1625 1777285787 3549 3694 3666 378 3580 3624 3624 3591 4063 4063 4063 4063 4063 4063 4063 4063
1626 1777285787 3549 3694 3666 378 3579 3624 3624 3592 4063 4063 4063 4063 4063 4063 4063 4063
1627 1777285787 3550 3694 3666 379 3578 3623 3624 3592 4061 4061 4061 4061 4061 4061 4061 4061
1628 1777285787 3548 3692 3665 379 3577 3622 3623 3591 4063 4063 4062 4062 4062 4062 4062 4062
1629 1777285787 3549 3694 3665 378 3579 3623 3623 3591 4061 4061 4061 4061 4061 4061 4061 4061
1630 1777285787 3549 3694 3665 378 3579 3623 3623 3591 4063 4063 4063 4063 4063 4063 4063 4063
1631 1777285787 3549 3693 3665 378 3580 3623 3623 3592 4063 4062 4062 4062 4062 4062 4062 4062
1632 1777285787 3548 3692 3665 378 3580 3623 3624 3592 4063 4063 4062 4062 4062 4062 4062 4062
1633 1777285787 3549 3694 3666 378 3580 3623 3624 3592 4063 4063 4062 4062 4062 4062 4062 4062
1634 1777285787 3549 3693 3665 378 3579 3623 3623 3591 4063 4062 4062 4062 4062 4062 4062 4062
1635 1777285787 3549 3694 3666 379 3580 3624 3624 3592 4061 4061 4061 4061 4061 4061 4061 4061
1636 1777285787 3549 3693 3666 378 3579 3623 3624 3592 4061 4061 4061 4061 4061 4061 4061 4061
1637 1777285787 3549 3693 3665 378 3579 3623 3623 3591 4061 4061 4061 4061 4061 4061 4061 4061
1638 1777285787 3549 3693 3665 378 3580 3623 3623 3591 4061 4061 4061 4061 4061 4061 4061 4061
1639 1777285787 3549 3693 3665 379 3579 3623 3624 3591 4063 4063 4062 4062 4062 4062 4062 4062
1640 1777285787 3549 3694 3666 378 3580 3624 3624 3592 4063 4063 4062 4062 4062 4062 4062 4062
1641 1777285787 3549 3693 3666 378 3580 3623 3623 3592 4063 4063 4062 4062 4062 4062 4062 4062
1642 1777285787 3548 3693 3665 378 3579 3622 3623 3591 4061 4061 4061 4061 4061 4061 4061 4061
1643 1777285787 3549 3693 3666 379 3580 3623 3623 3591 4063 4063 4062 4062 4062 4062 4062 4062
1644 1777285787 3548 3693 3665 379 3579 3622 3622 3591 4061 4061 4061 4061 4061 4061 4061 4061
1645 1777285787 3548 3692 3665 378 3579 3622 3622 3591 4063 4063 4062 4062 4062 4062 4062 4062
1646 1777285787 3548 3693 3665 379 3579 3623 3623 3592 4063 4063 4062 4062 4062 4062 4062 4062
1647 1777285787 3548 3693 3665 378 3579 3623 3623 3591 4063 4063 4062 4062 4062 4062 4062 4062
1648 1777285787 3549 3694 3665 378 3579 3622 3623 3591 4063 4063 4062 4062 4062 4062 4062 4062
1649 1777285787 3549 3694 3665 378 3580 3623 3624 3591 4063 4061 4061 4061 4061 4061 4061 4061
1650 1777285787 3549 3693 3665 379 3579 3623 3624 3592 4061 4061 4061 4061 4061 4061 4061 4061
1651 1777285787 3549 3693 3665 379 3579 3623 3623 3591 4063 4062 4062 4062 4062 4062 4062 4062
1652 1777285788 3549 3694 3665 378 3579 3623 3623 3591 4063 4063 4062 4062 4062 4062 4062 4062
1653 1777285788 3549 3693 3665 379 3580 3623 3624 3592 4063 4063 4062 4062 4062 4062 4062 4062
1654 1777285788 3550 3694 3666 378 3580 3623 3623 3591 4063 4063 4062 4062 4062 4062 4062 4062
1655 1777285788 3549 3693 3665 379 3579 3623 3623 3591 4063 4063 4062 4062 4062 4062 4062 4062
1656 1777285788 3549 3693 3665 378 3580 3623 3623 3591 4063 4063 4062 4062 4062 4062 4062 4062
1657 1777285788 3549 3694 3666 378 3580 3624 3624 3592 4063 4061 4061 4061 4061 4061 4061 4061
1658 1777285788 3549 3693 3666 378 3579 3624 3624 3591 4063 4063 4062 4062 4062 4062 4062 4062
1659 1777285788 3549 3693 3665 379 3578 3623 3623 3591 4063 4063 4062 4062 4062 4062 4062 4062
1660 1777285788 3550 3694 3666 378 3580 3624 3624 3592 4063 4063 4062 4062 4062 4062 4062 4062
1661 1777285788 3549 3693 3665 378 3580 3623 3623 3591 4063 4063 4063 4063 4063 4063 4063 4063
1662 1777285788 3549 3694 3666 378 3580 3624 3624 3592 4063 4063 4062 4062 4062 4062 4062 4062
1663 1777285788 3550 3695 3666 378 3580 3623 3624 3592 4061 4061 4061 4061 4061 4061 4061 4061
1664 1777285788 3549 3694 3666 378 3580 3624 3623 3592 4063 4063 4063 4063 4063 4063 4063 4063
1665 1777285788 3549 3693 3665 378 3579 3623 3623 3591 4063 4063 4063 4063 4063 4063 4063 4063
1666 1777285788 3548 3693 3664 379 3579 3622 3623 3591 4061 4061 4061 4061 4061 4061 4061 4061
1667 1777285788 3550 3694 3666 379 3581 3624 3624 3592 4063 4063 4062 4062 4062 4062 4062 4062
1668 1777285788 3549 3693 3666 378 3580 3623 3623 3591 4063 4063 4062 4062 4062 4062 4062 4062
1669 1777285788 3549 3693 3665 378 3579 3622 3622 3591 4061 4061 4061 4061 4061 4061 4061 4061
1670 1777285788 3549 3693 3665 378 3579 3623 3623 3591 4063 4063 4062 4062 4062 4062 4062 4062
1671 1777285788 3548 3693 3665 379 3579 3622 3623 3591 4063 4063 4063 4063 4063 4063 4063 4063
1672 1777285788 3549 3694 3666 378 3580 3624 3624 3593 4063 4063 4063 4063 4063 4063 4063 4063
1673 1777285788 3549 3693 3665 378 3579 3623 3624 3592 4063 4062 4062 4062 4062 4062 4062 4062
1674 1777285788 3550 3694 3666 378 3581 3624 3624 3592 4063 4063 4062 4062 4062 4062 4062 4062
1675 1777285788 3549 3693 3666 379 3580 3623 3623 3592 4063 4063 4062 4062 4062 4062 4062 4062
1676 1777285788 3549 3693 3665 379 3579 3623 3623 3592 4063 4063 4062 4062 4062 4062 4062 4062
1677 1777285788 3549 3693 3665 379 3580 3623 3624 3592 4063 4063 4063 4063 4063 4063 4063 4063
1678 1777285788 3550 3694 3666 378 3580 3624 3624 3592 4063 4063 4062 4062 4062 4062 4062 4062
1679 1777285788 3549 3694 3666 379 3579 3623 3624 3592 4063 4063 4062 4062 4062 4062 4062 4062
1680 1777285788 3550 3694 3666 379 3580 3624 3624 3592 4061 4061 4061 4061 4061 4061 4061 4061
1681 1777285788 3550 3694 3666 379 3580 3624 3624 3592 4063 4063 4062 4062 4062 4062 4062 4062
1682 1777285788 3549 3693 3666 378 3579 3623 3623 3591 4063 4063 4062 4062 4062 4062 4062 4062
1683 1777285788 3549 3693 3665 379 3579 3623 3623 3591 4063 4063 4063 4063 4063 4063 4063 4063
1684 1777285788 3548 3692 3665 379 3579 3623 3623 3592 4063 4063 4062 4062 4062 4062 4062 4062
1685 1777285788 3548 3693 3665 378 3579 3623 3623 3592 4063 4063 4062 4062 4062 4062 4062 4062
1686 1777285788 3549 3694 3666 379 3580 3623 3624 3592 4061 4061 4061 4061 4061 4061 4061 4061
1687 1777285788 3549 3694 3666 379 3580 3623 3624 3592 4063 4063 4062 4062 4062 4062 4062 4062
1688 1777285788 3549 3693 3665 378 3579 3623 3623 3591 4067 4063 4063 4063 4063 4063 4063 4063
1689 1777285788 3549 3694 3666 379 3580 3624 3624 3593 4063 4063 4062 4062 4062 4062 4062 4062
1690 1777285788 3549 3693 3665 380 3579 3623 3623 3591 4063 4063 4062 4062 4062 4062 4062 4062
1691 1777285788 3549 3694 3666 379 3578 3623 3623 3592 4061 4061 4061 4061 4061 4061 4061 4061
1692 1777285788 3549 3694 3666 378 3580 3624 3624 3592 4063 4063 4062 4062 4062 4062 4062 4062
1693 1777285788 3550 3695 3667 379 3580 3624 3625 3593 4063 4063 4062 4062 4062 4062 4062 4062
1694 1777285788 3549 3694 3666 379 3580 3624 3624 3592 4063 4063 4063 4063 4063 4063 4063 4063
1695 1777285788 3550 3695 3666 379 3581 3624 3625 3593 4063 4063 4062 4062 4062 4062 4062 4062
1696 1777285788 3550 3694 3666 379 3581 3624 3625 3593 4061 4061 4061 4061 4061 4061 4061 4061
1697 1777285788 3550 3694 3666 379 3580 3624 3624 3592 4063 4063 4062 4062 4062 4062 4062 4062
1698 1777285788 3549 3694 3666 378 3579 3624 3624 3592 4063 4063 4063 4063 4063 4063 4063 4063
1699 1777285788 3549 3694 3666 379 3580 3623 3623 3591 4063 4063 4062 4062 4062 4062 4062 4062
1700 1777285788 3550 3694 3666 379 3580 3624 3624 3592 4063 4063 4062 4062 4062 4062 4062 4062
1701 1777285788 3550 3694 3666 379 3580 3624 3624 3592 4061 4061 4061 4061 4061 4061 4061 4061
1702 1777285788 3549 3693 3666 379 3580 3623 3624 3592 4063 4063 4062 4062 4062 4062 4062 4062
1703 1777285788 3550 3695 3666 379 3580 3624 3624 3592 4063 4063 4062 4062 4062 4062 4062 4062
1704 1777285788 3549 3694 3666 379 3580 3624 3624 3591 4061 4061 4061 4061 4061 4061 4061 4061
1705 1777285788 3550 3694 3667 379 3580 3624 3625 3592 4063 4063 4063 4063 4063 4063 4063 4063
1706 1777285788 3550 3694 3666 379 3579 3623 3624 3592 4063 4063 4062 4062 4062 4062 4062 4062
1707 1777285788 3549 3694 3666 379 3580 3623 3624 3592 4063 4063 4063 4063 4063 4063 4063 4063
1708 1777285788 3549 3693 3666 379 3581 3624 3624 3591 4063 4061 4061 4061 4061 4061 4061 4061
1709 1777285788 3550 3694 3666 379 3580 3623 3624 3592 4063 4063 4063 4063 4063 4063 4063 4063
1710 1777285788 3549 3694 3666 379 3580 3624 3624 3591 4063 4063 4063 4063 4063 4063 4063 4063
1711 1777285788 3550 3694 3666 379 3580 3624 3624 3592 4063 4063 4062 4062 4062 4062 4062 4062
1712 1777285788 3549 3694 3666 379 3580 3623 3623 3592 4063 4063 4063 4063 4063 4063 4063 4063
1713 1777285788 3550 3694 3667 379 3580 3624 3624 3592 4063 4063 4063 4063 4063 4063 4063 4063
1714 1777285788 3549 3694 3666 379 3580 3623 3624 3592 4063 4063 4062 4062 4062 4062 4062 4062
1715 1777285788 3549 3694 3666 379 3580 3624 3625 3593 4065 4063 4063 4063 4063 4063 4063 4063
1716 1777285788 3549 3694 3666 379 3580 3624 3624 3592 4062 4062 4062 4062 4062 4062 4062 4062
1717 1777285788 3549 3693 3665 379 3579 3623 3623 3592 4061 4061 4061 4061 4061 4061 4061 4061
1718 1777285788 3550 3694 3666 378 3580 3623 3624 3592 4063 4063 4062 4062 4062 4062 4062 4062
1719 1777285788 3549 3694 3667 379 3581 3624 3624 3592 4063 4063 4063 4063 4063 4063 4063 4063
1720 1777285788 3550 3694 3666 379 3581 3624 3625 3592 4063 4063 4062 4062 4062 4062 4062 4062
1721 1777285788 3549 3694 3666 379 3580 3624 3624 3592 4063 4063 4062 4062 4062 4062 4062 4062
1722 1777285789 3551 3695 3667 379 3581 3625 3625 3593 4063 4062 4062 4062 4062 4062 4062 4062
1723 1777285789 3550 3694 3666 379 3580 3624 3624 3591 4063 4062 4062 4062 4062 4062 4062 4062
1724 1777285789 3549 3694 3666 379 3580 3623 3624 3592 4063 4063 4062 4062 4062 4062 4062 4062
1725 1777285789 3551 3695 3667 379 3581 3625 3625 3593 4061 4061 4061 4061 4061 4061 4061 4061
1726 1777285789 3550 3695 3667 379 3580 3624 3624 3592 4061 4061 4061 4061 4061 4061 4061 4061
1727 1777285789 3548 3693 3665 379 3578 3622 3622 3590 4063 4063 4063 4063 4063 4063 4063 4063
1728 1777285789 3549 3694 3666 379 3579 3623 3623 3591 4061 4061 4061 4061 4061 4061 4061 4061
1729 1777285789 3551 3695 3667 379 3580 3624 3624 3592 4063 4063 4062 4062 4062 4062 4062 4062
1730 1777285789 3550 3694 3666 379 3581 3624 3624 3592 4063 4063 4062 4062 4062 4062 4062 4062
1731 1777285789 3549 3693 3665 379 3580 3623 3624 3592 4063 4063 4062 4062 4062 4062 4062 4062
1732 1777285789 3550 3694 3666 379 3580 3624 3624 3592 4063 4061 4061 4061 4061 4061 4061 4061
1733 1777285789 3549 3694 3666 378 3580 3624 3624 3592 4063 4063 4063 4063 4063 4063 4063 4063
1734 1777285789 3550 3694 3667 379 3581 3624 3625 3593 4063 4063 4062 4062 4062 4062 4062 4062
1735 1777285789 3550 3695 3667 379 3581 3624 3625 3593 4057 4057 4057 4057 4057 4057 4057 4057
1736 1777285789 3550 3694 3666 379 3581 3624 3624 3593 4063 4063 4062 4062 4062 4062 4062 4062
1737 1777285789 3550 3694 3666 379 3579 3623 3623 3591 4063 4063 4063 4063 4063 4063 4063 4063
1738 1777285789 3551 3695 3667 379 3581 3625 3625 3592 4063 4063 4063 4063 4063 4063 4063 4063
1739 1777285789 3550 3695 3667 379 3581 3625 3624 3593 4063 4063 4062 4062 4062 4062 4062 4062
1740 1777285789 3549 3694 3666 379 3580 3624 3624 3592 4061 4061 4061 4061 4061 4061 4061 4061
1741 1777285789 3548 3692 3664 379 3579 3623 3623 3591 4063 4063 4062 4062 4062 4062 4062 4062
1742 1777285789 3550 3694 3666 379 3581 3624 3624 3592 4063 4063 4062 4062 4062 4062 4062 4062
1743 1777285789 3550 3694 3666 379 3580 3623 3624 3592 4061 4061 4061 4061 4061 4061 4061 4061
1744 1777285789 3550 3694 3666 379 3580 3624 3624 3592 4063 4063 4062 4062 4062 4062 4062 4062
1745 1777285789 3548 3693 3665 379 3579 3622 3623 3591 4063 4063 4062 4062 4062 4062 4062 4062
1746 1777285789 3551 3695 3668 379 3582 3625 3626 3593 4063 4063 4062 4062 4062 4062 4062 4062
1747 1777285789 3549 3693 3665 379 3580 3624 3624 3592 4061 4061 4061 4061 4061 4061 4061 4061
1748 1777285789 3550 3694 3666 379 3580 3624 3625 3592 4061 4061 4061 4061 4061 4061 4061 4061
1749 1777285789 3549 3693 3665 379 3579 3623 3623 3591 4063 4062 4062 4062 4062 4062 4062 4062
1750 1777285789 3550 3695 3666 379 3581 3625 3625 3593 4063 4063 4062 4062 4062 4062 4062 4062
1751 1777285789 3548 3692 3666 379 3580 3623 3624 3591 4063 4063 4063 4063 4063 4063 4063 4063
1752 1777285789 3550 3694 3666 379 3581 3624 3624 3591 4063 4062 4062 4062 4062 4062 4062 4062
1753 1777285789 3549 3694 3666 381 3580 3624 3623 3592 4061 4061 4061 4061 4061 4061 4061 4061
1754 1777285789 3549 392 3665 380 3579 3625 3625 3593 4063 4063 4062 4062 4062 4062 4062 4062
1755 1777285789 3549 3693 3666 379 3578 3623 3623 3591 4063 4063 4062 4062 4062 4062 4062 4062
1756 1777285789 3550 3694 3666 379 3581 3624 3624 3593 4063 4063 4062 4062 4062 4062 4062 4062
1757 1777285789 3549 3694 3666 379 3580 3624 3624 3592 4063 4063 4062 4062 4062 4062 4062 4062
1758 1777285789 3550 3694 3666 379 3581 3624 3624 3592 4063 4063 4063 4063 4063 4063 4063 4063
1759 1777285789 3550 3694 3666 379 3581 3624 3624 3592 4063 4063 4062 4062 4062 4062 4062 4062
1760 1777285789 3549 3694 3666 379 3580 3624 3624 3592 4061 4061 4061 4061 4061 4061 4061 4061
1761 1777285789 3549 3693 3665 379 3580 3624 3624 3592 4063 4063 4063 4063 4063 4063 4063 4063
1762 1777285789 3549 3693 3666 379 3580 3623 3624 3592 4063 4063 4063 4063 4063 4063 4063 4063
1763 1777285789 3550 3693 3666 379 3580 3624 3624 3592 4063 4063 4062 4062 4062 4062 4062 4062
1764 1777285789 3550 3694 3666 379 3580 3624 3624 3593 4063 4063 4062 4062 4062 4062 4062 4062
1765 1777285789 3549 3694 3666 379 3581 3625 3624 3593 4063 4063 4062 4062 4062 4062 4062 4062
1766 1777285789 3550 3694 3666 380 3581 3624 3625 3592 4063 4063 4062 4062 4062 4062 4062 4062
1767 1777285789 3550 3694 3666 379 3580 3623 3624 3592 4063 4063 4062 4062 4062 4062 4062 4062
1768 1777285789 3549 3694 3666 379 3580 3623 3624 3592 4061 4061 4061 4061 4061 4061 4061 4061
1769 1777285789 3548 3693 3665 379 3580 3623 3623 3592 4061 4061 4061 4061 4061 4061 4061 4061
1770 1777285789 3549 3694 3666 379 3579 3624 3624 3592 4061 4061 4061 4061 4061 4061 4061 4061
1771 1777285789 3549 3694 3666 379 3580 3623 3623 3592 4063 4062 4062 4062 4062 4062 4062 4062
1772 1777285789 3550 3694 3666 379 3581 3624 3624 3592 4063 4063 4062 4062 4062 4062 4062 4062
1773 1777285789 3549 3695 3666 379 3580 3625 3625 3592 4063 4063 4062 4062 4062 4062 4062 4062
1774 1777285789 3550 3694 3667 379 3581 3624 3624 3593 4063 4063 4062 4062 4062 4062 4062 4062
1775 1777285789 3549 3694 3666 379 3580 3624 3624 3591 4063 4063 4062 4062 4062 4062 4062 4062
1776 1777285789 3550 3694 3667 379 3580 3623 3623 3592 4061 4061 4061 4061 4061 4061 4061 4061
1777 1777285789 3550 3694 3666 379 3580 3624 3624 3592 4061 4061 4061 4061 4061 4061 4061 4061
1778 1777285789 3550 3695 3667 380 3581 3624 3625 3592 4063 4063 4062 4062 4062 4062 4062 4062
1779 1777285789 3548 3693 3666 379 3580 3623 3624 3592 4063 4063 4062 4062 4062 4062 4062 4062
1780 1777285789 3550 3694 3666 379 3580 3624 3624 3592 4063 4063 4063 4063 4063 4063 4063 4063
1781 1777285789 3550 3694 3666 379 3580 3624 3624 3593 4063 4063 4062 4062 4062 4062 4062 4062
1782 1777285789 3550 3694 3667 379 3580 3624 3624 3592 4061 4061 4061 4061 4061 4061 4061 4061
1783 1777285789 3550 3694 3667 379 3581 3624 3625 3592 4063 4063 4063 4063 4063 4063 4063 4063
1784 1777285789 3550 3695 3666 379 3580 3624 3624 3592 4061 4061 4061 4061 4061 4061 4061 4061
1785 1777285789 3550 3695 3667 379 3580 3624 3625 3593 4061 4061 4061 4061 4061 4061 4061 4061
1786 1777285789 3551 3695 3667 380 3581 3625 3625 3593 4063 4063 4062 4062 4062 4062 4062 4062
1787 1777285789 3550 3695 3667 379 3581 3624 3625 3593 4061 4061 4061 4061 4061 4061 4061 4061
1788 1777285789 3549 3694 3666 379 3581 3624 3624 3592 4063 4063 4062 4062 4062 4062 4062 4062
1789 1777285790 3551 3694 3667 379 3581 3625 3625 3593 4063 4062 4062 4062 4062 4062 4062 4062
1790 1777285790 3549 3694 3666 380 3580 3623 3624 3592 4063 4063 4062 4062 4062 4062 4062 4062
1791 1777285790 3550 3695 3667 379 3581 3625 3625 3593 4063 4063 4062 4062 4062 4062 4062 4062
1792 1777285790 3549 3694 3666 378 3580 3623 3623 3591 4063 4063 4062 4062 4062 4062 4062 4062
1793 1777285790 3551 3695 3667 380 3581 3625 3625 3593 4061 4061 4061 4061 4061 4061 4061 4061
1794 1777285790 3549 3694 3666 380 3580 3624 3624 3592 4063 4063 4063 4063 4063 4063 4063 4063
1795 1777285790 3550 3695 3667 379 3580 3625 3625 3593 4063 4063 4062 4062 4062 4062 4062 4062
1796 1777285790 3549 3694 3666 379 3580 3624 3624 3592 4061 4061 4061 4061 4061 4061 4061 4061
1797 1777285790 3549 3694 3666 379 3580 3624 3625 3592 4063 4063 4062 4062 4062 4062 4062 4062
1798 1777285790 3549 3693 3666 379 3580 3624 3624 3592 4061 4061 4061 4061 4061 4061 4061 4061
1799 1777285790 3550 3695 3667 379 3581 3625 3625 3592 4061 4061 4061 4061 4061 4061 4061 4061
1800 1777285790 3550 3695 3667 379 3581 3624 3625 3592 4063 4063 4063 4063 4063 4063 4063 4063
1801 1777285790 3550 3694 3667 379 3580 3624 3624 3593 4063 4063 4062 4062 4062 4062 4062 4062
1802 1777285790 3550 3694 3667 380 3581 3624 3625 3593 4063 4063 4062 4062 4062 4062 4062 4062
1803 1777285790 3549 3694 3666 379 3580 3624 3624 3592 4063 4063 4062 4062 4062 4062 4062 4062
1804 1777285790 3549 3694 3667 379 3581 3624 3624 3592 4063 4063 4062 4062 4062 4062 4062 4062
1805 1777285790 3551 3695 3667 379 3582 3625 3625 3593 4063 4063 4062 4062 4062 4062 4062 4062
1806 1777285790 3550 3695 3668 379 3581 3625 3626 3593 4063 4063 4063 4063 4063 4063 4063 4063
1807 1777285790 3550 3695 3666 379 3580 3624 3624 3593 4063 4063 4062 4062 4062 4062 4062 4062
1808 1777285790 3551 3695 3668 379 3582 3625 3626 3593 4063 4063 4062 4062 4062 4062 4062 4062
1809 1777285790 3550 3694 3666 380 3580 3624 3624 3592 4063 4063 4062 4062 4062 4062 4062 4062
1810 1777285790 3550 3694 3666 380 3581 3624 3624 3592 4061 4061 4061 4061 4061 4061 4061 4061
1811 1777285790 3550 3695 3666 379 3581 3624 3625 3593 4063 4063 4062 4062 4062 4062 4062 4062
1812 1777285790 3549 3694 3666 380 3581 3625 3625 3593 4063 4063 4062 4062 4062 4062 4062 4062
1813 1777285790 3549 3694 3666 379 3580 3624 3624 3592 4063 4063 4063 4063 4063 4063 4063 4063
1814 1777285790 3549 3693 3665 380 3579 3623 3624 3592 4063 4063 4062 4062 4062 4062 4062 4062
1815 1777285790 3549 3693 3666 379 3579 3623 3623 3592 4063 4063 4062 4062 4062 4062 4062 4062
1816 1777285790 3550 3695 3666 380 3581 3624 3624 3592 4063 4063 4063 4063 4063 4063 4063 4063
1817 1777285790 3550 3695 3666 379 3580 3625 3625 3593 4063 4063 4062 4062 4062 4062 4062 4062
1818 1777285790 3549 3694 3666 380 3581 3624 3625 3592 4061 4061 4061 4061 4061 4061 4061 4061
1819 1777285790 3550 3694 3666 379 3581 3624 3624 3592 4063 4063 4063 4063 4063 4063 4063 4063
1820 1777285790 3550 3695 3667 379 3581 3624 3624 3592 4063 4062 4062 4062 4062 4062 4062 4062
1821 1777285790 3550 3694 3666 380 3580 3624 3624 3592 4063 4063 4062 4062 4062 4062 4062 4062
1822 1777285790 3550 3694 3666 380 3579 3623 3624 3592 4063 4063 4062 4062 4062 4062 4062 4062
1823 1777285790 3550 3695 3667 379 3582 3625 3625 3593 4063 4063 4063 4063 4063 4063 4063 4063
1824 1777285790 3551 3696 3668 379 3581 3625 3626 3593 4063 4063 4062 4062 4062 4062 4062 4062
1825 1777285790 3550 3694 3666 379 3580 3624 3624 3592 4061 4061 4061 4061 4061 4061 4061 4061
1826 1777285790 3549 3694 3666 380 3580 3623 3624 3592 4063 4062 4062 4062 4062 4062 4062 4062
1827 1777285790 3550 3695 3667 379 3580 3624 3624 3592 4063 4063 4063 4063 4063 4063 4063 4063
1828 1777285790 3550 3694 3666 379 3581 3624 3624 3592 4063 4063 4062 4062 4062 4062 4062 4062
1829 1777285790 3550 3694 3667 379 3580 3624 3624 3592 4061 4061 4060 4060 4060 4060 4060 4060
1830 1777285790 3551 3696 3667 380 3581 3625 3625 3593 4063 4063 4063 4063 4063 4063 4063 4063
1831 1777285790 3551 3695 3667 379 3581 3625 3625 3593 4063 4063 4062 4062 4062 4062 4062 4062
1832 1777285790 3550 3695 3667 379 3581 3624 3624 3593 4061 4061 4061 4061 4061 4061 4061 4061
1833 1777285790 3550 3694 3666 380 3580 3624 3624 3592 4063 4063 4063 4063 4063 4063 4063 4063
1834 1777285790 3551 3696 3667 380 3581 3625 3625 3593 4060 4061 4060 4060 4060 4060 4060 4060
1835 1777285790 3551 3695 3667 380 3581 3624 3624 3593 4061 4061 4061 4061 4061 4061 4061 4061
1836 1777285790 3550 3694 3666 380 3581 3624 3625 3593 4063 4063 4062 4062 4062 4062 4062 4062
1837 1777285790 3550 3695 3667 379 3580 3625 3625 3592 4063 4063 4062 4062 4062 4062 4062 4062
1838 1777285790 3550 3694 3666 379 3581 3624 3624 3592 4061 4061 4061 4061 4061 4061 4061 4061
1839 1777285790 3549 3694 3667 379 3581 3625 3625 3593 4061 4061 4061 4061 4061 4061 4061 4061
1840 1777285790 3549 3694 3666 380 3580 3624 3624 3592 4063 4063 4062 4062 4062 4062 4062 4062
1841 1777285790 3551 3696 3668 380 3582 3625 3626 3593 4061 4061 4061 4061 4061 4061 4061 4061
1842 1777285790 3550 3694 3667 380 3581 3624 3625 3592 4061 4061 4061 4061 4061 4061 4061 4061
1843 1777285790 3550 3695 3666 380 3580 3624 3625 3593 4063 4063 4063 4063 4063 4063 4063 4063
1844 1777285790 3550 3694 3666 380 3580 3624 3624 3592 4063 4063 4063 4063 4063 4063 4063 4063
1845 1777285790 3551 3695 3667 380 3581 3625 3625 3593 4061 4061 4061 4061 4061 4061 4061 4061
1846 1777285790 3551 3695 3668 379 3581 3625 3625 3593 4061 4061 4061 4061 4061 4061 4061 4061
1847 1777285790 3551 3695 3668 380 3582 3626 3626 3594 4063 4063 4062 4062 4062 4062 4062 4062
1848 1777285790 3550 3694 3667 380 3581 3625 3625 3593 4063 4063 4062 4062 4062 4062 4062 4062
1849 1777285790 3551 3695 3667 381 3580 3625 3625 3593 4063 4063 4062 4062 4062 4062 4062 4062
1850 1777285790 3553 3698 3670 380 3583 3628 3628 3596 4063 4063 4063 4063 4063 4063 4063 4063
1851 1777285790 3550 3695 3667 380 3581 3624 3624 3592 4063 4061 4061 4061 4061 4061 4061 4061
1852 1777285790 3550 3695 3667 380 3581 3625 3625 3593 4063 4063 4062 4062 4062 4062 4062 4062
1853 1777285790 3550 3695 3667 380 3580 3624 3625 3593 4063 4063 4062 4062 4062 4062 4062 4062
1854 1777285790 3551 3696 3667 380 3581 3625 3624 3593 4061 4061 4061 4061 4061 4061 4061 4061
1855 1777285790 3550 3694 3667 379 3581 3625 3625 3592 4063 4062 4062 4062 4062 4062 4062 4062
1856 1777285791 3550 3694 3666 379 3581 3624 3624 3592 4063 4063 4063 4063 4063 4063 4063 4063
1857 1777285791 3551 3695 3667 380 3580 3624 3625 3593 4063 4063 4063 4063 4063 4063 4063 4063
1858 1777285791 3551 3695 3667 380 3581 3625 3625 3593 4061 4061 4061 4061 4061 4061 4061 4061
1859 1777285791 3551 3695 3667 379 3582 3625 3625 3593 4063 4063 4062 4062 4062 4062 4062 4062
1860 1777285791 3551 3695 3667 380 3581 3624 3624 3592 4063 4063 4063 4063 4063 4063 4063 4063
1861 1777285791 3550 3695 3666 380 3581 3625 3625 3593 4063 4063 4062 4062 4062 4062 4062 4062
1862 1777285791 3551 3696 3667 380 3582 3626 3626 3594 4063 4063 4063 4063 4063 4063 4063 4063
1863 1777285791 3551 3695 3667 379 3582 3625 3625 3593 4063 4061 4061 4061 4061 4061 4061 4061
1864 1777285791 3551 3696 3668 379 3581 3625 3626 3593 4063 4063 4063 4063 4063 4063 4063 4063
1865 1777285791 3550 3695 3667 379 3580 3625 3625 3593 4063 4063 4062 4062 4062 4062 4062 4062
1866 1777285791 3551 3695 3666 380 3581 3625 3625 3593 4063 4063 4063 4063 4063 4063 4063 4063
1867 1777285791 3550 3695 3667 379 3581 3625 3625 3593 4063 4063 4062 4062 4062 4062 4062 4062
1868 1777285791 3551 3696 3668 380 3582 3626 3626 3594 4063 4063 4062 4062 4062 4062 4062 4062
1869 1777285791 3551 3695 3667 380 3581 3624 3625 3593 4063 4063 4062 4062 4062 4062 4062 4062
1870 1777285791 3551 3696 3667 380 3581 3624 3625 3593 4063 4063 4063 4063 4063 4063 4063 4063
1871 1777285791 3551 3695 3667 380 3581 3624 3625 3593 4063 4063 4062 4062 4062 4062 4062 4062
1872 1777285791 3550 3695 3666 380 3581 3624 3624 3593 4063 4063 4062 4062 4062 4062 4062 4062
1873 1777285791 3551 3695 3668 380 3581 3625 3625 3593 4063 4063 4062 4062 4062 4062 4062 4062
1874 1777285791 3550 3695 3667 380 3581 3625 3625 3594 4061 4061 4061 4061 4061 4061 4061 4061
1875 1777285791 3550 3695 3666 380 3580 3624 3625 3593 4061 4061 4061 4061 4061 4061 4061 4061
1876 1777285791 3551 3695 3667 380 3582 3625 3625 3593 4061 4061 4061 4061 4061 4061 4061 4061
1877 1777285791 3550 3695 3666 380 3581 3624 3624 3592 4063 4063 4063 4063 4063 4063 4063 4063
1878 1777285791 3549 3693 3666 378 3579 3623 3624 3592 4061 4061 4061 4061 4061 4061 4061 4061
1879 1777285791 3549 3693 3665 378 3579 3623 3623 3591 4063 4063 4062 4062 4062 4062 4062 4062
1880 1777285791 3550 3694 3666 378 3581 3624 3625 3592 4063 4063 4062 4062 4062 4062 4062 4062
1881 1777285791 3549 3693 3665 378 3580 3624 3624 3591 4061 4061 4061 4061 4061 4061 4061 4061
1882 1777285791 3549 3693 3665 380 3579 3623 3623 3591 4063 4063 4062 4062 4062 4062 4062 4062
1883 1777285791 3549 3694 3665 379 3578 3623 3624 3592 4063 4062 4062 4062 4062 4062 4062 4062
1884 1777285791 3549 3693 3665 378 3579 3623 3623 3591 4061 4061 4061 4061 4061 4061 4061 4061
1885 1777285791 3549 3694 3665 378 3580 3624 3624 3592 4063 4063 4062 4062 4062 4062 4062 4062
1886 1777285791 3548 3693 3665 378 3579 3623 3623 3591 4063 4063 4062 4062 4062 4062 4062 4062
1887 1777285791 3549 3693 3665 378 3580 3623 3623 3591 4061 4061 4061 4061 4061 4061 4061 4061
1888 1777285791 3548 3693 3665 378 3579 3622 3622 3590 4062 4063 4062 4062 4062 4062 4062 4062
1889 1777285791 3549 3693 3666 378 3579 3623 3623 3591 4063 4063 4062 4062 4062 4062 4062 4062
1890 1777285791 3548 3693 3665 378 3579 3622 3623 3591 4061 4061 4061 4061 4061 4061 4061 4061
1891 1777285791 3549 3694 3666 378 3580 3623 3623 3591 4063 4063 4062 4062 4062 4062 4062 4062
1892 1777285791 3549 3693 3665 378 3579 3623 3624 3592 4063 4063 4062 4062 4062 4062 4062 4062
1893 1777285791 3549 3693 3665 378 3580 3623 3623 3592 4063 4063 4062 4062 4062 4062 4062 4062
1894 1777285791 3549 3693 3665 378 3579 3623 3623 3592 4061 4061 4061 4061 4061 4061 4061 4061
1895 1777285791 3548 3693 3665 378 3579 3623 3623 3591 4063 4063 4063 4063 4063 4063 4063 4063
1896 1777285791 3550 3694 3666 378 3581 3624 3624 3592 4063 4063 4062 4062 4062 4062 4062 4062
1897 1777285791 3547 3692 3665 378 3579 3623 3623 3591 4063 4063 4062 4062 4062 4062 4062 4062
1898 1777285791 3548 3693 3664 378 3579 3623 3623 3590 4063 4063 4062 4062 4062 4062 4062 4062
1899 1777285791 3548 3693 3665 379 3579 3623 3623 3591 4063 4062 4062 4062 4062 4062 4062 4062
1900 1777285791 3549 3693 3666 378 3579 3623 3623 3591 4061 4061 4060 4060 4060 4060 4060 4060
1901 1777285791 3549 3693 3665 378 3579 3623 3623 3591 4061 4061 4061 4061 4061 4061 4061 4061
1902 1777285791 3549 3692 3664 378 3579 3623 3623 3591 4061 4061 4061 4061 4061 4061 4061 4061
1903 1777285791 3548 3693 3665 378 3579 3622 3623 3591 4061 4061 4061 4061 4061 4061 4061 4061
1904 1777285791 3548 3693 3665 378 3579 3623 3623 3591 4063 4063 4062 4062 4062 4062 4062 4062
1905 1777285791 3549 3694 3666 379 3580 3623 3623 3592 4061 4061 4061 4061 4061 4061 4061 4061
1906 1777285791 3548 3693 3665 378 3579 3623 3624 3592 4063 4063 4062 4062 4062 4062 4062 4062
1907 1777285791 3550 3694 3666 379 3580 3623 3623 3591 4063 4063 4062 4062 4062 4062 4062 4062
1908 1777285791 3549 3694 3666 378 3579 3623 3623 3591 4063 4063 4062 4062 4062 4062 4062 4062
1909 1777285791 3549 3693 3665 378 3579 3622 3622 3591 4063 4063 4062 4062 4062 4062 4062 4062
1910 1777285791 3549 3694 3666 378 3579 3623 3623 3591 4063 4063 4063 4063 4063 4063 4063 4063
1911 1777285791 3549 3694 3666 379 3580 3623 3624 3592 4063 4062 4062 4062 4062 4062 4062 4062
1912 1777285792 3549 3694 3665 378 3580 3623 3623 3591 4063 4063 4062 4062 4062 4062 4062 4062
1913 1777285792 3549 3694 3666 378 3580 3624 3624 3592 4063 4063 4063 4063 4063 4063 4063 4063
1914 1777285792 3549 3693 3666 378 3579 3623 3623 3591 4061 4061 4061 4061 4061 4061 4061 4061
1915 1777285792 3549 3694 3666 378 3580 3624 3623 3592 4061 4061 4061 4061 4061 4061 4061 4061
1916 1777285792 3549 3694 3665 379 3580 3623 3624 3592 4061 4061 4061 4061 4061 4061 4061 4061
1917 1777285792 3549 3693 3665 379 3580 3623 3623 3591 4063 4063 4062 4062 4062 4062 4062 4062
1918 1777285792 3549 3694 3666 379 3580 3624 3625 3592 4061 4061 4061 4061 4061 4061 4061 4061
1919 1777285792 3550 3694 3667 378 3580 3624 3624 3592 4063 4063 4062 4062 4062 4062 4062 4062
1920 1777285792 3550 3694 3666 378 3581 3624 3624 3592 4061 4061 4061 4061 4061 4061 4061 4061
1921 1777285792 3549 3694 3665 379 3580 3624 3623 3592 4063 4063 4062 4062 4062 4062 4062 4062
1922 1777285792 3549 3694 3666 378 3580 3623 3624 3592 4063 4063 4062 4062 4062 4062 4062 4062
1923 1777285792 3550 3694 3666 378 3580 3623 3624 3591 4061 4061 4061 4061 4061 4061 4061 4061
1924 1777285792 3550 3694 3666 379 3580 3624 3624 3593 4063 4063 4063 4063 4063 4063 4063 4063
1925 1777285792 3549 3693 3666 378 3580 3624 3624 3592 4063 4062 4062 4062 4062 4062 4062 4062
1926 1777285792 3549 3693 3666 379 3580 3624 3624 3592 4061 4061 4061 4061 4061 4061 4061 4061
1927 1777285792 3550 3694 3665 379 3580 3623 3624 3592 4063 4063 4062 4062 4062 4062 4062 4062
1928 1777285792 3548 3693 3665 379 3579 3624 3624 3592 4063 4063 4062 4062 4062 4062 4062 4062
1929 1777285792 3549 3694 3665 378 3580 3623 3623 3592 4061 4061 4061 4061 4061 4061 4061 4061
1930 1777285792 3549 3693 3665 379 3579 3623 3623 3592 4063 4063 4063 4063 4063 4063 4063 4063
1931 1777285792 3548 3692 3665 379 3578 3623 3623 3591 4063 4063 4063 4063 4063 4063 4063 4063
1932 1777285792 3549 3693 3665 378 3580 3623 3623 3591 4061 4061 4061 4061 4061 4061 4061 4061
1933 1777285792 3548 3693 3665 379 3579 3623 3623 3591 4061 4061 4061 4061 4061 4061 4061 4061
1934 1777285792 3550 3694 3667 379 3581 3624 3625 3593 4063 4061 4061 4061 4061 4061 4061 4061
1935 1777285792 3548 3693 3665 379 3579 3623 3623 3591 4063 4063 4063 4063 4063 4063 4063 4063
1936 1777285792 3549 3694 3666 378 3580 3623 3624 3591 4061 4061 4061 4061 4061 4061 4061 4061
1937 1777285792 3549 3694 3666 378 3580 3624 3624 3592 4063 4063 4063 4063 4063 4063 4063 4063
1938 1777285792 3548 3693 3664 379 3579 3623 3622 3591 4062 4063 4062 4062 4062 4062 4062 4062
1939 1777285792 3550 3694 3666 379 3580 3623 3624 3592 4063 4062 4062 4062 4062 4062 4062 4062
1940 1777285792 3549 3694 3666 378 3580 3623 3624 3592 4063 4063 4062 4062 4062 4062 4062 4062
1941 1777285792 3549 3693 3666 378 3580 3624 3624 3591 4063 4063 4062 4062 4062 4062 4062 4062
1942 1777285792 3549 3694 3666 379 3580 3624 3624 3591 4063 4062 4062 4062 4062 4062 4062 4062
1943 1777285792 3549 3693 3665 379 3579 3622 3623 3591 4063 4063 4062 4062 4062 4062 4062 4062
1944 1777285792 3549 3694 3665 379 3579 3623 3623 3591 4061 4061 4061 4061 4061 4061 4061 4061
1945 1777285792 3549 3694 3666 379 3580 3624 3624 3593 4063 4061 4061 4061 4061 4061 4061 4061
1946 1777285792 3549 3694 3666 380 3579 3623 3624 3592 4063 4063 4063 4063 4063 4063 4063 4063
1947 1777285792 3549 3693 3665 379 3578 3623 3623 3591 4061 4061 4061 4061 4061 4061 4061 4061
1948 1777285792 3550 3695 3667 379 3581 3625 3624 3593 4061 4061 4061 4061 4061 4061 4061 4061
1949 1777285792 3549 3694 3665 379 3580 3623 3623 3591 4063 4063 4062 4062 4062 4062 4062 4062
1950 1777285792 3550 3694 3666 379 3580 3624 3624 3592 4061 4061 4061 4061 4061 4061 4061 4061
1951 1777285792 3549 3694 3665 379 3580 3623 3624 3592 4061 4061 4061 4061 4061 4061 4061 4061
1952 1777285792 3550 3694 3666 379 3580 3624 3624 3592 4063 4063 4062 4062 4062 4062 4062 4062
1953 1777285792 3549 3694 3666 378 3580 3624 3624 3592 4063 4063 4062 4062 4062 4062 4062 4062
1954 1777285792 3549 3694 3666 379 3579 3623 3623 3592 4063 4063 4062 4062 4062 4062 4062 4062
1955 1777285792 3549 3694 3666 379 3580 3623 3623 3592 4061 4061 4061 4061 4061 4061 4061 4061
1956 1777285792 3549 3694 3666 379 3580 3623 3624 3592 4061 4061 4061 4061 4061 4061 4061 4061
1957 1777285792 3549 3694 3666 378 3580 3624 3624 3592 4061 4061 4061 4061 4061 4061 4061 4061
1958 1777285792 3548 3693 3665 379 3579 3623 3623 3591 4063 4063 4063 4063 4063 4063 4063 4063
1959 1777285792 3550 3695 3666 379 3581 3624 3625 3593 4061 4061 4061 4061 4061 4061 4061 4061
1960 1777285792 3550 3694 3666 378 3581 3624 3624 3592 4059 4059 4059 4059 4059 4059 4059 4059
1961 1777285792 3549 3693 3665 379 3579 3622 3622 3591 4063 4063 4063 4063 4063 4063 4063 4063
1962 1777285792 3550 3694 3666 379 3579 3623 3623 3592 4063 4063 4062 4062 4062 4062 4062 4062
1963 1777285792 3550 3694 3666 379 3580 3624 3624 3592 4061 4061 4061 4061 4061 4061 4061 4061
1964 1777285792 3549 3693 3665 378 3580 3623 3623 3591 4065 4063 4063 4063 4063 4063 4063 4063
1965 1777285792 3549 3694 3666 378 3580 3624 3624 3592 4061 4061 4061 4061 4061 4061 4061 4061
1966 1777285792 3549 3694 3666 378 3579 3624 3624 3592 4063 4063 4063 4063 4063 4063 4063 4063
1967 1777285792 3549 3694 3665 379 3580 3623 3624 3592 4063 4063 4062 4062 4062 4062 4062 4062
1968 1777285792 3549 3694 3666 379 3580 3623 3624 3591 4061 4061 4061 4061 4061 4061 4061 4061
1969 1777285792 3549 3694 3665 379 3580 3624 3624 3593 4061 4061 4061 4061 4061 4061 4061 4061
1970 1777285792 3549 3693 3666 378 3579 3623 3624 3591 4061 4061 4061 4061 4061 4061 4061 4061
1971 1777285792 3549 3693 3666 379 3580 3623 3623 3592 4063 4063 4062 4062 4062 4062 4062 4062
1972 1777285792 3550 3694 3666 379 3580 3623 3624 3592 4061 4061 4061 4061 4061 4061 4061 4061
1973 1777285792 3549 3694 3666 379 3580 3624 3624 3592 4063 4063 4063 4063 4063 4063 4063 4063
1974 1777285792 3549 3694 3666 379 3580 3624 3624 3592 4061 4061 4061 4061 4061 4061 4061 4061
1975 1777285792 3550 3695 3666 379 3580 3624 3624 3592 4063 4063 4062 4062 4062 4062 4062 4062
1976 1777285792 3549 3694 3666 378 3580 3623 3624 3591 4063 4063 4062 4062 4062 4062 4062 4062
1977 1777285792 3550 3694 3667 379 3580 3625 3625 3593 4063 4063 4062 4062 4062 4062 4062 4062
1978 1777285792 3550 3694 3666 380 3581 3624 3624 3592 4061 4061 4061 4061 4061 4061 4061 4061
1979 1777285792 3550 3694 3666 379 3580 3624 3624 3592 4063 4063 4062 4062 4062 4062 4062 4062
1980 1777285792 3549 3694 3666 378 3581 3624 3624 3592 4063 4063 4063 4063 4063 4063 4063 4063
1981 1777285792 3549 3694 3666 378 3580 3624 3624 3592 4063 4063 4062 4062 4062 4062 4062 4062
1982 1777285792 3549 3694 3666 379 3580 3623 3623 3592 4061 4061 4061 4061 4061 4061 4061 4061
1983 1777285793 3550 3695 3667 379 3581 3624 3624 3592 4063 4062 4062 4062 4062 4062 4062 4062
1984 1777285793 3549 3693 3665 379 3579 3623 3623 3591 4061 4061 4061 4061 4061 4061 4061 4061
1985 1777285793 3549 3693 3666 379 3580 3624 3624 3592 4063 4063 4062 4062 4062 4062 4062 4062
1986 1777285793 3549 3694 3666 379 3579 3623 3623 3592 4061 4061 4061 4061 4061 4061 4061 4061
1987 1777285793 3549 3694 3666 379 3580 3623 3623 3591 4061 4061 4061 4061 4061 4061 4061 4061
1988 1777285793 3550 3694 3666 379 3581 3624 3624 3592 4063 4063 4062 4062 4062 4062 4062 4062
1989 1777285793 3550 3694 3666 379 3580 3624 3624 3592 4063 4063 4063 4063 4063 4063 4063 4063
1990 1777285793 3549 3694 3666 378 3580 3624 3624 3592 4063 4062 4062 4062 4062 4062 4062 4062
1991 1777285793 3549 3694 3666 379 3580 3624 3624 3592 4063 4063 4062 4062 4062 4062 4062 4062
1992 1777285793 3550 3694 3666 380 3581 3624 3624 3593 4061 4061 4061 4061 4061 4061 4061 4061
1993 1777285793 3550 3695 3667 379 3581 3625 3626 3593 4061 4061 4061 4061 4061 4061 4061 4061
1994 1777285793 3549 3694 3666 380 3580 3624 3624 3592 4063 4063 4063 4063 4063 4063 4063 4063
1995 1777285793 3550 3695 3667 379 3580 3624 3624 3592 4063 4063 4062 4062 4062 4062 4062 4062
1996 1777285793 3549 3694 3666 379 3581 3624 3624 3593 4063 4063 4063 4063 4063 4063 4063 4063
1997 1777285793 3549 3693 3666 379 3580 3624 3624 3592 4063 4063 4063 4063 4063 4063 4063 4063
1998 1777285793 3551 3695 3667 378 3581 3624 3624 3593 4063 4063 4062 4062 4062 4062 4062 4062
1999 1777285793 3550 3693 3666 379 3580 3623 3623 3591 4063 4063 4062 4062 4062 4062 4062 4062
2000 1777285793 3549 3694 3666 379 3580 3623 3624 3592 4061 4061 4060 4060 4060 4060 4060 4060
2001 1777285793 3550 3695 3667 379 3580 3624 3624 3593 4063 4063 4062 4062 4062 4062 4062 4062
2002 1777285793 3550 3694 3666 379 3581 3624 3624 3592 4061 4061 4061 4061 4061 4061 4061 4061
2003 1777285793 3550 3694 3666 379 3580 3624 3624 3592 4059 4059 4059 4059 4059 4059 4059 4059
2004 1777285793 3549 3694 3665 379 3580 3623 3624 3592 4063 4063 4062 4062 4062 4062 4062 4062
2005 1777285793 3549 3694 3666 379 3580 3623 3624 3592 4061 4061 4060 4060 4060 4060 4060 4060
2006 1777285793 3549 3694 3666 378 3580 3623 3624 3592 4063 4063 4062 4062 4062 4062 4062 4062
2007 1777285793 3550 3695 3666 379 3580 3624 3623 3592 4061 4061 4061 4061 4061 4061 4061 4061
2008 1777285793 3550 3695 3667 382 3581 3625 3625 3593 4063 4061 4061 4061 4061 4061 4061 4061
2009 1777285793 3551 3695 3667 381 3580 3625 3625 3593 4063 4063 4063 4063 4063 4063 4063 4063
2010 1777285793 3549 3694 3666 380 3579 3624 3624 3592 4063 4063 4062 4062 4062 4062 4062 4062
2011 1777285793 3550 3694 3666 379 3581 3624 3624 3592 4063 4063 4062 4062 4062 4062 4062 4062
2012 1777285793 3550 3694 3666 378 3580 3624 3624 3592 4061 4061 4061 4061 4061 4061 4061 4061
2013 1777285793 3549 3694 3666 379 3580 3624 3624 3592 4061 4061 4061 4061 4061 4061 4061 4061
2014 1777285793 3549 3694 3666 379 3580 3624 3624 3592 4063 4063 4062 4062 4062 4062 4062 4062
2015 1777285793 3550 3695 3667 379 3581 3624 3625 3593 4063 4063 4062 4062 4062 4062 4062 4062
2016 1777285793 3549 3694 3666 379 3580 3623 3623 3592 4063 4063 4062 4062 4062 4062 4062 4062
2017 1777285793 3550 3694 3666 380 3580 3624 3624 3592 4063 4063 4062 4062 4062 4062 4062 4062
2018 1777285793 3549 3694 3665 380 3580 3624 3624 3592 4063 4063 4062 4062 4062 4062 4062 4062
2019 1777285793 3549 3694 3666 379 3580 3624 3624 3592 4063 4063 4062 4062 4062 4062 4062 4062
2020 1777285793 3549 3694 3666 379 3580 3623 3624 3592 4061 4061 4060 4060 4060 4060 4060 4060
2021 1777285793 3550 3694 3666 379 3581 3625 3625 3593 4061 4061 4061 4061 4061 4061 4061 4061
2022 1777285793 3550 3695 3667 379 3581 3625 3625 3593 4063 4063 4062 4062 4062 4062 4062 4062
2023 1777285793 3550 3695 3667 379 3582 3625 3625 3593 4063 4062 4062 4062 4062 4062 4062 4062
2024 1777285793 3550 3694 3666 379 3581 3624 3625 3593 4061 4061 4061 4061 4061 4061 4061 4061
2025 1777285793 3549 3693 3665 379 3580 3624 3624 3592 4063 4063 4062 4062 4062 4062 4062 4062
2026 1777285793 3550 3694 3666 379 3579 3623 3624 3592 4063 4063 4062 4062 4062 4062 4062 4062
2027 1777285793 3549 3693 3665 379 3580 3624 3624 3592 4063 4063 4062 4062 4062 4062 4062 4062
2028 1777285793 3550 3694 3666 379 3581 3624 3624 3592 4063 4062 4062 4062 4062 4062 4062 4062
2029 1777285793 3549 3694 3666 379 3580 3623 3624 3592 4061 4061 4061 4061 4061 4061 4061 4061
2030 1777285793 3550 3694 3666 379 3580 3624 3624 3592 4063 4063 4063 4063 4063 4063 4063 4063
2031 1777285793 3550 3695 3667 379 3581 3625 3625 3593 4063 4063 4062 4062 4062 4062 4062 4062
2032 1777285793 3549 3694 3666 379 3580 3623 3623 3592 4063 4063 4062 4062 4062 4062 4062 4062
2033 1777285793 3549 3694 3666 380 3580 3624 3624 3593 4061 4061 4061 4061 4061 4061 4061 4061
2034 1777285793 3550 3695 3667 380 3582 3625 3625 3593 4063 4063 4062 4062 4062 4062 4062 4062
2035 1777285793 3550 3694 3666 379 3580 3624 3624 3592 4063 4063 4063 4063 4063 4063 4063 4063
2036 1777285793 3550 3695 3667 379 3580 3624 3624 3592 4061 4061 4061 4061 4061 4061 4061 4061
2037 1777285793 3549 3694 3666 379 3580 3624 3624 3592 4059 4059 4059 4059 4059 4059 4059 4059
2038 1777285793 3550 3694 3666 379 3581 3624 3624 3592 4063 4063 4062 4062 4062 4062 4062 4062
2039 1777285793 3550 3695 3667 379 3581 3624 3624 3593 4061 4061 4061 4061 4061 4061 4061 4061
2040 1777285793 3549 3694 3666 379 3580 3624 3624 3592 4063 4063 4062 4062 4062 4062 4062 4062
2041 1777285793 3550 3695 3667 379 3580 3625 3625 3593 4063 4063 4063 4063 4063 4063 4063 4063
2042 1777285793 3550 3695 3667 380 3581 3624 3625 3592 4063 4063 4063 4063 4063 4063 4063 4063
2043 1777285793 3549 3693 3665 379 3580 3624 3624 3592 4061 4061 4061 4061 4061 4061 4061 4061
2044 1777285793 3551 3696 3668 379 3582 3625 3625 3593 4063 4063 4062 4062 4062 4062 4062 4062
2045 1777285793 3549 3694 3666 379 3580 3624 3624 3592 4063 4063 4062 4062 4062 4062 4062 4062
2046 1777285793 3550 3694 3666 380 3581 3624 3624 3593 4063 4063 4062 4062 4062 4062 4062 4062
2047 1777285793 3550 3694 3666 379 3580 3624 3624 3592 4061 4061 4061 4061 4061 4061 4061 4061
2048 1777285794 3551 3695 3667 379 3581 3625 3626 3594 4063 4063 4062 4062 4062 4062 4062 4062
2049 1777285794 3550 3694 3666 379 3580 3624 3624 3592 4063 4061 4061 4061 4061 4061 4061 4061
2050 1777285794 3550 3695 3667 379 3581 3624 3624 3592 4063 4063 4062 4062 4062 4062 4062 4062
2051 1777285794 3550 3694 3667 379 3580 3624 3624 3592 4063 4063 4062 4062 4062 4062 4062 4062
2052 1777285794 3549 3694 3666 379 3581 3624 3624 3592 4061 4060 4060 4060 4060 4060 4060 4060
2053 1777285794 3550 3694 3666 379 3580 3624 3624 3592 4063 4063 4062 4062 4062 4062 4062 4062
2054 1777285794 3548 3693 3665 380 3579 3623 3624 3592 4061 4061 4061 4061 4061 4061 4061 4061
2055 1777285794 3550 3695 3667 379 3582 3625 3625 3593 4061 4061 4061 4061 4061 4061 4061 4061
2056 1777285794 3550 3695 3667 379 3581 3625 3624 3593 4063 4063 4062 4062 4062 4062 4062 4062
2057 1777285794 3549 3694 3666 379 3580 3624 3625 3592 4063 4063 4062 4062 4062 4062 4062 4062
2058 1777285794 3550 3695 3667 380 3581 3624 3625 3593 4061 4061 4061 4061 4061 4061 4061 4061
2059 1777285794 3550 3694 3666 379 3580 3624 3624 3592 4061 4061 4060 4060 4060 4060 4060 4060
2060 1777285794 3550 3695 3666 379 3580 3623 3624 3592 4063 4063 4062 4062 4062 4062 4062 4062
2061 1777285794 3549 3694 3666 379 3580 3624 3624 3593 4061 4061 4061 4061 4061 4061 4061 4061
2062 1777285794 3549 3694 3666 380 3580 3624 3624 3592 4061 4061 4061 4061 4061 4061 4061 4061
2063 1777285794 3550 3694 3666 379 3580 3624 3624 3591 4061 4061 4061 4061 4061 4061 4061 4061
2064 1777285794 3550 3695 3667 379 3581 3624 3625 3593 4063 4063 4062 4062 4062 4062 4062 4062
2065 1777285794 3550 3694 3666 379 3580 3624 3624 3592 4059 4059 4059 4059 4059 4059 4059 4059
2066 1777285794 3549 3694 3666 380 3580 3624 3624 3592 4063 4061 4061 4061 4061 4061 4061 4061
2067 1777285794 3550 3694 3666 379 3580 3623 3624 3592 4061 4061 4061 4061 4061 4061 4061 4061
2068 1777285794 3550 3694 3667 379 3581 3624 3625 3593 4063 4063 4062 4062 4062 4062 4062 4062
2069 1777285794 3550 3695 3667 379 3581 3625 3625 3593 4063 4063 4062 4062 4062 4062 4062 4062
2070 1777285794 3550 3695 3667 380 3581 3624 3624 3592 4063 4063 4063 4063 4063 4063 4063 4063
2071 1777285794 3549 3695 3666 379 3581 3624 3624 3592 4063 4063 4062 4062 4062 4062 4062 4062
2072 1777285794 3550 3695 3667 379 3581 3624 3625 3593 4061 4061 4061 4061 4061 4061 4061 4061
2073 1777285794 3550 3696 3667 381 3580 3625 3625 3592 4063 4063 4062 4062 4062 4062 4062 4062
2074 1777285794 3550 3695 3667 380 3581 3624 3624 3593 4063 4063 4062 4062 4062 4062 4062 4062
2075 1777285794 3550 3695 3667 379 3581 3625 3625 3592 4063 4063 4062 4062 4062 4062 4062 4062
2076 1777285794 3550 3694 3666 379 3581 3624 3625 3593 4063 4062 4062 4062 4062 4062 4062 4062
2077 1777285794 3551 3695 3667 380 3581 3625 3625 3593 4063 4063 4062 4062 4062 4062 4062 4062
2078 1777285794 3551 3696 3667 380 3581 3625 3625 3594 4063 4063 4062 4062 4062 4062 4062 4062
2079 1777285794 3550 3695 3667 379 3582 3625 3625 3593 4063 4063 4062 4062 4062 4062 4062 4062
2080 1777285794 3550 3694 3666 380 3581 3624 3625 3593 4063 4062 4062 4062 4062 4062 4062 4062
2081 1777285794 3551 3695 3667 379 3580 3624 3624 3593 4063 4063 4062 4062 4062 4062 4062 4062
2082 1777285794 3552 3696 3668 380 3582 3626 3626 1756 4061 4061 4061 4061 4061 4061 4061 4061
2083 1777285794 3551 3695 3666 379 3580 3624 3624 3592 4063 4062 4062 4062 4062 4062 4062 4062
2084 1777285794 3551 3695 3667 379 3581 3625 3625 3593 4063 4063 4062 4062 4062 4062 4062 4062
2085 1777285794 3550 3694 3667 380 3581 3625 3625 3593 4063 4063 4062 4062 4062 4062 4062 4062
2086 1777285794 3551 3696 3667 380 3581 3625 3625 3593 4061 4061 4061 4061 4061 4061 4061 4061
2087 1777285794 3551 3695 3667 380 3581 3625 3625 3593 4063 4063 4062 4062 4062 4062 4062 4062
2088 1777285794 3549 3694 3666 380 3580 3624 3624 3592 4061 4061 4061 4061 4061 4061 4061 4061
2089 1777285794 3550 3695 3667 380 3580 3625 3625 3593 4063 4063 4062 4062 4062 4062 4062 4062
2090 1777285794 3550 3695 3667 380 3581 3625 3625 3593 4063 4063 4062 4062 4062 4062 4062 4062
2091 1777285794 3550 3694 3666 380 3580 3624 3624 3593 4063 4063 4062 4062 4062 4062 4062 4062
2092 1777285794 3551 3695 3667 379 3581 3625 3625 3594 4063 4063 4062 4062 4062 4062 4062 4062
2093 1777285794 3549 3694 3667 379 3581 3625 3625 3593 4061 4061 4061 4061 4061 4061 4061 4061
2094 1777285794 3550 3695 3667 380 3582 3624 3625 3593 4061 4061 4061 4061 4061 4061 4061 4061
2095 1777285794 3551 3695 3667 379 3582 3626 3626 3594 4063 4063 4062 4062 4062 4062 4062 4062
2096 1777285794 3551 3695 3668 380 3581 3625 3625 3593 4063 4063 4063 4063 4063 4063 4063 4063
2097 1777285794 3551 3695 3667 379 3581 3626 3626 3593 4063 4063 4062 4062 4062 4062 4062 4062
2098 1777285794 3550 3695 3667 380 3581 3624 3625 3593 4063 4063 4062 4062 4062 4062 4062 4062
2099 1777285794 3550 3695 3667 380 3581 3624 3625 3593 4061 4061 4061 4061 4061 4061 4061 4061
2100 1777285794 3550 3695 3667 380 3581 3624 3625 3593 4063 4063 4062 4062 4062 4062 4062 4062
2101 1777285794 3551 3696 3668 379 3582 3625 3626 3594 4061 4061 4061 4061 4061 4061 4061 4061
2102 1777285794 3551 3695 3667 380 3581 3625 3625 3593 4063 4063 4062 4062 4062 4062 4062 4062
2103 1777285794 3551 3695 3667 379 3581 3625 3625 3593 4063 4063 4062 4062 4062 4062 4062 4062
2104 1777285794 3550 3695 3667 380 3581 3624 3625 3592 4065 4063 4063 4063 4063 4063 4063 4063
2105 1777285794 3550 3695 3667 380 3580 3624 3625 3593 4063 4063 4062 4062 4062 4062 4062 4062
2106 1777285794 3550 3696 3668 380 3582 3625 3626 3593 4063 4063 4062 4062 4062 4062 4062 4062
2107 1777285794 3551 3695 3668 380 3581 3625 3625 3593 4061 4061 4061 4061 4061 4061 4061 4061
2108 1777285794 3550 3695 3667 380 3581 3624 3625 3593 4061 4061 4061 4061 4061 4061 4061 4061
2109 1777285794 3550 3694 3666 380 3581 3624 3624 3592 4061 4061 4061 4061 4061 4061 4061 4061
2110 1777285795 3551 3696 3667 380 3582 3625 3625 3593 4063 4063 4062 4062 4062 4062 4062 4062
2111 1777285795 3551 3695 3667 380 3581 3624 3624 3592 4063 4063 4062 4062 4062 4062 4062 4062
2112 1777285795 3550 3695 3666 380 3581 3624 3624 3592 4061 4061 4061 4061 4061 4061 4061 4061
2113 1777285795 3551 3695 3668 380 3582 3625 3626 3594 4061 4061 4061 4061 4061 4061 4061 4061
2114 1777285795 3550 3694 3666 380 3581 3624 3624 3592 4063 4063 4063 4063 4063 4063 4063 4063
2115 1777285795 3551 3695 3667 380 3582 3625 3625 3593 4063 4063 4062 4062 4062 4062 4062 4062
2116 1777285795 3551 3695 3667 380 3581 3626 3626 3594 4061 4061 4061 4061 4061 4061 4061 4061
2117 1777285795 3550 3694 3666 379 3580 3625 3625 3593 4061 4061 4061 4061 4061 4061 4061 4061
2118 1777285802 3549 3694 3665 379 3579 3623 3624 3591 4063 4063 4063 4063 4063 4063 4063 4063
2119 1777285803 3550 3694 3666 380 3580 3624 3624 3592 4061 4061 4061 4061 4061 4061 4061 4061
2120 1777285803 3550 3694 3667 381 3580 3624 3625 3593 4061 4061 4061 4061 4061 4061 4061 4061
2121 1777285803 3549 3693 3666 380 3579 3623 3623 3591 4063 4063 4062 4062 4062 4062 4062 4062
2122 1777285803 3550 3694 3666 380 3580 3624 3624 3592 4061 4061 4061 4061 4061 4061 4061 4061
2123 1777285803 3549 3693 3666 380 3579 3623 3623 3592 4063 4063 4062 4062 4062 4062 4062 4062
2124 1777285803 3549 3693 3665 380 3580 3623 3623 3592 4061 4061 4061 4061 4061 4061 4061 4061
2125 1777285803 3548 3693 3665 380 3579 3622 3623 3591 4063 4063 4062 4062 4062 4062 4062 4062
2126 1777285803 3550 3694 3666 380 3580 3623 3624 3592 4063 4063 4062 4062 4062 4062 4062 4062
2127 1777285803 3550 3694 3666 380 3580 3625 3625 3593 4061 4061 4061 4061 4061 4061 4061 4061
2128 1777285803 3549 3693 3665 381 3579 3623 3623 3591 4063 4063 4062 4062 4062 4062 4062 4062
2129 1777285803 3550 3694 3667 380 3581 3625 3625 3592 4063 4063 4063 4063 4063 4063 4063 4063
2130 1777285803 3550 3695 3666 380 3581 3624 3625 3592 4063 4063 4062 4062 4062 4062 4062 4062
2131 1777285803 3550 3694 3667 380 3581 3624 3625 3593 4061 4061 4060 4060 4060 4060 4060 4060
2132 1777285803 3549 3694 3666 381 3579 3623 3624 3592 4063 4063 4062 4062 4062 4062 4062 4062
2133 1777285803 3548 3693 3664 378 3579 3622 3623 3591 4063 4063 4062 4062 4062 4062 4062 4062
2134 1777285803 3549 3693 3665 378 3579 3623 3623 3591 4063 4063 4062 4062 4062 4062 4062 4062
2135 1777285803 3549 3693 3665 378 3579 3623 3622 3591 4063 4063 4062 4062 4062 4062 4062 4062
2136 1777285803 3547 3692 3664 379 3578 3622 3622 3590 4061 4061 4061 4061 4061 4061 4061 4061
2137 1777285803 3549 453 412 377 3579 3625 1446 1751 4061 4061 4061 4061 4061 4061 4061 4061
2138 1777285803 3548 3693 3664 379 3578 3622 3622 3590 4063 4063 4062 4062 4062 4062 4062 4062
2139 1777285803 3548 3693 3665 378 3577 3623 3623 3591 4063 4063 4062 4062 4062 4062 4062 4062
2140 1777285803 3547 3692 3664 378 3576 3622 3622 3590 4063 4063 4063 4063 4063 4063 4063 4063
2141 1777285803 3549 3694 3666 378 3579 3623 3624 3591 4063 4063 4062 4062 4062 4062 4062 4062
2142 1777285803 3548 3693 3665 379 3578 3621 3622 3590 4063 4063 4063 4063 4063 4063 4063 4063
2143 1777285803 3548 3693 3665 378 3579 3623 3623 3591 4063 4062 4062 4062 4062 4062 4062 4062
2144 1777285803 3549 3693 3666 379 3579 3623 3624 3592 4063 4063 4062 4062 4062 4062 4062 4062
2145 1777285803 3548 3693 3664 378 3579 3623 3623 3591 4061 4061 4060 4060 4060 4060 4060 4060
2146 1777285803 3548 3693 3665 379 3580 3623 3623 3591 4063 4063 4063 4063 4063 4063 4063 4063
2147 1777285803 3549 3693 3665 379 3579 3623 3623 3591 4063 4062 4062 4062 4062 4062 4062 4062
2148 1777285803 3549 3693 3665 378 3580 3624 3624 3592 4063 4063 4063 4063 4063 4063 4063 4063
2149 1777285803 3548 3692 3664 378 3578 3622 3622 3590 4061 4061 4061 4061 4061 4061 4061 4061
2150 1777285803 3548 3693 3665 378 3579 3623 3623 3591 4061 4061 4061 4061 4061 4061 4061 4061
2151 1777285803 3549 3693 3665 378 3579 3623 3623 3591 4061 4061 4061 4061 4061 4061 4061 4061
2152 1777285803 3549 3694 3666 378 3580 3623 3623 3592 4063 4063 4062 4062 4062 4062 4062 4062
2153 1777285803 3550 3694 3666 378 3579 3624 3624 3592 4063 4063 4062 4062 4062 4062 4062 4062
2154 1777285803 3548 3693 3664 379 3578 3622 3623 3591 4063 4063 4062 4062 4062 4062 4062 4062
2155 1777285803 3547 3692 3664 378 3578 3622 3622 3590 4063 4063 4062 4062 4062 4062 4062 4062
2156 1777285803 3548 3693 3665 378 3578 3622 3622 3591 4063 4062 4062 4062 4062 4062 4062 4062
2157 1777285803 3550 3694 3667 378 3580 3624 3624 3592 4065 4063 4063 4063 4063 4063 4063 4063
2158 1777285803 3549 3693 3665 378 3580 3623 3623 3591 4063 4063 4062 4062 4062 4062 4062 4062
2159 1777285803 3548 3693 3665 378 3579 3622 3623 3591 4061 4061 4061 4061 4061 4061 4061 4061
2160 1777285803 3549 3693 3665 378 3579 3623 3623 3591 4061 4061 4061 4061 4061 4061 4061 4061
2161 1777285803 3549 3694 3666 378 3580 3624 3624 3592 4063 4063 4063 4063 4063 4063 4063 4063
2162 1777285803 3549 3694 3665 379 3579 3623 3623 3591 4063 4063 4062 4062 4062 4062 4062 4062
2163 1777285803 3549 3694 3666 378 3580 3624 3624 3592 4063 4063 4063 4063 4063 4063 4063 4063
2164 1777285803 3549 3693 3665 378 3579 3623 3623 3591 4063 4063 4062 4062 4062 4062 4062 4062
2165 1777285803 3548 3693 3665 378 3579 3623 3623 3591 4063 4061 4061 4061 4061 4061 4061 4061
2166 1777285803 3549 3693 3665 379 3580 3623 3623 3591 4063 4061 4061 4061 4061 4061 4061 4061
2167 1777285803 3548 3693 3665 378 3579 3623 3623 3591 4063 4063 4062 4062 4062 4062 4062 4062
2168 1777285803 3549 3693 3665 378 3580 3624 3624 3591 4061 4061 4061 4061 4061 4061 4061 4061
2169 1777285803 3549 3693 3665 378 3579 3623 3624 3591 4063 4063 4062 4062 4062 4062 4062 4062
2170 1777285803 3548 3693 3665 379 3578 3622 3623 3591 4063 4063 4062 4062 4062 4062 4062 4062
2171 1777285803 3549 3694 3666 378 3579 3623 3623 3591 4063 4063 4062 4062 4062 4062 4062 4062
2172 1777285803 3549 3693 3665 379 3580 3624 3624 3592 4063 4063 4062 4062 4062 4062 4062 4062
2173 1777285803 3549 3694 3666 379 3579 3623 3624 3592 4063 4063 4062 4062 4062 4062 4062 4062
2174 1777285803 3548 3693 3665 379 3579 3623 3623 3591 4063 4063 4062 4062 4062 4062 4062 4062
2175 1777285803 3548 3693 3665 378 3579 3622 3623 3591 4061 4061 4061 4061 4061 4061 4061 4061
2176 1777285803 3549 3694 3666 378 3580 3623 3624 3592 4061 4061 4061 4061 4061 4061 4061 4061
2177 1777285803 3549 3693 3665 378 3579 3623 3624 3592 4063 4063 4062 4062 4062 4062 4062 4062
2178 1777285803 3550 3695 3667 379 3580 3624 3625 3593 4063 4062 4062 4062 4062 4062 4062 4062
2179 1777285804 3549 3694 3666 378 3580 3623 3623 3592 4063 4063 4063 4063 4063 4063 4063 4063
2180 1777285804 3549 3693 3665 379 3580 3623 3624 3592 4063 4063 4062 4062 4062 4062 4062 4062
2181 1777285804 3549 3693 3665 378 3580 3623 3624 3591 4063 4063 4062 4062 4062 4062 4062 4062
2182 1777285804 3548 3693 3665 379 3578 3623 3623 3591 4063 4063 4063 4063 4063 4063 4063 4063
2183 1777285804 3548 3692 3665 379 3579 3622 3623 3591 4063 4063 4063 4063 4063 4063 4063 4063
2184 1777285804 3552 3697 3668 378 3582 3627 3626 3594 4063 4063 4062 4062 4062 4062 4062 4062
2185 1777285804 3548 3693 3664 378 3578 3622 3623 3590 4063 4063 4062 4062 4062 4062 4062 4062
2186 1777285804 3549 3693 3665 379 3579 3623 3623 3592 4063 4063 4062 4062 4062 4062 4062 4062
2187 1777285804 3549 3693 3665 378 3579 3623 3623 3591 4063 4063 4062 4062 4062 4062 4062 4062
2188 1777285804 3549 3693 3665 379 3579 3623 3623 3591 4063 4063 4062 4062 4062 4062 4062 4062
2189 1777285804 3549 3694 3666 379 3579 3624 3624 3592 4059 4059 4059 4059 4059 4059 4059 4059
2190 1777285804 3549 3694 3665 378 3579 3623 3624 3591 4063 4063 4062 4062 4062 4062 4062 4062
2191 1777285804 3550 3694 3666 378 3580 3624 3624 3592 4063 4063 4062 4062 4062 4062 4062 4062
2192 1777285804 3548 3693 3665 379 3579 3623 3623 3591 4063 4063 4062 4062 4062 4062 4062 4062
2193 1777285804 3549 3693 3665 378 3579 3623 3624 3591 4063 4063 4062 4062 4062 4062 4062 4062
2194 1777285804 3549 3694 3666 379 3579 3623 3623 3591 4063 4063 4063 4063 4063 4063 4063 4063
2195 1777285804 3549 3694 3666 378 3580 3623 3624 3592 4063 4061 4061 4061 4061 4061 4061 4061
2196 1777285804 3549 3693 3665 379 3579 3623 3623 3591 4061 4061 4061 4061 4061 4061 4061 4061
2197 1777285804 3550 3695 3667 378 3581 3624 3624 3592 4063 4063 4062 4062 4062 4062 4062 4062
2198 1777285804 3550 3694 3666 379 3580 3624 3624 3592 4063 4063 4062 4062 4062 4062 4062 4062
2199 1777285804 3549 3694 3666 379 3580 3624 3624 3592 4063 4063 4062 4062 4062 4062 4062 4062
2200 1777285804 3549 3693 3666 379 3580 3624 3624 3592 4063 4063 4062 4062 4062 4062 4062 4062
2201 1777285804 3548 3693 3665 380 3579 3623 3623 3591 4063 4063 4062 4062 4062 4062 4062 4062
2202 1777285804 3549 3693 3666 379 3580 3624 3623 3591 4063 4061 4061 4061 4061 4061 4061 4061
2203 1777285804 3548 3693 3665 379 3580 3623 3623 3591 4063 4063 4063 4063 4063 4063 4063 4063
2204 1777285804 351 357 3664 379 3581 3625 3625 3593 4063 4062 4062 4062 4062 4062 4062 4062
2205 1777285804 3549 3693 3665 379 3579 3623 3623 3592 4063 4063 4062 4062 4062 4062 4062 4062
2206 1777285804 3549 3694 3666 379 3580 3623 3623 3591 4061 4061 4061 4061 4061 4061 4061 4061
2207 1777285804 3548 3694 3666 378 3580 3623 3623 3591 4063 4063 4062 4062 4062 4062 4062 4062
2208 1777285804 3548 3693 3665 379 3579 3623 3623 3592 4061 4061 4061 4061 4061 4061 4061 4061
2209 1777285804 3549 3694 3666 379 3579 3623 3624 3592 4063 4063 4062 4062 4062 4062 4062 4062
2210 1777285804 3550 3693 3665 379 3580 3624 3624 3592 4061 4061 4061 4061 4061 4061 4061 4061
2211 1777285804 3549 3693 3665 379 3579 3624 3624 3592 4059 4059 4059 4059 4059 4059 4059 4059
2212 1777285804 3549 3693 3665 379 3579 3623 3623 3591 4063 4063 4062 4062 4062 4062 4062 4062
2213 1777285804 3550 3694 3666 379 3580 3624 3624 3592 4063 4063 4062 4062 4062 4062 4062 4062
2214 1777285804 3548 3693 3665 379 3579 3623 3623 3591 4063 4062 4062 4062 4062 4062 4062 4062
2215 1777285804 3550 3694 3666 379 3579 3623 3623 3592 4061 4061 4061 4061 4061 4061 4061 4061
2216 1777285804 3549 3693 3665 379 3579 3623 3623 3591 4061 4061 4061 4061 4061 4061 4061 4061
2217 1777285804 3550 3694 3666 379 3579 3624 3624 3592 4063 4063 4062 4062 4062 4062 4062 4062
2218 1777285804 3548 3693 3665 379 3578 3622 3623 3591 4061 4061 4061 4061 4061 4061 4061 4061
2219 1777285804 3549 3694 3666 379 3581 3624 3624 3592 4063 4063 4062 4062 4062 4062 4062 4062
2220 1777285804 3550 3694 3666 379 3580 3623 3624 3592 4063 4063 4062 4062 4062 4062 4062 4062
2221 1777285804 3549 3694 3665 379 3580 3623 3624 3592 4061 4061 4061 4061 4061 4061 4061 4061
2222 1777285804 3549 3693 3666 379 3580 3623 3623 3591 4063 4063 4063 4063 4063 4063 4063 4063
2223 1777285804 3550 3694 3666 379 3580 3623 3624 3592 4063 4063 4062 4062 4062 4062 4062 4062
2224 1777285804 3550 3694 3666 378 3580 3624 3624 3592 4061 4061 4061 4061 4061 4061 4061 4061
2225 1777285804 3549 3694 3665 379 3579 3623 3623 3591 4061 4061 4061 4061 4061 4061 4061 4061
2226 1777285804 3550 3695 3667 379 3580 3624 3624 3592 4063 4063 4062 4062 4062 4062 4062 4062
2227 1777285804 3549 3694 3666 379 3580 3624 3624 3592 4063 4063 4062 4062 4062 4062 4062 4062
2228 1777285804 3549 3694 3665 379 3580 3623 3624 3592 4063 4063 4063 4063 4063 4063 4063 4063
2229 1777285804 3550 3694 3666 379 3580 3624 3624 3592 4061 4061 4061 4061 4061 4061 4061 4061
2230 1777285804 3549 3694 3666 379 3580 3623 3623 3591 4061 4061 4060 4060 4060 4060 4060 4060
2231 1777285804 3549 3694 3666 378 3580 3623 3624 3592 4063 4063 4062 4062 4062 4062 4062 4062
2232 1777285804 3549 3693 3665 379 3580 3624 3624 3592 4061 4061 4061 4061 4061 4061 4061 4061
2233 1777285804 3550 3694 3666 378 3579 3624 3624 3592 4063 4063 4063 4063 4063 4063 4063 4063
2234 1777285804 3550 3695 3667 379 3581 3624 3625 3592 4063 4063 4062 4062 4062 4062 4062 4062
2235 1777285804 3549 3693 3666 379 3579 3623 3624 3591 4061 4061 4061 4061 4061 4061 4061 4061
2236 1777285804 3550 3695 3666 379 3580 3624 3624 3592 4063 4063 4062 4062 4062 4062 4062 4062
2237 1777285804 3550 3694 3666 379 3580 3624 3624 3592 4061 4061 4061 4061 4061 4061 4061 4061
2238 1777285804 3550 3694 3666 379 3580 3624 3624 3592 4063 4063 4063 4063 4063 4063 4063 4063
2239 1777285804 3549 3693 3665 379 3579 3623 3623 3591 4063 4063 4062 4062 4062 4062 4062 4062
2240 1777285804 3550 3694 3666 379 3580 3624 3624 3592 4063 4063 4062 4062 4062 4062 4062 4062
2241 1777285804 3549 3694 3666 380 3579 3623 3624 3592 4063 4063 4062 4062 4062 4062 4062 4062
2242 1777285804 3550 3695 3667 379 3581 3624 3624 3592 4061 4061 4061 4061 4061 4061 4061 4061
2243 1777285804 3549 3694 3666 379 3580 3623 3624 3592 4063 4063 4063 4063 4063 4063 4063 4063
2244 1777285805 3549 3693 3666 379 3580 3624 3624 3592 4063 4063 4062 4062 4062 4062 4062 4062
2245 1777285805 3550 3695 3667 379 3581 3624 3625 3593 4061 4061 4061 4061 4061 4061 4061 4061
2246 1777285805 3550 3695 3667 379 3580 3624 3625 3593 4063 4063 4062 4062 4062 4062 4062 4062
2247 1777285805 3549 3694 3665 379 3580 3623 3624 3592 4063 4063 4062 4062 4062 4062 4062 4062
2248 1777285805 3549 3694 3666 379 3580 3623 3624 3592 4061 4061 4060 4060 4060 4060 4060 4060
2249 1777285805 3549 3694 3665 379 3579 3623 3623 3591 4063 4062 4062 4062 4062 4062 4062 4062
2250 1777285805 3549 3694 3666 379 3580 3624 3624 3592 4061 4061 4061 4061 4061 4061 4061 4061
2251 1777285805 3549 3694 3666 379 3581 3624 3624 3593 4063 4063 4063 4063 4063 4063 4063 4063
2252 1777285805 3549 3693 3665 379 3580 3623 3623 3591 4063 4063 4062 4062 4062 4062 4062 4062
2253 1777285805 3550 3694 3666 379 3580 3624 3624 3592 4063 4063 4063 4063 4063 4063 4063 4063
2254 1777285805 3549 3694 3665 379 3580 3623 3624 3592 4063 4063 4062 4062 4062 4062 4062 4062
2255 1777285805 3549 3694 3666 379 3580 3623 3624 3592 4063 4063 4062 4062 4062 4062 4062 4062
2256 1777285805 3550 3694 3666 379 3580 3623 3624 3592 4063 4063 4062 4062 4062 4062 4062 4062
2257 1777285805 3551 3696 3667 378 3581 3624 3624 3592 4061 4061 4061 4061 4061 4061 4061 4061
2258 1777285805 3549 3694 3666 379 3580 3623 3623 3591 4063 4063 4062 4062 4062 4062 4062 4062
2259 1777285805 3549 3694 3665 378 3580 3623 3624 3592 4063 4063 4062 4062 4062 4062 4062 4062
2260 1777285805 3550 3695 3667 379 3581 3625 3625 3592 4063 4063 4063 4063 4063 4063 4063 4063
2261 1777285805 3550 3694 3666 379 3580 3623 3624 3592 4061 4061 4060 4060 4060 4060 4060 4060
2262 1777285805 3550 3695 3667 379 3581 3624 3625 3593 4063 4062 4062 4062 4062 4062 4062 4062
2263 1777285805 3550 3694 3666 379 3580 3624 3624 3592 4063 4063 4062 4062 4062 4062 4062 4062
2264 1777285805 3550 3694 3666 381 3580 3624 3624 3592 4061 4061 4061 4061 4061 4061 4061 4061
2265 1777285805 3549 3694 3666 380 3579 3623 3623 3592 4063 4063 4063 4063 4063 4063 4063 4063
2266 1777285805 3549 3694 3665 379 3578 3623 3624 3592 4061 4061 4061 4061 4061 4061 4061 4061
2267 1777285805 3550 3694 3667 380 3580 3624 3625 3593 4061 4060 4060 4060 4060 4060 4060 4060
2268 1777285805 3549 3694 3666 379 3580 3623 3624 3592 4063 4061 4061 4061 4061 4061 4061 4061
2269 1777285805 3550 3694 3666 379 3580 3624 3624 3592 4063 4063 4063 4063 4063 4063 4063 4063
2270 1777285805 3550 3695 3667 379 3581 3625 3625 3593 4061 4061 4061 4061 4061 4061 4061 4061
2271 1777285805 3551 3695 3667 379 3581 3625 3626 3593 4061 4061 4061 4061 4061 4061 4061 4061
2272 1777285805 3549 3694 3666 379 3580 3624 3624 3592 4063 4063 4062 4062 4062 4062 4062 4062
2273 1777285805 3550 3694 3666 380 3581 3624 3624 3593 4063 4063 4063 4063 4063 4063 4063 4063
2274 1777285805 3549 3694 3666 379 3580 3623 3623 3591 4061 4061 4061 4061 4061 4061 4061 4061
2275 1777285805 3550 3694 3666 379 3580 3624 3624 3592 4063 4063 4063 4063 4063 4063 4063 4063
2276 1777285805 3549 3694 3666 379 3580 3624 3624 3592 4063 4063 4062 4062 4062 4062 4062 4062
2277 1777285805 3550 3694 3666 379 3580 3624 3624 3592 4063 4063 4063 4063 4063 4063 4063 4063
2278 1777285805 3549 3695 3666 379 3580 3624 3624 3592 4063 4063 4063 4063 4063 4063 4063 4063
2279 1777285805 3549 3694 3666 380 3580 3624 3624 3592 4061 4061 4061 4061 4061 4061 4061 4061
2280 1777285805 3549 3694 3665 379 3580 3623 3624 3593 4063 4063 4062 4062 4062 4062 4062 4062
2281 1777285805 3551 3695 3667 380 3581 3624 3625 3593 4061 4061 4061 4061 4061 4061 4061 4061
2282 1777285805 3550 3695 3666 379 3581 3624 3625 3592 4063 4063 4062 4062 4062 4062 4062 4062
2283 1777285805 3550 3694 3667 379 3581 3624 3625 3593 4063 4063 4063 4063 4063 4063 4063 4063
2284 1777285805 3550 3694 3666 379 3580 3623 3624 3592 4063 4063 4062 4062 4062 4062 4062 4062
2285 1777285805 3550 3694 3666 379 3579 3623 3624 3592 4063 4063 4062 4062 4062 4062 4062 4062
2286 1777285805 3551 3695 3667 379 3581 3625 3625 3593 4061 4061 4061 4061 4061 4061 4061 4061
2287 1777285805 3550 3695 3667 379 3581 3624 3624 3592 4063 4063 4063 4063 4063 4063 4063 4063
2288 1777285805 3550 3695 3667 379 3580 3624 3624 3592 4063 4063 4062 4062 4062 4062 4062 4062
2289 1777285805 3549 3694 3666 380 3581 3624 3625 3593 4061 4061 4061 4061 4061 4061 4061 4061
2290 1777285805 3550 3694 3666 380 3580 3623 3624 3593 4063 4063 4062 4062 4062 4062 4062 4062
2291 1777285805 3550 3695 3667 379 3581 3625 3625 3593 4063 4063 4063 4063 4063 4063 4063 4063
2292 1777285805 3550 3695 3667 379 3581 3625 3625 3593 4063 4063 4062 4062 4062 4062 4062 4062
2293 1777285805 3550 3695 3666 379 3580 3624 3624 3592 4063 4063 4062 4062 4062 4062 4062 4062
2294 1777285805 3550 3695 3667 379 3581 3625 3624 3593 4063 4063 4063 4063 4063 4063 4063 4063
2295 1777285805 3550 3694 3666 380 3581 3624 3625 3592 4063 4063 4062 4062 4062 4062 4062 4062
2296 1777285805 3550 3695 3667 379 3580 3624 3625 3593 4061 4061 4061 4061 4061 4061 4061 4061
2297 1777285805 3551 3695 3668 380 3581 3625 3625 3593 4063 4063 4062 4062 4062 4062 4062 4062
2298 1777285805 3550 3695 3667 379 3581 3624 3625 3592 4062 4063 4062 4062 4062 4062 4062 4062
2299 1777285805 3550 3695 3667 379 3581 3625 3625 3594 4063 4063 4062 4062 4062 4062 4062 4062
2300 1777285805 3549 3694 3666 379 3580 3623 3624 3592 4063 4063 4062 4062 4062 4062 4062 4062
2301 1777285805 3550 3694 3666 380 3580 3624 3624 3592 4063 4063 4062 4062 4062 4062 4062 4062
2302 1777285805 3550 3695 3667 379 3581 3625 3625 3593 4061 4061 4061 4061 4061 4061 4061 4061
2303 1777285805 3551 3696 3668 379 3581 3625 3626 3593 4061 4061 4061 4061 4061 4061 4061 4061
2304 1777285805 3550 3694 3666 379 3580 3624 3625 3592 4063 4063 4062 4062 4062 4062 4062 4062
2305 1777285805 3551 3695 3668 380 3581 3625 3625 3594 4063 4063 4062 4062 4062 4062 4062 4062
2306 1777285805 3550 3694 3667 379 3580 3624 3625 3593 4063 4063 4062 4062 4062 4062 4062 4062
2307 1777285805 3550 3694 3667 379 3581 3624 3624 3593 4063 4063 4062 4062 4062 4062 4062 4062
2308 1777285806 3550 3694 3666 379 3581 3625 3625 3592 4063 4063 4062 4062 4062 4062 4062 4062
2309 1777285806 3550 3695 3666 379 3580 3624 3624 3592 4063 4063 4063 4063 4063 4063 4063 4063
2310 1777285806 3549 3694 3667 379 3581 3624 3624 3593 4061 4061 4061 4061 4061 4061 4061 4061
2311 1777285806 3550 3695 3667 380 3581 3625 3626 3594 4061 4061 4061 4061 4061 4061 4061 4061
2312 1777285806 3550 3694 3667 381 3581 3625 3625 3593 4063 4063 4062 4062 4062 4062 4062 4062
2313 1777285806 3551 3696 3668 380 3582 3625 3626 3594 4063 4061 4061 4061 4061 4061 4061 4061
2314 1777285806 3549 3693 3666 379 3580 3623 3624 3592 4063 4063 4063 4063 4063 4063 4063 4063
2315 1777285806 3550 3694 3667 379 3581 3625 3625 3593 4063 4063 4062 4062 4062 4062 4062 4062
2316 1777285806 3549 3694 3666 379 3580 3624 3624 3592 4063 4063 4062 4062 4062 4062 4062 4062
2317 1777285806 3550 3694 3667 379 3581 3624 3625 3593 4063 4063 4062 4062 4062 4062 4062 4062
2318 1777285806 3551 3695 3668 379 3581 3625 3625 3594 4063 4063 4063 4063 4063 4063 4063 4063
2319 1777285806 3551 3696 3668 379 3582 3625 3626 3594 4061 4061 4061 4061 4061 4061 4061 4061
2320 1777285806 3550 3695 3667 379 3581 3624 3625 3593 4063 4063 4062 4062 4062 4062 4062 4062
2321 1777285806 3550 3694 3667 379 3581 3624 3625 3592 4063 4063 4063 4063 4063 4063 4063 4063
2322 1777285806 3550 3695 3667 380 3581 3624 3625 3593 4061 4061 4061 4061 4061 4061 4061 4061
2323 1777285806 3550 3694 3666 379 3581 3625 3625 3593 4063 4063 4062 4062 4062 4062 4062 4062
2324 1777285806 3551 3696 3667 380 3581 3625 3625 3594 4061 4061 4061 4061 4061 4061 4061 4061
2325 1777285806 3550 3695 3667 380 3581 3624 3624 3592 4063 4063 4063 4063 4063 4063 4063 4063
2326 1777285806 3550 3695 3668 379 3581 3625 3625 3593 4063 4063 4063 4063 4063 4063 4063 4063
2327 1777285806 3550 3694 3666 379 3581 3624 3625 3592 4063 4063 4063 4063 4063 4063 4063 4063
2328 1777285806 3550 3695 3667 381 3580 3625 3625 3593 4063 4063 4062 4062 4062 4062 4062 4062
2329 1777285806 3550 3696 3667 380 3581 3625 3625 3593 4061 4061 4061 4061 4061 4061 4061 4061
2330 1777285806 3549 3694 3666 379 3580 3624 3624 3593 4063 4063 4063 4063 4063 4063 4063 4063
2331 1777285806 3550 3695 3667 380 3581 3624 3625 3593 4061 4061 4060 4060 4060 4060 4060 4060
2332 1777285806 3550 3695 3667 379 3581 3625 3625 3593 4063 4063 4063 4063 4063 4063 4063 4063
2333 1777285806 3551 3695 3667 380 3581 3625 3625 3593 4063 4063 4062 4062 4062 4062 4062 4062
2334 1777285806 3550 3695 3666 379 3581 3624 3624 3592 4063 4063 4062 4062 4062 4062 4062 4062
2335 1777285806 3551 3695 3667 380 3581 3624 3624 3592 4063 4063 4062 4062 4062 4062 4062 4062
2336 1777285806 3550 3695 3667 379 3580 3624 3625 3593 4063 4063 4062 4062 4062 4062 4062 4062
2337 1777285806 3551 3695 3667 380 3581 3625 3625 3593 4063 4063 4062 4062 4062 4062 4062 4062
2338 1777285806 3551 3695 3666 379 3581 3625 3625 3593 4063 4063 4063 4063 4063 4063 4063 4063
2339 1777285806 3550 3694 3666 379 3581 3624 3625 3592 4061 4061 4061 4061 4061 4061 4061 4061
2340 1777285806 3549 3694 3666 380 3580 3624 3625 3593 4063 4063 4063 4063 4063 4063 4063 4063
2341 1777285806 3551 3696 3667 379 3581 3625 3625 3593 4063 4063 4062 4062 4062 4062 4062 4062
2342 1777285806 3550 3694 3666 379 3581 3624 3625 3592 4063 4063 4062 4062 4062 4062 4062 4062
2343 1777285806 3551 3695 3667 379 3581 3625 3626 3594 4063 4063 4062 4062 4062 4062 4062 4062
2344 1777285806 3550 3694 3665 380 3580 3624 3624 3592 4063 4063 4063 4063 4063 4063 4063 4063
2345 1777285806 3551 3695 3667 380 3581 3624 3625 3593 4061 4061 4061 4061 4061 4061 4061 4061
2346 1777285806 3550 3694 3667 379 3581 3624 3625 3593 4063 4063 4062 4062 4062 4062 4062 4062
2347 1777285806 3549 3694 3666 380 3581 3624 3624 3592 4063 4063 4062 4062 4062 4062 4062 4062
2348 1777285806 3551 3695 3668 380 3581 3625 3625 3593 4063 4063 4063 4063 4063 4063 4063 4063
2349 1777285806 3550 3695 3666 379 3581 3624 3624 3592 4063 4063 4062 4062 4062 4062 4062 4062
2350 1777285806 3551 3695 3667 379 3582 3626 3625 3594 4063 4063 4062 4062 4062 4062 4062 4062
2351 1777285806 3550 3695 3667 380 3581 3625 3625 3593 4063 4063 4062 4062 4062 4062 4062 4062
2352 1777285806 3550 3694 3666 380 3580 3624 3624 3593 4063 4063 4063 4063 4063 4063 4063 4063
2353 1777285806 3551 3696 3668 380 3581 3625 3625 3594 4063 4063 4062 4062 4062 4062 4062 4062
2354 1777285806 3550 3695 3667 380 3580 3625 3625 3593 4063 4063 4062 4062 4062 4062 4062 4062
2355 1777285806 3550 3695 3667 380 3581 3625 3625 3593 4063 4063 4063 4063 4063 4063 4063 4063
2356 1777285806 3550 3695 3667 380 3580 3624 3625 3593 4061 4061 4061 4061 4061 4061 4061 4061
2357 1777285806 3550 3695 3667 379 3581 3624 3624 3592 4061 4061 4061 4061 4061 4061 4061 4061
2358 1777285806 3550 3695 3667 380 3581 3625 3625 3593 4063 4063 4063 4063 4063 4063 4063 4063
2359 1777285806 3550 3694 3667 379 3581 3624 3624 3593 4061 4061 4061 4061 4061 4061 4061 4061
2360 1777285806 3551 3696 3668 381 3582 3625 3625 3593 4063 4063 4063 4063 4063 4063 4063 4063
2361 1777285806 3550 3695 3667 380 3581 3625 3625 3594 4063 4063 4062 4062 4062 4062 4062 4062
2362 1777285806 3550 3694 3667 380 3581 3625 3625 3593 4063 4063 4062 4062 4062 4062 4062 4062
2363 1777285806 3551 3695 3668 380 3581 3626 3626 3594 4063 4063 4062 4062 4062 4062 4062 4062
2364 1777285806 3551 3695 3667 380 3582 3625 3625 3593 4063 4063 4063 4063 4063 4063 4063 4063
2365 1777285806 3550 3695 3667 379 3581 3624 3624 3592 4063 4063 4062 4062 4062 4062 4062 4062
2366 1777285806 3550 3695 3667 380 3581 3625 3625 3594 4063 4063 4062 4062 4062 4062 4062 4062
2367 1777285806 3551 3696 3668 380 3581 3625 3626 3594 4061 4061 4061 4061 4061 4061 4061 4061
2368 1777285807 3551 3695 3668 380 3581 3625 3625 3593 4061 4061 4061 4061 4061 4061 4061 4061
2369 1777285807 3551 3696 3667 380 3581 3625 3625 3593 4063 4063 4062 4062 4062 4062 4062 4062
2370 1777285807 3551 3695 3667 380 3581 3625 3625 3593 4063 4063 4063 4063 4063 4063 4063 4063
2371 1777285807 3551 3696 3668 380 3581 3625 3625 3593 4063 4063 4062 4062 4062 4062 4062 4062
2372 1777285807 3551 3695 3667 380 3581 3625 3625 3593 4061 4061 4061 4061 4061 4061 4061 4061
2373 1777285807 3550 3695 3667 380 3581 3625 3625 3593 4061 4061 4061 4061 4061 4061 4061 4061
2374 1777285807 3551 3696 3668 379 3582 3626 3626 3594 4061 4061 4061 4061 4061 4061 4061 4061
2375 1777285807 3551 3696 3668 380 3581 3626 3626 3594 4063 4063 4063 4063 4063 4063 4063 4063
2376 1777285807 3551 3695 3667 381 3581 3625 3625 3593 4063 4062 4062 4062 4062 4062 4062 4062
2377 1777285807 3551 3695 3667 380 3581 3625 3625 3593 4059 4059 4059 4059 4059 4059 4059 4059
2378 1777285807 3550 3695 3667 380 3582 3625 3625 3593 4061 4061 4061 4061 4061 4061 4061 4061
2379 1777285807 3550 3694 3666 380 3581 3625 3625 3592 4063 4063 4062 4062 4062 4062 4062 4062
2380 1777285807 3551 3695 3667 380 3581 3625 3625 3593 4063 4063 4063 4063 4063 4063 4063 4063
2381 1777285807 3551 3695 3667 379 3581 3625 3625 3593 4063 4063 4062 4062 4062 4062 4062 4062
2382 1777285807 3550 3695 3666 380 3581 3624 3624 3593 4063 4063 4062 4062 4062 4062 4062 4062
2383 1777285807 3551 3695 3666 380 3581 3625 3625 3593 4061 4061 4061 4061 4061 4061 4061 4061
2384 1777285807 3552 3696 3668 380 3582 3625 3626 3594 4061 4061 4061 4061 4061 4061 4061 4061
2385 1777285807 3550 3695 3667 380 3581 3624 3624 3592 4063 4063 4062 4062 4062 4062 4062 4062
2386 1777285807 3552 3696 3669 379 3582 3625 3625 3594 4061 4061 4061 4061 4061 4061 4061 4061
2387 1777285807 3551 3695 3667 380 3581 3624 3625 3593 4063 4063 4062 4062 4062 4062 4062 4062
2388 1777285807 3551 3696 3667 379 3582 3625 3625 3593 4063 4063 4062 4062 4062 4062 4062 4062
2389 1777285807 3548 3693 3666 378 3579 3623 3623 3592 4063 4063 4062 4062 4062 4062 4062 4062
2390 1777285807 3549 3694 3666 378 3580 3623 3623 3592 4063 4063 4062 4062 4062 4062 4062 4062
2391 1777285807 3549 3694 3666 378 3580 3623 3624 3592 4061 4061 4061 4061 4061 4061 4061 4061
2392 1777285807 3549 3693 3665 378 3580 3623 3623 3591 4063 4062 4062 4062 4062 4062 4062 4062
2393 1777285807 3548 3692 3665 378 3579 3623 3623 3591 4063 4063 4063 4063 4063 4063 4063 4063
2394 1777285807 3549 3694 3666 379 3578 3623 3623 3591 4061 4061 4061 4061 4061 4061 4061 4061
2395 1777285807 3549 3693 3665 378 3577 3623 3623 3591 4063 4063 4062 4062 4062 4062 4062 4062
2396 1777285807 3549 3694 3666 378 3580 3624 3624 3592 4061 4061 4061 4061 4061 4061 4061 4061
2397 1777285807 3549 3693 3665 378 3580 3624 3624 3592 4063 4063 4062 4062 4062 4062 4062 4062
2398 1777285807 3549 3693 3665 379 3579 3623 3623 3592 4063 4063 4062 4062 4062 4062 4062 4062
2399 1777285807 3549 3694 3665 378 3580 3624 3624 3592 4063 4063 4062 4062 4062 4062 4062 4062
2400 1777285807 3549 3694 3666 378 3580 3623 3623 3591 4063 4063 4062 4062 4062 4062 4062 4062
2401 1777285807 3549 3694 3666 378 3580 3623 3624 3592 4063 4063 4062 4062 4062 4062 4062 4062
2402 1777285807 3549 3694 3665 378 3580 3623 3623 3591 4063 4063 4062 4062 4062 4062 4062 4062
2403 1777285807 3549 3693 3665 379 3579 3622 3623 3591 4061 4061 4061 4061 4061 4061 4061 4061
2404 1777285807 3549 3694 3666 379 3580 3624 3624 3593 4063 4063 4062 4062 4062 4062 4062 4062
2405 1777285807 3549 3694 3666 378 3580 3624 3624 3592 4063 4061 4061 4061 4061 4061 4061 4061
2406 1777285807 3548 3693 3665 379 3579 3623 3623 3591 4061 4061 4061 4061 4061 4061 4061 4061
2407 1777285807 3549 3694 3666 378 3580 3623 3623 3591 4063 4063 4062 4062 4062 4062 4062 4062
2408 1777285807 3549 3693 3665 378 3579 3622 3623 3591 4061 4061 4060 4060 4060 4060 4060 4060
2409 1777285807 3549 3693 3665 378 3579 3624 3624 3592 4061 4061 4061 4061 4061 4061 4061 4061
2410 1777285807 3549 3694 3666 379 3581 3624 3624 3592 4063 4063 4063 4063 4063 4063 4063 4063
2411 1777285807 3550 3694 3666 378 3581 3625 3625 3593 4061 4061 4061 4061 4061 4061 4061 4061
2412 1777285807 3549 3693 3665 378 3580 3623 3623 3591 4063 4063 4063 4063 4063 4063 4063 4063
2413 1777285807 3549 3694 3666 378 3580 3624 3624 3592 4063 4063 4062 4062 4062 4062 4062 4062
2414 1777285807 3549 3694 3666 379 3580 3624 3623 3592 4061 4061 4061 4061 4061 4061 4061 4061
2415 1777285807 3549 3693 3666 378 3579 3623 3624 3592 4063 4063 4062 4062 4062 4062 4062 4062
2416 1777285807 3549 3694 3666 378 3580 3624 3624 3591 4063 4063 4062 4062 4062 4062 4062 4062
2417 1777285807 3549 3693 3665 379 3579 3623 3623 3591 4061 4061 4061 4061 4061 4061 4061 4061
2418 1777285807 3550 3694 3666 378 3580 3624 3624 3592 4063 4062 4062 4062 4062 4062 4062 4062
2419 1777285807 3549 3694 3666 378 3580 3624 3624 3592 4063 4061 4061 4061 4061 4061 4061 4061
2420 1777285807 3549 3693 3665 379 3580 3623 3624 3591 4063 4063 4062 4062 4062 4062 4062 4062
2421 1777285807 3548 3693 3665 379 3579 3623 3623 3591 4063 4063 4063 4063 4063 4063 4063 4063
2422 1777285807 3550 3694 3666 378 3580 3624 3624 3592 4063 4063 4062 4062 4062 4062 4062 4062
2423 1777285807 3549 3694 3665 379 3580 3623 3624 3592 4063 4063 4062 4062 4062 4062 4062 4062
2424 1777285807 3549 3693 3666 379 3579 3623 3623 3592 4063 4063 4063 4063 4063 4063 4063 4063
2425 1777285807 3549 3693 3665 378 3579 3623 3623 3591 4063 4063 4062 4062 4062 4062 4062 4062
2426 1777285807 3549 3694 3666 379 3580 3624 3624 3592 4063 4063 4062 4062 4062 4062 4062 4062
2427 1777285807 3548 3693 3665 378 3579 3622 3622 3591 4061 4061 4061 4061 4061 4061 4061 4061
2428 1777285807 3549 3693 3665 379 3580 3624 3624 3592 4063 4063 4062 4062 4062 4062 4062 4062
2429 1777285807 3549 3693 3665 378 3579 3623 3623 3591 4063 4063 4062 4062 4062 4062 4062 4062
2430 1777285807 3549 3694 3666 379 3580 3623 3624 3592 4063 4063 4062 4062 4062 4062 4062 4062
2431 1777285807 3549 3694 3665 379 3579 3623 3623 3591 4061 4061 4061 4061 4061 4061 4061 4061
2432 1777285807 3549 3693 3666 379 3579 3623 3623 3592 4061 4061 4060 4060 4060 4060 4060 4060
2433 1777285807 3550 3694 3666 378 3581 3624 3624 3592 4061 4061 4061 4061 4061 4061 4061 4061
2434 1777285808 3549 3694 3666 379 3579 3622 3623 3591 4063 4063 4062 4062 4062 4062 4062 4062
2435 1777285808 3549 3693 3666 378 3579 3623 3624 3592 4063 4062 4062 4062 4062 4062 4062 4062
2436 1777285808 3549 3693 3665 379 3579 3624 3623 3592 4063 4061 4061 4061 4061 4061 4061 4061
2437 1777285808 3549 3694 3665 379 3580 3624 3624 3592 4063 4063 4063 4063 4063 4063 4063 4063
2438 1777285808 3549 3693 3665 379 3579 3623 3623 3591 4063 4063 4062 4062 4062 4062 4062 4062
2439 1777285808 3550 3694 3666 378 3580 3624 3625 3592 4063 4063 4063 4063 4063 4063 4063 4063
2440 1777285808 3549 3694 3666 378 3580 3624 3624 3593 4063 4063 4062 4062 4062 4062 4062 4062
2441 1777285808 3549 3693 3665 378 3579 3623 3624 3592 4063 4063 4062 4062 4062 4062 4062 4062
2442 1777285808 3549 3693 3666 379 3579 3623 3623 3591 4063 4063 4062 4062 4062 4062 4062 4062
2443 1777285808 3550 3694 3666 378 3581 3624 3624 3592 4061 4061 4061 4061 4061 4061 4061 4061
2444 1777285808 3549 3693 3665 379 3579 3623 3623 3591 4063 4063 4062 4062 4062 4062 4062 4062
2445 1777285808 3549 3694 3665 378 3579 3624 3624 3592 4063 4063 4062 4062 4062 4062 4062 4062
2446 1777285808 3549 3694 3666 379 3580 3623 3624 3591 4061 4061 4061 4061 4061 4061 4061 4061
2447 1777285808 3550 3694 3667 379 3581 3625 3625 3593 4063 4063 4062 4062 4062 4062 4062 4062
2448 1777285808 3549 3693 3666 379 3580 3624 3624 3592 4063 4062 4062 4062 4062 4062 4062 4062
2449 1777285808 3548 3692 3664 380 3579 3622 3623 3591 4063 4063 4063 4063 4063 4063 4063 4063
2450 1777285808 3550 3695 3667 379 3581 3625 3625 3593 4063 4063 4062 4062 4062 4062 4062 4062
2451 1777285808 3549 3693 3665 379 3580 3623 3624 3592 4063 4063 4063 4063 4063 4063 4063 4063
2452 1777285808 3550 3694 3666 378 3580 3624 3624 3592 4061 4061 4061 4061 4061 4061 4061 4061
2453 1777285808 3548 3693 3665 379 3579 3623 3623 3591 4061 4061 4061 4061 4061 4061 4061 4061
2454 1777285808 3550 3695 3666 378 3580 3624 3624 3592 4063 4063 4062 4062 4062 4062 4062 4062
2455 1777285808 3549 3694 3665 378 3579 3623 3624 3592 4063 4063 4063 4063 4063 4063 4063 4063
2456 1777285808 3548 3693 3665 379 3579 3623 3623 3591 4063 4063 4062 4062 4062 4062 4062 4062
2457 1777285808 3550 3694 3666 380 3579 3624 3624 3592 4059 4059 4059 4059 4059 4059 4059 4059
2458 1777285808 3549 3694 3666 379 3580 3624 3624 3592 4063 4063 4062 4062 4062 4062 4062 4062
2459 1777285808 3549 3694 3666 379 3581 3624 3624 3592 4063 4063 4063 4063 4063 4063 4063 4063
2460 1777285808 3550 3695 3666 379 3580 3624 3625 3593 4063 4063 4062 4062 4062 4062 4062 4062
2461 1777285808 3550 3694 3666 379 3580 3624 3625 3592 4063 4063 4062 4062 4062 4062 4062 4062
2462 1777285808 3550 3694 3666 379 3580 3623 3623 3591 4061 4061 4061 4061 4061 4061 4061 4061
2463 1777285808 3549 3694 3665 378 3580 3623 3624 3592 4063 4063 4062 4062 4062 4062 4062 4062
2464 1777285808 3550 3694 3666 378 3580 3624 3624 3592 4063 4063 4062 4062 4062 4062 4062 4062
2465 1777285808 3550 3694 3667 378 3580 3624 3624 3593 4063 4063 4062 4062 4062 4062 4062 4062
2466 1777285808 3550 3694 3666 379 3580 3624 3624 3593 4063 4063 4062 4062 4062 4062 4062 4062
2467 1777285808 3550 3694 3666 379 3580 3624 3624 3592 4063 4063 4063 4063 4063 4063 4063 4063
2468 1777285808 3550 3694 3666 379 3580 3624 3624 3592 4063 4063 4062 4062 4062 4062 4062 4062
2469 1777285808 3550 3695 3667 378 3581 3624 3624 3592 4063 4063 4062 4062 4062 4062 4062 4062
2470 1777285808 3550 3695 3666 379 3581 3624 3625 3592 4063 4063 4063 4063 4063 4063 4063 4063
2471 1777285808 3549 3694 3666 378 3580 3623 3624 3592 4061 4061 4061 4061 4061 4061 4061 4061
2472 1777285808 3549 3694 3666 379 3580 3623 3624 3592 4061 4061 4061 4061 4061 4061 4061 4061
2473 1777285808 3549 3693 3666 378 3579 3623 3624 3592 4063 4063 4062 4062 4062 4062 4062 4062
2474 1777285808 3550 3695 3667 379 3581 3624 3625 3593 4061 4061 4061 4061 4061 4061 4061 4061
2475 1777285808 3549 3694 3666 378 3580 3624 3624 3592 4063 4061 4061 4061 4061 4061 4061 4061
2476 1777285808 3550 3695 3666 379 3580 3624 3624 3592 4063 4063 4062 4062 4062 4062 4062 4062
2477 1777285808 3549 3694 3665 379 3580 3624 3624 3592 4063 4063 4062 4062 4062 4062 4062 4062
2478 1777285808 3549 3694 3666 379 3580 3624 3624 3592 4063 4063 4062 4062 4062 4062 4062 4062
2479 1777285808 3549 3694 3666 378 3579 3623 3623 3592 4063 4063 4062 4062 4062 4062 4062 4062
2480 1777285808 3549 3694 3665 379 3580 3623 3623 3592 4063 4063 4062 4062 4062 4062 4062 4062
2481 1777285808 3550 3694 3666 379 3581 3624 3624 3593 4063 4063 4063 4063 4063 4063 4063 4063
2482 1777285808 3549 3694 3666 379 3580 3623 3624 3592 4061 4061 4061 4061 4061 4061 4061 4061
2483 1777285808 3549 3693 3665 379 3580 3623 3623 3591 4063 4063 4062 4062 4062 4062 4062 4062
2484 1777285808 3549 3693 3665 379 3580 3623 3624 3591 4063 4062 4062 4062 4062 4062 4062 4062
2485 1777285808 3549 3694 3666 379 3580 3624 3624 3592 4063 4063 4062 4062 4062 4062 4062 4062
2486 1777285808 3550 3694 3666 379 3580 3624 3624 3592 4063 4063 4062 4062 4062 4062 4062 4062
2487 1777285808 3549 3694 3666 378 3580 3624 3624 3592 4063 4063 4062 4062 4062 4062 4062 4062
2488 1777285808 3549 3694 3665 379 3579 3623 3623 3591 4063 4063 4062 4062 4062 4062 4062 4062
2489 1777285808 3549 3694 3666 380 3579 3623 3624 3592 4063 4063 4062 4062 4062 4062 4062 4062
2490 1777285808 3549 3694 3666 379 3580 3624 3624 3593 4063 4063 4062 4062 4062 4062 4062 4062
2491 1777285808 3549 3694 3666 378 3580 3623 3624 3592 4063 4063 4062 4062 4062 4062 4062 4062
2492 1777285808 3549 3694 3666 379 3580 3624 3624 3592 4061 4061 4061 4061 4061 4061 4061 4061
2493 1777285808 3550 3694 3667 378 3581 3624 3625 3593 4061 4061 4061 4061 4061 4061 4061 4061
2494 1777285808 3550 3695 3667 379 3580 3624 3624 3592 4061 4061 4061 4061 4061 4061 4061 4061
2495 1777285808 3549 3694 3666 379 3580 3624 3624 3592 4061 4061 4061 4061 4061 4061 4061 4061
2496 1777285808 3549 3693 3665 379 3580 3623 3623 3591 4063 4063 4063 4063 4063 4063 4063 4063
2497 1777285808 3549 3694 3666 379 3580 3624 3624 3592 4063 4063 4063 4063 4063 4063 4063 4063
2498 1777285808 3550 3694 3666 379 3580 3624 3624 3593 4061 4061 4060 4060 4060 4060 4060 4060
2499 1777285808 3549 3694 3666 378 3580 3624 3624 3593 4063 4063 4062 4062 4062 4062 4062 4062
2500 1777285808 3549 3694 3666 378 3580 3624 3624 3592 4063 4063 4062 4062 4062 4062 4062 4062
2501 1777285808 3549 3694 3666 379 3580 3624 3624 3592 4061 4061 4061 4061 4061 4061 4061 4061
2502 1777285808 3550 3695 3666 379 3581 3624 3624 3592 4063 4063 4062 4062 4062 4062 4062 4062
2503 1777285808 3550 3694 3666 379 3580 3624 3624 3592 4063 4063 4063 4063 4063 4063 4063 4063
2504 1777285809 3549 3694 3666 379 3580 3624 3624 3592 4063 4063 4062 4062 4062 4062 4062 4062
2505 1777285809 3548 3693 3665 378 3579 3623 3623 3591 4063 4063 4063 4063 4063 4063 4063 4063
2506 1777285809 3550 3694 3666 379 3581 3624 3625 3593 4061 4061 4061 4061 4061 4061 4061 4061
2507 1777285809 3550 3695 3667 379 3581 3624 3624 3593 4061 4061 4061 4061 4061 4061 4061 4061
2508 1777285809 3549 3694 3666 379 3580 3624 3624 3592 4063 4062 4062 4062 4062 4062 4062 4062
2509 1777285809 3549 3694 3665 379 3579 3623 3624 3592 4063 4063 4062 4062 4062 4062 4062 4062
2510 1777285809 3550 3694 3667 379 3581 3624 3624 3592 4061 4061 4061 4061 4061 4061 4061 4061
2511 1777285809 3550 3694 3666 379 3581 3624 3625 3592 4063 4063 4063 4063 4063 4063 4063 4063
2512 1777285809 3549 3693 3666 379 3580 3624 3624 3592 4063 4063 4063 4063 4063 4063 4063 4063
2513 1777285809 3550 3695 3667 379 3581 3625 3625 3593 4063 4063 4062 4062 4062 4062 4062 4062
2514 1777285809 3549 3694 3666 379 3580 3624 3623 3592 4063 4063 4062 4062 4062 4062 4062 4062
2515 1777285809 3550 3694 3666 379 3581 3624 3624 3592 4063 4063 4063 4063 4063 4063 4063 4063
2516 1777285809 3549 3693 3665 379 3580 3623 3624 3592 4061 4061 4061 4061 4061 4061 4061 4061
2517 1777285809 3550 3695 3666 379 3581 3624 3624 3593 4063 4063 4062 4062 4062 4062 4062 4062
2518 1777285809 3549 3694 3665 380 3580 3624 3624 3592 4063 4063 4062 4062 4062 4062 4062 4062
2519 1777285809 3549 3694 3666 379 3580 3624 3624 3592 4063 4063 4062 4062 4062 4062 4062 4062
2520 1777285809 3549 3693 3666 381 3580 3623 3624 3592 4063 4062 4062 4062 4062 4062 4062 4062
2521 1777285809 3549 3693 3666 380 3579 3624 3624 3592 4061 4061 4061 4061 4061 4061 4061 4061
2522 1777285809 3550 3695 3667 379 3580 3624 3624 3592 4063 4063 4063 4063 4063 4063 4063 4063
2523 1777285809 3550 3695 3666 379 3580 3624 3624 3592 4063 4063 4062 4062 4062 4062 4062 4062
2524 1777285809 3551 3695 3667 379 3581 3624 3625 3593 4063 4063 4062 4062 4062 4062 4062 4062
2525 1777285809 3550 3695 3666 379 3580 3624 3624 3592 4063 4063 4062 4062 4062 4062 4062 4062
2526 1777285809 3550 3694 3666 379 3580 3623 3624 3592 4063 4063 4062 4062 4062 4062 4062 4062
2527 1777285809 3549 3694 3666 379 3581 3624 3624 3592 4063 4063 4062 4062 4062 4062 4062 4062
2528 1777285809 3550 3694 3666 379 3581 3624 3624 3592 4063 4063 4062 4062 4062 4062 4062 4062
2529 1777285809 3550 3694 3666 379 3580 3624 3624 3592 4063 4063 4062 4062 4062 4062 4062 4062
2530 1777285809 3549 3694 3666 380 3580 3624 3624 3592 4063 4063 4062 4062 4062 4062 4062 4062
2531 1777285809 3550 3695 3667 379 3581 3624 3624 3593 4063 4062 4062 4062 4062 4062 4062 4062
2532 1777285809 3550 3694 3665 379 3580 3623 3624 3592 4063 4062 4062 4062 4062 4062 4062 4062
2533 1777285809 3549 3694 3666 379 3580 3624 3624 3592 4063 4063 4063 4063 4063 4063 4063 4063
2534 1777285809 3549 3694 3666 379 3580 3624 3625 3593 4063 4063 4062 4062 4062 4062 4062 4062
2535 1777285809 3550 3694 3666 379 3580 3624 3624 3592 4061 4061 4061 4061 4061 4061 4061 4061
2536 1777285809 3549 3693 3665 379 3580 3624 3624 3592 4059 4059 4058 4058 4058 4058 4058 4058
2537 1777285809 3549 3694 3666 380 3579 3624 3623 3592 4065 4063 4063 4063 4063 4063 4063 4063
2538 1777285809 3550 3695 3667 379 3580 3624 3624 3592 4061 4061 4061 4061 4061 4061 4061 4061
2539 1777285809 3550 3694 3666 379 3581 3624 3624 3593 4063 4063 4062 4062 4062 4062 4062 4062
2540 1777285809 3550 3694 3666 379 3580 3625 3625 3593 4063 4063 4062 4062 4062 4062 4062 4062
2541 1777285809 3551 3695 3668 380 3581 3625 3625 3593 4063 4063 4062 4062 4062 4062 4062 4062
2542 1777285809 3551 3695 3667 379 3581 3624 3625 3593 4063 4063 4062 4062 4062 4062 4062 4062
2543 1777285809 3549 3693 3666 379 3580 3623 3624 3592 4063 4063 4063 4063 4063 4063 4063 4063
2544 1777285809 3550 3695 3666 379 3580 3624 3625 3593 4061 4061 4061 4061 4061 4061 4061 4061
2545 1777285809 3551 3695 3667 380 3581 3624 3624 3592 4063 4063 4063 4063 4063 4063 4063 4063
2546 1777285809 3549 3694 3666 379 3580 3623 3623 3592 4063 4063 4062 4062 4062 4062 4062 4062
2547 1777285809 3550 3694 3666 378 3581 3624 3624 3592 4063 4063 4062 4062 4062 4062 4062 4062
2548 1777285809 3551 3695 3667 379 3582 3625 3625 3593 4063 4063 4062 4062 4062 4062 4062 4062
2549 1777285809 3549 3694 3666 379 3580 3624 3624 3592 4063 4063 4062 4062 4062 4062 4062 4062
2550 1777285809 3550 3695 3667 379 3581 3624 3624 3593 4061 4061 4061 4061 4061 4061 4061 4061
2551 1777285809 3550 3695 3667 380 3581 3625 3625 3594 4063 4063 4063 4063 4063 4063 4063 4063
2552 1777285809 3550 3694 3667 379 3580 3624 3624 3592 4063 4063 4062 4062 4062 4062 4062 4062
2553 1777285809 3550 3695 3667 380 3579 3624 3624 3592 4063 4063 4063 4063 4063 4063 4063 4063
2554 1777285809 3551 3695 3668 380 3582 3625 3626 3594 4059 4059 4058 4058 4058 4058 4058 4058
2555 1777285809 3550 3694 3666 380 3580 3624 3624 3592 4063 4063 4062 4062 4062 4062 4062 4062
2556 1777285809 3551 3695 3667 379 3582 3625 3625 3593 4061 4061 4061 4061 4061 4061 4061 4061
2557 1777285809 3549 3694 3666 379 3581 3624 3624 3592 4063 4063 4063 4063 4063 4063 4063 4063
2558 1777285809 3550 3695 3667 379 3582 3625 3625 3594 4063 4063 4062 4062 4062 4062 4062 4062
2559 1777285809 3550 3695 3668 379 3581 3625 3625 3593 4063 4063 4062 4062 4062 4062 4062 4062
2560 1777285809 3550 3695 3667 379 3581 3625 3625 3593 4063 4063 4063 4063 4063 4063 4063 4063
2561 1777285809 3549 3694 3666 380 3580 3624 3624 3592 4063 4063 4062 4062 4062 4062 4062 4062
2562 1777285809 3551 3695 3667 380 3580 3624 3624 3593 4063 4063 4063 4063 4063 4063 4063 4063
2563 1777285809 3550 3694 3667 378 3580 3624 3624 3592 4061 4061 4061 4061 4061 4061 4061 4061
2564 1777285809 3551 3695 3668 380 3582 3625 3625 3593 4063 4063 4062 4062 4062 4062 4062 4062
2565 1777285809 3550 3695 3667 379 3580 3624 3624 3592 4063 4063 4062 4062 4062 4062 4062 4062
2566 1777285809 3550 3695 3667 379 3582 3626 3625 3593 4061 4061 4061 4061 4061 4061 4061 4061
2567 1777285809 3550 3694 3667 380 3581 3624 3625 3593 4063 4063 4062 4062 4062 4062 4062 4062
2568 1777285809 3551 3695 3667 380 3580 3625 3625 3593 4061 4061 4061 4061 4061 4061 4061 4061
2569 1777285809 3550 3694 3666 380 3581 3624 3625 3593 4063 4063 4063 4063 4063 4063 4063 4063
2570 1777285810 3550 3695 3667 379 3581 3625 3625 3593 4063 4063 4062 4062 4062 4062 4062 4062
2571 1777285810 3551 3695 3667 380 3581 3625 3625 3593 4061 4061 4061 4061 4061 4061 4061 4061
2572 1777285810 3551 3696 3668 379 3582 3625 3625 3594 4063 4063 4062 4062 4062 4062 4062 4062
2573 1777285810 3551 3694 3667 380 3581 3624 3625 3593 4063 4063 4062 4062 4062 4062 4062 4062
2574 1777285810 3550 3695 3667 379 3581 3624 3625 3593 4061 4061 4061 4061 4061 4061 4061 4061
2575 1777285810 3550 3695 3667 380 3581 3625 3625 3593 4063 4063 4062 4062 4062 4062 4062 4062
2576 1777285810 3550 3694 3667 379 3580 3625 3625 3593 4063 4063 4062 4062 4062 4062 4062 4062
2577 1777285810 3550 3694 3666 380 3581 3624 3624 3592 4061 4061 4061 4061 4061 4061 4061 4061
2578 1777285810 3551 3695 3667 380 3582 3625 3625 3593 4063 4063 4062 4062 4062 4062 4062 4062
2579 1777285810 3551 3696 3668 379 3581 3625 3626 3593 4063 4063 4062 4062 4062 4062 4062 4062
2580 1777285810 3551 3695 3667 379 3581 3624 3625 3593 4063 4063 4062 4062 4062 4062 4062 4062
2581 1777285810 3550 3694 3666 380 3581 3624 3624 3592 4063 4063 4063 4063 4063 4063 4063 4063
2582 1777285810 3551 3696 3667 379 3582 3625 3626 3593 4063 4063 4062 4062 4062 4062 4062 4062
2583 1777285810 3550 3694 3666 379 3580 3624 3624 3592 4063 4063 4062 4062 4062 4062 4062 4062
2584 1777285810 3550 3695 3667 381 3580 3625 3625 3593 4063 4063 4062 4062 4062 4062 4062 4062
2585 1777285810 3550 3695 3667 380 3581 3625 3625 3592 4061 4061 4061 4061 4061 4061 4061 4061
2586 1777285810 3551 3695 3667 380 3582 3625 3625 3593 4063 4062 4062 4062 4062 4062 4062 4062
2587 1777285810 3550 3694 3667 380 3581 3624 3624 3593 4063 4063 4063 4063 4063 4063 4063 4063
2588 1777285810 3550 3694 3666 380 3580 3624 3624 3593 4061 4061 4061 4061 4061 4061 4061 4061
2589 1777285810 3550 3694 3667 380 3580 3624 3624 3592 4061 4061 4061 4061 4061 4061 4061 4061
2590 1777285810 3550 3695 3667 379 3581 3625 3625 3593 4063 4063 4062 4062 4062 4062 4062 4062
2591 1777285810 3549 3694 3666 380 3580 3624 3624 3592 4063 4063 4062 4062 4062 4062 4062 4062
2592 1777285810 3550 3695 3667 379 3581 3625 3625 3593 4061 4061 4061 4061 4061 4061 4061 4061
2593 1777285810 3551 3696 3668 380 3581 3624 3625 3593 4063 4063 4062 4062 4062 4062 4062 4062
2594 1777285810 3550 3695 3667 380 3581 3624 3625 3593 4063 4063 4062 4062 4062 4062 4062 4062
2595 1777285810 3549 3694 3666 379 3581 3624 3624 3592 4063 4063 4062 4062 4062 4062 4062 4062
2596 1777285810 3551 3695 3668 379 3582 3625 3625 3593 4061 4061 4061 4061 4061 4061 4061 4061
2597 1777285810 3550 3694 3667 380 3581 3624 3625 3593 4063 4063 4062 4062 4062 4062 4062 4062
2598 1777285810 3550 3694 3666 380 3580 3624 3624 3592 4063 4063 4062 4062 4062 4062 4062 4062
2599 1777285810 3550 3695 3667 379 3580 3624 3624 3592 4061 4061 4061 4061 4061 4061 4061 4061
2600 1777285810 3550 3695 3667 380 3580 3625 3625 3593 4063 4063 4062 4062 4062 4062 4062 4062
2601 1777285810 3550 3694 3667 380 3581 3624 3624 3592 4061 4061 4061 4061 4061 4061 4061 4061
2602 1777285810 3550 3695 3667 380 3581 3625 3625 3593 4063 4063 4062 4062 4062 4062 4062 4062
2603 1777285810 3551 3695 3667 380 3581 3625 3625 3593 4063 4063 4062 4062 4062 4062 4062 4062
2604 1777285810 3551 3695 3668 379 3581 3625 3625 3593 4063 4062 4062 4062 4062 4062 4062 4062
2605 1777285810 3550 3694 3666 380 3581 3625 3625 3593 4063 4063 4063 4063 4063 4063 4063 4063
2606 1777285810 3550 3695 3667 380 3581 3624 3625 3593 4061 4061 4061 4061 4061 4061 4061 4061
2607 1777285810 3551 3695 3667 380 3581 3624 3624 3593 4061 4061 4061 4061 4061 4061 4061 4061
2608 1777285810 3550 3695 3667 380 3581 3624 3625 3592 4063 4062 4062 4062 4062 4062 4062 4062
2609 1777285810 3550 3694 3667 380 3581 3625 3625 3593 4063 4063 4062 4062 4062 4062 4062 4062
2610 1777285810 3549 3694 3667 379 3581 3624 3624 3592 4063 4062 4062 4062 4062 4062 4062 4062
2611 1777285810 3550 3694 3667 380 3581 3624 3624 3593 4063 4063 4062 4062 4062 4062 4062 4062
2612 1777285810 3550 3695 3667 380 3581 3624 3625 3593 4063 4063 4063 4063 4063 4063 4063 4063
2613 1777285810 3550 3693 3666 380 3581 3624 3625 3593 4061 4061 4061 4061 4061 4061 4061 4061
2614 1777285810 3551 3695 3667 380 3582 3625 3625 3593 4063 4063 4062 4062 4062 4062 4062 4062
2615 1777285810 3550 3694 3666 380 3581 3624 3624 3592 4061 4061 4061 4061 4061 4061 4061 4061
2616 1777285810 3551 3695 3667 379 3580 3625 3625 3593 4063 4063 4062 4062 4062 4062 4062 4062
2617 1777285810 3550 3695 3667 380 3581 3625 3625 3593 4063 4063 4062 4062 4062 4062 4062 4062
2618 1777285810 3550 3695 3667 380 3581 3624 3625 3592 4063 4063 4063 4063 4063 4063 4063 4063
2619 1777285810 3551 3695 3668 379 3582 3626 3626 3593 4063 4063 4062 4062 4062 4062 4062 4062
2620 1777285810 3550 3695 3667 380 3581 3625 3625 3593 4061 4061 4061 4061 4061 4061 4061 4061
2621 1777285810 3551 3696 3668 380 3582 3625 3625 3593 4063 4063 4062 4062 4062 4062 4062 4062
2622 1777285810 3550 3695 3667 379 3581 3624 3624 3592 4063 4063 4062 4062 4062 4062 4062 4062
2623 1777285810 3551 3696 3668 380 3581 3625 3626 3594 4061 4061 4061 4061 4061 4061 4061 4061
2624 1777285810 3551 3696 3667 379 3582 3626 3626 3593 4059 4059 4059 4059 4059 4059 4059 4059
2625 1777285810 3551 3695 3667 380 3581 3625 3625 3593 4063 4063 4062 4062 4062 4062 4062 4062
2626 1777285810 3551 3695 3667 380 3581 3625 3625 3593 4063 4063 4063 4063 4063 4063 4063 4063
2627 1777285810 3552 3696 3668 379 3583 3626 3626 3594 4063 4063 4063 4063 4063 4063 4063 4063
2628 1777285810 3550 3695 3667 380 3582 3625 3626 3593 4063 4063 4062 4062 4062 4062 4062 4062
2629 1777285810 3550 3695 3667 380 3581 3624 3625 3592 4063 4063 4062 4062 4062 4062 4062 4062
2630 1777285810 3550 3694 3666 379 3580 3624 3624 3592 4061 4061 4060 4060 4060 4060 4060 4060
2631 1777285810 3550 3695 3667 380 3581 3625 3625 3593 4061 4061 4061 4061 4061 4061 4061 4061
2632 1777285810 3550 3695 3666 381 3580 3624 3625 3592 4063 4063 4062 4062 4062 4062 4062 4062
2633 1777285810 3551 3695 3667 380 3581 3625 3625 3593 4063 4063 4062 4062 4062 4062 4062 4062
2634 1777285810 3551 3695 3668 380 3582 3626 3626 3594 4061 4061 4061 4061 4061 4061 4061 4061
2635 1777285810 3551 3695 3667 380 3581 3625 3625 3593 4063 4063 4063 4063 4063 4063 4063 4063
2636 1777285810 3551 3696 3668 380 3582 3625 3626 3594 4061 4061 4061 4061 4061 4061 4061 4061
2637 1777285810 3551 3696 3668 380 3582 3625 3625 3594 4063 4063 4062 4062 4062 4062 4062 4062
2638 1777285810 3550 3695 3666 380 3580 3624 3625 3593 4063 4063 4062 4062 4062 4062 4062 4062
2639 1777285810 3551 3696 3667 380 3581 3625 3626 3593 4063 4063 4062 4062 4062 4062 4062 4062
2640 1777285810 3551 3695 3667 380 3581 3625 3626 3593 4063 4062 4062 4062 4062 4062 4062 4062
2641 1777285811 3552 3696 3667 380 3581 3625 3626 3594 4061 4061 4061 4061 4061 4061 4061 4061
2642 1777285811 3550 3695 3667 380 3581 3625 3625 3593 4063 4063 4062 4062 4062 4062 4062 4062
2643 1777285811 3551 3696 3668 380 3581 3625 3625 3594 4061 4061 4061 4061 4061 4061 4061 4061
2644 1777285811 3552 3696 3668 381 3582 3626 3626 3594 4063 4063 4062 4062 4062 4062 4062 4062
2645 1777285811 3550 3694 3666 378 3581 3624 3625 3592 4061 4061 4061 4061 4061 4061 4061 4061
2646 1777285811 3549 3694 3666 378 3580 3624 3624 3592 4061 4061 4061 4061 4061 4061 4061 4061
2647 1777285811 3548 3693 3665 378 3579 3623 3623 3591 4063 4063 4062 4062 4062 4062 4062 4062
2648 1777285811 3549 3693 3665 379 3580 3623 3624 3592 4063 4063 4062 4062 4062 4062 4062 4062
2649 1777285811 3548 3693 3665 380 3579 3623 3623 3591 4063 4063 4062 4062 4062 4062 4062 4062
2650 1777285811 3549 3693 3666 379 3578 3623 3623 3591 4063 4063 4063 4063 4063 4063 4063 4063
2651 1777285811 3548 3693 3665 378 3579 3623 3623 3592 4061 4061 4061 4061 4061 4061 4061 4061
2652 1777285811 3549 3694 3666 378 3580 3624 3624 3591 4063 4063 4062 4062 4062 4062 4062 4062
2653 1777285811 3548 3693 3665 378 3579 3623 3623 3591 4063 4063 4062 4062 4062 4062 4062 4062
2654 1777285811 3549 3694 3665 378 3580 3624 3624 3592 4063 4063 4062 4062 4062 4062 4062 4062
2655 1777285811 3549 3694 3666 378 3580 3623 3623 3592 4063 4063 4063 4063 4063 4063 4063 4063
2656 1777285811 3549 3693 3665 379 3580 3623 3624 3591 4063 4063 4062 4062 4062 4062 4062 4062
2657 1777285811 3549 3693 3666 378 3579 3623 3623 3591 4063 4063 4062 4062 4062 4062 4062 4062
2658 1777285811 3550 3695 3667 378 3581 3625 3625 3593 4063 4063 4062 4062 4062 4062 4062 4062
2659 1777285811 3549 3694 3666 378 3580 3624 3624 3592 4061 4061 4061 4061 4061 4061 4061 4061
2660 1777285811 3550 3695 3666 378 3581 3624 3625 3593 4061 4061 4061 4061 4061 4061 4061 4061
2661 1777285811 3549 3693 3665 378 3579 3623 3623 3591 4063 4063 4062 4062 4062 4062 4062 4062
2662 1777285811 3549 3694 3666 379 3580 3623 3624 3592 4063 4063 4063 4063 4063 4063 4063 4063
2663 1777285811 3550 3694 3666 378 3580 3624 3624 3592 4061 4061 4061 4061 4061 4061 4061 4061
2664 1777285811 3550 3694 3666 378 3580 3623 3624 3592 4063 4063 4062 4062 4062 4062 4062 4062
2665 1777285811 3549 3694 3666 378 3579 3624 3624 3592 4061 4061 4061 4061 4061 4061 4061 4061
2666 1777285811 3548 3693 3665 379 3578 3623 3623 3591 4061 4061 4061 4061 4061 4061 4061 4061
2667 1777285811 3549 3693 3666 378 3580 3624 3624 3592 4063 4063 4063 4063 4063 4063 4063 4063
2668 1777285811 3549 3693 3665 378 3580 3623 3623 3591 4061 4061 4061 4061 4061 4061 4061 4061
2669 1777285811 3549 3694 3665 379 3580 3623 3624 3592 4063 4063 4063 4063 4063 4063 4063 4063
2670 1777285811 3549 3693 3665 378 3579 3624 3623 3592 4063 4063 4062 4062 4062 4062 4062 4062
2671 1777285811 3550 3694 3666 378 3581 3624 3625 3593 4063 4063 4062 4062 4062 4062 4062 4062
2672 1777285811 3549 3693 3665 379 3580 3623 3623 3591 4063 4063 4062 4062 4062 4062 4062 4062
2673 1777285811 3549 3694 3666 379 3579 3623 3624 3592 4063 4063 4063 4063 4063 4063 4063 4063
2674 1777285811 3549 3694 3666 379 3580 3624 3624 3592 4061 4061 4061 4061 4061 4061 4061 4061
2675 1777285811 3549 3693 3665 378 3580 3623 3623 3591 4063 4063 4062 4062 4062 4062 4062 4062
2676 1777285811 3549 3693 3665 379 3580 3623 3623 3591 4061 4061 4061 4061 4061 4061 4061 4061
2677 1777285811 3550 3695 3667 378 3581 3624 3624 3593 4063 4063 4063 4063 4063 4063 4063 4063
2678 1777285819 3548 3693 3664 378 3578 3622 3622 3591 4063 4063 4062 4062 4062 4062 4062 4062
2679 1777285819 3547 3691 3663 378 3578 3621 3622 3590 4063 4063 4062 4062 4062 4062 4062 4062
2680 1777285819 3548 3692 3664 378 3579 3622 3622 3591 4063 4063 4063 4063 4063 4063 4063 4063
2681 1777285819 3548 3693 3665 379 3578 3623 3623 3591 4061 4061 4061 4061 4061 4061 4061 4061
2682 1777285819 3550 3694 3666 378 3580 3624 3624 3592 4063 4063 4062 4062 4062 4062 4062 4062
2683 1777285819 3549 3693 3665 378 3580 3623 3624 3591 4063 4063 4062 4062 4062 4062 4062 4062
2684 1777285819 3548 3693 3665 378 3579 3622 3623 3591 4063 4063 4062 4062 4062 4062 4062 4062
2685 1777285819 3547 3692 3664 379 3578 3622 3622 3590 4061 4061 4061 4061 4061 4061 4061 4061
2686 1777285819 3549 3693 3665 379 3579 3623 3623 3591 4063 4063 4063 4063 4063 4063 4063 4063
2687 1777285819 3550 3694 3666 378 3580 3624 1414 3591 4063 4063 4062 4062 4062 4062 4062 4062
2688 1777285819 3549 3693 3665 378 3579 3623 3623 3591 4063 4063 4062 4062 4062 4062 4062 4062
2689 1777285819 3548 3693 3665 378 3580 3623 3623 3591 4063 4063 4062 4062 4062 4062 4062 4062
2690 1777285819 3549 3693 3666 379 3580 3623 3624 3592 4063 4063 4062 4062 4062 4062 4062 4062
2691 1777285819 3547 3691 3664 378 3578 3622 3622 3591 4061 4061 4061 4061 4061 4061 4061 4061
2692 1777285819 3549 3693 3665 379 3580 3623 3623 3591 4061 4061 4061 4061 4061 4061 4061 4061
2693 1777285819 3549 3693 3665 379 3579 3622 3623 3591 4063 4063 4062 4062 4062 4062 4062 4062
2694 1777285819 3549 3693 3665 378 3579 3623 3623 3591 4063 4063 4063 4063 4063 4063 4063 4063
2695 1777285819 3549 3694 3666 378 3580 3624 3624 3591 4063 4063 4062 4062 4062 4062 4062 4062
2696 1777285819 3547 3692 3664 379 3578 3622 3623 3590 4062 4062 4062 4062 4062 4062 4062 4062
2697 1777285819 3549 3694 3666 379 3580 3624 3624 3592 4063 4062 4062 4062 4062 4062 4062 4062
2698 1777285819 3549 3694 3666 378 3580 3623 3624 3592 4063 4063 4062 4062 4062 4062 4062 4062
2699 1777285819 3549 3693 3665 378 3579 3623 3623 3591 4061 4061 4061 4061 4061 4061 4061 4061
2700 1777285819 3547 3692 3664 379 3578 3621 3622 3590 4063 4063 4062 4062 4062 4062 4062 4062
2701 1777285819 3549 3694 3665 379 3580 3623 3624 3592 4061 4061 4061 4061 4061 4061 4061 4061
2702 1777285819 3550 3694 3666 378 3579 3623 3623 3591 4063 4063 4062 4062 4062 4062 4062 4062
2703 1777285819 3548 3692 3665 378 3579 3623 3623 3591 4063 4063 4063 4063 4063 4063 4063 4063
2704 1777285819 3549 3693 3666 379 3579 3623 3623 3591 4061 4061 4061 4061 4061 4061 4061 4061
2705 1777285819 3548 3692 3664 379 3578 3622 3622 3590 4061 4061 4061 4061 4061 4061 4061 4061
2706 1777285819 3549 3694 3666 378 3581 3624 3624 3592 4063 4063 4063 4063 4063 4063 4063 4063
2707 1777285819 3549 3694 3666 379 3580 3624 3624 3592 4063 4063 4062 4062 4062 4062 4062 4062
2708 1777285819 3548 3692 3664 378 3579 3622 3622 3590 4061 4061 4061 4061 4061 4061 4061 4061
2709 1777285819 3549 3693 3665 379 3579 3622 3623 3591 4063 4063 4062 4062 4062 4062 4062 4062
2710 1777285819 3549 3694 3666 378 3580 3623 3624 3592 4061 4061 4061 4061 4061 4061 4061 4061
2711 1777285819 3549 3694 3666 378 3580 3623 3623 3591 4063 4063 4063 4063 4063 4063 4063 4063
2712 1777285819 3549 3694 3665 380 3579 3623 3624 3592 4063 4063 4063 4063 4063 4063 4063 4063
2713 1777285819 3549 3693 3666 379 3580 3623 3624 3592 4063 4063 4062 4062 4062 4062 4062 4062
2714 1777285819 3549 3693 3666 378 3579 3623 3623 3592 4063 4063 4062 4062 4062 4062 4062 4062
2715 1777285820 3549 3693 3666 379 3580 3623 3624 3592 4061 4061 4061 4061 4061 4061 4061 4061
2716 1777285820 3549 3693 3665 378 3579 3623 3623 3592 4065 4063 4063 4063 4063 4063 4063 4063
2717 1777285820 3549 3693 3665 379 3579 3623 3622 3591 4063 4063 4062 4062 4062 4062 4062 4062
2718 1777285820 3549 3693 3665 379 3579 3623 3623 3591 4063 4063 4062 4062 4062 4062 4062 4062
2719 1777285820 3549 3694 3666 379 3580 3623 3624 3592 4063 4063 4062 4062 4062 4062 4062 4062
2720 1777285820 3549 3693 3666 378 3580 3624 3624 3592 4063 4062 4062 4062 4062 4062 4062 4062
2721 1777285820 3549 3694 3666 379 3580 3623 3624 3592 4061 4061 4061 4061 4061 4061 4061 4061
2722 1777285820 3549 3694 3666 379 3580 3624 3624 3592 4063 4062 4062 4062 4062 4062 4062 4062
2723 1777285820 3549 3694 3666 379 3580 3624 3624 3592 4061 4061 4061 4061 4061 4061 4061 4061
2724 1777285820 3548 3693 3665 378 3579 3623 3623 3591 4063 4063 4062 4062 4062 4062 4062 4062
2725 1777285820 3550 3695 3667 378 3580 3624 3624 3592 4063 4063 4062 4062 4062 4062 4062 4062
2726 1777285820 3549 3694 3666 379 3580 3623 3624 3591 4061 4061 4061 4061 4061 4061 4061 4061
2727 1777285820 3549 3694 3666 379 3580 3624 3624 3592 4063 4063 4062 4062 4062 4062 4062 4062
2728 1777285820 3550 3694 3666 379 3579 3623 3624 3592 4063 4063 4062 4062 4062 4062 4062 4062
2729 1777285820 3548 3693 3665 379 3578 3622 3623 3591 4061 4061 4061 4061 4061 4061 4061 4061
2730 1777285820 3550 3695 3667 379 3581 3625 3625 3592 4063 4063 4062 4062 4062 4062 4062 4062
2731 1777285820 3549 3694 3666 378 3580 3624 3624 3592 4063 4062 4062 4062 4062 4062 4062 4062
2732 1777285820 3550 3694 3666 379 3580 3624 3624 3592 4063 4063 4062 4062 4062 4062 4062 4062
2733 1777285820 3549 3693 3665 379 3580 3623 3624 3592 4063 4063 4062 4062 4062 4062 4062 4062
2734 1777285820 3550 3694 3666 378 3581 3624 3624 3592 4063 4063 4063 4063 4063 4063 4063 4063
2735 1777285820 3550 3694 3666 379 3580 3623 3624 3592 4061 4061 4061 4061 4061 4061 4061 4061
2736 1777285820 3550 3694 3666 379 3581 3624 3624 3592 4063 4063 4063 4063 4063 4063 4063 4063
2737 1777285820 3549 3693 3665 379 3578 3622 3623 3591 4061 4061 4060 4060 4060 4060 4060 4060
2738 1777285820 3549 3693 3665 379 3579 3623 3623 3592 4063 4063 4063 4063 4063 4063 4063 4063
2739 1777285820 3549 3694 3666 379 3580 3623 3623 3592 4063 4063 4062 4062 4062 4062 4062 4062
2740 1777285820 3550 3694 3666 379 3580 3624 3624 3592 4063 4061 4061 4061 4061 4061 4061 4061
2741 1777285820 3549 3694 3666 379 3580 3624 3624 3592 4061 4061 4061 4061 4061 4061 4061 4061
2742 1777285820 3549 3693 3665 379 3579 3623 3623 3591 4063 4063 4063 4063 4063 4063 4063 4063
2743 1777285820 3549 3693 3665 379 3579 3623 3623 3591 4063 4063 4062 4062 4062 4062 4062 4062
2744 1777285820 3548 3693 3665 379 3579 3623 3623 3591 4063 4063 4062 4062 4062 4062 4062 4062
2745 1777285820 3549 3693 3666 379 3580 3623 3624 3592 4063 4063 4062 4062 4062 4062 4062 4062
2746 1777285820 3549 3694 3666 378 3580 3624 3624 3592 4063 4063 4062 4062 4062 4062 4062 4062
2747 1777285820 3550 3695 3666 379 3580 3624 3624 3592 4061 4061 4061 4061 4061 4061 4061 4061
2748 1777285820 3550 3694 3666 380 3580 3624 3624 3592 4061 4061 4061 4061 4061 4061 4061 4061
2749 1777285820 3549 3694 3666 379 3580 3624 3624 3593 4063 4063 4062 4062 4062 4062 4062 4062
2750 1777285820 3549 3694 3665 379 3580 3623 3624 3592 4061 4061 4060 4060 4060 4060 4060 4060
2751 1777285820 3549 3694 3666 379 3580 3624 3624 3592 4061 4061 4061 4061 4061 4061 4061 4061
2752 1777285820 3549 3694 3666 380 3580 3624 3624 3592 4061 4061 4061 4061 4061 4061 4061 4061
2753 1777285820 3550 3695 3667 379 3580 3624 3624 3593 4063 4063 4062 4062 4062 4062 4062 4062
2754 1777285820 3549 3694 3666 378 3580 3624 3625 3592 4061 4061 4061 4061 4061 4061 4061 4061
2755 1777285820 3550 3694 3666 379 3580 3623 3624 3592 4063 4063 4062 4062 4062 4062 4062 4062
2756 1777285820 3550 3694 3666 379 3579 3623 3624 3592 4063 4063 4063 4063 4063 4063 4063 4063
2757 1777285820 3549 3693 3666 379 3580 3624 3624 3592 4063 4063 4062 4062 4062 4062 4062 4062
2758 1777285820 3550 3695 3666 379 3580 3624 3624 3593 4063 4063 4062 4062 4062 4062 4062 4062
2759 1777285820 3549 3694 3666 379 3580 3624 3624 3591 4063 4063 4063 4063 4063 4063 4063 4063
2760 1777285820 3550 3694 3666 380 3580 3624 3624 3592 4063 4062 4062 4062 4062 4062 4062 4062
2761 1777285820 3550 3695 3667 379 3581 3625 3625 3592 4063 4063 4062 4062 4062 4062 4062 4062
2762 1777285820 3549 3694 3666 379 3580 3623 3623 3591 4063 4063 4062 4062 4062 4062 4062 4062
2763 1777285820 3549 3694 3666 379 3580 3624 3624 3593 4063 4063 4062 4062 4062 4062 4062 4062
2764 1777285820 3549 3693 3665 379 3580 3623 3623 3592 4063 4063 4062 4062 4062 4062 4062 4062
2765 1777285820 3551 3695 3667 379 3581 3624 3625 3592 4063 4063 4062 4062 4062 4062 4062 4062
2766 1777285820 3549 3693 3665 379 3580 3623 3623 3591 4063 4063 4062 4062 4062 4062 4062 4062
2767 1777285820 3550 3694 3666 379 3580 3623 3624 3592 4063 4063 4062 4062 4062 4062 4062 4062
2768 1777285820 3550 3695 3667 379 3581 3624 3625 3593 4061 4061 4061 4061 4061 4061 4061 4061
2769 1777285820 3549 3694 3666 379 3580 3623 3624 3592 4061 4061 4061 4061 4061 4061 4061 4061
2770 1777285820 3549 3693 3665 379 3579 3623 3623 3592 4063 4063 4062 4062 4062 4062 4062 4062
2771 1777285820 3549 3694 3666 379 3580 3624 3624 3592 4063 4063 4062 4062 4062 4062 4062 4062
2772 1777285820 3549 3694 3666 379 3580 3624 3625 3592 4063 4063 4063 4063 4063 4063 4063 4063
2773 1777285820 3549 3694 3666 379 3580 3624 3624 3592 4063 4063 4062 4062 4062 4062 4062 4062
2774 1777285820 3549 3694 3665 382 3580 3623 3624 3592 4063 4063 4062 4062 4062 4062 4062 4062
2775 1777285820 3551 3695 3667 381 3580 3625 3625 3594 4063 4063 4063 4063 4063 4063 4063 4063
2776 1777285820 3551 3695 3667 380 3581 3625 3625 3593 4063 4063 4062 4062 4062 4062 4062 4062
2777 1777285820 3550 3694 3666 379 3581 3625 3625 3593 4063 4063 4062 4062 4062 4062 4062 4062
2778 1777285820 3550 3694 3666 379 3580 3623 3624 3592 4063 4063 4062 4062 4062 4062 4062 4062
2779 1777285820 3549 3693 3665 379 3580 3623 3623 3591 4063 4062 4062 4062 4062 4062 4062 4062
2780 1777285820 3550 3694 3666 380 3580 3624 3624 3592 4063 4063 4062 4062 4062 4062 4062 4062
2781 1777285820 3549 3693 3666 379 3580 3623 3624 3592 4062 4063 4062 4062 4062 4062 4062 4062
2782 1777285820 3550 3695 3667 379 3581 3625 3624 3592 4063 4063 4062 4062 4062 4062 4062 4062
2783 1777285820 3550 3695 3667 379 3581 3624 3625 3593 4063 4063 4062 4062 4062 4062 4062 4062
2784 1777285820 3549 3694 3665 380 3579 3623 3624 3592 4061 4061 4061 4061 4061 4061 4061 4061
2785 1777285820 3550 3695 3667 379 3581 3625 3625 3593 4061 4061 4061 4061 4061 4061 4061 4061
2786 1777285821 3549 3694 3666 379 3580 3624 3624 3592 4063 4063 4062 4062 4062 4062 4062 4062
2787 1777285821 3549 3694 3666 379 3580 3624 3624 3592 4059 4059 4059 4059 4059 4059 4059 4059
2788 1777285821 3549 3694 3666 379 3580 3624 3624 3592 4061 4061 4061 4061 4061 4061 4061 4061
2789 1777285821 3548 3693 3664 379 3579 3623 3623 3591 4061 4061 4061 4061 4061 4061 4061 4061
2790 1777285821 3549 3694 3666 379 3581 3624 3625 3593 4063 4063 4062 4062 4062 4062 4062 4062
2791 1777285821 3550 3694 3666 379 3580 3624 3624 3592 4061 4061 4061 4061 4061 4061 4061 4061
2792 1777285821 3551 3695 3668 379 3581 3625 3625 3593 4063 4063 4063 4063 4063 4063 4063 4063
2793 1777285821 3549 3694 3666 379 3580 3624 3624 3592 4063 4063 4062 4062 4062 4062 4062 4062
2794 1777285821 3549 3694 3666 379 3581 3624 3625 3593 4061 4061 4061 4061 4061 4061 4061 4061
2795 1777285821 3550 3695 3667 379 3580 3624 3624 3593 4063 4063 4062 4062 4062 4062 4062 4062
2796 1777285821 3550 3694 3666 379 3580 3624 3624 3592 4063 4063 4063 4063 4063 4063 4063 4063
2797 1777285821 3551 3695 3667 379 3581 3624 3624 3592 4063 4063 4062 4062 4062 4062 4062 4062
2798 1777285821 3550 3695 3666 379 3580 3624 3624 3592 4063 4063 4063 4063 4063 4063 4063 4063
2799 1777285821 3551 3696 3667 379 3581 3625 3626 3593 4063 4063 4062 4062 4062 4062 4062 4062
2800 1777285821 3550 3694 3666 380 3580 3624 3625 3592 4063 4063 4062 4062 4062 4062 4062 4062
2801 1777285821 3550 3694 3666 379 3580 3624 3625 3593 4063 4063 4062 4062 4062 4062 4062 4062
2802 1777285821 3550 3694 3666 379 3580 3624 3624 3592 4063 4063 4062 4062 4062 4062 4062 4062
2803 1777285821 3550 3695 3667 379 3581 3625 3625 3593 4061 4061 4061 4061 4061 4061 4061 4061
2804 1777285821 3550 3694 3667 379 3581 3624 3624 3592 4061 4061 4061 4061 4061 4061 4061 4061
2805 1777285821 3549 3693 3665 379 3580 3623 3624 3592 4063 4062 4062 4062 4062 4062 4062 4062
2806 1777285821 3551 3695 3667 380 3581 3625 3625 3593 4063 4063 4062 4062 4062 4062 4062 4062
2807 1777285821 3551 3695 3667 379 3580 3624 3624 3593 4063 4063 4062 4062 4062 4062 4062 4062
2808 1777285821 3550 3695 3667 380 3579 3624 3624 3592 4061 4061 4061 4061 4061 4061 4061 4061
2809 1777285821 3550 3695 3667 379 3581 3624 3624 3592 4061 4061 4061 4061 4061 4061 4061 4061
2810 1777285821 3550 3694 3667 379 3581 3624 3624 3592 4063 4063 4062 4062 4062 4062 4062 4062
2811 1777285821 3549 3693 3666 379 3580 3624 3624 3592 4061 4061 4061 4061 4061 4061 4061 4061
2812 1777285821 3550 3695 3667 379 3581 3624 3625 3593 4063 4063 4062 4062 4062 4062 4062 4062
2813 1777285821 3550 3695 3667 379 3581 3624 3625 3593 4061 4061 4061 4061 4061 4061 4061 4061
2814 1777285821 3550 3695 3667 379 3581 3624 3624 3592 4061 4061 4060 4060 4060 4060 4060 4060
2815 1777285821 3550 3694 3667 379 3580 3624 3624 3592 4062 4062 4062 4062 4062 4062 4062 4062
2816 1777285821 3550 3695 3667 380 3581 3624 3625 3593 4061 4061 4061 4061 4061 4061 4061 4061
2817 1777285821 3550 3695 3667 379 3581 3625 3625 3593 4063 4063 4062 4062 4062 4062 4062 4062
2818 1777285821 3549 3693 3666 380 3581 3624 3624 3592 4063 4063 4062 4062 4062 4062 4062 4062
2819 1777285821 3551 3696 3668 379 3582 3626 3626 3594 4063 4063 4062 4062 4062 4062 4062 4062
2820 1777285821 3551 3695 3667 380 3581 3625 3625 3593 4063 4063 4063 4063 4063 4063 4063 4063
2821 1777285821 3551 3695 3667 379 3581 3625 3626 3593 4063 4063 4062 4062 4062 4062 4062 4062
2822 1777285821 3550 3695 3667 380 3581 3624 3625 3593 4063 4063 4062 4062 4062 4062 4062 4062
2823 1777285821 3551 3695 3667 379 3580 3625 3625 3593 4063 4063 4062 4062 4062 4062 4062 4062
2824 1777285821 3550 3694 3666 380 3581 3624 3624 3593 4063 4063 4063 4063 4063 4063 4063 4063
2825 1777285821 3550 3695 3667 379 3581 3625 3625 3593 4063 4061 4061 4061 4061 4061 4061 4061
2826 1777285821 3550 3695 3667 379 3581 3624 3625 3593 4061 4061 4061 4061 4061 4061 4061 4061
2827 1777285821 3551 3695 3667 379 3581 3625 3625 3593 4063 4063 4062 4062 4062 4062 4062 4062
2828 1777285821 3551 3696 3668 379 3581 3624 3625 3593 4063 4062 4062 4062 4062 4062 4062 4062
2829 1777285821 3549 3694 3666 379 3579 3623 3624 3592 4061 4061 4061 4061 4061 4061 4061 4061
2830 1777285821 3550 3694 3667 380 3581 3625 3625 3593 4063 4063 4062 4062 4062 4062 4062 4062
2831 1777285821 3550 3694 3666 379 3580 3624 3624 3593 4061 4061 4061 4061 4061 4061 4061 4061
2832 1777285821 3551 3695 3667 380 3581 3625 3625 3593 4063 4063 4062 4062 4062 4062 4062 4062
2833 1777285821 3550 3695 3667 379 3581 3625 3625 3593 4061 4061 4060 4060 4060 4060 4060 4060
2834 1777285821 3551 3696 3668 379 3581 3625 3625 3593 4063 4063 4063 4063 4063 4063 4063 4063
2835 1777285821 3550 3695 3667 379 3581 3624 3625 3593 4061 4061 4061 4061 4061 4061 4061 4061
2836 1777285821 3549 3694 3666 379 3580 3624 3624 3593 4061 4061 4061 4061 4061 4061 4061 4061
2837 1777285821 3550 3695 3667 379 3581 3624 3624 3592 4063 4063 4062 4062 4062 4062 4062 4062
2838 1777285821 3550 3695 3667 379 3581 3625 3625 3594 4061 4061 4061 4061 4061 4061 4061 4061
2839 1777285821 3550 3694 3667 381 3580 3625 3625 3593 4063 4063 4062 4062 4062 4062 4062 4062
2840 1777285821 3550 3694 3666 380 3579 3624 3624 3592 4063 4063 4062 4062 4062 4062 4062 4062
2841 1777285821 3550 3694 3667 379 3580 3623 3624 3592 4061 4061 4061 4061 4061 4061 4061 4061
2842 1777285821 3550 3695 3667 379 3581 3625 3625 3593 4063 4063 4063 4063 4063 4063 4063 4063
2843 1777285821 3550 3696 3668 380 3582 3625 3626 3593 4062 4063 4062 4062 4062 4062 4062 4062
2844 1777285821 3550 3695 3667 380 3581 3625 3626 3593 4063 4063 4063 4063 4063 4063 4063 4063
2845 1777285821 3551 3695 3668 379 351 3622 3625 3593 4063 4063 4062 4062 4062 4062 4062 4062
2846 1777285821 3550 3695 3666 380 3581 3624 3624 3592 4063 4063 4063 4063 4063 4063 4063 4063
2847 1777285821 3550 3695 3667 380 3581 3625 3625 3593 4063 4062 4062 4062 4062 4062 4062 4062
2848 1777285821 3551 3695 3667 380 3581 3625 3625 3593 4063 4063 4062 4062 4062 4062 4062 4062
2849 1777285821 3550 3695 3667 380 3581 3624 3625 3593 4061 4061 4061 4061 4061 4061 4061 4061
2850 1777285822 3551 3695 3668 379 3581 3625 3625 3594 4063 4063 4062 4062 4062 4062 4062 4062
2851 1777285822 3549 3694 3666 379 3580 3623 3624 3592 4063 4063 4062 4062 4062 4062 4062 4062
2852 1777285822 3550 3696 3667 380 3581 3625 3625 3594 4061 4061 4061 4061 4061 4061 4061 4061
2853 1777285822 3552 3696 3668 379 3582 3626 3626 3594 4063 4063 4063 4063 4063 4063 4063 4063
2854 1777285822 3550 3695 3667 380 3581 3625 3625 3593 4063 4063 4063 4063 4063 4063 4063 4063
2855 1777285822 3550 3695 3667 379 3580 3625 3625 3593 4061 4061 4061 4061 4061 4061 4061 4061
2856 1777285822 3551 3695 3667 380 3581 3624 3625 3593 4063 4063 4063 4063 4063 4063 4063 4063
2857 1777285822 3550 3695 3667 379 3581 3625 3626 3593 4061 4061 4061 4061 4061 4061 4061 4061
2858 1777285822 3550 3695 3667 379 3581 3625 3624 3593 4061 4061 4061 4061 4061 4061 4061 4061
2859 1777285822 3550 3695 3667 379 3580 3625 3624 3592 4061 4061 4061 4061 4061 4061 4061 4061
2860 1777285822 3550 3695 3667 380 3581 3625 3625 3594 4061 4061 4060 4060 4060 4060 4060 4060
2861 1777285822 3550 3694 3666 379 3580 3624 3624 3592 4063 4063 4062 4062 4062 4062 4062 4062
2862 1777285822 3550 3694 3666 380 3580 3624 3624 3592 4061 4061 4061 4061 4061 4061 4061 4061
2863 1777285822 3551 3696 3667 379 3582 3625 3625 3593 4063 4063 4062 4062 4062 4062 4062 4062
2864 1777285822 3550 3695 3666 380 3581 3625 3625 3593 4063 4063 4062 4062 4062 4062 4062 4062
2865 1777285822 3550 3694 3667 380 3581 3624 3625 3593 4063 4063 4062 4062 4062 4062 4062 4062
2866 1777285822 3550 3695 3667 380 3581 3625 3625 3593 4063 4063 4063 4063 4063 4063 4063 4063
2867 1777285822 3550 3694 3667 380 3581 3625 3625 3593 4059 4059 4059 4059 4059 4059 4059 4059
2868 1777285822 3550 3694 3667 380 3581 3624 3625 3592 4063 4063 4062 4062 4062 4062 4062 4062
2869 1777285822 3550 3694 3666 379 3581 3624 3624 3592 4061 4061 4061 4061 4061 4061 4061 4061
2870 1777285822 3550 3695 3667 380 3581 3625 3625 3593 4061 4061 4060 4060 4060 4060 4060 4060
2871 1777285822 3550 3695 3667 380 3580 3625 3626 3593 4061 4061 4061 4061 4061 4061 4061 4061
2872 1777285822 3550 3695 3667 380 3581 3625 3625 3593 4061 4061 4061 4061 4061 4061 4061 4061
2873 1777285822 3551 3696 3667 380 3582 3625 3626 3594 4063 4063 4063 4063 4063 4063 4063 4063
2874 1777285822 3550 3695 3667 379 3581 3625 3625 3593 4063 4063 4063 4063 4063 4063 4063 4063
2875 1777285822 3551 3695 3668 380 3582 3625 3626 3593 4061 4061 4060 4060 4060 4060 4060 4060
2876 1777285822 3549 3694 3666 380 3581 3625 3625 3593 4061 4061 4061 4061 4061 4061 4061 4061
2877 1777285822 3550 3694 3666 380 3580 3624 3624 3592 4063 4063 4063 4063 4063 4063 4063 4063
2878 1777285822 3550 3694 3667 380 3581 3625 3625 3593 4063 4063 4062 4062 4062 4062 4062 4062
2879 1777285822 3550 3695 3667 380 3580 3625 3625 3593 4061 4061 4061 4061 4061 4061 4061 4061
2880 1777285822 3550 3695 3666 380 3581 3624 3625 3593 4061 4061 4061 4061 4061 4061 4061 4061
2881 1777285822 3550 3695 3667 380 3581 3625 3625 3593 4063 4063 4063 4063 4063 4063 4063 4063
2882 1777285822 3550 3695 3667 379 3581 3625 3625 3593 4063 4063 4062 4062 4062 4062 4062 4062
2883 1777285822 3551 3695 3667 380 3581 3625 3626 3593 4063 4063 4062 4062 4062 4062 4062 4062
2884 1777285822 3550 3695 3667 380 3581 3624 3624 3593 4063 4063 4062 4062 4062 4062 4062 4062
2885 1777285822 3551 3695 3667 380 3581 3625 3625 3593 4063 4063 4062 4062 4062 4062 4062 4062
2886 1777285822 3560 3705 3677 380 3591 3634 3634 3602 4063 4063 4063 4063 4063 4063 4063 4063
2887 1777285822 3551 3695 3667 380 3581 3625 3625 3592 4063 4063 4062 4062 4062 4062 4062 4062
2888 1777285822 3551 3695 3668 380 3581 3625 3625 3594 4063 4063 4062 4062 4062 4062 4062 4062
2889 1777285822 3550 3695 3667 379 3582 3625 3626 3594 4063 4063 4062 4062 4062 4062 4062 4062
2890 1777285822 3551 3695 3667 380 3581 3625 3625 3594 4063 4063 4062 4062 4062 4062 4062 4062
2891 1777285822 3551 3695 3667 380 3580 3624 3625 3593 4063 4063 4062 4062 4062 4062 4062 4062
2892 1777285822 3550 3695 3666 380 3580 3625 3624 3593 4061 4061 4061 4061 4061 4061 4061 4061
2893 1777285822 3552 3696 3668 380 3582 3626 3626 3594 4061 4061 4061 4061 4061 4061 4061 4061
2894 1777285822 3551 3696 3668 380 3581 3626 3626 3594 4063 4063 4062 4062 4062 4062 4062 4062
2895 1777285822 3549 3694 3666 380 3580 3624 3624 3592 4063 4063 4063 4063 4063 4063 4063 4063
2896 1777285822 3551 3695 3667 380 3581 3625 3625 3593 4061 4061 4061 4061 4061 4061 4061 4061
2897 1777285822 3551 3695 3667 380 3582 3625 3625 3594 4063 4063 4063 4063 4063 4063 4063 4063
2898 1777285822 3551 3695 3667 380 3581 3625 3625 3593 4063 4063 4062 4062 4062 4062 4062 4062
2899 1777285822 3550 3694 3667 380 3580 3624 3624 3593 4063 4063 4063 4063 4063 4063 4063 4063
2900 1777285822 3548 3693 3665 378 3579 3623 3623 3591 4063 4063 4062 4062 4062 4062 4062 4062
2901 1777285822 3549 3694 3666 378 3580 3623 3624 3591 4063 4063 4062 4062 4062 4062 4062 4062
2902 1777285822 3550 3694 3666 378 3580 3624 3624 3592 4061 4061 4061 4061 4061 4061 4061 4061
2903 1777285822 3549 3693 3665 379 3580 3623 3623 3592 4061 4061 4061 4061 4061 4061 4061 4061
2904 1777285822 3549 3693 3665 380 3579 3623 3623 3591 4063 4063 4062 4062 4062 4062 4062 4062
2905 1777285822 3549 3693 3665 379 3578 3623 3623 3591 4063 4063 4062 4062 4062 4062 4062 4062
2906 1777285822 3549 3694 3666 378 3579 3623 3623 3591 4063 4063 4062 4062 4062 4062 4062 4062
2907 1777285822 3549 3694 3665 378 3580 3623 3623 3591 4063 4063 4062 4062 4062 4062 4062 4062
2908 1777285822 3549 3694 3666 378 3580 3624 3624 3592 4063 4063 4063 4063 4063 4063 4063 4063
2909 1777285822 3548 3693 3665 378 3579 3623 3623 3591 4063 4063 4062 4062 4062 4062 4062 4062
2910 1777285822 3549 3694 3666 378 3580 3623 3623 3591 4061 4061 4061 4061 4061 4061 4061 4061
2911 1777285822 3548 3693 3665 378 3580 3623 3623 3592 4063 4063 4062 4062 4062 4062 4062 4062
2912 1777285822 3549 3694 3666 378 3580 3624 3624 3592 4063 4063 4062 4062 4062 4062 4062 4062
2913 1777285822 3549 3694 3666 378 3580 3623 3623 3591 4063 4063 4062 4062 4062 4062 4062 4062
2914 1777285823 3549 3693 3666 378 3580 3623 3623 3591 4063 4063 4062 4062 4062 4062 4062 4062
2915 1777285823 3548 3693 3665 378 3579 3622 3623 3591 4061 4061 4061 4061 4061 4061 4061 4061
2916 1777285823 3549 3694 3666 378 3580 3623 3624 3592 4063 4063 4063 4063 4063 4063 4063 4063
2917 1777285823 3549 3693 3665 379 3580 3623 3623 3591 4063 4063 4063 4063 4063 4063 4063 4063
2918 1777285823 3549 3693 3665 378 3579 3622 3623 3591 4063 4063 4062 4062 4062 4062 4062 4062
2919 1777285823 3549 3693 3665 379 3579 3623 3623 3591 4063 4063 4063 4063 4063 4063 4063 4063
2920 1777285823 3549 3693 3666 379 3579 3624 3624 3592 4063 4063 4062 4062 4062 4062 4062 4062
2921 1777285823 3548 3693 3665 379 3579 3623 3623 3591 4063 4062 4062 4062 4062 4062 4062 4062
2922 1777285823 3549 3694 3666 378 3581 3624 3625 3592 4063 4063 4062 4062 4062 4062 4062 4062
2923 1777285823 3550 3694 3666 378 3580 3624 3624 3592 4061 4061 4061 4061 4061 4061 4061 4061
2924 1777285823 3550 3694 3666 378 3581 3624 3624 3592 4061 4061 4061 4061 4061 4061 4061 4061
2925 1777285823 3550 3694 3666 378 3580 3624 3624 3592 4061 4061 4061 4061 4061 4061 4061 4061
2926 1777285823 3549 3693 3665 378 3580 3623 3623 3591 4065 4063 4063 4063 4063 4063 4063 4063
2927 1777285823 3549 3694 3665 378 3580 3623 3623 3591 4063 4062 4062 4062 4062 4062 4062 4062
2928 1777285823 3550 3695 3667 378 3581 3624 3625 3593 4063 4063 4062 4062 4062 4062 4062 4062
2929 1777285823 3549 3694 3666 379 3580 3623 3623 3592 4063 4063 4062 4062 4062 4062 4062 4062
2930 1777285823 3550 3694 3666 378 3580 3624 3624 3592 4061 4061 4061 4061 4061 4061 4061 4061
2931 1777285823 3550 3694 3666 378 3580 3624 3624 3592 4063 4063 4062 4062 4062 4062 4062 4062
2932 1777285823 3548 3693 3665 378 3580 3624 3624 3592 4063 4063 4063 4063 4063 4063 4063 4063
2933 1777285831 3548 3693 3664 378 3579 3622 3622 3590 4063 4063 4062 4062 4062 4062 4062 4062
2934 1777285831 3549 3693 3665 379 3580 3623 3623 3591 4063 4063 4062 4062 4062 4062 4062 4062
2935 1777285831 3548 3692 3665 378 3579 3622 3622 3590 4063 4063 4063 4063 4063 4063 4063 4063
2936 1777285831 3548 3693 3665 379 3578 3623 3623 3591 4063 4063 4062 4062 4062 4062 4062 4062
2937 1777285831 3548 3693 3665 378 3579 3623 3623 3591 4063 4063 4062 4062 4062 4062 4062 4062
2938 1777285831 3549 3693 3665 378 3580 3623 3623 3592 4061 4061 4061 4061 4061 4061 4061 4061
2939 1777285831 3548 3692 3665 379 3578 3622 3622 3591 4063 4063 4062 4062 4062 4062 4062 4062
2940 1777285831 3548 3692 3664 379 3578 3622 3623 3591 4063 4063 4062 4062 4062 4062 4062 4062
2941 1777285831 3549 3693 3666 378 3580 3624 3624 3591 4061 4061 4061 4061 4061 4061 4061 4061
2942 1777285831 3549 3693 3665 379 3579 3623 3623 3592 4063 4062 4062 4062 4062 4062 4062 4062
2943 1777285831 3549 3693 3665 378 3579 3623 3623 3591 4061 4061 4061 4061 4061 4061 4061 4061
2944 1777285831 3549 3693 3665 378 3578 3623 3623 3591 4063 4063 4062 4062 4062 4062 4062 4062
2945 1777285831 3548 3693 3665 378 3579 3622 3623 3591 4063 4063 4062 4062 4062 4062 4062 4062
2946 1777285831 3548 3693 3665 378 3579 3623 3623 3591 4063 4063 4062 4062 4062 4062 4062 4062
2947 1777285831 3550 3694 3666 379 3580 3624 3624 3592 4063 4063 4062 4062 4062 4062 4062 4062
2948 1777285831 3549 3694 3665 378 3580 3623 3623 3591 4063 4063 4063 4063 4063 4063 4063 4063
2949 1777285831 3549 3694 3666 379 3580 3624 3624 3592 4061 4061 4061 4061 4061 4061 4061 4061
2950 1777285831 3549 3693 3665 378 3580 3623 3623 3591 4063 4063 4063 4063 4063 4063 4063 4063
2951 1777285831 3548 3693 3665 379 3579 3623 3623 3591 4063 4063 4062 4062 4062 4062 4062 4062
2952 1777285831 3549 3694 3665 379 3579 3623 3624 3591 4063 4063 4062 4062 4062 4062 4062 4062
2953 1777285831 3548 3694 3665 378 3580 3623 3623 3591 4061 4061 4061 4061 4061 4061 4061 4061
2954 1777285831 3549 3693 3666 379 3580 3623 3623 3592 4061 4061 4061 4061 4061 4061 4061 4061
2955 1777285831 3549 3693 3665 379 3579 3623 3624 3591 4063 4063 4063 4063 4063 4063 4063 4063
2956 1777285831 3549 3693 3665 378 3579 3623 3623 3591 4063 4063 4062 4062 4062 4062 4062 4062
2957 1777285831 3549 3694 3666 378 3580 3623 3624 3591 4059 4059 4059 4059 4059 4059 4059 4059
2958 1777285831 3548 3693 3665 378 3579 3623 3623 3591 4063 4063 4062 4062 4062 4062 4062 4062
2959 1777285831 3548 3693 3665 379 3579 3623 3623 3591 4061 4061 4061 4061 4061 4061 4061 4061
2960 1777285831 3548 3693 3665 379 3578 3622 3622 3590 4063 4061 4061 4061 4061 4061 4061 4061
2961 1777285831 3550 3694 3666 378 3580 3624 3624 3592 4063 4063 4062 4062 4062 4062 4062 4062
2962 1777285831 3549 3693 3665 379 3579 3622 3623 3591 4063 4063 4062 4062 4062 4062 4062 4062
2963 1777285831 3549 3693 3665 379 3579 3623 3623 3592 4063 4063 4063 4063 4063 4063 4063 4063
2964 1777285831 3548 3693 3665 379 3579 3623 3623 3591 4061 4061 4061 4061 4061 4061 4061 4061
2965 1777285831 3549 3694 3666 379 3581 3623 3624 3592 4063 4061 4061 4061 4061 4061 4061 4061
2966 1777285831 3549 3693 3665 379 3579 3623 3623 3591 4063 4063 4062 4062 4062 4062 4062 4062
2967 1777285831 3548 3693 3665 380 3579 3623 3623 3591 4063 4063 4062 4062 4062 4062 4062 4062
2968 1777285831 3549 3693 3665 379 3578 3624 3624 3592 4063 4063 4062 4062 4062 4062 4062 4062
2969 1777285831 3549 3693 3665 379 3579 3623 3623 3592 4063 4063 4062 4062 4062 4062 4062 4062
2970 1777285831 3549 3693 3666 379 3580 3623 3623 3592 4061 4061 4061 4061 4061 4061 4061 4061
2971 1777285831 3549 3693 3665 378 3580 3623 3624 3591 4063 4063 4062 4062 4062 4062 4062 4062
2972 1777285831 3549 3693 3666 379 3580 3623 3624 3592 4063 4063 4062 4062 4062 4062 4062 4062
2973 1777285831 3549 3694 3666 378 3580 3623 3623 3592 4061 4061 4061 4061 4061 4061 4061 4061
2974 1777285831 3550 3694 3666 379 3580 3623 3624 3592 4061 4061 4061 4061 4061 4061 4061 4061
2975 1777285831 3548 3693 3665 379 3579 3623 3623 3591 4063 4063 4062 4062 4062 4062 4062 4062
2976 1777285831 3548 3693 3665 379 3579 3622 3622 3591 4063 4063 4063 4063 4063 4063 4063 4063
2977 1777285831 3549 3694 3666 379 3580 3624 3624 3591 4063 4063 4062 4062 4062 4062 4062 4062
2978 1777285831 3549 3693 3665 378 3579 3623 3623 3591 4063 4063 4062 4062 4062 4062 4062 4062
2979 1777285831 3549 3694 3666 379 3580 3624 3624 3592 4063 4063 4062 4062 4062 4062 4062 4062
2980 1777285831 3549 3693 3665 379 3579 3622 3622 3591 4063 4063 4062 4062 4062 4062 4062 4062
2981 1777285831 3549 3694 3666 378 3580 3623 3624 3591 4063 4063 4062 4062 4062 4062 4062 4062
2982 1777285831 3549 3693 3665 379 3580 3623 3624 3592 4063 4063 4062 4062 4062 4062 4062 4062
2983 1777285831 3548 3693 3665 378 3579 3623 3623 3591 4061 4061 4061 4061 4061 4061 4061 4061
2984 1777285831 3549 3694 3666 379 3580 3623 3624 3592 4063 4063 4062 4062 4062 4062 4062 4062
2985 1777285831 3549 3694 3666 378 3580 3624 3624 3592 4063 4063 4062 4062 4062 4062 4062 4062
2986 1777285831 3549 3694 3666 379 3580 3624 3624 3593 4061 4061 4061 4061 4061 4061 4061 4061
2987 1777285831 3549 3694 3666 378 3579 3624 3624 3592 4063 4063 4063 4063 4063 4063 4063 4063
2988 1777285831 3550 3695 3667 378 3580 3624 3624 3592 4063 4063 4062 4062 4062 4062 4062 4062
2989 1777285831 3549 3693 3665 379 3579 3623 3623 3591 4063 4063 4062 4062 4062 4062 4062 4062
2990 1777285831 3549 3693 3665 379 3580 3623 3624 3592 4063 4063 4062 4062 4062 4062 4062 4062
2991 1777285831 3549 3694 3666 379 3580 3623 3624 3592 4061 4061 4061 4061 4061 4061 4061 4061
2992 1777285831 3548 3693 3665 379 3579 3623 3623 3591 4061 4061 4061 4061 4061 4061 4061 4061
2993 1777285831 3549 3694 3666 379 3579 3623 3623 3592 4061 4061 4061 4061 4061 4061 4061 4061
2994 1777285832 3549 3694 3666 379 3580 3624 3624 3592 4061 4061 4061 4061 4061 4061 4061 4061
2995 1777285832 3549 3694 3665 380 3579 3623 3623 3592 4063 4063 4062 4062 4062 4062 4062 4062
2996 1777285832 3548 3693 3665 379 3579 3623 3623 3591 4063 4063 4062 4062 4062 4062 4062 4062
2997 1777285832 3549 3694 3666 379 3580 3624 3624 3592 4061 4061 4061 4061 4061 4061 4061 4061
2998 1777285832 3548 3693 3665 379 3580 3623 3623 3592 4061 4061 4061 4061 4061 4061 4061 4061
2999 1777285832 3549 3693 3666 380 3579 3624 3623 3592 4063 4063 4062 4062 4062 4062 4062 4062
3000 1777285832 3549 3693 3665 379 3580 3623 3623 3591 4063 4062 4062 4062 4062 4062 4062 4062
3001 1777285832 3549 3694 3665 379 3580 3624 3624 3592 4063 4063 4062 4062 4062 4062 4062 4062
3002 1777285832 3549 3694 3666 379 3580 3623 3623 3591 4063 4063 4063 4063 4063 4063 4063 4063
3003 1777285832 3550 3694 3666 379 3581 3624 3625 3592 4063 4062 4062 4062 4062 4062 4062 4062
3004 1777285832 3549 3694 3665 379 3580 3623 3624 3591 4059 4059 4058 4058 4058 4058 4058 4058
3005 1777285832 3549 3694 3665 379 3579 3623 3623 3591 4063 4063 4062 4062 4062 4062 4062 4062
3006 1777285832 3550 3694 3666 379 3580 3624 3625 3592 4063 4062 4062 4062 4062 4062 4062 4062
3007 1777285832 3550 3694 3666 379 3581 3624 3625 3593 4063 4063 4063 4063 4063 4063 4063 4063
3008 1777285832 3550 3695 3667 379 3580 3624 3624 3592 4061 4061 4061 4061 4061 4061 4061 4061
3009 1777285832 3550 3694 3666 378 3580 3624 3624 3592 4061 4061 4061 4061 4061 4061 4061 4061
3010 1777285832 3549 3694 3666 379 3580 3624 3624 3592 4061 4061 4061 4061 4061 4061 4061 4061
3011 1777285832 3550 3694 3666 379 3580 3624 3624 3592 4061 4061 4061 4061 4061 4061 4061 4061
3012 1777285832 3549 3694 3666 379 3580 3624 3624 3592 4063 4062 4062 4062 4062 4062 4062 4062
3013 1777285832 3549 3693 3665 379 3580 3624 3624 3592 4061 4061 4061 4061 4061 4061 4061 4061
3014 1777285832 3550 3694 3665 379 3580 3623 3624 3592 4063 4063 4063 4063 4063 4063 4063 4063
3015 1777285832 3549 3693 3665 380 3579 3623 3623 3592 4063 4063 4062 4062 4062 4062 4062 4062
3016 1777285832 3550 3694 3667 379 3580 3624 3624 3592 4063 4063 4062 4062 4062 4062 4062 4062
3017 1777285832 3551 3696 3668 379 3581 3625 3625 3593 4063 4063 4062 4062 4062 4062 4062 4062
3018 1777285832 3550 3694 3666 379 3580 3624 3624 3592 4063 4063 4062 4062 4062 4062 4062 4062
3019 1777285832 3549 3694 3666 379 3580 3624 3625 3592 4061 4061 4061 4061 4061 4061 4061 4061
3020 1777285832 3549 3694 3666 379 3580 3623 3624 3592 4061 4061 4061 4061 4061 4061 4061 4061
3021 1777285832 3551 3695 3667 379 3581 3624 3624 3592 4061 4061 4061 4061 4061 4061 4061 4061
3022 1777285832 3550 3694 3667 379 3580 3624 3625 3592 4061 4061 4061 4061 4061 4061 4061 4061
3023 1777285832 3550 3694 3666 379 3580 3624 3624 3592 4063 4063 4062 4062 4062 4062 4062 4062
3024 1777285832 3549 3694 3666 379 3581 3624 3624 3592 4063 4063 4063 4063 4063 4063 4063 4063
3025 1777285832 3549 3694 3666 379 3579 3623 3624 3592 4063 4063 4063 4063 4063 4063 4063 4063
3026 1777285832 3550 3694 3666 379 3580 3624 3624 3592 4063 4063 4062 4062 4062 4062 4062 4062
3027 1777285832 3550 3694 3666 379 3581 3624 3624 3592 4063 4062 4062 4062 4062 4062 4062 4062
3028 1777285832 3550 3694 3666 379 3580 3623 3624 3592 4061 4061 4061 4061 4061 4061 4061 4061
3029 1777285832 3550 3694 3666 382 3580 3624 3624 3593 4063 4063 4062 4062 4062 4062 4062 4062
3030 1777285832 3551 3694 3667 381 3580 3625 3625 3593 4063 4063 4062 4062 4062 4062 4062 4062
3031 1777285832 3549 3693 3666 380 3579 3623 3624 3592 4063 4063 4062 4062 4062 4062 4062 4062
3032 1777285832 3550 3694 3666 379 3578 3624 3624 3592 4061 4061 4061 4061 4061 4061 4061 4061
3033 1777285832 3549 3693 3666 379 3580 3623 3624 3591 4063 4063 4062 4062 4062 4062 4062 4062
3034 1777285832 3550 3694 3666 379 3580 3623 3624 3592 4063 4063 4062 4062 4062 4062 4062 4062
3035 1777285832 3550 3695 3667 380 3581 3624 3625 3593 4063 4063 4062 4062 4062 4062 4062 4062
3036 1777285832 3549 3694 3666 379 3580 3623 3624 3592 4063 4063 4062 4062 4062 4062 4062 4062
3037 1777285832 3549 3694 3666 379 3581 3624 3624 3592 4061 4061 4061 4061 4061 4061 4061 4061
3038 1777285832 3550 3694 3667 380 3580 3624 3625 3593 4063 4063 4062 4062 4062 4062 4062 4062
3039 1777285832 3550 3695 3667 379 3581 3625 3624 3593 4063 4063 4062 4062 4062 4062 4062 4062
3040 1777285832 3550 3694 3666 379 3580 3624 3624 3592 4063 4063 4062 4062 4062 4062 4062 4062
3041 1777285832 3550 3695 3667 379 3581 3624 3625 3593 4063 4063 4063 4063 4063 4063 4063 4063
3042 1777285832 3550 3695 3666 380 3580 3624 3624 3593 4063 4063 4063 4063 4063 4063 4063 4063
3043 1777285832 3551 3696 3668 379 3582 3625 3625 3593 4061 4061 4061 4061 4061 4061 4061 4061
3044 1777285832 3550 3695 3666 379 3580 3624 3624 3593 4063 4063 4062 4062 4062 4062 4062 4062
3045 1777285832 3550 3695 3667 379 3581 3624 3625 3593 4063 4063 4062 4062 4062 4062 4062 4062
3046 1777285832 3550 3695 3666 380 3580 3624 3624 3592 4063 4062 4062 4062 4062 4062 4062 4062
3047 1777285832 3550 3695 3667 380 3581 3624 3624 3592 4061 4061 4061 4061 4061 4061 4061 4061
3048 1777285832 3550 3694 3666 379 3580 3624 3624 3592 4063 4063 4063 4063 4063 4063 4063 4063
3049 1777285832 3550 3695 3667 379 3581 3625 3625 3593 4061 4061 4061 4061 4061 4061 4061 4061
3050 1777285832 3550 3694 3666 379 3580 3625 3625 3592 4063 4063 4062 4062 4062 4062 4062 4062
3051 1777285832 3549 3694 3666 379 3580 3624 3624 3592 4063 4063 4062 4062 4062 4062 4062 4062
3052 1777285832 3550 3694 3666 379 3581 3624 3624 3592 4063 4062 4062 4062 4062 4062 4062 4062
3053 1777285832 3550 3695 3667 380 3581 3625 3625 3593 4063 4062 4062 4062 4062 4062 4062 4062
3054 1777285832 3550 3695 3667 379 3580 3624 3625 3592 4061 4061 4060 4060 4060 4060 4060 4060
3055 1777285832 3551 3695 3667 379 3581 3625 3625 3593 4063 4063 4062 4062 4062 4062 4062 4062
3056 1777285832 3550 3695 3667 379 3581 3624 3625 3593 4061 4061 4060 4060 4060 4060 4060 4060
3057 1777285832 3550 3695 3667 379 3581 3625 3625 3593 4063 4063 4062 4062 4062 4062 4062 4062
3058 1777285832 3550 3695 3667 379 3581 3624 3624 3593 4063 4063 4063 4063 4063 4063 4063 4063
3059 1777285832 3550 3695 3667 379 3581 3624 3624 3592 4063 4062 4062 4062 4062 4062 4062 4062
3060 1777285832 3551 3695 3667 379 3581 3625 3625 3594 4061 4061 4061 4061 4061 4061 4061 4061
3061 1777285832 3549 3694 3666 379 3580 3624 3624 3592 4061 4061 4061 4061 4061 4061 4061 4061
3062 1777285832 3549 3694 3666 379 3580 3624 3624 3592 4063 4063 4062 4062 4062 4062 4062 4062
3063 1777285832 3550 3695 3667 380 3581 3624 3625 3593 4063 4063 4062 4062 4062 4062 4062 4062
3064 1777285832 3551 3695 3667 379 3581 3624 3625 3593 4061 4061 4061 4061 4061 4061 4061 4061
3065 1777285832 3550 3695 3667 379 3581 3624 3625 3593 4063 4063 4062 4062 4062 4062 4062 4062
3066 1777285832 3550 3694 3666 379 3580 3624 3624 3592 4063 4063 4063 4063 4063 4063 4063 4063
3067 1777285832 3550 3694 3666 379 3581 3624 3624 3593 4063 4063 4062 4062 4062 4062 4062 4062
3068 1777285832 3550 3695 3667 379 3580 3624 3624 3592 4063 4063 4062 4062 4062 4062 4062 4062
3069 1777285832 3549 3694 3666 380 3580 3624 3624 3592 4063 4063 4062 4062 4062 4062 4062 4062
3070 1777285833 3550 3695 3667 380 3581 3625 3625 3593 4063 4063 4062 4062 4062 4062 4062 4062
3071 1777285833 3549 3694 3666 380 3581 3624 3625 3592 4063 4063 4062 4062 4062 4062 4062 4062
3072 1777285833 3551 3695 3667 380 3582 3625 3625 3593 4063 4063 4062 4062 4062 4062 4062 4062
3073 1777285833 3551 3696 3668 379 3581 3625 3625 3593 4063 4063 4062 4062 4062 4062 4062 4062
3074 1777285833 3549 3694 3666 379 3580 3624 3623 3592 4061 4061 4061 4061 4061 4061 4061 4061
3075 1777285833 3550 3694 3667 380 3581 3624 3625 3592 4063 4063 4062 4062 4062 4062 4062 4062
3076 1777285833 3549 3694 3666 380 3580 3624 3624 3592 4063 4063 4063 4063 4063 4063 4063 4063
3077 1777285833 3550 3694 3666 380 3581 3624 3625 3593 4061 4061 4061 4061 4061 4061 4061 4061
3078 1777285833 3551 3695 3667 379 3580 3624 3625 3593 4063 4062 4062 4062 4062 4062 4062 4062
3079 1777285833 3550 3694 3666 380 3579 3624 3625 3593 4063 4063 4062 4062 4062 4062 4062 4062
3080 1777285833 3550 3694 3667 379 3581 3625 3624 3592 4063 4062 4062 4062 4062 4062 4062 4062
3081 1777285833 3550 3694 3666 379 3581 3624 3624 3592 4063 4063 4062 4062 4062 4062 4062 4062
3082 1777285833 3550 3695 3667 379 3581 3625 3625 3593 4061 4061 4061 4061 4061 4061 4061 4061
3083 1777285833 3550 3694 3666 380 3580 3624 3625 3592 4063 4062 4062 4062 4062 4062 4062 4062
3084 1777285833 3550 3695 3667 379 3581 3624 3625 3592 4063 4063 4063 4063 4063 4063 4063 4063
3085 1777285833 3550 3694 3667 379 3581 3624 3624 3592 4063 4063 4063 4063 4063 4063 4063 4063
3086 1777285833 3550 3695 3667 379 3581 3624 3625 3593 4063 4063 4062 4062 4062 4062 4062 4062
3087 1777285833 3551 3696 3667 379 3581 3625 3625 3593 4061 4061 4061 4061 4061 4061 4061 4061
3088 1777285833 3550 3694 3666 379 3581 3625 3625 3593 4063 4063 4062 4062 4062 4062 4062 4062
3089 1777285833 3550 3695 3667 379 3581 3625 3625 3594 4063 4062 4062 4062 4062 4062 4062 4062
3090 1777285833 3549 3694 3666 380 3580 3624 3624 3592 4063 4063 4062 4062 4062 4062 4062 4062
3091 1777285833 3550 3695 3667 379 3581 3624 3625 3593 4063 4062 4062 4062 4062 4062 4062 4062
3092 1777285833 3550 3695 3667 379 3581 3625 3625 3593 4063 4063 4062 4062 4062 4062 4062 4062
3093 1777285833 3550 3695 3666 380 3581 3625 3625 3592 4063 4063 4062 4062 4062 4062 4062 4062
3094 1777285833 3551 3695 3667 381 3580 3625 3626 3593 4061 4061 4061 4061 4061 4061 4061 4061
3095 1777285833 3551 3695 3667 380 3581 3625 3625 3593 4063 4063 4063 4063 4063 4063 4063 4063
3096 1777285833 3553 3697 3670 379 3583 3627 3627 3595 4061 4061 4061 4061 4061 4061 4061 4061
3097 1777285833 3550 3694 3666 380 3580 3624 3624 3592 4063 4063 4062 4062 4062 4062 4062 4062
3098 1777285833 3550 3695 3667 380 3580 3624 3624 3593 4061 4061 4061 4061 4061 4061 4061 4061
3099 1777285833 3551 3695 3667 380 3582 3626 3626 3594 4063 4061 4061 4061 4061 4061 4061 4061
3100 1777285833 3551 3695 3667 379 3581 3625 3625 3593 4063 4063 4062 4062 4062 4062 4062 4062
3101 1777285833 3551 3695 3667 380 3581 3625 3625 3593 4061 4061 4061 4061 4061 4061 4061 4061
3102 1777285833 3552 3697 3668 379 3582 3626 3626 3594 4061 4061 4061 4061 4061 4061 4061 4061
3103 1777285833 3551 3696 3668 380 3581 3625 3625 3593 4063 4063 4063 4063 4063 4063 4063 4063
3104 1777285833 3550 3695 3667 380 3581 3625 3625 3593 4063 4063 4062 4062 4062 4062 4062 4062
3105 1777285833 3551 3696 3668 380 3582 3626 3626 3594 4063 4063 4063 4063 4063 4063 4063 4063
3106 1777285833 3550 3695 3667 380 3581 3625 3625 3593 4061 4061 4061 4061 4061 4061 4061 4061
3107 1777285833 3551 3695 3667 380 3581 3625 3625 3593 4063 4063 4063 4063 4063 4063 4063 4063
3108 1777285833 3550 3695 3667 379 3582 3625 3626 3593 4061 4061 4061 4061 4061 4061 4061 4061
3109 1777285833 3550 3695 3667 379 3581 3625 3625 3593 4063 4063 4063 4063 4063 4063 4063 4063
3110 1777285833 3551 3696 3668 380 3582 3626 3626 3594 4061 4061 4061 4061 4061 4061 4061 4061
3111 1777285833 3550 3695 3667 380 3581 3624 3625 3593 4063 4063 4062 4062 4062 4062 4062 4062
3112 1777285833 3550 3695 3667 380 3582 3625 3626 3593 4063 4063 4062 4062 4062 4062 4062 4062
3113 1777285833 3550 3695 3667 380 3581 3624 3624 3593 4063 4063 4062 4062 4062 4062 4062 4062
3114 1777285833 3551 3696 3667 380 3582 3625 3626 3593 4061 4061 4061 4061 4061 4061 4061 4061
3115 1777285833 3550 3695 3667 380 3581 3624 3625 3593 4063 4063 4062 4062 4062 4062 4062 4062
3116 1777285833 3550 3695 3667 379 3581 3625 3625 3593 4063 4063 4062 4062 4062 4062 4062 4062
3117 1777285833 3551 3695 3667 379 3581 3625 3625 3593 4063 4063 4062 4062 4062 4062 4062 4062
3118 1777285833 3551 3696 3667 380 3581 3625 3625 3593 4063 4063 4062 4062 4062 4062 4062 4062
3119 1777285833 3550 3695 3667 380 3581 3625 3626 3593 4061 4061 4061 4061 4061 4061 4061 4061
3120 1777285833 3550 3694 3666 380 3581 3624 3625 3593 4063 4063 4063 4063 4063 4063 4063 4063
3121 1777285833 3551 3696 3668 380 3581 3625 3625 3593 4063 4063 4062 4062 4062 4062 4062 4062
3122 1777285833 3550 3694 3666 380 3581 3624 3625 3593 4061 4061 4061 4061 4061 4061 4061 4061
3123 1777285833 3550 3694 3666 380 3581 3624 3624 3592 4063 4063 4062 4062 4062 4062 4062 4062
3124 1777285833 3550 3695 3667 380 3581 3625 3626 3593 4063 4061 4061 4061 4061 4061 4061 4061
3125 1777285833 3551 3695 3668 379 3581 3626 3626 3594 4063 4063 4062 4062 4062 4062 4062 4062
3126 1777285833 3550 3695 3667 380 3580 3625 3625 3593 4063 4063 4062 4062 4062 4062 4062 4062
3127 1777285834 3550 3695 3666 380 3580 3624 3625 3593 4063 4063 4063 4063 4063 4063 4063 4063
3128 1777285834 3550 3694 3667 379 3580 3624 3625 3592 4063 4063 4062 4062 4062 4062 4062 4062
3129 1777285834 3550 3695 3667 380 3581 3624 3625 3593 4063 4063 4062 4062 4062 4062 4062 4062
3130 1777285834 3550 3695 3667 380 3581 3624 3625 3593 4063 4063 4063 4063 4063 4063 4063 4063
3131 1777285834 3550 3695 3667 380 3581 3625 3625 3593 4061 4061 4061 4061 4061 4061 4061 4061
3132 1777285834 3550 3695 3666 380 3581 3624 3625 3593 4063 4063 4062 4062 4062 4062 4062 4062
3133 1777285834 3551 3695 3667 379 3581 3625 3625 3593 4063 4063 4062 4062 4062 4062 4062 4062
3134 1777285834 3551 3696 3668 380 3582 3626 3626 3594 4063 4063 4063 4063 4063 4063 4063 4063
3135 1777285834 3551 3696 3667 380 3581 3625 3625 3593 4063 4063 4062 4062 4062 4062 4062 4062
3136 1777285834 3551 3695 3667 380 3582 3625 3625 3593 4061 4061 4061 4061 4061 4061 4061 4061
3137 1777285834 3550 3694 3666 380 3581 3624 3624 3592 4061 4061 4061 4061 4061 4061 4061 4061
3138 1777285834 3551 3695 3668 380 3581 3625 3625 3593 4063 4062 4062 4062 4062 4062 4062 4062
3139 1777285834 3551 3696 3668 380 3582 3625 3626 3594 4063 4063 4063 4063 4063 4063 4063 4063
3140 1777285834 3551 3696 3668 380 3582 3626 3626 3594 4061 4061 4061 4061 4061 4061 4061 4061
3141 1777285834 3552 3696 3668 380 3582 3626 3626 3594 4063 4063 4062 4062 4062 4062 4062 4062
3142 1777285834 3550 3695 3667 380 3580 3625 3625 3593 4063 4063 4062 4062 4062 4062 4062 4062
3143 1777285834 3551 3696 3667 380 3582 3625 3626 3594 4063 4062 4062 4062 4062 4062 4062 4062
3144 1777285834 3550 3695 3667 380 3582 3625 3625 3593 4063 4063 4062 4062 4062 4062 4062 4062
3145 1777285834 3550 3694 3666 380 3581 3624 3625 3593 4063 4063 4062 4062 4062 4062 4062 4062
3146 1777285834 3551 3696 3668 381 3582 3626 3626 3594 4061 4061 4061 4061 4061 4061 4061 4061
3147 1777285834 3551 3696 3668 380 3582 3626 3626 3594 4061 4061 4061 4061 4061 4061 4061 4061
3148 1777285834 3551 3695 3668 380 3582 3625 3625 3593 4063 4063 4063 4063 4063 4063 4063 4063
3149 1777285834 3550 3695 3667 380 3581 3625 3625 3593 4061 4061 4061 4061 4061 4061 4061 4061
3150 1777285834 3551 3696 3668 380 3582 3626 3625 3594 4063 4063 4062 4062 4062 4062 4062 4062
3151 1777285834 3551 3696 3668 380 3582 3625 3626 3594 4063 4063 4062 4062 4062 4062 4062 4062
3152 1777285834 3551 3695 3667 380 3581 3625 3626 3594 4063 4063 4063 4063 4063 4063 4063 4063
3153 1777285834 3551 3696 3668 380 3582 3625 3626 3594 4063 4063 4062 4062 4062 4062 4062 4062
3154 1777285834 3550 3695 3666 380 3580 3625 3625 3593 4061 4061 4061 4061 4061 4061 4061 4061
3155 1777285834 3548 3693 3666 378 3579 3623 3623 3591 4061 4061 4061 4061 4061 4061 4061 4061
3156 1777285834 3549 3693 3666 378 3579 3623 3623 3591 4061 4061 4061 4061 4061 4061 4061 4061
3157 1777285834 3549 3694 3666 378 3580 3623 3623 3591 4063 4063 4062 4062 4062 4062 4062 4062
3158 1777285834 3549 3693 3665 378 3580 3623 3623 3591 4063 4063 4062 4062 4062 4062 4062 4062
3159 1777285834 3549 3693 3666 378 3579 3623 3623 3591 4063 4063 4062 4062 4062 4062 4062 4062
3160 1777285834 3550 3694 3666 379 3581 3625 3625 3593 4063 4062 4062 4062 4062 4062 4062 4062
3161 1777285834 3548 3692 3665 378 3577 3623 3623 3591 4061 4061 4061 4061 4061 4061 4061 4061
3162 1777285834 3549 3693 3665 378 3580 3622 3623 3592 4063 4063 4063 4063 4063 4063 4063 4063
3163 1777285834 3550 3694 3666 378 3579 3624 3624 3592 4063 4063 4062 4062 4062 4062 4062 4062
3164 1777285834 3549 3694 3666 378 3580 3624 3624 3592 4063 4063 4062 4062 4062 4062 4062 4062
3165 1777285834 3548 3692 3664 378 3578 3622 3622 3590 4063 4063 4062 4062 4062 4062 4062 4062
3166 1777285834 3549 3693 3665 379 3579 3623 3623 3591 4061 4061 4061 4061 4061 4061 4061 4061
3167 1777285842 3547 3692 3663 379 3578 3621 3621 3589 4061 4059 4059 4059 4059 4059 4059 4059
3168 1777285842 3547 3691 3664 378 3578 3621 3621 3590 4061 4061 4061 4061 4061 4061 4061 4061
3169 1777285842 3548 3693 3665 378 3579 3623 3623 3591 4061 4061 4061 4061 4061 4061 4061 4061
3170 1777285842 3548 3692 3664 379 3579 3622 3622 3591 4059 4059 4059 4059 4059 4059 4059 4059
3171 1777285842 3548 3693 3665 379 3578 3622 3623 3591 4063 4062 4062 4062 4062 4062 4062 4062
3172 1777285842 3548 3693 3665 378 3579 3623 3623 3591 4063 4063 4062 4062 4062 4062 4062 4062
3173 1777285842 3549 3693 3666 379 3579 3623 3624 3592 4061 4061 4061 4061 4061 4061 4061 4061
3174 1777285842 3548 3693 3665 378 3579 3622 3623 3591 4063 4063 4062 4062 4062 4062 4062 4062
3175 1777285842 3549 3693 3666 379 3580 3624 3624 3592 4063 4063 4062 4062 4062 4062 4062 4062
3176 1777285842 3548 3692 3664 378 3578 3622 3622 3591 4063 4063 4062 4062 4062 4062 4062 4062
3177 1777285842 3548 3693 3665 379 3579 3622 3623 3591 4061 4061 4061 4061 4061 4061 4061 4061
3178 1777285842 3549 3694 3667 378 3580 3624 3624 3592 4063 4063 4062 4062 4062 4062 4062 4062
3179 1777285842 3548 3693 3665 379 3578 3623 3623 3591 4061 4061 4061 4061 4061 4061 4061 4061
3180 1777285842 3550 3694 3666 378 3580 3624 3624 3592 4061 4061 4061 4061 4061 4061 4061 4061
3181 1777285842 3548 3693 3665 378 3579 3623 3623 3591 4061 4061 4061 4061 4061 4061 4061 4061
3182 1777285842 3550 3694 3666 378 3580 3624 3624 3592 4063 4063 4063 4063 4063 4063 4063 4063
3183 1777285842 3549 3694 3666 379 3580 3624 3624 3592 4061 4061 4061 4061 4061 4061 4061 4061
3184 1777285842 3547 3693 3664 378 3578 3622 3622 3591 4063 4063 4063 4063 4063 4063 4063 4063
3185 1777285842 3549 3693 3665 378 3580 3624 3623 3591 4061 4061 4061 4061 4061 4061 4061 4061
3186 1777285842 3548 3693 3665 378 3579 3623 3623 3591 4061 4061 4061 4061 4061 4061 4061 4061
3187 1777285842 3549 3693 3666 378 3580 3624 3623 3592 4063 4061 4061 4061 4061 4061 4061 4061
3188 1777285842 3550 3694 3666 378 3580 3624 3625 3593 4063 4063 4062 4062 4062 4062 4062 4062
3189 1777285842 3550 3694 3666 379 3580 3624 3624 3592 4063 4062 4062 4062 4062 4062 4062 4062
3190 1777285842 3548 3693 3665 378 3579 3623 3623 3591 4061 4061 4061 4061 4061 4061 4061 4061
3191 1777285842 3548 3692 3665 379 3578 3623 3623 3591 4063 4063 4062 4062 4062 4062 4062 4062
3192 1777285842 3548 3693 3666 378 3580 3623 3624 3592 4063 4063 4062 4062 4062 4062 4062 4062
3193 1777285842 3549 3693 3665 378 3579 3623 3623 3591 4063 4063 4062 4062 4062 4062 4062 4062
3194 1777285842 3549 3693 3665 378 3579 3623 3623 3591 4063 4063 4062 4062 4062 4062 4062 4062
3195 1777285842 3550 3694 3666 379 3580 3624 3624 3592 4063 4063 4062 4062 4062 4062 4062 4062
3196 1777285842 3549 3694 3665 378 3580 3623 3624 3592 4063 4063 4062 4062 4062 4062 4062 4062
3197 1777285843 3548 3693 3665 378 3580 3623 3623 3591 4063 4063 4063 4063 4063 4063 4063 4063
3198 1777285843 3549 3694 3666 378 3579 3623 3624 3592 4063 4062 4062 4062 4062 4062 4062 4062
3199 1777285843 3549 3693 3665 379 3579 3622 3623 3591 4063 4063 4062 4062 4062 4062 4062 4062
3200 1777285843 3550 3694 3666 378 3580 3624 3624 3592 4063 4063 4062 4062 4062 4062 4062 4062
3201 1777285843 403 445 3664 379 3581 3625 3625 3593 115 4063 4063 4063 4063 4063 4063 4063
3202 1777285843 3550 3694 3666 379 3580 3623 3624 3592 4063 4063 4063 4063 4063 4063 4063 4063
3203 1777285843 3550 3695 3666 379 3580 3623 3623 3592 4063 4063 4062 4062 4062 4062 4062 4062
3204 1777285843 3550 3694 3666 378 3580 1720 3623 3591 4063 4063 4063 4063 4063 4063 4063 4063
3205 1777285843 3549 3693 3665 379 3580 3623 3623 3591 4063 4063 4062 4062 4062 4062 4062 4062
3206 1777285843 3550 3694 3667 378 3581 3624 3625 3593 4063 4063 4062 4062 4062 4062 4062 4062
3207 1777285843 3548 3693 3665 379 3580 3623 3623 3591 4063 4062 4062 4062 4062 4062 4062 4062
3208 1777285843 3549 3694 3666 378 3580 3624 3624 3592 4061 4061 4061 4061 4061 4061 4061 4061
3209 1777285843 3549 3694 3666 378 3580 3624 3624 3592 4062 4063 4062 4062 4062 4062 4062 4062
3210 1777285843 3550 3694 3666 379 3580 3623 3624 3592 4063 4062 4062 4062 4062 4062 4062 4062
3211 1777285843 3549 3694 3665 379 3580 3623 3623 3592 4063 4063 4062 4062 4062 4062 4062 4062
3212 1777285843 3549 3694 3666 378 3580 3624 3625 3592 4063 4063 4062 4062 4062 4062 4062 4062
3213 1777285843 3550 3694 3666 378 3580 3624 3624 3592 4063 4063 4062 4062 4062 4062 4062 4062
3214 1777285843 3549 3694 3665 379 3579 3623 3623 3592 4061 4061 4061 4061 4061 4061 4061 4061
3215 1777285843 3550 3694 3666 379 3581 3624 3624 3592 4063 4063 4062 4062 4062 4062 4062 4062
3216 1777285843 3549 3693 3665 379 3579 3623 3624 3592 4061 4061 4061 4061 4061 4061 4061 4061
3217 1777285843 3549 3693 3666 379 3580 3623 3624 3592 4061 4061 4060 4060 4060 4060 4060 4060
3218 1777285843 3549 3694 3665 378 3580 3624 3624 3592 4063 4062 4062 4062 4062 4062 4062 4062
3219 1777285843 3549 3694 3666 379 3581 3624 3624 3592 4063 4063 4062 4062 4062 4062 4062 4062
3220 1777285843 3549 3694 3665 378 3580 3624 3624 3591 4063 4063 4062 4062 4062 4062 4062 4062
3221 1777285843 3550 3694 3666 379 3580 3624 3624 3592 4063 4063 4062 4062 4062 4062 4062 4062
3222 1777285843 3549 3694 3666 380 3579 3624 3624 3592 4061 4061 4061 4061 4061 4061 4061 4061
3223 1777285843 3549 3694 3666 379 3578 3623 3624 3592 4063 4063 4063 4063 4063 4063 4063 4063
3224 1777285843 3549 3693 3666 378 3580 3623 3624 3592 4061 4061 4061 4061 4061 4061 4061 4061
3225 1777285843 3550 3694 3666 378 3580 3624 3623 3592 4063 4063 4062 4062 4062 4062 4062 4062
3226 1777285843 3548 3693 3665 378 3580 3623 3624 3591 4063 4062 4062 4062 4062 4062 4062 4062
3227 1777285843 3549 3693 3666 378 3579 3623 3623 3591 4061 4061 4061 4061 4061 4061 4061 4061
3228 1777285843 3550 3694 3666 379 3580 3624 3624 3592 4063 4062 4062 4062 4062 4062 4062 4062
3229 1777285843 3549 3693 3665 379 3580 3623 3624 3591 4063 4063 4062 4062 4062 4062 4062 4062
3230 1777285843 3551 3695 3667 379 3580 3624 3625 3593 4063 4063 4062 4062 4062 4062 4062 4062
3231 1777285843 3550 3694 3666 379 3580 3624 3624 3592 4063 4063 4062 4062 4062 4062 4062 4062
3232 1777285843 3549 3694 3666 379 3579 3624 3624 3592 4061 4061 4061 4061 4061 4061 4061 4061
3233 1777285843 3549 3694 3665 379 3580 3623 3623 3592 4063 4063 4062 4062 4062 4062 4062 4062
3234 1777285843 3550 3694 3666 378 3580 3624 3624 3592 4063 4062 4062 4062 4062 4062 4062 4062
3235 1777285843 3549 3694 3666 379 3580 3624 3624 3592 4063 4063 4062 4062 4062 4062 4062 4062
3236 1777285843 3549 3694 3666 378 3580 3623 3623 3592 4063 4063 4063 4063 4063 4063 4063 4063
3237 1777285843 3549 3694 3666 378 3580 3623 3624 3592 4061 4061 4061 4061 4061 4061 4061 4061
3238 1777285843 3550 3695 3667 378 3581 3625 3624 3592 4061 4061 4061 4061 4061 4061 4061 4061
3239 1777285843 3551 3695 3667 379 3581 3624 3625 3593 4061 4061 4061 4061 4061 4061 4061 4061
3240 1777285843 3549 3694 3666 378 3580 3623 3624 3591 4063 4063 4062 4062 4062 4062 4062 4062
3241 1777285843 3550 3694 3666 379 3580 3624 3624 3592 4063 4063 4063 4063 4063 4063 4063 4063
3242 1777285843 3549 3693 3665 379 3579 3623 3623 3592 4063 4063 4062 4062 4062 4062 4062 4062
3243 1777285843 3549 3693 3665 378 3580 3623 3623 3592 4063 4063 4062 4062 4062 4062 4062 4062
3244 1777285843 3550 3694 3667 378 3580 3624 3624 3592 4061 4061 4061 4061 4061 4061 4061 4061
3245 1777285843 3551 3695 3667 379 3581 3625 3625 3593 4061 4061 4061 4061 4061 4061 4061 4061
3246 1777285843 3549 3693 3666 379 3579 3623 3623 3591 4063 4063 4062 4062 4062 4062 4062 4062
3247 1777285843 3550 3694 3666 379 3580 3624 3623 3592 4063 4063 4062 4062 4062 4062 4062 4062
3248 1777285843 3549 3694 3666 379 3580 3623 3623 3592 4063 4063 4062 4062 4062 4062 4062 4062
3249 1777285843 3549 3694 3666 378 3580 3623 3624 3591 4063 4063 4062 4062 4062 4062 4062 4062
3250 1777285843 3550 3694 3666 379 3580 3624 3624 3592 4063 4063 4063 4063 4063 4063 4063 4063
3251 1777285843 3550 3695 3667 379 3581 3624 3624 3592 4061 4061 4061 4061 4061 4061 4061 4061
3252 1777285843 3549 3694 3666 379 3580 3624 3623 3592 4061 4061 4061 4061 4061 4061 4061 4061
3253 1777285843 3550 3694 3666 379 3580 3624 3624 3592 4061 4061 4061 4061 4061 4061 4061 4061
3254 1777285843 3549 3694 3666 380 3579 3623 3624 3592 4063 4063 4062 4062 4062 4062 4062 4062
3255 1777285843 3549 3694 3666 379 3580 3623 3624 3592 4061 4061 4061 4061 4061 4061 4061 4061
3256 1777285843 3550 3695 3666 379 3581 3624 3625 3593 4063 4063 4063 4063 4063 4063 4063 4063
3257 1777285843 3549 3694 3666 379 3580 3624 3624 3592 4063 4063 4062 4062 4062 4062 4062 4062
3258 1777285843 3550 3694 3666 379 3580 3624 3624 3592 4061 4061 4061 4061 4061 4061 4061 4061
3259 1777285843 3550 3694 3666 379 3580 3624 3624 3592 4063 4063 4063 4063 4063 4063 4063 4063
3260 1777285843 3550 3694 3667 379 3581 3624 3624 3592 4063 4063 4062 4062 4062 4062 4062 4062
3261 1777285844 3550 3694 3666 379 3580 3624 3625 3593 4063 4063 4062 4062 4062 4062 4062 4062
3262 1777285844 3550 3694 3666 379 3580 3624 3624 3591 4063 4063 4062 4062 4062 4062 4062 4062
3263 1777285844 3550 3695 3667 379 3580 3624 3625 3592 4063 4063 4063 4063 4063 4063 4063 4063
3264 1777285844 3550 3695 3667 379 3581 3624 3625 3593 4063 4063 4063 4063 4063 4063 4063 4063
3265 1777285844 3549 3694 3666 379 3580 3624 3624 3592 4063 4063 4063 4063 4063 4063 4063 4063
3266 1777285844 3550 3694 3666 379 3580 3624 3624 3592 4061 4061 4061 4061 4061 4061 4061 4061
3267 1777285844 3551 3695 3667 379 3581 3625 3625 3593 4063 4063 4062 4062 4062 4062 4062 4062
3268 1777285844 3551 3695 3668 379 3581 3625 3625 3593 4061 4061 4061 4061 4061 4061 4061 4061
3269 1777285844 3550 3694 3667 379 3580 3624 3624 3592 4063 4063 4062 4062 4062 4062 4062 4062
3270 1777285844 3550 3695 3667 378 3582 3625 3625 3593 4063 4063 4062 4062 4062 4062 4062 4062
3271 1777285844 3549 3694 3666 379 3580 3624 3624 3592 4063 4061 4061 4061 4061 4061 4061 4061
3272 1777285844 3550 3694 3666 379 3581 3624 3624 3592 4062 4063 4062 4062 4062 4062 4062 4062
3273 1777285844 3551 3695 3667 379 3581 3624 3624 3593 4063 4063 4062 4062 4062 4062 4062 4062
3274 1777285844 3549 3694 3666 379 3581 3624 3624 3592 4063 4063 4062 4062 4062 4062 4062 4062
3275 1777285844 3550 3694 3667 378 3580 3625 3624 3592 4063 4062 4062 4062 4062 4062 4062 4062
3276 1777285844 3550 3695 3667 379 3581 3625 3626 3593 4063 4063 4062 4062 4062 4062 4062 4062
3277 1777285844 3550 3695 3666 379 3581 3625 3625 3593 4063 4063 4062 4062 4062 4062 4062 4062
3278 1777285844 3551 3695 3667 379 3581 3625 3625 3593 4063 4063 4062 4062 4062 4062 4062 4062
3279 1777285844 3549 3694 3667 379 3580 3624 3624 3592 4061 4061 4061 4061 4061 4061 4061 4061
3280 1777285844 3550 3694 3666 379 3580 3624 3624 3592 4063 4063 4062 4062 4062 4062 4062 4062
3281 1777285844 3550 3694 3667 379 3580 3624 3625 3592 4063 4063 4062 4062 4062 4062 4062 4062
3282 1777285844 3551 3695 3667 379 3581 3625 3624 3592 4063 4063 4062 4062 4062 4062 4062 4062
3283 1777285844 3551 3695 3667 379 3581 3625 3625 3593 4063 4063 4063 4063 4063 4063 4063 4063
3284 1777285844 3550 3694 3666 379 3581 3625 3625 3593 4063 4063 4062 4062 4062 4062 4062 4062
3285 1777285844 3550 3695 3667 381 3580 3624 3624 3593 4061 4061 4061 4061 4061 4061 4061 4061
3286 1777285844 3551 3695 3667 380 3579 3624 3625 3592 4063 4063 4063 4063 4063 4063 4063 4063
3287 1777285844 3550 3694 3667 379 3578 3624 3624 3592 4063 4063 4062 4062 4062 4062 4062 4062
3288 1777285844 3550 3695 3667 379 3581 3624 3624 3593 4061 4061 4061 4061 4061 4061 4061 4061
3289 1777285844 3551 3695 3667 379 3581 3625 3625 3593 4063 4063 4062 4062 4062 4062 4062 4062
3290 1777285844 3550 3695 3666 379 3581 3624 3624 3592 4063 4063 4062 4062 4062 4062 4062 4062
3291 1777285844 3550 3695 3667 379 3581 3625 3625 3593 4063 4063 4063 4063 4063 4063 4063 4063
3292 1777285844 3550 3695 3667 379 3581 3624 3625 3593 4063 4063 4063 4063 4063 4063 4063 4063
3293 1777285844 3549 3694 3666 379 3580 3624 3624 3592 4061 4061 4061 4061 4061 4061 4061 4061
3294 1777285844 3551 3695 3667 379 3581 3624 3625 3593 4063 4063 4063 4063 4063 4063 4063 4063
3295 1777285844 3551 3695 3668 379 3581 3625 3625 3593 4061 4061 4061 4061 4061 4061 4061 4061
3296 1777285844 3549 3694 3666 379 3581 3624 3625 3592 4063 4063 4062 4062 4062 4062 4062 4062
3297 1777285844 3550 3695 3667 379 3580 3625 3624 3593 4063 4063 4062 4062 4062 4062 4062 4062
3298 1777285844 3551 3696 3667 380 3581 3625 3625 3593 4063 4063 4062 4062 4062 4062 4062 4062
3299 1777285844 3551 3695 3667 379 3581 3624 3624 3593 4061 4061 4061 4061 4061 4061 4061 4061
3300 1777285844 3550 3694 3667 379 3581 3624 3625 3593 4063 4063 4063 4063 4063 4063 4063 4063
3301 1777285844 3551 3695 3667 379 3581 3625 3625 3593 4063 4063 4063 4063 4063 4063 4063 4063
3302 1777285844 3550 3694 3666 380 3581 3624 3625 3593 4063 4063 4063 4063 4063 4063 4063 4063
3303 1777285844 3549 3694 3666 379 3580 3623 3623 3592 4063 4063 4062 4062 4062 4062 4062 4062
3304 1777285844 3550 3695 3667 379 3582 3625 3626 3594 4063 4063 4063 4063 4063 4063 4063 4063
3305 1777285844 3550 3695 3666 379 3580 3624 3625 3593 4063 4063 4062 4062 4062 4062 4062 4062
3306 1777285844 3552 3696 3669 379 3583 3626 3626 1740 4063 4063 4062 4062 4062 4062 4062 4062
3307 1777285844 3550 3695 3666 378 3581 3624 3625 3593 4063 4061 4061 4061 4061 4061 4061 4061
3308 1777285844 3550 3694 3667 379 3581 3624 3625 3593 4061 4061 4061 4061 4061 4061 4061 4061
3309 1777285844 3550 3695 3667 379 3582 3625 3625 3593 4063 4063 4062 4062 4062 4062 4062 4062
3310 1777285844 3551 3695 3667 380 3581 3625 3625 3593 4061 4061 4060 4060 4060 4060 4060 4060
3311 1777285844 3550 3695 3667 379 3581 3624 3625 3593 4063 4063 4062 4062 4062 4062 4062 4062
3312 1777285844 3551 3695 3667 379 3581 3625 3625 3593 4063 4063 4062 4062 4062 4062 4062 4062
3313 1777285844 3550 3695 3667 379 3580 3624 3625 3592 4061 4061 4061 4061 4061 4061 4061 4061
3314 1777285844 3550 3695 3667 379 3581 3625 3624 3592 4063 4063 4062 4062 4062 4062 4062 4062
3315 1777285844 3550 3694 3666 379 3581 3624 3624 3593 4063 4063 4062 4062 4062 4062 4062 4062
3316 1777285844 3549 3694 3666 379 3580 3624 3624 3593 4063 4063 4062 4062 4062 4062 4062 4062
3317 1777285844 3550 3694 3666 380 3580 3625 3625 3593 4063 4063 4062 4062 4062 4062 4062 4062
3318 1777285844 3550 3694 3666 380 3579 3624 3624 3592 4063 4063 4062 4062 4062 4062 4062 4062
3319 1777285844 3550 3694 3667 380 3581 3625 3625 3593 4063 4063 4062 4062 4062 4062 4062 4062
3320 1777285845 3549 3694 3666 380 3580 3623 3624 3592 4063 4063 4062 4062 4062 4062 4062 4062
3321 1777285845 3551 3695 3667 379 3580 3624 3625 3593 4061 4061 4061 4061 4061 4061 4061 4061
3322 1777285845 3550 3694 3666 380 3581 3624 3624 3593 4063 4063 4062 4062 4062 4062 4062 4062
3323 1777285845 3550 3695 3667 379 3581 3625 3625 3593 4061 4061 4061 4061 4061 4061 4061 4061
3324 1777285845 3550 3695 3666 380 3581 3624 3625 3593 4063 4063 4063 4063 4063 4063 4063 4063
3325 1777285845 3551 3696 3668 379 3581 3625 3626 3594 4061 4061 4061 4061 4061 4061 4061 4061
3326 1777285845 3550 3695 3668 380 3581 3625 3626 3593 4063 4063 4062 4062 4062 4062 4062 4062
3327 1777285845 3550 3695 3667 379 3582 3625 3625 3593 4061 4061 4061 4061 4061 4061 4061 4061
3328 1777285845 3549 3694 3666 379 3580 3624 3624 3593 4063 4063 4062 4062 4062 4062 4062 4062
3329 1777285845 3550 3695 3667 379 3581 3625 3625 3593 4063 4063 4062 4062 4062 4062 4062 4062
3330 1777285845 3550 3694 3667 379 3580 3624 3624 3593 4063 4063 4062 4062 4062 4062 4062 4062
3331 1777285845 3551 3695 3668 379 3582 3625 3626 3593 4063 4063 4063 4063 4063 4063 4063 4063
3332 1777285845 3551 3696 3667 379 3581 3625 3625 3593 4063 4061 4061 4061 4061 4061 4061 4061
3333 1777285845 3549 3693 3665 380 3580 3623 3623 3592 4063 4063 4063 4063 4063 4063 4063 4063
3334 1777285845 3551 3695 3667 380 3581 3625 3625 3593 4061 4061 4061 4061 4061 4061 4061 4061
3335 1777285845 3550 3695 3668 379 3582 3625 3625 3593 4061 4061 4061 4061 4061 4061 4061 4061
3336 1777285845 3550 3695 3667 379 3581 3625 3625 3593 4063 4063 4063 4063 4063 4063 4063 4063
3337 1777285845 3550 3695 3667 379 3580 3624 3625 3593 4063 4063 4062 4062 4062 4062 4062 4062
3338 1777285845 3550 3695 3667 379 3581 3624 3625 3593 4063 4063 4062 4062 4062 4062 4062 4062
3339 1777285845 3550 3695 3667 379 3581 3625 3625 3593 4061 4061 4061 4061 4061 4061 4061 4061
3340 1777285845 3551 3695 3667 378 3581 3625 3625 3593 4061 4061 4061 4061 4061 4061 4061 4061
3341 1777285845 3551 3696 3667 379 3582 3625 3625 3593 4061 4061 4061 4061 4061 4061 4061 4061
3342 1777285845 3550 3695 3667 380 3581 3624 3625 3592 4061 4061 4061 4061 4061 4061 4061 4061
3343 1777285845 3551 3695 3667 379 3582 3625 3626 3594 4063 4063 4062 4062 4062 4062 4062 4062
3344 1777285845 3551 3696 3668 379 3582 3625 3626 3594 4061 4061 4061 4061 4061 4061 4061 4061
3345 1777285845 3552 3696 3669 379 3582 3626 3626 3593 4063 4061 4061 4061 4061 4061 4061 4061
3346 1777285845 3550 3695 3667 380 3581 3624 3625 3593 4061 4061 4061 4061 4061 4061 4061 4061
3347 1777285845 3550 3695 3667 379 3581 3625 3625 3593 4063 4063 4063 4063 4063 4063 4063 4063
3348 1777285845 3551 3695 3666 379 3581 3625 3625 3593 4063 4063 4062 4062 4062 4062 4062 4062
3349 1777285845 3551 3695 3667 381 3580 3625 3626 3593 4063 4063 4062 4062 4062 4062 4062 4062
3350 1777285845 3551 3695 3668 380 3581 3624 3625 3593 4061 4061 4061 4061 4061 4061 4061 4061
3351 1777285853 3550 3694 3666 380 3580 3624 3624 3592 4063 4063 4062 4062 4062 4062 4062 4062
3352 1777285853 3550 3693 3665 380 3580 3623 3624 3592 4063 4063 4062 4062 4062 4062 4062 4062
3353 1777285853 3550 3695 3667 379 3581 3624 3624 3593 4061 4061 4061 4061 4061 4061 4061 4061
3354 1777285853 3550 3694 3666 380 3580 3623 3623 3592 4063 4063 4062 4062 4062 4062 4062 4062
3355 1777285853 3550 3695 3667 380 3581 3625 3625 3593 4061 4061 4061 4061 4061 4061 4061 4061
3356 1777285853 3549 3694 3666 380 3580 3624 3624 3592 4063 4063 4062 4062 4062 4062 4062 4062
3357 1777285853 3549 3693 3665 380 3579 3624 3623 3591 4063 4063 4063 4063 4063 4063 4063 4063
3358 1777285853 3550 3693 3666 379 3580 3624 3624 3591 4063 4063 4063 4063 4063 4063 4063 4063
3359 1777285853 3550 3694 3666 379 3580 3624 3625 3592 4063 4063 4062 4062 4062 4062 4062 4062
3360 1777285853 3549 3694 3666 380 3580 3624 3625 3593 4063 4063 4062 4062 4062 4062 4062 4062
3361 1777285853 3550 3694 3666 380 3580 3624 3624 3592 4063 4061 4061 4061 4061 4061 4061 4061
3362 1777285853 3550 3695 3667 379 3582 3625 3625 3593 4061 4061 4061 4061 4061 4061 4061 4061
3363 1777285853 3550 3695 3666 380 3580 3625 3625 3593 4063 4063 4063 4063 4063 4063 4063 4063
3364 1777285853 3551 3695 3668 380 3580 3624 3625 3593 4063 4063 4062 4062 4062 4062 4062 4062
3365 1777285853 3550 3694 3667 380 3581 3625 3624 3593 4063 4063 4062 4062 4062 4062 4062 4062
3366 1777285853 3550 3694 3667 379 3580 3624 3624 3592 4061 4061 4061 4061 4061 4061 4061 4061
3367 1777285853 3549 3694 3666 379 3581 3624 3624 3592 4063 4063 4063 4063 4063 4063 4063 4063
3368 1777285853 3550 3695 3666 380 3580 3625 3625 3592 4063 4063 4062 4062 4062 4062 4062 4062
3369 1777285853 3550 3695 3667 379 3581 3624 3625 3593 4063 4063 4063 4063 4063 4063 4063 4063
3370 1777285853 3550 3695 3667 379 3582 3625 3625 3593 4063 4063 4062 4062 4062 4062 4062 4062
3371 1777285853 3550 3695 3667 380 3581 3625 3625 3593 4063 4063 4062 4062 4062 4062 4062 4062
3372 1777285853 3551 3695 3667 379 3581 3624 3625 3593 4063 4063 4062 4062 4062 4062 4062 4062
3373 1777285853 3550 3695 3667 380 3581 3624 3625 3592 4063 4063 4062 4062 4062 4062 4062 4062
3374 1777285853 3550 3695 3666 380 3580 3624 3624 3592 4061 4061 4061 4061 4061 4061 4061 4061
3375 1777285853 3549 3694 3666 379 3580 3624 3624 3592 4063 4063 4062 4062 4062 4062 4062 4062
3376 1777285853 3551 3696 3667 379 3582 3625 3625 3593 4063 4063 4062 4062 4062 4062 4062 4062
3377 1777285853 3551 3695 3667 380 3582 3626 3626 3594 4063 4063 4063 4063 4063 4063 4063 4063
3378 1777285853 3551 3696 3667 380 3581 3625 3625 3593 4061 4061 4061 4061 4061 4061 4061 4061
3379 1777285853 3551 3695 3667 380 3581 3626 3625 3594 4063 4063 4062 4062 4062 4062 4062 4062
3380 1777285853 3549 3694 3666 380 3580 3624 3624 3592 4063 4063 4063 4063 4063 4063 4063 4063
3381 1777285853 3551 3695 3667 380 3581 3624 3624 3592 4061 4061 4061 4061 4061 4061 4061 4061
3382 1777285853 3551 3695 3667 379 3582 3626 3626 3594 4063 4063 4062 4062 4062 4062 4062 4062
3383 1777285853 3549 3693 3665 380 3580 3623 3624 3592 4063 4063 4063 4063 4063 4063 4063 4063
3384 1777285853 3550 3695 3666 380 3580 3625 3625 3593 4063 4063 4062 4062 4062 4062 4062 4062
3385 1777285853 3550 3695 3667 380 3581 3625 3625 3593 4063 4061 4061 4061 4061 4061 4061 4061
3386 1777285853 3551 3696 3668 379 3582 3625 3626 3594 4063 4063 4062 4062 4062 4062 4062 4062
3387 1777285853 3551 3695 3668 380 3581 3625 3626 3594 4063 4063 4062 4062 4062 4062 4062 4062
3388 1777285853 3550 3695 3667 380 3580 3625 3625 3594 4063 4063 4063 4063 4063 4063 4063 4063
3389 1777285853 3551 3695 3667 380 3581 3625 3626 3593 4063 4063 4062 4062 4062 4062 4062 4062
3390 1777285854 3551 3695 3667 380 3582 3625 3625 3593 4063 4063 4063 4063 4063 4063 4063 4063
3391 1777285854 3550 3694 3667 379 3581 3624 3624 3592 4063 4063 4062 4062 4062 4062 4062 4062
3392 1777285854 3551 3695 3668 379 3581 3625 3625 3593 4063 4063 4062 4062 4062 4062 4062 4062
3393 1777285854 3551 3695 3667 380 3581 3624 3624 3592 4061 4061 4061 4061 4061 4061 4061 4061
3394 1777285854 3550 3695 3667 379 3581 3625 3625 3593 4063 4063 4063 4063 4063 4063 4063 4063
3395 1777285854 3550 3695 3667 380 3581 3625 3625 3593 4063 4063 4062 4062 4062 4062 4062 4062
3396 1777285854 3550 3695 3667 381 3580 3624 3625 3592 4061 4061 4061 4061 4061 4061 4061 4061
3397 1777285854 3550 3695 3667 380 3581 3625 3626 3593 4063 4063 4062 4062 4062 4062 4062 4062
3398 1777285854 3551 3695 3667 380 3581 3626 3626 3594 4061 4061 4061 4061 4061 4061 4061 4061
3399 1777285854 3551 3695 3667 380 3581 3625 3625 3593 4061 4061 4061 4061 4061 4061 4061 4061
3400 1777285854 3550 3695 3667 380 3582 3625 3625 3593 4063 4063 4063 4063 4063 4063 4063 4063
3401 1777285854 3550 3695 3667 380 3581 3624 3625 3593 4061 4061 4061 4061 4061 4061 4061 4061
3402 1777285854 3550 3695 3667 379 3581 3625 3625 3593 4063 4063 4062 4062 4062 4062 4062 4062
3403 1777285854 3550 3695 3667 380 3581 3625 3625 3592 4063 4063 4062 4062 4062 4062 4062 4062
3404 1777285854 3551 3695 3667 380 3582 3625 3625 3593 4063 4062 4062 4062 4062 4062 4062 4062
3405 1777285854 3550 3695 3667 380 3581 3625 3625 3593 4061 4061 4061 4061 4061 4061 4061 4061
3406 1777285854 3551 3695 3668 379 3582 3625 3625 3593 4061 4061 4061 4061 4061 4061 4061 4061
3407 1777285854 3551 3696 3668 380 3582 3625 3626 3594 4063 4063 4062 4062 4062 4062 4062 4062
3408 1777285854 3551 3695 3667 380 3582 3625 3625 3594 4061 4061 4061 4061 4061 4061 4061 4061
3409 1777285854 3548 3693 3665 378 3579 3623 3623 3591 4063 4063 4062 4062 4062 4062 4062 4062
3410 1777285854 3548 3693 3665 378 3579 3623 3623 3591 4063 4063 4063 4063 4063 4063 4063 4063
3411 1777285854 3549 3693 3665 378 3579 3622 3622 3591 4063 4063 4062 4062 4062 4062 4062 4062
3412 1777285854 3548 3692 3664 378 3578 3622 3622 3590 4063 4063 4062 4062 4062 4062 4062 4062
3413 1777285854 3549 3693 3665 380 3579 3623 3623 3592 4063 4063 4063 4063 4063 4063 4063 4063
3414 1777285854 3548 3693 3665 379 3578 3622 3623 3591 4061 4061 4061 4061 4061 4061 4061 4061
3415 1777285854 3548 3693 3665 378 3579 3622 3623 3591 4063 4063 4063 4063 4063 4063 4063 4063
3416 1777285854 3549 3692 3665 379 3579 3623 3623 3591 4061 4061 4061 4061 4061 4061 4061 4061
3417 1777285854 3549 3693 3666 378 3579 3623 3623 3591 4063 4063 4063 4063 4063 4063 4063 4063
3418 1777285854 3550 3694 3666 378 3580 3623 3624 3592 4063 4063 4062 4062 4062 4062 4062 4062
3419 1777285854 3548 3693 3664 378 3579 3623 3623 3591 4063 4063 4062 4062 4062 4062 4062 4062
3420 1777285854 3549 3693 3665 379 3579 3623 3623 3591 4063 4063 4062 4062 4062 4062 4062 4062
3421 1777285854 3550 3694 3666 378 3580 3624 3624 3592 4063 4063 4063 4063 4063 4063 4063 4063
3422 1777285854 3548 3692 3664 378 3578 3622 3622 3590 4063 4063 4062 4062 4062 4062 4062 4062
3423 1777285854 3549 3694 3665 378 3579 3623 3623 3591 4061 4061 4061 4061 4061 4061 4061 4061
3424 1777285854 3549 3694 3666 379 3580 3624 3624 3592 4063 4063 4062 4062 4062 4062 4062 4062
3425 1777285854 3549 3694 3666 378 3580 3623 3623 3591 4063 4063 4062 4062 4062 4062 4062 4062
3426 1777285854 3549 3693 3665 379 3579 3622 3622 3591 4063 4063 4063 4063 4063 4063 4063 4063
3427 1777285854 3549 3694 3665 378 3579 3623 3623 3591 4063 4063 4062 4062 4062 4062 4062 4062
3428 1777285854 3549 3693 3665 378 3579 3623 3622 3591 4063 4063 4063 4063 4063 4063 4063 4063
3429 1777285854 3549 3693 3666 378 3579 3623 3623 3591 4063 4063 4063 4063 4063 4063 4063 4063
3430 1777285854 3549 3693 3665 379 3580 3623 3624 3592 4063 4063 4062 4062 4062 4062 4062 4062
3431 1777285854 3549 3694 3666 378 3580 3624 3624 3592 4061 4061 4061 4061 4061 4061 4061 4061
3432 1777285854 3550 3695 3666 378 3580 3624 3624 3592 4063 4063 4062 4062 4062 4062 4062 4062
3433 1777285854 3550 3694 3666 379 3580 3624 3624 3593 4063 4063 4062 4062 4062 4062 4062 4062
3434 1777285854 3549 3693 3665 379 3579 3623 3623 3591 4063 4063 4062 4062 4062 4062 4062 4062
3435 1777285854 3549 3694 3666 379 3579 3623 3624 3592 4061 4061 4061 4061 4061 4061 4061 4061
3436 1777285854 3549 3694 3666 378 3580 3624 3624 3592 4063 4063 4062 4062 4062 4062 4062 4062
3437 1777285854 3549 3694 3666 378 3579 3623 3623 3591 4061 4061 4061 4061 4061 4061 4061 4061
3438 1777285854 3549 3693 3665 378 3579 3622 3623 3591 4061 4061 4061 4061 4061 4061 4061 4061
3439 1777285854 3549 3694 3667 378 3581 3624 3624 3592 4063 4063 4062 4062 4062 4062 4062 4062
3440 1777285854 3549 3693 3666 378 3580 3624 3624 3592 4063 4063 4062 4062 4062 4062 4062 4062
3441 1777285854 3548 3692 3665 378 3579 3623 3623 3591 4063 4063 4062 4062 4062 4062 4062 4062
3442 1777285854 3551 3695 3667 378 3581 3625 3625 3592 4061 4061 4061 4061 4061 4061 4061 4061
3443 1777285854 3550 3694 3666 378 3580 3624 3624 3592 4061 4061 4061 4061 4061 4061 4061 4061
3444 1777285854 3549 3694 3666 379 3580 3624 3624 3592 4063 4063 4062 4062 4062 4062 4062 4062
3445 1777285854 3550 3694 3666 378 3581 3624 3625 3593 4063 4063 4062 4062 4062 4062 4062 4062
3446 1777285854 3549 3693 3665 379 3580 3623 3624 3592 4063 4063 4062 4062 4062 4062 4062 4062
3447 1777285854 3549 3694 3666 379 3579 3624 3624 3592 4063 4063 4062 4062 4062 4062 4062 4062
3448 1777285854 3551 3695 3667 379 3580 3624 3624 3593 4061 4061 4061 4061 4061 4061 4061 4061
3449 1777285854 3548 3692 3665 378 3579 3622 3623 3591 4063 4063 4062 4062 4062 4062 4062 4062
3450 1777285854 3549 3693 3665 379 3579 3623 3623 3591 4063 4063 4062 4062 4062 4062 4062 4062
3451 1777285854 3549 3694 3666 378 3580 3623 3624 3592 4063 4063 4062 4062 4062 4062 4062 4062
3452 1777285854 3549 3694 3665 379 3580 3623 3624 3592 4061 4061 4061 4061 4061 4061 4061 4061
3453 1777285854 3548 3693 3665 378 3579 3622 3623 3591 4063 4063 4063 4063 4063 4063 4063 4063
3454 1777285854 3549 3693 3665 379 3580 3624 3624 3592 4063 4063 4062 4062 4062 4062 4062 4062
3455 1777285854 3550 3694 3666 378 3580 3624 3624 3592 4061 4061 4061 4061 4061 4061 4061 4061
3456 1777285854 3550 3694 3666 379 3580 3624 3624 3592 4061 4061 4061 4061 4061 4061 4061 4061
3457 1777285854 3549 3694 3666 379 3580 3624 3624 3592 4063 4063 4062 4062 4062 4062 4062 4062
3458 1777285854 3549 3693 3665 379 3580 3624 3624 3592 4063 4063 4063 4063 4063 4063 4063 4063
3459 1777285854 3550 3695 3666 378 3581 3624 3624 3592 4063 4063 4062 4062 4062 4062 4062 4062
3460 1777285854 3549 3694 3666 379 3580 3624 3624 3592 4063 4063 4062 4062 4062 4062 4062 4062
3461 1777285854 3550 3695 3666 379 3581 3624 3624 3593 4063 4063 4062 4062 4062 4062 4062 4062
3462 1777285854 3549 3694 3665 379 3580 3623 3624 3592 4063 4063 4063 4063 4063 4063 4063 4063
3463 1777285855 3548 3693 3665 378 3580 3623 3623 3591 4063 4061 4061 4061 4061 4061 4061 4061
3464 1777285855 3549 3693 3665 379 3579 3623 3623 3591 4063 4063 4062 4062 4062 4062 4062 4062
3465 1777285855 3549 3694 3665 379 3579 3623 3623 3591 4061 4061 4061 4061 4061 4061 4061 4061
3466 1777285855 3549 3693 3666 379 3579 3623 3624 3591 4061 4061 4061 4061 4061 4061 4061 4061
3467 1777285855 3550 3694 3666 379 3580 3623 3625 3592 4061 4061 4061 4061 4061 4061 4061 4061
3468 1777285855 3549 3693 3665 379 3580 3624 3624 3592 4063 4063 4062 4062 4062 4062 4062 4062
3469 1777285855 3550 3694 3666 379 3580 3624 3624 3592 4061 4061 4061 4061 4061 4061 4061 4061
3470 1777285855 3548 3693 3665 379 3579 3623 3623 3591 4061 4061 4061 4061 4061 4061 4061 4061
3471 1777285855 3549 3694 3666 378 3580 3624 3624 3592 4063 4063 4063 4063 4063 4063 4063 4063
3472 1777285855 3549 3694 3665 379 3580 3624 3624 3592 4061 4061 4061 4061 4061 4061 4061 4061
3473 1777285855 3549 3694 3666 379 3579 3623 3624 3592 4063 4063 4062 4062 4062 4062 4062 4062
3474 1777285855 3550 3694 3666 379 3580 3624 3624 3592 4063 4063 4063 4063 4063 4063 4063 4063
3475 1777285855 3550 3694 3667 379 3581 3624 3625 3593 4063 4062 4062 4062 4062 4062 4062 4062
3476 1777285855 3549 3694 3665 379 3580 3624 3624 3592 4063 4063 4062 4062 4062 4062 4062 4062
3477 1777285855 3550 3694 3666 380 3579 3624 3625 3593 4063 4063 4062 4062 4062 4062 4062 4062
3478 1777285855 3549 3693 3665 379 3578 3623 3624 3592 4061 4061 4061 4061 4061 4061 4061 4061
3479 1777285855 3550 3695 3667 379 3581 3625 3625 3593 4061 4061 4061 4061 4061 4061 4061 4061
3480 1777285855 3550 3694 3666 379 3580 3624 3624 3592 4061 4061 4061 4061 4061 4061 4061 4061
3481 1777285855 3549 3694 3665 378 3580 3624 3624 3592 4061 4061 4061 4061 4061 4061 4061 4061
3482 1777285855 3549 3694 3666 379 3580 3623 3623 3592 4063 4061 4061 4061 4061 4061 4061 4061
3483 1777285855 3548 3692 3665 379 3579 3623 3623 3591 4061 4061 4060 4060 4060 4060 4060 4060
3484 1777285855 3550 3694 3666 379 3580 3624 3624 3592 4063 4063 4062 4062 4062 4062 4062 4062
3485 1777285855 3548 3693 3665 379 3579 3623 3624 3592 4063 4063 4062 4062 4062 4062 4062 4062
3486 1777285855 3550 3695 3666 379 3580 3624 3624 3592 4061 4061 4061 4061 4061 4061 4061 4061
3487 1777285855 3550 3694 3667 379 3580 3624 3624 3592 4061 4061 4061 4061 4061 4061 4061 4061
3488 1777285855 3550 3695 3667 378 3580 3624 3624 3592 4061 4061 4061 4061 4061 4061 4061 4061
3489 1777285855 3550 3694 3666 380 3580 3624 3624 3592 4063 4063 4062 4062 4062 4062 4062 4062
3490 1777285855 3549 3694 3666 379 3580 3624 3624 3592 4061 4061 4061 4061 4061 4061 4061 4061
3491 1777285855 3550 3694 3666 378 3580 3624 3624 3592 4063 4063 4062 4062 4062 4062 4062 4062
3492 1777285855 3549 3694 3666 379 3580 3624 3624 3592 4063 4063 4062 4062 4062 4062 4062 4062
3493 1777285863 3548 3692 3664 379 3578 3622 3622 3590 4063 4063 4062 4062 4062 4062 4062 4062
3494 1777285863 3549 3694 3666 378 3580 3623 3624 3591 4063 4063 4062 4062 4062 4062 4062 4062
3495 1777285863 3549 3693 3666 379 3580 3624 3624 3592 4061 4061 4061 4061 4061 4061 4061 4061
3496 1777285863 3549 3694 3665 379 3580 3623 3624 3592 4063 4063 4062 4062 4062 4062 4062 4062
3497 1777285863 3548 3693 3665 379 3579 3623 3623 3591 4063 4063 4062 4062 4062 4062 4062 4062
3498 1777285863 3549 3693 3666 379 3579 3623 3623 3591 4063 4063 4062 4062 4062 4062 4062 4062
3499 1777285863 3548 3693 3665 379 3579 3623 3623 3592 4063 4063 4063 4063 4063 4063 4063 4063
3500 1777285863 3549 3693 3666 379 3579 3624 3624 3591 4061 4061 4061 4061 4061 4061 4061 4061
3501 1777285863 3548 3693 3664 379 3578 3622 3622 3590 4063 4062 4062 4062 4062 4062 4062 4062
3502 1777285863 3550 3694 3666 378 3581 3624 3625 3592 4063 4063 4062 4062 4062 4062 4062 4062
3503 1777285863 3549 3693 3665 379 3579 3623 3623 3591 4061 4061 4061 4061 4061 4061 4061 4061
3504 1777285863 3549 3694 3665 378 3580 3623 3623 3591 4063 4063 4062 4062 4062 4062 4062 4062
3505 1777285863 3549 3694 3666 379 3580 3623 3624 3592 4063 4063 4062 4062 4062 4062 4062 4062
3506 1777285863 3549 3694 3666 379 3580 3624 3624 3592 4061 4061 4061 4061 4061 4061 4061 4061
3507 1777285863 3549 3694 3666 379 3580 3624 3624 3592 4063 4063 4062 4062 4062 4062 4062 4062
3508 1777285863 3550 3694 3666 380 3579 3624 3624 3592 4063 4063 4062 4062 4062 4062 4062 4062
3509 1777285863 3549 3694 3666 379 3580 3623 3624 3592 4063 4063 4063 4063 4063 4063 4063 4063
3510 1777285863 3550 3694 3666 379 3580 3624 3624 3592 4063 4063 4063 4063 4063 4063 4063 4063
3511 1777285863 3550 3694 3666 379 3580 3624 3624 3592 4063 4062 4062 4062 4062 4062 4062 4062
3512 1777285863 3550 3694 3666 379 3581 3624 3625 3592 4061 4061 4061 4061 4061 4061 4061 4061
3513 1777285863 3549 3694 3666 379 3580 3624 3624 3592 4061 4061 4061 4061 4061 4061 4061 4061
3514 1777285863 3550 3694 3666 378 3581 3624 3624 3592 4063 4063 4062 4062 4062 4062 4062 4062
3515 1777285863 3549 3694 3666 379 3580 3624 3624 3592 4063 4063 4062 4062 4062 4062 4062 4062
3516 1777285863 3550 3695 3667 379 3581 3624 3625 3593 4063 4063 4062 4062 4062 4062 4062 4062
3517 1777285863 3550 3694 3667 379 3580 3623 3624 3592 4063 4063 4063 4063 4063 4063 4063 4063
3518 1777285863 3550 3694 3666 380 3580 3624 3625 3593 4063 4063 4063 4063 4063 4063 4063 4063
3519 1777285863 3550 3694 3667 379 3580 3624 3625 3593 4061 4061 4061 4061 4061 4061 4061 4061
3520 1777285863 388 3693 438 378 3581 3624 3624 3593 4063 4063 4062 4062 4062 4062 4062 4062
3521 1777285863 3549 3694 3666 379 3580 3624 3624 3592 4061 4061 4061 4061 4061 4061 4061 4061
3522 1777285863 3550 3694 3667 378 3581 3624 3624 3592 4063 4063 4062 4062 4062 4062 4062 4062
3523 1777285863 3549 3694 3666 379 3580 3624 3624 3592 4063 4063 4062 4062 4062 4062 4062 4062
3524 1777285863 3550 3694 3666 379 3579 3624 3624 3592 4063 4063 4062 4062 4062 4062 4062 4062
3525 1777285863 3550 3695 3667 379 3580 3624 3624 3592 4061 4061 4061 4061 4061 4061 4061 4061
3526 1777285863 3549 3693 3666 379 3580 3624 3624 3592 4061 4061 4061 4061 4061 4061 4061 4061
3527 1777285863 3550 3694 3666 379 3581 3624 3624 3592 4063 4062 4062 4062 4062 4062 4062 4062
3528 1777285863 3550 3694 3666 379 3581 3625 3624 3592 4063 4063 4062 4062 4062 4062 4062 4062
3529 1777285863 3549 3694 3666 379 3580 3623 3624 3592 4063 4063 4062 4062 4062 4062 4062 4062
3530 1777285863 3550 3694 3666 380 3580 3624 3624 3592 4063 4063 4062 4062 4062 4062 4062 4062
3531 1777285863 3550 3694 3666 379 3580 3624 3624 3592 4061 4061 4061 4061 4061 4061 4061 4061
3532 1777285863 3550 3695 3666 380 3580 3624 3624 3592 4063 4063 4063 4063 4063 4063 4063 4063
3533 1777285863 3550 3695 3667 379 3581 3624 3625 3593 4063 4063 4062 4062 4062 4062 4062 4062
3534 1777285863 3550 3695 3666 379 3581 3625 3625 3592 4061 4061 4061 4061 4061 4061 4061 4061
3535 1777285863 3550 3695 3667 379 3581 3624 3624 3592 4061 4061 4061 4061 4061 4061 4061 4061
3536 1777285863 3550 3694 3666 379 3580 3624 3624 3592 4063 4063 4062 4062 4062 4062 4062 4062
3537 1777285863 3550 3695 3666 379 3581 3624 3625 3593 4063 4063 4062 4062 4062 4062 4062 4062
3538 1777285863 3549 3693 3665 379 3579 3623 3623 3591 4061 4061 4061 4061 4061 4061 4061 4061
3539 1777285863 3550 3694 3666 381 3580 3624 3624 3592 4063 4063 4063 4063 4063 4063 4063 4063
3540 1777285863 3550 3694 3666 380 3579 3624 3624 3592 4061 4061 4061 4061 4061 4061 4061 4061
3541 1777285863 3550 3694 3667 379 3581 3625 3625 3593 4063 4063 4062 4062 4062 4062 4062 4062
3542 1777285864 3550 3695 3667 380 3581 3624 3624 3592 4063 4062 4062 4062 4062 4062 4062 4062
3543 1777285864 3550 3695 3666 379 3581 3625 3625 3592 4063 4063 4062 4062 4062 4062 4062 4062
3544 1777285864 3550 3694 3666 379 3580 3624 3624 3592 4065 4063 4063 4063 4063 4063 4063 4063
3545 1777285864 3550 3695 3667 379 3581 3625 3625 3593 4063 4063 4062 4062 4062 4062 4062 4062
3546 1777285864 3549 3694 3666 379 3580 3624 3624 3592 4063 4063 4062 4062 4062 4062 4062 4062
3547 1777285864 3549 3694 3665 379 3580 3623 3624 3592 4061 4061 4061 4061 4061 4061 4061 4061
3548 1777285864 3549 3694 3666 379 3579 3623 3623 3591 4061 4061 4061 4061 4061 4061 4061 4061
3549 1777285864 3549 3694 3666 379 3580 3624 3624 3593 4063 4063 4062 4062 4062 4062 4062 4062
3550 1777285864 3550 3694 3666 380 3581 3624 3625 3593 4063 4063 4062 4062 4062 4062 4062 4062
3551 1777285864 3550 3694 3666 380 3580 3624 3625 3593 4061 4061 4061 4061 4061 4061 4061 4061
3552 1777285864 3550 3695 3666 380 3580 3623 3624 3592 4063 4063 4062 4062 4062 4062 4062 4062
3553 1777285864 3550 3694 3666 379 3580 3623 3624 3592 4061 4061 4061 4061 4061 4061 4061 4061
3554 1777285864 3550 3695 3666 379 3581 3625 3625 3593 4063 4063 4062 4062 4062 4062 4062 4062
3555 1777285864 3550 3695 3667 379 3581 3625 3625 3593 4061 4061 4060 4060 4060 4060 4060 4060
3556 1777285864 3550 3695 3666 379 3581 3624 3624 3592 4061 4061 4061 4061 4061 4061 4061 4061
3557 1777285864 3550 3694 3667 379 3582 3625 3625 3592 4063 4063 4063 4063 4063 4063 4063 4063
3558 1777285864 3550 3694 3666 378 3581 3624 3625 3593 4063 4063 4062 4062 4062 4062 4062 4062
3559 1777285864 3550 3695 3667 379 3581 3625 3625 3593 4061 4061 4061 4061 4061 4061 4061 4061
3560 1777285864 3551 3695 3667 379 3581 3625 3625 3594 4063 4063 4063 4063 4063 4063 4063 4063
3561 1777285864 3550 3695 3667 379 3581 3624 3624 3593 4061 4061 4061 4061 4061 4061 4061 4061
3562 1777285864 3550 3695 3666 378 3581 3625 3625 3593 4063 4063 4062 4062 4062 4062 4062 4062
3563 1777285864 3550 3694 3666 379 3580 3624 3625 3593 4063 4063 4062 4062 4062 4062 4062 4062
3564 1777285864 3549 3693 3666 380 3579 3623 3624 3592 4063 4063 4062 4062 4062 4062 4062 4062
3565 1777285864 3549 3694 3666 379 3580 3624 3624 3592 4061 4061 4060 4060 4060 4060 4060 4060
3566 1777285864 3550 3695 3666 379 3581 3624 3624 3592 4063 4063 4062 4062 4062 4062 4062 4062
3567 1777285864 3549 3694 3666 380 3580 3624 3624 3592 4061 4061 4061 4061 4061 4061 4061 4061
3568 1777285864 3549 3694 3666 379 3580 3624 3624 3592 4063 4062 4062 4062 4062 4062 4062 4062
3569 1777285864 3551 3695 3667 379 3581 3625 3626 3593 4063 4063 4062 4062 4062 4062 4062 4062
3570 1777285864 3551 3695 3667 379 3581 3624 3625 3593 4063 4063 4063 4063 4063 4063 4063 4063
3571 1777285864 3550 3695 3667 379 3580 3624 3625 3592 4065 4063 4063 4063 4063 4063 4063 4063
3572 1777285864 3550 3694 3667 380 3579 3624 3625 3592 4063 4063 4062 4062 4062 4062 4062 4062
3573 1777285864 3550 3694 3666 380 3581 3625 3625 3593 4061 4061 4061 4061 4061 4061 4061 4061
3574 1777285864 3550 3695 3666 380 3581 3624 3625 3593 4063 4063 4062 4062 4062 4062 4062 4062
3575 1777285864 3549 3693 3665 380 3580 3624 3624 3592 4063 4063 4063 4063 4063 4063 4063 4063
3576 1777285864 3550 3695 3667 379 3581 3624 3624 3592 4063 4063 4063 4063 4063 4063 4063 4063
3577 1777285864 3551 3695 3667 379 3581 3624 3624 3592 4063 4063 4063 4063 4063 4063 4063 4063
3578 1777285864 3550 3694 3667 379 3581 3624 3624 3592 4059 4059 4059 4059 4059 4059 4059 4059
3579 1777285864 3550 3694 3667 380 3580 3624 3624 3592 4063 4063 4062 4062 4062 4062 4062 4062
3580 1777285864 3550 3695 3667 379 3581 3624 3625 3593 4063 4063 4062 4062 4062 4062 4062 4062
3581 1777285864 3550 3694 3667 379 3580 3624 3625 3592 4063 4063 4063 4063 4063 4063 4063 4063
3582 1777285864 3550 3695 3667 379 3581 3624 3625 3593 4063 4061 4061 4061 4061 4061 4061 4061
3583 1777285864 3550 3695 3666 380 3581 3625 3625 3593 4061 4061 4061 4061 4061 4061 4061 4061
3584 1777285864 3550 3695 3667 380 3581 3624 3624 3592 4061 4061 4061 4061 4061 4061 4061 4061
3585 1777285864 3550 3694 3666 379 3581 3624 3625 3593 4063 4063 4063 4063 4063 4063 4063 4063
3586 1777285864 3551 3695 3667 380 3581 3625 3626 3594 4063 4063 4062 4062 4062 4062 4062 4062
3587 1777285864 3550 3694 3666 379 3580 3624 3625 3592 4063 4063 4063 4063 4063 4063 4063 4063
3588 1777285864 3550 3694 3666 380 3581 3625 3624 3593 4063 4063 4063 4063 4063 4063 4063 4063
3589 1777285864 3550 3694 3666 379 3581 3624 3625 3592 4063 4063 4062 4062 4062 4062 4062 4062
3590 1777285864 3550 3695 3666 379 3581 3624 3624 3592 4063 4063 4063 4063 4063 4063 4063 4063
3591 1777285864 3551 3695 3667 380 3581 3625 3625 3593 4063 4063 4062 4062 4062 4062 4062 4062
3592 1777285864 3550 3694 3667 379 3581 3624 3625 3592 4063 4063 4062 4062 4062 4062 4062 4062
3593 1777285864 3550 3695 3667 380 3581 3624 3625 3593 4061 4061 4061 4061 4061 4061 4061 4061
3594 1777285864 3550 3694 3666 380 3580 3624 3624 3592 4061 4061 4061 4061 4061 4061 4061 4061
3595 1777285864 3550 3694 3666 379 3580 3625 3624 3592 4063 4063 4062 4062 4062 4062 4062 4062
3596 1777285864 3550 3695 3666 380 3581 3624 3625 3592 4061 4061 4061 4061 4061 4061 4061 4061
3597 1777285864 3551 3696 3668 379 3582 3625 3625 3593 4063 4063 4062 4062 4062 4062 4062 4062
3598 1777285864 3551 3695 3667 380 3582 3625 3626 3593 4061 4061 4061 4061 4061 4061 4061 4061
3599 1777285864 3550 3695 3667 380 3581 3625 3626 3594 4063 4063 4063 4063 4063 4063 4063 4063
3600 1777285864 3550 3694 3667 380 3581 3624 3625 3593 4063 4063 4062 4062 4062 4062 4062 4062
3601 1777285864 3550 3695 3667 379 3581 3625 3625 3593 4061 4061 4061 4061 4061 4061 4061 4061
3602 1777285864 3550 3695 3667 380 3581 3624 3625 3593 4063 4063 4063 4063 4063 4063 4063 4063
3603 1777285864 3550 3695 3667 381 3580 3625 3626 3594 4063 4063 4063 4063 4063 4063 4063 4063
3604 1777285864 3551 3695 3668 380 3581 3625 3626 3594 4061 4061 4061 4061 4061 4061 4061 4061
3605 1777285865 3550 3694 3667 379 3580 3624 3625 3593 4063 4063 4063 4063 4063 4063 4063 4063
3606 1777285865 3550 3694 3666 380 3581 3625 3625 3593 4061 4061 4061 4061 4061 4061 4061 4061
3607 1777285865 3551 3695 3667 380 3581 3625 3625 3593 4063 4061 4061 4061 4061 4061 4061 4061
3608 1777285865 3550 3695 3667 379 3581 3624 3625 3593 4063 4063 4062 4062 4062 4062 4062 4062
3609 1777285865 3550 3695 3666 380 3580 3624 3624 3592 4063 4063 4062 4062 4062 4062 4062 4062
3610 1777285865 3550 3695 3667 380 3581 3625 3625 3593 4061 4061 4061 4061 4061 4061 4061 4061
3611 1777285865 3551 3695 3667 380 3581 3625 3625 3594 4059 4059 4059 4059 4059 4059 4059 4059
3612 1777285865 3552 3696 3668 380 3581 3624 3625 3593 4063 4063 4063 4063 4063 4063 4063 4063
3613 1777285865 3550 3695 3667 380 3580 3624 3624 3593 4063 4063 4062 4062 4062 4062 4062 4062
3614 1777285865 3551 3695 3668 379 3581 3625 3625 3593 4061 4061 4061 4061 4061 4061 4061 4061
3615 1777285865 3550 3694 3667 379 3581 3625 3625 3593 4061 4061 4061 4061 4061 4061 4061 4061
3616 1777285865 3550 3694 3666 380 3581 3624 3624 3592 4061 4061 4061 4061 4061 4061 4061 4061
3617 1777285865 3551 3695 3667 379 3581 3625 3624 3593 4063 4063 4062 4062 4062 4062 4062 4062
3618 1777285865 3550 3695 3667 380 3581 3625 3625 3593 4063 4063 4063 4063 4063 4063 4063 4063
3619 1777285865 3550 3695 3667 380 3580 3625 3625 3593 4063 4063 4062 4062 4062 4062 4062 4062
3620 1777285865 3551 3695 3667 380 3581 3624 3625 3593 4063 4063 4063 4063 4063 4063 4063 4063
3621 1777285865 3551 3695 3666 380 3581 3625 3625 3593 4065 4063 4063 4063 4063 4063 4063 4063
3622 1777285865 3550 3694 3667 380 3580 3624 3624 3593 4063 4063 4062 4062 4062 4062 4062 4062
3623 1777285865 3551 3695 3667 380 3581 3625 3626 3593 4063 4063 4062 4062 4062 4062 4062 4062
3624 1777285865 3550 3695 3667 380 3580 3624 3624 3592 4063 4063 4062 4062 4062 4062 4062 4062
3625 1777285865 3550 3695 3667 379 3581 3624 3625 3593 4061 4061 4061 4061 4061 4061 4061 4061
3626 1777285865 3550 3695 3667 379 3581 3625 3625 3592 4063 4063 4063 4063 4063 4063 4063 4063
3627 1777285865 3552 3697 3669 379 3583 3627 3627 3595 4063 4063 4062 4062 4062 4062 4062 4062
3628 1777285865 3551 3696 3668 380 3581 3625 3625 3593 4063 4063 4062 4062 4062 4062 4062 4062
3629 1777285865 3551 3696 3668 380 3582 3625 3626 3594 4063 4063 4063 4063 4063 4063 4063 4063
3630 1777285865 3551 3695 3667 380 3581 3625 3625 3593 4063 4063 4062 4062 4062 4062 4062 4062
3631 1777285865 3550 3695 3666 380 3580 3624 3625 3592 4063 4063 4062 4062 4062 4062 4062 4062
3632 1777285865 3550 3695 3667 380 3581 3624 3625 3593 4063 4063 4062 4062 4062 4062 4062 4062
3633 1777285865 3551 3695 3667 379 3581 3625 3625 3593 4059 4059 4059 4059 4059 4059 4059 4059
3634 1777285865 3551 3695 3668 380 3581 3625 3625 3594 4061 4061 4061 4061 4061 4061 4061 4061
3635 1777285865 3552 3696 3668 379 3582 3625 3626 3594 4063 4063 4062 4062 4062 4062 4062 4062
3636 1777285865 3552 3696 3668 380 3582 3626 3626 3594 4061 4061 4061 4061 4061 4061 4061 4061
3637 1777285865 3551 3696 3668 380 3582 3625 3626 3594 4063 4063 4062 4062 4062 4062 4062 4062
3638 1777285865 3551 3696 3668 379 3581 3625 3625 3593 4063 4063 4062 4062 4062 4062 4062 4062
3639 1777285865 3551 3695 3667 380 3581 3625 3625 3593 4063 4063 4062 4062 4062 4062 4062 4062
3640 1777285865 3551 3696 3668 380 3582 3626 3626 3594 4063 4063 4063 4063 4063 4063 4063 4063
3641 1777285865 3551 3696 3667 379 3582 3625 3626 3593 4063 4063 4062 4062 4062 4062 4062 4062
3642 1777285865 3551 3696 3668 380 3581 3625 3625 3593 4063 4063 4062 4062 4062 4062 4062 4062
3643 1777285865 3551 3696 3668 380 3582 3625 3625 3594 4063 4063 4062 4062 4062 4062 4062 4062
3644 1777285865 3551 3696 3668 380 3581 3625 3625 3593 4063 4063 4062 4062 4062 4062 4062 4062
3645 1777285865 3551 3695 3667 379 3582 3626 3626 3594 4063 4063 4062 4062 4062 4062 4062 4062
3646 1777285865 3550 3695 3667 380 3581 3625 3625 3593 4063 4063 4062 4062 4062 4062 4062 4062
3647 1777285865 3551 3695 3667 380 3581 3625 3625 3593 4063 4063 4062 4062 4062 4062 4062 4062
3648 1777285865 3551 3695 3667 380 3581 3625 3625 3593 4061 4061 4061 4061 4061 4061 4061 4061
3649 1777285865 3551 3696 3668 379 3582 3626 3626 3594 4061 4061 4061 4061 4061 4061 4061 4061
3650 1777285865 3551 3696 3668 380 3581 3625 3626 3594 4061 4061 4061 4061 4061 4061 4061 4061
3651 1777285865 3550 3694 3666 381 3580 3624 3625 3593 4061 4061 4061 4061 4061 4061 4061 4061
3652 1777285865 3551 3695 3667 380 3581 3625 3625 3594 4063 4063 4062 4062 4062 4062 4062 4062
3653 1777285865 3551 3695 3667 380 3581 3625 3625 3593 4063 4063 4062 4062 4062 4062 4062 4062
3654 1777285865 3552 3696 3668 380 3581 3625 3626 3594 4063 4063 4062 4062 4062 4062 4062 4062
3655 1777285865 3551 3696 3668 380 3582 3626 3626 3594 4063 4063 4062 4062 4062 4062 4062 4062
3656 1777285865 3551 3695 3667 380 3581 3625 3625 3593 4063 4063 4063 4063 4063 4063 4063 4063
3657 1777285865 3551 3695 3667 380 3581 3625 3625 3593 4061 4061 4061 4061 4061 4061 4061 4061
3658 1777285866 3551 3695 3667 379 3581 3625 3625 3593 4063 4063 4063 4063 4063 4063 4063 4063
3659 1777285866 3551 3695 3667 380 3581 3624 3624 3593 4061 4061 4061 4061 4061 4061 4061 4061
3660 1777285866 3552 3696 3668 380 3582 3625 3626 3594 4063 4063 4062 4062 4062 4062 4062 4062
3661 1777285866 3551 3695 3668 379 3582 3626 3626 3594 4063 4063 4062 4062 4062 4062 4062 4062
3662 1777285866 3551 3695 3667 380 3581 3625 3625 3594 4063 4063 4062 4062 4062 4062 4062 4062
3663 1777285866 3552 3696 3668 380 3582 3625 3625 3594 4063 4063 4062 4062 4062 4062 4062 4062
3664 1777285866 3548 3693 3665 378 3579 3623 3623 3591 4063 4063 4062 4062 4062 4062 4062 4062
3665 1777285866 3549 3694 3666 378 3580 3623 3624 3592 4063 4063 4062 4062 4062 4062 4062 4062
3666 1777285866 3549 3693 3666 378 3579 3623 3624 3591 4061 4061 4061 4061 4061 4061 4061 4061
3667 1777285866 3549 3693 3665 378 3579 3623 3623 3590 4063 4063 4062 4062 4062 4062 4062 4062
3668 1777285866 3549 3694 3666 380 3579 3623 3623 3591 4063 4063 4062 4062 4062 4062 4062 4062
3669 1777285866 3549 3694 3665 379 3578 3623 3624 3591 4061 4061 4061 4061 4061 4061 4061 4061
3670 1777285866 3548 3693 3665 378 3577 3623 3623 3591 4063 4063 4063 4063 4063 4063 4063 4063
3671 1777285866 3549 3694 3666 378 3580 3624 3625 3592 4061 4061 4061 4061 4061 4061 4061 4061
3672 1777285866 3549 3693 3665 378 3579 3623 3624 3591 4063 4061 4061 4061 4061 4061 4061 4061
3673 1777285866 3549 3694 3666 378 3580 3624 3624 3592 4063 4063 4062 4062 4062 4062 4062 4062
3674 1777285866 3549 3694 3666 378 3579 3623 3623 3591 4063 4063 4063 4063 4063 4063 4063 4063
3675 1777285866 3549 3694 3666 379 3580 3624 3624 3592 4063 4063 4062 4062 4062 4062 4062 4062
3676 1777285866 3549 3693 3665 378 3579 3623 3623 3591 4063 4063 4062 4062 4062 4062 4062 4062
3677 1777285866 3549 3693 3665 379 3580 3623 3624 3592 4061 4061 4061 4061 4061 4061 4061 4061
3678 1777285866 3549 3694 3665 378 3580 3624 3624 3592 4061 4061 4061 4061 4061 4061 4061 4061
3679 1777285866 3549 3694 3666 378 3579 3623 3623 3592 4063 4063 4062 4062 4062 4062 4062 4062
3680 1777285866 3549 3693 3665 378 3579 3623 3623 3592 4063 4063 4062 4062 4062 4062 4062 4062
3681 1777285866 3549 3694 3666 378 3580 3624 3624 3592 4063 4063 4062 4062 4062 4062 4062 4062
3682 1777285866 3550 3694 3666 378 3580 3623 3624 3592 4061 4061 4061 4061 4061 4061 4061 4061
3683 1777285866 3550 3693 3666 379 3580 3623 3624 3592 4063 4063 4062 4062 4062 4062 4062 4062
3684 1777285866 3549 3693 3666 378 3579 3623 3623 3591 4063 4063 4062 4062 4062 4062 4062 4062
3685 1777285866 3548 3693 3666 379 3580 3623 3623 3591 4065 4063 4063 4063 4063 4063 4063 4063
3686 1777285866 3550 3695 3666 378 3580 3624 3624 3593 4063 4063 4063 4063 4063 4063 4063 4063
3687 1777285866 3550 3694 3666 379 3580 3624 3624 3592 4063 4063 4063 4063 4063 4063 4063 4063
3688 1777285866 3550 3695 3667 378 3581 3624 3625 3593 4063 4063 4062 4062 4062 4062 4062 4062
3689 1777285866 3550 3695 3667 378 3580 3624 3624 3592 4063 4063 4062 4062 4062 4062 4062 4062
3690 1777285866 3550 3693 3666 378 3580 3624 3624 3592 4061 4061 4061 4061 4061 4061 4061 4061
3691 1777285866 3549 3694 3665 378 3580 3623 3623 3591 4063 4063 4062 4062 4062 4062 4062 4062
3692 1777285866 3550 3695 3667 378 3581 3625 3624 3593 4061 4061 4061 4061 4061 4061 4061 4061
3693 1777285866 3549 3694 3666 379 3580 3624 3624 3593 4063 4063 4063 4063 4063 4063 4063 4063
3694 1777285866 3550 3694 3666 378 3579 3624 3624 3592 4061 4061 4061 4061 4061 4061 4061 4061
3695 1777285866 3550 3694 3666 379 3580 3624 3624 3592 4061 4061 4061 4061 4061 4061 4061 4061
3696 1777285866 3550 3694 3666 379 3580 3624 3624 3591 4063 4063 4062 4062 4062 4062 4062 4062
3697 1777285866 3549 3693 3665 379 3580 3623 3623 3591 4063 4063 4063 4063 4063 4063 4063 4063
3698 1777285866 3550 3694 3666 378 3581 3624 3624 3592 4063 4063 4062 4062 4062 4062 4062 4062
3699 1777285866 3550 3694 3666 378 3580 3624 3624 3593 4061 4061 4061 4061 4061 4061 4061 4061
3700 1777285866 3550 3694 3666 379 3579 3624 3624 3592 4063 4063 4062 4062 4062 4062 4062 4062
3701 1777285866 3549 3693 3665 379 3580 3623 3623 3591 4063 4063 4062 4062 4062 4062 4062 4062
3702 1777285866 3549 3694 3666 379 3581 3624 3625 3593 4063 4063 4062 4062 4062 4062 4062 4062
3703 1777285866 3549 3695 3667 379 3580 3624 3624 3592 4063 4063 4062 4062 4062 4062 4062 4062
3704 1777285866 3549 3694 3666 379 3579 3623 3624 3592 4063 4063 4062 4062 4062 4062 4062 4062
3705 1777285866 3549 3693 3666 378 3580 3623 3624 3592 4063 4063 4063 4063 4063 4063 4063 4063
3706 1777285866 3549 3694 3665 378 3579 3623 3623 3591 4063 4063 4062 4062 4062 4062 4062 4062
3707 1777285866 3549 3694 3666 378 3580 3624 3624 3592 4063 4063 4062 4062 4062 4062 4062 4062
3708 1777285866 3549 3693 3665 379 3579 3624 3624 3592 4063 4063 4063 4063 4063 4063 4063 4063
3709 1777285866 3550 3694 3667 379 3580 3624 3625 3593 4063 4063 4063 4063 4063 4063 4063 4063
3710 1777285866 3549 3694 3666 379 3580 3624 3624 3592 4063 4063 4062 4062 4062 4062 4062 4062
3711 1777285866 3549 3693 3666 379 3580 3623 3624 3592 4065 4063 4063 4063 4063 4063 4063 4063
3712 1777285866 3550 3695 3667 378 3581 3624 3625 3592 4061 4061 4061 4061 4061 4061 4061 4061
3713 1777285866 3550 3694 3667 379 3581 3624 3624 3592 4063 4063 4062 4062 4062 4062 4062 4062
3714 1777285866 3550 3695 3666 378 3581 3625 3625 3594 4063 4063 4062 4062 4062 4062 4062 4062
3715 1777285866 3550 3694 3666 379 3580 3624 3625 3592 4063 4063 4062 4062 4062 4062 4062 4062
3716 1777285866 3549 3694 3666 378 3580 3624 3624 3592 4063 4063 4062 4062 4062 4062 4062 4062
3717 1777285866 3550 3694 3666 379 3580 3624 3623 3592 4061 4061 4061 4061 4061 4061 4061 4061
3718 1777285866 3549 3693 3665 378 3579 3623 3623 3592 4063 4063 4062 4062 4062 4062 4062 4062
3719 1777285866 3549 3694 3666 378 3580 3623 3624 3592 4063 4063 4063 4063 4063 4063 4063 4063
3720 1777285866 3550 3694 3666 378 3580 3624 3624 3592 4063 4063 4063 4063 4063 4063 4063 4063
3721 1777285866 3549 3693 3665 379 3579 3623 3623 3591 4063 4063 4062 4062 4062 4062 4062 4062
3722 1777285867 3549 3694 3666 378 3581 3624 3624 3592 4063 4063 4062 4062 4062 4062 4062 4062
3723 1777285867 3549 3694 3666 379 3580 3624 3624 3592 4061 4061 4061 4061 4061 4061 4061 4061
3724 1777285867 3549 3694 3666 378 3579 3624 3624 3592 4063 4063 4062 4062 4062 4062 4062 4062
3725 1777285867 3550 3694 3666 379 3580 3623 3624 3593 4063 4062 4062 4062 4062 4062 4062 4062
3726 1777285867 3550 3694 3666 379 3580 3624 3624 3592 4063 4063 4062 4062 4062 4062 4062 4062
3727 1777285867 3549 3694 3666 378 3580 3624 3624 3592 4063 4063 4062 4062 4062 4062 4062 4062
3728 1777285867 3549 3694 3666 379 3580 3623 3623 3592 4061 4061 4061 4061 4061 4061 4061 4061
3729 1777285867 3549 3694 3666 379 3580 3624 3624 3592 4063 4063 4062 4062 4062 4062 4062 4062
3730 1777285867 3549 3694 3666 378 3580 3624 3624 3591 4063 4063 4063 4063 4063 4063 4063 4063
3731 1777285867 3549 3694 3666 379 3580 3623 3624 3592 4063 4063 4062 4062 4062 4062 4062 4062
3732 1777285867 3551 3695 3667 380 3581 3625 3626 3594 4061 4061 4061 4061 4061 4061 4061 4061
3733 1777285867 3550 3694 3666 379 3580 3624 3624 3592 4063 4063 4063 4063 4063 4063 4063 4063
3734 1777285867 3549 3693 3666 378 3580 3623 3623 3592 4063 4063 4063 4063 4063 4063 4063 4063
3735 1777285867 3548 3693 3665 379 3579 3623 3623 3591 4061 4061 4061 4061 4061 4061 4061 4061
3736 1777285867 3549 3694 3666 378 3580 3624 3624 3592 4063 4063 4062 4062 4062 4062 4062 4062
3737 1777285867 3550 3695 3666 379 3580 3624 3624 3592 4061 4061 4061 4061 4061 4061 4061 4061
3738 1777285867 3550 3694 3666 378 3581 3624 3624 3592 4063 4063 4062 4062 4062 4062 4062 4062
3739 1777285867 3550 3695 3667 378 3580 3624 3624 3592 4063 4063 4062 4062 4062 4062 4062 4062
3740 1777285867 3550 3695 3667 379 3581 3624 3625 3593 4063 4062 4062 4062 4062 4062 4062 4062
3741 1777285867 3549 3694 3666 379 3580 3624 3624 3591 4061 4061 4061 4061 4061 4061 4061 4061
3742 1777285867 3550 3695 3667 378 3580 3624 3625 3592 4063 4063 4063 4063 4063 4063 4063 4063
3743 1777285867 3550 3694 3666 379 3580 3624 3624 3592 4063 4063 4063 4063 4063 4063 4063 4063
3744 1777285867 3549 3694 3667 379 3580 3624 3624 3592 4063 4063 4063 4063 4063 4063 4063 4063
3745 1777285867 3551 3695 3667 379 3582 3625 3626 3593 4063 4063 4062 4062 4062 4062 4062 4062
3746 1777285867 3551 3695 3667 379 3581 3624 3625 3593 4063 4063 4062 4062 4062 4062 4062 4062
3747 1777285867 3550 3695 3666 378 3580 3624 3625 3593 4059 4059 4059 4059 4059 4059 4059 4059
3748 1777285867 3550 3695 3667 379 3579 3624 3625 3592 4063 4063 4063 4063 4063 4063 4063 4063
3749 1777285867 3550 3695 3666 379 3580 3624 3624 3593 4063 4063 4062 4062 4062 4062 4062 4062
3750 1777285867 3550 3694 3666 378 3580 3624 3624 3592 4063 4063 4062 4062 4062 4062 4062 4062
3751 1777285867 3549 3694 3666 379 3580 3624 3624 3592 4063 4063 4063 4063 4063 4063 4063 4063
3752 1777285867 3549 3694 3665 379 3579 3623 3624 3592 4063 4063 4063 4063 4063 4063 4063 4063
3753 1777285867 3550 3694 3666 379 3580 3624 3624 3592 4063 4061 4061 4061 4061 4061 4061 4061
3754 1777285867 3549 3694 3666 379 3580 3623 3624 3593 4063 4063 4062 4062 4062 4062 4062 4062
3755 1777285867 3550 3694 3667 379 3581 3625 3625 3593 4063 4063 4062 4062 4062 4062 4062 4062
3756 1777285867 3549 3694 3666 379 3581 3624 3624 3592 4063 4063 4062 4062 4062 4062 4062 4062
3757 1777285867 3549 3694 3667 379 3580 3624 3625 3593 4061 4061 4061 4061 4061 4061 4061 4061
3758 1777285867 3550 3695 3666 379 3581 3624 3624 3592 4065 4063 4063 4063 4063 4063 4063 4063
3759 1777285867 3549 3694 3666 379 3580 3624 3624 3592 4063 4063 4062 4062 4062 4062 4062 4062
3760 1777285867 3550 3695 3667 379 3581 3624 3624 3593 4061 4061 4061 4061 4061 4061 4061 4061
3761 1777285867 3550 3694 3665 379 3580 3623 3624 3592 4063 4061 4061 4061 4061 4061 4061 4061
3762 1777285867 3549 3694 3666 379 3580 3624 3624 3593 4061 4061 4061 4061 4061 4061 4061 4061
3763 1777285867 3549 3694 3666 379 3580 3624 3624 3592 4063 4063 4062 4062 4062 4062 4062 4062
3764 1777285867 3549 3694 3666 380 3579 3624 3624 3592 4063 4061 4061 4061 4061 4061 4061 4061
3765 1777285867 3549 3693 3666 379 3580 3624 3624 3592 4061 4061 4061 4061 4061 4061 4061 4061
3766 1777285867 3549 3693 3666 379 3580 3623 3624 3592 4063 4063 4062 4062 4062 4062 4062 4062
3767 1777285867 3550 3694 3666 379 3580 3624 3624 3591 4063 4063 4062 4062 4062 4062 4062 4062
3768 1777285867 3550 3694 3666 379 3580 3624 3624 3592 4063 4063 4063 4063 4063 4063 4063 4063
3769 1777285867 3550 3694 3666 379 3580 3624 3624 3592 4061 4061 4061 4061 4061 4061 4061 4061
3770 1777285867 3550 3695 3667 378 3581 3625 3625 3593 4063 4063 4062 4062 4062 4062 4062 4062
3771 1777285867 3551 3695 3668 379 3582 3625 3626 3594 4063 4063 4062 4062 4062 4062 4062 4062
3772 1777285867 3550 3694 3666 379 3580 3624 3624 3592 4063 4063 4063 4063 4063 4063 4063 4063
3773 1777285867 3550 3695 3667 380 3581 3625 3625 3593 4061 4061 4061 4061 4061 4061 4061 4061
3774 1777285867 3550 3694 3667 379 3581 3624 3625 3592 4063 4063 4062 4062 4062 4062 4062 4062
3775 1777285867 3551 3695 3667 379 3581 3625 3625 3593 4061 4061 4061 4061 4061 4061 4061 4061
3776 1777285867 3550 3695 3667 379 3580 3624 3624 3593 4063 4063 4062 4062 4062 4062 4062 4062
3777 1777285867 3551 3695 3667 379 3581 3624 3625 3593 4063 4063 4062 4062 4062 4062 4062 4062
3778 1777285867 3549 3694 3665 379 3579 3623 3623 3591 4063 4063 4062 4062 4062 4062 4062 4062
3779 1777285867 3549 3694 3666 379 3580 3624 3624 3592 4061 4061 4061 4061 4061 4061 4061 4061
3780 1777285867 3550 3695 3667 380 3581 3624 3625 3593 4061 4061 4061 4061 4061 4061 4061 4061
3781 1777285867 3550 3694 3667 379 3580 3624 3624 3592 4063 4063 4062 4062 4062 4062 4062 4062
3782 1777285867 3550 3695 3667 379 3581 3625 3624 3592 4061 4061 4061 4061 4061 4061 4061 4061
3783 1777285867 3550 3694 3666 379 3580 3625 3624 3592 4063 4063 4062 4062 4062 4062 4062 4062
3784 1777285867 3551 3696 3668 379 3582 3625 3626 3593 4063 4062 4062 4062 4062 4062 4062 4062
3785 1777285867 3550 3694 3666 379 3581 3624 3624 3592 4063 4063 4063 4063 4063 4063 4063 4063
3786 1777285867 3551 3695 3667 379 3581 3625 3625 3593 4063 4062 4062 4062 4062 4062 4062 4062
3787 1777285867 3550 3694 3666 379 3580 3624 3624 3592 4063 4063 4062 4062 4062 4062 4062 4062
3788 1777285867 3549 3694 3666 380 3580 3624 3624 3592 4063 4063 4062 4062 4062 4062 4062 4062
3789 1777285867 3550 3695 3667 379 3581 3625 3625 3593 4061 4061 4061 4061 4061 4061 4061 4061
3790 1777285867 3550 3694 3666 379 3581 3624 3625 3593 4063 4062 4062 4062 4062 4062 4062 4062
3791 1777285867 3550 3695 3667 379 3580 3624 3625 3593 4063 4063 4062 4062 4062 4062 4062 4062
3792 1777285867 3550 3694 3667 379 3581 3624 3625 3593 4062 4063 4062 4062 4062 4062 4062 4062
3793 1777285867 3550 3694 3665 380 3580 3624 3624 3592 4063 4063 4062 4062 4062 4062 4062 4062
3794 1777285867 3551 3696 3667 382 3581 3625 3625 3593 4061 4061 4061 4061 4061 4061 4061 4061
3795 1777285868 3550 3695 3667 381 3580 3624 3624 3592 4063 4063 4063 4063 4063 4063 4063 4063
3796 1777285868 3550 3694 3667 380 3579 3625 3625 3593 4063 4063 4062 4062 4062 4062 4062 4062
3797 1777285868 3550 3695 3667 379 3581 3625 3625 3593 4063 4063 4062 4062 4062 4062 4062 4062
3798 1777285868 3551 3695 3667 379 3581 3625 3626 3593 4063 4063 4062 4062 4062 4062 4062 4062
3799 1777285868 3549 3694 3666 379 3580 3623 3623 3592 4063 4063 4063 4063 4063 4063 4063 4063
3800 1777285868 3550 3695 3667 379 3581 3624 3625 3593 4061 4061 4061 4061 4061 4061 4061 4061
3801 1777285868 3550 3695 3666 379 3581 3624 3624 3593 4061 4061 4061 4061 4061 4061 4061 4061
3802 1777285868 3550 3694 3667 379 3581 3624 3624 3592 4063 4063 4062 4062 4062 4062 4062 4062
3803 1777285868 3550 3694 3666 379 3580 3624 3624 3592 4059 4059 4059 4059 4059 4059 4059 4059
3804 1777285868 3549 3693 3666 378 3580 3624 3624 3593 4063 4063 4062 4062 4062 4062 4062 4062
3805 1777285868 3550 3694 3667 379 3581 3625 3625 3593 4063 4063 4063 4063 4063 4063 4063 4063
3806 1777285868 3550 3694 3666 379 3581 3624 3624 3593 4063 4061 4061 4061 4061 4061 4061 4061
3807 1777285868 3549 3693 3666 379 3580 3623 3624 3592 4061 4061 4061 4061 4061 4061 4061 4061
3808 1777285868 3551 3696 3667 379 3581 3625 3625 3593 4061 4061 4061 4061 4061 4061 4061 4061
3809 1777285868 3549 3694 3666 379 3580 3623 3624 3592 4063 4063 4062 4062 4062 4062 4062 4062
3810 1777285868 3550 3695 3666 379 3581 3624 3625 3592 4063 4063 4062 4062 4062 4062 4062 4062
3811 1777285868 3550 3694 3667 379 3580 3625 3625 3593 4063 4063 4063 4063 4063 4063 4063 4063
3812 1777285868 3550 3695 3666 380 3581 3625 3625 3593 4061 4061 4061 4061 4061 4061 4061 4061
3813 1777285868 3550 3694 3667 379 3581 3625 3625 3592 4063 4063 4062 4062 4062 4062 4062 4062
3814 1777285868 3550 3695 3667 379 3581 3625 3626 3593 4063 4063 4062 4062 4062 4062 4062 4062
3815 1777285868 3551 3695 3667 379 3580 3624 3624 3593 4063 4063 4062 4062 4062 4062 4062 4062
3816 1777285868 3549 3694 3666 380 3579 3624 3624 3592 4063 4063 4062 4062 4062 4062 4062 4062
3817 1777285868 3550 3694 3666 380 3580 3623 3624 3592 4059 4059 4059 4059 4059 4059 4059 4059
3818 1777285868 3550 3694 3666 380 3580 3624 3624 3593 4063 4063 4062 4062 4062 4062 4062 4062
3819 1777285868 3551 3695 3667 380 3581 3625 3625 3593 4061 4061 4061 4061 4061 4061 4061 4061
3820 1777285868 3550 3695 3666 379 3581 3624 3624 3592 4063 4063 4063 4063 4063 4063 4063 4063
3821 1777285868 3550 3695 3667 379 3581 3625 3625 3593 4063 4063 4063 4063 4063 4063 4063 4063
3822 1777285868 3550 3694 3666 379 3581 3624 3625 3592 4061 4061 4061 4061 4061 4061 4061 4061
3823 1777285868 3551 3695 3667 379 3582 3625 3625 3593 4063 4063 4062 4062 4062 4062 4062 4062
3824 1777285868 3550 3695 3667 379 3581 3624 3624 3592 4063 4063 4062 4062 4062 4062 4062 4062
3825 1777285868 3549 3694 3666 379 3580 3624 3623 3591 4063 4063 4063 4063 4063 4063 4063 4063
3826 1777285868 3550 3695 3666 380 3581 3625 3625 3593 4063 4063 4062 4062 4062 4062 4062 4062
3827 1777285868 3550 3694 3667 379 3580 3624 3624 3593 4063 4063 4062 4062 4062 4062 4062 4062
3828 1777285868 3551 3695 3667 380 3581 3624 3625 3593 4061 4061 4061 4061 4061 4061 4061 4061
3829 1777285868 3551 3695 3668 379 3582 3625 3625 3593 4061 4061 4061 4061 4061 4061 4061 4061
3830 1777285868 3550 3695 3667 379 3581 3624 3625 3593 4063 4062 4062 4062 4062 4062 4062 4062
3831 1777285868 3550 3695 3666 380 3580 3624 3625 3593 4063 4063 4062 4062 4062 4062 4062 4062
3832 1777285868 3550 3695 3667 379 3581 3625 3625 3593 4063 4063 4062 4062 4062 4062 4062 4062
3833 1777285868 3551 3695 3667 379 3581 3625 3625 3593 4063 4063 4062 4062 4062 4062 4062 4062
3834 1777285868 3550 3694 3666 379 3581 3624 3624 3592 4063 4062 4062 4062 4062 4062 4062 4062
3835 1777285868 3550 3694 3667 379 3580 3625 3625 3593 4063 4063 4062 4062 4062 4062 4062 4062
3836 1777285868 3549 3694 3666 380 3580 3624 3625 3592 4061 4061 4061 4061 4061 4061 4061 4061
3837 1777285868 3551 3695 3668 379 3582 3626 3626 3594 4063 4063 4062 4062 4062 4062 4062 4062
3838 1777285868 3551 3696 3668 380 3581 3626 3626 3594 4061 4061 4061 4061 4061 4061 4061 4061
3839 1777285868 3551 3696 3668 379 3582 3625 3625 3593 4061 4061 4061 4061 4061 4061 4061 4061
3840 1777285868 3551 3696 3668 379 3581 3625 3625 3593 4061 4061 4061 4061 4061 4061 4061 4061
3841 1777285868 3551 3695 3668 379 3582 3625 3625 3593 4063 4062 4062 4062 4062 4062 4062 4062
3842 1777285868 3550 3695 3668 379 3581 3625 3625 3593 4063 4063 4063 4063 4063 4063 4063 4063
3843 1777285868 3551 3695 3667 380 3580 3624 3625 3592 4063 4063 4063 4063 4063 4063 4063 4063
3844 1777285868 3551 3696 3668 380 3582 3625 3625 3593 4063 4063 4062 4062 4062 4062 4062 4062
3845 1777285868 3551 3695 3668 379 3581 3625 3625 3594 4063 4063 4062 4062 4062 4062 4062 4062
3846 1777285868 3550 3694 3666 380 3581 3624 3625 3593 4063 4061 4061 4061 4061 4061 4061 4061
3847 1777285868 3550 3695 3667 379 3581 3625 3625 3593 4061 4061 4061 4061 4061 4061 4061 4061
3848 1777285868 3550 3694 3666 380 3580 3624 3624 3593 4061 4061 4061 4061 4061 4061 4061 4061
3849 1777285868 3550 3694 3666 379 3581 3625 3625 3593 4063 4063 4062 4062 4062 4062 4062 4062
3850 1777285876 3548 3692 3665 380 3579 3622 3623 3591 4061 4061 4061 4061 4061 4061 4061 4061
3851 1777285876 3550 3694 3666 380 3579 3624 3624 3592 4061 4061 4061 4061 4061 4061 4061 4061
3852 1777285876 3550 3695 3666 379 3581 3624 3624 3592 4063 4062 4062 4062 4062 4062 4062 4062
3853 1777285876 3551 3695 3668 379 3581 3625 3625 3593 4063 4063 4062 4062 4062 4062 4062 4062
3854 1777285876 3549 3694 3666 379 3581 3624 3624 3592 4063 4062 4062 4062 4062 4062 4062 4062
3855 1777285876 3549 3693 3666 380 3579 3624 3624 3592 4063 4063 4062 4062 4062 4062 4062 4062
3856 1777285876 3550 3695 3666 380 3580 3624 3624 3593 4063 4063 4063 4063 4063 4063 4063 4063
3857 1777285876 3549 3694 3666 380 3580 3624 3624 3592 4063 4063 4062 4062 4062 4062 4062 4062
3858 1777285876 3549 3693 3666 381 3580 3623 3623 3591 4063 4063 4062 4062 4062 4062 4062 4062
3859 1777285876 3550 3694 3666 380 3579 3624 3625 3592 4063 4063 4062 4062 4062 4062 4062 4062
3860 1777285876 3550 3695 3666 380 3580 3624 3625 3593 4061 4061 4061 4061 4061 4061 4061 4061
3861 1777285876 3549 3694 3666 380 3580 3624 3624 3592 4061 4061 4061 4061 4061 4061 4061 4061
3862 1777285876 3551 3695 3667 380 3581 3625 3625 3592 4061 4061 4061 4061 4061 4061 4061 4061
3863 1777285884 3550 3694 380 378 396 3622 3624 3592 4061 4061 4061 4061 4061 4061 4061 4061
3864 1777285884 3550 3694 3665 380 3579 3623 3623 3592 4063 4063 4063 4063 4063 4063 4063 4063
3865 1777285884 3549 3693 3666 379 3580 3623 3623 3592 4061 4061 4060 4060 4060 4060 4060 4060
3866 1777285884 3548 3693 3664 380 3579 3623 3624 3591 4063 4063 4063 4063 4063 4063 4063 4063
3867 1777285884 3549 3693 3665 380 3580 3622 3623 3591 4063 4063 4062 4062 4062 4062 4062 4062
3868 1777285884 3550 3694 3666 380 3581 3624 3624 3592 4061 4061 4061 4061 4061 4061 4061 4061
3869 1777285884 3549 3693 3665 379 3580 3623 3624 3592 4063 4063 4062 4062 4062 4062 4062 4062
3870 1777285884 3548 3693 3665 380 3579 3623 3623 3591 4061 4061 4061 4061 4061 4061 4061 4061
3871 1777285884 3549 3694 3666 380 3580 3623 3624 3592 4061 4061 4061 4061 4061 4061 4061 4061
3872 1777285884 3549 3693 3665 379 3580 3622 3623 3591 4061 4061 4061 4061 4061 4061 4061 4061
3873 1777285884 3550 3694 3666 379 3580 3624 3624 3592 4063 4063 4062 4062 4062 4062 4062 4062
3874 1777285884 3549 3694 3666 380 3580 3624 3624 3592 4063 4063 4062 4062 4062 4062 4062 4062
3875 1777285884 3548 3693 3664 379 3578 3623 3623 3591 4061 4061 4061 4061 4061 4061 4061 4061
3876 1777285884 3551 3695 3667 380 3581 3624 3624 3593 4063 4063 4062 4062 4062 4062 4062 4062
3877 1777285884 3549 3694 3666 380 3580 3623 3625 3592 4063 4063 4062 4062 4062 4062 4062 4062
3878 1777285884 3550 3694 3666 379 3581 3624 3624 3592 4063 4061 4061 4061 4061 4061 4061 4061
3879 1777285884 3549 3694 3666 380 3581 3624 3624 3592 4063 4063 4062 4062 4062 4062 4062 4062
3880 1777285884 3550 3694 3666 379 3581 3624 3624 3592 4063 4063 4062 4062 4062 4062 4062 4062
3881 1777285884 3550 3694 3666 380 3580 3624 3624 3592 4061 4061 4061 4061 4061 4061 4061 4061
3882 1777285884 3550 3694 3666 380 3579 3623 3624 3592 4061 4061 4061 4061 4061 4061 4061 4061
3883 1777285885 3551 3695 3667 380 3581 3624 3625 3593 4063 4063 4062 4062 4062 4062 4062 4062
3884 1777285885 3550 3695 3667 379 3581 3625 3624 3592 4063 4063 4062 4062 4062 4062 4062 4062
3885 1777285885 3550 3694 3666 380 3580 3623 3624 3593 4063 4063 4062 4062 4062 4062 4062 4062
3886 1777285885 3550 3694 3666 380 3580 3623 3624 3592 4063 4063 4063 4063 4063 4063 4063 4063
3887 1777285885 3550 3694 3666 380 3580 3624 3624 3592 4063 4063 4063 4063 4063 4063 4063 4063
3888 1777285885 3549 3694 3666 380 3581 3624 3624 3592 4061 4061 4061 4061 4061 4061 4061 4061
3889 1777285885 3550 3694 3666 381 3580 3624 3624 3592 4063 4063 4062 4062 4062 4062 4062 4062
3890 1777285885 3550 3695 3667 380 3581 3624 3625 3593 4063 4063 4063 4063 4063 4063 4063 4063
3891 1777285885 3550 3694 3667 380 3581 3625 3626 3593 4063 4063 4062 4062 4062 4062 4062 4062
3892 1777285885 3549 3694 3666 379 3581 3624 3624 3592 4063 4063 4063 4063 4063 4063 4063 4063
3893 1777285885 3550 3695 3667 380 3580 3625 3625 3593 4063 4063 4063 4063 4063 4063 4063 4063
3894 1777285885 3549 3693 3666 380 3580 3623 3624 3592 4063 4063 4063 4063 4063 4063 4063 4063
3895 1777285885 3550 3694 3666 380 3580 3624 3624 3592 4063 4063 4062 4062 4062 4062 4062 4062
3896 1777285885 3550 3695 3666 380 3581 3625 3625 3593 4063 4063 4062 4062 4062 4062 4062 4062
3897 1777285885 3549 3694 3667 380 3580 3625 3624 3592 4063 4063 4062 4062 4062 4062 4062 4062
3898 1777285885 3549 3694 3666 380 3579 3623 3624 3592 4061 4061 4061 4061 4061 4061 4061 4061
3899 1777285885 3550 3694 3667 380 3581 1683 3624 3593 4063 4063 4062 4062 4062 4062 4062 4062
3900 1777285885 3550 3695 3666 380 3581 3624 3624 3593 4063 4063 4062 4062 4062 4062 4062 4062
3901 1777285885 3550 3694 3666 380 3580 3623 3624 3592 4063 4063 4062 4062 4062 4062 4062 4062
3902 1777285885 3549 3694 3666 380 3581 3624 3624 3592 4063 4063 4062 4062 4062 4062 4062 4062
3903 1777285885 3551 3695 3667 380 3581 3624 3625 3593 4063 4063 4062 4062 4062 4062 4062 4062
3904 1777285885 3549 3694 3666 380 3580 3624 3624 3592 4063 4063 4062 4062 4062 4062 4062 4062
3905 1777285885 3550 3695 3667 381 3581 3625 3625 3593 4063 4063 4063 4063 4063 4063 4063 4063
3906 1777285885 3551 3695 3667 380 3581 3625 3625 3594 4063 4063 4062 4062 4062 4062 4062 4062
3907 1777285885 3550 3694 3666 380 3581 3624 3625 3593 4063 4063 4063 4063 4063 4063 4063 4063
3908 1777285885 3550 3694 3667 380 3581 3624 3625 3592 4061 4061 4061 4061 4061 4061 4061 4061
3909 1777285885 3551 3695 3667 380 3581 3625 3625 3593 4063 4063 4062 4062 4062 4062 4062 4062
3910 1777285885 3550 3694 3667 380 3581 3624 3625 3592 4063 4063 4062 4062 4062 4062 4062 4062
3911 1777285885 3550 3695 3667 379 3581 3625 3624 3593 4061 4061 4061 4061 4061 4061 4061 4061
3912 1777285885 3550 3695 3667 380 3581 3625 3625 3593 4063 4063 4062 4062 4062 4062 4062 4062
3913 1777285885 3551 3695 3667 380 3581 3625 3625 3593 4061 4061 4061 4061 4061 4061 4061 4061
3914 1777285885 3550 3694 3667 380 3581 3625 3625 3592 4063 4063 4062 4062 4062 4062 4062 4062
3915 1777285885 3551 3695 3667 380 3581 3624 3625 3593 4061 4061 4061 4061 4061 4061 4061 4061
3916 1777285885 3549 3694 3666 380 3580 3623 3624 3592 4063 4063 4062 4062 4062 4062 4062 4062
3917 1777285885 3551 3695 3667 380 3581 3625 3625 3593 4061 4061 4061 4061 4061 4061 4061 4061
3918 1777285885 3549 3694 3665 378 3579 3623 3623 3591 4063 4063 4062 4062 4062 4062 4062 4062
3919 1777285885 3548 3693 3665 379 3578 3622 3622 3591 4063 4063 4062 4062 4062 4062 4062 4062
3920 1777285885 3549 3694 3666 378 3580 3624 3623 3591 4063 4063 4062 4062 4062 4062 4062 4062
3921 1777285885 3549 3693 3665 379 3579 3623 3623 3591 4063 4063 4062 4062 4062 4062 4062 4062
3922 1777285885 3548 3693 3665 378 3579 3623 3623 3591 4063 4063 4062 4062 4062 4062 4062 4062
3923 1777285885 3549 3693 3665 379 3578 3623 3623 3591 4063 4063 4062 4062 4062 4062 4062 4062
3924 1777285885 3549 3694 3666 378 3580 3624 3624 3592 4063 4063 4062 4062 4062 4062 4062 4062
3925 1777285885 3548 3692 3665 379 3578 3622 3622 3591 4063 4063 4063 4063 4063 4063 4063 4063
3926 1777285885 3549 3693 3665 378 3579 3623 3623 3591 4061 4061 4061 4061 4061 4061 4061 4061
3927 1777285885 3550 3695 3667 378 3580 3624 3624 3592 4061 4061 4061 4061 4061 4061 4061 4061
3928 1777285885 3549 3693 3665 378 3579 3623 3623 3591 4063 4063 4063 4063 4063 4063 4063 4063
3929 1777285885 3549 3693 3665 379 3579 3622 3623 3591 4061 4061 4061 4061 4061 4061 4061 4061
3930 1777285885 3548 3692 3665 378 3579 3623 3623 3591 4061 4061 4061 4061 4061 4061 4061 4061
3931 1777285893 3547 3691 3663 378 3577 3621 3621 3590 4061 4061 4061 4061 4061 4061 4061 4061
3932 1777285893 3547 3692 3664 378 3578 3622 3622 3590 4063 4062 4062 4062 4062 4062 4062 4062
3933 1777285893 3548 3692 3664 378 3579 3622 3623 3591 4063 4063 4062 4062 4062 4062 4062 4062
3934 1777285893 3549 3693 3665 379 3579 3623 3623 3591 4061 4061 4061 4061 4061 4061 4061 4061
3935 1777285893 3548 3693 3665 378 3579 3623 3623 3591 4063 4063 4062 4062 4062 4062 4062 4062
3936 1777285893 3548 3693 3664 378 3578 3622 3622 3590 4063 4063 4062 4062 4062 4062 4062 4062
3937 1777285893 3548 3693 3665 378 3578 3623 3622 3591 4061 4061 4061 4061 4061 4061 4061 4061
3938 1777285893 3549 3694 3665 379 3578 3623 3623 3591 4063 4063 4063 4063 4063 4063 4063 4063
3939 1777285893 3548 3693 3665 378 3579 3623 3623 3591 4061 4061 4061 4061 4061 4061 4061 4061
3940 1777285893 3547 3692 3664 378 3578 3622 3622 3590 4061 4061 4061 4061 4061 4061 4061 4061
3941 1777285893 3548 3692 3665 378 3579 3623 3623 3591 4063 4063 4063 4063 4063 4063 4063 4063
3942 1777285893 3548 3693 3664 378 3579 3623 3623 3591 4063 4063 4062 4062 4062 4062 4062 4062
3943 1777285893 3548 3692 3664 378 3578 3622 3622 3590 4063 4063 4062 4062 4062 4062 4062 4062
3944 1777285893 3549 3693 3665 378 3579 3622 3622 3591 4061 4061 4061 4061 4061 4061 4061 4061
3945 1777285893 3548 3693 3665 379 3579 3623 3622 3590 4063 4063 4062 4062 4062 4062 4062 4062
3946 1777285893 3548 3693 3665 378 3580 3623 3623 3591 4063 4063 4062 4062 4062 4062 4062 4062
3947 1777285893 3549 3693 3664 378 3578 3622 3623 3590 4063 4063 4063 4063 4063 4063 4063 4063
3948 1777285893 3547 3692 3664 379 3578 3622 3622 3590 4063 4063 4063 4063 4063 4063 4063 4063
3949 1777285893 3549 3693 3665 379 3579 3622 3622 3591 4063 4063 4063 4063 4063 4063 4063 4063
3950 1777285893 3548 3693 3665 379 3579 3623 3623 3591 4063 4063 4062 4062 4062 4062 4062 4062
3951 1777285893 3550 3694 3666 378 3580 3623 3624 3591 4063 4062 4062 4062 4062 4062 4062 4062
3952 1777285893 3549 3693 3665 378 3580 3623 3624 3592 4063 4063 4062 4062 4062 4062 4062 4062
3953 1777285893 3550 3694 3666 379 3579 3624 3624 3592 4063 4063 4063 4063 4063 4063 4063 4063
3954 1777285893 3549 3693 3665 379 3578 3623 3623 3591 4063 4063 4063 4063 4063 4063 4063 4063
3955 1777285894 3548 3692 3665 378 3577 3622 3622 3590 4063 4063 4062 4062 4062 4062 4062 4062
3956 1777285894 3551 3695 3667 378 3581 3625 3625 3593 4063 4063 4063 4063 4063 4063 4063 4063
3957 1777285894 3548 3693 3665 379 3579 3623 3623 3591 4063 4063 4063 4063 4063 4063 4063 4063
3958 1777285894 3547 3692 3664 378 3578 3621 3622 3590 4063 4063 4062 4062 4062 4062 4062 4062
3959 1777285894 3548 3693 3665 378 3579 3623 3623 3591 4065 4063 4063 4063 4063 4063 4063 4063
3960 1777285894 3549 3693 3665 378 3579 3623 3623 3591 4063 4063 4062 4062 4062 4062 4062 4062
3961 1777285894 3548 3693 3665 378 3579 3622 3623 3591 4061 4061 4061 4061 4061 4061 4061 4061
3962 1777285894 3549 3693 3666 379 3580 3623 3624 3592 4063 4063 4063 4063 4063 4063 4063 4063
3963 1777285894 3548 3693 3665 378 3579 3623 3623 3591 4063 4063 4062 4062 4062 4062 4062 4062
3964 1777285894 3549 3693 3665 378 3580 3623 3623 3591 4063 4063 4062 4062 4062 4062 4062 4062
3965 1777285894 3548 3692 3664 378 3579 3623 3622 3590 4061 4061 4061 4061 4061 4061 4061 4061
3966 1777285894 3548 3693 3665 379 3579 3623 3623 3591 4061 4061 4061 4061 4061 4061 4061 4061
3967 1777285894 3548 3693 3665 378 3580 3623 3623 3591 4061 4061 4061 4061 4061 4061 4061 4061
3968 1777285894 3550 3694 3666 379 3580 3624 3624 3593 4063 4063 4062 4062 4062 4062 4062 4062
3969 1777285894 3548 3693 3665 378 3579 3622 3623 3591 4063 4063 4062 4062 4062 4062 4062 4062
3970 1777285894 3550 3695 3667 379 3580 3624 3624 3592 4063 4063 4063 4063 4063 4063 4063 4063
3971 1777285894 3549 3693 3665 378 3579 3623 3623 3591 4061 4061 4061 4061 4061 4061 4061 4061
3972 1777285902 3547 3692 3664 378 3578 3621 3621 3589 4061 4061 4061 4061 4061 4061 4061 4061
3973 1777285902 3549 3693 3665 379 3579 3622 3623 3591 4063 4063 4062 4062 4062 4062 4062 4062
3974 1777285902 3549 3693 3665 378 3579 3623 3623 3591 4061 4061 4061 4061 4061 4061 4061 4061
3975 1777285902 3549 3693 3665 379 3580 3623 3623 3591 4061 4061 4061 4061 4061 4061 4061 4061
3976 1777285902 3548 3692 3664 379 3578 3622 3622 3591 4063 4063 4062 4062 4062 4062 4062 4062
3977 1777285902 3549 3694 3666 379 3580 3623 3624 3592 4063 4063 4062 4062 4062 4062 4062 4062
3978 1777285902 3548 3692 3664 379 3579 3622 3622 3591 4061 4061 4061 4061 4061 4061 4061 4061
3979 1777285902 3548 3693 3665 378 3579 3623 3622 3590 4061 4061 4061 4061 4061 4061 4061 4061
3980 1777285902 3548 3693 3665 378 3579 3623 3623 3591 4061 4061 4061 4061 4061 4061 4061 4061
3981 1777285902 3548 3692 3664 379 3578 3622 3622 3590 4061 4061 4061 4061 4061 4061 4061 4061
3982 1777285902 3548 3692 3664 378 3579 3622 3622 3590 4063 4063 4063 4063 4063 4063 4063 4063
3983 1777285902 3547 3692 3664 378 3578 3622 3623 3590 4063 4063 4062 4062 4062 4062 4062 4062
3984 1777285902 3548 3692 3664 380 3578 3622 3623 3591 4061 4061 4061 4061 4061 4061 4061 4061
3985 1777285902 3548 3692 3665 379 3578 3622 3622 3591 4063 4062 4062 4062 4062 4062 4062 4062
3986 1777285902 3548 3693 3665 379 3579 3622 3623 3591 4061 4061 4061 4061 4061 4061 4061 4061
3987 1777285902 3549 3694 3666 379 3580 3624 3624 3592 4063 4063 4063 4063 4063 4063 4063 4063
3988 1777285902 3548 3692 3665 378 3579 3623 3623 3590 4059 4059 4059 4059 4059 4059 4059 4059
3989 1777285902 3549 3693 3665 379 3579 3623 3623 3591 4063 4063 4062 4062 4062 4062 4062 4062
3990 1777285902 3549 3693 3665 379 3579 3623 3623 3591 4061 4061 4061 4061 4061 4061 4061 4061
3991 1777285902 3549 3693 3665 379 3580 3622 3622 3591 4063 4063 4062 4062 4062 4062 4062 4062
3992 1777285902 3549 3693 3666 378 3579 3623 3623 3591 4063 4061 4061 4061 4061 4061 4061 4061
3993 1777285902 3548 3693 3665 379 3580 3623 3623 3591 4063 4063 4062 4062 4062 4062 4062 4062
3994 1777285902 3549 3693 3665 379 3579 3623 3623 3591 4063 4063 4062 4062 4062 4062 4062 4062
3995 1777285902 3549 3694 3665 379 3580 3623 3623 3591 4063 4063 4062 4062 4062 4062 4062 4062
3996 1777285902 3549 3693 3665 379 3579 3623 3624 3592 4063 4063 4062 4062 4062 4062 4062 4062
3997 1777285902 3549 3694 3665 379 3580 3623 3624 3592 4061 4061 4060 4060 4060 4060 4060 4060
3998 1777285902 3548 3692 3664 379 3578 3622 3623 3591 4063 4063 4063 4063 4063 4063 4063 4063
3999 1777285902 3549 3693 3666 379 3580 3624 3624 3592 4063 4063 4062 4062 4062 4062 4062 4062
4000 1777285902 3548 3692 3665 378 3579 3622 3623 3591 4063 4063 4062 4062 4062 4062 4062 4062
4001 1777285902 3549 3693 3665 379 3580 3623 3623 3591 4061 4061 4061 4061 4061 4061 4061 4061
4002 1777285902 3549 3694 3666 378 3580 3624 3623 3592 4063 4063 4063 4063 4063 4063 4063 4063
4003 1777285902 3548 3693 3665 379 3579 3623 3624 3592 4063 4063 4063 4063 4063 4063 4063 4063
4004 1777285902 3549 3693 3665 378 3580 3624 3624 3592 4061 4061 4061 4061 4061 4061 4061 4061
4005 1777285902 3548 3692 3665 379 3579 3622 3623 3591 4063 4063 4062 4062 4062 4062 4062 4062
4006 1777285902 3549 3694 3666 378 3580 3624 3624 3592 4063 4063 4062 4062 4062 4062 4062 4062
4007 1777285902 3549 3693 3665 379 3580 3623 3623 3592 4061 4061 4061 4061 4061 4061 4061 4061
4008 1777285902 3548 3693 3665 380 3579 3623 3623 3591 4063 4063 4062 4062 4062 4062 4062 4062
4009 1777285902 3549 3693 3665 379 3579 3623 3623 3591 4063 4063 4062 4062 4062 4062 4062 4062
4010 1777285902 3549 3694 3666 378 3580 3623 3624 3592 4063 4063 4062 4062 4062 4062 4062 4062
4011 1777285902 3549 3693 3666 379 3580 3623 3624 3591 4063 4063 4062 4062 4062 4062 4062 4062
4012 1777285902 3549 3694 3666 379 3580 3623 3624 3592 4061 4061 4061 4061 4061 4061 4061 4061
4013 1777285902 3549 3693 3665 379 3580 3623 3623 3591 4061 4061 4061 4061 4061 4061 4061 4061
4014 1777285902 3548 3692 3664 379 3579 3622 3622 3590 4063 4063 4062 4062 4062 4062 4062 4062
4015 1777285902 3549 3694 3666 379 3580 3623 3624 3592 4063 4063 4063 4063 4063 4063 4063 4063
4016 1777285902 3549 3694 3666 380 3579 3624 3624 3592 4063 4061 4061 4061 4061 4061 4061 4061
4017 1777285902 3549 3693 3665 379 3580 3623 3624 3592 4063 4063 4063 4063 4063 4063 4063 4063
4018 1777285902 3549 3694 3666 378 3580 3623 3623 3591 4063 4063 4063 4063 4063 4063 4063 4063
4019 1777285902 3549 3694 3666 379 3580 3624 3625 3592 4061 4061 4061 4061 4061 4061 4061 4061
4020 1777285902 3551 3695 3667 379 526 3623 3624 3592 4061 4061 4061 4061 4061 4061 4061 4061
4021 1777285902 3549 3693 3665 379 3579 3623 3623 3591 4061 4061 4061 4061 4061 4061 4061 4061
4022 1777285902 3549 3693 3666 379 3579 3623 3624 3591 4061 4061 4061 4061 4061 4061 4061 4061
4023 1777285903 3549 3693 3666 379 3580 3623 3623 3591 4063 4063 4063 4063 4063 4063 4063 4063
4024 1777285903 3549 3693 3665 379 3579 3624 3623 3592 4063 4063 4062 4062 4062 4062 4062 4062
4025 1777285903 3548 3693 3665 379 3578 3622 3622 3590 4061 4061 4061 4061 4061 4061 4061 4061
4026 1777285903 3550 3695 3666 379 3580 3624 3625 3593 4061 4061 4061 4061 4061 4061 4061 4061
4027 1777285903 3550 3694 3666 379 3580 3624 3624 3592 4061 4061 4061 4061 4061 4061 4061 4061
4028 1777285910 3548 3692 3664 379 3578 3622 3622 3591 4061 4061 4061 4061 4061 4061 4061 4061
4029 1777285911 3548 3693 3665 379 3579 3623 3624 3591 4063 4063 4062 4062 4062 4062 4062 4062
4030 1777285911 3547 3692 3664 379 3578 3622 3622 3590 4059 4059 4058 4058 4058 4058 4058 4058
4031 1777285911 3548 3693 3665 379 3579 3622 3623 3591 4061 4061 4061 4061 4061 4061 4061 4061
4032 1777285911 3547 3691 3664 379 3578 3622 3622 3590 4063 4063 4062 4062 4062 4062 4062 4062
4033 1777285911 3548 3692 3665 379 3579 3622 3622 3590 4063 4063 4062 4062 4062 4062 4062 4062
4034 1777285911 3548 3693 3665 378 3579 3623 3623 3591 4063 4063 4062 4062 4062 4062 4062 4062
4035 1777285911 3548 3692 3665 379 3579 3622 3623 3591 4061 4061 4061 4061 4061 4061 4061 4061
4036 1777285911 3549 3694 3666 379 3580 3623 3623 3592 4063 4063 4063 4063 4063 4063 4063 4063
4037 1777285911 3549 3693 3665 379 3579 3623 3623 3591 4061 4061 4061 4061 4061 4061 4061 4061
4038 1777285911 3548 3693 3665 379 3579 3623 3623 3592 4063 4063 4062 4062 4062 4062 4062 4062
4039 1777285911 3549 3693 3665 379 3579 3623 3623 3591 4063 4063 4062 4062 4062 4062 4062 4062
4040 1777285911 3549 3693 3665 379 3579 3623 3623 3591 4063 4063 4062 4062 4062 4062 4062 4062
4041 1777285911 3548 3693 3665 380 3579 3623 3623 3592 4063 4063 4062 4062 4062 4062 4062 4062
4042 1777285911 3549 3693 3665 378 3580 3623 3623 3591 4063 4063 4062 4062 4062 4062 4062 4062
4043 1777285911 3549 3693 3665 379 3579 3622 3623 3591 4063 4063 4062 4062 4062 4062 4062 4062
4044 1777285911 3548 3693 3665 379 3579 3622 3623 3591 4063 4063 4062 4062 4062 4062 4062 4062
4045 1777285911 3549 3694 3665 379 3579 3623 3623 3591 4063 4063 4063 4063 4063 4063 4063 4063
4046 1777285911 3548 3693 3665 381 3579 3623 3623 3591 4063 4063 4062 4062 4062 4062 4062 4062
4047 1777285911 3549 3694 3666 380 3579 3624 3623 3592 4061 4061 4061 4061 4061 4061 4061 4061
4048 1777285911 3549 3693 3665 379 3578 3623 3623 3591 4063 4063 4063 4063 4063 4063 4063 4063
4049 1777285911 3549 3694 3665 379 3579 3623 3623 3592 4063 4063 4062 4062 4062 4062 4062 4062
4050 1777285911 3549 3693 3666 379 3580 3623 3623 3592 4063 4063 4062 4062 4062 4062 4062 4062
4051 1777285911 3550 3694 3666 379 3580 3624 3624 3592 4063 4063 4062 4062 4062 4062 4062 4062
4052 1777285911 3550 3694 3666 379 3581 3625 3625 3593 4063 4063 4062 4062 4062 4062 4062 4062
4053 1777285911 3549 3694 3666 379 3580 3623 3624 3592 4061 4061 4061 4061 4061 4061 4061 4061
4054 1777285911 3549 3694 3666 379 3580 3623 3624 3592 4061 4061 4061 4061 4061 4061 4061 4061
4055 1777285911 3549 3693 3666 379 3579 3623 3623 3592 4063 4063 4063 4063 4063 4063 4063 4063
4056 1777285911 3549 3694 3665 379 3580 3623 3623 3591 4061 4061 4061 4061 4061 4061 4061 4061
4057 1777285911 3550 3694 3666 379 3580 3624 3624 3592 4063 4063 4063 4063 4063 4063 4063 4063
4058 1777285911 3549 3694 3666 379 3580 3624 3624 3592 4063 4063 4062 4062 4062 4062 4062 4062
4059 1777285911 3548 3693 3665 379 3579 3622 3623 3592 4063 4063 4062 4062 4062 4062 4062 4062
4060 1777285911 3550 3694 3666 379 3580 3623 3624 3592 4063 4063 4062 4062 4062 4062 4062 4062
4061 1777285911 3549 3694 3666 379 3580 3623 3623 3591 4063 4063 4063 4063 4063 4063 4063 4063
4062 1777285911 3549 3694 3666 379 3580 3623 3624 3592 4063 4063 4062 4062 4062 4062 4062 4062
4063 1777285911 3549 3694 3666 379 3580 3624 3624 3592 4063 4063 4063 4063 4063 4063 4063 4063
4064 1777285911 3549 3694 3666 379 3580 3624 3625 3593 4063 4063 4062 4062 4062 4062 4062 4062
4065 1777285911 3550 3694 3667 379 3581 3624 3624 3592 4063 4063 4062 4062 4062 4062 4062 4062
4066 1777285911 3550 3694 3666 379 3580 3624 3624 3592 4061 4061 4061 4061 4061 4061 4061 4061
4067 1777285911 3550 3694 3666 379 3579 3623 3624 3592 4063 4063 4062 4062 4062 4062 4062 4062
4068 1777285911 3549 3694 3666 379 3580 3623 3624 3592 4063 4063 4062 4062 4062 4062 4062 4062
4069 1777285911 3549 3693 3666 379 3580 3623 3624 3592 4063 4061 4061 4061 4061 4061 4061 4061
4070 1777285911 3550 3694 3666 379 3580 3624 3624 3592 4061 4061 4061 4061 4061 4061 4061 4061
4071 1777285911 3549 3693 3666 380 3579 3624 3624 3592 4063 4063 4062 4062 4062 4062 4062 4062
4072 1777285911 3550 3695 3667 379 3580 3624 3624 3592 4063 4063 4063 4063 4063 4063 4063 4063
4073 1777285911 3550 3694 3666 380 3580 3623 3624 3592 4063 4063 4063 4063 4063 4063 4063 4063
4074 1777285911 3549 3694 3666 379 3580 3624 3624 3592 4063 4063 4062 4062 4062 4062 4062 4062
4075 1777285911 3549 3694 3666 379 3580 3624 3624 3592 4063 4063 4062 4062 4062 4062 4062 4062
4076 1777285911 3549 3694 3666 379 3580 3624 3624 3592 4061 4061 4061 4061 4061 4061 4061 4061
4077 1777285911 3549 3693 3665 380 3579 3623 3623 3592 4063 4063 4062 4062 4062 4062 4062 4062
4078 1777285911 3550 3695 3667 379 3580 3625 3625 3593 4063 4063 4063 4063 4063 4063 4063 4063
4079 1777285911 3550 3694 3666 380 3579 3624 3624 3592 4063 4063 4062 4062 4062 4062 4062 4062
4080 1777285911 3550 3694 3667 379 3580 3624 3624 3592 4063 4063 4062 4062 4062 4062 4062 4062
4081 1777285911 3549 3694 3666 379 3580 3623 3624 3592 4061 4061 4060 4060 4060 4060 4060 4060
4082 1777285911 3550 3695 3667 379 3580 3624 3624 3592 4063 4063 4062 4062 4062 4062 4062 4062
4083 1777285911 3550 3694 3666 379 3580 3624 3624 3592 4061 4061 4061 4061 4061 4061 4061 4061
4084 1777285911 3550 3694 3666 379 3580 3624 3624 3592 4063 4063 4062 4062 4062 4062 4062 4062
4085 1777285911 3549 3694 3666 379 3580 3623 3624 3592 4063 4063 4062 4062 4062 4062 4062 4062
4086 1777285911 3549 3694 3665 379 3579 3623 3624 3592 4061 4061 4061 4061 4061 4061 4061 4061
4087 1777285911 3549 3694 3666 379 3580 3624 3624 3591 4063 4063 4063 4063 4063 4063 4063 4063
4088 1777285911 3550 3695 3667 379 3581 3624 3624 3592 4063 4063 4062 4062 4062 4062 4062 4062
4089 1777285911 3550 3694 3666 379 3581 3624 3624 3592 4061 4061 4061 4061 4061 4061 4061 4061
4090 1777285911 3549 3694 3666 380 3580 3624 3624 3592 4063 4063 4063 4063 4063 4063 4063 4063
4091 1777285912 3550 3694 3666 380 3580 3623 3624 3592 4063 4063 4062 4062 4062 4062 4062 4062
4092 1777285912 3550 3693 3666 379 3580 3624 3624 3592 4061 4061 4061 4061 4061 4061 4061 4061
4093 1777285912 3550 3694 3666 380 3580 3624 3624 3592 4063 4063 4063 4063 4063 4063 4063 4063
4094 1777285912 3548 3692 3665 380 3579 3622 3623 3591 4063 4063 4063 4063 4063 4063 4063 4063
4095 1777285912 3550 3694 3666 380 3581 3624 3624 3592 4063 4063 4062 4062 4062 4062 4062 4062
4096 1777285912 3550 3694 3667 379 3581 3625 3624 3593 4063 4063 4062 4062 4062 4062 4062 4062
4097 1777285912 3549 3694 3666 380 3581 3624 3624 3592 4063 4063 4062 4062 4062 4062 4062 4062
4098 1777285912 3551 3695 3667 379 3581 3625 3625 3593 4063 4063 4062 4062 4062 4062 4062 4062
4099 1777285912 3549 3693 3666 380 3580 3624 3624 3592 4057 4057 4057 4057 4057 4057 4057 4057
4100 1777285912 3549 3694 3666 380 3580 3623 3624 3592 4063 4063 4062 4062 4062 4062 4062 4062
4101 1777285912 3550 3694 3666 380 3580 3624 3624 3592 4063 4063 4062 4062 4062 4062 4062 4062
4102 1777285912 3549 3693 3665 379 3580 3624 3624 3592 4063 4063 4062 4062 4062 4062 4062 4062
4103 1777285912 3550 3694 3666 380 3580 3624 3624 3592 4063 4063 4062 4062 4062 4062 4062 4062
4104 1777285912 3549 3694 3666 379 3580 3624 3624 3592 4063 4062 4062 4062 4062 4062 4062 4062
4105 1777285912 3549 3694 3666 379 3580 3624 3624 3593 4061 4061 4061 4061 4061 4061 4061 4061
4106 1777285912 3550 3695 3666 379 3580 3624 3624 3592 4063 4063 4063 4063 4063 4063 4063 4063
4107 1777285912 3550 3694 3666 380 3581 3624 3625 3593 4063 4063 4062 4062 4062 4062 4062 4062
4108 1777285912 3550 3695 3666 379 3581 3625 3625 3593 4063 4063 4062 4062 4062 4062 4062 4062
4109 1777285912 3549 3694 3666 380 3580 3624 3624 3592 4063 4063 4063 4063 4063 4063 4063 4063
4110 1777285912 3549 3694 3666 381 3580 3623 3624 3592 4061 4061 4061 4061 4061 4061 4061 4061
4111 1777285912 3550 3694 3667 380 3579 3625 3624 3593 4063 4063 4062 4062 4062 4062 4062 4062
4112 1777285912 3550 3694 3666 380 3580 3624 3624 3592 4063 4063 4062 4062 4062 4062 4062 4062
4113 1777285912 3551 3695 3667 379 3581 3625 3625 3593 4061 4061 4061 4061 4061 4061 4061 4061
4114 1777285912 3549 3694 3667 379 3581 3625 3625 3593 4063 4063 4063 4063 4063 4063 4063 4063
4115 1777285912 3550 3694 3666 380 3581 3624 3625 3593 4061 4061 4060 4060 4060 4060 4060 4060
4116 1777285912 3550 3695 3667 379 3581 3625 3625 3593 4063 4063 4062 4062 4062 4062 4062 4062
4117 1777285912 3550 3694 3666 380 3580 3624 3625 3592 4063 4063 4062 4062 4062 4062 4062 4062
4118 1777285912 3550 3695 3666 380 3580 3625 3625 3593 4063 4063 4062 4062 4062 4062 4062 4062
4119 1777285912 3550 3695 3667 380 3581 3625 3625 3593 4061 4061 4061 4061 4061 4061 4061 4061
4120 1777285912 3550 3695 3667 379 3581 3624 3625 3593 4063 4063 4062 4062 4062 4062 4062 4062
4121 1777285912 3550 3695 3667 380 3581 3625 3625 3593 4063 4063 4062 4062 4062 4062 4062 4062
4122 1777285912 3550 3694 3666 379 3580 3624 3624 3593 4063 4063 4062 4062 4062 4062 4062 4062
4123 1777285912 3550 3694 3666 379 3581 3624 3624 3593 4063 4063 4063 4063 4063 4063 4063 4063
4124 1777285912 3551 3695 3667 379 3581 3624 3625 3592 4063 4063 4063 4063 4063 4063 4063 4063
4125 1777285912 3550 3695 3667 380 3581 3625 3625 3592 4063 4063 4062 4062 4062 4062 4062 4062
4126 1777285912 3551 3695 3668 379 3582 3625 3625 3593 4063 4063 4062 4062 4062 4062 4062 4062
4127 1777285912 3551 3695 3666 380 3581 3624 3624 3593 4061 4061 4061 4061 4061 4061 4061 4061
4128 1777285912 3550 3695 3667 380 3581 3625 3625 3593 4063 4063 4062 4062 4062 4062 4062 4062
4129 1777285912 3550 3694 3666 380 3581 3624 3624 3593 4063 4063 4063 4063 4063 4063 4063 4063
4130 1777285912 3550 3695 3667 379 3581 3625 3625 3593 4063 4063 4062 4062 4062 4062 4062 4062
4131 1777285912 3550 3695 3667 380 3581 3624 3624 3592 4061 4061 4060 4060 4060 4060 4060 4060
4132 1777285912 3550 3695 3667 379 3580 3624 3624 3592 4063 4063 4063 4063 4063 4063 4063 4063
4133 1777285912 3550 3695 3667 380 3581 3625 3625 3593 4063 4062 4062 4062 4062 4062 4062 4062
4134 1777285912 3551 3695 3667 379 3581 3625 3625 3594 4063 4063 4062 4062 4062 4062 4062 4062
4135 1777285912 3550 3695 3667 380 3581 3624 3625 3593 4063 4063 4062 4062 4062 4062 4062 4062
4136 1777285912 3551 3695 3668 380 3582 3625 3626 3594 4063 4063 4062 4062 4062 4062 4062 4062
4137 1777285912 3550 3695 3667 380 3581 3624 3624 3593 4063 4063 4063 4063 4063 4063 4063 4063
4138 1777285912 3550 3695 3667 380 3581 3625 3625 3592 4061 4061 4061 4061 4061 4061 4061 4061
4139 1777285912 3550 3694 3666 380 3581 3624 3624 3592 4061 4061 4061 4061 4061 4061 4061 4061
4140 1777285912 3551 3695 3667 379 3582 3625 3625 3593 4063 4063 4062 4062 4062 4062 4062 4062
4141 1777285912 3550 3694 3667 380 3581 3624 3625 3593 4063 4063 4062 4062 4062 4062 4062 4062
4142 1777285912 3550 3695 3667 381 3580 3625 3625 3594 4061 4061 4061 4061 4061 4061 4061 4061
4143 1777285912 3550 3694 3667 380 3581 3624 3625 3592 4061 4061 4061 4061 4061 4061 4061 4061
4144 1777285912 3551 3695 3667 380 3580 3624 3625 3593 4063 4063 4062 4062 4062 4062 4062 4062
4145 1777285912 3551 3695 3667 380 3581 3625 3626 3594 4063 4063 4062 4062 4062 4062 4062 4062
4146 1777285912 3550 3695 3667 380 3580 3624 3624 3593 4061 4061 4061 4061 4061 4061 4061 4061
4147 1777285912 3552 3697 3668 379 3582 3626 3626 3593 4063 4063 4062 4062 4062 4062 4062 4062
4148 1777285912 3552 3696 3667 380 3582 3625 3625 3593 4063 4063 4062 4062 4062 4062 4062 4062
4149 1777285912 3550 3694 3666 380 3580 3624 3624 3593 4061 4061 4061 4061 4061 4061 4061 4061
4150 1777285912 3551 3695 3667 381 3580 3624 3624 3593 4063 4063 4062 4062 4062 4062 4062 4062
4151 1777285912 3550 3695 3667 380 3581 3624 3625 3593 4061 4061 4061 4061 4061 4061 4061 4061
4152 1777285912 3551 3695 3667 379 3581 3625 3625 3593 4061 4061 4061 4061 4061 4061 4061 4061
4153 1777285913 3550 3695 3667 380 3581 3624 3625 3593 4061 4061 4061 4061 4061 4061 4061 4061
4154 1777285913 3550 3694 3666 380 3581 3625 3625 3593 4063 4063 4063 4063 4063 4063 4063 4063
4155 1777285913 3550 3695 3667 380 3580 3623 3624 3592 4063 4063 4063 4063 4063 4063 4063 4063
4156 1777285913 3550 3695 3667 380 3581 3625 3625 3593 4063 4063 4062 4062 4062 4062 4062 4062
4157 1777285913 3550 3695 3666 380 3581 3624 3625 3593 4063 4063 4062 4062 4062 4062 4062 4062
4158 1777285913 3550 3694 3667 380 3580 3624 3625 3593 4063 4063 4062 4062 4062 4062 4062 4062
4159 1777285913 3550 3694 3666 380 3581 3624 3624 3592 4063 4063 4062 4062 4062 4062 4062 4062
4160 1777285913 3551 3696 3668 380 3582 3626 3626 3594 4059 4059 4059 4059 4059 4059 4059 4059
4161 1777285913 3550 3694 3667 380 3581 3625 3625 3594 4063 4063 4062 4062 4062 4062 4062 4062
4162 1777285913 3551 3695 3667 380 3581 3624 3624 3593 4061 4061 4061 4061 4061 4061 4061 4061
4163 1777285913 3550 3694 3666 380 3580 3624 3624 3592 4063 4063 4063 4063 4063 4063 4063 4063
4164 1777285913 3551 3696 3668 380 3582 3625 3626 3594 4063 4063 4062 4062 4062 4062 4062 4062
4165 1777285913 3551 3695 3667 380 3581 3625 3626 3594 4063 4062 4062 4062 4062 4062 4062 4062
4166 1777285913 3550 3694 3667 380 3580 3624 3624 3592 4063 4063 4063 4063 4063 4063 4063 4063
4167 1777285913 3551 3695 3667 380 3582 3625 3625 3593 4061 4061 4061 4061 4061 4061 4061 4061
4168 1777285913 3550 3694 3666 380 3580 3624 3625 3592 4063 4063 4062 4062 4062 4062 4062 4062
4169 1777285913 3551 3695 3668 380 3581 3625 3625 3593 4063 4063 4062 4062 4062 4062 4062 4062
4170 1777285913 3550 3695 3666 380 3581 3624 3625 3593 4063 4063 4062 4062 4062 4062 4062 4062
4171 1777285913 3549 3693 3665 378 3579 3623 3623 3591 4063 4063 4063 4063 4063 4063 4063 4063
4172 1777285913 3548 3692 3664 378 3578 3622 3622 3590 4063 4063 4062 4062 4062 4062 4062 4062
4173 1777285913 3548 3692 3665 378 3579 3622 3623 3591 4063 4063 4062 4062 4062 4062 4062 4062
4174 1777285913 3549 3693 3665 378 3580 3623 3624 3592 4063 4063 4062 4062 4062 4062 4062 4062
4175 1777285913 3549 3694 3666 380 3579 3623 3624 3592 4063 4063 4062 4062 4062 4062 4062 4062
4176 1777285913 3549 3692 3665 379 3578 3623 3623 3591 4063 4063 4062 4062 4062 4062 4062 4062
4177 1777285913 3549 3693 3665 378 3579 3623 3623 3591 4063 4063 4063 4063 4063 4063 4063 4063
4178 1777285913 3548 3693 3665 378 3579 3623 3623 3591 4063 4063 4062 4062 4062 4062 4062 4062
4179 1777285913 3549 3693 3665 378 3579 3622 3623 3591 4063 4063 4062 4062 4062 4062 4062 4062
4180 1777285913 3549 3693 3665 379 3579 3623 3623 3592 4063 4061 4061 4061 4061 4061 4061 4061
4181 1777285913 3549 3693 3665 378 3579 3623 3624 3592 4061 4061 4061 4061 4061 4061 4061 4061
4182 1777285913 3549 3694 3665 379 3579 3623 3623 3591 4063 4063 4062 4062 4062 4062 4062 4062
4183 1777285913 3548 3693 3664 379 3579 3623 3623 3591 4063 4063 4062 4062 4062 4062 4062 4062
4184 1777285913 3549 3693 3665 379 3578 3623 3623 3591 4063 4063 4062 4062 4062 4062 4062 4062
4185 1777285913 3550 3694 3666 378 3580 3623 3623 3591 4063 4063 4062 4062 4062 4062 4062 4062
4186 1777285913 3550 3694 3666 378 3580 3624 3624 3592 4063 4063 4062 4062 4062 4062 4062 4062
4187 1777285913 3548 3693 3665 378 3579 3622 3622 3591 4063 4063 4062 4062 4062 4062 4062 4062
4188 1777285913 3549 3694 3665 378 3580 3623 3623 3592 4061 4061 4061 4061 4061 4061 4061 4061
4189 1777285913 3549 3694 3666 378 3579 3622 3623 3591 4063 4063 4062 4062 4062 4062 4062 4062
4190 1777285913 3548 3693 3665 378 3579 3622 3622 3591 4061 4061 4061 4061 4061 4061 4061 4061
4191 1777285913 3550 3694 3667 378 3581 3624 3624 3592 4063 4063 4062 4062 4062 4062 4062 4062
4192 1777285913 3548 3693 3665 379 3578 3623 3623 3591 4063 4063 4063 4063 4063 4063 4063 4063
4193 1777285913 3549 3693 3665 378 3579 3623 3624 3591 4063 4063 4062 4062 4062 4062 4062 4062
4194 1777285913 3548 3693 3665 378 3579 3623 3623 3591 4063 4063 4062 4062 4062 4062 4062 4062
4195 1777285913 3549 3693 3665 378 3579 3623 3624 3591 4063 4063 4062 4062 4062 4062 4062 4062
4196 1777285913 3547 3692 3664 379 3578 3621 3622 3590 4063 4063 4063 4063 4063 4063 4063 4063
4197 1777285913 3549 3693 3665 378 3579 3623 3624 3591 4063 4063 4063 4063 4063 4063 4063 4063
4198 1777285913 3548 3693 3664 378 3579 3622 3623 3590 4063 4063 4062 4062 4062 4062 4062 4062
4199 1777285913 3550 3694 3666 378 3580 3624 3624 3592 4063 4063 4063 4063 4063 4063 4063 4063
4200 1777285913 3549 3693 3665 379 3580 3624 3623 3591 4063 4063 4062 4062 4062 4062 4062 4062
4201 1777285913 3549 3694 3666 379 3579 3623 3624 3592 4063 4063 4063 4063 4063 4063 4063 4063
4202 1777285913 3548 3693 3665 378 3579 3623 3623 3591 4063 4062 4062 4062 4062 4062 4062 4062
4203 1777285913 3550 3694 3666 378 3580 3624 3624 3592 4063 4063 4062 4062 4062 4062 4062 4062
4204 1777285913 3549 3693 3665 379 3580 3623 3624 3592 4063 4063 4062 4062 4062 4062 4062 4062
4205 1777285913 3549 3694 3665 378 3580 3623 3623 3591 4061 4061 4061 4061 4061 4061 4061 4061
4206 1777285913 3549 3694 3666 378 3580 3623 3623 3592 4061 4061 4061 4061 4061 4061 4061 4061
4207 1777285913 3549 3694 3666 378 3579 3623 3624 3591 4063 4062 4062 4062 4062 4062 4062 4062
4208 1777285913 3548 3692 3665 379 3578 3623 3623 3591 4063 4063 4062 4062 4062 4062 4062 4062
4209 1777285913 3549 3694 3665 378 3580 3623 3624 3591 4063 4063 4063 4063 4063 4063 4063 4063
4210 1777285913 3548 3693 3665 379 3579 3622 3622 3591 4063 4063 4062 4062 4062 4062 4062 4062
4211 1777285913 3550 3694 3666 379 3580 3624 3624 3592 4063 4061 4061 4061 4061 4061 4061 4061
4212 1777285913 3549 3693 3665 379 3579 3623 3623 3591 4063 4063 4063 4063 4063 4063 4063 4063
4213 1777285913 3549 3694 3666 378 3580 3623 3623 3592 4063 4063 4062 4062 4062 4062 4062 4062
4214 1777285913 3549 3694 3666 378 3580 3623 3623 3591 4063 4063 4063 4063 4063 4063 4063 4063
4215 1777285914 3550 3694 3666 378 3580 3624 3624 3592 4061 4061 4061 4061 4061 4061 4061 4061
4216 1777285914 3549 3694 3665 379 3580 3623 3623 3592 4063 4063 4062 4062 4062 4062 4062 4062
4217 1777285914 3549 3693 3666 378 3580 3623 3624 3591 4063 4063 4062 4062 4062 4062 4062 4062
4218 1777285914 3549 3693 3665 378 3580 3623 3624 3592 4063 4063 4062 4062 4062 4062 4062 4062
4219 1777285914 3549 3694 3666 378 3580 3623 3623 3592 4061 4061 4061 4061 4061 4061 4061 4061
4220 1777285914 3549 3693 3666 379 3580 3624 3624 3592 4061 4061 4061 4061 4061 4061 4061 4061
4221 1777285914 3549 3694 3665 378 3580 3623 3624 3592 4063 4063 4062 4062 4062 4062 4062 4062
4222 1777285914 3550 3694 3666 378 3580 3624 3624 3592 4063 4063 4062 4062 4062 4062 4062 4062
4223 1777285914 3550 3694 3666 378 3580 3624 3624 3592 4061 4061 4061 4061 4061 4061 4061 4061
4224 1777285914 3549 3693 3665 379 3580 3623 3623 3591 4063 4063 4062 4062 4062 4062 4062 4062
4225 1777285914 3549 3693 3666 379 3580 3623 3623 3591 4061 4061 4060 4060 4060 4060 4060 4060
4226 1777285914 3549 3694 3666 379 3579 3622 3623 3592 4063 4063 4062 4062 4062 4062 4062 4062
4227 1777285914 3549 3694 3666 379 3580 3624 3624 3592 4061 4061 4061 4061 4061 4061 4061 4061
4228 1777285914 3549 3693 3665 378 3579 3623 3623 3591 4063 4063 4062 4062 4062 4062 4062 4062
4229 1777285914 3550 3695 3666 378 3580 3624 3624 3593 4063 4063 4062 4062 4062 4062 4062 4062
4230 1777285914 3549 3694 3667 378 3580 3624 3625 3593 4063 4063 4062 4062 4062 4062 4062 4062
4231 1777285914 3549 3693 3666 379 3579 3623 3624 3592 4063 4063 4063 4063 4063 4063 4063 4063
4232 1777285914 3548 3693 3665 379 3579 3623 3623 3592 4063 4063 4062 4062 4062 4062 4062 4062
4233 1777285914 3549 3693 3666 378 3580 3623 3624 3592 4061 4061 4061 4061 4061 4061 4061 4061
4234 1777285914 3548 3693 3665 379 3579 3623 3624 3591 4061 4061 4061 4061 4061 4061 4061 4061
4235 1777285914 3549 3694 3666 379 3580 3624 3624 3592 4063 4063 4062 4062 4062 4062 4062 4062
4236 1777285914 3549 3694 3666 379 3580 3623 3624 3592 4063 4062 4062 4062 4062 4062 4062 4062
4237 1777285914 3549 3693 3665 379 3579 3623 3623 3591 4061 4061 4061 4061 4061 4061 4061 4061
4238 1777285914 3549 3693 3665 379 3580 3623 3623 3591 4061 4061 4061 4061 4061 4061 4061 4061
4239 1777285914 3549 3693 3665 379 3579 3624 3624 3591 4063 4063 4062 4062 4062 4062 4062 4062
4240 1777285914 3549 3694 3666 379 3578 3623 3624 3592 4061 4061 4061 4061 4061 4061 4061 4061
4241 1777285914 3549 3694 3666 379 3580 3624 3625 3593 4063 4063 4063 4063 4063 4063 4063 4063
4242 1777285914 3549 3694 3665 379 3580 3624 3624 3592 4063 4063 4062 4062 4062 4062 4062 4062
4243 1777285914 3548 3693 3666 379 3579 3623 3624 3592 4063 4063 4062 4062 4062 4062 4062 4062
4244 1777285914 3549 3694 3666 379 3580 3623 3624 3592 4061 4061 4061 4061 4061 4061 4061 4061
4245 1777285914 3549 3694 3665 378 3579 3623 3623 3591 4063 4063 4062 4062 4062 4062 4062 4062
4246 1777285914 3549 3693 3665 379 3579 3622 3623 3591 4061 4061 4061 4061 4061 4061 4061 4061
4247 1777285914 3549 3694 3666 379 3581 3623 3624 3592 4063 4063 4062 4062 4062 4062 4062 4062
4248 1777285914 3549 3693 3665 379 3580 3623 3623 3591 4061 4061 4061 4061 4061 4061 4061 4061
4249 1777285914 3549 3694 3665 379 3579 3623 3623 3591 4062 4063 4062 4062 4062 4062 4062 4062
4250 1777285914 3550 3695 3666 379 3581 3625 3625 3593 4061 4061 4061 4061 4061 4061 4061 4061
4251 1777285914 3549 3693 3666 379 3580 3623 3624 3592 4059 4059 4058 4058 4058 4058 4058 4058
4252 1777285914 3548 3693 3665 379 3580 3623 3623 3591 4063 4063 4062 4062 4062 4062 4062 4062
4253 1777285914 3550 3694 3666 378 3580 3624 3623 3592 4063 4063 4062 4062 4062 4062 4062 4062
4254 1777285914 3549 3693 3665 379 3580 3624 3624 3592 4063 4063 4062 4062 4062 4062 4062 4062
4255 1777285914 3550 3695 3666 378 3581 3624 3624 3592 4063 4063 4063 4063 4063 4063 4063 4063
4256 1777285914 3550 3694 3666 379 3580 3624 3624 3593 4061 4061 4061 4061 4061 4061 4061 4061
4257 1777285914 3550 3694 3666 378 3580 3623 3623 3592 4063 4063 4062 4062 4062 4062 4062 4062
4258 1777285914 3550 3695 3666 379 3580 3624 3624 3593 4063 4063 4062 4062 4062 4062 4062 4062
4259 1777285914 3550 3695 3666 379 3581 3624 3624 3593 4063 4063 4062 4062 4062 4062 4062 4062
4260 1777285914 3549 3693 3665 379 3579 3622 3623 3591 4063 4063 4063 4063 4063 4063 4063 4063
4261 1777285914 3549 3694 3666 379 3579 3624 3624 3592 4063 4063 4062 4062 4062 4062 4062 4062
4262 1777285914 3549 3693 3665 379 3579 3623 3623 3591 4061 4061 4061 4061 4061 4061 4061 4061
4263 1777285914 3549 3693 3665 379 3579 3624 3624 3592 4061 4061 4061 4061 4061 4061 4061 4061
4264 1777285914 3548 3693 3665 379 3579 3623 3623 3591 4063 4063 4063 4063 4063 4063 4063 4063
4265 1777285914 3550 3694 3666 378 3581 3624 3624 3592 4063 4063 4062 4062 4062 4062 4062 4062
4266 1777285914 3548 3693 3665 379 3579 3623 3623 3591 4063 4063 4062 4062 4062 4062 4062 4062
4267 1777285914 3549 3694 3666 379 3580 3623 3623 3592 4063 4063 4062 4062 4062 4062 4062 4062
4268 1777285914 3549 3693 3665 379 3580 3623 3623 3591 4063 4063 4062 4062 4062 4062 4062 4062
4269 1777285914 3550 3695 3666 378 3581 3625 3625 3592 4063 4062 4062 4062 4062 4062 4062 4062
4270 1777285914 3548 3693 3665 379 3579 3623 3623 3591 4063 4063 4062 4062 4062 4062 4062 4062
4271 1777285914 3550 3694 3666 380 3579 3623 3623 3591 4063 4063 4062 4062 4062 4062 4062 4062
4272 1777285914 3550 3694 3666 379 3580 3624 3624 3592 4061 4061 4061 4061 4061 4061 4061 4061
4273 1777285914 3549 3694 3666 379 3580 3623 3624 3592 4063 4063 4063 4063 4063 4063 4063 4063
4274 1777285914 3549 3694 3666 379 3580 3624 3624 3593 4063 4063 4062 4062 4062 4062 4062 4062
4275 1777285914 3550 3695 3666 379 3581 3624 3624 3593 4063 4063 4063 4063 4063 4063 4063 4063
4276 1777285914 3549 3694 3666 379 3580 3623 3624 3592 4061 4061 4061 4061 4061 4061 4061 4061
4277 1777285914 3549 3694 3666 379 3580 3623 3624 3592 4063 4063 4063 4063 4063 4063 4063 4063
4278 1777285914 3549 3693 3665 379 3580 3623 3623 3591 4063 4063 4062 4062 4062 4062 4062 4062
4279 1777285914 3550 3695 3667 379 3581 3624 3624 3592 4063 4063 4062 4062 4062 4062 4062 4062
4280 1777285914 3548 3692 3664 379 3578 3622 3623 3591 4063 4063 4062 4062 4062 4062 4062 4062
4281 1777285914 3550 3694 3667 379 3581 3624 3624 3592 4061 4061 4061 4061 4061 4061 4061 4061
4282 1777285914 3549 3694 3666 378 3580 3623 3623 3592 4063 4063 4062 4062 4062 4062 4062 4062
4283 1777285914 3549 3694 3666 379 3580 3624 3624 3592 4063 4063 4062 4062 4062 4062 4062 4062
4284 1777285914 3551 3695 3667 379 3581 3624 3624 3592 4063 4063 4062 4062 4062 4062 4062 4062
4285 1777285914 3549 3694 3666 379 3580 3623 3623 3591 4063 4063 4062 4062 4062 4062 4062 4062
4286 1777285914 3549 3694 3666 379 3580 3624 3624 3592 4063 4063 4063 4063 4063 4063 4063 4063
4287 1777285914 3549 3694 3666 379 3579 3623 3623 3592 4063 4063 4062 4062 4062 4062 4062 4062
4288 1777285915 3550 3694 3666 379 3580 3623 3624 3592 4061 4061 4061 4061 4061 4061 4061 4061
4289 1777285915 3550 3695 3666 379 3581 3624 3624 3592 4061 4061 4061 4061 4061 4061 4061 4061
4290 1777285915 3550 3694 3666 379 3580 3624 3624 3592 4061 4061 4061 4061 4061 4061 4061 4061
4291 1777285915 3549 3694 3666 379 3580 3623 3623 3591 4059 4059 4059 4059 4059 4059 4059 4059
4292 1777285915 3548 3693 3665 379 3580 3623 3624 3592 4061 4061 4061 4061 4061 4061 4061 4061
4293 1777285915 3549 3694 3666 379 3580 3623 3623 3591 4061 4061 4061 4061 4061 4061 4061 4061
4294 1777285915 3549 3693 3666 379 3580 3624 3624 3592 4061 4061 4061 4061 4061 4061 4061 4061
4295 1777285915 3549 3693 3666 380 3579 3623 3623 3592 4061 4061 4061 4061 4061 4061 4061 4061
4296 1777285915 3548 3693 3665 379 3580 3623 3623 3591 4063 4063 4063 4063 4063 4063 4063 4063
4297 1777285915 3549 3694 3666 379 3580 3624 3624 3592 4063 4063 4062 4062 4062 4062 4062 4062
4298 1777285915 3550 3695 3667 379 3581 3624 3624 3592 4063 4063 4062 4062 4062 4062 4062 4062
4299 1777285915 3549 3693 3665 379 3580 3624 3624 3592 4061 4061 4061 4061 4061 4061 4061 4061
4300 1777285915 3550 3694 3666 379 3580 3623 3624 3592 4061 4061 4061 4061 4061 4061 4061 4061
4301 1777285915 3550 3695 3667 378 3581 3624 3624 3592 4063 4063 4062 4062 4062 4062 4062 4062
4302 1777285915 3550 3695 3667 381 3580 3624 3625 3593 4063 4063 4062 4062 4062 4062 4062 4062
4303 1777285915 3549 3694 3666 380 3579 3624 3624 3592 4063 4063 4062 4062 4062 4062 4062 4062
4304 1777285915 3550 3694 3667 379 3580 3624 3624 3592 4063 4063 4062 4062 4062 4062 4062 4062
4305 1777285915 3548 3693 3665 379 3580 3623 3624 3592 4063 4063 4062 4062 4062 4062 4062 4062
4306 1777285915 3550 3695 3666 379 3580 3624 3625 3592 4063 4063 4062 4062 4062 4062 4062 4062
4307 1777285915 3550 3695 3667 379 3581 3625 3625 3593 4061 4061 4061 4061 4061 4061 4061 4061
4308 1777285915 3550 3694 3665 379 3579 3623 3624 3592 4061 4061 4060 4060 4060 4060 4060 4060
4309 1777285915 3550 3695 3666 379 3581 3624 3624 3592 4061 4061 4061 4061 4061 4061 4061 4061
4310 1777285915 3550 3695 3666 379 3580 3624 3624 3592 4061 4061 4061 4061 4061 4061 4061 4061
4311 1777285915 3549 3694 3666 379 3581 3624 3624 3592 4061 4061 4061 4061 4061 4061 4061 4061
4312 1777285915 3549 3693 3665 379 3580 3623 3624 3592 4063 4063 4062 4062 4062 4062 4062 4062
4313 1777285915 3550 3694 3666 379 3581 3624 3624 3592 4063 4063 4062 4062 4062 4062 4062 4062
4314 1777285915 3550 3695 3667 379 3580 3624 3625 3593 4063 4063 4062 4062 4062 4062 4062 4062
4315 1777285915 3550 3694 3666 380 3581 3624 3625 3593 4063 4063 4062 4062 4062 4062 4062 4062
4316 1777285915 3550 3695 3666 379 3580 3624 3624 3592 4063 4063 4062 4062 4062 4062 4062 4062
4317 1777285915 3550 3694 3666 380 3580 3624 3624 3593 4063 4063 4063 4063 4063 4063 4063 4063
4318 1777285915 3551 3695 3667 379 3580 3625 3625 3593 4061 4061 4061 4061 4061 4061 4061 4061
4319 1777285915 3550 3694 3667 379 3581 3624 3624 3592 4063 4063 4063 4063 4063 4063 4063 4063
4320 1777285915 3550 3694 3667 379 3580 3624 3624 3592 4063 4063 4063 4063 4063 4063 4063 4063
4321 1777285915 3549 3693 3665 379 3580 3624 3624 3592 4063 4063 4063 4063 4063 4063 4063 4063
4322 1777285915 3550 3694 3666 379 3580 3624 3624 3592 4063 4063 4062 4062 4062 4062 4062 4062
4323 1777285915 3550 3694 3666 379 3580 3624 3624 3592 4061 4061 4061 4061 4061 4061 4061 4061
4324 1777285915 3549 3693 3666 379 3580 3623 3623 3592 4063 4063 4062 4062 4062 4062 4062 4062
4325 1777285915 3551 3695 3667 379 3581 3624 3624 3593 4063 4063 4063 4063 4063 4063 4063 4063
4326 1777285915 3549 3693 3665 379 3579 3623 3624 3592 4063 4063 4062 4062 4062 4062 4062 4062
4327 1777285915 3550 3694 3666 379 3581 3624 3624 3592 4061 4061 4061 4061 4061 4061 4061 4061
4328 1777285915 3550 3694 3667 379 3580 3624 3624 3593 4063 4063 4062 4062 4062 4062 4062 4062
4329 1777285915 3550 3694 3667 379 3580 3624 3624 3593 4061 4061 4061 4061 4061 4061 4061 4061
4330 1777285915 3550 3694 3666 379 3580 3623 3624 3591 4061 4061 4061 4061 4061 4061 4061 4061
4331 1777285915 3550 3695 3667 379 3581 3625 3625 3593 4061 4061 4061 4061 4061 4061 4061 4061
4332 1777285915 3550 3695 3667 379 3581 3624 3625 3592 4061 4061 4061 4061 4061 4061 4061 4061
4333 1777285915 3550 3694 3666 379 3580 3624 3624 3592 4063 4063 4062 4062 4062 4062 4062 4062
4334 1777285915 3549 3694 3666 379 3580 3624 3624 3592 4063 4062 4062 4062 4062 4062 4062 4062
4335 1777285915 3550 3694 3666 380 3579 3624 3624 3592 4061 4061 4061 4061 4061 4061 4061 4061
4336 1777285915 3550 3695 3667 379 3581 3625 3625 3593 4063 4063 4062 4062 4062 4062 4062 4062
4337 1777285915 3550 3695 3666 379 3581 3623 3624 3592 4063 4063 4063 4063 4063 4063 4063 4063
4338 1777285915 3551 3695 3668 379 3582 3625 3625 3594 4063 4063 4062 4062 4062 4062 4062 4062
4339 1777285915 3550 3694 3667 379 3581 3624 3625 3593 4063 4063 4063 4063 4063 4063 4063 4063
4340 1777285915 3550 3695 3667 379 3582 3624 3625 3593 4061 4061 4061 4061 4061 4061 4061 4061
4341 1777285915 3550 3694 3666 380 3581 3624 3625 3592 4061 4061 4061 4061 4061 4061 4061 4061
4342 1777285915 3551 3695 3668 379 3582 3626 3626 3594 4061 4061 4061 4061 4061 4061 4061 4061
4343 1777285915 3550 3694 3666 380 3579 3624 3624 3593 4063 4063 4062 4062 4062 4062 4062 4062
4344 1777285915 3550 3694 3666 380 3580 3624 3623 3592 4061 4061 4061 4061 4061 4061 4061 4061
4345 1777285915 3550 3694 3666 379 3581 3624 3624 3592 4063 4063 4062 4062 4062 4062 4062 4062
4346 1777285915 3550 3694 3666 379 3580 3624 3625 3593 4063 4063 4062 4062 4062 4062 4062 4062
4347 1777285915 3551 3695 3667 380 3581 3624 3625 3593 4063 4063 4062 4062 4062 4062 4062 4062
4348 1777285915 3550 3695 3667 379 3581 3624 3624 3593 4061 4061 4061 4061 4061 4061 4061 4061
4349 1777285915 3551 3695 3667 379 3581 3625 3625 3593 4061 4061 4061 4061 4061 4061 4061 4061
4350 1777285915 3551 3695 3668 379 3581 3625 3626 3593 4063 4063 4062 4062 4062 4062 4062 4062
4351 1777285915 3549 3694 3666 380 3579 3624 3624 3592 4063 4063 4062 4062 4062 4062 4062 4062
4352 1777285915 3550 3695 3667 379 3581 3624 3625 3593 4061 4061 4061 4061 4061 4061 4061 4061
4353 1777285915 3550 3695 3667 380 3581 3625 3625 3593 4063 4063 4062 4062 4062 4062 4062 4062
4354 1777285915 3550 3694 3667 379 3581 3625 3625 3593 4063 4063 4062 4062 4062 4062 4062 4062
4355 1777285915 3550 3695 3667 380 3581 3625 3625 3593 4061 4061 4061 4061 4061 4061 4061 4061
4356 1777285915 3551 3695 3667 379 3581 3625 3625 3593 4061 4061 4061 4061 4061 4061 4061 4061
4357 1777285915 3550 3694 3666 380 3580 3624 3625 3593 4063 4063 4063 4063 4063 4063 4063 4063
4358 1777285915 3551 3695 3668 380 3581 3625 3625 3593 4061 4061 4061 4061 4061 4061 4061 4061
4359 1777285915 3550 3695 3667 380 3581 3624 3624 3593 4063 4063 4063 4063 4063 4063 4063 4063
4360 1777285915 3550 3694 3666 379 3581 3625 3625 3593 4063 4063 4062 4062 4062 4062 4062 4062
4361 1777285915 3550 3695 3666 379 3581 3625 3624 3592 4063 4063 4063 4063 4063 4063 4063 4063
4362 1777285915 3550 3694 3666 379 3580 3624 3624 3592 4063 4063 4062 4062 4062 4062 4062 4062
4363 1777285915 3551 3695 3667 380 3581 3625 3625 3593 4061 4061 4061 4061 4061 4061 4061 4061
4364 1777285915 3550 3695 3667 379 3581 3625 3625 3592 4063 4063 4062 4062 4062 4062 4062 4062
4365 1777285915 3550 3694 3666 380 3581 3625 3625 3593 4061 4061 4061 4061 4061 4061 4061 4061
4366 1777285916 3550 3695 3667 381 3580 3625 3625 3593 4061 4061 4061 4061 4061 4061 4061 4061
4367 1777285916 3550 3694 3666 380 3579 3624 3624 3592 4061 4061 4061 4061 4061 4061 4061 4061
4368 1777285916 3551 3695 3667 379 3581 3624 3625 3593 4061 4061 4061 4061 4061 4061 4061 4061
4369 1777285916 3550 3695 3667 379 3581 3624 3625 3593 4063 4063 4063 4063 4063 4063 4063 4063
4370 1777285916 3549 3694 3666 380 3580 3624 3624 3592 4063 4063 4062 4062 4062 4062 4062 4062
4371 1777285916 3551 3695 3667 380 3581 3625 3625 3593 4061 4061 4061 4061 4061 4061 4061 4061
4372 1777285916 3550 3694 3666 380 3580 3624 3624 3592 4061 4061 4061 4061 4061 4061 4061 4061
4373 1777285916 3550 3695 3666 380 3581 3625 3624 3593 4061 4061 4061 4061 4061 4061 4061 4061
4374 1777285916 3550 3695 3667 379 3580 3624 3624 3593 4063 4063 4062 4062 4062 4062 4062 4062
4375 1777285916 3551 3695 3667 380 3581 3624 3625 3593 4061 4061 4061 4061 4061 4061 4061 4061
4376 1777285916 3550 3695 3667 380 3580 3624 3624 3592 4061 4061 4061 4061 4061 4061 4061 4061
4377 1777285916 3550 3695 3667 379 3581 3624 3625 3593 4061 4061 4061 4061 4061 4061 4061 4061
4378 1777285916 3550 3695 3667 379 3581 3624 3624 3592 4063 4063 4063 4063 4063 4063 4063 4063
4379 1777285916 3551 3695 3667 379 3581 3625 3626 3593 4061 4061 4061 4061 4061 4061 4061 4061
4380 1777285916 3551 3695 3667 380 3581 3625 3625 3593 4063 4063 4062 4062 4062 4062 4062 4062
4381 1777285916 3551 3696 3668 380 3581 3625 3626 3594 4065 4063 4063 4063 4063 4063 4063 4063
4382 1777285916 3549 3694 3666 380 3580 3624 3624 3592 4063 4063 4062 4062 4062 4062 4062 4062
4383 1777285916 3550 3695 3667 380 3581 3624 3624 3593 4063 4063 4063 4063 4063 4063 4063 4063
4384 1777285916 3551 3695 3667 380 3581 3625 3625 3593 4063 4063 4062 4062 4062 4062 4062 4062
4385 1777285916 3551 3695 3667 380 3581 3625 3625 3593 4061 4061 4061 4061 4061 4061 4061 4061
4386 1777285916 3551 3696 3668 379 3582 3626 3626 3593 4061 4061 4061 4061 4061 4061 4061 4061
4387 1777285916 3551 3695 3668 380 3581 3625 3625 3593 4063 4063 4062 4062 4062 4062 4062 4062
4388 1777285916 3549 3694 3666 380 3580 3624 3624 3592 4063 4063 4063 4063 4063 4063 4063 4063
4389 1777285916 3550 3694 3667 380 3581 3625 3625 3593 4063 4063 4062 4062 4062 4062 4062 4062
4390 1777285916 3550 3695 3667 379 3581 3624 3624 3593 4063 4063 4062 4062 4062 4062 4062 4062
4391 1777285916 3551 3695 3667 380 3581 3625 3625 3593 4063 4063 4063 4063 4063 4063 4063 4063
4392 1777285916 3549 3694 3666 379 3581 3624 3624 3592 4063 4063 4062 4062 4062 4062 4062 4062
4393 1777285916 3550 3695 3666 380 3581 3624 3625 3593 4061 4061 4061 4061 4061 4061 4061 4061
4394 1777285916 3551 3696 3668 380 3582 3626 3626 3593 4061 4061 4061 4061 4061 4061 4061 4061
4395 1777285916 3551 3696 3667 380 3581 3625 3625 3593 4063 4063 4062 4062 4062 4062 4062 4062
4396 1777285916 3550 3695 3667 380 3581 3624 3624 3593 4063 4063 4062 4062 4062 4062 4062 4062
4397 1777285916 3550 3694 3667 380 3581 3624 3625 3592 4061 4061 4061 4061 4061 4061 4061 4061
4398 1777285916 3550 3695 3667 381 3580 3625 3625 3593 4063 4063 4062 4062 4062 4062 4062 4062
4399 1777285916 3550 3695 3667 380 3581 3624 3625 3593 4063 4063 4062 4062 4062 4062 4062 4062
4400 1777285916 3551 3696 3668 380 3582 3626 3626 3594 4063 4063 4062 4062 4062 4062 4062 4062
4401 1777285916 3551 3695 3667 380 3581 3625 3625 3593 4063 4063 4062 4062 4062 4062 4062 4062
4402 1777285916 3550 3695 3667 380 3581 3625 3625 3593 4063 4063 4063 4063 4063 4063 4063 4063
4403 1777285916 3551 3695 3667 380 3581 3625 3625 3593 4063 4063 4062 4062 4062 4062 4062 4062
4404 1777285916 3551 3695 3667 379 3581 3625 3625 3593 4063 4063 4063 4063 4063 4063 4063 4063
4405 1777285916 3550 3694 3667 380 3581 3624 3624 3593 4063 4063 4062 4062 4062 4062 4062 4062
4406 1777285916 3550 3695 3667 380 3580 3624 3624 3593 4063 4063 4062 4062 4062 4062 4062 4062
4407 1777285916 3550 3694 3667 380 3581 3624 3625 3593 4061 4061 4061 4061 4061 4061 4061 4061
4408 1777285916 3550 3695 3667 380 3581 3625 3625 3593 4061 4061 4061 4061 4061 4061 4061 4061
4409 1777285916 3551 3695 3667 380 3581 3624 3625 3593 4063 4063 4062 4062 4062 4062 4062 4062
4410 1777285916 3550 3695 3667 379 3582 3625 3625 3593 4061 4061 4061 4061 4061 4061 4061 4061
4411 1777285916 3550 3695 3667 380 3581 3626 3625 3593 4063 4063 4062 4062 4062 4062 4062 4062
4412 1777285916 3550 3695 3667 380 3581 3625 3625 3593 4063 4063 4062 4062 4062 4062 4062 4062
4413 1777285916 3551 3695 3667 380 3581 3625 3625 3593 4061 4061 4061 4061 4061 4061 4061 4061
4414 1777285916 3552 3696 3668 380 3582 3625 3626 3594 4063 4063 4062 4062 4062 4062 4062 4062
4415 1777285916 3551 3695 3667 380 3581 3625 3625 3593 4061 4061 4061 4061 4061 4061 4061 4061
4416 1777285916 3550 3695 3667 380 3581 3624 3625 3593 4061 4061 4061 4061 4061 4061 4061 4061
4417 1777285916 3551 3696 3668 380 3581 3625 3626 3594 4063 4063 4063 4063 4063 4063 4063 4063
4418 1777285916 3549 3694 3666 379 3580 3624 3624 3592 4061 4061 4061 4061 4061 4061 4061 4061
4419 1777285916 3550 3695 3667 380 3581 3624 3625 3593 4063 4063 4062 4062 4062 4062 4062 4062
4420 1777285916 3550 3694 3666 380 3580 3624 3625 3593 4061 4061 4061 4061 4061 4061 4061 4061
4421 1777285916 3550 3695 3667 380 3581 3624 3625 3593 4063 4063 4062 4062 4062 4062 4062 4062
4422 1777285916 3551 3695 3667 381 3580 3624 3625 3593 4063 4063 4062 4062 4062 4062 4062 4062
4423 1777285916 3551 3696 3668 380 3582 3625 3625 3593 4063 4063 4063 4063 4063 4063 4063 4063
4424 1777285916 3550 3695 3667 380 3581 3625 3625 3593 4063 4063 4062 4062 4062 4062 4062 4062
4425 1777285916 3550 3694 3667 380 3581 3624 3625 3593 4063 4063 4062 4062 4062 4062 4062 4062
4426 1777285916 3550 3694 3666 380 3581 3624 3624 3593 4063 4063 4062 4062 4062 4062 4062 4062
4427 1777285916 3549 3694 3666 378 3579 3623 3623 3592 4063 4063 4062 4062 4062 4062 4062 4062
4428 1777285916 3549 3693 3665 378 3580 3623 3623 3592 4063 4063 4063 4063 4063 4063 4063 4063
4429 1777285916 3548 3692 3665 378 3579 3622 3623 3591 4061 4061 4061 4061 4061 4061 4061 4061
4430 1777285916 3549 3693 3665 378 3579 3623 3623 3592 4061 4061 4061 4061 4061 4061 4061 4061
4431 1777285916 3549 3693 3665 380 3579 3623 3623 3591 4063 4063 4063 4063 4063 4063 4063 4063
4432 1777285916 3549 3693 3665 379 3578 3623 3623 3591 4061 4061 4061 4061 4061 4061 4061 4061
4433 1777285917 3549 3694 3666 378 3579 3623 3623 3591 4063 4063 4062 4062 4062 4062 4062 4062
4434 1777285917 3549 3694 3665 378 3580 3624 3624 3592 4061 4061 4061 4061 4061 4061 4061 4061
4435 1777285917 3549 3694 3666 378 3580 3623 3624 3592 4063 4063 4062 4062 4062 4062 4062 4062
4436 1777285917 3549 3693 3665 378 3578 3623 3623 3592 4061 4061 4061 4061 4061 4061 4061 4061
4437 1777285917 3549 3693 3665 378 3579 3623 3623 3591 4063 4063 4062 4062 4062 4062 4062 4062
4438 1777285917 3549 3693 3665 378 3579 3623 3623 3591 4063 4063 4062 4062 4062 4062 4062 4062
4439 1777285917 3549 3693 3666 378 3579 3623 3624 3592 4063 4063 4063 4063 4063 4063 4063 4063
4440 1777285917 3550 3695 3666 379 3580 3624 3625 3593 4061 4061 4061 4061 4061 4061 4061 4061
4441 1777285917 3549 3694 3665 379 3580 3623 3624 3592 4063 4063 4062 4062 4062 4062 4062 4062
4442 1777285917 3549 3693 3665 378 3579 3623 3623 3591 4063 4063 4062 4062 4062 4062 4062 4062
4443 1777285917 3549 3693 3666 378 3580 3623 3624 3592 4063 4063 4062 4062 4062 4062 4062 4062
4444 1777285917 3549 3693 3665 378 3579 3623 3623 3591 4063 4063 4062 4062 4062 4062 4062 4062
4445 1777285917 3549 3694 3665 378 3580 3623 3623 3591 4059 4059 4058 4058 4058 4058 4058 4058
4446 1777285917 3548 3692 3664 379 3578 3622 3623 3591 4063 4063 4063 4063 4063 4063 4063 4063
4447 1777285917 3549 3693 3665 378 3579 3623 3623 3592 4061 4061 4061 4061 4061 4061 4061 4061
4448 1777285917 3549 3694 3666 379 3580 3623 3623 3591 4061 4061 4061 4061 4061 4061 4061 4061
4449 1777285917 3548 3692 3665 378 3579 3623 3623 3591 4063 4063 4062 4062 4062 4062 4062 4062
4450 1777285917 3549 3693 3666 378 3580 3623 3624 3592 4061 4061 4061 4061 4061 4061 4061 4061
4451 1777285917 3549 3694 3666 378 3579 3623 3623 3591 4061 4061 4061 4061 4061 4061 4061 4061
4452 1777285917 3549 3693 3665 379 3579 3623 3623 3591 4063 4063 4062 4062 4062 4062 4062 4062
4453 1777285917 3549 3693 3666 378 3580 3623 3624 3592 4063 4063 4063 4063 4063 4063 4063 4063
4454 1777285917 3549 3693 3666 378 3580 3623 3624 3591 4061 4061 4061 4061 4061 4061 4061 4061
4455 1777285917 3550 3695 3666 378 3580 3624 3624 3592 4063 4063 4062 4062 4062 4062 4062 4062
4456 1777285917 3549 3693 3665 379 3579 3623 3623 3591 4063 4063 4062 4062 4062 4062 4062 4062
4457 1777285917 3549 3693 3666 379 3580 3623 3624 3592 4061 4061 4060 4060 4060 4060 4060 4060
4458 1777285917 3548 3693 3665 379 3579 3622 3623 3591 4063 4063 4062 4062 4062 4062 4062 4062
4459 1777285917 3550 3694 3666 378 3580 3624 3624 3592 4063 4063 4063 4063 4063 4063 4063 4063
4460 1777285917 3549 3694 3666 379 3580 3623 3624 3592 4061 4061 4061 4061 4061 4061 4061 4061
4461 1777285917 3549 3694 3665 379 3580 3623 3623 3591 4063 4063 4062 4062 4062 4062 4062 4062
4462 1777285917 3549 3694 3666 378 3580 3624 3624 3592 4063 4063 4062 4062 4062 4062 4062 4062
4463 1777285917 3549 3694 3665 378 3579 3623 3624 3592 4061 4061 4061 4061 4061 4061 4061 4061
4464 1777285917 3549 3694 3665 379 3580 3624 3623 3591 4063 4062 4062 4062 4062 4062 4062 4062
4465 1777285917 3549 3693 3666 378 3579 3623 3623 3592 4061 4061 4061 4061 4061 4061 4061 4061
4466 1777285917 3550 3694 3667 378 3580 3624 3624 3592 4063 4063 4063 4063 4063 4063 4063 4063
4467 1777285917 3549 3694 3665 378 3580 3624 3624 3592 4063 4063 4062 4062 4062 4062 4062 4062
4468 1777285917 3549 3693 3665 378 3580 3623 3623 3591 4063 4063 4062 4062 4062 4062 4062 4062
4469 1777285917 3549 3693 3665 378 3579 3623 3623 3591 4063 4063 4062 4062 4062 4062 4062 4062
4470 1777285917 3549 3693 3666 378 3580 3624 3624 3591 4063 4063 4063 4063 4063 4063 4063 4063
4471 1777285917 3549 3694 3666 379 3581 3624 3624 3592 4063 4063 4062 4062 4062 4062 4062 4062
4472 1777285917 3549 3693 3665 379 3579 3623 3624 3591 4063 4063 4062 4062 4062 4062 4062 4062
4473 1777285917 3549 3693 3665 379 3579 3623 3623 3591 4061 4061 4061 4061 4061 4061 4061 4061
4474 1777285917 3549 3693 3665 378 3579 3623 3623 3591 4063 4063 4063 4063 4063 4063 4063 4063
4475 1777285917 3549 3694 3665 378 3580 3623 3624 3592 4059 4059 4059 4059 4059 4059 4059 4059
4476 1777285917 3549 3693 3665 378 3579 3623 3623 3591 4063 4063 4062 4062 4062 4062 4062 4062
4477 1777285917 3550 3694 3666 378 3579 3624 3624 3592 4061 4061 4061 4061 4061 4061 4061 4061
4478 1777285917 3549 3693 3666 379 3580 3623 3624 3592 4063 4063 4063 4063 4063 4063 4063 4063
4479 1777285917 3548 3693 3665 378 3579 3623 3623 3591 4063 4062 4062 4062 4062 4062 4062 4062
4480 1777285917 3549 3694 3666 379 3580 3624 3625 3593 4063 4063 4062 4062 4062 4062 4062 4062
4481 1777285917 3550 3694 3666 378 3581 3624 3624 3592 4063 4061 4061 4061 4061 4061 4061 4061
4482 1777285917 3550 3694 3666 379 3580 3623 3624 3592 4063 4063 4063 4063 4063 4063 4063 4063
4483 1777285917 3549 3694 3666 378 3580 3624 3624 3592 4061 4061 4061 4061 4061 4061 4061 4061
4484 1777285917 3549 3693 3665 379 3579 3623 3623 3592 4063 4063 4062 4062 4062 4062 4062 4062
4485 1777285917 3550 3693 3666 378 3580 3624 3624 3592 4063 4063 4062 4062 4062 4062 4062 4062
4486 1777285917 3549 3693 3665 379 3579 3623 3623 3591 4063 4063 4062 4062 4062 4062 4062 4062
4487 1777285917 3550 3694 3666 379 3579 3624 3624 3592 4061 4061 4061 4061 4061 4061 4061 4061
4488 1777285917 3550 3694 3667 379 3581 3624 3625 3592 4061 4061 4061 4061 4061 4061 4061 4061
4489 1777285917 3550 3694 3666 378 3581 3624 3624 3592 4061 4061 4061 4061 4061 4061 4061 4061
4490 1777285917 3549 3694 3667 378 3581 3624 3625 3592 4061 4061 4061 4061 4061 4061 4061 4061
4491 1777285917 3549 3693 3665 378 3579 3623 3623 3591 4063 4063 4062 4062 4062 4062 4062 4062
4492 1777285917 3549 3694 3666 379 3580 3623 3624 3592 4063 4063 4062 4062 4062 4062 4062 4062
4493 1777285917 3550 3694 3666 379 3580 3624 3625 3592 4061 4061 4061 4061 4061 4061 4061 4061
4494 1777285917 3550 3694 3666 379 3580 3624 3624 3593 4063 4063 4063 4063 4063 4063 4063 4063
4495 1777285917 3550 3694 3666 378 3579 3624 3624 3592 4063 4063 4062 4062 4062 4062 4062 4062
4496 1777285918 3549 3694 3666 379 3580 3624 3624 3592 4062 4062 4062 4062 4062 4062 4062 4062
4497 1777285918 3549 3694 3666 378 3580 3624 3624 3592 4061 4061 4061 4061 4061 4061 4061 4061
4498 1777285918 3550 3694 3666 378 3580 3624 3624 3592 4063 4063 4062 4062 4062 4062 4062 4062
4499 1777285918 3549 3693 3665 379 3579 3623 3623 3591 4061 4061 4061 4061 4061 4061 4061 4061
4500 1777285918 3550 3695 3667 379 3581 3624 3624 3592 4063 4061 4061 4061 4061 4061 4061 4061
4501 1777285918 3550 3695 3667 378 3581 3625 3625 3592 4063 4063 4063 4063 4063 4063 4063 4063
4502 1777285918 3549 3694 3666 378 3580 3624 3624 3592 4063 4063 4063 4063 4063 4063 4063 4063
4503 1777285918 3549 3693 3665 378 3579 3623 3624 3592 4063 4063 4062 4062 4062 4062 4062 4062
4504 1777285918 3549 3694 3666 379 3580 3624 3624 3592 4061 4061 4061 4061 4061 4061 4061 4061
4505 1777285918 3550 3694 3666 379 3581 3624 3625 3593 4063 4063 4062 4062 4062 4062 4062 4062
4506 1777285918 3550 3695 3666 379 3580 3624 3625 3592 4063 4063 4063 4063 4063 4063 4063 4063
4507 1777285918 3549 3695 3666 379 3580 3624 3624 3592 4063 4063 4062 4062 4062 4062 4062 4062
4508 1777285918 3549 3694 3665 379 3579 3623 3624 3592 4063 4063 4062 4062 4062 4062 4062 4062
4509 1777285918 3550 3694 3666 379 3580 3624 3624 3591 4061 4061 4061 4061 4061 4061 4061 4061
4510 1777285918 3549 3694 3666 379 3580 3624 3624 3592 4061 4061 4061 4061 4061 4061 4061 4061
4511 1777285918 3550 3694 3666 379 3579 3624 3624 3592 4063 4063 4062 4062 4062 4062 4062 4062
4512 1777285918 3550 3695 3667 379 3582 3625 3625 3593 4063 4063 4062 4062 4062 4062 4062 4062
4513 1777285918 3549 3693 3665 379 3580 3623 3623 3592 4063 4063 4062 4062 4062 4062 4062 4062
4514 1777285918 3550 3694 3666 379 3580 3624 3624 3592 4063 4062 4062 4062 4062 4062 4062 4062
4515 1777285918 3550 3694 3667 378 3581 3624 3624 3592 4063 4063 4063 4063 4063 4063 4063 4063
4516 1777285918 3550 3694 3666 379 3580 3624 3624 3593 4061 4061 4061 4061 4061 4061 4061 4061
4517 1777285918 3550 3694 3666 379 3580 3624 3624 3592 4063 4063 4063 4063 4063 4063 4063 4063
4518 1777285918 3550 3694 3666 379 3580 3624 3624 3592 4063 4063 4062 4062 4062 4062 4062 4062
4519 1777285918 3550 3694 3666 379 3579 3624 3624 3592 4063 4063 4062 4062 4062 4062 4062 4062
4520 1777285918 3550 3693 3665 379 3580 3622 3623 3591 4063 4063 4062 4062 4062 4062 4062 4062
4521 1777285918 3549 3693 3665 379 3580 3623 3624 3592 4063 4063 4062 4062 4062 4062 4062 4062
4522 1777285918 3550 3694 3666 378 3580 3624 3624 3592 4063 4063 4062 4062 4062 4062 4062 4062
4523 1777285918 3550 3695 3667 378 3581 3624 3624 3592 4063 4063 4062 4062 4063 4062 4062 4063
4524 1777285918 3548 3693 3665 379 3580 3623 3623 3591 4063 4062 4062 4062 4062 4062 4062 4062
4525 1777285918 3550 3694 3666 378 3580 3624 3624 3592 4063 4063 4063 4063 4063 4063 4063 4063
4526 1777285918 3549 3694 3666 379 3580 3623 3624 3592 4061 4061 4061 4061 4061 4061 4061 4061
4527 1777285918 3550 3694 3666 380 3579 3624 3624 3592 4063 4063 4063 4063 4063 4063 4063 4063
4528 1777285918 3549 3693 3666 379 3580 3623 3624 3592 4063 4063 4062 4062 4062 4062 4062 4062
4529 1777285918 3550 3694 3666 379 3581 3624 3624 3592 4063 4063 4062 4062 4062 4062 4062 4062
4530 1777285918 3549 3694 3666 379 3580 3624 3624 3593 4063 4063 4062 4062 4062 4062 4062 4062
4531 1777285918 3550 3695 3666 379 3581 3624 3624 3592 4063 4063 4062 4062 4062 4062 4062 4062
4532 1777285918 3549 3694 3666 379 3580 3623 3624 3592 4063 4063 4062 4062 4062 4062 4062 4062
4533 1777285918 3550 3694 3666 379 3581 3624 3625 3593 4061 4061 4061 4061 4061 4061 4061 4061
4534 1777285918 3549 3693 3665 379 3579 3623 3623 3591 4063 4063 4062 4062 4062 4062 4062 4062
4535 1777285918 3549 3693 3666 380 3580 3623 3624 3592 4063 4063 4062 4062 4062 4062 4062 4062
4536 1777285918 3549 3693 3665 379 3578 3623 3623 3591 4063 4063 4062 4062 4062 4062 4062 4062
4537 1777285918 3550 3694 3666 379 3580 3624 3624 3592 4063 4063 4062 4062 4062 4062 4062 4062
4538 1777285918 3548 3693 3666 379 3580 3624 3624 3592 4063 4063 4063 4063 4063 4063 4063 4063
4539 1777285918 3550 3694 3666 379 3581 3624 3624 3592 4063 4063 4062 4062 4062 4062 4062 4062
4540 1777285918 3550 3695 3667 379 3581 3624 3624 3592 4063 4063 4062 4062 4062 4062 4062 4062
4541 1777285918 3550 3694 3665 379 3580 3624 3624 3592 4063 4063 4062 4062 4062 4062 4062 4062
4542 1777285918 3549 3693 3665 379 3580 3623 3624 3591 4063 4063 4062 4062 4062 4062 4062 4062
4543 1777285918 3550 3694 3666 380 3580 3623 3624 3592 4061 4061 4061 4061 4061 4061 4061 4061
4544 1777285918 3549 3694 3666 379 3580 3624 3624 3592 4061 4061 4061 4061 4061 4061 4061 4061
4545 1777285918 3550 3694 3667 378 3581 3624 3624 3592 4061 4061 4061 4061 4061 4061 4061 4061
4546 1777285918 3550 3694 3666 379 3580 3624 3624 3592 4063 4063 4063 4063 4063 4063 4063 4063
4547 1777285918 3550 3695 3666 379 3580 3624 3625 3592 4063 4063 4063 4063 4063 4063 4063 4063
4548 1777285918 3549 3694 3667 379 3580 3624 3624 3593 4061 4061 4061 4061 4061 4061 4061 4061
4549 1777285918 3550 3694 3666 378 3580 3624 3624 3592 4063 4063 4062 4062 4062 4062 4062 4062
4550 1777285918 3549 3694 3666 379 3580 3624 3624 3592 4061 4061 4061 4061 4061 4061 4061 4061
4551 1777285918 3550 3694 3666 380 3580 3624 3624 3593 4063 4063 4062 4062 4062 4062 4062 4062
4552 1777285918 3550 3695 3667 379 3581 3624 3625 3593 4063 4063 4062 4062 4062 4062 4062 4062
4553 1777285918 3550 3695 3667 379 3581 3625 3625 3593 4061 4061 4061 4061 4061 4061 4061 4061
4554 1777285918 3550 3694 3666 379 3580 3624 3624 3593 4063 4063 4062 4062 4062 4062 4062 4062
4555 1777285918 3550 3694 3666 379 3580 3623 3624 3592 4063 4063 4062 4062 4062 4062 4062 4062
4556 1777285918 3549 3693 3666 379 3580 3623 3624 3592 4063 4063 4062 4062 4062 4062 4062 4062
4557 1777285918 3550 3695 3667 379 3581 3624 3624 3593 4063 4063 4062 4062 4062 4062 4062 4062
4558 1777285918 3550 3694 3666 381 3580 3625 3625 3593 4063 4061 4061 4061 4061 4061 4061 4061
4559 1777285918 3551 3695 3667 380 3581 3625 3625 3593 4063 4062 4062 4062 4062 4062 4062 4062
4560 1777285918 3550 3694 3666 379 3578 3624 3624 3593 4063 4063 4062 4062 4062 4062 4062 4062
4561 1777285918 3550 3694 3666 379 3580 3624 3624 3593 4063 4063 4062 4062 4062 4062 4062 4062
4562 1777285918 3550 3695 3667 379 3580 3625 3625 3593 4063 4063 4062 4062 4062 4062 4062 4062
4563 1777285918 3550 3694 3666 379 3580 3624 3624 3592 4063 4063 4063 4063 4063 4063 4063 4063
4564 1777285919 3551 3695 3667 379 3581 3625 3625 3593 4063 4063 4062 4062 4062 4062 4062 4062
4565 1777285919 3549 3694 3666 379 3581 3624 3624 3592 4063 4063 4063 4063 4063 4063 4063 4063
4566 1777285919 3550 3694 3666 379 3580 3624 3625 3593 4061 4061 4061 4061 4061 4061 4061 4061
4567 1777285919 3550 3694 3667 380 3581 3624 3625 3593 4063 4063 4062 4062 4062 4062 4062 4062
4568 1777285919 3551 3695 3667 379 3581 3625 3626 3594 4063 4063 4062 4062 4062 4062 4062 4062
4569 1777285919 3549 3694 3666 379 3580 3624 3624 3592 4061 4061 4061 4061 4061 4061 4061 4061
4570 1777285919 3550 3695 3666 379 3581 3625 3625 3593 4063 4063 4062 4062 4062 4062 4062 4062
4571 1777285919 3550 3696 3667 379 3581 3625 3625 3593 4063 4063 4062 4062 4062 4062 4062 4062
4572 1777285919 3549 3694 3665 379 3581 3623 3624 3592 4063 4063 4062 4062 4062 4062 4062 4062
4573 1777285919 3550 3694 3666 380 3580 3624 3624 3592 4063 4063 4063 4063 4063 4063 4063 4063
4574 1777285919 3550 3694 3666 379 3580 3624 3624 3592 4063 4063 4062 4062 4062 4062 4062 4062
4575 1777285919 3549 3694 3666 379 3579 3624 3624 3592 4063 4063 4062 4062 4062 4062 4062 4062
4576 1777285919 3550 3695 3667 379 3582 3624 3625 3593 4061 4061 4061 4061 4061 4061 4061 4061
4577 1777285919 3550 3694 3666 380 3581 3624 3624 3593 4063 4063 4062 4062 4062 4062 4062 4062
4578 1777285919 3551 3696 3667 379 3581 3625 3625 3593 4061 4061 4061 4061 4061 4061 4061 4061
4579 1777285919 3550 3695 3666 379 3581 3624 3625 3592 4063 4063 4062 4062 4062 4062 4062 4062
4580 1777285919 3550 3694 3667 379 3580 3624 3624 3593 4063 4063 4062 4062 4062 4062 4062 4062
4581 1777285919 3550 3694 3667 379 3580 3624 3624 3592 4061 4061 4061 4061 4061 4061 4061 4061
4582 1777285919 3550 3694 3667 380 3580 3624 3625 3593 4063 4063 4062 4062 4062 4062 4062 4062
4583 1777285919 3550 3695 3667 380 3581 3624 3625 3593 4063 4063 4062 4062 4062 4062 4062 4062
4584 1777285919 3551 3695 3667 379 3582 3625 3625 3594 4061 4060 4060 4060 4060 4060 4060 4060
4585 1777285919 3550 3696 3667 379 3581 3625 3625 3593 4061 4061 4061 4061 4061 4061 4061 4061
4586 1777285919 3550 3695 3667 379 3580 3625 3625 3593 4063 4063 4062 4062 4062 4062 4062 4062
4587 1777285919 3550 3694 3666 379 3581 3624 3624 3592 4063 4063 4063 4063 4063 4063 4063 4063
4588 1777285919 3550 3695 3667 380 3581 3625 3625 3594 4063 4063 4062 4062 4062 4062 4062 4062
4589 1777285919 3551 3695 3667 379 3581 3625 3626 3594 4063 4062 4062 4062 4062 4062 4062 4062
4590 1777285919 3551 3695 3667 380 3580 3625 3625 3593 4063 4063 4063 4063 4063 4063 4063 4063
4591 1777285919 3550 3695 3667 379 3581 3624 3624 3593 4063 4063 4062 4062 4062 4062 4062 4062
4592 1777285919 3550 3695 3667 379 3582 3625 3625 3593 4063 4063 4062 4062 4062 4062 4062 4062
4593 1777285919 3550 3694 3666 380 3581 3624 3625 3593 4063 4061 4061 4061 4061 4061 4061 4061
4594 1777285919 3550 3695 3667 379 3581 3624 3624 3593 4061 4061 4061 4061 4061 4061 4061 4061
4595 1777285919 3551 3695 3667 380 3582 3625 3625 3593 4063 4063 4062 4062 4062 4062 4062 4062
4596 1777285919 3550 3695 3667 379 3581 3625 3625 3592 4063 4063 4062 4062 4062 4062 4062 4062
4597 1777285919 3551 3696 3667 379 3581 3625 3625 3593 4061 4061 4061 4061 4061 4061 4061 4061
4598 1777285919 3550 3695 3667 379 3580 3624 3624 3593 4063 4061 4061 4061 4061 4061 4061 4061
4599 1777285919 3550 3694 3667 380 3581 3624 3625 3592 4063 4063 4062 4062 4062 4062 4062 4062
4600 1777285919 3549 3694 3667 379 3580 3624 3624 3592 4063 4062 4062 4062 4062 4062 4062 4062
4601 1777285919 3550 3695 3667 379 3581 3625 3625 3593 4063 4063 4062 4062 4062 4062 4062 4062
4602 1777285919 3550 3695 3667 379 3581 3625 3625 3593 4063 4063 4062 4062 4062 4062 4062 4062
4603 1777285919 3550 3695 3667 380 3581 3625 3625 3593 4063 4063 4063 4063 4063 4063 4063 4063
4604 1777285919 3550 3695 3667 379 3582 3625 3625 3593 4063 4063 4062 4062 4062 4062 4062 4062
4605 1777285919 3550 3694 3666 380 3580 3624 3625 3592 4061 4061 4061 4061 4061 4061 4061 4061
4606 1777285919 3550 3695 3667 379 3580 3624 3625 3593 4063 4063 4062 4062 4062 4062 4062 4062
4607 1777285919 3550 3694 3667 380 3581 3625 3625 3593 4063 4063 4062 4062 4062 4062 4062 4062
4608 1777285919 3550 3695 3667 380 3581 3625 3625 3593 4063 4063 4062 4062 4062 4062 4062 4062
4609 1777285919 3550 3695 3667 379 3581 3625 3625 3593 4063 4063 4062 4062 4062 4062 4062 4062
4610 1777285919 3551 3696 3667 379 3581 3625 3625 3593 4061 4061 4061 4061 4061 4061 4061 4061
4611 1777285919 3549 3694 3666 379 3580 3624 3625 3592 4063 4062 4062 4062 4062 4062 4062 4062
4612 1777285919 3549 3694 3666 379 3580 3624 3624 3592 4063 4063 4062 4062 4062 4062 4062 4062
4613 1777285919 3550 3694 3666 379 3581 3624 3625 3593 4061 4061 4061 4061 4061 4061 4061 4061
4614 1777285919 3550 3695 3668 379 3581 3625 3625 3593 4061 4061 4061 4061 4061 4061 4061 4061
4615 1777285919 3549 3694 3666 380 3579 3624 3624 3592 4063 4063 4063 4063 4063 4063 4063 4063
4616 1777285919 3550 3694 3666 379 3580 3624 3624 3592 4063 4063 4062 4062 4062 4062 4062 4062
4617 1777285919 3550 3694 3666 380 3580 3624 3624 3593 4063 4063 4062 4062 4062 4062 4062 4062
4618 1777285919 3550 3695 3667 380 3581 3624 3625 3593 4063 4063 4062 4062 4062 4062 4062 4062
4619 1777285919 3549 3694 3666 380 3580 3623 3624 3592 4063 4063 4063 4063 4063 4063 4063 4063
4620 1777285919 3551 3695 3667 379 3581 3625 3625 3593 4063 4063 4063 4063 4063 4063 4063 4063
4621 1777285919 3550 3694 3667 380 3581 3625 3625 3593 4061 4061 4061 4061 4061 4061 4061 4061
4622 1777285919 3551 3695 3667 379 3580 3625 3626 3593 4063 4063 4062 4062 4062 4062 4062 4062
4623 1777285919 3551 3695 3668 380 3582 3626 3626 3594 4063 4063 4063 4063 4063 4063 4063 4063
4624 1777285919 3550 3695 3667 380 3581 3625 3625 3593 4061 4061 4061 4061 4061 4061 4061 4061
4625 1777285920 3550 3694 3667 380 3581 3625 3625 3593 4063 4063 4062 4062 4062 4062 4062 4062
4626 1777285920 3550 3695 3667 379 3580 3625 3625 3593 4061 4061 4061 4061 4061 4061 4061 4061
4627 1777285920 3551 3696 3668 379 3582 3625 3626 3593 4063 4063 4062 4062 4062 4062 4062 4062
4628 1777285920 3551 3696 3668 379 3582 3626 3626 3593 4063 4063 4062 4062 4062 4062 4062 4062
4629 1777285920 3551 3696 3668 380 3581 3625 3625 3593 4063 4063 4062 4062 4062 4062 4062 4062
4630 1777285920 3551 3695 3667 379 3580 3625 3625 3593 4061 4061 4061 4061 4061 4061 4061 4061
4631 1777285920 3550 3695 3668 379 3581 3625 3625 3593 4063 4062 4062 4062 4062 4062 4062 4062
4632 1777285920 3550 3695 3666 380 3581 3625 3624 3593 4063 4063 4063 4063 4063 4063 4063 4063
4633 1777285920 3552 3696 3668 379 3581 3625 3626 3594 4063 4063 4062 4062 4062 4062 4062 4062
4634 1777285920 3550 3695 3667 380 3580 3625 3625 3593 4063 4063 4063 4063 4063 4063 4063 4063
4635 1777285920 3550 3694 3666 380 3581 3624 3625 3593 4063 4063 4062 4062 4062 4062 4062 4062
4636 1777285920 3551 3696 3668 379 3582 3626 3626 3594 4061 4061 4061 4061 4061 4061 4061 4061
4637 1777285920 3551 3695 3668 379 3581 3625 3626 3594 4063 4063 4062 4062 4062 4062 4062 4062
4638 1777285920 3551 3695 3667 380 3580 3625 3625 3594 4063 4063 4062 4062 4062 4062 4062 4062
4639 1777285920 3550 3694 3666 380 3581 3624 3625 3593 4061 4061 4061 4061 4061 4061 4061 4061
4640 1777285920 3550 3695 3666 380 3580 3624 3624 3593 4063 4063 4063 4063 4063 4063 4063 4063
4641 1777285920 3550 3695 3666 380 3581 3624 3625 3593 4063 4062 4062 4062 4062 4062 4062 4062
4642 1777285920 3551 3695 3667 379 3581 3625 3625 3593 4063 4063 4063 4063 4063 4063 4063 4063
4643 1777285920 3552 3696 3668 380 3582 3625 3626 3594 4061 4061 4061 4061 4061 4061 4061 4061
4644 1777285920 3551 3695 3667 380 3581 3625 3625 3593 4063 4063 4062 4062 4062 4062 4062 4062
4645 1777285920 3551 3696 3668 379 3582 3625 3625 3593 4063 4063 4062 4062 4062 4062 4062 4062
4646 1777285920 3551 3695 3666 380 3580 3624 3624 3592 4063 4062 4062 4062 4062 4062 4062 4062
4647 1777285920 3551 3695 3667 380 3581 3625 3625 3593 4063 4063 4063 4063 4063 4063 4063 4063
4648 1777285920 3550 3695 3667 379 3580 3624 3624 3592 4063 4063 4063 4063 4063 4063 4063 4063
4649 1777285920 3550 3695 3667 380 3581 3625 3626 3593 4063 4063 4062 4062 4062 4062 4062 4062
4650 1777285920 3550 3695 3667 380 3581 3625 3625 3593 4063 4063 4062 4062 4062 4062 4062 4062
4651 1777285920 3550 3694 3666 380 3581 3624 3624 3592 4065 4063 4063 4063 4063 4063 4063 4063
4652 1777285920 3551 3696 3667 380 3582 3625 3626 3594 4063 4063 4062 4062 4062 4062 4062 4062
4653 1777285920 3552 3696 3668 379 3581 3626 3626 3594 4063 4063 4062 4062 4062 4062 4062 4062
4654 1777285920 3551 3695 3667 381 3580 3626 3626 3594 4063 4063 4062 4062 4062 4062 4062 4062
4655 1777285920 3551 3695 3667 380 3582 3625 3625 3594 4063 4063 4062 4062 4062 4062 4062 4062
4656 1777285920 3550 3694 3667 380 3581 3624 3625 3593 4061 4061 4061 4061 4061 4061 4061 4061
4657 1777285920 3550 3695 3667 380 3581 3625 3625 3593 4063 4063 4062 4062 4062 4062 4062 4062
4658 1777285920 3551 3696 3668 379 3581 3625 3625 3593 4062 4062 4062 4062 4062 4062 4062 4062
4659 1777285920 3550 3695 3667 380 3581 3624 3624 3592 4063 4063 4062 4062 4062 4062 4062 4062
4660 1777285920 3551 3695 3667 379 3582 3625 3626 3594 4063 4063 4063 4063 4063 4063 4063 4063
4661 1777285920 3551 3696 3667 380 3581 3625 3625 3593 4063 4063 4063 4063 4063 4063 4063 4063
4662 1777285920 3551 3695 3668 380 3582 3625 3626 3593 4063 4063 4062 4062 4062 4062 4062 4062
4663 1777285920 3550 3695 3668 380 3582 3625 3625 3593 4061 4061 4061 4061 4061 4061 4061 4061
4664 1777285920 3551 3696 3668 380 3582 3626 3626 3594 4063 4063 4062 4062 4062 4062 4062 4062
4665 1777285920 3552 3696 3668 379 3582 3626 3626 3594 4065 4063 4063 4063 4063 4063 4063 4063
4666 1777285928 3549 3693 3665 380 3579 3622 3623 3592 4063 4063 4062 4062 4062 4062 4062 4062
4667 1777285928 3550 3694 3666 380 3580 3624 3624 3592 4063 4063 4063 4063 4063 4063 4063 4063
4668 1777285928 3549 3694 3665 380 3580 3624 3623 3591 4063 4063 4062 4062 4062 4062 4062 4062
4669 1777285928 3550 3695 3667 381 3580 3625 3625 3593 4063 4063 4062 4062 4062 4062 4062 4062
4670 1777285928 3550 3694 3666 380 3579 3624 3624 3592 4061 4061 4061 4061 4061 4061 4061 4061
4671 1777285928 3551 3695 3667 380 3582 3625 3625 3593 4061 4061 4061 4061 4061 4061 4061 4061
4672 1777285928 3549 3694 3666 380 3581 3624 3624 3592 4061 4061 4061 4061 4061 4061 4061 4061
4673 1777285928 3551 3695 3667 380 3581 3625 3625 3593 4063 4063 4063 4063 4063 4063 4063 4063
4674 1777285928 3549 3694 3666 380 3580 3623 3624 3592 4063 4063 4063 4063 4063 4063 4063 4063
4675 1777285928 3550 3694 3666 380 3580 3624 3625 3593 4063 4063 4062 4062 4062 4062 4062 4062
4676 1777285928 3550 3695 3667 380 3581 3625 3625 3593 4063 4063 4062 4062 4062 4062 4062 4062
4677 1777285928 3551 3695 3667 381 3580 3624 3624 3593 4063 4063 4062 4062 4062 4062 4062 4062
4678 1777285928 3550 3694 3666 380 3580 3624 3624 3593 4063 4063 4062 4062 4062 4062 4062 4062
4679 1777285928 3550 3695 3667 379 3582 3625 3625 3593 4061 4061 4061 4061 4061 4061 4061 4061
4680 1777285928 3550 3695 3667 380 3581 3624 3625 3592 4063 4063 4063 4063 4063 4063 4063 4063
4681 1777285928 3551 3695 3667 380 3581 3625 3624 3593 4063 4063 4062 4062 4062 4062 4062 4062
4682 1777285928 3548 3693 3665 378 3579 3623 3623 3591 4065 4063 4063 4063 4063 4063 4063 4063
4683 1777285928 3548 3693 3665 378 3579 3622 3623 3591 4063 4063 4062 4062 4062 4062 4062 4062
4684 1777285928 3548 3692 3665 378 3578 3622 3623 3590 4063 4063 4063 4063 4063 4063 4063 4063
4685 1777285928 3548 3692 3664 378 3578 3622 3622 3590 4063 4063 4062 4062 4062 4062 4062 4062
4686 1777285928 3548 3693 3664 380 3579 3623 3623 3591 4063 4063 4063 4063 4063 4063 4063 4063
4687 1777285928 3548 3692 3664 379 3578 3622 3623 3591 4063 4063 4062 4062 4062 4062 4062 4062
4688 1777285928 3549 3693 3665 378 3577 3622 3622 3590 4061 4061 4061 4061 4061 4061 4061 4061
4689 1777285928 3548 3693 3665 379 3579 3623 3623 3591 4061 4061 4061 4061 4061 4061 4061 4061
4690 1777285928 3550 3694 3666 378 3580 3624 3624 3592 4063 4063 4063 4063 4063 4063 4063 4063
4691 1777285928 3547 3692 3663 379 3578 3622 3622 3590 4063 4063 4062 4062 4062 4062 4062 4062
4692 1777285928 3549 3693 3665 378 3579 3623 3623 3591 4063 4063 4062 4062 4062 4062 4062 4062
4693 1777285928 3547 3692 3664 378 3578 3622 3622 3591 4061 4061 4061 4061 4061 4061 4061 4061
4694 1777285928 3548 3692 3664 378 3579 3622 3622 3590 4061 4061 4061 4061 4061 4061 4061 4061
4695 1777285928 3548 3693 3665 379 3578 3622 3623 3590 4063 4063 4063 4063 4063 4063 4063 4063
4696 1777285929 3548 3693 3665 378 3579 3622 3623 3591 4063 4063 4062 4062 4062 4062 4062 4062
4697 1777285929 3548 3692 3665 378 3579 3623 3623 3591 4063 4063 4062 4062 4062 4062 4062 4062
4698 1777285929 3548 3692 3665 378 3579 3622 3623 3590 4061 4061 4061 4061 4061 4061 4061 4061
4699 1777285929 3549 3693 3665 379 3578 3622 3623 3590 4063 4063 4062 4062 4062 4062 4062 4062
4700 1777285929 3548 3693 3665 378 3579 3622 3623 3591 4061 4061 4061 4061 4061 4061 4061 4061
4701 1777285929 3549 3694 3666 378 3579 3623 3623 3591 4063 4063 4063 4063 4063 4063 4063 4063
4702 1777285929 3549 3693 3666 378 3579 3623 3623 3591 4063 4063 4063 4063 4063 4063 4063 4063
4703 1777285929 3548 3693 3665 379 3578 3622 3623 3591 4063 4063 4062 4062 4062 4062 4062 4062
4704 1777285929 3548 3692 3665 378 3579 3622 3623 3591 4063 4063 4062 4062 4062 4062 4062 4062
4705 1777285929 3549 3694 3666 378 3580 3624 3624 3592 4063 4063 4063 4063 4063 4063 4063 4063
4706 1777285929 3549 3693 3665 379 3579 3623 3623 3592 4063 4063 4062 4062 4062 4062 4062 4062
4707 1777285929 3550 3695 3666 378 3581 3624 3624 3592 4063 4063 4062 4062 4062 4062 4062 4062
4708 1777285929 3549 3693 3666 378 3580 3623 3623 3591 4061 4061 4061 4061 4061 4061 4061 4061
4709 1777285929 3549 3694 3666 379 3580 3623 3624 3592 4063 4063 4063 4063 4063 4063 4063 4063
4710 1777285929 3548 3693 3665 378 3579 3622 3623 3591 4063 4063 4063 4063 4063 4063 4063 4063
4711 1777285929 3548 3693 3665 379 3578 3623 3623 3591 4063 4063 4062 4062 4062 4062 4062 4062
4712 1777285929 3549 3693 3666 378 3579 3623 3623 3591 4063 4063 4062 4062 4062 4062 4062 4062
4713 1777285929 3549 3693 3665 378 3579 3622 3623 3591 4061 4061 4061 4061 4061 4061 4061 4061
4714 1777285929 3548 3693 3665 379 3579 3623 3623 3591 4061 4061 4061 4061 4061 4061 4061 4061
4715 1777285929 3548 3693 3665 379 3579 3623 3623 3591 4063 4063 4062 4062 4062 4062 4062 4062
4716 1777285929 3549 3694 3666 379 3580 3624 3624 3592 4063 4063 4062 4062 4062 4062 4062 4062
4717 1777285929 3549 3693 3665 378 3580 3623 3624 3592 4063 4063 4062 4062 4062 4062 4062 4062
4718 1777285929 3549 3694 3666 378 3579 3623 3623 3592 4063 4063 4062 4062 4062 4062 4062 4062
4719 1777285929 3549 3693 3666 379 3578 3623 3623 3591 4063 4063 4062 4062 4062 4062 4062 4062
4720 1777285929 3550 3694 3666 378 3580 3624 3624 1744 4063 4063 4062 4062 4062 4062 4062 4062
4721 1777285929 3549 3694 3666 378 3580 3624 3624 3592 4063 4063 4062 4062 4062 4062 4062 4062
4722 1777285929 3548 3694 3665 378 3579 3623 3623 3591 4063 4063 4063 4063 4063 4063 4063 4063
4723 1777285929 3549 3694 3666 378 3580 3623 3624 3592 4061 4061 4061 4061 4061 4061 4061 4061
4724 1777285929 3549 3694 3665 379 3580 3623 3623 3591 4063 4063 4062 4062 4062 4062 4062 4062
4725 1777285929 3549 3694 3666 378 3580 3623 3624 3591 4063 4063 4062 4062 4062 4062 4062 4062
4726 1777285929 3550 3694 3666 379 3580 3624 3624 3592 4063 4063 4062 4062 4062 4062 4062 4062
4727 1777285929 3550 3694 3666 379 3580 3624 3624 3592 4063 4063 4062 4062 4062 4062 4062 4062
4728 1777285929 3549 3694 3666 378 3579 3624 3624 3592 4061 4061 4061 4061 4061 4061 4061 4061
4729 1777285929 3549 3693 3665 378 3579 3623 3623 3591 4061 4061 4061 4061 4061 4061 4061 4061
4730 1777285929 3549 3694 3666 378 3580 3624 3624 3592 4063 4063 4063 4063 4063 4063 4063 4063
4731 1777285929 3550 3694 3666 378 3580 3623 3624 3591 4061 4061 4061 4061 4061 4061 4061 4061
4732 1777285929 3550 3694 3666 379 3581 3624 3624 3592 4063 4063 4062 4062 4062 4062 4062 4062
4733 1777285929 3549 3694 3666 379 3580 3624 3624 3592 4063 4063 4062 4062 4062 4062 4062 4062
4734 1777285929 3549 3693 3666 378 3580 3624 3623 3592 4063 4063 4062 4062 4062 4062 4062 4062
4735 1777285929 3548 3693 3665 379 3579 3623 3623 3592 4061 4061 4060 4060 4060 4060 4060 4060
4736 1777285929 3548 3693 3665 378 3579 3623 3623 3591 4063 4063 4062 4062 4062 4062 4062 4062
4737 1777285929 3549 3693 3665 379 3580 3623 3624 3591 4063 4062 4062 4062 4062 4062 4062 4062
4738 1777285929 3549 3693 3665 379 3579 3623 3623 3591 4063 4063 4062 4062 4062 4062 4062 4062
4739 1777285929 3548 3693 3665 379 3579 3623 3623 3591 4063 4063 4062 4062 4062 4062 4062 4062
4740 1777285929 3549 3693 3665 378 3580 3623 3623 3591 4063 4063 4063 4063 4063 4063 4063 4063
4741 1777285929 3549 3693 3665 378 3580 3623 3624 3592 4061 4061 4060 4060 4060 4060 4060 4060
4742 1777285929 3549 3694 3666 378 3579 3623 3623 3591 4063 4063 4062 4062 4062 4062 4062 4062
4743 1777285929 3550 3694 3666 379 3580 3623 3624 3592 4063 4063 4062 4062 4062 4062 4062 4062
4744 1777285929 3549 3693 3665 379 3580 3623 3624 3592 4063 4063 4062 4062 4062 4062 4062 4062
4745 1777285929 3550 3694 3666 379 3580 3624 3624 3592 4063 4063 4063 4063 4063 4063 4063 4063
4746 1777285929 3549 3693 3665 379 3579 3623 3623 3592 4063 4063 4063 4063 4063 4063 4063 4063
4747 1777285929 3549 3694 3666 379 3580 3623 3623 3591 4063 4063 4062 4062 4062 4062 4062 4062
4748 1777285929 3550 3694 3666 378 3581 3624 3624 3592 4063 4063 4062 4062 4062 4062 4062 4062
4749 1777285929 3548 3692 3665 378 3579 3623 3623 3591 4063 4062 4062 4062 4062 4062 4062 4062
4750 1777285929 3549 3694 3665 380 3579 3623 3624 3592 4061 4061 4061 4061 4061 4061 4061 4061
4751 1777285929 3550 3695 3667 379 3581 3624 3625 3592 4061 4061 4061 4061 4061 4061 4061 4061
4752 1777285929 3550 3695 3667 378 3580 3624 3624 3592 4063 4063 4063 4063 4063 4063 4063 4063
4753 1777285929 3550 3694 3666 379 3580 3624 3624 3592 4063 4063 4063 4063 4063 4063 4063 4063
4754 1777285929 3549 3693 3665 379 3579 3623 3624 3592 4061 4061 4061 4061 4061 4061 4061 4061
4755 1777285929 3550 3694 3666 378 3581 3624 3625 3592 4061 4061 4061 4061 4061 4061 4061 4061
4756 1777285929 3549 3694 3666 379 3580 3623 3624 3591 4061 4061 4061 4061 4061 4061 4061 4061
4757 1777285929 3549 3694 3666 378 3580 3624 3624 3592 4061 4061 4061 4061 4061 4061 4061 4061
4758 1777285929 3548 3693 3665 378 3579 3623 3623 3591 4061 4061 4060 4060 4060 4060 4060 4060
4759 1777285930 3548 3693 3665 379 3578 3623 3623 3591 4061 4061 4061 4061 4061 4061 4061 4061
4760 1777285930 3550 3694 3666 379 3580 3623 3624 3592 4063 4063 4063 4063 4063 4063 4063 4063
4761 1777285930 3549 3694 3665 378 3580 3623 3624 3592 4061 4061 4061 4061 4061 4061 4061 4061
4762 1777285930 3550 3694 3667 378 3581 3625 3625 3592 4063 4063 4062 4062 4062 4062 4062 4062
4763 1777285930 3549 3693 3665 379 3580 3623 3624 3592 4063 4063 4062 4062 4062 4062 4062 4062
4764 1777285930 3549 3694 3666 379 3581 3624 3625 3593 4061 4061 4061 4061 4061 4061 4061 4061
4765 1777285930 3549 3693 3666 379 3580 3624 3624 3592 4063 4063 4062 4062 4062 4062 4062 4062
4766 1777285930 3549 3694 3666 380 3580 3624 3624 3592 4063 4063 4062 4062 4062 4062 4062 4062
4767 1777285930 3548 3693 3665 379 3578 3623 3623 3591 4063 4063 4062 4062 4062 4062 4062 4062
4768 1777285930 3549 3693 3665 378 3579 3623 3624 3592 4061 4061 4061 4061 4061 4061 4061 4061
4769 1777285930 3550 3695 3667 379 3580 3624 3625 3593 4063 4063 4062 4062 4062 4062 4062 4062
4770 1777285930 3550 3694 3666 379 3579 3623 3624 3592 4061 4061 4061 4061 4061 4061 4061 4061
4771 1777285930 3550 3695 3666 379 3581 3625 3625 3593 4063 4063 4062 4062 4062 4062 4062 4062
4772 1777285930 3549 3694 3666 379 3581 3624 3624 3592 4063 4063 4062 4062 4062 4062 4062 4062
4773 1777285930 3550 3695 3667 379 3580 3624 3625 3593 4063 4063 4062 4062 4062 4062 4062 4062
4774 1777285930 3549 3693 3665 379 3580 3624 3624 3592 4061 4061 4061 4061 4061 4061 4061 4061
4775 1777285930 3549 3695 3667 379 3580 3624 3624 3592 4063 4063 4062 4062 4062 4062 4062 4062
4776 1777285930 3550 3694 3666 379 3580 3623 3624 3592 4063 4063 4062 4062 4062 4062 4062 4062
4777 1777285930 3549 3694 3666 379 3580 3624 3624 3592 4063 4063 4062 4062 4062 4062 4062 4062
4778 1777285930 3550 3694 3667 378 3581 3624 3625 3592 4063 4063 4062 4062 4062 4062 4062 4062
4779 1777285930 3549 3693 3666 379 3579 3623 3623 3591 4061 4061 4060 4060 4060 4060 4060 4060
4780 1777285930 3550 3694 3667 378 3581 3624 3624 3592 4063 4062 4062 4062 4062 4062 4062 4062
4781 1777285930 3550 3694 3666 379 3580 3624 3624 3592 4061 4061 4061 4061 4061 4061 4061 4061
4782 1777285930 3549 3693 3665 378 3579 3623 3623 3592 4063 4063 4062 4062 4062 4062 4062 4062
4783 1777285930 3548 3693 3666 379 3580 3623 3623 3591 4063 4063 4062 4062 4062 4062 4062 4062
4784 1777285930 3549 3693 3665 379 3579 3623 3623 3591 4061 4061 4061 4061 4061 4061 4061 4061
4785 1777285930 3549 3693 3666 379 3580 3623 3624 3592 4063 4063 4063 4063 4063 4063 4063 4063
4786 1777285930 3550 3694 3666 379 3580 3624 3624 3593 4063 4063 4062 4062 4062 4062 4062 4062
4787 1777285930 3549 3694 3666 379 3580 3624 3624 3592 4061 4061 4061 4061 4061 4061 4061 4061
4788 1777285930 3549 3694 3666 379 3580 3624 3624 3592 4061 4061 4061 4061 4061 4061 4061 4061
4789 1777285930 3549 3694 3666 379 3580 3624 3624 3592 4063 4063 4062 4062 4062 4062 4062 4062
4790 1777285930 3549 3693 3666 380 3579 3623 3624 3592 4063 4063 4062 4062 4062 4062 4062 4062
4791 1777285930 3549 3693 3666 379 3580 3624 3624 3591 4067 4063 4063 4063 4063 4063 4063 4063
4792 1777285930 3549 3693 3666 379 3580 3623 3623 3592 4061 4061 4061 4061 4061 4061 4061 4061
4793 1777285930 3549 3694 3665 379 3580 3623 3624 3592 4063 4063 4062 4062 4062 4062 4062 4062
4794 1777285930 3550 3694 3667 380 3580 3624 3625 3593 4063 4063 4062 4062 4062 4062 4062 4062
4795 1777285930 3549 3693 3666 379 3580 3623 3623 3591 4063 4063 4062 4062 4062 4062 4062 4062
4796 1777285930 3550 3694 3666 378 3580 3624 3624 3592 4063 4063 4062 4062 4062 4062 4062 4062
4797 1777285930 3549 3694 3666 379 3580 3624 3625 3593 4061 4061 4061 4061 4061 4061 4061 4061
4798 1777285930 3550 3695 3666 379 3581 3624 3624 3592 4063 4063 4062 4062 4062 4062 4062 4062
4799 1777285930 3550 3695 3666 379 3580 3624 3624 3592 4063 4063 4062 4062 4062 4062 4062 4062
4800 1777285930 3548 3693 3665 378 3579 3624 3623 3592 4063 4063 4062 4062 4062 4062 4062 4062
4801 1777285930 3550 3695 3667 379 3580 3624 3625 3592 4061 4061 4061 4061 4061 4061 4061 4061
4802 1777285930 3550 3694 3667 379 3580 3623 3624 3592 4063 4063 4062 4062 4062 4062 4062 4062
4803 1777285930 3549 3693 3665 379 3579 3623 3623 3591 4063 4063 4062 4062 4062 4062 4062 4062
4804 1777285930 3550 3694 3667 378 3581 3624 3624 3592 4063 4063 4062 4062 4062 4062 4062 4062
4805 1777285930 3550 3695 3667 379 3580 3624 3625 3593 4063 4063 4063 4063 4063 4063 4063 4063
4806 1777285930 3551 3696 3667 379 3581 3624 3624 3592 4063 4063 4062 4062 4062 4062 4062 4062
4807 1777285930 3551 3695 3667 379 3580 3624 3624 3592 4061 4061 4061 4061 4061 4061 4061 4061
4808 1777285930 3550 3694 3666 379 3581 3624 3625 3593 4063 4063 4062 4062 4062 4062 4062 4062
4809 1777285930 3550 3695 3667 379 3581 3625 3625 3593 4063 4063 4062 4062 4062 4062 4062 4062
4810 1777285930 3549 3694 3666 379 3580 3624 3624 3592 4061 4061 4061 4061 4061 4061 4061 4061
4811 1777285930 3550 3695 3666 379 3580 3624 3624 3592 4063 4063 4063 4063 4063 4063 4063 4063
4812 1777285930 3550 3694 3666 379 3581 3624 3624 3592 4061 4061 4061 4061 4061 4061 4061 4061
4813 1777285930 3549 3694 3665 381 3580 3624 3624 3592 4061 4061 4061 4061 4061 4061 4061 4061
4814 1777285930 3549 3694 3665 380 3579 3623 3624 3591 4063 4063 4062 4062 4062 4062 4062 4062
4815 1777285930 3549 3693 3665 379 3578 3623 3623 3591 4061 4061 4061 4061 4061 4061 4061 4061
4816 1777285930 3550 3694 3666 379 3580 3624 3624 3592 4061 4061 4060 4060 4060 4060 4060 4060
4817 1777285930 3550 3694 3666 379 3580 3624 3625 3592 4063 4063 4062 4062 4062 4062 4062 4062
4818 1777285930 3550 3694 3667 379 3580 3624 3624 3593 4061 4061 4061 4061 4061 4061 4061 4061
4819 1777285930 3549 3694 3666 378 3581 3624 3624 3592 4061 4061 4061 4061 4061 4061 4061 4061
4820 1777285930 3550 3695 3667 378 3580 3624 3624 3592 4061 4061 4061 4061 4061 4061 4061 4061
4821 1777285930 3549 3694 3666 379 3580 3623 3624 3592 4063 4063 4062 4062 4062 4062 4062 4062
4822 1777285930 3550 3695 3667 379 3581 3624 3625 3593 4063 4063 4062 4062 4062 4062 4062 4062
4823 1777285930 3550 3695 3667 379 3581 3624 3625 3593 4061 4061 4061 4061 4061 4061 4061 4061
4824 1777285930 3551 3695 3667 379 3581 3624 3625 3593 4063 4063 4062 4062 4062 4062 4062 4062
4825 1777285930 3550 3694 3666 379 3580 3624 3624 3593 4063 4063 4062 4062 4062 4062 4062 4062
4826 1777285931 3551 3696 3667 379 3581 3624 3625 3593 4065 4063 4063 4063 4063 4063 4063 4063
4827 1777285931 3550 3694 3666 379 3580 3624 3624 3592 4063 4063 4062 4062 4062 4062 4062 4062
4828 1777285931 3549 3694 3666 379 3580 3623 3623 3592 4063 4063 4063 4063 4063 4063 4063 4063
4829 1777285931 3549 3694 3666 379 3580 3624 3624 3592 4059 4059 4059 4059 4059 4059 4059 4059
4830 1777285931 3550 3695 3666 380 3580 3624 3624 3592 4063 4063 4062 4062 4062 4062 4062 4062
4831 1777285931 3549 3694 3666 379 3580 3624 3624 3592 4063 4063 4062 4062 4062 4062 4062 4062
4832 1777285931 3550 3694 3666 379 3581 3624 3624 3592 4063 4063 4062 4062 4062 4062 4062 4062
4833 1777285931 3549 3694 3666 379 3580 3624 3625 3592 4063 4063 4062 4062 4062 4062 4062 4062
4834 1777285931 3549 3694 3667 378 3580 3624 3624 3592 4061 4061 4061 4061 4061 4061 4061 4061
4835 1777285931 3550 3694 3667 379 3581 3624 3624 3593 4061 4061 4061 4061 4061 4061 4061 4061
4836 1777285931 3549 3694 3666 379 3580 3624 3623 3592 4063 4063 4063 4063 4063 4063 4063 4063
4837 1777285931 3550 3694 3666 379 3580 3624 3624 3592 4063 4063 4063 4063 4063 4063 4063 4063
4838 1777285931 3549 3694 3667 380 3581 3624 3624 3592 4063 4063 4062 4062 4062 4062 4062 4062
4839 1777285931 3550 3695 3667 379 3581 3624 3624 3593 4061 4061 4061 4061 4061 4061 4061 4061
4840 1777285931 3550 3694 3666 379 3581 3624 3624 3593 4063 4063 4062 4062 4062 4062 4062 4062
4841 1777285931 3550 3694 3666 380 3580 3624 3624 3593 4061 4061 4061 4061 4061 4061 4061 4061
4842 1777285931 3550 3695 3666 379 3581 3624 3625 3593 4063 4063 4063 4063 4063 4063 4063 4063
4843 1777285931 3550 3695 3667 379 3581 3625 3625 3593 4061 4061 4061 4061 4061 4061 4061 4061
4844 1777285931 3550 3694 3667 379 3581 3624 3624 3593 4063 4063 4062 4062 4062 4062 4062 4062
4845 1777285931 3550 3695 3667 379 3580 3624 3624 3592 4063 4063 4062 4062 4062 4062 4062 4062
4846 1777285931 3550 3695 3667 380 3581 3625 3624 3592 4063 4063 4063 4063 4063 4063 4063 4063
4847 1777285931 3550 3694 3666 379 3580 3624 3624 3592 4063 4062 4062 4062 4062 4062 4062 4062
4848 1777285931 3550 3695 3667 379 3581 3624 3625 3593 4061 4061 4061 4061 4061 4061 4061 4061
4849 1777285931 3549 3694 3666 379 3580 3624 3624 3592 4063 4063 4062 4062 4062 4062 4062 4062
4850 1777285931 3550 3694 3666 380 3581 3624 3625 3592 4063 4063 4062 4062 4062 4062 4062 4062
4851 1777285931 3550 3695 3667 379 3581 3624 3624 3592 4063 4062 4062 4062 4062 4062 4062 4062
4852 1777285931 3550 3695 3667 379 3581 3625 3625 3593 4063 4063 4063 4063 4063 4063 4063 4063
4853 1777285931 3551 3696 3667 379 3582 3625 3625 3593 4063 4063 4062 4062 4062 4062 4062 4062
4854 1777285931 3549 3694 3666 379 3581 3624 3625 3592 4061 4061 4060 4060 4060 4060 4060 4060
4855 1777285931 3550 3695 3667 379 3582 3625 3625 3593 4063 4063 4062 4062 4062 4062 4062 4062
4856 1777285931 3551 3696 3667 380 3581 3625 3626 3593 4061 4061 4061 4061 4061 4061 4061 4061
4857 1777285931 3550 3695 3667 379 3581 3624 3624 3593 4063 4063 4063 4063 4063 4063 4063 4063
4858 1777285931 3550 3695 3667 380 3581 3625 3625 3593 4063 4063 4062 4062 4062 4062 4062 4062
4859 1777285931 3549 3694 3666 380 3580 3623 3624 3592 4063 4063 4063 4063 4063 4063 4063 4063
4860 1777285931 3550 3694 3666 379 3581 3624 3624 3593 4063 4063 4063 4063 4063 4063 4063 4063
4861 1777285931 3550 3694 3667 379 3580 3624 3625 3592 4063 4063 4062 4062 4062 4062 4062 4062
4862 1777285931 3550 3695 3666 380 3581 3624 3625 3592 4063 4063 4062 4062 4062 4062 4062 4062
4863 1777285931 3551 3695 3667 379 3581 3625 3625 3593 4063 4063 4063 4063 4063 4063 4063 4063
4864 1777285931 3550 3694 3666 379 3580 3624 3624 3592 4063 4063 4062 4062 4062 4062 4062 4062
4865 1777285931 3550 3695 3667 379 3581 3624 3625 3593 4061 4061 4061 4061 4061 4061 4061 4061
4866 1777285931 3550 3694 3666 380 3579 3624 3624 3592 4063 4062 4062 4062 4062 4062 4062 4062
4867 1777285931 3550 3695 3666 379 3581 3625 3625 3593 4063 4063 4063 4063 4063 4063 4063 4063
4868 1777285931 3551 3695 3667 380 3581 3625 3625 3593 4063 4063 4062 4062 4062 4062 4062 4062
4869 1777285931 3551 3695 3667 379 3581 3625 3625 3593 4063 4063 4063 4063 4063 4063 4063 4063
4870 1777285931 3550 3694 3666 380 3580 3624 3624 3592 4063 4063 4062 4062 4062 4062 4062 4062
4871 1777285931 3550 3695 3667 379 3581 3624 3625 3593 4061 4061 4061 4061 4061 4061 4061 4061
4872 1777285931 3550 3694 3666 380 3581 3625 3625 3593 4063 4063 4062 4062 4062 4062 4062 4062
4873 1777285931 3551 3696 3668 380 3582 3626 3626 3594 4061 4061 4060 4060 4060 4060 4060 4060
4874 1777285931 3550 3694 3666 380 3580 3624 3624 3592 4063 4063 4062 4062 4062 4062 4062 4062
4875 1777285931 3550 3695 3667 379 3581 3625 3625 3593 4061 4061 4061 4061 4061 4061 4061 4061
4876 1777285931 3550 3694 3667 379 3581 3624 3624 3593 4063 4063 4062 4062 4062 4062 4062 4062
4877 1777285931 3549 3694 3667 379 3580 3624 3624 3592 4061 4061 4061 4061 4061 4061 4061 4061
4878 1777285931 3550 3694 3666 380 3579 3624 3624 3592 4061 4061 4061 4061 4061 4061 4061 4061
4879 1777285931 3550 3695 3667 380 3581 3624 3624 3593 4061 4061 4061 4061 4061 4061 4061 4061
4880 1777285931 3551 3696 3668 379 3581 3625 3625 3593 4063 4063 4062 4062 4062 4062 4062 4062
4881 1777285931 3550 3695 3666 379 3580 3625 3625 3592 4063 4062 4062 4062 4062 4062 4062 4062
4882 1777285931 3550 3694 3667 379 3581 3624 3624 3592 4061 4061 4061 4061 4061 4061 4061 4061
4883 1777285931 3551 3695 3667 380 3581 3625 3626 3593 4061 4061 4061 4061 4061 4061 4061 4061
4884 1777285931 3550 3694 3666 380 3581 3624 3624 3593 4063 4063 4062 4062 4062 4062 4062 4062
4885 1777285931 3550 3696 3667 379 3581 3625 3625 3592 4061 4061 4061 4061 4061 4061 4061 4061
4886 1777285931 3550 3694 3666 380 3579 3624 3624 3593 4061 4061 4061 4061 4061 4061 4061 4061
4887 1777285931 3550 3694 3666 380 3580 3624 3625 3593 4063 4063 4063 4063 4063 4063 4063 4063
4888 1777285931 3550 3695 3667 380 3581 3625 3626 3593 4063 4063 4063 4063 4063 4063 4063 4063
4889 1777285931 3551 3695 3667 380 3581 3625 3625 3593 4063 4063 4062 4062 4062 4062 4062 4062
4890 1777285931 3550 3694 3667 380 3580 3624 3625 3593 4061 4061 4061 4061 4061 4061 4061 4061
4891 1777285932 3552 3696 3668 380 3581 3625 3625 3594 4063 4063 4062 4062 4062 4062 4062 4062
4892 1777285932 3551 3696 3668 380 3581 3625 3625 3593 4063 4063 4062 4062 4062 4062 4062 4062
4893 1777285932 3550 3694 3666 380 3580 3624 3624 3593 4061 4061 4061 4061 4061 4061 4061 4061
4894 1777285932 3551 3695 3667 380 3581 3625 3625 3593 4063 4063 4062 4062 4062 4062 4062 4062
4895 1777285932 3550 3695 3667 380 3581 3625 3625 3593 4061 4061 4061 4061 4061 4061 4061 4061
4896 1777285932 3551 3695 3667 379 3581 3626 3626 3594 4063 4063 4062 4062 4062 4062 4062 4062
4897 1777285932 3551 3695 3667 380 3581 3625 3625 3594 4063 4063 4062 4062 4062 4062 4062 4062
4898 1777285932 3551 3695 3667 380 3582 3625 3625 3593 4063 4063 4063 4063 4063 4063 4063 4063
4899 1777285932 3551 3695 3667 379 3582 3625 3626 3593 4061 4061 4061 4061 4061 4061 4061 4061
4900 1777285932 3550 3696 3667 380 3581 3625 3625 3593 4063 4063 4063 4063 4063 4063 4063 4063
4901 1777285932 3550 3695 3667 380 3581 3624 3625 3593 4063 4063 4062 4062 4062 4062 4062 4062
4902 1777285932 3550 3695 3667 380 3581 3625 3625 3593 4063 4063 4063 4063 4063 4063 4063 4063
4903 1777285932 3550 3695 3667 379 3581 3625 3625 3594 4063 4063 4063 4063 4063 4063 4063 4063
4904 1777285932 3551 3696 3668 380 3581 3625 3625 3594 4061 4061 4060 4060 4060 4060 4060 4060
4905 1777285932 3551 3696 3667 380 3582 3625 3626 3593 4063 4063 4062 4062 4062 4062 4062 4062
4906 1777285932 3551 3696 3668 380 3581 3625 3626 3593 4061 4061 4061 4061 4061 4061 4061 4061
4907 1777285932 3550 3695 3667 380 3581 3624 3625 3593 4063 4063 4062 4062 4062 4062 4062 4062
4908 1777285932 3551 3695 3667 380 3581 3625 3625 3593 4063 4063 4062 4062 4062 4062 4062 4062
4909 1777285932 3551 3695 3667 381 3580 3624 3625 3593 4063 4063 4062 4062 4062 4062 4062 4062
4910 1777285932 3550 3694 3666 380 3579 3624 3624 3592 4063 4063 4062 4062 4062 4062 4062 4062
4911 1777285932 3550 3695 3667 380 3581 3625 3625 3593 4061 4061 4061 4061 4061 4061 4061 4061
4912 1777285932 3550 3695 3666 380 3581 3624 3624 3592 4063 4062 4062 4062 4062 4062 4062 4062
4913 1777285932 3550 3695 3667 380 3581 3625 3625 3594 4063 4063 4063 4063 4063 4063 4063 4063
4914 1777285932 3551 3696 3668 380 3582 3625 3626 3594 4063 4063 4062 4062 4062 4062 4062 4062
4915 1777285932 3551 3695 3667 379 3581 3625 3625 3593 4061 4061 4061 4061 4061 4061 4061 4061
4916 1777285932 3549 3694 3665 380 3580 3623 3624 3592 4061 4061 4061 4061 4061 4061 4061 4061
4917 1777285932 3551 3695 3667 380 3580 3624 3625 3592 4063 4063 4062 4062 4062 4062 4062 4062
4918 1777285932 3551 3695 3667 380 3582 3625 3626 3593 4063 4063 4062 4062 4062 4062 4062 4062
4919 1777285932 3550 3695 3666 379 3581 3624 3625 3593 4061 4061 4061 4061 4061 4061 4061 4061
4920 1777285932 3550 3695 3667 380 3581 3625 3625 3594 4063 4063 4063 4063 4063 4063 4063 4063
4921 1777285932 3552 3697 3669 380 3583 3627 3627 3595 4061 4061 4061 4061 4061 4061 4061 4061
4922 1777285932 3550 3696 3668 380 3581 3625 3624 3593 4063 4063 4062 4062 4062 4062 4062 4062
4923 1777285932 3550 3694 3667 380 3581 3624 3625 3593 4063 4063 4062 4062 4062 4062 4062 4062
4924 1777285932 3551 3695 3667 380 3581 3625 3625 3594 4063 4063 4062 4062 4062 4062 4062 4062
4925 1777285932 3551 3696 3669 379 3582 3626 3626 3594 4063 4063 4062 4062 4062 4062 4062 4062
4926 1777285932 3550 3694 3667 380 3581 3624 3625 3593 4063 4063 4062 4062 4062 4062 4062 4062
4927 1777285932 3551 3696 3668 380 3582 3626 3626 3594 4061 4061 4061 4061 4061 4061 4061 4061
4928 1777285932 3550 3695 3667 380 3581 3625 3625 3593 4063 4063 4062 4062 4062 4062 4062 4062
4929 1777285932 3550 3695 3667 380 3580 3624 3625 3593 4061 4061 4061 4061 4061 4061 4061 4061
4930 1777285932 3551 3696 3668 380 3582 3625 3626 3593 4061 4061 4061 4061 4061 4061 4061 4061
4931 1777285932 3551 3695 3667 380 3582 3625 3626 3594 4063 4063 4063 4063 4063 4063 4063 4063
4932 1777285932 3551 3695 3667 380 3581 3625 3625 3593 4063 4063 4063 4063 4063 4063 4063 4063
4933 1777285932 3550 3695 3667 380 3581 3625 3625 3593 4063 4063 4062 4062 4062 4062 4062 4062
4934 1777285932 3551 3695 3667 380 3581 3625 3625 3593 4063 4063 4063 4063 4063 4063 4063 4063
4935 1777285932 3551 3695 3667 380 3581 3625 3625 3593 4063 4063 4062 4062 4062 4062 4062 4062
4936 1777285932 3551 3696 3668 380 3581 3625 3626 3594 4063 4063 4062 4062 4062 4062 4062 4062
4937 1777285932 3550 3695 3667 380 3581 3625 3625 3593 4063 4063 4063 4063 4063 4063 4063 4063
4938 1777285932 3549 3693 3665 378 3579 3623 3623 3591 4063 4063 4062 4062 4062 4062 4062 4062
4939 1777285932 3549 3693 3665 378 3579 3623 3623 3591 4061 4061 4061 4061 4061 4061 4061 4061
4940 1777285932 3550 3694 3667 378 3581 3625 3625 3593 4063 4063 4062 4062 4062 4062 4062 4062
4941 1777285932 3549 3694 3666 378 3580 3624 3624 3592 4061 4061 4061 4061 4061 4061 4061 4061
4942 1777285932 3549 3693 3665 380 3579 3623 3623 3591 4061 4061 4061 4061 4061 4061 4061 4061
4943 1777285932 3550 3694 3666 379 3578 3623 3624 3592 4063 4063 4062 4062 4062 4062 4062 4062
4944 1777285940 3548 3692 3664 378 3578 3622 3622 3591 4063 4063 4062 4062 4062 4062 4062 4062
4945 1777285940 3548 3692 3665 378 3579 3622 3622 3590 4063 4063 4062 4062 4062 4062 4062 4062
4946 1777285940 3548 3692 3664 378 3578 3622 3622 3590 4061 4061 4061 4061 4061 4061 4061 4061
4947 1777285940 3548 3693 3665 378 3579 3622 3623 3590 4063 4063 4063 4063 4063 4063 4063 4063
4948 1777285940 3548 3693 3664 378 3579 3622 3623 3591 4063 4062 4062 4062 4062 4062 4062 4062
4949 1777285940 3549 3694 3666 378 3579 3623 3624 3591 4063 4063 4062 4062 4062 4062 4062 4062
4950 1777285940 3548 3693 3665 378 3579 3622 3623 3591 4063 4063 4062 4062 4062 4062 4062 4062
4951 1777285940 3547 3692 3664 378 3578 3622 3622 3590 4061 4061 4061 4061 4061 4061 4061 4061
4952 1777285940 3549 3693 3665 378 3580 3623 3623 3591 4063 4063 4062 4062 4062 4062 4062 4062
4953 1777285940 3548 3692 3665 378 3579 3622 3622 3591 4061 4061 4060 4060 4060 4060 4060 4060
4954 1777285940 3548 3692 3664 378 3578 3622 3622 3590 4063 4063 4062 4062 4062 4062 4062 4062
4955 1777285940 3549 3694 3666 378 3580 3623 3624 3591 4063 4063 4062 4062 4062 4062 4062 4062
4956 1777285940 3549 3693 3665 378 3580 3623 3623 3591 4061 4061 4061 4061 4061 4061 4061 4061
4957 1777285940 3548 3692 3664 378 3578 3622 3622 3590 4063 4062 4062 4062 4062 4062 4062 4062
4958 1777285940 3548 3693 3665 379 3578 3623 3623 3591 4061 4061 4061 4061 4061 4061 4061 4061
4959 1777285940 3548 3693 3664 378 3577 3622 3622 3590 4063 4063 4062 4062 4062 4062 4062 4062
4960 1777285940 3549 3693 3665 378 3580 3623 3623 3591 4063 4063 4062 4062 4062 4062 4062 4062
4961 1777285940 3548 3693 3665 378 3579 3623 3623 3591 4063 4063 4062 4062 4062 4062 4062 4062
4962 1777285940 3548 3692 3664 379 3578 3622 3622 3590 4063 4063 4062 4062 4062 4062 4062 4062
4963 1777285940 3549 3694 3666 378 3580 3623 3623 3591 4063 4063 4062 4062 4062 4062 4062 4062
4964 1777285940 3549 3693 3665 379 3579 3623 3623 3591 4063 4063 4062 4062 4062 4062 4062 4062
4965 1777285940 3548 3693 3665 378 3579 3623 3623 3591 4061 4061 4061 4061 4061 4061 4061 4061
4966 1777285940 3549 3693 3665 378 3580 3623 3623 3591 4063 4062 4062 4062 4062 4062 4062 4062
4967 1777285941 3548 3693 3665 378 3579 3623 3623 3591 4063 4063 4063 4063 4063 4063 4063 4063
4968 1777285941 3549 3694 3666 378 3580 3624 3624 3591 4063 4063 4063 4063 4063 4063 4063 4063
4969 1777285941 3550 3694 3666 379 3580 3623 3624 3592 4063 4061 4061 4061 4061 4061 4061 4061
4970 1777285941 3549 3693 3665 379 3579 3623 3623 3591 4061 4061 4061 4061 4061 4061 4061 4061
4971 1777285941 3549 3693 3665 378 3579 3623 3623 3592 4063 4063 4063 4063 4063 4063 4063 4063
4972 1777285941 3549 3694 3665 378 3580 3623 3623 3591 4061 4061 4061 4061 4061 4061 4061 4061
4973 1777285941 3548 3693 3666 378 3579 3623 3623 3591 4063 4063 4062 4062 4062 4062 4062 4062
4974 1777285941 3549 3694 3666 379 3580 3623 3624 3592 4061 4061 4061 4061 4061 4061 4061 4061
4975 1777285941 3549 3693 3666 378 3581 3624 3624 3591 4061 4061 4061 4061 4061 4061 4061 4061
4976 1777285941 3549 3693 3665 378 3579 3623 3623 3591 4063 4063 4062 4062 4062 4062 4062 4062
4977 1777285941 3548 3693 3664 378 3579 3622 3623 3591 4061 4061 4061 4061 4061 4061 4061 4061
4978 1777285941 3549 3693 3665 378 3579 3623 3623 3592 4063 4063 4063 4063 4063 4063 4063 4063
4979 1777285941 3549 3694 3666 378 3580 3623 3623 3592 4063 4063 4063 4063 4063 4063 4063 4063
4980 1777285941 3549 3694 3666 379 3580 3623 3624 3592 4063 4063 4062 4062 4062 4062 4062 4062
4981 1777285941 3549 3694 3665 378 3580 3623 3624 3592 4061 4061 4061 4061 4061 4061 4061 4061
4982 1777285941 3550 3695 3667 379 3580 3624 3624 3592 4061 4061 4061 4061 4061 4061 4061 4061
4983 1777285941 3549 3694 3666 378 3580 3623 3624 3592 4061 4061 4061 4061 4061 4061 4061 4061
4984 1777285941 3550 3695 3666 378 3580 3624 3624 3592 4063 4063 4062 4062 4062 4062 4062 4062
4985 1777285941 3550 3694 3666 378 3580 3624 3624 3592 4063 4063 4062 4062 4062 4062 4062 4062
4986 1777285941 3549 3694 3666 379 3580 3624 3623 3591 4063 4063 4062 4062 4062 4062 4062 4062
4987 1777285941 3549 3694 3666 378 3580 3623 3624 3592 4063 4063 4062 4062 4062 4062 4062 4062
4988 1777285941 3549 3694 3666 378 3580 3623 3624 3592 4063 4063 4062 4062 4062 4062 4062 4062
4989 1777285941 3549 3694 3666 378 3580 3624 3624 3592 4063 4063 4062 4062 4062 4062 4062 4062
4990 1777285941 3549 3694 3665 379 3579 3623 3623 3591 4063 4063 4062 4062 4062 4062 4062 4062
4991 1777285941 3549 3693 3665 379 3579 3623 3624 3591 4065 4063 4063 4063 4063 4063 4063 4063
4992 1777285941 3549 3694 3666 379 3580 3624 3624 3592 4061 4061 4061 4061 4061 4061 4061 4061
4993 1777285941 3549 3694 3665 378 3579 3623 3623 3591 4063 4063 4063 4063 4063 4063 4063 4063
4994 1777285941 3549 3694 3666 378 3580 3624 3624 3592 4063 4063 4062 4062 4062 4062 4062 4062
4995 1777285941 3549 3694 3666 378 3581 3624 3624 3592 4063 4063 4062 4062 4062 4062 4062 4062
4996 1777285941 3549 3693 3666 379 3580 3624 3624 3592 4063 4063 4062 4062 4062 4062 4062 4062
4997 1777285941 3549 3694 3666 378 3580 3623 3624 3591 4061 4061 4061 4061 4061 4061 4061 4061
4998 1777285941 3549 3694 3666 379 3580 3623 3624 3592 4063 4063 4062 4062 4062 4062 4062 4062
4999 1777285941 3550 3694 3666 379 3580 3624 3624 3592 4063 4063 4062 4062 4062 4062 4062 4062
5000 1777285941 3550 3694 3666 379 3580 3624 3624 3592 4057 4057 4057 4057 4057 4057 4057 4057
