1 1777560839 3546 3691 3663 379 3576 3620 3621 3589 4061 4061 4061 4061 4061 4061 4061 4061
2 1777560839 3547 3692 3664 378 3578 3622 3622 3590 4061 4061 4060 4060 4060 4060 4060 4060
3 1777560839 3548 3692 3664 379 3578 3622 3622 3591 4061 4061 4060 4060 4060 4060 4060 4060
4 1777560839 3548 3692 3664 379 3578 3621 3622 3591 4061 4061 4061 4061 4061 4061 4061 4061
5 1777560839 3548 3693 3665 379 3578 3623 3623 3591 4063 4063 4062 4062 4062 4062 4062 4062
6 1777560839 3548 3692 3664 379 3578 3622 3623 3591 4061 4061 4060 4060 4060 4060 4060 4060
7 1777560839 3547 3691 3663 379 3577 3621 3621 3589 4061 4061 4060 4060 4060 4060 4060 4060
8 1777560839 3549 3693 3665 379 3579 3622 3624 3591 4061 4061 4061 4061 4061 4061 4061 4061
9 1777560839 3549 3693 3665 379 3579 3623 3623 3591 4063 4063 4062 4062 4062 4062 4062 4062
10 1777560839 3546 3691 3663 377 3577 3620 3621 3589 4061 4061 4061 4061 4061 4061 4061 4061
11 1777560839 3546 3690 3663 377 3576 3619 3620 3589 4061 4061 4060 4060 4060 4060 4060 4060
12 1777560839 3546 3690 3662 377 3577 3621 3621 3589 4061 4061 4060 4060 4060 4060 4060 4060
13 1777560839 3545 3690 3663 378 3577 3620 3621 3589 4061 4061 4061 4061 4061 4061 4061 4061
14 1777560839 3546 3690 3662 377 3576 3619 3621 3589 4061 4061 4061 4061 4061 4061 4061 4061
15 1777560839 3546 3691 3663 377 3577 3620 3621 3589 4061 4061 4061 4061 4061 4061 4061 4061
16 1777560839 3546 3690 3662 378 3577 3621 3621 3589 4059 4059 4059 4059 4059 4059 4059 4059
17 1777560839 3545 3690 3662 378 3576 3620 3621 3589 4061 4061 4060 4060 4060 4060 4060 4060
18 1777560839 3546 3690 3662 378 3575 3620 3621 3589 4061 4061 4060 4060 4060 4060 4060 4060
19 1777560839 3545 3689 3661 378 3574 3619 3620 3588 4061 4061 4060 4060 4060 4060 4060 4060
20 1777560839 3546 3690 3662 378 3577 3620 3621 3589 4061 4061 4061 4061 4061 4061 4061 4061
21 1777560839 3545 3690 3662 377 3576 3620 3620 3588 4061 4061 4060 4060 4060 4060 4060 4060
22 1777560839 3546 3690 3662 378 3577 3620 3620 3589 4061 4061 4061 4061 4061 4061 4061 4061
23 1777560839 3546 3691 3662 378 3576 3620 3620 3588 4061 4061 4061 4061 4061 4061 4061 4061
24 1777560839 3547 3691 3663 378 3577 3621 3621 3589 4061 4061 4061 4061 4061 4061 4061 4061
25 1777560839 3546 3690 3663 377 3576 3621 3621 3589 4061 4061 4061 4061 4061 4061 4061 4061
26 1777560839 3546 3690 3662 377 3577 3620 3621 3588 4063 4063 4062 4062 4062 4062 4062 4062
27 1777560839 3546 3691 3663 377 3576 3621 3621 3589 4061 4061 4061 4061 4061 4061 4061 4061
28 1777560839 3547 3691 3663 378 3577 3621 3622 3590 4061 4061 4061 4061 4061 4061 4061 4061
29 1777560839 3546 3691 3663 377 3577 3621 3621 3589 4061 4061 4060 4060 4060 4060 4060 4060
30 1777560839 3547 3691 3663 377 3577 3621 3622 3590 4063 4063 4062 4062 4062 4062 4062 4062
31 1777560839 3546 3691 3663 377 3578 3621 3621 3589 4061 4061 4061 4061 4061 4061 4061 4061
32 1777560839 3546 3691 3663 378 3577 3621 3622 3590 4061 4061 4061 4061 4061 4061 4061 4061
33 1777560839 3546 3691 3663 378 3576 3620 3621 3589 4061 4061 4061 4061 4061 4061 4061 4061
34 1777560839 3547 3691 3663 378 3577 3621 3622 3590 4063 4061 4061 4061 4061 4061 4061 4061
35 1777560839 3547 3692 3664 377 3578 3622 3623 3591 4061 4061 4061 4061 4061 4061 4061 4061
36 1777560839 3546 3691 3663 378 3577 3620 3621 3589 4061 4061 4061 4061 4061 4061 4061 4061
37 1777560847 3545 3689 3661 377 3575 3619 3620 3588 4061 4061 4061 4061 4061 4061 4061 4061
38 1777560847 3547 3690 3663 377 3577 3621 3621 3590 4061 4061 4061 4061 4061 4061 4061 4061
39 1777560847 3546 3690 3662 378 3576 3620 3621 3589 4061 4061 4061 4061 4061 4061 4061 4061
40 1777560847 3547 3690 3663 377 3576 3620 3621 3589 4061 4061 4061 4061 4061 4061 4061 4061
41 1777560847 3546 3690 3662 378 3576 3620 3620 3589 4061 4061 4060 4060 4060 4060 4060 4060
42 1777560847 3545 3690 3662 378 3576 3620 3620 3588 4061 4061 4061 4061 4061 4061 4061 4061
43 1777560847 3546 3691 3662 378 3577 3620 3621 3589 4061 4061 4060 4060 4060 4060 4060 4060
44 1777560847 3546 3690 3662 377 3576 3620 3620 3588 4061 4061 4060 4060 4060 4060 4060 4060
45 1777560847 3546 3691 3662 377 3576 3620 3621 3589 4063 4063 4062 4062 4062 4062 4062 4062
46 1777560847 3545 3690 3662 378 3577 3620 3621 3589 4061 4061 4060 4060 4060 4060 4060 4060
47 1777560847 3546 3690 3662 378 3577 3620 3621 3589 4061 4061 4061 4061 4061 4061 4061 4061
48 1777560847 3545 3690 3662 378 3576 3620 3621 3589 4061 4061 4060 4060 4060 4060 4060 4060
49 1777560847 3546 3691 3663 377 3577 3621 3621 3589 4061 4061 4060 4060 4060 4060 4060 4060
50 1777560847 3547 3691 3663 377 3577 3621 3622 3590 4061 4061 4061 4061 4061 4061 4061 4061
51 1777560847 3546 3690 3662 378 3576 3620 3620 3588 4061 4061 4061 4061 4061 4061 4061 4061
52 1777560847 3547 3692 3664 377 3578 3622 3622 3590 4061 4061 4061 4061 4061 4061 4061 4061
53 1777560847 3546 3690 3663 377 3577 3620 3620 3588 4063 4061 4061 4061 4061 4061 4061 4061
54 1777560847 3547 3691 3663 378 3577 3621 3622 3589 4061 4061 4060 4060 4060 4060 4060 4060
55 1777560847 3546 3690 3662 378 3577 3621 3621 3590 4061 4061 4061 4061 4061 4061 4061 4061
56 1777560847 3545 3690 3662 378 3576 3620 3620 3588 4061 4061 4060 4060 4060 4060 4060 4060
57 1777560847 3546 3690 3663 378 3577 3621 3622 3589 4061 4061 4060 4060 4060 4060 4060 4060
58 1777560847 3547 3691 3663 377 3578 3621 3621 3590 4061 4061 4061 4061 4061 4061 4061 4061
59 1777560847 3546 3691 3663 378 3577 3620 3621 3589 4061 4061 4060 4060 4060 4060 4060 4060
60 1777560847 3546 3691 3663 377 3577 3621 3621 3589 4061 4061 4060 4060 4060 4060 4060 4060
61 1777560847 3547 3691 3664 377 3578 3622 3622 3590 4061 4061 4060 4060 4060 4060 4060 4060
62 1777560847 3547 3691 3663 379 3577 3620 3621 3589 4061 4061 4061 4061 4061 4061 4061 4061
63 1777560847 3546 3690 3662 378 3577 3620 3621 3589 4061 4061 4060 4060 4060 4060 4060 4060
64 1777560847 3546 3690 3663 378 3577 3621 3621 3589 4063 4063 4062 4062 4062 4062 4062 4062
65 1777560847 3547 3692 3664 378 3578 3622 3622 3590 4061 4061 4061 4061 4061 4061 4061 4061
66 1777560847 3546 3690 3663 378 3577 3621 3621 3589 4061 4061 4061 4061 4061 4061 4061 4061
67 1777560847 3545 3690 3662 378 3577 3620 3621 3589 4061 4061 4060 4060 4060 4060 4060 4060
68 1777560847 3548 3692 3664 377 3579 3622 3623 3591 4061 4061 4061 4061 4061 4061 4061 4061
69 1777560847 3547 3691 3663 378 3577 3621 3621 3590 4063 4063 4062 4062 4062 4062 4062 4062
70 1777560847 3547 3691 3663 377 3577 3621 3622 3590 4061 4061 4061 4061 4061 4061 4061 4061
71 1777560847 3546 3691 3663 378 3577 3621 3622 3590 4063 4063 4062 4062 4062 4062 4062 4062
72 1777560847 3548 3692 3664 378 3578 3622 3622 3590 4061 4061 4061 4061 4061 4061 4061 4061
73 1777560847 3545 3689 3662 378 3575 3620 3620 3588 4061 4061 4061 4061 4061 4061 4061 4061
74 1777560847 3547 3691 3663 378 3578 3621 3622 3590 4061 4061 4060 4060 4060 4060 4060 4060
75 1777560848 3546 3690 3663 378 3577 3621 3622 3589 4061 4061 4061 4061 4061 4061 4061 4061
76 1777560848 3547 3691 3663 378 3577 3621 3622 3590 4061 4061 4060 4060 4060 4060 4060 4060
77 1777560848 3547 3692 3664 377 3578 3621 3621 3589 4061 4061 4061 4061 4061 4061 4061 4061
78 1777560848 3547 3692 3663 379 3578 3622 3622 3590 4061 4061 4060 4060 4060 4060 4060 4060
79 1777560848 3547 3691 3663 378 3577 3621 3621 3590 4061 4061 4060 4060 4060 4060 4060 4060
80 1777560848 3547 3691 3664 377 3576 3621 3622 3590 4061 4061 4060 4060 4060 4060 4060 4060
81 1777560848 3547 3691 3664 378 3578 3621 3621 3590 4061 4060 4060 4060 4060 4060 4060 4060
82 1777560848 3546 3690 3663 378 3577 3621 3621 3589 4061 4061 4061 4061 4061 4061 4061 4061
83 1777560848 3546 3691 3663 378 3577 3621 3622 3590 4061 4061 4060 4060 4060 4060 4060 4060
84 1777560848 3548 3692 3664 377 3578 3622 3622 3590 4061 4061 4061 4061 4061 4061 4061 4061
85 1777560848 3547 3692 3663 378 3577 3621 3622 3590 4061 4061 4061 4061 4061 4061 4061 4061
86 1777560848 3547 3692 3663 378 3578 3621 3622 3590 4061 4061 4060 4060 4060 4060 4060 4060
87 1777560848 3547 3691 3663 378 3577 3621 3622 3590 4061 4061 4060 4060 4060 4060 4060 4060
88 1777560848 3547 3691 3663 378 3578 3621 3622 3590 4063 4063 4062 4062 4062 4062 4062 4062
89 1777560848 3547 3692 3664 378 3578 3621 3622 3590 4061 4061 4060 4060 4060 4060 4060 4060
90 1777560848 3547 3692 3664 378 3578 3621 3622 3590 4061 4061 4061 4061 4061 4061 4061 4061
91 1777560848 3547 3692 3664 378 3577 3622 3622 3590 4061 4061 4060 4060 4060 4060 4060 4060
92 1777560848 3547 3691 3664 378 3578 3621 3622 3590 4061 4061 4060 4060 4060 4060 4060 4060
93 1777560848 3547 3692 3663 378 3578 3621 3622 3590 4061 4061 4060 4060 4060 4060 4060 4060
94 1777560848 3546 3691 3663 379 3577 3620 3621 3589 4061 4061 4061 4061 4061 4061 4061 4061
95 1777560848 3548 3692 3664 378 3577 3622 3623 3591 4061 4061 4061 4061 4061 4061 4061 4061
96 1777560848 3548 3693 3665 377 3579 3623 3624 3591 4061 4061 4060 4060 4060 4060 4060 4060
97 1777560848 3548 3692 3664 378 3578 3621 3623 3591 4061 4061 4061 4061 4061 4061 4061 4061
98 1777560848 3547 3691 3663 378 3578 3621 3622 3590 4061 4061 4061 4061 4061 4061 4061 4061
99 1777560848 3548 3692 3665 378 3579 3622 3622 3590 4061 4061 4061 4061 4061 4061 4061 4061
100 1777560848 3547 3691 3663 378 3577 3621 3621 3590 4063 4063 4062 4062 4062 4062 4062 4062
101 1777560848 3548 3693 3665 378 3579 3623 3623 3591 4063 4063 4062 4062 4062 4062 4062 4062
102 1777560848 3547 3691 3663 379 3577 3621 3621 3590 4061 4061 4060 4060 4060 4060 4060 4060
103 1777560848 3546 3691 3663 378 3577 3621 3621 3589 4061 4061 4060 4060 4060 4060 4060 4060
104 1777560848 3548 3693 3665 377 3579 3622 3623 3591 4061 4061 4061 4061 4061 4061 4061 4061
105 1777560848 3548 3692 3665 378 3579 3623 3623 3591 4061 4061 4061 4061 4061 4061 4061 4061
106 1777560848 3546 3691 3663 378 3577 3621 3621 3589 4061 4060 4060 4060 4060 4060 4060 4060
107 1777560848 3546 3691 3663 378 3577 3621 3621 3590 4061 4061 4060 4060 4060 4060 4060 4060
108 1777560848 3548 3692 3664 378 3578 3621 3622 3590 4061 4061 4061 4061 4061 4061 4061 4061
109 1777560848 3547 3692 3664 378 3578 3622 3623 3591 4061 4061 4061 4061 4061 4061 4061 4061
110 1777560848 3548 3692 3665 379 3578 3622 3622 3591 4061 4061 4061 4061 4061 4061 4061 4061
111 1777560848 3546 3691 3663 378 3577 3621 3622 3590 4061 4061 4061 4061 4061 4061 4061 4061
112 1777560848 3548 3692 3664 378 3578 3622 3622 3590 4061 4061 4060 4060 4060 4060 4060 4060
113 1777560848 3548 3692 3664 378 3578 3622 3622 3591 4061 4061 4060 4060 4060 4060 4060 4060
114 1777560848 3547 3691 3663 378 3578 3621 3622 3590 4061 4061 4061 4061 4061 4061 4061 4061
115 1777560848 3547 3691 3663 378 3577 3621 3622 3590 4061 4061 4060 4060 4060 4060 4060 4060
116 1777560848 3547 3691 3663 378 3577 3621 3622 3590 4061 4061 4061 4061 4061 4061 4061 4061
117 1777560848 3547 3692 3664 378 3577 3621 3621 3590 4061 4061 4061 4061 4061 4061 4061 4061
118 1777560848 3547 3691 3663 379 3577 3621 3622 3590 4059 4059 4059 4059 4059 4059 4059 4059
119 1777560848 3547 3691 3664 378 3578 3622 3622 3590 4061 4060 4060 4060 4060 4060 4060 4060
120 1777560848 3547 3691 3664 378 3578 3621 3622 3590 4061 4061 4061 4061 4061 4061 4061 4061
121 1777560848 3547 3692 3664 378 3577 3621 3622 3590 4061 4061 4061 4061 4061 4061 4061 4061
122 1777560848 3548 3692 3664 379 3578 3622 3622 3590 4063 4063 4062 4062 4062 4062 4062 4062
123 1777560848 3548 3693 3665 378 3579 3622 3623 3590 4061 4061 4061 4061 4061 4061 4061 4061
124 1777560848 3547 3692 3664 378 3578 3621 3622 3590 4061 4061 4061 4061 4061 4061 4061 4061
125 1777560848 3547 3691 3663 378 3577 3621 3622 3589 4061 4061 4061 4061 4061 4061 4061 4061
126 1777560848 3547 3691 3663 379 3578 3621 3622 3589 4061 4061 4061 4061 4061 4061 4061 4061
127 1777560848 3547 3692 3664 378 3577 3622 3622 3590 4061 4061 4060 4060 4060 4060 4060 4060
128 1777560848 3547 3691 3664 378 3577 3621 3621 3589 4059 4059 4059 4059 4059 4059 4059 4059
129 1777560848 3548 3693 3665 378 3579 3622 3623 3591 4061 4061 4061 4061 4061 4061 4061 4061
130 1777560848 3547 3692 3664 378 3578 3621 3622 3590 4061 4061 4061 4061 4061 4061 4061 4061
131 1777560848 3549 3693 3665 378 3579 3623 3624 3592 4061 4061 4061 4061 4061 4061 4061 4061
132 1777560848 3547 3692 3664 378 3578 3622 3623 3590 4061 4061 4060 4060 4060 4060 4060 4060
133 1777560848 3547 3692 3664 378 3578 3622 3623 3591 4061 4061 4060 4060 4060 4060 4060 4060
134 1777560848 3547 3690 3663 379 3577 3621 3621 3589 4061 4061 4061 4061 4061 4061 4061 4061
135 1777560848 3547 3692 3664 378 3578 3622 3623 3590 4063 4061 4061 4061 4061 4061 4061 4061
136 1777560848 3547 3692 3664 378 3578 3622 3622 3590 4061 4061 4061 4061 4061 4061 4061 4061
137 1777560848 3549 3693 3665 379 3579 3623 3624 3592 4061 4061 4061 4061 4061 4061 4061 4061
138 1777560848 3547 3691 3664 379 3578 3621 3622 3590 4061 4061 4060 4060 4060 4060 4060 4060
139 1777560848 3547 3692 3663 378 3578 3621 3622 3590 4061 4060 4060 4060 4060 4060 4060 4060
140 1777560849 3546 3691 3663 381 3577 3621 3621 3590 4061 4061 4060 4060 4060 4060 4060 4060
141 1777560849 3547 3692 3663 380 3577 3621 3622 3590 4063 4063 4062 4062 4062 4062 4062 4062
142 1777560849 3547 3692 3665 379 3578 3622 3623 3591 4061 4061 4060 4060 4060 4060 4060 4060
143 1777560849 3547 3692 3664 378 3577 3622 3622 3591 4061 4061 4061 4061 4061 4061 4061 4061
144 1777560849 3547 3691 3664 379 3576 3622 3622 3590 4061 4061 4060 4060 4060 4060 4060 4060
145 1777560849 3547 3692 3664 378 3578 3622 3622 3591 4061 4061 4061 4061 4061 4061 4061 4061
146 1777560849 3548 3692 3664 378 3578 3621 3623 3590 4061 4061 4061 4061 4061 4061 4061 4061
147 1777560849 3547 3692 3664 379 3579 3622 3623 3591 4059 4059 4059 4059 4059 4059 4059 4059
148 1777560849 3548 3692 3664 379 3578 3622 3623 3590 4063 4063 4062 4062 4062 4062 4062 4062
149 1777560849 3548 3692 3664 378 3578 3622 3622 3590 4061 4061 4060 4060 4060 4060 4060 4060
150 1777560849 3547 3692 3664 379 3578 3622 3623 3591 4061 4061 4061 4061 4061 4061 4061 4061
151 1777560849 3548 3693 3665 378 3579 3623 3623 3592 4061 4061 4061 4061 4061 4061 4061 4061
152 1777560849 3547 3692 3663 378 3578 3621 3623 3590 4061 4061 4060 4060 4060 4060 4060 4060
153 1777560849 3547 3692 3664 378 3578 3622 3623 3590 4061 4061 4060 4060 4060 4060 4060 4060
154 1777560849 3547 3691 3663 379 3577 3621 3622 3590 4061 4061 4060 4060 4060 4060 4060 4060
155 1777560849 3548 3694 3665 378 3579 3623 3623 3591 4061 4061 4061 4061 4061 4061 4061 4061
156 1777560849 3548 3693 3665 378 3579 3622 3623 3591 4061 4061 4061 4061 4061 4061 4061 4061
157 1777560849 3548 3692 3664 379 3579 3622 3623 3591 4061 4061 4061 4061 4061 4061 4061 4061
158 1777560849 3548 3692 3665 379 3578 3622 3623 3591 4061 4061 4060 4060 4060 4060 4060 4060
159 1777560849 3546 3691 3663 378 3577 3621 3622 3590 4061 4061 4061 4061 4061 4061 4061 4061
160 1777560849 3548 3692 3664 378 3578 3622 3622 3590 4061 4061 4061 4061 4061 4061 4061 4061
161 1777560849 3547 3691 3664 378 3578 3621 3621 3590 4061 4061 4061 4061 4061 4061 4061 4061
162 1777560849 3548 3693 3665 378 3579 3623 3624 3591 4061 4061 4061 4061 4061 4061 4061 4061
163 1777560849 3548 3692 3664 378 3578 3622 3622 3590 4061 4061 4061 4061 4061 4061 4061 4061
164 1777560849 3549 3693 3665 378 3579 3623 3623 3591 4061 4061 4060 4060 4060 4060 4060 4060
165 1777560849 3547 3692 3664 378 3578 3621 3622 3590 4061 4061 4061 4061 4061 4061 4061 4061
166 1777560849 3547 3692 3665 379 2434 3622 3623 3591 4061 4061 4061 4061 4061 4061 4061 4061
167 1777560849 3548 3693 3665 378 3579 3622 3622 3591 4061 4061 4061 4061 4061 4061 4061 4061
168 1777560849 3548 3693 3665 379 3579 3623 3624 3592 4061 4061 4061 4061 4061 4061 4061 4061
169 1777560849 3548 3692 3664 378 3579 3622 3623 3591 4061 4061 4061 4061 4061 4061 4061 4061
170 1777560849 3548 3693 3665 378 3580 3623 3624 3592 4063 4061 4061 4061 4061 4061 4061 4061
171 1777560849 3548 3693 3665 379 3578 3622 3623 3591 4063 4061 4061 4061 4061 4061 4061 4061
172 1777560849 3548 3693 3665 378 3579 3622 3623 3591 4061 4061 4060 4060 4060 4060 4060 4060
173 1777560849 3548 3692 3664 378 3578 3622 3622 3591 4061 4061 4060 4060 4060 4060 4060 4060
174 1777560849 3547 3692 3664 379 3578 3622 3622 3591 4063 4063 4062 4062 4062 4062 4062 4062
175 1777560849 3548 3693 3665 378 3579 3622 3623 3591 4061 4061 4061 4061 4061 4061 4061 4061
176 1777560849 3547 3692 3664 378 3576 3622 3622 3590 4063 4063 4062 4062 4062 4062 4062 4062
177 1777560849 3547 3692 3664 379 3577 3621 3622 3590 4061 4061 4061 4061 4061 4061 4061 4061
178 1777560849 3548 3693 3665 379 3578 3623 3623 3591 4061 4060 4060 4060 4060 4060 4060 4060
179 1777560849 3548 3692 3664 378 3579 3622 3623 3590 4061 4061 4061 4061 4061 4061 4061 4061
180 1777560849 3547 3691 3663 378 3578 3621 3622 3590 4061 4061 4060 4060 4060 4060 4060 4060
181 1777560849 3547 3692 3664 378 3579 3622 3622 3591 4061 4061 4060 4060 4060 4060 4060 4060
182 1777560849 3548 3692 3665 379 3578 3623 3623 3591 4061 4060 4060 4060 4060 4060 4060 4060
183 1777560849 3547 3692 3664 378 3578 3622 3623 3591 4061 4061 4061 4061 4061 4061 4061 4061
184 1777560849 3548 3692 3665 378 3579 3622 3622 3590 4061 4061 4061 4061 4061 4061 4061 4061
185 1777560849 3548 3692 3664 379 3578 3622 3622 3590 4061 4061 4061 4061 4061 4061 4061 4061
186 1777560849 3547 3692 3664 379 3578 3622 3623 3591 4061 4061 4060 4060 4060 4060 4060 4060
187 1777560849 3548 3692 3664 379 3578 3622 3623 3591 4063 4063 4062 4062 4062 4062 4062 4062
188 1777560849 3548 3692 3664 378 3578 3622 3622 3590 4063 4061 4061 4061 4061 4061 4061 4061
189 1777560849 3548 3693 3665 378 3579 3623 3624 3592 4061 4061 4060 4060 4060 4060 4060 4060
190 1777560849 3546 3691 3663 379 3578 3622 3622 3590 4061 4061 4061 4061 4061 4061 4061 4061
191 1777560849 3548 3693 3664 378 3579 3623 3623 3591 4061 4061 4060 4060 4060 4060 4060 4060
192 1777560849 3548 3692 3664 379 3578 3621 3622 3590 4061 4061 4061 4061 4061 4061 4061 4061
193 1777560849 3548 3692 3665 378 3579 3622 3623 3591 4061 4061 4061 4061 4061 4061 4061 4061
194 1777560849 3549 3693 3665 379 3579 3623 3623 3591 4061 4061 4060 4060 4060 4060 4060 4060
195 1777560849 3546 3691 3663 378 3578 3622 3622 3590 4063 4063 4062 4062 4062 4062 4062 4062
196 1777560849 3549 3693 3665 379 3579 3623 3623 3591 4061 4060 4060 4060 4060 4060 4060 4060
197 1777560849 3547 3692 3664 378 3579 3622 3622 3591 4061 4061 4061 4061 4061 4061 4061 4061
198 1777560849 3547 3692 3663 379 3578 3622 3623 3590 4063 4063 4062 4062 4062 4062 4062 4062
199 1777560849 3548 3692 3664 378 3578 3622 3623 3591 4063 4063 4062 4062 4062 4062 4062 4062
200 1777560849 3548 3693 3665 378 3578 3622 3622 3591 4061 4061 4061 4061 4061 4061 4061 4061
201 1777560849 3548 3692 3665 379 3579 3623 3623 3591 4061 4061 4061 4061 4061 4061 4061 4061
202 1777560849 3548 3692 3664 379 3578 3622 3622 3591 4061 4061 4060 4060 4060 4060 4060 4060
203 1777560849 3548 3692 3664 378 3579 3622 3623 3591 4061 4061 4060 4060 4060 4060 4060 4060
204 1777560849 3548 3693 3665 378 3580 3623 3624 3592 4061 4061 4060 4060 4060 4060 4060 4060
205 1777560849 3548 3693 3665 380 3579 3623 3623 3592 4061 4061 4061 4061 4061 4061 4061 4061
206 1777560849 3548 3692 3664 379 3578 3622 3623 3591 4061 4061 4061 4061 4061 4061 4061 4061
207 1777560849 3547 3692 3664 378 3577 3622 3622 3590 4061 4061 4061 4061 4061 4061 4061 4061
208 1777560849 3548 3693 3665 378 3579 3623 3623 3591 4061 4061 4061 4061 4061 4061 4061 4061
209 1777560849 3548 3692 3665 378 3579 3622 3623 3591 4061 4061 4061 4061 4061 4061 4061 4061
210 1777560850 3548 3693 3665 379 3579 3623 3623 3591 4061 4061 4061 4061 4061 4061 4061 4061
211 1777560850 3548 3692 3664 378 3578 3622 3622 3590 4061 4061 4060 4060 4060 4060 4060 4060
212 1777560850 3549 3694 3666 379 3580 3623 3624 3592 4061 4061 4061 4061 4061 4061 4061 4061
213 1777560850 3550 3695 3666 379 3581 3624 3625 858 4063 4063 4062 4062 4062 4062 4062 4062
214 1777560850 3548 3693 3665 379 3579 3623 3624 3591 4061 4061 4060 4060 4060 4060 4060 4060
215 1777560850 3547 3692 3664 379 3577 3622 3623 3590 4061 4061 4061 4061 4061 4061 4061 4061
216 1777560850 3548 3693 3665 378 3579 3623 3623 3591 4063 4063 4062 4062 4062 4062 4062 4062
217 1777560850 3549 3694 3666 378 3580 3623 3624 3592 4061 4061 4061 4061 4061 4061 4061 4061
218 1777560850 3549 3693 3665 379 3579 3623 3623 3591 4063 4061 4061 4061 4061 4061 4061 4061
219 1777560850 3548 3693 3665 379 3580 3624 3624 3592 4061 4061 4061 4061 4061 4061 4061 4061
220 1777560850 3548 3692 3664 379 3579 3622 3623 3591 4061 4061 4060 4060 4060 4060 4060 4060
221 1777560850 3548 3693 3665 379 3579 3622 3623 3591 4061 4061 4060 4060 4060 4060 4060 4060
222 1777560850 3548 3693 3665 379 3578 3622 3623 3591 4061 4061 4061 4061 4061 4061 4061 4061
223 1777560850 3549 3694 3666 379 3579 3623 3623 3591 4063 4061 4061 4061 4061 4061 4061 4061
224 1777560850 3548 3692 3664 379 3579 3622 3623 3591 4061 4061 4060 4060 4060 4060 4060 4060
225 1777560850 3548 3692 3665 378 3579 3623 3624 3591 4061 4061 4061 4061 4061 4061 4061 4061
226 1777560850 3549 3693 3665 379 3580 3623 3624 3591 4061 4061 4060 4060 4060 4060 4060 4060
227 1777560850 3549 3693 3665 379 3580 3623 3624 3592 4059 4059 4059 4059 4059 4059 4059 4059
228 1777560850 3548 3693 3665 379 3578 3622 3623 3590 4061 4061 4060 4060 4060 4060 4060 4060
229 1777560850 3548 3693 3665 380 3579 3622 3623 3591 4061 4061 4060 4060 4060 4060 4060 4060
230 1777560850 3548 3693 3665 379 3579 3623 3623 3592 4061 4061 4060 4060 4060 4060 4060 4060
231 1777560850 3547 3692 3664 379 3578 3622 3623 3591 4061 4061 4060 4060 4060 4060 4060 4060
232 1777560850 3547 3693 3664 378 3578 3622 3623 3591 4061 4061 4061 4061 4061 4061 4061 4061
233 1777560850 3548 3692 3664 379 3579 3622 3623 3591 4063 4063 4062 4062 4062 4062 4062 4062
234 1777560850 3549 3693 3666 379 3579 3623 3624 3592 4061 4061 4060 4060 4060 4060 4060 4060
235 1777560850 3548 3693 3665 378 3579 3623 3623 3591 4061 4061 4061 4061 4061 4061 4061 4061
236 1777560850 3548 3692 3664 379 3578 3622 3622 3590 4061 4061 4061 4061 4061 4061 4061 4061
237 1777560850 3549 3693 3665 380 3579 3623 3624 3592 4061 4061 4061 4061 4061 4061 4061 4061
238 1777560850 3549 3693 3665 379 3578 3623 3624 3591 4061 4061 4061 4061 4061 4061 4061 4061
239 1777560850 3548 3693 3665 379 3579 3623 3623 3591 4061 4061 4060 4060 4060 4060 4060 4060
240 1777560850 3549 3693 3666 378 3580 3624 3624 3592 4061 4060 4060 4060 4060 4060 4060 4060
241 1777560850 3548 3693 3665 379 3579 3623 3623 3592 4061 4061 4060 4060 4060 4060 4060 4060
242 1777560850 3548 3693 3665 379 3579 3622 3623 3591 4061 4061 4060 4060 4060 4060 4060 4060
243 1777560850 3548 3692 3665 378 3579 3622 3623 3591 4061 4061 4061 4061 4061 4061 4061 4061
244 1777560850 3549 3693 3665 379 3580 3623 3624 3592 4059 4059 4059 4059 4059 4059 4059 4059
245 1777560850 3548 3693 3664 379 3578 3623 3623 3591 4061 4061 4060 4060 4060 4060 4060 4060
246 1777560850 3548 3693 3665 379 3580 3623 3623 3592 4061 4061 4061 4061 4061 4061 4061 4061
247 1777560850 3549 3693 3665 379 3579 3622 3623 3591 4061 4061 4061 4061 4061 4061 4061 4061
248 1777560850 3548 3693 3664 379 3578 3622 3622 3590 4061 4061 4061 4061 4061 4061 4061 4061
249 1777560850 3555 3700 3672 379 3587 3631 3631 3599 4061 4061 4060 4060 4060 4060 4060 4060
250 1777560850 3548 3693 3665 379 3579 3623 3623 3591 4063 4063 4062 4062 4062 4062 4062 4062
251 1777560850 3547 3692 3664 379 3578 3622 3623 3591 4061 4061 4060 4060 4060 4060 4060 4060
252 1777560850 3548 3693 3665 379 3579 3622 3623 3591 4061 4061 4061 4061 4061 4061 4061 4061
253 1777560850 3548 3692 3665 380 3579 3623 3623 3591 4061 4061 4060 4060 4060 4060 4060 4060
254 1777560850 3549 3694 3666 379 3580 3624 3624 1742 4061 4061 4060 4060 4060 4060 4060 4060
255 1777560850 3548 3693 3665 379 3579 3623 3624 3592 4061 4061 4061 4061 4061 4061 4061 4061
256 1777560850 3548 3693 3665 379 3580 3623 3624 3592 4061 4061 4061 4061 4061 4061 4061 4061
257 1777560850 3548 3693 3665 379 3579 3623 3623 3591 4061 4061 4060 4060 4060 4060 4060 4060
258 1777560850 3547 3692 3664 379 3579 3622 3622 3591 4061 4061 4061 4061 4061 4061 4061 4061
259 1777560850 3548 3692 3665 379 3579 3623 3623 3592 4061 4061 4060 4060 4060 4060 4060 4060
260 1777560850 3548 3693 3665 379 3579 3623 3623 3591 4061 4061 4060 4060 4060 4060 4060 4060
261 1777560850 3549 3693 3665 380 3579 3623 3624 3591 4061 4061 4061 4061 4061 4061 4061 4061
262 1777560850 3549 3693 3665 379 3579 3623 3623 3591 4061 4061 4061 4061 4061 4061 4061 4061
263 1777560850 3548 3693 3665 379 3579 3623 3623 3592 4061 4061 4061 4061 4061 4061 4061 4061
264 1777560850 3548 3692 3664 379 3578 3622 3623 3591 4061 4060 4060 4060 4060 4060 4060 4060
265 1777560850 3546 3691 3663 377 3577 3620 3621 3588 4061 4061 4060 4060 4060 4060 4060 4060
266 1777560850 3547 3691 3664 377 3578 3622 3622 3590 4061 4061 4060 4060 4060 4060 4060 4060
267 1777560850 3547 3692 3663 378 3577 3621 3622 3590 4063 4063 4062 4062 4062 4062 4062 4062
268 1777560850 3546 3690 3663 377 3577 3620 3621 3590 4063 4063 4062 4062 4062 4062 4062 4062
269 1777560850 3547 3691 3663 377 3577 3621 3621 3589 4061 4061 4061 4061 4061 4061 4061 4061
270 1777560850 3546 3691 3663 377 3577 3621 3621 3589 4061 4061 4061 4061 4061 4061 4061 4061
271 1777560850 3547 3691 3664 378 3577 3622 3623 3591 4061 4060 4060 4060 4060 4060 4060 4060
272 1777560850 3546 3691 3663 378 3576 3621 3621 3589 4061 4061 4061 4061 4061 4061 4061 4061
273 1777560850 3547 3691 3664 377 3578 3621 3622 3590 4061 4061 4061 4061 4061 4061 4061 4061
274 1777560850 3548 3692 3664 377 3578 3622 3622 3591 4061 4061 4061 4061 4061 4061 4061 4061
275 1777560850 3546 3690 3663 377 3577 3621 3622 3590 4061 4061 4061 4061 4061 4061 4061 4061
276 1777560850 3547 3691 3663 378 3578 3621 3622 3590 4061 4061 4060 4060 4060 4060 4060 4060
277 1777560850 3547 3692 3663 377 3578 3621 3622 3590 4061 4061 4061 4061 4061 4061 4061 4061
278 1777560850 3547 3691 3663 377 3577 3621 3621 3589 4061 4061 4061 4061 4061 4061 4061 4061
279 1777560850 3547 3692 3664 378 3577 3621 3622 3590 4061 4061 4060 4060 4060 4060 4060 4060
280 1777560850 3546 3692 3663 377 3578 3621 3622 3590 4061 4061 4061 4061 4061 4061 4061 4061
281 1777560851 3547 3692 3664 378 3579 3622 3622 3591 4061 4061 4060 4060 4060 4060 4060 4060
282 1777560851 3547 3692 3664 377 3578 3621 3622 3590 4061 4061 4061 4061 4061 4061 4061 4061
283 1777560851 3547 3692 3664 377 3578 3622 3622 3591 4061 4061 4060 4060 4060 4060 4060 4060
284 1777560851 3547 3691 3664 377 3578 3621 3622 3590 4063 4063 4062 4062 4062 4062 4062 4062
285 1777560851 3546 3691 3662 377 3577 3621 3621 3590 4063 4063 4062 4062 4062 4062 4062 4062
286 1777560851 3547 3691 3663 377 3577 3621 3621 3590 4061 4061 4061 4061 4061 4061 4061 4061
287 1777560851 285 3689 3665 378 3579 3623 3623 1894 83 4061 4061 4061 4061 4061 4061 4061
288 1777560851 3546 3691 3663 377 3576 3621 3622 3590 4061 4061 4061 4061 4061 4061 4061 4061
289 1777560851 3547 3691 3664 378 3578 3622 3622 3591 4061 4061 4060 4060 4060 4060 4060 4060
290 1777560851 3547 3692 3664 377 3578 3621 3622 3590 4061 4061 4060 4060 4060 4060 4060 4060
291 1777560851 3547 3691 3663 378 3577 3621 3621 3590 4061 4060 4060 4060 4060 4060 4060 4060
292 1777560851 3546 3690 3663 378 3576 3620 3621 3589 4061 4061 4061 4061 4061 4061 4061 4061
293 1777560851 3548 3692 3664 378 3578 3621 3622 3590 4061 4061 4061 4061 4061 4061 4061 4061
294 1777560851 3548 3692 3665 378 3578 3623 3623 3591 4061 4061 4061 4061 4061 4061 4061 4061
295 1777560851 3547 3691 3663 377 3577 3621 3621 3589 4061 4061 4060 4060 4060 4060 4060 4060
296 1777560851 3547 3691 3664 377 3578 3621 3621 3590 4061 4061 4060 4060 4060 4060 4060 4060
297 1777560851 3547 3691 3663 378 3577 3621 3622 3590 4061 4061 4060 4060 4060 4060 4060 4060
298 1777560851 3547 3692 3664 378 3578 3621 3622 3590 4061 4061 4061 4061 4061 4061 4061 4061
299 1777560851 3547 3691 3663 378 3577 3621 3622 3589 4061 4061 4060 4060 4060 4060 4060 4060
300 1777560851 3546 3691 3663 377 3578 3621 3622 3590 4061 4061 4060 4060 4060 4060 4060 4060
301 1777560851 3548 3692 3664 378 3579 3622 3623 3591 4061 4061 4060 4060 4060 4060 4060 4060
302 1777560851 3547 3692 3664 378 3578 3622 3623 3591 4061 4061 4061 4061 4061 4061 4061 4061
303 1777560851 3547 3692 3663 378 3577 3621 3623 3590 4061 4061 4060 4060 4060 4060 4060 4060
304 1777560851 3547 3692 3664 377 3578 3622 3622 3590 4059 4059 4059 4059 4059 4059 4059 4059
305 1777560851 3547 3691 3664 377 3579 3622 3623 3591 4061 4061 4061 4061 4061 4061 4061 4061
306 1777560851 337 3692 345 376 3579 3624 3624 1668 4061 4061 4061 4061 4061 4061 4061 4061
307 1777560851 3546 3691 3662 378 3577 3621 3621 3589 4061 4061 4060 4060 4060 4060 4060 4060
308 1777560851 3548 3692 3664 377 3578 3622 3622 3590 4061 4061 4061 4061 4061 4061 4061 4061
309 1777560851 3547 3691 3664 378 3578 3621 3622 3590 4061 4061 4061 4061 4061 4061 4061 4061
310 1777560851 3547 3692 3664 378 3577 3621 3622 3590 4061 4061 4060 4060 4060 4060 4060 4060
311 1777560851 3547 3691 3664 378 3577 3622 3622 3590 4063 4063 4062 4062 4062 4062 4062 4062
312 1777560851 3547 3691 3663 378 3578 3621 3622 3590 4061 4061 4060 4060 4060 4060 4060 4060
313 1777560851 3548 3692 3664 378 3579 3622 3623 3591 4061 4061 4061 4061 4061 4061 4061 4061
314 1777560851 3547 3692 3664 378 3578 3622 3623 3591 4061 4061 4060 4060 4060 4060 4060 4060
315 1777560851 3547 3692 3664 378 3577 3622 3622 3590 4061 4061 4060 4060 4060 4060 4060 4060
316 1777560851 3547 3692 3664 377 3578 3622 3622 3590 4061 4061 4061 4061 4061 4061 4061 4061
317 1777560851 3547 3692 3664 378 3578 3621 3622 3590 4061 4061 4060 4060 4060 4060 4060 4060
318 1777560851 3548 3692 3664 378 3578 3622 3622 3590 4061 4061 4061 4061 4061 4061 4061 4061
319 1777560851 3547 3692 3664 378 3577 3622 3622 3590 4061 4061 4061 4061 4061 4061 4061 4061
320 1777560851 3547 3691 3663 377 3577 3621 3621 3589 4061 4061 4061 4061 4061 4061 4061 4061
321 1777560851 3547 3691 3664 378 3578 3621 3622 3590 4061 4061 4060 4060 4060 4060 4060 4060
322 1777560851 3547 3693 3665 377 3578 3622 3623 3591 4061 4061 4061 4061 4061 4061 4061 4061
323 1777560851 3547 3691 3664 378 3577 3621 3621 3589 4061 4061 4061 4061 4061 4061 4061 4061
324 1777560851 3547 3692 3664 377 3578 3621 3622 3589 4061 4061 4060 4060 4060 4060 4060 4060
325 1777560851 3547 3691 3663 378 3577 3621 3622 3589 4061 4061 4060 4060 4060 4060 4060 4060
326 1777560851 3548 3692 3665 377 3578 3622 3623 3591 4061 4061 4061 4061 4061 4061 4061 4061
327 1777560851 3547 3692 3664 378 3577 3622 3622 3590 4063 4063 4062 4062 4062 4062 4062 4062
328 1777560851 3548 3692 3664 377 3578 3622 3622 3591 4061 4061 4061 4061 4061 4061 4061 4061
329 1777560851 3547 3691 3663 378 3577 3621 3622 3590 4061 4061 4061 4061 4061 4061 4061 4061
330 1777560851 3548 3693 3665 377 3578 3622 3623 3591 4061 4061 4060 4060 4060 4060 4060 4060
331 1777560851 3547 3691 3663 378 3577 3621 3621 3589 4061 4061 4061 4061 4061 4061 4061 4061
332 1777560851 3547 3691 3663 378 3577 3621 3621 3590 4061 4061 4061 4061 4061 4061 4061 4061
333 1777560851 3546 3691 3663 378 3577 3621 3621 3590 4063 4061 4061 4061 4061 4061 4061 4061
334 1777560851 3548 3692 3664 379 3578 3622 3622 3590 4061 4061 4061 4061 4061 4061 4061 4061
335 1777560851 3548 3693 3665 378 3579 3623 3623 3591 4061 4061 4060 4060 4060 4060 4060 4060
336 1777560851 3547 3692 3664 377 3578 3622 3622 3590 4061 4061 4061 4061 4061 4061 4061 4061
337 1777560851 3547 3691 3664 378 3577 3621 3622 3590 4061 4061 4061 4061 4061 4061 4061 4061
338 1777560851 3547 3692 3664 377 3578 3622 3622 3590 4061 4061 4061 4061 4061 4061 4061 4061
339 1777560851 3548 3692 3664 378 3578 3622 3623 3591 4061 4060 4060 4060 4060 4060 4060 4060
340 1777560851 3547 3691 3664 378 3578 3621 3622 3590 4061 4061 4060 4060 4060 4060 4060 4060
341 1777560851 3547 3692 3664 378 3578 3622 3623 3590 4061 4061 4061 4061 4061 4061 4061 4061
342 1777560851 3547 3692 3664 378 3578 3621 3622 3590 4061 4061 4060 4060 4060 4060 4060 4060
343 1777560851 3546 3691 3663 378 3577 3621 3622 3590 4063 4062 4062 4062 4062 4062 4062 4062
344 1777560851 3547 3692 3664 378 3578 3622 3623 3590 4059 4059 4059 4059 4059 4059 4059 4059
345 1777560851 3548 3692 3665 378 3579 3622 3623 3591 4061 4061 4061 4061 4061 4061 4061 4061
346 1777560851 3547 3691 3663 378 3578 3621 3622 3590 4063 4061 4061 4061 4061 4061 4061 4061
347 1777560851 3547 3691 3663 378 3578 3622 3622 3590 4061 4061 4061 4061 4061 4061 4061 4061
348 1777560851 3547 3692 3663 379 3578 3622 3623 3591 4061 4061 4061 4061 4061 4061 4061 4061
349 1777560851 3548 3693 3664 378 3578 3622 3622 3590 4061 4061 4060 4060 4060 4060 4060 4060
350 1777560851 3547 3692 3664 378 3578 3622 3622 3590 4063 4063 4062 4062 4062 4062 4062 4062
351 1777560851 3548 3693 3664 378 3579 3622 3622 3590 4061 4061 4060 4060 4060 4060 4060 4060
352 1777560851 3547 3692 3665 378 3579 3622 3623 3591 4061 4061 4061 4061 4061 4061 4061 4061
353 1777560851 3547 3692 3663 378 3577 3621 3622 3590 4063 4063 4062 4062 4062 4062 4062 4062
354 1777560851 3547 3691 3663 378 3577 3621 3621 3589 4061 4061 4061 4061 4061 4061 4061 4061
355 1777560852 3546 3691 3663 378 3577 3621 3621 3590 4061 4061 4060 4060 4060 4060 4060 4060
356 1777560852 3547 3691 3663 377 3578 3621 3621 3590 4061 4061 4060 4060 4060 4060 4060 4060
357 1777560852 3549 3693 3664 378 3579 3622 3622 3590 4061 4061 4060 4060 4060 4060 4060 4060
358 1777560852 3547 3692 3664 379 3578 3622 3622 3590 4061 4061 4061 4061 4061 4061 4061 4061
359 1777560852 3547 3691 3663 378 3577 3621 3621 3590 4061 4061 4061 4061 4061 4061 4061 4061
360 1777560852 3548 3693 3665 378 3578 3622 3623 3591 4061 4061 4061 4061 4061 4061 4061 4061
361 1777560852 3546 3691 3664 378 3578 3621 3622 3590 4063 4061 4061 4061 4061 4061 4061 4061
362 1777560852 3548 3692 3665 378 3579 3622 3623 3591 4061 4061 4061 4061 4061 4061 4061 4061
363 1777560852 3548 3693 3665 378 3578 3622 3623 3591 4061 4061 4061 4061 4061 4061 4061 4061
364 1777560852 3547 3691 3664 378 3578 3622 3622 3590 4061 4061 4061 4061 4061 4061 4061 4061
365 1777560852 3547 3692 3664 378 3579 3622 3623 3591 4061 4061 4061 4061 4061 4061 4061 4061
366 1777560852 3547 3692 3664 378 3578 3622 3622 3590 4061 4061 4061 4061 4061 4061 4061 4061
367 1777560852 3547 3692 3665 378 3579 3622 3623 3591 4061 4061 4060 4060 4060 4060 4060 4060
368 1777560852 3548 3692 3664 378 3578 3622 3623 3590 4061 4061 4060 4060 4060 4060 4060 4060
369 1777560852 3548 3693 3664 378 3578 3622 3622 3590 4061 4061 4061 4061 4061 4061 4061 4061
370 1777560852 3546 3690 3663 378 3577 3621 3621 3589 4061 4061 4061 4061 4061 4061 4061 4061
371 1777560852 3548 3692 3664 378 3578 3622 3622 3591 4061 4061 4061 4061 4061 4061 4061 4061
372 1777560852 3547 3691 3664 378 3578 3622 3622 3591 4063 4063 4062 4062 4062 4062 4062 4062
373 1777560852 3547 3692 3664 378 3578 3621 3622 3590 4061 4061 4061 4061 4061 4061 4061 4061
374 1777560852 3548 3693 3664 378 3578 3622 3623 3591 4061 4061 4061 4061 4061 4061 4061 4061
375 1777560852 3547 3691 3664 378 3578 3622 3622 3590 4061 4061 4060 4060 4060 4060 4060 4060
376 1777560852 3548 3691 3664 378 3578 3621 3621 3590 4061 4061 4060 4060 4060 4060 4060 4060
377 1777560852 3546 3691 3663 378 3577 3621 3622 3590 4061 4061 4061 4061 4061 4061 4061 4061
378 1777560852 3547 3692 3664 378 3578 3622 3622 3590 4061 4061 4061 4061 4061 4061 4061 4061
379 1777560852 3548 3692 3664 378 3578 3622 3622 3591 4061 4061 4061 4061 4061 4061 4061 4061
380 1777560852 3548 3693 3665 378 3579 3622 3623 3591 4063 4063 4062 4062 4062 4062 4062 4062
381 1777560852 3548 3692 3664 378 3579 3622 3623 3591 4061 4061 4061 4061 4061 4061 4061 4061
382 1777560852 3547 3692 3664 379 3578 3621 3622 3590 4063 4063 4062 4062 4062 4062 4062 4062
383 1777560852 3548 3692 3665 378 3579 3622 3623 3591 4061 4061 4060 4060 4060 4060 4060 4060
384 1777560852 3548 3693 3665 378 3579 3622 3623 3591 4061 4061 4061 4061 4061 4061 4061 4061
385 1777560852 3547 3691 3664 379 3578 3622 3622 3590 4061 4061 4061 4061 4061 4061 4061 4061
386 1777560852 3548 3693 3665 378 3578 3623 3624 3591 4061 4061 4060 4060 4060 4060 4060 4060
387 1777560852 3548 3692 3664 378 3579 3622 3623 3590 4061 4061 4060 4060 4060 4060 4060 4060
388 1777560852 3548 3692 3664 378 3578 3622 3623 3591 4061 4061 4061 4061 4061 4061 4061 4061
389 1777560852 3547 3692 3664 378 3578 3622 3622 3590 4061 4061 4061 4061 4061 4061 4061 4061
390 1777560852 3548 3693 3665 378 3579 3622 3623 3591 4061 4060 4060 4060 4060 4060 4060 4060
391 1777560852 3548 3692 3664 378 3578 3622 3622 3590 4061 4061 4061 4061 4061 4061 4061 4061
392 1777560852 3548 3693 3665 378 3579 3623 3623 3591 4061 4061 4061 4061 4061 4061 4061 4061
393 1777560852 3548 3693 3664 378 3578 3622 3622 3591 4061 4061 4060 4060 4060 4060 4060 4060
394 1777560852 3548 3692 3665 378 3578 3622 3623 3591 4061 4061 4061 4061 4061 4061 4061 4061
395 1777560852 3548 3692 3664 378 3578 3622 3623 3591 4061 4061 4061 4061 4061 4061 4061 4061
396 1777560852 3549 3693 3665 381 3579 3622 3623 3591 4061 4061 4061 4061 4061 4061 4061 4061
397 1777560852 3548 3693 3664 380 3579 3622 3623 3591 4061 4061 4060 4060 4060 4060 4060 4060
398 1777560852 3548 3693 3665 379 3578 3622 3623 3591 4061 4061 4060 4060 4060 4060 4060 4060
399 1777560852 3548 3693 3665 378 3579 3623 3624 3592 4061 4061 4061 4061 4061 4061 4061 4061
400 1777560852 3548 3693 3665 377 3579 3623 3623 3591 4061 4061 4060 4060 4060 4060 4060 4060
401 1777560852 3547 3692 3664 378 3578 3622 3623 3590 4061 4061 4060 4060 4060 4060 4060 4060
402 1777560852 3547 3691 3664 378 3578 3621 3622 3590 4061 4060 4060 4060 4060 4060 4060 4060
403 1777560852 3548 3692 3664 379 3578 3621 3622 3590 4061 4061 4060 4060 4060 4060 4060 4060
404 1777560852 3548 3693 3664 378 3578 3622 3622 3591 4063 4063 4062 4062 4062 4062 4062 4062
405 1777560852 3547 3692 3664 379 3578 3621 3622 3590 4061 4061 4061 4061 4061 4061 4061 4061
406 1777560852 3548 3692 3665 379 3578 3622 3622 3590 4061 4061 4061 4061 4061 4061 4061 4061
407 1777560852 3548 3692 3664 379 3579 3622 3623 3591 4061 4061 4061 4061 4061 4061 4061 4061
408 1777560852 3547 3692 3663 378 3578 3622 3622 3590 4061 4061 4061 4061 4061 4061 4061 4061
409 1777560852 3547 3692 3664 379 3578 3622 3622 3591 4063 4061 4061 4061 4061 4061 4061 4061
410 1777560852 3547 3693 3664 379 3578 3622 3623 3591 4061 4061 4060 4060 4060 4060 4060 4060
411 1777560852 3548 3692 3664 378 3579 3622 3623 3591 4061 4061 4061 4061 4061 4061 4061 4061
412 1777560852 3548 3693 3665 378 3579 3622 3623 3591 4061 4061 4061 4061 4061 4061 4061 4061
413 1777560852 3549 3694 3666 378 3579 3623 3623 3591 4061 4061 4061 4061 4061 4061 4061 4061
414 1777560852 3548 3693 3665 379 3578 3623 3623 3591 4061 4061 4061 4061 4061 4061 4061 4061
415 1777560852 3549 3693 3665 378 3579 3622 3623 3590 4061 4061 4060 4060 4060 4060 4060 4060
416 1777560852 3549 3694 3666 378 3580 3624 3624 3592 4061 4061 4061 4061 4061 4061 4061 4061
417 1777560852 3548 3692 3664 379 3578 3622 3622 3591 4063 4063 4062 4062 4062 4062 4062 4062
418 1777560852 3548 3693 3664 378 3578 3622 3622 3590 4063 4063 4062 4062 4062 4062 4062 4062
419 1777560852 3548 3693 3665 378 3579 3623 3623 3591 4061 4061 4061 4061 4061 4061 4061 4061
420 1777560852 3548 3692 3664 378 3578 3622 3623 3590 4061 4061 4060 4060 4060 4060 4060 4060
421 1777560852 3549 3693 3666 378 3579 3623 3624 3592 4061 4061 4060 4060 4060 4060 4060 4060
422 1777560852 3548 3692 3664 379 3578 3622 3622 3590 4061 4061 4061 4061 4061 4061 4061 4061
423 1777560852 3548 3693 3665 378 3579 3622 3622 3591 4061 4061 4060 4060 4060 4060 4060 4060
424 1777560852 3548 3693 3665 378 3579 3623 3623 3591 4061 4061 4061 4061 4061 4061 4061 4061
425 1777560852 3547 3692 3664 379 3579 3622 3622 3590 4061 4061 4061 4061 4061 4061 4061 4061
426 1777560852 3549 3694 3666 378 3579 3623 3623 3591 4061 4061 4060 4060 4060 4060 4060 4060
427 1777560853 3548 3693 3665 378 3579 3622 3623 3591 4061 4061 4061 4061 4061 4061 4061 4061
428 1777560853 3548 3693 3665 379 3579 3622 3623 3592 4061 4061 4061 4061 4061 4061 4061 4061
429 1777560853 3548 3694 3665 379 3579 3623 3624 3592 4061 4061 4061 4061 4061 4061 4061 4061
430 1777560853 3548 3693 3665 379 3578 3623 3623 3591 4061 4061 4061 4061 4061 4061 4061 4061
431 1777560853 3548 3693 3665 378 3579 3623 3623 3591 4061 4061 4061 4061 4061 4061 4061 4061
432 1777560853 3548 3692 3665 379 3579 3622 3623 3591 4061 4061 4061 4061 4061 4061 4061 4061
433 1777560853 3547 3691 3663 378 3577 3621 3622 3590 4063 4063 4062 4062 4062 4062 4062 4062
434 1777560853 3548 3692 3664 379 3578 3622 3623 3591 4061 4061 4061 4061 4061 4061 4061 4061
435 1777560853 3549 3693 3665 378 3579 3622 3623 3591 4061 4060 4060 4060 4060 4060 4060 4060
436 1777560853 3549 3693 3665 379 3580 3623 3624 3591 4061 4061 4061 4061 4061 4061 4061 4061
437 1777560853 3549 3693 3665 379 3579 3622 3623 3591 4059 4059 4059 4059 4059 4059 4059 4059
438 1777560853 3547 3692 3664 379 3578 3622 3623 3591 4061 4061 4060 4060 4060 4060 4060 4060
439 1777560853 3548 3693 3665 378 3579 3623 3623 3591 4061 4061 4061 4061 4061 4061 4061 4061
440 1777560853 3549 3693 3665 379 3579 3623 3624 3592 4061 4061 4060 4060 4060 4060 4060 4060
441 1777560853 3548 3692 3665 379 3578 3622 3624 3591 4061 4061 4061 4061 4061 4061 4061 4061
442 1777560853 3548 3693 3665 379 3578 3622 3623 3591 4061 4061 4061 4061 4061 4061 4061 4061
443 1777560853 3548 3692 3664 378 3579 3623 3623 3591 4061 4061 4060 4060 4060 4060 4060 4060
444 1777560853 3548 3693 3665 378 3580 3623 3624 3592 4061 4061 4061 4061 4061 4061 4061 4061
445 1777560853 3548 3693 3665 378 3579 3623 3623 3591 4063 4062 4062 4062 4062 4062 4062 4062
446 1777560853 3548 3692 3665 379 3578 3622 3623 3591 4061 4061 4060 4060 4060 4060 4060 4060
447 1777560853 3548 3693 3665 378 3579 3623 3623 3591 4063 4063 4062 4062 4062 4062 4062 4062
448 1777560853 3548 3692 3664 379 3578 3622 3623 3591 4061 4061 4061 4061 4061 4061 4061 4061
449 1777560853 3547 3691 3664 378 3578 3622 3622 3590 4063 4062 4062 4062 4062 4062 4062 4062
450 1777560853 3548 3693 3664 378 3579 3623 3623 3591 4061 4061 4060 4060 4060 4060 4060 4060
451 1777560853 3548 3692 3664 379 3579 3622 3623 3591 4061 4061 4061 4061 4061 4061 4061 4061
452 1777560853 3549 3693 3665 379 3579 3622 3622 3590 4063 4063 4062 4062 4062 4062 4062 4062
453 1777560853 3548 3692 3665 378 3579 3623 3623 3591 4061 4061 4061 4061 4061 4061 4061 4061
454 1777560853 3548 3693 3665 379 3578 3622 3623 3591 4061 4061 4061 4061 4061 4061 4061 4061
455 1777560853 3548 3693 3665 378 3579 3622 3623 3590 4061 4061 4061 4061 4061 4061 4061 4061
456 1777560853 3548 3692 3664 378 3579 3622 3623 3591 4061 4061 4060 4060 4060 4060 4060 4060
457 1777560853 3548 3693 3665 378 3579 3622 3624 3592 4061 4061 4061 4061 4061 4061 4061 4061
458 1777560853 3548 3692 3664 379 3579 3622 3623 3591 4061 4060 4060 4060 4060 4060 4060 4060
459 1777560853 3548 3693 3665 378 3580 3623 3624 3592 4061 4061 4060 4060 4060 4060 4060 4060
460 1777560853 3548 3692 3665 378 3579 3623 3623 3591 4061 4061 4061 4061 4061 4061 4061 4061
461 1777560853 3548 3692 3664 380 3579 3622 3623 3591 4061 4061 4060 4060 4060 4060 4060 4060
462 1777560853 3549 3694 3665 379 3578 3623 3624 3592 4061 4061 4060 4060 4060 4060 4060 4060
463 1777560853 3548 3693 3665 378 3579 3622 3623 3591 4061 4061 4061 4061 4061 4061 4061 4061
464 1777560853 3548 3693 3665 378 3580 3623 3624 3592 4061 4061 4060 4060 4060 4060 4060 4060
465 1777560853 3548 3692 3665 379 3579 3622 3623 3591 4061 4061 4061 4061 4061 4061 4061 4061
466 1777560853 3549 3693 3665 379 3579 3623 3623 3591 4059 4059 4059 4059 4059 4059 4059 4059
467 1777560853 3548 3693 3665 378 3578 3622 3622 3591 4061 4061 4060 4060 4060 4060 4060 4060
468 1777560853 3549 3693 3665 379 3579 3623 3623 3591 4061 4061 4060 4060 4060 4060 4060 4060
469 1777560853 3549 3693 3665 378 3579 3623 3624 3592 4063 4063 4062 4062 4062 4062 4062 4062
470 1777560853 3549 3693 3665 379 3578 3623 3623 3592 4063 4063 4062 4062 4062 4062 4062 4062
471 1777560853 3549 3694 3666 378 3580 3623 3624 3592 4061 4061 4061 4061 4061 4061 4061 4061
472 1777560853 3548 3693 3664 379 3578 3622 3623 3591 4061 4061 4060 4060 4060 4060 4060 4060
473 1777560853 3548 3692 3664 379 3579 3622 3623 3591 4061 4061 4061 4061 4061 4061 4061 4061
474 1777560853 3549 3693 3665 379 3579 3623 3624 3591 4061 4061 4060 4060 4060 4060 4060 4060
475 1777560853 3548 3692 3665 378 3579 3622 3623 3591 4061 4061 4060 4060 4060 4060 4060 4060
476 1777560853 3548 3693 3665 379 3578 3623 3623 3591 4061 4061 4060 4060 4060 4060 4060 4060
477 1777560853 3549 3693 3665 378 3579 3623 3623 3592 4061 4061 4061 4061 4061 4061 4061 4061
478 1777560853 3548 3692 3665 379 3579 3623 3623 3592 4061 4061 4061 4061 4061 4061 4061 4061
479 1777560853 3548 3693 3665 378 3580 3623 3623 3591 4061 4061 4060 4060 4060 4060 4060 4060
480 1777560853 3549 3693 3665 379 3580 3623 3624 3592 4061 4061 4061 4061 4061 4061 4061 4061
481 1777560853 3548 3693 3665 379 3579 3622 3624 3591 4059 4059 4058 4058 4058 4058 4058 4058
482 1777560853 3548 3693 3665 379 3578 3623 3623 3591 4061 4061 4061 4061 4061 4061 4061 4061
483 1777560853 3548 3693 3665 379 3579 3622 3623 3591 4061 4061 4060 4060 4060 4060 4060 4060
484 1777560853 3548 3693 3665 379 3579 3622 3622 3590 4061 4061 4061 4061 4061 4061 4061 4061
485 1777560853 3548 3693 3666 379 3579 3623 3623 3591 4061 4061 4061 4061 4061 4061 4061 4061
486 1777560853 3548 3692 3664 379 3578 3623 3623 3591 4061 4061 4061 4061 4061 4061 4061 4061
487 1777560853 3547 3692 3664 379 3578 3622 3623 3591 4061 4061 4061 4061 4061 4061 4061 4061
488 1777560853 3548 3693 3665 379 3579 3623 3623 3591 4061 4061 4061 4061 4061 4061 4061 4061
489 1777560853 3548 3693 3665 379 3579 3622 3624 3592 4061 4061 4061 4061 4061 4061 4061 4061
490 1777560853 3548 3693 3664 379 3579 3622 3623 3591 4061 4060 4060 4060 4060 4060 4060 4060
491 1777560853 3548 3693 3665 379 3579 3622 3623 3591 4063 4061 4061 4061 4061 4061 4061 4061
492 1777560853 3548 3693 3665 379 3579 3622 3623 3591 4061 4061 4060 4060 4060 4060 4060 4060
493 1777560853 3547 3692 3664 380 3578 3622 3622 3591 4061 4061 4060 4060 4060 4060 4060 4060
494 1777560853 3549 3693 3665 379 3578 3623 3623 3591 4061 4061 4061 4061 4061 4061 4061 4061
495 1777560853 3547 3692 3664 379 3577 3622 3623 3590 4061 4061 4061 4061 4061 4061 4061 4061
496 1777560853 3549 3694 3666 379 3580 3624 3624 3592 4061 4061 4060 4060 4060 4060 4060 4060
497 1777560853 3548 3692 3664 379 3578 3622 3623 3592 4061 4061 4061 4061 4061 4061 4061 4061
498 1777560853 3548 3693 3665 379 3579 3623 3623 3592 4061 4061 4060 4060 4060 4060 4060 4060
499 1777560853 3549 3694 3665 379 3580 3623 3624 3592 4061 4061 4061 4061 4061 4061 4061 4061
500 1777560854 3548 3693 3666 379 3580 3624 3624 3592 4061 4061 4061 4061 4061 4061 4061 4061
501 1777560854 3548 3692 3665 378 3579 3623 3623 3591 4061 4061 4060 4060 4060 4060 4060 4060
502 1777560854 3548 3692 3664 379 3578 3622 3623 3591 4061 4061 4060 4060 4060 4060 4060 4060
503 1777560854 3549 3693 3664 379 3579 3622 3623 3591 4063 4063 4062 4062 4062 4062 4062 4062
504 1777560854 3548 3693 3665 379 3579 3623 3623 3591 4061 4061 4061 4061 4061 4061 4061 4061
505 1777560854 3548 3693 3666 379 3580 3623 3623 3592 4061 4061 4060 4060 4060 4060 4060 4060
506 1777560854 3548 3693 3665 379 3578 3622 3623 3591 4061 4061 4061 4061 4061 4061 4061 4061
507 1777560854 3548 3694 3665 379 3579 3622 3623 3591 4061 4061 4060 4060 4060 4060 4060 4060
508 1777560854 3549 3694 3666 379 3580 3623 3624 3592 4061 4061 4061 4061 4061 4061 4061 4061
509 1777560854 3548 3693 3665 380 3579 3623 3624 3592 4061 4061 4061 4061 4061 4061 4061 4061
510 1777560854 3548 3693 3665 379 3578 3622 3623 3591 4061 4061 4060 4060 4060 4060 4060 4060
511 1777560854 3548 3693 3666 379 3579 3623 3624 3591 4061 4061 4060 4060 4060 4060 4060 4060
512 1777560854 3548 3693 3665 379 3579 3623 3623 3591 4061 4061 4061 4061 4061 4061 4061 4061
513 1777560854 3548 3693 3665 378 3579 3623 3623 3592 4061 4061 4061 4061 4061 4061 4061 4061
514 1777560854 3549 3693 3665 379 3580 3624 3624 3593 4061 4061 4061 4061 4061 4061 4061 4061
515 1777560854 3549 3693 3666 379 3579 3623 3624 3592 4061 4061 4060 4060 4060 4060 4060 4060
516 1777560854 3549 3693 3665 379 3579 3624 3624 3592 4061 4061 4060 4060 4060 4060 4060 4060
517 1777560854 3549 3693 3666 379 3580 3624 3624 3592 4059 4059 4059 4059 4059 4059 4059 4059
518 1777560854 3548 3693 3664 379 3578 3622 3623 3591 4061 4061 4060 4060 4060 4060 4060 4060
519 1777560854 3549 3693 3665 379 3579 3623 3623 3591 4061 4061 4061 4061 4061 4061 4061 4061
520 1777560854 3548 3693 3665 379 3579 3623 3623 3592 4061 4061 4060 4060 4060 4060 4060 4060
521 1777560854 3547 3691 3663 377 3578 3621 3621 3590 4061 4061 4060 4060 4060 4060 4060 4060
522 1777560854 3547 3692 3663 377 3578 3621 3622 3590 4061 4061 4061 4061 4061 4061 4061 4061
523 1777560854 3546 3691 3663 377 3577 3621 3622 3590 4061 4061 4061 4061 4061 4061 4061 4061
524 1777560862 3545 3690 3662 377 3575 3619 3620 3588 4061 4061 4061 4061 4061 4061 4061 4061
525 1777560862 3546 3691 3663 379 3577 3621 3621 3589 4063 4061 4061 4061 4061 4061 4061 4061
526 1777560862 3544 3689 3661 378 3575 3619 3619 3587 4061 4061 4060 4060 4060 4060 4060 4060
527 1777560862 3546 3691 3663 378 3576 3621 3621 3589 4061 4061 4060 4060 4060 4060 4060 4060
528 1777560862 3545 3690 3662 377 3575 3619 3620 3588 4061 4061 4061 4061 4061 4061 4061 4061
529 1777560862 3546 3690 3662 377 3577 3620 3621 3589 4063 4061 4061 4061 4061 4061 4061 4061
530 1777560862 3545 3690 3662 377 3576 3619 3620 3588 4061 4061 4061 4061 4061 4061 4061 4061
531 1777560862 3546 3690 3662 377 3576 3620 3620 3589 4061 4061 4061 4061 4061 4061 4061 4061
532 1777560862 3546 3690 3662 377 3576 3620 3620 3588 4061 4061 4060 4060 4060 4060 4060 4060
533 1777560862 3546 3691 3663 377 3576 3620 3621 3589 4061 4061 4061 4061 4061 4061 4061 4061
534 1777560862 3546 3690 3662 378 3577 3620 3621 3589 4061 4061 4061 4061 4061 4061 4061 4061
535 1777560862 3546 3691 3663 377 3576 3620 3620 3589 4061 4061 4061 4061 4061 4061 4061 4061
536 1777560862 3546 3691 3663 377 3577 3620 3621 3589 4061 4061 4060 4060 4060 4060 4060 4060
537 1777560862 3546 3691 3663 377 3577 3621 3621 3589 4061 4061 4061 4061 4061 4061 4061 4061
538 1777560862 3547 3692 3663 378 3577 3621 3622 3590 4061 4061 4061 4061 4061 4061 4061 4061
539 1777560862 3546 3691 3663 377 3578 3621 3622 3589 4061 4061 4061 4061 4061 4061 4061 4061
540 1777560862 3545 3690 3662 378 3576 3620 3620 3589 4059 4059 4059 4059 4059 4059 4059 4059
541 1777560862 3547 3691 3663 377 3577 3620 3621 3589 4061 4061 4061 4061 4061 4061 4061 4061
542 1777560862 3547 3691 3663 378 3577 3621 3622 3590 4061 4061 4060 4060 4060 4060 4060 4060
543 1777560862 3545 3690 3661 377 3576 3619 3620 3588 4063 4063 4062 4062 4062 4062 4062 4062
544 1777560862 3546 3691 3663 378 3577 3621 3622 3589 4063 4063 4062 4062 4062 4062 4062 4062
545 1777560862 3546 3690 3662 378 3577 3620 3621 3588 4061 4061 4060 4060 4060 4060 4060 4060
546 1777560862 3546 3690 3663 377 3577 3620 3621 3589 4063 4062 4062 4062 4062 4062 4062 4062
547 1777560862 3546 3690 3662 377 3576 3620 3620 3588 4063 4063 4062 4062 4062 4062 4062 4062
548 1777560862 3546 3690 3663 378 3577 3620 3621 3589 4061 4061 4060 4060 4060 4060 4060 4060
549 1777560862 3546 3691 3663 378 3577 3620 3621 3589 4061 4061 4061 4061 4061 4061 4061 4061
550 1777560862 3546 3690 3662 378 3576 3620 3620 3589 4061 4061 4061 4061 4061 4061 4061 4061
551 1777560862 3547 3691 3663 377 3578 3621 3621 3589 4061 4061 4060 4060 4060 4060 4060 4060
552 1777560862 3546 3690 3662 378 3576 3620 3621 3589 4061 4061 4060 4060 4060 4060 4060 4060
553 1777560862 3546 3691 3663 378 3577 3621 3621 3589 4063 4063 4062 4062 4062 4062 4062 4062
554 1777560862 3546 3691 3663 377 3577 3620 3621 3589 4061 4061 4060 4060 4060 4060 4060 4060
555 1777560862 3546 3691 3662 378 3576 3621 3621 3589 4061 4061 4060 4060 4060 4060 4060 4060
556 1777560862 3546 3690 3662 378 3576 3620 3621 3589 4061 4061 4061 4061 4061 4061 4061 4061
557 1777560862 3547 3691 3663 377 3578 3621 3622 3590 4061 4061 4061 4061 4061 4061 4061 4061
558 1777560862 3546 3690 3662 377 3577 3620 3621 3589 4061 4061 4061 4061 4061 4061 4061 4061
559 1777560862 3546 3691 3663 378 3576 3621 3621 3589 4061 4061 4061 4061 4061 4061 4061 4061
560 1777560862 3547 3692 3664 377 3578 3621 3622 3590 4061 4061 4060 4060 4060 4060 4060 4060
561 1777560862 3547 3691 3663 377 3578 3621 3622 3590 4061 4061 4060 4060 4060 4060 4060 4060
562 1777560862 3547 3691 3663 378 3577 3620 3621 3589 4061 4061 4061 4061 4061 4061 4061 4061
563 1777560862 3546 3690 3663 377 3576 3620 3621 3589 4061 4061 4061 4061 4061 4061 4061 4061
564 1777560862 3546 3691 3663 378 3577 3621 3621 3589 4061 4061 4061 4061 4061 4061 4061 4061
565 1777560862 3546 3691 3663 377 3578 3621 3621 3589 4061 4061 4061 4061 4061 4061 4061 4061
566 1777560862 3547 3691 3664 377 3577 3621 3622 3590 4061 4061 4061 4061 4061 4061 4061 4061
567 1777560862 3546 3690 3663 377 3576 3621 3622 3590 4061 4061 4061 4061 4061 4061 4061 4061
568 1777560862 3546 3691 3663 377 3578 3621 3622 3590 4061 4061 4061 4061 4061 4061 4061 4061
569 1777560862 3547 3691 3663 377 3578 3621 3622 3590 4061 4061 4060 4060 4060 4060 4060 4060
570 1777560862 3546 3690 3662 378 3577 3620 3621 3589 4061 4061 4061 4061 4061 4061 4061 4061
571 1777560862 3546 3691 3662 377 3577 3621 3621 3589 4061 4061 4061 4061 4061 4061 4061 4061
572 1777560863 3546 3691 3663 378 3577 3621 3622 3589 4061 4061 4060 4060 4060 4060 4060 4060
573 1777560863 3547 3691 3663 377 3578 3621 3622 3590 4061 4061 4060 4060 4060 4060 4060 4060
574 1777560863 3546 3691 3662 378 3577 3620 3621 3590 4061 4060 4060 4060 4060 4060 4060 4060
575 1777560863 3546 3691 3663 378 3576 3621 3621 3590 4061 4061 4061 4061 4061 4061 4061 4061
576 1777560863 3547 3691 3663 378 3577 3621 3621 3590 4063 4063 4062 4062 4062 4062 4062 4062
577 1777560863 3547 3692 3664 377 3577 3621 3622 3590 4061 4061 4060 4060 4060 4060 4060 4060
578 1777560863 3547 3691 3663 378 3577 3621 3621 3590 4063 4063 4062 4062 4062 4062 4062 4062
579 1777560863 3545 3690 3662 378 3576 3620 3621 3588 4061 4061 4061 4061 4061 4061 4061 4061
580 1777560863 3546 3690 3663 378 3577 3621 3621 3589 4061 4061 4061 4061 4061 4061 4061 4061
581 1777560863 3546 3691 3663 378 3578 3621 3621 3590 4061 4061 4061 4061 4061 4061 4061 4061
582 1777560863 3546 3690 3662 378 3577 3620 3621 3588 4061 4061 4060 4060 4060 4060 4060 4060
583 1777560863 3547 3691 3663 378 3577 3621 3621 3589 4062 4063 4062 4062 4062 4062 4062 4062
584 1777560863 3546 3691 3663 378 3577 3621 3622 3590 4059 4059 4059 4059 4059 4059 4059 4059
585 1777560863 3547 3691 3663 378 3577 3621 3622 3589 4061 4061 4061 4061 4061 4061 4061 4061
586 1777560863 3548 3692 3664 378 3578 3621 3622 3591 4061 4061 4061 4061 4061 4061 4061 4061
587 1777560863 3547 3692 3663 378 3578 3621 3622 3590 4061 4061 4061 4061 4061 4061 4061 4061
588 1777560863 3546 3690 3663 377 3577 3621 3621 3589 4061 4061 4060 4060 4060 4060 4060 4060
589 1777560863 3547 3691 3664 379 3577 3621 3621 3590 4061 4061 4060 4060 4060 4060 4060 4060
590 1777560863 3547 3691 3663 378 3577 3621 3622 3590 4061 4061 4061 4061 4061 4061 4061 4061
591 1777560863 3547 3692 3663 377 3576 3621 3622 3590 4061 4061 4060 4060 4060 4060 4060 4060
592 1777560863 3546 3691 3663 378 3577 3621 3622 3589 4063 4063 4062 4062 4062 4062 4062 4062
593 1777560863 3547 3691 3663 378 3578 3621 3622 3590 4063 4063 4062 4062 4062 4062 4062 4062
594 1777560863 3547 3692 3664 378 3578 3622 3622 3590 4061 4061 4061 4061 4061 4061 4061 4061
595 1777560863 3547 3690 3663 378 3577 3621 3621 3589 4061 4061 4061 4061 4061 4061 4061 4061
596 1777560863 3547 3691 3663 378 3577 3621 3621 3590 4061 4061 4061 4061 4061 4061 4061 4061
597 1777560863 3547 3691 3664 378 3578 3621 3622 3590 4061 4061 4061 4061 4061 4061 4061 4061
598 1777560863 3547 3691 3663 378 3577 3621 3621 3589 4061 4061 4060 4060 4060 4060 4060 4060
599 1777560863 3547 3692 3664 378 3578 3621 3622 3590 4061 4061 4061 4061 4061 4061 4061 4061
600 1777560863 3547 3692 3664 378 3578 3621 3622 3590 4061 4061 4060 4060 4060 4060 4060 4060
601 1777560863 3546 3690 3663 378 3577 3621 3621 3589 4061 4061 4061 4061 4061 4061 4061 4061
602 1777560863 3547 3691 3663 378 3577 3621 3622 3589 4057 4057 4056 4056 4056 4056 4056 4056
603 1777560863 3547 3691 3663 378 3578 3621 3622 3590 4063 4063 4062 4062 4062 4062 4062 4062
604 1777560863 3547 3691 3663 378 3577 3621 3621 3589 4061 4061 4061 4061 4061 4061 4061 4061
605 1777560863 3547 3691 3663 378 3578 3621 3622 3590 4063 4063 4062 4062 4062 4062 4062 4062
606 1777560863 3546 3691 3663 378 3577 3621 3621 3589 4061 4061 4061 4061 4061 4061 4061 4061
607 1777560863 3547 3691 3663 377 3578 3621 3622 3590 4061 4061 4061 4061 4061 4061 4061 4061
608 1777560871 3545 3690 3662 378 3576 3619 3619 3588 4063 4063 4062 4062 4062 4062 4062 4062
609 1777560871 3546 3691 3663 378 3577 3620 3621 3589 4061 4061 4061 4061 4061 4061 4061 4061
610 1777560871 3547 3691 3663 377 3577 3621 3621 3589 4061 4061 4061 4061 4061 4061 4061 4061
611 1777560871 3546 3691 3663 378 3577 3620 3621 3589 4063 4062 4062 4062 4062 4062 4062 4062
612 1777560871 3546 3691 3663 378 3577 3620 3621 3589 4061 4061 4060 4060 4060 4060 4060 4060
613 1777560871 3547 3691 3663 378 3577 3621 3621 3589 4061 4061 4060 4060 4060 4060 4060 4060
614 1777560871 3546 3691 3663 378 3577 3621 3621 3589 4061 4061 4061 4061 4061 4061 4061 4061
615 1777560871 3547 3690 3662 378 3577 3621 3621 3589 4061 4061 4061 4061 4061 4061 4061 4061
616 1777560871 3547 3691 3663 378 3577 3621 3621 3590 4061 4061 4061 4061 4061 4061 4061 4061
617 1777560871 344 3690 354 377 3578 3622 3622 3590 97 4060 4060 4060 4060 4060 4060 4060
618 1777560871 3547 3692 3664 378 3578 3622 3623 3590 4061 4061 4060 4060 4060 4060 4060 4060
619 1777560871 3546 3691 3663 378 3577 3621 3621 3589 4061 4061 4061 4061 4061 4061 4061 4061
620 1777560871 3548 3692 3664 379 3578 3621 3622 3591 4061 4061 4060 4060 4060 4060 4060 4060
621 1777560871 3547 3692 3664 378 3577 3622 3622 3590 4063 4061 4061 4061 4061 4061 4061 4061
622 1777560871 3546 3691 3663 377 3576 3621 3621 3589 4061 4061 4060 4060 4060 4060 4060 4060
623 1777560871 3547 3691 3663 378 3577 3621 3622 3590 4061 4061 4061 4061 4061 4061 4061 4061
624 1777560871 3547 3691 3663 378 3577 3620 3621 3589 4061 4061 4061 4061 4061 4061 4061 4061
625 1777560871 3547 3691 3663 378 3577 3621 3622 3590 4063 4063 4062 4062 4062 4062 4062 4062
626 1777560871 3547 3691 3663 378 3578 3622 3622 3590 4061 4061 4061 4061 4061 4061 4061 4061
627 1777560871 3546 3690 3663 378 3578 3621 3622 3590 4061 4061 4061 4061 4061 4061 4061 4061
628 1777560871 3548 3692 3664 378 3578 3622 3622 3590 4063 4063 4062 4062 4062 4062 4062 4062
629 1777560871 3547 3691 3664 378 3577 3621 3622 3590 4063 4063 4062 4062 4062 4062 4062 4062
630 1777560871 3546 3690 3663 378 3576 3620 3621 3589 4061 4061 4060 4060 4060 4060 4060 4060
631 1777560871 3547 3691 3664 378 3578 3622 3622 3590 4061 4061 4061 4061 4061 4061 4061 4061
632 1777560871 3547 3691 3664 378 3578 3622 3622 3591 4061 4061 4061 4061 4061 4061 4061 4061
633 1777560871 3547 3691 3663 378 3577 3622 3622 3589 4061 4061 4061 4061 4061 4061 4061 4061
634 1777560871 3547 3691 3663 378 3577 3621 3621 3589 4061 4061 4061 4061 4061 4061 4061 4061
635 1777560871 3548 3692 3664 378 3578 3622 3622 3591 4061 4061 4060 4060 4060 4060 4060 4060
636 1777560871 3548 3692 3664 378 3578 3622 3622 3590 4063 4062 4062 4062 4062 4062 4062 4062
637 1777560871 3547 3691 3664 378 3577 3622 3622 3590 4061 4061 4061 4061 4061 4061 4061 4061
638 1777560871 3548 3692 3664 378 3578 3621 3622 3590 4061 4061 4061 4061 4061 4061 4061 4061
639 1777560871 3547 3691 3664 379 3578 3621 3622 3590 4057 4057 4057 4057 4057 4057 4057 4057
640 1777560871 3549 3694 3666 378 3579 3623 3624 3592 4061 4061 4061 4061 4061 4061 4061 4061
641 1777560871 3547 3692 3664 378 3578 3622 3622 3590 4059 4059 4059 4059 4059 4059 4059 4059
642 1777560871 3547 3692 3664 378 3578 3622 3622 3591 4061 4061 4060 4060 4060 4060 4060 4060
643 1777560871 3547 3691 3664 378 3578 3621 3621 3590 4061 4061 4061 4061 4061 4061 4061 4061
644 1777560871 3546 3690 3663 379 3578 3621 3622 3590 4059 4059 4058 4058 4058 4058 4058 4058
645 1777560871 3547 3692 3664 378 3577 3622 3622 3590 4063 4063 4062 4062 4062 4062 4062 4062
646 1777560871 3548 3692 3664 378 3579 3622 3622 3590 4061 4061 4061 4061 4061 4061 4061 4061
647 1777560871 3546 3691 3663 378 3578 3621 3622 3590 4061 4061 4061 4061 4061 4061 4061 4061
648 1777560871 3546 3691 3663 378 3577 3621 3621 3589 4063 4063 4062 4062 4062 4062 4062 4062
649 1777560871 3547 3691 3664 378 3578 3622 3622 3591 4061 4061 4060 4060 4060 4060 4060 4060
650 1777560871 3547 3691 3664 378 3578 3621 3622 3590 4061 4061 4060 4060 4060 4060 4060 4060
651 1777560872 3547 3691 3664 380 3577 3621 3622 3589 4061 4061 4061 4061 4061 4061 4061 4061
652 1777560872 3548 3693 3665 379 3578 3622 3623 3591 4063 4063 4062 4062 4062 4062 4062 4062
653 1777560872 3546 3691 3664 378 3577 3621 3621 3590 4061 4061 4060 4060 4060 4060 4060 4060
654 1777560872 3546 3691 3663 378 3576 3621 3621 3590 4061 4061 4061 4061 4061 4061 4061 4061
655 1777560872 3547 3692 3664 378 3578 3621 3622 3589 4061 4060 4060 4060 4060 4060 4060 4060
656 1777560872 3547 3691 3663 378 3578 3621 3622 3590 4061 4061 4060 4060 4060 4060 4060 4060
657 1777560872 3547 3691 3663 378 3577 3620 3621 3590 4061 4061 4061 4061 4061 4061 4061 4061
658 1777560872 3547 3692 3664 378 3578 3622 3622 3590 4061 4061 4060 4060 4060 4060 4060 4060
659 1777560872 3547 3692 3664 378 3578 3622 3622 3591 4061 4061 4061 4061 4061 4061 4061 4061
660 1777560872 3548 3692 3664 379 3578 3621 3622 3590 4061 4061 4061 4061 4061 4061 4061 4061
661 1777560872 3547 3692 3664 378 3577 3621 3622 3590 4061 4061 4060 4060 4060 4060 4060 4060
662 1777560872 3547 3691 3664 378 3578 3621 3622 3590 4061 4061 4060 4060 4060 4060 4060 4060
663 1777560872 3547 3691 3664 379 3578 3622 3622 3590 4061 4061 4061 4061 4061 4061 4061 4061
664 1777560872 3548 3692 3664 379 3578 3622 3622 3591 4061 4061 4061 4061 4061 4061 4061 4061
665 1777560872 3547 3692 3664 378 3578 3622 3623 3591 4063 4063 4062 4062 4062 4062 4062 4062
666 1777560872 3547 3692 3664 378 3578 3622 3622 3590 4063 4063 4062 4062 4062 4062 4062 4062
667 1777560872 3547 3692 3664 378 3579 3621 3623 3590 4061 4061 4061 4061 4061 4061 4061 4061
668 1777560872 3548 3692 3664 379 3578 3622 3623 3591 4057 4057 4056 4056 4056 4056 4056 4056
669 1777560872 3548 3692 3664 378 3578 3622 3622 3590 4061 4061 4060 4060 4060 4060 4060 4060
670 1777560872 3548 3692 3664 378 3578 3622 3623 3591 4061 4061 4060 4060 4060 4060 4060 4060
671 1777560872 3549 3693 3665 378 3579 3622 3623 3591 4061 4061 4060 4060 4060 4060 4060 4060
672 1777560872 3547 3692 3663 378 3578 3622 3623 3590 4061 4061 4061 4061 4061 4061 4061 4061
673 1777560872 3546 3690 3663 378 3577 3621 3622 3590 4061 4061 4061 4061 4061 4061 4061 4061
674 1777560872 3547 3691 3663 378 3577 3621 3622 3590 4063 4061 4061 4061 4061 4061 4061 4061
675 1777560872 3548 3692 3664 379 3578 3622 3623 3591 4061 4061 4060 4060 4060 4060 4060 4060
676 1777560872 3548 3693 3664 379 3578 3622 3623 3591 4061 4061 4061 4061 4061 4061 4061 4061
677 1777560872 3547 3692 3664 378 3577 3621 3622 3590 4061 4061 4061 4061 4061 4061 4061 4061
678 1777560872 3547 3692 3664 378 3578 3622 3622 3590 4063 4063 4062 4062 4062 4062 4062 4062
679 1777560872 3547 3692 3664 378 3578 3621 3622 3590 4063 4063 4062 4062 4062 4062 4062 4062
680 1777560872 3548 3692 3665 378 3579 3623 3623 3591 4061 4061 4061 4061 4061 4061 4061 4061
681 1777560872 3547 3692 3664 379 3578 3621 3622 3590 4061 4061 4061 4061 4061 4061 4061 4061
682 1777560872 3548 3692 3664 379 3579 3622 3623 3591 4059 4059 4059 4059 4059 4059 4059 4059
683 1777560872 3547 3692 3664 378 3578 3622 3622 3590 4063 4063 4062 4062 4062 4062 4062 4062
684 1777560872 3547 3692 3665 379 3578 3623 3623 3591 4061 4061 4060 4060 4060 4060 4060 4060
685 1777560872 3548 3692 3664 379 3577 3622 3622 3590 4061 4061 4060 4060 4060 4060 4060 4060
686 1777560872 3548 3693 3665 378 3579 3622 3623 3591 4061 4061 4061 4061 4061 4061 4061 4061
687 1777560872 3548 3692 3665 378 3579 3622 3623 3591 4063 4063 4062 4062 4062 4062 4062 4062
688 1777560872 3549 3693 3664 379 3579 3623 3623 3591 4062 4063 4062 4062 4062 4062 4062 4062
689 1777560872 3547 3691 3663 378 3577 3621 3621 3589 4061 4061 4061 4061 4061 4061 4061 4061
690 1777560872 3547 3692 3664 379 3578 3622 3622 3591 4061 4061 4061 4061 4061 4061 4061 4061
691 1777560872 3547 3692 3664 379 3578 3621 3622 3591 4061 4061 4060 4060 4060 4060 4060 4060
692 1777560872 3547 3692 3664 378 3578 3622 3622 3590 4061 4061 4061 4061 4061 4061 4061 4061
693 1777560872 3548 3692 3666 378 3579 3622 3623 3591 4061 4061 4061 4061 4061 4061 4061 4061
694 1777560872 3548 3693 3665 379 3579 3622 3623 3592 4061 4061 4061 4061 4061 4061 4061 4061
695 1777560872 3547 3692 3664 378 3579 3622 3623 3591 4061 4061 4060 4060 4060 4060 4060 4060
696 1777560872 3548 3692 3664 378 3578 3622 3623 3590 4063 4063 4062 4062 4062 4062 4062 4062
697 1777560872 3548 3692 3665 378 3579 3622 3623 3591 4061 4061 4061 4061 4061 4061 4061 4061
698 1777560872 3548 3693 3665 379 3579 3622 3623 3591 4063 4063 4062 4062 4062 4062 4062 4062
699 1777560872 3548 3692 3664 378 3578 3622 3622 3590 4061 4061 4061 4061 4061 4061 4061 4061
700 1777560872 3548 3693 3665 379 3578 3622 3623 3591 4063 4061 4061 4061 4061 4061 4061 4061
701 1777560872 3547 3692 3664 378 3577 3621 3622 3590 4063 4062 4062 4062 4062 4062 4062 4062
702 1777560872 3548 3693 3665 378 3579 3621 3622 3590 4061 4061 4060 4060 4060 4060 4060 4060
703 1777560872 3547 3692 3664 378 3578 3622 3622 3590 4061 4061 4061 4061 4061 4061 4061 4061
704 1777560872 3549 3693 3666 379 3580 3623 3624 3591 4063 4063 4062 4062 4062 4062 4062 4062
705 1777560872 3548 3693 3665 379 3579 3622 3623 3591 4061 4061 4060 4060 4060 4060 4060 4060
706 1777560872 3547 3692 3664 378 3578 3622 3622 3590 4063 4063 4062 4062 4062 4062 4062 4062
707 1777560872 3548 3692 3664 378 3579 3623 3623 3591 4061 4061 4060 4060 4060 4060 4060 4060
708 1777560872 3548 3692 3664 379 3579 3623 3623 3591 4061 4061 4060 4060 4060 4060 4060 4060
709 1777560872 3547 3692 3664 378 3579 3622 3623 3591 4061 4061 4060 4060 4060 4060 4060 4060
710 1777560872 3548 3693 3664 379 3578 3622 3623 3591 4061 4061 4061 4061 4061 4061 4061 4061
711 1777560872 3548 3692 3665 379 3578 3622 3623 3591 4061 4061 4061 4061 4061 4061 4061 4061
712 1777560872 3547 3692 3664 379 3578 3622 3623 3591 4061 4061 4061 4061 4061 4061 4061 4061
713 1777560872 3547 3692 3663 379 3577 3621 3622 3590 4061 4061 4061 4061 4061 4061 4061 4061
714 1777560872 3548 3692 3664 379 3578 3622 3622 3590 4061 4061 4060 4060 4060 4060 4060 4060
715 1777560872 3548 3693 3665 380 3579 3623 3623 3591 4061 4061 4061 4061 4061 4061 4061 4061
716 1777560872 3548 3692 3664 379 3578 3622 3623 3591 4061 4061 4061 4061 4061 4061 4061 4061
717 1777560872 3548 3692 3665 379 3577 3623 3623 3591 4061 4061 4061 4061 4061 4061 4061 4061
718 1777560872 3548 3692 3665 379 3578 3622 3622 3591 4063 4063 4062 4062 4062 4062 4062 4062
719 1777560872 3549 3694 3665 379 3580 3624 3624 3592 4061 4061 4061 4061 4061 4061 4061 4061
720 1777560872 3548 3693 3665 379 3578 3622 3622 3591 4061 4061 4060 4060 4060 4060 4060 4060
721 1777560872 3547 3691 3663 379 3578 3622 3622 3590 4061 4061 4060 4060 4060 4060 4060 4060
722 1777560873 3547 3692 3664 379 3578 3622 3623 3590 4063 4061 4061 4061 4061 4061 4061 4061
723 1777560873 3548 3692 3664 379 3578 3622 3622 3591 4061 4061 4061 4061 4061 4061 4061 4061
724 1777560873 3547 3692 3664 379 3578 3622 3623 3591 4061 4061 4061 4061 4061 4061 4061 4061
725 1777560873 3547 3691 3664 379 3578 3622 3622 3591 4063 4062 4062 4062 4062 4062 4062 4062
726 1777560873 3548 3692 3664 379 3579 3622 3623 3591 4061 4061 4061 4061 4061 4061 4061 4061
727 1777560873 3548 3692 3664 379 3578 3622 3623 3591 4061 4061 4060 4060 4060 4060 4060 4060
728 1777560873 3547 3692 3663 379 3578 3622 3623 3590 4061 4061 4060 4060 4060 4060 4060 4060
729 1777560873 3548 3692 3664 379 3578 3622 3623 3591 4061 4061 4060 4060 4060 4060 4060 4060
730 1777560873 3548 3693 3665 379 3580 3623 3623 3591 4061 4061 4061 4061 4061 4061 4061 4061
731 1777560873 3548 3692 3664 379 3578 3622 3623 3591 4061 4061 4061 4061 4061 4061 4061 4061
732 1777560873 3548 3692 3665 379 3578 3623 3623 3591 4059 4059 4059 4059 4059 4059 4059 4059
733 1777560873 3548 3692 3664 378 3577 3622 3623 3591 4061 4061 4060 4060 4060 4060 4060 4060
734 1777560873 3548 3692 3665 379 3579 3623 3623 3591 4061 4061 4060 4060 4060 4060 4060 4060
735 1777560873 3547 3692 3664 379 3579 3622 3623 3590 4061 4061 4060 4060 4060 4060 4060 4060
736 1777560873 3548 3692 3664 379 3578 3622 3623 3591 4061 4061 4061 4061 4061 4061 4061 4061
737 1777560873 3549 3693 3666 378 3579 3623 3624 1857 4063 4063 4062 4062 4062 4062 4062 4062
738 1777560881 3546 3690 3662 379 3577 3620 3621 3589 4061 4061 4060 4060 4060 4060 4060 4060
739 1777560881 3547 3691 3663 379 3578 3622 3622 3590 4061 4061 4060 4060 4060 4060 4060 4060
740 1777560881 3547 3691 3663 379 3578 3621 3622 3590 4061 4061 4060 4060 4060 4060 4060 4060
741 1777560881 3547 3691 3664 379 3578 3622 3623 3590 4061 4061 4061 4061 4061 4061 4061 4061
742 1777560881 3547 3692 3664 379 3578 3621 3621 3590 4061 4061 4061 4061 4061 4061 4061 4061
743 1777560881 3547 3691 3663 379 3578 3621 3621 3590 4061 4061 4061 4061 4061 4061 4061 4061
744 1777560881 3546 3690 3662 379 3576 3620 3621 3589 4061 4061 4061 4061 4061 4061 4061 4061
745 1777560881 3547 3692 3664 379 3578 3622 3622 3590 4061 4061 4061 4061 4061 4061 4061 4061
746 1777560881 3547 3691 3664 379 3578 3621 3621 3590 4061 4061 4060 4060 4060 4060 4060 4060
747 1777560881 3547 3692 3664 379 3578 3623 3623 3591 4063 4063 4062 4062 4062 4062 4062 4062
748 1777560881 3547 3692 3664 378 3577 3622 3622 3590 4061 4061 4060 4060 4060 4060 4060 4060
749 1777560881 3547 3692 3663 379 3578 3621 3622 3590 4063 4061 4061 4061 4061 4061 4061 4061
750 1777560881 3547 3692 3664 379 3579 3622 3623 3590 4061 4061 4060 4060 4060 4060 4060 4060
751 1777560881 3548 3692 3664 378 3578 3622 3622 3591 4061 4061 4061 4061 4061 4061 4061 4061
752 1777560881 3548 3692 3664 379 3578 3621 3622 3590 4063 4063 4062 4062 4062 4062 4062 4062
753 1777560881 3548 3693 3664 379 3578 3622 3622 3591 4061 4061 4060 4060 4060 4060 4060 4060
754 1777560881 3547 3692 3664 379 3579 3622 3623 3591 4061 4061 4061 4061 4061 4061 4061 4061
755 1777560881 3548 3692 3665 379 3579 3622 3623 3591 4061 4061 4061 4061 4061 4061 4061 4061
756 1777560881 3548 3693 3664 379 3579 3622 3623 3591 4061 4061 4061 4061 4061 4061 4061 4061
757 1777560881 3547 3692 3664 379 3579 3622 3622 3590 4061 4061 4061 4061 4061 4061 4061 4061
758 1777560881 3548 3692 3664 378 3579 3622 3622 3591 4061 4061 4061 4061 4061 4061 4061 4061
759 1777560881 3548 3692 3664 379 3578 3623 3623 3591 4061 4061 4060 4060 4060 4060 4060 4060
760 1777560881 3547 3692 3664 379 3579 3622 3623 3591 4063 4062 4062 4062 4062 4062 4062 4062
761 1777560881 3547 3692 3664 379 3579 3622 3623 3591 4061 4061 4060 4060 4060 4060 4060 4060
762 1777560881 3548 3693 3665 379 3578 3623 3623 3591 4061 4061 4061 4061 4061 4061 4061 4061
763 1777560881 3548 3693 3665 379 3579 3622 3623 3591 4061 4061 4061 4061 4061 4061 4061 4061
764 1777560881 3547 3692 3664 379 3577 3622 3622 3590 4061 4061 4061 4061 4061 4061 4061 4061
765 1777560881 3548 3692 3664 379 3578 3622 3623 3591 4063 4063 4062 4062 4062 4062 4062 4062
766 1777560881 3548 3692 3665 379 3578 3622 3623 3591 4061 4061 4060 4060 4060 4060 4060 4060
767 1777560881 3548 3693 3664 380 3579 3623 3623 3591 4061 4061 4060 4060 4060 4060 4060 4060
768 1777560881 3548 3693 3665 379 3578 3622 3622 3590 4061 4061 4061 4061 4061 4061 4061 4061
769 1777560881 3547 3692 3664 379 3579 3622 3622 3591 4061 4061 4061 4061 4061 4061 4061 4061
770 1777560881 3547 3692 3664 378 3579 3622 3623 3591 4061 4061 4061 4061 4061 4061 4061 4061
771 1777560881 3548 3693 3665 379 3579 3623 3623 3591 4061 4061 4061 4061 4061 4061 4061 4061
772 1777560881 3549 3693 3665 379 3579 3622 3623 3591 4061 4061 4061 4061 4061 4061 4061 4061
773 1777560881 3548 3692 3665 379 3579 3623 3624 3591 4063 4063 4062 4062 4062 4062 4062 4062
774 1777560881 3547 3692 3664 377 3579 3622 3622 3590 4061 4061 4061 4061 4061 4061 4061 4061
775 1777560881 3546 3690 3662 377 3577 3620 3621 3589 4061 4060 4060 4060 4060 4060 4060 4060
776 1777560881 3545 3690 3662 377 3576 3620 3620 3588 4061 4061 4061 4061 4061 4061 4061 4061
777 1777560881 3546 3690 3662 377 3577 3620 3621 3589 4059 4059 4059 4059 4059 4059 4059 4059
778 1777560881 3546 3691 3663 377 3577 3621 3622 3590 4061 4060 4060 4060 4060 4060 4060 4060
779 1777560881 3546 3691 3663 379 3577 3621 3621 3589 4061 4061 4061 4061 4061 4061 4061 4061
780 1777560881 3546 3690 3662 378 3577 3620 3621 3589 4061 4061 4060 4060 4060 4060 4060 4060
781 1777560881 3546 3691 3663 377 3576 3620 3620 3589 4063 4061 4061 4061 4061 4061 4061 4061
782 1777560881 3547 3691 3663 377 3577 3621 3621 3589 4061 4061 4061 4061 4061 4061 4061 4061
783 1777560881 3546 3690 3663 377 3577 3620 3621 3590 4061 4061 4060 4060 4060 4060 4060 4060
784 1777560881 3547 3692 3664 378 3578 3622 3622 3590 4063 4061 4061 4061 4061 4061 4061 4061
785 1777560881 3546 3690 3662 377 3576 3620 3621 3589 4061 4061 4061 4061 4061 4061 4061 4061
786 1777560881 3547 3691 3663 378 3578 3621 3622 3590 4061 4061 4061 4061 4061 4061 4061 4061
787 1777560881 3545 3690 3662 377 3576 3620 3620 3589 4063 4061 4061 4061 4061 4061 4061 4061
788 1777560881 3546 3691 3664 378 3577 3621 3622 3590 4061 4061 4060 4060 4060 4060 4060 4060
789 1777560881 3546 3691 3663 377 3576 3620 3621 3589 4061 4061 4061 4061 4061 4061 4061 4061
790 1777560881 3547 3691 3663 377 3577 3621 3622 3590 4061 4061 4061 4061 4061 4061 4061 4061
791 1777560881 3546 3691 3663 378 3578 3621 3621 3589 4061 4060 4060 4060 4060 4060 4060 4060
792 1777560881 3546 3690 3663 378 3577 3621 3621 3589 4061 4061 4061 4061 4061 4061 4061 4061
793 1777560881 3546 3690 3662 377 3576 3620 3621 3589 4061 4061 4061 4061 4061 4061 4061 4061
794 1777560881 3547 3691 3663 377 3577 3621 3622 3590 4061 4061 4060 4060 4060 4060 4060 4060
795 1777560881 3547 3692 3663 378 3577 3621 3622 3589 4061 4061 4061 4061 4061 4061 4061 4061
796 1777560881 3545 3690 3662 378 3576 3620 3621 3589 4061 4061 4061 4061 4061 4061 4061 4061
797 1777560881 3547 3691 3663 377 3576 3621 3621 3589 4061 4061 4061 4061 4061 4061 4061 4061
798 1777560881 3547 3691 3664 377 3578 3621 3622 3590 4061 4061 4061 4061 4061 4061 4061 4061
799 1777560881 282 294 282 376 288 3621 3623 3591 86 4060 4060 4060 4060 4060 4060 4060
800 1777560881 3546 3690 3663 378 3577 3620 3621 3589 4059 4059 4059 4059 4059 4059 4059 4059
801 1777560881 3546 3691 3663 377 3577 3621 3622 3590 4061 4061 4061 4061 4061 4061 4061 4061
802 1777560881 3546 3690 3663 377 3577 3620 3621 3589 4061 4061 4060 4060 4060 4060 4060 4060
803 1777560881 3546 3691 3662 378 3576 3620 3620 3589 4061 4061 4061 4061 4061 4061 4061 4061
804 1777560881 3546 3690 3662 378 3577 3621 3621 3589 4061 4061 4061 4061 4061 4061 4061 4061
805 1777560881 3546 3690 3662 377 3576 3620 3620 3588 4061 4061 4061 4061 4061 4061 4061 4061
806 1777560881 3546 3690 3663 377 3577 3620 3621 3589 4061 4061 4060 4060 4060 4060 4060 4060
807 1777560881 3546 3691 3663 377 3577 3621 3622 3590 4061 4061 4061 4061 4061 4061 4061 4061
808 1777560882 3547 3692 3664 378 3577 3621 3621 3589 4059 4059 4059 4059 4059 4059 4059 4059
809 1777560882 3546 3690 3662 377 3577 3621 3621 3589 4061 4061 4060 4060 4060 4060 4060 4060
810 1777560882 3545 3690 3662 378 3577 3620 3621 3589 4061 4061 4060 4060 4060 4060 4060 4060
811 1777560882 3546 3690 3662 379 3576 3620 3620 3589 4061 4060 4060 4060 4060 4060 4060 4060
812 1777560882 3547 3691 3663 378 3577 3621 3622 3590 4061 4061 4061 4061 4061 4061 4061 4061
813 1777560882 3547 3691 3663 377 3576 3621 3622 3590 4059 4059 4059 4059 4059 4059 4059 4059
814 1777560882 3547 3691 3663 378 3577 3621 3621 3589 4061 4061 4061 4061 4061 4061 4061 4061
815 1777560882 3547 3691 3663 378 3577 3621 3621 3589 4061 4061 4061 4061 4061 4061 4061 4061
816 1777560882 3547 3691 3663 378 3577 3620 3621 3589 4061 4061 4060 4060 4060 4060 4060 4060
817 1777560882 3546 3691 3663 377 3577 3621 3621 3589 4061 4061 4060 4060 4060 4060 4060 4060
818 1777560882 3547 3691 3663 378 3578 3621 3622 3590 4061 4061 4061 4061 4061 4061 4061 4061
819 1777560882 3545 3690 3662 378 3576 3620 3620 3588 4061 4061 4060 4060 4060 4060 4060 4060
820 1777560882 3547 3691 3663 378 3577 3621 3622 3590 4061 4061 4060 4060 4060 4060 4060 4060
821 1777560882 3546 3690 3663 378 3576 3621 3621 3589 4061 4061 4060 4060 4060 4060 4060 4060
822 1777560882 3546 3691 3663 377 3577 3621 3622 3590 4061 4061 4060 4060 4060 4060 4060 4060
823 1777560882 3547 3692 3664 377 3578 3621 3622 3590 4061 4061 4060 4060 4060 4060 4060 4060
824 1777560882 3547 3691 3663 377 3578 3621 3622 3590 4061 4061 4060 4060 4060 4060 4060 4060
825 1777560882 3547 3692 3664 377 3578 3621 3622 3590 4061 4061 4061 4061 4061 4061 4061 4061
826 1777560882 3547 3691 3663 378 3577 3621 3622 3590 4061 4061 4061 4061 4061 4061 4061 4061
827 1777560882 3546 3690 3663 378 3577 3621 3622 3590 4061 4061 4060 4060 4060 4060 4060 4060
828 1777560882 3546 3691 3663 378 3577 3621 3622 3590 4061 4061 4061 4061 4061 4061 4061 4061
829 1777560882 3546 3690 3662 377 3576 3621 3621 3589 4061 4061 4061 4061 4061 4061 4061 4061
830 1777560882 3546 3691 3663 378 3577 3621 3622 3590 4061 4061 4061 4061 4061 4061 4061 4061
831 1777560882 3546 3690 3663 378 3577 3621 3622 3589 4061 4061 4061 4061 4061 4061 4061 4061
832 1777560882 3547 3692 3664 378 3578 3622 3622 3590 4061 4061 4061 4061 4061 4061 4061 4061
833 1777560882 3547 3692 3664 378 3578 3622 3622 3590 4061 4061 4061 4061 4061 4061 4061 4061
834 1777560882 3547 3691 3663 378 3577 3621 3621 3589 4061 4061 4061 4061 4061 4061 4061 4061
835 1777560882 3546 3691 3663 377 3577 3621 3621 3589 4061 4061 4061 4061 4061 4061 4061 4061
836 1777560882 3546 3690 3662 378 3577 3620 3620 3589 4061 4061 4061 4061 4061 4061 4061 4061
837 1777560882 3546 3691 3663 378 3577 3621 3621 3589 4061 4061 4060 4060 4060 4060 4060 4060
838 1777560882 3547 3691 3663 377 3578 3621 3621 3590 4061 4061 4061 4061 4061 4061 4061 4061
839 1777560882 3548 3692 3664 377 3578 3622 3622 3590 4061 4061 4061 4061 4061 4061 4061 4061
840 1777560882 3547 3691 3664 378 3577 3621 3622 3590 4061 4061 4061 4061 4061 4061 4061 4061
841 1777560882 3547 3692 3664 377 3578 3621 3622 3589 4061 4061 4061 4061 4061 4061 4061 4061
842 1777560882 3548 3693 3665 378 3579 3623 3624 1656 4059 4059 4059 4059 4059 4059 4059 4059
843 1777560882 3547 3692 3664 379 3578 3621 3622 3591 4063 4061 4061 4061 4061 4061 4061 4061
844 1777560882 3546 3691 3663 378 3577 3620 3621 3589 4061 4061 4061 4061 4061 4061 4061 4061
845 1777560882 3546 3690 3663 378 3576 3620 3621 3589 4061 4061 4060 4060 4060 4060 4060 4060
846 1777560882 3547 3691 3664 378 3577 3621 3622 3589 4061 4061 4061 4061 4061 4061 4061 4061
847 1777560882 3547 3692 3664 378 3578 3622 3622 3590 4061 4061 4061 4061 4061 4061 4061 4061
848 1777560882 3546 3691 3663 378 3577 3621 3622 3589 4061 4061 4061 4061 4061 4061 4061 4061
849 1777560882 3547 3691 3663 378 3578 3622 3622 3590 4061 4061 4061 4061 4061 4061 4061 4061
850 1777560882 3546 3690 3663 378 3577 3620 3622 3589 4063 4061 4061 4061 4061 4061 4061 4061
851 1777560882 3547 3691 3663 378 3578 3622 3622 3590 4061 4061 4060 4060 4060 4060 4060 4060
852 1777560882 3547 3692 3663 378 3577 3622 3622 3590 4061 4061 4061 4061 4061 4061 4061 4061
853 1777560882 3545 3690 3662 378 3576 3619 3620 3589 4061 4061 4061 4061 4061 4061 4061 4061
854 1777560882 3546 3691 3663 377 3577 3621 3622 3590 4061 4061 4061 4061 4061 4061 4061 4061
855 1777560882 3549 3693 3665 378 3578 3622 3623 3591 4061 4061 4061 4061 4061 4061 4061 4061
856 1777560882 3547 3692 3664 378 3579 3622 3622 3590 4061 4061 4060 4060 4060 4060 4060 4060
857 1777560882 3547 3691 3663 378 3577 3621 3622 3590 4061 4061 4061 4061 4061 4061 4061 4061
858 1777560882 3547 3692 3664 378 3578 3621 3622 3590 4063 4063 4062 4062 4062 4062 4062 4062
859 1777560882 3547 3691 3664 377 3578 3621 3622 3590 4061 4061 4061 4061 4061 4061 4061 4061
860 1777560882 3547 3691 3663 378 3577 3621 3622 3589 4061 4061 4061 4061 4061 4061 4061 4061
861 1777560882 3547 3691 3663 377 3578 3621 3622 3590 4061 4061 4061 4061 4061 4061 4061 4061
862 1777560882 3546 3690 3663 378 3577 3620 3621 3589 4061 4061 4061 4061 4061 4061 4061 4061
863 1777560882 3547 3692 3664 378 3578 3622 3622 3590 4063 4063 4062 4062 4062 4062 4062 4062
864 1777560882 3547 3692 3664 378 3578 3622 3622 3590 4061 4061 4060 4060 4060 4060 4060 4060
865 1777560882 3548 3693 3665 378 3578 3622 3622 3591 4061 4061 4061 4061 4061 4061 4061 4061
866 1777560882 3547 3692 3664 378 3578 3621 3622 3590 4061 4061 4060 4060 4060 4060 4060 4060
867 1777560882 3547 3692 3664 378 3578 3622 3622 3590 4061 4061 4060 4060 4060 4060 4060 4060
868 1777560882 3547 3692 3664 378 3577 3621 3622 3589 4063 4063 4062 4062 4062 4062 4062 4062
869 1777560882 3547 3691 3663 378 3577 3621 3621 3589 4061 4061 4061 4061 4061 4061 4061 4061
870 1777560882 3547 3691 3664 378 3577 3622 3622 3590 4061 4061 4061 4061 4061 4061 4061 4061
871 1777560882 3547 3691 3663 379 3577 3621 3621 3590 4061 4061 4061 4061 4061 4061 4061 4061
872 1777560882 3546 3691 3663 378 3577 3620 3621 3589 4061 4061 4061 4061 4061 4061 4061 4061
873 1777560882 3549 3693 3665 378 3579 3623 3623 3591 4061 4061 4061 4061 4061 4061 4061 4061
874 1777560882 3547 3692 3664 378 3578 3621 3621 3590 4061 4061 4060 4060 4060 4060 4060 4060
875 1777560882 3547 3692 3663 379 3578 3621 3622 3590 4061 4061 4060 4060 4060 4060 4060 4060
876 1777560882 3547 3692 3664 378 3577 3622 3622 3590 4061 4061 4061 4061 4061 4061 4061 4061
877 1777560882 3548 3692 3664 378 3578 3622 3622 3590 4061 4061 4061 4061 4061 4061 4061 4061
878 1777560882 3547 3692 3664 378 3577 3621 3622 3590 4061 4060 4060 4060 4060 4060 4060 4060
879 1777560882 3547 3692 3664 378 3578 3622 3623 3591 4061 4061 4061 4061 4061 4061 4061 4061
880 1777560882 3547 3691 3663 378 3577 3621 3622 3590 4061 4061 4060 4060 4060 4060 4060 4060
881 1777560882 3547 3691 3663 378 3578 3621 3622 3590 4061 4061 4060 4060 4060 4060 4060 4060
882 1777560882 3547 3692 3664 378 3578 3622 3622 3590 4061 4061 4060 4060 4060 4060 4060 4060
883 1777560882 3547 3691 3663 379 3578 3621 3621 3590 4063 4062 4062 4062 4062 4062 4062 4062
884 1777560882 3547 3692 3664 378 3577 3622 3622 3590 4061 4061 4061 4061 4061 4061 4061 4061
885 1777560882 3546 3692 3663 378 3578 3621 3621 3590 4061 4061 4061 4061 4061 4061 4061 4061
886 1777560882 3547 3692 3664 377 3578 3621 3622 3590 4061 4061 4060 4060 4060 4060 4060 4060
887 1777560882 3547 3691 3663 378 3578 3621 3622 3590 4061 4060 4060 4060 4060 4060 4060 4060
888 1777560882 3547 3692 3664 378 3578 3622 3623 3591 4061 4061 4060 4060 4060 4060 4060 4060
889 1777560882 3547 3692 3664 378 3578 3622 3622 3590 4061 4061 4061 4061 4061 4061 4061 4061
890 1777560882 3547 3692 3664 377 3578 3621 3622 3590 4061 4061 4061 4061 4061 4061 4061 4061
891 1777560882 3547 3691 3663 379 3578 3621 3622 3590 4061 4061 4061 4061 4061 4061 4061 4061
892 1777560882 3548 3692 3664 378 3578 3622 3623 3591 4061 4061 4061 4061 4061 4061 4061 4061
893 1777560882 3548 3692 3664 378 3578 3621 3622 3590 4061 4061 4060 4060 4060 4060 4060 4060
894 1777560883 3547 3691 3663 378 3577 3621 3622 3590 4061 4061 4061 4061 4061 4061 4061 4061
895 1777560883 3547 3692 3664 378 3578 3621 3622 3590 4063 4063 4062 4062 4062 4062 4062 4062
896 1777560883 3547 3692 3664 378 3577 3621 3622 3590 4061 4061 4061 4061 4061 4061 4061 4061
897 1777560883 3548 3692 3665 378 3579 3622 3623 3591 4063 4063 4062 4062 4062 4062 4062 4062
898 1777560883 3546 3691 3663 378 3578 3621 3621 3590 4061 4061 4061 4061 4061 4061 4061 4061
899 1777560883 3547 3692 3664 378 3578 3622 3622 3590 4061 4061 4061 4061 4061 4061 4061 4061
900 1777560883 3548 3693 3665 378 3579 3622 3623 3591 4061 4061 4061 4061 4061 4061 4061 4061
901 1777560883 3547 3692 3664 378 3578 3621 3622 3590 4061 4061 4060 4060 4060 4060 4060 4060
902 1777560883 3548 3692 3664 378 3579 3622 3623 3591 4061 4061 4060 4060 4060 4060 4060 4060
903 1777560883 3546 3691 3663 378 3577 3621 3621 3589 4061 4060 4060 4060 4060 4060 4060 4060
904 1777560883 3547 3691 3663 378 3577 3621 3621 3589 4063 4062 4062 4062 4062 4062 4062 4062
905 1777560883 3547 3692 3663 381 3577 3621 3621 3589 4061 4061 4061 4061 4061 4061 4061 4061
906 1777560883 3548 3692 3664 380 3579 3622 3623 3591 4061 4061 4060 4060 4060 4060 4060 4060
907 1777560883 3547 3692 3664 379 3578 3622 3623 3591 4061 4061 4060 4060 4060 4060 4060 4060
908 1777560883 3548 3693 3665 378 3577 3623 3623 3592 4061 4061 4061 4061 4061 4061 4061 4061
909 1777560883 3548 3692 3664 378 3576 3622 3622 3590 4061 4061 4061 4061 4061 4061 4061 4061
910 1777560883 3547 3691 3663 378 3577 3621 3622 3589 4061 4061 4061 4061 4061 4061 4061 4061
911 1777560883 3547 3692 3664 378 3578 3622 3623 3591 4061 4061 4060 4060 4060 4060 4060 4060
912 1777560883 3547 3691 3664 378 3577 3621 3622 3590 4061 4061 4061 4061 4061 4061 4061 4061
913 1777560883 3547 3692 3664 378 3578 3622 3622 3590 4063 4063 4062 4062 4062 4062 4062 4062
914 1777560883 3547 3692 3664 378 3578 3622 3622 3591 4061 4061 4060 4060 4060 4060 4060 4060
915 1777560883 3547 3692 3663 379 3578 3622 3622 3590 4061 4061 4060 4060 4060 4060 4060 4060
916 1777560883 3548 3692 3665 378 3579 3623 3623 3590 4061 4061 4061 4061 4061 4061 4061 4061
917 1777560883 3548 3693 3665 378 3578 3623 3623 3591 4063 4063 4062 4062 4062 4062 4062 4062
918 1777560883 3547 3691 3663 379 3577 3622 3622 3590 4061 4061 4060 4060 4060 4060 4060 4060
919 1777560883 3548 3693 3665 379 3579 3622 3623 3591 4063 4061 4061 4061 4061 4061 4061 4061
920 1777560883 3548 3692 3665 378 3579 3622 3623 3591 4061 4061 4060 4060 4060 4060 4060 4060
921 1777560883 3548 3693 3664 378 3578 3621 3622 3590 4061 4061 4061 4061 4061 4061 4061 4061
922 1777560883 3548 3692 3664 378 3579 3623 3623 3591 4061 4061 4060 4060 4060 4060 4060 4060
923 1777560883 3548 3693 3665 378 3578 3622 3623 3591 4061 4061 4061 4061 4061 4061 4061 4061
924 1777560883 3549 3693 3665 378 3579 3622 3623 3591 4061 4061 4060 4060 4060 4060 4060 4060
925 1777560883 3548 3692 3665 379 3579 3622 3623 3590 4061 4061 4061 4061 4061 4061 4061 4061
926 1777560883 3548 3692 3664 378 3579 3622 3623 3591 4061 4061 4060 4060 4060 4060 4060 4060
927 1777560883 3548 3692 3665 378 3578 3622 3623 3590 4061 4061 4060 4060 4060 4060 4060 4060
928 1777560883 3548 3692 3664 378 3578 3622 3623 3591 4061 4060 4060 4060 4060 4060 4060 4060
929 1777560883 3547 3691 3664 379 3578 3622 3622 3590 4061 4061 4060 4060 4060 4060 4060 4060
930 1777560883 3547 3692 3664 379 3578 3622 3623 3591 4061 4061 4061 4061 4061 4061 4061 4061
931 1777560883 3548 3692 3664 379 3578 3622 3622 3590 4061 4061 4061 4061 4061 4061 4061 4061
932 1777560883 3548 3693 3665 378 3579 3622 3623 3591 4061 4061 4060 4060 4060 4060 4060 4060
933 1777560883 3548 3692 3664 379 3578 3622 3622 3590 4059 4059 4058 4058 4058 4058 4058 4058
934 1777560883 3548 3692 3664 378 3578 3622 3622 3591 4063 4061 4061 4061 4061 4061 4061 4061
935 1777560883 3547 3692 3664 379 3578 3622 3623 3591 4061 4061 4060 4060 4060 4060 4060 4060
936 1777560883 3547 3692 3664 378 3578 3622 3622 3591 4061 4061 4060 4060 4060 4060 4060 4060
937 1777560883 3547 3691 3664 378 3578 3622 3622 3590 4061 4061 4061 4061 4061 4061 4061 4061
938 1777560891 3547 3691 3663 379 3577 3621 3621 3589 4061 4061 4061 4061 4061 4061 4061 4061
939 1777560891 3547 3691 3663 378 3577 3621 3622 3590 4061 4060 4060 4060 4060 4060 4060 4060
940 1777560891 3547 3692 3664 378 3576 3621 3622 3590 4061 4061 4061 4061 4061 4061 4061 4061
941 1777560891 3546 3691 3663 378 3577 3620 3621 3589 4061 4061 4061 4061 4061 4061 4061 4061
942 1777560891 3547 3692 3664 378 3578 3621 3622 3590 4061 4061 4060 4060 4060 4060 4060 4060
943 1777560891 3546 3690 3663 378 3577 3620 3621 3589 4061 4061 4060 4060 4060 4060 4060 4060
944 1777560891 3547 3691 3664 379 3577 3621 3622 3590 4063 4063 4062 4062 4062 4062 4062 4062
945 1777560891 3547 3692 3664 379 3578 3622 3623 3590 4061 4061 4061 4061 4061 4061 4061 4061
946 1777560891 3547 3692 3664 379 3578 3621 3622 3590 4063 4063 4062 4062 4062 4062 4062 4062
947 1777560891 3547 3691 3663 378 3577 3621 3622 3590 4061 4061 4061 4061 4061 4061 4061 4061
948 1777560891 3548 3693 3665 378 3578 3622 3623 3590 4061 4061 4061 4061 4061 4061 4061 4061
949 1777560891 3548 3692 3664 378 3578 3622 3623 3590 4063 4063 4062 4062 4062 4062 4062 4062
950 1777560891 3547 3692 3664 379 3578 3622 3623 3590 4061 4061 4061 4061 4061 4061 4061 4061
951 1777560891 3547 3692 3663 378 3577 3622 3622 3590 4061 4061 4060 4060 4060 4060 4060 4060
952 1777560891 3546 3691 3663 378 3578 3621 3621 3590 4061 4061 4061 4061 4061 4061 4061 4061
953 1777560891 3548 3692 3664 379 3579 3622 3622 3591 4063 4062 4062 4062 4062 4062 4062 4062
954 1777560891 3547 3692 3664 379 3578 3622 3622 3591 4061 4061 4061 4061 4061 4061 4061 4061
955 1777560891 3547 3692 3664 378 3578 3622 3622 3590 4061 4061 4060 4060 4060 4060 4060 4060
956 1777560891 3547 3691 3663 379 3576 3620 3621 3589 4061 4061 4061 4061 4061 4061 4061 4061
957 1777560891 3547 3691 3663 378 3577 3621 3622 3590 4063 4063 4062 4062 4062 4062 4062 4062
958 1777560899 3548 3692 3664 378 3578 3622 3622 3591 4061 4061 4061 4061 4061 4061 4061 4061
959 1777560899 3548 3692 3665 378 3578 3622 3623 3591 4061 4061 4061 4061 4061 4061 4061 4061
960 1777560899 3548 3692 3664 379 3579 3622 3623 3591 4061 4061 4060 4060 4060 4060 4060 4060
961 1777560899 3547 3692 3664 379 3578 3622 3623 3591 4063 4063 4062 4062 4062 4062 4062 4062
962 1777560899 3548 3693 3665 378 3579 3622 3623 3591 4061 4061 4061 4061 4061 4061 4061 4061
963 1777560899 3547 3692 3664 378 3578 3622 3623 3591 4061 4061 4061 4061 4061 4061 4061 4061
964 1777560899 3548 3692 3664 378 3579 3622 3623 3591 4061 4061 4061 4061 4061 4061 4061 4061
965 1777560899 3547 3691 3664 379 3578 3621 3622 3590 4061 4061 4060 4060 4060 4060 4060 4060
966 1777560899 3548 3692 3664 379 3578 3622 3623 3591 4061 4061 4060 4060 4060 4060 4060 4060
967 1777560899 3547 3691 3664 378 3578 3621 3622 3590 4061 4061 4061 4061 4061 4061 4061 4061
968 1777560899 3548 3692 3664 380 3579 3622 3623 3591 4061 4061 4061 4061 4061 4061 4061 4061
969 1777560899 3548 3692 3664 379 3578 3623 3623 3591 4061 4061 4061 4061 4061 4061 4061 4061
970 1777560899 3548 3693 3665 378 3577 3622 3623 3591 4061 4061 4061 4061 4061 4061 4061 4061
971 1777560899 3548 3692 3664 379 3578 3622 3622 3590 4063 4063 4062 4062 4062 4062 4062 4062
972 1777560899 3547 3692 3664 378 3579 3622 3623 3591 4061 4061 4061 4061 4061 4061 4061 4061
973 1777560899 3547 3692 3664 378 3578 3622 3623 3591 4061 4061 4061 4061 4061 4061 4061 4061
974 1777560899 3548 3693 3665 378 3578 3622 3623 3591 4061 4061 4061 4061 4061 4061 4061 4061
975 1777560899 3548 3693 3665 379 3579 3623 3623 3591 4061 4061 4060 4060 4060 4060 4060 4060
976 1777560899 3548 3692 3665 379 3578 3623 3623 3592 4063 4061 4061 4061 4061 4061 4061 4061
977 1777560899 3548 3692 3664 379 3578 3622 3623 3590 4061 4061 4060 4060 4060 4060 4060 4060
978 1777560899 3548 3692 3664 378 3579 3622 3622 3590 4063 4061 4061 4061 4061 4061 4061 4061
979 1777560899 3548 3693 3665 379 3579 3623 3623 3592 4061 4061 4060 4060 4060 4060 4060 4060
980 1777560899 3548 3693 3665 378 3579 3623 3623 3591 4063 4063 4062 4062 4062 4062 4062 4062
981 1777560899 3547 3692 3664 379 3578 3622 3622 3591 4061 4061 4061 4061 4061 4061 4061 4061
982 1777560899 3548 3692 3665 378 3579 3623 3623 3591 4061 4061 4060 4060 4060 4060 4060 4060
983 1777560899 3548 3693 3665 379 3580 3624 3624 3592 4061 4061 4061 4061 4061 4061 4061 4061
984 1777560899 3548 3692 3664 379 3579 3622 3623 3592 4061 4061 4061 4061 4061 4061 4061 4061
985 1777560899 3548 3693 3665 379 3578 3622 3623 3591 4063 4063 4062 4062 4062 4062 4062 4062
986 1777560899 3548 3693 3665 379 3579 3623 3624 3591 4063 4061 4061 4061 4061 4061 4061 4061
987 1777560899 3547 3691 3664 379 3578 3621 3622 3590 4061 4061 4060 4060 4060 4060 4060 4060
988 1777560900 3549 3693 3666 378 3579 3623 3624 3592 4061 4061 4061 4061 4061 4061 4061 4061
989 1777560900 3548 3693 3665 379 3579 3623 3624 3591 4063 4063 4062 4062 4062 4062 4062 4062
990 1777560900 3548 3693 3666 379 3580 3623 3624 3591 4061 4061 4061 4061 4061 4061 4061 4061
991 1777560900 3549 3694 3665 379 3579 3623 3623 3591 4061 4061 4061 4061 4061 4061 4061 4061
992 1777560900 3548 3693 3665 378 3578 3622 3623 3590 4061 4061 4061 4061 4061 4061 4061 4061
993 1777560900 3547 3692 3664 379 3578 3622 3623 3591 4061 4061 4061 4061 4061 4061 4061 4061
994 1777560900 3547 3692 3664 378 3579 3622 3622 3590 4061 4061 4060 4060 4060 4060 4060 4060
995 1777560900 3547 3692 3665 379 3578 3622 3623 3591 4061 4061 4061 4061 4061 4061 4061 4061
996 1777560900 3548 3693 3665 379 3579 3623 3623 3591 4061 4061 4061 4061 4061 4061 4061 4061
997 1777560900 3549 3693 3665 379 3579 3623 3623 3591 4061 4061 4061 4061 4061 4061 4061 4061
998 1777560900 3549 3693 3665 378 3579 3623 3624 3592 4061 4061 4060 4060 4060 4060 4060 4060
999 1777560900 3548 3693 3665 379 3579 3622 3623 3591 4061 4061 4061 4061 4061 4061 4061 4061
1000 1777560900 3548 3693 3666 378 3579 3623 3624 3591 4061 4061 4061 4061 4061 4061 4061 4061
1001 1777560900 3548 3693 3665 379 3578 3623 3623 3591 4061 4061 4061 4061 4061 4061 4061 4061
1002 1777560900 3547 3692 3664 378 3577 3622 3622 3590 4061 4060 4060 4060 4060 4060 4060 4060
1003 1777560900 3548 3692 3665 379 3578 3623 3623 3591 4063 4061 4061 4061 4061 4061 4061 4061
1004 1777560900 3548 3693 3665 379 3579 3622 3623 3592 4061 4061 4061 4061 4061 4061 4061 4061
1005 1777560900 3549 3693 3666 379 3579 3623 3623 3591 4063 4061 4061 4061 4061 4061 4061 4061
1006 1777560900 3548 3693 3666 378 3580 3624 3624 3592 4061 4061 4060 4060 4060 4060 4060 4060
1007 1777560900 3549 3693 3665 379 3579 3623 3623 3592 4061 4061 4061 4061 4061 4061 4061 4061
1008 1777560900 3547 3692 3664 380 3578 3622 3622 3591 4061 4061 4061 4061 4061 4061 4061 4061
1009 1777560900 3548 3693 3665 379 3578 3622 3623 3591 4061 4061 4061 4061 4061 4061 4061 4061
1010 1777560900 3548 3693 3665 379 3579 3622 3623 3591 4061 4061 4060 4060 4060 4060 4060 4060
1011 1777560900 3549 3693 3665 379 3579 3623 3623 3592 4061 4061 4061 4061 4061 4061 4061 4061
1012 1777560900 3549 3694 3666 379 3581 3624 3624 3592 4061 4061 4061 4061 4061 4061 4061 4061
1013 1777560900 3549 3693 3665 379 3579 3623 3624 3592 4063 4063 4062 4062 4062 4062 4062 4062
1014 1777560900 3548 3693 3665 379 3579 3622 3623 3590 4061 4061 4061 4061 4061 4061 4061 4061
1015 1777560900 3548 3693 3665 379 3580 3623 3624 3592 4061 4061 4061 4061 4061 4061 4061 4061
1016 1777560900 3549 3694 3666 380 3579 3623 3623 3591 4061 4061 4061 4061 4061 4061 4061 4061
1017 1777560900 3549 3693 3665 379 3580 3623 3624 3592 4061 4061 4060 4060 4060 4060 4060 4060
1018 1777560900 3549 3694 3666 379 3579 3623 3624 3592 4061 4061 4060 4060 4060 4060 4060 4060
1019 1777560900 3549 3693 3665 379 3580 3623 3624 3592 4061 4061 4061 4061 4061 4061 4061 4061
1020 1777560900 3549 3693 3665 378 3579 3623 3624 3592 4063 4061 4061 4061 4061 4061 4061 4061
1021 1777560900 3549 3693 3666 379 3580 3623 3623 3591 4063 4063 4062 4062 4062 4062 4062 4062
1022 1777560900 3549 3694 3666 379 3580 3623 3624 3592 4061 4061 4060 4060 4060 4060 4060 4060
1023 1777560900 3549 3693 3666 379 3580 3623 3623 3592 4061 4061 4061 4061 4061 4061 4061 4061
1024 1777560900 3548 3693 3665 379 3579 3623 3624 3591 4061 4061 4061 4061 4061 4061 4061 4061
1025 1777560900 3548 3693 3665 379 3578 3623 3623 3591 4061 4061 4060 4060 4060 4060 4060 4060
1026 1777560900 3548 3693 3665 379 3579 3623 3623 3591 4061 4061 4061 4061 4061 4061 4061 4061
1027 1777560900 3548 3693 3665 378 3579 3623 3623 3591 4061 4061 4061 4061 4061 4061 4061 4061
1028 1777560900 3546 3691 3664 377 3578 3621 3622 3590 4061 4061 4061 4061 4061 4061 4061 4061
1029 1777560900 3546 3691 3662 377 3577 3621 3621 3589 4061 4061 4061 4061 4061 4061 4061 4061
1030 1777560900 3546 3691 3663 377 3577 3621 3621 3589 4061 4061 4061 4061 4061 4061 4061 4061
1031 1777560900 3546 3691 3663 377 3577 3621 3621 3589 4061 4061 4060 4060 4060 4060 4060 4060
1032 1777560900 3546 3690 3663 377 3577 3621 3621 3589 4061 4061 4060 4060 4060 4060 4060 4060
1033 1777560900 3547 3692 3664 377 3578 3622 3622 3590 4061 4061 4061 4061 4061 4061 4061 4061
1034 1777560900 3546 3691 3663 378 3577 3621 3621 3589 4061 4061 4061 4061 4061 4061 4061 4061
1035 1777560900 3547 3691 3663 378 3576 3621 3622 3590 4063 4062 4062 4062 4062 4062 4062 4062
1036 1777560900 3547 3691 3663 378 3578 3621 3622 3590 4061 4061 4061 4061 4061 4061 4061 4061
1037 1777560900 3547 3692 3664 377 3578 3621 3622 3590 4061 4061 4060 4060 4060 4060 4060 4060
1038 1777560900 3547 3691 3663 378 3577 3622 3622 3590 4061 4061 4061 4061 4061 4061 4061 4061
1039 1777560900 3547 3691 3663 377 3578 3621 3622 3590 4061 4061 4060 4060 4060 4060 4060 4060
1040 1777560900 3547 3692 3664 377 3577 3621 3622 3590 4061 4061 4060 4060 4060 4060 4060 4060
1041 1777560900 3547 3691 3663 377 3578 3621 3622 3590 4059 4059 4059 4059 4059 4059 4059 4059
1042 1777560900 3547 3691 3664 377 3577 3621 3622 3590 4061 4061 4060 4060 4060 4060 4060 4060
1043 1777560900 3547 3692 3664 377 3578 3622 3623 3591 4061 4061 4061 4061 4061 4061 4061 4061
1044 1777560900 3547 3692 3664 377 3578 3621 3622 3590 4061 4061 4061 4061 4061 4061 4061 4061
1045 1777560900 3548 3693 3665 378 3579 3622 3623 3591 4061 4061 4060 4060 4060 4060 4060 4060
1046 1777560900 3547 3691 3663 378 3577 3621 3622 3589 4061 4061 4061 4061 4061 4061 4061 4061
1047 1777560900 3546 3691 3664 377 3578 3621 3621 3589 4061 4061 4061 4061 4061 4061 4061 4061
1048 1777560900 3547 3691 3663 377 3577 3621 3622 3589 4061 4061 4061 4061 4061 4061 4061 4061
1049 1777560900 3548 3692 3664 378 3578 3622 3623 3591 4061 4061 4061 4061 4061 4061 4061 4061
1050 1777560900 3546 3691 3663 378 3577 3620 3621 3589 4061 4061 4060 4060 4060 4060 4060 4060
1051 1777560900 3547 3692 3664 378 3578 3621 3622 3590 4061 4061 4061 4061 4061 4061 4061 4061
1052 1777560900 3547 3692 3664 378 3578 3621 3622 3590 4063 4061 4061 4061 4061 4061 4061 4061
1053 1777560900 3547 3692 3664 377 3578 3621 3622 3590 4061 4061 4061 4061 4061 4061 4061 4061
1054 1777560900 3547 3691 3663 378 3577 3621 3622 3590 4063 4063 4062 4062 4062 4062 4062 4062
1055 1777560900 3547 3691 3663 377 3578 3621 3622 3590 4061 4061 4060 4060 4060 4060 4060 4060
1056 1777560900 3547 3691 3664 378 3578 3621 3622 3591 4061 4061 4061 4061 4061 4061 4061 4061
1057 1777560900 3546 3691 3663 377 3578 3621 3622 3590 4061 4061 4060 4060 4060 4060 4060 4060
1058 1777560900 3547 3691 3664 378 3577 3622 3622 3590 4061 4061 4061 4061 4061 4061 4061 4061
1059 1777560900 3548 3692 3664 378 3579 3622 3623 3590 4061 4061 4060 4060 4060 4060 4060 4060
1060 1777560900 3548 3692 3665 377 3578 3622 3623 3591 4061 4061 4061 4061 4061 4061 4061 4061
1061 1777560900 3547 3691 3663 378 3577 3621 3621 3590 4063 4061 4061 4061 4061 4061 4061 4061
1062 1777560900 3548 3692 3664 378 3579 3622 3623 3591 4061 4061 4061 4061 4061 4061 4061 4061
1063 1777560900 3549 3693 3665 377 3579 3623 3623 3591 4061 4061 4061 4061 4061 4061 4061 4061
1064 1777560900 3547 3692 3664 378 3578 3621 3622 3590 4061 4061 4061 4061 4061 4061 4061 4061
1065 1777560900 3547 3692 3664 377 3578 3622 3623 3591 4061 4061 4061 4061 4061 4061 4061 4061
1066 1777560901 3547 3692 3664 378 3577 3622 3622 3590 4061 4061 4060 4060 4060 4060 4060 4060
1067 1777560901 3547 3692 3664 377 3579 3622 3622 3590 4061 4061 4061 4061 4061 4061 4061 4061
1068 1777560901 3547 3691 3663 378 3577 3622 3622 3590 4059 4059 4059 4059 4059 4059 4059 4059
1069 1777560901 3547 3691 3663 378 3578 3622 3622 3590 4063 4061 4061 4061 4061 4061 4061 4061
1070 1777560901 3546 3691 3663 378 3577 3621 3621 3590 4061 4061 4061 4061 4061 4061 4061 4061
1071 1777560901 3547 3691 3664 377 3578 3622 3622 3590 4061 4061 4060 4060 4060 4060 4060 4060
1072 1777560901 3547 3692 3663 378 3578 3622 3622 3590 4061 4061 4061 4061 4061 4061 4061 4061
1073 1777560901 3547 3691 3663 378 3578 3622 3622 3590 4061 4061 4061 4061 4061 4061 4061 4061
1074 1777560901 3547 3692 3664 378 3577 3621 3622 3590 4061 4061 4061 4061 4061 4061 4061 4061
1075 1777560901 3546 3690 3663 378 3578 3621 3622 3590 4061 4061 4061 4061 4061 4061 4061 4061
1076 1777560901 3546 3691 3663 377 3578 3621 3622 3590 4061 4061 4060 4060 4060 4060 4060 4060
1077 1777560901 3546 3691 3663 378 3577 3621 3622 3589 4061 4061 4061 4061 4061 4061 4061 4061
1078 1777560901 3547 3692 3664 377 3577 3621 3622 3590 4061 4061 4061 4061 4061 4061 4061 4061
1079 1777560901 3548 3692 3665 377 3578 3622 3622 3590 4061 4061 4060 4060 4060 4060 4060 4060
1080 1777560901 3548 3692 3664 378 3579 3622 3623 3591 4061 4061 4060 4060 4060 4060 4060 4060
1081 1777560901 3548 3692 3664 377 3578 3622 3622 3590 4061 4061 4061 4061 4061 4061 4061 4061
1082 1777560901 3547 3691 3664 378 3577 3622 3623 3591 4061 4061 4061 4061 4061 4061 4061 4061
1083 1777560901 3547 3691 3663 377 3578 3622 3622 3590 4061 4061 4061 4061 4061 4061 4061 4061
1084 1777560901 3548 3692 3664 378 3579 3622 3622 3591 4061 4061 4061 4061 4061 4061 4061 4061
1085 1777560901 3547 3691 3663 378 3578 3621 3622 3590 4061 4061 4061 4061 4061 4061 4061 4061
1086 1777560901 3547 3692 3664 378 3577 3621 3622 3590 4061 4061 4061 4061 4061 4061 4061 4061
1087 1777560901 3547 3691 3663 378 3577 3621 3622 3590 4061 4061 4061 4061 4061 4061 4061 4061
1088 1777560901 3547 3692 3664 377 3578 3622 3622 3590 4061 4061 4060 4060 4060 4060 4060 4060
1089 1777560901 3547 3691 3663 378 3578 3622 3622 3590 4061 4061 4060 4060 4060 4060 4060 4060
1090 1777560901 3548 3693 3665 378 3579 3623 3624 3591 4061 4061 4061 4061 4061 4061 4061 4061
1091 1777560901 3548 3693 3665 377 3579 3623 3623 3591 4063 4061 4061 4061 4061 4061 4061 4061
1092 1777560901 3548 3692 3664 377 3578 3622 3622 3590 4061 4061 4061 4061 4061 4061 4061 4061
1093 1777560901 3549 3693 3665 378 3579 3623 3623 3591 4057 4057 4057 4057 4057 4057 4057 4057
1094 1777560901 3547 3692 3664 378 3578 3622 3622 3590 4061 4061 4061 4061 4061 4061 4061 4061
1095 1777560901 3547 3692 3664 377 3578 3622 3622 3590 4061 4061 4061 4061 4061 4061 4061 4061
1096 1777560901 3547 3692 3664 378 3578 3621 3622 3590 4061 4061 4061 4061 4061 4061 4061 4061
1097 1777560901 3549 3693 3665 379 3578 3623 3624 3592 4061 4061 4060 4060 4060 4060 4060 4060
1098 1777560901 3547 3691 3663 378 3577 3621 3621 3589 4061 4061 4060 4060 4060 4060 4060 4060
1099 1777560901 3548 3692 3664 377 3579 3622 3623 3590 4061 4061 4061 4061 4061 4061 4061 4061
1100 1777560901 3548 3692 3664 378 3578 3622 3622 3590 4063 4061 4061 4061 4061 4061 4061 4061
1101 1777560901 3547 3691 3663 378 3578 3621 3622 3590 4063 4063 4062 4062 4062 4062 4062 4062
1102 1777560901 3548 3693 3665 378 3578 3622 3623 3591 4059 4059 4058 4058 4058 4058 4058 4058
1103 1777560901 3548 3692 3664 378 3578 3622 3623 3591 4061 4061 4060 4060 4060 4060 4060 4060
1104 1777560901 3547 3692 3664 378 3578 3622 3622 3590 4061 4061 4060 4060 4060 4060 4060 4060
1105 1777560901 3548 3692 3665 378 3579 3623 3623 3591 4061 4061 4060 4060 4060 4060 4060 4060
1106 1777560901 3548 3692 3664 378 3579 3622 3623 3591 4061 4061 4061 4061 4061 4061 4061 4061
1107 1777560901 3549 3693 3665 378 3579 3623 3623 3592 4061 4061 4061 4061 4061 4061 4061 4061
1108 1777560901 3547 3691 3664 378 3578 3622 3622 3590 4063 4063 4062 4062 4062 4062 4062 4062
1109 1777560901 3548 3692 3664 377 3578 3622 3623 3591 4063 4063 4062 4062 4062 4062 4062 4062
1110 1777560909 3547 3691 3663 378 3577 3621 3621 3589 4061 4061 4060 4060 4060 4060 4060 4060
1111 1777560909 325 3690 3664 377 3578 3622 3622 3590 4061 4061 4061 4061 4061 4061 4061 4061
1112 1777560917 3546 3690 3662 378 3577 3620 3621 3589 4061 4061 4060 4060 4060 4060 4060 4060
1113 1777560917 3546 3690 3663 378 3576 3620 3621 3589 4061 4061 4061 4061 4061 4061 4061 4061
1114 1777560917 3547 3691 3663 378 3577 3621 3621 3590 4061 4061 4061 4061 4061 4061 4061 4061
1115 1777560917 3546 3690 3662 378 3577 3620 3622 3589 4063 4063 4062 4062 4062 4062 4062 4062
1116 1777560917 3546 3691 3663 378 3577 3621 3621 3590 4061 4061 4061 4061 4061 4061 4061 4061
1117 1777560917 3546 3691 3663 377 3577 3621 3621 3589 4061 4061 4060 4060 4060 4060 4060 4060
1118 1777560917 3547 3691 3663 378 3578 3621 3622 3590 4063 4063 4062 4062 4062 4062 4062 4062
1119 1777560917 3546 3691 3663 378 3577 3620 3621 3589 4061 4061 4061 4061 4061 4061 4061 4061
1120 1777560917 3546 3690 3662 378 3577 3620 3621 3589 4061 4061 4060 4060 4060 4060 4060 4060
1121 1777560917 3547 3690 3663 378 3577 3621 3621 3589 4061 4061 4060 4060 4060 4060 4060 4060
1122 1777560917 3546 3690 3662 378 3577 3620 3621 3590 4063 4063 4062 4062 4062 4062 4062 4062
1123 1777560917 3545 3690 3663 378 3577 3620 3621 3589 4061 4061 4061 4061 4061 4061 4061 4061
1124 1777560917 3547 3691 454 377 3577 3621 3622 3590 4061 4061 4061 4061 4061 4061 4061 4061
1125 1777560917 3548 3692 3664 378 3578 3621 3622 3590 4063 4061 4061 4061 4061 4061 4061 4061
1126 1777560917 3546 3691 3663 378 3577 3621 3622 3590 4063 4063 4062 4062 4062 4062 4062 4062
1127 1777560917 3547 3691 3663 379 3578 3621 3622 3590 4061 4061 4060 4060 4060 4060 4060 4060
1128 1777560917 3546 3690 3663 378 3577 3620 3621 3589 4061 4061 4061 4061 4061 4061 4061 4061
1129 1777560917 3546 3690 3663 378 3576 3621 3622 3590 4063 4063 4062 4062 4062 4062 4062 4062
1130 1777560917 3546 3691 3663 378 3577 3621 3622 3589 4061 4060 4060 4060 4060 4060 4060 4060
1131 1777560917 3547 3691 3663 378 3578 3622 3622 3590 4061 4061 4060 4060 4060 4060 4060 4060
1132 1777560917 3547 3692 3664 378 3578 3622 3622 3591 4061 4061 4061 4061 4061 4061 4061 4061
1133 1777560917 3547 3691 3664 378 3578 3622 3622 3590 4061 4061 4061 4061 4061 4061 4061 4061
1134 1777560917 3547 3692 3664 378 3578 3621 3622 3589 4061 4061 4061 4061 4061 4061 4061 4061
1135 1777560917 3546 3691 3663 378 3578 3622 3622 3590 4061 4061 4061 4061 4061 4061 4061 4061
1136 1777560917 3547 3692 3664 378 3579 3622 3623 3591 4061 4061 4061 4061 4061 4061 4061 4061
1137 1777560917 3547 3692 3665 378 3578 3621 3622 3590 4061 4061 4061 4061 4061 4061 4061 4061
1138 1777560917 3546 3690 3663 378 3577 3621 3622 3590 4061 4061 4061 4061 4061 4061 4061 4061
1139 1777560917 3547 3691 3664 378 3577 3621 3621 3590 4061 4061 4060 4060 4060 4060 4060 4060
1140 1777560917 3548 3692 3665 378 3579 3622 3623 3591 4061 4061 4060 4060 4060 4060 4060 4060
1141 1777560917 3547 3691 3664 379 3578 3621 3622 3591 4061 4061 4061 4061 4061 4061 4061 4061
1142 1777560917 3547 3692 3664 378 3578 3622 3622 3590 4063 4063 4062 4062 4062 4062 4062 4062
1143 1777560917 3548 3692 3665 378 3578 3622 3622 3591 4061 4061 4061 4061 4061 4061 4061 4061
1144 1777560917 3547 3692 3664 378 3578 3622 3622 3590 4063 4061 4061 4061 4061 4061 4061 4061
1145 1777560917 3547 3692 3664 378 3578 3621 3622 3589 4061 4061 4060 4060 4060 4060 4060 4060
1146 1777560917 3549 3693 3665 378 3579 3622 3623 3591 4061 4061 4060 4060 4060 4060 4060 4060
1147 1777560917 3547 3692 3663 378 3578 3622 3622 3590 4061 4061 4060 4060 4060 4060 4060 4060
1148 1777560917 3548 3692 3664 378 3578 3622 3622 3591 4061 4061 4061 4061 4061 4061 4061 4061
1149 1777560917 3548 3692 3664 378 3578 3622 3622 3590 4061 4061 4061 4061 4061 4061 4061 4061
1150 1777560917 3547 3692 3664 378 3579 3622 3623 3591 4061 4060 4060 4060 4060 4060 4060 4060
1151 1777560917 3547 3692 3664 378 3578 3622 3622 3591 4061 4061 4060 4060 4060 4060 4060 4060
1152 1777560917 3547 3692 3664 378 3578 3622 3623 3591 4061 4061 4060 4060 4060 4060 4060 4060
1153 1777560917 3548 3692 3664 378 3578 3622 3623 3591 4061 4061 4060 4060 4060 4060 4060 4060
1154 1777560917 3548 3693 3665 378 3579 3623 3623 3591 4061 4061 4061 4061 4061 4061 4061 4061
1155 1777560917 3547 3692 3664 378 3578 3622 3622 3591 4061 4061 4061 4061 4061 4061 4061 4061
1156 1777560917 3549 3692 735 376 3579 3623 3623 3591 4061 4061 4060 4060 4060 4060 4060 4060
1157 1777560917 3548 3693 3665 378 3578 3622 3622 3591 4061 4061 4061 4061 4061 4061 4061 4061
1158 1777560917 3547 3692 3664 380 3578 3622 3623 3590 4061 4061 4061 4061 4061 4061 4061 4061
1159 1777560918 3547 3692 3664 379 3578 3621 3622 3590 4061 4061 4061 4061 4061 4061 4061 4061
1160 1777560918 3547 3691 3663 378 3577 3621 3622 3590 4061 4061 4060 4060 4060 4060 4060 4060
1161 1777560918 3547 3692 3664 378 3578 3622 3622 3591 4059 4059 4058 4058 4058 4058 4058 4058
1162 1777560918 3548 3692 3665 378 3579 3623 3623 3591 4061 4061 4061 4061 4061 4061 4061 4061
1163 1777560918 3548 3692 3664 379 3578 3622 3622 3591 4061 4061 4061 4061 4061 4061 4061 4061
1164 1777560918 3547 3692 3664 378 3578 3622 3622 3590 4061 4061 4061 4061 4061 4061 4061 4061
1165 1777560918 3547 3692 3665 378 3578 3622 3622 3590 4063 4063 4062 4062 4062 4062 4062 4062
1166 1777560918 3548 3692 3664 378 3578 3621 3623 3591 4061 4061 4061 4061 4061 4061 4061 4061
1167 1777560918 3548 3692 3664 378 3578 3622 3623 3591 4061 4061 4060 4060 4060 4060 4060 4060
1168 1777560918 3547 3692 3664 378 3579 3622 3623 3591 4061 4060 4060 4060 4060 4060 4060 4060
1169 1777560918 3548 3693 3664 378 3578 3621 3622 3590 4061 4061 4061 4061 4061 4061 4061 4061
1170 1777560918 3548 3693 3665 378 3579 3623 3624 3591 4061 4061 4061 4061 4061 4061 4061 4061
1171 1777560918 3547 3692 3664 379 3579 3623 3623 3591 4061 4061 4061 4061 4061 4061 4061 4061
1172 1777560918 3549 3693 3665 379 3579 3622 3623 3591 4061 4061 4060 4060 4060 4060 4060 4060
1173 1777560918 3547 3691 3664 378 3578 3622 3622 3590 4061 4061 4061 4061 4061 4061 4061 4061
1174 1777560926 3546 3691 3662 379 3577 3620 3621 3589 4061 4061 4060 4060 4060 4060 4060 4060
1175 1777560926 3546 3691 3662 378 3577 3621 3621 3589 4061 4061 4060 4060 4060 4060 4060 4060
1176 1777560926 3545 3690 3663 378 3576 3621 3621 3590 4063 4061 4061 4061 4061 4061 4061 4061
1177 1777560926 3546 3691 3663 378 3577 3621 3622 3590 4063 4063 4062 4062 4062 4062 4062 4062
1178 1777560926 3546 3691 3663 379 3578 3621 3622 3590 4061 4061 4061 4061 4061 4061 4061 4061
1179 1777560926 3547 3692 3663 379 3577 3621 3622 3590 4061 4061 4060 4060 4060 4060 4060 4060
1180 1777560926 3548 3693 3665 378 3579 3622 3623 3591 4063 4063 4062 4062 4062 4062 4062 4062
1181 1777560926 3547 3692 3664 378 3578 3622 3623 3590 4061 4061 4061 4061 4061 4061 4061 4061
1182 1777560926 3547 3692 3664 378 3578 3622 3623 3590 4061 4061 4060 4060 4060 4060 4060 4060
1183 1777560926 3547 3692 3664 378 3577 3621 3622 3589 4061 4061 4061 4061 4061 4061 4061 4061
1184 1777560926 3547 3692 3664 378 3578 3621 3622 3591 4061 4061 4061 4061 4061 4061 4061 4061
1185 1777560926 3548 3692 3664 378 3578 3621 3621 3590 4063 4063 4062 4062 4062 4062 4062 4062
1186 1777560926 3547 3692 3664 379 3578 3621 3622 3590 4061 4061 4061 4061 4061 4061 4061 4061
1187 1777560926 3548 3692 3664 378 3578 3622 3622 3590 4061 4061 4061 4061 4061 4061 4061 4061
1188 1777560926 3547 3692 3664 378 3578 3622 3622 3591 4061 4061 4060 4060 4060 4060 4060 4060
1189 1777560926 3548 3693 3664 378 3579 3622 3623 3591 4061 4061 4061 4061 4061 4061 4061 4061
1190 1777560926 3548 3692 3664 379 3578 3622 3622 3590 4061 4061 4060 4060 4060 4060 4060 4060
1191 1777560926 3548 3693 3665 378 3579 3622 3623 3591 4061 4061 4061 4061 4061 4061 4061 4061
1192 1777560926 3547 3692 3664 379 3577 3621 3622 3590 4061 4060 4060 4060 4060 4060 4060 4060
1193 1777560926 3547 3692 3664 378 3578 3621 3622 3590 4061 4061 4060 4060 4060 4060 4060 4060
1194 1777560926 3547 3692 3664 378 3578 3622 3623 3591 4061 4061 4060 4060 4060 4060 4060 4060
1195 1777560926 3548 3692 3664 378 3579 3623 3623 3591 4061 4061 4061 4061 4061 4061 4061 4061
1196 1777560926 3547 3692 3664 379 3578 3622 3622 3590 4061 4061 4060 4060 4060 4060 4060 4060
1197 1777560926 3547 3692 3664 378 3578 3622 3622 3590 4061 4061 4060 4060 4060 4060 4060 4060
1198 1777560926 3547 3692 3664 379 3578 3622 3622 3590 4061 4061 4060 4060 4060 4060 4060 4060
1199 1777560926 3547 3692 3663 378 3577 3621 3621 3589 4061 4061 4060 4060 4060 4060 4060 4060
1200 1777560926 3547 3692 3665 379 3578 3622 3623 3590 4063 4063 4062 4062 4062 4062 4062 4062
1201 1777560934 3547 3691 3663 379 3577 3621 3622 3590 4057 4057 4057 4057 4057 4057 4057 4057
1202 1777560934 3547 3691 3663 378 3577 3621 3622 3589 4061 4061 4061 4061 4061 4061 4061 4061
1203 1777560934 3547 3691 3663 379 3577 3621 3622 3590 4061 4061 4061 4061 4061 4061 4061 4061
1204 1777560934 3547 3691 3663 379 3578 3621 3622 3589 4061 4061 4061 4061 4061 4061 4061 4061
1205 1777560934 3547 3691 3663 379 3578 3621 3622 3589 4061 4061 4061 4061 4061 4061 4061 4061
1206 1777560934 3547 3691 3664 379 3577 3621 3622 3591 4063 4063 4062 4062 4062 4062 4062 4062
1207 1777560934 3546 3690 3663 379 3576 3621 3622 3590 4055 4055 4055 4055 4055 4055 4055 4055
1208 1777560934 3547 3692 3664 379 3578 3622 3622 3591 4061 4061 4061 4061 4061 4061 4061 4061
1209 1777560934 3547 3691 3663 379 3577 3621 3621 3589 4061 4061 4061 4061 4061 4061 4061 4061
1210 1777560934 3547 3692 3664 378 3578 3622 3622 3590 4061 4061 4061 4061 4061 4061 4061 4061
1211 1777560934 3546 3691 3663 379 3577 3621 3621 3589 4061 4061 4060 4060 4060 4060 4060 4060
1212 1777560934 3547 3691 3663 378 3577 3621 3621 3590 4061 4061 4060 4060 4060 4060 4060 4060
1213 1777560934 3547 3691 3663 379 3577 3621 3622 3590 4061 4061 4060 4060 4060 4060 4060 4060
1214 1777560934 3546 3690 3662 379 3577 3620 3621 3589 4061 4061 4061 4061 4061 4061 4061 4061
1215 1777560934 3546 3691 3663 379 3577 3621 3622 3590 4063 4061 4061 4061 4061 4061 4061 4061
1216 1777560934 3547 3692 3664 378 3578 3622 3622 3590 4061 4061 4061 4061 4061 4061 4061 4061
1217 1777560934 3548 3693 3665 379 3579 3623 3623 3591 4061 4061 4061 4061 4061 4061 4061 4061
1218 1777560934 3547 3691 3664 378 3578 3622 3622 3590 4055 4055 4055 4055 4055 4055 4055 4055
1219 1777560934 3547 3691 3663 379 3578 3622 3623 3591 4061 4061 4061 4061 4061 4061 4061 4061
1220 1777560934 3547 3691 3663 378 3577 3621 3621 3589 4061 4061 4061 4061 4061 4061 4061 4061
1221 1777560934 3547 3692 3664 379 3578 3622 3623 3591 4061 4061 4061 4061 4061 4061 4061 4061
1222 1777560934 3548 3693 3664 378 3577 3622 3622 3591 4061 4061 4060 4060 4060 4060 4060 4060
1223 1777560934 3547 3691 3664 379 3576 3621 3621 3590 4061 4061 4060 4060 4060 4060 4060 4060
1224 1777560934 3547 3692 3664 378 3578 3622 3622 3590 4061 4061 4061 4061 4061 4061 4061 4061
1225 1777560934 3548 3691 3664 379 3578 3621 3622 3590 4059 4059 4059 4059 4059 4059 4059 4059
1226 1777560934 3547 3692 3665 379 3578 3622 3622 3590 4061 4061 4061 4061 4061 4061 4061 4061
1227 1777560934 3548 3693 3665 379 3579 3622 3622 3591 4061 4061 4061 4061 4061 4061 4061 4061
1228 1777560934 3548 3692 3664 379 3578 3622 3622 3590 4063 4061 4061 4061 4061 4061 4061 4061
1229 1777560934 3548 3692 3664 379 3578 3621 3622 3590 4061 4061 4060 4060 4060 4060 4060 4060
1230 1777560934 3546 3691 3663 379 3577 3621 3622 3590 4061 4061 4060 4060 4060 4060 4060 4060
1231 1777560934 3548 3692 3664 379 3578 3622 3622 3591 4061 4061 4061 4061 4061 4061 4061 4061
1232 1777560934 3548 3692 3664 379 3578 3622 3623 3592 4061 4061 4061 4061 4061 4061 4061 4061
1233 1777560934 3547 3691 3664 379 3578 3621 3622 3590 4061 4061 4061 4061 4061 4061 4061 4061
1234 1777560934 3547 3692 3664 379 3578 3621 3622 3590 4061 4061 4061 4061 4061 4061 4061 4061
1235 1777560934 3548 3692 3664 379 3578 3622 3622 3591 4061 4061 4060 4060 4060 4060 4060 4060
1236 1777560934 3548 3692 3664 380 3579 3623 3623 3592 4061 4061 4061 4061 4061 4061 4061 4061
1237 1777560934 3547 3691 3664 379 3578 3621 3622 3590 4061 4061 4061 4061 4061 4061 4061 4061
1238 1777560934 3547 3692 3664 379 3577 3622 3622 3591 4063 4063 4062 4062 4062 4062 4062 4062
1239 1777560934 3548 3692 3665 379 3579 3623 3623 3591 4063 4061 4061 4061 4061 4061 4061 4061
1240 1777560934 3548 3693 3665 378 3579 3623 3624 3592 4061 4061 4060 4060 4060 4060 4060 4060
1241 1777560934 3548 3693 3665 379 3578 3623 3623 3591 4061 4061 4061 4061 4061 4061 4061 4061
1242 1777560934 3548 3692 3664 379 3579 3623 3623 3591 4061 4061 4061 4061 4061 4061 4061 4061
1243 1777560934 3548 3692 3664 379 3578 3622 3623 3591 4061 4061 4060 4060 4060 4060 4060 4060
1244 1777560935 3548 3692 3664 379 3579 3622 3623 3591 4063 4063 4062 4062 4062 4062 4062 4062
1245 1777560935 3549 3693 3666 379 3580 3624 3624 3592 4061 4061 4061 4061 4061 4061 4061 4061
1246 1777560935 3548 3692 3664 379 3579 3622 3623 3591 4061 4061 4061 4061 4061 4061 4061 4061
1247 1777560935 3548 3692 3665 378 3579 3622 3623 3591 4061 4061 4061 4061 4061 4061 4061 4061
1248 1777560935 3548 3692 3665 378 3579 3623 3623 3590 4063 4063 4062 4062 4062 4062 4062 4062
1249 1777560935 3547 3691 3663 379 3578 3621 3622 3590 4061 4061 4061 4061 4061 4061 4061 4061
1250 1777560935 3548 3693 3665 379 3579 3623 3623 3591 4059 4059 4058 4058 4058 4058 4058 4058
1251 1777560935 3547 3692 3664 379 3578 3622 3622 3591 4061 4061 4060 4060 4060 4060 4060 4060
1252 1777560935 3548 3693 3665 380 3579 3622 3623 3591 4061 4061 4061 4061 4061 4061 4061 4061
1253 1777560935 3548 3692 3665 379 3578 3622 3623 3591 4061 4061 4061 4061 4061 4061 4061 4061
1254 1777560935 3548 3693 3665 378 3579 3623 3623 3591 4061 4061 4061 4061 4061 4061 4061 4061
1255 1777560935 3548 3692 3664 379 3578 3622 3623 3591 4063 4063 4062 4062 4062 4062 4062 4062
1256 1777560935 3548 3693 3665 379 3579 3623 3623 3591 4061 4061 4060 4060 4060 4060 4060 4060
1257 1777560935 3547 3692 3664 379 3578 3623 3623 3591 4061 4061 4061 4061 4061 4061 4061 4061
1258 1777560935 3547 3691 3664 378 3578 3622 3622 3590 4061 4061 4061 4061 4061 4061 4061 4061
1259 1777560935 3548 3692 3664 379 3578 3622 3623 3591 4061 4061 4060 4060 4060 4060 4060 4060
1260 1777560935 3548 3692 3664 379 3579 3623 3623 3591 4061 4061 4061 4061 4061 4061 4061 4061
1261 1777560935 3548 3692 3664 379 3578 3622 3623 3590 4061 4061 4060 4060 4060 4060 4060 4060
1262 1777560935 3548 3693 3665 379 3579 3622 3623 3591 4061 4061 4061 4061 4061 4061 4061 4061
1263 1777560935 3548 3693 3665 379 3579 3623 3623 3591 4061 4061 4061 4061 4061 4061 4061 4061
1264 1777560935 3548 3692 3665 379 3579 3622 3623 3591 4061 4061 4061 4061 4061 4061 4061 4061
1265 1777560935 3548 3693 3664 379 3578 3622 3622 3590 4061 4061 4060 4060 4060 4060 4060 4060
1266 1777560935 3548 3692 3664 379 3578 3622 3623 3591 4061 4061 4061 4061 4061 4061 4061 4061
1267 1777560935 3549 3693 3665 379 3579 3623 3623 3591 4061 4061 4061 4061 4061 4061 4061 4061
1268 1777560935 3548 3693 3665 379 3578 3623 3623 3591 4061 4061 4060 4060 4060 4060 4060 4060
1269 1777560935 3548 3694 3666 379 3579 3624 3623 3591 4061 4061 4061 4061 4061 4061 4061 4061
1270 1777560935 3548 3692 3664 379 3579 3622 3623 3591 4061 4061 4060 4060 4060 4060 4060 4060
1271 1777560935 3548 3693 3665 379 3580 3623 3624 3592 4061 4061 4061 4061 4061 4061 4061 4061
1272 1777560935 3547 3692 3664 379 3578 3622 3622 3590 4063 4063 4062 4062 4062 4062 4062 4062
1273 1777560935 3548 3693 3665 379 3578 3623 3623 3591 4061 4061 4060 4060 4060 4060 4060 4060
1274 1777560935 3548 3692 3664 379 3578 3622 3622 3591 4061 4061 4061 4061 4061 4061 4061 4061
1275 1777560935 3548 3693 3665 379 3579 3623 3623 3592 4061 4061 4061 4061 4061 4061 4061 4061
1276 1777560935 3547 3691 3663 380 3578 3621 3621 3590 4063 4061 4061 4061 4061 4061 4061 4061
1277 1777560935 3548 3693 3665 379 3578 3623 3623 3591 4061 4061 4060 4060 4060 4060 4060 4060
1278 1777560935 3549 3694 3666 379 3579 3623 3624 3592 4061 4061 4061 4061 4061 4061 4061 4061
1279 1777560935 3548 3693 3665 379 3579 3623 3623 3591 4061 4061 4061 4061 4061 4061 4061 4061
1280 1777560935 3546 3691 3663 377 3577 3621 3621 3589 4061 4061 4060 4060 4060 4060 4060 4060
1281 1777560935 3546 3691 3662 377 3577 3620 3621 3589 4059 4059 4059 4059 4059 4059 4059 4059
1282 1777560935 3546 3690 3663 378 3576 3620 3620 3588 4061 4061 4060 4060 4060 4060 4060 4060
1283 1777560935 3547 3692 3663 377 3578 3622 3622 3590 4061 4061 4061 4061 4061 4061 4061 4061
1284 1777560935 3546 3690 3662 377 3576 3620 3621 3589 4061 4061 4060 4060 4060 4060 4060 4060
1285 1777560935 3546 3690 3662 379 3576 3619 3621 3589 4061 4061 4060 4060 4060 4060 4060 4060
1286 1777560935 3546 3691 3663 378 3577 3621 3621 3589 4061 4061 4061 4061 4061 4061 4061 4061
1287 1777560935 3546 3691 3663 377 3576 3620 3621 3589 4061 4061 4061 4061 4061 4061 4061 4061
1288 1777560935 3548 3692 3664 377 3578 3621 3622 3590 4063 4061 4061 4061 4061 4061 4061 4061
1289 1777560935 3546 3691 3663 377 3577 3621 3621 3589 4061 4061 4061 4061 4061 4061 4061 4061
1290 1777560935 3547 3692 3664 378 3577 3621 3622 3590 4059 4059 4059 4059 4059 4059 4059 4059
1291 1777560935 3547 3692 3665 377 3578 3621 3622 3590 4061 4061 4060 4060 4060 4060 4060 4060
1292 1777560935 3547 3691 3663 376 3577 3621 3621 3589 4061 4061 4060 4060 4060 4060 4060 4060
1293 1777560935 3547 3691 3664 377 3578 3621 3621 3590 4061 4061 4060 4060 4060 4060 4060 4060
1294 1777560935 3546 3690 3663 377 3577 3621 3621 3589 4061 4061 4060 4060 4060 4060 4060 4060
1295 1777560935 3546 3691 3663 377 3576 3621 3622 3589 4061 4061 4061 4061 4061 4061 4061 4061
1296 1777560935 3546 3691 3663 377 3577 3621 3621 3589 4063 4061 4061 4061 4061 4061 4061 4061
1297 1777560935 3547 3691 3664 377 3578 3621 3622 3589 4061 4061 4061 4061 4061 4061 4061 4061
1298 1777560935 3547 3691 3664 377 3577 3621 3622 3589 4063 4061 4061 4061 4061 4061 4061 4061
1299 1777560935 3547 3692 3664 377 3578 3621 3622 3590 4061 4061 4061 4061 4061 4061 4061 4061
1300 1777560935 3547 3692 3664 377 3578 3621 3622 3589 4063 4063 4062 4062 4062 4062 4062 4062
1301 1777560935 3547 3691 3663 377 3577 3621 3621 3589 4061 4061 4060 4060 4060 4060 4060 4060
1302 1777560935 3546 3691 3664 378 3577 3621 3622 3590 4061 4061 4061 4061 4061 4061 4061 4061
1303 1777560935 3546 3690 3662 377 3576 3620 3621 3588 4061 4061 4061 4061 4061 4061 4061 4061
1304 1777560935 3546 3690 3663 377 3577 3620 3621 3589 4061 4061 4061 4061 4061 4061 4061 4061
1305 1777560935 3547 3691 3663 377 3578 3621 3622 3590 4063 4061 4061 4061 4061 4061 4061 4061
1306 1777560935 3546 3691 3663 378 3577 3621 3621 3589 4061 4061 4060 4060 4060 4060 4060 4060
1307 1777560935 3547 3691 3663 377 3577 3621 3622 3590 4061 4061 4060 4060 4060 4060 4060 4060
1308 1777560935 3547 3692 3664 377 3578 3621 3622 3590 4061 4061 4061 4061 4061 4061 4061 4061
1309 1777560935 3547 3691 3663 377 3577 3621 3621 3589 4061 4061 4061 4061 4061 4061 4061 4061
1310 1777560935 3547 3691 3663 377 3577 3620 3621 3589 4061 4061 4060 4060 4060 4060 4060 4060
1311 1777560935 3546 3691 3663 377 3578 3621 3622 3590 4063 4061 4061 4061 4061 4061 4061 4061
1312 1777560935 3546 3690 3662 377 3577 3621 3621 3589 4063 4063 4062 4062 4062 4062 4062 4062
1313 1777560935 3547 3691 3664 377 3577 3621 3622 3589 4061 4061 4061 4061 4061 4061 4061 4061
1314 1777560935 3547 3691 3664 378 3577 3621 3622 3590 4061 4061 4061 4061 4061 4061 4061 4061
1315 1777560935 3547 3692 3664 377 3578 3622 3622 3590 4061 4061 4060 4060 4060 4060 4060 4060
1316 1777560935 3546 3691 3663 377 3578 3621 3622 3590 4061 4061 4061 4061 4061 4061 4061 4061
1317 1777560935 3547 3691 3663 377 3578 3621 3621 3590 4061 4061 4061 4061 4061 4061 4061 4061
1318 1777560935 3548 3693 3665 378 3579 3623 3623 3591 4061 4061 4060 4060 4060 4060 4060 4060
1319 1777560935 3547 3692 3664 377 3576 3621 3622 3590 4059 4059 4058 4058 4058 4058 4058 4058
1320 1777560936 3547 3692 3664 377 3578 3622 3623 3591 4061 4061 4060 4060 4060 4060 4060 4060
1321 1777560936 3547 3692 3664 377 3578 3622 3622 3590 4061 4061 4060 4060 4060 4060 4060 4060
1322 1777560936 3547 3691 3663 378 3577 3621 3622 3590 4061 4061 4060 4060 4060 4060 4060 4060
1323 1777560936 3546 3691 3664 377 3577 3621 3622 3589 4061 4061 4061 4061 4061 4061 4061 4061
1324 1777560936 3547 3691 3663 378 3578 3621 3622 3590 4063 4063 4062 4062 4062 4062 4062 4062
1325 1777560936 3547 3692 3663 377 3578 3621 3622 3590 4063 4063 4062 4062 4062 4062 4062 4062
1326 1777560936 3547 3692 3664 377 3579 3622 3623 3591 4061 4061 4060 4060 4060 4060 4060 4060
1327 1777560936 3546 3690 3662 378 3576 3621 3621 3589 4061 4061 4060 4060 4060 4060 4060 4060
1328 1777560936 3546 3691 3663 378 3577 3621 3621 3589 4061 4061 4061 4061 4061 4061 4061 4061
1329 1777560936 3547 3691 3663 377 3577 3621 3621 3589 4061 4061 4061 4061 4061 4061 4061 4061
1330 1777560936 3546 3691 3663 378 3577 3620 3621 3590 4063 4063 4062 4062 4062 4062 4062 4062
1331 1777560936 3547 3691 3663 378 3577 3621 3622 3590 4061 4061 4061 4061 4061 4061 4061 4061
1332 1777560936 3547 3692 3663 378 3578 3621 3622 3591 4061 4061 4060 4060 4060 4060 4060 4060
1333 1777560936 3546 3691 3663 379 3577 3621 3621 3589 4063 4063 4062 4062 4062 4062 4062 4062
1334 1777560936 3547 3691 3663 378 3577 3621 3622 3590 4061 4061 4060 4060 4060 4060 4060 4060
1335 1777560936 3547 3692 3664 377 3578 3622 3622 3590 4061 4061 4060 4060 4060 4060 4060 4060
1336 1777560936 3547 3691 3664 378 3577 3621 3622 3590 4061 4061 4061 4061 4061 4061 4061 4061
1337 1777560936 3547 3692 3664 377 3578 3622 3622 3590 4061 4061 4061 4061 4061 4061 4061 4061
1338 1777560936 3546 3691 3663 378 3577 3621 3621 3589 4061 4061 4060 4060 4060 4060 4060 4060
1339 1777560936 3546 3691 3663 378 3577 3621 3622 3590 4063 4063 4062 4062 4062 4062 4062 4062
1340 1777560936 3548 3693 3664 378 3579 3622 3623 3591 4061 4061 4060 4060 4060 4060 4060 4060
1341 1777560944 3546 3690 3662 378 3576 3619 3620 3588 4061 4061 4060 4060 4060 4060 4060 4060
1342 1777560944 3547 3690 3663 377 3576 3620 3621 3589 4061 4061 4060 4060 4060 4060 4060 4060
1343 1777560944 3547 3692 3664 377 3579 3622 3622 3591 4061 4061 4060 4060 4060 4060 4060 4060
1344 1777560944 3546 3691 3663 377 3577 3621 3621 3589 4061 4061 4060 4060 4060 4060 4060 4060
1345 1777560944 3546 3691 3663 378 3577 3621 3621 3589 4059 4059 4058 4058 4058 4058 4058 4058
1346 1777560944 3546 3691 3664 377 3578 3621 3622 3589 4061 4061 4060 4060 4060 4060 4060 4060
1347 1777560944 3546 3691 3662 377 3577 3620 3621 3589 4061 4061 4061 4061 4061 4061 4061 4061
1348 1777560944 3546 3691 3663 379 3577 3621 3622 3590 4061 4061 4060 4060 4060 4060 4060 4060
1349 1777560944 3546 3691 3663 378 3577 3621 3622 3590 4061 4061 4060 4060 4060 4060 4060 4060
1350 1777560944 3546 3691 3662 378 3576 3620 3621 3589 4061 4061 4061 4061 4061 4061 4061 4061
1351 1777560944 3547 3691 3663 378 3577 3621 3622 3589 4061 4061 4061 4061 4061 4061 4061 4061
1352 1777560944 3546 3691 3663 378 3577 3620 3621 3589 4063 4061 4061 4061 4061 4061 4061 4061
1353 1777560944 3546 3691 3663 378 3577 3621 3622 3590 4061 4061 4061 4061 4061 4061 4061 4061
1354 1777560944 3546 3691 3663 377 3577 3620 3621 3589 4061 4061 4060 4060 4060 4060 4060 4060
1355 1777560944 3547 3692 3664 378 3577 3621 3621 3589 4061 4061 4061 4061 4061 4061 4061 4061
1356 1777560944 3548 3692 3665 378 3578 3622 3622 3590 4061 4061 4061 4061 4061 4061 4061 4061
1357 1777560944 3546 3691 3663 378 3577 3620 3621 3590 4061 4061 4061 4061 4061 4061 4061 4061
1358 1777560944 3546 3691 3663 377 3577 3621 3621 3589 4061 4061 4061 4061 4061 4061 4061 4061
1359 1777560944 3547 3691 3664 378 3578 3621 3622 3590 4061 4061 4060 4060 4060 4060 4060 4060
1360 1777560944 3546 3691 3663 378 3577 3620 3621 3588 4061 4061 4061 4061 4061 4061 4061 4061
1361 1777560944 3546 3691 3663 377 3577 3621 3622 3589 4061 4061 4060 4060 4060 4060 4060 4060
1362 1777560944 3546 3691 3664 377 3578 3621 3621 3589 4061 4061 4061 4061 4061 4061 4061 4061
1363 1777560944 3546 3691 3663 378 3577 3621 3622 3589 4061 4061 4061 4061 4061 4061 4061 4061
1364 1777560944 3547 3691 3663 378 3578 3622 3622 3591 4063 4063 4062 4062 4062 4062 4062 4062
1365 1777560944 3548 3692 3664 378 3577 3622 3622 3590 4061 4061 4060 4060 4060 4060 4060 4060
1366 1777560944 3546 3690 3663 378 3576 3621 3622 3589 4061 4061 4061 4061 4061 4061 4061 4061
1367 1777560944 3548 3693 3665 378 3579 3623 3623 3591 4061 4061 4060 4060 4060 4060 4060 4060
1368 1777560944 3547 3691 3663 379 3578 3621 3622 3590 4061 4061 4061 4061 4061 4061 4061 4061
1369 1777560944 3547 3692 3664 378 3577 3622 3622 3591 4061 4061 4061 4061 4061 4061 4061 4061
1370 1777560944 3547 3691 3664 377 3578 3622 3622 3590 4061 4061 4060 4060 4060 4060 4060 4060
1371 1777560944 3547 3692 3664 378 3578 3622 3622 3590 4061 4061 4061 4061 4061 4061 4061 4061
1372 1777560944 3547 3692 3664 378 3578 3622 3622 3590 4059 4059 4059 4059 4059 4059 4059 4059
1373 1777560944 3546 3691 3663 378 3577 3620 3620 3588 4061 4061 4061 4061 4061 4061 4061 4061
1374 1777560944 3548 3692 3664 377 3578 3621 3622 3590 4061 4061 4060 4060 4060 4060 4060 4060
1375 1777560944 3548 3692 3664 378 3579 3622 3623 3591 4061 4061 4060 4060 4060 4060 4060 4060
1376 1777560944 3546 3690 3662 378 3576 3620 3621 3588 4061 4061 4061 4061 4061 4061 4061 4061
1377 1777560944 3548 3692 3664 378 3579 3623 3623 3591 4061 4061 4061 4061 4061 4061 4061 4061
1378 1777560944 3546 3691 3663 378 3577 3621 3621 3589 4061 4061 4061 4061 4061 4061 4061 4061
1379 1777560944 3547 3692 3664 378 3578 3622 3623 3591 4061 4061 4061 4061 4061 4061 4061 4061
1380 1777560944 3547 3692 3664 379 3578 3622 3623 3590 4061 4061 4060 4060 4060 4060 4060 4060
1381 1777560944 3546 3691 3663 378 3577 3621 3622 3590 4061 4060 4060 4060 4060 4060 4060 4060
1382 1777560944 3548 3692 3664 378 3578 3622 3623 3590 4063 4063 4062 4062 4062 4062 4062 4062
1383 1777560944 3547 3691 3664 378 3577 3622 3622 3590 4061 4061 4060 4060 4060 4060 4060 4060
1384 1777560944 3547 3692 3664 378 3578 3621 3622 3590 4061 4061 4061 4061 4061 4061 4061 4061
1385 1777560944 3546 3690 3663 378 3577 3621 3621 3589 4061 4061 4061 4061 4061 4061 4061 4061
1386 1777560944 3547 3692 3664 378 3578 3621 3622 3590 4061 4061 4060 4060 4060 4060 4060 4060
1387 1777560944 3549 3693 3665 378 3579 3623 3623 3591 4061 4061 4061 4061 4061 4061 4061 4061
1388 1777560944 3547 3692 3664 379 3578 3622 3622 3590 4061 4061 4061 4061 4061 4061 4061 4061
1389 1777560944 3548 3693 3664 378 3579 3622 3623 3591 4061 4061 4061 4061 4061 4061 4061 4061
1390 1777560944 3548 3692 3664 378 3578 3622 3623 3591 4061 4061 4060 4060 4060 4060 4060 4060
1391 1777560944 3547 3692 3664 378 3578 3621 3622 3590 4061 4061 4060 4060 4060 4060 4060 4060
1392 1777560944 3548 3692 3664 378 3578 3622 3622 3591 4061 4061 4061 4061 4061 4061 4061 4061
1393 1777560944 3548 3693 3665 378 3579 3622 3623 3591 4063 4063 4062 4062 4062 4062 4062 4062
1394 1777560944 3548 3693 3665 378 3578 3622 3622 3590 4061 4060 4060 4060 4060 4060 4060 4060
1395 1777560944 3547 3692 3664 378 3578 3622 3623 3590 4061 4061 4060 4060 4060 4060 4060 4060
1396 1777560945 3547 3691 3664 379 3578 3621 3622 3590 4061 4061 4061 4061 4061 4061 4061 4061
1397 1777560945 3547 3691 3663 378 3577 3621 3621 3590 4061 4060 4060 4060 4060 4060 4060 4060
1398 1777560945 3547 3692 3664 378 3578 3622 3622 3590 4061 4061 4060 4060 4060 4060 4060 4060
1399 1777560945 3547 3692 3665 378 3579 3623 3623 3591 4061 4061 4061 4061 4061 4061 4061 4061
1400 1777560945 3548 3693 3664 378 3579 3622 3623 3591 4061 4061 4061 4061 4061 4061 4061 4061
1401 1777560945 3547 3692 3664 378 3579 3622 3623 3591 4061 4061 4060 4060 4060 4060 4060 4060
1402 1777560945 3546 3691 3663 378 3578 3621 3622 3591 4061 4061 4061 4061 4061 4061 4061 4061
1403 1777560945 3547 3692 3664 377 3578 3622 3622 3590 4061 4061 4060 4060 4060 4060 4060 4060
1404 1777560945 3548 3692 3664 379 3578 3622 3623 3591 4061 4061 4060 4060 4060 4060 4060 4060
1405 1777560945 3549 3693 3666 378 3579 3623 3623 3591 4061 4061 4060 4060 4060 4060 4060 4060
1406 1777560945 3548 3692 3664 378 3578 3622 3623 3591 4061 4061 4061 4061 4061 4061 4061 4061
1407 1777560945 3547 3691 3664 378 3578 3622 3622 3590 4061 4061 4060 4060 4060 4060 4060 4060
1408 1777560945 3547 3691 3664 379 3578 3621 3622 3590 4059 4059 4059 4059 4059 4059 4059 4059
1409 1777560945 3547 3692 3664 378 3578 3622 3622 3590 4061 4061 4060 4060 4060 4060 4060 4060
1410 1777560945 3547 3692 3664 381 3579 3623 3623 3592 4063 4063 4062 4062 4062 4062 4062 4062
1411 1777560945 3548 3692 3664 380 3578 3621 3622 3590 4061 4061 4061 4061 4061 4061 4061 4061
1412 1777560945 3547 3692 3664 379 3578 3622 3622 3590 4061 4061 4061 4061 4061 4061 4061 4061
1413 1777560945 3547 3692 3664 378 3577 3622 3622 3590 4061 4061 4060 4060 4060 4060 4060 4060
1414 1777560945 3548 3693 3665 378 3578 3622 3623 3591 4061 4061 4061 4061 4061 4061 4061 4061
1415 1777560945 3547 3692 3664 378 3578 3622 3622 3591 4061 4061 4061 4061 4061 4061 4061 4061
1416 1777560945 3548 3692 3664 379 3578 3622 3623 3591 4061 4061 4060 4060 4060 4060 4060 4060
1417 1777560945 3548 3692 3664 378 3578 3622 3622 3590 4061 4061 4061 4061 4061 4061 4061 4061
1418 1777560945 3547 3691 3664 379 3578 3621 3622 3590 4063 4063 4062 4062 4062 4062 4062 4062
1419 1777560945 3547 3692 3664 378 3578 3622 3622 3590 4061 4061 4061 4061 4061 4061 4061 4061
1420 1777560945 3547 3691 3664 378 3578 3622 3622 3590 4061 4061 4060 4060 4060 4060 4060 4060
1421 1777560945 3547 3692 3664 378 3578 3622 3622 3590 4063 4063 4062 4062 4062 4062 4062 4062
1422 1777560945 3547 3691 3663 378 3578 3621 3622 3590 4059 4059 4059 4059 4059 4059 4059 4059
1423 1777560945 3547 3691 3664 378 3578 3621 3622 3590 4063 4063 4062 4062 4062 4062 4062 4062
1424 1777560945 3547 3691 3663 379 3578 3621 3622 3590 4061 4061 4061 4061 4061 4061 4061 4061
1425 1777560945 3547 3692 3664 378 3578 3622 3622 3590 4061 4061 4060 4060 4060 4060 4060 4060
1426 1777560945 3548 3693 3665 378 3579 3622 3623 3591 4063 4061 4061 4061 4061 4061 4061 4061
1427 1777560945 3547 3692 3664 378 3578 3621 3623 3590 4061 4061 4060 4060 4060 4060 4060 4060
1428 1777560945 3547 3691 3663 379 3578 3622 3622 3590 4061 4061 4061 4061 4061 4061 4061 4061
1429 1777560945 3547 3692 3664 378 3577 3622 3622 3590 4061 4061 4061 4061 4061 4061 4061 4061
1430 1777560945 3547 3692 3663 378 3578 3622 3622 3590 4061 4061 4061 4061 4061 4061 4061 4061
1431 1777560945 3548 3692 3664 378 3579 3622 3622 3591 4061 4061 4061 4061 4061 4061 4061 4061
1432 1777560945 3549 3693 3665 378 3579 3623 3623 3591 4061 4061 4060 4060 4060 4060 4060 4060
1433 1777560945 3548 3692 3664 378 3579 3622 3623 3591 4061 4061 4061 4061 4061 4061 4061 4061
1434 1777560945 3548 3692 3665 379 3578 3622 3622 3590 4061 4061 4061 4061 4061 4061 4061 4061
1435 1777560945 3547 3691 3663 379 3578 3621 3623 3590 4061 4061 4061 4061 4061 4061 4061 4061
1436 1777560945 3547 3692 3664 378 3578 3622 3623 3591 4061 4061 4061 4061 4061 4061 4061 4061
1437 1777560945 3548 3692 3664 378 3578 3622 3623 3591 4061 4061 4060 4060 4060 4060 4060 4060
1438 1777560945 3548 3692 3664 379 3578 3621 3623 3591 4061 4061 4061 4061 4061 4061 4061 4061
1439 1777560945 3547 3692 3664 379 3578 3622 3622 3591 4061 4061 4060 4060 4060 4060 4060 4060
1440 1777560945 3548 3692 3664 378 3578 3623 3623 3591 4061 4061 4061 4061 4061 4061 4061 4061
1441 1777560945 3548 3692 3664 378 3578 3622 3622 3590 4061 4061 4061 4061 4061 4061 4061 4061
1442 1777560945 3548 3693 3665 379 3579 3622 3623 3591 4061 4061 4061 4061 4061 4061 4061 4061
1443 1777560945 3548 3692 3665 378 3579 3622 3623 3591 4061 4061 4061 4061 4061 4061 4061 4061
1444 1777560945 3548 3692 3663 379 3578 3622 3622 3591 4061 4061 4061 4061 4061 4061 4061 4061
1445 1777560945 3548 3693 3664 378 3579 3622 3623 3590 4061 4061 4060 4060 4060 4060 4060 4060
1446 1777560945 3548 3692 3665 378 3579 3622 3623 3591 4061 4061 4061 4061 4061 4061 4061 4061
1447 1777560945 3548 3693 3664 378 3579 3622 3623 3590 4061 4061 4061 4061 4061 4061 4061 4061
1448 1777560945 3548 3693 3664 378 3578 3622 3623 3591 4061 4061 4061 4061 4061 4061 4061 4061
1449 1777560945 3548 3693 3665 378 3579 3622 3623 3591 4063 4061 4061 4061 4061 4061 4061 4061
1450 1777560945 3547 3692 3664 379 3578 3622 3622 3591 4061 4061 4061 4061 4061 4061 4061 4061
1451 1777560945 3548 3692 3664 378 3579 3622 3623 3592 4061 4061 4060 4060 4060 4060 4060 4060
1452 1777560945 3547 3692 3664 379 3578 3622 3622 3590 4061 4061 4060 4060 4060 4060 4060 4060
1453 1777560945 3548 3693 3666 378 3579 3623 3624 3592 4061 4061 4060 4060 4060 4060 4060 4060
1454 1777560945 3548 3692 3664 378 3578 3621 3622 3590 4061 4061 4061 4061 4061 4061 4061 4061
1455 1777560945 3547 3692 3664 379 3578 3622 3622 3590 4061 4061 4061 4061 4061 4061 4061 4061
1456 1777560945 3548 3693 3665 378 3578 3622 3622 3591 4061 4061 4060 4060 4060 4060 4060 4060
1457 1777560945 3548 3692 3665 378 3579 3622 3623 3591 4061 4061 4060 4060 4060 4060 4060 4060
1458 1777560945 3547 3692 3664 379 3579 3622 3623 3591 4063 4063 4062 4062 4062 4062 4062 4062
1459 1777560945 3547 3692 3664 379 3578 3622 3622 3591 4061 4061 4061 4061 4061 4061 4061 4061
1460 1777560945 3548 3692 3664 379 3578 3622 3623 3591 4061 4061 4060 4060 4060 4060 4060 4060
1461 1777560945 3548 3692 3665 379 3577 3622 3622 3591 4063 4063 4062 4062 4062 4062 4062 4062
1462 1777560945 3548 3693 3665 378 3579 3623 3623 3591 4061 4061 4060 4060 4060 4060 4060 4060
1463 1777560945 3547 3692 3664 378 3578 3622 3622 3590 4061 4061 4061 4061 4061 4061 4061 4061
1464 1777560945 3548 3692 3665 378 3579 3623 3623 3591 4061 4061 4061 4061 4061 4061 4061 4061
1465 1777560945 3548 3692 3664 379 3578 3622 3623 3591 4061 4061 4060 4060 4060 4060 4060 4060
1466 1777560945 3547 3692 3664 379 3579 3623 3623 3591 4063 4063 4062 4062 4062 4062 4062 4062
1467 1777560945 3547 3692 3663 379 3578 3622 3622 3591 4063 4063 4062 4062 4062 4062 4062 4062
1468 1777560945 3548 3692 3664 379 3578 3622 3622 3590 4059 4059 4058 4058 4058 4058 4058 4058
1469 1777560945 3548 3693 3665 379 3579 3623 3623 3592 4061 4061 4061 4061 4061 4061 4061 4061
1470 1777560945 3548 3693 3665 379 3579 3623 3623 3591 4061 4061 4060 4060 4060 4060 4060 4060
1471 1777560945 3548 3693 3665 378 3579 3623 3623 3591 4061 4061 4060 4060 4060 4060 4060 4060
1472 1777560945 3548 3693 3664 379 3578 3622 3623 3591 4061 4061 4060 4060 4060 4060 4060 4060
1473 1777560946 3548 3693 3665 378 3579 3622 3623 3591 4063 4063 4062 4062 4062 4062 4062 4062
1474 1777560946 3548 3693 3665 379 3579 3623 3623 3591 4061 4061 4061 4061 4061 4061 4061 4061
1475 1777560946 3549 3693 3666 380 3579 3623 3624 3592 4061 4061 4060 4060 4060 4060 4060 4060
1476 1777560946 3548 3693 3665 379 3578 3622 3623 3591 4061 4061 4061 4061 4061 4061 4061 4061
1477 1777560946 3548 3693 3665 379 3579 3623 3623 3591 4061 4061 4060 4060 4060 4060 4060 4060
1478 1777560946 3548 3692 3664 378 3578 3622 3623 3591 4061 4061 4060 4060 4060 4060 4060 4060
1479 1777560946 3546 3691 3663 379 3577 3621 3622 3590 4061 4061 4061 4061 4061 4061 4061 4061
1480 1777560946 3549 3693 3666 379 3579 3623 3623 3591 4061 4061 4061 4061 4061 4061 4061 4061
1481 1777560946 3547 3692 3663 379 3578 3622 3622 3591 4061 4061 4061 4061 4061 4061 4061 4061
1482 1777560946 3548 3693 3665 379 3579 3622 3623 3591 4061 4061 4061 4061 4061 4061 4061 4061
1483 1777560946 3547 3692 3664 378 3578 3622 3622 3590 4061 4061 4061 4061 4061 4061 4061 4061
1484 1777560946 3548 3693 3665 379 3578 3622 3623 3590 4057 4057 4057 4057 4057 4057 4057 4057
1485 1777560946 3548 3692 3665 378 3579 3622 3623 3591 4061 4061 4061 4061 4061 4061 4061 4061
1486 1777560946 3549 3693 3665 379 3579 3623 3623 3592 4061 4061 4061 4061 4061 4061 4061 4061
1487 1777560946 3548 3692 3664 378 3579 3623 3623 3591 4061 4061 4061 4061 4061 4061 4061 4061
1488 1777560946 3548 3692 3665 378 3579 3623 3623 3591 4063 4062 4062 4062 4062 4062 4062 4062
1489 1777560946 3548 3692 3665 378 3579 3623 3623 3592 4061 4061 4061 4061 4061 4061 4061 4061
1490 1777560946 3547 3692 3664 379 3578 3622 3622 3591 4061 4061 4060 4060 4060 4060 4060 4060
1491 1777560946 3548 3693 3665 379 3579 3623 3624 3592 4061 4061 4060 4060 4060 4060 4060 4060
1492 1777560946 3549 3693 3665 379 3579 3623 3624 3592 4061 4061 4060 4060 4060 4060 4060 4060
1493 1777560946 3548 3693 3665 378 3579 3622 3623 3591 4061 4061 4061 4061 4061 4061 4061 4061
1494 1777560946 3549 3693 3665 379 3579 3623 3623 3592 4061 4061 4061 4061 4061 4061 4061 4061
1495 1777560946 3548 3693 3665 379 3579 3623 3624 3591 4063 4061 4061 4061 4061 4061 4061 4061
1496 1777560946 3548 3693 3664 379 3578 3623 3623 3591 4061 4061 4060 4060 4060 4060 4060 4060
1497 1777560946 3548 3693 3665 379 3579 3623 3623 3591 4061 4061 4061 4061 4061 4061 4061 4061
1498 1777560946 3548 3692 3664 378 3579 3622 3622 3590 4061 4061 4061 4061 4061 4061 4061 4061
1499 1777560946 3549 3694 3666 378 3580 3624 3624 3592 4061 4061 4061 4061 4061 4061 4061 4061
1500 1777560946 3548 3693 3665 379 3579 3623 3623 3591 4063 4063 4062 4062 4062 4062 4062 4062
1501 1777560946 3548 3693 3665 379 3579 3623 3624 3592 4061 4061 4061 4061 4061 4061 4061 4061
1502 1777560946 3549 3693 3665 379 3580 3623 3623 3592 4061 4061 4061 4061 4061 4061 4061 4061
1503 1777560946 3548 3692 3664 379 3579 3622 3623 3591 4061 4061 4060 4060 4060 4060 4060 4060
1504 1777560946 3548 3693 3664 379 3578 3622 3623 3591 4061 4061 4060 4060 4060 4060 4060 4060
1505 1777560946 3549 3694 3666 379 3580 3623 3624 3592 4061 4061 4060 4060 4060 4060 4060 4060
1506 1777560946 3549 3693 3665 379 3579 3623 3623 3592 4061 4061 4060 4060 4060 4060 4060 4060
1507 1777560946 3548 3692 3665 380 3579 3623 3623 3591 4057 4057 4057 4057 4057 4057 4057 4057
1508 1777560946 3548 3692 3665 379 3578 3623 3624 3592 4063 4063 4062 4062 4062 4062 4062 4062
1509 1777560946 3548 3693 3665 379 3579 3623 3624 3591 4059 4057 4057 4057 4057 4057 4057 4057
1510 1777560946 3547 3692 3664 379 3576 3621 3622 3590 4061 4061 4061 4061 4061 4061 4061 4061
1511 1777560946 3548 3693 3665 379 3579 3623 3623 3592 4061 4061 4061 4061 4061 4061 4061 4061
1512 1777560946 3548 3693 3665 379 3579 3623 3623 3591 4063 4063 4062 4062 4062 4062 4062 4062
1513 1777560946 3548 3693 3665 379 3580 3623 3624 3592 4061 4061 4061 4061 4061 4061 4061 4061
1514 1777560946 3549 3694 3666 379 3580 3623 3624 3591 4063 4062 4062 4062 4062 4062 4062 4062
1515 1777560946 3548 3693 3665 379 3579 3623 3624 3592 4061 4061 4060 4060 4060 4060 4060 4060
1516 1777560946 3548 3693 3665 379 3578 3623 3623 3591 4061 4061 4061 4061 4061 4061 4061 4061
1517 1777560946 3549 3693 3665 379 3579 3623 3624 3591 4061 4061 4061 4061 4061 4061 4061 4061
1518 1777560946 3549 3693 3665 379 3579 3623 3624 3592 4063 4063 4062 4062 4062 4062 4062 4062
1519 1777560946 3549 3693 3665 379 3579 3623 3624 3592 4061 4061 4060 4060 4060 4060 4060 4060
1520 1777560946 3548 3693 3665 379 3579 3623 3623 3591 4061 4061 4061 4061 4061 4061 4061 4061
1521 1777560946 3549 3693 3665 379 3579 3623 3623 3591 4063 4061 4061 4061 4061 4061 4061 4061
1522 1777560946 3548 3693 3665 379 3580 3623 3624 3592 4061 4061 4060 4060 4060 4060 4060 4060
1523 1777560946 3548 3692 3665 379 3579 3623 3624 3591 4061 4061 4061 4061 4061 4061 4061 4061
1524 1777560946 3548 3693 3665 379 3578 3623 3623 3591 4061 4061 4060 4060 4060 4060 4060 4060
1525 1777560946 329 3692 3666 379 3580 3624 3624 3592 4061 4061 4060 4060 4060 4060 4060 4060
1526 1777560946 3548 3693 3665 379 3579 3622 3623 3591 4061 4061 4061 4061 4061 4061 4061 4061
1527 1777560946 3548 3694 3666 379 3579 3623 3623 3591 4061 4061 4060 4060 4060 4060 4060 4060
1528 1777560946 3548 3693 3666 379 3579 3623 3624 3591 4059 4059 4058 4058 4058 4058 4058 4058
1529 1777560946 3548 3692 3664 379 3579 3622 3623 3591 4061 4061 4061 4061 4061 4061 4061 4061
1530 1777560946 3549 3693 3665 379 3579 3623 3623 3591 4061 4061 4061 4061 4061 4061 4061 4061
1531 1777560946 3549 3693 3665 379 3579 3623 3624 3591 4061 4061 4060 4060 4060 4060 4060 4060
1532 1777560946 3548 3692 3664 379 3578 3623 3623 3591 4061 4061 4061 4061 4061 4061 4061 4061
1533 1777560946 3549 3693 3665 379 3579 3623 3623 3591 4061 4061 4061 4061 4061 4061 4061 4061
1534 1777560946 3549 3693 3665 379 3580 3623 3624 3592 4061 4061 4061 4061 4061 4061 4061 4061
1535 1777560946 3546 3691 3663 378 3577 3620 3621 3589 4061 4061 4060 4060 4060 4060 4060 4060
1536 1777560946 3547 3691 3663 377 3578 3621 3622 3590 4061 4061 4061 4061 4061 4061 4061 4061
1537 1777560946 3547 3692 3664 377 3577 3621 3622 3590 4061 4061 4061 4061 4061 4061 4061 4061
1538 1777560946 3546 3691 3663 377 3577 3620 3621 3589 4061 4061 4061 4061 4061 4061 4061 4061
1539 1777560946 3546 3691 3663 377 3577 3620 3621 3589 4061 4061 4061 4061 4061 4061 4061 4061
1540 1777560946 3547 3691 3664 379 3578 3622 3622 3590 4061 4061 4060 4060 4060 4060 4060 4060
1541 1777560946 3547 3691 3664 378 3577 3621 3622 3590 4061 4061 4061 4061 4061 4061 4061 4061
1542 1777560946 3546 3691 3663 377 3576 3621 3621 3589 4061 4061 4060 4060 4060 4060 4060 4060
1543 1777560947 3548 3692 3664 377 3578 3622 3622 3590 4061 4061 4060 4060 4060 4060 4060 4060
1544 1777560947 3546 3690 3662 377 3577 3620 3621 3589 4061 4061 4060 4060 4060 4060 4060 4060
1545 1777560947 3547 3692 3664 377 3577 3621 3622 3590 4063 4063 4062 4062 4062 4062 4062 4062
1546 1777560947 3548 3693 3664 378 3578 3621 3622 3590 4061 4061 4061 4061 4061 4061 4061 4061
1547 1777560947 3546 3690 3662 378 3577 3620 3621 3589 4061 4061 4060 4060 4060 4060 4060 4060
1548 1777560947 3548 3692 3664 378 3578 3622 3623 3591 4061 4061 4060 4060 4060 4060 4060 4060
1549 1777560947 3547 3692 3664 377 3577 3622 3622 3590 4061 4061 4060 4060 4060 4060 4060 4060
1550 1777560947 3547 3692 3663 377 3577 3621 3622 3590 4061 4061 4061 4061 4061 4061 4061 4061
1551 1777560947 3548 3692 3664 377 3578 3622 3622 3590 4061 4060 4060 4060 4060 4060 4060 4060
1552 1777560947 3547 3691 3664 378 3578 3622 3622 3590 4063 4063 4062 4062 4062 4062 4062 4062
1553 1777560947 3547 3691 3663 377 3577 3622 3622 3590 4061 4061 4061 4061 4061 4061 4061 4061
1554 1777560947 3547 3691 3663 377 3578 3621 3622 3590 4061 4061 4061 4061 4061 4061 4061 4061
1555 1777560947 3547 3692 3664 377 3578 3621 3622 3590 4063 4063 4062 4062 4062 4062 4062 4062
1556 1777560947 3546 3691 3663 378 3577 3621 3622 3590 4061 4060 4060 4060 4060 4060 4060 4060
1557 1777560947 3548 3692 3664 378 3579 3622 3622 3590 4061 4061 4061 4061 4061 4061 4061 4061
1558 1777560947 3546 3691 3663 377 3576 3621 3621 3590 4061 4061 4060 4060 4060 4060 4060 4060
1559 1777560947 3547 3691 3663 378 3577 3621 3622 3590 4061 4061 4060 4060 4060 4060 4060 4060
1560 1777560947 3547 3692 3664 377 3578 3622 3622 3590 4063 4061 4061 4061 4061 4061 4061 4061
1561 1777560947 3547 3692 3664 378 3578 3622 3622 3590 4061 4061 4060 4060 4060 4060 4060 4060
1562 1777560947 3547 3692 3663 377 3578 3621 3622 3590 4061 4061 4060 4060 4060 4060 4060 4060
1563 1777560947 3547 3691 3664 378 3578 3622 3622 3590 4061 4061 4061 4061 4061 4061 4061 4061
1564 1777560947 3547 3691 3663 377 3577 3621 3622 3590 4061 4061 4061 4061 4061 4061 4061 4061
1565 1777560947 3547 3691 3663 378 3577 3621 3622 3590 4061 4061 4060 4060 4060 4060 4060 4060
1566 1777560947 3546 3690 3663 377 3577 3621 3622 3589 4061 4061 4061 4061 4061 4061 4061 4061
1567 1777560947 3547 3691 3663 378 3577 3621 3622 3590 4061 4061 4061 4061 4061 4061 4061 4061
1568 1777560947 3547 3691 3663 378 3578 3621 3622 3590 4061 4061 4061 4061 4061 4061 4061 4061
1569 1777560947 3547 3692 3663 378 3577 3621 3622 3589 4061 4061 4061 4061 4061 4061 4061 4061
1570 1777560947 3548 3693 3665 377 3579 3623 3623 3591 4061 4061 4061 4061 4061 4061 4061 4061
1571 1777560947 3548 3692 3664 378 3578 3622 3623 3590 4061 4061 4061 4061 4061 4061 4061 4061
1572 1777560947 3547 3691 3663 377 3577 3621 3622 3589 4061 4061 4061 4061 4061 4061 4061 4061
1573 1777560947 3547 3692 3664 378 3577 3622 3623 3590 4063 4063 4062 4062 4062 4062 4062 4062
1574 1777560947 3547 3692 3664 377 3578 3622 3622 3590 4061 4061 4061 4061 4061 4061 4061 4061
1575 1777560947 3547 3691 3663 378 3578 3621 3622 3590 4061 4061 4061 4061 4061 4061 4061 4061
1576 1777560947 3547 3692 3663 378 3577 3621 3622 3590 4061 4061 4061 4061 4061 4061 4061 4061
1577 1777560947 3547 3691 3663 378 3578 3622 3622 3590 4061 4061 4061 4061 4061 4061 4061 4061
1578 1777560947 3547 3693 3664 377 3578 3621 3622 3590 4059 4059 4059 4059 4059 4059 4059 4059
1579 1777560947 3547 3692 3664 377 3578 3622 3622 3590 4061 4061 4061 4061 4061 4061 4061 4061
1580 1777560947 3547 3691 3664 377 3578 3621 3622 3590 4061 4061 4060 4060 4060 4060 4060 4060
1581 1777560947 3548 3692 3664 378 3578 3622 3623 3591 4061 4061 4060 4060 4060 4060 4060 4060
1582 1777560947 3547 3691 3663 378 3578 3622 3623 3591 4061 4061 4061 4061 4061 4061 4061 4061
1583 1777560947 3546 3691 3663 378 3578 3621 3622 3590 4059 4059 4059 4059 4059 4059 4059 4059
1584 1777560947 3547 3692 3664 378 3578 3621 3622 3590 4061 4061 4061 4061 4061 4061 4061 4061
1585 1777560947 3547 3691 3663 378 3577 3621 3622 3589 4061 4061 4060 4060 4060 4060 4060 4060
1586 1777560947 3547 3691 3663 377 3578 3621 3622 3590 4061 4061 4061 4061 4061 4061 4061 4061
1587 1777560947 3547 3692 3664 378 3578 3622 3622 3590 4061 4061 4061 4061 4061 4061 4061 4061
1588 1777560947 3547 3692 3664 377 3578 3622 3622 3590 4063 4063 4062 4062 4062 4062 4062 4062
1589 1777560947 3547 3691 3663 378 3577 3621 3622 3589 4059 4059 4058 4058 4058 4058 4058 4058
1590 1777560947 3547 3692 3664 377 3578 3621 3622 3590 4061 4061 4061 4061 4061 4061 4061 4061
1591 1777560947 3546 3691 3663 378 3577 3621 3621 3590 4063 4063 4062 4062 4062 4062 4062 4062
1592 1777560947 3547 3691 3663 377 3578 3622 3622 3590 4061 4061 4061 4061 4061 4061 4061 4061
1593 1777560947 312 3689 3664 378 3579 3622 3623 3591 4061 4061 4060 4060 4060 4060 4060 4060
1594 1777560947 3547 3692 3664 377 3578 3621 3622 3590 4061 4061 4060 4060 4060 4060 4060 4060
1595 1777560947 3546 3691 3663 378 3577 3620 3621 3589 4061 4061 4061 4061 4061 4061 4061 4061
1596 1777560947 3547 3691 3663 378 3577 3621 3622 3590 4061 4061 4060 4060 4060 4060 4060 4060
1597 1777560947 3547 3691 3663 378 3577 3621 3622 3590 4061 4061 4061 4061 4061 4061 4061 4061
1598 1777560947 3548 3692 3664 378 3578 3621 3622 3590 4059 4059 4059 4059 4059 4059 4059 4059
1599 1777560947 3547 3691 3663 378 3577 3621 3622 3590 4061 4061 4060 4060 4060 4060 4060 4060
1600 1777560947 3547 3692 3664 378 3578 3622 3622 3591 4061 4061 4061 4061 4061 4061 4061 4061
1601 1777560947 3546 3690 3663 378 3577 3621 3621 3589 4061 4061 4060 4060 4060 4060 4060 4060
1602 1777560947 3548 3693 3664 378 3578 3622 3623 3591 4061 4061 4061 4061 4061 4061 4061 4061
1603 1777560947 3546 3691 3663 378 3576 3620 3621 3589 4061 4061 4061 4061 4061 4061 4061 4061
1604 1777560947 3547 3691 3664 379 3578 3622 3622 3591 4061 4061 4061 4061 4061 4061 4061 4061
1605 1777560947 3547 3692 3664 378 3577 3622 3622 3590 4061 4061 4061 4061 4061 4061 4061 4061
1606 1777560947 3547 3692 3664 378 3578 3621 3622 3590 4061 4061 4061 4061 4061 4061 4061 4061
1607 1777560947 3547 3692 3664 378 3579 3622 3623 3591 4061 4061 4061 4061 4061 4061 4061 4061
1608 1777560947 3547 3691 3664 377 3578 3621 3622 3591 4061 4060 4060 4060 4060 4060 4060 4060
1609 1777560947 3546 3691 3663 378 3577 3621 3622 3591 4061 4061 4061 4061 4061 4061 4061 4061
1610 1777560947 3547 3691 3663 377 3578 3621 3622 3590 4061 4061 4060 4060 4060 4060 4060 4060
1611 1777560947 3547 3691 3663 378 3578 3621 3621 3589 4061 4061 4060 4060 4060 4060 4060 4060
1612 1777560947 3547 3691 3663 377 3578 3622 3622 3590 4061 4061 4060 4060 4060 4060 4060 4060
1613 1777560947 3547 3692 3664 378 3578 3622 3623 3591 4061 4061 4060 4060 4060 4060 4060 4060
1614 1777560947 3548 3693 3665 378 3578 3622 3622 3590 4061 4061 4061 4061 4061 4061 4061 4061
1615 1777560948 3547 3691 3664 378 3578 3622 3622 3591 4061 4061 4061 4061 4061 4061 4061 4061
1616 1777560948 3548 3692 3664 378 3578 3621 3622 3590 4061 4061 4060 4060 4060 4060 4060 4060
1617 1777560948 3547 3692 3664 378 3578 3621 3622 3590 4061 4061 4061 4061 4061 4061 4061 4061
1618 1777560948 3548 3693 3665 377 3579 3623 3623 3591 4061 4061 4060 4060 4060 4060 4060 4060
1619 1777560948 3548 3692 3664 378 3579 3622 3623 3591 4063 4063 4062 4062 4062 4062 4062 4062
1620 1777560948 3548 3692 3665 378 3578 3622 3623 3591 4061 4061 4060 4060 4060 4060 4060 4060
1621 1777560948 3547 3692 3664 378 3577 3622 3623 3591 4061 4061 4061 4061 4061 4061 4061 4061
1622 1777560948 3548 3693 3665 377 3579 3622 3623 3591 4061 4061 4061 4061 4061 4061 4061 4061
1623 1777560948 3548 3692 3664 378 3579 3622 3622 3591 4063 4063 4062 4062 4062 4062 4062 4062
1624 1777560948 3548 3692 3664 378 3578 3622 3622 3590 4063 4063 4062 4062 4062 4062 4062 4062
1625 1777560948 3548 3693 3665 378 3579 3622 3623 3591 4063 4061 4061 4061 4061 4061 4061 4061
1626 1777560948 3547 3691 3663 378 3578 3621 3622 3590 4061 4061 4061 4061 4061 4061 4061 4061
1627 1777560948 3548 3693 3665 378 3579 3622 3623 3591 4061 4061 4061 4061 4061 4061 4061 4061
1628 1777560948 3548 3692 3664 377 3578 3621 3622 3590 4063 4061 4061 4061 4061 4061 4061 4061
1629 1777560948 3548 3693 3665 378 3579 3622 3623 3591 4061 4061 4061 4061 4061 4061 4061 4061
1630 1777560948 3548 3692 3664 378 3578 3622 3623 3591 4061 4061 4061 4061 4061 4061 4061 4061
1631 1777560948 3548 3692 3664 378 3579 3622 3623 3591 4061 4061 4060 4060 4060 4060 4060 4060
1632 1777560948 3547 3692 3664 378 3578 3622 3622 3591 4061 4061 4061 4061 4061 4061 4061 4061
1633 1777560948 3548 3693 3665 378 3578 3622 3623 3591 4061 4061 4061 4061 4061 4061 4061 4061
1634 1777560948 3547 3692 3664 378 3578 3622 3622 3591 4061 4061 4061 4061 4061 4061 4061 4061
1635 1777560948 3547 3692 3664 378 3578 3622 3623 3591 4061 4061 4061 4061 4061 4061 4061 4061
1636 1777560948 3547 3692 3664 379 3578 3622 3622 3590 4061 4061 4060 4060 4060 4060 4060 4060
1637 1777560948 3547 3692 3664 378 3577 3622 3623 3591 4061 4061 4060 4060 4060 4060 4060 4060
1638 1777560948 3547 3692 3664 378 3578 3622 3622 3590 4061 4061 4061 4061 4061 4061 4061 4061
1639 1777560948 3549 3693 3666 378 3580 3624 3624 3592 4063 4061 4061 4061 4061 4061 4061 4061
1640 1777560948 3548 3692 3664 378 3578 3622 3622 3591 4061 4061 4060 4060 4060 4060 4060 4060
1641 1777560948 3548 3692 3665 378 3579 3622 3623 3591 4061 4061 4060 4060 4060 4060 4060 4060
1642 1777560948 3547 3692 3664 378 3578 3622 3622 3591 4061 4061 4060 4060 4060 4060 4060 4060
1643 1777560948 3548 3693 3665 378 3579 3622 3623 3591 4061 4061 4061 4061 4061 4061 4061 4061
1644 1777560948 3547 3691 3663 378 3577 3621 3622 3590 4059 4059 4059 4059 4059 4059 4059 4059
1645 1777560948 3547 3692 3664 378 3577 3622 3623 3591 4061 4061 4060 4060 4060 4060 4060 4060
1646 1777560948 3548 3693 3665 378 3578 3622 3623 3591 4061 4061 4061 4061 4061 4061 4061 4061
1647 1777560948 3547 3692 3664 378 3578 3622 3622 3591 4061 4061 4061 4061 4061 4061 4061 4061
1648 1777560948 3549 3693 3665 378 3579 3623 3623 3591 4061 4061 4061 4061 4061 4061 4061 4061
1649 1777560948 3547 3692 3664 378 3578 3622 3623 3590 4061 4061 4061 4061 4061 4061 4061 4061
1650 1777560948 3548 3693 3665 378 3579 3623 3623 3591 4061 4061 4061 4061 4061 4061 4061 4061
1651 1777560948 3547 3692 3664 378 3578 3622 3622 3591 4061 4061 4061 4061 4061 4061 4061 4061
1652 1777560948 3547 3692 3664 379 3578 3622 3623 3591 4061 4061 4061 4061 4061 4061 4061 4061
1653 1777560956 3546 3690 3663 378 3576 3620 3621 3589 4063 4063 4062 4062 4062 4062 4062 4062
1654 1777560956 3548 3692 3664 378 3579 3622 3623 3591 4063 4061 4061 4061 4061 4061 4061 4061
1655 1777560956 3547 3691 3663 378 3577 3621 3621 3590 4061 4061 4061 4061 4061 4061 4061 4061
1656 1777560956 3548 3692 3664 378 3577 3622 3622 3590 4059 4059 4059 4059 4059 4059 4059 4059
1657 1777560956 3547 3692 3664 378 3578 3621 3622 3590 4061 4061 4061 4061 4061 4061 4061 4061
1658 1777560956 3546 3691 3663 378 3577 3621 3621 3589 4061 4061 4060 4060 4060 4060 4060 4060
1659 1777560956 3547 3691 3663 379 3577 3621 3622 3590 4061 4061 4061 4061 4061 4061 4061 4061
1660 1777560956 3547 3691 3664 378 3577 3621 3622 3589 4061 4061 4061 4061 4061 4061 4061 4061
1661 1777560956 3547 3692 3664 378 3578 3621 3622 3590 4061 4061 4060 4060 4060 4060 4060 4060
1662 1777560956 3547 3692 3664 378 3578 3622 3622 3590 4061 4061 4061 4061 4061 4061 4061 4061
1663 1777560956 3547 3691 3664 378 3578 3621 3622 3590 4061 4061 4061 4061 4061 4061 4061 4061
1664 1777560956 3546 3691 3662 378 3577 3621 3621 3589 4061 4061 4061 4061 4061 4061 4061 4061
1665 1777560956 3547 3691 3663 381 3577 3621 3622 3589 4061 4061 4061 4061 4061 4061 4061 4061
1666 1777560956 3547 3691 3663 380 3578 3622 3622 3591 4061 4061 4061 4061 4061 4061 4061 4061
1667 1777560956 3547 3691 3663 379 3577 3621 3621 3589 4061 4061 4060 4060 4060 4060 4060 4060
1668 1777560956 3547 3692 3664 378 3577 3622 3622 3590 4061 4061 4060 4060 4060 4060 4060 4060
1669 1777560956 3547 3692 3664 378 3576 3621 3622 3590 4061 4061 4061 4061 4061 4061 4061 4061
1670 1777560956 3546 3691 3663 378 3577 3621 3622 3590 4061 4061 4061 4061 4061 4061 4061 4061
1671 1777560956 3546 3691 3663 378 3578 3621 3622 3589 4061 4061 4061 4061 4061 4061 4061 4061
1672 1777560956 3547 3691 3663 378 3577 3620 3621 3589 4061 4061 4061 4061 4061 4061 4061 4061
1673 1777560956 3548 3692 3664 378 3578 3622 3623 3591 4061 4061 4061 4061 4061 4061 4061 4061
1674 1777560956 3547 3691 3664 379 3578 3621 3622 3590 4061 4061 4061 4061 4061 4061 4061 4061
1675 1777560956 3546 3691 3663 379 3578 3622 3622 3590 4061 4061 4060 4060 4060 4060 4060 4060
1676 1777560956 3548 3692 3665 378 3579 3622 3623 3591 4061 4061 4061 4061 4061 4061 4061 4061
1677 1777560956 3547 3692 3664 378 3578 3622 3622 3590 4061 4061 4061 4061 4061 4061 4061 4061
1678 1777560956 3547 3691 3664 378 3578 3622 3622 3590 4061 4061 4061 4061 4061 4061 4061 4061
1679 1777560956 3546 3691 3663 379 3577 3621 3621 3589 4059 4059 4058 4058 4058 4058 4058 4058
1680 1777560956 3547 3692 3664 378 3578 3622 3622 3590 4061 4061 4061 4061 4061 4061 4061 4061
1681 1777560956 3548 3693 3665 378 3578 3622 3622 3591 4061 4061 4060 4060 4060 4060 4060 4060
1682 1777560956 3547 3692 3664 378 3578 3622 3622 3590 4059 4059 4059 4059 4059 4059 4059 4059
1683 1777560956 3547 3692 3664 378 3578 3622 3622 3590 4061 4061 4060 4060 4060 4060 4060 4060
1684 1777560956 3549 3693 3665 378 3579 3623 3623 3591 4061 4061 4061 4061 4061 4061 4061 4061
1685 1777560956 437 3688 3664 378 3578 3622 3623 3591 4061 4061 4060 4060 4060 4060 4060 4060
1686 1777560956 3548 3692 3665 378 3579 3622 3623 3591 4061 4061 4061 4061 4061 4061 4061 4061
1687 1777560956 3547 3692 3664 378 3578 3622 3623 3590 4061 4061 4061 4061 4061 4061 4061 4061
1688 1777560956 3547 3692 3664 379 3578 3622 3623 3591 4061 4061 4061 4061 4061 4061 4061 4061
1689 1777560956 3547 3691 3663 379 3578 3621 3622 3589 4061 4061 4060 4060 4060 4060 4060 4060
1690 1777560956 3547 3692 3664 378 3578 3622 3622 3590 4061 4061 4060 4060 4060 4060 4060 4060
1691 1777560956 3548 3692 3664 378 3578 3622 3622 3591 4061 4061 4060 4060 4060 4060 4060 4060
1692 1777560956 3548 3693 3665 378 3579 3623 3623 3591 4061 4061 4061 4061 4061 4061 4061 4061
1693 1777560956 3548 3692 3664 378 3578 3621 3622 3590 4061 4061 4060 4060 4060 4060 4060 4060
1694 1777560956 3548 3693 3665 378 3579 3622 3623 3590 4061 4061 4061 4061 4061 4061 4061 4061
1695 1777560956 3547 3692 3664 378 3578 3622 3622 3590 4061 4061 4061 4061 4061 4061 4061 4061
1696 1777560956 3547 3692 3664 378 3578 3622 3622 3591 4059 4059 4059 4059 4059 4059 4059 4059
1697 1777560956 3548 3693 3665 378 3580 3623 3623 3592 4061 4061 4061 4061 4061 4061 4061 4061
1698 1777560957 3548 3693 3665 378 3579 3622 3623 3591 4061 4061 4060 4060 4060 4060 4060 4060
1699 1777560957 3547 3692 3664 379 3578 3621 3622 3590 4063 4063 4062 4062 4062 4062 4062 4062
1700 1777560957 3547 3691 3663 378 3577 3621 3622 3590 4061 4060 4060 4060 4060 4060 4060 4060
1701 1777560957 3549 3694 3665 378 3580 3623 3623 3591 4061 4061 4060 4060 4060 4060 4060 4060
1702 1777560957 3547 3692 3664 379 3578 3622 3622 3590 4061 4061 4060 4060 4060 4060 4060 4060
1703 1777560957 3547 3691 3664 379 3578 3621 3622 3590 4061 4061 4061 4061 4061 4061 4061 4061
1704 1777560957 3547 3692 3664 378 3578 3622 3622 3591 4061 4061 4061 4061 4061 4061 4061 4061
1705 1777560957 3547 3692 3664 378 3577 3621 3622 3590 4061 4061 4060 4060 4060 4060 4060 4060
1706 1777560957 3547 3692 3664 378 3578 3622 3622 3591 4061 4061 4060 4060 4060 4060 4060 4060
1707 1777560957 3547 3691 3663 379 3578 3622 3622 3590 4061 4061 4061 4061 4061 4061 4061 4061
1708 1777560957 3548 3693 3665 378 3579 3622 3623 3591 4063 4063 4062 4062 4062 4062 4062 4062
1709 1777560957 3548 3693 3665 378 3579 3623 3623 3591 4061 4061 4060 4060 4060 4060 4060 4060
1710 1777560957 3548 3692 3664 378 3579 3622 3622 3591 4061 4061 4061 4061 4061 4061 4061 4061
1711 1777560957 3547 3692 3664 378 3579 3623 3623 3591 4061 4061 4060 4060 4060 4060 4060 4060
1712 1777560957 3548 3692 3664 378 3579 3623 3623 3591 4061 4061 4060 4060 4060 4060 4060 4060
1713 1777560957 3548 3693 3665 379 3579 3622 3623 3591 4061 4061 4061 4061 4061 4061 4061 4061
1714 1777560957 3547 3692 3664 378 3577 3622 3622 3590 4061 4061 4061 4061 4061 4061 4061 4061
1715 1777560957 3548 3692 3664 379 3578 3622 3623 3591 4061 4061 4060 4060 4060 4060 4060 4060
1716 1777560957 3547 3691 3663 379 3577 3621 3622 3590 4061 4061 4060 4060 4060 4060 4060 4060
1717 1777560957 3547 3692 3664 379 3578 3622 3623 3590 4063 4063 4062 4062 4062 4062 4062 4062
1718 1777560957 3548 3692 3665 378 3579 3622 3623 3591 4061 4061 4061 4061 4061 4061 4061 4061
1719 1777560957 3547 3692 3664 378 3578 3621 3622 3590 4061 4061 4061 4061 4061 4061 4061 4061
1720 1777560957 3548 3692 3664 378 3578 3622 3622 3590 4061 4061 4061 4061 4061 4061 4061 4061
1721 1777560957 3547 3692 3664 379 3578 3621 3622 3590 4061 4061 4061 4061 4061 4061 4061 4061
1722 1777560957 3549 3693 3665 378 3579 3623 3624 3591 4061 4060 4060 4060 4060 4060 4060 4060
1723 1777560957 3547 3692 3664 378 3578 3623 3623 3591 4061 4061 4061 4061 4061 4061 4061 4061
1724 1777560957 3548 3692 3665 378 3579 3622 3623 3591 4061 4061 4061 4061 4061 4061 4061 4061
1725 1777560957 3547 3692 3664 378 3578 3621 3622 3589 4061 4061 4061 4061 4061 4061 4061 4061
1726 1777560957 3548 3693 3665 378 3579 3622 3623 3591 4061 4061 4061 4061 4061 4061 4061 4061
1727 1777560957 3549 3693 3665 379 3579 3623 3623 3591 4061 4061 4061 4061 4061 4061 4061 4061
1728 1777560957 3548 3693 3665 379 3579 3622 3623 3591 4061 4061 4060 4060 4060 4060 4060 4060
1729 1777560957 3548 3692 3664 378 3579 3622 3623 3591 4061 4061 4061 4061 4061 4061 4061 4061
1730 1777560957 3547 3692 3664 379 3579 3622 3622 3591 4061 4061 4060 4060 4060 4060 4060 4060
1731 1777560957 3548 3693 3665 379 3578 3623 3623 3591 4061 4061 4061 4061 4061 4061 4061 4061
1732 1777560957 3549 3693 3665 379 3577 3622 3623 3591 4061 4061 4061 4061 4061 4061 4061 4061
1733 1777560957 3547 3692 3664 379 3578 3622 3623 3591 4063 4063 4062 4062 4062 4062 4062 4062
1734 1777560957 3548 3693 3665 378 3579 3623 3624 3591 4061 4061 4061 4061 4061 4061 4061 4061
1735 1777560957 3548 3693 3665 379 3579 3623 3623 3591 4061 4061 4061 4061 4061 4061 4061 4061
1736 1777560957 3548 3693 3665 378 3579 3623 3623 3592 4061 4061 4060 4060 4060 4060 4060 4060
1737 1777560957 3548 3692 3665 379 3579 3622 3623 3592 4061 4061 4061 4061 4061 4061 4061 4061
1738 1777560957 3548 3692 3664 378 3579 3622 3623 3591 4061 4061 4061 4061 4061 4061 4061 4061
1739 1777560957 3548 3693 3665 378 3579 3623 3624 3592 4061 4061 4060 4060 4060 4060 4060 4060
1740 1777560957 3547 3691 3663 379 3577 3621 3622 3590 4061 4061 4061 4061 4061 4061 4061 4061
1741 1777560957 3549 3693 3665 378 3580 3623 3624 3591 4063 4061 4061 4061 4061 4061 4061 4061
1742 1777560957 3548 3692 3665 379 3579 3622 3624 3591 4063 4061 4061 4061 4061 4061 4061 4061
1743 1777560957 3549 3693 3665 379 3579 3623 3623 3592 4061 4061 4061 4061 4061 4061 4061 4061
1744 1777560957 3548 3693 3665 379 3579 3623 3623 3591 4061 4061 4060 4060 4060 4060 4060 4060
1745 1777560957 3548 3692 3664 379 3578 3622 3623 3590 4063 4061 4061 4061 4061 4061 4061 4061
1746 1777560957 3549 3694 3666 379 3579 3623 3623 3592 4061 4061 4061 4061 4061 4061 4061 4061
1747 1777560957 3548 3692 3664 379 3578 3622 3623 3591 4061 4061 4060 4060 4060 4060 4060 4060
1748 1777560957 3549 3693 3665 378 3579 3623 3624 3592 4061 4061 4060 4060 4060 4060 4060 4060
1749 1777560957 3548 3693 3665 379 3579 3622 3623 3591 4061 4061 4061 4061 4061 4061 4061 4061
1750 1777560957 3548 3693 3664 379 3579 3622 3623 3591 4061 4061 4061 4061 4061 4061 4061 4061
1751 1777560957 3548 3693 3665 379 3578 3622 3623 3591 4061 4061 4060 4060 4060 4060 4060 4060
1752 1777560957 3548 3693 3666 378 3580 3623 3623 3592 4061 4061 4060 4060 4060 4060 4060 4060
1753 1777560957 3549 3693 3666 379 3580 3624 3623 3592 4059 4059 4059 4059 4059 4059 4059 4059
1754 1777560957 3548 3693 3665 378 3579 3623 3623 3591 4061 4061 4061 4061 4061 4061 4061 4061
1755 1777560957 3548 3693 3665 379 3579 3623 3623 3591 4061 4061 4060 4060 4060 4060 4060 4060
1756 1777560957 3548 3693 3665 379 3579 3623 3624 3592 4061 4061 4061 4061 4061 4061 4061 4061
1757 1777560957 3548 3693 3665 379 3578 3622 3623 3591 4061 4061 4061 4061 4061 4061 4061 4061
1758 1777560957 3548 3692 3664 379 3578 3622 3623 3591 4061 4061 4060 4060 4060 4060 4060 4060
1759 1777560957 3549 3693 3665 379 3578 3623 3623 3591 4061 4061 4060 4060 4060 4060 4060 4060
1760 1777560957 3548 3692 3665 379 3579 3622 3623 3592 4061 4061 4060 4060 4060 4060 4060 4060
1761 1777560957 3549 3692 3664 379 3579 3622 3623 3591 4063 4063 4062 4062 4062 4062 4062 4062
1762 1777560957 3548 3693 3664 380 3579 3622 3623 3592 4061 4061 4061 4061 4061 4061 4061 4061
1763 1777560957 3549 3693 3665 379 3578 3623 3623 3591 4061 4061 4060 4060 4060 4060 4060 4060
1764 1777560957 3548 3693 3665 379 3579 3623 3623 3592 4061 4061 4061 4061 4061 4061 4061 4061
1765 1777560957 3548 3693 3665 379 3579 3623 3623 3591 4063 4063 4062 4062 4062 4062 4062 4062
1766 1777560957 3550 3695 3666 379 3581 3625 3625 3593 4061 4061 4060 4060 4060 4060 4060 4060
1767 1777560957 3548 3692 3664 379 3578 3621 3622 3590 4061 4061 4061 4061 4061 4061 4061 4061
1768 1777560957 3548 3693 3665 379 3579 3622 3623 3590 4061 4061 4060 4060 4060 4060 4060 4060
1769 1777560957 3548 3693 3665 379 3579 3623 3624 3591 4061 4061 4061 4061 4061 4061 4061 4061
1770 1777560957 3547 3692 3664 379 3578 3622 3622 3590 4061 4061 4061 4061 4061 4061 4061 4061
1771 1777560957 3548 3692 3665 379 3578 3623 3623 3591 4061 4061 4061 4061 4061 4061 4061 4061
1772 1777560957 3548 3693 3665 379 3579 3623 3623 3591 4063 4063 4062 4062 4062 4062 4062 4062
1773 1777560957 3551 3696 3668 379 3582 3625 3626 3593 4061 4061 4061 4061 4061 4061 4061 4061
1774 1777560957 3549 3693 3665 379 3579 3623 3623 3591 4061 4061 4061 4061 4061 4061 4061 4061
1775 1777560957 3548 3692 3665 379 3579 3623 3623 3591 4061 4061 4061 4061 4061 4061 4061 4061
1776 1777560957 3549 3694 3665 379 3580 3624 3624 3592 4061 4061 4061 4061 4061 4061 4061 4061
1777 1777560957 3548 3693 3665 379 3579 3620 3623 3591 4061 4061 4061 4061 4061 4061 4061 4061
1778 1777560958 3549 3693 3665 380 3579 3623 3623 3592 4063 4063 4062 4062 4062 4062 4062 4062
1779 1777560958 3548 3693 3666 379 3580 3623 3624 3592 4061 4061 4061 4061 4061 4061 4061 4061
1780 1777560958 3549 3693 3665 379 3579 3622 3623 3591 4063 4063 4062 4062 4062 4062 4062 4062
1781 1777560958 3548 3693 3665 379 3579 3622 3623 3591 4061 4061 4060 4060 4060 4060 4060 4060
1782 1777560958 3549 3694 3666 379 3579 3623 3624 3592 4061 4061 4061 4061 4061 4061 4061 4061
1783 1777560958 3549 3693 3665 379 3580 3623 3624 3592 4061 4061 4060 4060 4060 4060 4060 4060
1784 1777560958 3547 3692 3664 379 3579 3622 3622 3590 4059 4059 4058 4058 4058 4058 4058 4058
1785 1777560958 3549 3694 3666 379 3580 3623 3624 3592 4061 4061 4060 4060 4060 4060 4060 4060
1786 1777560958 3547 3692 3664 379 3579 3623 3623 3591 4063 4063 4062 4062 4062 4062 4062 4062
1787 1777560958 3549 3693 3666 379 3579 3623 3624 3591 4061 4061 4060 4060 4060 4060 4060 4060
1788 1777560958 3548 3692 3664 379 3579 3623 3623 3591 4063 4063 4062 4062 4062 4062 4062 4062
1789 1777560958 3549 3694 3665 379 3580 3623 3623 3592 4061 4061 4060 4060 4060 4060 4060 4060
1790 1777560958 3547 3691 3663 377 3577 3621 3622 3590 4061 4061 4061 4061 4061 4061 4061 4061
1791 1777560958 3547 3692 3664 377 3578 3622 3623 3591 4059 4059 4058 4058 4058 4058 4058 4058
1792 1777560958 3546 3690 3662 377 3577 3620 3620 3588 4061 4061 4060 4060 4060 4060 4060 4060
1793 1777560958 3547 3691 3663 377 3577 3621 3621 3589 4061 4061 4061 4061 4061 4061 4061 4061
1794 1777560958 3547 3692 3664 377 3578 3622 3621 3589 4063 4063 4062 4062 4062 4062 4062 4062
1795 1777560958 3546 3691 3663 379 3578 3621 3621 3589 4059 4059 4059 4059 4059 4059 4059 4059
1796 1777560958 3546 3691 3663 378 3577 3621 3622 3590 4061 4061 4061 4061 4061 4061 4061 4061
1797 1777560958 3547 3692 3663 378 3576 3621 3622 3590 4061 4061 4061 4061 4061 4061 4061 4061
1798 1777560958 3547 3691 3664 378 3577 3621 3622 3590 4063 4063 4062 4062 4062 4062 4062 4062
1799 1777560958 3548 3692 3664 377 3578 3622 3622 3590 4061 4061 4060 4060 4060 4060 4060 4060
1800 1777560958 3547 3691 3663 377 3578 3621 3622 3590 4061 4061 4060 4060 4060 4060 4060 4060
1801 1777560958 3546 3691 3663 377 3576 3621 3621 3589 4061 4061 4061 4061 4061 4061 4061 4061
1802 1777560958 3547 3692 3664 377 3578 3622 3622 3590 4061 4061 4060 4060 4060 4060 4060 4060
1803 1777560958 3546 3691 3662 378 3576 3620 3621 3589 4063 4063 4062 4062 4062 4062 4062 4062
1804 1777560958 3547 3692 3664 378 3577 3621 3621 3590 4061 4061 4061 4061 4061 4061 4061 4061
1805 1777560958 3547 3692 3664 377 3578 3621 3622 3590 4061 4061 4061 4061 4061 4061 4061 4061
1806 1777560958 3547 3692 3664 378 3577 3620 3621 3590 4061 4061 4060 4060 4060 4060 4060 4060
1807 1777560958 3548 3691 3664 377 3578 3621 3622 3590 4061 4061 4061 4061 4061 4061 4061 4061
1808 1777560958 3547 3692 3663 377 3578 3622 3622 3590 4061 4061 4061 4061 4061 4061 4061 4061
1809 1777560958 3546 3691 3664 377 3578 3621 3622 3589 4061 4061 4061 4061 4061 4061 4061 4061
1810 1777560958 3548 3692 3664 377 3578 3622 3622 3590 4061 4060 4060 4060 4060 4060 4060 4060
1811 1777560958 3547 3691 3663 377 3578 3621 3622 3590 4061 4061 4061 4061 4061 4061 4061 4061
1812 1777560958 3548 3693 3665 378 3579 3622 3623 3591 4061 4061 4061 4061 4061 4061 4061 4061
1813 1777560958 3548 3692 3665 377 3578 3622 3623 3591 4061 4061 4061 4061 4061 4061 4061 4061
1814 1777560958 3547 3691 3663 377 3578 3621 3621 3589 4063 4063 4062 4062 4062 4062 4062 4062
1815 1777560958 3547 3691 3663 377 3578 3621 3622 3590 4061 4061 4061 4061 4061 4061 4061 4061
1816 1777560958 3546 3691 3663 377 3577 3621 3621 3590 4061 4061 4060 4060 4060 4060 4060 4060
1817 1777560958 3547 3691 3664 377 3578 3622 3622 3590 4061 4061 4061 4061 4061 4061 4061 4061
1818 1777560958 3547 3692 3663 378 3577 3621 3622 3590 4061 4061 4061 4061 4061 4061 4061 4061
1819 1777560958 3547 3691 3664 378 3578 3621 3622 3590 4061 4061 4061 4061 4061 4061 4061 4061
1820 1777560958 3547 3692 3664 378 3578 3622 3622 3590 4060 4061 4060 4060 4060 4060 4060 4060
1821 1777560958 3547 3692 3664 377 3578 3621 3622 3590 4061 4061 4061 4061 4061 4061 4061 4061
1822 1777560958 3547 3691 3663 377 3577 3621 3621 3589 4063 4063 4062 4062 4062 4062 4062 4062
1823 1777560958 3546 3691 3663 377 3577 3621 3621 3589 4061 4061 4060 4060 4060 4060 4060 4060
1824 1777560958 3548 3692 3664 377 3579 3622 3623 3591 4061 4061 4061 4061 4061 4061 4061 4061
1825 1777560958 3548 3692 3665 377 3578 3622 3623 3591 4063 4061 4061 4061 4061 4061 4061 4061
1826 1777560958 3548 3692 3664 377 3578 3621 3622 3590 4061 4061 4061 4061 4061 4061 4061 4061
1827 1777560958 3547 3692 3664 377 3578 3622 3623 3590 4061 4061 4061 4061 4061 4061 4061 4061
1828 1777560958 3548 3692 3664 378 3578 3622 3623 3590 4061 4061 4060 4060 4060 4060 4060 4060
1829 1777560958 3548 3692 3665 378 3579 3623 3623 3591 4061 4061 4061 4061 4061 4061 4061 4061
1830 1777560958 3547 3692 3664 378 3578 3622 3623 3591 4061 4061 4060 4060 4060 4060 4060 4060
1831 1777560958 3547 3692 3664 378 3578 3622 3623 3590 4061 4061 4061 4061 4061 4061 4061 4061
1832 1777560958 3547 3691 3663 378 3577 3621 3621 3590 4061 4061 4060 4060 4060 4060 4060 4060
1833 1777560958 3547 3692 3665 377 3578 3622 3623 3591 4061 4061 4061 4061 4061 4061 4061 4061
1834 1777560958 3547 3692 3663 378 3578 3621 3623 3590 4061 4061 4060 4060 4060 4060 4060 4060
1835 1777560958 3546 3691 3663 377 3577 3621 3621 3589 4061 4061 4060 4060 4060 4060 4060 4060
1836 1777560958 3547 3692 3664 377 3578 3622 3622 3590 4061 4061 4061 4061 4061 4061 4061 4061
1837 1777560958 3547 3692 3664 378 3578 3622 3623 3591 4061 4061 4060 4060 4060 4060 4060 4060
1838 1777560958 3548 3692 3664 377 3579 3622 3623 3592 4061 4061 4061 4061 4061 4061 4061 4061
1839 1777560958 3547 3692 3664 378 3578 3622 3622 3591 4061 4061 4061 4061 4061 4061 4061 4061
1840 1777560958 3546 3691 3664 377 3577 3621 3621 3589 4061 4061 4061 4061 4061 4061 4061 4061
1841 1777560958 3547 3691 3663 377 3578 3621 3622 3589 4061 4061 4060 4060 4060 4060 4060 4060
1842 1777560958 3547 3691 3664 378 3578 3622 3622 3590 4061 4061 4061 4061 4061 4061 4061 4061
1843 1777560958 3547 3691 3664 379 3578 3621 3622 3590 4061 4061 4060 4060 4060 4060 4060 4060
1844 1777560958 3547 3691 3664 378 3577 3621 3622 3590 4061 4061 4061 4061 4061 4061 4061 4061
1845 1777560958 3548 3692 3664 377 3578 3621 3622 3590 4063 4063 4062 4062 4062 4062 4062 4062
1846 1777560958 3548 3693 3665 377 3579 3622 3622 3590 4061 4061 4061 4061 4061 4061 4061 4061
1847 1777560958 3547 3692 3664 377 3578 3622 3622 3590 4061 4061 4060 4060 4060 4060 4060 4060
1848 1777560958 3548 3692 3664 378 3578 3622 3622 3590 4061 4061 4061 4061 4061 4061 4061 4061
1849 1777560958 3548 3692 3664 377 3578 3621 3622 3590 4063 4063 4062 4062 4062 4062 4062 4062
1850 1777560958 3547 3691 3664 378 3578 3622 3623 3590 4061 4061 4060 4060 4060 4060 4060 4060
1851 1777560958 3548 3692 3664 377 3578 3622 3622 3591 4061 4061 4061 4061 4061 4061 4061 4061
1852 1777560959 3549 3693 3666 378 3579 3624 3624 3592 4061 4061 4061 4061 4061 4061 4061 4061
1853 1777560959 3548 3692 3664 378 3578 3622 3622 3590 4061 4061 4061 4061 4061 4061 4061 4061
1854 1777560959 3547 3692 3663 378 3577 3621 3622 3590 4061 4061 4061 4061 4061 4061 4061 4061
1855 1777560959 3547 3692 3664 377 3578 3621 3623 3591 4061 4061 4060 4060 4060 4060 4060 4060
1856 1777560959 3547 3692 3664 377 3579 3622 3622 3590 4061 4061 4061 4061 4061 4061 4061 4061
1857 1777560959 3547 3691 3664 378 3578 3621 3623 3590 4061 4061 4061 4061 4061 4061 4061 4061
1858 1777560959 3547 3691 3663 378 3577 3620 3621 3589 4061 4061 4060 4060 4060 4060 4060 4060
1859 1777560959 3547 3692 3664 379 3578 3622 3623 3591 4061 4061 4061 4061 4061 4061 4061 4061
1860 1777560959 3548 3692 3665 378 3577 3623 3623 3591 4061 4061 4061 4061 4061 4061 4061 4061
1861 1777560959 3548 3692 3665 377 3579 3622 3623 3591 4061 4061 4061 4061 4061 4061 4061 4061
1862 1777560959 3548 3693 3665 377 3579 3622 3623 3590 4061 4061 4061 4061 4061 4061 4061 4061
1863 1777560959 3547 3692 3664 378 3578 3621 3622 3590 4061 4061 4061 4061 4061 4061 4061 4061
1864 1777560959 3548 3693 3664 378 3578 3622 3623 3591 4061 4061 4061 4061 4061 4061 4061 4061
1865 1777560959 3547 3692 3664 378 3577 3621 3622 3590 4061 4061 4060 4060 4060 4060 4060 4060
1866 1777560959 3548 3692 3665 378 3579 3622 3623 3591 4061 4061 4060 4060 4060 4060 4060 4060
1867 1777560959 3548 3693 3665 377 3579 3623 3623 3591 4061 4061 4061 4061 4061 4061 4061 4061
1868 1777560959 3547 3692 3664 378 3578 3622 3623 3591 4061 4061 4061 4061 4061 4061 4061 4061
1869 1777560959 3547 3692 3664 378 3578 3622 3622 3590 4061 4061 4061 4061 4061 4061 4061 4061
1870 1777560959 3547 3692 3664 378 3578 3621 3623 3591 4061 4061 4061 4061 4061 4061 4061 4061
1871 1777560959 3548 3693 3664 378 3578 3621 3622 3590 4061 4061 4061 4061 4061 4061 4061 4061
1872 1777560959 3547 3691 3663 378 3578 3622 3622 3590 4061 4061 4061 4061 4061 4061 4061 4061
1873 1777560959 3547 3692 3664 378 3578 3621 3622 3590 4061 4060 4060 4060 4060 4060 4060 4060
1874 1777560959 3547 3692 3664 378 3578 3622 3622 3590 4061 4061 4061 4061 4061 4061 4061 4061
1875 1777560959 3547 3692 3664 378 3578 3621 3622 3590 4059 4059 4059 4059 4059 4059 4059 4059
1876 1777560959 3548 3692 3664 378 3579 3622 3623 3591 4061 4061 4060 4060 4060 4060 4060 4060
1877 1777560959 3548 3693 3664 378 3579 3622 3623 3591 4061 4061 4060 4060 4060 4060 4060 4060
1878 1777560959 3548 3692 3664 378 3578 3622 3622 3590 4061 4061 4061 4061 4061 4061 4061 4061
1879 1777560959 3546 3691 3663 378 3578 3621 3622 3590 4059 4059 4059 4059 4059 4059 4059 4059
1880 1777560959 3547 3692 3664 378 3578 3622 3622 3590 4061 4061 4060 4060 4060 4060 4060 4060
1881 1777560959 3547 3692 3664 378 3578 3622 3622 3590 4061 4061 4061 4061 4061 4061 4061 4061
1882 1777560959 3547 3692 3664 378 3578 3622 3622 3590 4061 4061 4060 4060 4060 4060 4060 4060
1883 1777560959 3547 3692 3664 378 3578 3622 3622 3590 4061 4061 4060 4060 4060 4060 4060 4060
1884 1777560959 3547 3692 3664 378 3578 3621 3622 3590 4059 4059 4059 4059 4059 4059 4059 4059
1885 1777560959 3547 3692 3664 378 3578 3622 3623 3591 4059 4059 4059 4059 4059 4059 4059 4059
1886 1777560959 3548 3693 3665 378 3579 3623 3623 3591 4061 4061 4061 4061 4061 4061 4061 4061
1887 1777560959 3547 3692 3664 378 3578 3622 3622 3590 4061 4061 4061 4061 4061 4061 4061 4061
1888 1777560959 3548 3692 3664 378 3579 3622 3623 3591 4061 4061 4061 4061 4061 4061 4061 4061
1889 1777560959 3548 3692 3664 378 3579 3623 3623 3591 4061 4061 4061 4061 4061 4061 4061 4061
1890 1777560959 3548 3693 3664 378 3579 3622 1424 3589 4061 4061 4060 4060 4060 4060 4060 4060
1891 1777560959 3546 3691 3663 379 3577 3620 3622 3590 4063 4063 4062 4062 4062 4062 4062 4062
1892 1777560959 3547 3692 3664 378 3577 3622 3622 3590 4061 4061 4061 4061 4061 4061 4061 4061
1893 1777560959 3548 3692 3664 378 3578 3622 3623 3591 4061 4061 4060 4060 4060 4060 4060 4060
1894 1777560959 3548 3693 3665 378 3579 3623 3623 3591 4061 4061 4061 4061 4061 4061 4061 4061
1895 1777560959 3547 3692 3664 378 3578 3622 3622 3591 4061 4061 4060 4060 4060 4060 4060 4060
1896 1777560959 3548 3692 3664 378 3579 3622 3623 3591 4061 4061 4061 4061 4061 4061 4061 4061
1897 1777560959 3548 3692 3664 378 3578 3622 3623 3591 4061 4061 4060 4060 4060 4060 4060 4060
1898 1777560959 3547 3692 3664 378 3578 3622 3622 3591 4061 4061 4060 4060 4060 4060 4060 4060
1899 1777560959 3548 3693 3665 379 3579 3623 3623 3592 4061 4061 4060 4060 4060 4060 4060 4060
1900 1777560959 3547 3692 3664 378 3577 3621 3622 3590 4061 4061 4060 4060 4060 4060 4060 4060
1901 1777560959 3548 3693 3665 378 3579 3623 3624 3591 4061 4061 4061 4061 4061 4061 4061 4061
1902 1777560959 3548 3693 3664 378 3579 3623 3623 3591 4061 4061 4061 4061 4061 4061 4061 4061
1903 1777560959 3548 3693 3665 378 3579 3623 3623 3591 4061 4061 4061 4061 4061 4061 4061 4061
1904 1777560959 3548 3692 3664 378 3578 3622 3622 3591 4061 4061 4060 4060 4060 4060 4060 4060
1905 1777560959 3548 3693 3665 377 3579 3623 3623 3591 4061 4061 4061 4061 4061 4061 4061 4061
1906 1777560959 3547 3692 3664 378 3578 3622 3622 3590 4059 4059 4059 4059 4059 4059 4059 4059
1907 1777560959 3548 3692 3665 379 3578 3622 3623 3591 4061 4061 4060 4060 4060 4060 4060 4060
1908 1777560959 3548 3692 3664 378 3579 3622 3623 3591 4057 4057 4057 4057 4057 4057 4057 4057
1909 1777560959 3547 3691 3663 378 3577 3621 3622 3590 4061 4061 4061 4061 4061 4061 4061 4061
1910 1777560959 3548 3693 3664 378 3579 3622 3623 3591 4061 4061 4061 4061 4061 4061 4061 4061
1911 1777560975 3546 3691 3663 378 3577 3620 3621 3589 4061 4059 4059 4059 4059 4059 4059 4059
1912 1777560975 3547 3691 3663 378 3577 3620 3622 3589 4061 4061 4060 4060 4060 4060 4060 4060
1913 1777560975 3546 3691 3663 379 3577 3621 3621 3590 4061 4061 4060 4060 4060 4060 4060 4060
1914 1777560975 3547 3692 3664 378 3577 3621 3622 3590 4061 4061 4061 4061 4061 4061 4061 4061
1915 1777560975 3548 3692 3664 378 3578 3621 3622 3590 4061 4061 4061 4061 4061 4061 4061 4061
1916 1777560975 3546 3690 3662 378 3576 3620 3621 3589 4061 4061 4061 4061 4061 4061 4061 4061
1917 1777560975 3547 3691 3664 379 3578 3621 3622 3590 4061 4061 4061 4061 4061 4061 4061 4061
1918 1777560975 3546 3691 3663 378 3577 3620 3621 3589 4061 4061 4060 4060 4060 4060 4060 4060
1919 1777560975 3547 3692 3664 378 3578 3622 3622 3591 4061 4060 4060 4060 4060 4060 4060 4060
1920 1777560975 3547 3692 3664 380 3578 3621 3622 3590 4061 4061 4060 4060 4060 4060 4060 4060
1921 1777560975 3547 3691 3663 379 3577 3620 3622 3590 4061 4061 4061 4061 4061 4061 4061 4061
1922 1777560975 3548 3692 3664 379 3577 3622 3623 3591 4061 4061 4060 4060 4060 4060 4060 4060
1923 1777560975 3547 3691 3664 378 3576 3622 3622 3590 4061 4061 4061 4061 4061 4061 4061 4061
1924 1777560975 3548 3692 3665 378 3579 3622 3623 3591 4061 4061 4061 4061 4061 4061 4061 4061
1925 1777560975 3547 3691 3663 378 3577 3621 3621 3589 4061 4061 4060 4060 4060 4060 4060 4060
1926 1777560975 3547 3691 3663 378 3577 3621 3622 3590 4061 4061 4061 4061 4061 4061 4061 4061
1927 1777560975 3547 3692 3664 379 3578 3622 3622 3591 4063 4063 4062 4062 4062 4062 4062 4062
1928 1777560975 3547 3692 3664 378 3578 3622 3622 3590 4061 4061 4061 4061 4061 4061 4061 4061
1929 1777560975 3547 3692 3664 378 3578 3622 3622 3591 4063 4061 4061 4061 4061 4061 4061 4061
1930 1777560975 3548 3692 3664 378 3578 3622 3623 3590 4061 4061 4061 4061 4061 4061 4061 4061
1931 1777560975 3548 3693 3665 378 3579 3622 3623 3591 4061 4061 4061 4061 4061 4061 4061 4061
1932 1777560975 3548 3693 3665 378 3579 3623 3623 3591 4061 4061 4061 4061 4061 4061 4061 4061
1933 1777560975 3547 3691 3664 379 3578 3621 3622 3590 4061 4061 4060 4060 4060 4060 4060 4060
1934 1777560975 3547 3691 3663 378 3578 3621 3622 3590 4059 4059 4059 4059 4059 4059 4059 4059
1935 1777560975 3548 3693 3665 378 3578 3622 3623 3591 4061 4061 4060 4060 4060 4060 4060 4060
1936 1777560976 3548 3692 3664 378 3578 3622 3622 3591 4061 4061 4061 4061 4061 4061 4061 4061
1937 1777560976 3548 3692 3664 379 3578 3622 3623 3591 4061 4061 4060 4060 4060 4060 4060 4060
1938 1777560976 3547 3691 3664 378 3577 3621 3622 3590 4061 4060 4060 4060 4060 4060 4060 4060
1939 1777560976 3547 3692 3665 378 3578 3622 3622 3590 4061 4061 4060 4060 4060 4060 4060 4060
1940 1777560976 3547 3692 3664 378 3578 3621 3622 3590 4061 4061 4061 4061 4061 4061 4061 4061
1941 1777560976 3548 3692 3664 378 3578 3622 3623 3591 4061 4061 4061 4061 4061 4061 4061 4061
1942 1777560976 3547 3691 3664 378 3578 3622 3622 3591 4063 4063 4062 4062 4062 4062 4062 4062
1943 1777560976 3548 3692 3665 379 3578 3622 3623 3591 4061 4061 4060 4060 4060 4060 4060 4060
1944 1777560976 3547 3692 3664 378 3579 3622 3623 3590 4061 4061 4061 4061 4061 4061 4061 4061
1945 1777560976 3547 3692 3664 379 3578 3621 3622 3590 4061 4061 4060 4060 4060 4060 4060 4060
1946 1777560976 3550 3695 3666 379 3580 3624 3624 3592 4061 4061 4061 4061 4061 4061 4061 4061
1947 1777560976 357 3690 3665 379 3579 1671 1424 3590 107 4059 4058 4058 4058 4058 4058 4058
1948 1777560976 3548 3693 3665 378 3579 3622 3622 3591 4061 4061 4060 4060 4060 4060 4060 4060
1949 1777560976 3547 3691 3664 379 3578 3621 3622 3590 4061 4061 4061 4061 4061 4061 4061 4061
1950 1777560976 3548 3693 3665 378 3579 3623 3623 3591 4061 4061 4061 4061 4061 4061 4061 4061
1951 1777560976 3547 3691 3663 378 3577 3622 3622 3590 4061 4061 4060 4060 4060 4060 4060 4060
1952 1777560976 3547 3692 3664 378 3578 3621 3622 3590 4061 4061 4061 4061 4061 4061 4061 4061
1953 1777560976 3547 3691 3664 379 3578 3622 3623 3591 4061 4061 4060 4060 4060 4060 4060 4060
1954 1777560976 3547 3691 3663 378 3577 3621 3622 3590 4061 4061 4061 4061 4061 4061 4061 4061
1955 1777560976 3548 3692 3664 378 3578 3622 3622 3591 4061 4061 4060 4060 4060 4060 4060 4060
1956 1777560976 3548 3693 3665 378 3579 3623 3623 3591 4061 4061 4060 4060 4060 4060 4060 4060
1957 1777560976 3548 3692 3664 379 3578 3622 3623 3591 4061 4061 4060 4060 4060 4060 4060 4060
1958 1777560976 3548 3692 3664 378 3579 3622 3622 3590 4061 4061 4060 4060 4060 4060 4060 4060
1959 1777560976 3547 3692 3664 378 3578 3622 3623 3591 4061 4061 4061 4061 4061 4061 4061 4061
1960 1777560976 3547 3692 3664 379 3578 3622 3622 3591 4061 4061 4060 4060 4060 4060 4060 4060
1961 1777560976 3548 3693 3665 379 3578 3622 3623 3591 4061 4061 4060 4060 4060 4060 4060 4060
1962 1777560976 3547 3692 3664 378 3578 3622 3623 3591 4061 4061 4061 4061 4061 4061 4061 4061
1963 1777560976 3548 3693 3665 378 3578 3622 3623 3591 4059 4059 4059 4059 4059 4059 4059 4059
1964 1777560976 3548 3692 3665 379 3578 3622 3623 3591 4061 4061 4061 4061 4061 4061 4061 4061
1965 1777560976 3547 3692 3664 379 3578 3622 3623 3591 4061 4061 4060 4060 4060 4060 4060 4060
1966 1777560976 3547 3692 3664 379 3578 3621 3622 3590 4061 4061 4061 4061 4061 4061 4061 4061
1967 1777560976 3548 3693 3665 379 3578 3622 3623 3591 4061 4061 4061 4061 4061 4061 4061 4061
1968 1777560976 3548 3693 3665 378 3579 3622 3623 3591 4061 4061 4061 4061 4061 4061 4061 4061
1969 1777560976 3548 3693 3665 379 3578 3623 3623 3591 4061 4061 4061 4061 4061 4061 4061 4061
1970 1777560976 3548 3692 3664 379 3577 3622 3623 3591 4061 4061 4061 4061 4061 4061 4061 4061
1971 1777560976 3548 3692 3664 378 3579 3622 3623 3591 4061 4061 4061 4061 4061 4061 4061 4061
1972 1777560976 3548 3692 3664 379 3578 3622 3623 3591 4061 4061 4061 4061 4061 4061 4061 4061
1973 1777560976 3548 3693 3665 378 3578 3622 3623 3591 4061 4061 4060 4060 4060 4060 4060 4060
1974 1777560976 3548 3692 3664 378 3578 3622 3622 3590 4061 4061 4061 4061 4061 4061 4061 4061
1975 1777560976 3549 3693 3666 379 3580 3623 3624 3592 4061 4061 4060 4060 4060 4060 4060 4060
1976 1777560976 3548 3692 3664 378 3578 3622 3623 3591 4061 4061 4061 4061 4061 4061 4061 4061
1977 1777560976 3549 3694 3666 379 3580 3623 3624 3592 4061 4061 4061 4061 4061 4061 4061 4061
1978 1777560976 3548 3692 3664 379 3578 3622 3622 3591 4061 4061 4060 4060 4060 4060 4060 4060
1979 1777560976 3547 3692 3664 379 3578 3622 3623 3591 4061 4061 4061 4061 4061 4061 4061 4061
1980 1777560976 3548 3693 3665 379 3579 3622 3623 3591 4063 4063 4062 4062 4062 4062 4062 4062
1981 1777560976 3548 3693 3665 379 3579 3623 3624 3592 4061 4061 4061 4061 4061 4061 4061 4061
1982 1777560976 3548 3692 3664 378 3579 3622 3623 3590 4061 4061 4060 4060 4060 4060 4060 4060
1983 1777560976 3548 3693 3664 379 3579 3622 3623 3591 4059 4059 4059 4059 4059 4059 4059 4059
1984 1777560976 3547 3692 3664 380 3578 3622 3623 3591 4061 4061 4060 4060 4060 4060 4060 4060
1985 1777560976 3548 3693 3665 379 3578 3623 3624 3592 4061 4061 4061 4061 4061 4061 4061 4061
1986 1777560976 3549 3693 3665 378 3579 3623 3623 3591 4061 4061 4061 4061 4061 4061 4061 4061
1987 1777560976 3549 3693 3666 379 3579 3623 3623 3591 4063 4061 4061 4061 4061 4061 4061 4061
1988 1777560976 3548 3692 3664 379 3578 3622 3623 3591 4061 4061 4060 4060 4060 4060 4060 4060
1989 1777560976 3547 3692 3664 379 3578 3622 3623 3590 4061 4061 4060 4060 4060 4060 4060 4060
1990 1777560976 3548 3692 3664 378 3578 3622 3623 3591 4061 4061 4061 4061 4061 4061 4061 4061
1991 1777560976 3548 3692 3664 379 3578 3623 3623 3591 4061 4061 4061 4061 4061 4061 4061 4061
1992 1777560976 3548 3692 3664 378 3579 3622 3623 3591 4061 4061 4061 4061 4061 4061 4061 4061
1993 1777560976 3548 3692 3664 379 3578 3621 3622 3590 4061 4061 4061 4061 4061 4061 4061 4061
1994 1777560976 3548 3693 3665 379 3579 3622 3624 3592 4061 4061 4061 4061 4061 4061 4061 4061
1995 1777560976 3548 3693 3664 379 3579 3623 3623 3591 4061 4061 4060 4060 4060 4060 4060 4060
1996 1777560976 3548 3694 3665 379 3579 3624 3624 3592 4061 4061 4061 4061 4061 4061 4061 4061
1997 1777560976 3548 3693 3664 379 3579 3622 3623 3591 4061 4061 4061 4061 4061 4061 4061 4061
1998 1777560976 3549 3693 3665 379 3579 3623 3623 3592 4061 4060 4060 4060 4060 4060 4060 4060
1999 1777560976 3548 3693 3665 379 3578 3622 3623 3591 4061 4061 4060 4060 4060 4060 4060 4060
2000 1777560976 3548 3693 3665 379 3579 3623 3623 3591 4061 4061 4061 4061 4061 4061 4061 4061
2001 1777560976 3548 3692 3665 379 3579 3623 3623 3592 4061 4061 4060 4060 4060 4060 4060 4060
2002 1777560976 3548 3693 3664 379 3579 3622 3623 3591 4061 4061 4061 4061 4061 4061 4061 4061
2003 1777560976 3548 3693 3665 379 3580 3623 3623 3591 4061 4061 4061 4061 4061 4061 4061 4061
2004 1777560976 3548 3693 3665 379 3579 3622 3622 3591 4063 4063 4062 4062 4062 4062 4062 4062
2005 1777560984 3547 3691 3663 378 3577 3621 3622 3590 4061 4061 4061 4061 4061 4061 4061 4061
2006 1777560984 3548 3692 3664 379 3579 3623 3623 3591 4061 4061 4061 4061 4061 4061 4061 4061
2007 1777560984 3547 3691 3664 379 3578 3621 3623 3591 4061 4061 4060 4060 4060 4060 4060 4060
2008 1777560984 3548 3692 3664 379 3578 3622 3622 3591 4061 4061 4060 4060 4060 4060 4060 4060
2009 1777560984 3547 3692 3664 379 3578 3622 3623 3591 4061 4061 4061 4061 4061 4061 4061 4061
2010 1777560984 3548 3692 3664 379 3578 3621 3623 3590 4063 4063 4062 4062 4062 4062 4062 4062
2011 1777560984 3547 3692 3664 379 3577 3621 3622 3590 4061 4061 4060 4060 4060 4060 4060 4060
2012 1777560984 3548 3693 3664 379 3578 3622 3623 3591 4061 4061 4061 4061 4061 4061 4061 4061
2013 1777560984 3548 3692 3665 379 3579 3623 3624 3591 4061 4061 4060 4060 4060 4060 4060 4060
2014 1777560984 3548 3693 3665 379 3579 3622 3623 3591 4061 4061 4061 4061 4061 4061 4061 4061
2015 1777560984 3548 3692 3665 380 3579 3622 3623 3591 4061 4061 4061 4061 4061 4061 4061 4061
2016 1777560984 3548 3692 3664 379 3578 3622 3623 3591 4061 4061 4061 4061 4061 4061 4061 4061
2017 1777560984 3548 3693 3665 380 3579 3623 3623 3591 4061 4061 4061 4061 4061 4061 4061 4061
2018 1777560984 3547 3692 3664 379 3578 3621 3622 3590 4061 4061 4061 4061 4061 4061 4061 4061
2019 1777560984 3548 3692 3664 379 3579 3622 3623 3591 4061 4061 4060 4060 4060 4060 4060 4060
2020 1777560984 3547 3692 3664 379 3578 3622 3623 3591 4061 4061 4060 4060 4060 4060 4060 4060
2021 1777560984 3547 3692 3664 379 3578 3622 3623 3591 4063 4063 4062 4062 4062 4062 4062 4062
2022 1777560984 3547 3691 3663 379 3578 3621 3622 3589 4061 4061 4060 4060 4060 4060 4060 4060
2023 1777560984 3549 3693 3665 379 3579 3623 3623 3591 4063 4063 4062 4062 4062 4062 4062 4062
2024 1777560984 3548 3692 3665 379 3578 3622 3623 3590 4061 4061 4060 4060 4060 4060 4060 4060
2025 1777560985 3549 3693 3665 379 3579 3622 3623 3591 4063 4063 4062 4062 4062 4062 4062 4062
2026 1777560985 3548 3693 3665 379 3578 3622 3623 3591 4061 4061 4060 4060 4060 4060 4060 4060
2027 1777560985 3548 3693 3664 379 3579 3623 3623 3592 4059 4059 4059 4059 4059 4059 4059 4059
2028 1777560985 3547 3692 3664 379 3578 3622 3623 3591 4061 4061 4061 4061 4061 4061 4061 4061
2029 1777560985 3548 3692 3665 379 3579 3622 3623 3591 4061 4061 4061 4061 4061 4061 4061 4061
2030 1777560985 3548 3693 3665 379 3579 3622 3623 3591 4059 4059 4059 4059 4059 4059 4059 4059
2031 1777560985 3547 3692 3664 379 3579 3622 3623 3591 4059 4059 4059 4059 4059 4059 4059 4059
2032 1777560985 3548 3692 3665 379 3578 3622 3623 3591 4061 4060 4060 4060 4060 4060 4060 4060
2033 1777560985 3548 3693 3665 378 3579 3623 3623 3591 4063 4061 4061 4061 4061 4061 4061 4061
2034 1777560985 3548 3693 3665 379 3579 3622 3623 3591 4061 4061 4061 4061 4061 4061 4061 4061
2035 1777560985 3547 3692 3664 379 3579 3622 3623 3590 4061 4061 4061 4061 4061 4061 4061 4061
2036 1777560985 3548 3693 3665 379 3578 3621 3622 3590 4061 4060 4060 4060 4060 4060 4060 4060
2037 1777560985 3548 3692 3664 379 3578 3622 3622 3590 4061 4061 4061 4061 4061 4061 4061 4061
2038 1777560985 3548 3692 3664 379 3578 3622 3623 3591 4063 4063 4062 4062 4062 4062 4062 4062
2039 1777560985 3548 3693 3665 379 3579 3623 3623 3591 4063 4063 4062 4062 4062 4062 4062 4062
2040 1777560985 3548 3692 3665 379 3579 3623 3623 3591 4061 4061 4061 4061 4061 4061 4061 4061
2041 1777560985 3548 3692 3665 379 3579 3623 3623 3592 4061 4061 4061 4061 4061 4061 4061 4061
2042 1777560985 3548 3692 3664 379 3579 3622 3623 3591 4061 4061 4061 4061 4061 4061 4061 4061
2043 1777560985 3546 3690 3663 377 3577 3621 3621 3589 4061 4061 4060 4060 4060 4060 4060 4060
2044 1777560985 3547 3691 3663 378 3578 3621 3622 3590 4061 4061 4060 4060 4060 4060 4060 4060
2045 1777560985 3547 3691 3663 378 3578 3621 3621 3589 4061 4061 4061 4061 4061 4061 4061 4061
2046 1777560985 3546 3690 3663 377 3576 3620 3621 3589 4061 4061 4061 4061 4061 4061 4061 4061
2047 1777560985 3546 3691 3663 376 3577 3621 3621 3589 4061 4061 4061 4061 4061 4061 4061 4061
2048 1777560985 3547 3691 3663 379 3577 3621 3621 3589 4061 4061 4061 4061 4061 4061 4061 4061
2049 1777560985 3546 3690 3663 378 3577 3621 3622 3590 4061 4061 4060 4060 4060 4060 4060 4060
2050 1777560985 3546 3690 3663 377 3576 3620 3621 3589 4061 4061 4061 4061 4061 4061 4061 4061
2051 1777560985 3548 3692 3664 377 3578 3621 3622 3590 4061 4061 4060 4060 4060 4060 4060 4060
2052 1777560985 3546 3691 3663 377 3577 3620 3620 3589 4061 4060 4060 4060 4060 4060 4060 4060
2053 1777560985 3546 3691 3663 377 3577 3621 3621 3589 4061 4061 4060 4060 4060 4060 4060 4060
2054 1777560985 3547 3691 3663 377 3577 3621 3621 3589 4061 4061 4061 4061 4061 4061 4061 4061
2055 1777560985 3546 3691 3663 377 3577 3620 3621 3589 4063 4063 4062 4062 4062 4062 4062 4062
2056 1777560985 3546 3691 3663 377 3577 3621 3622 3589 4061 4061 4061 4061 4061 4061 4061 4061
2057 1777560985 3546 3690 3663 378 3577 3621 3621 3589 4061 4061 4061 4061 4061 4061 4061 4061
2058 1777560985 3546 3690 3663 377 3576 3620 3621 3589 4061 4061 4061 4061 4061 4061 4061 4061
2059 1777560985 3547 3691 3664 378 3577 3621 3622 3590 4061 4061 4061 4061 4061 4061 4061 4061
2060 1777560985 3547 3691 3664 377 3577 3621 3621 3589 4061 4061 4061 4061 4061 4061 4061 4061
2061 1777560985 3547 3692 3664 377 3578 3621 3622 3590 4061 4061 4061 4061 4061 4061 4061 4061
2062 1777560985 3547 3691 3663 377 3577 3621 3621 3590 4061 4061 4060 4060 4060 4060 4060 4060
2063 1777560985 3547 3692 3663 377 3578 3621 3622 3590 4061 4061 4060 4060 4060 4060 4060 4060
2064 1777560985 3547 3691 3663 378 3577 3621 3621 3590 4061 4061 4061 4061 4061 4061 4061 4061
2065 1777560985 3546 3691 3663 378 3577 3621 3622 3589 4061 4061 4060 4060 4060 4060 4060 4060
2066 1777560985 3546 3690 3663 377 3576 3620 3621 3589 4063 4061 4061 4061 4061 4061 4061 4061
2067 1777560993 3546 3691 3663 377 3577 3620 3622 3589 4061 4061 4061 4061 4061 4061 4061 4061
2068 1777560993 3546 3690 3663 377 3576 3620 3621 3588 4063 4061 4061 4061 4061 4061 4061 4061
2069 1777560993 3545 3690 3663 377 3576 3620 3621 3589 4061 4061 4061 4061 4061 4061 4061 4061
2070 1777560993 3546 3690 3663 378 3577 3620 3621 3589 4063 4061 4061 4061 4061 4061 4061 4061
2071 1777560993 3546 3690 3663 377 3576 3620 3620 3588 4063 4061 4061 4061 4061 4061 4061 4061
2072 1777560993 3546 3691 3663 378 3577 3621 3621 3589 4061 4061 4061 4061 4061 4061 4061 4061
2073 1777560993 3546 3690 3663 377 3577 3620 3621 3589 4061 4061 4061 4061 4061 4061 4061 4061
2074 1777560993 3546 3691 3663 378 3577 3620 3621 3589 4061 4061 4060 4060 4060 4060 4060 4060
2075 1777560993 3547 3691 3663 378 3577 3621 3621 3589 4061 4061 4061 4061 4061 4061 4061 4061
2076 1777560993 3546 3691 3664 377 3577 3621 3622 3589 4061 4061 4061 4061 4061 4061 4061 4061
2077 1777560993 3546 3691 3662 377 3576 3620 3621 3589 4061 4061 4061 4061 4061 4061 4061 4061
2078 1777560993 3546 3690 3663 378 3577 3621 3621 3589 4063 4062 4062 4062 4062 4062 4062 4062
2079 1777561001 3546 3689 3662 378 3576 3619 3620 3588 4061 4061 4060 4060 4060 4060 4060 4060
2080 1777561001 3546 3691 3662 377 3576 3621 3621 3589 4061 4061 4061 4061 4061 4061 4061 4061
2081 1777561001 3546 3690 3662 378 3575 3620 3621 3589 4061 4061 4060 4060 4060 4060 4060 4060
2082 1777561001 3545 3689 3662 377 3576 3620 3620 3588 4061 4061 4061 4061 4061 4061 4061 4061
2083 1777561001 3547 3691 3663 378 3577 3620 3621 3589 4061 4061 4060 4060 4060 4060 4060 4060
2084 1777561001 3547 3691 3663 377 3578 3621 3622 3590 4063 4063 4062 4062 4062 4062 4062 4062
2085 1777561001 3545 3690 3662 378 3577 3620 3620 3589 4061 4061 4060 4060 4060 4060 4060 4060
2086 1777561001 3546 3690 3663 377 3577 3620 3621 3589 4061 4061 4060 4060 4060 4060 4060 4060
2087 1777561001 3546 3691 3662 378 3577 3620 3621 3589 4061 4061 4060 4060 4060 4060 4060 4060
2088 1777561001 3545 3690 3662 377 3576 3620 3621 3589 4063 4063 4062 4062 4062 4062 4062 4062
2089 1777561001 3546 3690 3662 378 3577 3621 3621 3590 4059 4059 4059 4059 4059 4059 4059 4059
2090 1777561001 3546 3690 3663 378 3577 3620 3621 3589 4061 4061 4061 4061 4061 4061 4061 4061
2091 1777561001 3546 3691 3663 377 3577 3621 3622 3589 4061 4061 4060 4060 4060 4060 4060 4060
2092 1777561001 3546 3690 3662 378 3577 3621 3621 3589 4061 4061 4060 4060 4060 4060 4060 4060
2093 1777561001 3546 3690 3662 378 3577 3620 3621 3589 4059 4059 4059 4059 4059 4059 4059 4059
2094 1777561001 3546 3691 3663 377 3577 3621 3621 3589 4061 4061 4060 4060 4060 4060 4060 4060
2095 1777561001 3546 3690 3662 378 3577 3620 3621 3589 4061 4061 4060 4060 4060 4060 4060 4060
2096 1777561001 3545 3690 3662 377 3576 3620 3621 3589 4061 4060 4060 4060 4060 4060 4060 4060
2097 1777561001 3547 3691 3663 378 3578 3621 3622 3590 4061 4061 4061 4061 4061 4061 4061 4061
2098 1777561001 3547 3691 3663 377 3577 3621 3622 3590 4061 4061 4061 4061 4061 4061 4061 4061
2099 1777561001 3546 3691 3663 377 3577 3621 3621 3590 4061 4061 4061 4061 4061 4061 4061 4061
2100 1777561001 3547 3691 3664 378 3577 3620 3621 3589 4063 4063 4062 4062 4062 4062 4062 4062
2101 1777561001 3546 3691 3663 378 3577 3621 3621 3589 4061 4061 4061 4061 4061 4061 4061 4061
2102 1777561001 3547 3691 3663 378 3577 3621 3621 3589 4061 4061 4061 4061 4061 4061 4061 4061
2103 1777561001 3547 3692 3664 378 3577 3621 3622 3590 4061 4061 4060 4060 4060 4060 4060 4060
2104 1777561001 3547 3692 3664 377 3578 3621 3621 3590 4061 4061 4060 4060 4060 4060 4060 4060
2105 1777561001 3546 3691 3663 377 3577 3621 3621 3589 4061 4061 4061 4061 4061 4061 4061 4061
2106 1777561001 3547 3691 3663 378 3577 3621 3621 3590 4061 4061 4061 4061 4061 4061 4061 4061
2107 1777561001 3546 3691 3662 378 3577 3621 3621 3589 4061 4061 4061 4061 4061 4061 4061 4061
2108 1777561001 3547 3692 3663 378 3578 3621 3622 3590 4063 4061 4061 4061 4061 4061 4061 4061
2109 1777561001 3546 3691 3663 378 3577 3621 3621 3590 4061 4061 4060 4060 4060 4060 4060 4060
2110 1777561001 3546 3691 3663 379 3577 3621 3621 3589 4061 4061 4061 4061 4061 4061 4061 4061
2111 1777561001 3547 3691 3663 378 3577 3621 3621 3589 4061 4061 4061 4061 4061 4061 4061 4061
2112 1777561001 3547 3691 3664 378 3578 3621 3622 3590 4063 4063 4062 4062 4062 4062 4062 4062
2113 1777561001 3547 3691 3664 378 3578 3621 3622 3590 4061 4061 4061 4061 4061 4061 4061 4061
2114 1777561001 3547 3691 3663 378 3578 3621 3622 3590 4061 4061 4061 4061 4061 4061 4061 4061
2115 1777561001 3547 3692 3664 378 3577 3621 3622 3590 4061 4061 4060 4060 4060 4060 4060 4060
2116 1777561001 3547 3691 3664 378 3577 3621 3622 3590 4061 4061 4061 4061 4061 4061 4061 4061
2117 1777561001 3546 3690 3663 378 3577 3621 3621 3589 4061 4061 4060 4060 4060 4060 4060 4060
2118 1777561001 3546 3691 3663 378 3577 3621 3621 3589 4061 4061 4061 4061 4061 4061 4061 4061
2119 1777561001 3547 3692 3663 378 3577 3621 3621 3590 4061 4061 4060 4060 4060 4060 4060 4060
2120 1777561001 3548 3693 3665 377 3578 3622 3623 3591 4061 4061 4061 4061 4061 4061 4061 4061
2121 1777561001 3546 3691 3663 378 3577 3621 3621 3589 4061 4061 4060 4060 4060 4060 4060 4060
2122 1777561001 3546 3691 3663 378 3577 3621 3622 3590 4063 4063 4062 4062 4062 4062 4062 4062
2123 1777561002 3547 3692 3663 378 3578 3622 3622 3590 4061 4061 4060 4060 4060 4060 4060 4060
2124 1777561002 3546 3690 3663 378 3577 3621 3621 3589 4057 4057 4057 4057 4057 4057 4057 4057
2125 1777561002 3547 3691 3663 378 3577 3621 3622 3590 4061 4061 4060 4060 4060 4060 4060 4060
2126 1777561002 3547 3691 3664 379 3578 3622 3622 3591 4061 4061 4060 4060 4060 4060 4060 4060
2127 1777561002 3547 3691 3663 378 3577 3621 3622 3590 4061 4061 4061 4061 4061 4061 4061 4061
2128 1777561002 3547 3692 3663 378 3578 3622 3622 3590 4061 4061 4060 4060 4060 4060 4060 4060
2129 1777561002 3547 3691 3663 378 3578 3621 3622 3590 4061 4061 4061 4061 4061 4061 4061 4061
2130 1777561002 3546 3691 3663 378 3577 3620 3621 3589 4063 4063 4062 4062 4062 4062 4062 4062
2131 1777561002 3547 3691 3664 378 3578 3621 3622 3590 4063 4063 4062 4062 4062 4062 4062 4062
2132 1777561002 3547 3692 3664 378 3578 3622 3623 3591 4061 4061 4060 4060 4060 4060 4060 4060
2133 1777561002 3546 3690 3662 378 3577 3621 3621 3589 4061 4061 4061 4061 4061 4061 4061 4061
2134 1777561002 3547 3691 3664 378 3577 3621 3622 3590 4061 4061 4061 4061 4061 4061 4061 4061
2135 1777561002 3549 3693 3665 378 3579 3622 3623 3590 4061 4061 4060 4060 4060 4060 4060 4060
2136 1777561002 3547 3691 3663 378 3578 3621 3622 3590 4063 4063 4062 4062 4062 4062 4062 4062
2137 1777561002 3547 3692 3664 378 3578 3621 3622 3590 4061 4061 4061 4061 4061 4061 4061 4061
2138 1777561002 3547 3691 3664 377 3578 3622 3622 3589 4063 4063 4062 4062 4062 4062 4062 4062
2139 1777561002 3547 3692 3664 378 3577 3621 3622 3590 4063 4061 4061 4061 4061 4061 4061 4061
2140 1777561002 3547 3691 3663 378 3577 3621 3622 3589 4061 4061 4061 4061 4061 4061 4061 4061
2141 1777561002 3548 3692 3664 378 3578 3622 3622 3590 4061 4061 4061 4061 4061 4061 4061 4061
2142 1777561002 3545 3690 3662 379 3577 3620 3621 3589 4061 4061 4061 4061 4061 4061 4061 4061
2143 1777561002 3548 3693 3664 378 3579 3622 3623 3591 4061 4061 4060 4060 4060 4060 4060 4060
2144 1777561002 3547 3691 3663 378 3576 3621 3622 3589 4061 4061 4060 4060 4060 4060 4060 4060
2145 1777561002 3547 3692 3664 378 3578 3622 3622 3590 4061 4061 4060 4060 4060 4060 4060 4060
2146 1777561002 3547 3691 3664 378 3577 3621 3622 3590 4061 4061 4060 4060 4060 4060 4060 4060
2147 1777561002 3547 3692 3664 378 3578 3622 3623 3591 4061 4061 4061 4061 4061 4061 4061 4061
2148 1777561002 3547 3692 3663 378 3578 3622 3622 3589 4061 4061 4060 4060 4060 4060 4060 4060
2149 1777561002 3546 3691 3664 378 3578 3621 3622 3590 4063 4061 4061 4061 4061 4061 4061 4061
2150 1777561002 3547 3692 3664 379 3578 3621 3622 3590 4059 4059 4059 4059 4059 4059 4059 4059
2151 1777561002 3548 3692 3665 378 3579 3622 3622 3591 4063 4063 4062 4062 4062 4062 4062 4062
2152 1777561002 3547 3692 3664 378 3578 3622 3622 3590 4061 4061 4061 4061 4061 4061 4061 4061
2153 1777561002 3547 3692 3664 378 3578 3622 3622 3590 4063 4063 4062 4062 4062 4062 4062 4062
2154 1777561002 3547 3692 3664 378 3578 3622 3622 3590 4059 4059 4059 4059 4059 4059 4059 4059
2155 1777561002 3547 3692 3664 378 3578 3622 3622 3591 4063 4063 4062 4062 4062 4062 4062 4062
2156 1777561002 3546 3691 3663 378 3577 3621 3622 3590 4061 4061 4060 4060 4060 4060 4060 4060
2157 1777561002 3547 3692 3664 378 3578 3622 3622 3590 4061 4061 4060 4060 4060 4060 4060 4060
2158 1777561002 3547 3691 3663 378 3578 3622 3622 3589 4061 4061 4060 4060 4060 4060 4060 4060
2159 1777561002 3546 3691 3663 378 3577 3621 3621 3589 4061 4061 4061 4061 4061 4061 4061 4061
2160 1777561002 3547 3691 3663 377 3578 3621 3622 3590 4061 4061 4061 4061 4061 4061 4061 4061
2161 1777561002 3547 3692 3664 378 3578 3621 3622 3590 4061 4061 4061 4061 4061 4061 4061 4061
2162 1777561002 3547 3691 3664 377 3578 3622 3622 3591 4061 4061 4061 4061 4061 4061 4061 4061
2163 1777561002 3548 3692 3664 378 3578 3622 3622 3590 4061 4061 4061 4061 4061 4061 4061 4061
2164 1777561002 3548 3692 3664 378 3578 3621 3622 3590 4061 4061 4060 4060 4060 4060 4060 4060
2165 1777561002 3547 3692 3664 378 3578 3621 3622 3590 4061 4061 4060 4060 4060 4060 4060 4060
2166 1777561002 3547 3691 3664 379 3578 3621 3622 3590 4061 4060 4060 4060 4060 4060 4060 4060
2167 1777561002 283 286 329 377 246 3621 3624 3593 86 4061 4060 4060 4060 4060 4060 4060
2168 1777561002 3547 3692 3664 378 3578 3622 3623 3591 4059 4059 4059 4059 4059 4059 4059 4059
2169 1777561002 3547 3692 3664 378 3579 3622 3623 3590 4061 4061 4060 4060 4060 4060 4060 4060
2170 1777561002 3547 3691 3664 378 3577 3621 3622 3590 4061 4061 4060 4060 4060 4060 4060 4060
2171 1777561002 3548 3692 3665 378 3579 3622 3622 3590 4061 4061 4060 4060 4060 4060 4060 4060
2172 1777561002 3548 3692 3664 378 3578 3622 3623 3591 4061 4061 4060 4060 4060 4060 4060 4060
2173 1777561002 3547 3692 3664 380 3578 3622 3622 3590 4061 4061 4060 4060 4060 4060 4060 4060
2174 1777561002 3548 3692 3664 379 3578 3622 3623 3591 4063 4063 4062 4062 4062 4062 4062 4062
2175 1777561002 3548 3692 3664 378 3577 3622 3622 3590 4061 4061 4061 4061 4061 4061 4061 4061
2176 1777561002 3547 3692 3664 378 3576 3621 3622 3590 4061 4061 4061 4061 4061 4061 4061 4061
2177 1777561002 3547 3692 3664 379 3578 3622 3622 3590 4061 4061 4061 4061 4061 4061 4061 4061
2178 1777561002 3547 3691 3664 378 3578 3621 3622 3590 4061 4061 4061 4061 4061 4061 4061 4061
2179 1777561002 3547 3691 3664 378 3578 3622 3622 3591 4059 4059 4059 4059 4059 4059 4059 4059
2180 1777561002 3548 3693 3664 379 3578 3622 3622 3590 4063 4063 4062 4062 4062 4062 4062 4062
2181 1777561002 3547 3692 3664 378 3579 3622 3622 3590 4061 4061 4060 4060 4060 4060 4060 4060
2182 1777561002 3547 3692 3664 378 3578 3622 3623 3590 4061 4061 4061 4061 4061 4061 4061 4061
2183 1777561002 3548 3693 3665 378 3579 3622 3623 3590 4061 4061 4061 4061 4061 4061 4061 4061
2184 1777561002 3547 3691 3663 378 3578 3621 3621 3589 4061 4061 4060 4060 4060 4060 4060 4060
2185 1777561002 3548 3692 3664 378 3579 3622 3623 3590 4061 4061 4060 4060 4060 4060 4060 4060
2186 1777561002 3547 3691 3663 379 3578 3621 3622 3590 4063 4063 4062 4062 4062 4062 4062 4062
2187 1777561002 3548 3694 3665 378 3579 3622 3623 3591 4061 4061 4061 4061 4061 4061 4061 4061
2188 1777561002 3548 3693 3664 378 3578 3622 3622 3590 4061 4061 4060 4060 4060 4060 4060 4060
2189 1777561002 3548 3692 3664 378 3579 3622 3623 3591 4061 4060 4060 4060 4060 4060 4060 4060
2190 1777561002 3548 3692 3665 379 3578 3622 3622 3591 4061 4061 4061 4061 4061 4061 4061 4061
2191 1777561002 3547 3692 3664 378 3578 3622 3622 3590 4061 4061 4060 4060 4060 4060 4060 4060
2192 1777561002 3547 3692 3664 378 3578 3621 3622 3589 4061 4061 4061 4061 4061 4061 4061 4061
2193 1777561002 3548 3692 3664 379 3578 3622 3623 3591 4061 4061 4060 4060 4060 4060 4060 4060
2194 1777561002 3547 3692 3664 378 3578 3621 3622 3590 4061 4061 4061 4061 4061 4061 4061 4061
2195 1777561002 3547 3692 3665 378 3579 3622 3623 3591 4063 4063 4062 4062 4062 4062 4062 4062
2196 1777561003 3547 3692 3664 379 3578 3622 3622 3590 4061 4061 4061 4061 4061 4061 4061 4061
2197 1777561003 3548 3692 3664 378 3578 3622 3622 3590 4063 4063 4062 4062 4062 4062 4062 4062
2198 1777561003 3547 3691 3664 379 3578 3622 3622 3590 4061 4061 4060 4060 4060 4060 4060 4060
2199 1777561003 3547 3691 3664 378 3578 3621 3622 3590 4061 4061 4061 4061 4061 4061 4061 4061
2200 1777561003 3547 3691 3664 378 3578 3622 3623 3591 4061 4061 4061 4061 4061 4061 4061 4061
2201 1777561003 3547 3692 3664 378 3578 3621 3622 3590 4061 4061 4061 4061 4061 4061 4061 4061
2202 1777561003 3547 3691 3663 379 3578 3621 3622 3590 4061 4061 4060 4060 4060 4060 4060 4060
2203 1777561003 3548 3693 3665 378 3579 3622 3623 3591 4061 4061 4061 4061 4061 4061 4061 4061
2204 1777561003 3548 3693 3664 379 3579 3623 3624 3591 4061 4061 4060 4060 4060 4060 4060 4060
2205 1777561003 3548 3692 3665 378 3579 3623 3623 3591 4063 4063 4062 4062 4062 4062 4062 4062
2206 1777561003 3547 3692 3664 379 3578 3622 3623 3591 4061 4061 4061 4061 4061 4061 4061 4061
2207 1777561003 3548 3692 3665 378 3579 3622 3623 3591 4061 4061 4060 4060 4060 4060 4060 4060
2208 1777561003 3548 3693 3665 378 3579 3623 3624 3592 4061 4061 4060 4060 4060 4060 4060 4060
2209 1777561003 3548 3692 3664 379 3579 3621 3623 3590 4061 4061 4061 4061 4061 4061 4061 4061
2210 1777561003 3548 3693 3665 379 3579 3623 3624 3591 4061 4061 4060 4060 4060 4060 4060 4060
2211 1777561003 3548 3692 3664 378 3578 3622 3623 3591 4063 4063 4062 4062 4062 4062 4062 4062
2212 1777561003 3548 3692 3664 378 3578 3621 3622 3590 4063 4063 4062 4062 4062 4062 4062 4062
2213 1777561003 3548 3692 3664 378 3579 3623 3623 3591 4063 4063 4062 4062 4062 4062 4062 4062
2214 1777561003 3548 3692 3664 379 3578 3622 3623 3591 4061 4061 4061 4061 4061 4061 4061 4061
2215 1777561003 3547 3692 3664 378 3577 3621 3622 3590 4061 4061 4061 4061 4061 4061 4061 4061
2216 1777561003 3548 3692 3665 378 3579 3623 3623 3591 4061 4061 4061 4061 4061 4061 4061 4061
2217 1777561003 3548 3693 3664 379 3579 3622 3623 3591 4061 4061 4061 4061 4061 4061 4061 4061
2218 1777561003 3548 3692 3664 379 3579 3622 3623 3591 4061 4061 4061 4061 4061 4061 4061 4061
2219 1777561003 3548 3693 3665 378 3579 3623 3623 3591 4061 4061 4060 4060 4060 4060 4060 4060
2220 1777561003 3547 3691 3663 379 3577 3621 3622 3590 4061 4061 4060 4060 4060 4060 4060 4060
2221 1777561003 3548 3693 3665 378 3578 3622 3623 3591 4061 4061 4061 4061 4061 4061 4061 4061
2222 1777561003 3547 3692 3664 379 3578 3622 3622 3590 4063 4063 4062 4062 4062 4062 4062 4062
2223 1777561003 3547 3691 3664 378 3577 3621 3622 3590 4061 4061 4060 4060 4060 4060 4060 4060
2224 1777561003 3548 3692 3665 378 3578 3623 3623 3591 4061 4061 4061 4061 4061 4061 4061 4061
2225 1777561003 3548 3692 3665 378 3579 3622 3623 3591 4063 4063 4062 4062 4062 4062 4062 4062
2226 1777561003 3547 3691 3664 379 3578 3622 3623 3591 4061 4061 4060 4060 4060 4060 4060 4060
2227 1777561003 3548 3692 3664 378 3578 3622 3623 3591 4061 4061 4060 4060 4060 4060 4060 4060
2228 1777561003 3548 3693 3665 378 3579 3623 3623 3591 4063 4063 4062 4062 4062 4062 4062 4062
2229 1777561003 3547 3692 3665 378 3579 3623 3624 3592 4061 4061 4060 4060 4060 4060 4060 4060
2230 1777561003 3547 3691 3663 379 3578 3622 3622 3591 4063 4063 4062 4062 4062 4062 4062 4062
2231 1777561003 3548 3692 3665 378 3579 3622 3623 3591 4063 4063 4062 4062 4062 4062 4062 4062
2232 1777561003 3548 3692 3664 379 3578 3622 3622 3591 4061 4061 4060 4060 4060 4060 4060 4060
2233 1777561003 3548 3692 3664 379 3579 3622 3623 3591 4061 4061 4060 4060 4060 4060 4060 4060
2234 1777561003 3549 3693 3665 379 3579 3623 3623 3592 4061 4061 4061 4061 4061 4061 4061 4061
2235 1777561003 3548 3692 3664 378 3579 3622 3622 3590 4061 4061 4060 4060 4060 4060 4060 4060
2236 1777561003 3549 3693 3665 379 3579 3623 3624 3591 4061 4061 4061 4061 4061 4061 4061 4061
2237 1777561003 3548 3693 3665 380 3579 3623 3624 3592 4061 4061 4061 4061 4061 4061 4061 4061
2238 1777561003 3548 3692 3664 379 3578 3623 3623 3591 4061 4061 4061 4061 4061 4061 4061 4061
2239 1777561003 3547 3691 3664 378 3577 3622 3622 3590 4061 4061 4060 4060 4060 4060 4060 4060
2240 1777561003 3547 3692 3664 379 3578 3621 3623 3591 4061 4061 4061 4061 4061 4061 4061 4061
2241 1777561003 3548 3693 3665 378 3579 3623 3623 3591 4061 4061 4060 4060 4060 4060 4060 4060
2242 1777561003 3547 3691 3664 379 3578 3621 3621 3590 4061 4061 4061 4061 4061 4061 4061 4061
2243 1777561003 3548 3692 3664 379 3579 3622 3623 3591 4061 4061 4060 4060 4060 4060 4060 4060
2244 1777561003 3548 3692 3664 378 3579 3622 3623 3591 4061 4061 4060 4060 4060 4060 4060 4060
2245 1777561003 3548 3693 3665 379 3579 3622 3623 3591 4061 4061 4060 4060 4060 4060 4060 4060
2246 1777561003 3548 3692 3665 379 3578 3622 3623 3591 4061 4061 4061 4061 4061 4061 4061 4061
2247 1777561003 3549 3693 3665 378 3579 3623 3623 3591 4061 4061 4060 4060 4060 4060 4060 4060
2248 1777561003 3548 3693 3664 379 3579 3622 3624 3591 4061 4061 4061 4061 4061 4061 4061 4061
2249 1777561003 3547 3692 3664 378 3579 3622 3623 3591 4059 4059 4059 4059 4059 4059 4059 4059
2250 1777561003 3549 3693 3665 379 3580 3623 3624 3592 4063 4063 4062 4062 4062 4062 4062 4062
2251 1777561003 3548 3693 3665 378 3579 3622 3623 3591 4061 4061 4060 4060 4060 4060 4060 4060
2252 1777561003 3548 3693 3665 379 3579 3623 3623 3591 4063 4063 4062 4062 4062 4062 4062 4062
2253 1777561003 3548 3692 3665 378 3579 3623 3623 3590 4061 4061 4060 4060 4060 4060 4060 4060
2254 1777561003 3547 3692 3664 379 3578 3622 3623 3591 4061 4061 4060 4060 4060 4060 4060 4060
2255 1777561003 3548 3694 3665 379 3579 3623 3623 3592 4061 4061 4061 4061 4061 4061 4061 4061
2256 1777561003 3548 3693 3665 379 3579 3622 3623 3591 4063 4061 4061 4061 4061 4061 4061 4061
2257 1777561003 3548 3693 3665 378 3579 3624 3624 3592 4061 4061 4060 4060 4060 4060 4060 4060
2258 1777561003 3549 3693 3666 379 3580 3623 3623 3592 4061 4061 4061 4061 4061 4061 4061 4061
2259 1777561003 3548 3692 3664 379 3578 3622 3622 3591 4061 4061 4060 4060 4060 4060 4060 4060
2260 1777561003 3547 3693 3665 379 3579 3623 3623 3592 4061 4061 4061 4061 4061 4061 4061 4061
2261 1777561003 3550 3694 3666 380 3579 3624 3624 3592 4059 4059 4059 4059 4059 4059 4059 4059
2262 1777561003 3548 411 3663 379 421 3621 3623 3592 4063 4063 4062 4062 4062 4062 4062 4062
2263 1777561003 3547 3692 3665 378 3579 3622 3623 3591 4061 4061 4060 4060 4060 4060 4060 4060
2264 1777561003 3548 3692 3664 379 3578 3622 3623 3590 4061 4061 4060 4060 4060 4060 4060 4060
2265 1777561003 3548 3693 3665 379 3580 3623 3624 3591 4061 4061 4061 4061 4061 4061 4061 4061
2266 1777561003 3548 3693 3665 379 3579 3623 3623 3591 4061 4061 4061 4061 4061 4061 4061 4061
2267 1777561003 3549 3694 3665 379 3579 3623 3624 3591 4061 4061 4060 4060 4060 4060 4060 4060
2268 1777561011 3546 3691 3663 380 3577 3621 3621 3589 4061 4061 4060 4060 4060 4060 4060 4060
2269 1777561011 3548 3692 3665 379 3578 3623 3623 3592 4061 4061 4060 4060 4060 4060 4060 4060
2270 1777561011 3548 3692 3664 379 3577 3622 3622 3591 4061 4061 4061 4061 4061 4061 4061 4061
2271 1777561011 3548 3692 3665 379 3578 3622 3623 3591 4063 4061 4061 4061 4061 4061 4061 4061
2272 1777561011 3548 3692 3665 378 3579 3622 3623 3591 4061 4061 4061 4061 4061 4061 4061 4061
2273 1777561011 3547 3691 3663 379 3578 3621 3622 3590 4061 4061 4061 4061 4061 4061 4061 4061
2274 1777561011 3547 3692 3665 378 3578 3622 3623 3591 4063 4063 4062 4062 4062 4062 4062 4062
2275 1777561011 3548 3693 3664 379 3578 3622 3623 3591 4061 4061 4061 4061 4061 4061 4061 4061
2276 1777561011 3548 3692 3665 379 3578 3622 3623 3591 4061 4061 4060 4060 4060 4060 4060 4060
2277 1777561012 3548 3692 3664 379 3578 3622 3623 3591 4061 4061 4060 4060 4060 4060 4060 4060
2278 1777561012 3549 3694 3665 379 3579 3623 3624 3592 4061 4061 4061 4061 4061 4061 4061 4061
2279 1777561012 3548 3693 3665 378 3578 3622 3623 3591 4061 4060 4060 4060 4060 4060 4060 4060
2280 1777561012 3548 3692 3664 379 3579 3622 3623 3591 4061 4061 4060 4060 4060 4060 4060 4060
2281 1777561012 3548 3693 3664 379 3579 3623 3623 3592 4061 4061 4060 4060 4060 4060 4060 4060
2282 1777561012 3547 3692 3664 379 3578 3622 3622 3591 4061 4061 4061 4061 4061 4061 4061 4061
2283 1777561012 3548 3693 3665 379 3579 3622 3623 3591 4061 4061 4060 4060 4060 4060 4060 4060
2284 1777561012 3549 3693 3666 380 3579 3623 3624 3591 4061 4061 4061 4061 4061 4061 4061 4061
2285 1777561012 3548 3693 3665 379 3580 3623 3624 3592 4061 4061 4061 4061 4061 4061 4061 4061
2286 1777561012 3548 3693 3664 378 3579 3623 3623 3591 4061 4061 4061 4061 4061 4061 4061 4061
2287 1777561012 3548 3692 3665 379 3578 3622 3623 3591 4061 4061 4061 4061 4061 4061 4061 4061
2288 1777561012 3548 3693 3665 379 3579 3623 3623 3592 4061 4061 4060 4060 4060 4060 4060 4060
2289 1777561012 3548 3693 3665 379 3578 3622 3623 3591 4061 4061 4061 4061 4061 4061 4061 4061
2290 1777561012 3548 3693 3665 379 3579 3622 3623 3591 4061 4061 4060 4060 4060 4060 4060 4060
2291 1777561012 3547 3692 3664 379 3579 3622 3623 3591 4061 4061 4061 4061 4061 4061 4061 4061
2292 1777561012 3548 3693 3665 379 3579 3622 3623 3591 4061 4061 4060 4060 4060 4060 4060 4060
2293 1777561012 3548 3692 3664 379 3579 3623 3623 3591 4061 4061 4061 4061 4061 4061 4061 4061
2294 1777561012 3548 3693 3664 379 3578 3622 3623 3591 4061 4060 4060 4060 4060 4060 4060 4060
2295 1777561012 3547 3692 3664 379 3579 3622 3623 3591 4061 4061 4060 4060 4060 4060 4060 4060
2296 1777561012 3547 3691 3663 377 3577 3621 3622 3590 4061 4061 4061 4061 4061 4061 4061 4061
2297 1777561012 3546 3691 3663 377 3578 3621 3622 3589 4061 4061 4061 4061 4061 4061 4061 4061
2298 1777561012 3547 3691 3663 377 3577 3621 3621 3590 4061 4061 4060 4060 4060 4060 4060 4060
2299 1777561012 3547 3691 3663 377 3577 3621 3621 3589 4061 4061 4060 4060 4060 4060 4060 4060
2300 1777561012 3547 3691 3663 377 3577 3620 3621 3589 4061 4061 4060 4060 4060 4060 4060 4060
2301 1777561012 3546 3691 3663 379 3577 3621 3622 3589 4061 4061 4061 4061 4061 4061 4061 4061
2302 1777561012 3545 3690 3662 378 3577 3620 3621 3589 4061 4061 4060 4060 4060 4060 4060 4060
2303 1777561012 3547 3691 3664 377 3576 3621 3622 3590 4061 4061 4061 4061 4061 4061 4061 4061
2304 1777561012 3547 3691 3663 377 3577 3621 3621 3590 4061 4061 4060 4060 4060 4060 4060 4060
2305 1777561012 3547 3691 3663 377 3578 3620 3621 3589 4061 4061 4060 4060 4060 4060 4060 4060
2306 1777561012 3546 3691 3663 377 3578 3621 3622 3590 4061 4061 4060 4060 4060 4060 4060 4060
2307 1777561012 3546 3690 3662 378 3576 3620 3620 3589 4063 4063 4062 4062 4062 4062 4062 4062
2308 1777561012 3547 3691 3663 378 3577 3621 3622 3589 4061 4061 4061 4061 4061 4061 4061 4061
2309 1777561012 3547 3691 3663 377 3577 3621 3621 3590 4061 4061 4061 4061 4061 4061 4061 4061
2310 1777561012 3546 3691 3663 378 3577 3620 3621 3589 4061 4061 4061 4061 4061 4061 4061 4061
2311 1777561012 3546 3690 3663 378 3576 3621 3621 3589 4061 4061 4061 4061 4061 4061 4061 4061
2312 1777561012 3547 3692 3664 378 3578 3622 3622 3590 4061 4061 4060 4060 4060 4060 4060 4060
2313 1777561012 3547 3691 3664 377 3578 3622 3622 3590 4063 4063 4062 4062 4062 4062 4062 4062
2314 1777561012 3546 3691 3663 377 3577 3621 3622 3590 4061 4061 4060 4060 4060 4060 4060 4060
2315 1777561012 3546 3691 3663 377 3577 3621 3621 3590 4061 4061 4061 4061 4061 4061 4061 4061
2316 1777561012 3547 3692 3663 377 3577 3621 3621 3589 4063 4063 4062 4062 4062 4062 4062 4062
2317 1777561012 3546 3690 3663 377 3576 3620 3621 3589 4061 4061 4061 4061 4061 4061 4061 4061
2318 1777561012 3546 3690 3662 378 3577 3621 3622 3590 4061 4061 4060 4060 4060 4060 4060 4060
2319 1777561012 3547 3691 3664 378 3578 3621 3622 3590 4061 4061 4061 4061 4061 4061 4061 4061
2320 1777561012 3547 3691 3664 378 3577 3621 3622 3590 4061 4061 4060 4060 4060 4060 4060 4060
2321 1777561012 3547 3691 3663 378 3578 3621 3622 3590 4061 4061 4061 4061 4061 4061 4061 4061
2322 1777561012 3547 3691 3663 378 3577 3621 3621 3589 4061 4061 4060 4060 4060 4060 4060 4060
2323 1777561012 3547 3691 3663 377 3578 3621 3622 3590 4061 4061 4060 4060 4060 4060 4060 4060
2324 1777561012 3546 3690 3663 378 3577 3621 3622 3590 4061 4061 4061 4061 4061 4061 4061 4061
2325 1777561012 3547 3691 3663 378 3577 3621 3622 3590 4061 4061 4060 4060 4060 4060 4060 4060
2326 1777561012 3550 3694 3666 378 3580 3624 3624 1699 4061 4061 4060 4060 4060 4060 4060 4060
2327 1777561012 3547 3691 3663 377 3577 3621 3621 3589 4061 4061 4060 4060 4060 4060 4060 4060
2328 1777561012 3548 3693 3665 378 3579 3623 3623 3591 4061 4061 4061 4061 4061 4061 4061 4061
2329 1777561012 3547 3692 3664 377 3578 3622 3622 3590 4061 4061 4060 4060 4060 4060 4060 4060
2330 1777561012 3546 3691 3663 378 3577 3621 3621 3590 4061 4061 4061 4061 4061 4061 4061 4061
2331 1777561012 3547 3691 3664 378 3578 3621 3622 3590 4063 4063 4062 4062 4062 4062 4062 4062
2332 1777561012 3548 3692 3664 377 3578 3621 3622 3590 4061 4061 4061 4061 4061 4061 4061 4061
2333 1777561012 3547 3691 3663 377 3578 3621 3621 3589 4061 4061 4061 4061 4061 4061 4061 4061
2334 1777561012 3547 3692 3664 378 3577 3621 3622 3590 4061 4061 4061 4061 4061 4061 4061 4061
2335 1777561012 3547 3691 3663 378 3578 3621 3622 3590 4061 4061 4061 4061 4061 4061 4061 4061
2336 1777561012 3547 3691 3663 377 3577 3621 3621 3590 4059 4059 4059 4059 4059 4059 4059 4059
2337 1777561012 3546 3691 3663 377 3578 3622 3622 3590 4061 4061 4061 4061 4061 4061 4061 4061
2338 1777561012 3547 3692 3664 378 3578 3621 3622 3590 4061 4061 4061 4061 4061 4061 4061 4061
2339 1777561020 3546 3691 3663 378 3577 3621 3621 3589 4061 4061 4061 4061 4061 4061 4061 4061
2340 1777561020 3546 3690 3662 378 3577 3620 3621 3589 4061 4061 4061 4061 4061 4061 4061 4061
2341 1777561020 3547 3691 3664 378 3577 3621 3621 3590 4061 4061 4061 4061 4061 4061 4061 4061
2342 1777561020 3545 3690 3662 378 3576 3620 3620 3589 4061 4061 4061 4061 4061 4061 4061 4061
2343 1777561020 3547 3691 3663 378 3577 3621 3621 3590 4061 4061 4061 4061 4061 4061 4061 4061
2344 1777561020 3546 3691 3663 378 3577 3621 3621 3589 4061 4061 4060 4060 4060 4060 4060 4060
2345 1777561020 3546 3691 3663 378 3577 3621 3622 3590 4061 4061 4061 4061 4061 4061 4061 4061
2346 1777561020 3547 3691 3663 378 3577 3621 3621 3589 4061 4061 4060 4060 4060 4060 4060 4060
2347 1777561020 3547 3691 3663 377 3578 3621 3622 3590 4061 4061 4061 4061 4061 4061 4061 4061
2348 1777561020 3546 3691 3663 378 3578 3622 3622 3590 4061 4061 4061 4061 4061 4061 4061 4061
2349 1777561020 3547 3691 3663 378 3577 3621 3622 3590 4061 4061 4060 4060 4060 4060 4060 4060
2350 1777561020 3546 3690 3663 377 3576 3621 3621 3589 4061 4061 4061 4061 4061 4061 4061 4061
2351 1777561020 3547 3691 3662 378 3577 3621 3621 3589 4061 4061 4060 4060 4060 4060 4060 4060
2352 1777561020 3546 3691 3663 378 3578 3621 3622 3590 4061 4061 4061 4061 4061 4061 4061 4061
2353 1777561020 3546 3691 3663 378 3577 3621 3621 3589 4063 4061 4061 4061 4061 4061 4061 4061
2354 1777561020 3547 3692 3664 377 3578 3621 3622 3590 4059 4059 4058 4058 4058 4058 4058 4058
2355 1777561020 3546 3690 3663 378 3577 3621 3621 3589 4061 4061 4061 4061 4061 4061 4061 4061
2356 1777561020 3546 3691 3663 378 3577 3621 3621 3589 4061 4061 4061 4061 4061 4061 4061 4061
2357 1777561020 3547 3691 3663 378 3578 3622 3622 3590 4063 4061 4061 4061 4061 4061 4061 4061
2358 1777561020 3547 3692 3663 378 3578 3621 3622 3590 4061 4061 4061 4061 4061 4061 4061 4061
2359 1777561020 3547 3692 3664 378 3578 3622 3622 3591 4059 4059 4058 4058 4058 4058 4058 4058
2360 1777561020 3546 3691 3663 378 3577 3620 3621 3589 4061 4061 4060 4060 4060 4060 4060 4060
2361 1777561021 3547 3691 3663 378 3577 3621 3621 3590 4061 4061 4061 4061 4061 4061 4061 4061
2362 1777561021 3546 3691 3663 377 3577 3621 3621 3589 4061 4061 4060 4060 4060 4060 4060 4060
2363 1777561021 3547 3692 3664 378 3578 3622 3623 3590 4061 4061 4061 4061 4061 4061 4061 4061
2364 1777561021 3547 3691 3663 379 3578 3621 3622 3590 4061 4061 4060 4060 4060 4060 4060 4060
2365 1777561021 3547 3692 3664 378 3577 3622 3623 3590 4061 4061 4060 4060 4060 4060 4060 4060
2366 1777561021 3548 3692 3663 378 3576 3621 3622 3590 4063 4061 4061 4061 4061 4061 4061 4061
2367 1777561021 3547 3691 3664 377 3577 3621 3621 3589 4061 4061 4060 4060 4060 4060 4060 4060
2368 1777561021 3547 3691 3663 377 3578 3621 3622 3590 4061 4061 4061 4061 4061 4061 4061 4061
2369 1777561021 3547 3692 3664 378 3578 3622 3622 3590 4059 4059 4059 4059 4059 4059 4059 4059
2370 1777561021 3547 3691 3663 377 3577 3621 3622 3590 4061 4061 4061 4061 4061 4061 4061 4061
2371 1777561021 3547 3691 3664 378 3578 3622 3622 3590 4061 4061 4060 4060 4060 4060 4060 4060
2372 1777561021 3547 3692 3664 379 3578 3621 3622 3590 4061 4061 4061 4061 4061 4061 4061 4061
2373 1777561021 3547 3691 3664 378 3577 3621 3621 3590 4061 4061 4061 4061 4061 4061 4061 4061
2374 1777561021 3547 3691 3664 378 3578 3621 3622 3590 4061 4061 4061 4061 4061 4061 4061 4061
2375 1777561029 3547 3691 3663 378 3577 3620 3621 3589 4061 4061 4061 4061 4061 4061 4061 4061
2376 1777561029 3547 3692 3664 377 3578 3622 3622 3590 4061 4061 4061 4061 4061 4061 4061 4061
2377 1777561029 3546 3690 3663 378 3577 3621 3622 3589 4061 4061 4061 4061 4061 4061 4061 4061
2378 1777561029 3547 3692 3663 378 3578 3621 3622 3590 4061 4061 4061 4061 4061 4061 4061 4061
2379 1777561029 3545 3690 3662 378 3576 3620 3620 3588 4061 4061 4061 4061 4061 4061 4061 4061
2380 1777561029 3547 3691 3664 378 3577 3621 3622 3590 4061 4061 4061 4061 4061 4061 4061 4061
2381 1777561029 3547 3691 3663 378 3577 3621 3622 3590 4061 4061 4061 4061 4061 4061 4061 4061
2382 1777561029 3548 3692 3664 377 3579 3622 3623 3591 4061 4061 4061 4061 4061 4061 4061 4061
2383 1777561029 3547 3691 3663 378 3577 3621 3621 3589 4061 4061 4061 4061 4061 4061 4061 4061
2384 1777561029 3547 3691 3663 378 3577 3621 3622 3590 4061 4061 4060 4060 4060 4060 4060 4060
2385 1777561029 3546 3691 3663 378 3577 3621 3621 3589 4061 4061 4061 4061 4061 4061 4061 4061
2386 1777561029 3546 3691 3663 378 3578 3621 3622 3590 4061 4061 4061 4061 4061 4061 4061 4061
2387 1777561029 3548 3692 3664 378 3578 3622 3622 3590 4061 4061 4061 4061 4061 4061 4061 4061
2388 1777561029 3546 3691 3663 378 3577 3621 3621 3589 4061 4061 4060 4060 4060 4060 4060 4060
2389 1777561029 3547 3691 3664 378 3578 3622 3622 3591 4063 4063 4062 4062 4062 4062 4062 4062
2390 1777561029 3546 3691 3663 378 3577 3621 3622 3590 4061 4061 4060 4060 4060 4060 4060 4060
2391 1777561029 3548 3692 3664 378 3578 3622 3622 3590 4061 4061 4061 4061 4061 4061 4061 4061
2392 1777561029 3547 3691 3664 378 3578 3622 3622 3590 4061 4061 4060 4060 4060 4060 4060 4060
2393 1777561029 3547 3691 3663 378 3578 3621 3621 3590 4061 4061 4061 4061 4061 4061 4061 4061
2394 1777561029 3549 3693 3665 378 3579 3623 3624 3591 4061 4060 4060 4060 4060 4060 4060 4060
2395 1777561029 3546 3691 3664 379 3578 3622 3622 3591 4061 4061 4061 4061 4061 4061 4061 4061
2396 1777561029 3548 3692 3664 378 3577 3622 3622 3590 4061 4061 4060 4060 4060 4060 4060 4060
2397 1777561029 3547 3692 3664 378 3578 3622 3623 3591 4061 4061 4061 4061 4061 4061 4061 4061
2398 1777561029 3547 3691 3664 378 3578 3621 3622 3590 4061 4061 4061 4061 4061 4061 4061 4061
2399 1777561029 3548 3693 3665 378 3579 3623 3623 3591 4061 4061 4061 4061 4061 4061 4061 4061
2400 1777561029 3547 3692 3664 378 3579 3622 3622 3590 4061 4061 4061 4061 4061 4061 4061 4061
2401 1777561029 3548 3692 3664 378 3578 3621 3622 3590 4061 4061 4060 4060 4060 4060 4060 4060
2402 1777561029 3547 3692 3664 378 3579 3622 3623 3590 4061 4061 4061 4061 4061 4061 4061 4061
2403 1777561029 3547 3692 3664 379 3578 3622 3622 3590 4061 4061 4061 4061 4061 4061 4061 4061
2404 1777561029 3547 3692 3664 378 3578 3622 3623 3591 4061 4061 4060 4060 4060 4060 4060 4060
2405 1777561029 3547 3692 3665 378 3578 3621 3622 3590 4061 4061 4061 4061 4061 4061 4061 4061
2406 1777561029 3548 3692 3664 378 3577 3621 3622 3590 4063 4063 4062 4062 4062 4062 4062 4062
2407 1777561029 3547 3692 3664 378 3578 3621 3622 3590 4061 4061 4060 4060 4060 4060 4060 4060
2408 1777561029 3547 3692 3665 378 3578 3622 3623 3590 4063 4063 4062 4062 4062 4062 4062 4062
2409 1777561029 3548 3693 3664 378 3578 3622 3623 3591 4061 4061 4060 4060 4060 4060 4060 4060
2410 1777561029 3547 3692 3664 378 3578 3621 3622 3590 4063 4063 4062 4062 4062 4062 4062 4062
2411 1777561029 3546 3691 3663 378 3577 3621 3621 3589 4061 4061 4061 4061 4061 4061 4061 4061
2412 1777561029 3547 3692 3663 378 3577 3622 3622 3590 4061 4061 4060 4060 4060 4060 4060 4060
2413 1777561029 3547 3691 3663 378 3576 3621 3621 3590 4063 4063 4062 4062 4062 4062 4062 4062
2414 1777561029 3547 3692 3664 378 3578 3622 3623 3591 4059 4059 4059 4059 4059 4059 4059 4059
2415 1777561029 3546 3691 3663 378 3578 3621 3622 3590 4063 4063 4062 4062 4062 4062 4062 4062
2416 1777561029 3547 3692 3664 378 3578 3622 3622 3590 4063 4063 4062 4062 4062 4062 4062 4062
2417 1777561029 3548 3693 3664 379 3579 3622 3623 3591 4061 4061 4060 4060 4060 4060 4060 4060
2418 1777561029 3547 3692 3664 378 3578 3622 3622 3590 4061 4061 4060 4060 4060 4060 4060 4060
2419 1777561029 3547 3691 3663 379 3578 3621 3622 3590 4061 4060 4060 4060 4060 4060 4060 4060
2420 1777561029 3547 3691 3663 378 3577 3621 3621 3589 4061 4061 4060 4060 4060 4060 4060 4060
2421 1777561029 3548 3693 3665 378 3579 3623 3623 3591 4061 4061 4061 4061 4061 4061 4061 4061
2422 1777561037 3545 3690 3662 377 3576 3621 3621 3589 4061 4061 4061 4061 4061 4061 4061 4061
2423 1777561037 3546 3691 3663 378 3577 3621 3622 3589 4061 4061 4061 4061 4061 4061 4061 4061
2424 1777561037 3545 3690 3662 381 3576 3620 3621 3589 4061 4061 4061 4061 4061 4061 4061 4061
2425 1777561037 3547 3691 3663 380 3577 3621 3621 3590 4061 4061 4061 4061 4061 4061 4061 4061
2426 1777561037 3547 3691 3663 379 3578 3621 3621 3590 4061 4061 4060 4060 4060 4060 4060 4060
2427 1777561037 3547 3692 3664 378 3577 3622 3622 3590 4061 4061 4061 4061 4061 4061 4061 4061
2428 1777561037 3548 3692 3665 378 3578 3622 3623 3591 4061 4061 4061 4061 4061 4061 4061 4061
2429 1777561037 3547 3691 3664 378 3578 3622 3621 3590 4061 4061 4061 4061 4061 4061 4061 4061
2430 1777561037 3547 3692 3664 378 3578 3621 3622 3590 4061 4061 4061 4061 4061 4061 4061 4061
2431 1777561037 3547 3692 3664 378 3578 3622 3622 3591 4063 4063 4062 4062 4062 4062 4062 4062
2432 1777561037 3548 3693 3665 377 3578 3622 3622 3590 4061 4061 4061 4061 4061 4061 4061 4061
2433 1777561037 3547 3692 3664 378 3578 3622 3622 3590 4061 4061 4061 4061 4061 4061 4061 4061
2434 1777561037 3546 3691 3663 379 3577 3621 3622 3590 4061 4061 4061 4061 4061 4061 4061 4061
2435 1777561037 3548 3692 3665 378 3578 3622 3623 3590 4061 4061 4060 4060 4060 4060 4060 4060
2436 1777561037 3548 3692 3664 378 3578 3622 3622 3590 4061 4061 4061 4061 4061 4061 4061 4061
2437 1777561037 3547 3692 3664 379 3578 3622 3622 3591 4063 4063 4062 4062 4062 4062 4062 4062
2438 1777561037 3547 3691 3663 379 3578 3621 3622 3590 4061 4061 4060 4060 4060 4060 4060 4060
2439 1777561037 3547 3691 3664 378 3577 3622 3623 3591 4061 4061 4061 4061 4061 4061 4061 4061
2440 1777561037 3547 3691 3664 378 3577 3621 3622 3589 4061 4061 4061 4061 4061 4061 4061 4061
2441 1777561037 3547 3692 3663 378 3577 3621 3621 3589 4061 4061 4061 4061 4061 4061 4061 4061
2442 1777561037 3547 3691 3664 379 3578 3622 3623 3590 4061 4061 4061 4061 4061 4061 4061 4061
2443 1777561037 3546 3691 3663 378 3577 3621 3621 3589 4063 4059 4059 4059 4059 4059 4059 4059
2444 1777561037 3547 3691 3664 379 3576 3621 3622 3590 4061 4061 4060 4060 4060 4060 4060 4060
2445 1777561037 3546 3691 3663 378 3577 3620 3621 3589 4063 4063 4062 4062 4062 4062 4062 4062
2446 1777561037 3546 3690 3663 378 3576 3620 3621 3589 4061 4061 4061 4061 4061 4061 4061 4061
2447 1777561037 3547 3691 3663 378 3577 3621 3622 3590 4061 4061 4061 4061 4061 4061 4061 4061
2448 1777561037 3547 3692 3665 379 3579 3622 3623 3591 4059 4059 4059 4059 4059 4059 4059 4059
2449 1777561045 3546 3691 3663 379 3577 3621 3622 3589 4061 4061 4061 4061 4061 4061 4061 4061
2450 1777561045 3547 3691 3664 379 3577 3622 3622 3590 4061 4060 4060 4060 4060 4060 4060 4060
2451 1777561045 3547 3692 3663 379 3578 3622 3622 3590 4061 4061 4060 4060 4060 4060 4060 4060
2452 1777561045 3547 3692 3664 378 3578 3622 3622 3590 4061 4061 4061 4061 4061 4061 4061 4061
2453 1777561045 3547 3691 3663 378 3578 3622 3622 3590 4061 4061 4060 4060 4060 4060 4060 4060
2454 1777561045 3547 3691 3664 378 3577 3621 3622 3590 4061 4061 4060 4060 4060 4060 4060 4060
2455 1777561045 3548 3692 3664 379 3578 3622 3622 3590 4061 4061 4060 4060 4060 4060 4060 4060
2456 1777561045 3547 3692 3664 378 3578 3621 3622 3590 4061 4061 4060 4060 4060 4060 4060 4060
2457 1777561045 3547 3692 3665 379 3578 3622 3623 3590 4061 4061 4060 4060 4060 4060 4060 4060
2458 1777561045 3546 3691 3663 378 3577 3620 3621 3590 4061 4061 4061 4061 4061 4061 4061 4061
2459 1777561045 3546 3691 3663 379 3576 3621 3621 3590 4061 4060 4060 4060 4060 4060 4060 4060
2460 1777561045 3547 3692 3664 379 3579 3622 3623 3591 4061 4061 4061 4061 4061 4061 4061 4061
2461 1777561045 3547 3691 3663 379 3577 3621 3621 3590 4061 4061 4060 4060 4060 4060 4060 4060
2462 1777561046 3547 3692 3664 378 3578 3621 3622 3590 4061 4061 4061 4061 4061 4061 4061 4061
2463 1777561046 3547 3691 3664 379 3578 3622 3622 3590 4061 4061 4061 4061 4061 4061 4061 4061
2464 1777561046 3547 3692 3664 378 3578 3621 3622 3590 4061 4061 4060 4060 4060 4060 4060 4060
2465 1777561046 3548 3692 3664 379 3578 3622 3623 3591 4061 4061 4061 4061 4061 4061 4061 4061
2466 1777561046 3547 3692 3664 378 3578 3622 3622 3591 4061 4061 4061 4061 4061 4061 4061 4061
2467 1777561046 3548 3692 3664 379 3579 3622 3623 3591 4063 4063 4062 4062 4062 4062 4062 4062
2468 1777561046 3548 3692 3665 378 3579 3622 3623 3591 4061 4061 4060 4060 4060 4060 4060 4060
2469 1777561046 3547 3691 3664 379 3578 3621 3622 3590 4061 4061 4060 4060 4060 4060 4060 4060
2470 1777561046 3547 3691 3663 379 3577 3621 3621 3590 4061 4061 4060 4060 4060 4060 4060 4060
2471 1777561046 3548 3692 3664 378 3578 3622 3623 3591 4061 4061 4061 4061 4061 4061 4061 4061
2472 1777561046 3547 3692 3664 379 3578 3621 3622 3590 4061 4061 4061 4061 4061 4061 4061 4061
2473 1777561046 3548 3692 3664 379 3578 3622 3622 3590 4061 4061 4061 4061 4061 4061 4061 4061
2474 1777561046 3547 3692 3664 379 3577 3622 3622 3590 4061 4061 4061 4061 4061 4061 4061 4061
2475 1777561046 3548 3692 3664 379 3578 3622 3622 3590 4061 4061 4060 4060 4060 4060 4060 4060
2476 1777561046 3547 3691 3663 379 3577 3621 3622 3590 4061 4061 4060 4060 4060 4060 4060 4060
2477 1777561046 3547 3692 3663 379 3578 3621 3622 3590 4061 4061 4061 4061 4061 4061 4061 4061
2478 1777561046 3548 3692 3664 378 3578 3622 3623 3590 4061 4061 4060 4060 4060 4060 4060 4060
2479 1777561046 3547 3692 3664 378 3578 3621 3622 3590 4061 4061 4061 4061 4061 4061 4061 4061
2480 1777561046 3548 3692 3665 379 3579 3622 3622 3591 4061 4061 4061 4061 4061 4061 4061 4061
2481 1777561046 3548 3692 3664 379 3578 3622 3622 3590 4063 4063 4062 4062 4062 4062 4062 4062
2482 1777561046 3548 3693 3665 379 3579 3622 3623 3591 4061 4061 4061 4061 4061 4061 4061 4061
2483 1777561046 3548 3693 3665 378 3578 3623 3623 3591 4061 4061 4061 4061 4061 4061 4061 4061
2484 1777561046 3549 3693 3665 378 3579 3623 3623 3591 4061 4061 4061 4061 4061 4061 4061 4061
2485 1777561046 3547 3692 3664 379 3578 3622 3623 3590 4063 4063 4062 4062 4062 4062 4062 4062
2486 1777561046 3548 3693 3665 379 3578 3622 3622 3591 4061 4061 4060 4060 4060 4060 4060 4060
2487 1777561046 3547 3691 3664 379 3578 3621 3622 3590 4063 4061 4061 4061 4061 4061 4061 4061
2488 1777561046 3548 3692 3664 380 3578 3622 3623 3591 4063 4063 4062 4062 4062 4062 4062 4062
2489 1777561046 3547 3691 3663 379 3578 3621 3622 3590 4061 4061 4061 4061 4061 4061 4061 4061
2490 1777561046 3548 3693 3664 378 3577 3622 3623 3591 4061 4061 4060 4060 4060 4060 4060 4060
2491 1777561046 3548 3693 3665 379 3579 3622 3623 3591 4061 4061 4061 4061 4061 4061 4061 4061
2492 1777561046 3548 3693 3665 378 3579 3623 3623 3591 4061 4061 4061 4061 4061 4061 4061 4061
2493 1777561046 3547 3691 3663 379 3577 3621 3622 3590 4061 4061 4061 4061 4061 4061 4061 4061
2494 1777561046 3549 3693 3666 378 3580 3623 3624 3592 4061 4061 4061 4061 4061 4061 4061 4061
2495 1777561046 3548 3693 3664 378 3578 3622 3623 3591 4061 4061 4061 4061 4061 4061 4061 4061
2496 1777561046 3548 3692 3664 378 3578 3622 3622 3591 4061 4061 4061 4061 4061 4061 4061 4061
2497 1777561046 3549 3694 3667 379 3580 3624 3625 3593 4061 4061 4060 4060 4060 4060 4060 4060
2498 1777561046 3547 3692 3664 378 3579 3622 3623 3591 4061 4061 4061 4061 4061 4061 4061 4061
2499 1777561046 3548 3692 3664 379 3579 3623 3623 3591 4061 4061 4060 4060 4060 4060 4060 4060
2500 1777561046 3547 3691 3664 378 3577 3621 3621 3590 4061 4061 4061 4061 4061 4061 4061 4061
2501 1777561046 3548 3693 3664 379 3578 3623 3623 3591 4063 4062 4062 4062 4062 4062 4062 4062
2502 1777561046 3548 3692 3665 378 3579 3622 3623 3591 4061 4061 4061 4061 4061 4061 4061 4061
2503 1777561046 3548 3693 3664 379 3578 3622 3622 3591 4063 4063 4062 4062 4062 4062 4062 4062
2504 1777561046 3547 3692 3664 379 3578 3622 3623 3591 4061 4061 4060 4060 4060 4060 4060 4060
2505 1777561046 3547 3692 3664 379 3578 3622 3623 3591 4061 4061 4060 4060 4060 4060 4060 4060
2506 1777561046 3547 3692 3664 379 3577 3622 3623 3591 4061 4061 4061 4061 4061 4061 4061 4061
2507 1777561046 3548 3693 3665 379 3579 3623 3623 3591 4061 4061 4061 4061 4061 4061 4061 4061
2508 1777561046 3548 3693 3665 378 3579 3623 3624 3591 4063 4063 4062 4062 4062 4062 4062 4062
2509 1777561046 3547 3692 3664 379 3578 3622 3623 3591 4061 4061 4061 4061 4061 4061 4061 4061
2510 1777561046 3548 3693 3665 379 3579 3622 3623 3591 4061 4061 4060 4060 4060 4060 4060 4060
2511 1777561046 3549 3693 3665 379 3579 3623 3623 3591 4063 4063 4062 4062 4062 4062 4062 4062
2512 1777561046 3548 3692 3664 379 3579 3622 3623 3591 4061 4061 4061 4061 4061 4061 4061 4061
2513 1777561046 3548 3692 3665 379 3578 3623 3623 3591 4061 4061 4061 4061 4061 4061 4061 4061
2514 1777561046 3548 3693 3665 379 3579 3622 3623 3591 4061 4061 4060 4060 4060 4060 4060 4060
2515 1777561046 3548 3693 3664 379 3578 3622 3622 3590 4061 4061 4061 4061 4061 4061 4061 4061
2516 1777561046 3548 3693 3665 379 3579 3622 3623 3591 4061 4061 4061 4061 4061 4061 4061 4061
2517 1777561046 3548 3693 3664 379 3579 3623 3623 3592 4061 4061 4061 4061 4061 4061 4061 4061
2518 1777561046 3547 3692 3664 378 3578 3621 3622 3590 4061 4061 4061 4061 4061 4061 4061 4061
2519 1777561046 3548 3693 3665 379 3579 3622 3622 3590 4063 4063 4062 4062 4062 4062 4062 4062
2520 1777561046 3548 3693 3665 380 3579 3622 3623 3591 4061 4061 4061 4061 4061 4061 4061 4061
2521 1777561046 3549 3693 3665 379 3578 3623 3623 3591 4061 4061 4061 4061 4061 4061 4061 4061
2522 1777561046 3549 3693 3665 379 3579 3623 3623 3591 4063 4061 4061 4061 4061 4061 4061 4061
2523 1777561046 3548 3692 3665 379 3579 3622 3623 3591 4061 4061 4061 4061 4061 4061 4061 4061
2524 1777561046 3548 3693 3665 379 3579 3623 3623 3591 4061 4061 4060 4060 4060 4060 4060 4060
2525 1777561046 3549 3693 3665 379 3579 3623 3623 3591 4061 4061 4061 4061 4061 4061 4061 4061
2526 1777561046 3548 3693 3665 379 3579 3623 3623 3592 4061 4061 4060 4060 4060 4060 4060 4060
2527 1777561046 3549 3693 3665 379 3579 3623 3623 3591 4061 4061 4061 4061 4061 4061 4061 4061
2528 1777561046 3548 3692 3665 379 3579 3622 3623 3591 4061 4061 4060 4060 4060 4060 4060 4060
2529 1777561046 3549 3693 3665 379 3580 3623 3623 3592 4061 4061 4060 4060 4060 4060 4060 4060
2530 1777561046 3548 3692 3664 379 3579 3623 3623 3591 4061 4061 4060 4060 4060 4060 4060 4060
2531 1777561046 3548 3692 3665 379 3578 3623 3623 3591 4061 4061 4060 4060 4060 4060 4060 4060
2532 1777561046 3547 3692 3664 379 3578 3622 3623 3591 4061 4061 4061 4061 4061 4061 4061 4061
2533 1777561046 3548 3693 3665 379 3579 3623 3623 3591 4061 4061 4061 4061 4061 4061 4061 4061
2534 1777561046 3548 3693 3665 379 3579 3623 3624 3591 4061 4061 4061 4061 4061 4061 4061 4061
2535 1777561046 3549 3693 3666 379 3580 3623 3624 3591 4061 4061 4060 4060 4060 4060 4060 4060
2536 1777561046 3548 3692 3665 379 3579 3623 3623 3591 4061 4061 4061 4061 4061 4061 4061 4061
2537 1777561047 3548 3693 3665 379 3578 3623 3623 3591 4061 4061 4061 4061 4061 4061 4061 4061
2538 1777561047 3549 3694 3665 379 3579 3623 3624 3592 4061 4061 4061 4061 4061 4061 4061 4061
2539 1777561047 3549 3693 3665 379 3579 3623 3624 3591 4059 4059 4058 4058 4058 4058 4058 4058
2540 1777561047 3548 3692 3664 379 3578 3622 3622 3591 4063 4061 4061 4061 4061 4061 4061 4061
2541 1777561047 3549 3693 3665 379 3579 3623 3623 3591 4061 4061 4061 4061 4061 4061 4061 4061
2542 1777561047 3548 3693 3665 379 3579 3622 3623 3591 4061 4061 4060 4060 4060 4060 4060 4060
2543 1777561047 3548 3693 3665 379 3579 3623 3623 3591 4061 4061 4060 4060 4060 4060 4060 4060
2544 1777561047 3549 3694 3666 379 3579 3624 3624 3592 4061 4061 4060 4060 4060 4060 4060 4060
2545 1777561047 3548 3692 3665 379 3578 3622 3623 3591 4061 4061 4061 4061 4061 4061 4061 4061
2546 1777561047 3548 3692 3665 379 3579 3622 3623 3591 4063 4063 4062 4062 4062 4062 4062 4062
2547 1777561047 3547 3692 3665 379 3579 3622 3623 3591 4061 4061 4061 4061 4061 4061 4061 4061
2548 1777561047 3546 3691 3663 377 3577 3620 3622 3589 4061 4061 4061 4061 4061 4061 4061 4061
2549 1777561047 3547 3691 3663 377 3578 3621 3622 3590 4061 4061 4061 4061 4061 4061 4061 4061
2550 1777561047 3546 3691 3663 377 3577 3621 3621 3589 4061 4061 4060 4060 4060 4060 4060 4060
2551 1777561047 3546 3690 3663 377 3576 3620 3621 3589 4061 4061 4061 4061 4061 4061 4061 4061
2552 1777561047 3547 3692 3663 377 3577 3621 3622 3590 4061 4061 4060 4060 4060 4060 4060 4060
2553 1777561047 3547 3691 3663 379 3577 3620 3621 3589 4061 4061 4061 4061 4061 4061 4061 4061
2554 1777561047 3546 3690 3662 378 3577 3621 3621 3589 4061 4061 4061 4061 4061 4061 4061 4061
2555 1777561047 3547 3691 3664 377 3576 3621 3622 3590 4061 4061 4061 4061 4061 4061 4061 4061
2556 1777561047 3546 3690 3663 377 3575 3621 3622 3590 4061 4061 4061 4061 4061 4061 4061 4061
2557 1777561047 3546 3690 3663 378 3574 3620 3621 3589 4061 4061 4061 4061 4061 4061 4061 4061
2558 1777561047 3546 3691 3663 377 3577 3620 3621 3589 4061 4061 4060 4060 4060 4060 4060 4060
2559 1777561047 3547 3691 3664 377 3578 3621 3622 3590 4063 4063 4062 4062 4062 4062 4062 4062
2560 1777561047 3547 3692 3664 377 3577 3621 3621 3590 4061 4061 4060 4060 4060 4060 4060 4060
2561 1777561047 3546 3691 3663 377 3578 3621 3621 3590 4061 4061 4060 4060 4060 4060 4060 4060
2562 1777561047 3546 3690 3663 378 3577 3620 3621 3589 4061 4061 4061 4061 4061 4061 4061 4061
2563 1777561047 3546 3691 3663 377 3578 3621 3622 3590 4061 4061 4061 4061 4061 4061 4061 4061
2564 1777561047 3547 3691 3664 377 3577 3621 3622 3590 4061 4061 4061 4061 4061 4061 4061 4061
2565 1777561047 3547 3691 3663 377 3578 3621 3622 3589 4061 4061 4060 4060 4060 4060 4060 4060
2566 1777561047 3547 3692 3664 377 3578 3621 3622 3590 4061 4061 4061 4061 4061 4061 4061 4061
2567 1777561047 3548 3692 3664 377 3578 3622 3622 3590 4061 4061 4060 4060 4060 4060 4060 4060
2568 1777561047 3548 3693 3665 377 3579 3622 3623 3591 4061 4061 4060 4060 4060 4060 4060 4060
2569 1777561047 3547 3692 3664 378 3578 3622 3622 3590 4061 4061 4061 4061 4061 4061 4061 4061
2570 1777561047 3547 3692 3663 378 3577 3622 3622 3590 4061 4061 4060 4060 4060 4060 4060 4060
2571 1777561047 3547 3692 3663 377 3578 3621 3621 3589 4063 4061 4061 4061 4061 4061 4061 4061
2572 1777561047 3546 3691 3663 377 3577 3621 3622 3589 4061 4061 4061 4061 4061 4061 4061 4061
2573 1777561047 3546 3691 3663 377 3577 3621 3621 3589 4061 4061 4061 4061 4061 4061 4061 4061
2574 1777561047 3547 3691 3663 377 3577 3621 3622 3589 4061 4061 4061 4061 4061 4061 4061 4061
2575 1777561047 3548 3693 3665 377 3579 3622 3623 3591 4063 4063 4062 4062 4062 4062 4062 4062
2576 1777561047 3546 3691 3663 378 3577 3621 3621 3589 4061 4061 4061 4061 4061 4061 4061 4061
2577 1777561047 3546 3691 3663 377 3577 3621 3621 3590 4061 4061 4060 4060 4060 4060 4060 4060
2578 1777561047 3547 3691 3663 378 3577 3621 3621 3590 4061 4061 4061 4061 4061 4061 4061 4061
2579 1777561047 3547 3692 3664 378 3578 3622 3622 3591 4061 4061 4061 4061 4061 4061 4061 4061
2580 1777561047 3548 3692 3665 377 3578 3622 3622 3590 4061 4061 4061 4061 4061 4061 4061 4061
2581 1777561047 3548 3693 3664 377 3579 3622 3623 3590 4063 4063 4062 4062 4062 4062 4062 4062
2582 1777561047 3546 3691 3663 378 3577 3621 3621 3589 4061 4061 4061 4061 4061 4061 4061 4061
2583 1777561047 3547 3692 3664 377 3578 3621 3622 3590 4061 4061 4060 4060 4060 4060 4060 4060
2584 1777561047 3547 3691 3664 378 3578 3621 3621 3589 4061 4061 4061 4061 4061 4061 4061 4061
2585 1777561047 3547 3691 3663 377 3577 3621 3621 3590 4061 4061 4061 4061 4061 4061 4061 4061
2586 1777561047 3547 3692 3664 378 3577 3621 3622 3590 4061 4061 4060 4060 4060 4060 4060 4060
2587 1777561047 3546 3690 3662 377 3576 3621 3621 3589 4059 4059 4059 4059 4059 4059 4059 4059
2588 1777561047 3547 3691 3664 378 3577 3621 3622 3590 4061 4061 4060 4060 4060 4060 4060 4060
2589 1777561047 3546 3691 3663 377 3577 3620 3621 3589 4061 4061 4060 4060 4060 4060 4060 4060
2590 1777561047 3547 3691 3664 377 3578 3621 3622 3590 4061 4061 4061 4061 4061 4061 4061 4061
2591 1777561047 3546 3691 3663 377 3577 3621 3621 3589 4061 4061 4061 4061 4061 4061 4061 4061
2592 1777561047 3547 3692 3663 378 3577 3621 3622 3590 4061 4061 4061 4061 4061 4061 4061 4061
2593 1777561047 3546 3691 3663 378 3577 3621 3622 3590 4061 4061 4061 4061 4061 4061 4061 4061
2594 1777561047 3546 3691 3663 378 3577 3621 3621 3590 4061 4061 4060 4060 4060 4060 4060 4060
2595 1777561047 3547 3692 3664 378 3578 3622 3623 3591 4061 4061 4060 4060 4060 4060 4060 4060
2596 1777561047 3547 3691 3664 377 3578 3622 3623 3590 4061 4060 4060 4060 4060 4060 4060 4060
2597 1777561047 3548 3693 3665 378 3579 3623 3624 3591 4061 4061 4060 4060 4060 4060 4060 4060
2598 1777561047 3547 3692 3664 378 3577 3622 3622 3590 4061 4061 4061 4061 4061 4061 4061 4061
2599 1777561047 3547 3692 3663 377 3577 3621 3621 3590 4061 4061 4060 4060 4060 4060 4060 4060
2600 1777561047 3547 3692 3665 377 3578 3622 3623 3590 4061 4061 4061 4061 4061 4061 4061 4061
2601 1777561047 3547 3691 3663 379 3578 3621 3622 3590 4061 4061 4061 4061 4061 4061 4061 4061
2602 1777561047 3548 3692 3664 378 3577 3622 3622 3590 4061 4061 4060 4060 4060 4060 4060 4060
2603 1777561047 3547 3692 3664 377 3578 3623 3623 3591 4063 4061 4061 4061 4061 4061 4061 4061
2604 1777561047 3547 3692 3664 377 3578 3621 3622 3590 4061 4061 4061 4061 4061 4061 4061 4061
2605 1777561048 3547 3692 3664 377 3578 3621 3622 3589 4061 4061 4061 4061 4061 4061 4061 4061
2606 1777561048 3547 3692 3664 378 3578 3622 3622 3590 4061 4061 4061 4061 4061 4061 4061 4061
2607 1777561048 3546 3691 3663 378 3577 3621 3622 3590 4061 4061 4061 4061 4061 4061 4061 4061
2608 1777561048 3546 3691 3664 378 3578 3621 3622 3590 4061 4061 4061 4061 4061 4061 4061 4061
2609 1777561048 3547 3691 3663 378 3577 3621 3621 3589 4061 4061 4060 4060 4060 4060 4060 4060
2610 1777561048 3547 3691 3663 378 3577 3621 3622 3590 4063 4061 4061 4061 4061 4061 4061 4061
2611 1777561048 3547 3692 3664 377 3578 3622 3623 3590 4061 4061 4060 4060 4060 4060 4060 4060
2612 1777561048 3547 3692 3664 378 3579 3622 3622 3590 4061 4061 4061 4061 4061 4061 4061 4061
2613 1777561048 3547 3691 3663 378 3578 3622 3623 3590 4063 4063 4062 4062 4062 4062 4062 4062
2614 1777561048 3546 3691 3663 378 3577 3621 3621 3589 4061 4061 4061 4061 4061 4061 4061 4061
2615 1777561048 3546 3691 3663 378 3577 3621 3622 3590 4063 4063 4062 4062 4062 4062 4062 4062
2616 1777561048 3547 3691 3663 378 3578 3621 3621 3590 4061 4061 4060 4060 4060 4060 4060 4060
2617 1777561048 3547 3691 3663 379 3578 3621 3622 3590 4061 4061 4061 4061 4061 4061 4061 4061
2618 1777561048 3547 3691 3664 378 3577 3621 3621 3589 4061 4061 4060 4060 4060 4060 4060 4060
2619 1777561048 3548 3693 3665 377 3579 3622 3623 3591 4061 4061 4060 4060 4060 4060 4060 4060
2620 1777561048 3548 3692 3664 378 3579 3622 3623 3591 4061 4061 4060 4060 4060 4060 4060 4060
2621 1777561048 3546 3691 3663 378 3578 3622 3622 3590 4061 4061 4060 4060 4060 4060 4060 4060
2622 1777561048 3547 3692 3664 378 3578 3622 3622 3590 4061 4061 4061 4061 4061 4061 4061 4061
2623 1777561048 3547 3692 3664 378 3578 3621 3622 3590 4061 4061 4061 4061 4061 4061 4061 4061
2624 1777561048 3547 3692 3664 377 3578 3621 3622 3590 4061 4061 4060 4060 4060 4060 4060 4060
2625 1777561048 416 480 463 377 3580 1704 3624 3594 4063 4063 4062 4062 4062 4062 4062 4062
2626 1777561048 3547 3692 3664 378 3577 3621 3622 3590 4061 4061 4060 4060 4060 4060 4060 4060
2627 1777561048 3547 3691 3664 377 3578 3621 3622 3590 4061 4061 4060 4060 4060 4060 4060 4060
2628 1777561048 3548 3692 3665 377 3578 3622 3622 3590 4061 4061 4061 4061 4061 4061 4061 4061
2629 1777561048 3547 3692 3664 378 3578 3622 3622 3591 4061 4061 4060 4060 4060 4060 4060 4060
2630 1777561048 3548 3692 3664 378 3578 3622 3622 3590 4061 4061 4061 4061 4061 4061 4061 4061
2631 1777561048 3547 3692 3664 378 3578 3622 3622 3590 4061 4061 4061 4061 4061 4061 4061 4061
2632 1777561056 3546 3691 3662 378 3576 3620 3620 3589 4061 4061 4061 4061 4061 4061 4061 4061
2633 1777561056 3546 3690 3663 378 3577 3620 3621 3589 4061 4060 4060 4060 4060 4060 4060 4060
2634 1777561056 3547 3691 3663 378 3576 3620 3621 3589 4061 4061 4061 4061 4061 4061 4061 4061
2635 1777561056 3547 3691 3663 377 3577 3621 3621 3589 4061 4061 4060 4060 4060 4060 4060 4060
2636 1777561056 3547 3691 3664 378 3578 3621 3621 3590 4061 4061 4060 4060 4060 4060 4060 4060
2637 1777561056 3548 3692 3665 378 3578 3622 3622 3591 4061 4061 4060 4060 4060 4060 4060 4060
2638 1777561056 3547 3691 3663 378 3577 3621 3622 3589 4063 4063 4062 4062 4062 4062 4062 4062
2639 1777561056 3547 3691 3664 378 3577 3622 3622 3590 4061 4060 4060 4060 4060 4060 4060 4060
2640 1777561056 3546 3690 3662 378 3577 3620 3621 3589 4061 4061 4061 4061 4061 4061 4061 4061
2641 1777561056 3546 3691 3663 378 3577 3621 3622 3590 4061 4061 4061 4061 4061 4061 4061 4061
2642 1777561056 3548 3692 3664 378 3578 3621 3622 3590 4059 4059 4059 4059 4059 4059 4059 4059
2643 1777561056 3546 3690 3663 378 3577 3620 3621 3588 4061 4061 4061 4061 4061 4061 4061 4061
2644 1777561056 3546 3690 3663 379 3576 3621 3621 3589 4061 4061 4061 4061 4061 4061 4061 4061
2645 1777561056 3546 3691 3663 378 3577 3621 3621 3589 4061 4061 4060 4060 4060 4060 4060 4060
2646 1777561056 3547 3692 3663 378 3578 3621 3622 3590 4061 4061 4060 4060 4060 4060 4060 4060
2647 1777561056 3546 3691 3663 378 3577 3620 3621 3589 4061 4061 4060 4060 4060 4060 4060 4060
2648 1777561056 3547 3691 3663 379 3578 3621 3622 3590 4063 4063 4062 4062 4062 4062 4062 4062
2649 1777561056 3546 3691 3663 378 3577 3621 3622 3589 4063 4062 4062 4062 4062 4062 4062 4062
2650 1777561056 3546 3690 3662 378 3576 3620 3620 3589 4061 4061 4060 4060 4060 4060 4060 4060
2651 1777561056 3547 3692 3663 378 3578 3622 3622 3590 4061 4061 4061 4061 4061 4061 4061 4061
2652 1777561056 3547 3691 3663 377 3578 3621 3622 3590 4061 4061 4060 4060 4060 4060 4060 4060
2653 1777561056 3546 3691 3663 378 3577 3621 3622 3590 4061 4061 4061 4061 4061 4061 4061 4061
2654 1777561056 3548 3692 3664 378 3578 3621 3622 3590 4061 4061 4060 4060 4060 4060 4060 4060
2655 1777561056 3547 3692 3663 378 3578 3621 3621 3590 4061 4061 4061 4061 4061 4061 4061 4061
2656 1777561056 3547 3691 3664 378 3578 3621 3622 3590 4061 4060 4060 4060 4060 4060 4060 4060
2657 1777561056 3547 3691 3664 378 3578 3622 3622 3590 4061 4061 4060 4060 4060 4060 4060 4060
2658 1777561056 3547 3692 3664 378 3577 3621 3621 3589 4061 4061 4061 4061 4061 4061 4061 4061
2659 1777561056 3546 3691 3663 378 3577 3620 3621 3589 4061 4061 4061 4061 4061 4061 4061 4061
2660 1777561056 3547 3691 3663 378 3578 3621 3622 3590 4061 4061 4061 4061 4061 4061 4061 4061
2661 1777561056 3548 3692 3664 378 3579 3622 3623 3590 4061 4061 4060 4060 4060 4060 4060 4060
2662 1777561056 3547 3690 3664 378 3578 3621 3622 3590 4061 4061 4060 4060 4060 4060 4060 4060
2663 1777561056 3547 3692 3664 378 3578 3621 3622 3590 4061 4061 4061 4061 4061 4061 4061 4061
2664 1777561056 3547 3691 3663 379 3578 3621 3621 3590 4061 4061 4061 4061 4061 4061 4061 4061
2665 1777561056 3546 3691 3664 378 3577 3622 3622 3590 4061 4061 4061 4061 4061 4061 4061 4061
2666 1777561056 3548 3692 3664 378 3578 3622 3622 3590 4063 4062 4062 4062 4062 4062 4062 4062
2667 1777561056 3547 3691 3664 378 3578 3622 3622 3590 4061 4061 4060 4060 4060 4060 4060 4060
2668 1777561056 3548 3692 3664 378 3579 3622 3623 3591 4061 4061 4061 4061 4061 4061 4061 4061
2669 1777561056 3547 3691 3664 377 3578 3622 3622 3590 4061 4061 4061 4061 4061 4061 4061 4061
2670 1777561056 3547 3692 3664 378 3578 3621 3622 3590 4061 4061 4061 4061 4061 4061 4061 4061
2671 1777561056 3547 3692 3664 378 3578 3622 3623 3591 4061 4061 4061 4061 4061 4061 4061 4061
2672 1777561056 3548 3692 3665 378 3578 3622 3623 3590 4061 4061 4061 4061 4061 4061 4061 4061
2673 1777561056 3548 3692 3664 378 3578 3622 3622 3590 4063 4063 4062 4062 4062 4062 4062 4062
2674 1777561056 3548 3693 3665 378 3579 3622 3623 3591 4063 4063 4062 4062 4062 4062 4062 4062
2675 1777561056 3547 3692 3664 378 3577 3622 3622 3590 4061 4061 4061 4061 4061 4061 4061 4061
2676 1777561056 3547 3692 3663 378 3578 3622 3623 3591 4061 4061 4061 4061 4061 4061 4061 4061
2677 1777561056 3548 3692 3665 378 3579 3622 3623 3591 4061 4060 4060 4060 4060 4060 4060 4060
2678 1777561056 3547 3691 3663 381 3578 3621 3622 3589 4061 4061 4060 4060 4060 4060 4060 4060
2679 1777561056 3547 3691 3663 380 3578 3621 3621 3589 4061 4061 4061 4061 4061 4061 4061 4061
2680 1777561056 3549 3694 3666 379 3578 3623 3624 3591 4061 4061 4060 4060 4060 4060 4060 4060
2681 1777561056 3547 3692 3664 379 3577 3622 3623 3590 4061 4061 4060 4060 4060 4060 4060 4060
2682 1777561056 3547 3692 3664 378 3578 3622 3623 3591 4061 4061 4061 4061 4061 4061 4061 4061
2683 1777561056 3546 3691 3663 378 3578 3621 3621 3590 4059 4059 4059 4059 4059 4059 4059 4059
2684 1777561056 3547 3691 3663 378 3578 3621 3622 3590 4059 4059 4059 4059 4059 4059 4059 4059
2685 1777561056 3548 3692 3664 378 3578 3622 3622 3591 4061 4061 4061 4061 4061 4061 4061 4061
2686 1777561056 3547 3692 3664 379 3578 3623 3623 3591 4061 4061 4060 4060 4060 4060 4060 4060
2687 1777561056 3548 3693 3665 378 3579 3623 3623 3591 4061 4061 4060 4060 4060 4060 4060 4060
2688 1777561056 3548 3693 3664 379 3579 3623 3623 3591 4063 4063 4062 4062 4062 4062 4062 4062
2689 1777561056 3547 3691 3663 378 3577 3622 3622 3590 4061 4060 4060 4060 4060 4060 4060 4060
2690 1777561056 3548 3692 3665 378 3578 3622 3622 3590 4061 4061 4061 4061 4061 4061 4061 4061
2691 1777561056 3547 3692 3664 378 3578 3622 3622 3590 4061 4061 4060 4060 4060 4060 4060 4060
2692 1777561056 3547 3692 3664 378 3578 3621 3622 3590 4061 4061 4060 4060 4060 4060 4060 4060
2693 1777561056 3548 3692 3664 378 3578 3622 3622 3590 4061 4061 4061 4061 4061 4061 4061 4061
2694 1777561056 3548 3693 3664 378 3578 3621 3622 3591 4063 4063 4062 4062 4062 4062 4062 4062
2695 1777561057 3548 3692 3664 378 3579 3622 3622 3590 4061 4061 4060 4060 4060 4060 4060 4060
2696 1777561057 3546 3691 3663 379 3577 3621 3621 3589 4063 4061 4061 4061 4061 4061 4061 4061
2697 1777561057 3547 3692 3664 378 3577 3621 3622 3590 4063 4063 4062 4062 4062 4062 4062 4062
2698 1777561057 3548 3692 3664 378 3578 3622 3622 3590 4061 4061 4061 4061 4061 4061 4061 4061
2699 1777561057 3547 3691 3663 378 3578 3621 3622 3590 4061 4061 4060 4060 4060 4060 4060 4060
2700 1777561057 3548 3693 3665 378 3579 3623 3623 3591 4061 4061 4061 4061 4061 4061 4061 4061
2701 1777561057 3548 3692 3664 378 3578 3622 3622 3591 4061 4061 4061 4061 4061 4061 4061 4061
2702 1777561057 3547 3692 3664 378 3578 3622 3623 3590 4063 4063 4062 4062 4062 4062 4062 4062
2703 1777561057 3548 3692 3664 378 3578 3622 3622 3591 4061 4061 4061 4061 4061 4061 4061 4061
2704 1777561057 3548 3692 3664 379 3578 3622 3623 3591 4061 4061 4061 4061 4061 4061 4061 4061
2705 1777561057 3548 3692 3665 378 3579 3622 3623 3591 4061 4060 4060 4060 4060 4060 4060 4060
2706 1777561057 3548 3692 3665 378 3579 3623 3623 3591 4061 4061 4060 4060 4060 4060 4060 4060
2707 1777561057 3548 3692 3665 379 3579 3623 3623 3591 4063 4063 4062 4062 4062 4062 4062 4062
2708 1777561057 3548 3692 3664 379 3578 3622 3623 3591 4061 4061 4060 4060 4060 4060 4060 4060
2709 1777561057 3549 3693 3665 378 3579 3623 3624 3592 4061 4061 4061 4061 4061 4061 4061 4061
2710 1777561057 3547 3692 3664 379 3578 3622 3623 3591 4063 4062 4062 4062 4062 4062 4062 4062
2711 1777561057 3547 3692 3664 379 3578 3622 3623 3591 4061 4061 4061 4061 4061 4061 4061 4061
2712 1777561057 3548 3692 3665 379 3578 3622 3623 3591 4063 4062 4062 4062 4062 4062 4062 4062
2713 1777561057 3549 3693 3665 378 3579 3623 3624 3592 4061 4061 4061 4061 4061 4061 4061 4061
2714 1777561057 3548 3692 3664 378 3579 3623 3623 3591 4061 4061 4061 4061 4061 4061 4061 4061
2715 1777561057 3548 3692 3664 378 3579 3622 3623 3591 4061 4061 4060 4060 4060 4060 4060 4060
2716 1777561057 3548 3693 3664 379 3578 3623 3623 3591 4061 4061 4060 4060 4060 4060 4060 4060
2717 1777561057 3547 3691 3664 378 3578 3622 3622 3590 4061 4061 4060 4060 4060 4060 4060 4060
2718 1777561057 3547 3691 3664 378 3578 3621 3622 3590 4061 4061 4061 4061 4061 4061 4061 4061
2719 1777561057 3548 3693 3665 378 3579 3622 3623 3591 4061 4061 4061 4061 4061 4061 4061 4061
2720 1777561057 3548 3693 3666 378 3579 3623 3623 1797 4061 4061 4061 4061 4061 4061 4061 4061
2721 1777561057 3548 3692 3663 378 3577 3621 3622 3590 4061 4060 4060 4060 4060 4060 4060 4060
2722 1777561057 3548 3692 3665 378 3578 3622 3623 3591 4063 4063 4062 4062 4062 4062 4062 4062
2723 1777561057 3548 3692 3664 379 3578 3622 3622 3590 4061 4061 4061 4061 4061 4061 4061 4061
2724 1777561057 3548 3692 3665 379 3578 3622 3623 3590 4061 4061 4061 4061 4061 4061 4061 4061
2725 1777561057 3549 3693 3665 378 3579 3622 3623 3591 4063 4063 4062 4062 4062 4062 4062 4062
2726 1777561057 3547 3691 3664 379 3578 3621 3622 3590 4061 4061 4061 4061 4061 4061 4061 4061
2727 1777561057 3548 3693 3665 378 3579 3622 3623 3591 4061 4061 4061 4061 4061 4061 4061 4061
2728 1777561057 3548 3692 3665 379 3578 3623 3623 3591 4061 4061 4061 4061 4061 4061 4061 4061
2729 1777561057 3548 3693 3665 378 3579 3622 3623 3591 4061 4061 4061 4061 4061 4061 4061 4061
2730 1777561057 3548 3692 3664 378 3578 3622 3622 3590 4061 4061 4061 4061 4061 4061 4061 4061
2731 1777561057 3548 3692 3664 378 3579 3622 3623 3591 4061 4061 4061 4061 4061 4061 4061 4061
2732 1777561057 3547 3692 3664 379 3578 3622 3622 3591 4063 4063 4062 4062 4062 4062 4062 4062
2733 1777561057 3549 3693 3666 379 3580 3623 3624 3592 4061 4061 4060 4060 4060 4060 4060 4060
2734 1777561057 3547 3692 3665 378 3579 3623 3623 3591 4061 4061 4061 4061 4061 4061 4061 4061
2735 1777561057 3548 3693 3665 379 3579 3622 3623 3591 4061 4061 4061 4061 4061 4061 4061 4061
2736 1777561057 3548 3694 3666 379 3580 3623 3623 3591 4063 4062 4062 4062 4062 4062 4062 4062
2737 1777561057 3549 3693 3665 378 3579 3623 3624 3591 4061 4061 4060 4060 4060 4060 4060 4060
2738 1777561057 3548 3693 3665 378 3580 3623 3624 3592 4063 4061 4061 4061 4061 4061 4061 4061
2739 1777561057 3549 3693 3666 379 3579 3623 3624 3592 4061 4061 4061 4061 4061 4061 4061 4061
2740 1777561057 3547 3693 3665 378 3579 3622 3623 3591 4061 4061 4061 4061 4061 4061 4061 4061
2741 1777561057 3548 3692 3665 379 3579 3622 3623 3591 4061 4061 4061 4061 4061 4061 4061 4061
2742 1777561057 3548 3693 3665 378 3579 3622 3622 3591 4061 4061 4060 4060 4060 4060 4060 4060
2743 1777561057 3547 3692 3664 380 3578 3622 3623 3591 4063 4063 4062 4062 4062 4062 4062 4062
2744 1777561057 3548 3692 3665 379 3578 3622 3623 3591 4063 4063 4062 4062 4062 4062 4062 4062
2745 1777561057 3547 3692 3664 379 3577 3622 3623 3591 4061 4061 4060 4060 4060 4060 4060 4060
2746 1777561057 3549 3693 3665 378 3579 3623 3623 3591 4061 4061 4061 4061 4061 4061 4061 4061
2747 1777561057 3548 3693 3665 379 3579 3623 3623 3591 4061 4061 4061 4061 4061 4061 4061 4061
2748 1777561057 3548 3693 3664 379 3578 3622 3623 3591 4061 4061 4061 4061 4061 4061 4061 4061
2749 1777561057 3547 3692 3664 378 3579 3622 3623 3591 4061 4061 4060 4060 4060 4060 4060 4060
2750 1777561057 3549 3693 3666 379 3580 3624 3624 3592 4061 4061 4061 4061 4061 4061 4061 4061
2751 1777561057 3548 3692 3665 379 3579 3623 3623 3592 4059 4059 4059 4059 4059 4059 4059 4059
2752 1777561057 3548 3692 3665 379 3579 3623 3623 3592 4061 4061 4061 4061 4061 4061 4061 4061
2753 1777561057 3548 3693 3665 379 3579 3622 3623 3591 4061 4061 4061 4061 4061 4061 4061 4061
2754 1777561057 3548 3692 3665 379 3578 3623 3623 3591 4061 4061 4060 4060 4060 4060 4060 4060
2755 1777561057 3548 3693 3665 379 3579 3623 3623 3592 4061 4061 4061 4061 4061 4061 4061 4061
2756 1777561057 3547 3692 3665 379 3578 3622 3623 3591 4055 4055 4055 4055 4055 4055 4055 4055
2757 1777561057 3548 3692 3664 379 3579 3622 3623 3591 4061 4061 4060 4060 4060 4060 4060 4060
2758 1777561057 3548 3693 3665 379 3579 3622 3622 3591 4060 4061 4060 4060 4060 4060 4060 4060
2759 1777561057 3548 3693 3665 379 3579 3623 3623 3591 4061 4061 4060 4060 4060 4060 4060 4060
2760 1777561057 3547 3692 3664 379 3578 3622 3623 3590 4061 4061 4061 4061 4061 4061 4061 4061
2761 1777561057 3548 3693 3665 378 3579 3622 3623 3592 4063 4063 4062 4062 4062 4062 4062 4062
2762 1777561057 3547 3692 3664 378 3578 3622 3622 3590 4061 4061 4061 4061 4061 4061 4061 4061
2763 1777561057 3548 3692 3664 379 3579 3623 3623 3591 4061 4061 4061 4061 4061 4061 4061 4061
2764 1777561057 3547 3692 3664 379 3578 3622 3622 3590 4059 4059 4059 4059 4059 4059 4059 4059
2765 1777561057 3548 3692 3665 379 3579 3623 3624 3592 4061 4061 4061 4061 4061 4061 4061 4061
2766 1777561065 3546 3691 3663 379 3577 3620 3621 3589 4063 4061 4061 4061 4061 4061 4061 4061
2767 1777561065 3547 3691 3664 379 3578 3622 3622 3591 4061 4061 4060 4060 4060 4060 4060 4060
2768 1777561065 3547 3692 3664 378 3577 3621 3621 3590 4061 4060 4060 4060 4060 4060 4060 4060
2769 1777561065 3547 3692 3664 379 3578 3622 3623 3591 4061 4061 4060 4060 4060 4060 4060 4060
2770 1777561065 3547 3691 3664 378 3578 3622 3622 3590 4061 4061 4060 4060 4060 4060 4060 4060
2771 1777561065 3547 3692 3664 379 3578 3622 3622 3590 4063 4063 4062 4062 4062 4062 4062 4062
2772 1777561065 3547 3692 3664 378 3578 3621 3622 3590 4061 4061 4060 4060 4060 4060 4060 4060
2773 1777561065 3547 3692 3663 379 3578 3621 3622 3590 4061 4061 4061 4061 4061 4061 4061 4061
2774 1777561065 3548 3692 3664 380 3578 3622 3622 3591 4063 4063 4062 4062 4062 4062 4062 4062
2775 1777561065 3547 3692 3664 379 3578 3622 3622 3590 4061 4061 4061 4061 4061 4061 4061 4061
2776 1777561065 3547 3691 3664 379 3577 3621 3622 3590 4061 4061 4061 4061 4061 4061 4061 4061
2777 1777561065 3547 3692 3664 379 3578 3622 3623 3591 4061 4061 4060 4060 4060 4060 4060 4060
2778 1777561065 3547 3691 3664 379 3577 3622 3622 3590 4063 4063 4062 4062 4062 4062 4062 4062
2779 1777561065 3547 3691 3663 379 3578 3621 3622 3591 4061 4061 4061 4061 4061 4061 4061 4061
2780 1777561065 3548 3692 3664 379 3577 3622 3622 3591 4061 4061 4060 4060 4060 4060 4060 4060
2781 1777561065 3548 3693 3665 379 3578 3623 3623 3591 4061 4061 4061 4061 4061 4061 4061 4061
2782 1777561065 3548 3692 3665 379 3579 3623 3623 3591 4063 4063 4062 4062 4062 4062 4062 4062
2783 1777561065 3547 3692 3665 379 3578 3622 3623 3590 4061 4061 4061 4061 4061 4061 4061 4061
2784 1777561065 3548 3692 3664 379 3578 3622 3622 3590 4063 4061 4061 4061 4061 4061 4061 4061
2785 1777561065 3548 3692 3664 379 3578 3621 3622 3590 4061 4061 4061 4061 4061 4061 4061 4061
2786 1777561066 3548 3692 3665 379 3579 3622 3624 3592 4061 4061 4061 4061 4061 4061 4061 4061
2787 1777561066 3547 3692 3664 379 3578 3622 3623 3591 4061 4061 4060 4060 4060 4060 4060 4060
2788 1777561066 3549 3694 3666 378 3580 3623 3624 3591 4061 4061 4060 4060 4060 4060 4060 4060
2789 1777561066 3548 3692 3664 379 3578 3622 3622 3590 4061 4061 4061 4061 4061 4061 4061 4061
2790 1777561066 3547 3692 3664 379 3579 3622 3623 3590 4061 4060 4060 4060 4060 4060 4060 4060
2791 1777561066 3548 3692 3665 379 3578 3623 3623 3591 4061 4061 4061 4061 4061 4061 4061 4061
2792 1777561066 3548 502 3663 379 3579 3622 3623 3591 4061 4061 4060 4060 4060 4060 4060 4060
2793 1777561066 3547 3691 3663 379 3578 3621 3622 3590 4061 4061 4060 4060 4060 4060 4060 4060
2794 1777561066 3547 3691 3664 379 3578 3621 3622 3590 4061 4061 4060 4060 4060 4060 4060 4060
2795 1777561066 3548 3692 3664 379 3578 3622 3622 3591 4061 4060 4060 4060 4060 4060 4060 4060
2796 1777561066 3547 3692 3663 379 3578 3622 3622 3590 4061 4061 4060 4060 4060 4060 4060 4060
2797 1777561066 3549 3693 3665 379 3579 3623 3623 3591 4061 4060 4060 4060 4060 4060 4060 4060
2798 1777561066 3547 3692 3664 378 3579 3622 3623 3591 4061 4061 4061 4061 4061 4061 4061 4061
2799 1777561066 3547 3692 3664 379 3578 3622 3623 3590 4061 4061 4060 4060 4060 4060 4060 4060
2800 1777561066 3548 3693 3665 378 3579 3622 3623 3591 4061 4061 4061 4061 4061 4061 4061 4061
2801 1777561066 3548 3693 3664 379 3579 3622 3623 3591 4061 4061 4060 4060 4060 4060 4060 4060
2802 1777561066 3546 3690 3662 377 3576 3620 3620 3589 4061 4061 4061 4061 4061 4061 4061 4061
2803 1777561066 3547 3691 3663 377 3578 3621 3622 3590 4061 4061 4061 4061 4061 4061 4061 4061
2804 1777561066 3545 3690 3662 378 3576 3620 3620 3589 4061 4061 4061 4061 4061 4061 4061 4061
2805 1777561066 3545 3690 3662 377 3576 3620 3620 3588 4061 4061 4060 4060 4060 4060 4060 4060
2806 1777561066 3546 3690 3663 378 3576 3620 3620 3588 4061 4061 4061 4061 4061 4061 4061 4061
2807 1777561066 3546 3690 3662 377 3577 3620 3621 3589 4061 4061 4061 4061 4061 4061 4061 4061
2808 1777561066 3547 3691 3663 378 3577 3621 3622 3590 4061 4061 4061 4061 4061 4061 4061 4061
2809 1777561066 3546 3691 3663 377 3576 3620 3621 3589 4061 4061 4061 4061 4061 4061 4061 4061
2810 1777561066 3546 3690 3662 377 3575 3620 3620 3588 4059 4059 4059 4059 4059 4059 4059 4059
2811 1777561066 3546 3690 3663 377 3577 3620 3621 3589 4061 4061 4061 4061 4061 4061 4061 4061
2812 1777561066 3546 3690 3663 377 3577 3621 3621 3589 4061 4060 4060 4060 4060 4060 4060 4060
2813 1777561066 3547 3691 3663 377 3576 3621 3621 3589 4061 4061 4061 4061 4061 4061 4061 4061
2814 1777561066 3546 3691 3664 378 3577 3621 3621 3589 4061 4061 4061 4061 4061 4061 4061 4061
2815 1777561066 3546 3690 3663 377 3577 3621 3621 3589 4061 4061 4060 4060 4060 4060 4060 4060
2816 1777561066 3547 3691 3663 377 3577 3621 3622 3590 4061 4061 4061 4061 4061 4061 4061 4061
2817 1777561066 3545 3689 3662 377 3576 3619 3620 3588 4061 4061 4061 4061 4061 4061 4061 4061
2818 1777561066 3547 3691 3663 378 3577 3621 3621 3589 4061 4061 4061 4061 4061 4061 4061 4061
2819 1777561066 3547 3691 3663 377 3577 3621 3621 3589 4063 4063 4062 4062 4062 4062 4062 4062
2820 1777561066 3547 3691 3663 378 3577 3621 3621 3589 4061 4061 4060 4060 4060 4060 4060 4060
2821 1777561066 3546 3690 3663 378 3576 3621 3621 3590 4061 4061 4060 4060 4060 4060 4060 4060
2822 1777561066 3546 3690 3663 378 3577 3620 3622 3589 4061 4061 4060 4060 4060 4060 4060 4060
2823 1777561066 3546 3690 3663 377 3577 3620 3621 3590 4061 4061 4060 4060 4060 4060 4060 4060
2824 1777561066 3546 3691 3663 378 3577 3621 3621 3589 4061 4061 4061 4061 4061 4061 4061 4061
2825 1777561066 3546 3691 3662 377 3576 3620 3621 3589 4061 4061 4060 4060 4060 4060 4060 4060
2826 1777561066 3547 3692 3664 377 3578 3621 3622 3590 4061 4061 4060 4060 4060 4060 4060 4060
2827 1777561066 3546 3690 3662 377 3577 3620 3621 3589 4063 4063 4062 4062 4062 4062 4062 4062
2828 1777561066 3547 3692 3664 378 3577 3621 3621 3589 4061 4060 4060 4060 4060 4060 4060 4060
2829 1777561066 3546 3690 3663 377 3577 3620 3621 3589 4061 4061 4060 4060 4060 4060 4060 4060
2830 1777561066 3546 3690 3663 378 3577 3620 3621 3589 4061 4060 4060 4060 4060 4060 4060 4060
2831 1777561066 3545 3689 3661 378 3576 3620 3620 3588 4061 4061 4061 4061 4061 4061 4061 4061
2832 1777561066 3547 3691 3664 377 3577 3620 3621 3589 4061 4061 4060 4060 4060 4060 4060 4060
2833 1777561066 3548 3692 3664 378 3578 3621 3622 3590 4061 4061 4061 4061 4061 4061 4061 4061
2834 1777561066 3547 3692 3664 377 3578 3621 3622 3590 4063 4061 4061 4061 4061 4061 4061 4061
2835 1777561066 3547 3691 3663 378 3578 3622 3622 3590 4061 4061 4061 4061 4061 4061 4061 4061
2836 1777561066 3546 3691 3663 378 3577 3621 3621 3590 4061 4061 4060 4060 4060 4060 4060 4060
2837 1777561066 3547 3691 3663 377 3578 3621 3622 3590 4061 4061 4061 4061 4061 4061 4061 4061
2838 1777561066 3546 3691 3663 377 3577 3620 3621 3590 4061 4061 4061 4061 4061 4061 4061 4061
2839 1777561066 3547 3691 3663 378 3578 3622 3622 3590 4061 4061 4060 4060 4060 4060 4060 4060
2840 1777561066 3547 3692 3664 378 3577 3621 3622 3590 4061 4061 4061 4061 4061 4061 4061 4061
2841 1777561066 3546 3690 3663 377 3576 3620 3621 3589 4061 4061 4061 4061 4061 4061 4061 4061
2842 1777561066 3546 3690 3663 377 3575 3620 3621 3588 4061 4061 4060 4060 4060 4060 4060 4060
2843 1777561066 3547 3691 3663 377 3578 3621 3622 3590 4061 4061 4061 4061 4061 4061 4061 4061
2844 1777561066 3545 3689 3662 378 3577 3620 3621 3589 4061 4061 4061 4061 4061 4061 4061 4061
2845 1777561066 3547 3691 3663 378 3577 3621 3622 3590 4061 4061 4061 4061 4061 4061 4061 4061
2846 1777561066 3547 3692 3664 378 3579 3622 3622 3591 4061 4061 4061 4061 4061 4061 4061 4061
2847 1777561066 3547 3692 3664 377 3578 3622 3622 3590 4063 4063 4062 4062 4062 4062 4062 4062
2848 1777561066 3547 3691 3663 378 3577 3621 3622 3590 4061 4061 4061 4061 4061 4061 4061 4061
2849 1777561066 3547 3692 3664 377 3578 3622 3622 3590 4061 4061 4060 4060 4060 4060 4060 4060
2850 1777561066 3547 3691 3663 378 3577 3621 3622 3590 4061 4061 4061 4061 4061 4061 4061 4061
2851 1777561066 3547 3691 3664 377 3578 3621 3621 3590 4061 4061 4060 4060 4060 4060 4060 4060
2852 1777561066 3546 3690 3663 378 3577 3621 3622 3590 4061 4061 4060 4060 4060 4060 4060 4060
2853 1777561066 3547 3691 3663 378 3578 3622 3622 3590 4063 4063 4062 4062 4062 4062 4062 4062
2854 1777561066 3547 3692 3664 378 3577 3621 3622 3590 4061 4061 4061 4061 4061 4061 4061 4061
2855 1777561066 3546 3691 3663 378 3577 3621 3622 3590 4061 4061 4060 4060 4060 4060 4060 4060
2856 1777561066 3547 3691 3663 378 3577 3621 3622 3590 4061 4061 4061 4061 4061 4061 4061 4061
2857 1777561066 3546 3690 3663 377 3576 3621 3621 3589 4061 4061 4061 4061 4061 4061 4061 4061
2858 1777561066 3547 3692 3664 378 3578 3622 3622 3591 4061 4061 4060 4060 4060 4060 4060 4060
2859 1777561066 3546 3691 3663 378 3577 3621 3621 3589 4061 4061 4061 4061 4061 4061 4061 4061
2860 1777561066 3547 3691 3663 378 3577 3621 3622 3590 4061 4061 4061 4061 4061 4061 4061 4061
2861 1777561066 3547 3692 3664 377 3577 3621 3622 3589 4061 4061 4061 4061 4061 4061 4061 4061
2862 1777561066 3546 3691 3663 378 3577 3621 3621 3590 4063 4061 4061 4061 4061 4061 4061 4061
2863 1777561066 3547 3691 3663 378 3577 3621 3622 3589 4061 4061 4060 4060 4060 4060 4060 4060
2864 1777561066 3547 3691 3663 377 3577 3620 3622 3589 4061 4061 4061 4061 4061 4061 4061 4061
2865 1777561066 3546 3690 3663 377 3576 3620 3621 3589 4061 4061 4060 4060 4060 4060 4060 4060
2866 1777561066 3548 3692 3664 377 3579 3622 3622 3590 4061 4061 4060 4060 4060 4060 4060 4060
2867 1777561066 3548 3692 3664 377 3578 3622 3622 3591 4061 4061 4060 4060 4060 4060 4060 4060
2868 1777561066 3548 3692 3664 378 3578 3622 3623 3591 4059 4058 4058 4058 4058 4058 4058 4058
2869 1777561067 3549 3694 3666 377 3580 3623 3625 3593 4061 4061 4060 4060 4060 4060 4060 4060
2870 1777561067 3546 3690 3663 378 3577 3621 3621 3590 4063 4061 4061 4061 4061 4061 4061 4061
2871 1777561067 3547 3691 3663 379 3577 3621 3622 3590 4061 4061 4061 4061 4061 4061 4061 4061
2872 1777561067 3546 3691 3663 378 3577 3621 3622 3590 4063 4063 4062 4062 4062 4062 4062 4062
2873 1777561067 3545 3690 3662 377 3576 3620 3621 3589 4061 4061 4061 4061 4061 4061 4061 4061
2874 1777561067 3546 3691 3662 378 3575 3620 3621 3589 4061 4061 4060 4060 4060 4060 4060 4060
2875 1777561067 3548 3692 3664 378 3578 3622 3622 3590 4063 4063 4062 4062 4062 4062 4062 4062
2876 1777561067 3547 3691 3664 378 3577 3622 3622 3590 4061 4061 4061 4061 4061 4061 4061 4061
2877 1777561067 3546 3691 3663 378 3576 3620 3621 3589 4061 4061 4061 4061 4061 4061 4061 4061
2878 1777561067 3547 3692 3664 378 3578 3622 3622 3590 4063 4063 4062 4062 4062 4062 4062 4062
2879 1777561067 3546 3691 3663 377 3578 3621 3622 3590 4061 4061 4061 4061 4061 4061 4061 4061
2880 1777561067 3547 3692 3664 378 3577 3622 3623 3590 4059 4059 4059 4059 4059 4059 4059 4059
2881 1777561067 3548 3691 3664 378 3577 3621 3621 3590 4063 4063 4062 4062 4062 4062 4062 4062
2882 1777561067 3547 3692 3664 378 3578 3622 3623 3590 4061 4061 4061 4061 4061 4061 4061 4061
2883 1777561067 3547 3691 3663 377 3577 3621 3621 3589 4061 4061 4061 4061 4061 4061 4061 4061
2884 1777561067 3547 3692 3664 378 3579 3622 3623 3591 4063 4061 4061 4061 4061 4061 4061 4061
2885 1777561067 3547 3692 3663 378 3578 3621 3622 3590 4061 4061 4061 4061 4061 4061 4061 4061
2886 1777561067 3547 3692 3664 378 3578 3621 3622 3590 4063 4061 4061 4061 4061 4061 4061 4061
2887 1777561067 3547 3691 3663 377 3577 3621 3621 3589 4061 4061 4061 4061 4061 4061 4061 4061
2888 1777561067 3546 3691 3663 378 3577 3621 3621 3590 4061 4061 4061 4061 4061 4061 4061 4061
2889 1777561067 3547 3692 3663 378 3578 3621 3622 3590 4061 4061 4060 4060 4060 4060 4060 4060
2890 1777561067 3546 3691 3663 378 3577 3621 3621 3589 4061 4061 4061 4061 4061 4061 4061 4061
2891 1777561067 3546 3691 3663 378 3578 3621 3622 3590 4061 4061 4060 4060 4060 4060 4060 4060
2892 1777561067 3547 3691 3664 378 3577 3621 3621 3590 4061 4061 4061 4061 4061 4061 4061 4061
2893 1777561067 3546 3691 3663 378 3577 3621 3621 3589 4059 4059 4059 4059 4059 4059 4059 4059
2894 1777561067 3547 3692 3663 378 3577 3621 3621 3589 4061 4061 4061 4061 4061 4061 4061 4061
2895 1777561067 3547 3692 3664 377 3578 3622 3622 3590 4061 4061 4060 4060 4060 4060 4060 4060
2896 1777561067 3547 3692 3664 378 3578 3622 3622 3590 4061 4061 4061 4061 4061 4061 4061 4061
2897 1777561067 3548 3692 3664 378 3578 3621 3622 3590 4061 4061 4061 4061 4061 4061 4061 4061
2898 1777561067 3547 3691 3662 378 3577 3621 3621 3589 4061 4061 4061 4061 4061 4061 4061 4061
2899 1777561067 3547 3691 3663 378 3578 3621 3622 3590 4061 4061 4061 4061 4061 4061 4061 4061
2900 1777561067 3546 3690 3663 378 3577 3621 3622 3589 4061 4061 4061 4061 4061 4061 4061 4061
2901 1777561067 3547 3691 3663 378 3577 3621 3622 3590 4061 4061 4061 4061 4061 4061 4061 4061
2902 1777561067 3547 3692 3664 378 3578 3622 3622 3590 4061 4061 4060 4060 4060 4060 4060 4060
2903 1777561067 3546 3691 3663 379 3578 3621 3622 3590 4061 4061 4060 4060 4060 4060 4060 4060
2904 1777561067 3546 3691 3663 378 3577 3621 3622 3589 4061 4061 4061 4061 4061 4061 4061 4061
2905 1777561067 3547 3691 3663 378 3578 3622 3622 3590 4061 4061 4060 4060 4060 4060 4060 4060
2906 1777561067 3547 3692 3664 378 3578 3622 3623 3590 4061 4061 4060 4060 4060 4060 4060 4060
2907 1777561067 3547 3691 3663 378 3578 3622 3622 3590 4061 4061 4061 4061 4061 4061 4061 4061
2908 1777561067 3548 3692 3664 378 3579 3622 3623 3590 4061 4061 4060 4060 4060 4060 4060 4060
2909 1777561067 3547 3691 3663 379 3578 3621 3622 3590 4061 4061 4061 4061 4061 4061 4061 4061
2910 1777561067 3547 3692 3664 378 3578 3622 3622 3590 4061 4061 4061 4061 4061 4061 4061 4061
2911 1777561067 3547 3692 3664 378 3578 3621 3622 3590 4061 4061 4060 4060 4060 4060 4060 4060
2912 1777561067 3546 3690 3663 378 3577 3621 3622 3589 4063 4062 4062 4062 4062 4062 4062 4062
2913 1777561067 3547 3691 3664 378 3578 3621 3622 3590 4063 4063 4062 4062 4062 4062 4062 4062
2914 1777561067 3547 3692 3663 378 3577 3622 3621 3590 4061 4061 4060 4060 4060 4060 4060 4060
2915 1777561067 3547 3692 3664 378 3578 3621 3622 3590 4061 4061 4061 4061 4061 4061 4061 4061
2916 1777561067 3546 3691 3663 378 3577 3621 3621 3590 4061 4061 4061 4061 4061 4061 4061 4061
2917 1777561067 3547 3691 3663 378 3578 3621 3622 3590 4061 4061 4061 4061 4061 4061 4061 4061
2918 1777561067 3547 3692 3664 378 3578 3622 3622 3591 4063 4063 4062 4062 4062 4062 4062 4062
2919 1777561067 3546 3691 3663 379 3577 3621 3621 3590 4061 4061 4061 4061 4061 4061 4061 4061
2920 1777561067 3547 3692 3664 378 3578 3622 3623 3591 4061 4061 4060 4060 4060 4060 4060 4060
2921 1777561067 3547 3691 3663 379 3577 3621 3622 3590 4061 4061 4060 4060 4060 4060 4060 4060
2922 1777561067 3547 3691 3663 378 3578 3621 3622 3590 4061 4061 4061 4061 4061 4061 4061 4061
2923 1777561067 3547 3691 3663 378 3577 3621 3621 3589 4061 4061 4061 4061 4061 4061 4061 4061
2924 1777561067 3547 3692 3664 378 3577 3621 3622 3590 4061 4061 4061 4061 4061 4061 4061 4061
2925 1777561067 3547 3692 3664 378 3578 3622 3623 3590 4061 4061 4061 4061 4061 4061 4061 4061
2926 1777561067 3546 3691 3663 378 3577 3621 3622 3590 4061 4061 4060 4060 4060 4060 4060 4060
2927 1777561067 3547 3691 3663 379 3577 3620 3621 3589 4061 4061 4061 4061 4061 4061 4061 4061
2928 1777561067 3548 3693 3665 378 3579 3623 3623 3591 4061 4061 4060 4060 4060 4060 4060 4060
2929 1777561067 3547 3692 3664 378 3578 3622 3622 3590 4061 4061 4061 4061 4061 4061 4061 4061
2930 1777561067 3547 3692 3664 378 3578 3621 3622 3590 4061 4061 4061 4061 4061 4061 4061 4061
2931 1777561067 3547 3691 3663 378 3578 3621 3622 3590 4063 4063 4062 4062 4062 4062 4062 4062
2932 1777561067 3547 3692 3664 378 3578 3622 3622 3590 4061 4061 4060 4060 4060 4060 4060 4060
2933 1777561067 3547 3692 3664 381 3578 3622 3622 3590 4061 4061 4060 4060 4060 4060 4060 4060
2934 1777561067 3548 3692 3664 380 3578 3622 3623 3590 4061 4061 4060 4060 4060 4060 4060 4060
2935 1777561067 3548 3692 3664 379 3578 3622 3623 3591 4061 4061 4061 4061 4061 4061 4061 4061
2936 1777561067 3547 3691 3663 378 3577 3622 3622 3589 4061 4061 4060 4060 4060 4060 4060 4060
2937 1777561067 3547 3692 3664 378 3576 3621 3622 3589 4061 4061 4060 4060 4060 4060 4060 4060
2938 1777561067 3547 3691 3664 378 3577 3621 3622 3589 4061 4061 4060 4060 4060 4060 4060 4060
2939 1777561067 3547 3691 3663 378 3577 3621 3621 3589 4061 4061 4060 4060 4060 4060 4060 4060
2940 1777561067 3548 3692 3665 378 3578 3622 3622 3590 4061 4061 4061 4061 4061 4061 4061 4061
2941 1777561067 3548 3692 3664 379 3578 3621 3622 3590 4061 4061 4061 4061 4061 4061 4061 4061
2942 1777561067 3547 3691 3664 379 3578 3621 3622 3590 4061 4061 4060 4060 4060 4060 4060 4060
2943 1777561067 3547 3691 3663 379 3578 3621 3622 3590 4059 4059 4058 4058 4058 4058 4058 4058
2944 1777561067 3547 3692 3664 378 3578 3622 3622 3590 4061 4061 4061 4061 4061 4061 4061 4061
2945 1777561067 3548 3692 3664 378 3578 3623 3623 3591 4063 4061 4061 4061 4061 4061 4061 4061
2946 1777561067 3547 3691 3663 378 3577 3621 3622 3590 4063 4061 4061 4061 4061 4061 4061 4061
2947 1777561067 3548 3692 3664 378 3578 3622 3622 3590 4061 4061 4061 4061 4061 4061 4061 4061
2948 1777561068 3547 3692 3664 378 3578 3622 3622 3590 4061 4061 4060 4060 4060 4060 4060 4060
2949 1777561068 3547 3692 3664 378 3578 3621 3622 3590 4061 4061 4061 4061 4061 4061 4061 4061
2950 1777561068 3547 3692 3664 378 3578 3622 3623 3591 4061 4061 4060 4060 4060 4060 4060 4060
2951 1777561068 3548 3693 3665 379 3578 3622 3622 3590 4063 4063 4062 4062 4062 4062 4062 4062
2952 1777561068 3547 3692 3664 379 3579 3622 3623 3591 4061 4061 4061 4061 4061 4061 4061 4061
2953 1777561068 3547 3692 3664 378 3578 3622 3622 3591 4063 4062 4062 4062 4062 4062 4062 4062
2954 1777561068 3547 3691 3663 378 3577 3621 3622 3590 4061 4061 4061 4061 4061 4061 4061 4061
2955 1777561068 3546 3691 3664 378 3578 3622 3623 3590 4061 4061 4060 4060 4060 4060 4060 4060
2956 1777561068 3548 3693 3665 378 3579 3623 3623 3591 4061 4061 4061 4061 4061 4061 4061 4061
2957 1777561068 3548 3693 3664 378 3578 3622 3622 3591 4061 4061 4061 4061 4061 4061 4061 4061
2958 1777561068 3547 3691 3664 378 3578 3621 3621 3590 4061 4061 4061 4061 4061 4061 4061 4061
2959 1777561068 3547 3692 3664 379 3578 3622 3623 3590 4061 4061 4061 4061 4061 4061 4061 4061
2960 1777561068 3547 3692 3664 378 3578 3622 3622 3590 4061 4061 4060 4060 4060 4060 4060 4060
2961 1777561068 3548 3692 3664 378 3578 3622 3622 3590 4061 4061 4061 4061 4061 4061 4061 4061
2962 1777561068 3548 3692 3664 378 3579 3622 3623 3591 4061 4061 4061 4061 4061 4061 4061 4061
2963 1777561068 3547 3691 3663 378 3578 3622 3622 3590 4061 4061 4061 4061 4061 4061 4061 4061
2964 1777561068 3548 3693 3665 378 3579 3623 3624 3591 4061 4061 4061 4061 4061 4061 4061 4061
2965 1777561068 3548 3691 3664 379 3578 3621 3622 3590 4061 4061 4061 4061 4061 4061 4061 4061
2966 1777561068 3547 3691 3663 378 3578 3622 3622 3590 4061 4061 4061 4061 4061 4061 4061 4061
2967 1777561068 3547 3692 3664 379 3578 3622 3623 3591 4061 4061 4061 4061 4061 4061 4061 4061
2968 1777561068 3546 3691 3663 378 3577 3621 3622 3589 4061 4061 4060 4060 4060 4060 4060 4060
2969 1777561068 3547 3692 3664 378 3578 3622 3623 3591 4063 4063 4062 4062 4062 4062 4062 4062
2970 1777561068 3547 3692 3664 378 3578 3622 3622 3591 4063 4061 4061 4061 4061 4061 4061 4061
2971 1777561068 3547 3692 3664 378 3578 3622 3622 3591 4061 4061 4061 4061 4061 4061 4061 4061
2972 1777561068 3548 3692 3664 378 3579 3622 3622 3590 4061 4061 4061 4061 4061 4061 4061 4061
2973 1777561068 3548 3693 3665 378 3579 3622 3623 3590 4061 4061 4061 4061 4061 4061 4061 4061
2974 1777561068 3548 3692 3664 378 3578 3622 3622 3590 4061 4061 4060 4060 4060 4060 4060 4060
2975 1777561068 3547 3692 3663 379 3578 3622 3622 3590 4061 4061 4061 4061 4061 4061 4061 4061
2976 1777561068 3547 3691 3664 378 3578 3622 3622 3590 4061 4061 4061 4061 4061 4061 4061 4061
2977 1777561068 3547 3692 3665 379 3578 3623 3623 3591 4061 4060 4060 4060 4060 4060 4060 4060
2978 1777561068 3548 3692 3664 378 3579 3622 3623 3591 4061 4061 4061 4061 4061 4061 4061 4061
2979 1777561068 3548 3693 3665 379 3579 3623 3624 3592 4061 4061 4061 4061 4061 4061 4061 4061
2980 1777561068 3547 3692 3664 378 3578 3622 3622 3590 4061 4061 4061 4061 4061 4061 4061 4061
2981 1777561068 3547 3692 3664 378 3579 1666 3622 3591 4061 4061 4060 4060 4060 4060 4060 4060
2982 1777561068 3548 3693 3665 379 3579 3623 3623 3591 4063 4063 4062 4062 4062 4062 4062 4062
2983 1777561068 3548 3692 3665 379 3579 3623 3623 3591 4061 4061 4061 4061 4061 4061 4061 4061
2984 1777561068 3547 3691 3663 379 3577 3622 3622 3591 4061 4061 4060 4060 4060 4060 4060 4060
2985 1777561068 3548 3693 3665 379 3579 3623 3623 3591 4061 4061 4060 4060 4060 4060 4060 4060
2986 1777561068 3548 3692 3664 378 3579 3622 3623 3591 4063 4063 4062 4062 4062 4062 4062 4062
2987 1777561068 3547 3692 3664 378 3578 3622 3623 3591 4061 4061 4061 4061 4061 4061 4061 4061
2988 1777561068 3548 3693 3665 378 3579 3623 3623 3591 4063 4063 4062 4062 4062 4062 4062 4062
2989 1777561068 3547 3691 3664 379 3578 3622 3622 3590 4061 4061 4061 4061 4061 4061 4061 4061
2990 1777561068 3547 3692 3664 378 3578 3622 3622 3590 4061 4061 4060 4060 4060 4060 4060 4060
2991 1777561068 3547 3692 3664 379 3578 3622 3623 3591 4061 4061 4061 4061 4061 4061 4061 4061
2992 1777561068 3549 3693 3665 378 3580 3623 3623 3592 4061 4061 4061 4061 4061 4061 4061 4061
2993 1777561068 3548 3692 3665 379 3578 3621 3623 3591 4061 4061 4061 4061 4061 4061 4061 4061
2994 1777561068 3548 3693 3665 378 3579 3623 3624 3592 4061 4061 4060 4060 4060 4060 4060 4060
2995 1777561068 3547 3692 3664 379 3578 3622 3622 3590 4061 4061 4061 4061 4061 4061 4061 4061
2996 1777561068 3547 3692 3664 379 3577 3621 3622 3590 4061 4061 4060 4060 4060 4060 4060 4060
2997 1777561068 3548 3692 3664 378 3579 3622 3623 3591 4061 4061 4061 4061 4061 4061 4061 4061
2998 1777561068 3547 3692 3664 380 3578 3622 3623 3591 4061 4061 4061 4061 4061 4061 4061 4061
2999 1777561068 3546 3691 3663 379 3577 3621 3621 3590 4059 4059 4059 4059 4059 4059 4059 4059
3000 1777561068 3548 3692 3664 379 3577 3622 3623 3591 4061 4061 4061 4061 4061 4061 4061 4061
3001 1777561068 3548 3692 3664 379 3578 3622 3622 3591 4061 4061 4060 4060 4060 4060 4060 4060
3002 1777561068 3548 3693 3665 379 3579 3623 3623 3591 4061 4061 4061 4061 4061 4061 4061 4061
3003 1777561068 3549 3693 3666 379 3579 3623 3624 3591 4061 4061 4061 4061 4061 4061 4061 4061
3004 1777561068 3548 3692 3665 378 3579 3622 3623 3591 4061 4061 4061 4061 4061 4061 4061 4061
3005 1777561068 3548 3693 3664 379 3578 3622 3622 3591 4063 4063 4062 4062 4062 4062 4062 4062
3006 1777561068 3547 3691 3664 378 3578 3622 3622 3590 4061 4061 4060 4060 4060 4060 4060 4060
3007 1777561068 3548 3692 3664 379 3578 3622 3623 3591 4061 4061 4061 4061 4061 4061 4061 4061
3008 1777561068 3547 3691 3664 379 3577 3621 3622 3590 4063 4061 4061 4061 4061 4061 4061 4061
3009 1777561068 3548 3692 3664 379 3578 3622 3622 3591 4061 4061 4061 4061 4061 4061 4061 4061
3010 1777561068 3548 3693 3665 379 3579 3623 3624 3592 4061 4061 4061 4061 4061 4061 4061 4061
3011 1777561068 3548 3692 3665 379 3579 3622 3623 3591 4063 4063 4062 4062 4062 4062 4062 4062
3012 1777561068 3548 3693 3665 378 3579 3623 3624 3591 4061 4061 4061 4061 4061 4061 4061 4061
3013 1777561068 3547 3692 3664 379 3578 3621 3623 3591 4061 4061 4061 4061 4061 4061 4061 4061
3014 1777561068 3548 3692 3664 380 3578 3621 3622 3590 4061 4061 4061 4061 4061 4061 4061 4061
3015 1777561068 3547 3692 3665 379 3578 3623 3623 3591 4061 4061 4060 4060 4060 4060 4060 4060
3016 1777561068 3548 3692 3665 379 3579 3622 3623 3591 4061 4061 4060 4060 4060 4060 4060 4060
3017 1777561068 3548 3693 3665 379 3579 3623 3623 3591 4061 4061 4061 4061 4061 4061 4061 4061
3018 1777561068 3547 3692 3665 378 3579 3623 3623 3591 4061 4061 4061 4061 4061 4061 4061 4061
3019 1777561068 3548 3693 3664 379 3578 3622 3623 3591 4061 4060 4060 4060 4060 4060 4060 4060
3020 1777561068 3548 3693 3665 379 3579 3623 3623 3591 4061 4061 4060 4060 4060 4060 4060 4060
3021 1777561068 3549 3693 3665 379 3579 3623 3623 3591 4061 4061 4060 4060 4060 4060 4060 4060
3022 1777561068 3547 3691 3664 379 3578 3622 3623 3590 4061 4061 4061 4061 4061 4061 4061 4061
3023 1777561069 3548 3692 3665 379 3578 3622 3623 3591 4061 4061 4060 4060 4060 4060 4060 4060
3024 1777561069 3549 3693 3664 379 3579 3622 3623 3591 4061 4061 4060 4060 4060 4060 4060 4060
3025 1777561069 3548 3692 3665 378 3579 3623 3623 3591 4061 4061 4061 4061 4061 4061 4061 4061
3026 1777561069 3548 3692 3664 379 3578 3622 3622 3590 4061 4061 4060 4060 4060 4060 4060 4060
3027 1777561069 3547 3692 3665 379 3579 3623 3623 3591 4061 4061 4061 4061 4061 4061 4061 4061
3028 1777561069 3549 3693 3665 379 3579 3623 3623 3591 4061 4061 4060 4060 4060 4060 4060 4060
3029 1777561069 3548 3692 3665 378 3580 3623 3623 3592 4061 4061 4061 4061 4061 4061 4061 4061
3030 1777561069 3549 3693 3665 380 3579 3623 3624 3592 4061 4061 4061 4061 4061 4061 4061 4061
3031 1777561069 3549 3693 3665 379 3578 3623 3624 3592 4061 4061 4061 4061 4061 4061 4061 4061
3032 1777561069 3548 3692 3664 378 3577 3622 3623 3590 4061 4061 4061 4061 4061 4061 4061 4061
3033 1777561069 3547 3692 3664 379 3578 3622 3622 3590 4061 4061 4060 4060 4060 4060 4060 4060
3034 1777561069 3547 3692 3664 379 3578 3622 3622 3590 4061 4061 4061 4061 4061 4061 4061 4061
3035 1777561069 3548 3693 3665 379 3578 3623 3624 3591 4063 4061 4061 4061 4061 4061 4061 4061
3036 1777561069 3548 3692 3665 379 3579 3623 3623 3592 4059 4059 4059 4059 4059 4059 4059 4059
3037 1777561069 3548 3693 3665 378 3579 3623 3624 3591 4061 4061 4061 4061 4061 4061 4061 4061
3038 1777561069 3548 3692 3664 380 3578 3622 3623 3591 4059 4059 4059 4059 4059 4059 4059 4059
3039 1777561069 3547 3692 3663 379 3578 3622 3622 3590 4061 4061 4060 4060 4060 4060 4060 4060
3040 1777561069 3549 3694 3666 379 3579 3623 3624 3592 4061 4061 4061 4061 4061 4061 4061 4061
3041 1777561069 3548 3693 3665 378 3580 3623 3623 3592 4061 4061 4061 4061 4061 4061 4061 4061
3042 1777561069 3549 3693 3665 379 3579 3623 3624 3592 4061 4061 4061 4061 4061 4061 4061 4061
3043 1777561069 3547 3692 3664 379 3579 3622 3623 3591 4061 4061 4061 4061 4061 4061 4061 4061
3044 1777561069 3549 3694 3666 379 3579 3623 3624 3591 4061 4061 4061 4061 4061 4061 4061 4061
3045 1777561069 3548 3693 3664 379 3578 3622 3622 3590 4061 4061 4061 4061 4061 4061 4061 4061
3046 1777561069 3548 3692 3664 380 3578 3621 3622 3590 4059 4059 4059 4059 4059 4059 4059 4059
3047 1777561069 3548 3693 3665 379 3578 3622 3623 3591 4061 4061 4061 4061 4061 4061 4061 4061
3048 1777561069 3547 3692 3664 379 3579 3623 3623 3591 4061 4061 4060 4060 4060 4060 4060 4060
3049 1777561069 3547 3692 3664 379 3578 3622 3623 3591 4061 4061 4060 4060 4060 4060 4060 4060
3050 1777561069 3549 3694 3665 379 3580 3623 3623 3592 4061 4061 4060 4060 4060 4060 4060 4060
3051 1777561069 3549 3694 3665 379 3579 3623 3623 3592 4061 4061 4061 4061 4061 4061 4061 4061
3052 1777561069 3548 3692 3665 378 3578 3623 3623 3591 4061 4061 4061 4061 4061 4061 4061 4061
3053 1777561069 3549 3693 3666 379 3580 3623 3624 3591 4061 4061 4061 4061 4061 4061 4061 4061
3054 1777561069 3549 3694 3666 379 3580 3624 3624 3592 4061 4061 4061 4061 4061 4061 4061 4061
3055 1777561069 3549 3693 3666 379 3580 3624 3624 3592 4061 4061 4061 4061 4061 4061 4061 4061
3056 1777561069 3549 3694 3666 379 3579 3623 3624 3592 4061 4061 4061 4061 4061 4061 4061 4061
3057 1777561069 3547 3692 3664 379 3579 3623 3623 3590 4061 4061 4061 4061 4061 4061 4061 4061
3058 1777561069 3546 3691 3663 377 3577 3621 3622 3590 4061 4061 4061 4061 4061 4061 4061 4061
3059 1777561069 3546 3691 3663 378 3578 3622 3622 3590 4063 4063 4062 4062 4062 4062 4062 4062
3060 1777561069 3547 3691 3664 377 3578 3621 3622 3590 4061 4061 4061 4061 4061 4061 4061 4061
3061 1777561069 3547 3691 3663 377 3578 3621 3622 3590 4061 4061 4061 4061 4061 4061 4061 4061
3062 1777561069 3546 3691 3663 377 3577 3621 3621 3589 4061 4061 4061 4061 4061 4061 4061 4061
3063 1777561069 3547 3691 3663 377 3577 3622 3622 3590 4061 4061 4060 4060 4060 4060 4060 4060
3064 1777561069 3546 3691 3663 378 3577 3621 3622 3590 4061 4061 4061 4061 4061 4061 4061 4061
3065 1777561069 3547 3691 3664 377 3576 3622 3622 3590 4061 4061 4061 4061 4061 4061 4061 4061
3066 1777561069 3547 3691 526 376 3578 3622 3622 3590 4061 4061 4061 4061 4061 4061 4061 4061
3067 1777561069 3546 3690 3663 377 3577 3621 3621 3589 4061 4061 4061 4061 4061 4061 4061 4061
3068 1777561069 3547 3691 3664 378 3577 3621 3622 3590 4061 4061 4060 4060 4060 4060 4060 4060
3069 1777561069 3547 3692 3664 377 3578 3621 3622 3590 4061 4061 4061 4061 4061 4061 4061 4061
3070 1777561069 3547 3691 3664 377 3578 3621 3621 3589 4061 4061 4061 4061 4061 4061 4061 4061
3071 1777561069 3547 3691 3663 377 3577 3620 3621 3589 4061 4061 4061 4061 4061 4061 4061 4061
3072 1777561069 3547 3691 3664 378 3577 3621 3622 3590 4061 4061 4060 4060 4060 4060 4060 4060
3073 1777561069 3546 3690 3662 377 3576 3620 3620 3588 4061 4061 4061 4061 4061 4061 4061 4061
3074 1777561069 3547 3691 3663 377 3577 3621 3621 3589 4059 4059 4059 4059 4059 4059 4059 4059
3075 1777561069 3547 3691 3664 377 3577 3621 3621 3589 4061 4061 4061 4061 4061 4061 4061 4061
3076 1777561069 3547 3691 3664 377 3577 3621 3622 3590 4061 4061 4061 4061 4061 4061 4061 4061
3077 1777561069 3546 3691 3663 377 3576 3621 3621 3589 4061 4061 4060 4060 4060 4060 4060 4060
3078 1777561069 3546 3691 3663 377 3577 3620 3621 3589 4061 4061 4061 4061 4061 4061 4061 4061
3079 1777561069 3548 3691 3664 378 3578 3621 3622 3590 4061 4061 4060 4060 4060 4060 4060 4060
3080 1777561069 3547 3691 3663 378 3577 3621 3621 3589 4061 4061 4061 4061 4061 4061 4061 4061
3081 1777561069 3545 3690 3662 377 3576 3620 3621 3589 4061 4061 4060 4060 4060 4060 4060 4060
3082 1777561069 3547 3692 3664 377 3578 3621 3621 3589 4061 4061 4061 4061 4061 4061 4061 4061
3083 1777561069 3546 3691 3663 377 3578 3621 3622 3590 4061 4061 4061 4061 4061 4061 4061 4061
3084 1777561069 3546 3691 3663 377 3577 3621 3622 3589 4061 4061 4061 4061 4061 4061 4061 4061
3085 1777561069 3546 3691 3663 377 3577 3621 3622 3590 4061 4061 4060 4060 4060 4060 4060 4060
3086 1777561069 3547 3692 3664 377 3577 3621 3622 3590 4061 4061 4060 4060 4060 4060 4060 4060
3087 1777561069 3547 3692 3664 377 3578 3622 3623 3590 4061 4061 4060 4060 4060 4060 4060 4060
3088 1777561069 3547 3691 3664 377 3577 3621 3622 3589 4063 4063 4062 4062 4062 4062 4062 4062
3089 1777561069 3547 3691 3664 377 3578 3621 3622 3590 4061 4061 4060 4060 4060 4060 4060 4060
3090 1777561069 3547 3692 3664 377 3578 3621 3622 3590 4061 4061 4060 4060 4060 4060 4060 4060
3091 1777561069 3547 3691 3663 377 3578 3621 3622 3590 4061 4061 4061 4061 4061 4061 4061 4061
3092 1777561069 3546 3691 3663 378 3577 3621 3622 3590 4061 4061 4061 4061 4061 4061 4061 4061
3093 1777561069 3547 3691 3663 378 3577 3621 3622 3590 4061 4061 4061 4061 4061 4061 4061 4061
3094 1777561070 3547 3692 3663 378 3578 3622 3622 3590 4061 4061 4061 4061 4061 4061 4061 4061
3095 1777561070 3547 3691 3663 378 3577 3620 3622 3589 4061 4061 4061 4061 4061 4061 4061 4061
3096 1777561070 3546 3691 3663 378 3577 3621 3621 3590 4061 4061 4061 4061 4061 4061 4061 4061
3097 1777561070 3547 3691 3664 377 3578 3621 3622 3590 4061 4061 4060 4060 4060 4060 4060 4060
3098 1777561070 3546 3691 3664 377 3577 3621 3622 3590 4061 4061 4060 4060 4060 4060 4060 4060
3099 1777561070 3547 3691 3663 378 3578 3621 3622 3589 4061 4061 4060 4060 4060 4060 4060 4060
3100 1777561070 3548 3692 3664 378 3577 3621 3623 3590 4061 4061 4060 4060 4060 4060 4060 4060
3101 1777561070 3547 3692 3663 377 3578 3621 3622 3590 4061 4061 4061 4061 4061 4061 4061 4061
3102 1777561070 3547 3692 3663 378 3577 3621 3621 3589 4061 4061 4060 4060 4060 4060 4060 4060
3103 1777561070 3546 3690 3663 377 3577 3620 3621 3589 4061 4061 4061 4061 4061 4061 4061 4061
3104 1777561070 3546 3691 3663 377 3577 3621 3621 3589 4061 4061 4061 4061 4061 4061 4061 4061
3105 1777561070 3546 3691 3663 378 3578 3622 3623 3591 4063 4063 4062 4062 4062 4062 4062 4062
3106 1777561070 3546 3691 3663 378 3577 3621 3622 3590 4061 4061 4060 4060 4060 4060 4060 4060
3107 1777561070 3547 3691 3663 377 3578 3621 3621 3590 4061 4061 4060 4060 4060 4060 4060 4060
3108 1777561070 3547 3692 3664 378 3578 3622 3622 3590 4061 4061 4060 4060 4060 4060 4060 4060
3109 1777561070 3546 3691 3663 378 3577 3621 3621 3589 4061 4061 4061 4061 4061 4061 4061 4061
3110 1777561070 3547 3691 3663 378 3578 3621 3622 3590 100 4061 4061 4061 4061 4061 4061 4061
3111 1777561070 3548 3692 3664 379 3578 3622 3622 3590 4061 4061 4061 4061 4061 4061 4061 4061
3112 1777561070 3547 3691 3663 378 3577 3621 3622 3590 4061 4061 4060 4060 4060 4060 4060 4060
3113 1777561070 3547 3691 3663 377 3578 3621 3622 3589 4061 4061 4061 4061 4061 4061 4061 4061
3114 1777561070 3546 3690 3663 378 3577 3620 3621 3589 4061 4061 4061 4061 4061 4061 4061 4061
3115 1777561070 3547 3691 3663 378 3578 3621 3622 3590 4061 4061 4061 4061 4061 4061 4061 4061
3116 1777561070 3546 3690 3662 378 3577 3620 3621 3589 4061 4061 4060 4060 4060 4060 4060 4060
3117 1777561070 3547 3691 3663 378 3578 3621 3622 3590 4063 4063 4062 4062 4062 4062 4062 4062
3118 1777561070 3547 3692 3664 378 3578 3622 3623 3590 4061 4061 4061 4061 4061 4061 4061 4061
3119 1777561070 3547 3691 3663 378 3578 3621 3622 3590 4061 4061 4060 4060 4060 4060 4060 4060
3120 1777561070 3547 3691 3663 378 3577 3622 3622 3590 4061 4061 4061 4061 4061 4061 4061 4061
3121 1777561070 3547 3691 3663 377 3577 3621 3622 3590 4061 4061 4060 4060 4060 4060 4060 4060
3122 1777561070 3547 3692 3664 378 3578 3621 3622 3590 4061 4061 4060 4060 4060 4060 4060 4060
3123 1777561070 3546 3691 3663 377 3577 3621 3621 3589 4061 4061 4061 4061 4061 4061 4061 4061
3124 1777561070 3546 3691 3662 378 3577 3621 3621 3590 4061 4061 4061 4061 4061 4061 4061 4061
3125 1777561070 3548 3692 3664 377 3578 3622 3622 3591 4061 4061 4060 4060 4060 4060 4060 4060
3126 1777561070 3547 3691 3664 378 3578 3622 3622 3590 4061 4061 4061 4061 4061 4061 4061 4061
3127 1777561070 3547 3691 3664 379 3578 3622 3623 3591 4061 4061 4061 4061 4061 4061 4061 4061
3128 1777561070 3547 3691 3664 378 3577 3621 3622 3589 4061 4061 4061 4061 4061 4061 4061 4061
3129 1777561070 3547 3692 3664 377 3578 3622 3622 3591 4063 4061 4061 4061 4061 4061 4061 4061
3130 1777561070 3548 3692 3664 378 3578 3622 3622 3590 4061 4061 4061 4061 4061 4061 4061 4061
3131 1777561070 3546 3691 3663 378 3578 3621 3622 3590 4061 4061 4061 4061 4061 4061 4061 4061
3132 1777561070 3548 3693 3665 378 3579 3622 3622 3590 4061 4061 4060 4060 4060 4060 4060 4060
3133 1777561070 3547 3691 3664 378 3578 3621 3622 3590 4061 4061 4060 4060 4060 4060 4060 4060
3134 1777561070 3547 3692 3664 378 3578 3622 3622 3590 4061 4061 4061 4061 4061 4061 4061 4061
3135 1777561070 3547 3692 3664 378 3578 3621 3622 3590 4063 4062 4062 4062 4062 4062 4062 4062
3136 1777561070 3547 3691 3664 378 3577 3621 3621 3589 4061 4061 4060 4060 4060 4060 4060 4060
3137 1777561070 3547 3691 3663 378 3578 3621 3622 3590 4061 4060 4060 4060 4060 4060 4060 4060
3138 1777561070 3547 3691 3663 378 3577 3621 3622 3590 4061 4061 4061 4061 4061 4061 4061 4061
3139 1777561070 3547 3692 3664 378 3578 3621 3622 3591 4061 4061 4061 4061 4061 4061 4061 4061
3140 1777561070 3547 3691 3663 378 3577 3621 3622 3590 4061 4061 4061 4061 4061 4061 4061 4061
3141 1777561070 3547 3692 3664 378 3578 3622 3623 3590 4061 4061 4061 4061 4061 4061 4061 4061
3142 1777561070 3547 3692 3664 377 3578 3621 3622 3590 4061 4061 4061 4061 4061 4061 4061 4061
3143 1777561070 3549 3693 3665 378 3578 3622 3623 3591 4061 4061 4060 4060 4060 4060 4060 4060
3144 1777561070 3547 3692 3664 378 3577 3622 3622 3590 4061 4061 4060 4060 4060 4060 4060 4060
3145 1777561070 3548 3692 3664 378 3578 3622 3622 3591 4061 4061 4060 4060 4060 4060 4060 4060
3146 1777561070 3547 3692 3664 377 3579 3623 3623 3591 4061 4061 4061 4061 4061 4061 4061 4061
3147 1777561070 3548 3693 3664 378 3578 3621 3622 3590 4061 4061 4061 4061 4061 4061 4061 4061
3148 1777561070 3547 3692 3663 377 3578 3621 3622 3590 4061 4061 4061 4061 4061 4061 4061 4061
3149 1777561070 3547 3692 3664 378 3578 3622 3622 3590 4061 4061 4061 4061 4061 4061 4061 4061
3150 1777561070 3547 3691 3663 378 3577 3621 3621 3589 4061 4061 4060 4060 4060 4060 4060 4060
3151 1777561070 3546 3691 3663 378 3577 3621 3622 3589 4061 4061 4060 4060 4060 4060 4060 4060
3152 1777561070 3547 3692 3664 378 3579 3622 3622 3590 4061 4061 4060 4060 4060 4060 4060 4060
3153 1777561070 3548 3692 3664 378 3578 3621 3622 3590 4061 4061 4060 4060 4060 4060 4060 4060
3154 1777561070 3548 3692 3665 378 3579 3623 3623 3591 4061 4061 4060 4060 4060 4060 4060 4060
3155 1777561070 3547 3691 3663 378 3578 3621 3622 3590 4061 4061 4060 4060 4060 4060 4060 4060
3156 1777561070 3547 3692 3664 378 3578 3622 3622 3590 4063 4063 4062 4062 4062 4062 4062 4062
3157 1777561070 3548 3692 3664 377 3578 3622 3622 3590 4061 4061 4060 4060 4060 4060 4060 4060
3158 1777561070 3547 3692 3664 378 3578 3621 3622 3590 4061 4061 4061 4061 4061 4061 4061 4061
3159 1777561070 3548 3692 3664 379 3578 3622 3622 3590 4061 4061 4060 4060 4060 4060 4060 4060
3160 1777561070 3547 3691 3664 378 3577 3622 3622 3590 4061 4061 4061 4061 4061 4061 4061 4061
3161 1777561070 3547 3692 3665 378 3578 3622 3622 3590 4061 4061 4060 4060 4060 4060 4060 4060
3162 1777561070 3547 3691 3664 378 3577 3621 3621 3590 4061 4061 4061 4061 4061 4061 4061 4061
3163 1777561070 3547 3691 3664 378 3578 3621 3622 3590 4061 4061 4061 4061 4061 4061 4061 4061
3164 1777561070 3547 3692 3663 378 3577 3621 3622 3590 4061 4061 4060 4060 4060 4060 4060 4060
3165 1777561070 3547 3692 3664 378 3578 3621 3622 3590 4061 4061 4061 4061 4061 4061 4061 4061
3166 1777561070 3547 3692 3664 378 3579 3622 3623 3591 4061 4061 4061 4061 4061 4061 4061 4061
3167 1777561070 3547 3691 3663 378 3577 3621 3622 3590 4061 4061 4061 4061 4061 4061 4061 4061
3168 1777561070 3547 3691 3663 378 3577 3621 3622 3589 4061 4061 4060 4060 4060 4060 4060 4060
3169 1777561070 3547 3692 3664 378 3578 3622 3622 3590 4061 4061 4060 4060 4060 4060 4060 4060
3170 1777561070 3547 3692 3664 377 3579 3622 3623 3591 4061 4061 4061 4061 4061 4061 4061 4061
3171 1777561070 3547 3692 3664 378 3578 3623 3623 3591 4061 4061 4061 4061 4061 4061 4061 4061
3172 1777561071 3547 3692 3664 378 3578 3622 3622 3590 4061 4061 4061 4061 4061 4061 4061 4061
3173 1777561071 3548 3693 3665 378 3578 3622 3623 3590 4061 4061 4061 4061 4061 4061 4061 4061
3174 1777561071 3547 3692 3663 378 3577 3621 3622 3590 4061 4060 4060 4060 4060 4060 4060 4060
3175 1777561071 3549 3693 3665 379 3578 3623 3623 3591 4059 4059 4059 4059 4059 4059 4059 4059
3176 1777561071 3547 3691 3664 378 3578 3622 3623 3590 4063 4061 4061 4061 4061 4061 4061 4061
3177 1777561071 3548 3692 3665 378 3578 3622 3623 3591 4061 4061 4060 4060 4060 4060 4060 4060
3178 1777561071 3548 3692 3665 378 3579 3622 3623 3591 4061 4061 4060 4060 4060 4060 4060 4060
3179 1777561071 3547 3692 3664 378 3578 3622 3622 3590 4061 4061 4060 4060 4060 4060 4060 4060
3180 1777561071 3548 3693 3665 378 3579 3622 3623 3591 4061 4061 4061 4061 4061 4061 4061 4061
3181 1777561071 3547 3692 3664 378 3578 3622 3622 3591 4061 4061 4061 4061 4061 4061 4061 4061
3182 1777561071 3548 3692 3664 378 3578 3622 3622 3590 4061 4061 4060 4060 4060 4060 4060 4060
3183 1777561071 3547 3692 3664 379 3578 3622 3623 3591 4059 4059 4059 4059 4059 4059 4059 4059
3184 1777561071 3548 3692 3664 378 3578 3622 3623 3591 4061 4061 4061 4061 4061 4061 4061 4061
3185 1777561071 3548 3693 3665 378 3578 3621 3622 3591 4063 4063 4062 4062 4062 4062 4062 4062
3186 1777561071 3547 3692 3665 378 3579 3622 3622 3590 4061 4061 4060 4060 4060 4060 4060 4060
3187 1777561071 3547 3692 3664 377 3578 3622 3622 3591 4059 4059 4059 4059 4059 4059 4059 4059
3188 1777561071 3547 3692 3664 378 3578 3622 3622 3590 4061 4061 4061 4061 4061 4061 4061 4061
3189 1777561071 3548 3693 3665 381 3579 3623 3623 3591 4061 4061 4061 4061 4061 4061 4061 4061
3190 1777561071 3547 3692 3664 380 3578 3622 3623 3590 4061 4061 4061 4061 4061 4061 4061 4061
3191 1777561071 3548 3692 3664 379 3578 3622 3623 3590 4061 4061 4060 4060 4060 4060 4060 4060
3192 1777561071 3548 3692 3664 378 3577 3622 3622 3590 4061 4061 4061 4061 4061 4061 4061 4061
3193 1777561071 3548 3693 3665 378 3579 3622 3623 3591 4061 4061 4060 4060 4060 4060 4060 4060
3194 1777561071 3548 3692 3665 378 3579 3622 3622 3591 4059 4059 4058 4058 4058 4058 4058 4058
3195 1777561071 3548 3692 3664 378 3578 3622 3623 3590 4061 4061 4060 4060 4060 4060 4060 4060
3196 1777561071 3548 3693 3665 378 3579 3622 3623 3591 4061 4061 4061 4061 4061 4061 4061 4061
3197 1777561071 3547 3691 3664 378 3578 3622 3623 3591 4061 4061 4061 4061 4061 4061 4061 4061
3198 1777561071 3547 3692 3664 379 3578 3622 3623 3591 4061 4061 4061 4061 4061 4061 4061 4061
3199 1777561071 3547 3692 3663 379 3578 3622 3622 3590 4061 4061 4061 4061 4061 4061 4061 4061
3200 1777561071 3548 3693 3664 378 3579 3623 3623 3592 4061 4061 4060 4060 4060 4060 4060 4060
3201 1777561071 3548 3692 3664 378 3578 3621 3622 3590 4061 4061 4060 4060 4060 4060 4060 4060
3202 1777561071 3547 3692 3664 379 3578 3622 3622 3591 4061 4061 4060 4060 4060 4060 4060 4060
3203 1777561071 3548 3693 3664 379 3579 3623 3623 3591 4061 4061 4060 4060 4060 4060 4060 4060
3204 1777561071 3547 3692 3664 378 3579 3622 3622 3590 4061 4061 4061 4061 4061 4061 4061 4061
3205 1777561071 3547 3693 3665 378 3578 3622 3623 3591 4061 4061 4060 4060 4060 4060 4060 4060
3206 1777561071 3547 3692 3664 378 3579 3622 3622 3591 4061 4061 4060 4060 4060 4060 4060 4060
3207 1777561071 3547 3692 3663 379 3578 3622 3622 3590 4063 4061 4061 4061 4061 4061 4061 4061
3208 1777561071 3549 3693 3664 378 3578 3622 3623 3590 4061 4061 4061 4061 4061 4061 4061 4061
3209 1777561071 3549 3693 3666 378 3579 3623 3624 3591 4061 4061 4061 4061 4061 4061 4061 4061
3210 1777561071 3548 3693 3665 378 3579 3622 3623 3591 4061 4061 4060 4060 4060 4060 4060 4060
3211 1777561071 3547 3692 3664 378 3578 3622 3623 3590 4061 4061 4060 4060 4060 4060 4060 4060
3212 1777561071 3548 3693 3665 378 3579 3622 3623 3591 4061 4061 4060 4060 4060 4060 4060 4060
3213 1777561071 3547 3692 3665 378 3578 3621 3622 3590 4061 4061 4060 4060 4060 4060 4060 4060
3214 1777561071 3548 3692 3664 379 3578 3621 3622 3590 4061 4061 4060 4060 4060 4060 4060 4060
3215 1777561071 3547 3692 3664 379 3578 3622 3622 3590 4061 4061 4061 4061 4061 4061 4061 4061
3216 1777561071 3547 3692 3664 378 3578 3622 3622 3590 4061 4061 4060 4060 4060 4060 4060 4060
3217 1777561071 3548 3693 3665 378 3578 3622 3623 3591 4061 4061 4061 4061 4061 4061 4061 4061
3218 1777561071 3548 3693 3665 378 3579 3623 3623 3591 4061 4061 4061 4061 4061 4061 4061 4061
3219 1777561071 3548 3692 3664 379 3578 3622 3623 3591 4061 4061 4061 4061 4061 4061 4061 4061
3220 1777561071 3548 3692 3665 378 3579 3622 3623 3591 4061 4061 4061 4061 4061 4061 4061 4061
3221 1777561071 3548 3692 3664 379 3578 3621 3622 3589 4063 4062 4062 4062 4062 4062 4062 4062
3222 1777561071 3548 3693 3665 379 3579 3623 3623 3592 4061 4061 4061 4061 4061 4061 4061 4061
3223 1777561071 3548 3692 3665 379 3578 3621 3622 3590 4061 4061 4060 4060 4060 4060 4060 4060
3224 1777561071 3548 3693 3665 378 3579 3622 3623 3591 4061 4060 4060 4060 4060 4060 4060 4060
3225 1777561071 3547 3691 3664 378 3578 3622 3622 3590 4061 4061 4061 4061 4061 4061 4061 4061
3226 1777561071 3548 3692 3665 379 3579 3622 3623 3591 4061 4061 4061 4061 4061 4061 4061 4061
3227 1777561071 3548 3692 3664 379 3579 3622 3623 3591 4061 4061 4060 4060 4060 4060 4060 4060
3228 1777561071 3548 3692 3665 378 3578 3622 3622 3590 4061 4061 4061 4061 4061 4061 4061 4061
3229 1777561071 3547 3692 3664 379 3578 3622 3623 3590 4057 4057 4057 4057 4057 4057 4057 4057
3230 1777561071 3547 3692 3664 378 3579 3622 3622 3590 4061 4061 4061 4061 4061 4061 4061 4061
3231 1777561071 3548 3693 3665 379 3579 3623 3623 3592 4061 4061 4061 4061 4061 4061 4061 4061
3232 1777561071 3548 3692 3664 378 3579 3623 3623 3591 4061 4061 4061 4061 4061 4061 4061 4061
3233 1777561071 3548 3692 3665 378 3579 3623 3623 3591 4061 4061 4060 4060 4060 4060 4060 4060
3234 1777561071 3548 3692 3664 379 3578 3621 3622 3591 4061 4061 4060 4060 4060 4060 4060 4060
3235 1777561071 3547 3691 3663 379 3578 3621 3623 3591 4061 4061 4061 4061 4061 4061 4061 4061
3236 1777561071 3548 3693 3665 378 3579 3622 3623 3591 4061 4061 4061 4061 4061 4061 4061 4061
3237 1777561071 3549 3693 3665 378 3579 3622 3623 3590 4061 4061 4061 4061 4061 4061 4061 4061
3238 1777561071 3548 3692 3664 378 3578 3622 3623 3591 4061 4061 4060 4060 4060 4060 4060 4060
3239 1777561071 3548 3693 3665 379 3578 3622 3623 3591 4061 4061 4060 4060 4060 4060 4060 4060
3240 1777561071 3548 3693 3665 378 3579 3623 3623 3592 4061 4061 4061 4061 4061 4061 4061 4061
3241 1777561071 3548 3692 3665 379 3579 3623 3623 3591 4059 4059 4059 4059 4059 4059 4059 4059
3242 1777561071 3549 3694 3666 378 3579 3623 3624 3592 4063 4063 4062 4062 4062 4062 4062 4062
3243 1777561071 3547 3692 3664 379 3578 3622 3623 3591 4061 4061 4061 4061 4061 4061 4061 4061
3244 1777561071 3549 3693 3666 379 3580 3623 3624 3592 4061 4061 4061 4061 4061 4061 4061 4061
3245 1777561071 3548 3692 3665 378 3579 3622 3622 3590 4061 4061 4060 4060 4060 4060 4060 4060
3246 1777561071 3548 3693 3665 378 3579 3623 3623 3591 4061 4061 4061 4061 4061 4061 4061 4061
3247 1777561071 3547 3692 3664 379 3578 3622 3623 3591 4061 4061 4061 4061 4061 4061 4061 4061
3248 1777561071 3548 3692 3664 378 3578 3622 3623 3590 4063 4063 4062 4062 4062 4062 4062 4062
3249 1777561071 3548 3693 3665 378 3579 3623 3623 3592 4061 4061 4060 4060 4060 4060 4060 4060
3250 1777561071 3548 3693 3665 379 3579 3622 3623 3591 4061 4061 4061 4061 4061 4061 4061 4061
3251 1777561072 3547 3692 3664 379 3579 3622 3623 3591 4063 4063 4062 4062 4062 4062 4062 4062
3252 1777561072 3548 3692 3665 378 3579 3622 3623 3591 4063 4063 4062 4062 4062 4062 4062 4062
3253 1777561072 3549 3693 3665 379 3579 3623 3623 3591 4061 4061 4060 4060 4060 4060 4060 4060
3254 1777561072 3547 3692 3664 380 3578 3621 3622 3590 4061 4061 4061 4061 4061 4061 4061 4061
3255 1777561072 3547 3692 3664 379 3578 3621 3622 3590 4061 4061 4061 4061 4061 4061 4061 4061
3256 1777561072 3548 3692 3664 378 3577 3622 3622 3591 4063 4063 4062 4062 4062 4062 4062 4062
3257 1777561072 3547 3692 3664 378 3579 3623 3623 3591 4061 4061 4060 4060 4060 4060 4060 4060
3258 1777561072 3549 3693 3665 379 3579 3623 3623 3591 4061 4061 4060 4060 4060 4060 4060 4060
3259 1777561072 3548 3692 3664 379 3579 3623 3623 3591 4061 4061 4060 4060 4060 4060 4060 4060
3260 1777561072 3548 3692 3664 378 3579 3622 3623 3591 4061 4061 4061 4061 4061 4061 4061 4061
3261 1777561072 3548 3693 3665 378 3579 3622 3622 3590 4061 4061 4061 4061 4061 4061 4061 4061
3262 1777561072 3548 3693 3665 379 3579 3623 3624 3592 4061 4061 4060 4060 4060 4060 4060 4060
3263 1777561072 3548 3692 3665 379 3579 3622 3623 3591 4061 4061 4060 4060 4060 4060 4060 4060
3264 1777561072 3548 3692 3665 379 3579 3623 3623 3591 4061 4061 4061 4061 4061 4061 4061 4061
3265 1777561072 3550 3695 3666 379 3580 3624 3624 3592 4061 4061 4060 4060 4060 4060 4060 4060
3266 1777561072 3548 3692 3664 379 3579 3622 3623 3591 4061 4061 4061 4061 4061 4061 4061 4061
3267 1777561072 3548 3692 3664 379 3578 3622 3623 3591 4061 4059 4059 4059 4059 4059 4059 4059
3268 1777561072 3548 3692 3665 379 3579 3622 3623 3591 4061 4061 4060 4060 4060 4060 4060 4060
3269 1777561072 3547 3692 3665 378 3579 3623 3623 3591 4061 4061 4061 4061 4061 4061 4061 4061
3270 1777561072 3549 3693 3665 379 3579 3623 3624 3592 4061 4061 4060 4060 4060 4060 4060 4060
3271 1777561072 3548 3693 3664 379 3578 3622 3622 3590 4061 4061 4061 4061 4061 4061 4061 4061
3272 1777561072 3548 3693 3664 379 3578 3623 3623 3591 4061 4061 4061 4061 4061 4061 4061 4061
3273 1777561072 3549 3693 3665 379 3579 3623 3623 3592 4061 4061 4061 4061 4061 4061 4061 4061
3274 1777561072 3548 3692 3664 379 3579 3622 3623 3591 4061 4061 4060 4060 4060 4060 4060 4060
3275 1777561072 3548 3693 3664 379 3578 3622 3622 3590 4061 4061 4060 4060 4060 4060 4060 4060
3276 1777561072 3548 3693 3665 379 3579 3623 3623 3592 4061 4061 4060 4060 4060 4060 4060 4060
3277 1777561072 3548 3692 3665 379 3579 3622 3623 3591 4061 4061 4061 4061 4061 4061 4061 4061
3278 1777561072 3548 3692 3664 380 3578 3622 3623 3591 4061 4061 4061 4061 4061 4061 4061 4061
3279 1777561072 3547 3692 3664 379 3578 3622 3623 3591 4063 4063 4062 4062 4062 4062 4062 4062
3280 1777561072 3547 3692 3664 379 3578 3622 3622 3590 4063 4063 4062 4062 4062 4062 4062 4062
3281 1777561072 3548 3693 3665 379 3580 3623 3623 3591 4063 4063 4062 4062 4062 4062 4062 4062
3282 1777561072 3548 3693 3665 379 3579 3623 3623 3591 4061 4061 4061 4061 4061 4061 4061 4061
3283 1777561072 3548 3693 3665 379 3579 3622 3623 3591 4061 4061 4061 4061 4061 4061 4061 4061
3284 1777561072 3549 3694 3666 378 3580 3624 3624 3592 4061 4061 4061 4061 4061 4061 4061 4061
3285 1777561072 3549 3693 3665 379 3580 3623 3624 3592 4061 4061 4061 4061 4061 4061 4061 4061
3286 1777561072 3548 3692 3665 380 3579 3623 3623 3592 4061 4061 4060 4060 4060 4060 4060 4060
3287 1777561072 3548 3693 3665 379 3578 3623 3623 3591 4059 4059 4058 4058 4058 4058 4058 4058
3288 1777561072 3549 3693 3665 378 3579 3623 3623 3591 4061 4061 4060 4060 4060 4060 4060 4060
3289 1777561072 3548 3692 3665 379 3579 3622 3623 3591 4061 4061 4061 4061 4061 4061 4061 4061
3290 1777561072 3548 3693 3665 379 3579 3622 3623 3591 4061 4061 4060 4060 4060 4060 4060 4060
3291 1777561072 3548 3693 3665 379 3579 3623 3623 3592 4061 4061 4061 4061 4061 4061 4061 4061
3292 1777561072 3549 3694 3665 379 3579 3623 3623 3592 4061 4061 4061 4061 4061 4061 4061 4061
3293 1777561072 3549 3694 3666 379 3580 3623 3624 3592 4061 4061 4061 4061 4061 4061 4061 4061
3294 1777561072 3549 3694 3666 379 3579 3623 3624 3592 4061 4061 4061 4061 4061 4061 4061 4061
3295 1777561072 3549 3693 3665 379 3580 3623 3624 3591 4061 4061 4061 4061 4061 4061 4061 4061
3296 1777561072 3548 3693 3665 379 3579 3623 3623 3591 4061 4061 4061 4061 4061 4061 4061 4061
3297 1777561072 3548 3693 3665 379 3579 3623 3623 3591 4061 4061 4061 4061 4061 4061 4061 4061
3298 1777561072 3548 3692 3664 379 3579 3622 3623 3592 4061 4061 4060 4060 4060 4060 4060 4060
3299 1777561072 3548 3693 3665 379 3579 3623 3624 3592 4061 4061 4060 4060 4060 4060 4060 4060
3300 1777561072 3548 3693 3665 379 3579 3623 3623 3592 4055 4055 4055 4055 4055 4055 4055 4055
3301 1777561072 3548 3693 3665 379 3579 3623 3623 3591 4063 4061 4061 4061 4061 4061 4061 4061
3302 1777561072 3548 3693 3664 380 3578 3622 3623 3590 4061 4061 4060 4060 4060 4060 4060 4060
3303 1777561072 3548 3692 3664 379 3578 3623 3623 3591 4061 4061 4061 4061 4061 4061 4061 4061
3304 1777561072 3548 3692 3665 379 3579 3623 3623 3592 4061 4061 4061 4061 4061 4061 4061 4061
3305 1777561072 3549 3693 3666 379 3580 3623 3623 3592 4061 4061 4060 4060 4060 4060 4060 4060
3306 1777561072 3547 3692 3665 379 3579 3622 3623 3591 4061 4061 4060 4060 4060 4060 4060 4060
3307 1777561072 3549 3693 3666 379 3580 3623 3624 3592 4063 4061 4061 4061 4061 4061 4061 4061
3308 1777561072 3549 3693 3665 379 3579 3622 3623 3592 4063 4061 4061 4061 4061 4061 4061 4061
3309 1777561072 3549 3693 3666 379 3580 3624 3624 3592 4061 4061 4061 4061 4061 4061 4061 4061
3310 1777561072 3548 3692 3665 379 3579 3623 3623 3591 4061 4061 4060 4060 4060 4060 4060 4060
3311 1777561072 3549 3693 3665 379 3579 3623 3623 3591 4061 4061 4061 4061 4061 4061 4061 4061
3312 1777561072 3549 3693 3665 379 3580 3623 3624 3592 4063 4063 4062 4062 4062 4062 4062 4062
3313 1777561072 3549 3693 3666 379 3580 3623 3624 3592 4061 4061 4061 4061 4061 4061 4061 4061
3314 1777561072 3546 3691 3663 377 3577 3621 3622 3589 4061 4061 4060 4060 4060 4060 4060 4060
3315 1777561072 3548 3692 3664 377 3578 3622 3622 3590 4061 4061 4061 4061 4061 4061 4061 4061
3316 1777561072 3546 3691 3663 377 3577 3621 3621 3589 4061 4061 4061 4061 4061 4061 4061 4061
3317 1777561072 3547 3691 3663 377 3577 3621 3622 3589 4063 4063 4062 4062 4062 4062 4062 4062
3318 1777561072 3546 3691 3664 377 3577 3621 3621 3589 4059 4059 4059 4059 4059 4059 4059 4059
3319 1777561072 3546 3691 3663 379 3577 3620 3622 3590 4061 4061 4061 4061 4061 4061 4061 4061
3320 1777561072 3548 3692 3664 378 3577 3621 3622 3590 4061 4061 4060 4060 4060 4060 4060 4060
3321 1777561072 3547 3691 3663 378 3576 3621 3621 3589 4061 4061 4060 4060 4060 4060 4060 4060
3322 1777561072 3547 3691 3663 378 3577 3621 3622 3590 4061 4061 4061 4061 4061 4061 4061 4061
3323 1777561072 3547 3691 3664 377 3577 3621 3622 3590 4061 4061 4060 4060 4060 4060 4060 4060
3324 1777561072 3547 3691 3664 378 3578 3621 3622 3590 4061 4061 4060 4060 4060 4060 4060 4060
3325 1777561072 3547 3691 3663 377 3577 3621 3621 3589 4059 4059 4058 4058 4058 4058 4058 4058
3326 1777561072 3548 3692 3664 378 3578 3622 3622 3591 4061 4061 4061 4061 4061 4061 4061 4061
3327 1777561072 3547 3691 3663 377 3577 3621 3621 3589 4061 4061 4060 4060 4060 4060 4060 4060
3328 1777561073 3547 3692 3664 378 3578 3621 3622 3590 4061 4061 4060 4060 4060 4060 4060 4060
3329 1777561073 3546 3690 3662 377 3576 3620 3621 3589 4063 4063 4062 4062 4062 4062 4062 4062
3330 1777561073 3546 3691 3663 377 3577 3620 3621 3589 4061 4061 4061 4061 4061 4061 4061 4061
3331 1777561073 3548 3692 3664 377 3578 3622 3622 3591 4061 4061 4060 4060 4060 4060 4060 4060
3332 1777561073 3546 3691 3663 378 3577 3621 3622 3589 4063 4061 4061 4061 4061 4061 4061 4061
3333 1777561073 3548 3692 3664 377 3578 3622 3622 3590 4061 4061 4061 4061 4061 4061 4061 4061
3334 1777561073 3547 3691 3663 378 3578 3621 3622 3590 4061 4061 4061 4061 4061 4061 4061 4061
3335 1777561073 3547 3691 3663 377 3577 3621 3622 3590 4061 4061 4061 4061 4061 4061 4061 4061
3336 1777561073 3547 3692 3664 378 3577 3622 3622 3590 4061 4061 4061 4061 4061 4061 4061 4061
3337 1777561073 3548 3692 3664 377 3578 3621 3622 3590 4063 4061 4061 4061 4061 4061 4061 4061
3338 1777561073 3547 3692 3663 377 3577 3621 3621 3590 4061 4061 4061 4061 4061 4061 4061 4061
3339 1777561073 3546 3691 3663 377 3578 3621 3622 3589 4061 4061 4061 4061 4061 4061 4061 4061
3340 1777561073 3546 3691 3663 378 3577 3620 3621 3589 4059 4059 4059 4059 4059 4059 4059 4059
3341 1777561073 3546 3690 3663 377 3577 3620 3620 3589 4061 4061 4060 4060 4060 4060 4060 4060
3342 1777561073 3547 3691 3663 378 3577 3620 3621 3589 4061 4061 4060 4060 4060 4060 4060 4060
3343 1777561073 3547 3691 3663 377 3578 3621 3622 3590 4061 4061 4061 4061 4061 4061 4061 4061
3344 1777561073 3546 3691 3663 377 3577 3621 3621 3589 4061 4061 4060 4060 4060 4060 4060 4060
3345 1777561073 3546 3691 3663 377 3577 3621 3621 3590 4063 4061 4061 4061 4061 4061 4061 4061
3346 1777561073 3546 3691 3664 377 3578 3621 3621 3590 4061 4061 4060 4060 4060 4060 4060 4060
3347 1777561073 3547 3692 3663 377 3578 3621 3622 3590 4061 4061 4060 4060 4060 4060 4060 4060
3348 1777561073 3547 3691 3664 377 3577 3621 3622 3590 4061 4061 4061 4061 4061 4061 4061 4061
3349 1777561073 3546 3691 3663 377 3577 3621 3621 3590 4061 4061 4061 4061 4061 4061 4061 4061
3350 1777561073 3547 3691 3664 378 3577 3621 3622 3590 4061 4061 4061 4061 4061 4061 4061 4061
3351 1777561073 3547 3691 3663 378 3578 3621 3622 3590 4061 4061 4060 4060 4060 4060 4060 4060
3352 1777561073 3547 3691 3663 378 3577 3621 3622 3589 4061 4061 4061 4061 4061 4061 4061 4061
3353 1777561073 3547 3691 3663 378 3578 3622 3622 3590 4061 4061 4061 4061 4061 4061 4061 4061
3354 1777561073 3547 3691 3664 377 3577 3621 3621 3589 4061 4061 4060 4060 4060 4060 4060 4060
3355 1777561073 3547 3692 3664 378 3578 3622 3622 3590 4061 4061 4061 4061 4061 4061 4061 4061
3356 1777561073 3547 3691 3664 377 3578 3622 3622 3590 4061 4061 4060 4060 4060 4060 4060 4060
3357 1777561073 3547 3691 3664 377 3578 3621 3622 3589 4061 4060 4060 4060 4060 4060 4060 4060
3358 1777561073 3547 3692 3664 377 3578 3621 3622 3590 4063 4063 4062 4062 4062 4062 4062 4062
3359 1777561073 3547 3691 3663 378 3578 3622 3622 3590 4063 4063 4062 4062 4062 4062 4062 4062
3360 1777561073 3547 3691 3663 378 3577 3621 3622 3590 4061 4061 4061 4061 4061 4061 4061 4061
3361 1777561073 3547 3691 3664 377 3578 3621 3622 3590 4061 4061 4060 4060 4060 4060 4060 4060
3362 1777561073 3547 3692 3664 377 3578 3622 3622 3591 4061 4061 4061 4061 4061 4061 4061 4061
3363 1777561073 3547 3691 3663 377 3578 3621 3622 3590 4061 4061 4060 4060 4060 4060 4060 4060
3364 1777561073 3546 3691 3663 378 3577 3621 3622 3590 4061 4061 4061 4061 4061 4061 4061 4061
3365 1777561073 3546 3690 3663 377 3577 3621 3621 3589 4061 4060 4060 4060 4060 4060 4060 4060
3366 1777561073 3547 3692 3664 378 3579 3622 3623 3591 4061 4061 4060 4060 4060 4060 4060 4060
3367 1777561073 3546 3690 3663 377 3577 3621 3621 3590 4061 4060 4060 4060 4060 4060 4060 4060
3368 1777561073 3546 3691 3663 378 3577 3621 3621 3590 4063 4061 4061 4061 4061 4061 4061 4061
3369 1777561073 3548 3692 3664 377 3578 3622 3622 3591 4063 4063 4062 4062 4062 4062 4062 4062
3370 1777561073 3546 3691 3663 378 3578 3622 3622 3590 4061 4061 4061 4061 4061 4061 4061 4061
3371 1777561073 3547 3691 3663 378 3578 3622 3623 3590 4061 4061 4061 4061 4061 4061 4061 4061
3372 1777561073 3547 3691 3663 378 3577 3621 3622 3590 4061 4061 4061 4061 4061 4061 4061 4061
3373 1777561073 3547 3691 3664 377 3578 3621 3622 3590 4059 4059 4059 4059 4059 4059 4059 4059
3374 1777561073 3547 3692 3663 378 3578 3621 3622 3589 4061 4061 4060 4060 4060 4060 4060 4060
3375 1777561073 3548 3692 3664 378 3578 3622 3623 3591 4061 4061 4060 4060 4060 4060 4060 4060
3376 1777561073 3546 3691 3663 378 3577 3621 3622 3590 4061 4061 4060 4060 4060 4060 4060 4060
3377 1777561073 3547 3692 3664 378 3578 3622 3622 3590 4059 4058 4058 4058 4058 4058 4058 4058
3378 1777561073 3547 3692 3664 378 3579 3622 3623 3591 4061 4061 4060 4060 4060 4060 4060 4060
3379 1777561073 3548 3692 3664 379 3578 3622 3623 3591 4059 4059 4059 4059 4059 4059 4059 4059
3380 1777561073 3547 3691 3664 378 3578 3622 3622 3590 4061 4061 4061 4061 4061 4061 4061 4061
3381 1777561073 3547 3691 3664 378 3578 3622 3622 3590 4063 4063 4062 4062 4062 4062 4062 4062
3382 1777561073 3547 3692 3663 378 3577 3621 3622 3590 4061 4061 4061 4061 4061 4061 4061 4061
3383 1777561073 3547 3692 3664 379 3578 3622 3622 3590 4061 4061 4061 4061 4061 4061 4061 4061
3384 1777561073 3547 3692 3664 378 3577 3622 3622 3590 4061 4061 4060 4060 4060 4060 4060 4060
3385 1777561073 3546 3691 3663 377 3576 3620 3621 3589 4061 4061 4061 4061 4061 4061 4061 4061
3386 1777561073 3547 3691 3664 377 3578 3621 3621 3590 4061 4061 4061 4061 4061 4061 4061 4061
3387 1777561073 3547 3691 3664 378 3578 3622 3622 3590 4061 4061 4061 4061 4061 4061 4061 4061
3388 1777561073 3547 3692 3664 377 3577 3621 3622 3590 4061 4061 4060 4060 4060 4060 4060 4060
3389 1777561073 3547 3691 419 377 3578 3621 3622 3591 4061 4061 4061 4061 4061 4061 4061 4061
3390 1777561073 3547 3691 3664 378 3578 3622 3622 3590 4061 4061 4060 4060 4060 4060 4060 4060
3391 1777561073 3547 3692 3664 377 3578 3621 3622 3590 4061 4061 4061 4061 4061 4061 4061 4061
3392 1777561073 3548 3692 3664 378 3577 3621 3622 3590 4063 4063 4062 4062 4062 4062 4062 4062
3393 1777561073 3547 3691 3663 378 3578 3621 3622 3590 4061 4061 4061 4061 4061 4061 4061 4061
3394 1777561073 3548 3692 3664 378 3578 3621 3622 3590 4061 4061 4061 4061 4061 4061 4061 4061
3395 1777561073 3547 3692 3664 377 3578 3621 3622 3590 4061 4061 4061 4061 4061 4061 4061 4061
3396 1777561073 3546 3692 3664 378 3578 3621 3622 3590 4061 4061 4061 4061 4061 4061 4061 4061
3397 1777561073 3546 3691 3663 378 3577 3621 3621 3589 4061 4061 4060 4060 4060 4060 4060 4060
3398 1777561073 3548 3692 3664 378 3579 3622 3623 3590 4061 4061 4060 4060 4060 4060 4060 4060
3399 1777561073 3548 3692 3664 378 3578 3622 3623 3590 4063 4063 4062 4062 4062 4062 4062 4062
3400 1777561073 3547 3691 3664 378 3577 3622 3622 3590 4061 4061 4061 4061 4061 4061 4061 4061
3401 1777561073 3548 3692 3664 377 3578 3622 3622 3591 4063 4063 4062 4062 4062 4062 4062 4062
3402 1777561073 3547 3691 3664 378 3578 3622 3622 3591 4061 4061 4061 4061 4061 4061 4061 4061
3403 1777561074 3547 3691 3663 378 3578 3621 3622 3590 4061 4061 4060 4060 4060 4060 4060 4060
3404 1777561074 3547 3691 3663 378 3577 3621 3622 3590 4061 4061 4060 4060 4060 4060 4060 4060
3405 1777561074 3548 3692 3664 378 3578 3622 3622 3591 4061 4061 4061 4061 4061 4061 4061 4061
3406 1777561074 3547 3691 3663 378 3578 3622 3622 3590 4061 4061 4060 4060 4060 4060 4060 4060
3407 1777561074 3546 3691 3663 378 3577 3621 3621 3589 4063 4063 4062 4062 4062 4062 4062 4062
3408 1777561074 3547 3691 3663 378 3577 3621 3622 3590 4061 4061 4060 4060 4060 4060 4060 4060
3409 1777561074 3548 3693 3665 377 3580 3623 3623 3591 4061 4061 4061 4061 4061 4061 4061 4061
3410 1777561074 3547 3692 3664 378 3578 3622 3622 3590 4061 4061 4060 4060 4060 4060 4060 4060
3411 1777561074 3547 3691 3664 378 3578 3622 3622 3590 4061 4061 4061 4061 4061 4061 4061 4061
3412 1777561074 3547 3692 3664 378 3578 3622 3622 3590 4061 4061 4061 4061 4061 4061 4061 4061
3413 1777561074 3547 3692 3663 378 3578 3621 3622 3590 4061 4061 4061 4061 4061 4061 4061 4061
3414 1777561074 3548 3692 3664 378 3579 3622 3623 3591 4061 4061 4060 4060 4060 4060 4060 4060
3415 1777561074 3548 3692 3664 379 3578 3622 3623 3591 4063 4061 4061 4061 4061 4061 4061 4061
3416 1777561074 3548 3692 3665 378 3578 3621 3622 3590 4061 4061 4060 4060 4060 4060 4060 4060
3417 1777561074 3549 3694 3665 378 3580 3623 3624 3592 4061 4061 4060 4060 4060 4060 4060 4060
3418 1777561074 3547 3692 3664 378 3578 3621 3622 3590 4061 4061 4061 4061 4061 4061 4061 4061
3419 1777561074 3547 3691 3663 378 3578 3622 3623 3591 4061 4060 4060 4060 4060 4060 4060 4060
3420 1777561074 3548 3692 3664 378 3578 3622 3623 3591 4061 4061 4061 4061 4061 4061 4061 4061
3421 1777561074 3548 3693 3665 378 3579 3623 3623 3591 4063 4061 4061 4061 4061 4061 4061 4061
3422 1777561074 3547 3692 3664 378 3578 3621 3622 3590 4061 4060 4060 4060 4060 4060 4060 4060
3423 1777561074 3548 3693 3665 378 3578 3622 3622 3590 4061 4061 4061 4061 4061 4061 4061 4061
3424 1777561074 3547 3691 3664 378 3577 3621 3622 3590 4061 4061 4060 4060 4060 4060 4060 4060
3425 1777561074 3547 3692 3664 378 3578 3622 3622 3590 4061 4061 4061 4061 4061 4061 4061 4061
3426 1777561074 3547 3692 3664 378 3579 3623 3623 3591 4061 4061 4061 4061 4061 4061 4061 4061
3427 1777561074 3547 3692 3664 378 3578 3622 3623 3591 4061 4061 4061 4061 4061 4061 4061 4061
3428 1777561074 3548 3692 3665 378 3578 3622 3622 3590 4061 4061 4060 4060 4060 4060 4060 4060
3429 1777561074 3547 3692 3664 378 3578 3621 3622 3590 4061 4061 4061 4061 4061 4061 4061 4061
3430 1777561074 3547 3692 3664 378 3579 3622 3623 3591 4061 4061 4060 4060 4060 4060 4060 4060
3431 1777561074 3548 3692 3664 378 3578 3622 3622 3590 4061 4061 4060 4060 4060 4060 4060 4060
3432 1777561074 3548 3692 3665 378 3579 3622 3623 3591 4061 4061 4061 4061 4061 4061 4061 4061
3433 1777561074 3547 3692 3665 378 3578 3622 3623 3590 4061 4061 4061 4061 4061 4061 4061 4061
3434 1777561074 3547 3691 3663 378 3577 3621 3622 3590 4063 4061 4061 4061 4061 4061 4061 4061
3435 1777561074 3547 3692 3664 378 3578 3622 3623 3591 4061 4061 4061 4061 4061 4061 4061 4061
3436 1777561074 3548 3693 3665 378 3578 3622 3622 3591 4061 4061 4060 4060 4060 4060 4060 4060
3437 1777561074 3547 3692 3664 378 3578 3621 3622 3590 4061 4061 4061 4061 4061 4061 4061 4061
3438 1777561074 3548 3692 3664 378 3578 3622 3623 3590 4061 4061 4060 4060 4060 4060 4060 4060
3439 1777561074 3548 3693 3666 378 3580 3623 3623 3591 4063 4063 4062 4062 4062 4062 4062 4062
3440 1777561074 3547 3692 3664 378 3577 3622 3622 3590 4063 4063 4062 4062 4062 4062 4062 4062
3441 1777561074 3548 3692 3664 378 3579 3622 3623 3591 4061 4061 4060 4060 4060 4060 4060 4060
3442 1777561074 3548 3692 3665 378 3579 3622 3623 3591 4063 4063 4062 4062 4062 4062 4062 4062
3443 1777561074 3548 3692 3664 378 3578 3622 3622 3591 4061 4061 4060 4060 4060 4060 4060 4060
3444 1777561074 3547 3692 3663 378 3577 3622 3622 3591 4061 4061 4061 4061 4061 4061 4061 4061
3445 1777561074 3548 3692 3664 381 3578 3622 3622 3591 4061 4061 4061 4061 4061 4061 4061 4061
3446 1777561074 3548 3692 3664 380 3579 3623 3623 3591 4061 4061 4060 4060 4060 4060 4060 4060
3447 1777561074 3547 3692 3664 379 3578 3622 3622 3591 4061 4061 4061 4061 4061 4061 4061 4061
3448 1777561074 3548 3693 3665 378 3577 3622 3623 3590 4061 4061 4060 4060 4060 4060 4060 4060
3449 1777561074 3547 3692 3664 378 3578 3622 3623 3591 4061 4061 4061 4061 4061 4061 4061 4061
3450 1777561074 3548 3693 3665 378 3579 3622 3623 3591 4059 4059 4059 4059 4059 4059 4059 4059
3451 1777561074 3548 3692 3664 378 3578 3622 3623 3591 4061 4061 4060 4060 4060 4060 4060 4060
3452 1777561074 3547 3692 3664 378 3579 3622 3622 3591 4061 4061 4061 4061 4061 4061 4061 4061
3453 1777561074 3547 3692 3665 378 3579 3622 3623 3591 4061 4061 4060 4060 4060 4060 4060 4060
3454 1777561074 3548 3693 3665 378 3579 3623 3623 3591 4061 4061 4061 4061 4061 4061 4061 4061
3455 1777561074 3547 3692 3664 378 3578 3622 3622 3591 4061 4061 4061 4061 4061 4061 4061 4061
3456 1777561074 3547 3691 3664 378 3579 3622 3623 3591 4061 4061 4060 4060 4060 4060 4060 4060
3457 1777561074 3547 3692 3664 378 3578 3622 3622 3591 4061 4061 4060 4060 4060 4060 4060 4060
3458 1777561074 3548 3692 3664 378 3579 3622 3622 3590 4061 4061 4061 4061 4061 4061 4061 4061
3459 1777561074 3548 3693 3665 379 3579 3623 3623 3591 4061 4061 4061 4061 4061 4061 4061 4061
3460 1777561074 3548 3692 3664 379 3579 3623 3623 3591 4061 4061 4061 4061 4061 4061 4061 4061
3461 1777561074 3547 3693 3664 378 3578 3621 3622 3590 4061 4061 4060 4060 4060 4060 4060 4060
3462 1777561074 3548 3692 3664 378 3578 3622 3623 3591 4061 4061 4061 4061 4061 4061 4061 4061
3463 1777561074 3548 3692 3664 379 3578 3623 3623 3591 4061 4060 4060 4060 4060 4060 4060 4060
3464 1777561074 3547 3692 3664 378 3577 3621 3622 3590 4061 4061 4060 4060 4060 4060 4060 4060
3465 1777561074 3548 3692 3664 379 3578 3622 3623 3590 4061 4061 4060 4060 4060 4060 4060 4060
3466 1777561074 3546 3691 3663 378 3577 3621 3622 3590 4061 4061 4061 4061 4061 4061 4061 4061
3467 1777561074 3547 3691 3663 378 3578 3622 3623 3590 4061 4061 4061 4061 4061 4061 4061 4061
3468 1777561074 3547 3692 3664 378 3578 3622 3622 3590 4063 4061 4061 4061 4061 4061 4061 4061
3469 1777561074 3549 3693 3665 379 3579 3623 3624 3592 4061 4061 4060 4060 4060 4060 4060 4060
3470 1777561074 3547 3692 3664 378 3578 3622 3622 3590 4061 4061 4060 4060 4060 4060 4060 4060
3471 1777561074 3547 3692 3665 379 3579 3623 3623 3591 4061 4061 4061 4061 4061 4061 4061 4061
3472 1777561074 3548 3693 3664 379 3578 3621 3623 3590 4061 4061 4061 4061 4061 4061 4061 4061
3473 1777561074 3547 3692 3665 379 3578 3622 3622 3590 4061 4061 4061 4061 4061 4061 4061 4061
3474 1777561074 3548 3692 3664 378 3579 3622 3623 3590 4061 4061 4060 4060 4060 4060 4060 4060
3475 1777561074 3549 3693 3665 378 3578 3622 3623 3591 4061 4061 4061 4061 4061 4061 4061 4061
3476 1777561074 3547 3692 3664 378 3578 3622 3623 3591 4063 4063 4062 4062 4062 4062 4062 4062
3477 1777561074 3548 3693 3664 379 3579 3622 3622 3590 4061 4061 4061 4061 4061 4061 4061 4061
3478 1777561075 3548 3693 3665 379 3579 3623 3624 3592 4061 4061 4061 4061 4061 4061 4061 4061
3479 1777561075 3548 3693 3665 379 3578 3623 3623 3591 4063 4063 4062 4062 4062 4062 4062 4062
3480 1777561075 3547 3692 3664 378 3579 3622 3623 3591 4061 4061 4061 4061 4061 4061 4061 4061
3481 1777561075 3548 3692 3664 379 3578 3622 3623 3591 4061 4061 4061 4061 4061 4061 4061 4061
3482 1777561075 3547 3692 3664 379 3578 3622 3623 3591 4061 4061 4061 4061 4061 4061 4061 4061
3483 1777561075 3547 3691 3664 379 3578 3622 3622 3591 4061 4061 4060 4060 4060 4060 4060 4060
3484 1777561075 3547 3691 3663 378 3578 3622 3622 3591 4061 4061 4060 4060 4060 4060 4060 4060
3485 1777561075 3547 3691 3664 379 3578 3621 3621 3590 4061 4061 4061 4061 4061 4061 4061 4061
3486 1777561075 3548 3692 3664 378 3579 3622 3623 3591 4061 4061 4060 4060 4060 4060 4060 4060
3487 1777561075 3548 3693 3665 378 3578 3623 3623 3591 4061 4061 4061 4061 4061 4061 4061 4061
3488 1777561075 3547 3691 3664 378 3578 3622 3622 3591 4061 4061 4061 4061 4061 4061 4061 4061
3489 1777561075 3548 3693 3665 378 3579 3623 3623 3591 4061 4061 4061 4061 4061 4061 4061 4061
3490 1777561075 3547 3692 3665 379 3579 3622 3623 3591 4061 4061 4060 4060 4060 4060 4060 4060
3491 1777561075 3548 3693 3665 379 3579 3622 3623 3591 4061 4061 4061 4061 4061 4061 4061 4061
3492 1777561075 3547 3692 3664 378 3578 3622 3622 3590 4063 4061 4061 4061 4061 4061 4061 4061
3493 1777561075 3549 3693 3665 378 3579 3622 3623 3591 4061 4061 4061 4061 4061 4061 4061 4061
3494 1777561075 3548 3692 3665 379 3579 3622 3623 3591 4061 4061 4060 4060 4060 4060 4060 4060
3495 1777561075 3548 3693 3665 379 3578 3623 3623 3591 4061 4061 4061 4061 4061 4061 4061 4061
3496 1777561075 3547 3692 3664 378 3579 3622 3623 3590 4061 4061 4061 4061 4061 4061 4061 4061
3497 1777561075 3548 3693 3665 379 3579 3623 3624 3592 4061 4061 4061 4061 4061 4061 4061 4061
3498 1777561075 3548 3693 3665 378 3579 3622 3623 3591 4061 4061 4060 4060 4060 4060 4060 4060
3499 1777561075 3548 3693 3665 378 3579 3623 3623 3591 4061 4061 4060 4060 4060 4060 4060 4060
3500 1777561075 3548 3693 3665 378 3579 3622 3623 3591 4063 4063 4062 4062 4062 4062 4062 4062
3501 1777561075 3548 3693 3665 379 3580 3623 3624 3592 4063 4063 4062 4062 4062 4062 4062 4062
3502 1777561075 3548 3692 3664 379 3579 3622 3623 3591 4061 4061 4061 4061 4061 4061 4061 4061
3503 1777561075 3549 3693 3665 379 3580 3623 3624 3592 4061 4061 4061 4061 4061 4061 4061 4061
3504 1777561075 3548 3693 3665 378 3579 3623 3624 3592 4061 4061 4061 4061 4061 4061 4061 4061
3505 1777561075 3548 3693 3665 379 3578 3622 3623 3591 4061 4061 4061 4061 4061 4061 4061 4061
3506 1777561075 3547 3692 3663 379 3578 3621 3623 3590 4061 4061 4061 4061 4061 4061 4061 4061
3507 1777561075 3548 3693 3665 379 3578 3622 3623 3591 4061 4061 4060 4060 4060 4060 4060 4060
3508 1777561075 3548 3692 3665 379 3579 3623 3623 3591 4061 4061 4061 4061 4061 4061 4061 4061
3509 1777561075 3548 3693 3665 379 3579 3623 3623 3592 4061 4061 4060 4060 4060 4060 4060 4060
3510 1777561075 3547 3692 3664 380 3579 3622 3623 3591 4061 4061 4060 4060 4060 4060 4060 4060
3511 1777561075 3548 3693 3665 379 3578 3623 3623 3591 4061 4061 4060 4060 4060 4060 4060 4060
3512 1777561075 3549 3694 3666 378 3580 3624 3624 3592 4061 4061 4060 4060 4060 4060 4060 4060
3513 1777561075 3547 3692 3664 379 3578 3621 3622 3590 4061 4061 4061 4061 4061 4061 4061 4061
3514 1777561075 3549 3694 3665 378 3579 3623 3624 3592 4061 4061 4060 4060 4060 4060 4060 4060
3515 1777561075 3547 3692 3665 379 3578 3622 3623 3591 4061 4061 4061 4061 4061 4061 4061 4061
3516 1777561075 3548 3693 3665 378 3579 3622 3623 3591 4061 4061 4060 4060 4060 4060 4060 4060
3517 1777561075 3548 3693 3665 379 3580 3623 3624 3592 4061 4061 4061 4061 4061 4061 4061 4061
3518 1777561075 3547 3692 3664 378 3579 3623 3623 3591 4063 4061 4061 4061 4061 4061 4061 4061
3519 1777561075 3547 3692 3665 379 3578 3623 3623 3591 4061 4061 4060 4060 4060 4060 4060 4060
3520 1777561075 3548 3693 3665 379 3579 3623 3623 3591 4061 4061 4060 4060 4060 4060 4060 4060
3521 1777561075 3548 3692 3665 379 3578 3622 3622 3591 4061 4061 4061 4061 4061 4061 4061 4061
3522 1777561075 3549 3693 3665 379 3579 3623 3624 3592 4061 4061 4061 4061 4061 4061 4061 4061
3523 1777561075 3548 3693 3665 379 3578 3622 3623 3591 4061 4061 4061 4061 4061 4061 4061 4061
3524 1777561075 3548 3693 3664 380 3579 3622 3624 3592 4061 4061 4061 4061 4061 4061 4061 4061
3525 1777561075 3548 3692 3664 379 3578 3622 3622 3590 4061 4061 4060 4060 4060 4060 4060 4060
3526 1777561075 3548 3693 3665 380 3579 3623 3623 3592 4061 4061 4061 4061 4061 4061 4061 4061
3527 1777561075 3548 3692 3665 379 3578 3622 3623 3591 4061 4061 4061 4061 4061 4061 4061 4061
3528 1777561075 3548 3692 3664 379 3578 3622 3622 3591 4061 4061 4061 4061 4061 4061 4061 4061
3529 1777561075 3549 3694 3666 378 3580 3624 3624 3592 4061 4061 4061 4061 4061 4061 4061 4061
3530 1777561075 3549 3693 3666 379 3579 3624 3624 3592 4061 4061 4060 4060 4060 4060 4060 4060
3531 1777561075 3549 3693 3665 379 3579 3623 3623 3591 4061 4061 4061 4061 4061 4061 4061 4061
3532 1777561075 3549 3693 3665 378 3579 3623 3623 3591 4061 4061 4061 4061 4061 4061 4061 4061
3533 1777561075 3549 3693 3666 379 3579 3623 3624 3592 4061 4061 4060 4060 4060 4060 4060 4060
3534 1777561075 3549 3694 3665 378 3579 3623 3624 3591 4061 4061 4061 4061 4061 4061 4061 4061
3535 1777561075 3549 3694 3665 379 3579 3623 3624 3592 4061 4061 4061 4061 4061 4061 4061 4061
3536 1777561075 3548 3693 3664 379 3578 3623 3623 3591 4061 4061 4060 4060 4060 4060 4060 4060
3537 1777561075 3548 3693 3665 379 3579 3623 3624 3591 4061 4061 4060 4060 4060 4060 4060 4060
3538 1777561075 3550 3694 3667 379 3581 3624 3624 3593 4061 4061 4061 4061 4061 4061 4061 4061
3539 1777561075 3548 3693 3665 379 3579 3623 3623 3591 4061 4061 4060 4060 4060 4060 4060 4060
3540 1777561075 3549 3693 3665 379 3579 3623 3623 3591 4063 4063 4062 4062 4062 4062 4062 4062
3541 1777561075 3549 3693 3665 379 3580 3624 3624 3593 4061 4061 4061 4061 4061 4061 4061 4061
3542 1777561075 3548 3692 3664 380 3578 3622 3623 3591 4061 4061 4061 4061 4061 4061 4061 4061
3543 1777561075 3548 3693 3665 379 3578 3623 3623 3591 4061 4061 4061 4061 4061 4061 4061 4061
3544 1777561075 3548 3692 3664 379 3577 3622 3623 3591 4061 4061 4061 4061 4061 4061 4061 4061
3545 1777561075 3548 3693 3665 379 3579 3622 3623 3592 4061 4061 4060 4060 4060 4060 4060 4060
3546 1777561075 3549 3693 3665 379 3579 3623 3623 3592 4061 4061 4060 4060 4060 4060 4060 4060
3547 1777561075 3548 3692 3665 379 3579 3623 3623 3592 4061 4061 4061 4061 4061 4061 4061 4061
3548 1777561075 3548 3692 3665 378 3579 3623 3623 3591 4061 4061 4060 4060 4060 4060 4060 4060
3549 1777561075 3548 3693 3665 379 3579 3622 3623 3592 4061 4061 4060 4060 4060 4060 4060 4060
3550 1777561075 3548 3693 3666 380 3579 3623 3624 3592 4061 4061 4060 4060 4060 4060 4060 4060
3551 1777561075 3548 3692 3664 379 3579 3623 3623 3591 4061 4061 4061 4061 4061 4061 4061 4061
3552 1777561075 3548 3693 3664 379 3579 3623 3623 3592 4063 4063 4062 4062 4062 4062 4062 4062
3553 1777561075 3549 3693 3665 379 3579 3623 3624 3592 4061 4061 4061 4061 4061 4061 4061 4061
3554 1777561075 3548 3692 3664 379 3579 3622 3623 3591 4061 4061 4061 4061 4061 4061 4061 4061
3555 1777561075 3549 3693 3666 379 3580 3623 3624 3592 4061 4061 4061 4061 4061 4061 4061 4061
3556 1777561075 3548 3693 3665 379 3579 3623 3623 3592 4061 4061 4061 4061 4061 4061 4061 4061
3557 1777561075 3548 3693 3665 379 3579 3623 3623 3591 4061 4061 4061 4061 4061 4061 4061 4061
3558 1777561076 3548 3693 3665 378 3579 3623 3623 3591 4063 4061 4061 4061 4061 4061 4061 4061
3559 1777561076 3549 3693 3665 379 3580 3623 3624 3591 4061 4061 4061 4061 4061 4061 4061 4061
3560 1777561076 3548 3693 3665 378 3579 3622 3623 3591 4061 4061 4060 4060 4060 4060 4060 4060
3561 1777561076 3550 3695 3667 379 3580 3624 3625 3593 4061 4061 4060 4060 4060 4060 4060 4060
3562 1777561076 3549 3694 3666 379 3579 3623 3624 3592 4063 4063 4062 4062 4062 4062 4062 4062
3563 1777561076 3549 3693 3665 379 3579 3622 3623 3591 4063 4062 4062 4062 4062 4062 4062 4062
3564 1777561076 3550 3694 3666 379 3581 3624 3625 3593 4061 4061 4061 4061 4061 4061 4061 4061
3565 1777561076 3548 3693 3665 379 3579 3623 3623 3591 4061 4061 4061 4061 4061 4061 4061 4061
3566 1777561076 3548 3693 3665 379 3579 3623 3623 3591 4061 4061 4061 4061 4061 4061 4061 4061
3567 1777561076 3549 3694 3666 379 3580 3624 3624 3592 4061 4061 4061 4061 4061 4061 4061 4061
3568 1777561076 3549 3694 3666 379 3579 3623 3624 3592 4061 4061 4060 4060 4060 4060 4060 4060
3569 1777561076 3548 3693 3664 379 3578 3621 3622 3591 4063 4061 4061 4061 4061 4061 4061 4061
3570 1777561076 3547 3692 3664 377 3578 3622 3622 3590 4061 4061 4061 4061 4061 4061 4061 4061
3571 1777561076 3547 3691 3664 377 3577 3621 3621 3589 4061 4061 4061 4061 4061 4061 4061 4061
3572 1777561076 3548 3692 3664 377 3578 3622 3622 3590 4063 4063 4062 4062 4062 4062 4062 4062
3573 1777561076 3547 3692 3664 377 3578 3622 3623 3591 4061 4061 4061 4061 4061 4061 4061 4061
3574 1777561076 3545 3690 3662 377 3576 3620 3621 3589 4061 4060 4060 4060 4060 4060 4060 4060
3575 1777561076 3547 3691 3663 377 3578 3621 3622 3590 4061 4061 4061 4061 4061 4061 4061 4061
3576 1777561076 3547 3691 3663 378 3577 3621 3621 3589 4061 4061 4060 4060 4060 4060 4060 4060
3577 1777561076 3547 3691 3663 377 3576 3621 3622 3589 4061 4061 4061 4061 4061 4061 4061 4061
3578 1777561076 3546 3690 3662 377 3575 3620 3621 3589 4061 4061 4061 4061 4061 4061 4061 4061
3579 1777561076 3547 3692 3664 377 3578 3622 3622 3591 4061 4061 4061 4061 4061 4061 4061 4061
3580 1777561076 3546 3691 3663 377 3577 3621 3621 3589 4061 4061 4060 4060 4060 4060 4060 4060
3581 1777561076 3548 3692 3664 377 3578 3622 3622 3591 4061 4061 4061 4061 4061 4061 4061 4061
3582 1777561076 3546 3691 3663 377 3577 3621 3621 3589 4061 4060 4060 4060 4060 4060 4060 4060
3583 1777561076 3547 3692 3664 377 3578 3621 3622 3590 4059 4059 4059 4059 4059 4059 4059 4059
3584 1777561076 3547 3692 3664 378 3577 3621 3622 3590 4061 4061 4060 4060 4060 4060 4060 4060
3585 1777561076 3546 3690 3663 378 3576 3620 3621 3589 4061 4061 4061 4061 4061 4061 4061 4061
3586 1777561076 3547 3691 3663 377 3577 3621 3621 3590 4061 4061 4061 4061 4061 4061 4061 4061
3587 1777561076 3547 3692 3663 377 3578 3621 3621 3590 4061 4061 4061 4061 4061 4061 4061 4061
3588 1777561076 3547 3691 3663 378 3577 3621 3622 3590 4061 4061 4061 4061 4061 4061 4061 4061
3589 1777561076 3547 3692 3664 377 3578 3621 3622 3590 4061 4061 4061 4061 4061 4061 4061 4061
3590 1777561076 3547 3691 3663 377 3577 3621 3621 3589 4061 4061 4061 4061 4061 4061 4061 4061
3591 1777561076 3547 3691 3663 377 3578 3622 3622 3590 4061 4061 4061 4061 4061 4061 4061 4061
3592 1777561076 3546 3691 3663 378 3577 3621 3622 3589 4061 4060 4060 4060 4060 4060 4060 4060
3593 1777561076 3546 3691 3663 377 3576 3621 3621 3589 4061 4061 4061 4061 4061 4061 4061 4061
3594 1777561076 3547 3691 3663 378 3577 3622 3622 3590 4061 4061 4061 4061 4061 4061 4061 4061
3595 1777561076 3546 3691 3663 377 3577 3621 3621 3589 4061 4061 4061 4061 4061 4061 4061 4061
3596 1777561076 3547 3692 3663 377 3578 3621 3621 3590 4061 4061 4061 4061 4061 4061 4061 4061
3597 1777561076 3547 3692 3664 377 3577 3621 3622 3590 4061 4061 4061 4061 4061 4061 4061 4061
3598 1777561076 3546 3691 3664 377 3578 3622 3622 3590 4061 4061 4061 4061 4061 4061 4061 4061
3599 1777561076 3547 3692 3664 378 3577 3620 3622 3589 4061 4061 4060 4060 4060 4060 4060 4060
3600 1777561076 3547 3692 3664 378 3577 3621 3622 3590 4061 4061 4061 4061 4061 4061 4061 4061
3601 1777561076 3547 3691 3663 377 3578 3621 3621 3590 4061 4061 4061 4061 4061 4061 4061 4061
3602 1777561076 3546 3690 3663 377 3577 3620 3621 3590 4061 4061 4061 4061 4061 4061 4061 4061
3603 1777561076 3547 3691 3664 377 3578 3621 3622 3590 4061 4061 4060 4060 4060 4060 4060 4060
3604 1777561076 3546 3691 3664 378 3577 3621 3621 3590 4061 4061 4060 4060 4060 4060 4060 4060
3605 1777561076 3547 3692 3664 378 3578 3622 3622 3591 4061 4061 4061 4061 4061 4061 4061 4061
3606 1777561076 3547 3692 3664 378 3579 3622 3622 3590 4061 4061 4061 4061 4061 4061 4061 4061
3607 1777561076 3547 3691 3663 377 3577 3621 3621 3589 4061 4061 4061 4061 4061 4061 4061 4061
3608 1777561076 3546 3691 3663 378 3577 3621 3622 3590 4063 4063 4062 4062 4062 4062 4062 4062
3609 1777561076 3547 3691 3664 377 3578 3621 3622 3590 4061 4061 4061 4061 4061 4061 4061 4061
3610 1777561076 3547 3691 3663 378 3577 3621 3622 3590 4063 4063 4062 4062 4062 4062 4062 4062
3611 1777561076 3547 3691 3663 377 3578 3621 3622 3590 4061 4061 4061 4061 4061 4061 4061 4061
3612 1777561076 3548 3692 3664 377 3578 3621 3622 3590 4061 4061 4061 4061 4061 4061 4061 4061
3613 1777561076 3547 3691 3663 377 3577 3621 3622 3590 4063 4061 4061 4061 4061 4061 4061 4061
3614 1777561076 3548 3692 3664 378 3578 3622 3623 3591 4061 4061 4060 4060 4060 4060 4060 4060
3615 1777561076 3546 3691 3663 377 3578 3622 3622 3590 4061 4061 4060 4060 4060 4060 4060 4060
3616 1777561076 3547 3692 3664 377 3577 3622 3622 3590 4061 4061 4060 4060 4060 4060 4060 4060
3617 1777561076 3547 3691 3663 377 3578 3621 3622 3590 4061 4061 4060 4060 4060 4060 4060 4060
3618 1777561076 3548 3692 3664 378 3578 3621 3622 3590 4061 4061 4061 4061 4061 4061 4061 4061
3619 1777561076 3547 3691 3663 378 3577 3621 3621 3590 4061 4061 4060 4060 4060 4060 4060 4060
3620 1777561076 3549 3693 3665 378 3579 3623 3623 3591 4061 4060 4060 4060 4060 4060 4060 4060
3621 1777561076 3547 3692 3664 377 3578 3621 3621 3590 4061 4061 4060 4060 4060 4060 4060 4060
3622 1777561076 3547 3691 3664 378 3578 3622 3623 3590 4061 4061 4061 4061 4061 4061 4061 4061
3623 1777561076 3547 3692 3664 378 3578 3621 3622 3590 4061 4061 4060 4060 4060 4060 4060 4060
3624 1777561076 3547 3691 3663 378 3577 3621 3622 3589 4061 4061 4060 4060 4060 4060 4060 4060
3625 1777561076 3547 3692 3664 377 3578 3621 3622 3590 4061 4061 4061 4061 4061 4061 4061 4061
3626 1777561076 3548 3692 3664 377 3578 3622 3622 3590 4061 4061 4060 4060 4060 4060 4060 4060
3627 1777561076 3548 3692 3664 378 3578 3622 3623 3591 4061 4061 4061 4061 4061 4061 4061 4061
3628 1777561076 3547 3691 3663 378 3578 3621 3622 3589 4061 4061 4060 4060 4060 4060 4060 4060
3629 1777561077 3548 3693 3665 378 3580 3623 3623 3591 4063 4063 4062 4062 4062 4062 4062 4062
3630 1777561077 3548 3692 3664 378 3578 3622 3623 3591 4063 4063 4062 4062 4062 4062 4062 4062
3631 1777561077 3548 3692 3664 378 3578 3622 3622 3591 4061 4061 4061 4061 4061 4061 4061 4061
3632 1777561077 3547 3692 3664 378 3578 3622 3622 3590 4063 4061 4061 4061 4061 4061 4061 4061
3633 1777561077 3548 3693 3665 377 3578 3623 3623 3591 4061 4061 4061 4061 4061 4061 4061 4061
3634 1777561084 3546 3690 3663 378 3577 3620 3621 3589 4061 4061 4060 4060 4060 4060 4060 4060
3635 1777561084 3546 3691 3663 378 3577 3621 3621 3589 4061 4061 4061 4061 4061 4061 4061 4061
3636 1777561084 3548 3693 3665 377 3579 3622 3623 3591 4061 4061 4061 4061 4061 4061 4061 4061
3637 1777561084 3546 3690 3662 378 3576 3619 3620 3588 4061 4061 4060 4060 4060 4060 4060 4060
3638 1777561084 3546 3691 3663 379 3577 3621 3621 3590 4061 4061 4061 4061 4061 4061 4061 4061
3639 1777561085 3547 3691 3663 378 3577 3621 3622 3590 4063 4061 4061 4061 4061 4061 4061 4061
3640 1777561085 3546 3691 3663 377 3576 3620 3621 3589 4061 4061 4060 4060 4060 4060 4060 4060
3641 1777561085 3547 3692 3664 377 3577 3622 3622 3590 4061 4061 4060 4060 4060 4060 4060 4060
3642 1777561085 3546 3690 3663 378 3577 3620 3621 3589 4061 4061 4060 4060 4060 4060 4060 4060
3643 1777561085 3547 3691 3663 378 3577 3621 3622 3590 4061 4061 4060 4060 4060 4060 4060 4060
3644 1777561085 3547 3691 3663 378 3578 3621 3622 3590 4061 4061 4061 4061 4061 4061 4061 4061
3645 1777561085 3547 3692 3664 378 3577 3620 3621 3590 4061 4061 4060 4060 4060 4060 4060 4060
3646 1777561085 3546 3691 3663 378 3576 3620 3621 3589 4063 4063 4062 4062 4062 4062 4062 4062
3647 1777561085 3546 3690 3663 378 3577 3621 3622 3590 4061 4061 4061 4061 4061 4061 4061 4061
3648 1777561085 3546 3691 3663 378 3578 3621 3622 3590 4063 4061 4061 4061 4061 4061 4061 4061
3649 1777561085 3546 3690 3663 378 3577 3620 3621 3589 4061 4061 4061 4061 4061 4061 4061 4061
3650 1777561085 3547 3691 3663 378 3578 3621 3622 3590 4061 4061 4061 4061 4061 4061 4061 4061
3651 1777561085 3547 3691 3663 378 3577 3621 3622 3590 4061 4061 4060 4060 4060 4060 4060 4060
3652 1777561085 3546 3691 3664 377 3577 3621 3622 3590 4061 4061 4061 4061 4061 4061 4061 4061
3653 1777561085 3547 3692 3664 378 3577 3621 3622 3590 4061 4061 4061 4061 4061 4061 4061 4061
3654 1777561085 3547 3691 3663 379 3578 3621 3622 3590 4061 4061 4061 4061 4061 4061 4061 4061
3655 1777561085 3546 3690 3662 378 3577 3621 3621 3590 4061 4061 4061 4061 4061 4061 4061 4061
3656 1777561085 3547 3691 3664 378 3578 3621 3621 3590 4061 4061 4061 4061 4061 4061 4061 4061
3657 1777561085 3546 3690 3663 378 3577 3620 3621 3589 4061 4061 4061 4061 4061 4061 4061 4061
3658 1777561085 3546 3691 3664 377 3578 3621 3622 3589 4061 4061 4061 4061 4061 4061 4061 4061
3659 1777561085 3546 3691 3663 378 3577 3620 3621 3589 4061 4061 4061 4061 4061 4061 4061 4061
3660 1777561085 3547 3692 3664 377 3578 3621 3622 3590 4063 4063 4062 4062 4062 4062 4062 4062
3661 1777561085 3548 3692 3664 378 3579 3622 3623 3591 4061 4061 4061 4061 4061 4061 4061 4061
3662 1777561085 3547 3691 3663 377 3578 3621 3622 3590 4063 4061 4061 4061 4061 4061 4061 4061
3663 1777561085 3546 3690 3663 378 3577 3621 3621 3589 4061 4061 4061 4061 4061 4061 4061 4061
3664 1777561085 3547 3692 3663 378 3577 3621 3621 3589 4063 4061 4061 4061 4061 4061 4061 4061
3665 1777561085 3547 3692 3664 378 3579 3622 3623 3591 4063 4063 4062 4062 4062 4062 4062 4062
3666 1777561085 3547 3691 3664 378 3578 3621 3622 3590 4061 4061 4061 4061 4061 4061 4061 4061
3667 1777561085 3547 3692 3664 377 3578 3622 3623 3590 4059 4059 4059 4059 4059 4059 4059 4059
3668 1777561085 3547 3691 3664 378 3578 3622 3622 3590 4061 4061 4061 4061 4061 4061 4061 4061
3669 1777561085 3547 3692 3664 378 3577 3621 3622 3589 4061 4061 4061 4061 4061 4061 4061 4061
3670 1777561085 3550 3694 3666 379 3581 3624 3625 3593 4061 4061 4061 4061 4061 4061 4061 4061
3671 1777561085 3546 3691 3663 378 3577 3621 3622 3590 4063 4061 4061 4061 4061 4061 4061 4061
3672 1777561085 3547 3692 3664 378 3578 3621 3622 3590 4061 4061 4060 4060 4060 4060 4060 4060
3673 1777561085 3547 3691 3663 378 3577 3621 3621 3590 4063 4063 4062 4062 4062 4062 4062 4062
3674 1777561085 3547 3691 3664 378 3577 3621 3622 3590 4061 4061 4060 4060 4060 4060 4060 4060
3675 1777561085 3547 3692 3664 378 3578 3622 3622 3590 4061 4061 4060 4060 4060 4060 4060 4060
3676 1777561085 3547 3692 3663 378 3578 3622 3622 3590 4061 4061 4061 4061 4061 4061 4061 4061
3677 1777561085 3547 3692 3664 378 3578 3622 3622 3590 4061 4061 4061 4061 4061 4061 4061 4061
3678 1777561085 3546 3691 3663 379 3577 3620 3621 3590 4063 4063 4062 4062 4062 4062 4062 4062
3679 1777561085 3547 3691 3663 378 3577 3621 3622 3590 4061 4061 4060 4060 4060 4060 4060 4060
3680 1777561085 3546 3691 3663 378 3578 3621 3622 3590 4061 4061 4061 4061 4061 4061 4061 4061
3681 1777561085 3547 3692 3664 378 3578 3622 3622 3590 4061 4061 4061 4061 4061 4061 4061 4061
3682 1777561085 3548 3692 3664 379 3578 3622 3623 3590 4063 4063 4062 4062 4062 4062 4062 4062
3683 1777561085 3547 3692 3664 378 3578 3622 3622 3590 4059 4059 4059 4059 4059 4059 4059 4059
3684 1777561085 3548 3692 3664 378 3578 3622 3622 3590 4061 4061 4061 4061 4061 4061 4061 4061
3685 1777561093 3545 3690 3662 378 3577 3620 3621 3589 4063 4061 4061 4061 4061 4061 4061 4061
3686 1777561093 3547 3691 3664 378 3577 3622 3622 3590 4061 4061 4061 4061 4061 4061 4061 4061
3687 1777561093 3547 3691 3663 378 3577 3621 3621 3589 4063 4063 4062 4062 4062 4062 4062 4062
3688 1777561093 3547 3691 3663 378 3577 3620 3620 3589 4061 4061 4061 4061 4061 4061 4061 4061
3689 1777561093 3546 3691 3663 378 3578 3621 3622 3590 4061 4061 4061 4061 4061 4061 4061 4061
3690 1777561093 3547 3691 3663 378 3577 3621 3621 3589 4061 4061 4061 4061 4061 4061 4061 4061
3691 1777561093 3547 3691 3663 378 3577 3621 3622 3590 4061 4061 4061 4061 4061 4061 4061 4061
3692 1777561093 3547 3691 3663 378 3577 3620 3621 3589 4063 4063 4062 4062 4062 4062 4062 4062
3693 1777561093 3547 3691 3663 379 3577 3621 3621 3589 4061 4061 4061 4061 4061 4061 4061 4061
3694 1777561093 3546 3690 3662 378 3577 3621 3622 3589 4063 4063 4062 4062 4062 4062 4062 4062
3695 1777561093 3547 3691 3663 378 3578 3621 3621 3590 4061 4060 4060 4060 4060 4060 4060 4060
3696 1777561093 3547 3692 3664 378 3578 3621 3621 3590 4061 4061 4060 4060 4060 4060 4060 4060
3697 1777561093 3548 3692 3664 378 3578 3622 3622 3590 4061 4061 4061 4061 4061 4061 4061 4061
3698 1777561093 3546 3691 3663 378 3577 3621 3621 3590 4061 4061 4060 4060 4060 4060 4060 4060
3699 1777561093 3547 3691 3663 378 3578 3621 3622 3590 4061 4061 4060 4060 4060 4060 4060 4060
3700 1777561093 3547 3692 3663 380 3578 3622 3622 3590 4061 4061 4061 4061 4061 4061 4061 4061
3701 1777561093 3547 3692 3663 379 3578 3621 3622 3590 4061 4061 4061 4061 4061 4061 4061 4061
3702 1777561093 3546 3691 3663 378 3577 3621 3621 3589 4061 4061 4060 4060 4060 4060 4060 4060
3703 1777561093 3546 3691 3663 378 3576 3621 3622 3590 4061 4061 4061 4061 4061 4061 4061 4061
3704 1777561093 3547 3691 3663 378 3577 3621 3622 3589 4063 4063 4062 4062 4062 4062 4062 4062
3705 1777561093 3547 3692 3664 379 3578 3621 3622 3590 4061 4061 4061 4061 4061 4061 4061 4061
3706 1777561093 3547 3691 3663 378 3577 3621 3622 3590 4061 4061 4060 4060 4060 4060 4060 4060
3707 1777561093 3546 3691 3663 379 3577 3621 3621 3589 4061 4061 4061 4061 4061 4061 4061 4061
3708 1777561093 3547 3691 3663 378 3577 3620 3621 3589 4061 4061 4060 4060 4060 4060 4060 4060
3709 1777561093 3547 3691 3664 378 3578 3621 3622 3590 4063 4063 4062 4062 4062 4062 4062 4062
3710 1777561093 3547 3691 3663 378 3577 3621 3622 3590 4061 4061 4061 4061 4061 4061 4061 4061
3711 1777561093 3547 3692 3664 378 3578 3621 3622 3590 4061 4061 4060 4060 4060 4060 4060 4060
3712 1777561093 3547 3692 3664 378 3578 3622 3622 3591 4061 4061 4061 4061 4061 4061 4061 4061
3713 1777561093 3548 3693 3665 378 3579 3623 3623 3591 4063 4063 4062 4062 4062 4062 4062 4062
3714 1777561093 3548 3691 3664 378 3578 3621 3622 3590 4061 4061 4061 4061 4061 4061 4061 4061
3715 1777561093 3547 3691 3663 378 3577 3621 3621 3590 4061 4061 4061 4061 4061 4061 4061 4061
3716 1777561093 3548 3692 3664 378 3579 3622 3622 3591 4061 4061 4061 4061 4061 4061 4061 4061
3717 1777561093 3547 3692 3664 379 3578 3622 3623 3591 4063 4063 4062 4062 4062 4062 4062 4062
3718 1777561093 3546 3691 3663 378 3577 3621 3622 3590 4063 4062 4062 4062 4062 4062 4062 4062
3719 1777561093 3547 3692 3663 379 3576 3621 3621 3590 4061 4061 4061 4061 4061 4061 4061 4061
3720 1777561093 3547 3692 3664 378 3579 3621 3622 3590 4061 4061 4061 4061 4061 4061 4061 4061
3721 1777561093 3548 3692 3665 378 3578 3622 3623 3591 4061 4061 4061 4061 4061 4061 4061 4061
3722 1777561094 3548 3692 3664 378 3578 3622 3622 3590 4061 4061 4060 4060 4060 4060 4060 4060
3723 1777561094 3547 3691 3663 379 3577 3621 3622 3590 4061 4061 4061 4061 4061 4061 4061 4061
3724 1777561094 3546 3691 3663 378 3578 3621 3622 3590 4063 4063 4062 4062 4062 4062 4062 4062
3725 1777561094 3548 3693 3665 379 3580 3623 3623 3591 4061 4061 4060 4060 4060 4060 4060 4060
3726 1777561094 3547 3692 3664 378 3578 3621 3622 3590 4061 4061 4061 4061 4061 4061 4061 4061
3727 1777561094 3548 3693 3665 378 3579 3622 3623 3591 4061 4061 4061 4061 4061 4061 4061 4061
3728 1777561094 3548 3693 3665 379 3579 3623 3623 1730 4063 4063 4062 4062 4062 4062 4062 4062
3729 1777561094 3546 3691 3663 379 3578 3621 3622 3590 4061 4061 4060 4060 4060 4060 4060 4060
3730 1777561094 3548 3692 3664 378 3578 3622 3623 3591 4063 4063 4062 4062 4062 4062 4062 4062
3731 1777561094 3548 3692 3665 379 3579 3622 3623 3590 4061 4061 4061 4061 4061 4061 4061 4061
3732 1777561094 3547 3692 3664 378 3579 3622 3622 3590 4061 4061 4061 4061 4061 4061 4061 4061
3733 1777561094 3548 3692 3664 379 3578 3622 3623 3591 4061 4061 4061 4061 4061 4061 4061 4061
3734 1777561094 3547 3691 3664 378 3577 3622 3622 3590 4061 4060 4060 4060 4060 4060 4060 4060
3735 1777561094 3547 3691 3663 378 3576 3621 3622 3590 4061 4061 4061 4061 4061 4061 4061 4061
3736 1777561094 3547 3692 3664 378 3578 3621 3622 3590 4061 4061 4061 4061 4061 4061 4061 4061
3737 1777561094 3548 3692 3664 379 3578 3622 3622 3590 4061 4061 4060 4060 4060 4060 4060 4060
3738 1777561094 3548 3692 3664 378 3578 3622 3622 3590 4061 4061 4061 4061 4061 4061 4061 4061
3739 1777561094 3547 3691 3663 378 3577 3621 3622 3590 4063 4061 4061 4061 4061 4061 4061 4061
3740 1777561094 3548 3692 3664 378 3578 3622 3622 3590 4061 4061 4060 4060 4060 4060 4060 4060
3741 1777561094 3547 3692 3664 378 3578 3621 3622 3590 4061 4061 4060 4060 4060 4060 4060 4060
3742 1777561094 3548 3691 3664 378 3577 3621 3622 3590 4059 4059 4059 4059 4059 4059 4059 4059
3743 1777561094 3548 3692 3665 379 3578 3622 3623 3591 4061 4061 4061 4061 4061 4061 4061 4061
3744 1777561094 3547 3692 3664 379 3577 3621 3622 3590 4061 4061 4061 4061 4061 4061 4061 4061
3745 1777561094 3548 3693 3665 379 3578 3622 3622 3590 4061 4061 4061 4061 4061 4061 4061 4061
3746 1777561094 3546 3691 3663 379 3577 3621 3622 3590 4061 4061 4061 4061 4061 4061 4061 4061
3747 1777561094 3547 3692 3664 379 3578 3621 3622 3590 4061 4061 4061 4061 4061 4061 4061 4061
3748 1777561094 3547 3692 3664 378 3578 3622 3622 3590 4061 4061 4060 4060 4060 4060 4060 4060
3749 1777561094 3548 3692 3665 379 3578 3622 3622 3591 4061 4061 4061 4061 4061 4061 4061 4061
3750 1777561094 3548 3692 3664 378 3578 3622 3623 3591 4061 4061 4061 4061 4061 4061 4061 4061
3751 1777561094 3548 3692 3664 378 3578 3622 3623 3590 4061 4061 4061 4061 4061 4061 4061 4061
3752 1777561094 3547 3692 3664 378 3578 3622 3622 3590 4063 4063 4062 4062 4062 4062 4062 4062
3753 1777561094 3548 3692 3665 379 3578 3622 3623 3591 4061 4061 4061 4061 4061 4061 4061 4061
3754 1777561094 3548 3692 3664 378 3579 3623 3623 3591 4063 4061 4061 4061 4061 4061 4061 4061
3755 1777561094 3547 3691 3664 378 3578 3621 3622 3590 4061 4061 4061 4061 4061 4061 4061 4061
3756 1777561094 3548 3693 3665 378 3579 3623 3622 3591 4061 4061 4061 4061 4061 4061 4061 4061
3757 1777561094 3547 3692 3664 379 3578 3622 3623 3591 4061 4061 4061 4061 4061 4061 4061 4061
3758 1777561094 3547 3692 3664 378 3579 3622 3623 3591 4061 4061 4061 4061 4061 4061 4061 4061
3759 1777561094 3548 3693 3664 379 3579 3622 3623 3591 4063 4063 4062 4062 4062 4062 4062 4062
3760 1777561094 3548 3692 3664 379 3579 3623 3623 3591 4061 4061 4061 4061 4061 4061 4061 4061
3761 1777561094 3548 3692 3664 379 3578 3623 3623 3591 4061 4061 4060 4060 4060 4060 4060 4060
3762 1777561094 3548 3692 3665 378 3578 3622 3623 3590 4061 4061 4061 4061 4061 4061 4061 4061
3763 1777561094 3547 3692 3664 378 3578 3621 3622 3590 4061 4061 4060 4060 4060 4060 4060 4060
3764 1777561094 3547 3692 3664 380 3578 3622 3623 3591 4061 4061 4061 4061 4061 4061 4061 4061
3765 1777561094 3547 3691 3664 379 3578 3622 3623 3591 4061 4060 4060 4060 4060 4060 4060 4060
3766 1777561094 3547 3692 3664 379 3577 3622 3622 3591 4061 4061 4060 4060 4060 4060 4060 4060
3767 1777561094 3548 3692 3665 378 3578 3622 3623 3590 4061 4061 4060 4060 4060 4060 4060 4060
3768 1777561094 3546 3691 3663 378 3577 3621 3622 3590 4061 4061 4061 4061 4061 4061 4061 4061
3769 1777561094 3548 3693 3664 379 3578 3622 3623 3591 4061 4061 4061 4061 4061 4061 4061 4061
3770 1777561094 3548 3692 3665 378 3579 3622 3622 3591 4061 4061 4061 4061 4061 4061 4061 4061
3771 1777561094 3548 3693 3665 379 3579 3624 3624 3592 4061 4061 4061 4061 4061 4061 4061 4061
3772 1777561094 3548 3692 3664 378 3579 3622 3622 3590 4061 4061 4061 4061 4061 4061 4061 4061
3773 1777561094 3547 3692 3664 379 3578 3622 3622 3590 4061 4061 4061 4061 4061 4061 4061 4061
3774 1777561094 3547 3691 3663 379 3577 3621 3622 3590 4061 4061 4060 4060 4060 4060 4060 4060
3775 1777561094 3548 3693 3665 378 3579 3622 3623 3591 4061 4061 4060 4060 4060 4060 4060 4060
3776 1777561094 3549 3693 3665 379 3579 3623 3623 3591 4061 4061 4060 4060 4060 4060 4060 4060
3777 1777561094 3549 3693 3666 379 3580 3623 3624 3592 4061 4061 4061 4061 4061 4061 4061 4061
3778 1777561094 3548 3692 3664 379 3578 3622 3623 3591 4061 4061 4060 4060 4060 4060 4060 4060
3779 1777561094 3546 3691 3663 378 3578 3621 3622 3590 4061 4061 4061 4061 4061 4061 4061 4061
3780 1777561094 3547 3692 3664 379 3578 3622 3622 3590 4063 4062 4062 4062 4062 4062 4062 4062
3781 1777561094 3548 3692 3664 379 3578 3622 3623 3591 4063 4062 4062 4062 4062 4062 4062 4062
3782 1777561094 3549 3693 3665 379 3579 3622 3623 3591 4057 4057 4057 4057 4057 4057 4057 4057
3783 1777561094 3548 3693 3665 379 3579 3622 3623 3591 4061 4061 4061 4061 4061 4061 4061 4061
3784 1777561094 3547 3692 3664 379 3579 3622 3622 3591 4063 4061 4061 4061 4061 4061 4061 4061
3785 1777561094 3548 3692 3665 378 3579 3623 3623 3591 4057 4057 4057 4057 4057 4057 4057 4057
3786 1777561094 3548 3692 3665 379 3579 3623 3623 3590 4059 4059 4059 4059 4059 4059 4059 4059
3787 1777561094 3547 3691 3663 379 3578 3621 3622 3590 4061 4061 4060 4060 4060 4060 4060 4060
3788 1777561094 3548 3693 3664 379 3578 3622 3623 3591 4061 4061 4061 4061 4061 4061 4061 4061
3789 1777561094 3548 3692 3665 379 3578 3622 3623 3591 4061 4061 4061 4061 4061 4061 4061 4061
3790 1777561094 3548 3693 3666 379 3579 3623 3623 3591 4061 4061 4061 4061 4061 4061 4061 4061
3791 1777561094 3548 3692 3664 379 3578 3622 3623 3591 4061 4061 4061 4061 4061 4061 4061 4061
3792 1777561094 3548 3692 3665 379 3579 3623 3623 3591 4061 4061 4061 4061 4061 4061 4061 4061
3793 1777561094 3548 3692 3664 379 3578 3622 3623 3590 4061 4061 4061 4061 4061 4061 4061 4061
3794 1777561094 3547 3692 3665 378 3578 3622 3622 3590 4061 4061 4061 4061 4061 4061 4061 4061
3795 1777561094 3548 3693 3665 378 3579 3623 3623 3591 4061 4061 4061 4061 4061 4061 4061 4061
3796 1777561094 3548 3692 3664 380 3578 3621 3622 3590 4061 4061 4060 4060 4060 4060 4060 4060
3797 1777561094 3549 3692 3665 379 3578 3622 3623 3591 4063 4063 4062 4062 4062 4062 4062 4062
3798 1777561094 3548 3693 3665 379 3579 3623 3624 3592 4061 4061 4061 4061 4061 4061 4061 4061
3799 1777561094 3548 3692 3665 379 3579 3622 3623 3591 4061 4061 4061 4061 4061 4061 4061 4061
3800 1777561094 3548 3692 3665 379 3579 3623 3623 3591 4061 4061 4060 4060 4060 4060 4060 4060
3801 1777561094 3548 3693 3664 379 3578 3623 3623 3591 4061 4061 4060 4060 4060 4060 4060 4060
3802 1777561094 3547 3692 3664 379 3578 3622 3623 3591 4061 4061 4061 4061 4061 4061 4061 4061
3803 1777561094 3548 3693 3664 379 3580 3623 3624 3592 4061 4061 4061 4061 4061 4061 4061 4061
3804 1777561095 3549 3693 3666 378 3580 3623 3624 3592 4061 4061 4061 4061 4061 4061 4061 4061
3805 1777561095 3548 3693 3665 379 3578 3622 3623 3591 4061 4061 4060 4060 4060 4060 4060 4060
3806 1777561095 3548 3693 3665 379 3579 3623 3623 3591 4063 4063 4062 4062 4062 4062 4062 4062
3807 1777561095 3548 3693 3665 379 3580 3623 3624 3591 4061 4061 4060 4060 4060 4060 4060 4060
3808 1777561095 3548 3692 3664 379 3578 3622 3622 3590 4061 4061 4061 4061 4061 4061 4061 4061
3809 1777561095 3548 3693 3665 379 3580 3623 3624 3592 4061 4061 4060 4060 4060 4060 4060 4060
3810 1777561095 3547 3692 3664 379 3578 3622 3623 3591 4063 4063 4062 4062 4062 4062 4062 4062
3811 1777561095 3548 3693 3665 379 3580 3623 3624 3591 4061 4061 4061 4061 4061 4061 4061 4061
3812 1777561095 3548 3692 3665 380 3579 3622 3623 3591 4061 4061 4061 4061 4061 4061 4061 4061
3813 1777561095 3548 3693 3664 379 3578 3623 3623 3592 4061 4061 4060 4060 4060 4060 4060 4060
3814 1777561095 3548 3693 3665 379 3579 3622 3623 3591 4061 4063 4061 4061 4061 4061 4061 4061
3815 1777561095 3549 3693 3665 379 3579 3622 3623 3591 4061 4061 4060 4060 4060 4060 4060 4060
3816 1777561095 3548 3693 3665 379 3579 3622 3623 3592 4061 4061 4060 4060 4060 4060 4060 4060
3817 1777561095 3548 3693 3665 379 3579 3623 3623 3591 4061 4061 4061 4061 4061 4061 4061 4061
3818 1777561095 3549 3693 3665 378 3579 3623 3624 3592 4061 4061 4061 4061 4061 4061 4061 4061
3819 1777561095 3549 3693 3665 379 3580 3624 3624 3592 4057 4057 4057 4057 4057 4057 4057 4057
3820 1777561095 3548 3693 3665 379 3579 3623 3623 3591 4061 4061 4060 4060 4060 4060 4060 4060
3821 1777561095 3548 3693 3665 379 3580 3623 3623 3592 4061 4061 4060 4060 4060 4060 4060 4060
3822 1777561095 3549 3694 3666 379 3580 3623 3624 3592 4061 4061 4061 4061 4061 4061 4061 4061
3823 1777561095 3548 3693 3665 379 3579 3623 3623 3591 4061 4061 4061 4061 4061 4061 4061 4061
3824 1777561095 3546 3691 3663 377 3577 3621 3622 3589 4061 4061 4061 4061 4061 4061 4061 4061
3825 1777561095 3547 3691 3663 377 3578 3621 3622 3590 4061 4060 4060 4060 4060 4060 4060 4060
3826 1777561095 3546 3691 3663 377 3577 3621 3622 3590 4061 4061 4060 4060 4060 4060 4060 4060
3827 1777561095 3547 3691 3663 377 3577 3621 3622 3589 4061 4061 4061 4061 4061 4061 4061 4061
3828 1777561095 3547 3692 3664 377 3578 3621 3622 3590 4061 4061 4060 4060 4060 4060 4060 4060
3829 1777561095 3546 3691 3663 379 3577 3620 3621 3589 4061 4061 4060 4060 4060 4060 4060 4060
3830 1777561095 3546 3691 3663 378 3577 3620 3621 3589 4061 4061 4061 4061 4061 4061 4061 4061
3831 1777561095 3547 3692 3663 377 3576 3621 3622 3590 4061 4061 4060 4060 4060 4060 4060 4060
3832 1777561095 3546 3690 3663 377 3575 3620 3621 3589 4063 4063 4062 4062 4062 4062 4062 4062
3833 1777561095 3546 3691 3663 378 3577 3621 3622 3590 4061 4061 4060 4060 4060 4060 4060 4060
3834 1777561095 3546 3690 3663 377 3577 3621 3621 3589 4063 4061 4061 4061 4061 4061 4061 4061
3835 1777561095 3546 3691 3663 377 3576 3621 3621 3589 4061 4061 4061 4061 4061 4061 4061 4061
3836 1777561095 3547 3691 3663 378 3578 3621 3622 3590 4063 4061 4061 4061 4061 4061 4061 4061
3837 1777561095 3545 3690 3663 377 3576 3620 3621 3589 4061 4061 4060 4060 4060 4060 4060 4060
3838 1777561095 3546 3691 3663 378 3577 3621 3622 3589 4061 4061 4060 4060 4060 4060 4060 4060
3839 1777561095 3546 3691 3663 377 3577 3620 3622 3589 4061 4061 4061 4061 4061 4061 4061 4061
3840 1777561095 3546 3691 3663 377 3577 3621 3622 3590 4061 4061 4061 4061 4061 4061 4061 4061
3841 1777561095 3547 3691 3663 377 3578 3621 3622 3590 4059 4059 4059 4059 4059 4059 4059 4059
3842 1777561095 3547 3691 3664 377 3578 3622 3622 3590 4061 4061 4061 4061 4061 4061 4061 4061
3843 1777561095 3548 3692 3665 377 3578 3622 3622 3591 4061 4061 4061 4061 4061 4061 4061 4061
3844 1777561095 3546 3691 3663 377 3577 3621 3622 3590 4063 4061 4061 4061 4061 4061 4061 4061
3845 1777561095 3547 3691 3663 377 3578 3621 3621 3590 4061 4061 4061 4061 4061 4061 4061 4061
3846 1777561095 3546 3691 3663 378 3577 3620 3621 3589 4061 4061 4061 4061 4061 4061 4061 4061
3847 1777561095 3546 3690 3663 377 3577 3621 3621 3589 4061 4061 4061 4061 4061 4061 4061 4061
3848 1777561095 3547 3691 3664 377 3577 3621 3621 3590 4061 4061 4060 4060 4060 4060 4060 4060
3849 1777561095 3547 3691 3664 377 3578 3622 3622 3590 4061 4061 4060 4060 4060 4060 4060 4060
3850 1777561095 3546 3690 3662 378 3576 3620 3620 3588 4061 4061 4061 4061 4061 4061 4061 4061
3851 1777561095 3547 3691 3663 377 3577 3621 3622 3590 4063 4063 4062 4062 4062 4062 4062 4062
3852 1777561095 3546 3691 3663 378 3577 3621 3622 3590 4061 4061 4060 4060 4060 4060 4060 4060
3853 1777561095 3548 3692 3665 377 3578 3622 3623 3591 4061 4061 4061 4061 4061 4061 4061 4061
3854 1777561095 3547 3692 3664 378 3578 3622 3622 3590 4061 4061 4061 4061 4061 4061 4061 4061
3855 1777561095 3547 3691 3663 377 3577 3621 3622 3590 4061 4061 4061 4061 4061 4061 4061 4061
3856 1777561095 3547 3692 3664 378 3578 3622 3622 3590 4061 4061 4060 4060 4060 4060 4060 4060
3857 1777561095 3547 3691 3663 378 3577 3621 3622 3590 4061 4061 4061 4061 4061 4061 4061 4061
3858 1777561095 3547 3691 3663 377 3577 3621 3622 3589 4061 4061 4061 4061 4061 4061 4061 4061
3859 1777561095 3546 3691 3663 377 3578 3621 3622 3590 4061 4061 4060 4060 4060 4060 4060 4060
3860 1777561095 3547 3691 3664 378 3578 3621 3622 3590 4061 4061 4060 4060 4060 4060 4060 4060
3861 1777561095 3547 3691 3663 377 3577 3622 3622 3590 4061 4061 4061 4061 4061 4061 4061 4061
3862 1777561095 3548 3692 3665 378 3577 3622 3622 3591 4061 4061 4061 4061 4061 4061 4061 4061
3863 1777561095 3547 3692 3664 377 3576 3621 3622 3590 4061 4061 4061 4061 4061 4061 4061 4061
3864 1777561095 3548 3692 3664 377 3578 3622 3622 3590 4061 4061 4060 4060 4060 4060 4060 4060
3865 1777561095 3547 3692 3664 377 3578 3621 3622 3590 4061 4061 4061 4061 4061 4061 4061 4061
3866 1777561095 3548 3692 3664 377 3578 3621 3622 3590 4061 4061 4060 4060 4060 4060 4060 4060
3867 1777561095 3547 3691 3663 377 3578 3622 3622 3590 4063 4062 4062 4062 4062 4062 4062 4062
3868 1777561095 3547 3692 3664 378 3578 3621 3622 3590 4061 4061 4061 4061 4061 4061 4061 4061
3869 1777561095 3548 3692 3664 378 3578 3621 3623 3590 4061 4061 4060 4060 4060 4060 4060 4060
3870 1777561095 3546 3691 3663 378 3577 3621 3621 3589 4061 4061 4061 4061 4061 4061 4061 4061
3871 1777561095 3547 3691 3663 377 3578 3621 3621 3589 4061 4061 4060 4060 4060 4060 4060 4060
3872 1777561095 3546 3690 3663 378 3577 3621 3621 3590 4061 4061 4060 4060 4060 4060 4060 4060
3873 1777561095 3547 3691 3663 377 3578 3621 3622 3589 4061 4061 4060 4060 4060 4060 4060 4060
3874 1777561096 3547 3691 3663 378 3577 3622 3622 3590 4061 4061 4060 4060 4060 4060 4060 4060
3875 1777561096 3547 3691 3663 377 3577 3621 3621 3589 4061 4061 4061 4061 4061 4061 4061 4061
3876 1777561096 3547 3691 3664 377 3578 3621 3622 3590 4061 4061 4061 4061 4061 4061 4061 4061
3877 1777561096 3547 3691 3663 378 3578 3621 3622 3591 4059 4059 4058 4058 4058 4058 4058 4058
3878 1777561096 3546 3690 3663 378 3577 3621 3621 3590 4061 4061 4060 4060 4060 4060 4060 4060
3879 1777561096 3547 3691 3663 377 3578 3621 3622 3590 4061 4061 4060 4060 4060 4060 4060 4060
3880 1777561096 3546 3690 3663 378 3577 3621 3622 3589 4061 4061 4061 4061 4061 4061 4061 4061
3881 1777561096 3547 3692 3664 378 3578 3622 3622 3590 4061 4061 4060 4060 4060 4060 4060 4060
3882 1777561096 3546 3691 3663 377 3577 3620 3621 3589 4061 4061 4061 4061 4061 4061 4061 4061
3883 1777561096 3547 3691 3663 377 3577 3621 3622 3590 4059 4059 4059 4059 4059 4059 4059 4059
3884 1777561096 3547 3691 3663 378 3578 3621 3622 3590 4061 4061 4060 4060 4060 4060 4060 4060
3885 1777561096 3547 3692 3664 377 3578 3622 3622 3590 4063 4063 4062 4062 4062 4062 4062 4062
3886 1777561096 3547 3691 3663 378 3577 3621 3622 3590 4061 4061 4061 4061 4061 4061 4061 4061
3887 1777561096 3547 3692 3664 378 3578 3622 3622 3590 4059 4059 4059 4059 4059 4059 4059 4059
3888 1777561096 3547 3692 3664 377 3579 3621 3622 3590 4061 4061 4061 4061 4061 4061 4061 4061
3889 1777561096 3548 3692 3664 378 3578 3621 3622 3590 4061 4061 4060 4060 4060 4060 4060 4060
3890 1777561096 3547 3692 3664 378 3578 3622 3623 3591 4061 4061 4060 4060 4060 4060 4060 4060
3891 1777561096 3546 3691 3663 377 3578 3621 3622 3590 4061 4061 4060 4060 4060 4060 4060 4060
3892 1777561096 3547 3692 3664 378 3578 3622 3622 3590 4061 4060 4060 4060 4060 4060 4060 4060
3893 1777561096 3547 3691 3663 379 3578 3622 3622 3590 4063 4063 4062 4062 4062 4062 4062 4062
3894 1777561096 3547 3692 3664 378 3577 3622 3622 3590 4061 4061 4060 4060 4060 4060 4060 4060
3895 1777561096 3547 3691 3664 377 3576 3621 3622 3590 4061 4061 4060 4060 4060 4060 4060 4060
3896 1777561096 3547 3692 3664 378 3578 3622 3623 3591 4061 4061 4061 4061 4061 4061 4061 4061
3897 1777561096 3547 3692 3664 378 3578 3622 3623 3590 4061 4061 4061 4061 4061 4061 4061 4061
3898 1777561096 3547 3692 3664 378 3578 3622 3622 3591 4061 4061 4061 4061 4061 4061 4061 4061
3899 1777561096 3547 3692 3664 378 3578 3622 3622 3590 4059 4059 4059 4059 4059 4059 4059 4059
3900 1777561096 3547 3691 3663 378 3578 3621 3622 3590 4061 4061 4061 4061 4061 4061 4061 4061
3901 1777561096 3548 3692 3664 378 3578 3622 3623 3591 4061 4061 4061 4061 4061 4061 4061 4061
3902 1777561096 3547 3692 3664 378 3577 3621 3622 3590 4061 4061 4061 4061 4061 4061 4061 4061
3903 1777561096 3548 3693 3664 377 3578 3622 3622 3590 4061 4061 4060 4060 4060 4060 4060 4060
3904 1777561096 3548 3692 3664 378 3579 3622 3622 3590 4061 4061 4060 4060 4060 4060 4060 4060
3905 1777561096 3547 3691 3663 377 3578 3621 3622 3590 4061 4061 4061 4061 4061 4061 4061 4061
3906 1777561096 3547 3691 3664 378 3578 3622 3622 3590 4063 4063 4062 4062 4062 4062 4062 4062
3907 1777561096 3548 3693 3665 378 3578 3622 3622 3591 4061 4061 4060 4060 4060 4060 4060 4060
3908 1777561096 3547 3692 3663 378 3578 3621 3622 3590 4061 4061 4061 4061 4061 4061 4061 4061
3909 1777561096 3547 3692 3664 378 3578 3621 3622 3591 4061 4061 4061 4061 4061 4061 4061 4061
3910 1777561096 3547 3691 3664 378 3577 3622 3622 3590 4061 4061 4061 4061 4061 4061 4061 4061
3911 1777561096 3547 3692 3664 378 3578 3621 3622 3591 4061 4061 4060 4060 4060 4060 4060 4060
3912 1777561096 3546 3691 3663 378 3577 3620 3621 3589 4061 4061 4061 4061 4061 4061 4061 4061
3913 1777561096 3548 3692 3664 378 3578 3622 3622 3591 4061 4061 4061 4061 4061 4061 4061 4061
3914 1777561096 3547 3692 3664 378 3578 3621 3622 3590 4061 4061 4061 4061 4061 4061 4061 4061
3915 1777561096 3547 3691 3664 378 3577 3622 3621 3590 4061 4061 4060 4060 4060 4060 4060 4060
3916 1777561096 3546 3691 3663 378 3577 3620 3621 3589 4061 4061 4061 4061 4061 4061 4061 4061
3917 1777561096 3548 3692 3664 379 3578 3622 3623 3591 4061 4061 4060 4060 4060 4060 4060 4060
3918 1777561096 3547 3691 3664 378 3577 3621 3622 3590 4061 4061 4061 4061 4061 4061 4061 4061
3919 1777561096 3548 3692 3664 378 3578 3622 3622 3590 4061 4061 4061 4061 4061 4061 4061 4061
3920 1777561096 3546 3691 3663 378 3577 3621 3622 3589 4061 4061 4060 4060 4060 4060 4060 4060
3921 1777561096 3547 3691 3664 378 3578 3622 3622 3591 4061 4061 4061 4061 4061 4061 4061 4061
3922 1777561096 3547 3691 3664 378 3578 3622 3622 3590 4061 4061 4060 4060 4060 4060 4060 4060
3923 1777561096 3547 3692 3664 378 3578 3622 3622 3590 4061 4061 4060 4060 4060 4060 4060 4060
3924 1777561096 3547 3692 3664 378 3578 3622 3622 3590 4061 4061 4061 4061 4061 4061 4061 4061
3925 1777561096 3547 3691 3663 379 3578 3622 3623 3590 4061 4061 4061 4061 4061 4061 4061 4061
3926 1777561096 3548 3692 3664 378 3577 3622 3622 3591 4063 4062 4062 4062 4062 4062 4062 4062
3927 1777561096 3547 3691 3663 378 3577 3621 3621 3590 4063 4063 4062 4062 4062 4062 4062 4062
3928 1777561096 3548 3693 3664 378 3579 3622 3623 3591 4061 4061 4060 4060 4060 4060 4060 4060
3929 1777561096 3547 3691 3663 378 3578 3622 3622 3589 4061 4061 4060 4060 4060 4060 4060 4060
3930 1777561096 3547 3692 3664 378 3578 3622 3622 3590 4061 4061 4061 4061 4061 4061 4061 4061
3931 1777561096 3547 3692 3664 378 3578 3621 3622 3590 4061 4061 4061 4061 4061 4061 4061 4061
3932 1777561096 3548 3692 3665 378 3578 3622 3623 3591 4061 4061 4060 4060 4060 4060 4060 4060
3933 1777561096 3548 3693 3665 377 3578 3623 3624 3591 4061 4061 4061 4061 4061 4061 4061 4061
3934 1777561096 3547 3692 3664 378 3578 3622 3622 3590 4061 4061 4061 4061 4061 4061 4061 4061
3935 1777561096 3547 3692 3664 378 3578 3622 3622 3591 4061 4060 4060 4060 4060 4060 4060 4060
3936 1777561096 3548 3692 3664 378 3578 3621 3622 3590 4061 4061 4061 4061 4061 4061 4061 4061
3937 1777561096 3547 3691 3664 378 3578 3622 3622 3590 4061 4061 4061 4061 4061 4061 4061 4061
3938 1777561096 3547 3691 3663 378 3578 3621 3622 3590 4061 4061 4061 4061 4061 4061 4061 4061
3939 1777561096 3548 3692 3664 378 3579 3622 3623 3591 4061 4061 4061 4061 4061 4061 4061 4061
3940 1777561096 3548 3692 3665 378 3579 3623 3624 3592 4061 4061 4061 4061 4061 4061 4061 4061
3941 1777561104 3546 3691 3662 378 3577 3620 3621 3589 4061 4061 4061 4061 4061 4061 4061 4061
3942 1777561104 3546 3691 3663 378 3577 3621 3621 3589 4063 4063 4062 4062 4062 4062 4062 4062
3943 1777561104 3547 3692 3663 378 3578 3621 3622 3590 4063 4063 4062 4062 4062 4062 4062 4062
3944 1777561104 3547 3691 3663 377 3578 3621 3622 3590 4061 4061 4061 4061 4061 4061 4061 4061
3945 1777561104 3546 3690 3663 378 3577 3621 3622 3590 4061 4061 4061 4061 4061 4061 4061 4061
3946 1777561104 3546 3691 3663 378 3577 3621 3621 3589 4063 4061 4061 4061 4061 4061 4061 4061
3947 1777561104 3546 3690 3662 378 3577 3620 3620 3589 4061 4061 4061 4061 4061 4061 4061 4061
3948 1777561104 3546 3691 3663 379 3578 3621 3622 3590 4063 4063 4062 4062 4062 4062 4062 4062
3949 1777561104 3547 3691 3664 378 3578 3621 3622 3590 4063 4061 4061 4061 4061 4061 4061 4061
3950 1777561104 3545 3690 3663 378 3576 3620 3621 3589 4061 4061 4060 4060 4060 4060 4060 4060
3951 1777561104 3548 3692 3664 378 3578 3622 3623 3591 4063 4063 4062 4062 4062 4062 4062 4062
3952 1777561104 3546 3691 3663 378 3578 3621 3621 3590 4061 4061 4060 4060 4060 4060 4060 4060
3953 1777561104 3546 3691 3664 378 3577 3621 3622 3590 4061 4061 4060 4060 4060 4060 4060 4060
3954 1777561104 3547 3692 3664 378 3578 3622 3622 3590 4063 4062 4062 4062 4062 4062 4062 4062
3955 1777561104 3547 3692 3664 380 3578 3621 3622 3590 4061 4061 4061 4061 4061 4061 4061 4061
3956 1777561104 3547 3691 3663 379 3577 3621 3621 3589 4061 4061 4061 4061 4061 4061 4061 4061
3957 1777561104 3547 3691 3664 378 3577 3621 3622 3590 4057 4057 4057 4057 4057 4057 4057 4057
3958 1777561104 3547 3691 3663 379 3576 3622 3622 3590 4061 4061 4061 4061 4061 4061 4061 4061
3959 1777561104 3547 3692 3664 378 3578 3622 3623 3590 4061 4061 4061 4061 4061 4061 4061 4061
3960 1777561104 3546 3691 3663 378 3577 3621 3621 3589 4061 4061 4060 4060 4060 4060 4060 4060
3961 1777561104 3548 3692 3664 378 3578 3622 3622 3591 4063 4061 4061 4061 4061 4061 4061 4061
3962 1777561104 3547 3692 3664 378 3578 3622 3623 3590 4061 4061 4060 4060 4060 4060 4060 4060
3963 1777561104 3547 3691 3663 378 3578 3621 3622 3590 4061 4061 4061 4061 4061 4061 4061 4061
3964 1777561105 3547 3692 3664 379 3578 3621 3622 3590 4061 4061 4061 4061 4061 4061 4061 4061
3965 1777561105 3547 3691 3664 378 3577 3622 3622 3591 4061 4061 4061 4061 4061 4061 4061 4061
3966 1777561105 3547 3691 3663 378 3578 3621 3622 3590 4061 4061 4060 4060 4060 4060 4060 4060
3967 1777561105 3547 3691 3664 378 3578 3621 3622 3590 4061 4061 4060 4060 4060 4060 4060 4060
3968 1777561105 3547 3691 3663 378 3577 3621 3622 3589 4061 4061 4060 4060 4060 4060 4060 4060
3969 1777561105 3546 3691 3663 378 3577 3621 3621 3589 4063 4062 4062 4062 4062 4062 4062 4062
3970 1777561105 3547 3693 3663 378 3578 3622 3622 3590 4061 4061 4061 4061 4061 4061 4061 4061
3971 1777561105 3548 3692 3664 378 3579 3622 3623 3591 4061 4061 4060 4060 4060 4060 4060 4060
3972 1777561105 3547 3692 3663 378 3578 3621 3622 3590 4061 4061 4061 4061 4061 4061 4061 4061
3973 1777561105 3547 3691 3664 378 3577 3622 3622 3590 4061 4061 4060 4060 4060 4060 4060 4060
3974 1777561105 3547 3691 3664 378 3578 3622 3622 3591 4061 4061 4061 4061 4061 4061 4061 4061
3975 1777561105 3546 3691 3663 379 3577 3620 3621 3589 4061 4061 4060 4060 4060 4060 4060 4060
3976 1777561105 3547 3691 3664 379 3578 3622 3622 3590 4061 4061 4060 4060 4060 4060 4060 4060
3977 1777561105 3547 3692 3664 378 3577 3621 3622 3590 4061 4061 4061 4061 4061 4061 4061 4061
3978 1777561105 3546 3690 3662 378 3576 3620 3621 3589 4061 4061 4060 4060 4060 4060 4060 4060
3979 1777561105 3547 3691 3664 378 3578 3622 3622 3590 4061 4061 4060 4060 4060 4060 4060 4060
3980 1777561105 3548 3693 3665 379 3578 3623 3623 3591 4061 4061 4061 4061 4061 4061 4061 4061
3981 1777561105 3547 3691 3663 378 3577 3621 3622 3590 4061 4061 4061 4061 4061 4061 4061 4061
3982 1777561105 3547 3691 3663 378 3578 3621 3622 3590 4061 4061 4061 4061 4061 4061 4061 4061
3983 1777561105 3547 3692 3664 378 3578 3621 3622 3590 4061 4061 4060 4060 4060 4060 4060 4060
3984 1777561105 3547 3691 3663 379 3578 3621 3621 3590 4061 4061 4061 4061 4061 4061 4061 4061
3985 1777561105 3548 3692 3664 378 3578 3621 3623 3590 4063 4062 4062 4062 4062 4062 4062 4062
3986 1777561105 3548 3692 3664 378 3578 3621 3622 3589 4061 4061 4061 4061 4061 4061 4061 4061
3987 1777561105 3547 3692 3664 378 3579 3622 3623 3591 4061 4061 4061 4061 4061 4061 4061 4061
3988 1777561121 3546 3691 3663 378 3576 3621 3621 3589 4061 4061 4061 4061 4061 4061 4061 4061
3989 1777561121 3547 3691 3664 378 3578 3621 3622 3590 4061 4061 4061 4061 4061 4061 4061 4061
3990 1777561121 3546 3691 3663 379 3578 3621 3621 3589 4061 4061 4060 4060 4060 4060 4060 4060
3991 1777561121 3547 3691 3662 378 3577 3620 3621 3589 4061 4061 4061 4061 4061 4061 4061 4061
3992 1777561121 3546 3691 3662 379 3576 3620 3621 3589 4061 4060 4060 4060 4060 4060 4060 4060
3993 1777561121 3547 3691 3663 378 3577 3621 3621 3589 4061 4061 4061 4061 4061 4061 4061 4061
3994 1777561121 3547 3692 3664 379 3578 3622 3622 3590 4061 4061 4061 4061 4061 4061 4061 4061
3995 1777561121 3547 3691 3663 379 3577 3621 3621 3589 4061 4061 4061 4061 4061 4061 4061 4061
3996 1777561121 3546 3690 3662 379 3576 3620 3621 3589 4061 4061 4060 4060 4060 4060 4060 4060
3997 1777561121 3546 3691 3664 379 3577 3621 3621 3590 4061 4061 4061 4061 4061 4061 4061 4061
3998 1777561121 3547 3691 3664 378 3578 3621 3622 3590 4061 4061 4061 4061 4061 4061 4061 4061
3999 1777561121 3547 3692 3664 378 3577 3621 3622 3590 4061 4061 4060 4060 4060 4060 4060 4060
4000 1777561121 3546 3691 3663 379 3577 3621 3621 3589 4061 4061 4060 4060 4060 4060 4060 4060
4001 1777561121 3547 3691 3663 378 3577 3621 3621 3589 4061 4061 4060 4060 4060 4060 4060 4060
4002 1777561121 3548 3692 3665 379 3578 3622 3623 3590 4063 4063 4062 4062 4062 4062 4062 4062
4003 1777561121 3547 3692 3663 378 3577 3621 3622 3590 4061 4061 4060 4060 4060 4060 4060 4060
4004 1777561121 3547 3692 3664 378 3578 3621 3622 3589 4061 4061 4061 4061 4061 4061 4061 4061
4005 1777561121 3548 3692 3664 379 3578 3622 3623 3591 4061 4061 4061 4061 4061 4061 4061 4061
4006 1777561121 3547 3692 3665 379 3578 3622 3622 3590 4061 4061 4061 4061 4061 4061 4061 4061
4007 1777561121 3546 3691 3663 378 3577 3622 3622 3590 4061 4061 4060 4060 4060 4060 4060 4060
4008 1777561121 3547 3691 3663 379 3578 3622 3622 3590 4061 4061 4060 4060 4060 4060 4060 4060
4009 1777561121 3548 3693 3665 379 3579 3623 3623 3591 4061 4061 4061 4061 4061 4061 4061 4061
4010 1777561121 3547 3691 3663 379 3578 3622 3622 3591 4061 4061 4061 4061 4061 4061 4061 4061
4011 1777561121 3547 3691 3664 379 3577 3621 3622 3590 4061 4061 4061 4061 4061 4061 4061 4061
4012 1777561121 3547 3691 3664 378 3578 3621 3622 3590 4061 4061 4060 4060 4060 4060 4060 4060
4013 1777561121 3547 3692 3664 379 3579 3623 3623 3591 4061 4061 4060 4060 4060 4060 4060 4060
4014 1777561121 3547 3691 3663 378 3578 3621 3622 3590 4061 4061 4060 4060 4060 4060 4060 4060
4015 1777561121 3547 3692 3664 378 3578 3622 3622 3591 4061 4061 4061 4061 4061 4061 4061 4061
4016 1777561121 3547 3692 3664 379 3578 3621 3622 3590 4061 4061 4061 4061 4061 4061 4061 4061
4017 1777561121 3547 3692 3663 380 3577 3621 3622 3589 4061 4061 4060 4060 4060 4060 4060 4060
4018 1777561121 3547 3692 3664 379 3578 3621 3622 3590 4061 4061 4060 4060 4060 4060 4060 4060
4019 1777561121 3547 3692 3664 379 3577 3622 3623 3590 4063 4063 4062 4062 4062 4062 4062 4062
4020 1777561121 3547 3692 3664 379 3578 3622 3623 3591 4061 4061 4061 4061 4061 4061 4061 4061
4021 1777561121 3547 3692 3664 379 3577 3622 3622 3590 4061 4061 4061 4061 4061 4061 4061 4061
4022 1777561121 3547 3691 3663 379 3578 3622 3623 3590 4061 4061 4060 4060 4060 4060 4060 4060
4023 1777561121 3548 3692 3664 379 3578 3622 3622 3591 4061 4061 4060 4060 4060 4060 4060 4060
4024 1777561121 3547 3691 3664 378 3578 3622 3622 3590 4061 4061 4061 4061 4061 4061 4061 4061
4025 1777561121 3548 3692 3664 379 3578 3621 3622 3590 4061 4061 4061 4061 4061 4061 4061 4061
4026 1777561121 3548 3692 3663 379 3578 3622 3623 3591 4061 4061 4061 4061 4061 4061 4061 4061
4027 1777561121 3547 3691 3664 379 3577 3621 3622 3590 4061 4061 4061 4061 4061 4061 4061 4061
4028 1777561121 3547 3692 3663 378 3577 3621 3622 3589 4061 4061 4060 4060 4060 4060 4060 4060
4029 1777561121 3547 3692 3664 379 3579 3622 3622 3590 4063 4061 4061 4061 4061 4061 4061 4061
4030 1777561121 3548 3692 3664 379 3578 3622 3622 3590 4061 4061 4061 4061 4061 4061 4061 4061
4031 1777561121 3546 3691 3663 378 3577 3621 3621 3589 4063 4063 4062 4062 4062 4062 4062 4062
4032 1777561121 3547 3692 3664 379 3578 3621 3622 3590 4063 4063 4062 4062 4062 4062 4062 4062
4033 1777561121 3548 3692 3664 379 3579 3622 3623 3591 4061 4060 4060 4060 4060 4060 4060 4060
4034 1777561121 3547 3692 3664 379 3578 3623 3623 3590 4061 4061 4061 4061 4061 4061 4061 4061
4035 1777561121 3547 3692 3664 379 3577 3622 3622 3591 4061 4061 4061 4061 4061 4061 4061 4061
4036 1777561121 3547 3692 3664 378 3578 3622 3622 3591 4063 4063 4062 4062 4062 4062 4062 4062
4037 1777561121 3549 3693 3665 379 3579 3623 3624 3592 4061 4061 4061 4061 4061 4061 4061 4061
4038 1777561121 3547 3692 3664 379 3578 3621 3622 3590 4061 4061 4060 4060 4060 4060 4060 4060
4039 1777561121 3548 3692 3665 378 3579 3622 3623 3591 4061 4061 4061 4061 4061 4061 4061 4061
4040 1777561121 3548 3693 3665 379 3578 3622 3623 3591 4063 4061 4061 4061 4061 4061 4061 4061
4041 1777561121 3547 3692 3664 379 3579 3622 3622 3590 4061 4061 4061 4061 4061 4061 4061 4061
4042 1777561121 3548 3692 3665 379 3578 3622 3623 3591 4061 4061 4061 4061 4061 4061 4061 4061
4043 1777561121 3549 3693 3666 378 3579 3623 3623 3591 4061 4061 4060 4060 4060 4060 4060 4060
4044 1777561121 3548 3693 3665 379 3579 3623 3623 3591 4061 4061 4060 4060 4060 4060 4060 4060
4045 1777561121 3548 3693 3665 379 3579 3623 3624 3592 4063 4061 4061 4061 4061 4061 4061 4061
4046 1777561121 3547 3691 3663 379 3578 3622 3623 3591 4061 4061 4060 4060 4060 4060 4060 4060
4047 1777561121 3547 3691 3663 379 3577 3621 3622 3590 4061 4061 4061 4061 4061 4061 4061 4061
4048 1777561121 3548 3693 3664 379 3579 3622 3623 3591 4061 4061 4060 4060 4060 4060 4060 4060
4049 1777561121 3548 3692 3665 378 3578 3622 3622 3590 4061 4061 4060 4060 4060 4060 4060 4060
4050 1777561121 3548 3692 3665 379 3578 3622 3623 3591 4061 4061 4061 4061 4061 4061 4061 4061
4051 1777561121 3548 3694 3665 379 3579 3623 3624 3592 4061 4061 4061 4061 4061 4061 4061 4061
4052 1777561122 3547 3692 3664 379 3578 3621 3622 3590 4063 4063 4062 4062 4062 4062 4062 4062
4053 1777561122 3548 3692 3664 379 3579 3622 3622 3591 4061 4061 4061 4061 4061 4061 4061 4061
4054 1777561122 3548 3693 3664 379 3578 3622 3623 3591 4061 4061 4061 4061 4061 4061 4061 4061
4055 1777561122 3548 3692 3665 379 3579 3622 3623 3591 4061 4061 4060 4060 4060 4060 4060 4060
4056 1777561122 3546 3691 3664 379 3578 3622 3622 3590 4061 4061 4061 4061 4061 4061 4061 4061
4057 1777561122 3548 3693 3665 379 3579 3622 3623 3590 4061 4061 4060 4060 4060 4060 4060 4060
4058 1777561122 3548 3693 3665 379 3578 3622 3623 3591 4063 4063 4062 4062 4062 4062 4062 4062
4059 1777561122 3549 3693 3666 379 3580 3623 3623 3592 4061 4061 4061 4061 4061 4061 4061 4061
4060 1777561122 3549 3694 3666 378 3580 3623 3623 3591 4061 4061 4061 4061 4061 4061 4061 4061
4061 1777561122 3548 3692 3664 379 3579 3622 3622 3591 4061 4061 4060 4060 4060 4060 4060 4060
4062 1777561122 3548 3692 3664 379 3578 3622 3623 3591 4061 4061 4061 4061 4061 4061 4061 4061
4063 1777561122 3548 3692 3665 379 3579 3622 3623 3591 4061 4061 4061 4061 4061 4061 4061 4061
4064 1777561129 3547 3691 3663 379 3576 3620 3621 3589 4061 4061 4061 4061 4061 4061 4061 4061
4065 1777561130 3547 3692 3664 379 3578 3622 3622 3591 4061 4061 4061 4061 4061 4061 4061 4061
4066 1777561130 3548 3693 3665 379 3579 3622 3623 3591 4061 4061 4060 4060 4060 4060 4060 4060
4067 1777561130 3547 3691 3663 379 3576 3621 3621 3589 4061 4061 4061 4061 4061 4061 4061 4061
4068 1777561130 3546 3691 3663 379 3577 3621 3622 3589 4061 4061 4060 4060 4060 4060 4060 4060
4069 1777561130 3547 3691 3664 379 3578 3622 3622 3591 4061 4061 4060 4060 4060 4060 4060 4060
4070 1777561130 3546 3691 3662 379 3577 3621 3622 3590 4061 4061 4061 4061 4061 4061 4061 4061
4071 1777561130 3547 3691 3663 379 3576 3620 3621 3589 4061 4061 4060 4060 4060 4060 4060 4060
4072 1777561130 3548 3692 3664 379 3578 3622 3623 3590 4061 4061 4061 4061 4061 4061 4061 4061
4073 1777561130 3547 3692 3663 379 3578 3621 3622 3590 4061 4060 4060 4060 4060 4060 4060 4060
4074 1777561130 3547 3692 3664 379 3578 3622 3622 3591 4061 4061 4061 4061 4061 4061 4061 4061
4075 1777561130 3547 3692 3664 379 3578 3622 3622 3590 4061 4061 4061 4061 4061 4061 4061 4061
4076 1777561130 3545 3689 3662 377 3576 3620 3620 3589 4061 4061 4060 4060 4060 4060 4060 4060
4077 1777561130 3545 3690 3662 378 3576 3619 3620 3588 4061 4061 4060 4060 4060 4060 4060 4060
4078 1777561130 3546 3690 3662 377 3576 3620 3620 3588 4061 4061 4061 4061 4061 4061 4061 4061
4079 1777561130 3546 3690 3662 377 3576 3620 3620 3588 4061 4061 4061 4061 4061 4061 4061 4061
4080 1777561130 3546 3690 3662 380 3577 3620 3621 3588 4061 4061 4060 4060 4060 4060 4060 4060
4081 1777561130 3546 3691 3662 379 3577 3620 3621 3589 4061 4061 4061 4061 4061 4061 4061 4061
4082 1777561130 3546 3690 3662 378 3576 3620 3621 3588 4061 4061 4061 4061 4061 4061 4061 4061
4083 1777561130 3547 3690 3663 377 3576 3620 3621 3589 4061 4061 4060 4060 4060 4060 4060 4060
4084 1777561130 3546 3690 3662 377 3575 3620 3621 3589 4061 4061 4060 4060 4060 4060 4060 4060
4085 1777561130 3545 3689 3661 377 3576 3619 3620 3588 4063 4062 4062 4062 4062 4062 4062 4062
4086 1777561130 3545 3689 3662 378 3576 3620 3620 3588 4061 4061 4061 4061 4061 4061 4061 4061
4087 1777561130 3545 3689 3662 377 3576 3620 3621 3588 4061 4061 4061 4061 4061 4061 4061 4061
4088 1777561130 3546 3690 3662 378 3576 3620 3621 3589 4061 4061 4061 4061 4061 4061 4061 4061
4089 1777561130 3546 3691 3663 377 3577 3620 3621 3589 4061 4061 4061 4061 4061 4061 4061 4061
4090 1777561130 3546 3690 3662 378 3577 3620 3620 3588 4061 4061 4061 4061 4061 4061 4061 4061
4091 1777561130 3545 3690 3662 377 3576 3620 3620 3589 4061 4061 4061 4061 4061 4061 4061 4061
4092 1777561130 3546 3691 3663 377 3577 3620 3621 3589 4061 4061 4060 4060 4060 4060 4060 4060
4093 1777561130 3546 3691 3663 377 3577 3620 3621 3589 4061 4061 4061 4061 4061 4061 4061 4061
4094 1777561130 3546 3690 3663 378 3577 3621 3621 3589 4061 4061 4060 4060 4060 4060 4060 4060
4095 1777561130 3546 3691 3663 377 3576 3620 3621 3589 4061 4061 4060 4060 4060 4060 4060 4060
4096 1777561130 3545 3690 3662 378 3577 3620 3621 3589 4061 4061 4061 4061 4061 4061 4061 4061
4097 1777561130 3546 3689 3662 379 3576 3620 3621 3589 4061 4061 4060 4060 4060 4060 4060 4060
4098 1777561130 3546 3690 3662 378 3576 3619 3620 3588 4063 4062 4062 4062 4062 4062 4062 4062
4099 1777561130 3545 3690 3662 377 3576 3619 3620 3588 4061 4061 4060 4060 4060 4060 4060 4060
4100 1777561130 3547 3691 3664 377 3578 3622 3622 3590 4061 4061 4061 4061 4061 4061 4061 4061
4101 1777561130 3545 3690 3662 377 3576 3620 3621 3588 4061 4061 4061 4061 4061 4061 4061 4061
4102 1777561130 3545 3689 3661 378 3576 3620 3621 3588 4061 4061 4061 4061 4061 4061 4061 4061
4103 1777561130 3546 3690 3662 377 3576 3620 3621 3589 4061 4061 4061 4061 4061 4061 4061 4061
4104 1777561130 3546 3690 3662 378 3577 3620 3621 3589 4061 4060 4060 4060 4060 4060 4060 4060
4105 1777561130 3546 3691 3663 377 3578 3621 3622 3590 4061 4061 4061 4061 4061 4061 4061 4061
4106 1777561130 3545 3690 3662 378 3576 3620 3620 3589 4061 4061 4060 4060 4060 4060 4060 4060
4107 1777561130 3545 3689 3662 377 3576 3619 3620 3588 4061 4061 4061 4061 4061 4061 4061 4061
4108 1777561130 3547 3691 3663 377 3577 3621 3622 3590 4061 4061 4061 4061 4061 4061 4061 4061
4109 1777561130 3545 3689 3662 378 3576 3619 3620 3588 4061 4061 4060 4060 4060 4060 4060 4060
4110 1777561130 3546 3690 3662 378 3577 3620 3620 3588 4061 4061 4061 4061 4061 4061 4061 4061
4111 1777561130 3545 3690 3662 378 3576 3620 3621 3588 4061 4061 4061 4061 4061 4061 4061 4061
4112 1777561130 3546 3690 3662 377 3577 3620 3620 3589 4061 4061 4061 4061 4061 4061 4061 4061
4113 1777561130 3547 3691 3663 377 3578 3621 3622 3590 4063 4063 4062 4062 4062 4062 4062 4062
4114 1777561130 3546 3690 3662 378 3577 3620 3621 3589 4061 4061 4060 4060 4060 4060 4060 4060
4115 1777561130 380 3688 3663 378 3577 3621 3622 3590 4061 4061 4061 4061 4061 4061 4061 4061
4116 1777561130 3546 3690 3662 377 3575 3620 3621 3589 4061 4061 4061 4061 4061 4061 4061 4061
4117 1777561130 3546 3690 3663 378 3577 3621 3621 3590 4061 4061 4061 4061 4061 4061 4061 4061
4118 1777561130 3546 3690 3662 378 3576 3620 3621 3589 4061 4061 4061 4061 4061 4061 4061 4061
4119 1777561130 3547 3691 3663 377 3578 3622 3622 3590 4061 4061 4061 4061 4061 4061 4061 4061
4120 1777561130 3546 3691 3663 377 3577 3621 3621 3589 4063 4063 4062 4062 4062 4062 4062 4062
4121 1777561130 3546 3691 3663 377 3577 3620 3620 3589 4061 4061 4060 4060 4060 4060 4060 4060
4122 1777561130 3547 3691 3663 378 3577 3621 3622 3590 4061 4061 4061 4061 4061 4061 4061 4061
4123 1777561130 3547 3692 3664 378 3578 3622 3622 3590 4061 4061 4061 4061 4061 4061 4061 4061
4124 1777561130 3545 3690 3662 378 3577 3620 3621 3590 4061 4061 4061 4061 4061 4061 4061 4061
4125 1777561130 3546 3690 3662 377 3576 3620 3620 3588 4061 4061 4060 4060 4060 4060 4060 4060
4126 1777561130 3546 3690 3663 378 3577 3620 3621 3589 4061 4061 4061 4061 4061 4061 4061 4061
4127 1777561130 3546 3691 3663 377 3577 3621 3622 3590 4061 4061 4060 4060 4060 4060 4060 4060
4128 1777561130 3546 3690 3662 378 3577 3620 3621 3589 4061 4061 4061 4061 4061 4061 4061 4061
4129 1777561130 3545 3690 3662 377 3576 3620 3620 3589 4061 4061 4060 4060 4060 4060 4060 4060
4130 1777561130 3548 3693 3665 378 3579 3623 3623 1731 4061 4061 4061 4061 4061 4061 4061 4061
4131 1777561130 3546 3691 3663 378 3577 3621 3621 3589 4061 4061 4061 4061 4061 4061 4061 4061
4132 1777561130 3546 3690 3662 377 3577 3620 3621 3589 4061 4061 4061 4061 4061 4061 4061 4061
4133 1777561130 3546 3690 3662 377 3577 3620 3621 3589 4061 4061 4060 4060 4060 4060 4060 4060
4134 1777561130 3547 3691 3663 378 3577 3620 3622 3589 4061 4061 4061 4061 4061 4061 4061 4061
4135 1777561130 3546 3690 3663 377 3577 3620 3621 3589 4061 4061 4061 4061 4061 4061 4061 4061
4136 1777561130 3546 3691 3663 377 3577 3620 3621 3589 4061 4061 4061 4061 4061 4061 4061 4061
4137 1777561130 3546 3691 3663 378 3577 3620 3621 3589 4063 4061 4061 4061 4061 4061 4061 4061
4138 1777561130 3546 3690 3662 378 3577 3621 3622 3589 4061 4060 4060 4060 4060 4060 4060 4060
4139 1777561130 3546 3691 3663 378 3577 3621 3622 3589 4061 4061 4060 4060 4060 4060 4060 4060
4140 1777561130 3547 3691 3664 378 3577 3620 3621 3590 4061 4061 4061 4061 4061 4061 4061 4061
4141 1777561130 3546 3691 3663 378 3576 3620 3621 3589 4061 4061 4061 4061 4061 4061 4061 4061
4142 1777561131 3546 3691 3663 378 3577 3621 3621 3590 4061 4061 4061 4061 4061 4061 4061 4061
4143 1777561131 3546 3691 3662 378 3577 3620 3621 3589 4061 4061 4061 4061 4061 4061 4061 4061
4144 1777561131 3546 3690 3663 378 3577 3621 3621 3589 4059 4059 4059 4059 4059 4059 4059 4059
4145 1777561131 3547 3691 3663 379 3577 3620 3621 3589 4063 4063 4062 4062 4062 4062 4062 4062
4146 1777561131 3546 3690 3663 378 3577 3620 3621 3589 4061 4061 4060 4060 4060 4060 4060 4060
4147 1777561131 3546 3691 3664 378 3576 3621 3621 3589 4061 4061 4061 4061 4061 4061 4061 4061
4148 1777561131 3546 3690 3662 378 3575 3620 3621 3589 4061 4061 4060 4060 4060 4060 4060 4060
4149 1777561131 3547 3691 3663 377 3577 3621 3621 3589 4061 4061 4061 4061 4061 4061 4061 4061
4150 1777561131 3546 3690 3663 378 3577 3620 3621 3589 4063 4063 4062 4062 4062 4062 4062 4062
4151 1777561131 3546 3691 3663 378 3577 3621 3622 3589 4061 4061 4061 4061 4061 4061 4061 4061
4152 1777561131 3547 3691 3664 378 3578 3621 3622 3590 4061 4061 4061 4061 4061 4061 4061 4061
4153 1777561131 3547 3691 3664 377 3578 3621 3622 3590 4061 4061 4061 4061 4061 4061 4061 4061
4154 1777561131 3547 3692 3664 378 3577 3621 3622 3590 4061 4061 4060 4060 4060 4060 4060 4060
4155 1777561131 3546 3690 3662 378 3576 3620 3621 3588 4061 4061 4061 4061 4061 4061 4061 4061
4156 1777561131 3547 3691 3663 378 3577 3621 3622 3590 4061 4061 4061 4061 4061 4061 4061 4061
4157 1777561131 3547 3691 3663 378 3577 3621 3622 3590 4061 4061 4060 4060 4060 4060 4060 4060
4158 1777561131 3547 3692 3663 378 3578 3621 3622 3590 4061 4061 4060 4060 4060 4060 4060 4060
4159 1777561131 3546 3691 3663 378 3578 3621 3621 3589 4061 4061 4061 4061 4061 4061 4061 4061
4160 1777561131 3546 3690 3662 378 3577 3620 3621 3589 4061 4061 4060 4060 4060 4060 4060 4060
4161 1777561131 3547 3691 3664 378 3578 3621 3622 3590 4061 4061 4061 4061 4061 4061 4061 4061
4162 1777561131 3546 3691 3663 378 3577 3621 3622 3590 4061 4061 4060 4060 4060 4060 4060 4060
4163 1777561131 3547 3691 3663 378 3576 3621 3621 3590 4061 4061 4061 4061 4061 4061 4061 4061
4164 1777561131 3546 3691 3663 378 3577 3621 3622 3590 4061 4061 4061 4061 4061 4061 4061 4061
4165 1777561131 3546 3690 3663 378 3577 3621 3621 3589 4063 4063 4062 4062 4062 4062 4062 4062
4166 1777561131 3547 3691 3664 378 3578 3622 3622 3590 4061 4061 4061 4061 4061 4061 4061 4061
4167 1777561131 3547 3691 3663 378 3578 3621 3622 3590 4061 4061 4061 4061 4061 4061 4061 4061
4168 1777561131 3547 3691 3663 378 3577 3621 3622 3590 4061 4061 4061 4061 4061 4061 4061 4061
4169 1777561131 3547 3691 3663 377 3577 3621 3621 3589 4061 4061 4061 4061 4061 4061 4061 4061
4170 1777561131 3547 3691 3663 378 3577 3622 3622 3590 4061 4061 4061 4061 4061 4061 4061 4061
4171 1777561131 3546 3692 3664 378 3578 3621 3621 3590 4061 4061 4061 4061 4061 4061 4061 4061
4172 1777561131 3547 3691 3663 378 3577 3621 3622 3590 4061 4061 4061 4061 4061 4061 4061 4061
4173 1777561131 3546 3691 3663 378 3577 3621 3621 3589 4061 4061 4061 4061 4061 4061 4061 4061
4174 1777561131 3546 3690 3662 378 3577 3620 3621 3589 4061 4061 4061 4061 4061 4061 4061 4061
4175 1777561131 3546 3691 3662 378 3577 3621 3621 3589 4061 4061 4061 4061 4061 4061 4061 4061
4176 1777561131 3547 3692 3664 378 3578 3622 3623 3590 4063 4061 4061 4061 4061 4061 4061 4061
4177 1777561131 3547 3691 3663 379 3578 3621 3622 3590 4059 4059 4059 4059 4059 4059 4059 4059
4178 1777561131 3546 3690 3662 378 3577 3620 3621 3589 4061 4061 4060 4060 4060 4060 4060 4060
4179 1777561131 3547 3691 3664 377 3578 3621 3622 3590 4061 4061 4060 4060 4060 4060 4060 4060
4180 1777561131 3546 3691 3663 378 3577 3621 3621 3590 4061 4061 4061 4061 4061 4061 4061 4061
4181 1777561131 3546 3691 3663 378 3577 3620 3621 3590 4061 4061 4061 4061 4061 4061 4061 4061
4182 1777561131 3547 3691 3664 378 3577 3621 3621 3590 4061 4061 4061 4061 4061 4061 4061 4061
4183 1777561131 3546 3691 3663 378 3577 3621 3621 3589 4061 4061 4060 4060 4060 4060 4060 4060
4184 1777561131 3547 3692 426 377 3578 3622 3622 3590 4061 4061 4061 4061 4061 4061 4061 4061
4185 1777561131 3548 3692 3664 378 3579 3622 3623 3591 4061 4061 4061 4061 4061 4061 4061 4061
4186 1777561131 3547 3692 3664 378 3577 3621 3622 3590 4063 4062 4062 4062 4062 4062 4062 4062
4187 1777561131 3547 3690 3663 378 3577 3620 3621 3590 4061 4061 4060 4060 4060 4060 4060 4060
4188 1777561131 3547 3692 3664 378 3578 3622 3622 3590 4061 4061 4061 4061 4061 4061 4061 4061
4189 1777561131 3547 3692 3663 378 3578 3621 3622 3591 4063 4061 4061 4061 4061 4061 4061 4061
4190 1777561131 3547 3691 3664 378 3577 3621 3621 3590 4061 4061 4061 4061 4061 4061 4061 4061
4191 1777561131 3547 3692 3664 378 3578 3621 3622 3590 4061 4061 4061 4061 4061 4061 4061 4061
4192 1777561131 3547 3692 3664 378 3578 3622 3622 3591 4061 4061 4061 4061 4061 4061 4061 4061
4193 1777561131 3547 3692 3664 378 3578 3622 3622 3590 4061 4061 4060 4060 4060 4060 4060 4060
4194 1777561131 3547 3691 3663 378 3577 3620 3621 3589 4061 4061 4061 4061 4061 4061 4061 4061
4195 1777561131 3546 3691 3663 378 3577 3621 3622 3590 4061 4060 4060 4060 4060 4060 4060 4060
4196 1777561131 3547 3691 3663 378 3578 3621 3622 3590 4061 4061 4061 4061 4061 4061 4061 4061
4197 1777561131 3547 3692 3664 378 3578 3621 3622 3590 4061 4061 4061 4061 4061 4061 4061 4061
4198 1777561131 3547 3692 3664 378 3578 3622 3622 3591 4059 4059 4059 4059 4059 4059 4059 4059
4199 1777561131 3547 3692 3664 378 3578 3621 3622 3590 4063 4061 4061 4061 4061 4061 4061 4061
4200 1777561131 3547 3692 3664 378 3578 3621 3622 3590 4061 4061 4060 4060 4060 4060 4060 4060
4201 1777561131 3546 3691 3663 379 3577 3622 3622 3590 4057 4057 4057 4057 4057 4057 4057 4057
4202 1777561131 3546 3691 3663 378 3577 3621 3621 3590 4061 4061 4061 4061 4061 4061 4061 4061
4203 1777561131 3547 3691 3664 378 3578 3621 3621 3589 4061 4061 4061 4061 4061 4061 4061 4061
4204 1777561131 3547 3691 3663 378 3577 3621 3622 3590 4061 4061 4060 4060 4060 4060 4060 4060
4205 1777561131 3547 3691 3664 378 3578 3622 3622 3590 4063 4061 4061 4061 4061 4061 4061 4061
4206 1777561131 3548 3692 3664 378 3578 3621 3622 3590 4063 4061 4061 4061 4061 4061 4061 4061
4207 1777561131 3548 3692 3664 378 3578 3621 3622 3590 4061 4061 4061 4061 4061 4061 4061 4061
4208 1777561131 3547 3691 3663 380 3577 3621 3622 3590 4061 4061 4060 4060 4060 4060 4060 4060
4209 1777561131 3548 3692 3664 379 3578 3622 3623 3591 4063 4063 4062 4062 4062 4062 4062 4062
4210 1777561131 3547 3691 3663 378 3577 3621 3621 3590 4061 4061 4060 4060 4060 4060 4060 4060
4211 1777561131 3547 3691 3663 378 3576 3621 3621 3589 4061 4061 4060 4060 4060 4060 4060 4060
4212 1777561131 3547 3691 3664 378 3578 3622 3623 3590 4061 4061 4061 4061 4061 4061 4061 4061
4213 1777561131 3547 3692 3664 378 3578 3621 3622 3590 4061 4061 4060 4060 4060 4060 4060 4060
4214 1777561131 3547 3691 3664 378 3577 3622 3622 3590 4061 4061 4061 4061 4061 4061 4061 4061
4215 1777561131 3547 3691 3664 378 3578 3622 3622 3590 4061 4061 4060 4060 4060 4060 4060 4060
4216 1777561139 3546 3691 3663 378 3577 3620 3621 3589 4059 4059 4059 4059 4059 4059 4059 4059
4217 1777561139 3545 3690 3662 378 3577 3620 3621 3589 4061 4061 4060 4060 4060 4060 4060 4060
4218 1777561139 3545 3689 3662 378 3576 3619 3620 3588 4059 4059 4059 4059 4059 4059 4059 4059
4219 1777561139 3545 3690 3662 379 3576 3620 3621 3589 4061 4061 4060 4060 4060 4060 4060 4060
4220 1777561139 3547 3692 3664 378 3578 3621 3622 3590 4061 4061 4061 4061 4061 4061 4061 4061
4221 1777561139 3546 3692 3664 378 3578 3621 3621 3589 4061 4061 4061 4061 4061 4061 4061 4061
4222 1777561139 3547 3691 3663 378 3577 3621 3621 3590 4061 4060 4060 4060 4060 4060 4060 4060
4223 1777561139 3547 3692 3663 378 3577 3621 3621 3590 4061 4061 4060 4060 4060 4060 4060 4060
4224 1777561139 3546 3691 3663 379 3577 3621 3621 3589 4061 4061 4061 4061 4061 4061 4061 4061
4225 1777561139 3547 3691 3663 378 3577 3621 3621 3589 4061 4061 4060 4060 4060 4060 4060 4060
4226 1777561139 3547 3691 3664 378 3578 3622 3622 3590 4063 4063 4062 4062 4062 4062 4062 4062
4227 1777561139 3546 3691 3663 378 3577 3621 3621 3589 4063 4063 4062 4062 4062 4062 4062 4062
4228 1777561139 3547 3692 3664 379 3578 3622 3622 3590 4063 4063 4062 4062 4062 4062 4062 4062
4229 1777561140 3547 3691 3664 378 3578 3622 3622 3590 4061 4061 4060 4060 4060 4060 4060 4060
4230 1777561140 3547 3691 3663 378 3577 3621 3622 3590 4061 4061 4061 4061 4061 4061 4061 4061
4231 1777561140 3547 3691 3664 378 3578 3622 3622 3591 4061 4061 4060 4060 4060 4060 4060 4060
4232 1777561140 3547 3691 3663 379 3578 3621 3621 3590 4061 4061 4061 4061 4061 4061 4061 4061
4233 1777561140 3547 3691 3663 379 3577 3621 3622 3590 4063 4063 4062 4062 4062 4062 4062 4062
4234 1777561140 3547 3691 3663 379 3577 3621 3621 3589 4061 4061 4061 4061 4061 4061 4061 4061
4235 1777561140 3546 3691 3664 378 3577 3621 3622 3590 4061 4061 4061 4061 4061 4061 4061 4061
4236 1777561140 3547 3692 3664 379 3578 3622 3622 3590 4061 4059 4059 4059 4059 4059 4059 4059
4237 1777561140 3546 3691 3663 378 3577 3621 3622 3590 4061 4061 4061 4061 4061 4061 4061 4061
4238 1777561140 3547 3692 3664 379 3578 3621 3622 3590 4061 4061 4061 4061 4061 4061 4061 4061
4239 1777561140 3548 3692 3664 380 3578 3621 3622 3590 4061 4061 4061 4061 4061 4061 4061 4061
4240 1777561140 3547 3692 3664 379 3578 3622 3623 3590 4061 4061 4060 4060 4060 4060 4060 4060
4241 1777561140 3547 3691 3664 378 3577 3621 3622 3590 4061 4061 4061 4061 4061 4061 4061 4061
4242 1777561140 3547 3691 3663 378 3576 3621 3622 3589 4061 4061 4061 4061 4061 4061 4061 4061
4243 1777561140 3547 3692 3664 379 3578 3621 3622 3590 4061 4061 4061 4061 4061 4061 4061 4061
4244 1777561140 3546 3691 3663 379 3578 3621 3622 3590 4061 4061 4060 4060 4060 4060 4060 4060
4245 1777561140 3547 3692 3665 378 3579 3622 3623 3591 4061 4061 4061 4061 4061 4061 4061 4061
4246 1777561140 3547 3692 3664 379 3578 3622 3622 3590 4061 4061 4061 4061 4061 4061 4061 4061
4247 1777561140 3547 3691 3663 378 3578 3621 3622 3590 4061 4061 4061 4061 4061 4061 4061 4061
4248 1777561140 3548 3692 3664 379 3578 3622 3622 3590 4063 4061 4061 4061 4061 4061 4061 4061
4249 1777561140 3547 3691 3664 378 3577 3621 3621 3590 4061 4061 4061 4061 4061 4061 4061 4061
4250 1777561140 3548 3693 3665 378 3579 3622 3623 3591 4059 4059 4058 4058 4058 4058 4058 4058
4251 1777561140 3547 3691 3664 379 3577 3621 3622 3590 4061 4061 4060 4060 4060 4060 4060 4060
4252 1777561140 3547 3692 3664 379 3578 3622 3622 3590 4061 4061 4061 4061 4061 4061 4061 4061
4253 1777561140 3547 3692 3664 379 3578 3622 3622 3591 4061 4061 4061 4061 4061 4061 4061 4061
4254 1777561140 3547 3691 3664 378 3578 3622 3622 3590 4061 4061 4060 4060 4060 4060 4060 4060
4255 1777561140 3547 3692 3664 379 3578 3621 3622 3590 4061 4061 4060 4060 4060 4060 4060 4060
4256 1777561140 3548 3692 3665 379 3578 3622 3623 3591 4061 4061 4060 4060 4060 4060 4060 4060
4257 1777561140 3547 3691 3664 378 3577 3622 3622 3590 4061 4061 4060 4060 4060 4060 4060 4060
4258 1777561140 3547 3692 3664 378 3578 3621 3622 3590 4061 4061 4061 4061 4061 4061 4061 4061
4259 1777561140 3547 3691 3663 379 3577 3621 3621 3590 4061 4061 4060 4060 4060 4060 4060 4060
4260 1777561140 3547 3691 3663 379 3578 3621 3622 3590 4061 4061 4061 4061 4061 4061 4061 4061
4261 1777561140 3547 3691 3663 378 3577 3620 3621 3589 4061 4061 4060 4060 4060 4060 4060 4060
4262 1777561140 3548 3691 3664 379 3578 3622 3622 3590 4061 4061 4060 4060 4060 4060 4060 4060
4263 1777561140 3548 3693 3665 379 3579 3623 3623 3592 4061 4061 4061 4061 4061 4061 4061 4061
4264 1777561140 3547 3691 3663 379 3578 3621 3622 3590 4061 4061 4061 4061 4061 4061 4061 4061
4265 1777561140 3548 3692 3664 378 3579 3622 3623 3591 4063 4062 4062 4062 4062 4062 4062 4062
4266 1777561140 3547 3691 3664 378 3578 3621 3622 3590 4061 4061 4060 4060 4060 4060 4060 4060
4267 1777561140 3547 3692 3664 379 3578 3622 3623 3591 4063 4063 4062 4062 4062 4062 4062 4062
4268 1777561140 3547 3692 3664 379 3578 3622 3622 3590 4061 4060 4060 4060 4060 4060 4060 4060
4269 1777561140 3548 3692 3664 379 3578 3622 3622 3590 4061 4061 4060 4060 4060 4060 4060 4060
4270 1777561140 3547 3692 3664 378 3578 3622 3623 3590 4061 4061 4061 4061 4061 4061 4061 4061
4271 1777561140 3547 3692 3664 380 3578 3622 3622 3590 4063 4061 4061 4061 4061 4061 4061 4061
4272 1777561140 3548 3692 3664 379 3578 3622 3622 3590 4063 4063 4062 4062 4062 4062 4062 4062
4273 1777561140 3548 3692 3665 378 3577 3622 3623 3591 4061 4061 4060 4060 4060 4060 4060 4060
4274 1777561140 3548 3692 3664 379 3578 3622 3623 3591 4061 4061 4060 4060 4060 4060 4060 4060
4275 1777561140 3548 3694 3665 378 3579 3623 3623 3591 4061 4061 4060 4060 4060 4060 4060 4060
4276 1777561140 3548 3693 3665 379 3579 3623 3623 3591 4061 4061 4061 4061 4061 4061 4061 4061
4277 1777561140 3548 3692 3664 378 3578 3622 3622 3590 4063 4063 4062 4062 4062 4062 4062 4062
4278 1777561140 3548 3691 3664 379 3578 3621 3622 3590 4061 4061 4060 4060 4060 4060 4060 4060
4279 1777561140 3547 3692 3664 379 3578 3622 3622 3591 4061 4061 4060 4060 4060 4060 4060 4060
4280 1777561140 3547 3692 3664 379 3578 3621 3622 3590 4063 4063 4062 4062 4062 4062 4062 4062
4281 1777561140 3548 3692 3664 378 498 3621 3623 3591 4061 4061 4060 4060 4060 4060 4060 4060
4282 1777561140 3548 3693 3665 379 3578 3622 3622 3591 4061 4061 4061 4061 4061 4061 4061 4061
4283 1777561140 3548 3692 3664 378 3579 3623 3623 3591 4063 4063 4062 4062 4062 4062 4062 4062
4284 1777561140 3548 3693 3665 379 3579 3623 3624 3592 4061 4061 4060 4060 4060 4060 4060 4060
4285 1777561140 3547 3691 3663 378 3577 3621 3622 3590 4061 4060 4060 4060 4060 4060 4060 4060
4286 1777561140 3548 3692 3664 379 3578 3622 3623 3591 4061 4061 4061 4061 4061 4061 4061 4061
4287 1777561140 3547 3691 3664 380 3578 3621 3622 3590 4061 4061 4061 4061 4061 4061 4061 4061
4288 1777561140 3547 3692 3664 379 3578 3622 3622 3590 4061 4061 4060 4060 4060 4060 4060 4060
4289 1777561140 3547 3691 3664 379 3577 3622 3622 3591 4061 4061 4061 4061 4061 4061 4061 4061
4290 1777561140 3546 3691 3663 379 3576 3621 3621 3590 4061 4061 4061 4061 4061 4061 4061 4061
4291 1777561141 3548 3692 3664 379 3579 3622 3623 3591 4061 4061 4061 4061 4061 4061 4061 4061
4292 1777561141 3547 3692 3664 379 3578 3622 3623 3591 4061 4060 4060 4060 4060 4060 4060 4060
4293 1777561141 3547 3692 3664 378 3578 3622 3622 3590 4061 4061 4061 4061 4061 4061 4061 4061
4294 1777561141 3547 3692 3665 379 3578 3622 3622 3591 4063 4063 4062 4062 4062 4062 4062 4062
4295 1777561141 3548 3692 3664 379 3579 3623 3623 3591 4061 4061 4061 4061 4061 4061 4061 4061
4296 1777561141 3548 3692 3664 379 3578 3622 3623 3591 4061 4061 4060 4060 4060 4060 4060 4060
4297 1777561141 3547 3691 3664 379 3578 3622 3622 3590 4063 4063 4062 4062 4062 4062 4062 4062
4298 1777561141 3547 3692 3664 379 3578 3622 3622 3591 4061 4061 4060 4060 4060 4060 4060 4060
4299 1777561141 3547 3692 3664 379 3579 3622 3622 3590 4061 4060 4060 4060 4060 4060 4060 4060
4300 1777561141 3548 3692 3664 378 3578 3622 3623 3591 4061 4061 4061 4061 4061 4061 4061 4061
4301 1777561141 3549 3694 3666 379 3579 3623 3623 3591 4061 4061 4061 4061 4061 4061 4061 4061
4302 1777561141 3549 3693 3664 379 3579 3623 3624 3591 4061 4061 4061 4061 4061 4061 4061 4061
4303 1777561141 3547 3692 3664 380 3579 3622 3623 3591 4059 4059 4059 4059 4059 4059 4059 4059
4304 1777561141 3548 3693 3665 379 3578 3623 3623 3591 4061 4061 4060 4060 4060 4060 4060 4060
4305 1777561141 3549 3693 3666 379 3579 3623 3624 3591 4063 4061 4061 4061 4061 4061 4061 4061
4306 1777561141 3548 3693 3665 379 3579 3622 3623 3591 4061 4061 4060 4060 4060 4060 4060 4060
4307 1777561141 3548 3692 3665 379 3579 3622 3623 3591 4061 4061 4061 4061 4061 4061 4061 4061
4308 1777561141 3548 3693 3665 379 3580 3623 3623 3591 4061 4061 4061 4061 4061 4061 4061 4061
4309 1777561141 3547 3692 3664 379 3579 3622 3623 3591 4061 4061 4061 4061 4061 4061 4061 4061
4310 1777561141 3548 3692 3664 379 3579 3622 3623 3591 4061 4061 4061 4061 4061 4061 4061 4061
4311 1777561141 3547 3691 3663 380 3578 3622 3622 3590 4061 4061 4061 4061 4061 4061 4061 4061
4312 1777561141 3548 3692 3665 379 3579 3622 3623 3591 4061 4061 4061 4061 4061 4061 4061 4061
4313 1777561141 3548 3693 3664 379 3579 3622 3623 3591 4061 4061 4061 4061 4061 4061 4061 4061
4314 1777561141 3548 3693 3665 379 3579 3622 3623 3591 4061 4061 4060 4060 4060 4060 4060 4060
4315 1777561141 3548 3693 3665 379 3579 3622 3623 3591 4061 4061 4060 4060 4060 4060 4060 4060
4316 1777561141 3548 3693 3665 379 3579 3622 3624 3591 4061 4061 4060 4060 4060 4060 4060 4060
4317 1777561141 3547 3692 3664 379 3577 3621 3622 3590 4061 4061 4061 4061 4061 4061 4061 4061
4318 1777561141 3548 3693 3664 379 3579 3622 3623 3591 4063 4063 4062 4062 4062 4062 4062 4062
4319 1777561141 3548 3692 3664 380 3579 3622 3623 3591 4061 4061 4060 4060 4060 4060 4060 4060
4320 1777561141 3549 3693 3665 379 3578 3622 3623 3591 4061 4061 4061 4061 4061 4061 4061 4061
4321 1777561141 3548 3692 3664 379 3578 3622 3622 3590 4061 4061 4060 4060 4060 4060 4060 4060
4322 1777561141 3548 3692 3664 379 3578 3622 3623 3591 4061 4061 4061 4061 4061 4061 4061 4061
4323 1777561141 3548 3692 3665 379 3579 3622 3623 3591 4061 4061 4060 4060 4060 4060 4060 4060
4324 1777561141 3549 3693 3666 379 3579 3623 3624 3592 4063 4063 4062 4062 4062 4062 4062 4062
4325 1777561141 3548 3693 3665 379 3579 3622 3623 3591 4061 4061 4060 4060 4060 4060 4060 4060
4326 1777561141 3551 3695 3667 379 3580 3625 3625 1573 4061 4061 4061 4061 4061 4061 4061 4061
4327 1777561141 3548 3692 3664 380 3579 3622 3622 3591 4061 4061 4060 4060 4060 4060 4060 4060
4328 1777561141 3548 3693 3665 379 3579 3622 3623 3590 4061 4061 4060 4060 4060 4060 4060 4060
4329 1777561141 3548 3692 3664 379 3578 3622 3622 3591 4061 4061 4061 4061 4061 4061 4061 4061
4330 1777561141 3548 3693 3665 379 3579 3623 3623 3591 4061 4061 4061 4061 4061 4061 4061 4061
4331 1777561141 3546 3691 3663 377 3577 3621 3621 3589 4063 4063 4062 4062 4062 4062 4062 4062
4332 1777561141 3547 3691 3663 377 3578 3621 3621 3589 4063 4063 4062 4062 4062 4062 4062 4062
4333 1777561141 3545 3690 3662 377 3576 3620 3620 3589 4061 4061 4061 4061 4061 4061 4061 4061
4334 1777561141 3545 3690 3663 377 3576 3621 3621 3589 4061 4061 4061 4061 4061 4061 4061 4061
4335 1777561141 3546 3691 3663 377 3577 3620 3621 3589 4061 4061 4061 4061 4061 4061 4061 4061
4336 1777561141 3548 3692 3664 379 3578 3621 3622 3590 4061 4061 4060 4060 4060 4060 4060 4060
4337 1777561141 3546 3690 3662 378 3577 3620 3621 3589 4061 4061 4060 4060 4060 4060 4060 4060
4338 1777561141 3547 3692 3663 377 3576 3621 3622 3590 4061 4061 4061 4061 4061 4061 4061 4061
4339 1777561141 3547 3691 3664 377 3577 3621 3622 3589 4061 4061 4061 4061 4061 4061 4061 4061
4340 1777561141 3546 3690 3663 377 3577 3621 3621 3589 4061 4061 4060 4060 4060 4060 4060 4060
4341 1777561141 3547 3691 3664 378 3577 3621 3622 3589 4061 4061 4060 4060 4060 4060 4060 4060
4342 1777561141 3545 3690 3662 377 3576 3620 3621 3589 4061 4061 4060 4060 4060 4060 4060 4060
4343 1777561141 3546 3690 3663 378 3577 3620 3621 3589 4061 4061 4061 4061 4061 4061 4061 4061
4344 1777561141 3547 3691 3663 378 3577 3620 3621 3589 4061 4061 4060 4060 4060 4060 4060 4060
4345 1777561141 3547 3691 3663 378 3577 3621 3622 3590 4063 4063 4062 4062 4062 4062 4062 4062
4346 1777561141 3546 3690 3663 377 3576 3620 3621 3589 4061 4061 4060 4060 4060 4060 4060 4060
4347 1777561141 3548 3692 3664 377 3578 3622 3622 3589 4061 4061 4061 4061 4061 4061 4061 4061
4348 1777561141 3546 3691 3663 378 3577 3621 3621 3589 4061 4061 4060 4060 4060 4060 4060 4060
4349 1777561141 3546 3691 3663 378 3577 3621 3621 3590 4061 4061 4061 4061 4061 4061 4061 4061
4350 1777561141 3546 3691 3664 377 3578 3621 3621 3589 4061 4061 4061 4061 4061 4061 4061 4061
4351 1777561141 3547 3692 3663 378 3577 3621 3621 3589 4061 4061 4061 4061 4061 4061 4061 4061
4352 1777561141 3547 3691 3663 377 3577 3621 3622 3590 4061 4061 4061 4061 4061 4061 4061 4061
4353 1777561141 3547 3691 3663 377 3577 3622 3621 3590 4061 4060 4060 4060 4060 4060 4060 4060
4354 1777561141 3547 3692 3664 377 3578 3621 3621 3590 4063 4063 4062 4062 4062 4062 4062 4062
4355 1777561141 3547 3691 3663 377 3578 3621 3622 3589 4061 4061 4060 4060 4060 4060 4060 4060
4356 1777561141 3546 3691 3663 377 3578 3621 3622 3589 4061 4061 4060 4060 4060 4060 4060 4060
4357 1777561141 3547 3691 3664 377 3577 3621 3622 3590 4061 4061 4061 4061 4061 4061 4061 4061
4358 1777561141 3546 3691 3664 377 3578 3622 3622 3590 4061 4061 4061 4061 4061 4061 4061 4061
4359 1777561141 3547 3692 3664 377 3578 3622 3622 1725 4061 4061 4060 4060 4060 4060 4060 4060
4360 1777561142 3547 3691 3663 378 3576 3620 3621 3589 4061 4061 4060 4060 4060 4060 4060 4060
4361 1777561142 3546 3690 3663 378 3577 3620 3621 3589 4061 4061 4060 4060 4060 4060 4060 4060
4362 1777561142 3547 3692 3663 378 3578 3621 3622 3590 4063 4061 4061 4061 4061 4061 4061 4061
4363 1777561142 3546 3691 3663 377 3577 3620 3621 3589 4061 4061 4061 4061 4061 4061 4061 4061
4364 1777561149 3546 3690 3662 378 3576 3620 3620 3588 4061 4061 4061 4061 4061 4061 4061 4061
4365 1777561149 3546 3690 3663 377 3576 3620 3621 3589 4061 4061 4061 4061 4061 4061 4061 4061
4366 1777561149 3545 3690 3662 377 3576 3619 3620 3588 4061 4061 4060 4060 4060 4060 4060 4060
4367 1777561149 3545 3690 3662 377 3576 3620 3620 3588 4061 4061 4060 4060 4060 4060 4060 4060
4368 1777561149 3546 3690 3662 378 3576 3620 3620 3589 4061 4061 4061 4061 4061 4061 4061 4061
4369 1777561150 3545 3690 3662 378 3576 3620 3620 3589 4061 4061 4060 4060 4060 4060 4060 4060
4370 1777561150 3546 3689 3662 378 3575 3620 3620 3588 4061 4061 4061 4061 4061 4061 4061 4061
4371 1777561150 3545 3689 3662 377 3576 3619 3620 3589 4061 4061 4061 4061 4061 4061 4061 4061
4372 1777561150 3546 3692 3663 378 3577 3620 3621 3590 4061 4061 4061 4061 4061 4061 4061 4061
4373 1777561150 3544 3689 3662 377 3576 3620 3621 3588 4061 4060 4060 4060 4060 4060 4060 4060
4374 1777561150 3546 3691 3663 377 3577 3620 3621 3589 4061 4061 4060 4060 4060 4060 4060 4060
4375 1777561150 3547 3691 3663 378 3576 3620 3620 3589 4061 4061 4060 4060 4060 4060 4060 4060
4376 1777561150 3546 3690 3662 378 3577 3621 3621 3590 4061 4061 4060 4060 4060 4060 4060 4060
4377 1777561150 3546 3690 3663 377 3577 3620 3621 3589 4061 4061 4061 4061 4061 4061 4061 4061
4378 1777561150 3546 3690 3662 378 3576 3620 3621 3589 4061 4061 4061 4061 4061 4061 4061 4061
4379 1777561150 3546 3691 3663 377 3577 3621 3621 3589 4059 4059 4059 4059 4059 4059 4059 4059
4380 1777561150 3545 3690 3662 378 3576 3619 3620 3588 4063 4063 4062 4062 4062 4062 4062 4062
4381 1777561150 3545 3690 3662 377 3576 3620 3620 3588 4061 4061 4061 4061 4061 4061 4061 4061
4382 1777561150 3545 3690 3662 378 3576 3620 3620 3588 4061 4061 4060 4060 4060 4060 4060 4060
4383 1777561150 3546 3690 3662 379 3577 3620 3621 3589 4061 4061 4061 4061 4061 4061 4061 4061
4384 1777561150 3546 3690 3662 378 3576 3620 3620 3589 4061 4061 4060 4060 4060 4060 4060 4060
4385 1777561150 3547 3691 3663 377 3577 3621 3622 3590 4061 4061 4061 4061 4061 4061 4061 4061
4386 1777561150 3547 3691 3663 378 3577 3621 3621 3589 4061 4061 4061 4061 4061 4061 4061 4061
4387 1777561150 3547 3692 3663 378 3577 3621 3621 3589 4061 4061 4061 4061 4061 4061 4061 4061
4388 1777561150 3547 3691 3664 377 3577 3621 3622 3590 4061 4061 4060 4060 4060 4060 4060 4060
4389 1777561150 3547 3691 3663 377 3577 3621 3622 3589 4061 4061 4060 4060 4060 4060 4060 4060
4390 1777561150 3546 3690 3663 378 3577 3620 3621 3589 4061 4061 4061 4061 4061 4061 4061 4061
4391 1777561150 3547 3691 3663 378 3577 3621 3622 3590 4061 4061 4060 4060 4060 4060 4060 4060
4392 1777561150 3547 3691 3663 378 3577 3621 3621 3589 4061 4061 4060 4060 4060 4060 4060 4060
4393 1777561150 3546 3691 3663 377 3578 3621 3621 3589 4063 4061 4061 4061 4061 4061 4061 4061
4394 1777561150 3546 3691 3663 378 3577 3621 3621 3590 4061 4061 4061 4061 4061 4061 4061 4061
4395 1777561150 3546 3691 3663 377 3577 3621 3621 3589 4063 4062 4062 4062 4062 4062 4062 4062
4396 1777561158 3545 3690 3662 378 3576 3619 3620 3588 4061 4060 4060 4060 4060 4060 4060 4060
4397 1777561158 3546 3691 3663 377 3577 3621 3621 3589 4061 4061 4061 4061 4061 4061 4061 4061
4398 1777561158 3547 3691 3663 379 3578 3621 3621 3590 4061 4061 4061 4061 4061 4061 4061 4061
4399 1777561158 3546 3691 3663 378 3577 3621 3621 3589 4061 4061 4061 4061 4061 4061 4061 4061
4400 1777561158 3546 3690 3662 378 3576 3620 3620 3589 4061 4061 4060 4060 4060 4060 4060 4060
4401 1777561158 3547 3691 3663 378 3577 3621 3622 3590 4061 4061 4061 4061 4061 4061 4061 4061
4402 1777561158 3546 3691 3663 378 3578 3621 3621 3589 4063 4063 4062 4062 4062 4062 4062 4062
4403 1777561158 3546 3690 3663 377 3577 3620 3620 3589 4061 4061 4060 4060 4060 4060 4060 4060
4404 1777561158 3546 3691 3663 378 3577 3621 3621 3590 4061 4061 4060 4060 4060 4060 4060 4060
4405 1777561158 3546 3691 3663 378 3577 3621 3621 3590 4061 4061 4060 4060 4060 4060 4060 4060
4406 1777561158 3545 3689 3662 378 3576 3619 3620 3588 4059 4059 4058 4058 4058 4058 4058 4058
4407 1777561158 3546 3690 3662 378 3577 3620 3621 3589 4063 4061 4061 4061 4061 4061 4061 4061
4408 1777561158 3546 3691 3663 378 3576 3620 3621 3589 4061 4060 4060 4060 4060 4060 4060 4060
4409 1777561158 3547 3691 3663 377 3578 3621 3621 3589 4061 4061 4061 4061 4061 4061 4061 4061
4410 1777561158 3547 3690 3663 378 3577 3621 3621 3590 4061 4061 4060 4060 4060 4060 4060 4060
4411 1777561158 3547 3692 3664 378 3578 3622 3622 3590 4061 4061 4061 4061 4061 4061 4061 4061
4412 1777561158 3546 3691 3663 378 3577 3621 3621 3589 4061 4061 4060 4060 4060 4060 4060 4060
4413 1777561158 3547 3691 3663 378 3577 3620 3621 3589 4063 4063 4062 4062 4062 4062 4062 4062
4414 1777561158 3547 3692 3664 378 3578 3622 3622 3589 4061 4061 4061 4061 4061 4061 4061 4061
4415 1777561158 3546 3691 3663 378 3577 3621 3621 3589 4061 4061 4060 4060 4060 4060 4060 4060
4416 1777561158 3547 3691 3663 377 3576 3621 3621 3589 4061 4061 4061 4061 4061 4061 4061 4061
4417 1777561158 3546 3691 3662 378 3577 3620 3621 3589 4061 4060 4060 4060 4060 4060 4060 4060
4418 1777561158 3546 3691 3663 378 3577 3621 3622 3589 4061 4061 4060 4060 4060 4060 4060 4060
4419 1777561158 3546 3691 3663 378 3577 3621 3622 3590 4061 4061 4061 4061 4061 4061 4061 4061
4420 1777561158 3547 3691 3663 378 3577 3621 3622 3589 4063 4061 4061 4061 4061 4061 4061 4061
4421 1777561158 3546 3691 3663 378 3577 3621 3622 3589 4061 4061 4061 4061 4061 4061 4061 4061
4422 1777561158 3547 3691 3663 378 3577 3621 3621 3589 4061 4061 4061 4061 4061 4061 4061 4061
4423 1777561158 3546 3691 3664 378 3577 3621 3622 3590 4061 4061 4061 4061 4061 4061 4061 4061
4424 1777561158 3546 3691 3663 377 3576 3620 3621 3589 4061 4061 4060 4060 4060 4060 4060 4060
4425 1777561158 3547 3691 3664 378 3578 3621 3621 3590 4061 4061 4061 4061 4061 4061 4061 4061
4426 1777561158 3547 3692 3664 378 3578 3622 3622 3590 4061 4061 4061 4061 4061 4061 4061 4061
4427 1777561158 3546 3690 3663 378 3577 3621 3621 3589 4061 4061 4060 4060 4060 4060 4060 4060
4428 1777561158 3547 3691 3663 378 3578 3621 3622 3590 4061 4061 4061 4061 4061 4061 4061 4061
4429 1777561158 3547 3691 3664 378 3578 3621 3622 3590 4061 4061 4060 4060 4060 4060 4060 4060
4430 1777561158 3547 3692 3664 379 3578 3622 3622 3590 4061 4061 4061 4061 4061 4061 4061 4061
4431 1777561158 3548 3691 3664 378 3577 3622 3622 3590 4061 4061 4061 4061 4061 4061 4061 4061
4432 1777561158 3547 3691 3663 377 3578 3621 3621 3590 4061 4061 4061 4061 4061 4061 4061 4061
4433 1777561158 3546 3691 3663 378 3577 3621 3622 3589 4061 4061 4061 4061 4061 4061 4061 4061
4434 1777561158 3547 3691 3664 378 3578 3621 3621 3589 4063 4061 4061 4061 4061 4061 4061 4061
4435 1777561158 3546 3691 3663 378 3577 3621 3621 3589 4063 4063 4062 4062 4062 4062 4062 4062
4436 1777561158 3547 3691 3664 378 3578 3621 3621 3590 4061 4061 4061 4061 4061 4061 4061 4061
4437 1777561158 3547 3692 3664 378 3578 3621 3621 3590 4063 4062 4062 4062 4062 4062 4062 4062
4438 1777561159 3546 3691 3663 379 3577 3621 3622 3590 4061 4061 4061 4061 4061 4061 4061 4061
4439 1777561159 3547 3691 3663 378 3577 3620 3621 3590 4061 4061 4061 4061 4061 4061 4061 4061
4440 1777561159 3547 3692 3664 378 3578 3621 3622 3590 4061 4061 4061 4061 4061 4061 4061 4061
4441 1777561159 3547 3691 3664 378 3578 3622 3622 3590 4061 4061 4061 4061 4061 4061 4061 4061
4442 1777561159 3547 3691 3664 379 3578 3621 3622 3590 4063 4063 4062 4062 4062 4062 4062 4062
4443 1777561159 3547 3692 3664 378 3578 3621 3622 3590 4061 4061 4061 4061 4061 4061 4061 4061
4444 1777561159 3548 3692 3664 378 3578 3622 3623 3591 4061 4061 4060 4060 4060 4060 4060 4060
4445 1777561159 3547 3692 3664 378 3578 3622 3622 3590 4061 4061 4060 4060 4060 4060 4060 4060
4446 1777561159 3546 3691 3663 379 3577 3621 3621 3589 4061 4061 4061 4061 4061 4061 4061 4061
4447 1777561159 3547 3691 3664 378 3577 3622 3623 3591 4061 4061 4061 4061 4061 4061 4061 4061
4448 1777561159 3546 3691 3663 378 3577 3621 3621 3589 4061 4061 4060 4060 4060 4060 4060 4060
4449 1777561159 3547 3691 3663 378 3578 3621 3622 3590 4061 4061 4061 4061 4061 4061 4061 4061
4450 1777561159 3548 3693 3664 378 3578 3622 3623 3591 4061 4061 4061 4061 4061 4061 4061 4061
4451 1777561159 3546 3691 3663 378 3577 3621 3621 3589 4061 4061 4060 4060 4060 4060 4060 4060
4452 1777561159 3547 3691 3663 378 3578 3621 3622 3590 4059 4059 4059 4059 4059 4059 4059 4059
4453 1777561159 3547 3692 3664 378 3577 3621 3622 3589 4063 4061 4061 4061 4061 4061 4061 4061
4454 1777561159 3546 3690 3663 379 3578 3621 3622 3590 4061 4061 4060 4060 4060 4060 4060 4060
4455 1777561159 3548 3693 3665 378 3579 3622 3623 3591 4061 4061 4061 4061 4061 4061 4061 4061
4456 1777561159 3547 3692 3664 378 3578 3621 3622 3590 4061 4061 4060 4060 4060 4060 4060 4060
4457 1777561159 3547 3692 3664 378 3578 3621 3622 3590 4061 4060 4060 4060 4060 4060 4060 4060
4458 1777561159 3547 3691 3663 378 3578 3621 3622 3589 4061 4061 4060 4060 4060 4060 4060 4060
4459 1777561159 3547 3691 3663 378 3577 3621 3621 3590 4063 4061 4061 4061 4061 4061 4061 4061
4460 1777561159 3547 3692 3664 378 3578 3622 3622 3590 4061 4061 4061 4061 4061 4061 4061 4061
4461 1777561159 3547 3691 3663 380 3577 3621 3621 3589 4061 4061 4061 4061 4061 4061 4061 4061
4462 1777561159 3548 3692 3665 379 3578 3622 3623 3591 4061 4061 4060 4060 4060 4060 4060 4060
4463 1777561159 3548 3693 3664 378 3577 3622 3623 3591 4059 4059 4059 4059 4059 4059 4059 4059
4464 1777561159 3546 3691 3663 378 3576 3621 3621 3590 4059 4059 4058 4058 4058 4058 4058 4058
4465 1777561159 3547 3692 3664 378 3577 3622 3622 3590 4063 4063 4062 4062 4062 4062 4062 4062
4466 1777561159 3547 3692 3664 379 3578 3622 3623 3591 4063 4063 4062 4062 4062 4062 4062 4062
4467 1777561159 3546 3691 3663 378 3577 3621 3622 3590 4061 4061 4061 4061 4061 4061 4061 4061
4468 1777561159 3548 3692 3664 379 3578 3622 3622 3591 4061 4061 4060 4060 4060 4060 4060 4060
4469 1777561159 3548 3692 3664 378 3578 3622 3622 3591 4061 4061 4060 4060 4060 4060 4060 4060
4470 1777561159 3547 3692 3664 378 3578 3623 3623 3591 4061 4061 4060 4060 4060 4060 4060 4060
4471 1777561159 3548 3692 3665 378 3579 3622 3623 3591 4061 4061 4060 4060 4060 4060 4060 4060
4472 1777561159 3547 3692 3664 378 3578 3621 3622 3590 4061 4061 4061 4061 4061 4061 4061 4061
4473 1777561159 3548 3692 3664 378 3578 3622 3622 3590 4061 4061 4060 4060 4060 4060 4060 4060
4474 1777561159 3547 3691 3663 379 3578 3621 3621 3589 4063 4061 4061 4061 4061 4061 4061 4061
4475 1777561159 3547 3692 3664 378 3577 3622 3622 3590 4061 4061 4060 4060 4060 4060 4060 4060
4476 1777561159 3548 3693 3665 378 3578 3622 3622 3591 4061 4061 4060 4060 4060 4060 4060 4060
4477 1777561159 3549 3693 3665 378 3579 3623 3623 3591 4061 4061 4060 4060 4060 4060 4060 4060
4478 1777561159 3548 3692 3665 379 3578 3622 3623 3591 4061 4061 4060 4060 4060 4060 4060 4060
4479 1777561159 3547 3692 3664 378 3577 3622 3622 3591 4061 4061 4061 4061 4061 4061 4061 4061
4480 1777561159 3548 3692 3664 378 3579 3622 3623 3591 4061 4061 4060 4060 4060 4060 4060 4060
4481 1777561159 3547 3691 3663 379 3577 3620 3621 3590 4061 4061 4061 4061 4061 4061 4061 4061
4482 1777561159 3546 3691 3663 378 3578 3621 3621 3589 4061 4061 4061 4061 4061 4061 4061 4061
4483 1777561159 3546 3691 3664 378 3577 3621 3622 3590 4061 4061 4061 4061 4061 4061 4061 4061
4484 1777561159 3547 3692 3664 379 3578 3621 3622 3590 4061 4061 4061 4061 4061 4061 4061 4061
4485 1777561159 3547 3692 3664 378 3579 3622 3623 3591 4061 4061 4061 4061 4061 4061 4061 4061
4486 1777561159 3548 3692 3665 378 3578 3622 3623 3591 4061 4061 4060 4060 4060 4060 4060 4060
4487 1777561159 3547 3691 3664 378 3578 3622 3623 3591 4063 4061 4061 4061 4061 4061 4061 4061
4488 1777561159 3548 3692 3665 379 3578 3622 3623 3590 4061 4060 4060 4060 4060 4060 4060 4060
4489 1777561159 3548 3692 3664 378 3579 3622 3622 3590 4061 4061 4061 4061 4061 4061 4061 4061
4490 1777561159 3547 3691 3663 379 3578 3621 3622 3590 4059 4059 4059 4059 4059 4059 4059 4059
4491 1777561159 3547 3692 3664 378 3578 3621 3622 3590 4061 4061 4061 4061 4061 4061 4061 4061
4492 1777561159 3547 3692 3664 378 3578 3622 3622 3590 4061 4061 4061 4061 4061 4061 4061 4061
4493 1777561159 3547 3692 3664 378 3578 3622 3622 3591 4061 4061 4061 4061 4061 4061 4061 4061
4494 1777561159 3547 3692 3664 379 3578 3622 3622 3590 4061 4061 4060 4060 4060 4060 4060 4060
4495 1777561159 3548 3693 3665 378 3579 3622 3622 3590 4061 4061 4060 4060 4060 4060 4060 4060
4496 1777561159 3547 3692 3664 378 3578 3622 3623 3591 4061 4061 4061 4061 4061 4061 4061 4061
4497 1777561159 3548 3692 3664 379 3578 3622 3623 3591 4061 4061 4061 4061 4061 4061 4061 4061
4498 1777561159 3547 3692 3664 379 3578 3622 3622 3591 4061 4061 4060 4060 4060 4060 4060 4060
4499 1777561167 3547 3691 3663 378 3576 3621 3621 3589 4061 4061 4061 4061 4061 4061 4061 4061
4500 1777561167 3546 3690 3662 379 3576 3619 3620 3588 4061 4061 4060 4060 4060 4060 4060 4060
4501 1777561175 3546 3690 3662 379 3577 3619 3620 3588 4061 4061 4060 4060 4060 4060 4060 4060
4502 1777561175 3545 3690 3662 378 3576 3620 3620 3588 4061 4061 4061 4061 4061 4061 4061 4061
4503 1777561175 3546 3691 3662 378 3576 3620 3621 3589 4061 4061 4061 4061 4061 4061 4061 4061
4504 1777561175 3547 3691 3664 379 3578 3621 3622 3590 4061 4061 4060 4060 4060 4060 4060 4060
4505 1777561175 3546 3691 3663 378 3577 3620 3621 3589 4061 4061 4061 4061 4061 4061 4061 4061
4506 1777561175 3547 3691 3664 378 3579 3622 3622 3590 4059 4059 4059 4059 4059 4059 4059 4059
4507 1777561175 3547 3692 3664 378 3578 3622 3623 3590 4061 4061 4060 4060 4060 4060 4060 4060
4508 1777561175 3547 3691 3663 379 3578 3622 3622 3590 4061 4061 4060 4060 4060 4060 4060 4060
4509 1777561175 3547 3691 3663 378 3577 3621 3622 3590 4061 4061 4061 4061 4061 4061 4061 4061
4510 1777561175 3546 3691 3663 378 3576 3621 3621 3589 4057 4057 4056 4056 4056 4056 4056 4056
4511 1777561175 3547 3692 3663 379 3578 3621 3622 3591 4061 4061 4061 4061 4061 4061 4061 4061
4512 1777561175 3547 3691 3664 379 3578 3621 3621 3590 4061 4061 4061 4061 4061 4061 4061 4061
4513 1777561175 3546 3691 3663 378 3577 3621 3622 3590 4061 4061 4061 4061 4061 4061 4061 4061
4514 1777561175 3546 3690 3662 379 3577 3621 3621 3589 4061 4061 4061 4061 4061 4061 4061 4061
4515 1777561175 3547 3691 3663 378 3577 3620 3621 3589 4061 4061 4061 4061 4061 4061 4061 4061
4516 1777561175 3547 3691 3663 379 3577 3621 3622 3590 4061 4061 4060 4060 4060 4060 4060 4060
4517 1777561175 3546 3691 3663 378 3577 3622 3622 3590 4061 4061 4061 4061 4061 4061 4061 4061
4518 1777561175 3547 3691 3663 379 3578 3621 3621 3589 4061 4061 4061 4061 4061 4061 4061 4061
4519 1777561175 3547 3692 3663 379 3578 3622 3622 3590 4061 4061 4061 4061 4061 4061 4061 4061
4520 1777561175 3547 3692 3664 378 3578 3621 3622 3590 4063 4061 4061 4061 4061 4061 4061 4061
4521 1777561175 3547 3692 3663 378 3577 3621 3621 3589 4061 4061 4061 4061 4061 4061 4061 4061
4522 1777561175 3546 3690 3662 379 3577 3621 3621 3590 4061 4061 4061 4061 4061 4061 4061 4061
4523 1777561175 3548 3692 3664 380 3579 3622 3622 3590 4061 4061 4061 4061 4061 4061 4061 4061
4524 1777561175 3547 3691 3663 379 3578 3622 3622 3590 4061 4060 4060 4060 4060 4060 4060 4060
4525 1777561175 3547 3691 3664 378 3577 3621 3622 3590 4061 4061 4061 4061 4061 4061 4061 4061
4526 1777561175 3547 3691 3663 379 3578 3622 3622 3590 4063 4063 4062 4062 4062 4062 4062 4062
4527 1777561175 3547 3692 3664 379 3577 3621 3622 3590 4061 4061 4060 4060 4060 4060 4060 4060
4528 1777561175 3548 3691 3664 379 3578 3621 3622 3590 4063 4063 4062 4062 4062 4062 4062 4062
4529 1777561175 3547 3692 3664 379 3578 3621 3622 3590 4061 4061 4061 4061 4061 4061 4061 4061
4530 1777561175 3547 3691 3663 379 3577 3621 3621 3589 4063 4063 4062 4062 4062 4062 4062 4062
4531 1777561175 3548 3692 3664 379 3578 3621 3622 3590 4061 4061 4061 4061 4061 4061 4061 4061
4532 1777561175 3547 3691 3663 379 3577 3621 3621 3590 4061 4061 4061 4061 4061 4061 4061 4061
4533 1777561175 3547 3693 3664 379 3578 3622 3622 3590 4061 4061 4060 4060 4060 4060 4060 4060
4534 1777561175 3547 3691 3664 378 3578 3621 3622 3590 4063 4063 4062 4062 4062 4062 4062 4062
4535 1777561176 3548 3692 3664 378 3578 3622 3623 3591 4063 4063 4062 4062 4062 4062 4062 4062
4536 1777561176 3547 3691 3664 379 3578 3621 3622 3590 4061 4061 4061 4061 4061 4061 4061 4061
4537 1777561176 3547 3692 3664 379 3578 3621 3622 3590 4061 4061 4061 4061 4061 4061 4061 4061
4538 1777561176 3547 3692 3664 379 3578 3622 3622 3590 4061 4061 4060 4060 4060 4060 4060 4060
4539 1777561176 3548 3692 3665 378 3579 3622 3623 3591 4063 4063 4062 4062 4062 4062 4062 4062
4540 1777561176 3547 3692 3664 379 3578 3622 3622 3590 4061 4061 4060 4060 4060 4060 4060 4060
4541 1777561176 3548 3693 3665 379 3579 3623 1368 3591 4061 4061 4060 4060 4060 4060 4060 4060
4542 1777561176 3548 3691 3664 378 3578 3621 3622 3590 4063 4063 4062 4062 4062 4062 4062 4062
4543 1777561176 3547 3692 3664 379 3578 3621 3622 3590 4061 4061 4061 4061 4061 4061 4061 4061
4544 1777561176 3547 3692 3664 379 3578 3623 3623 3591 4061 4061 4060 4060 4060 4060 4060 4060
4545 1777561176 3547 3692 3664 378 3578 3622 3622 3590 4061 4061 4061 4061 4061 4061 4061 4061
4546 1777561176 3548 3692 3665 378 3579 3622 3623 3591 4061 4061 4060 4060 4060 4060 4060 4060
4547 1777561176 3548 3692 3664 379 3579 3622 3623 3590 4061 4061 4061 4061 4061 4061 4061 4061
4548 1777561176 3547 3691 3664 379 3578 3622 3622 3590 4061 4061 4061 4061 4061 4061 4061 4061
4549 1777561176 3548 3693 3665 379 3578 3622 3622 3590 4063 4063 4062 4062 4062 4062 4062 4062
4550 1777561176 3547 3692 3664 379 3578 3622 3622 3590 4061 4061 4061 4061 4061 4061 4061 4061
4551 1777561176 3547 3692 3664 379 3578 3622 3622 3590 4061 4061 4061 4061 4061 4061 4061 4061
4552 1777561176 3547 3692 3664 379 3578 3622 3622 3590 4061 4061 4061 4061 4061 4061 4061 4061
4553 1777561176 3548 3692 3664 379 3578 3622 3623 3591 4061 4061 4060 4060 4060 4060 4060 4060
4554 1777561176 3548 3692 3664 379 3579 3622 3622 3590 4061 4061 4061 4061 4061 4061 4061 4061
4555 1777561176 3548 3692 3664 380 3579 3622 3623 3590 4061 4060 4060 4060 4060 4060 4060 4060
4556 1777561176 3549 3693 3666 379 3578 3623 3623 3592 4061 4061 4061 4061 4061 4061 4061 4061
4557 1777561176 3547 3691 3663 379 3577 3621 3622 3589 4061 4061 4061 4061 4061 4061 4061 4061
4558 1777561176 3548 3692 3665 378 3579 3623 3623 3591 4061 4061 4060 4060 4060 4060 4060 4060
4559 1777561176 3548 3692 3664 379 3577 3621 3622 3590 4061 4061 4061 4061 4061 4061 4061 4061
4560 1777561176 3548 3693 3664 379 3578 3622 3623 3591 4061 4061 4060 4060 4060 4060 4060 4060
4561 1777561176 3548 3693 3665 379 3579 3622 3623 3590 4061 4061 4060 4060 4060 4060 4060 4060
4562 1777561176 3547 3691 3663 379 3578 3622 3622 3591 4061 4061 4061 4061 4061 4061 4061 4061
4563 1777561176 3548 3692 3664 379 3578 3622 3623 3591 4061 4061 4061 4061 4061 4061 4061 4061
4564 1777561176 3547 3692 3665 379 3578 3622 3622 3590 4061 4061 4061 4061 4061 4061 4061 4061
4565 1777561176 3548 3692 3664 379 3579 3623 3623 3591 4061 4061 4061 4061 4061 4061 4061 4061
4566 1777561176 3546 3691 3664 379 3578 3621 3622 3590 4061 4061 4061 4061 4061 4061 4061 4061
4567 1777561176 3547 3692 3665 378 3579 3622 3623 3591 4061 4061 4061 4061 4061 4061 4061 4061
4568 1777561176 3547 3692 3664 379 3578 3622 3623 3590 4061 4061 4060 4060 4060 4060 4060 4060
4569 1777561176 3548 3693 3665 379 3579 3622 3623 3591 4061 4061 4061 4061 4061 4061 4061 4061
4570 1777561176 3548 3692 3664 379 3578 3622 3623 3591 4061 4061 4060 4060 4060 4060 4060 4060
4571 1777561176 3547 3692 3664 380 3578 3621 3622 3590 4061 4061 4061 4061 4061 4061 4061 4061
4572 1777561176 3548 3692 3665 379 3578 3623 3623 3591 4061 4061 4061 4061 4061 4061 4061 4061
4573 1777561176 3548 3692 3664 379 3578 3622 3623 3590 4063 4063 4062 4062 4062 4062 4062 4062
4574 1777561176 3548 3693 3665 379 3579 3623 3624 3591 4061 4060 4060 4060 4060 4060 4060 4060
4575 1777561176 3549 3693 3665 379 3579 3622 3623 3592 4061 4061 4061 4061 4061 4061 4061 4061
4576 1777561176 3548 3692 3664 379 3578 3622 3623 3591 4061 4060 4060 4060 4060 4060 4060 4060
4577 1777561176 3548 3692 3664 379 3577 3622 3622 3591 4061 4061 4061 4061 4061 4061 4061 4061
4578 1777561176 3548 3692 3664 379 3578 3622 3623 3590 4061 4060 4060 4060 4060 4060 4060 4060
4579 1777561176 3548 3692 3665 379 3579 3622 3623 3591 4061 4061 4061 4061 4061 4061 4061 4061
4580 1777561176 3548 3692 3664 379 3578 3622 3623 3591 4061 4061 4061 4061 4061 4061 4061 4061
4581 1777561176 3549 3693 3666 379 3580 3624 3624 3592 4061 4061 4060 4060 4060 4060 4060 4060
4582 1777561176 3548 3693 3665 379 3579 3623 3623 3592 4061 4061 4061 4061 4061 4061 4061 4061
4583 1777561176 3545 3690 3662 377 3576 3620 3620 3588 4061 4061 4061 4061 4061 4061 4061 4061
4584 1777561176 3546 3691 3663 377 3577 3621 3621 3589 4061 4061 4061 4061 4061 4061 4061 4061
4585 1777561176 3547 3691 3663 378 3578 3621 3622 3590 4061 4061 4061 4061 4061 4061 4061 4061
4586 1777561176 3546 3691 3663 377 3577 3621 3621 3589 4061 4061 4061 4061 4061 4061 4061 4061
4587 1777561176 3546 3690 3662 377 3577 3620 3621 3588 4061 4060 4060 4060 4060 4060 4060 4060
4588 1777561176 3546 3690 3662 377 3576 3620 3621 3588 4061 4061 4061 4061 4061 4061 4061 4061
4589 1777561176 3546 3691 3663 378 3577 3620 3621 3589 4061 4061 4061 4061 4061 4061 4061 4061
4590 1777561176 3545 3690 3662 377 3576 3620 3621 3588 4061 4061 4061 4061 4061 4061 4061 4061
4591 1777561176 3546 3691 3663 377 3575 3620 3620 3589 4061 4061 4061 4061 4061 4061 4061 4061
4592 1777561176 3547 3691 3664 377 3578 3622 3622 3590 4061 4061 4060 4060 4060 4060 4060 4060
4593 1777561176 3547 3691 3663 378 3577 3621 3621 3589 4063 4063 4062 4062 4062 4062 4062 4062
4594 1777561176 3546 3690 3662 378 3576 3620 3621 3589 4061 4061 4060 4060 4060 4060 4060 4060
4595 1777561176 3546 3691 3663 377 3577 3620 3621 3589 4063 4062 4062 4062 4062 4062 4062 4062
4596 1777561176 3546 3690 3662 377 3576 3620 3620 3589 4061 4061 4060 4060 4060 4060 4060 4060
4597 1777561176 3546 3691 3663 377 3577 3620 3621 3589 4061 4061 4060 4060 4060 4060 4060 4060
4598 1777561176 3546 3690 3663 378 3576 3620 3621 3589 4061 4061 4061 4061 4061 4061 4061 4061
4599 1777561176 3546 3690 3663 377 3576 3620 3620 3588 4061 4061 4060 4060 4060 4060 4060 4060
4600 1777561176 3546 3691 3664 377 3578 3621 3621 3590 4061 4061 4061 4061 4061 4061 4061 4061
4601 1777561176 3546 3690 3663 377 3577 3620 3621 3589 4063 4063 4062 4062 4062 4062 4062 4062
4602 1777561176 3546 3690 3662 377 3576 3621 3621 3589 4061 4060 4060 4060 4060 4060 4060 4060
4603 1777561176 3546 3691 3663 377 3577 3620 3621 3589 4061 4061 4061 4061 4061 4061 4061 4061
4604 1777561176 3546 3691 3662 378 3577 3621 3622 3589 4061 4061 4061 4061 4061 4061 4061 4061
4605 1777561176 3547 3691 3664 378 3577 3621 3621 3590 4059 4059 4059 4059 4059 4059 4059 4059
4606 1777561176 3546 3690 3662 377 3576 3620 3621 3589 4063 4062 4062 4062 4062 4062 4062 4062
4607 1777561176 3547 3691 3663 377 3577 3620 3621 3589 4061 4061 4060 4060 4060 4060 4060 4060
4608 1777561176 3546 3691 3663 377 3578 3621 3621 3589 4061 4061 4060 4060 4060 4060 4060 4060
4609 1777561176 3546 3690 3663 378 3577 3620 3621 3589 4061 4061 4061 4061 4061 4061 4061 4061
4610 1777561176 3547 3691 3664 377 3578 3621 3622 3589 4061 4061 4061 4061 4061 4061 4061 4061
4611 1777561176 3546 3690 3662 378 3577 3620 3620 3589 4061 4061 4061 4061 4061 4061 4061 4061
4612 1777561176 3546 3690 3662 377 3577 3620 3621 3589 4061 4061 4060 4060 4060 4060 4060 4060
4613 1777561176 3547 3690 3663 378 3577 3620 3621 3589 4061 4061 4061 4061 4061 4061 4061 4061
4614 1777561176 3546 3690 3663 377 3577 3621 3621 3589 4061 4061 4061 4061 4061 4061 4061 4061
4615 1777561176 3547 3691 3663 378 3577 3621 3621 3589 4061 4061 4061 4061 4061 4061 4061 4061
4616 1777561176 3547 3691 3663 377 3578 3622 3622 3590 4061 4061 4061 4061 4061 4061 4061 4061
4617 1777561176 3546 3691 3663 377 3577 3621 3621 3589 4061 4061 4060 4060 4060 4060 4060 4060
4618 1777561177 3546 3691 3663 378 3577 3621 3621 3589 4061 4061 4061 4061 4061 4061 4061 4061
4619 1777561177 3546 3690 3663 377 3577 3620 3621 3589 4061 4061 4060 4060 4060 4060 4060 4060
4620 1777561177 3545 3691 3662 377 3577 3620 3621 3589 4061 4061 4060 4060 4060 4060 4060 4060
4621 1777561177 3546 3690 3662 378 3577 3620 3621 3589 4063 4063 4062 4062 4062 4062 4062 4062
4622 1777561177 3546 3690 3663 377 3576 3620 3621 3589 4061 4061 4060 4060 4060 4060 4060 4060
4623 1777561177 3546 3691 3663 377 3577 3621 3621 3589 4061 4061 4061 4061 4061 4061 4061 4061
4624 1777561177 3546 3691 3663 377 3577 3621 3621 3589 4061 4061 4061 4061 4061 4061 4061 4061
4625 1777561177 3547 3692 3664 378 3577 3621 3622 3590 4061 4061 4061 4061 4061 4061 4061 4061
4626 1777561177 3546 3691 3663 377 3576 3620 3621 3589 4061 4061 4061 4061 4061 4061 4061 4061
4627 1777561177 3547 3691 3663 378 3577 3621 3622 3590 4061 4061 4061 4061 4061 4061 4061 4061
4628 1777561177 3546 3691 3663 377 3577 3620 3621 3589 4061 4061 4061 4061 4061 4061 4061 4061
4629 1777561177 3547 3692 3664 377 3577 3622 3622 3590 4061 4061 4060 4060 4060 4060 4060 4060
4630 1777561177 3546 3691 3663 377 3578 3621 3622 3589 4061 4061 4061 4061 4061 4061 4061 4061
4631 1777561177 3546 3691 3663 378 3577 3621 3621 3590 4061 4061 4061 4061 4061 4061 4061 4061
4632 1777561177 3547 3691 3664 378 3578 3621 3622 3590 4061 4061 4061 4061 4061 4061 4061 4061
4633 1777561177 3546 3691 3663 378 3578 3621 3622 3590 4063 4063 4062 4062 4062 4062 4062 4062
4634 1777561177 3546 3691 3662 377 3577 3621 3621 3589 4059 4059 4059 4059 4059 4059 4059 4059
4635 1777561177 3547 3692 3664 378 3577 3621 3621 3589 4059 4059 4059 4059 4059 4059 4059 4059
4636 1777561177 3546 3691 3663 379 3577 3620 3622 3589 4061 4061 4060 4060 4060 4060 4060 4060
4637 1777561177 3546 3691 3663 378 3577 3621 3621 3590 4061 4061 4061 4061 4061 4061 4061 4061
4638 1777561177 3547 3692 3664 377 3578 3621 3622 3590 4059 4059 4059 4059 4059 4059 4059 4059
4639 1777561177 3547 3691 3663 378 3577 3621 3622 3590 4061 4061 4061 4061 4061 4061 4061 4061
4640 1777561177 3546 3691 3663 377 3577 3621 3621 3589 4061 4060 4060 4060 4060 4060 4060 4060
4641 1777561177 3548 3692 3664 378 3578 3622 3622 3590 4061 4061 4061 4061 4061 4061 4061 4061
4642 1777561177 3547 3691 3664 377 3577 3621 3622 3590 4061 4061 4061 4061 4061 4061 4061 4061
4643 1777561177 3545 3690 3662 378 3576 3620 3620 3588 4063 4063 4062 4062 4062 4062 4062 4062
4644 1777561177 3546 3691 3663 377 3576 3620 3621 3589 4061 4061 4061 4061 4061 4061 4061 4061
4645 1777561177 3547 3692 3664 378 3577 3622 3622 3590 4061 4061 4060 4060 4060 4060 4060 4060
4646 1777561177 3546 3690 3663 377 3577 3620 3621 3589 4061 4061 4061 4061 4061 4061 4061 4061
4647 1777561177 3547 3692 3663 378 3577 3621 3622 3590 4061 4061 4060 4060 4060 4060 4060 4060
4648 1777561177 3546 3691 3663 378 3577 3621 3622 3589 4061 4061 4061 4061 4061 4061 4061 4061
4649 1777561177 3546 3691 3664 378 3577 3621 3621 3589 4061 4061 4061 4061 4061 4061 4061 4061
4650 1777561177 3548 3692 3664 378 281 3620 3622 3591 4061 4061 4060 4060 4060 4060 4060 4060
4651 1777561177 3546 3691 3663 378 3577 3621 3622 3589 4061 4061 4061 4061 4061 4061 4061 4061
4652 1777561177 3546 3691 3662 379 3577 3620 3621 3589 4061 4061 4061 4061 4061 4061 4061 4061
4653 1777561177 3546 3691 3663 378 3577 3620 3621 3589 4063 4063 4062 4062 4062 4062 4062 4062
4654 1777561177 3546 3691 3663 378 3576 3621 3621 3589 4061 4061 4061 4061 4061 4061 4061 4061
4655 1777561177 3547 3691 3663 378 3577 3621 3622 3590 4061 4061 4060 4060 4060 4060 4060 4060
4656 1777561177 3547 3691 3664 378 3578 3621 3621 3590 4061 4061 4061 4061 4061 4061 4061 4061
4657 1777561177 3547 3691 3663 377 3578 3622 3622 3590 4061 4061 4060 4060 4060 4060 4060 4060
4658 1777561177 3546 3690 3663 378 3577 3620 3621 3589 4061 4061 4061 4061 4061 4061 4061 4061
4659 1777561177 3547 3691 3663 377 3577 3621 3622 3589 4063 4063 4062 4062 4062 4062 4062 4062
4660 1777561177 3546 3691 3663 378 3577 3620 3621 3589 4061 4061 4061 4061 4061 4061 4061 4061
4661 1777561177 3546 3691 3663 378 3577 3621 3622 3589 4061 4061 4060 4060 4060 4060 4060 4060
4662 1777561177 3547 3692 3664 377 3578 3621 3622 3590 4061 4061 4061 4061 4061 4061 4061 4061
4663 1777561177 3546 3691 3663 378 3577 3621 3621 3589 4061 4061 4061 4061 4061 4061 4061 4061
4664 1777561177 3550 3695 3666 378 3580 3624 3625 3592 4061 4061 4061 4061 4061 4061 4061 4061
4665 1777561177 3547 3691 3664 378 3577 3621 3622 3590 4061 4061 4061 4061 4061 4061 4061 4061
4666 1777561177 3548 3691 3664 378 3578 3622 3622 3591 4063 4063 4062 4062 4062 4062 4062 4062
4667 1777561177 3547 3692 3664 378 3577 3621 3621 3590 4059 4059 4059 4059 4059 4059 4059 4059
4668 1777561177 3547 3691 3663 379 3577 3621 3621 3590 4061 4061 4060 4060 4060 4060 4060 4060
4669 1777561177 3547 3692 3664 378 3577 3622 3622 3590 4061 4061 4061 4061 4061 4061 4061 4061
4670 1777561177 3546 3690 3663 378 3576 3620 3621 3589 4063 4063 4062 4062 4062 4062 4062 4062
4671 1777561177 3547 3691 3664 378 3578 3622 3622 3590 4061 4061 4060 4060 4060 4060 4060 4060
4672 1777561177 3546 3691 3663 378 3577 3620 3621 3589 4061 4061 4060 4060 4060 4060 4060 4060
4673 1777561177 3547 3691 3664 378 3577 3621 3621 3590 4061 4061 4061 4061 4061 4061 4061 4061
4674 1777561177 3547 3691 3663 378 3578 3621 3621 3590 4061 4061 4061 4061 4061 4061 4061 4061
4675 1777561177 3546 3691 3663 378 3578 3621 3622 3590 4061 4061 4060 4060 4060 4060 4060 4060
4676 1777561177 3547 3692 3664 378 3578 3621 3622 3590 4061 4061 4061 4061 4061 4061 4061 4061
4677 1777561177 3548 3692 3664 378 3578 3622 3623 3591 4061 4061 4061 4061 4061 4061 4061 4061
4678 1777561177 3547 3691 3663 378 3577 3621 3622 3590 4061 4061 4061 4061 4061 4061 4061 4061
4679 1777561177 3547 3692 3663 378 3577 3621 3622 3590 4061 4061 4061 4061 4061 4061 4061 4061
4680 1777561177 3547 3691 3663 378 3578 3622 3622 3591 4061 4061 4060 4060 4060 4060 4060 4060
4681 1777561177 3546 3690 3662 378 3577 3620 3621 3589 4061 4061 4060 4060 4060 4060 4060 4060
4682 1777561177 3547 3692 3664 378 3578 3621 3622 3590 4061 4061 4060 4060 4060 4060 4060 4060
4683 1777561177 3547 3692 3664 378 3578 3622 3622 3590 4059 4059 4059 4059 4059 4059 4059 4059
4684 1777561177 3547 3692 3663 379 3577 3621 3622 3590 4061 4061 4061 4061 4061 4061 4061 4061
4685 1777561177 3547 3692 3664 378 3577 3621 3621 3590 4061 4061 4060 4060 4060 4060 4060 4060
4686 1777561177 3548 3692 3664 378 3578 3622 3623 3591 4061 4061 4061 4061 4061 4061 4061 4061
4687 1777561177 3547 3691 3663 378 3577 3621 3622 3590 4061 4061 4061 4061 4061 4061 4061 4061
4688 1777561177 3547 3691 3663 378 3577 3621 3621 3590 4061 4061 4061 4061 4061 4061 4061 4061
4689 1777561177 3546 3691 3663 378 3577 3621 3622 3590 4063 4063 4062 4062 4062 4062 4062 4062
4690 1777561177 3547 3691 3663 379 3577 3621 3621 3589 4061 4061 4061 4061 4061 4061 4061 4061
4691 1777561177 3547 3692 3664 378 3578 3622 3622 3590 4063 4063 4062 4062 4062 4062 4062 4062
4692 1777561178 3548 3692 3665 378 3578 3622 3622 3591 4061 4061 4061 4061 4061 4061 4061 4061
4693 1777561178 3547 3692 3664 378 3578 3622 3623 3590 4061 4061 4061 4061 4061 4061 4061 4061
4694 1777561178 3546 3691 3663 378 3577 3621 3621 3589 4061 4060 4060 4060 4060 4060 4060 4060
4695 1777561178 3547 3691 3664 378 3577 3621 3621 3589 4061 4061 4061 4061 4061 4061 4061 4061
4696 1777561178 3547 3691 3663 378 3578 3621 3622 3589 4061 4061 4061 4061 4061 4061 4061 4061
4697 1777561178 3547 3691 3663 378 3577 3621 3621 3590 4061 4061 4061 4061 4061 4061 4061 4061
4698 1777561178 3546 3691 3663 378 3577 3621 3621 3590 4061 4061 4061 4061 4061 4061 4061 4061
4699 1777561178 3548 3692 3664 378 3578 3622 3623 3591 4063 4061 4061 4061 4061 4061 4061 4061
4700 1777561178 3547 3692 3664 378 3578 3621 3622 3590 4063 4063 4062 4062 4062 4062 4062 4062
4701 1777561178 3547 3692 3664 378 3577 3622 3623 3590 4061 4061 4061 4061 4061 4061 4061 4061
4702 1777561178 3548 3692 3664 377 3578 3622 3622 3591 4061 4061 4060 4060 4060 4060 4060 4060
4703 1777561178 3547 3691 3663 377 3578 3621 3621 3589 4061 4061 4060 4060 4060 4060 4060 4060
4704 1777561178 3547 3691 3664 378 3578 3621 3622 3590 4061 4061 4061 4061 4061 4061 4061 4061
4705 1777561178 3547 3691 3664 378 3577 3621 3622 3590 4061 4061 4061 4061 4061 4061 4061 4061
4706 1777561178 3547 3691 3664 378 3578 3622 3622 3590 4061 4061 4061 4061 4061 4061 4061 4061
4707 1777561178 3547 3692 3664 378 3578 3622 3623 3591 4061 4061 4061 4061 4061 4061 4061 4061
4708 1777561178 3547 3691 3663 378 3577 3621 3622 3590 4061 4061 4060 4060 4060 4060 4060 4060
4709 1777561178 3547 3691 3663 378 3577 3621 3621 3589 4061 4061 4060 4060 4060 4060 4060 4060
4710 1777561178 3547 3691 3664 379 3578 3621 3622 3590 4061 4061 4061 4061 4061 4061 4061 4061
4711 1777561178 3546 3691 3663 378 3577 3621 3622 3589 4061 4060 4060 4060 4060 4060 4060 4060
4712 1777561178 3547 3692 3664 378 3578 3622 3623 3590 4061 4061 4061 4061 4061 4061 4061 4061
4713 1777561178 3547 3691 3663 378 3577 3621 3621 3590 4061 4061 4061 4061 4061 4061 4061 4061
4714 1777561178 3546 3691 3663 381 3577 3621 3622 3590 4061 4061 4061 4061 4061 4061 4061 4061
4715 1777561178 3546 3690 3663 380 3577 3620 3621 3589 4061 4061 4061 4061 4061 4061 4061 4061
4716 1777561178 3547 3692 3664 379 3578 3622 3622 3591 4061 4061 4061 4061 4061 4061 4061 4061
4717 1777561178 3547 3691 3663 378 3577 3621 3622 3590 4059 4059 4059 4059 4059 4059 4059 4059
4718 1777561178 3548 3692 3664 378 3578 3622 3622 3590 4061 4061 4060 4060 4060 4060 4060 4060
4719 1777561178 3548 3692 3665 379 3578 3622 3623 3591 4061 4061 4061 4061 4061 4061 4061 4061
4720 1777561178 3546 3691 3663 378 3577 3621 3622 3589 4061 4061 4061 4061 4061 4061 4061 4061
4721 1777561178 3546 3690 3662 378 3577 3621 3622 3590 4061 4061 4061 4061 4061 4061 4061 4061
4722 1777561178 3548 3692 3664 378 3578 3622 3623 3590 4061 4061 4061 4061 4061 4061 4061 4061
4723 1777561178 3547 3691 3663 378 3578 3621 3622 3590 4061 4061 4060 4060 4060 4060 4060 4060
4724 1777561178 3547 3691 3663 379 3578 3622 3621 3589 4061 4061 4061 4061 4061 4061 4061 4061
4725 1777561178 3546 3690 3662 378 3577 3621 3622 3589 4061 4061 4060 4060 4060 4060 4060 4060
4726 1777561178 3546 3691 3663 378 3576 3621 3621 3590 4061 4061 4061 4061 4061 4061 4061 4061
4727 1777561178 3548 3692 3664 378 3579 3622 3622 3591 4061 4061 4061 4061 4061 4061 4061 4061
4728 1777561178 3547 3691 3663 379 3578 3622 3622 3591 4061 4061 4061 4061 4061 4061 4061 4061
4729 1777561178 3546 3691 3663 378 3577 3621 3622 3590 4061 4061 4060 4060 4060 4060 4060 4060
4730 1777561178 3547 3692 3664 379 3578 3622 3623 3590 4061 4061 4060 4060 4060 4060 4060 4060
4731 1777561178 3547 3692 3664 379 3578 3622 3622 3591 4061 4061 4061 4061 4061 4061 4061 4061
4732 1777561178 3547 3691 3664 379 3578 3622 3622 3590 4061 4061 4061 4061 4061 4061 4061 4061
4733 1777561178 3548 3692 3664 378 3577 3622 3622 3590 4061 4061 4061 4061 4061 4061 4061 4061
4734 1777561178 3547 3692 3664 378 3578 3622 3623 3591 4061 4061 4061 4061 4061 4061 4061 4061
4735 1777561178 3546 3691 3663 378 3577 3621 3622 3590 4061 4061 4061 4061 4061 4061 4061 4061
4736 1777561178 3547 3692 3664 378 3578 3621 3622 3590 4061 4061 4061 4061 4061 4061 4061 4061
4737 1777561178 3548 3692 3664 378 3578 3622 3622 3590 4061 4061 4060 4060 4060 4060 4060 4060
4738 1777561178 3547 3692 3664 379 3578 3621 3622 3590 4061 4061 4060 4060 4060 4060 4060 4060
4739 1777561178 3547 3692 3664 378 3578 3622 3622 3591 4063 4063 4062 4062 4062 4062 4062 4062
4740 1777561178 3547 3691 3663 379 3578 3622 3622 3590 4061 4061 4061 4061 4061 4061 4061 4061
4741 1777561178 3547 3692 3664 378 3578 3622 3623 3591 4061 4061 4061 4061 4061 4061 4061 4061
4742 1777561178 3547 3691 3663 378 3577 3621 3622 3590 4061 4061 4060 4060 4060 4060 4060 4060
4743 1777561178 3547 3691 3664 378 3578 3622 3622 3590 4061 4061 4061 4061 4061 4061 4061 4061
4744 1777561178 3546 3690 3663 379 3577 3621 3621 3590 4061 4061 4061 4061 4061 4061 4061 4061
4745 1777561178 3548 3692 3665 378 3578 3622 3623 3590 4063 4063 4062 4062 4062 4062 4062 4062
4746 1777561178 3547 3692 3664 379 3578 3622 3622 3590 4061 4061 4060 4060 4060 4060 4060 4060
4747 1777561178 3548 3693 3665 378 3579 3623 3624 3592 4061 4061 4060 4060 4060 4060 4060 4060
4748 1777561178 3547 3692 3664 379 3578 3622 3622 3590 4061 4061 4061 4061 4061 4061 4061 4061
4749 1777561178 3547 3692 3664 379 3577 3621 3622 3590 4061 4061 4060 4060 4060 4060 4060 4060
4750 1777561178 3547 3692 3664 379 3578 3622 3622 3590 4061 4061 4060 4060 4060 4060 4060 4060
4751 1777561178 3547 3691 3663 379 3577 3621 3621 3590 4061 4061 4061 4061 4061 4061 4061 4061
4752 1777561178 3549 3693 3666 378 3580 3623 3624 1765 4063 4063 4062 4062 4062 4062 4062 4062
4753 1777561178 3548 3692 3664 379 3578 3622 3622 3591 4059 4057 4057 4057 4057 4057 4057 4057
4754 1777561178 3547 3692 3663 379 3577 3621 3622 3590 4061 4061 4060 4060 4060 4060 4060 4060
4755 1777561186 3546 3690 3663 379 3576 3620 3620 3588 4063 4063 4062 4062 4062 4062 4062 4062
4756 1777561186 3546 3690 3663 378 3577 3620 3621 3589 4061 4061 4061 4061 4061 4061 4061 4061
4757 1777561186 3546 3690 3663 378 3576 3621 3621 3590 4061 4061 4060 4060 4060 4060 4060 4060
4758 1777561186 3547 3691 3664 378 3577 3621 3622 3590 4061 4061 4061 4061 4061 4061 4061 4061
4759 1777561186 3546 3691 3663 379 3577 3621 3621 3590 4061 4061 4061 4061 4061 4061 4061 4061
4760 1777561186 3547 3692 3664 378 3577 3621 3622 3590 4061 4061 4061 4061 4061 4061 4061 4061
4761 1777561186 3547 3692 3664 379 3578 3621 3622 3590 4061 4061 4061 4061 4061 4061 4061 4061
4762 1777561186 3546 3691 3663 378 3577 3620 3621 3589 4061 4061 4061 4061 4061 4061 4061 4061
4763 1777561186 3547 3692 3664 379 3578 3622 3622 3590 4061 4061 4061 4061 4061 4061 4061 4061
4764 1777561186 3546 3690 3663 378 3577 3620 3621 3589 4061 4061 4061 4061 4061 4061 4061 4061
4765 1777561186 3547 3691 3663 378 3576 3621 3622 3590 4061 4061 4060 4060 4060 4060 4060 4060
4766 1777561186 3546 3690 3663 379 3577 3621 3621 3590 4063 4063 4062 4062 4062 4062 4062 4062
4767 1777561186 3547 3691 3664 378 3578 3622 3622 3590 4061 4061 4060 4060 4060 4060 4060 4060
4768 1777561194 3546 3689 3662 378 3576 3619 3620 3588 4061 4061 4060 4060 4060 4060 4060 4060
4769 1777561194 3547 3692 3664 380 3578 3622 3622 3590 4061 4061 4060 4060 4060 4060 4060 4060
4770 1777561194 3547 3691 3663 379 3577 3621 3621 3590 4061 4061 4061 4061 4061 4061 4061 4061
4771 1777561194 3547 3692 3664 379 3578 3622 3622 3591 4061 4061 4060 4060 4060 4060 4060 4060
4772 1777561194 3547 3691 3663 379 3577 3621 3621 3589 4061 4061 4061 4061 4061 4061 4061 4061
4773 1777561194 3545 3690 3662 378 3576 3620 3620 3588 4061 4061 4060 4060 4060 4060 4060 4060
4774 1777561194 3546 3691 3663 379 3577 3621 3621 3589 4063 4063 4062 4062 4062 4062 4062 4062
4775 1777561194 3546 3691 3663 379 3577 3621 3621 3589 4061 4061 4061 4061 4061 4061 4061 4061
4776 1777561194 3546 3691 3663 379 3577 3621 3621 3589 4061 4061 4061 4061 4061 4061 4061 4061
4777 1777561194 3546 3691 3663 378 3577 3621 3621 3589 4061 4061 4061 4061 4061 4061 4061 4061
4778 1777561194 3547 3691 3663 379 3577 3621 3622 3590 4061 4061 4060 4060 4060 4060 4060 4060
4779 1777561194 3548 3692 3664 378 3577 3622 3623 3590 4061 4061 4060 4060 4060 4060 4060 4060
4780 1777561194 3547 3692 3664 379 3578 3621 3622 3590 4061 4061 4061 4061 4061 4061 4061 4061
4781 1777561194 3547 3691 3663 379 3577 3620 3621 3589 4061 4061 4060 4060 4060 4060 4060 4060
4782 1777561194 3547 3691 3664 379 3578 3622 3622 3590 4061 4061 4061 4061 4061 4061 4061 4061
4783 1777561195 3547 3691 3664 378 3577 3621 3622 3589 4061 4060 4060 4060 4060 4060 4060 4060
4784 1777561195 3547 3692 3664 378 3578 3622 3622 3590 4061 4061 4061 4061 4061 4061 4061 4061
4785 1777561195 3546 3690 3663 379 3577 3621 3621 3590 4061 4061 4061 4061 4061 4061 4061 4061
4786 1777561195 3546 3691 3663 379 3577 3621 3621 3589 4063 4063 4062 4062 4062 4062 4062 4062
4787 1777561195 3546 3691 3663 378 3577 3621 3621 3589 4061 4061 4061 4061 4061 4061 4061 4061
4788 1777561195 3547 3691 3664 379 3578 3622 3623 3591 4061 4061 4061 4061 4061 4061 4061 4061
4789 1777561195 3546 3691 3663 379 3577 3621 3621 3589 4061 4061 4060 4060 4060 4060 4060 4060
4790 1777561195 3547 3691 3663 379 3577 3621 3622 3590 4061 4061 4061 4061 4061 4061 4061 4061
4791 1777561195 3547 3692 3663 379 3577 3622 3622 3590 4061 4061 4060 4060 4060 4060 4060 4060
4792 1777561195 3547 3692 3664 378 3578 3621 3622 3590 4061 4061 4061 4061 4061 4061 4061 4061
4793 1777561195 3548 3692 3665 378 3579 3622 3623 3591 4061 4061 4061 4061 4061 4061 4061 4061
4794 1777561195 3547 3691 3663 379 3578 3622 3622 3590 4061 4061 4061 4061 4061 4061 4061 4061
4795 1777561195 3547 3692 3664 378 3577 3622 3622 3590 4061 4061 4061 4061 4061 4061 4061 4061
4796 1777561195 3547 3692 3664 379 3578 3622 3622 3590 4061 4060 4060 4060 4060 4060 4060 4060
4797 1777561195 3547 3691 3664 379 3577 3621 3622 3589 4061 4061 4060 4060 4060 4060 4060 4060
4798 1777561195 3548 3692 3664 379 3578 3621 3622 3590 4061 4061 4060 4060 4060 4060 4060 4060
4799 1777561195 3547 3692 3664 379 3578 3622 3622 3590 4063 4061 4061 4061 4061 4061 4061 4061
4800 1777561195 3547 3692 3664 379 3578 3622 3623 3590 4061 4061 4060 4060 4060 4060 4060 4060
4801 1777561195 3547 3691 3663 379 3578 3621 3622 3590 4061 4061 4061 4061 4061 4061 4061 4061
4802 1777561195 3547 3691 3663 379 3578 3621 3622 3590 4061 4061 4061 4061 4061 4061 4061 4061
4803 1777561195 3547 3692 3663 379 3577 3621 3622 3590 4063 4061 4061 4061 4061 4061 4061 4061
4804 1777561195 3547 3692 3664 379 3578 3622 3622 3590 4061 4061 4060 4060 4060 4060 4060 4060
4805 1777561195 3547 3692 3665 378 3578 3622 3623 3591 4061 4061 4060 4060 4060 4060 4060 4060
4806 1777561195 3547 3691 3663 379 3578 3621 3622 3590 4061 4061 4061 4061 4061 4061 4061 4061
4807 1777561195 3547 3691 3664 379 3578 3622 3622 3590 4061 4060 4060 4060 4060 4060 4060 4060
4808 1777561195 3548 3692 3664 379 3578 3622 3622 3590 4061 4061 4061 4061 4061 4061 4061 4061
4809 1777561195 3546 3691 3663 380 3577 3621 3621 3590 4061 4061 4061 4061 4061 4061 4061 4061
4810 1777561195 3547 3691 3664 379 3578 3622 3622 3590 4061 4061 4060 4060 4060 4060 4060 4060
4811 1777561195 3547 3691 3663 379 3577 3622 3622 3590 4061 4061 4061 4061 4061 4061 4061 4061
4812 1777561195 3548 3692 3665 379 3578 3622 3622 3590 4061 4061 4061 4061 4061 4061 4061 4061
4813 1777561195 3548 3692 3664 379 3578 3622 3622 3590 4061 4061 4061 4061 4061 4061 4061 4061
4814 1777561195 3547 3691 3663 379 3578 3621 3621 3590 4061 4061 4061 4061 4061 4061 4061 4061
4815 1777561195 3547 3692 3664 378 3579 3622 3623 3591 4063 4063 4062 4062 4062 4062 4062 4062
4816 1777561195 3548 3692 3664 379 3578 3621 3622 3590 4061 4061 4061 4061 4061 4061 4061 4061
4817 1777561195 3548 3693 3665 379 3579 3622 3623 3591 4061 4061 4060 4060 4060 4060 4060 4060
4818 1777561195 3547 3692 3664 379 3578 3622 3623 3591 4061 4061 4061 4061 4061 4061 4061 4061
4819 1777561195 3547 3692 3664 379 3578 3622 3623 3590 4061 4061 4061 4061 4061 4061 4061 4061
4820 1777561195 3548 3692 3665 379 3579 3622 3623 3590 4061 4061 4061 4061 4061 4061 4061 4061
4821 1777561195 3548 3692 3664 379 3579 3623 3623 3591 4061 4061 4061 4061 4061 4061 4061 4061
4822 1777561195 3548 3692 3664 379 3578 3622 3622 3590 4061 4061 4061 4061 4061 4061 4061 4061
4823 1777561195 3547 3692 3664 379 3577 3622 3622 3590 4061 4061 4060 4060 4060 4060 4060 4060
4824 1777561195 3548 3692 3664 379 3578 3622 3623 3590 4061 4060 4060 4060 4060 4060 4060 4060
4825 1777561195 3548 3692 3664 380 3579 3622 3623 3591 4061 4061 4061 4061 4061 4061 4061 4061
4826 1777561195 3548 3693 3665 379 3578 3622 3622 3590 4061 4061 4061 4061 4061 4061 4061 4061
4827 1777561195 3548 3692 3665 379 3578 3622 3623 3591 4063 4063 4062 4062 4062 4062 4062 4062
4828 1777561195 3548 3693 3665 379 3579 3622 3623 3591 4061 4061 4060 4060 4060 4060 4060 4060
4829 1777561195 3547 3692 3664 379 3577 3622 3622 3590 4061 4061 4061 4061 4061 4061 4061 4061
4830 1777561195 3547 3692 3664 379 3578 3622 3623 3591 4061 4061 4060 4060 4060 4060 4060 4060
4831 1777561195 3548 3692 3664 379 3578 3622 3622 3591 4061 4061 4061 4061 4061 4061 4061 4061
4832 1777561195 3548 3692 3664 379 3578 3622 3622 3591 4061 4061 4060 4060 4060 4060 4060 4060
4833 1777561195 3547 3691 3663 379 3578 3622 3622 3591 4063 4063 4062 4062 4062 4062 4062 4062
4834 1777561195 3548 3692 3664 379 3578 3622 3622 3591 4061 4061 4061 4061 4061 4061 4061 4061
4835 1777561195 3548 3694 3666 379 3579 3623 3624 3592 4061 4060 4060 4060 4060 4060 4060 4060
4836 1777561195 3548 3692 3664 379 3578 3622 3622 3590 4061 4061 4061 4061 4061 4061 4061 4061
4837 1777561195 3545 3691 3663 377 3577 3620 3621 3589 4061 4061 4060 4060 4060 4060 4060 4060
4838 1777561195 3547 3691 3663 377 3577 3621 3621 3589 4061 4061 4061 4061 4061 4061 4061 4061
4839 1777561195 3546 3691 3663 377 3577 3621 3621 3589 4061 4061 4061 4061 4061 4061 4061 4061
4840 1777561195 3546 3691 3663 377 3578 3621 3621 3589 4061 4061 4061 4061 4061 4061 4061 4061
4841 1777561195 3547 3691 3663 377 3577 3620 3621 3589 4061 4061 4061 4061 4061 4061 4061 4061
4842 1777561195 3546 3690 3662 379 3577 3621 3621 3589 4061 4061 4061 4061 4061 4061 4061 4061
4843 1777561195 3546 3690 3662 378 3576 3620 3620 3589 4059 4059 4058 4058 4058 4058 4058 4058
4844 1777561195 3546 3690 3663 377 3576 3620 3621 3589 4061 4061 4061 4061 4061 4061 4061 4061
4845 1777561195 3545 3690 3662 377 3575 3620 3620 3589 4061 4061 4061 4061 4061 4061 4061 4061
4846 1777561195 3546 3690 3663 377 3577 3620 3621 3589 4061 4060 4060 4060 4060 4060 4060 4060
4847 1777561195 3546 3691 3662 377 3577 3621 3621 3589 4061 4061 4060 4060 4060 4060 4060 4060
4848 1777561195 3546 3690 3663 377 3576 3620 3621 3589 4061 4061 4061 4061 4061 4061 4061 4061
4849 1777561195 3546 3690 3663 377 3576 3620 3621 3589 4061 4061 4061 4061 4061 4061 4061 4061
4850 1777561195 3547 3691 3663 377 3578 3621 3622 3590 4061 4061 4061 4061 4061 4061 4061 4061
4851 1777561195 3546 3691 3662 378 3577 3620 3621 3589 4061 4061 4061 4061 4061 4061 4061 4061
4852 1777561195 3547 3692 3663 377 3577 3621 3621 3589 4061 4061 4060 4060 4060 4060 4060 4060
4853 1777561195 3546 3691 3662 378 3576 3620 3621 3588 4061 4061 4061 4061 4061 4061 4061 4061
4854 1777561195 3547 3691 3663 377 3577 3620 3622 3589 4061 4061 4061 4061 4061 4061 4061 4061
4855 1777561195 3546 3690 3662 378 3576 3620 3620 3589 4061 4061 4061 4061 4061 4061 4061 4061
4856 1777561195 3546 3691 3663 377 3576 3621 3621 3589 4061 4061 4061 4061 4061 4061 4061 4061
4857 1777561196 3547 3692 3664 378 3577 3621 3621 3590 4061 4061 4060 4060 4060 4060 4060 4060
4858 1777561196 3546 3691 3663 377 3577 3620 3620 3589 4061 4061 4060 4060 4060 4060 4060 4060
4859 1777561196 3546 3690 3662 378 3577 3620 3621 3589 4061 4061 4061 4061 4061 4061 4061 4061
4860 1777561196 3546 3690 3663 377 3576 3620 3621 3589 4061 4061 4060 4060 4060 4060 4060 4060
4861 1777561196 3546 3690 3662 378 3577 3621 3621 3589 4063 4063 4062 4062 4062 4062 4062 4062
4862 1777561196 3547 3691 3663 377 3577 3621 3621 3589 4061 4061 4060 4060 4060 4060 4060 4060
4863 1777561196 3546 3690 3662 378 3577 3620 3621 3589 4061 4061 4060 4060 4060 4060 4060 4060
4864 1777561196 3547 3691 3663 377 3577 3621 3622 3589 4061 4061 4060 4060 4060 4060 4060 4060
4865 1777561196 3546 3691 3663 377 3577 3621 3621 3590 4061 4061 4061 4061 4061 4061 4061 4061
4866 1777561196 3546 3691 3663 377 3577 3620 3621 3590 4061 4061 4060 4060 4060 4060 4060 4060
4867 1777561196 3546 3690 3663 378 3577 3620 3621 3589 4061 4061 4060 4060 4060 4060 4060 4060
4868 1777561196 3546 3690 3662 378 3576 3620 3621 3589 4055 4055 4055 4055 4055 4055 4055 4055
4869 1777561196 3547 3692 3664 378 3578 3621 3622 3590 4061 4061 4060 4060 4060 4060 4060 4060
4870 1777561196 3547 3691 3663 377 3577 3621 3621 3589 4061 4060 4060 4060 4060 4060 4060 4060
4871 1777561196 3546 3690 3663 378 3577 3621 3622 3589 4059 4059 4059 4059 4059 4059 4059 4059
4872 1777561196 3546 3690 3662 377 3576 3620 3620 3588 4061 4061 4061 4061 4061 4061 4061 4061
4873 1777561196 3546 3691 3663 377 3577 3620 3621 3589 4061 4061 4060 4060 4060 4060 4060 4060
4874 1777561196 3546 3690 3663 377 3577 3620 3620 3588 4061 4061 4061 4061 4061 4061 4061 4061
4875 1777561196 3547 3690 3662 378 3577 3621 3621 3589 4061 4061 4061 4061 4061 4061 4061 4061
4876 1777561196 3546 3691 3663 377 3576 3621 3621 3589 4061 4061 4061 4061 4061 4061 4061 4061
4877 1777561196 3546 3691 3663 378 3577 3621 3621 3590 4061 4061 4060 4060 4060 4060 4060 4060
4878 1777561196 3547 3691 3663 377 3577 3621 3622 3590 4061 4061 4060 4060 4060 4060 4060 4060
4879 1777561196 3546 3691 3663 377 3577 3621 3622 3590 4063 4061 4061 4061 4061 4061 4061 4061
4880 1777561196 3545 3690 3662 378 3576 3620 3620 3588 4061 4061 4060 4060 4060 4060 4060 4060
4881 1777561196 3545 3690 3662 377 3576 3620 3620 3588 4063 4063 4062 4062 4062 4062 4062 4062
4882 1777561196 3548 3693 3665 378 3578 3623 3623 3591 4061 4061 4060 4060 4060 4060 4060 4060
4883 1777561196 3547 3691 3664 378 3577 3621 3622 3590 4061 4061 4061 4061 4061 4061 4061 4061
4884 1777561196 3546 3691 3663 378 3576 3621 3621 3590 4061 4061 4061 4061 4061 4061 4061 4061
4885 1777561196 3546 3690 3663 377 3577 3620 3621 3589 4063 4063 4062 4062 4062 4062 4062 4062
4886 1777561196 3547 3691 3663 377 3578 3621 3622 3590 4061 4061 4061 4061 4061 4061 4061 4061
4887 1777561196 3546 3691 3662 378 3577 3621 3621 3590 4063 4063 4062 4062 4062 4062 4062 4062
4888 1777561196 3546 3691 3663 378 3577 3621 3621 3590 4061 4061 4060 4060 4060 4060 4060 4060
4889 1777561196 3546 3691 3662 378 3576 3620 3621 3588 4061 4061 4061 4061 4061 4061 4061 4061
4890 1777561196 3546 3691 3663 377 3577 3621 3621 3589 4061 4061 4061 4061 4061 4061 4061 4061
4891 1777561196 3547 3692 3664 378 3578 3622 3623 3590 4061 4061 4061 4061 4061 4061 4061 4061
4892 1777561196 3546 3691 3663 378 3576 3621 3621 3589 4061 4061 4061 4061 4061 4061 4061 4061
4893 1777561196 3547 3692 3664 378 3578 3621 3622 3590 4061 4061 4060 4060 4060 4060 4060 4060
4894 1777561196 3545 3690 3662 378 3576 3620 3620 3588 4061 4061 4061 4061 4061 4061 4061 4061
4895 1777561196 3546 3690 3662 378 3576 3620 3621 3589 4061 4061 4061 4061 4061 4061 4061 4061
4896 1777561196 3547 3691 3663 377 3578 3621 3622 3590 4059 4059 4059 4059 4059 4059 4059 4059
4897 1777561196 3546 3691 3663 378 3577 3621 3621 3590 4061 4061 4060 4060 4060 4060 4060 4060
4898 1777561196 3546 3691 3663 377 3577 3621 3621 3589 4061 4061 4061 4061 4061 4061 4061 4061
4899 1777561196 3546 3690 3662 378 3577 3621 3621 3589 4061 4061 4061 4061 4061 4061 4061 4061
4900 1777561196 3546 3691 3663 377 3576 3621 3621 3589 4059 4059 4058 4058 4058 4058 4058 4058
4901 1777561196 3548 3692 3664 377 3578 3622 3622 3590 4061 4061 4061 4061 4061 4061 4061 4061
4902 1777561196 3546 3691 3663 378 3577 3621 3621 3589 4061 4061 4061 4061 4061 4061 4061 4061
4903 1777561196 3547 3692 3664 378 3577 3621 3622 3590 4063 4063 4062 4062 4062 4062 4062 4062
4904 1777561196 3546 3690 3663 377 3577 3621 3621 3589 4063 4063 4062 4062 4062 4062 4062 4062
4905 1777561196 3546 3690 3663 378 3577 3620 3621 3589 4061 4061 4061 4061 4061 4061 4061 4061
4906 1777561196 3547 3691 3663 379 3577 3621 3622 3590 4063 4063 4062 4062 4062 4062 4062 4062
4907 1777561196 3546 3691 3663 378 3577 3621 3622 3590 4063 4063 4062 4062 4062 4062 4062 4062
4908 1777561196 3546 3690 3663 378 3576 3620 3621 3589 4061 4061 4061 4061 4061 4061 4061 4061
4909 1777561196 3547 3692 3664 377 3578 3621 3622 3590 4061 4061 4061 4061 4061 4061 4061 4061
4910 1777561196 3546 3691 3663 378 3577 3621 3621 3590 4061 4061 4061 4061 4061 4061 4061 4061
4911 1777561196 3547 3691 3663 378 3577 3621 3622 3589 4061 4061 4061 4061 4061 4061 4061 4061
4912 1777561196 3547 3691 3663 377 3578 3621 3622 3589 4061 4061 4060 4060 4060 4060 4060 4060
4913 1777561196 3547 3692 3664 378 3578 3622 3622 3591 4061 4061 4061 4061 4061 4061 4061 4061
4914 1777561196 3547 3691 3663 377 3578 3621 3622 3590 4061 4061 4060 4060 4060 4060 4060 4060
4915 1777561196 3546 3690 3663 378 3577 3620 3621 3589 4061 4061 4061 4061 4061 4061 4061 4061
4916 1777561196 3547 3691 3663 378 3578 3621 3622 3590 4061 4060 4060 4060 4060 4060 4060 4060
4917 1777561196 3546 3691 3663 378 3577 3620 3621 3589 4063 4063 4062 4062 4062 4062 4062 4062
4918 1777561196 3547 3692 3663 378 3578 3621 3621 3590 4061 4061 4060 4060 4060 4060 4060 4060
4919 1777561196 3547 3692 3664 378 3577 3621 3622 3590 4061 4061 4060 4060 4060 4060 4060 4060
4920 1777561196 3546 3690 3662 378 3577 3621 3622 3590 4061 4061 4061 4061 4061 4061 4061 4061
4921 1777561196 3546 3691 3663 378 3577 3621 3621 3589 4061 4061 4060 4060 4060 4060 4060 4060
4922 1777561196 3545 3690 3662 378 3576 3620 3620 3589 4061 4061 4060 4060 4060 4060 4060 4060
4923 1777561196 3547 3691 3663 378 3577 3621 3622 3589 4061 4061 4061 4061 4061 4061 4061 4061
4924 1777561196 3547 3692 3663 378 3578 3621 3622 3589 4061 4061 4061 4061 4061 4061 4061 4061
4925 1777561196 3547 3692 3664 378 3578 3621 3622 3590 4061 4061 4060 4060 4060 4060 4060 4060
4926 1777561196 3547 3692 3664 378 3578 3622 3623 3591 4061 4061 4060 4060 4060 4060 4060 4060
4927 1777561197 3545 3690 3662 378 3577 3621 3621 3590 4061 4061 4061 4061 4061 4061 4061 4061
4928 1777561197 3547 3692 3664 378 3578 3622 3622 3590 4063 4063 4062 4062 4062 4062 4062 4062
4929 1777561197 3547 3692 3664 378 3578 3621 3622 3590 4063 4061 4061 4061 4061 4061 4061 4061
4930 1777561197 3546 3690 3663 378 3577 3620 3621 3589 4061 4061 4060 4060 4060 4060 4060 4060
4931 1777561197 3547 3692 3664 378 3578 3621 3622 3589 4061 4061 4061 4061 4061 4061 4061 4061
4932 1777561197 3547 3691 3663 378 3578 3621 3622 3589 4061 4061 4061 4061 4061 4061 4061 4061
4933 1777561197 3546 3691 3663 378 3577 3621 3622 3590 4061 4061 4060 4060 4060 4060 4060 4060
4934 1777561197 3547 3692 3664 378 3578 3621 3622 3590 4061 4061 4061 4061 4061 4061 4061 4061
4935 1777561197 3546 3691 3663 378 3577 3620 3621 3589 4061 4061 4061 4061 4061 4061 4061 4061
4936 1777561197 3546 3691 3664 378 3577 3621 3621 3590 4061 4061 4061 4061 4061 4061 4061 4061
4937 1777561197 3548 3692 3664 378 3579 3622 3623 3591 4061 4061 4060 4060 4060 4060 4060 4060
4938 1777561197 3546 3691 3663 379 3577 3621 3622 3590 4063 4063 4062 4062 4062 4062 4062 4062
4939 1777561197 3547 3691 3663 378 3577 3621 3621 3589 4061 4061 4060 4060 4060 4060 4060 4060
4940 1777561197 3547 3691 3663 378 3576 3621 3621 3589 4061 4061 4061 4061 4061 4061 4061 4061
4941 1777561197 3547 3691 3663 378 3577 3621 3621 3589 4063 4063 4062 4062 4062 4062 4062 4062
4942 1777561197 3547 3691 3663 378 3577 3621 3621 3590 4061 4061 4061 4061 4061 4061 4061 4061
4943 1777561197 3547 3691 3663 378 3577 3621 3621 3590 4061 4061 4060 4060 4060 4060 4060 4060
4944 1777561197 3547 3692 3663 378 3577 3621 3621 3589 4061 4061 4060 4060 4060 4060 4060 4060
4945 1777561197 3547 3692 3664 379 3577 3621 3622 3590 4061 4061 4060 4060 4060 4060 4060 4060
4946 1777561197 3547 3692 3664 378 3578 3622 3622 3590 4059 4059 4059 4059 4059 4059 4059 4059
4947 1777561197 3547 3691 3664 378 3577 3621 3621 3589 4061 4061 4061 4061 4061 4061 4061 4061
4948 1777561197 3547 3692 3663 378 3578 3621 3621 3589 4061 4060 4060 4060 4060 4060 4060 4060
4949 1777561197 3547 3692 3664 378 3578 3622 3623 3590 4061 4061 4060 4060 4060 4060 4060 4060
4950 1777561197 3546 3691 3663 378 3578 3621 3622 3590 4061 4061 4061 4061 4061 4061 4061 4061
4951 1777561197 3546 3691 3663 378 3577 3621 3621 3589 4061 4060 4060 4060 4060 4060 4060 4060
4952 1777561197 3546 3691 3663 378 3577 3621 3621 3590 4061 4060 4060 4060 4060 4060 4060 4060
4953 1777561197 3547 3692 3664 378 3577 3621 3622 3590 4061 4061 4061 4061 4061 4061 4061 4061
4954 1777561197 3547 3691 3664 379 3578 3622 3623 3590 4061 4061 4061 4061 4061 4061 4061 4061
4955 1777561197 3546 3691 3662 378 3577 3620 3621 3589 4061 4061 4060 4060 4060 4060 4060 4060
4956 1777561197 3547 3691 3664 378 3578 3622 3622 3590 4061 4061 4061 4061 4061 4061 4061 4061
4957 1777561197 3546 3691 3663 378 3577 3621 3621 3589 4061 4061 4061 4061 4061 4061 4061 4061
4958 1777561197 3546 3691 3663 378 3578 3621 3622 3590 4061 4061 4060 4060 4060 4060 4060 4060
4959 1777561197 3548 3692 3665 378 3578 3622 3622 3590 4061 4061 4061 4061 4061 4061 4061 4061
4960 1777561197 3547 3691 3663 378 3577 3620 3621 3589 4061 4061 4060 4060 4060 4060 4060 4060
4961 1777561197 3548 3692 3664 378 3578 3622 3623 3591 4061 4061 4061 4061 4061 4061 4061 4061
4962 1777561197 3546 3691 3663 379 3577 3621 3622 3590 4061 4061 4061 4061 4061 4061 4061 4061
4963 1777561197 3547 3691 3664 378 3578 3621 3622 3590 4061 4061 4061 4061 4061 4061 4061 4061
4964 1777561197 3546 3691 3663 378 3578 3622 3622 3591 4063 4061 4061 4061 4061 4061 4061 4061
4965 1777561197 3547 3691 3663 378 3577 3621 3621 3590 4061 4061 4061 4061 4061 4061 4061 4061
4966 1777561197 3547 3692 3663 378 3578 3622 3623 3590 4061 4061 4061 4061 4061 4061 4061 4061
4967 1777561197 3547 3692 3664 378 3577 3621 3622 3590 4061 4061 4061 4061 4061 4061 4061 4061
4968 1777561197 3548 3693 3665 378 3579 3623 3623 3591 4061 4061 4061 4061 4061 4061 4061 4061
4969 1777561197 3546 3691 3663 380 3578 3621 3621 3590 4061 4061 4060 4060 4060 4060 4060 4060
4970 1777561197 3548 3692 3664 379 3578 3622 3623 3590 4063 4063 4062 4062 4062 4062 4062 4062
4971 1777561197 3548 3692 3664 378 3577 3622 3622 3591 4061 4061 4060 4060 4060 4060 4060 4060
4972 1777561197 3547 3691 3663 378 3576 3621 3621 3589 4063 4062 4062 4062 4062 4062 4062 4062
4973 1777561197 3547 3691 3663 378 3577 3621 3622 3590 4061 4061 4061 4061 4061 4061 4061 4061
4974 1777561197 3547 3692 3664 378 3578 3623 3623 3591 4061 4061 4061 4061 4061 4061 4061 4061
4975 1777561197 3546 3691 3663 378 3577 3620 3621 3589 4061 4061 4061 4061 4061 4061 4061 4061
4976 1777561197 3547 3692 3664 377 3578 3621 3622 3590 4063 4063 4062 4062 4062 4062 4062 4062
4977 1777561197 3547 3692 3664 378 3579 3622 3623 3591 4061 4061 4061 4061 4061 4061 4061 4061
4978 1777561197 3547 3692 3663 379 3578 3621 3622 3590 4063 4062 4062 4062 4062 4062 4062 4062
4979 1777561197 3547 3691 3664 378 3577 3621 3621 3590 4061 4061 4061 4061 4061 4061 4061 4061
4980 1777561197 3546 3691 3663 378 3577 3621 3621 3589 4061 4061 4060 4060 4060 4060 4060 4060
4981 1777561197 3548 3692 3664 378 3579 3622 3622 3591 4063 4061 4061 4061 4061 4061 4061 4061
4982 1777561197 3548 3693 3665 378 3578 3622 3622 3590 4061 4061 4061 4061 4061 4061 4061 4061
4983 1777561197 3547 3692 3664 378 3578 3622 3622 3591 4061 4061 4061 4061 4061 4061 4061 4061
4984 1777561197 3548 3693 3664 379 3578 3622 3622 3590 4061 4061 4061 4061 4061 4061 4061 4061
4985 1777561197 3547 3692 3663 379 3577 3621 3622 3590 4063 4063 4062 4062 4062 4062 4062 4062
4986 1777561197 3548 3692 3664 379 3578 3622 3623 3590 4061 4061 4061 4061 4061 4061 4061 4061
4987 1777561197 3547 3691 3664 378 3577 3622 3622 3590 4061 4061 4061 4061 4061 4061 4061 4061
4988 1777561197 3548 3692 3665 378 3579 3623 3623 3591 4061 4061 4060 4060 4060 4060 4060 4060
4989 1777561197 3547 3692 3664 378 3577 3621 3622 3590 4061 4061 4061 4061 4061 4061 4061 4061
4990 1777561197 3547 3691 3664 378 3578 3621 3622 3590 4061 4061 4060 4060 4060 4060 4060 4060
4991 1777561197 3546 3691 3663 378 3577 3621 3622 3590 4061 4061 4060 4060 4060 4060 4060 4060
4992 1777561197 3548 3692 3665 378 3579 3623 3623 3591 4061 4061 4060 4060 4060 4060 4060 4060
4993 1777561197 3548 3692 3664 378 3579 3622 3622 3591 4061 4061 4061 4061 4061 4061 4061 4061
4994 1777561197 3547 3692 3664 379 3578 3622 3623 3591 4061 4061 4061 4061 4061 4061 4061 4061
4995 1777561197 3548 3691 3664 378 3579 3622 3623 3591 4061 4061 4061 4061 4061 4061 4061 4061
4996 1777561197 3547 3691 3663 378 3577 3621 3621 3590 4061 4061 4061 4061 4061 4061 4061 4061
4997 1777561197 3547 3692 3665 378 3579 3622 3623 3591 4061 4061 4060 4060 4060 4060 4060 4060
4998 1777561198 3548 3693 3665 378 3578 3622 3623 3591 4061 4061 4061 4061 4061 4061 4061 4061
4999 1777561198 3547 3692 3663 378 3578 3621 3622 3590 4061 4061 4061 4061 4061 4061 4061 4061
5000 1777561198 3547 3692 3664 378 3578 3622 3622 3590 4061 4061 4060 4060 4060 4060 4060 4060
